ISO-10303-21;
HEADER;
FILE_DESCRIPTION (( 'STEP AP214' ),
    '1' );
FILE_NAME ('Walker_Handle_Brake_Main_Component.STEP',
    '2026-08-11T21:05:14',
    ( '' ),
    ( '' ),
    'SwSTEP 2.0',
    'SolidWorks 2023',
    '' );
FILE_SCHEMA (( 'AUTOMOTIVE_DESIGN' ));
ENDSEC;

DATA;
#1 = CARTESIAN_POINT ( 'NONE',  ( 0.000000000000000000, -76.36403862425828493, -25.00000000000000000 ) ) ;
#2 = ORIENTED_EDGE ( 'NONE', *, *, #1761, .T. ) ;
#3 = CARTESIAN_POINT ( 'NONE',  ( 6.280095202359762929, 12.51397726857621251, -1.874769318874866864 ) ) ;
#4 = VECTOR ( 'NONE', #456, 1000.000000000000000 ) ;
#5 = VERTEX_POINT ( 'NONE', #1765 ) ;
#6 = EDGE_CURVE ( 'NONE', #1380, #117, #918, .T. ) ;
#7 = CARTESIAN_POINT ( 'NONE',  ( -8.652539177859759789, -6.796948699936780969, 3.179396942446360175 ) ) ;
#8 = CARTESIAN_POINT ( 'NONE',  ( -5.266816108299002153, 12.97246238070958846, -0.3835480380986067139 ) ) ;
#9 = AXIS2_PLACEMENT_3D ( 'NONE', #268, #131, #980 ) ;
#10 = CARTESIAN_POINT ( 'NONE',  ( 5.260329205432235256, 12.97510181283929853, -9.623871835475631187 ) ) ;
#11 = DIRECTION ( 'NONE',  ( 1.000000000000000000, -0.000000000000000000, -0.000000000000000000 ) ) ;
#12 = CARTESIAN_POINT ( 'NONE',  ( -6.036715444704495503, -12.63638935746985936, 18.65376803812823425 ) ) ;
#13 = DIRECTION ( 'NONE',  ( 0.000000000000000000, 0.000000000000000000, -1.000000000000000000 ) ) ;
#14 = ORIENTED_EDGE ( 'NONE', *, *, #1199, .F. ) ;
#15 = DIRECTION ( 'NONE',  ( -1.000000000000000000, 0.000000000000000000, 0.000000000000000000 ) ) ;
#16 = AXIS2_PLACEMENT_3D ( 'NONE', #883, #1437, #290 ) ;
#17 = EDGE_LOOP ( 'NONE', ( #89, #1070, #1452, #1295 ) ) ;
#18 = EDGE_CURVE ( 'NONE', #1441, #1671, #1338, .T. ) ;
#19 = CARTESIAN_POINT ( 'NONE',  ( -7.927173961886219367, -7.632030377901624085, 2.127791786868359569 ) ) ;
#20 = FACE_BOUND ( 'NONE', #1731, .T. ) ;
#21 = DIRECTION ( 'NONE',  ( 0.000000000000000000, 0.000000000000000000, 1.000000000000000000 ) ) ;
#22 = DIRECTION ( 'NONE',  ( 1.000000000000000000, -0.000000000000000000, -0.000000000000000000 ) ) ;
#23 = VERTEX_POINT ( 'NONE', #343 ) ;
#24 = CARTESIAN_POINT ( 'NONE',  ( 2.500000000000000888, -76.36403862425828493, 29.26867919841587451 ) ) ;
#25 =( NAMED_UNIT ( * ) SI_UNIT ( $, .STERADIAN. ) SOLID_ANGLE_UNIT ( ) );
#26 = ORIENTED_EDGE ( 'NONE', *, *, #981, .T. ) ;
#27 = CARTESIAN_POINT ( 'NONE',  ( -5.086334217490006360, -9.780615363825434727, -0.01786117032808488825 ) ) ;
#28 = DIRECTION ( 'NONE',  ( 1.000000000000000000, 0.000000000000000000, 0.000000000000000000 ) ) ;
#29 = EDGE_CURVE ( 'NONE', #1165, #413, #769, .T. ) ;
#30 = VERTEX_POINT ( 'NONE', #762 ) ;
#31 =( BOUNDED_CURVE ( )  B_SPLINE_CURVE ( 3, ( #24, #33, #450, #316 ),
 .UNSPECIFIED., .F., .F. ) 
 B_SPLINE_CURVE_WITH_KNOTS ( ( 4, 4 ),
 ( 1.570796326794896558, 4.712388980384689674 ),
 .UNSPECIFIED. ) 
 CURVE ( )  GEOMETRIC_REPRESENTATION_ITEM ( )  RATIONAL_B_SPLINE_CURVE ( ( 1.000000000000000000, 0.3333333333333333703, 0.3333333333333333703, 1.000000000000000000 ) ) 
 REPRESENTATION_ITEM ( '' )  );
#32 = ADVANCED_BREP_SHAPE_REPRESENTATION ( 'Walker_Handle_Brake_Main_Component', ( #1673, #740 ), #1063 ) ;
#33 = CARTESIAN_POINT ( 'NONE',  ( 2.500000000000001332, -71.36403862425827072, 27.92893323626026003 ) ) ;
#34 = ORIENTED_EDGE ( 'NONE', *, *, #29, .F. ) ;
#35 = ORIENTED_EDGE ( 'NONE', *, *, #732, .T. ) ;
#36 = DIRECTION ( 'NONE',  ( 0.000000000000000000, 0.000000000000000000, -1.000000000000000000 ) ) ;
#37 = VECTOR ( 'NONE', #833, 1000.000000000000000 ) ;
#38 = CYLINDRICAL_SURFACE ( 'NONE', #124, 17.00000000000000000 ) ;
#39 = CYLINDRICAL_SURFACE ( 'NONE', #506, 6.400000000000003020 ) ;
#40 = FACE_BOUND ( 'NONE', #404, .T. ) ;
#41 = ORIENTED_EDGE ( 'NONE', *, *, #1523, .F. ) ;
#42 = PLANE ( 'NONE',  #1771 ) ;
#43 = VERTEX_POINT ( 'NONE', #1218 ) ;
#44 = AXIS2_PLACEMENT_3D ( 'NONE', #713, #1424, #28 ) ;
#45 = ORIENTED_EDGE ( 'NONE', *, *, #1325, .F. ) ;
#46 = CARTESIAN_POINT ( 'NONE',  ( -1.563234750214847590, -10.89511226686745893, -0.8721944984125390432 ) ) ;
#47 = DIRECTION ( 'NONE',  ( -0.000000000000000000, 0.9659258262890682012, -0.2588190451025211836 ) ) ;
#48 = VERTEX_POINT ( 'NONE', #636 ) ;
#49 = DIRECTION ( 'NONE',  ( 0.000000000000000000, 0.9659258262890680902, -0.2588190451025214056 ) ) ;
#50 = VERTEX_POINT ( 'NONE', #1775 ) ;
#51 = ADVANCED_FACE ( 'NONE', ( #1058, #904 ), #755, .T. ) ;
#52 = VERTEX_POINT ( 'NONE', #1210 ) ;
#53 = CARTESIAN_POINT ( 'NONE',  ( 6.469851290267409460, -8.902485363882144398, 0.7746708662652097566 ) ) ;
#54 = CARTESIAN_POINT ( 'NONE',  ( 0.000000000000000000, -76.36403862425828493, 36.42906647289413513 ) ) ;
#55 = DIRECTION ( 'NONE',  ( 0.000000000000000000, 0.000000000000000000, 1.000000000000000000 ) ) ;
#56 = ORIENTED_EDGE ( 'NONE', *, *, #85, .T. ) ;
#57 = DIRECTION ( 'NONE',  ( 1.000000000000000000, 0.000000000000000000, 0.000000000000000000 ) ) ;
#58 = VERTEX_POINT ( 'NONE', #1333 ) ;
#59 = CARTESIAN_POINT ( 'NONE',  ( 8.610277857425721493, -11.04398065308946464, 17.14886433209789374 ) ) ;
#60 = EDGE_CURVE ( 'NONE', #1769, #267, #1789, .T. ) ;
#61 = ADVANCED_FACE ( 'NONE', ( #1755, #498 ), #912, .F. ) ;
#62 = CARTESIAN_POINT ( 'NONE',  ( -10.45000000000000107, -3.434748899119120846, 9.727334911989414579 ) ) ;
#64 = AXIS2_PLACEMENT_3D ( 'NONE', #223, #1033, #1323 ) ;
#63 = CARTESIAN_POINT ( 'NONE',  ( 10.45000000000000107, -80.61171727118255603, 30.40684126156616784 ) ) ;
#65 = DIRECTION ( 'NONE',  ( 0.000000000000000000, -1.000000000000000000, 0.000000000000000000 ) ) ;
#66 = VECTOR ( 'NONE', #1059, 1000.000000000000000 ) ;
#67 = DIRECTION ( 'NONE',  ( -0.000000000000000000, -0.000000000000000000, 1.000000000000000000 ) ) ;
#68 = VERTEX_POINT ( 'NONE', #359 ) ;
#69 = CARTESIAN_POINT ( 'NONE',  ( 9.357653214096743000, -10.41809459366933588, 16.58010649470189435 ) ) ;
#70 = CARTESIAN_POINT ( 'NONE',  ( 10.45000000000000107, -3.301064025134511137, 9.691514157964983056 ) ) ;
#71 = AXIS2_PLACEMENT_3D ( 'NONE', #629, #355, #741 ) ;
#72 = ORIENTED_EDGE ( 'NONE', *, *, #221, .F. ) ;
#73 = DIRECTION ( 'NONE',  ( -1.000000000000000000, -0.000000000000000000, -0.000000000000000000 ) ) ;
#74 = DIRECTION ( 'NONE',  ( 1.000000000000000000, -0.000000000000000000, 0.000000000000000000 ) ) ;
#75 = VECTOR ( 'NONE', #65, 1000.000000000000000 ) ;
#76 = CYLINDRICAL_SURFACE ( 'NONE', #1792, 2.500000000000000888 ) ;
#77 = ORIENTED_EDGE ( 'NONE', *, *, #1640, .T. ) ;
#78 = CARTESIAN_POINT ( 'NONE',  ( -14.80000000000001670, -76.36403862425828493, 36.42906647289413513 ) ) ;
#79 = VECTOR ( 'NONE', #116, 1000.000000000000000 ) ;
#80 = ORIENTED_EDGE ( 'NONE', *, *, #970, .T. ) ;
#81 = EDGE_CURVE ( 'NONE', #680, #577, #654, .T. ) ;
#82 = CARTESIAN_POINT ( 'NONE',  ( 12.84999999999999964, -24.50000000000000000, 10.99999999999999645 ) ) ;
#83 = CARTESIAN_POINT ( 'NONE',  ( 12.84999999999999609, -5.556752648804883954, -25.00000000000000000 ) ) ;
#84 = ADVANCED_FACE ( 'NONE', ( #1262, #1519 ), #669, .T. ) ;
#85 = EDGE_CURVE ( 'NONE', #642, #1160, #1123, .T. ) ;
#86 = CARTESIAN_POINT ( 'NONE',  ( -12.54033119752353898, -87.31644875549763185, 34.92906647289413513 ) ) ;
#87 = ORIENTED_EDGE ( 'NONE', *, *, #699, .T. ) ;
#88 = CARTESIAN_POINT ( 'NONE',  ( -2.500000000000000888, -76.36403862425828493, 29.26867919841587451 ) ) ;
#89 = ORIENTED_EDGE ( 'NONE', *, *, #928, .F. ) ;
#90 = CARTESIAN_POINT ( 'NONE',  ( -2.644639890984433972, 10.68142135320244535, -0.4518602764794183990 ) ) ;
#91 = CARTESIAN_POINT ( 'NONE',  ( 5.258565846067679850, 9.661640192683345063, -4.995673507343996178 ) ) ;
#92 = CARTESIAN_POINT ( 'NONE',  ( -6.951020874808917505, -63.28217824752069021, 31.89912056089338321 ) ) ;
#93 = EDGE_CURVE ( 'NONE', #1287, #423, #396, .T. ) ;
#94 = CARTESIAN_POINT ( 'NONE',  ( 9.115274085895876510, -10.63100050733161517, 16.77211666982615412 ) ) ;
#95 = LINE ( 'NONE', #226, #1334 ) ;
#96 = ORIENTED_EDGE ( 'NONE', *, *, #1420, .F. ) ;
#97 = VECTOR ( 'NONE', #376, 1000.000000000000000 ) ;
#98 = DIRECTION ( 'NONE',  ( 0.000000000000000000, 0.000000000000000000, 1.000000000000000000 ) ) ;
#99 = CYLINDRICAL_SURFACE ( 'NONE', #416, 4.000000000000000888 ) ;
#100 = DIRECTION ( 'NONE',  ( 0.000000000000000000, 0.000000000000000000, 1.000000000000000000 ) ) ;
#101 = DIRECTION ( 'NONE',  ( -1.000000000000000000, 0.000000000000000000, 0.000000000000000000 ) ) ;
#102 = FACE_OUTER_BOUND ( 'NONE', #140, .T. ) ;
#103 = VERTEX_POINT ( 'NONE', #698 ) ;
#104 = CARTESIAN_POINT ( 'NONE',  ( 4.547605141423913366, 10.01806594718150656, -2.354872658674473929 ) ) ;
#105 = CARTESIAN_POINT ( 'NONE',  ( -1.660390338218217465, -61.65379292543426004, 32.69898978598595818 ) ) ;
#106 = DIRECTION ( 'NONE',  ( 0.000000000000000000, 0.000000000000000000, 1.000000000000000000 ) ) ;
#107 = CARTESIAN_POINT ( 'NONE',  ( 14.84999999999999964, -24.50000000000000000, 10.99999999999999645 ) ) ;
#108 = EDGE_LOOP ( 'NONE', ( #519, #1573, #45, #614 ) ) ;
#109 = EDGE_CURVE ( 'NONE', #5, #441, #1822, .T. ) ;
#110 = EDGE_CURVE ( 'NONE', #58, #23, #1119, .T. ) ;
#111 = DIRECTION ( 'NONE',  ( 0.000000000000000000, 0.000000000000000000, 1.000000000000000000 ) ) ;
#112 = CARTESIAN_POINT ( 'NONE',  ( 10.45000000000000462, -24.50000000000000000, 10.99999999999999645 ) ) ;
#113 = DIRECTION ( 'NONE',  ( 0.000000000000000000, 0.000000000000000000, 1.000000000000000000 ) ) ;
#114 = VECTOR ( 'NONE', #252, 1000.000000000000000 ) ;
#115 = FACE_BOUND ( 'NONE', #1162, .T. ) ;
#116 = DIRECTION ( 'NONE',  ( -0.000000000000000000, -0.000000000000000000, -1.000000000000000000 ) ) ;
#117 = VERTEX_POINT ( 'NONE', #662 ) ;
#118 = CARTESIAN_POINT ( 'NONE',  ( 0.4710837562370405740, 13.99999999999999822, 2.000000000000002665 ) ) ;
#119 = ORIENTED_EDGE ( 'NONE', *, *, #799, .T. ) ;
#120 = CARTESIAN_POINT ( 'NONE',  ( 4.169677109092492451, 10.18116646805723491, -1.792009354745070171 ) ) ;
#121 = VECTOR ( 'NONE', #1688, 1000.000000000000227 ) ;
#122 = LINE ( 'NONE', #1647, #1411 ) ;
#123 = ADVANCED_FACE ( 'NONE', ( #1504, #115 ), #409, .F. ) ;
#124 = AXIS2_PLACEMENT_3D ( 'NONE', #1412, #1719, #1565 ) ;
#125 = LINE ( 'NONE', #407, #37 ) ;
#126 = DIRECTION ( 'NONE',  ( 0.000000000000000000, 1.000000000000000000, 0.000000000000000000 ) ) ;
#127 = CARTESIAN_POINT ( 'NONE',  ( -10.45000000000000107, -3.434748899119116405, 9.192595416050982848 ) ) ;
#128 = ORIENTED_EDGE ( 'NONE', *, *, #674, .T. ) ;
#129 = PLANE ( 'NONE',  #1151 ) ;
#130 = ORIENTED_EDGE ( 'NONE', *, *, #1420, .T. ) ;
#131 = DIRECTION ( 'NONE',  ( 0.000000000000000000, 0.000000000000000000, 1.000000000000000000 ) ) ;
#132 = ADVANCED_FACE ( 'NONE', ( #1793 ), #1396, .F. ) ;
#133 = CARTESIAN_POINT ( 'NONE',  ( 14.80000000000001315, -76.36403862425828493, -1.789606213886616004 ) ) ;
#134 = CARTESIAN_POINT ( 'NONE',  ( 0.4647859751044547960, 13.99999999999999645, -11.99999999999999645 ) ) ;
#135 = CARTESIAN_POINT ( 'NONE',  ( 6.938498497797835007, -63.27534768324773040, 31.90232519160968039 ) ) ;
#136 = EDGE_CURVE ( 'NONE', #1550, #487, #742, .T. ) ;
#137 = ADVANCED_FACE ( 'NONE', ( #1660 ), #335, .T. ) ;
#138 = DIRECTION ( 'NONE',  ( -0.000000000000000000, -0.2588190451025213501, -0.9659258262890680902 ) ) ;
#139 = CARTESIAN_POINT ( 'NONE',  ( -3.950688899931610099, 10.26919337413706756, -1.526032252272287337 ) ) ;
#140 = EDGE_LOOP ( 'NONE', ( #582, #1308, #1296, #1011 ) ) ;
#141 = FACE_OUTER_BOUND ( 'NONE', #1458, .T. ) ;
#142 = EDGE_LOOP ( 'NONE', ( #1195, #1005, #998, #1709, #876 ) ) ;
#143 = CARTESIAN_POINT ( 'NONE',  ( -9.110769791650206173, -6.184954100026594404, 4.031096849880662525 ) ) ;
#144 = CARTESIAN_POINT ( 'NONE',  ( -5.687709952019124771, 12.79331887988853467, -0.9133430039608513296 ) ) ;
#145 = CARTESIAN_POINT ( 'NONE',  ( 2.495585119679632591, 13.77744225452105020, -11.54400156285673162 ) ) ;
#146 = CARTESIAN_POINT ( 'NONE',  ( 12.84999999999999964, -88.37628862425822263, 1.429066472894133355 ) ) ;
#147 = CARTESIAN_POINT ( 'NONE',  ( 12.54943589190003905, -84.23287973099961334, 34.09447714002236296 ) ) ;
#148 = ORIENTED_EDGE ( 'NONE', *, *, #1800, .F. ) ;
#149 = CARTESIAN_POINT ( 'NONE',  ( -1.665796119510785917E-16, 14.00000000000000000, 2.000000000000002665 ) ) ;
#150 = VECTOR ( 'NONE', #1490, 1000.000000000000227 ) ;
#151 = ORIENTED_EDGE ( 'NONE', *, *, #136, .T. ) ;
#152 = DIRECTION ( 'NONE',  ( 0.000000000000000000, 1.000000000000000000, 0.000000000000000000 ) ) ;
#153 = CARTESIAN_POINT ( 'NONE',  ( 14.13515157440946801, -71.27020127485620549, -3.154495818034396049 ) ) ;
#154 = AXIS2_PLACEMENT_3D ( 'NONE', #107, #656, #369 ) ;
#155 = CARTESIAN_POINT ( 'NONE',  ( 5.684417229577282349, 12.79479009750127361, -9.091289779683226158 ) ) ;
#156 = VECTOR ( 'NONE', #1512, 1000.000000000000000 ) ;
#157 = FACE_OUTER_BOUND ( 'NONE', #950, .T. ) ;
#158 = ORIENTED_EDGE ( 'NONE', *, *, #511, .F. ) ;
#159 = LINE ( 'NONE', #1006, #1385 ) ;
#160 = FACE_OUTER_BOUND ( 'NONE', #1460, .T. ) ;
#161 = ORIENTED_EDGE ( 'NONE', *, *, #777, .F. ) ;
#162 = DIRECTION ( 'NONE',  ( 1.000000000000000000, 2.792690344859903395E-17, -7.482991226154063926E-18 ) ) ;
#163 = ORIENTED_EDGE ( 'NONE', *, *, #1357, .T. ) ;
#164 = CARTESIAN_POINT ( 'NONE',  ( -10.45000000000000107, -3.434748899119116405, 9.192595416050982848 ) ) ;
#165 = EDGE_CURVE ( 'NONE', #760, #1275, #239, .T. ) ;
#166 = CARTESIAN_POINT ( 'NONE',  ( -6.767288365698796326, 12.25622779307274612, -6.849559769432795875 ) ) ;
#167 = DIRECTION ( 'NONE',  ( 1.000000000000000000, 0.000000000000000000, 0.000000000000000000 ) ) ;
#168 = EDGE_LOOP ( 'NONE', ( #326, #775, #163, #1034 ) ) ;
#169 = AXIS2_PLACEMENT_3D ( 'NONE', #235, #811, #1629 ) ;
#170 = CARTESIAN_POINT ( 'NONE',  ( -5.059972592802654212, -13.05843593074093967, 19.06519150453073408 ) ) ;
#171 = ORIENTED_EDGE ( 'NONE', *, *, #1055, .T. ) ;
#172 = CARTESIAN_POINT ( 'NONE',  ( 6.815743369892099501, 12.22899831895260903, -3.387819935094152690 ) ) ;
#173 = ORIENTED_EDGE ( 'NONE', *, *, #818, .T. ) ;
#174 = CARTESIAN_POINT ( 'NONE',  ( 0.7058752410747641814, 10.98262594326753394, -10.21385477687787358 ) ) ;
#175 = EDGE_CURVE ( 'NONE', #52, #782, #1241, .T. ) ;
#176 = CARTESIAN_POINT ( 'NONE',  ( -6.635963783727912180, 12.32897804868058067, -2.725265509974489575 ) ) ;
#177 = CARTESIAN_POINT ( 'NONE',  ( 6.907495488765422742, 12.17740747687019187, -6.157536465443482321 ) ) ;
#178 = CYLINDRICAL_SURFACE ( 'NONE', #1281, 4.000000000000000888 ) ;
#179 = ORIENTED_EDGE ( 'NONE', *, *, #136, .F. ) ;
#180 = CYLINDRICAL_SURFACE ( 'NONE', #1655, 11.00000000000000000 ) ;
#181 = ORIENTED_EDGE ( 'NONE', *, *, #269, .T. ) ;
#182 = ORIENTED_EDGE ( 'NONE', *, *, #466, .T. ) ;
#183 = CARTESIAN_POINT ( 'NONE',  ( 10.35097316401471268, -3.736031603165286263, 8.497353173806382998 ) ) ;
#184 = AXIS2_PLACEMENT_3D ( 'NONE', #1668, #1791, #938 ) ;
#185 = AXIS2_PLACEMENT_3D ( 'NONE', #1483, #340, #196 ) ;
#186 = CARTESIAN_POINT ( 'NONE',  ( 10.45000000000000462, -24.50000000000000000, 14.99999999999999645 ) ) ;
#187 = PRODUCT_DEFINITION_FORMATION_WITH_SPECIFIED_SOURCE ( 'ANY', '', #624, .NOT_KNOWN. ) ;
#188 = DIRECTION ( 'NONE',  ( -1.000000000000000000, 0.000000000000000000, 0.000000000000000000 ) ) ;
#189 = VERTEX_POINT ( 'NONE', #1784 ) ;
#190 = EDGE_CURVE ( 'NONE', #423, #1322, #524, .T. ) ;
#191 = CARTESIAN_POINT ( 'NONE',  ( 14.00000000000000000, 0.000000000000000000, -25.00000000000000000 ) ) ;
#192 = ORIENTED_EDGE ( 'NONE', *, *, #596, .F. ) ;
#193 = ORIENTED_EDGE ( 'NONE', *, *, #1614, .F. ) ;
#194 = CYLINDRICAL_SURFACE ( 'NONE', #1766, 5.250000000000000888 ) ;
#195 = DIRECTION ( 'NONE',  ( 0.000000000000000000, 0.9659258262890680902, -0.2588190451025213501 ) ) ;
#196 = DIRECTION ( 'NONE',  ( 0.000000000000000000, 0.000000000000000000, -1.000000000000000000 ) ) ;
#197 = ORIENTED_EDGE ( 'NONE', *, *, #810, .T. ) ;
#198 = ADVANCED_FACE ( 'NONE', ( #383, #247 ), #531, .F. ) ;
#199 = DIRECTION ( 'NONE',  ( 0.000000000000000000, 0.000000000000000000, 1.000000000000000000 ) ) ;
#200 = ORIENTED_EDGE ( 'NONE', *, *, #881, .T. ) ;
#201 = CARTESIAN_POINT ( 'NONE',  ( 6.952181249025362497, -12.17127418432347774, 18.20524699073023811 ) ) ;
#202 = CARTESIAN_POINT ( 'NONE',  ( 14.80000000000001315, -78.95434535777336293, -1.095535616492345099 ) ) ;
#203 = CARTESIAN_POINT ( 'NONE',  ( 12.85000000000000675, -88.40430500224601928, 34.93657343875080556 ) ) ;
#204 = PLANE ( 'NONE',  #184 ) ;
#205 = ORIENTED_EDGE ( 'NONE', *, *, #308, .T. ) ;
#206 = ADVANCED_FACE ( 'NONE', ( #1095 ), #1029, .T. ) ;
#207 = ORIENTED_EDGE ( 'NONE', *, *, #527, .F. ) ;
#208 = CARTESIAN_POINT ( 'NONE',  ( 9.938703266776141021, -4.728366758997064601, 6.473886799895267607 ) ) ;
#209 = VERTEX_POINT ( 'NONE', #986 ) ;
#210 = AXIS2_PLACEMENT_3D ( 'NONE', #334, #1763, #507 ) ;
#211 = LINE ( 'NONE', #743, #675 ) ;
#212 = MECHANICAL_DESIGN_GEOMETRIC_PRESENTATION_REPRESENTATION (  '', ( #855 ), #299 ) ;
#213 = DIRECTION ( 'NONE',  ( -1.000000000000000000, 0.000000000000000000, 0.000000000000000000 ) ) ;
#214 = AXIS2_PLACEMENT_3D ( 'NONE', #939, #509, #625 ) ;
#215 = CARTESIAN_POINT ( 'NONE',  ( -14.84999999999999964, -24.50000000000000000, 10.99999999999999645 ) ) ;
#216 = CARTESIAN_POINT ( 'NONE',  ( -9.301561090329792947, -69.40197154939468760, 33.09902618641606153 ) ) ;
#217 =( BOUNDED_CURVE ( )  B_SPLINE_CURVE ( 3, ( #62, #616, #1634, #1091 ),
 .UNSPECIFIED., .F., .F. ) 
 B_SPLINE_CURVE_WITH_KNOTS ( ( 4, 4 ),
 ( 5.029949409676211403, 7.536421204682961061 ),
 .UNSPECIFIED. ) 
 CURVE ( )  GEOMETRIC_REPRESENTATION_ITEM ( )  RATIONAL_B_SPLINE_CURVE ( ( 1.000000000000000000, 0.5414999332799468323, 0.5414999332799468323, 1.000000000000000000 ) ) 
 REPRESENTATION_ITEM ( '' )  );
#218 = VECTOR ( 'NONE', #1444, 1000.000000000000227 ) ;
#219 = VERTEX_POINT ( 'NONE', #1024 ) ;
#220 = CARTESIAN_POINT ( 'NONE',  ( 14.13515157440947156, -81.45787597366035016, -0.4247166097388371808 ) ) ;
#221 = EDGE_CURVE ( 'NONE', #595, #588, #736, .T. ) ;
#222 = LINE ( 'NONE', #1040, #1426 ) ;
#223 = CARTESIAN_POINT ( 'NONE',  ( 0.000000000000000000, -2.066570427200528304, -21.69755281696531313 ) ) ;
#224 = AXIS2_PLACEMENT_3D ( 'NONE', #112, #243, #1215 ) ;
#225 = DIRECTION ( 'NONE',  ( -1.000000000000000000, 0.000000000000000000, 0.000000000000000000 ) ) ;
#226 = CARTESIAN_POINT ( 'NONE',  ( -24.16370849898475726, -24.50000000000000000, 6.999999999999994671 ) ) ;
#227 = CIRCLE ( 'NONE', #1491, 2.500000000000000888 ) ;
#228 = ORIENTED_EDGE ( 'NONE', *, *, #1457, .F. ) ;
#229 = DIRECTION ( 'NONE',  ( 0.000000000000000000, -1.000000000000000000, 0.000000000000000000 ) ) ;
#230 = CARTESIAN_POINT ( 'NONE',  ( -12.22007492130595629, -84.73486315552482040, 34.51322420486114595 ) ) ;
#231 = LINE ( 'NONE', #779, #259 ) ;
#232 = CARTESIAN_POINT ( 'NONE',  ( 10.45000000000000284, -61.25661360247858767, 25.22065686411626118 ) ) ;
#233 = ORIENTED_EDGE ( 'NONE', *, *, #165, .F. ) ;
#234 = CARTESIAN_POINT ( 'NONE',  ( -5.241484320242864925, 9.670947869760446736, -4.653494580515863177 ) ) ;
#235 = CARTESIAN_POINT ( 'NONE',  ( 0.000000000000000000, -76.36403862425828493, 46.42906647289413513 ) ) ;
#236 = DIRECTION ( 'NONE',  ( -0.000000000000000000, -0.000000000000000000, 1.000000000000000000 ) ) ;
#237 = AXIS2_PLACEMENT_3D ( 'NONE', #558, #568, #1587 ) ;
#238 = LINE ( 'NONE', #806, #408 ) ;
#239 = LINE ( 'NONE', #964, #682 ) ;
#240 = AXIS2_PLACEMENT_3D ( 'NONE', #510, #1651, #663 ) ;
#241 = ORIENTED_EDGE ( 'NONE', *, *, #109, .T. ) ;
#242 = CARTESIAN_POINT ( 'NONE',  ( -1.665796119510785917E-16, 14.00000000000000000, 2.000000000000002665 ) ) ;
#243 = DIRECTION ( 'NONE',  ( 1.000000000000000000, 2.792690344859903395E-17, -7.482991226154063926E-18 ) ) ;
#244 = CIRCLE ( 'NONE', #1192, 11.00000000000000000 ) ;
#245 = CARTESIAN_POINT ( 'NONE',  ( -12.84999999999999787, -5.556752648804883066, 12.73763869075104971 ) ) ;
#246 = ADVANCED_FACE ( 'NONE', ( #1171, #1315 ), #180, .F. ) ;
#247 = FACE_BOUND ( 'NONE', #1000, .T. ) ;
#248 = CARTESIAN_POINT ( 'NONE',  ( -4.814630602535456383, -5.175966054964367125, 17.63560723044288636 ) ) ;
#249 = ORIENTED_EDGE ( 'NONE', *, *, #1594, .T. ) ;
#250 = DIRECTION ( 'NONE',  ( 0.000000000000000000, 0.000000000000000000, 1.000000000000000000 ) ) ;
#251 = CARTESIAN_POINT ( 'NONE',  ( -10.45000000000000107, -88.37628862425822263, 1.429066472894133355 ) ) ;
#252 = DIRECTION ( 'NONE',  ( 0.000000000000000000, 0.000000000000000000, 1.000000000000000000 ) ) ;
#253 = DIRECTION ( 'NONE',  ( -1.000000000000000000, 0.000000000000000000, 0.000000000000000000 ) ) ;
#254 = ORIENTED_EDGE ( 'NONE', *, *, #789, .F. ) ;
#255 = CARTESIAN_POINT ( 'NONE',  ( 0.000000000000000000, -74.36403862425827072, 34.92906647289414224 ) ) ;
#256 = VERTEX_POINT ( 'NONE', #191 ) ;
#257 = CARTESIAN_POINT ( 'NONE',  ( 0.000000000000000000, 0.000000000000000000, -25.00000000000000000 ) ) ;
#258 = CARTESIAN_POINT ( 'NONE',  ( -6.884020940561685547E-15, -61.56403862425825935, 32.74474573813275668 ) ) ;
#259 = VECTOR ( 'NONE', #349, 1000.000000000000000 ) ;
#260 = LINE ( 'NONE', #1537, #114 ) ;
#261 = CIRCLE ( 'NONE', #1446, 5.250000000000000888 ) ;
#262 = CARTESIAN_POINT ( 'NONE',  ( -12.52805679459421384, -83.67887591497452604, 33.96563806700783061 ) ) ;
#263 = CARTESIAN_POINT ( 'NONE',  ( -4.908545891729192867, 9.844366778831107112, -6.870229380002166764 ) ) ;
#264 = ORIENTED_EDGE ( 'NONE', *, *, #1176, .T. ) ;
#265 = CARTESIAN_POINT ( 'NONE',  ( 4.630651273546409818, 13.21328191390805351, 0.2543382972659941066 ) ) ;
#266 = EDGE_CURVE ( 'NONE', #1152, #1293, #1569, .T. ) ;
#267 = VERTEX_POINT ( 'NONE', #1439 ) ;
#268 = CARTESIAN_POINT ( 'NONE',  ( 0.000000000000000000, 0.000000000000000000, -25.00000000000000000 ) ) ;
#269 = EDGE_CURVE ( 'NONE', #588, #1026, #1240, .T. ) ;
#270 = AXIS2_PLACEMENT_3D ( 'NONE', #540, #1386, #550 ) ;
#271 = EDGE_CURVE ( 'NONE', #1671, #1287, #159, .T. ) ;
#272 = CARTESIAN_POINT ( 'NONE',  ( 4.542105562495173388, -62.27444537160265270, 32.38733958725720186 ) ) ;
#273 = DIRECTION ( 'NONE',  ( 0.000000000000000000, 0.000000000000000000, -1.000000000000000000 ) ) ;
#274 = CARTESIAN_POINT ( 'NONE',  ( -3.954154964419647200, 10.26784725586484548, -8.469989561694733382 ) ) ;
#275 = ORIENTED_EDGE ( 'NONE', *, *, #1365, .F. ) ;
#276 = CARTESIAN_POINT ( 'NONE',  ( 5.687281585221550806, 12.79351782456466857, -0.9126746142207110557 ) ) ;
#277 = ORIENTED_EDGE ( 'NONE', *, *, #1055, .F. ) ;
#278 = CARTESIAN_POINT ( 'NONE',  ( -9.776232826953709321, -5.060107381438182728, 5.865317648635853587 ) ) ;
#279 = CARTESIAN_POINT ( 'NONE',  ( -7.011449045265575108, 12.11772343423125875, -5.007801732772330539 ) ) ;
#280 = CARTESIAN_POINT ( 'NONE',  ( 3.527399849415435718, 13.55408911289521789, -11.06351495409753305 ) ) ;
#281 = EDGE_CURVE ( 'NONE', #423, #828, #707, .T. ) ;
#282 = LINE ( 'NONE', #1687, #795 ) ;
#283 = CARTESIAN_POINT ( 'NONE',  ( -8.351962589416899618, -11.24075167963870747, 17.33055762281637868 ) ) ;
#284 = CARTESIAN_POINT ( 'NONE',  ( -4.976033077257542736, 9.811274614362295310, -3.291016564937334188 ) ) ;
#285 = EDGE_LOOP ( 'NONE', ( #363, #193, #1318, #720 ) ) ;
#286 = CARTESIAN_POINT ( 'NONE',  ( 0.000000000000000000, 0.000000000000000000, -25.00000000000000000 ) ) ;
#287 = ORIENTED_EDGE ( 'NONE', *, *, #60, .F. ) ;
#288 = CARTESIAN_POINT ( 'NONE',  ( -7.276906594075201795, -8.255224829754157057, 1.429821103940988714 ) ) ;
#289 = CARTESIAN_POINT ( 'NONE',  ( -6.631779602903164594, 12.33120166353618608, -7.285912325814654977 ) ) ;
#290 = DIRECTION ( 'NONE',  ( 0.000000000000000000, 0.000000000000000000, 1.000000000000000000 ) ) ;
#291 = VERTEX_POINT ( 'NONE', #324 ) ;
#292 = CARTESIAN_POINT ( 'NONE',  ( -1.557872697702243147E-15, -13.99999999999999822, 20.00000000000000000 ) ) ;
#293 = CARTESIAN_POINT ( 'NONE',  ( -24.16370849898475726, -24.50000000000000000, 10.99999999999999645 ) ) ;
#294 = ORIENTED_EDGE ( 'NONE', *, *, #520, .F. ) ;
#295 = CARTESIAN_POINT ( 'NONE',  ( -12.84999999999999964, -24.50000000000000000, 17.39999999999999858 ) ) ;
#296 = EDGE_CURVE ( 'NONE', #1440, #1275, #533, .T. ) ;
#297 = EDGE_LOOP ( 'NONE', ( #1514, #1757, #573, #1235, #1721 ) ) ;
#298 = CARTESIAN_POINT ( 'NONE',  ( -14.84999999999999964, -24.50000000000000000, 4.599999999999994316 ) ) ;
#299 =( GEOMETRIC_REPRESENTATION_CONTEXT ( 3 ) GLOBAL_UNCERTAINTY_ASSIGNED_CONTEXT ( ( #1803 ) ) GLOBAL_UNIT_ASSIGNED_CONTEXT ( ( #1211, #802, #25 ) ) REPRESENTATION_CONTEXT ( 'NONE', 'WORKASPACE' ) );
#300 = CARTESIAN_POINT ( 'NONE',  ( -0.4639765666167368630, 14.00000000000000000, -12.00000000000000178 ) ) ;
#301 = DIRECTION ( 'NONE',  ( 1.000000000000000000, 0.000000000000000000, 0.000000000000000000 ) ) ;
#302 = AXIS2_PLACEMENT_3D ( 'NONE', #975, #138, #948 ) ;
#303 = DIRECTION ( 'NONE',  ( -0.000000000000000000, -0.000000000000000000, -1.000000000000000000 ) ) ;
#304 = ORIENTED_EDGE ( 'NONE', *, *, #539, .T. ) ;
#305 = VECTOR ( 'NONE', #1136, 1000.000000000000000 ) ;
#306 = DIRECTION ( 'NONE',  ( -0.000000000000000000, -0.000000000000000000, -1.000000000000000000 ) ) ;
#307 = CARTESIAN_POINT ( 'NONE',  ( 6.953062911073245367, 12.15178778745550758, -4.067881371128475365 ) ) ;
#308 = EDGE_CURVE ( 'NONE', #552, #1769, #660, .T. ) ;
#309 = EDGE_CURVE ( 'NONE', #680, #803, #31, .T. ) ;
#310 = CIRCLE ( 'NONE', #1342, 17.00000000000000000 ) ;
#311 = EDGE_LOOP ( 'NONE', ( #205, #1786, #197, #1796, #1729 ) ) ;
#312 = LINE ( 'NONE', #1564, #920 ) ;
#313 = CARTESIAN_POINT ( 'NONE',  ( -6.989043927443628235, 12.13070325403087324, -4.544387591987755215 ) ) ;
#314 = CARTESIAN_POINT ( 'NONE',  ( -10.45000000000000107, -24.50000000000000000, 10.99999999999999645 ) ) ;
#315 = ORIENTED_EDGE ( 'NONE', *, *, #330, .T. ) ;
#316 = CARTESIAN_POINT ( 'NONE',  ( -2.500000000000000888, -76.36403862425828493, 29.26867919841587451 ) ) ;
#317 = EDGE_LOOP ( 'NONE', ( #1674, #1680 ) ) ;
#318 = ORIENTED_EDGE ( 'NONE', *, *, #6, .F. ) ;
#319 = FACE_OUTER_BOUND ( 'NONE', #1479, .T. ) ;
#320 = CARTESIAN_POINT ( 'NONE',  ( -14.80000000000001137, -78.95434535777336293, -1.095535616492343989 ) ) ;
#321 = ADVANCED_FACE ( 'NONE', ( #877 ), #42, .T. ) ;
#322 = CARTESIAN_POINT ( 'NONE',  ( -11.86073290504217859, -85.21632730884431339, 34.92906647289414224 ) ) ;
#323 = ORIENTED_EDGE ( 'NONE', *, *, #109, .F. ) ;
#324 = CARTESIAN_POINT ( 'NONE',  ( -10.45000000000000817, -83.70689229296229428, 0.1779054967825334233 ) ) ;
#325 = VERTEX_POINT ( 'NONE', #909 ) ;
#326 = ORIENTED_EDGE ( 'NONE', *, *, #1640, .F. ) ;
#327 = CARTESIAN_POINT ( 'NONE',  ( -3.737455398075710811, -10.35223335617348006, -0.4724598016075792217 ) ) ;
#328 = VECTOR ( 'NONE', #1604, 1000.000000000000000 ) ;
#329 = CARTESIAN_POINT ( 'NONE',  ( -3.132125879479153774, 13.65190018886794654, 1.276846336272943416 ) ) ;
#330 = EDGE_CURVE ( 'NONE', #117, #1380, #1798, .T. ) ;
#331 = CARTESIAN_POINT ( 'NONE',  ( 12.19613365099716695, -88.40430500224603350, 35.51578627976457625 ) ) ;
#332 = ADVANCED_FACE ( 'NONE', ( #759 ), #644, .T. ) ;
#333 = ORIENTED_EDGE ( 'NONE', *, *, #1442, .T. ) ;
#334 = CARTESIAN_POINT ( 'NONE',  ( 0.000000000000000000, -74.36403862425827072, 34.92906647289414224 ) ) ;
#335 = CONICAL_SURFACE ( 'NONE', #1188, 8.500000000000001776, 0.5621867439000299838 ) ;
#336 = ORIENTED_EDGE ( 'NONE', *, *, #403, .T. ) ;
#337 = ORIENTED_EDGE ( 'NONE', *, *, #1500, .F. ) ;
#338 = DIRECTION ( 'NONE',  ( 0.000000000000000000, -1.000000000000000000, 0.000000000000000000 ) ) ;
#339 = DIRECTION ( 'NONE',  ( 0.000000000000000000, 0.000000000000000000, 1.000000000000000000 ) ) ;
#340 = DIRECTION ( 'NONE',  ( 1.000000000000000000, -0.000000000000000000, -0.000000000000000000 ) ) ;
#341 = CARTESIAN_POINT ( 'NONE',  ( -14.84999999999999964, -24.50000000000000000, 10.99999999999999645 ) ) ;
#342 = ORIENTED_EDGE ( 'NONE', *, *, #81, .T. ) ;
#343 = CARTESIAN_POINT ( 'NONE',  ( -10.45000000000000107, -11.06563537821015153, -19.28626063070705854 ) ) ;
#344 = CARTESIAN_POINT ( 'NONE',  ( 2.966878656666475766, -10.61932292950709567, -0.6741392717729500772 ) ) ;
#345 =( BOUNDED_CURVE ( )  B_SPLINE_CURVE ( 3, ( #146, #706, #1129, #1576 ),
 .UNSPECIFIED., .F., .F. ) 
 B_SPLINE_CURVE_WITH_KNOTS ( ( 4, 4 ),
 ( 2.399434559633919051, 3.883750747545666293 ),
 .UNSPECIFIED. ) 
 CURVE ( )  GEOMETRIC_REPRESENTATION_ITEM ( )  RATIONAL_B_SPLINE_CURVE ( ( 1.000000000000000000, 0.8246744423551476411, 0.8246744423551476411, 1.000000000000000000 ) ) 
 REPRESENTATION_ITEM ( '' )  );
#346 = EDGE_LOOP ( 'NONE', ( #181, #512, #728, #471 ) ) ;
#347 = DIRECTION ( 'NONE',  ( 0.000000000000000000, 0.000000000000000000, 1.000000000000000000 ) ) ;
#348 = CARTESIAN_POINT ( 'NONE',  ( 12.52805679459573618, -83.67887591497451183, 33.96563806700641663 ) ) ;
#349 = DIRECTION ( 'NONE',  ( 0.000000000000000000, 0.000000000000000000, 1.000000000000000000 ) ) ;
#350 = ORIENTED_EDGE ( 'NONE', *, *, #832, .T. ) ;
#351 = CARTESIAN_POINT ( 'NONE',  ( 5.717012173974024059, -12.78437541328574056, 18.79753415344663026 ) ) ;
#352 = EDGE_CURVE ( 'NONE', #23, #1203, #1527, .T. ) ;
#353 = CARTESIAN_POINT ( 'NONE',  ( -3.974327178088627940E-16, -69.40197154939474444, 34.84491353575239003 ) ) ;
#354 = ORIENTED_EDGE ( 'NONE', *, *, #763, .T. ) ;
#355 = DIRECTION ( 'NONE',  ( 0.000000000000000000, 0.000000000000000000, 1.000000000000000000 ) ) ;
#356 = CARTESIAN_POINT ( 'NONE',  ( 12.19613365099716695, -83.67887591497451183, 34.24961137193962912 ) ) ;
#357 = CARTESIAN_POINT ( 'NONE',  ( -11.86073290504217859, -85.21632730884431339, 34.92906647289414224 ) ) ;
#358 = AXIS2_PLACEMENT_3D ( 'NONE', #807, #253, #1804 ) ;
#359 = CARTESIAN_POINT ( 'NONE',  ( 12.84999999999999964, -69.02118495555424715, 29.74288207544422846 ) ) ;
#360 = EDGE_CURVE ( 'NONE', #1570, #413, #231, .T. ) ;
#361 = SURFACE_SIDE_STYLE ('',( #1494 ) ) ;
#362 = VECTOR ( 'NONE', #776, 1000.000000000000000 ) ;
#363 = ORIENTED_EDGE ( 'NONE', *, *, #1764, .T. ) ;
#364 = FACE_OUTER_BOUND ( 'NONE', #1713, .T. ) ;
#365 = CARTESIAN_POINT ( 'NONE',  ( 5.207491448283263935, 9.689293626398544745, -5.689112979958360405 ) ) ;
#366 = DIRECTION ( 'NONE',  ( 0.000000000000000000, 0.000000000000000000, -1.000000000000000000 ) ) ;
#367 = CARTESIAN_POINT ( 'NONE',  ( -12.85000000000000142, -88.37628862425825105, 34.92906647289414224 ) ) ;
#368 = CARTESIAN_POINT ( 'NONE',  ( 7.529025140453670772, -11.82197534374541981, 17.87246500908968017 ) ) ;
#369 = DIRECTION ( 'NONE',  ( 0.000000000000000000, 0.000000000000000000, -1.000000000000000000 ) ) ;
#370 = VERTEX_POINT ( 'NONE', #1473 ) ;
#371 = LINE ( 'NONE', #1097, #79 ) ;
#372 = CARTESIAN_POINT ( 'NONE',  ( 4.711833835237451140, 9.940829314304190589, -2.659630243081408274 ) ) ;
#373 = ADVANCED_FACE ( 'NONE', ( #895, #790 ), #1341, .T. ) ;
#374 = DIRECTION ( 'NONE',  ( 0.000000000000000000, 0.000000000000000000, -1.000000000000000000 ) ) ;
#375 = DIRECTION ( 'NONE',  ( 1.000000000000000000, 0.000000000000000000, 0.000000000000000000 ) ) ;
#376 = DIRECTION ( 'NONE',  ( -0.000000000000000000, -0.000000000000000000, 1.000000000000000000 ) ) ;
#377 = DIRECTION ( 'NONE',  ( 0.000000000000000000, 0.000000000000000000, 1.000000000000000000 ) ) ;
#378 = VERTEX_POINT ( 'NONE', #1356 ) ;
#379 = DIRECTION ( 'NONE',  ( 1.000000000000000000, 0.000000000000000000, 0.000000000000000000 ) ) ;
#380 = CARTESIAN_POINT ( 'NONE',  ( -11.39753248055792412, -66.90128439654257875, 30.38772067537549404 ) ) ;
#381 = ADVANCED_FACE ( 'NONE', ( #1754 ), #76, .F. ) ;
#382 = CARTESIAN_POINT ( 'NONE',  ( 5.161213569795991774, -62.48926888011179415, 32.28150392751516051 ) ) ;
#383 = FACE_OUTER_BOUND ( 'NONE', #1601, .T. ) ;
#384 = AXIS2_PLACEMENT_3D ( 'NONE', #473, #749, #1602 ) ;
#385 = CARTESIAN_POINT ( 'NONE',  ( 2.500000000000000444, -81.36403862425828493, 30.60842516057148899 ) ) ;
#386 = VECTOR ( 'NONE', #956, 1000.000000000000227 ) ;
#387 = ORIENTED_EDGE ( 'NONE', *, *, #1139, .T. ) ;
#388 = DIRECTION ( 'NONE',  ( 0.000000000000000000, -0.9659258262890680902, 0.2588190451025212946 ) ) ;
#389 = CIRCLE ( 'NONE', #1661, 19.01224999999998033 ) ;
#390 = DIRECTION ( 'NONE',  ( 0.000000000000000000, 1.000000000000000000, 0.000000000000000000 ) ) ;
#391 = CARTESIAN_POINT ( 'NONE',  ( 0.000000000000000000, -76.36403862425828493, 46.42906647289413513 ) ) ;
#392 = ORIENTED_EDGE ( 'NONE', *, *, #495, .T. ) ;
#393 = CARTESIAN_POINT ( 'NONE',  ( 2.348465224073632562, 10.75128534354675480, -0.2918223031426800951 ) ) ;
#394 = AXIS2_PLACEMENT_3D ( 'NONE', #1221, #1772, #111 ) ;
#395 = CARTESIAN_POINT ( 'NONE',  ( -4.541212393043438489, -62.27412507565856004, 32.38749702780894779 ) ) ;
#396 =( BOUNDED_CURVE ( )  B_SPLINE_CURVE ( 3, ( #1089, #560, #419, #1106 ),
 .UNSPECIFIED., .F., .T. ) 
 B_SPLINE_CURVE_WITH_KNOTS ( ( 4, 4 ),
 ( 1.570796326794896558, 2.089942237229959421 ),
 .UNSPECIFIED. ) 
 CURVE ( )  GEOMETRIC_REPRESENTATION_ITEM ( )  RATIONAL_B_SPLINE_CURVE ( ( 1.000000000000000000, 0.9776664499470651970, 0.9776664499470651970, 1.000000000000000000 ) ) 
 REPRESENTATION_ITEM ( '' )  );
#397 = LINE ( 'NONE', #1239, #1209 ) ;
#398 = EDGE_CURVE ( 'NONE', #1322, #378, #529, .T. ) ;
#399 = CARTESIAN_POINT ( 'NONE',  ( -11.85462461613373542, -88.40430500224600507, 35.78815623090290643 ) ) ;
#400 = CARTESIAN_POINT ( 'NONE',  ( -3.214369769244181718, 10.52398717814999607, -9.164978180711113254 ) ) ;
#401 = ORIENTED_EDGE ( 'NONE', *, *, #832, .F. ) ;
#402 = DIRECTION ( 'NONE',  ( 0.000000000000000000, 0.000000000000000000, 1.000000000000000000 ) ) ;
#403 = EDGE_CURVE ( 'NONE', #441, #683, #1328, .T. ) ;
#404 = EDGE_LOOP ( 'NONE', ( #1616, #34 ) ) ;
#405 = ADVANCED_FACE ( 'NONE', ( #1492 ), #651, .T. ) ;
#406 = CARTESIAN_POINT ( 'NONE',  ( 0.000000000000000000, 14.00000000000000000, -10.24999999999999822 ) ) ;
#407 = CARTESIAN_POINT ( 'NONE',  ( 14.84999999999999964, -24.50000000000000000, 4.599999999999994316 ) ) ;
#408 = VECTOR ( 'NONE', #113, 1000.000000000000000 ) ;
#409 = CYLINDRICAL_SURFACE ( 'NONE', #270, 11.00000000000000000 ) ;
#410 = CARTESIAN_POINT ( 'NONE',  ( 0.000000000000000000, 14.00000000000000000, -4.999999999999997335 ) ) ;
#411 = EDGE_LOOP ( 'NONE', ( #738, #1607, #1173, #1551 ) ) ;
#412 = CARTESIAN_POINT ( 'NONE',  ( 5.113869811409228028, 13.03368947135862221, -0.2147410298369524517 ) ) ;
#413 = VERTEX_POINT ( 'NONE', #1615 ) ;
#414 = EDGE_CURVE ( 'NONE', #5, #1717, #1606, .T. ) ;
#415 = LINE ( 'NONE', #1102, #1416 ) ;
#416 = AXIS2_PLACEMENT_3D ( 'NONE', #1641, #1222, #374 ) ;
#417 = CARTESIAN_POINT ( 'NONE',  ( -6.271410164006484322, 12.51734202122614903, -1.882114873431973701 ) ) ;
#418 = CYLINDRICAL_SURFACE ( 'NONE', #1762, 14.80000000000001315 ) ;
#419 = CARTESIAN_POINT ( 'NONE',  ( -14.13515157440946801, -71.27020127485620549, -3.154495818034396049 ) ) ;
#420 = CARTESIAN_POINT ( 'NONE',  ( -1.377209482713856348, 10.91876789644202361, -10.07795643904200134 ) ) ;
#421 = EDGE_LOOP ( 'NONE', ( #1409, #1181, #432, #906 ) ) ;
#422 = CARTESIAN_POINT ( 'NONE',  ( 6.621924812346681399, 12.33515801322868732, -2.718843282347225720 ) ) ;
#423 = VERTEX_POINT ( 'NONE', #1484 ) ;
#424 = DIRECTION ( 'NONE',  ( 1.000000000000000000, -0.000000000000000000, -0.000000000000000000 ) ) ;
#425 = CARTESIAN_POINT ( 'NONE',  ( -3.536183489696306914, 13.55167463269357242, -11.05803513637933655 ) ) ;
#426 = DIRECTION ( 'NONE',  ( 0.000000000000000000, 0.000000000000000000, 1.000000000000000000 ) ) ;
#427 = ORIENTED_EDGE ( 'NONE', *, *, #1304, .T. ) ;
#428 = DIRECTION ( 'NONE',  ( -0.000000000000000000, -0.2588190451025213501, -0.9659258262890680902 ) ) ;
#429 = DIRECTION ( 'NONE',  ( 0.000000000000000000, 0.000000000000000000, -1.000000000000000000 ) ) ;
#430 = EDGE_LOOP ( 'NONE', ( #96, #1808, #960, #401 ) ) ;
#431 = PLANE ( 'NONE',  #1475 ) ;
#432 = ORIENTED_EDGE ( 'NONE', *, *, #619, .F. ) ;
#433 = PLANE ( 'NONE',  #1482 ) ;
#434 = FACE_BOUND ( 'NONE', #851, .T. ) ;
#435 = ADVANCED_FACE ( 'NONE', ( #1349 ), #1598, .T. ) ;
#436 = EDGE_CURVE ( 'NONE', #1563, #782, #1234, .T. ) ;
#437 = ORIENTED_EDGE ( 'NONE', *, *, #1164, .T. ) ;
#438 = CARTESIAN_POINT ( 'NONE',  ( -12.30026779834294715, -6.715508421909393455, 13.53913896210151435 ) ) ;
#439 = ORIENTED_EDGE ( 'NONE', *, *, #271, .T. ) ;
#440 = CARTESIAN_POINT ( 'NONE',  ( -14.84999999999999964, -24.50000000000000000, 10.99999999999999645 ) ) ;
#441 = VERTEX_POINT ( 'NONE', #367 ) ;
#442 = CARTESIAN_POINT ( 'NONE',  ( 2.647218381554719002, 10.67784054377647962, -9.536981613937626889 ) ) ;
#443 = AXIS2_PLACEMENT_3D ( 'NONE', #1142, #402, #1691 ) ;
#444 = CARTESIAN_POINT ( 'NONE',  ( -3.135879400539890227, 13.65119477426394567, -11.27535502326293937 ) ) ;
#445 = CARTESIAN_POINT ( 'NONE',  ( 1.839517155880413091, 13.88041259187748722, -11.75791286152901449 ) ) ;
#446 = AXIS2_PLACEMENT_3D ( 'NONE', #215, #615, #1067 ) ;
#447 = DIRECTION ( 'NONE',  ( -1.000000000000000000, 0.000000000000000000, 0.000000000000000000 ) ) ;
#448 = ORIENTED_EDGE ( 'NONE', *, *, #475, .F. ) ;
#449 = CIRCLE ( 'NONE', #536, 6.400000000000001243 ) ;
#450 = CARTESIAN_POINT ( 'NONE',  ( -2.500000000000000000, -71.36403862425827072, 27.92893323626026003 ) ) ;
#451 = ORIENTED_EDGE ( 'NONE', *, *, #1594, .F. ) ;
#452 = EDGE_CURVE ( 'NONE', #1169, #1293, #1145, .T. ) ;
#453 = ORIENTED_EDGE ( 'NONE', *, *, #881, .F. ) ;
#454 = CARTESIAN_POINT ( 'NONE',  ( 6.733966299069088279, -8.703873407187650457, 0.9681736911283604918 ) ) ;
#455 = DIRECTION ( 'NONE',  ( 1.000000000000000000, -0.000000000000000000, -0.000000000000000000 ) ) ;
#456 = DIRECTION ( 'NONE',  ( 0.000000000000000000, 0.000000000000000000, -1.000000000000000000 ) ) ;
#457 = EDGE_LOOP ( 'NONE', ( #1032, #1506, #1101, #277 ) ) ;
#458 = AXIS2_PLACEMENT_3D ( 'NONE', #535, #1646, #98 ) ;
#459 = ADVANCED_FACE ( 'NONE', ( #478, #1041 ), #204, .T. ) ;
#460 = CARTESIAN_POINT ( 'NONE',  ( 10.45000000000000107, -80.61171727118255603, 30.40684126156616784 ) ) ;
#461 = ORIENTED_EDGE ( 'NONE', *, *, #1764, .F. ) ;
#462 =( BOUNDED_CURVE ( )  B_SPLINE_CURVE ( 3, ( #1455, #766, #320, #882 ),
 .UNSPECIFIED., .F., .F. ) 
 B_SPLINE_CURVE_WITH_KNOTS ( ( 4, 4 ),
 ( 1.051650416359833917, 1.570796326794896558 ),
 .UNSPECIFIED. ) 
 CURVE ( )  GEOMETRIC_REPRESENTATION_ITEM ( )  RATIONAL_B_SPLINE_CURVE ( ( 1.000000000000000000, 0.9776664499470651970, 0.9776664499470651970, 1.000000000000000000 ) ) 
 REPRESENTATION_ITEM ( '' )  );
#463 = ORIENTED_EDGE ( 'NONE', *, *, #1557, .T. ) ;
#464 = EDGE_CURVE ( 'NONE', #30, #1415, #238, .T. ) ;
#465 = CARTESIAN_POINT ( 'NONE',  ( 12.85000000000000675, -69.40197154939474444, 29.84491353575238648 ) ) ;
#466 = EDGE_CURVE ( 'NONE', #691, #209, #921, .T. ) ;
#467 = CARTESIAN_POINT ( 'NONE',  ( 12.84999999999999964, -69.02118495555424715, -3.757117924555768873 ) ) ;
#468 = CARTESIAN_POINT ( 'NONE',  ( 10.45000000000000107, -80.61171727118255603, 30.40684126156616784 ) ) ;
#469 = ORIENTED_EDGE ( 'NONE', *, *, #734, .T. ) ;
#470 = DIRECTION ( 'NONE',  ( 1.000000000000000000, -0.000000000000000000, -0.000000000000000000 ) ) ;
#471 = ORIENTED_EDGE ( 'NONE', *, *, #221, .T. ) ;
#472 = ORIENTED_EDGE ( 'NONE', *, *, #29, .T. ) ;
#473 = CARTESIAN_POINT ( 'NONE',  ( -14.84999999999999964, -24.50000000000000000, 10.99999999999999645 ) ) ;
#474 = CIRCLE ( 'NONE', #1682, 6.400000000000003020 ) ;
#475 = EDGE_CURVE ( 'NONE', #1725, #1023, #474, .T. ) ;
#476 = CARTESIAN_POINT ( 'NONE',  ( -10.45000000000000107, -88.37628862425822263, 1.429066472894133355 ) ) ;
#477 = CARTESIAN_POINT ( 'NONE',  ( 14.80000000000001315, -76.36403862425828493, 36.42906647289413513 ) ) ;
#478 = FACE_BOUND ( 'NONE', #1256, .T. ) ;
#479 = EDGE_LOOP ( 'NONE', ( #1226, #1530, #171, #1577 ) ) ;
#480 = CARTESIAN_POINT ( 'NONE',  ( 1.504400308605755132, -13.92407067597593517, 19.92380129902440089 ) ) ;
#481 = CARTESIAN_POINT ( 'NONE',  ( -0.8004101079737817592, -10.97754607601254762, -0.9301490944574282160 ) ) ;
#482 = ORIENTED_EDGE ( 'NONE', *, *, #1579, .T. ) ;
#483 = DIRECTION ( 'NONE',  ( 0.000000000000000000, 0.000000000000000000, -1.000000000000000000 ) ) ;
#484 = DIRECTION ( 'NONE',  ( 0.000000000000000000, 0.000000000000000000, 1.000000000000000000 ) ) ;
#485 = EDGE_CURVE ( 'NONE', #487, #588, #397, .T. ) ;
#486 = DIRECTION ( 'NONE',  ( 0.000000000000000000, 0.000000000000000000, 1.000000000000000000 ) ) ;
#487 = VERTEX_POINT ( 'NONE', #1677 ) ;
#488 = CIRCLE ( 'NONE', #1517, 11.00000000000000000 ) ;
#489 = CARTESIAN_POINT ( 'NONE',  ( 8.346766508255727857, -11.24467958659059974, 17.33418794463983659 ) ) ;
#490 = CARTESIAN_POINT ( 'NONE',  ( 10.45000000000000107, -3.434748899119111520, 9.192595416051013046 ) ) ;
#491 = ORIENTED_EDGE ( 'NONE', *, *, #674, .F. ) ;
#492 = DIRECTION ( 'NONE',  ( 1.000000000000000000, 0.000000000000000000, 0.000000000000000000 ) ) ;
#493 = PLANE ( 'NONE',  #852 ) ;
#494 = PRODUCT_DEFINITION_SHAPE ( 'NONE', 'NONE',  #746 ) ;
#495 = EDGE_CURVE ( 'NONE', #894, #1035, #261, .T. ) ;
#496 = EDGE_CURVE ( 'NONE', #256, #30, #1503, .T. ) ;
#497 = CARTESIAN_POINT ( 'NONE',  ( -14.84999999999999964, -24.50000000000000000, 10.99999999999999645 ) ) ;
#498 = FACE_OUTER_BOUND ( 'NONE', #297, .T. ) ;
#499 = LINE ( 'NONE', #808, #677 ) ;
#500 = AXIS2_PLACEMENT_3D ( 'NONE', #1459, #1066, #199 ) ;
#501 = ORIENTED_EDGE ( 'NONE', *, *, #1086, .F. ) ;
#503 = VECTOR ( 'NONE', #1547, 1000.000000000000000 ) ;
#502 = CARTESIAN_POINT ( 'NONE',  ( -0.6932627239948251363, 10.98354654283621734, 0.2157951739926579904 ) ) ;
#504 = CARTESIAN_POINT ( 'NONE',  ( 5.206317971382245169, 9.689924905850704207, -4.302054273579686061 ) ) ;
#505 = CARTESIAN_POINT ( 'NONE',  ( 12.52805679459573618, -88.40430500224603350, 35.23181297483136376 ) ) ;
#506 = AXIS2_PLACEMENT_3D ( 'NONE', #1536, #1545, #21 ) ;
#507 = DIRECTION ( 'NONE',  ( -1.000000000000000000, 0.000000000000000000, 0.000000000000000000 ) ) ;
#508 = AXIS2_PLACEMENT_3D ( 'NONE', #341, #640, #753 ) ;
#509 = DIRECTION ( 'NONE',  ( 0.000000000000000000, 0.000000000000000000, 1.000000000000000000 ) ) ;
#510 = CARTESIAN_POINT ( 'NONE',  ( 0.000000000000000000, 0.000000000000000000, -25.00000000000000000 ) ) ;
#511 = EDGE_CURVE ( 'NONE', #1522, #1440, #125, .T. ) ;
#512 = ORIENTED_EDGE ( 'NONE', *, *, #1445, .F. ) ;
#513 = CARTESIAN_POINT ( 'NONE',  ( 8.795657022520694947E-16, 11.00000000000000355, -10.25000000000000355 ) ) ;
#514 = CARTESIAN_POINT ( 'NONE',  ( 3.955640865286240260, 10.26733692030773781, -8.468614565955194351 ) ) ;
#515 = CARTESIAN_POINT ( 'NONE',  ( -12.84999999999999964, -69.02118495555424715, 29.74288207544422846 ) ) ;
#516 = CARTESIAN_POINT ( 'NONE',  ( 10.07396893507573843, -65.50310123674371710, 30.92083185073719775 ) ) ;
#517 = CARTESIAN_POINT ( 'NONE',  ( 11.27808775227922666, -8.318710469952200981, 14.77896419943520989 ) ) ;
#518 = FACE_OUTER_BOUND ( 'NONE', #879, .T. ) ;
#519 = ORIENTED_EDGE ( 'NONE', *, *, #1261, .T. ) ;
#520 = EDGE_CURVE ( 'NONE', #642, #1725, #946, .T. ) ;
#521 = CARTESIAN_POINT ( 'NONE',  ( -10.45000000000000107, -80.61171727118258445, 30.40684126156617495 ) ) ;
#522 = CARTESIAN_POINT ( 'NONE',  ( -5.162940389304217170, -62.48987845716217038, 32.28120396925697833 ) ) ;
#523 = DIRECTION ( 'NONE',  ( 2.891205793294678696E-17, -0.9659258262890680902, 0.2588190451025213501 ) ) ;
#524 = LINE ( 'NONE', #1081, #386 ) ;
#525 = ORIENTED_EDGE ( 'NONE', *, *, #330, .F. ) ;
#526 = FACE_OUTER_BOUND ( 'NONE', #285, .T. ) ;
#527 = EDGE_CURVE ( 'NONE', #1121, #68, #260, .T. ) ;
#528 = CARTESIAN_POINT ( 'NONE',  ( -9.595532748323812200, -65.09154020696210807, 31.09323697827235478 ) ) ;
#529 =( BOUNDED_CURVE ( )  B_SPLINE_CURVE ( 3, ( #622, #1207, #1746, #1736 ),
 .UNSPECIFIED., .F., .F. ) 
 B_SPLINE_CURVE_WITH_KNOTS ( ( 4, 4 ),
 ( 5.120537814817454958, 7.445832799541717506 ),
 .UNSPECIFIED. ) 
 CURVE ( )  GEOMETRIC_REPRESENTATION_ITEM ( )  RATIONAL_B_SPLINE_CURVE ( ( 1.000000000000000000, 0.5979406023240417811, 0.5979406023240417811, 1.000000000000000000 ) ) 
 REPRESENTATION_ITEM ( '' )  );
#530 = CIRCLE ( 'NONE', #1383, 7.000000000000000000 ) ;
#531 = PLANE ( 'NONE',  #358 ) ;
#532 = CARTESIAN_POINT ( 'NONE',  ( -4.814630602535455495, -69.40197154939468760, 34.84491353575237582 ) ) ;
#533 = CIRCLE ( 'NONE', #1065, 6.400000000000003020 ) ;
#534 = ORIENTED_EDGE ( 'NONE', *, *, #403, .F. ) ;
#535 = CARTESIAN_POINT ( 'NONE',  ( 0.000000000000000000, 6.000000000000007105, -4.999999999999997335 ) ) ;
#536 = AXIS2_PLACEMENT_3D ( 'NONE', #1337, #492, #483 ) ;
#537 = CARTESIAN_POINT ( 'NONE',  ( -12.54943589189806374, -84.23287973100308079, 34.09447714002509144 ) ) ;
#538 = CARTESIAN_POINT ( 'NONE',  ( -24.16370849898475726, -24.50000000000000000, 14.99999999999999645 ) ) ;
#539 = EDGE_CURVE ( 'NONE', #966, #68, #830, .T. ) ;
#540 = CARTESIAN_POINT ( 'NONE',  ( 0.000000000000000000, 0.000000000000000000, -25.00000000000000000 ) ) ;
#541 = CARTESIAN_POINT ( 'NONE',  ( -4.967127976718604287, 9.814831633601645677, -6.708861459710718123 ) ) ;
#542 = ORIENTED_EDGE ( 'NONE', *, *, #1767, .T. ) ;
#543 = CARTESIAN_POINT ( 'NONE',  ( 4.099234641608550334, 13.38786581969590195, 0.6787418969026383087 ) ) ;
#544 = ORIENTED_EDGE ( 'NONE', *, *, #783, .T. ) ;
#545 = CARTESIAN_POINT ( 'NONE',  ( 0.000000000000000000, 5.698000925875112976, 7.280221971706728468 ) ) ;
#546 = CIRCLE ( 'NONE', #723, 19.50973036476806755 ) ;
#547 = FACE_OUTER_BOUND ( 'NONE', #108, .T. ) ;
#548 = CARTESIAN_POINT ( 'NONE',  ( 10.45000000000000284, -69.02118495555423294, -3.757117924555779975 ) ) ;
#549 = EDGE_CURVE ( 'NONE', #103, #1389, #885, .T. ) ;
#550 = DIRECTION ( 'NONE',  ( 1.000000000000000000, 0.000000000000000000, 0.000000000000000000 ) ) ;
#551 = CARTESIAN_POINT ( 'NONE',  ( -0.6984932109574696346, 10.98309180376347172, -10.21483027435518842 ) ) ;
#552 = VERTEX_POINT ( 'NONE', #245 ) ;
#553 = CARTESIAN_POINT ( 'NONE',  ( 5.264708544500447118, 12.97331660429746236, -0.3811579061331660245 ) ) ;
#554 = ORIENTED_EDGE ( 'NONE', *, *, #1489, .F. ) ;
#555 = CYLINDRICAL_SURFACE ( 'NONE', #1118, 13.99999999999999822 ) ;
#556 = CARTESIAN_POINT ( 'NONE',  ( -6.370750846058214734, 12.46689465839017963, -2.090336489864577096 ) ) ;
#557 = CARTESIAN_POINT ( 'NONE',  ( 5.108974437492437737, 13.03561246203996582, -9.790491538511426839 ) ) ;
#558 = CARTESIAN_POINT ( 'NONE',  ( 0.000000000000000000, -67.65975405055588965, 26.93637317620163785 ) ) ;
#559 = VECTOR ( 'NONE', #639, 1000.000000000000000 ) ;
#560 = CARTESIAN_POINT ( 'NONE',  ( -14.80000000000001137, -73.77373189074317850, -2.483676811280886909 ) ) ;
#561 = CARTESIAN_POINT ( 'NONE',  ( -5.250147201137655095, 9.666227516212479998, -4.830147461181219626 ) ) ;
#562 = ORIENTED_EDGE ( 'NONE', *, *, #955, .F. ) ;
#563 = CARTESIAN_POINT ( 'NONE',  ( 6.543696159261066292, 12.37698857891361826, -2.503661438124024308 ) ) ;
#564 = ORIENTED_EDGE ( 'NONE', *, *, #641, .T. ) ;
#565 = CARTESIAN_POINT ( 'NONE',  ( -8.122499798677480953, -7.423023385925938022, 2.377698419898602644 ) ) ;
#566 = CARTESIAN_POINT ( 'NONE',  ( -5.113827671474420633, 13.03372040764340944, -0.2146292144013641490 ) ) ;
#567 = CARTESIAN_POINT ( 'NONE',  ( -10.45000000000000817, -75.94232093988665611, 29.15568028545457580 ) ) ;
#568 = DIRECTION ( 'NONE',  ( 0.000000000000000000, -0.2588190451025213501, -0.9659258262890680902 ) ) ;
#569 = DIRECTION ( 'NONE',  ( 0.000000000000000000, 0.000000000000000000, 1.000000000000000000 ) ) ;
#570 = CYLINDRICAL_SURFACE ( 'NONE', #1253, 4.000000000000000888 ) ;
#571 = EDGE_LOOP ( 'NONE', ( #1451, #354, #586, #427 ) ) ;
#572 = DIRECTION ( 'NONE',  ( 0.000000000000000000, 0.000000000000000000, 1.000000000000000000 ) ) ;
#573 = ORIENTED_EDGE ( 'NONE', *, *, #925, .F. ) ;
#574 = EDGE_CURVE ( 'NONE', #1203, #1550, #661, .T. ) ;
#575 = LINE ( 'NONE', #1710, #1157 ) ;
#576 = DIRECTION ( 'NONE',  ( 0.000000000000000000, 0.000000000000000000, -1.000000000000000000 ) ) ;
#577 = VERTEX_POINT ( 'NONE', #1802 ) ;
#578 = B_SPLINE_CURVE_WITH_KNOTS ( 'NONE', 3,
 ( #1656, #230, #537, #1666 ),
 .UNSPECIFIED., .F., .F.,
 ( 4, 4 ),
 ( 0.002671743398579032053, 0.004863550578786645685 ),
 .UNSPECIFIED. ) ;
#579 = CARTESIAN_POINT ( 'NONE',  ( -24.16370849898475726, -24.50000000000000000, 14.99999999999999645 ) ) ;
#580 = ORIENTED_EDGE ( 'NONE', *, *, #360, .T. ) ;
#581 = LINE ( 'NONE', #1399, #1007 ) ;
#582 = ORIENTED_EDGE ( 'NONE', *, *, #1761, .F. ) ;
#583 = CARTESIAN_POINT ( 'NONE',  ( -4.085142114178150763, -10.21980538335955480, -0.3701945403112502087 ) ) ;
#584 = CARTESIAN_POINT ( 'NONE',  ( -6.906357365928724512, 12.17805632353270440, -6.164686105948160133 ) ) ;
#585 = CARTESIAN_POINT ( 'NONE',  ( 12.85000000000000675, -83.67887591497451183, 33.67039853092586554 ) ) ;
#586 = ORIENTED_EDGE ( 'NONE', *, *, #1557, .F. ) ;
#587 = CARTESIAN_POINT ( 'NONE',  ( -12.85000000000000675, -83.67887591497452604, 33.67039853092587265 ) ) ;
#588 = VERTEX_POINT ( 'NONE', #1811 ) ;
#589 = ORIENTED_EDGE ( 'NONE', *, *, #901, .F. ) ;
#590 = CARTESIAN_POINT ( 'NONE',  ( 0.3398399273500429252, -11.00130796154567747, -0.9466303192185838711 ) ) ;
#591 = CIRCLE ( 'NONE', #154, 4.000000000000000888 ) ;
#592 = CARTESIAN_POINT ( 'NONE',  ( -1.843361464744949885, 13.88559771951530841, -11.76876793668442467 ) ) ;
#593 = PRODUCT_CONTEXT ( 'NONE', #786, 'mechanical' ) ;
#594 = EDGE_CURVE ( 'NONE', #1380, #1398, #1104, .T. ) ;
#595 = VERTEX_POINT ( 'NONE', #1370 ) ;
#596 = EDGE_CURVE ( 'NONE', #1430, #1563, #840, .T. ) ;
#597 = DIRECTION ( 'NONE',  ( 1.000000000000000000, 0.000000000000000000, 0.000000000000000000 ) ) ;
#598 = ORIENTED_EDGE ( 'NONE', *, *, #981, .F. ) ;
#599 = ORIENTED_EDGE ( 'NONE', *, *, #1110, .T. ) ;
#600 = CARTESIAN_POINT ( 'NONE',  ( 4.814630602535451942, -5.175966054964367125, 17.63560723044288636 ) ) ;
#601 = CIRCLE ( 'NONE', #1635, 15.00000000000000711 ) ;
#602 = CARTESIAN_POINT ( 'NONE',  ( -4.635171870214405132, 13.21482448639422280, 0.2649035860466255055 ) ) ;
#603 = B_SPLINE_CURVE_WITH_KNOTS ( 'NONE', 3,
 ( #860, #300, #1127, #592, #1269, #444, #425, #1544, #1012, #992, #1156, #1535, #1575, #1391, #1258, #289, #166, #584, #1819, #848, #279, #313, #872, #1435, #731, #176, #556, #417, #839, #1402, #144, #705, #8, #566, #602, #1167, #1311, #329, #915, #891, #1586, #1329, #1727 ),
 .UNSPECIFIED., .F., .F.,
 ( 4, 2, 2, 2, 2, 2, 2, 2, 2, 2, 1, 2, 2, 2, 2, 2, 2, 2, 2, 2, 2, 4 ),
 ( 0.02226688000336626491, 0.02365613644162622639, 0.02504539287988618440, 0.02643464931814614588, 0.02782390575640610736, 0.02921316219466606884, 0.02990779041379604958, 0.03060241863292603032, 0.03199167507118599180, 0.03268630329031597254, 0.03338093150944594634, 0.03407555972857592708, 0.03477018794770590782, 0.03615944438596586930, 0.03685407260509585003, 0.03754870082422583077, 0.03824332904335581151, 0.03893795726248579225, 0.04032721370074575373, 0.04171647013900571521, 0.04310572657726566975, 0.04449498301552563123 ),
 .UNSPECIFIED. ) ;
#604 = CARTESIAN_POINT ( 'NONE',  ( -12.84999999999999964, -88.37628862425825105, 34.92906647289414224 ) ) ;
#605 = ORIENTED_EDGE ( 'NONE', *, *, #190, .T. ) ;
#606 = CARTESIAN_POINT ( 'NONE',  ( -10.50202012153555842, -9.279110096783755424, 15.57853833967202206 ) ) ;
#607 = ORIENTED_EDGE ( 'NONE', *, *, #1457, .T. ) ;
#608 = ORIENTED_EDGE ( 'NONE', *, *, #549, .T. ) ;
#609 = CARTESIAN_POINT ( 'NONE',  ( 5.620940291670958544, -9.461962514343065678, 0.2597663479494838334 ) ) ;
#610 = CARTESIAN_POINT ( 'NONE',  ( -10.45000000000000107, -61.25661360247858767, 25.22065686411626118 ) ) ;
#611 = CARTESIAN_POINT ( 'NONE',  ( 12.84999999999999964, -14.00000000000000000, -18.50000000000000355 ) ) ;
#612 = EDGE_LOOP ( 'NONE', ( #1486, #725 ) ) ;
#613 = CARTESIAN_POINT ( 'NONE',  ( 14.84999999999999964, -24.50000000000000000, 10.99999999999999645 ) ) ;
#614 = ORIENTED_EDGE ( 'NONE', *, *, #984, .T. ) ;
#615 = DIRECTION ( 'NONE',  ( 1.000000000000000000, -0.000000000000000000, -0.000000000000000000 ) ) ;
#616 = CARTESIAN_POINT ( 'NONE',  ( -6.432749330612579364, -15.65697262728301453, 13.00226988966345054 ) ) ;
#617 = DIRECTION ( 'NONE',  ( -0.000000000000000000, -0.9659258262890679791, 0.2588190451025217387 ) ) ;
#618 = AXIS2_PLACEMENT_3D ( 'NONE', #959, #1785, #377 ) ;
#619 = EDGE_CURVE ( 'NONE', #552, #828, #282, .T. ) ;
#620 = DIRECTION ( 'NONE',  ( 0.000000000000000000, -0.2588190451025213501, -0.9659258262890680902 ) ) ;
#621 = AXIS2_PLACEMENT_3D ( 'NONE', #1467, #1326, #1739 ) ;
#622 = CARTESIAN_POINT ( 'NONE',  ( -12.84999999999999787, -5.556752648804883066, -20.76236130924895207 ) ) ;
#623 = ORIENTED_EDGE ( 'NONE', *, *, #865, .F. ) ;
#624 = PRODUCT ( 'Walker_Handle_Brake_Main_Component', 'Walker_Handle_Brake_Main_Component', '', ( #593 ) ) ;
#625 = DIRECTION ( 'NONE',  ( 1.000000000000000000, 0.000000000000000000, 0.000000000000000000 ) ) ;
#626 = CARTESIAN_POINT ( 'NONE',  ( 9.087117062564686876, -6.219935547012903854, 3.979218857459063674 ) ) ;
#627 = CIRCLE ( 'NONE', #864, 14.00000000000000000 ) ;
#628 = VERTEX_POINT ( 'NONE', #1427 ) ;
#629 = CARTESIAN_POINT ( 'NONE',  ( 0.000000000000000000, 0.000000000000000000, 25.00000000000000000 ) ) ;
#630 = EDGE_CURVE ( 'NONE', #209, #1732, #1138, .T. ) ;
#631 = ADVANCED_FACE ( 'NONE', ( #1705 ), #1404, .F. ) ;
#632 = DIRECTION ( 'NONE',  ( -0.5330376563645246035, 0.000000000000000000, -0.8460915180389264600 ) ) ;
#633 = CARTESIAN_POINT ( 'NONE',  ( 0.000000000000000000, -76.36403862425828493, -25.00000000000000000 ) ) ;
#634 = APPLICATION_CONTEXT ( 'automotive_design' ) ;
#635 = VECTOR ( 'NONE', #617, 1000.000000000000114 ) ;
#636 = CARTESIAN_POINT ( 'NONE',  ( 10.45000000000000462, -24.50000000000000000, 6.999999999999994671 ) ) ;
#637 = ORIENTED_EDGE ( 'NONE', *, *, #630, .F. ) ;
#638 = CARTESIAN_POINT ( 'NONE',  ( -2.481024617886216088, -68.59946727118264675, 27.18816857478542204 ) ) ;
#639 = DIRECTION ( 'NONE',  ( -0.000000000000000000, -0.000000000000000000, -1.000000000000000000 ) ) ;
#640 = DIRECTION ( 'NONE',  ( 1.000000000000000000, -0.000000000000000000, -0.000000000000000000 ) ) ;
#641 = EDGE_CURVE ( 'NONE', #1732, #1724, #345, .T. ) ;
#642 = VERTEX_POINT ( 'NONE', #875 ) ;
#643 = SURFACE_STYLE_USAGE ( .BOTH. , #361 ) ;
#644 = CONICAL_SURFACE ( 'NONE', #849, 8.500000000000001776, 0.5621867439000299838 ) ;
#645 = EDGE_LOOP ( 'NONE', ( #241, #336, #1751 ) ) ;
#647 = VECTOR ( 'NONE', #523, 1000.000000000000000 ) ;
#646 = CARTESIAN_POINT ( 'NONE',  ( 7.517776060891136147, -76.36403862425828493, -1.789606213886619335 ) ) ;
#648 = CARTESIAN_POINT ( 'NONE',  ( 4.548485075576036429, 10.01765900931539477, -7.643562054225131241 ) ) ;
#649 =( BOUNDED_CURVE ( )  B_SPLINE_CURVE ( 3, ( #88, #1219, #385, #1777 ),
 .UNSPECIFIED., .F., .F. ) 
 B_SPLINE_CURVE_WITH_KNOTS ( ( 4, 4 ),
 ( 4.712388980384689674, 7.853981633974482790 ),
 .UNSPECIFIED. ) 
 CURVE ( )  GEOMETRIC_REPRESENTATION_ITEM ( )  RATIONAL_B_SPLINE_CURVE ( ( 1.000000000000000000, 0.3333333333333333703, 0.3333333333333333703, 1.000000000000000000 ) ) 
 REPRESENTATION_ITEM ( '' )  );
#650 = CARTESIAN_POINT ( 'NONE',  ( -1.331828049690531035, -61.62034732019564842, 32.71602804315767088 ) ) ;
#651 = CYLINDRICAL_SURFACE ( 'NONE', #1003, 6.400000000000001243 ) ;
#652 = ADVANCED_FACE ( 'NONE', ( #1447 ), #418, .T. ) ;
#653 = CLOSED_SHELL ( 'NONE', ( #1314, #1339, #405, #1813, #993, #729, #137, #1174, #1510, #381, #246, #788, #1613, #123, #198, #1278, #1421, #321, #84, #435, #206, #744, #1659, #1693, #687, #459, #1743, #652, #51, #332, #61, #1468, #1105, #655, #1030, #871, #1228, #947, #132, #631, #1317, #1776, #1227, #1556, #1685, #1637, #373, #1533 ) ) ;
#654 = LINE ( 'NONE', #922, #97 ) ;
#655 = ADVANCED_FACE ( 'NONE', ( #434, #1013 ), #1271, .T. ) ;
#656 = DIRECTION ( 'NONE',  ( 1.000000000000000000, 0.000000000000000000, 0.000000000000000000 ) ) ;
#657 = ORIENTED_EDGE ( 'NONE', *, *, #165, .T. ) ;
#658 = CARTESIAN_POINT ( 'NONE',  ( 0.000000000000000000, -76.36403862425828493, 46.42906647289413513 ) ) ;
#659 = CARTESIAN_POINT ( 'NONE',  ( -10.45000000000000817, -75.94232093988665611, 29.15568028545457580 ) ) ;
#660 = B_SPLINE_CURVE_WITH_KNOTS ( 'NONE', 3,
 ( #1161, #1273, #438, #1150, #1714, #606, #1730, #1417, #1723, #1548, #283, #1130, #842, #12, #1405, #170, #1707, #1559, #726, #1294, #1016, #1580, #1698, #292 ),
 .UNSPECIFIED., .F., .F.,
 ( 4, 2, 2, 2, 2, 2, 2, 2, 2, 2, 2, 4 ),
 ( 1.522213672366955655E-17, 0.002242010954995695814, 0.004484021909991376884, 0.006726032864987056652, 0.007847038342484898704, 0.008968043819982741624, 0.01121005477497843093, 0.01233106025247627559, 0.01345206572997412024, 0.01457307120747196490, 0.01569407668496980435, 0.01793608763996549713 ),
 .UNSPECIFIED. ) ;
#661 = LINE ( 'NONE', #548, #647 ) ;
#662 = CARTESIAN_POINT ( 'NONE',  ( -14.84999999999999964, -24.50000000000000000, 6.999999999999994671 ) ) ;
#663 = DIRECTION ( 'NONE',  ( 1.000000000000000000, 0.000000000000000000, 0.000000000000000000 ) ) ;
#664 = ORIENTED_EDGE ( 'NONE', *, *, #764, .T. ) ;
#665 = CARTESIAN_POINT ( 'NONE',  ( 5.078328618481390500, 9.757900746678359383, -6.376496621068481474 ) ) ;
#666 = B_SPLINE_CURVE_WITH_KNOTS ( 'NONE', 3,
 ( #515, #1525, #1073, #380, #1249, #953, #1079, #528, #1363, #1799, #787, #92, #1093, #805, #522, #395, #673, #962, #820, #105, #650, #944, #1499, #258 ),
 .UNSPECIFIED., .F., .F.,
 ( 4, 2, 2, 2, 2, 2, 2, 2, 2, 2, 2, 4 ),
 ( 6.254634441385501517E-18, 0.001979244215561706734, 0.003958488431123407397, 0.004948110538904255777, 0.005937732646685104157, 0.007916976862246804386, 0.009896221077808502881, 0.01088584318558936254, 0.01187546529337022046, 0.01385470950893193803, 0.01484433161671280116, 0.01583395372449366081 ),
 .UNSPECIFIED. ) ;
#667 = CYLINDRICAL_SURFACE ( 'NONE', #1163, 19.50973036476806755 ) ;
#668 = DIRECTION ( 'NONE',  ( 1.000000000000000000, 0.000000000000000000, 0.000000000000000000 ) ) ;
#669 = PLANE ( 'NONE',  #1454 ) ;
#670 = CARTESIAN_POINT ( 'NONE',  ( -3.974327178088635829E-16, -69.40197154939470181, 34.84491353575237582 ) ) ;
#671 = EDGE_LOOP ( 'NONE', ( #151, #562, #1738, #1045 ) ) ;
#672 = CARTESIAN_POINT ( 'NONE',  ( 0.3472280065249447878, 11.00000000000000178, 0.2500000000000044409 ) ) ;
#673 = CARTESIAN_POINT ( 'NONE',  ( -4.227827686342055635, -62.17697568530059726, 32.43575330574721960 ) ) ;
#674 = EDGE_CURVE ( 'NONE', #1398, #780, #1745, .T. ) ;
#675 = VECTOR ( 'NONE', #632, 1000.000000000000000 ) ;
#676 = CARTESIAN_POINT ( 'NONE',  ( 0.000000000000000000, -76.36403862425828493, 46.42906647289413513 ) ) ;
#677 = VECTOR ( 'NONE', #1233, 1000.000000000000000 ) ;
#678 = DIRECTION ( 'NONE',  ( -1.000000000000000000, 0.000000000000000000, 0.000000000000000000 ) ) ;
#679 = CARTESIAN_POINT ( 'NONE',  ( -2.347681366513628021, 10.75139352088771183, -9.708407425271730062 ) ) ;
#680 = VERTEX_POINT ( 'NONE', #1720 ) ;
#681 = PLANE ( 'NONE',  #710 ) ;
#682 = VECTOR ( 'NONE', #834, 1000.000000000000000 ) ;
#683 = VERTEX_POINT ( 'NONE', #322 ) ;
#684 = CARTESIAN_POINT ( 'NONE',  ( 4.974923274690575603, 9.811809413047122064, -3.288612521686093526 ) ) ;
#685 = CIRCLE ( 'NONE', #1572, 2.500000000000000888 ) ;
#686 = LINE ( 'NONE', #1509, #1394 ) ;
#687 = ADVANCED_FACE ( 'NONE', ( #1821, #40 ), #1712, .T. ) ;
#688 = CARTESIAN_POINT ( 'NONE',  ( 1.332427850349350296, -61.56403862425828066, 32.74474573813276379 ) ) ;
#689 = CARTESIAN_POINT ( 'NONE',  ( -12.84999999999999964, -14.00000000000000000, 15.00000000000000178 ) ) ;
#690 = CARTESIAN_POINT ( 'NONE',  ( -4.170704830611174252, 10.18076522945420059, -8.206856474327485884 ) ) ;
#691 = VERTEX_POINT ( 'NONE', #1117 ) ;
#692 = DIRECTION ( 'NONE',  ( 0.000000000000000000, 0.000000000000000000, -1.000000000000000000 ) ) ;
#693 = ORIENTED_EDGE ( 'NONE', *, *, #352, .F. ) ;
#694 = CARTESIAN_POINT ( 'NONE',  ( -10.35161022741485937, -3.734093379228967446, 8.501825833993526871 ) ) ;
#695 = DIRECTION ( 'NONE',  ( 0.000000000000000000, 0.000000000000000000, 1.000000000000000000 ) ) ;
#696 = CARTESIAN_POINT ( 'NONE',  ( 0.000000000000000000, 0.000000000000000000, 0.000000000000000000 ) ) ;
#697 = CARTESIAN_POINT ( 'NONE',  ( -12.84999999999999964, -24.50000000000000000, 10.99999999999999645 ) ) ;
#698 = CARTESIAN_POINT ( 'NONE',  ( -8.500000000000001776, -76.36403862425828493, 46.42906647289413513 ) ) ;
#699 = EDGE_CURVE ( 'NONE', #1035, #894, #1806, .T. ) ;
#700 = CARTESIAN_POINT ( 'NONE',  ( -5.206700116184793004, 9.689719525306049519, -4.304659949948986153 ) ) ;
#701 = ORIENTED_EDGE ( 'NONE', *, *, #269, .F. ) ;
#702 = CARTESIAN_POINT ( 'NONE',  ( 6.066129220362253882, 12.62058465008982822, -1.477546474797582388 ) ) ;
#703 = ORIENTED_EDGE ( 'NONE', *, *, #485, .T. ) ;
#704 = CARTESIAN_POINT ( 'NONE',  ( 0.000000000000000000, 16.00000000000000000, -4.999999999999997335 ) ) ;
#705 = CARTESIAN_POINT ( 'NONE',  ( -5.553371039944463128, 12.85240064074682920, -0.7325592297154023269 ) ) ;
#706 = CARTESIAN_POINT ( 'NONE',  ( 5.193968811620715442, -95.39728816185385085, 3.310337629052169994 ) ) ;
#707 = LINE ( 'NONE', #1141, #827 ) ;
#708 = CARTESIAN_POINT ( 'NONE',  ( -5.112222773989800295, 9.739952838348221675, -6.207371460541230235 ) ) ;
#709 = EDGE_CURVE ( 'NONE', #1724, #1717, #1022, .T. ) ;
#710 = AXIS2_PLACEMENT_3D ( 'NONE', #286, #572, #1521 ) ;
#711 = ORIENTED_EDGE ( 'NONE', *, *, #93, .T. ) ;
#712 = CARTESIAN_POINT ( 'NONE',  ( -6.785424681102064426, -8.663724283804025816, 1.008156918335091357 ) ) ;
#713 = CARTESIAN_POINT ( 'NONE',  ( 0.000000000000000000, -76.36403862425828493, 34.92906647289414224 ) ) ;
#714 = CARTESIAN_POINT ( 'NONE',  ( 5.548113661174199684, 12.85467872822036561, -9.274305663276818379 ) ) ;
#715 = CARTESIAN_POINT ( 'NONE',  ( -24.16370849898475726, -24.50000000000000000, 10.99999999999999645 ) ) ;
#716 = ORIENTED_EDGE ( 'NONE', *, *, #175, .T. ) ;
#717 = DIRECTION ( 'NONE',  ( 0.000000000000000000, -0.2588190451025213501, -0.9659258262890680902 ) ) ;
#718 = ORIENTED_EDGE ( 'NONE', *, *, #1605, .T. ) ;
#719 =( BOUNDED_SURFACE ( )  B_SPLINE_SURFACE ( 3, 1, ( 
 ( #1051, #465 ),
 ( #1733, #880 ),
 ( #600, #1593 ),
 ( #1019, #353 ) ),
 .UNSPECIFIED., .F., .F., .F. ) 
 B_SPLINE_SURFACE_WITH_KNOTS ( ( 4, 4 ),
 ( 2, 2 ),
 ( 0.000000000000000000, 1.000000000000000000 ),
 ( 0.000000000000000000, 1.000000000000000000 ),
 .UNSPECIFIED. ) 
 GEOMETRIC_REPRESENTATION_ITEM ( )  RATIONAL_B_SPLINE_SURFACE ( (
 ( 1.000000000000000000, 1.000000000000000000),
 ( 0.9546244019124339175, 0.9546244019124339175),
 ( 0.9546244019124339175, 0.9546244019124339175),
 ( 1.000000000000000000, 1.000000000000000000) ) ) 
 REPRESENTATION_ITEM ( '' )  SURFACE ( )  );
#720 = ORIENTED_EDGE ( 'NONE', *, *, #630, .T. ) ;
#721 = CARTESIAN_POINT ( 'NONE',  ( -5.693529213096714336, -9.435757094388664612, 0.2744180298284925046 ) ) ;
#722 = DIRECTION ( 'NONE',  ( 0.000000000000000000, 0.000000000000000000, 1.000000000000000000 ) ) ;
#723 = AXIS2_PLACEMENT_3D ( 'NONE', #1699, #717, #1418 ) ;
#724 = DIRECTION ( 'NONE',  ( 0.000000000000000000, 0.000000000000000000, 1.000000000000000000 ) ) ;
#725 = ORIENTED_EDGE ( 'NONE', *, *, #1476, .T. ) ;
#726 = CARTESIAN_POINT ( 'NONE',  ( -3.692884498535116133, -13.50916491542665021, 19.50990551664258987 ) ) ;
#727 = ORIENTED_EDGE ( 'NONE', *, *, #1448, .F. ) ;
#728 = ORIENTED_EDGE ( 'NONE', *, *, #783, .F. ) ;
#729 = ADVANCED_FACE ( 'NONE', ( #157 ), #178, .F. ) ;
#730 = FACE_OUTER_BOUND ( 'NONE', #1663, .T. ) ;
#731 = CARTESIAN_POINT ( 'NONE',  ( -6.770887700799405273, 12.25422918191369526, -3.163975135498984681 ) ) ;
#732 = EDGE_CURVE ( 'NONE', #325, #1570, #244, .T. ) ;
#733 = CARTESIAN_POINT ( 'NONE',  ( 0.000000000000000000, -74.36403862425827072, 34.92906647289414224 ) ) ;
#734 = EDGE_CURVE ( 'NONE', #441, #209, #389, .T. ) ;
#735 = ORIENTED_EDGE ( 'NONE', *, *, #85, .F. ) ;
#736 = LINE ( 'NONE', #460, #1628 ) ;
#737 = ORIENTED_EDGE ( 'NONE', *, *, #594, .T. ) ;
#738 = ORIENTED_EDGE ( 'NONE', *, *, #1148, .T. ) ;
#739 = CARTESIAN_POINT ( 'NONE',  ( 7.461880323325010167, -8.087616168860932930, 1.610495019161881869 ) ) ;
#740 = AXIS2_PLACEMENT_3D ( 'NONE', #696, #1403, #301 ) ;
#741 = DIRECTION ( 'NONE',  ( 1.000000000000000000, 0.000000000000000000, 0.000000000000000000 ) ) ;
#742 = CIRCLE ( 'NONE', #302, 14.99999999999999289 ) ;
#743 = CARTESIAN_POINT ( 'NONE',  ( -8.500000000000001776, -76.36403862425828493, 46.42906647289413513 ) ) ;
#744 = ADVANCED_FACE ( 'NONE', ( #1292 ), #1217, .T. ) ;
#745 = ORIENTED_EDGE ( 'NONE', *, *, #527, .T. ) ;
#746 = PRODUCT_DEFINITION ( 'UNKNOWN', '', #187, #822 ) ;
#747 = EDGE_LOOP ( 'NONE', ( #1077, #182, #727 ) ) ;
#748 = EDGE_LOOP ( 'NONE', ( #287, #2, #304, #1108 ) ) ;
#749 = DIRECTION ( 'NONE',  ( 1.000000000000000000, -0.000000000000000000, -0.000000000000000000 ) ) ;
#750 = LINE ( 'NONE', #476, #218 ) ;
#751 = CARTESIAN_POINT ( 'NONE',  ( -10.45000000000000107, -80.61171727118258445, 30.40684126156617495 ) ) ;
#752 = ORIENTED_EDGE ( 'NONE', *, *, #1614, .T. ) ;
#753 = DIRECTION ( 'NONE',  ( 0.000000000000000000, 0.000000000000000000, -1.000000000000000000 ) ) ;
#754 = EDGE_LOOP ( 'NONE', ( #1132, #1049, #711, #605, #1636, #623, #1025, #264, #461, #564 ) ) ;
#755 = PLANE ( 'NONE',  #621 ) ;
#756 = CARTESIAN_POINT ( 'NONE',  ( 0.000000000000000000, 16.00000000000000000, 2.000000000000002665 ) ) ;
#757 = CYLINDRICAL_SURFACE ( 'NONE', #1021, 15.00000000000000000 ) ;
#758 = DIRECTION ( 'NONE',  ( 1.000000000000000000, 0.000000000000000000, 0.000000000000000000 ) ) ;
#759 = FACE_OUTER_BOUND ( 'NONE', #1324, .T. ) ;
#760 = VERTEX_POINT ( 'NONE', #1340 ) ;
#761 = VECTOR ( 'NONE', #919, 1000.000000000000000 ) ;
#762 = CARTESIAN_POINT ( 'NONE',  ( -14.00000000000000000, 1.714505518806294638E-15, -25.00000000000000000 ) ) ;
#763 = EDGE_CURVE ( 'NONE', #50, #370, #222, .T. ) ;
#764 = EDGE_CURVE ( 'NONE', #1415, #979, #627, .T. ) ;
#765 = ORIENTED_EDGE ( 'NONE', *, *, #1261, .F. ) ;
#766 = CARTESIAN_POINT ( 'NONE',  ( -14.13515157440946801, -81.45787597366035016, -0.4247166097388357375 ) ) ;
#767 = AXIS2_PLACEMENT_3D ( 'NONE', #255, #816, #1408 ) ;
#768 = FACE_OUTER_BOUND ( 'NONE', #856, .T. ) ;
#769 = CIRCLE ( 'NONE', #214, 11.00000000000000000 ) ;
#770 = DIRECTION ( 'NONE',  ( -0.000000000000000000, -0.000000000000000000, -1.000000000000000000 ) ) ;
#771 = VECTOR ( 'NONE', #455, 1000.000000000000000 ) ;
#772 = CARTESIAN_POINT ( 'NONE',  ( 0.000000000000000000, -76.36403862425828493, 36.42906647289413513 ) ) ;
#773 = DIRECTION ( 'NONE',  ( -1.000000000000000000, 0.000000000000000000, 0.000000000000000000 ) ) ;
#774 = AXIS2_PLACEMENT_3D ( 'NONE', #314, #188, #1260 ) ;
#775 = ORIENTED_EDGE ( 'NONE', *, *, #1010, .T. ) ;
#776 = DIRECTION ( 'NONE',  ( -0.000000000000000000, -0.2588190451025213501, -0.9659258262890680902 ) ) ;
#777 = EDGE_CURVE ( 'NONE', #1035, #1336, #1064, .T. ) ;
#778 = CARTESIAN_POINT ( 'NONE',  ( 8.572527594031474176E-16, 16.00000000000000000, -11.99999999999999822 ) ) ;
#779 = CARTESIAN_POINT ( 'NONE',  ( 11.00000000000000000, 0.000000000000000000, -25.00000000000000000 ) ) ;
#780 = VERTEX_POINT ( 'NONE', #1456 ) ;
#781 = FACE_OUTER_BOUND ( 'NONE', #479, .T. ) ;
#782 = VERTEX_POINT ( 'NONE', #778 ) ;
#783 = EDGE_CURVE ( 'NONE', #595, #1378, #310, .T. ) ;
#784 = CARTESIAN_POINT ( 'NONE',  ( -14.80000000000001315, -76.36403862425828493, -1.789606213886616004 ) ) ;
#785 = CARTESIAN_POINT ( 'NONE',  ( 4.977153696050987008, 9.810691135701249621, -6.705407619616041259 ) ) ;
#786 = APPLICATION_CONTEXT ( 'automotive_design' ) ;
#787 = CARTESIAN_POINT ( 'NONE',  ( -8.057194028262182783, -63.93289279978084494, 31.59829412400857152 ) ) ;
#788 = ADVANCED_FACE ( 'NONE', ( #1347, #1612 ), #1464, .T. ) ;
#789 = EDGE_CURVE ( 'NONE', #1160, #642, #942, .T. ) ;
#790 = FACE_BOUND ( 'NONE', #1060, .T. ) ;
#791 = CARTESIAN_POINT ( 'NONE',  ( 3.695292294583761183, -13.52297715741826600, 19.52304059918702706 ) ) ;
#792 = CYLINDRICAL_SURFACE ( 'NONE', #240, 14.00000000000000000 ) ;
#793 = EDGE_LOOP ( 'NONE', ( #158, #1316, #657, #897 ) ) ;
#795 = VECTOR ( 'NONE', #1159, 1000.000000000000227 ) ;
#794 = CARTESIAN_POINT ( 'NONE',  ( -3.212876601320482806, 10.52446227711053162, -0.8338124091275757044 ) ) ;
#796 = CARTESIAN_POINT ( 'NONE',  ( 2.792792142727912541, 10.64056128342703289, -9.448762211237585973 ) ) ;
#797 = CARTESIAN_POINT ( 'NONE',  ( -12.84999999999999964, -24.50000000000000000, 4.599999999999994316 ) ) ;
#798 = VECTOR ( 'NONE', #1390, 1000.000000000000227 ) ;
#799 = EDGE_CURVE ( 'NONE', #1378, #1817, #1189, .T. ) ;
#800 = CARTESIAN_POINT ( 'NONE',  ( 5.465303136104882498, -62.60628698652450908, 32.22424600215793333 ) ) ;
#801 = DIRECTION ( 'NONE',  ( 0.000000000000000000, 0.000000000000000000, 1.000000000000000000 ) ) ;
#802 =( NAMED_UNIT ( * ) PLANE_ANGLE_UNIT ( ) SI_UNIT ( $, .RADIAN. ) );
#803 = VERTEX_POINT ( 'NONE', #908 ) ;
#804 = CARTESIAN_POINT ( 'NONE',  ( 6.429391841010940829E-16, 11.00000000000000000, 0.2500000000000024425 ) ) ;
#805 = CARTESIAN_POINT ( 'NONE',  ( -5.471620670604386838, -62.60874175214362225, 32.22304605423249058 ) ) ;
#806 = CARTESIAN_POINT ( 'NONE',  ( -14.00000000000000000, 1.714505518806294638E-15, -25.00000000000000000 ) ) ;
#807 = CARTESIAN_POINT ( 'NONE',  ( 12.84999999999999964, 0.000000000000000000, 0.000000000000000000 ) ) ;
#808 = CARTESIAN_POINT ( 'NONE',  ( -10.45000000000000107, -3.301064025134511137, 9.691514157964983056 ) ) ;
#809 = EDGE_LOOP ( 'NONE', ( #1254, #200, #1645, #745, #1018, #1373, #1092, #1124, #836 ) ) ;
#810 = EDGE_CURVE ( 'NONE', #267, #378, #1472, .T. ) ;
#811 = DIRECTION ( 'NONE',  ( 0.000000000000000000, 0.000000000000000000, 1.000000000000000000 ) ) ;
#812 = LINE ( 'NONE', #937, #1783 ) ;
#813 = DIRECTION ( 'NONE',  ( 0.000000000000000000, 0.000000000000000000, 1.000000000000000000 ) ) ;
#814 = CARTESIAN_POINT ( 'NONE',  ( -12.84999999999999964, 0.000000000000000000, 0.000000000000000000 ) ) ;
#815 = ORIENTED_EDGE ( 'NONE', *, *, #1790, .F. ) ;
#816 = DIRECTION ( 'NONE',  ( 0.000000000000000000, 0.000000000000000000, 1.000000000000000000 ) ) ;
#817 = ORIENTED_EDGE ( 'NONE', *, *, #414, .T. ) ;
#818 = EDGE_CURVE ( 'NONE', #441, #1724, #1735, .T. ) ;
#819 = CARTESIAN_POINT ( 'NONE',  ( 2.650348199595315535, 10.67992911795920641, -0.4554196377444489907 ) ) ;
#820 = CARTESIAN_POINT ( 'NONE',  ( -2.638386011903372630, -61.78625355133775798, 32.63173977478734855 ) ) ;
#821 = CARTESIAN_POINT ( 'NONE',  ( -6.884020940561685547E-15, -61.56403862425825935, 32.74474573813275668 ) ) ;
#822 = PRODUCT_DEFINITION_CONTEXT ( 'detailed design', #634, 'design' ) ;
#823 = CARTESIAN_POINT ( 'NONE',  ( -12.52805679459421384, -88.40430500224601928, 35.23181297483276353 ) ) ;
#824 = CYLINDRICAL_SURFACE ( 'NONE', #1098, 2.500000000000000888 ) ;
#825 = VERTEX_POINT ( 'NONE', #1744 ) ;
#826 = FACE_BOUND ( 'NONE', #1597, .T. ) ;
#827 = VECTOR ( 'NONE', #1429, 1000.000000000000000 ) ;
#828 = VERTEX_POINT ( 'NONE', #1168 ) ;
#829 = CIRCLE ( 'NONE', #1090, 6.400000000000003020 ) ;
#830 = B_SPLINE_CURVE_WITH_KNOTS ( 'NONE', 3,
 ( #821, #688, #974, #1223, #272, #382, #800, #1395, #135, #1250, #1774, #1782, #516, #1511, #1364, #1074, #1642, #1376 ),
 .UNSPECIFIED., .F., .F.,
 ( 4, 2, 2, 2, 2, 2, 2, 2, 4 ),
 ( 0.01583395372449366081, 0.01978099768710235920, 0.02076775867775453727, 0.02175451966840671533, 0.02372804164971105412, 0.02570156363101539637, 0.02767508561231973863, 0.02964860759362408088, 0.03162212957492842313 ),
 .UNSPECIFIED. ) ;
#831 = CARTESIAN_POINT ( 'NONE',  ( -12.84999999999999609, -5.556752648804883954, -25.00000000000000000 ) ) ;
#832 = EDGE_CURVE ( 'NONE', #103, #1671, #211, .T. ) ;
#833 = DIRECTION ( 'NONE',  ( -1.000000000000000000, -0.000000000000000000, -0.000000000000000000 ) ) ;
#834 = DIRECTION ( 'NONE',  ( -1.000000000000000000, -0.000000000000000000, -0.000000000000000000 ) ) ;
#835 = CARTESIAN_POINT ( 'NONE',  ( -3.473380565390411956, 10.44030185327185478, -1.048794849129778273 ) ) ;
#836 = ORIENTED_EDGE ( 'NONE', *, *, #271, .F. ) ;
#837 = DIRECTION ( 'NONE',  ( -0.000000000000000000, 0.9659258262890682012, -0.2588190451025211836 ) ) ;
#838 = ORIENTED_EDGE ( 'NONE', *, *, #1251, .F. ) ;
#839 = CARTESIAN_POINT ( 'NONE',  ( -6.055645756412574521, 12.62313713758985045, -1.481342929394751540 ) ) ;
#840 = LINE ( 'NONE', #1696, #503 ) ;
#841 = EDGE_CURVE ( 'NONE', #325, #1165, #1321, .T. ) ;
#842 = CARTESIAN_POINT ( 'NONE',  ( -6.964094444374437032, -12.16480439569328276, 18.19903874160841895 ) ) ;
#843 = DIRECTION ( 'NONE',  ( -0.000000000000000000, -0.000000000000000000, 1.000000000000000000 ) ) ;
#844 = ORIENTED_EDGE ( 'NONE', *, *, #1800, .T. ) ;
#845 = CARTESIAN_POINT ( 'NONE',  ( 12.84999999999999964, -14.00000000000000000, -18.50000000000000355 ) ) ;
#846 = ORIENTED_EDGE ( 'NONE', *, *, #810, .F. ) ;
#847 = DIRECTION ( 'NONE',  ( 0.000000000000000000, 0.000000000000000000, 1.000000000000000000 ) ) ;
#848 = CARTESIAN_POINT ( 'NONE',  ( -6.988041017315460124, 12.13128196126062797, -5.470319824402936959 ) ) ;
#849 = AXIS2_PLACEMENT_3D ( 'NONE', #1465, #770, #1048 ) ;
#850 = CARTESIAN_POINT ( 'NONE',  ( -12.84999999999999964, -14.00000000000000000, -18.50000000000000355 ) ) ;
#851 = EDGE_LOOP ( 'NONE', ( #990, #77 ) ) ;
#852 = AXIS2_PLACEMENT_3D ( 'NONE', #468, #74, #1596 ) ;
#853 = DIRECTION ( 'NONE',  ( 0.000000000000000000, -0.2588190451025213501, -0.9659258262890680902 ) ) ;
#854 = DIRECTION ( 'NONE',  ( 1.000000000000000000, -0.000000000000000000, -0.000000000000000000 ) ) ;
#855 = STYLED_ITEM ( 'NONE', ( #1768 ), #1673 ) ;
#856 = EDGE_LOOP ( 'NONE', ( #703, #72, #1561, #1400 ) ) ;
#857 = PLANE ( 'NONE',  #767 ) ;
#858 = ORIENTED_EDGE ( 'NONE', *, *, #496, .F. ) ;
#859 = AXIS2_PLACEMENT_3D ( 'NONE', #1371, #1678, #273 ) ;
#860 = CARTESIAN_POINT ( 'NONE',  ( 8.572528340588090273E-16, 14.00000000000000000, -11.99999999999999822 ) ) ;
#861 = CIRCLE ( 'NONE', #71, 11.00000000000000000 ) ;
#862 = DIRECTION ( 'NONE',  ( 1.000000000000000000, 0.000000000000000000, 0.000000000000000000 ) ) ;
#863 = ORIENTED_EDGE ( 'NONE', *, *, #436, .F. ) ;
#864 = AXIS2_PLACEMENT_3D ( 'NONE', #1178, #484, #758 ) ;
#865 = EDGE_CURVE ( 'NONE', #1121, #378, #900, .T. ) ;
#866 = CARTESIAN_POINT ( 'NONE',  ( -12.85000000000000675, -88.40430500224600507, 34.93657343875080556 ) ) ;
#867 = VERTEX_POINT ( 'NONE', #1760 ) ;
#868 = CARTESIAN_POINT ( 'NONE',  ( 6.942162027263714563, 12.15759449200590758, -5.927968707012188254 ) ) ;
#869 = EDGE_LOOP ( 'NONE', ( #1283, #1590 ) ) ;
#870 = LINE ( 'NONE', #969, #798 ) ;
#871 = ADVANCED_FACE ( 'NONE', ( #768 ), #493, .F. ) ;
#872 = CARTESIAN_POINT ( 'NONE',  ( -6.943260849218646946, 12.15696611975206132, -4.080518371157472401 ) ) ;
#873 = CARTESIAN_POINT ( 'NONE',  ( 3.125922474900096670, 13.65327980178492240, -11.27982602130549772 ) ) ;
#874 = CIRCLE ( 'NONE', #1583, 19.50973036476806755 ) ;
#875 = CARTESIAN_POINT ( 'NONE',  ( -14.84999999999999964, -24.50000000000000000, 17.39999999999999858 ) ) ;
#876 = ORIENTED_EDGE ( 'NONE', *, *, #1304, .F. ) ;
#877 = FACE_OUTER_BOUND ( 'NONE', #1779, .T. ) ;
#878 = ORIENTED_EDGE ( 'NONE', *, *, #734, .F. ) ;
#879 = EDGE_LOOP ( 'NONE', ( #254, #735 ) ) ;
#880 = CARTESIAN_POINT ( 'NONE',  ( 9.301561090329794723, -69.40197154939473023, 33.09902618641606864 ) ) ;
#881 = EDGE_CURVE ( 'NONE', #1441, #1042, #1054, .T. ) ;
#882 = CARTESIAN_POINT ( 'NONE',  ( -14.80000000000001315, -76.36403862425828493, -1.789606213886616004 ) ) ;
#883 = CARTESIAN_POINT ( 'NONE',  ( 0.000000000000000000, 16.00000000000000000, -4.999999999999997335 ) ) ;
#884 = VERTEX_POINT ( 'NONE', #1197 ) ;
#885 = CIRCLE ( 'NONE', #1113, 8.500000000000001776 ) ;
#886 = CARTESIAN_POINT ( 'NONE',  ( 12.84999999999999964, -24.50000000000000000, 10.99999999999999645 ) ) ;
#887 = VECTOR ( 'NONE', #366, 1000.000000000000000 ) ;
#888 = ORIENTED_EDGE ( 'NONE', *, *, #110, .F. ) ;
#889 = ORIENTED_EDGE ( 'NONE', *, *, #360, .F. ) ;
#890 = DIRECTION ( 'NONE',  ( -0.000000000000000000, -0.2588190451025213501, -0.9659258262890680902 ) ) ;
#891 = CARTESIAN_POINT ( 'NONE',  ( -1.851711996957600581, 13.88451294299129657, 1.766549387819411843 ) ) ;
#892 = AXIS2_PLACEMENT_3D ( 'NONE', #232, #1608, #1622 ) ;
#893 = CARTESIAN_POINT ( 'NONE',  ( 11.85462461613857421, -88.40430500224601928, 35.78815623089904818 ) ) ;
#894 = VERTEX_POINT ( 'NONE', #972 ) ;
#895 = FACE_OUTER_BOUND ( 'NONE', #612, .T. ) ;
#896 = ORIENTED_EDGE ( 'NONE', *, *, #175, .F. ) ;
#897 = ORIENTED_EDGE ( 'NONE', *, *, #1206, .T. ) ;
#898 = CARTESIAN_POINT ( 'NONE',  ( 0.000000000000000000, 14.00000000000000000, -4.999999999999997335 ) ) ;
#899 = FACE_OUTER_BOUND ( 'NONE', #793, .T. ) ;
#900 = LINE ( 'NONE', #611, #1180 ) ;
#901 = EDGE_CURVE ( 'NONE', #683, #5, #578, .T. ) ;
#902 = CARTESIAN_POINT ( 'NONE',  ( -12.84999999999999964, 0.000000000000000000, 0.000000000000000000 ) ) ;
#903 = ORIENTED_EDGE ( 'NONE', *, *, #6, .T. ) ;
#904 = FACE_OUTER_BOUND ( 'NONE', #1266, .T. ) ;
#905 = CARTESIAN_POINT ( 'NONE',  ( 8.623249547906558732, -6.834134247581518551, 3.129467624873354836 ) ) ;
#906 = ORIENTED_EDGE ( 'NONE', *, *, #1096, .T. ) ;
#907 = CARTESIAN_POINT ( 'NONE',  ( 14.84999999999999964, -24.50000000000000000, 10.99999999999999645 ) ) ;
#908 = CARTESIAN_POINT ( 'NONE',  ( -2.500000000000000888, -76.36403862425828493, 29.26867919841587451 ) ) ;
#909 = CARTESIAN_POINT ( 'NONE',  ( -11.00000000000000000, 1.347111479062088405E-15, -25.00000000000000000 ) ) ;
#910 = ORIENTED_EDGE ( 'NONE', *, *, #574, .F. ) ;
#911 = AXIS2_PLACEMENT_3D ( 'NONE', #1526, #106, #668 ) ;
#912 = PLANE ( 'NONE',  #892 ) ;
#913 = CARTESIAN_POINT ( 'NONE',  ( 8.500000000000001776, -76.36403862425828493, 46.42906647289413513 ) ) ;
#914 = EDGE_LOOP ( 'NONE', ( #1149, #1495, #1520, #228 ) ) ;
#915 = CARTESIAN_POINT ( 'NONE',  ( -2.289103849135312618, 13.81827032806890543, 1.630913664191385726 ) ) ;
#916 = AXIS2_PLACEMENT_3D ( 'NONE', #1816, #162, #1379 ) ;
#917 = DIRECTION ( 'NONE',  ( 0.000000000000000000, 0.000000000000000000, 1.000000000000000000 ) ) ;
#918 = CIRCLE ( 'NONE', #446, 4.000000000000000888 ) ;
#919 = DIRECTION ( 'NONE',  ( -0.000000000000000000, -0.000000000000000000, -1.000000000000000000 ) ) ;
#920 = VECTOR ( 'NONE', #1434, 1000.000000000000000 ) ;
#921 = B_SPLINE_CURVE_WITH_KNOTS ( 'NONE', 3,
 ( #1087, #1657, #1231, #1080 ),
 .UNSPECIFIED., .F., .F.,
 ( 4, 4 ),
 ( 0.001627618604147093410, 0.004938632125164747581 ),
 .UNSPECIFIED. ) ;
#922 = CARTESIAN_POINT ( 'NONE',  ( 2.500000000000000888, -76.36403862425828493, -25.00000000000000000 ) ) ;
#923 = DIRECTION ( 'NONE',  ( 0.000000000000000000, 1.000000000000000000, 0.000000000000000000 ) ) ;
#924 = ORIENTED_EDGE ( 'NONE', *, *, #495, .F. ) ;
#925 = EDGE_CURVE ( 'NONE', #219, #1550, #122, .T. ) ;
#926 = CARTESIAN_POINT ( 'NONE',  ( -2.647484964296038523, 10.68069765994351172, -9.546431526269469003 ) ) ;
#927 = CARTESIAN_POINT ( 'NONE',  ( 1.710226133400298165, 10.87108789494782179, -0.02432389453427307238 ) ) ;
#928 = EDGE_CURVE ( 'NONE', #1152, #48, #1649, .T. ) ;
#929 = DIRECTION ( 'NONE',  ( 0.000000000000000000, 0.9659258262890680902, -0.2588190451025214056 ) ) ;
#930 = DIRECTION ( 'NONE',  ( 1.000000000000000000, 0.000000000000000000, 0.000000000000000000 ) ) ;
#931 = CARTESIAN_POINT ( 'NONE',  ( 12.84999999999999787, -5.556752648804875960, 12.73763869075104971 ) ) ;
#932 = FILL_AREA_STYLE ('',( #1202 ) ) ;
#933 = EDGE_LOOP ( 'NONE', ( #1466, #637, #878, #173 ) ) ;
#934 = CARTESIAN_POINT ( 'NONE',  ( -4.710971050101300683, 9.941240966527669087, -7.342130351890512330 ) ) ;
#935 = CARTESIAN_POINT ( 'NONE',  ( 5.179912185430210592, 9.704124923528517854, -4.127473464938772096 ) ) ;
#936 = EDGE_CURVE ( 'NONE', #828, #966, #666, .T. ) ;
#937 = CARTESIAN_POINT ( 'NONE',  ( -2.500000000000000888, -76.36403862425828493, -25.00000000000000000 ) ) ;
#938 = DIRECTION ( 'NONE',  ( 0.000000000000000000, 0.9659258262890682012, -0.2588190451025212946 ) ) ;
#939 = CARTESIAN_POINT ( 'NONE',  ( 0.000000000000000000, 0.000000000000000000, 25.00000000000000000 ) ) ;
#940 = CARTESIAN_POINT ( 'NONE',  ( -12.84999999999999964, -24.50000000000000000, 10.99999999999999645 ) ) ;
#941 = ORIENTED_EDGE ( 'NONE', *, *, #865, .T. ) ;
#942 = CIRCLE ( 'NONE', #185, 6.400000000000001243 ) ;
#943 = CARTESIAN_POINT ( 'NONE',  ( -14.84999999999999964, -24.50000000000000000, 14.99999999999999645 ) ) ;
#944 = CARTESIAN_POINT ( 'NONE',  ( -0.6694218495345778397, -61.57545946293248562, 32.73891155791747565 ) ) ;
#945 = VECTOR ( 'NONE', #890, 1000.000000000000000 ) ;
#946 = LINE ( 'NONE', #954, #1301 ) ;
#947 = ADVANCED_FACE ( 'NONE', ( #547 ), #667, .F. ) ;
#948 = DIRECTION ( 'NONE',  ( 0.000000000000000000, -0.9659258262890680902, 0.2588190451025214611 ) ) ;
#949 = CARTESIAN_POINT ( 'NONE',  ( -1.742699365190532405E-15, -5.175966054964367125, 17.63560723044288636 ) ) ;
#950 = EDGE_LOOP ( 'NONE', ( #318, #737, #451, #1212 ) ) ;
#951 = CARTESIAN_POINT ( 'NONE',  ( 10.45000000000000284, -61.25661360247858767, 25.22065686411626118 ) ) ;
#952 = AXIS2_PLACEMENT_3D ( 'NONE', #1282, #426, #994 ) ;
#953 = CARTESIAN_POINT ( 'NONE',  ( -10.30833238480274083, -65.73953417837881830, 30.82868889441375515 ) ) ;
#954 = CARTESIAN_POINT ( 'NONE',  ( -14.84999999999999964, -24.50000000000000000, 17.39999999999999858 ) ) ;
#955 = EDGE_CURVE ( 'NONE', #43, #487, #686, .T. ) ;
#956 = DIRECTION ( 'NONE',  ( -0.000000000000000000, 0.9659258262890682012, -0.2588190451025211836 ) ) ;
#957 = CIRCLE ( 'NONE', #169, 8.500000000000001776 ) ;
#958 = ORIENTED_EDGE ( 'NONE', *, *, #1086, .T. ) ;
#959 = CARTESIAN_POINT ( 'NONE',  ( -10.45000000000000107, -24.50000000000000000, 10.99999999999999645 ) ) ;
#960 = ORIENTED_EDGE ( 'NONE', *, *, #18, .T. ) ;
#961 = DIRECTION ( 'NONE',  ( 2.891205793294678696E-17, -0.9659258262890680902, 0.2588190451025213501 ) ) ;
#962 = CARTESIAN_POINT ( 'NONE',  ( -3.280157530710065217, -61.91725027213261967, 32.56541507055089113 ) ) ;
#963 = CARTESIAN_POINT ( 'NONE',  ( 0.000000000000000000, 16.00000000000000000, -4.999999999999997335 ) ) ;
#964 = CARTESIAN_POINT ( 'NONE',  ( 14.84999999999999964, -24.50000000000000000, 17.39999999999999858 ) ) ;
#965 = CARTESIAN_POINT ( 'NONE',  ( -4.169120494154785916, 10.18140358941220569, -1.791209331333327937 ) ) ;
#966 = VERTEX_POINT ( 'NONE', #1810 ) ;
#967 = FACE_BOUND ( 'NONE', #1428, .T. ) ;
#968 = ORIENTED_EDGE ( 'NONE', *, *, #1501, .F. ) ;
#969 = CARTESIAN_POINT ( 'NONE',  ( 12.84999999999999964, -14.00000000000000000, 15.00000000000000178 ) ) ;
#970 = EDGE_CURVE ( 'NONE', #219, #43, #601, .T. ) ;
#971 = AXIS2_PLACEMENT_3D ( 'NONE', #1047, #917, #1330 ) ;
#972 = CARTESIAN_POINT ( 'NONE',  ( 0.000000000000000000, 16.00000000000000000, -10.24999999999999822 ) ) ;
#973 = CARTESIAN_POINT ( 'NONE',  ( 6.624093512310246901, 12.33399043001722717, -7.274763286220533587 ) ) ;
#974 = CARTESIAN_POINT ( 'NONE',  ( 2.634526810243952077, -61.74072607816272296, 32.65354988778839385 ) ) ;
#975 = CARTESIAN_POINT ( 'NONE',  ( -2.481024617886216088, -76.36403862425828493, -1.789606213886619335 ) ) ;
#976 = CARTESIAN_POINT ( 'NONE',  ( -0.3526851928683488180, 10.99999999999999822, -10.24999999999999645 ) ) ;
#977 = CARTESIAN_POINT ( 'NONE',  ( 14.84999999999999964, -24.50000000000000000, 10.99999999999999645 ) ) ;
#978 = AXIS2_PLACEMENT_3D ( 'NONE', #772, #1343, #225 ) ;
#979 = VERTEX_POINT ( 'NONE', #1788 ) ;
#980 = DIRECTION ( 'NONE',  ( 1.000000000000000000, 0.000000000000000000, 0.000000000000000000 ) ) ;
#981 = EDGE_CURVE ( 'NONE', #894, #628, #1676, .T. ) ;
#982 = FACE_OUTER_BOUND ( 'NONE', #346, .T. ) ;
#983 = CARTESIAN_POINT ( 'NONE',  ( 6.544932448493800514, 12.37634312135560144, -7.493316938439928521 ) ) ;
#984 = EDGE_CURVE ( 'NONE', #1817, #291, #1369, .T. ) ;
#985 = CARTESIAN_POINT ( 'NONE',  ( 0.000000000000000000, -76.36403862425828493, 36.42906647289413513 ) ) ;
#986 = CARTESIAN_POINT ( 'NONE',  ( 12.84999999999999964, -88.37628862425825105, 34.92906647289414224 ) ) ;
#987 = DIRECTION ( 'NONE',  ( 0.000000000000000000, -0.2588190451025213501, -0.9659258262890680902 ) ) ;
#988 = ORIENTED_EDGE ( 'NONE', *, *, #1489, .T. ) ;
#989 = CARTESIAN_POINT ( 'NONE',  ( 6.758141155933622635, 12.26105784784366648, -3.161225324477963117 ) ) ;
#990 = ORIENTED_EDGE ( 'NONE', *, *, #309, .T. ) ;
#991 = CARTESIAN_POINT ( 'NONE',  ( -8.484783431250262353, -7.006049478293745025, 2.902686092789291017 ) ) ;
#992 = CARTESIAN_POINT ( 'NONE',  ( -5.274290101812860954, 12.97294165674741073, -9.624306793748132804 ) ) ;
#993 = ADVANCED_FACE ( 'NONE', ( #1773 ), #99, .F. ) ;
#994 = DIRECTION ( 'NONE',  ( 1.000000000000000000, 0.000000000000000000, -0.000000000000000000 ) ) ;
#995 = ORIENTED_EDGE ( 'NONE', *, *, #594, .F. ) ;
#996 = DIRECTION ( 'NONE',  ( 1.000000000000000000, -0.000000000000000000, -0.000000000000000000 ) ) ;
#997 = CARTESIAN_POINT ( 'NONE',  ( -12.84999999999999787, -5.556752648804883066, -20.76236130924895207 ) ) ;
#998 = ORIENTED_EDGE ( 'NONE', *, *, #110, .T. ) ;
#999 = DIRECTION ( 'NONE',  ( 1.000000000000000000, 0.000000000000000000, 0.000000000000000000 ) ) ;
#1000 = EDGE_LOOP ( 'NONE', ( #1568, #1542 ) ) ;
#1001 = CARTESIAN_POINT ( 'NONE',  ( 0.3521721750315502941, 11.00000000000000355, -10.25000000000000178 ) ) ;
#1002 = CARTESIAN_POINT ( 'NONE',  ( 12.84999999999999964, -69.02118495555424715, -3.757117924555768873 ) ) ;
#1003 = AXIS2_PLACEMENT_3D ( 'NONE', #497, #470, #1056 ) ;
#1004 = CARTESIAN_POINT ( 'NONE',  ( 0.000000000000000000, 0.000000000000000000, -25.00000000000000000 ) ) ;
#1005 = ORIENTED_EDGE ( 'NONE', *, *, #1185, .T. ) ;
#1006 = CARTESIAN_POINT ( 'NONE',  ( -14.80000000000001315, -76.36403862425828493, 36.42906647289413513 ) ) ;
#1007 = VECTOR ( 'NONE', #1531, 1000.000000000000227 ) ;
#1008 = ORIENTED_EDGE ( 'NONE', *, *, #1199, .T. ) ;
#1009 = CARTESIAN_POINT ( 'NONE',  ( 6.988631480582046862, 12.13094173893569128, -5.462352206216976036 ) ) ;
#1010 = EDGE_CURVE ( 'NONE', #803, #1581, #812, .T. ) ;
#1011 = ORIENTED_EDGE ( 'NONE', *, *, #936, .T. ) ;
#1012 = CARTESIAN_POINT ( 'NONE',  ( -4.639019695076241234, 13.21343435962611856, -10.26135397682773132 ) ) ;
#1013 = FACE_OUTER_BOUND ( 'NONE', #1588, .T. ) ;
#1014 = ORIENTED_EDGE ( 'NONE', *, *, #1365, .T. ) ;
#1015 = VECTOR ( 'NONE', #1414, 1000.000000000000227 ) ;
#1016 = CARTESIAN_POINT ( 'NONE',  ( -2.613681085689314010, -13.75901221761747983, 19.75863290634950786 ) ) ;
#1017 = ORIENTED_EDGE ( 'NONE', *, *, #466, .F. ) ;
#1018 = ORIENTED_EDGE ( 'NONE', *, *, #539, .F. ) ;
#1019 = CARTESIAN_POINT ( 'NONE',  ( -1.742699365190532405E-15, -5.175966054964367125, 17.63560723044288636 ) ) ;
#1020 = DIRECTION ( 'NONE',  ( 0.000000000000000000, 0.9659258262890680902, -0.2588190451025214056 ) ) ;
#1021 = AXIS2_PLACEMENT_3D ( 'NONE', #638, #1204, #1020 ) ;
#1022 = LINE ( 'NONE', #850, #1015 ) ;
#1023 = VERTEX_POINT ( 'NONE', #797 ) ;
#1024 = CARTESIAN_POINT ( 'NONE',  ( 10.44999999999999396, -61.25661360247858767, 25.22065686411626118 ) ) ;
#1025 = ORIENTED_EDGE ( 'NONE', *, *, #1068, .T. ) ;
#1026 = VERTEX_POINT ( 'NONE', #251 ) ;
#1027 = CARTESIAN_POINT ( 'NONE',  ( 1.855512040711576827, -10.84897101931371566, -0.8396660025320116238 ) ) ;
#1028 = CYLINDRICAL_SURFACE ( 'NONE', #1630, 14.80000000000001315 ) ;
#1029 =( BOUNDED_SURFACE ( )  B_SPLINE_SURFACE ( 3, 1, ( 
 ( #1669, #399 ),
 ( #1812, #1528 ),
 ( #262, #823 ),
 ( #587, #866 ) ),
 .UNSPECIFIED., .F., .F., .T. ) 
 B_SPLINE_SURFACE_WITH_KNOTS ( ( 4, 4 ),
 ( 2, 2 ),
 ( 0.000000000000000000, 1.000000000000000000 ),
 ( 0.000000000000000000, 1.000000000000000000 ),
 .UNSPECIFIED. ) 
 GEOMETRIC_REPRESENTATION_ITEM ( )  RATIONAL_B_SPLINE_SURFACE ( (
 ( 1.000000000000000000, 1.000000000000000000),
 ( 0.9996042789403981610, 0.9996042789403981610),
 ( 0.9996042789403981610, 0.9996042789403981610),
 ( 1.000000000000000000, 1.000000000000000000) ) ) 
 REPRESENTATION_ITEM ( '' )  SURFACE ( )  );
#1030 = ADVANCED_FACE ( 'NONE', ( #982 ), #38, .F. ) ;
#1031 = CARTESIAN_POINT ( 'NONE',  ( 11.85462461613857421, -83.67887591497451183, 34.52198132307410816 ) ) ;
#1032 = ORIENTED_EDGE ( 'NONE', *, *, #496, .T. ) ;
#1033 = DIRECTION ( 'NONE',  ( -0.000000000000000000, 0.2588190451025213501, 0.9659258262890680902 ) ) ;
#1034 = ORIENTED_EDGE ( 'NONE', *, *, #81, .F. ) ;
#1035 = VERTEX_POINT ( 'NONE', #1144 ) ;
#1036 = CARTESIAN_POINT ( 'NONE',  ( -1.938163647495952047, -10.83441297723873831, -0.8293018815523874876 ) ) ;
#1037 = PRESENTATION_LAYER_ASSIGNMENT (  '', '', ( #855 ) ) ;
#1038 = CARTESIAN_POINT ( 'NONE',  ( 12.85000000000000142, -83.70689229296230849, 0.1779054967825451361 ) ) ;
#1039 = EDGE_CURVE ( 'NONE', #117, #780, #1694, .T. ) ;
#1040 = CARTESIAN_POINT ( 'NONE',  ( 10.45000000000000107, -3.434748899119112853, -25.00000000000000000 ) ) ;
#1041 = FACE_OUTER_BOUND ( 'NONE', #754, .T. ) ;
#1042 = VERTEX_POINT ( 'NONE', #133 ) ;
#1043 = CARTESIAN_POINT ( 'NONE',  ( 10.48606201333029730, -9.297242100945540599, 15.59401015329313900 ) ) ;
#1044 = CARTESIAN_POINT ( 'NONE',  ( 0.7188849918345366907, -10.98306519274287218, -0.9339894585274682859 ) ) ;
#1045 = ORIENTED_EDGE ( 'NONE', *, *, #925, .T. ) ;
#1046 = CARTESIAN_POINT ( 'NONE',  ( 14.80000000000001315, -76.36403862425828493, -1.789606213886616004 ) ) ;
#1047 = CARTESIAN_POINT ( 'NONE',  ( 0.000000000000000000, 0.000000000000000000, -25.00000000000000000 ) ) ;
#1048 = DIRECTION ( 'NONE',  ( -1.000000000000000000, 0.000000000000000000, 0.000000000000000000 ) ) ;
#1049 = ORIENTED_EDGE ( 'NONE', *, *, #1112, .T. ) ;
#1050 = CARTESIAN_POINT ( 'NONE',  ( 10.05690003176073688, -9.760544877358006133, 15.99539371496606854 ) ) ;
#1051 = CARTESIAN_POINT ( 'NONE',  ( 12.85000000000000497, -5.175966054964367125, 12.63560723044288281 ) ) ;
#1052 = ORIENTED_EDGE ( 'NONE', *, *, #1110, .F. ) ;
#1053 = CARTESIAN_POINT ( 'NONE',  ( -11.00000000000000000, 1.347111479062088405E-15, 25.00000000000000000 ) ) ;
#1054 = LINE ( 'NONE', #477, #328 ) ;
#1055 = EDGE_CURVE ( 'NONE', #256, #979, #575, .T. ) ;
#1056 = DIRECTION ( 'NONE',  ( 0.000000000000000000, 0.000000000000000000, -1.000000000000000000 ) ) ;
#1057 = VECTOR ( 'NONE', #1648, 1000.000000000000000 ) ;
#1058 = FACE_BOUND ( 'NONE', #1246, .T. ) ;
#1059 = DIRECTION ( 'NONE',  ( -0.000000000000000000, -0.000000000000000000, -1.000000000000000000 ) ) ;
#1060 = EDGE_LOOP ( 'NONE', ( #924, #1692 ) ) ;
#1061 = CARTESIAN_POINT ( 'NONE',  ( 14.84999999999999964, -24.50000000000000000, 14.99999999999999645 ) ) ;
#1062 = CARTESIAN_POINT ( 'NONE',  ( 5.241143872270801474, 9.671132426470114396, -4.648878986210838171 ) ) ;
#1063 =( GEOMETRIC_REPRESENTATION_CONTEXT ( 3 ) GLOBAL_UNCERTAINTY_ASSIGNED_CONTEXT ( ( #1658 ) ) GLOBAL_UNIT_ASSIGNED_CONTEXT ( ( #1820, #1436, #1137 ) ) REPRESENTATION_CONTEXT ( 'NONE', 'WORKASPACE' ) );
#1064 = LINE ( 'NONE', #1753, #75 ) ;
#1065 = AXIS2_PLACEMENT_3D ( 'NONE', #886, #1450, #1305 ) ;
#1066 = DIRECTION ( 'NONE',  ( 0.000000000000000000, 1.000000000000000000, 0.000000000000000000 ) ) ;
#1067 = DIRECTION ( 'NONE',  ( 0.000000000000000000, 0.000000000000000000, -1.000000000000000000 ) ) ;
#1068 = EDGE_CURVE ( 'NONE', #1121, #1042, #1722, .T. ) ;
#1069 = CARTESIAN_POINT ( 'NONE',  ( -9.301561090329794723, -5.175966054964367125, 15.88971988110656852 ) ) ;
#1070 = ORIENTED_EDGE ( 'NONE', *, *, #266, .T. ) ;
#1071 = DIRECTION ( 'NONE',  ( 0.000000000000000000, 0.9659258262890680902, -0.2588190451025213501 ) ) ;
#1072 = CARTESIAN_POINT ( 'NONE',  ( 3.474586620478170573, 10.43994970807000300, -8.950396116729701035 ) ) ;
#1073 = CARTESIAN_POINT ( 'NONE',  ( -12.16995547388040322, -67.91775849728564651, 30.05003173928428595 ) ) ;
#1074 = CARTESIAN_POINT ( 'NONE',  ( 12.17000864960735562, -67.91736121417814331, 30.05005007477031853 ) ) ;
#1075 = CARTESIAN_POINT ( 'NONE',  ( 1.880779410515311723, -13.87809575158828146, 19.87770535018012907 ) ) ;
#1076 = CARTESIAN_POINT ( 'NONE',  ( 11.00000000000000000, 0.000000000000000000, -25.00000000000000000 ) ) ;
#1077 = ORIENTED_EDGE ( 'NONE', *, *, #1289, .T. ) ;
#1078 = DIRECTION ( 'NONE',  ( 0.000000000000000000, 0.000000000000000000, 1.000000000000000000 ) ) ;
#1079 = CARTESIAN_POINT ( 'NONE',  ( -10.07623815239301734, -65.51909076876545157, 30.91719703063067826 ) ) ;
#1080 = CARTESIAN_POINT ( 'NONE',  ( 12.84999999999999964, -88.37628862425825105, 34.92906647289414224 ) ) ;
#1081 = CARTESIAN_POINT ( 'NONE',  ( -12.84999999999999964, -14.00000000000000000, -18.50000000000000355 ) ) ;
#1082 = CARTESIAN_POINT ( 'NONE',  ( 12.84999999999999609, -83.70689229296232270, 36.42906647289413513 ) ) ;
#1083 = ORIENTED_EDGE ( 'NONE', *, *, #1442, .F. ) ;
#1084 = CARTESIAN_POINT ( 'NONE',  ( 3.213117234275761014, 10.52431038987975853, -0.8342547021094761650 ) ) ;
#1085 = DIRECTION ( 'NONE',  ( -0.000000000000000000, -0.2588190451025213501, -0.9659258262890680902 ) ) ;
#1086 = EDGE_CURVE ( 'NONE', #691, #683, #1243, .T. ) ;
#1087 = CARTESIAN_POINT ( 'NONE',  ( 11.86073290505262889, -85.21632730883031570, 34.92906647289414224 ) ) ;
#1088 = AXIS2_PLACEMENT_3D ( 'NONE', #1589, #853, #49 ) ;
#1089 = CARTESIAN_POINT ( 'NONE',  ( -14.80000000000001315, -76.36403862425828493, -1.789606213886616004 ) ) ;
#1090 = AXIS2_PLACEMENT_3D ( 'NONE', #82, #1603, #339 ) ;
#1091 = CARTESIAN_POINT ( 'NONE',  ( 10.45000000000000107, -3.434748899119120846, 9.727334911989414579 ) ) ;
#1092 = ORIENTED_EDGE ( 'NONE', *, *, #281, .F. ) ;
#1093 = CARTESIAN_POINT ( 'NONE',  ( -6.374483681945189772, -62.99118339433142211, 32.03780773836554374 ) ) ;
#1094 = DIRECTION ( 'NONE',  ( -0.000000000000000000, -0.9659258262890679791, 0.2588190451025217387 ) ) ;
#1095 = FACE_OUTER_BOUND ( 'NONE', #645, .T. ) ;
#1096 = EDGE_CURVE ( 'NONE', #552, #1322, #1703, .T. ) ;
#1097 = CARTESIAN_POINT ( 'NONE',  ( -10.45000000000000107, -3.434748899119113297, -25.00000000000000000 ) ) ;
#1098 = AXIS2_PLACEMENT_3D ( 'NONE', #1, #843, #1361 ) ;
#1099 = ORIENTED_EDGE ( 'NONE', *, *, #1125, .T. ) ;
#1100 = CARTESIAN_POINT ( 'NONE',  ( -12.84999999999999964, -88.37628862425825105, 1.429066472894133355 ) ) ;
#1101 = ORIENTED_EDGE ( 'NONE', *, *, #1767, .F. ) ;
#1102 = CARTESIAN_POINT ( 'NONE',  ( 12.84999999999999964, -14.00000000000000000, 15.00000000000000178 ) ) ;
#1103 = CARTESIAN_POINT ( 'NONE',  ( -2.481024617886216088, -68.59946727118264675, 27.18816857478542204 ) ) ;
#1104 = LINE ( 'NONE', #538, #1057 ) ;
#1105 = ADVANCED_FACE ( 'NONE', ( #20, #1279 ), #433, .F. ) ;
#1106 = CARTESIAN_POINT ( 'NONE',  ( -12.84999999999999964, -69.02118495555424715, -3.757117924555773314 ) ) ;
#1107 = CARTESIAN_POINT ( 'NONE',  ( -5.078176144173330187, 9.757976941272293203, -3.623598561465584567 ) ) ;
#1108 = ORIENTED_EDGE ( 'NONE', *, *, #1477, .F. ) ;
#1109 = CARTESIAN_POINT ( 'NONE',  ( 2.287831308287837206, 13.81851818481761818, 1.631440227431681045 ) ) ;
#1110 = EDGE_CURVE ( 'NONE', #52, #1430, #603, .T. ) ;
#1111 = EDGE_LOOP ( 'NONE', ( #1715, #448 ) ) ;
#1112 = EDGE_CURVE ( 'NONE', #1717, #1287, #462, .T. ) ;
#1113 = AXIS2_PLACEMENT_3D ( 'NONE', #676, #100, #375 ) ;
#1114 = VECTOR ( 'NONE', #55, 1000.000000000000000 ) ;
#1115 = CARTESIAN_POINT ( 'NONE',  ( -10.45000000000000107, -61.25661360247858767, 25.22065686411626118 ) ) ;
#1116 = CARTESIAN_POINT ( 'NONE',  ( 4.632645668331893951, 13.21566655017660707, -10.26690706636150097 ) ) ;
#1117 = CARTESIAN_POINT ( 'NONE',  ( 11.86073290505262889, -85.21632730883031570, 34.92906647289414224 ) ) ;
#1118 = AXIS2_PLACEMENT_3D ( 'NONE', #545, #1684, #1267 ) ;
#1119 = LINE ( 'NONE', #1377, #156 ) ;
#1120 = CARTESIAN_POINT ( 'NONE',  ( -5.215013303603782013, 9.685538094490439676, -5.697428406184645411 ) ) ;
#1121 = VERTEX_POINT ( 'NONE', #467 ) ;
#1122 = CARTESIAN_POINT ( 'NONE',  ( 1.838963537382061197, 13.88616226227450312, 1.769922092196426489 ) ) ;
#1123 = CIRCLE ( 'NONE', #859, 6.400000000000001243 ) ;
#1124 = ORIENTED_EDGE ( 'NONE', *, *, #93, .F. ) ;
#1125 = EDGE_CURVE ( 'NONE', #760, #1522, #449, .T. ) ;
#1126 = CARTESIAN_POINT ( 'NONE',  ( 1.384938558938642261, 10.91779637352063759, -10.07587299666761638 ) ) ;
#1127 = CARTESIAN_POINT ( 'NONE',  ( -0.9361508787771279927, 13.97610199769879635, -11.95254071563472742 ) ) ;
#1128 = APPLICATION_PROTOCOL_DEFINITION ( 'draft international standard', 'automotive_design', 1998, #786 ) ;
#1129 = CARTESIAN_POINT ( 'NONE',  ( -5.193968811620688797, -95.39728816185385085, 3.310337629052171327 ) ) ;
#1130 = CARTESIAN_POINT ( 'NONE',  ( -7.540306142450130977, -11.81452042832918359, 17.86545102424682696 ) ) ;
#1131 = FACE_OUTER_BOUND ( 'NONE', #1706, .T. ) ;
#1132 = ORIENTED_EDGE ( 'NONE', *, *, #709, .T. ) ;
#1133 = LINE ( 'NONE', #845, #1623 ) ;
#1134 = EDGE_LOOP ( 'NONE', ( #148, #1052 ) ) ;
#1135 = CARTESIAN_POINT ( 'NONE',  ( -6.521640765004445228, -8.864572659942785648, 0.8112286385384680498 ) ) ;
#1136 = DIRECTION ( 'NONE',  ( -0.000000000000000000, -0.000000000000000000, -1.000000000000000000 ) ) ;
#1137 =( NAMED_UNIT ( * ) SI_UNIT ( $, .STERADIAN. ) SOLID_ANGLE_UNIT ( ) );
#1138 = LINE ( 'NONE', #1147, #4 ) ;
#1139 = EDGE_CURVE ( 'NONE', #189, #825, #1758, .T. ) ;
#1140 = ORIENTED_EDGE ( 'NONE', *, *, #1585, .T. ) ;
#1141 = CARTESIAN_POINT ( 'NONE',  ( -12.84999999999999609, -69.02118495555423294, 36.42906647289413513 ) ) ;
#1142 = CARTESIAN_POINT ( 'NONE',  ( 0.000000000000000000, 0.000000000000000000, 25.00000000000000000 ) ) ;
#1143 = ORIENTED_EDGE ( 'NONE', *, *, #1176, .F. ) ;
#1145 = CIRCLE ( 'NONE', #1268, 4.000000000000000888 ) ;
#1144 = CARTESIAN_POINT ( 'NONE',  ( 6.429395695523605139E-16, 16.00000000000000000, 0.2500000000000036637 ) ) ;
#1146 = CARTESIAN_POINT ( 'NONE',  ( 6.816129556169072679, 12.22878263191259407, -6.610516212170627348 ) ) ;
#1147 = CARTESIAN_POINT ( 'NONE',  ( 12.84999999999999964, -88.37628862425825105, 34.92906647289414224 ) ) ;
#1148 = EDGE_CURVE ( 'NONE', #1026, #291, #750, .T. ) ;
#1149 = ORIENTED_EDGE ( 'NONE', *, *, #789, .T. ) ;
#1150 = CARTESIAN_POINT ( 'NONE',  ( -11.64937225372611707, -7.790171202855845856, 14.35491052436571557 ) ) ;
#1151 = AXIS2_PLACEMENT_3D ( 'NONE', #440, #15, #692 ) ;
#1152 = VERTEX_POINT ( 'NONE', #186 ) ;
#1153 = ORIENTED_EDGE ( 'NONE', *, *, #1476, .F. ) ;
#1154 = CARTESIAN_POINT ( 'NONE',  ( 5.913619826876730379, -9.281288806813472902, 0.4207174536099542173 ) ) ;
#1155 = VECTOR ( 'NONE', #996, 1000.000000000000000 ) ;
#1156 = CARTESIAN_POINT ( 'NONE',  ( -5.558844587318703567, 12.85208173536866383, -9.278272138584988227 ) ) ;
#1157 = VECTOR ( 'NONE', #722, 1000.000000000000000 ) ;
#1158 = SHAPE_DEFINITION_REPRESENTATION ( #494, #32 ) ;
#1159 = DIRECTION ( 'NONE',  ( -0.000000000000000000, -0.9659258262890682012, 0.2588190451025211836 ) ) ;
#1160 = VERTEX_POINT ( 'NONE', #1320 ) ;
#1161 = CARTESIAN_POINT ( 'NONE',  ( -12.84999999999999787, -5.556752648804883066, 12.73763869075104971 ) ) ;
#1162 = EDGE_LOOP ( 'NONE', ( #1191, #333 ) ) ;
#1163 = AXIS2_PLACEMENT_3D ( 'NONE', #1237, #1382, #1516 ) ;
#1164 = EDGE_CURVE ( 'NONE', #413, #1165, #861, .T. ) ;
#1165 = VERTEX_POINT ( 'NONE', #1053 ) ;
#1166 = CARTESIAN_POINT ( 'NONE',  ( 14.84999999999999964, -24.50000000000000000, 4.599999999999994316 ) ) ;
#1167 = CARTESIAN_POINT ( 'NONE',  ( -4.288913207632469415, 13.33256867769583209, 0.5506135378396108671 ) ) ;
#1168 = CARTESIAN_POINT ( 'NONE',  ( -12.84999999999999964, -69.02118495555424715, 29.74288207544422846 ) ) ;
#1169 = VERTEX_POINT ( 'NONE', #1471 ) ;
#1170 = B_SPLINE_CURVE_WITH_KNOTS ( 'NONE', 3,
 ( #1387, #147, #1627, #1814 ),
 .UNSPECIFIED., .F., .F.,
 ( 4, 4 ),
 ( 1.777562605088863971E-17, 0.002191807180193224101 ),
 .UNSPECIFIED. ) ;
#1171 = FACE_BOUND ( 'NONE', #571, .T. ) ;
#1172 = ORIENTED_EDGE ( 'NONE', *, *, #485, .F. ) ;
#1173 = ORIENTED_EDGE ( 'NONE', *, *, #799, .F. ) ;
#1174 = ADVANCED_FACE ( 'NONE', ( #1611 ), #1028, .T. ) ;
#1175 = CARTESIAN_POINT ( 'NONE',  ( 7.231642698771919342, -8.295002006186940946, 1.387562467023834678 ) ) ;
#1176 = EDGE_CURVE ( 'NONE', #1042, #867, #1778, .T. ) ;
#1177 = CARTESIAN_POINT ( 'NONE',  ( 0.000000000000000000, -76.36403862425828493, 46.42906647289413513 ) ) ;
#1178 = CARTESIAN_POINT ( 'NONE',  ( 0.000000000000000000, 0.000000000000000000, 25.00000000000000000 ) ) ;
#1179 = DIRECTION ( 'NONE',  ( 0.000000000000000000, 0.000000000000000000, -1.000000000000000000 ) ) ;
#1180 = VECTOR ( 'NONE', #47, 1000.000000000000227 ) ;
#1181 = ORIENTED_EDGE ( 'NONE', *, *, #281, .T. ) ;
#1182 = CARTESIAN_POINT ( 'NONE',  ( 0.7506439183973724338, -13.98497401448708821, 19.98490066456586689 ) ) ;
#1183 = CARTESIAN_POINT ( 'NONE',  ( 3.672793573260863198, -10.39442404774839979, -0.5090554376778272383 ) ) ;
#1184 = VECTOR ( 'NONE', #1478, 1000.000000000000000 ) ;
#1185 = EDGE_CURVE ( 'NONE', #189, #58, #1186, .T. ) ;
#1186 = LINE ( 'NONE', #610, #362 ) ;
#1187 = PRODUCT_RELATED_PRODUCT_CATEGORY ( 'part', '', ( #624 ) ) ;
#1188 = AXIS2_PLACEMENT_3D ( 'NONE', #391, #1224, #678 ) ;
#1189 = LINE ( 'NONE', #751, #150 ) ;
#1190 = DIRECTION ( 'NONE',  ( 0.000000000000000000, -0.000000000000000000, 1.000000000000000000 ) ) ;
#1191 = ORIENTED_EDGE ( 'NONE', *, *, #1251, .T. ) ;
#1192 = AXIS2_PLACEMENT_3D ( 'NONE', #1004, #1567, #862 ) ;
#1193 = CARTESIAN_POINT ( 'NONE',  ( 2.984234676559075705, -13.69853404274732078, 19.69816272173527238 ) ) ;
#1194 = CARTESIAN_POINT ( 'NONE',  ( 10.23234899302239853, -4.053925124815276781, 7.812487017322282234 ) ) ;
#1195 = ORIENTED_EDGE ( 'NONE', *, *, #1139, .F. ) ;
#1196 = FACE_OUTER_BOUND ( 'NONE', #671, .T. ) ;
#1197 = CARTESIAN_POINT ( 'NONE',  ( 12.84999999999999964, -83.70689229296230849, 33.67790549678255019 ) ) ;
#1198 = AXIS2_PLACEMENT_3D ( 'NONE', #410, #229, #429 ) ;
#1199 = EDGE_CURVE ( 'NONE', #577, #1581, #685, .T. ) ;
#1200 = CARTESIAN_POINT ( 'NONE',  ( -12.21197383191344699, -86.26267447225646379, 34.92906647289353828 ) ) ;
#1201 = CARTESIAN_POINT ( 'NONE',  ( 12.30024302932693381, -6.716168824952529093, 13.53947149150886808 ) ) ;
#1202 = FILL_AREA_STYLE_COLOUR ( '', #1599 ) ;
#1203 = VERTEX_POINT ( 'NONE', #1620 ) ;
#1204 = DIRECTION ( 'NONE',  ( -0.000000000000000000, -0.2588190451025213501, -0.9659258262890680902 ) ) ;
#1205 = CARTESIAN_POINT ( 'NONE',  ( -11.00000000000000000, 1.347111479062088405E-15, -25.00000000000000000 ) ) ;
#1206 = EDGE_CURVE ( 'NONE', #1275, #1440, #829, .T. ) ;
#1207 = CARTESIAN_POINT ( 'NONE',  ( -7.163476299627622446, -18.70684842740699594, -17.23880376498059164 ) ) ;
#1208 =( BOUNDED_SURFACE ( )  B_SPLINE_SURFACE ( 3, 1, ( 
 ( #949, #670 ),
 ( #248, #532 ),
 ( #1069, #216 ),
 ( #1344, #1644 ) ),
 .UNSPECIFIED., .F., .F., .F. ) 
 B_SPLINE_SURFACE_WITH_KNOTS ( ( 4, 4 ),
 ( 2, 2 ),
 ( 0.000000000000000000, 1.000000000000000000 ),
 ( 0.000000000000000000, 1.000000000000000000 ),
 .UNSPECIFIED. ) 
 GEOMETRIC_REPRESENTATION_ITEM ( )  RATIONAL_B_SPLINE_SURFACE ( (
 ( 1.000000000000000000, 1.000000000000000000),
 ( 0.9546244019124339175, 0.9546244019124339175),
 ( 0.9546244019124339175, 0.9546244019124339175),
 ( 1.000000000000000000, 1.000000000000000000) ) ) 
 REPRESENTATION_ITEM ( '' )  SURFACE ( )  );
#1209 = VECTOR ( 'NONE', #1094, 1000.000000000000114 ) ;
#1210 = CARTESIAN_POINT ( 'NONE',  ( 8.572528340588090273E-16, 14.00000000000000000, -11.99999999999999822 ) ) ;
#1211 =( LENGTH_UNIT ( ) NAMED_UNIT ( * ) SI_UNIT ( .MILLI., .METRE. ) );
#1212 = ORIENTED_EDGE ( 'NONE', *, *, #1039, .F. ) ;
#1213 = CARTESIAN_POINT ( 'NONE',  ( 0.000000000000000000, -76.36403862425828493, 36.42906647289413513 ) ) ;
#1214 = CARTESIAN_POINT ( 'NONE',  ( 4.171243555632253575, 10.18051745783347606, -8.205910793654950908 ) ) ;
#1215 = DIRECTION ( 'NONE',  ( 0.000000000000000000, 1.000000000000000000, 0.000000000000000000 ) ) ;
#1216 = CARTESIAN_POINT ( 'NONE',  ( -12.85000000000000142, -88.37628862425825105, 34.92906647289414224 ) ) ;
#1217 =( BOUNDED_SURFACE ( )  B_SPLINE_SURFACE ( 3, 1, ( 
 ( #585, #203 ),
 ( #348, #505 ),
 ( #356, #331 ),
 ( #1031, #893 ) ),
 .UNSPECIFIED., .F., .F., .F. ) 
 B_SPLINE_SURFACE_WITH_KNOTS ( ( 4, 4 ),
 ( 2, 2 ),
 ( 0.000000000000000000, 1.000000000000000000 ),
 ( 0.000000000000000000, 1.000000000000000000 ),
 .UNSPECIFIED. ) 
 GEOMETRIC_REPRESENTATION_ITEM ( )  RATIONAL_B_SPLINE_SURFACE ( (
 ( 1.000000000000000000, 1.000000000000000000),
 ( 0.9996042789404020468, 0.9996042789404020468),
 ( 0.9996042789404020468, 0.9996042789404020468),
 ( 1.000000000000000000, 1.000000000000000000) ) ) 
 REPRESENTATION_ITEM ( '' )  SURFACE ( )  );
#1218 = CARTESIAN_POINT ( 'NONE',  ( 10.45000000000000107, -75.94232093988665611, 29.15568028545457935 ) ) ;
#1219 = CARTESIAN_POINT ( 'NONE',  ( -2.500000000000001776, -81.36403862425828493, 30.60842516057148899 ) ) ;
#1220 = ORIENTED_EDGE ( 'NONE', *, *, #1325, .T. ) ;
#1221 = CARTESIAN_POINT ( 'NONE',  ( 12.84999999999999964, 0.000000000000000000, 0.000000000000000000 ) ) ;
#1222 = DIRECTION ( 'NONE',  ( 1.000000000000000000, -0.000000000000000000, -0.000000000000000000 ) ) ;
#1223 = CARTESIAN_POINT ( 'NONE',  ( 4.225796698970314402, -62.17631444656188933, 32.43608111062817301 ) ) ;
#1224 = DIRECTION ( 'NONE',  ( -0.000000000000000000, -0.000000000000000000, -1.000000000000000000 ) ) ;
#1225 = FACE_BOUND ( 'NONE', #311, .T. ) ;
#1226 = ORIENTED_EDGE ( 'NONE', *, *, #464, .F. ) ;
#1227 = ADVANCED_FACE ( 'NONE', ( #899 ), #1463, .T. ) ;
#1228 = ADVANCED_FACE ( 'NONE', ( #1196 ), #757, .F. ) ;
#1229 = CARTESIAN_POINT ( 'NONE',  ( 1.380789613369860058, 10.91833894118052761, 0.07703765480529514709 ) ) ;
#1230 = DIRECTION ( 'NONE',  ( -0.000000000000000000, -0.2588190451025213501, -0.9659258262890680902 ) ) ;
#1231 = CARTESIAN_POINT ( 'NONE',  ( 12.54033119752259040, -87.31644875549440599, 34.92906647289414934 ) ) ;
#1232 = DIRECTION ( 'NONE',  ( -1.000000000000000000, 0.000000000000000000, 0.000000000000000000 ) ) ;
#1233 = DIRECTION ( 'NONE',  ( -0.000000000000000000, -0.2588190451025213501, -0.9659258262890680902 ) ) ;
#1234 = CIRCLE ( 'NONE', #500, 7.000000000000000000 ) ;
#1235 = ORIENTED_EDGE ( 'NONE', *, *, #1393, .F. ) ;
#1236 = CARTESIAN_POINT ( 'NONE',  ( 0.7006114730862736950, 10.98297995785610937, 0.2145982461241268124 ) ) ;
#1237 = CARTESIAN_POINT ( 'NONE',  ( 7.517776060891136147, -68.59946727118264675, 27.18816857478542204 ) ) ;
#1238 = CIRCLE ( 'NONE', #443, 14.00000000000000000 ) ;
#1239 = CARTESIAN_POINT ( 'NONE',  ( 10.45000000000000107, -88.37628862425819420, 1.429066472894126250 ) ) ;
#1240 = CIRCLE ( 'NONE', #1088, 17.00000000000000000 ) ;
#1241 = LINE ( 'NONE', #1366, #1310 ) ;
#1242 = CARTESIAN_POINT ( 'NONE',  ( -4.550389281474080505, 10.01682169295195202, -7.640580356297703268 ) ) ;
#1243 = CIRCLE ( 'NONE', #44, 14.80000000000001315 ) ;
#1244 = ORIENTED_EDGE ( 'NONE', *, *, #1546, .F. ) ;
#1245 = CARTESIAN_POINT ( 'NONE',  ( 0.9328556210376226510, 13.97630386247865886, 1.952942716327275008 ) ) ;
#1246 = EDGE_LOOP ( 'NONE', ( #14, #1653 ) ) ;
#1247 = LINE ( 'NONE', #298, #1795 ) ;
#1248 = EDGE_CURVE ( 'NONE', #43, #595, #1742, .T. ) ;
#1249 = CARTESIAN_POINT ( 'NONE',  ( -10.98081877938959394, -66.42075626688020407, 30.56373218903103961 ) ) ;
#1250 = CARTESIAN_POINT ( 'NONE',  ( 8.051604533396947261, -63.92907757120240575, 31.60001181816141624 ) ) ;
#1251 = EDGE_CURVE ( 'NONE', #628, #1336, #1591, .T. ) ;
#1252 = CYLINDRICAL_SURFACE ( 'NONE', #1198, 5.250000000000000888 ) ;
#1253 = AXIS2_PLACEMENT_3D ( 'NONE', #293, #854, #13 ) ;
#1254 = ORIENTED_EDGE ( 'NONE', *, *, #18, .F. ) ;
#1255 = CARTESIAN_POINT ( 'NONE',  ( 3.532730894413382838, 13.55265715054576781, 1.060292826428516078 ) ) ;
#1256 = EDGE_LOOP ( 'NONE', ( #701, #1172, #179, #910, #693, #888, #765, #1747 ) ) ;
#1257 = CARTESIAN_POINT ( 'NONE',  ( -10.23437177730628811, -4.048236822373945110, 7.824996746447803631 ) ) ;
#1258 = CARTESIAN_POINT ( 'NONE',  ( -6.368817062707605281, 12.46787584209252842, -7.913699227350503129 ) ) ;
#1259 = CARTESIAN_POINT ( 'NONE',  ( 4.285671796227577879, 13.33375035888178495, -10.55353766091848478 ) ) ;
#1260 = DIRECTION ( 'NONE',  ( 0.000000000000000000, 0.000000000000000000, 1.000000000000000000 ) ) ;
#1261 = EDGE_CURVE ( 'NONE', #291, #58, #874, .T. ) ;
#1262 = FACE_BOUND ( 'NONE', #1111, .T. ) ;
#1263 = CARTESIAN_POINT ( 'NONE',  ( 6.429391841010940829E-16, 11.00000000000000000, 0.2500000000000024425 ) ) ;
#1264 = ORIENTED_EDGE ( 'NONE', *, *, #1112, .F. ) ;
#1265 = CARTESIAN_POINT ( 'NONE',  ( 12.84999999999999964, -88.37628862425822263, 1.429066472894133355 ) ) ;
#1266 = EDGE_LOOP ( 'NONE', ( #608, #130 ) ) ;
#1267 = DIRECTION ( 'NONE',  ( 0.000000000000000000, 0.9659258262890680902, -0.2588190451025213501 ) ) ;
#1268 = AXIS2_PLACEMENT_3D ( 'NONE', #613, #930, #1179 ) ;
#1269 = CARTESIAN_POINT ( 'NONE',  ( -2.283155776888801558, 13.81940874560416965, -11.63332646423958039 ) ) ;
#1270 = CARTESIAN_POINT ( 'NONE',  ( 1.612190693176623890, 13.90876286141241991, -11.81581215034361243 ) ) ;
#1271 = PLANE ( 'NONE',  #237 ) ;
#1272 = CIRCLE ( 'NONE', #1737, 6.400000000000001243 ) ;
#1273 = CARTESIAN_POINT ( 'NONE',  ( -12.59240519672917991, -6.152441071744120471, 13.13348145279928403 ) ) ;
#1274 = CARTESIAN_POINT ( 'NONE',  ( -3.477828387541621158, 10.43880924527435994, -8.947262183808486924 ) ) ;
#1275 = VERTEX_POINT ( 'NONE', #1638 ) ;
#1276 = ORIENTED_EDGE ( 'NONE', *, *, #777, .T. ) ;
#1277 = CARTESIAN_POINT ( 'NONE',  ( -9.358164523291444326, -5.796910535233571693, 4.627499156111523959 ) ) ;
#1278 = ADVANCED_FACE ( 'NONE', ( #1805 ), #824, .F. ) ;
#1279 = FACE_OUTER_BOUND ( 'NONE', #142, .T. ) ;
#1280 = CARTESIAN_POINT ( 'NONE',  ( 2.280432359755674820, 13.81482194384381579, -11.62214752654883121 ) ) ;
#1281 = AXIS2_PLACEMENT_3D ( 'NONE', #715, #22, #576 ) ;
#1282 = CARTESIAN_POINT ( 'NONE',  ( 0.000000000000000000, 0.000000000000000000, 25.00000000000000000 ) ) ;
#1283 = ORIENTED_EDGE ( 'NONE', *, *, #1790, .T. ) ;
#1284 = CARTESIAN_POINT ( 'NONE',  ( 0.000000000000000000, 0.000000000000000000, -25.00000000000000000 ) ) ;
#1285 = ORIENTED_EDGE ( 'NONE', *, *, #1010, .F. ) ;
#1286 = FACE_OUTER_BOUND ( 'NONE', #1313, .T. ) ;
#1287 = VERTEX_POINT ( 'NONE', #784 ) ;
#1288 = CARTESIAN_POINT ( 'NONE',  ( -9.946609194479638205, -4.711215615787593514, 6.506749035694983974 ) ) ;
#1289 = EDGE_CURVE ( 'NONE', #884, #691, #1170, .T. ) ;
#1290 = EDGE_CURVE ( 'NONE', #1671, #1441, #1433, .T. ) ;
#1291 = CARTESIAN_POINT ( 'NONE',  ( 14.80000000000001315, -73.77373189074317850, -2.483676811280887353 ) ) ;
#1292 = FACE_OUTER_BOUND ( 'NONE', #747, .T. ) ;
#1293 = VERTEX_POINT ( 'NONE', #1061 ) ;
#1294 = CARTESIAN_POINT ( 'NONE',  ( -2.979384595647157408, -13.68423180390246152, 19.68398762562769377 ) ) ;
#1295 = ORIENTED_EDGE ( 'NONE', *, *, #1585, .F. ) ;
#1296 = ORIENTED_EDGE ( 'NONE', *, *, #619, .T. ) ;
#1297 = CARTESIAN_POINT ( 'NONE',  ( -0.4198077142549411223, -10.99854670054374317, -0.9447076763799162613 ) ) ;
#1299 = AXIS2_PLACEMENT_3D ( 'NONE', #1331, #1632, #1190 ) ;
#1298 = CARTESIAN_POINT ( 'NONE',  ( -24.16370849898475726, -24.50000000000000000, 6.999999999999994671 ) ) ;
#1300 = CARTESIAN_POINT ( 'NONE',  ( 6.759428363123674899, 12.26034514160945399, -6.833927771742049018 ) ) ;
#1301 = VECTOR ( 'NONE', #1518, 1000.000000000000000 ) ;
#1302 = CARTESIAN_POINT ( 'NONE',  ( -24.16370849898475726, -24.50000000000000000, 10.99999999999999645 ) ) ;
#1303 = VERTEX_POINT ( 'NONE', #127 ) ;
#1304 = EDGE_CURVE ( 'NONE', #825, #1303, #371, .T. ) ;
#1305 = DIRECTION ( 'NONE',  ( 0.000000000000000000, 0.000000000000000000, 1.000000000000000000 ) ) ;
#1306 = CIRCLE ( 'NONE', #618, 4.000000000000000000 ) ;
#1307 = ORIENTED_EDGE ( 'NONE', *, *, #818, .F. ) ;
#1308 = ORIENTED_EDGE ( 'NONE', *, *, #308, .F. ) ;
#1309 = FACE_OUTER_BOUND ( 'NONE', #748, .T. ) ;
#1310 = VECTOR ( 'NONE', #126, 1000.000000000000000 ) ;
#1311 = CARTESIAN_POINT ( 'NONE',  ( -3.539864437400646047, 13.55070196753313994, 1.055860542803047197 ) ) ;
#1312 = B_SPLINE_CURVE_WITH_KNOTS ( 'NONE', 3,
 ( #164, #694, #1257, #1288, #278, #1277, #143, #7, #991, #565, #19, #1552, #288, #712, #1135, #721, #27, #583, #327, #1749, #1462, #1036, #46, #481, #1297, #590, #1044, #1319, #1027, #344, #1183, #1609, #1335, #609, #1154, #53, #454, #1175, #739, #1618, #1443, #1740, #905, #626, #1718, #1469, #208, #1194, #183, #490 ),
 .UNSPECIFIED., .F., .F.,
 ( 4, 2, 2, 2, 2, 2, 2, 2, 2, 2, 2, 2, 2, 2, 2, 2, 2, 2, 2, 2, 2, 2, 2, 2, 4 ),
 ( 1.069355368659044572E-17, 0.002248406793408863451, 0.004496813586817715626, 0.006745220380226567801, 0.007869423776930992154, 0.008993627173635417374, 0.01011783057033984086, 0.01124203396704426608, 0.01349044076045311305, 0.01461464415715753654, 0.01573884755386196002, 0.01686305095056638698, 0.01798725434727081046, 0.01911145774397523395, 0.02023566114067965396, 0.02248406793408850093, 0.02360827133079292442, 0.02473247472749734790, 0.02585667812420176792, 0.02698088152090619141, 0.02810508491761061489, 0.02922928831431503491, 0.03147769510772387841, 0.03372610190113273232, 0.03597450869454157235 ),
 .UNSPECIFIED. ) ;
#1313 = EDGE_LOOP ( 'NONE', ( #858, #337 ) ) ;
#1314 = ADVANCED_FACE ( 'NONE', ( #364 ), #1252, .F. ) ;
#1315 = FACE_OUTER_BOUND ( 'NONE', #1352, .T. ) ;
#1316 = ORIENTED_EDGE ( 'NONE', *, *, #1125, .F. ) ;
#1317 = ADVANCED_FACE ( 'NONE', ( #1131 ), #570, .F. ) ;
#1318 = ORIENTED_EDGE ( 'NONE', *, *, #1448, .T. ) ;
#1319 = CARTESIAN_POINT ( 'NONE',  ( 1.475400664151243157, -10.90723198340197797, -0.8807467118888676616 ) ) ;
#1320 = CARTESIAN_POINT ( 'NONE',  ( -14.84999999999999964, -24.50000000000000000, 4.599999999999994316 ) ) ;
#1321 = LINE ( 'NONE', #1205, #1114 ) ;
#1322 = VERTEX_POINT ( 'NONE', #997 ) ;
#1323 = DIRECTION ( 'NONE',  ( 0.000000000000000000, 0.9659258262890680902, -0.2588190451025213501 ) ) ;
#1324 = EDGE_LOOP ( 'NONE', ( #41, #1690, #350, #1626 ) ) ;
#1325 = EDGE_CURVE ( 'NONE', #1817, #189, #546, .T. ) ;
#1326 = DIRECTION ( 'NONE',  ( 0.000000000000000000, 0.000000000000000000, 1.000000000000000000 ) ) ;
#1327 = LINE ( 'NONE', #913, #1184 ) ;
#1328 = B_SPLINE_CURVE_WITH_KNOTS ( 'NONE', 3,
 ( #1216, #86, #1200, #357 ),
 .UNSPECIFIED., .F., .F.,
 ( 4, 4 ),
 ( 2.907926436840383405E-17, 0.003311013521007544202 ),
 .UNSPECIFIED. ) ;
#1329 = CARTESIAN_POINT ( 'NONE',  ( -0.4702633803841792526, 14.00000000000000178, 2.000000000000002665 ) ) ;
#1330 = DIRECTION ( 'NONE',  ( 1.000000000000000000, 0.000000000000000000, 0.000000000000000000 ) ) ;
#1331 = CARTESIAN_POINT ( 'NONE',  ( 0.000000000000000000, 16.00000000000000000, -4.999999999999997335 ) ) ;
#1332 = ORIENTED_EDGE ( 'NONE', *, *, #1289, .F. ) ;
#1333 = CARTESIAN_POINT ( 'NONE',  ( -10.45000000000000107, -69.02118495555423294, -3.757117924555779975 ) ) ;
#1334 = VECTOR ( 'NONE', #1513, 1000.000000000000000 ) ;
#1335 = CARTESIAN_POINT ( 'NONE',  ( 5.004999251004696781, -9.801718567822979011, -0.03206263560656413131 ) ) ;
#1336 = VERTEX_POINT ( 'NONE', #1560 ) ;
#1337 = CARTESIAN_POINT ( 'NONE',  ( 14.84999999999999964, -24.50000000000000000, 10.99999999999999645 ) ) ;
#1338 = CIRCLE ( 'NONE', #978, 14.80000000000001492 ) ;
#1339 = ADVANCED_FACE ( 'NONE', ( #160 ), #1362, .T. ) ;
#1340 = CARTESIAN_POINT ( 'NONE',  ( 14.84999999999999964, -24.50000000000000000, 17.39999999999999858 ) ) ;
#1341 = PLANE ( 'NONE',  #1299 ) ;
#1342 = AXIS2_PLACEMENT_3D ( 'NONE', #1631, #620, #929 ) ;
#1343 = DIRECTION ( 'NONE',  ( 0.000000000000000000, 0.000000000000000000, 1.000000000000000000 ) ) ;
#1344 = CARTESIAN_POINT ( 'NONE',  ( -12.85000000000000675, -5.175966054964367125, 12.63560723044288281 ) ) ;
#1345 = EDGE_LOOP ( 'NONE', ( #453, #1619, #439, #1264, #1470, #589, #501, #1332, #752, #1143 ) ) ;
#1346 = DIRECTION ( 'NONE',  ( 0.000000000000000000, 0.000000000000000000, 1.000000000000000000 ) ) ;
#1347 = FACE_BOUND ( 'NONE', #1134, .T. ) ;
#1348 = B_SPLINE_CURVE_WITH_KNOTS ( 'NONE', 3,
 ( #149, #118, #1245, #1122, #1109, #1807, #1255, #543, #1681, #265, #1672, #412, #553, #1541, #276, #702, #3, #563, #422, #989, #172, #307, #1571, #1431, #1009, #868, #177, #1146, #1300, #973, #983, #1413, #1425, #155, #714, #10, #557, #1116, #1259, #280, #873, #145, #1280, #445, #1270, #1554, #134, #1392 ),
 .UNSPECIFIED., .F., .F.,
 ( 4, 2, 2, 2, 2, 2, 2, 2, 2, 2, 2, 2, 2, 2, 2, 2, 2, 2, 2, 2, 2, 2, 2, 4 ),
 ( 1.615332199118407852E-19, 0.001391680000210391123, 0.002783360000420781813, 0.004175040000631174454, 0.004870880000736370341, 0.005566720000841567095, 0.006262560000946764717, 0.006958400001051960604, 0.008350080001262352378, 0.009045920001367550867, 0.009741760001472745886, 0.01113344000168313766, 0.01182928000178833268, 0.01252512000189352943, 0.01322096000199872445, 0.01391680000210391774, 0.01530848000231430778, 0.01600432000241950453, 0.01670016000252469782, 0.01809184000273509133, 0.01948352000294548483, 0.02017936000305068159, 0.02087520000315587487, 0.02226688000336626491 ),
 .UNSPECIFIED. ) ;
#1349 = FACE_OUTER_BOUND ( 'NONE', #933, .T. ) ;
#1350 = CARTESIAN_POINT ( 'NONE',  ( 12.59319828832917665, -6.150607046063286454, 13.13226271870405526 ) ) ;
#1351 = CYLINDRICAL_SURFACE ( 'NONE', #1508, 7.000000000000000000 ) ;
#1352 = EDGE_LOOP ( 'NONE', ( #1407, #1532, #472, #889 ) ) ;
#1353 = DIRECTION ( 'NONE',  ( -1.000000000000000000, 0.000000000000000000, 0.000000000000000000 ) ) ;
#1354 = CARTESIAN_POINT ( 'NONE',  ( 4.712531965125816846, 9.940511151440279747, -7.339341048420657820 ) ) ;
#1355 = DIRECTION ( 'NONE',  ( 0.000000000000000000, -1.000000000000000000, 0.000000000000000000 ) ) ;
#1356 = CARTESIAN_POINT ( 'NONE',  ( 12.84999999999999787, -5.556752648804883066, -20.76236130924895207 ) ) ;
#1357 = EDGE_CURVE ( 'NONE', #1581, #577, #227, .T. ) ;
#1358 = AXIS2_PLACEMENT_3D ( 'NONE', #1302, #11, #1555 ) ;
#1359 = ORIENTED_EDGE ( 'NONE', *, *, #309, .F. ) ;
#1360 = ORIENTED_EDGE ( 'NONE', *, *, #1477, .T. ) ;
#1361 = DIRECTION ( 'NONE',  ( 1.000000000000000000, 0.000000000000000000, 0.000000000000000000 ) ) ;
#1362 = CYLINDRICAL_SURFACE ( 'NONE', #458, 7.000000000000000000 ) ;
#1363 = CARTESIAN_POINT ( 'NONE',  ( -9.347010851582975732, -64.88464216452915423, 31.18069968548893556 ) ) ;
#1364 = CARTESIAN_POINT ( 'NONE',  ( 11.38958214409850456, -66.89129412309556244, 30.39115440864694762 ) ) ;
#1365 = EDGE_CURVE ( 'NONE', #1570, #325, #488, .T. ) ;
#1366 = CARTESIAN_POINT ( 'NONE',  ( 8.572527594031473190E-16, 6.000000000000007105, -11.99999999999999645 ) ) ;
#1367 = EDGE_LOOP ( 'NONE', ( #995, #525, #1610, #491 ) ) ;
#1368 = CARTESIAN_POINT ( 'NONE',  ( 3.477983051990191310, 10.43877965863886104, -1.052764256609367344 ) ) ;
#1369 = LINE ( 'NONE', #659, #1578 ) ;
#1370 = CARTESIAN_POINT ( 'NONE',  ( 10.45000000000000107, -80.61171727118255603, 30.40684126156616784 ) ) ;
#1371 = CARTESIAN_POINT ( 'NONE',  ( -14.84999999999999964, -24.50000000000000000, 10.99999999999999645 ) ) ;
#1372 = DIRECTION ( 'NONE',  ( 0.000000000000000000, 0.000000000000000000, 1.000000000000000000 ) ) ;
#1373 = ORIENTED_EDGE ( 'NONE', *, *, #936, .F. ) ;
#1374 = CARTESIAN_POINT ( 'NONE',  ( -10.45000000000000107, -24.50000000000000000, 14.99999999999999645 ) ) ;
#1375 = DIRECTION ( 'NONE',  ( -0.000000000000000000, -0.2588190451025213501, -0.9659258262890680902 ) ) ;
#1376 = CARTESIAN_POINT ( 'NONE',  ( 12.84999999999999964, -69.02118495555424715, 29.74288207544422846 ) ) ;
#1377 = CARTESIAN_POINT ( 'NONE',  ( -10.45000000000000107, -69.02118495555423294, -3.757117924555779975 ) ) ;
#1378 = VERTEX_POINT ( 'NONE', #521 ) ;
#1379 = DIRECTION ( 'NONE',  ( 0.000000000000000000, 1.000000000000000000, 0.000000000000000000 ) ) ;
#1380 = VERTEX_POINT ( 'NONE', #943 ) ;
#1381 = PLANE ( 'NONE',  #394 ) ;
#1382 = DIRECTION ( 'NONE',  ( -0.000000000000000000, -0.2588190451025213501, -0.9659258262890680902 ) ) ;
#1383 = AXIS2_PLACEMENT_3D ( 'NONE', #704, #152, #847 ) ;
#1384 = DIRECTION ( 'NONE',  ( -1.000000000000000000, 0.000000000000000000, 0.000000000000000000 ) ) ;
#1385 = VECTOR ( 'NONE', #306, 1000.000000000000000 ) ;
#1386 = DIRECTION ( 'NONE',  ( 0.000000000000000000, 0.000000000000000000, 1.000000000000000000 ) ) ;
#1387 = CARTESIAN_POINT ( 'NONE',  ( 12.84999999999999964, -83.70689229296230849, 33.67790549678255019 ) ) ;
#1388 = CARTESIAN_POINT ( 'NONE',  ( -12.84999999999999964, -83.70689229296230849, 0.1779054967825429712 ) ) ;
#1389 = VERTEX_POINT ( 'NONE', #1507 ) ;
#1390 = DIRECTION ( 'NONE',  ( -0.000000000000000000, -0.9659258262890682012, 0.2588190451025211836 ) ) ;
#1391 = CARTESIAN_POINT ( 'NONE',  ( -6.271120385235038341, 12.51748730766182938, -8.118466857004900561 ) ) ;
#1392 = CARTESIAN_POINT ( 'NONE',  ( 8.572528340588090273E-16, 14.00000000000000000, -11.99999999999999822 ) ) ;
#1393 = EDGE_CURVE ( 'NONE', #370, #219, #1787, .T. ) ;
#1394 = VECTOR ( 'NONE', #1230, 1000.000000000000000 ) ;
#1395 = CARTESIAN_POINT ( 'NONE',  ( 6.361800114763846103, -62.98537750738545071, 32.04059838959756235 ) ) ;
#1396 = PLANE ( 'NONE',  #1481 ) ;
#1397 = CARTESIAN_POINT ( 'NONE',  ( -1.379854268746658175, 10.91855805773599819, 0.07751264878261533708 ) ) ;
#1398 = VERTEX_POINT ( 'NONE', #1374 ) ;
#1399 = CARTESIAN_POINT ( 'NONE',  ( -2.314551895038532468E-15, 22.12553866568406491, 10.32019108839063826 ) ) ;
#1400 = ORIENTED_EDGE ( 'NONE', *, *, #955, .T. ) ;
#1401 = CARTESIAN_POINT ( 'NONE',  ( 2.188533756347344372, 10.78129563648628775, -9.775182433141123894 ) ) ;
#1402 = CARTESIAN_POINT ( 'NONE',  ( -5.938846939105911993, 12.67868879240602631, -1.287735605395888827 ) ) ;
#1403 = DIRECTION ( 'NONE',  ( 0.000000000000000000, 0.000000000000000000, 1.000000000000000000 ) ) ;
#1404 = CYLINDRICAL_SURFACE ( 'NONE', #1358, 4.000000000000000888 ) ;
#1405 = CARTESIAN_POINT ( 'NONE',  ( -5.715413294166657998, -12.78515242279274133, 18.79828725327573125 ) ) ;
#1406 = CARTESIAN_POINT ( 'NONE',  ( -4.547883649176394982, 10.01794884488991144, -2.355258507215166830 ) ) ;
#1407 = ORIENTED_EDGE ( 'NONE', *, *, #732, .F. ) ;
#1408 = DIRECTION ( 'NONE',  ( 1.000000000000000000, 0.000000000000000000, -0.000000000000000000 ) ) ;
#1409 = ORIENTED_EDGE ( 'NONE', *, *, #190, .F. ) ;
#1410 = CARTESIAN_POINT ( 'NONE',  ( 8.795657022520694947E-16, 11.00000000000000355, -10.25000000000000355 ) ) ;
#1411 = VECTOR ( 'NONE', #1781, 1000.000000000000000 ) ;
#1412 = CARTESIAN_POINT ( 'NONE',  ( 0.000000000000000000, -67.65975405055588965, 26.93637317620163785 ) ) ;
#1413 = CARTESIAN_POINT ( 'NONE',  ( 6.278605848515364407, 12.51475720301761640, -8.128927778396731085 ) ) ;
#1414 = DIRECTION ( 'NONE',  ( -0.000000000000000000, 0.9659258262890682012, -0.2588190451025211836 ) ) ;
#1415 = VERTEX_POINT ( 'NONE', #1515 ) ;
#1416 = VECTOR ( 'NONE', #1534, 1000.000000000000227 ) ;
#1417 = CARTESIAN_POINT ( 'NONE',  ( -9.366303402961390745, -10.41042436898732149, 16.57320261831156571 ) ) ;
#1418 = DIRECTION ( 'NONE',  ( 0.000000000000000000, 0.9659258262890680902, -0.2588190451025212946 ) ) ;
#1419 = FACE_OUTER_BOUND ( 'NONE', #1592, .T. ) ;
#1420 = EDGE_CURVE ( 'NONE', #1389, #103, #957, .T. ) ;
#1421 = ADVANCED_FACE ( 'NONE', ( #526 ), #1381, .F. ) ;
#1422 = ORIENTED_EDGE ( 'NONE', *, *, #1248, .T. ) ;
#1423 = DIRECTION ( 'NONE',  ( 0.000000000000000000, 0.000000000000000000, -1.000000000000000000 ) ) ;
#1424 = DIRECTION ( 'NONE',  ( -0.000000000000000000, -0.000000000000000000, -1.000000000000000000 ) ) ;
#1425 = CARTESIAN_POINT ( 'NONE',  ( 6.063134439455860836, 12.62202092714201029, -8.527521222346688745 ) ) ;
#1426 = VECTOR ( 'NONE', #1728, 1000.000000000000000 ) ;
#1427 = CARTESIAN_POINT ( 'NONE',  ( 8.795657022520694947E-16, 11.00000000000000355, -10.25000000000000355 ) ) ;
#1428 = EDGE_LOOP ( 'NONE', ( #315, #903 ) ) ;
#1429 = DIRECTION ( 'NONE',  ( 0.000000000000000000, 0.000000000000000000, 1.000000000000000000 ) ) ;
#1430 = VERTEX_POINT ( 'NONE', #242 ) ;
#1431 = CARTESIAN_POINT ( 'NONE',  ( 7.000221730440959078, 12.12422763693258077, -5.226170825830008582 ) ) ;
#1432 = ORIENTED_EDGE ( 'NONE', *, *, #511, .T. ) ;
#1433 = CIRCLE ( 'NONE', #1667, 14.80000000000001492 ) ;
#1434 = DIRECTION ( 'NONE',  ( -0.000000000000000000, -0.2588190451025213501, -0.9659258262890680902 ) ) ;
#1435 = CARTESIAN_POINT ( 'NONE',  ( -6.908342849784755657, 12.17692745912339447, -3.847274551420206468 ) ) ;
#1436 =( NAMED_UNIT ( * ) PLANE_ANGLE_UNIT ( ) SI_UNIT ( $, .RADIAN. ) );
#1437 = DIRECTION ( 'NONE',  ( 0.000000000000000000, 1.000000000000000000, 0.000000000000000000 ) ) ;
#1438 = EDGE_LOOP ( 'NONE', ( #482, #1558, #1244, #968 ) ) ;
#1439 = CARTESIAN_POINT ( 'NONE',  ( 12.84999999999999787, -5.556752648804875960, 12.73763869075104971 ) ) ;
#1440 = VERTEX_POINT ( 'NONE', #1797 ) ;
#1441 = VERTEX_POINT ( 'NONE', #1665 ) ;
#1442 = EDGE_CURVE ( 'NONE', #1336, #628, #1498, .T. ) ;
#1443 = CARTESIAN_POINT ( 'NONE',  ( 8.087321503258035449, -7.461397374467705568, 2.331127557620831237 ) ) ;
#1444 = DIRECTION ( 'NONE',  ( 0.000000000000000000, 0.9659258262890680902, -0.2588190451025216277 ) ) ;
#1445 = EDGE_CURVE ( 'NONE', #1378, #1026, #312, .T. ) ;
#1446 = AXIS2_PLACEMENT_3D ( 'NONE', #963, #390, #1502 ) ;
#1447 = FACE_OUTER_BOUND ( 'NONE', #1345, .T. ) ;
#1448 = EDGE_CURVE ( 'NONE', #884, #209, #870, .T. ) ;
#1449 = EDGE_LOOP ( 'NONE', ( #1285, #1359, #342, #1008 ) ) ;
#1450 = DIRECTION ( 'NONE',  ( 1.000000000000000000, -0.000000000000000000, -0.000000000000000000 ) ) ;
#1451 = ORIENTED_EDGE ( 'NONE', *, *, #1501, .T. ) ;
#1452 = ORIENTED_EDGE ( 'NONE', *, *, #1625, .T. ) ;
#1453 = CYLINDRICAL_SURFACE ( 'NONE', #384, 6.400000000000001243 ) ;
#1454 = AXIS2_PLACEMENT_3D ( 'NONE', #814, #101, #1538 ) ;
#1455 = CARTESIAN_POINT ( 'NONE',  ( -12.84999999999999964, -83.70689229296230849, 0.1779054967825429712 ) ) ;
#1456 = CARTESIAN_POINT ( 'NONE',  ( -10.45000000000000107, -24.50000000000000000, 6.999999999999994671 ) ) ;
#1457 = EDGE_CURVE ( 'NONE', #1160, #1023, #1247, .T. ) ;
#1458 = EDGE_LOOP ( 'NONE', ( #1099, #988 ) ) ;
#1459 = CARTESIAN_POINT ( 'NONE',  ( 0.000000000000000000, 16.00000000000000000, -4.999999999999997335 ) ) ;
#1460 = EDGE_LOOP ( 'NONE', ( #844, #716, #863, #192 ) ) ;
#1461 = ORIENTED_EDGE ( 'NONE', *, *, #296, .T. ) ;
#1462 = CARTESIAN_POINT ( 'NONE',  ( -2.672440985849883877, -10.67703339242617666, -0.7155763505464729501 ) ) ;
#1463 = CYLINDRICAL_SURFACE ( 'NONE', #1716, 6.400000000000003020 ) ;
#1464 = CYLINDRICAL_SURFACE ( 'NONE', #971, 14.00000000000000000 ) ;
#1465 = CARTESIAN_POINT ( 'NONE',  ( 0.000000000000000000, -76.36403862425828493, 46.42906647289413513 ) ) ;
#1466 = ORIENTED_EDGE ( 'NONE', *, *, #641, .F. ) ;
#1467 = CARTESIAN_POINT ( 'NONE',  ( 0.000000000000000000, -76.36403862425828493, 46.42906647289413513 ) ) ;
#1468 = ADVANCED_FACE ( 'NONE', ( #1809 ), #555, .T. ) ;
#1469 = CARTESIAN_POINT ( 'NONE',  ( 9.764777423805417911, -5.082666123859844731, 5.824790435502716690 ) ) ;
#1470 = ORIENTED_EDGE ( 'NONE', *, *, #414, .F. ) ;
#1471 = CARTESIAN_POINT ( 'NONE',  ( 14.84999999999999964, -24.50000000000000000, 6.999999999999994671 ) ) ;
#1472 = LINE ( 'NONE', #83, #559 ) ;
#1473 = CARTESIAN_POINT ( 'NONE',  ( 10.45000000000000107, -3.434748899119120846, 9.727334911989414579 ) ) ;
#1474 = ORIENTED_EDGE ( 'NONE', *, *, #709, .F. ) ;
#1475 = AXIS2_PLACEMENT_3D ( 'NONE', #977, #999, #1562 ) ;
#1476 = EDGE_CURVE ( 'NONE', #782, #1563, #530, .T. ) ;
#1477 = EDGE_CURVE ( 'NONE', #267, #68, #415, .T. ) ;
#1478 = DIRECTION ( 'NONE',  ( 0.5330376563645246035, 6.527828596918218059E-17, -0.8460915180389264600 ) ) ;
#1479 = EDGE_LOOP ( 'NONE', ( #294, #56, #607, #718 ) ) ;
#1480 = DIRECTION ( 'NONE',  ( -0.000000000000000000, -0.000000000000000000, -1.000000000000000000 ) ) ;
#1481 = AXIS2_PLACEMENT_3D ( 'NONE', #1650, #1232, #801 ) ;
#1482 = AXIS2_PLACEMENT_3D ( 'NONE', #1115, #1553, #695 ) ;
#1483 = CARTESIAN_POINT ( 'NONE',  ( -14.84999999999999964, -24.50000000000000000, 10.99999999999999645 ) ) ;
#1484 = CARTESIAN_POINT ( 'NONE',  ( -12.84999999999999964, -69.02118495555424715, -3.757117924555773314 ) ) ;
#1485 = CARTESIAN_POINT ( 'NONE',  ( 0.3748116907117741703, -14.00000000000001066, 20.00000000000000000 ) ) ;
#1486 = ORIENTED_EDGE ( 'NONE', *, *, #436, .T. ) ;
#1487 = CARTESIAN_POINT ( 'NONE',  ( -2.342012383621271177, 10.75257237917405639, -0.2889256712604834076 ) ) ;
#1488 = CARTESIAN_POINT ( 'NONE',  ( 5.181428354033842609, 9.703314503139758074, -5.863548689008994508 ) ) ;
#1489 = EDGE_CURVE ( 'NONE', #1522, #760, #1272, .T. ) ;
#1490 = DIRECTION ( 'NONE',  ( 0.000000000000000000, 0.9659258262890680902, -0.2588190451025216277 ) ) ;
#1491 = AXIS2_PLACEMENT_3D ( 'NONE', #658, #250, #379 ) ;
#1492 = FACE_OUTER_BOUND ( 'NONE', #914, .T. ) ;
#1493 = CARTESIAN_POINT ( 'NONE',  ( -1.557872697702243147E-15, -13.99999999999999822, 20.00000000000000000 ) ) ;
#1494 = SURFACE_STYLE_FILL_AREA ( #932 ) ;
#1495 = ORIENTED_EDGE ( 'NONE', *, *, #520, .T. ) ;
#1496 = CARTESIAN_POINT ( 'NONE',  ( -5.069062539069010498, 9.762575751719188233, -6.377378960414500142 ) ) ;
#1497 = CARTESIAN_POINT ( 'NONE',  ( 5.241717316542231941, 9.670820944261775409, -5.342408318461636441 ) ) ;
#1498 = B_SPLINE_CURVE_WITH_KNOTS ( 'NONE', 3,
 ( #804, #672, #1236, #1229, #927, #393, #819, #1084, #1368, #1524, #120, #104, #372, #684, #1759, #935, #504, #1062, #91, #1497, #365, #1488, #665, #785, #1354, #648, #1214, #514, #1072, #1639, #796, #442, #1574, #1401, #1675, #1126, #174, #1001, #1410 ),
 .UNSPECIFIED., .F., .F.,
 ( 4, 2, 2, 2, 2, 2, 2, 2, 2, 1, 2, 2, 2, 2, 2, 2, 2, 2, 2, 4 ),
 ( 0.01667193991601058703, 0.01771242046724690739, 0.01875290101848322774, 0.01979338156971954810, 0.02083386212095586498, 0.02187434267219218534, 0.02291482322342850569, 0.02395530377466482605, 0.02447554405028298449, 0.02499578432590114641, 0.02551602460151930485, 0.02603626487713746329, 0.02707674542837378365, 0.02811722597961010400, 0.02915770653084642436, 0.03019818708208274471, 0.03071842735770090316, 0.03123866763331906160, 0.03227914818455537849, 0.03331962873579169537 ),
 .UNSPECIFIED. ) ;
#1499 = CARTESIAN_POINT ( 'NONE',  ( -0.3340728074528908076, -61.56403862425828066, 32.74474573813275668 ) ) ;
#1500 = EDGE_CURVE ( 'NONE', #30, #256, #1654, .T. ) ;
#1501 = EDGE_CURVE ( 'NONE', #1303, #50, #1312, .T. ) ;
#1502 = DIRECTION ( 'NONE',  ( 0.000000000000000000, 0.000000000000000000, 1.000000000000000000 ) ) ;
#1503 = CIRCLE ( 'NONE', #911, 14.00000000000000000 ) ;
#1504 = FACE_OUTER_BOUND ( 'NONE', #1700, .T. ) ;
#1505 = DIRECTION ( 'NONE',  ( 0.000000000000000000, 0.000000000000000000, 1.000000000000000000 ) ) ;
#1506 = ORIENTED_EDGE ( 'NONE', *, *, #464, .T. ) ;
#1507 = CARTESIAN_POINT ( 'NONE',  ( 8.500000000000001776, -76.36403862425828493, 46.42906647289413513 ) ) ;
#1508 = AXIS2_PLACEMENT_3D ( 'NONE', #1662, #923, #1505 ) ;
#1509 = CARTESIAN_POINT ( 'NONE',  ( 10.45000000000000107, -75.94232093988665611, 29.15568028545457935 ) ) ;
#1510 = ADVANCED_FACE ( 'NONE', ( #1309 ), #719, .T. ) ;
#1511 = CARTESIAN_POINT ( 'NONE',  ( 10.96889628236370129, -66.40772779207100029, 30.56862005482025779 ) ) ;
#1512 = DIRECTION ( 'NONE',  ( 0.000000000000000000, 0.9659258262890680902, -0.2588190451025213501 ) ) ;
#1513 = DIRECTION ( 'NONE',  ( 1.000000000000000000, -0.000000000000000000, -0.000000000000000000 ) ) ;
#1514 = ORIENTED_EDGE ( 'NONE', *, *, #1546, .T. ) ;
#1515 = CARTESIAN_POINT ( 'NONE',  ( -14.00000000000000000, 1.714505518806294638E-15, 25.00000000000000000 ) ) ;
#1516 = DIRECTION ( 'NONE',  ( 0.000000000000000000, 0.9659258262890680902, -0.2588190451025212946 ) ) ;
#1517 = AXIS2_PLACEMENT_3D ( 'NONE', #257, #1078, #1780 ) ;
#1518 = DIRECTION ( 'NONE',  ( 1.000000000000000000, -0.000000000000000000, -0.000000000000000000 ) ) ;
#1519 = FACE_OUTER_BOUND ( 'NONE', #421, .T. ) ;
#1520 = ORIENTED_EDGE ( 'NONE', *, *, #475, .T. ) ;
#1521 = DIRECTION ( 'NONE',  ( 1.000000000000000000, 0.000000000000000000, -0.000000000000000000 ) ) ;
#1522 = VERTEX_POINT ( 'NONE', #1166 ) ;
#1523 = EDGE_CURVE ( 'NONE', #1389, #1441, #1327, .T. ) ;
#1524 = CARTESIAN_POINT ( 'NONE',  ( 3.955994102596006368, 10.26716112329835262, -1.531982297614784772 ) ) ;
#1525 = CARTESIAN_POINT ( 'NONE',  ( -12.52568819990145421, -68.45363903685668561, 29.88822027188630059 ) ) ;
#1526 = CARTESIAN_POINT ( 'NONE',  ( 0.000000000000000000, 0.000000000000000000, -25.00000000000000000 ) ) ;
#1527 = CIRCLE ( 'NONE', #64, 13.99999999999999822 ) ;
#1528 = CARTESIAN_POINT ( 'NONE',  ( -12.19613365099402991, -88.40430500224601928, 35.51578627976726210 ) ) ;
#1529 = CARTESIAN_POINT ( 'NONE',  ( -0.3477338220703315996, 11.00000000000000533, 0.2500000000000044409 ) ) ;
#1530 = ORIENTED_EDGE ( 'NONE', *, *, #1500, .T. ) ;
#1531 = DIRECTION ( 'NONE',  ( 2.023211295717198360E-17, -0.9659258262890682012, 0.2588190451025212391 ) ) ;
#1532 = ORIENTED_EDGE ( 'NONE', *, *, #841, .T. ) ;
#1533 = ADVANCED_FACE ( 'NONE', ( #730 ), #194, .F. ) ;
#1534 = DIRECTION ( 'NONE',  ( -0.000000000000000000, -0.9659258262890682012, 0.2588190451025211836 ) ) ;
#1535 = CARTESIAN_POINT ( 'NONE',  ( -5.936934758622958164, 12.67958970911497474, -8.715359616684940747 ) ) ;
#1536 = CARTESIAN_POINT ( 'NONE',  ( 14.84999999999999964, -24.50000000000000000, 10.99999999999999645 ) ) ;
#1537 = CARTESIAN_POINT ( 'NONE',  ( 12.84999999999999609, -69.02118495555423294, 36.42906647289413513 ) ) ;
#1538 = DIRECTION ( 'NONE',  ( 0.000000000000000000, 0.000000000000000000, 1.000000000000000000 ) ) ;
#1539 = CARTESIAN_POINT ( 'NONE',  ( -5.249699836403785902, 9.666470490455623121, -5.353176587402063369 ) ) ;
#1540 = EDGE_LOOP ( 'NONE', ( #554, #1432, #1461, #233 ) ) ;
#1541 = CARTESIAN_POINT ( 'NONE',  ( 5.551091638606088452, 12.85338404443257154, -0.7296089211396874497 ) ) ;
#1542 = ORIENTED_EDGE ( 'NONE', *, *, #296, .F. ) ;
#1543 = DIRECTION ( 'NONE',  ( 1.000000000000000000, 0.000000000000000000, 0.000000000000000000 ) ) ;
#1544 = CARTESIAN_POINT ( 'NONE',  ( -4.286060161866875440, 13.33349793985242648, -10.55284356661207035 ) ) ;
#1545 = DIRECTION ( 'NONE',  ( -1.000000000000000000, -0.000000000000000000, -0.000000000000000000 ) ) ;
#1546 = EDGE_CURVE ( 'NONE', #50, #1203, #1726, .T. ) ;
#1547 = DIRECTION ( 'NONE',  ( 0.000000000000000000, 1.000000000000000000, 0.000000000000000000 ) ) ;
#1548 = CARTESIAN_POINT ( 'NONE',  ( -8.613667558188222273, -11.04137405851835751, 17.14646141362778309 ) ) ;
#1549 = CARTESIAN_POINT ( 'NONE',  ( -1.713571209478526036, 10.87049879948973619, -9.974372522346465431 ) ) ;
#1550 = VERTEX_POINT ( 'NONE', #1584 ) ;
#1551 = ORIENTED_EDGE ( 'NONE', *, *, #1445, .T. ) ;
#1552 = CARTESIAN_POINT ( 'NONE',  ( -7.504372289252173367, -8.048128431848247999, 1.653855180982565454 ) ) ;
#1553 = DIRECTION ( 'NONE',  ( -1.000000000000000000, 0.000000000000000000, 0.000000000000000000 ) ) ;
#1554 = CARTESIAN_POINT ( 'NONE',  ( 0.9259367606140577189, 13.97691002260608251, -11.95416835538881273 ) ) ;
#1555 = DIRECTION ( 'NONE',  ( 0.000000000000000000, 0.000000000000000000, -1.000000000000000000 ) ) ;
#1556 = ADVANCED_FACE ( 'NONE', ( #319 ), #1453, .T. ) ;
#1557 = EDGE_CURVE ( 'NONE', #825, #370, #217, .T. ) ;
#1558 = ORIENTED_EDGE ( 'NONE', *, *, #352, .T. ) ;
#1559 = CARTESIAN_POINT ( 'NONE',  ( -4.041873019596443406, -13.40868256518048085, 19.41027248948660500 ) ) ;
#1560 = CARTESIAN_POINT ( 'NONE',  ( 6.429391841010940829E-16, 11.00000000000000000, 0.2500000000000024425 ) ) ;
#1561 = ORIENTED_EDGE ( 'NONE', *, *, #1248, .F. ) ;
#1562 = DIRECTION ( 'NONE',  ( 0.000000000000000000, 0.000000000000000000, -1.000000000000000000 ) ) ;
#1563 = VERTEX_POINT ( 'NONE', #756 ) ;
#1564 = CARTESIAN_POINT ( 'NONE',  ( -10.45000000000000107, -80.61171727118258445, 30.40684126156617495 ) ) ;
#1565 = DIRECTION ( 'NONE',  ( 0.000000000000000000, 0.9659258262890680902, -0.2588190451025214056 ) ) ;
#1566 = AXIS2_PLACEMENT_3D ( 'NONE', #940, #773, #1372 ) ;
#1567 = DIRECTION ( 'NONE',  ( 0.000000000000000000, 0.000000000000000000, 1.000000000000000000 ) ) ;
#1568 = ORIENTED_EDGE ( 'NONE', *, *, #1206, .F. ) ;
#1569 = LINE ( 'NONE', #579, #1155 ) ;
#1570 = VERTEX_POINT ( 'NONE', #1076 ) ;
#1571 = CARTESIAN_POINT ( 'NONE',  ( 6.999546742434493041, 12.12461734119741585, -4.527373856359555582 ) ) ;
#1572 = AXIS2_PLACEMENT_3D ( 'NONE', #1177, #1346, #1734 ) ;
#1573 = ORIENTED_EDGE ( 'NONE', *, *, #1185, .F. ) ;
#1574 = CARTESIAN_POINT ( 'NONE',  ( 2.345187430122350314, 10.74821565449605387, -9.700219488752138020 ) ) ;
#1575 = CARTESIAN_POINT ( 'NONE',  ( -6.055333552458747270, 12.62328701060277325, -8.519193372467018577 ) ) ;
#1576 = CARTESIAN_POINT ( 'NONE',  ( -12.84999999999999964, -88.37628862425825105, 1.429066472894133355 ) ) ;
#1577 = ORIENTED_EDGE ( 'NONE', *, *, #764, .F. ) ;
#1578 = VECTOR ( 'NONE', #1085, 1000.000000000000000 ) ;
#1579 = EDGE_CURVE ( 'NONE', #1303, #23, #499, .T. ) ;
#1580 = CARTESIAN_POINT ( 'NONE',  ( -1.498783712393149115, -13.93989352442889107, 19.93949972567650519 ) ) ;
#1581 = VERTEX_POINT ( 'NONE', #1756 ) ;
#1582 = EDGE_LOOP ( 'NONE', ( #542, #664 ) ) ;
#1583 = AXIS2_PLACEMENT_3D ( 'NONE', #646, #987, #1071 ) ;
#1584 = CARTESIAN_POINT ( 'NONE',  ( 10.44999999999999396, -69.02118495555423294, -3.757117924555780419 ) ) ;
#1585 = EDGE_CURVE ( 'NONE', #48, #1169, #95, .T. ) ;
#1586 = CARTESIAN_POINT ( 'NONE',  ( -0.9429555955926230970, 13.97567070764441333, 1.951680565317750915 ) ) ;
#1587 = DIRECTION ( 'NONE',  ( 0.000000000000000000, 0.9659258262890680902, -0.2588190451025213501 ) ) ;
#1588 = EDGE_LOOP ( 'NONE', ( #463, #1697, #80, #1422, #544, #119, #1220, #387 ) ) ;
#1589 = CARTESIAN_POINT ( 'NONE',  ( 0.000000000000000000, -75.42432540363152782, -2.041401612470405968 ) ) ;
#1590 = ORIENTED_EDGE ( 'NONE', *, *, #928, .T. ) ;
#1591 = B_SPLINE_CURVE_WITH_KNOTS ( 'NONE', 3,
 ( #513, #976, #551, #420, #1549, #679, #926, #400, #1274, #274, #690, #1242, #934, #263, #541, #1496, #708, #1120, #1539, #561, #234, #700, #1689, #1107, #284, #1670, #1406, #965, #139, #835, #794, #90, #1487, #1679, #1397, #502, #1529, #1263 ),
 .UNSPECIFIED., .F., .F.,
 ( 4, 2, 2, 2, 2, 2, 2, 2, 2, 2, 2, 2, 2, 2, 2, 2, 2, 2, 4 ),
 ( 1.910147787477215192E-18, 0.001041996244750662123, 0.002083992489501322078, 0.003125988734251980948, 0.004167984979002639818, 0.005209981223753301291, 0.006251977468503961896, 0.006772975590879293066, 0.007293973713254623369, 0.008335969958005286576, 0.008856968080380618613, 0.009377966202755948916, 0.01041996244750661126, 0.01146195869225727360, 0.01250395493700793594, 0.01354595118175859654, 0.01458794742650925888, 0.01562994367125992295, 0.01667193991601058703 ),
 .UNSPECIFIED. ) ;
#1592 = EDGE_LOOP ( 'NONE', ( #469, #1017, #958, #534 ) ) ;
#1593 = CARTESIAN_POINT ( 'NONE',  ( 4.814630602535452830, -69.40197154939473023, 34.84491353575238293 ) ) ;
#1594 = EDGE_CURVE ( 'NONE', #780, #1398, #1306, .T. ) ;
#1595 = DIRECTION ( 'NONE',  ( -1.000000000000000000, 0.000000000000000000, 0.000000000000000000 ) ) ;
#1596 = DIRECTION ( 'NONE',  ( 0.000000000000000000, 0.000000000000000000, -1.000000000000000000 ) ) ;
#1597 = EDGE_LOOP ( 'NONE', ( #1014, #35 ) ) ;
#1598 = CYLINDRICAL_SURFACE ( 'NONE', #210, 19.01224999999998033 ) ;
#1599 = COLOUR_RGB ( '',0.7921568627450980005, 0.8196078431372548767, 0.9333333333333333481 ) ;
#1600 = ORIENTED_EDGE ( 'NONE', *, *, #452, .T. ) ;
#1601 = EDGE_LOOP ( 'NONE', ( #207, #941, #846, #1360 ) ) ;
#1602 = DIRECTION ( 'NONE',  ( 0.000000000000000000, 0.000000000000000000, -1.000000000000000000 ) ) ;
#1603 = DIRECTION ( 'NONE',  ( 1.000000000000000000, -0.000000000000000000, -0.000000000000000000 ) ) ;
#1604 = DIRECTION ( 'NONE',  ( -0.000000000000000000, -0.000000000000000000, -1.000000000000000000 ) ) ;
#1605 = EDGE_CURVE ( 'NONE', #1023, #1725, #1652, .T. ) ;
#1606 = LINE ( 'NONE', #1621, #761 ) ;
#1607 = ORIENTED_EDGE ( 'NONE', *, *, #984, .F. ) ;
#1608 = DIRECTION ( 'NONE',  ( 1.000000000000000000, 2.792690344859903395E-17, -7.482991226154063926E-18 ) ) ;
#1609 = CARTESIAN_POINT ( 'NONE',  ( 4.679332067786207361, -9.961787860541736705, -0.1637178098214975008 ) ) ;
#1610 = ORIENTED_EDGE ( 'NONE', *, *, #1039, .T. ) ;
#1611 = FACE_OUTER_BOUND ( 'NONE', #809, .T. ) ;
#1612 = FACE_OUTER_BOUND ( 'NONE', #457, .T. ) ;
#1613 = ADVANCED_FACE ( 'NONE', ( #781, #1225 ), #792, .T. ) ;
#1614 = EDGE_CURVE ( 'NONE', #884, #867, #1794, .T. ) ;
#1615 = CARTESIAN_POINT ( 'NONE',  ( 11.00000000000000000, 0.000000000000000000, 25.00000000000000000 ) ) ;
#1616 = ORIENTED_EDGE ( 'NONE', *, *, #1164, .F. ) ;
#1617 = CARTESIAN_POINT ( 'NONE',  ( 11.64201815590441846, -7.801686710151976456, 14.36382257637697712 ) ) ;
#1618 = CARTESIAN_POINT ( 'NONE',  ( 7.889725211020494733, -7.670816732854024877, 2.082275379358992318 ) ) ;
#1619 = ORIENTED_EDGE ( 'NONE', *, *, #1290, .F. ) ;
#1620 = CARTESIAN_POINT ( 'NONE',  ( 10.45000000000000107, -11.06563537821015153, -19.28626063070705854 ) ) ;
#1621 = CARTESIAN_POINT ( 'NONE',  ( -12.84999999999999609, -83.70689229296232270, 36.42906647289413513 ) ) ;
#1622 = DIRECTION ( 'NONE',  ( -2.792690344859903395E-17, 1.000000000000000000, 0.000000000000000000 ) ) ;
#1623 = VECTOR ( 'NONE', #837, 1000.000000000000227 ) ;
#1624 = FACE_OUTER_BOUND ( 'NONE', #1702, .T. ) ;
#1625 = EDGE_CURVE ( 'NONE', #1293, #1169, #591, .T. ) ;
#1626 = ORIENTED_EDGE ( 'NONE', *, *, #1290, .T. ) ;
#1627 = CARTESIAN_POINT ( 'NONE',  ( 12.22007492131028172, -84.73486315551822656, 34.51322420485563924 ) ) ;
#1628 = VECTOR ( 'NONE', #428, 1000.000000000000000 ) ;
#1629 = DIRECTION ( 'NONE',  ( 1.000000000000000000, 0.000000000000000000, 0.000000000000000000 ) ) ;
#1630 = AXIS2_PLACEMENT_3D ( 'NONE', #54, #1480, #1595 ) ;
#1631 = CARTESIAN_POINT ( 'NONE',  ( 0.000000000000000000, -67.65975405055588965, 26.93637317620163785 ) ) ;
#1632 = DIRECTION ( 'NONE',  ( 0.000000000000000000, 1.000000000000000000, 0.000000000000000000 ) ) ;
#1633 = CARTESIAN_POINT ( 'NONE',  ( 4.728557103192797761, -13.18227111720364597, 19.18688350279507659 ) ) ;
#1634 = CARTESIAN_POINT ( 'NONE',  ( 6.432749330612574923, -15.65697262728301453, 13.00226988966345054 ) ) ;
#1635 = AXIS2_PLACEMENT_3D ( 'NONE', #1103, #1375, #388 ) ;
#1636 = ORIENTED_EDGE ( 'NONE', *, *, #398, .T. ) ;
#1637 = ADVANCED_FACE ( 'NONE', ( #1624 ), #1351, .T. ) ;
#1638 = CARTESIAN_POINT ( 'NONE',  ( 12.84999999999999964, -24.50000000000000000, 17.39999999999999858 ) ) ;
#1639 = CARTESIAN_POINT ( 'NONE',  ( 3.214103963067633796, 10.52399473726538126, -9.164940380493604266 ) ) ;
#1640 = EDGE_CURVE ( 'NONE', #803, #680, #649, .T. ) ;
#1641 = CARTESIAN_POINT ( 'NONE',  ( -24.16370849898475726, -24.50000000000000000, 10.99999999999999645 ) ) ;
#1642 = CARTESIAN_POINT ( 'NONE',  ( 12.52670848147100280, -68.45542453044821229, 29.88776303942318080 ) ) ;
#1643 = CARTESIAN_POINT ( 'NONE',  ( 5.065792319376813957, -13.05611853048733906, 19.06292249275621487 ) ) ;
#1644 = CARTESIAN_POINT ( 'NONE',  ( -12.85000000000000497, -69.40197154939470181, 29.84491353575237582 ) ) ;
#1645 = ORIENTED_EDGE ( 'NONE', *, *, #1068, .F. ) ;
#1646 = DIRECTION ( 'NONE',  ( 0.000000000000000000, 1.000000000000000000, 0.000000000000000000 ) ) ;
#1647 = CARTESIAN_POINT ( 'NONE',  ( 10.44999999999999396, -61.25661360247858767, 25.22065686411626118 ) ) ;
#1648 = DIRECTION ( 'NONE',  ( 1.000000000000000000, -0.000000000000000000, -0.000000000000000000 ) ) ;
#1649 = CIRCLE ( 'NONE', #224, 4.000000000000000000 ) ;
#1650 = CARTESIAN_POINT ( 'NONE',  ( -10.45000000000000107, -80.61171727118258445, 30.40684126156617495 ) ) ;
#1651 = DIRECTION ( 'NONE',  ( 0.000000000000000000, 0.000000000000000000, 1.000000000000000000 ) ) ;
#1652 = CIRCLE ( 'NONE', #1566, 6.400000000000003020 ) ;
#1653 = ORIENTED_EDGE ( 'NONE', *, *, #1357, .F. ) ;
#1654 = CIRCLE ( 'NONE', #9, 14.00000000000000000 ) ;
#1655 = AXIS2_PLACEMENT_3D ( 'NONE', #1284, #569, #597 ) ;
#1656 = CARTESIAN_POINT ( 'NONE',  ( -11.86073290504217859, -85.21632730884431339, 34.92906647289414224 ) ) ;
#1657 = CARTESIAN_POINT ( 'NONE',  ( 12.21197383191145214, -86.26267447225005469, 34.92906647289353828 ) ) ;
#1658 = UNCERTAINTY_MEASURE_WITH_UNIT (LENGTH_MEASURE( 1.000000000000000082E-05 ), #1820, 'distance_accuracy_value', 'NONE');
#1659 = ADVANCED_FACE ( 'NONE', ( #102 ), #1208, .T. ) ;
#1660 = FACE_OUTER_BOUND ( 'NONE', #430, .T. ) ;
#1661 = AXIS2_PLACEMENT_3D ( 'NONE', #733, #724, #167 ) ;
#1662 = CARTESIAN_POINT ( 'NONE',  ( 0.000000000000000000, 6.000000000000007105, -4.999999999999997335 ) ) ;
#1663 = EDGE_LOOP ( 'NONE', ( #161, #87, #26, #1083 ) ) ;
#1664 = VECTOR ( 'NONE', #1355, 1000.000000000000000 ) ;
#1665 = CARTESIAN_POINT ( 'NONE',  ( 14.80000000000001670, -76.36403862425828493, 36.42906647289413513 ) ) ;
#1666 = CARTESIAN_POINT ( 'NONE',  ( -12.84999999999999964, -83.70689229296230849, 33.67790549678255019 ) ) ;
#1667 = AXIS2_PLACEMENT_3D ( 'NONE', #1213, #1770, #1353 ) ;
#1668 = CARTESIAN_POINT ( 'NONE',  ( -12.84999999999999964, 0.000000000000000000, -22.25128869403572907 ) ) ;
#1669 = CARTESIAN_POINT ( 'NONE',  ( -11.85462461613373542, -83.67887591497452604, 34.52198132307797351 ) ) ;
#1670 = CARTESIAN_POINT ( 'NONE',  ( -4.709591825148656596, 9.941919310922017416, -2.654520431175597661 ) ) ;
#1671 = VERTEX_POINT ( 'NONE', #78 ) ;
#1672 = CARTESIAN_POINT ( 'NONE',  ( 4.796840901293055737, 13.15367032624465438, 0.1030074688609460692 ) ) ;
#1673 = MANIFOLD_SOLID_BREP ( 'Cut-Extrude12', #653 ) ;
#1674 = ORIENTED_EDGE ( 'NONE', *, *, #452, .F. ) ;
#1675 = CARTESIAN_POINT ( 'NONE',  ( 1.712964386282795903, 10.87059406965815711, -9.974579590390780126 ) ) ;
#1676 = LINE ( 'NONE', #406, #1664 ) ;
#1677 = CARTESIAN_POINT ( 'NONE',  ( 10.45000000000000107, -83.70689229296229428, 0.1779054967825377531 ) ) ;
#1678 = DIRECTION ( 'NONE',  ( 1.000000000000000000, -0.000000000000000000, -0.000000000000000000 ) ) ;
#1679 = CARTESIAN_POINT ( 'NONE',  ( -1.711636378945783576, 10.87074678578622411, -0.02510862005880124329 ) ) ;
#1680 = ORIENTED_EDGE ( 'NONE', *, *, #1625, .F. ) ;
#1681 = CARTESIAN_POINT ( 'NONE',  ( 4.282339302333722841, 13.33024081752818368, 0.5418924799206469300 ) ) ;
#1682 = AXIS2_PLACEMENT_3D ( 'NONE', #697, #1384, #813 ) ;
#1683 = ORIENTED_EDGE ( 'NONE', *, *, #266, .F. ) ;
#1684 = DIRECTION ( 'NONE',  ( -0.000000000000000000, -0.2588190451025213501, -0.9659258262890680902 ) ) ;
#1685 = ADVANCED_FACE ( 'NONE', ( #967, #518 ), #129, .T. ) ;
#1686 = CARTESIAN_POINT ( 'NONE',  ( 14.80000000000001315, -76.36403862425828493, -1.789606213886616004 ) ) ;
#1687 = CARTESIAN_POINT ( 'NONE',  ( -12.84999999999999964, -14.00000000000000000, 15.00000000000000178 ) ) ;
#1688 = DIRECTION ( 'NONE',  ( -0.000000000000000000, -0.9659258262890682012, 0.2588190451025211836 ) ) ;
#1689 = CARTESIAN_POINT ( 'NONE',  ( -5.180752325266029246, 9.703674668838798922, -4.132665686102929392 ) ) ;
#1690 = ORIENTED_EDGE ( 'NONE', *, *, #549, .F. ) ;
#1691 = DIRECTION ( 'NONE',  ( 1.000000000000000000, 0.000000000000000000, 0.000000000000000000 ) ) ;
#1692 = ORIENTED_EDGE ( 'NONE', *, *, #699, .F. ) ;
#1693 = ADVANCED_FACE ( 'NONE', ( #826, #1286 ), #681, .F. ) ;
#1694 = LINE ( 'NONE', #1298, #771 ) ;
#1695 = APPLICATION_PROTOCOL_DEFINITION ( 'draft international standard', 'automotive_design', 1998, #634 ) ;
#1696 = CARTESIAN_POINT ( 'NONE',  ( 0.000000000000000000, 6.000000000000007105, 2.000000000000002665 ) ) ;
#1697 = ORIENTED_EDGE ( 'NONE', *, *, #1393, .T. ) ;
#1698 = CARTESIAN_POINT ( 'NONE',  ( -0.7514347174423323672, -14.00000000000000888, 20.00000000000000711 ) ) ;
#1699 = CARTESIAN_POINT ( 'NONE',  ( 7.517776060891136147, -68.59946727118264675, 27.18816857478542204 ) ) ;
#1700 = EDGE_LOOP ( 'NONE', ( #1815, #275, #580, #437 ) ) ;
#1701 = CARTESIAN_POINT ( 'NONE',  ( -1.557872697702243147E-15, -13.99999999999999822, 20.00000000000000000 ) ) ;
#1702 = EDGE_LOOP ( 'NONE', ( #896, #599, #1741, #1153 ) ) ;
#1703 = LINE ( 'NONE', #831, #305 ) ;
#1704 = FACE_OUTER_BOUND ( 'NONE', #1540, .T. ) ;
#1705 = FACE_OUTER_BOUND ( 'NONE', #1367, .T. ) ;
#1706 = EDGE_LOOP ( 'NONE', ( #1683, #815, #1140, #1600 ) ) ;
#1707 = CARTESIAN_POINT ( 'NONE',  ( -4.725418396476462668, -13.18332001502498940, 19.18791792101846383 ) ) ;
#1708 = FACE_BOUND ( 'NONE', #317, .T. ) ;
#1709 = ORIENTED_EDGE ( 'NONE', *, *, #1579, .F. ) ;
#1710 = CARTESIAN_POINT ( 'NONE',  ( 14.00000000000000000, 0.000000000000000000, -25.00000000000000000 ) ) ;
#1711 = CIRCLE ( 'NONE', #916, 4.000000000000000000 ) ;
#1712 = PLANE ( 'NONE',  #952 ) ;
#1713 = EDGE_LOOP ( 'NONE', ( #392, #1276, #838, #598 ) ) ;
#1714 = CARTESIAN_POINT ( 'NONE',  ( -11.29056950752977961, -8.301647488120091012, 14.76513467133874080 ) ) ;
#1715 = ORIENTED_EDGE ( 'NONE', *, *, #1605, .F. ) ;
#1716 = AXIS2_PLACEMENT_3D ( 'NONE', #907, #73, #347 ) ;
#1717 = VERTEX_POINT ( 'NONE', #1388 ) ;
#1718 = CARTESIAN_POINT ( 'NONE',  ( 9.338862910536208872, -5.828379929388923131, 4.577457660120789917 ) ) ;
#1719 = DIRECTION ( 'NONE',  ( -0.000000000000000000, -0.2588190451025213501, -0.9659258262890680902 ) ) ;
#1720 = CARTESIAN_POINT ( 'NONE',  ( 2.500000000000000888, -76.36403862425828493, 29.26867919841587451 ) ) ;
#1721 = ORIENTED_EDGE ( 'NONE', *, *, #763, .F. ) ;
#1722 =( BOUNDED_CURVE ( )  B_SPLINE_CURVE ( 3, ( #1002, #153, #1291, #1686 ),
 .UNSPECIFIED., .F., .F. ) 
 B_SPLINE_CURVE_WITH_KNOTS ( ( 4, 4 ),
 ( 4.193243069949627255, 4.712388980384689674 ),
 .UNSPECIFIED. ) 
 CURVE ( )  GEOMETRIC_REPRESENTATION_ITEM ( )  RATIONAL_B_SPLINE_CURVE ( ( 1.000000000000000000, 0.9776664499470651970, 0.9776664499470651970, 1.000000000000000000 ) ) 
 REPRESENTATION_ITEM ( '' )  );
#1723 = CARTESIAN_POINT ( 'NONE',  ( -9.120434143915998604, -10.62661239199010410, 16.76813897903599226 ) ) ;
#1724 = VERTEX_POINT ( 'NONE', #1100 ) ;
#1725 = VERTEX_POINT ( 'NONE', #295 ) ;
#1726 = LINE ( 'NONE', #70, #945 ) ;
#1727 = CARTESIAN_POINT ( 'NONE',  ( -1.665796119510785917E-16, 14.00000000000000000, 2.000000000000002665 ) ) ;
#1728 = DIRECTION ( 'NONE',  ( 0.000000000000000000, 0.000000000000000000, 1.000000000000000000 ) ) ;
#1729 = ORIENTED_EDGE ( 'NONE', *, *, #1096, .F. ) ;
#1730 = CARTESIAN_POINT ( 'NONE',  ( -10.07233366251084483, -9.745070266857441155, 15.98180572109867192 ) ) ;
#1731 = EDGE_LOOP ( 'NONE', ( #249, #128 ) ) ;
#1732 = VERTEX_POINT ( 'NONE', #1265 ) ;
#1733 = CARTESIAN_POINT ( 'NONE',  ( 9.301561090329792947, -5.175966054964367125, 15.88971988110656852 ) ) ;
#1734 = DIRECTION ( 'NONE',  ( 1.000000000000000000, 0.000000000000000000, 0.000000000000000000 ) ) ;
#1735 = LINE ( 'NONE', #604, #887 ) ;
#1736 = CARTESIAN_POINT ( 'NONE',  ( 12.84999999999999787, -5.556752648804883066, -20.76236130924895207 ) ) ;
#1737 = AXIS2_PLACEMENT_3D ( 'NONE', #1818, #1543, #1423 ) ;
#1738 = ORIENTED_EDGE ( 'NONE', *, *, #970, .F. ) ;
#1739 = DIRECTION ( 'NONE',  ( 1.000000000000000000, 0.000000000000000000, -0.000000000000000000 ) ) ;
#1740 = CARTESIAN_POINT ( 'NONE',  ( 8.453748541215869494, -7.043532883338015083, 2.854039781918911167 ) ) ;
#1741 = ORIENTED_EDGE ( 'NONE', *, *, #596, .T. ) ;
#1742 = LINE ( 'NONE', #63, #635 ) ;
#1743 = ADVANCED_FACE ( 'NONE', ( #1419 ), #857, .T. ) ;
#1744 = CARTESIAN_POINT ( 'NONE',  ( -10.45000000000000107, -3.434748899119120846, 9.727334911989414579 ) ) ;
#1745 = CIRCLE ( 'NONE', #774, 4.000000000000000000 ) ;
#1746 = CARTESIAN_POINT ( 'NONE',  ( 7.163476299627616228, -18.70684842740699594, -17.23880376498059164 ) ) ;
#1747 = ORIENTED_EDGE ( 'NONE', *, *, #1148, .F. ) ;
#1748 = CARTESIAN_POINT ( 'NONE',  ( 6.032623246042092546, -12.63826102035530496, 18.65558819903845844 ) ) ;
#1749 = CARTESIAN_POINT ( 'NONE',  ( -3.032312442953887022, -10.58028305677986758, -0.6446987649286569644 ) ) ;
#1750 = VECTOR ( 'NONE', #961, 1000.000000000000000 ) ;
#1751 = ORIENTED_EDGE ( 'NONE', *, *, #901, .T. ) ;
#1752 = CARTESIAN_POINT ( 'NONE',  ( -10.45000000000000107, -61.25661360247858767, 25.22065686411626118 ) ) ;
#1753 = CARTESIAN_POINT ( 'NONE',  ( 6.429395695523604153E-16, 14.00000000000000000, 0.2500000000000028311 ) ) ;
#1754 = FACE_OUTER_BOUND ( 'NONE', #168, .T. ) ;
#1755 = FACE_BOUND ( 'NONE', #869, .T. ) ;
#1756 = CARTESIAN_POINT ( 'NONE',  ( -2.500000000000000888, -76.36403862425828493, 46.42906647289413513 ) ) ;
#1757 = ORIENTED_EDGE ( 'NONE', *, *, #574, .T. ) ;
#1758 = LINE ( 'NONE', #1752, #1801 ) ;
#1759 = CARTESIAN_POINT ( 'NONE',  ( 5.076168986114169002, 9.759028207013013656, -3.615738595123756838 ) ) ;
#1760 = CARTESIAN_POINT ( 'NONE',  ( 12.85000000000000142, -83.70689229296230849, 0.1779054967825451361 ) ) ;
#1761 = EDGE_CURVE ( 'NONE', #1769, #966, #581, .T. ) ;
#1762 = AXIS2_PLACEMENT_3D ( 'NONE', #985, #303, #447 ) ;
#1763 = DIRECTION ( 'NONE',  ( -0.000000000000000000, -0.000000000000000000, -1.000000000000000000 ) ) ;
#1764 = EDGE_CURVE ( 'NONE', #1732, #867, #1133, .T. ) ;
#1765 = CARTESIAN_POINT ( 'NONE',  ( -12.84999999999999964, -83.70689229296230849, 33.67790549678255019 ) ) ;
#1766 = AXIS2_PLACEMENT_3D ( 'NONE', #898, #338, #36 ) ;
#1767 = EDGE_CURVE ( 'NONE', #979, #1415, #1238, .T. ) ;
#1768 = PRESENTATION_STYLE_ASSIGNMENT (( #643 ) ) ;
#1769 = VERTEX_POINT ( 'NONE', #1701 ) ;
#1770 = DIRECTION ( 'NONE',  ( 0.000000000000000000, 0.000000000000000000, 1.000000000000000000 ) ) ;
#1771 = AXIS2_PLACEMENT_3D ( 'NONE', #902, #213, #486 ) ;
#1772 = DIRECTION ( 'NONE',  ( -1.000000000000000000, 0.000000000000000000, 0.000000000000000000 ) ) ;
#1773 = FACE_OUTER_BOUND ( 'NONE', #17, .T. ) ;
#1774 = CARTESIAN_POINT ( 'NONE',  ( 8.589310322427126110, -64.29453502605809945, 31.43527138113702435 ) ) ;
#1775 = CARTESIAN_POINT ( 'NONE',  ( 10.45000000000000107, -3.434748899119111520, 9.192595416051013046 ) ) ;
#1776 = ADVANCED_FACE ( 'NONE', ( #141, #1708 ), #431, .T. ) ;
#1777 = CARTESIAN_POINT ( 'NONE',  ( 2.500000000000000888, -76.36403862425828493, 29.26867919841587451 ) ) ;
#1778 =( BOUNDED_CURVE ( )  B_SPLINE_CURVE ( 3, ( #1046, #202, #220, #1038 ),
 .UNSPECIFIED., .F., .F. ) 
 B_SPLINE_CURVE_WITH_KNOTS ( ( 4, 4 ),
 ( 4.712388980384689674, 5.231534890819752093 ),
 .UNSPECIFIED. ) 
 CURVE ( )  GEOMETRIC_REPRESENTATION_ITEM ( )  RATIONAL_B_SPLINE_CURVE ( ( 1.000000000000000000, 0.9776664499470651970, 0.9776664499470651970, 1.000000000000000000 ) ) 
 REPRESENTATION_ITEM ( '' )  );
#1779 = EDGE_LOOP ( 'NONE', ( #817, #1474, #1307, #323 ) ) ;
#1780 = DIRECTION ( 'NONE',  ( 1.000000000000000000, 0.000000000000000000, 0.000000000000000000 ) ) ;
#1781 = DIRECTION ( 'NONE',  ( -0.000000000000000000, -0.2588190451025213501, -0.9659258262890680902 ) ) ;
#1782 = CARTESIAN_POINT ( 'NONE',  ( 9.598634581268376209, -65.08062676891952947, 31.09615435850511744 ) ) ;
#1783 = VECTOR ( 'NONE', #236, 1000.000000000000000 ) ;
#1784 = CARTESIAN_POINT ( 'NONE',  ( -10.45000000000000107, -61.25661360247858767, 25.22065686411626118 ) ) ;
#1785 = DIRECTION ( 'NONE',  ( -1.000000000000000000, 0.000000000000000000, 0.000000000000000000 ) ) ;
#1786 = ORIENTED_EDGE ( 'NONE', *, *, #60, .T. ) ;
#1787 = LINE ( 'NONE', #951, #1750 ) ;
#1788 = CARTESIAN_POINT ( 'NONE',  ( 14.00000000000000000, 0.000000000000000000, 25.00000000000000000 ) ) ;
#1789 = B_SPLINE_CURVE_WITH_KNOTS ( 'NONE', 3,
 ( #1493, #1485, #1182, #480, #1075, #1193, #791, #1633, #1643, #351, #1748, #201, #368, #489, #59, #94, #69, #1050, #1043, #517, #1617, #1201, #1350, #931 ),
 .UNSPECIFIED., .F., .F.,
 ( 4, 2, 2, 2, 2, 2, 2, 2, 2, 2, 2, 4 ),
 ( 0.01793608763996549713, 0.01905439092983278460, 0.02017269421970007554, 0.02240930079943465048, 0.02352760408930193795, 0.02464590737916922195, 0.02688251395890379342, 0.02800081724877107742, 0.02911912053863836142, 0.03135572711837293636, 0.03359233369810751130, 0.03582894027784208624 ),
 .UNSPECIFIED. ) ;
#1790 = EDGE_CURVE ( 'NONE', #48, #1152, #1711, .T. ) ;
#1791 = DIRECTION ( 'NONE',  ( 0.000000000000000000, -0.2588190451025212946, -0.9659258262890682012 ) ) ;
#1792 = AXIS2_PLACEMENT_3D ( 'NONE', #633, #67, #57 ) ;
#1793 = FACE_OUTER_BOUND ( 'NONE', #411, .T. ) ;
#1794 = LINE ( 'NONE', #1082, #66 ) ;
#1795 = VECTOR ( 'NONE', #424, 1000.000000000000000 ) ;
#1796 = ORIENTED_EDGE ( 'NONE', *, *, #398, .F. ) ;
#1797 = CARTESIAN_POINT ( 'NONE',  ( 12.84999999999999964, -24.50000000000000000, 4.599999999999994316 ) ) ;
#1798 = CIRCLE ( 'NONE', #508, 4.000000000000000888 ) ;
#1799 = CARTESIAN_POINT ( 'NONE',  ( -8.586813925573911987, -64.29261590924345171, 31.43610267366448596 ) ) ;
#1800 = EDGE_CURVE ( 'NONE', #1430, #52, #1348, .T. ) ;
#1801 = VECTOR ( 'NONE', #195, 1000.000000000000000 ) ;
#1802 = CARTESIAN_POINT ( 'NONE',  ( 2.500000000000000888, -76.36403862425828493, 46.42906647289413513 ) ) ;
#1803 = UNCERTAINTY_MEASURE_WITH_UNIT (LENGTH_MEASURE( 1.000000000000000082E-05 ), #1211, 'distance_accuracy_value', 'NONE');
#1804 = DIRECTION ( 'NONE',  ( 0.000000000000000000, 0.000000000000000000, 1.000000000000000000 ) ) ;
#1805 = FACE_OUTER_BOUND ( 'NONE', #1449, .T. ) ;
#1806 = CIRCLE ( 'NONE', #16, 5.250000000000000888 ) ;
#1807 = CARTESIAN_POINT ( 'NONE',  ( 3.133193342776817492, 13.65169280331550361, 1.276405903218832849 ) ) ;
#1808 = ORIENTED_EDGE ( 'NONE', *, *, #1523, .T. ) ;
#1809 = FACE_OUTER_BOUND ( 'NONE', #1438, .T. ) ;
#1810 = CARTESIAN_POINT ( 'NONE',  ( -6.884020940561685547E-15, -61.56403862425825935, 32.74474573813275668 ) ) ;
#1811 = CARTESIAN_POINT ( 'NONE',  ( 10.45000000000000107, -88.37628862425819420, 1.429066472894126250 ) ) ;
#1812 = CARTESIAN_POINT ( 'NONE',  ( -12.19613365099402991, -83.67887591497452604, 34.24961137194232208 ) ) ;
#1813 = ADVANCED_FACE ( 'NONE', ( #1704 ), #39, .T. ) ;
#1814 = CARTESIAN_POINT ( 'NONE',  ( 11.86073290505262889, -85.21632730883031570, 34.92906647289414224 ) ) ;
#1815 = ORIENTED_EDGE ( 'NONE', *, *, #841, .F. ) ;
#1816 = CARTESIAN_POINT ( 'NONE',  ( 10.45000000000000462, -24.50000000000000000, 10.99999999999999645 ) ) ;
#1817 = VERTEX_POINT ( 'NONE', #567 ) ;
#1818 = CARTESIAN_POINT ( 'NONE',  ( 14.84999999999999964, -24.50000000000000000, 10.99999999999999645 ) ) ;
#1819 = CARTESIAN_POINT ( 'NONE',  ( -6.941510698649017819, 12.15796646252291069, -5.932387911467602137 ) ) ;
#1820 =( LENGTH_UNIT ( ) NAMED_UNIT ( * ) SI_UNIT ( .MILLI., .METRE. ) );
#1821 = FACE_OUTER_BOUND ( 'NONE', #1582, .T. ) ;
#1822 = LINE ( 'NONE', #689, #121 ) ;
ENDSEC;
END-ISO-10303-21;
