ISO-10303-21;
HEADER;
FILE_DESCRIPTION (( 'STEP AP214' ),
    '1' );
FILE_NAME ('Walker_Front_Wheel_Mount.STEP',
    '2026-08-11T21:04:51',
    ( '' ),
    ( '' ),
    'SwSTEP 2.0',
    'SolidWorks 2023',
    '' );
FILE_SCHEMA (( 'AUTOMOTIVE_DESIGN' ));
ENDSEC;

DATA;
#1 = CARTESIAN_POINT ( 'NONE',  ( 5.759467887874954783, 67.17139203079170784, 19.39596896487938693 ) ) ;
#2 = CARTESIAN_POINT ( 'NONE',  ( -18.70243010576345810, 64.65749874727960389, -9.997678638249313465 ) ) ;
#3 = CYLINDRICAL_SURFACE ( 'NONE', #330, 1.000000000000000888 ) ;
#4 = CARTESIAN_POINT ( 'NONE',  ( 10.15737924617441124, 66.37669224591124362, 18.52314160709917701 ) ) ;
#5 = EDGE_CURVE ( 'NONE', #1086, #1955, #611, .T. ) ;
#6 = EDGE_CURVE ( 'NONE', #2553, #1372, #2808, .T. ) ;
#7 = CARTESIAN_POINT ( 'NONE',  ( -20.80584911840649909, 62.68502708974786941, -34.85726889489586711 ) ) ;
#8 = CARTESIAN_POINT ( 'NONE',  ( -2.096288352797449406, 66.15380222788724041, 20.50000000000001066 ) ) ;
#9 = CARTESIAN_POINT ( 'NONE',  ( -30.83103423789252773, 35.30730554477571559, -21.40273180177547374 ) ) ;
#10 = CARTESIAN_POINT ( 'NONE',  ( 5.045785946722973314, 67.16839848467829199, 19.58893232439662668 ) ) ;
#11 = CARTESIAN_POINT ( 'NONE',  ( -30.70845882717403086, 52.33169422013568806, -24.78929540949018673 ) ) ;
#12 = ORIENTED_EDGE ( 'NONE', *, *, #2481, .F. ) ;
#13 = DIRECTION ( 'NONE',  ( -0.2307553391434629397, 0.000000000000000000, -0.9730118054046340559 ) ) ;
#14 = CARTESIAN_POINT ( 'NONE',  ( -31.03665078617913764, 28.58012841124578429, -19.49999999999999645 ) ) ;
#15 = ORIENTED_EDGE ( 'NONE', *, *, #1666, .T. ) ;
#16 = CARTESIAN_POINT ( 'NONE',  ( 13.49999999999999822, 57.50000000000000000, -40.74571522038405647 ) ) ;
#17 = CARTESIAN_POINT ( 'NONE',  ( -20.41395668849624556, 62.91280448732049280, 3.040674192228514983 ) ) ;
#18 = CIRCLE ( 'NONE', #415, 1.000000000000003997 ) ;
#19 = CARTESIAN_POINT ( 'NONE',  ( 15.90232194646967123, 63.30456993101778096, -39.62869737976539852 ) ) ;
#20 = EDGE_CURVE ( 'NONE', #1763, #912, #1885, .T. ) ;
#21 =( BOUNDED_CURVE ( )  B_SPLINE_CURVE ( 3, ( #2841, #650, #3077, #193 ),
 .UNSPECIFIED., .F., .F. ) 
 B_SPLINE_CURVE_WITH_KNOTS ( ( 4, 4 ),
 ( 3.109521071418076321, 3.173664235760150554 ),
 .UNSPECIFIED. ) 
 CURVE ( )  GEOMETRIC_REPRESENTATION_ITEM ( )  RATIONAL_B_SPLINE_CURVE ( ( 1.000000000000000000, 0.9996571672599507963, 0.9996571672599507963, 1.000000000000000000 ) ) 
 REPRESENTATION_ITEM ( '' )  );
#22 = CARTESIAN_POINT ( 'NONE',  ( -27.31619758759332228, 56.74199177172919661, -28.85382563303876324 ) ) ;
#23 = DIRECTION ( 'NONE',  ( 1.000000000000000000, -0.000000000000000000, -0.000000000000000000 ) ) ;
#24 = CARTESIAN_POINT ( 'NONE',  ( -24.32015993650043839, 50.04576799916103624, -32.61097239723162744 ) ) ;
#25 = CARTESIAN_POINT ( 'NONE',  ( -16.50698160872274300, 64.82423388862240188, 13.22013598269825962 ) ) ;
#26 = SURFACE_STYLE_FILL_AREA ( #1701 ) ;
#27 = ORIENTED_EDGE ( 'NONE', *, *, #1262, .T. ) ;
#28 = CARTESIAN_POINT ( 'NONE',  ( -12.48601506574047271, 66.62354089850107641, 15.97913741218410699 ) ) ;
#29 = FACE_OUTER_BOUND ( 'NONE', #2337, .T. ) ;
#30 = CARTESIAN_POINT ( 'NONE',  ( 18.39016204965452062, 64.52441561518496371, 9.192371353031514758 ) ) ;
#31 = VERTEX_POINT ( 'NONE', #1827 ) ;
#32 = CARTESIAN_POINT ( 'NONE',  ( -20.09664371496952739, 63.75237772169795392, -5.267313645742112804 ) ) ;
#33 = AXIS2_PLACEMENT_3D ( 'NONE', #886, #1559, #640 ) ;
#34 = CARTESIAN_POINT ( 'NONE',  ( 27.67085404596733156, 56.28090095367149814, -29.58770696988463911 ) ) ;
#35 = AXIS2_PLACEMENT_3D ( 'NONE', #252, #491, #1441 ) ;
#36 = CARTESIAN_POINT ( 'NONE',  ( 2.434970840114937030, 67.84202014332565511, -23.83257961196357044 ) ) ;
#37 = CARTESIAN_POINT ( 'NONE',  ( 14.59232714970496225, 65.49392335227283013, -38.36931091933238491 ) ) ;
#38 = CARTESIAN_POINT ( 'NONE',  ( -7.500000000000000000, 67.50000000000000000, 19.77006987297799157 ) ) ;
#39 = CARTESIAN_POINT ( 'NONE',  ( -7.677673220874806859, 66.50418023296319348, 19.59101911719082523 ) ) ;
#40 = CARTESIAN_POINT ( 'NONE',  ( 5.156301726285441589, 66.64447101595899881, 20.00000000000000355 ) ) ;
#41 =( BOUNDED_CURVE ( )  B_SPLINE_CURVE ( 3, ( #2009, #2960, #754, #49 ),
 .UNSPECIFIED., .F., .T. ) 
 B_SPLINE_CURVE_WITH_KNOTS ( ( 4, 4 ),
 ( 2.786985249562880185, 3.496200057616706047 ),
 .UNSPECIFIED. ) 
 CURVE ( )  GEOMETRIC_REPRESENTATION_ITEM ( )  RATIONAL_B_SPLINE_CURVE ( ( 1.000000000000000000, 0.9585219194220294670, 0.9585219194220294670, 1.000000000000000000 ) ) 
 REPRESENTATION_ITEM ( '' )  );
#42 = ORIENTED_EDGE ( 'NONE', *, *, #331, .F. ) ;
#43 = CARTESIAN_POINT ( 'NONE',  ( -8.192801733663603869, 67.18565278209823077, 18.47672390330783188 ) ) ;
#44 = CARTESIAN_POINT ( 'NONE',  ( 27.09934453818751976, 48.45510100852487767, -30.33072963378339537 ) ) ;
#45 = CARTESIAN_POINT ( 'NONE',  ( 17.58452177802656280, 64.91136944467272940, 10.59056479730173095 ) ) ;
#46 = ORIENTED_EDGE ( 'NONE', *, *, #2740, .F. ) ;
#47 = CYLINDRICAL_SURFACE ( 'NONE', #2673, 20.50000000000001066 ) ;
#48 = CARTESIAN_POINT ( 'NONE',  ( 3.646781282148173986, 66.71419901723234602, 20.19630031809841952 ) ) ;
#49 = CARTESIAN_POINT ( 'NONE',  ( 7.500000000000000000, 66.50000000000000000, -23.34213456751775695 ) ) ;
#50 = CARTESIAN_POINT ( 'NONE',  ( -25.49836723375336334, 49.24666521631979066, -31.33842641957430075 ) ) ;
#51 = CARTESIAN_POINT ( 'NONE',  ( -15.43292622622342414, 65.22026766824994581, 14.47623990177681286 ) ) ;
#52 = CARTESIAN_POINT ( 'NONE',  ( 31.40200010085188964, 39.44345736120139634, -22.15103788855514466 ) ) ;
#53 = VERTEX_POINT ( 'NONE', #1381 ) ;
#54 = CARTESIAN_POINT ( 'NONE',  ( -19.06441245218946534, 64.43748113622197593, -9.039192434939204546 ) ) ;
#55 = DIRECTION ( 'NONE',  ( 0.000000000000000000, 0.000000000000000000, -1.000000000000000000 ) ) ;
#56 = CARTESIAN_POINT ( 'NONE',  ( 19.28947353396658571, 64.05735090640051510, 7.248097153229870138 ) ) ;
#57 = EDGE_LOOP ( 'NONE', ( #1921, #1483, #2563, #947 ) ) ;
#58 = CARTESIAN_POINT ( 'NONE',  ( 1.555301434917138827E-15, 75.67993273722427716, -18.27834209236307217 ) ) ;
#59 = CARTESIAN_POINT ( 'NONE',  ( -7.500000000000000000, 41.50000000000000000, 19.50000000000000711 ) ) ;
#60 = CARTESIAN_POINT ( 'NONE',  ( -13.74850065443647651, 66.32498872503467169, 15.00875080142595763 ) ) ;
#61 = ADVANCED_FACE ( 'NONE', ( #443 ), #1985, .T. ) ;
#62 = CARTESIAN_POINT ( 'NONE',  ( 22.44476309219962928, 60.06727777402532809, -35.20632782785911985 ) ) ;
#63 = CARTESIAN_POINT ( 'NONE',  ( -19.82598718145575134, 63.25636707856919827, 5.740288564773963209 ) ) ;
#64 = LINE ( 'NONE', #1031, #1468 ) ;
#65 = CARTESIAN_POINT ( 'NONE',  ( 10.04907720436542107, 64.54000000000000625, -42.07266661934393426 ) ) ;
#66 = EDGE_LOOP ( 'NONE', ( #2046, #1731, #2322, #772 ) ) ;
#67 = CARTESIAN_POINT ( 'NONE',  ( -18.63547368664361059, 63.89170067654181651, 10.04168172795543867 ) ) ;
#68 = CARTESIAN_POINT ( 'NONE',  ( 31.71814340629094886, 36.60443769432325922, -21.01218771957154985 ) ) ;
#69 = ORIENTED_EDGE ( 'NONE', *, *, #2749, .F. ) ;
#70 = CARTESIAN_POINT ( 'NONE',  ( -0.6284952540049331127, 66.29420316860019113, 20.50000000000001066 ) ) ;
#71 = DIRECTION ( 'NONE',  ( 0.000000000000000000, -1.000000000000000000, -1.304303365396095688E-16 ) ) ;
#72 = CARTESIAN_POINT ( 'NONE',  ( 20.45689352110331782, 62.88157618934089754, -6.014472704020166205 ) ) ;
#73 = ORIENTED_EDGE ( 'NONE', *, *, #1867, .F. ) ;
#74 = CARTESIAN_POINT ( 'NONE',  ( 23.50000000000000000, 28.58012841124578785, -45.50000000000000000 ) ) ;
#75 = CARTESIAN_POINT ( 'NONE',  ( 7.500000000000000000, 66.50000000000000000, -23.34213456751775695 ) ) ;
#76 = CARTESIAN_POINT ( 'NONE',  ( -8.251658530246796630, 66.51094478236440466, 18.69365431266692568 ) ) ;
#77 = CIRCLE ( 'NONE', #2827, 10.00000000000000178 ) ;
#78 = B_SPLINE_CURVE_WITH_KNOTS ( 'NONE', 3,
 ( #344, #2433, #326, #91 ),
 .UNSPECIFIED., .F., .F.,
 ( 4, 4 ),
 ( 0.000000000000000000, 0.0007159919114795947320 ),
 .UNSPECIFIED. ) ;
#79 = CARTESIAN_POINT ( 'NONE',  ( 20.80584911840197648, 62.68502708975094606, -34.85726889490298674 ) ) ;
#80 = AXIS2_PLACEMENT_3D ( 'NONE', #1843, #1117, #2076 ) ;
#81 = CARTESIAN_POINT ( 'NONE',  ( 22.98429900919716928, 61.14790801145053933, -33.18729647870321742 ) ) ;
#82 = CARTESIAN_POINT ( 'NONE',  ( -23.50000000000000000, -66.49999999999998579, 20.49999999999998934 ) ) ;
#83 = EDGE_CURVE ( 'NONE', #2019, #2352, #903, .T. ) ;
#84 = CARTESIAN_POINT ( 'NONE',  ( -7.500000000000002665, 66.50000000000000000, -23.34213456751775695 ) ) ;
#85 = CARTESIAN_POINT ( 'NONE',  ( 22.35877598295109792, 52.13919045566021282, -35.26229911784857052 ) ) ;
#86 = EDGE_LOOP ( 'NONE', ( #1479, #2584, #1286, #2528 ) ) ;
#87 = CARTESIAN_POINT ( 'NONE',  ( -17.01775270113544991, 65.54883739480386851, -13.43987578282462536 ) ) ;
#88 = CARTESIAN_POINT ( 'NONE',  ( 0.000000000000000000, 67.84202014332565511, -23.83257961196357044 ) ) ;
#89 = CARTESIAN_POINT ( 'NONE',  ( 10.93780728880863862, 66.26699258780595869, -21.44139945925984492 ) ) ;
#90 = VERTEX_POINT ( 'NONE', #1917 ) ;
#91 = CARTESIAN_POINT ( 'NONE',  ( 7.393586791903875799, 65.52117749839651140, 20.50000000000001066 ) ) ;
#92 = CARTESIAN_POINT ( 'NONE',  ( -15.54909827854388382, 65.18896135562081895, -37.93013637830291884 ) ) ;
#93 = EDGE_CURVE ( 'NONE', #398, #31, #1002, .T. ) ;
#94 = CARTESIAN_POINT ( 'NONE',  ( -17.11425366104377943, 64.58028907771296190, 12.43045006941971309 ) ) ;
#95 = FACE_OUTER_BOUND ( 'NONE', #2879, .T. ) ;
#96 = CARTESIAN_POINT ( 'NONE',  ( 60.78427124746191623, -47.50000000000000000, -10.00000000000000711 ) ) ;
#97 = EDGE_CURVE ( 'NONE', #2097, #1653, #1960, .T. ) ;
#98 = CARTESIAN_POINT ( 'NONE',  ( -8.108994997585460496, 65.49227219529063859, 20.50000000000001066 ) ) ;
#99 = CARTESIAN_POINT ( 'NONE',  ( -20.88219616351673480, 61.06684135749183895, -36.46951048377986382 ) ) ;
#100 = CARTESIAN_POINT ( 'NONE',  ( 7.500000000000000000, 66.50000000000000000, -40.66283087266116780 ) ) ;
#101 = VERTEX_POINT ( 'NONE', #1683 ) ;
#102 = CARTESIAN_POINT ( 'NONE',  ( 31.53512366989576776, 38.43755687631738738, -21.69539057723063991 ) ) ;
#103 = CARTESIAN_POINT ( 'NONE',  ( -32.01418565761844093, 29.60929077214109384, -19.71147246746598825 ) ) ;
#104 = CARTESIAN_POINT ( 'NONE',  ( 11.39353526941216010, 66.19891631628114226, -21.10523851074631096 ) ) ;
#105 = ORIENTED_EDGE ( 'NONE', *, *, #1669, .F. ) ;
#106 = CARTESIAN_POINT ( 'NONE',  ( 8.108994997585472930, 65.49227219529062438, 20.50000000000001066 ) ) ;
#107 = EDGE_CURVE ( 'NONE', #1906, #1529, #1307, .T. ) ;
#108 = FACE_OUTER_BOUND ( 'NONE', #2218, .T. ) ;
#109 = AXIS2_PLACEMENT_3D ( 'NONE', #239, #2392, #713 ) ;
#110 = CARTESIAN_POINT ( 'NONE',  ( 32.20695886473033909, -52.26167439671697679, -18.62932358747156769 ) ) ;
#111 = FACE_OUTER_BOUND ( 'NONE', #3004, .T. ) ;
#112 = LINE ( 'NONE', #629, #1270 ) ;
#113 = DIRECTION ( 'NONE',  ( 1.000000000000000000, 0.000000000000000000, 0.000000000000000000 ) ) ;
#114 = DIRECTION ( 'NONE',  ( 0.000000000000000000, -1.000000000000000000, -1.304303365396095688E-16 ) ) ;
#115 = CARTESIAN_POINT ( 'NONE',  ( -5.759467887874954783, 67.17139203079170784, 19.39596896487938693 ) ) ;
#116 = VERTEX_POINT ( 'NONE', #2188 ) ;
#117 = CIRCLE ( 'NONE', #2021, 1.959999999999998854 ) ;
#118 = CARTESIAN_POINT ( 'NONE',  ( -31.03665078617913409, -46.00000000000000000, -20.50000000000000711 ) ) ;
#119 = AXIS2_PLACEMENT_3D ( 'NONE', #1481, #1922, #55 ) ;
#120 = CARTESIAN_POINT ( 'NONE',  ( -31.72378113452633386, 36.61547950031614107, -20.99970451612793099 ) ) ;
#121 = CARTESIAN_POINT ( 'NONE',  ( -8.585442433611023105, 66.50000000000000000, -40.42559360628455067 ) ) ;
#122 = VERTEX_POINT ( 'NONE', #1963 ) ;
#123 = CARTESIAN_POINT ( 'NONE',  ( -30.44611692900835820, 38.96472315371482864, -22.75366933405794967 ) ) ;
#124 = CARTESIAN_POINT ( 'NONE',  ( -7.500000000000000000, 26.50000000000000355, -14.80680601621314452 ) ) ;
#125 = CARTESIAN_POINT ( 'NONE',  ( -13.50000000000000000, 57.50000000000000000, -43.49999999999998579 ) ) ;
#126 = CIRCLE ( 'NONE', #2628, 1.000000000000001776 ) ;
#127 = CARTESIAN_POINT ( 'NONE',  ( 31.50000000000000000, -46.00000000000000000, 19.49999999999999645 ) ) ;
#128 = CYLINDRICAL_SURFACE ( 'NONE', #460, 10.00000000000000178 ) ;
#129 = CARTESIAN_POINT ( 'NONE',  ( -23.08529893016146772, 59.60587322597378090, -34.64162515304262513 ) ) ;
#130 = CYLINDRICAL_SURFACE ( 'NONE', #921, 20.60000000000000853 ) ;
#131 = EDGE_CURVE ( 'NONE', #1018, #1955, #2888, .T. ) ;
#132 = ORIENTED_EDGE ( 'NONE', *, *, #557, .F. ) ;
#133 = CARTESIAN_POINT ( 'NONE',  ( 30.57371872284102210, 38.05842501222608121, -22.34600691813245987 ) ) ;
#134 = DIRECTION ( 'NONE',  ( 0.000000000000000000, 1.565164038475314677E-16, -1.000000000000000000 ) ) ;
#135 = CIRCLE ( 'NONE', #2739, 1.000000000000001554 ) ;
#136 = EDGE_CURVE ( 'NONE', #794, #2352, #1410, .T. ) ;
#137 = ORIENTED_EDGE ( 'NONE', *, *, #1819, .F. ) ;
#138 = CARTESIAN_POINT ( 'NONE',  ( -31.01248786276836356, 31.02826093382725503, -20.61536284722408752 ) ) ;
#139 = DIRECTION ( 'NONE',  ( 0.000000000000000000, 0.000000000000000000, 1.000000000000000000 ) ) ;
#140 = CARTESIAN_POINT ( 'NONE',  ( -11.50373277381036274, 66.19212934886699884, -19.50865304114993393 ) ) ;
#141 = CARTESIAN_POINT ( 'NONE',  ( 20.38404821576203929, 63.43928790489714231, 2.909237919109330495 ) ) ;
#142 = CARTESIAN_POINT ( 'NONE',  ( 32.46328746032488510, -56.86781930243164851, -16.29041323783549444 ) ) ;
#143 = CARTESIAN_POINT ( 'NONE',  ( 1.835383851589512080E-15, 26.50000000000000355, -9.038043478260849639 ) ) ;
#144 = DIRECTION ( 'NONE',  ( 0.000000000000000000, 0.000000000000000000, -1.000000000000000000 ) ) ;
#145 = ORIENTED_EDGE ( 'NONE', *, *, #1104, .F. ) ;
#146 = CYLINDRICAL_SURFACE ( 'NONE', #1929, 25.00000000000000000 ) ;
#147 = CARTESIAN_POINT ( 'NONE',  ( -30.18969303517492975, 44.43606491991513963, -25.30865679387736833 ) ) ;
#148 = CARTESIAN_POINT ( 'NONE',  ( 30.16641177534146578, 40.65059918879672551, -23.58613958510724729 ) ) ;
#149 = DIRECTION ( 'NONE',  ( 1.000000000000000000, 0.000000000000000000, 0.000000000000000000 ) ) ;
#150 = EDGE_CURVE ( 'NONE', #2519, #2073, #2158, .T. ) ;
#151 = ORIENTED_EDGE ( 'NONE', *, *, #1110, .F. ) ;
#152 = CARTESIAN_POINT ( 'NONE',  ( -30.93795010830687886, 33.43914147288834471, -20.95763958730286447 ) ) ;
#153 = CARTESIAN_POINT ( 'NONE',  ( 32.09924113521719136, -50.02806125295909112, -19.26652356596267524 ) ) ;
#154 = CARTESIAN_POINT ( 'NONE',  ( -12.24614078440231779, 66.04931129248973321, -20.41862028845561028 ) ) ;
#155 =( BOUNDED_SURFACE ( )  B_SPLINE_SURFACE ( 3, 2, ( 
 ( #2687, #2439, #2889 ),
 ( #39, #2219, #770 ),
 ( #1979, #1729, #1948 ),
 ( #2873, #1685, #2190 ) ),
 .UNSPECIFIED., .F., .F., .F. ) 
 B_SPLINE_SURFACE_WITH_KNOTS ( ( 4, 4 ),
 ( 3, 3 ),
 ( 0.000000000000000000, 0.0007159919114795836731 ),
 ( 0.000000000000000000, 1.000000000000000000 ),
 .UNSPECIFIED. ) 
 GEOMETRIC_REPRESENTATION_ITEM ( )  RATIONAL_B_SPLINE_SURFACE ( (
 ( 1.000000000000000000, 0.7533375526578351966, 1.000000000000000000),
 ( 1.000000000000000000, 0.7387301251429364557, 1.000000000000000000),
 ( 1.000000000000000000, 0.7233492015451029600, 1.000000000000000000),
 ( 1.000000000000000000, 0.7071067811865475727, 1.000000000000000000) ) ) 
 REPRESENTATION_ITEM ( '' )  SURFACE ( )  );
#156 = EDGE_CURVE ( 'NONE', #1759, #632, #1593, .T. ) ;
#157 = CARTESIAN_POINT ( 'NONE',  ( 32.19378233002836254, -54.23119263841564219, -18.81495276180358900 ) ) ;
#158 = DIRECTION ( 'NONE',  ( 0.000000000000000000, -1.304303365396095441E-16, 1.000000000000000000 ) ) ;
#159 = CIRCLE ( 'NONE', #1051, 1.000000000000001554 ) ;
#160 = ORIENTED_EDGE ( 'NONE', *, *, #1351, .T. ) ;
#161 = CARTESIAN_POINT ( 'NONE',  ( 0.000000000000000000, 98.81744097317836406, -13.18464867489512038 ) ) ;
#162 = CARTESIAN_POINT ( 'NONE',  ( -32.01734456893660052, 26.50000000000000355, -19.69554974932444935 ) ) ;
#163 = CARTESIAN_POINT ( 'NONE',  ( 5.819369580100048900, 66.59375741683165018, 19.58798184552356503 ) ) ;
#164 = CARTESIAN_POINT ( 'NONE',  ( -31.05794097788177766, -48.42775852171772044, -20.39120450380300653 ) ) ;
#165 = ORIENTED_EDGE ( 'NONE', *, *, #224, .T. ) ;
#166 = DIRECTION ( 'NONE',  ( 0.000000000000000000, 0.000000000000000000, -1.000000000000000000 ) ) ;
#167 = CARTESIAN_POINT ( 'NONE',  ( -31.30549663474560518, -54.23627869512593946, -18.78245168151651967 ) ) ;
#168 = ORIENTED_EDGE ( 'NONE', *, *, #1891, .T. ) ;
#169 = CARTESIAN_POINT ( 'NONE',  ( -21.05485776848887980, 62.50632857589448577, 0.4061084762086031863 ) ) ;
#170 = CARTESIAN_POINT ( 'NONE',  ( 10.57064873983957476, 67.55019547906717037, -20.62870128191399033 ) ) ;
#171 = DIRECTION ( 'NONE',  ( 0.000000000000000000, -0.3420201433256569445, -0.9396926207859127578 ) ) ;
#172 = CARTESIAN_POINT ( 'NONE',  ( -22.83790388487974354, 51.07996753310223426, -34.42229444548613770 ) ) ;
#173 = ORIENTED_EDGE ( 'NONE', *, *, #285, .F. ) ;
#174 = DIRECTION ( 'NONE',  ( -0.000000000000000000, -0.9396926207859127578, 0.3420201433256568335 ) ) ;
#175 = CARTESIAN_POINT ( 'NONE',  ( -9.642753984219435637, 66.42970463495379363, -40.14453051302604081 ) ) ;
#176 = CARTESIAN_POINT ( 'NONE',  ( -30.92411428269919327, 42.00650976906754153, -23.56342690330199119 ) ) ;
#177 = CARTESIAN_POINT ( 'NONE',  ( 30.19264538618826776, 44.42821312550427137, -25.30231390654698842 ) ) ;
#178 = AXIS2_PLACEMENT_3D ( 'NONE', #2813, #702, #2568 ) ;
#179 = ORIENTED_EDGE ( 'NONE', *, *, #871, .F. ) ;
#180 = DIRECTION ( 'NONE',  ( 0.000000000000000000, -1.000000000000000000, -1.304303365396095688E-16 ) ) ;
#181 = CARTESIAN_POINT ( 'NONE',  ( -32.50000000000000000, -58.68891230950212901, -14.80680601621314452 ) ) ;
#182 = ORIENTED_EDGE ( 'NONE', *, *, #131, .T. ) ;
#183 = EDGE_CURVE ( 'NONE', #818, #1086, #1932, .T. ) ;
#184 = CARTESIAN_POINT ( 'NONE',  ( -19.09401747139645167, 63.65451395872040763, -10.52137499827989764 ) ) ;
#185 = CARTESIAN_POINT ( 'NONE',  ( 11.02262606229427355, 67.47460232084029030, -20.30485300621035805 ) ) ;
#186 = CARTESIAN_POINT ( 'NONE',  ( 22.35877598295109792, 52.13919045566021282, -35.26229911784857052 ) ) ;
#187 = EDGE_CURVE ( 'NONE', #1607, #736, #1860, .T. ) ;
#188 = ORIENTED_EDGE ( 'NONE', *, *, #2128, .T. ) ;
#189 = CARTESIAN_POINT ( 'NONE',  ( 31.50000000000000711, -58.40958923791885837, -16.36313801219577613 ) ) ;
#190 = CARTESIAN_POINT ( 'NONE',  ( -15.90232194646698893, 63.30456993101776675, -39.62869737976689066 ) ) ;
#191 = CARTESIAN_POINT ( 'NONE',  ( -23.50000000000000000, 57.50000000000000000, 20.50000000000001776 ) ) ;
#192 = EDGE_LOOP ( 'NONE', ( #2655, #885, #2383, #2560, #1451 ) ) ;
#193 = CARTESIAN_POINT ( 'NONE',  ( -0.6284952539981869535, 66.29420316860083062, 20.50000000000001066 ) ) ;
#194 = VERTEX_POINT ( 'NONE', #335 ) ;
#195 = FACE_OUTER_BOUND ( 'NONE', #529, .T. ) ;
#196 = PLANE ( 'NONE',  #1080 ) ;
#197 = ORIENTED_EDGE ( 'NONE', *, *, #93, .F. ) ;
#198 = CARTESIAN_POINT ( 'NONE',  ( -1.412415954580260813, 66.67362018089912112, 20.39986452301467423 ) ) ;
#199 = EDGE_CURVE ( 'NONE', #2660, #1841, #328, .T. ) ;
#200 = CARTESIAN_POINT ( 'NONE',  ( -19.57121316947198508, 64.11224865825131758, -7.413525523807148687 ) ) ;
#201 = CARTESIAN_POINT ( 'NONE',  ( 31.85693767383983044, -47.21462999717829945, -20.49999999944035878 ) ) ;
#202 = CARTESIAN_POINT ( 'NONE',  ( 11.70588817778960511, 66.16560504951901578, -39.50060971566019674 ) ) ;
#203 = EDGE_LOOP ( 'NONE', ( #574, #2083, #278, #624, #69, #1783 ) ) ;
#204 = CARTESIAN_POINT ( 'NONE',  ( 4.723197763961652029, 66.50000000000000000, -22.91380088906405277 ) ) ;
#205 = CARTESIAN_POINT ( 'NONE',  ( 31.50000000000000000, 41.50000000000000000, 19.50000000000000711 ) ) ;
#206 = TOROIDAL_SURFACE ( 'NONE', #660, 24.00000000000000000, 1.000000000000000000 ) ;
#207 = CARTESIAN_POINT ( 'NONE',  ( -23.49999999999999289, -47.50000000000000000, -5.817072295949958192E-15 ) ) ;
#208 = CARTESIAN_POINT ( 'NONE',  ( 29.24708994748987578, 46.66904796876743688, -27.22125082497086979 ) ) ;
#209 = CARTESIAN_POINT ( 'NONE',  ( -20.12146135932329116, 55.00711697137521128, -37.01901165104249003 ) ) ;
#210 = VERTEX_POINT ( 'NONE', #1078 ) ;
#211 = CARTESIAN_POINT ( 'NONE',  ( 23.49999999999999289, -46.00000000000000000, 6.884683795282953156E-15 ) ) ;
#212 = CARTESIAN_POINT ( 'NONE',  ( 2.522772406243548627E-15, 66.66569316261718825, 20.43969262078592664 ) ) ;
#213 = ORIENTED_EDGE ( 'NONE', *, *, #514, .F. ) ;
#214 = EDGE_CURVE ( 'NONE', #632, #446, #2465, .T. ) ;
#215 = CARTESIAN_POINT ( 'NONE',  ( -5.045785946722969761, 67.16839848467829199, 19.58893232439663024 ) ) ;
#216 = CARTESIAN_POINT ( 'NONE',  ( -18.03900465245640206, 65.02711800065016234, -11.48416958936697974 ) ) ;
#217 = FACE_OUTER_BOUND ( 'NONE', #1844, .T. ) ;
#218 = CARTESIAN_POINT ( 'NONE',  ( 13.89472658110143222, 65.68231346552197181, -18.87979644543101188 ) ) ;
#219 = CARTESIAN_POINT ( 'NONE',  ( -26.28823465490022215, 56.80746963972395491, -31.38525806767763981 ) ) ;
#220 = CARTESIAN_POINT ( 'NONE',  ( 23.50000000000000000, -47.50000000000000000, -5.817072295949958192E-15 ) ) ;
#221 = CARTESIAN_POINT ( 'NONE',  ( 3.590502491188440892, 67.10226607173578373, 19.95951180938637393 ) ) ;
#222 = CARTESIAN_POINT ( 'NONE',  ( 0.6528570789768970428, 66.54997246571004155, 20.47505174845998255 ) ) ;
#223 = CARTESIAN_POINT ( 'NONE',  ( -7.393586791903874023, 65.52117749839651140, 20.50000000000001066 ) ) ;
#224 = EDGE_CURVE ( 'NONE', #1199, #53, #2308, .T. ) ;
#225 = ORIENTED_EDGE ( 'NONE', *, *, #746, .T. ) ;
#226 = AXIS2_PLACEMENT_3D ( 'NONE', #59, #2943, #248 ) ;
#227 = CARTESIAN_POINT ( 'NONE',  ( 7.500000000000000000, 66.50000000000000000, 19.77006987297799157 ) ) ;
#228 = EDGE_CURVE ( 'NONE', #2157, #1810, #1746, .T. ) ;
#229 = CARTESIAN_POINT ( 'NONE',  ( -31.13287420413080753, -50.79468109538043308, -19.96763042485170558 ) ) ;
#230 = ORIENTED_EDGE ( 'NONE', *, *, #715, .T. ) ;
#231 = EDGE_CURVE ( 'NONE', #403, #745, #2500, .T. ) ;
#232 = CARTESIAN_POINT ( 'NONE',  ( -3.677623394025077541, 66.69475413983468570, 20.20364257016539256 ) ) ;
#233 = CARTESIAN_POINT ( 'NONE',  ( -21.04048665522207884, 62.51559949000631633, 0.8246624139858265146 ) ) ;
#234 = CARTESIAN_POINT ( 'NONE',  ( 12.30128851928646760, 67.21147097766976231, -19.27360791306515964 ) ) ;
#235 = CARTESIAN_POINT ( 'NONE',  ( 15.63572955472982606, 65.15947258165606115, -37.88887504510631743 ) ) ;
#236 =( BOUNDED_SURFACE ( )  B_SPLINE_SURFACE ( 3, 2, ( 
 ( #2105, #661, #3056 ),
 ( #2137, #904, #1866 ),
 ( #439, #2120, #1390 ),
 ( #202, #1157, #693 ),
 ( #1644, #454, #1898 ),
 ( #2851, #473, #1420 ),
 ( #235, #2232, #19 ),
 ( #1234, #2449, #1455 ),
 ( #296, #797, #2884 ),
 ( #1725, #266, #1928 ),
 ( #79, #1503, #782 ),
 ( #2436, #1943, #62 ),
 ( #546, #1248, #2467 ),
 ( #532, #1958, #282 ),
 ( #2912, #2713, #2696 ),
 ( #2199, #34, #1738 ) ),
 .UNSPECIFIED., .F., .F., .T. ) 
 B_SPLINE_SURFACE_WITH_KNOTS ( ( 4, 2, 2, 2, 2, 2, 2, 4 ),
 ( 3, 3 ),
 ( 0.006555246013307222328, 0.009594042638783432941, 0.01263283926425964182, 0.01567163588973585070, 0.01871043251521206305, 0.02174922914068827540, 0.02478802576616448428, 0.03086561901711690203 ),
 ( 0.000000000000000000, 1.000000000000000000 ),
 .UNSPECIFIED. ) 
 GEOMETRIC_REPRESENTATION_ITEM ( )  RATIONAL_B_SPLINE_SURFACE ( (
 ( 1.000000000000000000, 0.7071067811865474617, 1.000000000000000000),
 ( 1.000000000000000000, 0.7106495817801375958, 1.000000000000000000),
 ( 1.000000000000000000, 0.7154885538895575658, 1.000000000000000000),
 ( 1.000000000000000000, 0.7272368560903254009, 1.000000000000000000),
 ( 1.000000000000000000, 0.7341452957590088868, 1.000000000000000000),
 ( 1.000000000000000000, 0.7495440462500189138, 1.000000000000000000),
 ( 1.000000000000000000, 0.7580824854034435845, 1.000000000000000000),
 ( 1.000000000000000000, 0.7758087099541215448, 1.000000000000000000),
 ( 1.000000000000000000, 0.7850368617582349495, 1.000000000000000000),
 ( 1.000000000000000000, 0.8038098333540310003, 1.000000000000000000),
 ( 1.000000000000000000, 0.8133709658380844365, 1.000000000000000000),
 ( 1.000000000000000000, 0.8324342511329417826, 1.000000000000000000),
 ( 1.000000000000000000, 0.8418169559889776554, 1.000000000000000000),
 ( 1.000000000000000000, 0.8692276907020987098, 1.000000000000000000),
 ( 1.000000000000000000, 0.8865145536129714898, 1.000000000000000000),
 ( 1.000000000000000000, 0.9023000329515850071, 1.000000000000000000) ) ) 
 REPRESENTATION_ITEM ( '' )  SURFACE ( )  );
#237 = CARTESIAN_POINT ( 'NONE',  ( -27.31619758759332584, 55.54701961682562938, -30.04879778794233047 ) ) ;
#238 = CARTESIAN_POINT ( 'NONE',  ( -30.44082938032959262, 51.79839599384158788, -25.10520201004861818 ) ) ;
#239 = CARTESIAN_POINT ( 'NONE',  ( 13.50000000000000000, 47.50000000000000000, 20.50000000000001776 ) ) ;
#240 = CARTESIAN_POINT ( 'NONE',  ( -27.31619758759332939, 56.74199177172919661, -28.85382563303877390 ) ) ;
#241 = ORIENTED_EDGE ( 'NONE', *, *, #1107, .T. ) ;
#242 = DIRECTION ( 'NONE',  ( 3.552713678800500929E-15, 0.000000000000000000, 1.000000000000000000 ) ) ;
#243 = FACE_BOUND ( 'NONE', #759, .T. ) ;
#244 = EDGE_CURVE ( 'NONE', #2328, #1199, #2098, .T. ) ;
#245 = CARTESIAN_POINT ( 'NONE',  ( -0.6450309023183550261, 66.47048339005003470, 20.50000000000001421 ) ) ;
#246 = DIRECTION ( 'NONE',  ( 1.000000000000000000, 0.000000000000000000, 0.000000000000000000 ) ) ;
#247 = CARTESIAN_POINT ( 'NONE',  ( -19.08547486240323110, 64.42452861490542659, -8.980785876197240114 ) ) ;
#248 = DIRECTION ( 'NONE',  ( 0.000000000000000000, -1.000000000000000000, -1.387778780781445676E-16 ) ) ;
#249 = CARTESIAN_POINT ( 'NONE',  ( 24.32015993650020036, 50.04576799916119967, -32.61097239723188324 ) ) ;
#250 = B_SPLINE_CURVE_WITH_KNOTS ( 'NONE', 3,
 ( #1195, #527, #2893, #512, #1907, #2195 ),
 .UNSPECIFIED., .F., .F.,
 ( 4, 2, 4 ),
 ( 0.000000000000000000, 0.002211667450470505576, 0.004423334900941011151 ),
 .UNSPECIFIED. ) ;
#251 = CARTESIAN_POINT ( 'NONE',  ( -23.04725997214051958, 61.09773603841680512, -33.13455076292914470 ) ) ;
#252 = CARTESIAN_POINT ( 'NONE',  ( -25.76260769672601114, 55.54701961682562938, -28.85382563303877390 ) ) ;
#253 = CARTESIAN_POINT ( 'NONE',  ( 4.317749780804131632, 67.16534472962405289, 19.78577673970996642 ) ) ;
#254 = FACE_OUTER_BOUND ( 'NONE', #960, .T. ) ;
#255 = CARTESIAN_POINT ( 'NONE',  ( -21.38309515835220509, 53.71832124647734474, -36.07488537420066876 ) ) ;
#256 = AXIS2_PLACEMENT_3D ( 'NONE', #2607, #1903, #2202 ) ;
#257 = ORIENTED_EDGE ( 'NONE', *, *, #555, .F. ) ;
#258 = CARTESIAN_POINT ( 'NONE',  ( -11.85770067135485029, 67.31162107725056387, -19.65206667556102715 ) ) ;
#259 = DIRECTION ( 'NONE',  ( 0.9657078676093152625, -0.000000000000000000, 0.2596311122293885609 ) ) ;
#260 = CARTESIAN_POINT ( 'NONE',  ( 20.60177427248874338, 63.32696510885235597, 0.8166150343551337176 ) ) ;
#261 = ORIENTED_EDGE ( 'NONE', *, *, #2857, .T. ) ;
#262 = CARTESIAN_POINT ( 'NONE',  ( 0.000000000000000000, 92.79788645064681418, -29.72323880072717728 ) ) ;
#263 = CARTESIAN_POINT ( 'NONE',  ( -19.53072521627991165, 63.41809085368317511, -9.337172511918412354 ) ) ;
#264 = B_SPLINE_CURVE_WITH_KNOTS ( 'NONE', 3,
 ( #3013, #631, #2847, #2370 ),
 .UNSPECIFIED., .F., .F.,
 ( 4, 4 ),
 ( 0.0003486854142031526249, 0.001217693226510530762 ),
 .UNSPECIFIED. ) ;
#265 = CARTESIAN_POINT ( 'NONE',  ( -16.69944243637998582, 64.75297111647668657, 12.06332759524237019 ) ) ;
#266 = CARTESIAN_POINT ( 'NONE',  ( 20.66429851883478008, 62.78767240693940721, -36.64198605798867447 ) ) ;
#267 = VECTOR ( 'NONE', #1145, 1000.000000000000000 ) ;
#268 = CARTESIAN_POINT ( 'NONE',  ( -26.26427379593831191, 58.10960369638522849, -30.11421678361583787 ) ) ;
#269 = CARTESIAN_POINT ( 'NONE',  ( -7.393586791903875799, 65.52117749839651140, 20.50000000000001066 ) ) ;
#270 = CARTESIAN_POINT ( 'NONE',  ( 22.35877598295109792, 52.13919045566021282, -35.26229911784857052 ) ) ;
#271 = CARTESIAN_POINT ( 'NONE',  ( 5.079969928769300758, 66.79381012282134122, 19.71608095510151060 ) ) ;
#272 = CARTESIAN_POINT ( 'NONE',  ( -6.699647498399378343, 66.53198453625979880, 19.77265756943095809 ) ) ;
#273 = B_SPLINE_CURVE_WITH_KNOTS ( 'NONE', 3,
 ( #2285, #2081, #2538, #404, #1532, #3021, #2974, #1547, #1321, #2727, #2767, #2302, #825, #375, #2753, #2269, #2990, #1103 ),
 .UNSPECIFIED., .F., .F.,
 ( 4, 2, 2, 2, 2, 2, 2, 2, 4 ),
 ( 0.000000000000000000, 0.005811317016450471065, 0.007264146270563091000, 0.008716975524675710935, 0.01162263403290094560, 0.01452829254112618200, 0.01598112179523878892, 0.01743395104935139411, 0.02324526806580182875 ),
 .UNSPECIFIED. ) ;
#274 = ORIENTED_EDGE ( 'NONE', *, *, #1867, .T. ) ;
#275 = CARTESIAN_POINT ( 'NONE',  ( -15.56499348643546909, 66.19397947296344853, -15.70818289694446079 ) ) ;
#276 = DIRECTION ( 'NONE',  ( -0.02537479156606093841, 0.9996780081371096083, 0.000000000000000000 ) ) ;
#277 = CARTESIAN_POINT ( 'NONE',  ( 20.29507469931272468, 63.60729183701209166, -4.163620369748597838 ) ) ;
#278 = ORIENTED_EDGE ( 'NONE', *, *, #390, .F. ) ;
#279 = DIRECTION ( 'NONE',  ( -0.000000000000000000, 1.000000000000000000, -0.000000000000000000 ) ) ;
#280 = CARTESIAN_POINT ( 'NONE',  ( 28.98168660819926501, 54.57668030807194981, -26.85827458814737057 ) ) ;
#281 = CIRCLE ( 'NONE', #1323, 1.960000000000000187 ) ;
#282 = CARTESIAN_POINT ( 'NONE',  ( 25.12536978610507177, 57.96808519158057038, -32.69553728051585750 ) ) ;
#283 = CIRCLE ( 'NONE', #1887, 1.000000000000000888 ) ;
#284 = CARTESIAN_POINT ( 'NONE',  ( -32.49999999999999289, 41.50000000000009237, -14.80680601621322978 ) ) ;
#285 = EDGE_CURVE ( 'NONE', #316, #3027, #966, .T. ) ;
#286 = CARTESIAN_POINT ( 'NONE',  ( -31.39127840929601376, 37.67162944784176659, -22.20643286485813661 ) ) ;
#287 = CARTESIAN_POINT ( 'NONE',  ( -14.65549119750987828, 65.46973103811997419, 15.24814471290026852 ) ) ;
#288 = FACE_OUTER_BOUND ( 'NONE', #358, .T. ) ;
#289 = ORIENTED_EDGE ( 'NONE', *, *, #1670, .F. ) ;
#290 = CARTESIAN_POINT ( 'NONE',  ( -18.45487309087821259, 64.49505129874590637, 9.119192205871526014 ) ) ;
#291 = CARTESIAN_POINT ( 'NONE',  ( -31.50000000000000000, -58.68891230950212901, -14.80680601621314452 ) ) ;
#292 = CARTESIAN_POINT ( 'NONE',  ( 19.64732304333186264, 63.85616315476322313, 6.230495012872821370 ) ) ;
#293 = ORIENTED_EDGE ( 'NONE', *, *, #2977, .T. ) ;
#294 = CARTESIAN_POINT ( 'NONE',  ( 32.01734456893659342, 28.58012841124578429, -19.69554974932444935 ) ) ;
#295 = CARTESIAN_POINT ( 'NONE',  ( 26.52354968408958058, 48.23995911662466796, -30.05684434333960198 ) ) ;
#296 = CARTESIAN_POINT ( 'NONE',  ( 18.33555488653067655, 64.04956987105514088, -36.45120194893219434 ) ) ;
#297 = CIRCLE ( 'NONE', #2205, 10.00000000000000178 ) ;
#298 = CIRCLE ( 'NONE', #944, 24.00000000000000000 ) ;
#299 = LINE ( 'NONE', #2437, #2670 ) ;
#300 = CARTESIAN_POINT ( 'NONE',  ( 30.70845882717401665, 51.48248939327707063, -25.63850023634885034 ) ) ;
#301 = CARTESIAN_POINT ( 'NONE',  ( -17.48887332548800444, 64.42036451726811208, 11.89886427559306803 ) ) ;
#302 = CARTESIAN_POINT ( 'NONE',  ( 7.446793395951938344, 66.51058874919824859, 19.63503493648900289 ) ) ;
#303 = EDGE_LOOP ( 'NONE', ( #1315, #3053 ) ) ;
#304 = CARTESIAN_POINT ( 'NONE',  ( -19.67105688963683718, 63.84252940675585819, 6.080067340224050376 ) ) ;
#305 = DIRECTION ( 'NONE',  ( 0.9730118054046341669, 4.305883727647940398E-16, -0.2307553391434629675 ) ) ;
#306 = CARTESIAN_POINT ( 'NONE',  ( 20.37559374730070871, 63.54595049816115448, -3.618151940482484896 ) ) ;
#307 = ORIENTED_EDGE ( 'NONE', *, *, #2085, .T. ) ;
#308 = VECTOR ( 'NONE', #113, 1000.000000000000000 ) ;
#309 = LINE ( 'NONE', #2662, #2379 ) ;
#310 = CARTESIAN_POINT ( 'NONE',  ( -9.234158020250681886, 66.46025305423377461, 18.22360834065370128 ) ) ;
#311 = B_SPLINE_CURVE_WITH_KNOTS ( 'NONE', 3,
 ( #3048, #2549, #2479, #2764, #2796, #2811, #884, #667, #2314, #164, #1618, #1603 ),
 .UNSPECIFIED., .F., .F.,
 ( 4, 2, 2, 2, 2, 4 ),
 ( 0.000000000000000000, 0.003620400996730874232, 0.005430601495096320890, 0.007240801993461768414, 0.01086120299019265913, 0.01448160398692355244 ),
 .UNSPECIFIED. ) ;
#312 = EDGE_CURVE ( 'NONE', #2097, #3037, #2656, .T. ) ;
#313 = DIRECTION ( 'NONE',  ( 1.000000000000000000, 0.000000000000000000, 0.000000000000000000 ) ) ;
#314 = CARTESIAN_POINT ( 'NONE',  ( 7.500000000000000000, 66.50000000000000000, -40.66283087266116780 ) ) ;
#315 = CARTESIAN_POINT ( 'NONE',  ( 32.50000000000000000, 41.50000000000000000, -14.80680601621314807 ) ) ;
#316 = VERTEX_POINT ( 'NONE', #1519 ) ;
#317 = CARTESIAN_POINT ( 'NONE',  ( -23.50000000000000000, 28.58012841124578429, -20.49999999999999645 ) ) ;
#318 = CARTESIAN_POINT ( 'NONE',  ( -26.52354968408958769, 48.23995911662465375, -30.05684434333959132 ) ) ;
#319 = ORIENTED_EDGE ( 'NONE', *, *, #6, .T. ) ;
#320 = EDGE_CURVE ( 'NONE', #2073, #1429, #2167, .T. ) ;
#321 = CARTESIAN_POINT ( 'NONE',  ( -8.197731689477903316, 67.81431691161670017, -22.04683506102016821 ) ) ;
#322 = CARTESIAN_POINT ( 'NONE',  ( -28.39622045084087176, 47.96749108661334304, -28.64465410529531297 ) ) ;
#323 = CARTESIAN_POINT ( 'NONE',  ( 19.10060428074868000, 64.41516296091064930, -8.937913728322724793 ) ) ;
#324 = ADVANCED_FACE ( 'NONE', ( #2527 ), #2837, .F. ) ;
#325 = ORIENTED_EDGE ( 'NONE', *, *, #390, .T. ) ;
#326 = CARTESIAN_POINT ( 'NONE',  ( 7.631927631648053101, 65.50836047546647478, 20.50000000000001066 ) ) ;
#327 = CARTESIAN_POINT ( 'NONE',  ( -5.045785946722949333, 67.16839848467829199, 19.58893232439663379 ) ) ;
#328 = B_SPLINE_CURVE_WITH_KNOTS ( 'NONE', 3,
 ( #1792, #1312, #1994, #129, #2932, #99, #2250, #2731, #1727, #1033, #2981, #2947, #2277, #2700 ),
 .UNSPECIFIED., .F., .F.,
 ( 4, 2, 2, 2, 2, 2, 4 ),
 ( 0.000000000000000000, 0.006380098948179583306, 0.009570148422269379729, 0.01276019789635917875, 0.01595024737044897431, 0.01914029684453876987, 0.02552039579271835057 ),
 .UNSPECIFIED. ) ;
#329 = CARTESIAN_POINT ( 'NONE',  ( 32.04823530957921207, 46.53495898317631685, -20.27008616289146659 ) ) ;
#330 = AXIS2_PLACEMENT_3D ( 'NONE', #2354, #950, #659 ) ;
#331 = EDGE_CURVE ( 'NONE', #31, #535, #2315, .T. ) ;
#332 = CARTESIAN_POINT ( 'NONE',  ( 0.6284952540248204267, 66.29420316859844320, 20.50000000000001066 ) ) ;
#333 = CIRCLE ( 'NONE', #482, 1.000000000000000888 ) ;
#334 = CARTESIAN_POINT ( 'NONE',  ( -32.49999999999997868, 44.12483165580385247, -17.43163767205714265 ) ) ;
#335 = CARTESIAN_POINT ( 'NONE',  ( 2.155378366499340816E-15, 104.8369954957099139, 3.353941450936932966 ) ) ;
#336 = EDGE_LOOP ( 'NONE', ( #2645, #1215, #1180 ) ) ;
#337 = CARTESIAN_POINT ( 'NONE',  ( -23.50000000000000000, -66.50000000000000000, 153.1084461865080470 ) ) ;
#338 = ORIENTED_EDGE ( 'NONE', *, *, #1977, .F. ) ;
#339 = EDGE_CURVE ( 'NONE', #1384, #2843, #3061, .T. ) ;
#340 = CARTESIAN_POINT ( 'NONE',  ( 31.49425458318694382, 36.74997245341262442, -21.86737899602059443 ) ) ;
#341 = DIRECTION ( 'NONE',  ( -0.000000000000000000, 0.9396926207859127578, -0.3420201433256568890 ) ) ;
#342 = CARTESIAN_POINT ( 'NONE',  ( -7.952280464721188658, 66.50000000000001421, -42.56993401125425436 ) ) ;
#343 = ORIENTED_EDGE ( 'NONE', *, *, #1320, .F. ) ;
#344 = CARTESIAN_POINT ( 'NONE',  ( 8.108994997585472930, 65.49227219529063859, 20.50000000000001066 ) ) ;
#345 = EDGE_CURVE ( 'NONE', #101, #446, #1406, .T. ) ;
#346 = CARTESIAN_POINT ( 'NONE',  ( -30.97541855257216170, 32.48329427226257593, -20.78726294893384363 ) ) ;
#347 = CARTESIAN_POINT ( 'NONE',  ( 32.12321085090770367, -50.59051407010654344, -19.13387164490726988 ) ) ;
#348 = CARTESIAN_POINT ( 'NONE',  ( -22.16641720548058814, 51.46649528730480228, -35.42590385162932165 ) ) ;
#349 = CARTESIAN_POINT ( 'NONE',  ( 32.12210707301314727, -50.56550261934463464, -19.14009614710494489 ) ) ;
#350 = CARTESIAN_POINT ( 'NONE',  ( -22.43795000917306126, 51.98800352581281459, -35.19479541668372491 ) ) ;
#351 = CARTESIAN_POINT ( 'NONE',  ( 17.61454995037749782, 62.68038785833664406, -38.67569848798662235 ) ) ;
#352 = ORIENTED_EDGE ( 'NONE', *, *, #2537, .T. ) ;
#353 = CARTESIAN_POINT ( 'NONE',  ( 32.01734456893659342, 28.58012841124578429, -19.69554974932444935 ) ) ;
#354 = ORIENTED_EDGE ( 'NONE', *, *, #2735, .F. ) ;
#355 = CARTESIAN_POINT ( 'NONE',  ( 30.85891737686712943, 34.82121219455000016, -21.28670894361411214 ) ) ;
#356 = CARTESIAN_POINT ( 'NONE',  ( -30.90430258151581100, 42.09030554592337836, -23.61638022828835659 ) ) ;
#357 = CARTESIAN_POINT ( 'NONE',  ( 8.545876077245255331, 66.50000000000000000, -22.91355351589849931 ) ) ;
#358 = EDGE_LOOP ( 'NONE', ( #1132, #1355, #1329, #1978, #2863 ) ) ;
#359 =( BOUNDED_SURFACE ( )  B_SPLINE_SURFACE ( 3, 2, ( 
 ( #1150, #899, #227 ),
 ( #484, #2114, #671 ),
 ( #914, #1165, #1875 ),
 ( #2367, #1622, #1890 ),
 ( #2582, #2799, #434 ),
 ( #1673, #1846, #1385 ),
 ( #685, #1196, #1638 ),
 ( #3097, #945, #1908 ),
 ( #1432, #2129, #928 ),
 ( #2445, #2196, #735 ),
 ( #1969, #1497, #1720 ),
 ( #45, #1024, #976 ),
 ( #2894, #1734, #1923 ),
 ( #30, #1984, #2878 ),
 ( #993, #2209, #1213 ),
 ( #56, #561, #2644 ),
 ( #292, #2241, #1450 ),
 ( #1939, #1691, #1007 ),
 ( #1272, #2907, #2940 ),
 ( #1954, #2922, #2462 ),
 ( #498, #2413, #793 ),
 ( #260, #749, #2692 ),
 ( #2179, #1705, #1750 ),
 ( #2659, #761, #775 ),
 ( #513, #541, #1512 ),
 ( #306, #1466, #2431 ),
 ( #277, #1229, #2675 ),
 ( #1260, #2224, #72 ),
 ( #2708, #959, #2476 ),
 ( #323, #528, #1482 ),
 ( #1244, #1630, #2093 ),
 ( #1798, #2954, #2823 ),
 ( #664, #906, #3045 ),
 ( #2591, #1781, #1868 ),
 ( #895, #594, #441 ),
 ( #1614, #2506, #1039 ),
 ( #1144, #1379, #2738 ),
 ( #1392, #2018, #1766 ),
 ( #2562, #608, #2491 ),
 ( #411, #822, #104 ),
 ( #2751, #1600, #89 ),
 ( #678, #808, #1544 ),
 ( #1528, #2001, #357 ),
 ( #2807, #1302, #1363 ) ),
 .UNSPECIFIED., .F., .F., .T. ) 
 B_SPLINE_SURFACE_WITH_KNOTS ( ( 4, 2, 2, 2, 2, 2, 2, 2, 2, 2, 2, 2, 2, 2, 2, 2, 2, 2, 2, 2, 2, 4 ),
 ( 3, 3 ),
 ( 0.000000000000000000, 0.003449076489480003543, 0.006898152978960007085, 0.008622691223700008206, 0.01034722946844001019, 0.01379630595792001417, 0.01552084420266001616, 0.01724538244740001641, 0.02069445893688002039, 0.02241899718162002064, 0.02414353542636002437, 0.02759261191584002834, 0.02931715016058002860, 0.03104168840532003232, 0.03449076489480003282, 0.03793984138428004027, 0.04138891787376004078, 0.04483799436324004128, 0.04828707085272004873, 0.05001160909746005245, 0.05173614734220005618, 0.05518522383168005668 ),
 ( 0.000000000000000000, 1.000000000000000000 ),
 .UNSPECIFIED. ) 
 GEOMETRIC_REPRESENTATION_ITEM ( )  RATIONAL_B_SPLINE_SURFACE ( (
 ( 1.000000000000000000, 0.8126317230853823403, 1.000000000000000000),
 ( 1.000000000000000000, 0.8151348665826199102, 1.000000000000000000),
 ( 1.000000000000000000, 0.8187207538301076726, 1.000000000000000000),
 ( 1.000000000000000000, 0.8273483558573767604, 1.000000000000000000),
 ( 1.000000000000000000, 0.8323918389914971572, 1.000000000000000000),
 ( 1.000000000000000000, 0.8405016722151692488, 1.000000000000000000),
 ( 1.000000000000000000, 0.8432758743514943145, 1.000000000000000000),
 ( 1.000000000000000000, 0.8488108906539912901, 1.000000000000000000),
 ( 1.000000000000000000, 0.8515797412923824528, 1.000000000000000000),
 ( 1.000000000000000000, 0.8597426677286834629, 1.000000000000000000),
 ( 1.000000000000000000, 0.8649950372242934948, 1.000000000000000000),
 ( 1.000000000000000000, 0.8719988673496948950, 1.000000000000000000),
 ( 1.000000000000000000, 0.8741793280062118976, 1.000000000000000000),
 ( 1.000000000000000000, 0.8780767416555689264, 1.000000000000000000),
 ( 1.000000000000000000, 0.8798049133359405749, 1.000000000000000000),
 ( 1.000000000000000000, 0.8842202438932476039, 1.000000000000000000),
 ( 1.000000000000000000, 0.8861402108724653059, 1.000000000000000000),
 ( 1.000000000000000000, 0.8870447161008284676, 1.000000000000000000),
 ( 1.000000000000000000, 0.8870118391510432021, 1.000000000000000000),
 ( 1.000000000000000000, 0.8862355755884877562, 1.000000000000000000),
 ( 1.000000000000000000, 0.8854960993057412466, 1.000000000000000000),
 ( 1.000000000000000000, 0.8822052722254171142, 1.000000000000000000),
 ( 1.000000000000000000, 0.8785833823783716356, 1.000000000000000000),
 ( 1.000000000000000000, 0.8709140125365395502, 1.000000000000000000),
 ( 1.000000000000000000, 0.8679813092122998786, 1.000000000000000000),
 ( 1.000000000000000000, 0.8614812831858857933, 1.000000000000000000),
 ( 1.000000000000000000, 0.8579030939523853982, 1.000000000000000000),
 ( 1.000000000000000000, 0.8462176379885089084, 1.000000000000000000),
 ( 1.000000000000000000, 0.8371619380689394596, 1.000000000000000000),
 ( 1.000000000000000000, 0.8166233816949235447, 1.000000000000000000),
 ( 1.000000000000000000, 0.8050624052595997115, 1.000000000000000000),
 ( 1.000000000000000000, 0.7801546576056929139, 1.000000000000000000),
 ( 1.000000000000000000, 0.7667756186693150955, 1.000000000000000000),
 ( 1.000000000000000000, 0.7384634480406067070, 1.000000000000000000),
 ( 1.000000000000000000, 0.7235061630944099598, 1.000000000000000000),
 ( 1.000000000000000000, 0.6925735521766787084, 1.000000000000000000),
 ( 1.000000000000000000, 0.6768797124843184410, 1.000000000000000000),
 ( 1.000000000000000000, 0.6538270657760446580, 1.000000000000000000),
 ( 1.000000000000000000, 0.6462282716238112457, 1.000000000000000000),
 ( 1.000000000000000000, 0.6314114545981095450, 1.000000000000000000),
 ( 1.000000000000000000, 0.6241618228138177127, 1.000000000000000000),
 ( 1.000000000000000000, 0.6037092864412701987, 1.000000000000000000),
 ( 1.000000000000000000, 0.5917581679789614135, 1.000000000000000000),
 ( 1.000000000000000000, 0.5827775584520070717, 1.000000000000000000) ) ) 
 REPRESENTATION_ITEM ( '' )  SURFACE ( )  );
#360 = EDGE_CURVE ( 'NONE', #673, #2157, #264, .T. ) ;
#361 = CARTESIAN_POINT ( 'NONE',  ( -29.65493947301853339, 42.70173266186463934, -24.86496067098494578 ) ) ;
#362 = AXIS2_PLACEMENT_3D ( 'NONE', #1452, #2416, #961 ) ;
#363 = DIRECTION ( 'NONE',  ( -1.000000000000000000, 0.000000000000000000, 0.000000000000000000 ) ) ;
#364 = DIRECTION ( 'NONE',  ( 0.000000000000000000, 0.3420201433256566670, 0.9396926207859127578 ) ) ;
#365 = DIRECTION ( 'NONE',  ( -0.000000000000000000, -0.9396926207859127578, 0.3420201433256568335 ) ) ;
#366 = DIRECTION ( 'NONE',  ( 0.000000000000000000, -1.000000000000000000, -1.445602896647339163E-16 ) ) ;
#367 = CARTESIAN_POINT ( 'NONE',  ( 20.44850144915260515, 54.70553833645094954, -36.78033749037507505 ) ) ;
#368 = DIRECTION ( 'NONE',  ( -0.000000000000000000, 1.000000000000000000, -0.000000000000000000 ) ) ;
#369 = ORIENTED_EDGE ( 'NONE', *, *, #686, .T. ) ;
#370 = DIRECTION ( 'NONE',  ( -0.000000000000000000, -0.000000000000000000, 1.000000000000000000 ) ) ;
#371 = AXIS2_PLACEMENT_3D ( 'NONE', #992, #1496, #242 ) ;
#372 = PLANE ( 'NONE',  #1950 ) ;
#373 = ORIENTED_EDGE ( 'NONE', *, *, #1004, .F. ) ;
#374 = TOROIDAL_SURFACE ( 'NONE', #3034, 32.50195652173913885, 1.959999999999999964 ) ;
#375 = CARTESIAN_POINT ( 'NONE',  ( 30.82679405379172977, 35.30555805705678551, -21.41667085969472950 ) ) ;
#376 = DIRECTION ( 'NONE',  ( 0.000000000000000000, 0.000000000000000000, 1.000000000000000000 ) ) ;
#377 = CARTESIAN_POINT ( 'NONE',  ( -20.26689526881676784, 62.99618807430823608, 5.930325325818418314 ) ) ;
#378 = CARTESIAN_POINT ( 'NONE',  ( 20.08287491989452533, 63.60922135819235734, 4.545574870071635409 ) ) ;
#379 = AXIS2_PLACEMENT_3D ( 'NONE', #1357, #1405, #2804 ) ;
#380 = DIRECTION ( 'NONE',  ( 0.000000000000000000, 0.000000000000000000, -1.000000000000000000 ) ) ;
#381 = CARTESIAN_POINT ( 'NONE',  ( 0.9425197777191659521, 66.55176729926665757, 20.46025833880156952 ) ) ;
#382 = CARTESIAN_POINT ( 'NONE',  ( -3.255026401263553026, 66.84876880610875105, 20.10141837036032442 ) ) ;
#383 = VECTOR ( 'NONE', #2335, 1000.000000000000000 ) ;
#384 = DIRECTION ( 'NONE',  ( -1.000000000000000000, 0.000000000000000000, 0.000000000000000000 ) ) ;
#385 = CARTESIAN_POINT ( 'NONE',  ( -29.28210531353595769, 43.82622120803667798, -25.68132957949716655 ) ) ;
#386 = CARTESIAN_POINT ( 'NONE',  ( -5.045785946722971538, 67.16839848467829199, 19.58893232439662668 ) ) ;
#387 = CARTESIAN_POINT ( 'NONE',  ( 1.412548945717778892, 66.67362682686271569, 20.39985756353440749 ) ) ;
#388 = CARTESIAN_POINT ( 'NONE',  ( -4.857257629280050004, 67.83485205693530418, -23.37052625491402580 ) ) ;
#389 = ORIENTED_EDGE ( 'NONE', *, *, #1977, .T. ) ;
#390 = EDGE_CURVE ( 'NONE', #3037, #1810, #1944, .T. ) ;
#391 = DIRECTION ( 'NONE',  ( 0.000000000000000000, 0.3420201433256570556, 0.9396926207859127578 ) ) ;
#392 = FACE_OUTER_BOUND ( 'NONE', #1402, .T. ) ;
#393 = CARTESIAN_POINT ( 'NONE',  ( -12.66123906348064310, 65.96499654090744968, -20.05462716032354464 ) ) ;
#394 = CARTESIAN_POINT ( 'NONE',  ( -27.31619758759332228, 49.02635234483981463, -30.04879778794234113 ) ) ;
#395 = CARTESIAN_POINT ( 'NONE',  ( 31.18849328157317657, -51.96853625281435285, -19.62125041197225528 ) ) ;
#396 = CARTESIAN_POINT ( 'NONE',  ( -32.50000000000000000, 41.50000000000000000, -14.80680601621314452 ) ) ;
#397 = CARTESIAN_POINT ( 'NONE',  ( -2.112518788210525855, 66.90895957234221214, 20.24987853108798674 ) ) ;
#398 = VERTEX_POINT ( 'NONE', #932 ) ;
#399 = CARTESIAN_POINT ( 'NONE',  ( 5.045785946722971538, 67.16839848467829199, 19.58893232439662668 ) ) ;
#400 = DIRECTION ( 'NONE',  ( 0.000000000000000000, 0.9396926207859127578, -0.3420201433256568890 ) ) ;
#401 = CARTESIAN_POINT ( 'NONE',  ( 13.50000000000000000, 57.50000000000000000, 20.50000000000001776 ) ) ;
#402 = CARTESIAN_POINT ( 'NONE',  ( 31.50000000000000000, -46.00000000000000000, 6.884683795282953156E-15 ) ) ;
#403 = VERTEX_POINT ( 'NONE', #3069 ) ;
#404 = CARTESIAN_POINT ( 'NONE',  ( 29.13460487235457208, 44.20999436795739967, -25.98278867052376384 ) ) ;
#405 = EDGE_LOOP ( 'NONE', ( #1387, #1859, #2251, #2131, #1346 ) ) ;
#406 = CARTESIAN_POINT ( 'NONE',  ( -13.88275846275459458, 65.68590854349245944, -18.89366883765352512 ) ) ;
#407 = DIRECTION ( 'NONE',  ( 0.2596311122293890605, 0.000000000000000000, 0.9657078676093151515 ) ) ;
#408 = FACE_OUTER_BOUND ( 'NONE', #86, .T. ) ;
#409 = ORIENTED_EDGE ( 'NONE', *, *, #465, .F. ) ;
#410 = DIRECTION ( 'NONE',  ( -0.000000000000000000, 1.000000000000000000, 0.000000000000000000 ) ) ;
#411 = CARTESIAN_POINT ( 'NONE',  ( 11.01458794505364480, 67.47602584266573444, -20.31079751861489413 ) ) ;
#412 = CARTESIAN_POINT ( 'NONE',  ( -28.37381840990224191, 45.97902176605298052, -27.45246425223382047 ) ) ;
#413 = CARTESIAN_POINT ( 'NONE',  ( 60.78427124746191623, -47.50000000000000000, 9.999999999999996447 ) ) ;
#414 =( NAMED_UNIT ( * ) SI_UNIT ( $, .STERADIAN. ) SOLID_ANGLE_UNIT ( ) );
#415 = AXIS2_PLACEMENT_3D ( 'NONE', #1088, #812, #3022 ) ;
#416 = EDGE_CURVE ( 'NONE', #1230, #2097, #2400, .T. ) ;
#417 = EDGE_LOOP ( 'NONE', ( #1910, #1121, #1025, #669 ) ) ;
#418 = DIRECTION ( 'NONE',  ( 0.000000000000000000, -1.000000000000000000, -0.000000000000000000 ) ) ;
#419 = CARTESIAN_POINT ( 'NONE',  ( -32.01734456893659342, -46.00000000000000000, -19.69554974932445646 ) ) ;
#420 = VERTEX_POINT ( 'NONE', #1878 ) ;
#421 = CARTESIAN_POINT ( 'NONE',  ( -11.37723166272327369, 66.20144959136015927, -21.11751945978345191 ) ) ;
#422 = CARTESIAN_POINT ( 'NONE',  ( 9.176000584842027408, 67.73863041841316601, -21.53281732106357182 ) ) ;
#423 = CARTESIAN_POINT ( 'NONE',  ( 17.46530823524588882, 64.43062556754757964, 11.93335434837426057 ) ) ;
#424 = ORIENTED_EDGE ( 'NONE', *, *, #2761, .T. ) ;
#425 = LINE ( 'NONE', #2778, #1831 ) ;
#426 = CARTESIAN_POINT ( 'NONE',  ( -15.36189729825211892, 65.26503975729944784, -39.90915701323625342 ) ) ;
#427 = CARTESIAN_POINT ( 'NONE',  ( -32.50000000000000000, -46.00000000000000000, 6.884683795282953156E-15 ) ) ;
#428 = ORIENTED_EDGE ( 'NONE', *, *, #2151, .F. ) ;
#429 = DIRECTION ( 'NONE',  ( 0.000000000000000000, -1.000000000000000000, 0.000000000000000000 ) ) ;
#430 = VECTOR ( 'NONE', #1139, 1000.000000000000000 ) ;
#431 = EDGE_CURVE ( 'NONE', #90, #2567, #2611, .T. ) ;
#432 = EDGE_LOOP ( 'NONE', ( #2106, #225, #924, #424 ) ) ;
#433 = AXIS2_PLACEMENT_3D ( 'NONE', #907, #23, #3092 ) ;
#434 = CARTESIAN_POINT ( 'NONE',  ( 12.38549373275977317, 66.03443883884875731, 17.11595224285248307 ) ) ;
#435 = CARTESIAN_POINT ( 'NONE',  ( -31.97474599326012523, -50.76537017163274612, -19.97450912684938373 ) ) ;
#436 = ORIENTED_EDGE ( 'NONE', *, *, #1687, .F. ) ;
#437 = CARTESIAN_POINT ( 'NONE',  ( -20.39027995589971454, 63.53777164825340407, -3.637627256412170329 ) ) ;
#438 = CARTESIAN_POINT ( 'NONE',  ( 31.03665078617913053, -46.00000000000000000, -20.50000000000000355 ) ) ;
#439 = CARTESIAN_POINT ( 'NONE',  ( 9.642753984217709018, 66.42970463495400679, -40.14453051302253073 ) ) ;
#440 = ORIENTED_EDGE ( 'NONE', *, *, #2320, .T. ) ;
#441 = CARTESIAN_POINT ( 'NONE',  ( 16.01586431821191781, 65.01609061858717098, -16.27801005949813984 ) ) ;
#442 = CARTESIAN_POINT ( 'NONE',  ( -0.2122793867330626805, 66.38202531795711536, 20.49956402861000981 ) ) ;
#443 = FACE_OUTER_BOUND ( 'NONE', #777, .T. ) ;
#444 = DIRECTION ( 'NONE',  ( 1.000000000000000000, -0.000000000000000000, -0.000000000000000000 ) ) ;
#445 = CARTESIAN_POINT ( 'NONE',  ( -17.90588376948140592, 56.48831511841986242, -38.48688140849402828 ) ) ;
#446 = VERTEX_POINT ( 'NONE', #16 ) ;
#447 = VECTOR ( 'NONE', #593, 1000.000000000000000 ) ;
#448 = CARTESIAN_POINT ( 'NONE',  ( -31.50000000000000000, -46.00000000000000000, 20.49999999999999645 ) ) ;
#449 = CARTESIAN_POINT ( 'NONE',  ( -31.03665078617913053, -46.00000000000000000, -20.50000000000000355 ) ) ;
#450 = VERTEX_POINT ( 'NONE', #262 ) ;
#451 = CARTESIAN_POINT ( 'NONE',  ( 1.505543009741373339, 66.37712407400216819, 20.48609797151656764 ) ) ;
#452 = CARTESIAN_POINT ( 'NONE',  ( -20.84624939522906217, 62.64075392773257533, -3.778813426090236405 ) ) ;
#453 = CARTESIAN_POINT ( 'NONE',  ( -24.29004500527515731, 51.39277445062590743, -33.61570094452341806 ) ) ;
#454 = CARTESIAN_POINT ( 'NONE',  ( 13.36210750375994571, 65.83502927633881541, -40.82541738177089030 ) ) ;
#455 = ADVANCED_FACE ( 'NONE', ( #1217 ), #206, .T. ) ;
#456 =( BOUNDED_SURFACE ( )  B_SPLINE_SURFACE ( 3, 2, ( 
 ( #2362, #2377, #222 ),
 ( #988, #1918, #2155 ),
 ( #2934, #508, #1743 ),
 ( #1714, #756, #1237 ),
 ( #2652, #1492, #1460 ),
 ( #1207, #728, #2916 ),
 ( #2454, #1964, #2668 ),
 ( #10, #271, #2203 ) ),
 .UNSPECIFIED., .F., .F., .T. ) 
 B_SPLINE_SURFACE_WITH_KNOTS ( ( 4, 2, 2, 4 ),
 ( 3, 3 ),
 ( 0.0006504367893447739017, 0.003027737983823453223, 0.004216388581062793101, 0.005405039178302132978 ),
 ( 0.000000000000000000, 0.6097535535239497761 ),
 .UNSPECIFIED. ) 
 GEOMETRIC_REPRESENTATION_ITEM ( )  RATIONAL_B_SPLINE_SURFACE ( (
 ( 1.000000000000000000, 0.9983659215482361127, 0.9987246133818721283),
 ( 1.000000000000000000, 0.9945265921498535056, 0.9957280440727325210),
 ( 1.000000000000000000, 0.9841275029378068195, 0.9876116288495551121),
 ( 1.000000000000000000, 0.9573803841142907167, 0.9667356927008554646),
 ( 1.000000000000000000, 0.9465999119469601375, 0.9583216107915859538),
 ( 1.000000000000000000, 0.9207126515421383273, 0.9381167880276222171),
 ( 1.000000000000000000, 0.9056072639674130897, 0.9263271403802622039),
 ( 1.000000000000000000, 0.8877847058873327146, 0.9124167604645334606) ) ) 
 REPRESENTATION_ITEM ( '' )  SURFACE ( )  );
#457 = CARTESIAN_POINT ( 'NONE',  ( 6.988822326234818583, 66.50000000000000000, -22.04479853289469560 ) ) ;
#458 = CARTESIAN_POINT ( 'NONE',  ( -1.392585083178059957, 66.45976711395088898, 20.50000000000001066 ) ) ;
#459 = EDGE_CURVE ( 'NONE', #805, #1138, #1255, .T. ) ;
#460 = AXIS2_PLACEMENT_3D ( 'NONE', #1596, #2276, #1536 ) ;
#461 = DIRECTION ( 'NONE',  ( -0.000000000000000000, 0.9396926207859127578, -0.3420201433256568890 ) ) ;
#462 = LINE ( 'NONE', #1411, #2189 ) ;
#463 = CARTESIAN_POINT ( 'NONE',  ( -14.44537095501675594, 57.50000000000002132, -40.34320985838450468 ) ) ;
#464 = ADVANCED_FACE ( 'NONE', ( #408 ), #128, .F. ) ;
#465 = EDGE_CURVE ( 'NONE', #1529, #2101, #2492, .T. ) ;
#466 = ORIENTED_EDGE ( 'NONE', *, *, #2546, .F. ) ;
#467 = CARTESIAN_POINT ( 'NONE',  ( -26.52354968408958769, 48.23995911662465375, -30.05684434333959132 ) ) ;
#468 = CARTESIAN_POINT ( 'NONE',  ( -32.41715476894786008, -57.40805080694065055, -17.07659509391732655 ) ) ;
#469 = EDGE_LOOP ( 'NONE', ( #1506, #213, #2797, #1021 ) ) ;
#470 = CARTESIAN_POINT ( 'NONE',  ( 6.462470923848197657, 67.17501579046518145, 19.16238217042823067 ) ) ;
#471 = CARTESIAN_POINT ( 'NONE',  ( -14.62437733004439444, 65.47411730551633013, -18.06576273708297364 ) ) ;
#472 = CARTESIAN_POINT ( 'NONE',  ( -25.93435049786199187, 50.39662270856626236, -31.84534481250816285 ) ) ;
#473 = CARTESIAN_POINT ( 'NONE',  ( 15.36189729824963379, 65.26503975729939100, -39.90915701323969955 ) ) ;
#474 = CARTESIAN_POINT ( 'NONE',  ( -20.17317107169735380, 61.46884128974277672, -36.99592495144879933 ) ) ;
#475 = CARTESIAN_POINT ( 'NONE',  ( -28.98168660820786968, 54.57668030806077297, -26.85827458815984414 ) ) ;
#476 = CARTESIAN_POINT ( 'NONE',  ( -31.84339802675095399, 30.54964695143062414, -20.55831804124183648 ) ) ;
#477 = CARTESIAN_POINT ( 'NONE',  ( 7.500000000000000000, 66.50000000000000000, 20.50000000000001066 ) ) ;
#478 =( NAMED_UNIT ( * ) PLANE_ANGLE_UNIT ( ) SI_UNIT ( $, .RADIAN. ) );
#479 = ADVANCED_FACE ( 'NONE', ( #2028 ), #2327, .F. ) ;
#480 = VECTOR ( 'NONE', #2959, 1000.000000000000000 ) ;
#481 = VERTEX_POINT ( 'NONE', #2260 ) ;
#482 = AXIS2_PLACEMENT_3D ( 'NONE', #897, #429, #1396 ) ;
#483 = CARTESIAN_POINT ( 'NONE',  ( 7.393586791903875799, 65.52117749839651140, 20.50000000000001066 ) ) ;
#484 = CARTESIAN_POINT ( 'NONE',  ( 8.188494098775958463, 67.18562630066932684, 18.47843084047226370 ) ) ;
#485 = DIRECTION ( 'NONE',  ( 0.000000000000000000, -1.000000000000000000, -1.387778780781445676E-16 ) ) ;
#486 = EDGE_CURVE ( 'NONE', #2097, #2676, #1812, .T. ) ;
#487 = EDGE_LOOP ( 'NONE', ( #3100, #542, #2671, #2923, #571, #750 ) ) ;
#488 = CARTESIAN_POINT ( 'NONE',  ( -17.46034167246825319, 64.43220806406559120, -13.94441227828569829 ) ) ;
#489 = CARTESIAN_POINT ( 'NONE',  ( 17.77000573147545381, 64.29530958536579988, 11.47466247340009637 ) ) ;
#490 = CARTESIAN_POINT ( 'NONE',  ( -32.29914399874645170, -53.86419683267440917, -17.98009117059724105 ) ) ;
#491 = DIRECTION ( 'NONE',  ( -0.4777885557788773552, -0.6211755371739675624, 0.6211755371739680065 ) ) ;
#492 = CARTESIAN_POINT ( 'NONE',  ( -31.54591764984078850, 36.28754513414945393, -21.69727238573678818 ) ) ;
#493 = CARTESIAN_POINT ( 'NONE',  ( -10.16714741407016120, 66.37610885175624276, 18.51851134695410650 ) ) ;
#494 = CARTESIAN_POINT ( 'NONE',  ( -25.03576207834515088, 59.40844126277500692, -31.38893310262945491 ) ) ;
#495 = VERTEX_POINT ( 'NONE', #396 ) ;
#496 = CARTESIAN_POINT ( 'NONE',  ( -16.72374704628285613, 65.28825096425367747, 11.83273981794120999 ) ) ;
#497 = DIRECTION ( 'NONE',  ( 0.000000000000000000, -0.7593233854468296462, 0.6507134517693371478 ) ) ;
#498 = CARTESIAN_POINT ( 'NONE',  ( 20.44319548793619745, 63.40701204359002219, 2.460988559720739488 ) ) ;
#499 = ORIENTED_EDGE ( 'NONE', *, *, #1032, .T. ) ;
#500 = CARTESIAN_POINT ( 'NONE',  ( -7.446793395951938344, 66.51058874919824859, 19.63503493648900289 ) ) ;
#501 = CARTESIAN_POINT ( 'NONE',  ( -20.55020090764400464, 62.82382983092568907, -5.475008370468697372 ) ) ;
#502 = CARTESIAN_POINT ( 'NONE',  ( -7.225294879085532251, 66.59509896371878312, 19.07288595719231239 ) ) ;
#503 = CARTESIAN_POINT ( 'NONE',  ( 32.50000000000000000, 44.12483165580977129, -17.43163767204453052 ) ) ;
#504 = CARTESIAN_POINT ( 'NONE',  ( 4.293421973816138326, 65.90340068565743081, 20.50000000000001066 ) ) ;
#505 = CARTESIAN_POINT ( 'NONE',  ( -25.52941374532401042, 58.91576027917340497, -32.26399764685000804 ) ) ;
#506 = DIRECTION ( 'NONE',  ( 0.000000000000000000, 1.565164038475314677E-16, -1.000000000000000000 ) ) ;
#507 = CARTESIAN_POINT ( 'NONE',  ( 25.93435049786198476, 50.39662270856625526, -31.84534481250817706 ) ) ;
#508 = CARTESIAN_POINT ( 'NONE',  ( 2.156145550568041358, 66.77074213461490615, 20.29509660312091057 ) ) ;
#509 = CARTESIAN_POINT ( 'NONE',  ( -20.72432293988051200, 62.73620956654163194, -34.91476834080710745 ) ) ;
#510 = ORIENTED_EDGE ( 'NONE', *, *, #783, .F. ) ;
#511 = CARTESIAN_POINT ( 'NONE',  ( 0.6366673545107361942, 66.38132280589165646, 20.49616433662902182 ) ) ;
#512 = CARTESIAN_POINT ( 'NONE',  ( -3.561601166381325179, 65.99225628638778574, 20.50000000000000711 ) ) ;
#513 = CARTESIAN_POINT ( 'NONE',  ( 20.50159047708240578, 63.44550269426786571, -2.516797355162994076 ) ) ;
#514 = EDGE_CURVE ( 'NONE', #1540, #2676, #804, .T. ) ;
#515 = ORIENTED_EDGE ( 'NONE', *, *, #2678, .T. ) ;
#516 = EDGE_CURVE ( 'NONE', #450, #2457, #2994, .T. ) ;
#517 = CARTESIAN_POINT ( 'NONE',  ( -11.00687212342282351, 66.25763760432329263, 18.00413051136381171 ) ) ;
#518 = CARTESIAN_POINT ( 'NONE',  ( 5.111493297681169778, 66.35929468794533648, 20.50000000000001776 ) ) ;
#519 = AXIS2_PLACEMENT_3D ( 'NONE', #1235, #506, #2186 ) ;
#520 = CARTESIAN_POINT ( 'NONE',  ( -32.35964696572077059, -54.90293057773050123, -17.46485689633680138 ) ) ;
#521 = DIRECTION ( 'NONE',  ( -1.000000000000000000, 0.000000000000000000, 0.000000000000000000 ) ) ;
#522 = CARTESIAN_POINT ( 'NONE',  ( -32.00510598259723594, 30.61677768930811183, -19.75813955350233542 ) ) ;
#523 = FACE_OUTER_BOUND ( 'NONE', #1814, .T. ) ;
#524 = ORIENTED_EDGE ( 'NONE', *, *, #1416, .T. ) ;
#525 = CARTESIAN_POINT ( 'NONE',  ( -19.55088506901834222, 64.12558460094190593, -7.483449185695334016 ) ) ;
#526 = AXIS2_PLACEMENT_3D ( 'NONE', #2853, #938, #1902 ) ;
#527 = CARTESIAN_POINT ( 'NONE',  ( -1.362495618104078376, 66.22535158796210908, 20.50000000000001066 ) ) ;
#528 = CARTESIAN_POINT ( 'NONE',  ( 18.96701041595600756, 63.72820509296057878, -9.040757583844312606 ) ) ;
#529 = EDGE_LOOP ( 'NONE', ( #3096, #1435, #2358, #3020, #927 ) ) ;
#530 = CARTESIAN_POINT ( 'NONE',  ( 23.50000000000000000, -47.50000000000000000, 9.999999999999996447 ) ) ;
#531 = CARTESIAN_POINT ( 'NONE',  ( 29.19281045517826456, 54.20122877260374850, -27.50803478883308628 ) ) ;
#532 = CARTESIAN_POINT ( 'NONE',  ( 25.07419890942781038, 59.36901604965927248, -31.35003364334849252 ) ) ;
#533 = VECTOR ( 'NONE', #1386, 1000.000000000000000 ) ;
#534 = CARTESIAN_POINT ( 'NONE',  ( 21.35472136879518956, 53.70598522527470919, -36.08837928690604002 ) ) ;
#535 = VERTEX_POINT ( 'NONE', #2526 ) ;
#536 = CARTESIAN_POINT ( 'NONE',  ( -13.39940959669701570, 65.79782359574132045, 16.31754114461817551 ) ) ;
#537 = DIRECTION ( 'NONE',  ( 0.000000000000000000, 0.000000000000000000, -1.000000000000000000 ) ) ;
#538 = EDGE_LOOP ( 'NONE', ( #2180, #1688, #241, #762 ) ) ;
#539 = CARTESIAN_POINT ( 'NONE',  ( -19.69839020369386162, 64.02766467667417771, -6.957802499319693190 ) ) ;
#540 = ADVANCED_FACE ( 'NONE', ( #1127 ), #1077, .T. ) ;
#541 = CARTESIAN_POINT ( 'NONE',  ( 20.47879423271366761, 62.87477889446859081, -2.550813657974789095 ) ) ;
#542 = ORIENTED_EDGE ( 'NONE', *, *, #2458, .T. ) ;
#543 = FACE_OUTER_BOUND ( 'NONE', #1240, .T. ) ;
#544 = CARTESIAN_POINT ( 'NONE',  ( -10.63107538764426430, 66.95484353994106641, 17.19884606468625776 ) ) ;
#545 = B_SPLINE_CURVE_WITH_KNOTS ( 'NONE', 3,
 ( #85, #1761, #1584, #834, #2806, #2045, #1840, #1330 ),
 .UNSPECIFIED., .F., .F.,
 ( 4, 2, 2, 4 ),
 ( 0.000000000000000000, 0.0005410390034368222191, 0.001082078006873644438, 0.002164156013747278035 ),
 .UNSPECIFIED. ) ;
#546 = CARTESIAN_POINT ( 'NONE',  ( 23.04725997214254463, 61.09773603841507850, -33.13455076291862156 ) ) ;
#547 = AXIS2_PLACEMENT_3D ( 'NONE', #838, #2534, #560 ) ;
#548 = CIRCLE ( 'NONE', #1597, 17.59999999999999076 ) ;
#549 = CARTESIAN_POINT ( 'NONE',  ( -32.04823530957989419, 46.96328014667631834, -19.84176499939076166 ) ) ;
#550 = EDGE_CURVE ( 'NONE', #2815, #2112, #1327, .T. ) ;
#551 = CARTESIAN_POINT ( 'NONE',  ( 14.44307701002679956, 57.49999999999999289, -40.34418653865344595 ) ) ;
#552 = ORIENTED_EDGE ( 'NONE', *, *, #1489, .F. ) ;
#553 = DIRECTION ( 'NONE',  ( 1.000000000000000000, 0.000000000000000000, 0.000000000000000000 ) ) ;
#554 = CARTESIAN_POINT ( 'NONE',  ( 0.000000000000000000, 91.77182602066983463, -32.54231666308493232 ) ) ;
#555 = EDGE_CURVE ( 'NONE', #316, #1273, #2859, .T. ) ;
#556 = EDGE_LOOP ( 'NONE', ( #2777, #1009, #12, #2472 ) ) ;
#557 = EDGE_CURVE ( 'NONE', #3084, #653, #159, .T. ) ;
#558 = CARTESIAN_POINT ( 'NONE',  ( -20.22573098963594163, 63.52813996202816327, 3.974528752533260434 ) ) ;
#559 = EDGE_CURVE ( 'NONE', #2519, #3027, #2074, .T. ) ;
#560 = DIRECTION ( 'NONE',  ( 0.000000000000000000, -0.3420201433256567225, -0.9396926207859127578 ) ) ;
#561 = CARTESIAN_POINT ( 'NONE',  ( 19.31240690370759339, 63.54417588998011013, 7.371837854085717900 ) ) ;
#562 =( BOUNDED_SURFACE ( )  B_SPLINE_SURFACE ( 3, 2, ( 
 ( #511, #2905, #1005 ),
 ( #2428, #1967, #2474 ),
 ( #2222, #2920, #2207 ),
 ( #1717, #991, #70 ) ),
 .UNSPECIFIED., .F., .F., .T. ) 
 B_SPLINE_SURFACE_WITH_KNOTS ( ( 4, 4 ),
 ( 3, 3 ),
 ( 3.109521071418076765, 3.173664235760496499 ),
 ( 0.7495334571902401155, 1.000000000000000000 ),
 .UNSPECIFIED. ) 
 GEOMETRIC_REPRESENTATION_ITEM ( )  RATIONAL_B_SPLINE_SURFACE ( (
 ( 0.9942497638502858504, 0.9961641230991409302, 1.000000000000000000),
 ( 0.9943111800580555215, 0.9962050927230986508, 1.000000000000000000),
 ( 0.9943111800580566317, 0.9962050927230994279, 1.000000000000000000),
 ( 0.9942497638502891810, 0.9961641230991431506, 1.000000000000000000) ) ) 
 REPRESENTATION_ITEM ( '' )  SURFACE ( )  );
#563 = ORIENTED_EDGE ( 'NONE', *, *, #136, .T. ) ;
#564 = VECTOR ( 'NONE', #461, 1000.000000000000000 ) ;
#565 = DIRECTION ( 'NONE',  ( -0.000000000000000000, 1.000000000000000000, 1.304303365396095688E-16 ) ) ;
#566 = CARTESIAN_POINT ( 'NONE',  ( -16.02419704786533927, 65.00876304729223421, 12.90975661819387277 ) ) ;
#567 = CARTESIAN_POINT ( 'NONE',  ( 0.000000000000000000, 98.81744097317836406, -13.18464867489512038 ) ) ;
#568 = CARTESIAN_POINT ( 'NONE',  ( -20.09421741097786196, 63.09696142073730130, 6.448727371753227189 ) ) ;
#569 = CARTESIAN_POINT ( 'NONE',  ( 26.24551782525431065, 58.13398843734217536, -30.13668976006769284 ) ) ;
#570 = CARTESIAN_POINT ( 'NONE',  ( 27.31619758759331518, 55.54701961682564360, -30.04879778794235534 ) ) ;
#571 = ORIENTED_EDGE ( 'NONE', *, *, #2629, .F. ) ;
#572 = CARTESIAN_POINT ( 'NONE',  ( -7.500000000000000000, 66.50000000000000000, -23.34213456751775695 ) ) ;
#573 = DIRECTION ( 'NONE',  ( -0.000000000000000000, 1.000000000000000000, 0.000000000000000000 ) ) ;
#574 = ORIENTED_EDGE ( 'NONE', *, *, #360, .T. ) ;
#575 = ADVANCED_FACE ( 'NONE', ( #2774 ), #1112, .F. ) ;
#576 = CARTESIAN_POINT ( 'NONE',  ( 5.998085027997095864, 66.50952869401717749, 20.16721635807131818 ) ) ;
#577 = CARTESIAN_POINT ( 'NONE',  ( -32.01734456893660763, 29.09509227922154651, -19.69554974932444935 ) ) ;
#578 = CARTESIAN_POINT ( 'NONE',  ( -7.952280464721189546, 64.54000000000000625, -42.56993401125425436 ) ) ;
#579 = ORIENTED_EDGE ( 'NONE', *, *, #877, .F. ) ;
#580 = CARTESIAN_POINT ( 'NONE',  ( 7.910908316770325577, 66.45269575291536057, 20.50000000000001066 ) ) ;
#581 = CARTESIAN_POINT ( 'NONE',  ( -23.49999999999999289, -47.50000000000000000, 9.999999999999996447 ) ) ;
#582 = VECTOR ( 'NONE', #1123, 1000.000000000000000 ) ;
#583 = CARTESIAN_POINT ( 'NONE',  ( 2.155378366499340816E-15, 104.8369954957099139, 3.353941450936934743 ) ) ;
#584 = CARTESIAN_POINT ( 'NONE',  ( 13.74563183812240652, 66.31310510245776868, 14.98461665838758350 ) ) ;
#585 = VECTOR ( 'NONE', #1161, 1000.000000000000000 ) ;
#586 = CARTESIAN_POINT ( 'NONE',  ( -19.31114376761403406, 63.54026879932128935, 7.310671976112583792 ) ) ;
#587 = CARTESIAN_POINT ( 'NONE',  ( 23.50000000000000000, 48.13071143302181554, -29.88892246042118472 ) ) ;
#588 = CARTESIAN_POINT ( 'NONE',  ( -6.597771477505922633, 65.56397328255020795, 20.50000000000001066 ) ) ;
#589 = CARTESIAN_POINT ( 'NONE',  ( 19.05472252718413273, 55.82715409998778711, -37.75646290426762874 ) ) ;
#590 = CARTESIAN_POINT ( 'NONE',  ( 31.09367096312819712, 41.21917666089655796, -23.08823349578986850 ) ) ;
#591 = VECTOR ( 'NONE', #1931, 1000.000000000000000 ) ;
#592 = ORIENTED_EDGE ( 'NONE', *, *, #1897, .F. ) ;
#593 = DIRECTION ( 'NONE',  ( 0.000000000000000000, 1.000000000000000000, 1.565164038475314677E-16 ) ) ;
#594 = CARTESIAN_POINT ( 'NONE',  ( 15.29171041134442355, 65.27751597113079640, -15.71011901869544580 ) ) ;
#595 = ORIENTED_EDGE ( 'NONE', *, *, #486, .F. ) ;
#596 = FACE_OUTER_BOUND ( 'NONE', #432, .T. ) ;
#597 = CARTESIAN_POINT ( 'NONE',  ( -30.75952324794667447, 36.25050051491633241, -21.68591483437588963 ) ) ;
#598 = CARTESIAN_POINT ( 'NONE',  ( 32.29935943184666058, -53.89316154819131555, -17.99641406020588263 ) ) ;
#599 = CARTESIAN_POINT ( 'NONE',  ( 18.42384264621846057, 64.50753137110733348, 9.127455772059420269 ) ) ;
#600 = CARTESIAN_POINT ( 'NONE',  ( 32.41722176442268477, -57.40945355269308692, -17.07536863173820407 ) ) ;
#601 = DIRECTION ( 'NONE',  ( 0.000000000000000000, 0.3420201433256566670, 0.9396926207859127578 ) ) ;
#603 = CARTESIAN_POINT ( 'NONE',  ( 12.04344257562454956, 64.29006803746318610, -41.39418864127787856 ) ) ;
#602 = CIRCLE ( 'NONE', #1801, 0.9999999999999987788 ) ;
#604 = CARTESIAN_POINT ( 'NONE',  ( -13.50000000000000000, 47.50000000000000000, 153.1084461865080470 ) ) ;
#605 = ORIENTED_EDGE ( 'NONE', *, *, #1756, .T. ) ;
#606 = CARTESIAN_POINT ( 'NONE',  ( 31.21392041626274505, 39.02534471349959233, -22.76555603453815380 ) ) ;
#607 = LINE ( 'NONE', #1573, #447 ) ;
#608 = CARTESIAN_POINT ( 'NONE',  ( 11.53209713096522826, 66.18754492305954784, -19.48670343467709642 ) ) ;
#609 = EDGE_LOOP ( 'NONE', ( #2951, #2704, #2163, #2361 ) ) ;
#610 = CARTESIAN_POINT ( 'NONE',  ( -30.56533717480367685, 38.07441355787404547, -22.36790289912725527 ) ) ;
#611 = CIRCLE ( 'NONE', #2514, 12.69999999999999929 ) ;
#612 = DIRECTION ( 'NONE',  ( -1.000000000000000000, 0.000000000000000000, 0.000000000000000000 ) ) ;
#613 = CARTESIAN_POINT ( 'NONE',  ( 14.55058699838781067, 66.07754107827314272, 14.26093259544432712 ) ) ;
#614 = EDGE_CURVE ( 'NONE', #1607, #1152, #1359, .T. ) ;
#615 = CARTESIAN_POINT ( 'NONE',  ( 22.97777718403689207, 50.68931648629446585, -33.83021839698252364 ) ) ;
#616 = CARTESIAN_POINT ( 'NONE',  ( 10.94992325202107786, 66.26531373525705249, -21.43277040928834154 ) ) ;
#617 = CARTESIAN_POINT ( 'NONE',  ( 7.393586791903874023, 65.52117749839651140, 19.50000000000001066 ) ) ;
#618 = ORIENTED_EDGE ( 'NONE', *, *, #107, .F. ) ;
#619 = DIRECTION ( 'NONE',  ( 0.000000000000000000, -0.000000000000000000, 1.000000000000000000 ) ) ;
#620 = EDGE_CURVE ( 'NONE', #2238, #1298, #654, .T. ) ;
#621 = ORIENTED_EDGE ( 'NONE', *, *, #1337, .F. ) ;
#622 = CARTESIAN_POINT ( 'NONE',  ( -2.129199308648708211, 66.91151529548984911, 20.24693949189907727 ) ) ;
#623 = CARTESIAN_POINT ( 'NONE',  ( 7.500000000000000000, 41.50000000000000000, 19.50000000000000711 ) ) ;
#624 = ORIENTED_EDGE ( 'NONE', *, *, #881, .T. ) ;
#625 = CARTESIAN_POINT ( 'NONE',  ( 31.03665078617913053, -46.00000000000000000, -19.50000000000000355 ) ) ;
#626 = DIRECTION ( 'NONE',  ( 0.000000000000000000, -1.304303365396095441E-16, 1.000000000000000000 ) ) ;
#627 = CARTESIAN_POINT ( 'NONE',  ( -11.92282875353845917, 66.12061598247146321, -19.17517461708306570 ) ) ;
#628 = AXIS2_PLACEMENT_3D ( 'NONE', #337, #2220, #1965 ) ;
#629 = CARTESIAN_POINT ( 'NONE',  ( -32.50000000000000000, 41.50000000000000000, -9.394663361359169684 ) ) ;
#630 = DIRECTION ( 'NONE',  ( 1.000000000000000000, 0.000000000000000000, 0.000000000000000000 ) ) ;
#631 = CARTESIAN_POINT ( 'NONE',  ( -0.9262781040193571735, 66.37997119473241980, 20.49392037143336509 ) ) ;
#632 = VERTEX_POINT ( 'NONE', #186 ) ;
#633 = AXIS2_PLACEMENT_3D ( 'NONE', #740, #985, #2886 ) ;
#634 = CYLINDRICAL_SURFACE ( 'NONE', #2680, 1.000000000000000888 ) ;
#635 = CARTESIAN_POINT ( 'NONE',  ( -30.46154192489956714, 43.64629075126992319, -24.70016905503223370 ) ) ;
#636 = CARTESIAN_POINT ( 'NONE',  ( -1.394466003593862080, 66.78234592712661311, 20.36090442720515270 ) ) ;
#637 = CARTESIAN_POINT ( 'NONE',  ( 0.000000000000000000, 0.000000000000000000, 0.000000000000000000 ) ) ;
#638 = EDGE_LOOP ( 'NONE', ( #2985, #2989, #173, #1128, #1830, #716 ) ) ;
#639 = ADVANCED_FACE ( 'NONE', ( #3042 ), #236, .T. ) ;
#640 = DIRECTION ( 'NONE',  ( 0.02537479156606093841, 0.9996780081371096083, 0.000000000000000000 ) ) ;
#641 = CARTESIAN_POINT ( 'NONE',  ( 32.01734456893660052, -47.17325006051706282, -19.69554974932445646 ) ) ;
#642 = CARTESIAN_POINT ( 'NONE',  ( -13.12371693369383507, 65.88461124703177063, -18.13506043858891914 ) ) ;
#643 = CARTESIAN_POINT ( 'NONE',  ( -26.52354968408958769, 48.23995911662466085, -30.05684434333959132 ) ) ;
#644 = CARTESIAN_POINT ( 'NONE',  ( 31.11440888632071022, -50.21059366546876390, -20.07198499379789070 ) ) ;
#645 = DIRECTION ( 'NONE',  ( -0.000000000000000000, 0.9396926207859127578, -0.3420201433256568890 ) ) ;
#646 = VERTEX_POINT ( 'NONE', #1203 ) ;
#647 = CARTESIAN_POINT ( 'NONE',  ( 31.11440372374821095, -50.21045184221816271, -20.07201480153861084 ) ) ;
#648 = ADVANCED_FACE ( 'NONE', ( #1973 ), #2214, .T. ) ;
#649 = EDGE_LOOP ( 'NONE', ( #605, #352, #2312 ) ) ;
#650 = CARTESIAN_POINT ( 'NONE',  ( 0.2095702655655316549, 66.33349967175327322, 20.50000000000001066 ) ) ;
#651 = CARTESIAN_POINT ( 'NONE',  ( 5.156301726285441589, 66.64447101595899881, 20.00000000000000355 ) ) ;
#652 = ADVANCED_FACE ( 'NONE', ( #2926, #1014 ), #765, .T. ) ;
#653 = VERTEX_POINT ( 'NONE', #2681 ) ;
#654 = B_SPLINE_CURVE_WITH_KNOTS ( 'NONE', 3,
 ( #2805, #249, #1913, #1187 ),
 .UNSPECIFIED., .F., .F.,
 ( 4, 4 ),
 ( 1.487013220317692815E-16, 0.005728019369310216949 ),
 .UNSPECIFIED. ) ;
#655 = CARTESIAN_POINT ( 'NONE',  ( -32.50000000000000000, 66.50000000000000000, 20.50000000000001066 ) ) ;
#656 = CARTESIAN_POINT ( 'NONE',  ( -32.47629822521476228, -58.40518993192762309, -16.36690806168417822 ) ) ;
#657 = ORIENTED_EDGE ( 'NONE', *, *, #1899, .F. ) ;
#658 = CARTESIAN_POINT ( 'NONE',  ( -10.21508229285800695, 66.36600484468900163, -20.42182556823682305 ) ) ;
#659 = DIRECTION ( 'NONE',  ( 0.000000000000000000, 1.304303365396092236E-16, -1.000000000000000000 ) ) ;
#660 = AXIS2_PLACEMENT_3D ( 'NONE', #1925, #1693, #2881 ) ;
#661 = CARTESIAN_POINT ( 'NONE',  ( 7.952280464721188658, 66.50000000000001421, -42.56993401125424725 ) ) ;
#662 = CARTESIAN_POINT ( 'NONE',  ( -5.045785946722971538, 67.16839848467829199, 19.58893232439662668 ) ) ;
#663 = EDGE_CURVE ( 'NONE', #1863, #1808, #1613, .T. ) ;
#664 = CARTESIAN_POINT ( 'NONE',  ( 17.32988346378245126, 65.40327498546314189, -12.91865452651291157 ) ) ;
#665 = DIRECTION ( 'NONE',  ( 0.000000000000000000, 0.3420201433256566670, 0.9396926207859127578 ) ) ;
#666 = CARTESIAN_POINT ( 'NONE',  ( 29.02032624236314362, 46.14752091427524050, -27.61165433607587261 ) ) ;
#667 = CARTESIAN_POINT ( 'NONE',  ( -31.18654732462112023, -51.95797866143421828, -19.65291888346468241 ) ) ;
#668 = VECTOR ( 'NONE', #2744, 1000.000000000000227 ) ;
#669 = ORIENTED_EDGE ( 'NONE', *, *, #1619, .F. ) ;
#670 = VECTOR ( 'NONE', #71, 1000.000000000000000 ) ;
#671 = CARTESIAN_POINT ( 'NONE',  ( 8.544229730467669981, 66.50000000000000000, 19.34216346576184264 ) ) ;
#672 = PLANE ( 'NONE',  #684 ) ;
#673 = VERTEX_POINT ( 'NONE', #1221 ) ;
#674 = CARTESIAN_POINT ( 'NONE',  ( -20.90929729689749550, 62.59977197916939673, 2.664470622603757555 ) ) ;
#675 = CARTESIAN_POINT ( 'NONE',  ( 31.85693767370648999, -45.99999999999999289, -20.50000000000000711 ) ) ;
#676 = CARTESIAN_POINT ( 'NONE',  ( 18.62634843898068127, 63.89645055992635037, 10.06014669271670492 ) ) ;
#677 = ORIENTED_EDGE ( 'NONE', *, *, #1541, .T. ) ;
#678 = CARTESIAN_POINT ( 'NONE',  ( 9.169128450525157348, 67.73924096521469096, -21.53659794265669802 ) ) ;
#679 = CARTESIAN_POINT ( 'NONE',  ( -29.19281045515926465, 54.20122877261102445, -27.50803478880797925 ) ) ;
#680 = CARTESIAN_POINT ( 'NONE',  ( -27.09934453818753042, 48.45510100852487767, -30.33072963378338116 ) ) ;
#681 = CARTESIAN_POINT ( 'NONE',  ( 29.66540834488410283, 42.66631197826779243, -24.84075101520266671 ) ) ;
#682 = CARTESIAN_POINT ( 'NONE',  ( 3.561544239510984866, 65.99226320743461827, 20.50000000000001421 ) ) ;
#683 = ORIENTED_EDGE ( 'NONE', *, *, #97, .T. ) ;
#684 = AXIS2_PLACEMENT_3D ( 'NONE', #2830, #1639, #2368 ) ;
#685 = CARTESIAN_POINT ( 'NONE',  ( 13.71800125596226039, 66.32064208006042350, 15.00804828487500764 ) ) ;
#686 = EDGE_CURVE ( 'NONE', #31, #745, #2897, .T. ) ;
#687 = CARTESIAN_POINT ( 'NONE',  ( -32.17349262030287349, -51.66745156712691767, -18.85617864767903740 ) ) ;
#688 = ORIENTED_EDGE ( 'NONE', *, *, #2333, .T. ) ;
#689 = CARTESIAN_POINT ( 'NONE',  ( -7.676227312940312686, 66.50422036692869199, 19.59129477069887315 ) ) ;
#690 = CARTESIAN_POINT ( 'NONE',  ( -18.23767231607022765, 64.07831786329821000, -12.44642805820112841 ) ) ;
#691 = DIRECTION ( 'NONE',  ( -0.09339321152303910190, 0.9956293025224863813, 0.000000000000000000 ) ) ;
#692 = ADVANCED_FACE ( 'NONE', ( #2183 ), #994, .T. ) ;
#693 = CARTESIAN_POINT ( 'NONE',  ( 12.06217439077734888, 64.23182161386147015, -41.33762619749019507 ) ) ;
#694 = ADVANCED_FACE ( 'NONE', ( #2958 ), #1278, .F. ) ;
#695 = CARTESIAN_POINT ( 'NONE',  ( -32.46396927891891693, -56.88397371202016473, -16.27902918982170988 ) ) ;
#696 = CARTESIAN_POINT ( 'NONE',  ( -30.28895809454645160, 52.13610246944708138, -24.60903805205485995 ) ) ;
#697 = CARTESIAN_POINT ( 'NONE',  ( -29.13987021987026438, 44.19683336543315022, -25.97224497906790575 ) ) ;
#698 = CYLINDRICAL_SURFACE ( 'NONE', #879, 20.60000000000000853 ) ;
#699 = FILL_AREA_STYLE_COLOUR ( '', #3032 ) ;
#700 = ORIENTED_EDGE ( 'NONE', *, *, #871, .T. ) ;
#701 =( GEOMETRIC_REPRESENTATION_CONTEXT ( 3 ) GLOBAL_UNCERTAINTY_ASSIGNED_CONTEXT ( ( #2349 ) ) GLOBAL_UNIT_ASSIGNED_CONTEXT ( ( #2316, #2077, #414 ) ) REPRESENTATION_CONTEXT ( 'NONE', 'WORKASPACE' ) );
#702 = DIRECTION ( 'NONE',  ( 1.000000000000000000, 0.000000000000000000, 0.000000000000000000 ) ) ;
#703 = FACE_OUTER_BOUND ( 'NONE', #3033, .T. ) ;
#704 = ORIENTED_EDGE ( 'NONE', *, *, #3098, .F. ) ;
#705 = CARTESIAN_POINT ( 'NONE',  ( -8.134369789151520536, 66.49195020342773432, 19.50000000000001421 ) ) ;
#706 = CARTESIAN_POINT ( 'NONE',  ( -13.87545436988355441, 65.69681102691235708, -17.37524578296500977 ) ) ;
#707 = CARTESIAN_POINT ( 'NONE',  ( 17.81053868252159944, 65.15414826426136585, -11.99400094023124552 ) ) ;
#708 = CARTESIAN_POINT ( 'NONE',  ( 18.22087879252278952, 64.08996489883733716, -12.51761016406429938 ) ) ;
#709 = EDGE_CURVE ( 'NONE', #2397, #481, #2175, .T. ) ;
#710 = CARTESIAN_POINT ( 'NONE',  ( -6.988822326234814142, 66.50000000000000000, -22.04479853289470270 ) ) ;
#711 = DIRECTION ( 'NONE',  ( 0.000000000000000000, 0.000000000000000000, -1.000000000000000000 ) ) ;
#712 = CLOSED_SHELL ( 'NONE', ( #2961, #1304, #785, #3006, #1920, #1188, #2418, #1995, #2456, #1561, #575, #2055, #1239, #2010, #694, #1524, #2641, #3003, #894, #1900, #652, #2231, #479, #1988, #1826, #1990, #540, #1008, #648, #639, #1292, #769, #1569, #1211, #2609, #787, #324, #1652, #1289, #1590, #1565, #1202, #1090, #464, #1585, #2126, #61, #2050, #2378, #2102, #744, #455, #1241, #1762, #2460, #1013, #692, #2885, #929, #3010, #2225, #3089, #2229, #2317, #1101, #2871, #936 ) ) ;
#713 = DIRECTION ( 'NONE',  ( 0.000000000000000000, -1.000000000000000000, 0.000000000000000000 ) ) ;
#714 = CARTESIAN_POINT ( 'NONE',  ( 28.19306336878035424, 47.40120069927417035, -28.95105442904884185 ) ) ;
#715 = EDGE_CURVE ( 'NONE', #1226, #2197, #18, .T. ) ;
#716 = ORIENTED_EDGE ( 'NONE', *, *, #715, .F. ) ;
#717 = DIRECTION ( 'NONE',  ( 0.000000000000000000, -1.000000000000000000, 0.000000000000000000 ) ) ;
#718 = CARTESIAN_POINT ( 'NONE',  ( -31.03665078617913409, 66.50000000000000000, -20.49999999999998934 ) ) ;
#719 = CARTESIAN_POINT ( 'NONE',  ( 32.50000000000000000, -58.68891230950211479, -14.80680601621314807 ) ) ;
#720 = ORIENTED_EDGE ( 'NONE', *, *, #2473, .F. ) ;
#721 = CARTESIAN_POINT ( 'NONE',  ( -4.796479573883671854, 66.66447541328724924, 20.06100426936401959 ) ) ;
#722 = CARTESIAN_POINT ( 'NONE',  ( -21.05601829989502960, 62.50560404828170391, -0.9137454343404192159 ) ) ;
#723 = CARTESIAN_POINT ( 'NONE',  ( 19.98588109384553491, 63.83291213754878157, -5.865885456417097465 ) ) ;
#724 = CARTESIAN_POINT ( 'NONE',  ( 20.88739896725938294, 62.61366444122484864, 2.679530959873008822 ) ) ;
#725 = CARTESIAN_POINT ( 'NONE',  ( -23.14469325016956702, 59.56127353289603832, -34.58766803143807067 ) ) ;
#726 = CARTESIAN_POINT ( 'NONE',  ( -2.150942330349653098, 66.70076394634891415, 20.34328885519574470 ) ) ;
#727 = CARTESIAN_POINT ( 'NONE',  ( 23.50000000000000000, -66.49999999999998579, 20.49999999999998934 ) ) ;
#728 = CARTESIAN_POINT ( 'NONE',  ( 4.360892903120747732, 66.84143146442970362, 19.88272315823492420 ) ) ;
#729 = CARTESIAN_POINT ( 'NONE',  ( -19.05991240417011667, 55.82371487434295432, -37.75302457721419103 ) ) ;
#730 = CIRCLE ( 'NONE', #1728, 0.9999999999999987788 ) ;
#731 = ORIENTED_EDGE ( 'NONE', *, *, #2706, .F. ) ;
#732 = CARTESIAN_POINT ( 'NONE',  ( -20.60604709084224595, 63.34310995176484482, -0.4346855636915060717 ) ) ;
#733 = CIRCLE ( 'NONE', #2785, 20.60000000000000142 ) ;
#734 = CARTESIAN_POINT ( 'NONE',  ( 5.927282760894722280, 66.31487733686230968, 20.50000000000001066 ) ) ;
#735 = CARTESIAN_POINT ( 'NONE',  ( 16.42952030812512376, 64.86409447966963171, 13.35017643283243061 ) ) ;
#736 = VERTEX_POINT ( 'NONE', #1770 ) ;
#737 = CARTESIAN_POINT ( 'NONE',  ( -20.23041769473516638, 63.02416422113182648, 4.138292476738230086 ) ) ;
#738 = CARTESIAN_POINT ( 'NONE',  ( -6.530022123184392235, 66.59437480007399301, 19.35023142316341804 ) ) ;
#739 = CARTESIAN_POINT ( 'NONE',  ( 2.140552897452242309, 66.44763591452897344, 20.50000000000001066 ) ) ;
#740 = CARTESIAN_POINT ( 'NONE',  ( 60.78427124746191623, -47.50000000000000000, -5.817072295949958192E-15 ) ) ;
#741 = CARTESIAN_POINT ( 'NONE',  ( -3.627159378639499554, 66.41472006267223094, 20.50000000000001421 ) ) ;
#742 = CARTESIAN_POINT ( 'NONE',  ( -31.03665078616679907, 29.55681009435670248, -20.49999999999999645 ) ) ;
#743 = CARTESIAN_POINT ( 'NONE',  ( 32.50000000000000000, -46.00000000000000000, 19.49999999999999645 ) ) ;
#744 = ADVANCED_FACE ( 'NONE', ( #392 ), #2728, .T. ) ;
#745 = VERTEX_POINT ( 'NONE', #2257 ) ;
#746 = EDGE_CURVE ( 'NONE', #1863, #2328, #117, .T. ) ;
#747 = CARTESIAN_POINT ( 'NONE',  ( 0.000000000000000000, 98.81744097317836406, -13.18464867489511860 ) ) ;
#748 = CARTESIAN_POINT ( 'NONE',  ( 6.597830761880075556, 65.56397009917381524, 20.50000000000001066 ) ) ;
#749 = CARTESIAN_POINT ( 'NONE',  ( 20.61121990673138171, 62.79306347851777304, 0.8303052757249229643 ) ) ;
#750 = ORIENTED_EDGE ( 'NONE', *, *, #1107, .F. ) ;
#751 = CARTESIAN_POINT ( 'NONE',  ( -32.50000000000000000, 41.50000000000000000, 19.50000000000000711 ) ) ;
#752 = CARTESIAN_POINT ( 'NONE',  ( -11.48410722769452796, 66.18495136986095417, 17.70376856850733915 ) ) ;
#753 = CARTESIAN_POINT ( 'NONE',  ( -22.33098163757967924, 61.64678577890091304, -33.71802471057180384 ) ) ;
#754 = CARTESIAN_POINT ( 'NONE',  ( 2.608182399738390611, 66.50000000000000000, -25.26961355110418594 ) ) ;
#755 = DIRECTION ( 'NONE',  ( 0.9303824909503246587, 0.000000000000000000, 0.3665902624635157814 ) ) ;
#756 = CARTESIAN_POINT ( 'NONE',  ( 3.257983677619129992, 66.83354290375223172, 20.10647138591124516 ) ) ;
#757 = EDGE_CURVE ( 'NONE', #194, #122, #2509, .T. ) ;
#758 = DIRECTION ( 'NONE',  ( 0.000000000000000000, 0.000000000000000000, -1.000000000000000000 ) ) ;
#759 = EDGE_LOOP ( 'NONE', ( #2226, #2064 ) ) ;
#760 = CARTESIAN_POINT ( 'NONE',  ( -20.55766695110357745, 63.34974093163829423, 1.238110186322143313 ) ) ;
#761 = CARTESIAN_POINT ( 'NONE',  ( 20.53090205230758514, 62.84276076795655541, -1.984361501710373066 ) ) ;
#762 = ORIENTED_EDGE ( 'NONE', *, *, #663, .T. ) ;
#763 = CARTESIAN_POINT ( 'NONE',  ( 7.631926994354223837, 65.50836050840288749, 20.50000000000001066 ) ) ;
#764 = CARTESIAN_POINT ( 'NONE',  ( -8.544011184987608587, 66.50000000000000000, 19.34225302186516160 ) ) ;
#765 = PLANE ( 'NONE',  #911 ) ;
#766 = AXIS2_PLACEMENT_3D ( 'NONE', #1212, #1006, #276 ) ;
#767 = CARTESIAN_POINT ( 'NONE',  ( -27.31619758759332584, 55.54701961682562938, -30.04879778794234113 ) ) ;
#768 = CARTESIAN_POINT ( 'NONE',  ( -31.52901310018560466, 38.43273413430079444, -21.70997020517108567 ) ) ;
#769 = ADVANCED_FACE ( 'NONE', ( #95 ), #1057, .T. ) ;
#770 = CARTESIAN_POINT ( 'NONE',  ( -7.631926994353728233, 65.50836050840294433, 20.50000000000001066 ) ) ;
#771 = CARTESIAN_POINT ( 'NONE',  ( 31.52479048992681854, 38.52273698187216411, -21.73164912229277235 ) ) ;
#772 = ORIENTED_EDGE ( 'NONE', *, *, #1882, .F. ) ;
#773 = AXIS2_PLACEMENT_3D ( 'NONE', #2545, #1314, #2748 ) ;
#774 = LINE ( 'NONE', #1243, #1216 ) ;
#775 = CARTESIAN_POINT ( 'NONE',  ( 21.00440026064401167, 62.53882504872785830, -2.029583959786041003 ) ) ;
#776 =( BOUNDED_SURFACE ( )  B_SPLINE_SURFACE ( 3, 2, ( 
 ( #394, #1109, #643 ),
 ( #1308, #2771, #1046 ),
 ( #2041, #2248, #2497 ),
 ( #1771, #348, #2068 ) ),
 .UNSPECIFIED., .F., .F., .T. ) 
 B_SPLINE_SURFACE_WITH_KNOTS ( ( 4, 4 ),
 ( 3, 3 ),
 ( 0.000000000000000000, 0.007692349188941519783 ),
 ( 0.000000000000000000, 1.000000000000000000 ),
 .UNSPECIFIED. ) 
 GEOMETRIC_REPRESENTATION_ITEM ( )  RATIONAL_B_SPLINE_SURFACE ( (
 ( 1.000000000000000000, 0.8296430323691518227, 1.000000000000000000),
 ( 1.000000000000000000, 0.8270263290455545091, 1.000000000000000000),
 ( 1.000000000000000000, 0.8211123082022470099, 1.000000000000000000),
 ( 1.000000000000000000, 0.8128429723717377486, 1.000000000000000000) ) ) 
 REPRESENTATION_ITEM ( '' )  SURFACE ( )  );
#777 = EDGE_LOOP ( 'NONE', ( #2051, #2786, #2982, #2488 ) ) ;
#778 = VECTOR ( 'NONE', #444, 1000.000000000000000 ) ;
#779 = CARTESIAN_POINT ( 'NONE',  ( -23.49999999999999645, 48.12780048018013446, -29.88555217681691900 ) ) ;
#780 = EDGE_CURVE ( 'NONE', #1268, #2752, #2173, .T. ) ;
#781 = CARTESIAN_POINT ( 'NONE',  ( -11.10442190954257491, 66.88412843204966407, 16.91188790017217158 ) ) ;
#782 = CARTESIAN_POINT ( 'NONE',  ( 20.95443985677494680, 61.02412096572141564, -36.41427306444012402 ) ) ;
#783 = EDGE_CURVE ( 'NONE', #450, #194, #548, .T. ) ;
#784 = CARTESIAN_POINT ( 'NONE',  ( 20.72432293988051200, 62.73620956654164615, -34.91476834080710745 ) ) ;
#785 = ADVANCED_FACE ( 'NONE', ( #2975 ), #826, .F. ) ;
#786 = CARTESIAN_POINT ( 'NONE',  ( -1.505543009774573893, 66.37712407400194081, 20.48609797151591039 ) ) ;
#787 = ADVANCED_FACE ( 'NONE', ( #1548 ), #2271, .T. ) ;
#788 = FACE_OUTER_BOUND ( 'NONE', #2794, .T. ) ;
#789 = DIRECTION ( 'NONE',  ( 0.000000000000000000, 0.000000000000000000, -1.000000000000000000 ) ) ;
#790 = ORIENTED_EDGE ( 'NONE', *, *, #800, .T. ) ;
#791 = CARTESIAN_POINT ( 'NONE',  ( -17.04115698458086570, 65.15324419254609722, 11.39898620280089148 ) ) ;
#792 = CARTESIAN_POINT ( 'NONE',  ( -13.50000000000000000, 47.50000000000000000, 20.50000000000001776 ) ) ;
#793 = CARTESIAN_POINT ( 'NONE',  ( 20.89959963301000911, 62.60579843489617957, 2.579180446301753360 ) ) ;
#794 = VERTEX_POINT ( 'NONE', #855 ) ;
#795 = CARTESIAN_POINT ( 'NONE',  ( 2.522772406243548627E-15, 66.66569316261718825, 20.43969262078592664 ) ) ;
#796 = CARTESIAN_POINT ( 'NONE',  ( -17.43411304117960015, 64.44388716877263334, 11.97917757630589364 ) ) ;
#797 = CARTESIAN_POINT ( 'NONE',  ( 19.02242130500498618, 63.72032929065007778, -37.79817187935750411 ) ) ;
#798 = CARTESIAN_POINT ( 'NONE',  ( -19.08512921029693743, 64.16413271021427533, 7.700121662727130278 ) ) ;
#799 = CARTESIAN_POINT ( 'NONE',  ( 25.03576207834513312, 59.40844126277499981, -31.38893310262946912 ) ) ;
#800 = EDGE_CURVE ( 'NONE', #1102, #1194, #298, .T. ) ;
#801 = CARTESIAN_POINT ( 'NONE',  ( 15.34856354065370176, 57.36934133149394199, -39.90914216485867172 ) ) ;
#802 = ORIENTED_EDGE ( 'NONE', *, *, #1104, .T. ) ;
#803 = CARTESIAN_POINT ( 'NONE',  ( -14.61948898147936937, 65.47537026556187811, -18.07067556821852250 ) ) ;
#804 = B_SPLINE_CURVE_WITH_KNOTS ( 'NONE', 3,
 ( #1360, #2980, #588, #1790 ),
 .UNSPECIFIED., .F., .F.,
 ( 4, 4 ),
 ( 0.000000000000000000, 0.002386777709904355869 ),
 .UNSPECIFIED. ) ;
#805 = VERTEX_POINT ( 'NONE', #2539 ) ;
#806 = CARTESIAN_POINT ( 'NONE',  ( 32.01734456888338798, 29.60018708487890748, -19.69554974959127591 ) ) ;
#807 = CARTESIAN_POINT ( 'NONE',  ( -32.01734456893659342, 28.58012841124578429, -19.69554974932444935 ) ) ;
#808 = CARTESIAN_POINT ( 'NONE',  ( 8.867956335200014806, 66.48798481930990079, -21.23854797218877266 ) ) ;
#809 = ORIENTED_EDGE ( 'NONE', *, *, #514, .T. ) ;
#810 = CARTESIAN_POINT ( 'NONE',  ( -23.50000000000000000, 47.50000000000000000, -29.15868857572773010 ) ) ;
#811 = CARTESIAN_POINT ( 'NONE',  ( -9.551691691716481358, 66.43482802327528702, 18.84896017463069740 ) ) ;
#812 = DIRECTION ( 'NONE',  ( 0.9878797784712113339, -0.1552209498993959713, 0.000000000000000000 ) ) ;
#813 = CARTESIAN_POINT ( 'NONE',  ( 8.193028333480159020, 67.18565417509222470, 18.47663411120758781 ) ) ;
#814 = CARTESIAN_POINT ( 'NONE',  ( -32.49999999999998579, 44.01794164628326200, -17.53894755949881556 ) ) ;
#815 = DIRECTION ( 'NONE',  ( -0.000000000000000000, 1.000000000000000000, -0.000000000000000000 ) ) ;
#816 = CARTESIAN_POINT ( 'NONE',  ( -0.9424897929080215953, 66.55177626201363239, 20.46025610036086562 ) ) ;
#817 = CIRCLE ( 'NONE', #2573, 0.9999999999999985567 ) ;
#818 = VERTEX_POINT ( 'NONE', #58 ) ;
#819 = ORIENTED_EDGE ( 'NONE', *, *, #1004, .T. ) ;
#820 = CARTESIAN_POINT ( 'NONE',  ( 31.85693767364986684, 29.56736970897135208, -20.50000000025480773 ) ) ;
#821 = DIRECTION ( 'NONE',  ( 0.000000000000000000, -1.000000000000000000, -1.304303365396095441E-16 ) ) ;
#822 = CARTESIAN_POINT ( 'NONE',  ( 10.67762452733976986, 66.31150582368543667, -20.11334984655580982 ) ) ;
#823 = ORIENTED_EDGE ( 'NONE', *, *, #840, .T. ) ;
#824 = DIRECTION ( 'NONE',  ( 0.000000000000000000, 0.000000000000000000, 1.000000000000000000 ) ) ;
#825 = CARTESIAN_POINT ( 'NONE',  ( 30.75416092682169023, 36.24029456183540532, -21.69747910522098167 ) ) ;
#826 = CYLINDRICAL_SURFACE ( 'NONE', #1148, 10.00000000000000178 ) ;
#827 = CARTESIAN_POINT ( 'NONE',  ( 16.71517807328855909, 65.29816727618560890, 11.88283802572952474 ) ) ;
#828 = AXIS2_PLACEMENT_3D ( 'NONE', #1591, #1290, #854 ) ;
#829 = DIRECTION ( 'NONE',  ( -0.000000000000000000, 1.000000000000000000, -0.000000000000000000 ) ) ;
#830 = CARTESIAN_POINT ( 'NONE',  ( 0.6284952540248122110, 66.29420316859831530, 19.50000000000001066 ) ) ;
#831 = CARTESIAN_POINT ( 'NONE',  ( 18.46621236691881762, 62.31517326708499382, -38.15155758726386637 ) ) ;
#832 = B_SPLINE_CURVE_WITH_KNOTS ( 'NONE', 3,
 ( #866, #387, #1367, #2332, #2580, #651 ),
 .UNSPECIFIED., .F., .F.,
 ( 4, 2, 4 ),
 ( 1.612743868065840250E-14, 0.002261844794823786916, 0.004523689589631446975 ),
 .UNSPECIFIED. ) ;
#833 = ORIENTED_EDGE ( 'NONE', *, *, #1670, .T. ) ;
#834 = CARTESIAN_POINT ( 'NONE',  ( 22.63481750513290081, 51.57160172344220683, -34.91211177708014191 ) ) ;
#835 = CIRCLE ( 'NONE', #981, 19.50000000000001066 ) ;
#836 = ORIENTED_EDGE ( 'NONE', *, *, #431, .F. ) ;
#837 = CARTESIAN_POINT ( 'NONE',  ( 31.68154820133589666, 37.01245614107548931, -21.15406277459599949 ) ) ;
#838 = CARTESIAN_POINT ( 'NONE',  ( 0.000000000000000000, 98.81744097317836406, -13.18464867489512038 ) ) ;
#839 = CARTESIAN_POINT ( 'NONE',  ( -14.96313490240808797, 63.59056631042865604, -40.09980024338766924 ) ) ;
#840 = EDGE_CURVE ( 'NONE', #1138, #2843, #78, .T. ) ;
#841 = EDGE_LOOP ( 'NONE', ( #2463, #1951, #1799, #1520, #2725, #2802 ) ) ;
#842 = CARTESIAN_POINT ( 'NONE',  ( -30.38000264374906578, 39.40171344930730157, -22.95839578964817207 ) ) ;
#843 = CARTESIAN_POINT ( 'NONE',  ( 60.78427124746191623, -47.50000000000000000, -5.817072295949958192E-15 ) ) ;
#844 = CARTESIAN_POINT ( 'NONE',  ( 17.90288001445310684, 64.76207697889012138, 10.07093027745787950 ) ) ;
#845 = CARTESIAN_POINT ( 'NONE',  ( 31.95194821693346654, -50.18119556102576695, -20.07807334623347728 ) ) ;
#846 = CARTESIAN_POINT ( 'NONE',  ( -22.79302611925746191, 51.19561655863483907, -34.55585155520020635 ) ) ;
#847 = DIRECTION ( 'NONE',  ( 0.000000000000000000, 0.000000000000000000, -1.000000000000000000 ) ) ;
#848 = VERTEX_POINT ( 'NONE', #1501 ) ;
#849 = FACE_OUTER_BOUND ( 'NONE', #538, .T. ) ;
#850 = ORIENTED_EDGE ( 'NONE', *, *, #150, .T. ) ;
#851 = CARTESIAN_POINT ( 'NONE',  ( 31.72462455481003829, 36.52854786246691532, -20.98676589044936591 ) ) ;
#852 = DIRECTION ( 'NONE',  ( 0.000000000000000000, 1.000000000000000000, 1.565164038475314677E-16 ) ) ;
#853 = ORIENTED_EDGE ( 'NONE', *, *, #2414, .T. ) ;
#854 = DIRECTION ( 'NONE',  ( 0.000000000000000000, 0.000000000000000000, 1.000000000000000000 ) ) ;
#855 = CARTESIAN_POINT ( 'NONE',  ( 23.50000000000000000, -46.00000000000000000, 20.49999999999999289 ) ) ;
#856 = CARTESIAN_POINT ( 'NONE',  ( -15.97057408542636558, 65.03199688491177710, -16.34003847096514761 ) ) ;
#857 = DIRECTION ( 'NONE',  ( 0.000000000000000000, 0.9396926207859127578, -0.3420201433256568890 ) ) ;
#858 = CARTESIAN_POINT ( 'NONE',  ( 22.97777718403689207, 50.68931648629446585, -33.83021839698252364 ) ) ;
#859 = CARTESIAN_POINT ( 'NONE',  ( 0.000000000000000000, 80.02358855746011557, -6.344245808381980822 ) ) ;
#860 = CARTESIAN_POINT ( 'NONE',  ( 0.9262740278280737760, 66.37997120645923133, 20.49392040365256307 ) ) ;
#861 = ORIENTED_EDGE ( 'NONE', *, *, #416, .T. ) ;
#862 = PLANE ( 'NONE',  #2080 ) ;
#863 = EDGE_CURVE ( 'NONE', #2752, #1529, #2880, .T. ) ;
#864 = VERTEX_POINT ( 'NONE', #294 ) ;
#865 = CARTESIAN_POINT ( 'NONE',  ( -0.6605613383959643148, 66.63604742840398387, 20.43920938468004778 ) ) ;
#866 = CARTESIAN_POINT ( 'NONE',  ( 0.6605613383953572448, 66.63604742840392703, 20.43920938468008686 ) ) ;
#867 = VERTEX_POINT ( 'NONE', #530 ) ;
#868 = B_SPLINE_CURVE_WITH_KNOTS ( 'NONE', 3,
 ( #2174, #463, #926, #2191, #2842, #445, #2856, #729, #1686, #209, #3078, #255, #2608, #1888 ),
 .UNSPECIFIED., .F., .F.,
 ( 4, 2, 2, 2, 2, 2, 4 ),
 ( 0.000000000000000000, 0.003035478925782042047, 0.004553218388673057650, 0.006070957851564074553, 0.007588697314455090590, 0.009106436777346106626, 0.01214191570312814043 ),
 .UNSPECIFIED. ) ;
#869 = CARTESIAN_POINT ( 'NONE',  ( -31.03665078617913409, 29.07067388895349680, -20.50000000000000000 ) ) ;
#870 = DIRECTION ( 'NONE',  ( -0.000000000000000000, 1.000000000000000000, 1.304303365396095441E-16 ) ) ;
#871 = EDGE_CURVE ( 'NONE', #3080, #2815, #2003, .T. ) ;
#872 = CARTESIAN_POINT ( 'NONE',  ( -20.94232528518096714, 62.57867056384716875, -2.961416578882029249 ) ) ;
#873 = CARTESIAN_POINT ( 'NONE',  ( 12.01960057714464725, 66.73315777377098357, 16.33620834628496254 ) ) ;
#874 = AXIS2_PLACEMENT_3D ( 'NONE', #2236, #1507, #537 ) ;
#875 = CARTESIAN_POINT ( 'NONE',  ( 32.29747150051984761, -53.86173852471081602, -18.01073071432616501 ) ) ;
#876 = DIRECTION ( 'NONE',  ( -0.9303824909503244367, 0.000000000000000000, 0.3665902624635161144 ) ) ;
#877 = EDGE_CURVE ( 'NONE', #2843, #2197, #1081, .T. ) ;
#878 = ORIENTED_EDGE ( 'NONE', *, *, #2903, .F. ) ;
#879 = AXIS2_PLACEMENT_3D ( 'NONE', #1650, #1426, #1886 ) ;
#880 = CARTESIAN_POINT ( 'NONE',  ( 31.03665078617913764, -47.22434872212130585, -20.50000000000001066 ) ) ;
#881 = EDGE_CURVE ( 'NONE', #3037, #1540, #2800, .T. ) ;
#882 = CARTESIAN_POINT ( 'NONE',  ( -29.96313205630096732, 43.97782812135946529, -25.79774758335476648 ) ) ;
#883 = CARTESIAN_POINT ( 'NONE',  ( 30.24146035604736582, 43.19611346633955407, -25.21114131982283268 ) ) ;
#884 = CARTESIAN_POINT ( 'NONE',  ( -31.27495770516727092, -53.67256552182460894, -19.01980338767585721 ) ) ;
#885 = ORIENTED_EDGE ( 'NONE', *, *, #965, .F. ) ;
#886 = CARTESIAN_POINT ( 'NONE',  ( 8.108994997585472930, 65.49227219529063859, 19.50000000000001421 ) ) ;
#887 = CARTESIAN_POINT ( 'NONE',  ( -32.19385614694930808, -54.19669279810020868, -18.79974577482344955 ) ) ;
#888 = ORIENTED_EDGE ( 'NONE', *, *, #2451, .F. ) ;
#889 = EDGE_CURVE ( 'NONE', #1268, #848, #309, .T. ) ;
#890 = CARTESIAN_POINT ( 'NONE',  ( -7.943830237423746610, 66.52110427816192839, -21.68670026409088081 ) ) ;
#891 = CARTESIAN_POINT ( 'NONE',  ( 20.60625713102061241, 63.32547794200640823, 0.7156539419559491133 ) ) ;
#892 = ORIENTED_EDGE ( 'NONE', *, *, #1541, .F. ) ;
#893 = CARTESIAN_POINT ( 'NONE',  ( 31.21709023741630418, -52.55098858461298050, -19.43465365555483970 ) ) ;
#894 = ADVANCED_FACE ( 'NONE', ( #2710 ), #47, .T. ) ;
#895 = CARTESIAN_POINT ( 'NONE',  ( 15.59925357198216922, 66.18072311666054475, -15.66260568874526449 ) ) ;
#896 = CARTESIAN_POINT ( 'NONE',  ( -30.89672825437108017, 40.76945073873638137, -23.65110712929685377 ) ) ;
#897 = CARTESIAN_POINT ( 'NONE',  ( -31.03665078617913053, -46.00000000000000000, -19.49999999999999645 ) ) ;
#898 = PRODUCT_CONTEXT ( 'NONE', #3059, 'mechanical' ) ;
#899 = CARTESIAN_POINT ( 'NONE',  ( 7.237100371494700646, 66.50000000000000000, 19.10284753707915328 ) ) ;
#900 = CARTESIAN_POINT ( 'NONE',  ( -0.6605613383959643148, 66.63604742840398387, 20.43920938468004778 ) ) ;
#901 = ORIENTED_EDGE ( 'NONE', *, *, #2604, .F. ) ;
#902 = CARTESIAN_POINT ( 'NONE',  ( -19.94475419664441063, 63.18750140408706528, 6.989223456930874434 ) ) ;
#903 = CIRCLE ( 'NONE', #109, 10.00000000000000178 ) ;
#904 = CARTESIAN_POINT ( 'NONE',  ( 9.087903090935951056, 66.48045960877159644, -42.30061458133897645 ) ) ;
#905 = ORIENTED_EDGE ( 'NONE', *, *, #1163, .T. ) ;
#906 = CARTESIAN_POINT ( 'NONE',  ( 17.09546811405941824, 64.60444570376208162, -13.01340826172355847 ) ) ;
#907 = CARTESIAN_POINT ( 'NONE',  ( 23.50000000000000000, -47.50000000000000000, -5.817072295949958192E-15 ) ) ;
#908 = CARTESIAN_POINT ( 'NONE',  ( -26.52354968408959124, 48.23995911662466085, -30.05684434333959132 ) ) ;
#909 = CARTESIAN_POINT ( 'NONE',  ( 27.31619758759331518, 56.74199177172921083, -28.85382563303878456 ) ) ;
#910 = CARTESIAN_POINT ( 'NONE',  ( -22.98429900919718349, 61.14790801145054644, -33.18729647870321031 ) ) ;
#911 = AXIS2_PLACEMENT_3D ( 'NONE', #567, #1263, #1989 ) ;
#912 = VERTEX_POINT ( 'NONE', #1010 ) ;
#913 = AXIS2_PLACEMENT_3D ( 'NONE', #427, #1380, #711 ) ;
#914 = CARTESIAN_POINT ( 'NONE',  ( 9.182455286875743639, 67.12557339275846857, 18.00845018603244796 ) ) ;
#915 = CARTESIAN_POINT ( 'NONE',  ( 0.000000000000000000, 88.95274815831207604, -31.51625623310794921 ) ) ;
#916 = ORIENTED_EDGE ( 'NONE', *, *, #2749, .T. ) ;
#917 = CARTESIAN_POINT ( 'NONE',  ( -5.159852781501403030, 66.63634163996692905, 20.01320828590581513 ) ) ;
#918 = CARTESIAN_POINT ( 'NONE',  ( -17.60056640420363649, 64.38129293535196496, -12.06157875271242830 ) ) ;
#919 = CARTESIAN_POINT ( 'NONE',  ( 7.152777777777776791, 67.82074063472944658, -22.46090691609706624 ) ) ;
#920 = CARTESIAN_POINT ( 'NONE',  ( 20.25139870660923336, 63.00547337801615555, 5.989113928818669663 ) ) ;
#921 = AXIS2_PLACEMENT_3D ( 'NONE', #161, #174, #1347 ) ;
#922 = CARTESIAN_POINT ( 'NONE',  ( -2.373528799664217814, 66.50000000000000000, -23.34412422600738779 ) ) ;
#923 = LINE ( 'NONE', #968, #591 ) ;
#924 = ORIENTED_EDGE ( 'NONE', *, *, #2781, .F. ) ;
#925 = DIRECTION ( 'NONE',  ( 0.000000000000000000, 0.9396926207859127578, -0.3420201433256568890 ) ) ;
#926 = CARTESIAN_POINT ( 'NONE',  ( -15.35022943619940961, 57.36877598552440105, -39.90821793976358123 ) ) ;
#927 = ORIENTED_EDGE ( 'NONE', *, *, #2145, .F. ) ;
#928 = CARTESIAN_POINT ( 'NONE',  ( 15.31603377260246113, 65.25003004235099979, 14.56568462416763410 ) ) ;
#929 = ADVANCED_FACE ( 'NONE', ( #2726 ), #1739, .T. ) ;
#930 = CARTESIAN_POINT ( 'NONE',  ( -32.11757729619181134, -50.56079421268250940, -19.16804940815691793 ) ) ;
#931 = ORIENTED_EDGE ( 'NONE', *, *, #1436, .F. ) ;
#932 = CARTESIAN_POINT ( 'NONE',  ( -32.50000000000000000, -46.00000000000000000, 19.49999999999999645 ) ) ;
#933 = CARTESIAN_POINT ( 'NONE',  ( -19.14453371368349366, 63.62811764660407476, -10.39401982483197706 ) ) ;
#934 = CARTESIAN_POINT ( 'NONE',  ( 7.676227312940318015, 66.50422036692869199, 19.59129477069887315 ) ) ;
#935 = CARTESIAN_POINT ( 'NONE',  ( 19.49209816713145216, 63.43920243011775995, -9.445993584682844002 ) ) ;
#936 = ADVANCED_FACE ( 'NONE', ( #543 ), #2821, .T. ) ;
#937 = CARTESIAN_POINT ( 'NONE',  ( -20.95443985678056720, 61.02412096571785582, -36.41427306443555523 ) ) ;
#938 = DIRECTION ( 'NONE',  ( 0.000000000000000000, 0.9396926207859126468, -0.3420201433256568890 ) ) ;
#939 = CARTESIAN_POINT ( 'NONE',  ( -31.85693767369239993, 29.56320277730684509, -20.50000000006695444 ) ) ;
#940 = FACE_OUTER_BOUND ( 'NONE', #1149, .T. ) ;
#941 = CARTESIAN_POINT ( 'NONE',  ( 2.096200321608828965, 66.15381128725989868, 20.50000000000000711 ) ) ;
#942 = VERTEX_POINT ( 'NONE', #795 ) ;
#943 = AXIS2_PLACEMENT_3D ( 'NONE', #637, #1350, #149 ) ;
#944 = AXIS2_PLACEMENT_3D ( 'NONE', #1816, #626, #1577 ) ;
#945 = CARTESIAN_POINT ( 'NONE',  ( 14.52857299853102369, 65.49883878502460277, 14.49467231695451019 ) ) ;
#946 = CARTESIAN_POINT ( 'NONE',  ( -31.27495848950902158, -53.67257922650125579, -19.01979676407598419 ) ) ;
#947 = ORIENTED_EDGE ( 'NONE', *, *, #3024, .T. ) ;
#948 = CARTESIAN_POINT ( 'NONE',  ( -3.624978652222104802, 66.86214283322399865, 20.02971249486881433 ) ) ;
#949 = CARTESIAN_POINT ( 'NONE',  ( -14.21910462587394797, 66.68109172831404408, -17.38436160147313814 ) ) ;
#950 = DIRECTION ( 'NONE',  ( 0.000000000000000000, -1.000000000000000000, -1.304303365396095441E-16 ) ) ;
#951 = CARTESIAN_POINT ( 'NONE',  ( 20.72431310687337458, 62.71619240336487167, 3.789197900657947482 ) ) ;
#952 = B_SPLINE_CURVE_WITH_KNOTS ( 'NONE', 3,
 ( #2072, #880, #2793, #647, #2092, #3044, #893, #3058, #1378, #2343, #189, #1143 ),
 .UNSPECIFIED., .F., .F.,
 ( 4, 2, 2, 2, 2, 4 ),
 ( 0.000000000000000000, 0.003619949511261987083, 0.005429924266892990382, 0.007239899022523994983, 0.01085984853378597903, 0.01447979804504796048 ),
 .UNSPECIFIED. ) ;
#953 = CARTESIAN_POINT ( 'NONE',  ( -32.50000000000000000, -58.68891230950211479, -14.80680601621314452 ) ) ;
#954 = CARTESIAN_POINT ( 'NONE',  ( -4.293311263472273431, 65.90341808105067400, 20.50000000000001066 ) ) ;
#955 = CARTESIAN_POINT ( 'NONE',  ( -31.91503981397751133, 33.62159736002782751, -20.18896686814387564 ) ) ;
#956 = CYLINDRICAL_SURFACE ( 'NONE', #2632, 25.00000000000000000 ) ;
#957 = ORIENTED_EDGE ( 'NONE', *, *, #20, .T. ) ;
#958 = LINE ( 'NONE', #2208, #1063 ) ;
#959 = CARTESIAN_POINT ( 'NONE',  ( 19.65276285809581935, 63.35974942900314488, -6.939394093569331901 ) ) ;
#960 = EDGE_LOOP ( 'NONE', ( #977, #1376, #1620, #2936 ) ) ;
#961 = DIRECTION ( 'NONE',  ( 0.000000000000000000, 0.000000000000000000, -1.000000000000000000 ) ) ;
#962 = CARTESIAN_POINT ( 'NONE',  ( -20.84908400461288380, 62.63806438565062962, 3.133552635856204027 ) ) ;
#963 = FACE_OUTER_BOUND ( 'NONE', #972, .T. ) ;
#964 = CARTESIAN_POINT ( 'NONE',  ( 3.627101761860895390, 66.41472166208106387, 20.50000000000001066 ) ) ;
#965 = EDGE_CURVE ( 'NONE', #942, #2519, #1433, .T. ) ;
#966 = B_SPLINE_CURVE_WITH_KNOTS ( 'NONE', 3,
 ( #1582, #860, #1200, #451 ),
 .UNSPECIFIED., .F., .F.,
 ( 4, 4 ),
 ( 0.0005000012102106901352, 0.001368995717451294142 ),
 .UNSPECIFIED. ) ;
#967 = CARTESIAN_POINT ( 'NONE',  ( -18.33555488653360044, 64.04956987105360611, -36.45120194893569732 ) ) ;
#968 = CARTESIAN_POINT ( 'NONE',  ( -61.49137802864845526, -46.00000000000000000, -20.50000000000000711 ) ) ;
#969 = DIRECTION ( 'NONE',  ( 0.000000000000000000, 1.000000000000000000, 1.304303365396095688E-16 ) ) ;
#970 = DIRECTION ( 'NONE',  ( 0.000000000000000000, 0.000000000000000000, -1.000000000000000000 ) ) ;
#971 = SURFACE_SIDE_STYLE ('',( #26 ) ) ;
#972 = EDGE_LOOP ( 'NONE', ( #1574, #2734, #2516, #338 ) ) ;
#973 = CARTESIAN_POINT ( 'NONE',  ( -10.54972403190141605, 67.55332661668830951, -20.64291076102447420 ) ) ;
#974 = VECTOR ( 'NONE', #1305, 1000.000000000000000 ) ;
#975 = CARTESIAN_POINT ( 'NONE',  ( 6.724812814851302001, 66.31575600929650705, 20.50000000000001421 ) ) ;
#976 = CARTESIAN_POINT ( 'NONE',  ( 18.01744167298635801, 64.18246639057247194, 11.08070268475426623 ) ) ;
#977 = ORIENTED_EDGE ( 'NONE', *, *, #2769, .T. ) ;
#978 = B_SPLINE_CURVE_WITH_KNOTS ( 'NONE', 3,
 ( #1408, #2634, #3091, #2374, #2665, #1681, #490, #520, #2152, #695, #1930, #953 ),
 .UNSPECIFIED., .F., .F.,
 ( 4, 2, 2, 2, 2, 4 ),
 ( 0.000000000000000000, 0.003452398406090826516, 0.006904796812181653032, 0.008630996015227076698, 0.01035719521827249689, 0.01380959362436332168 ),
 .UNSPECIFIED. ) ;
#979 = CARTESIAN_POINT ( 'NONE',  ( -15.98795542251140667, 65.02593602101660508, -16.31640333034685142 ) ) ;
#980 = CARTESIAN_POINT ( 'NONE',  ( -5.819369580096753758, 66.59375741683200545, 19.58798184551669053 ) ) ;
#981 = AXIS2_PLACEMENT_3D ( 'NONE', #1563, #2525, #380 ) ;
#982 = CARTESIAN_POINT ( 'NONE',  ( -12.03952757301985343, 66.09150622162204058, 16.52448421637198095 ) ) ;
#983 = DIRECTION ( 'NONE',  ( 0.000000000000000000, -0.000000000000000000, 1.000000000000000000 ) ) ;
#984 = EDGE_CURVE ( 'NONE', #398, #1745, #2020, .T. ) ;
#985 = DIRECTION ( 'NONE',  ( -1.000000000000000000, 0.000000000000000000, 0.000000000000000000 ) ) ;
#986 = LINE ( 'NONE', #2899, #2270 ) ;
#987 = CARTESIAN_POINT ( 'NONE',  ( -31.74472360198123155, 33.45846591293321381, -20.96108181739339926 ) ) ;
#988 = CARTESIAN_POINT ( 'NONE',  ( 1.372453277764125179, 66.77837297010192685, 20.36409385256800064 ) ) ;
#989 = CARTESIAN_POINT ( 'NONE',  ( 27.31619758759332228, 49.02635234483982174, -30.04879778794235889 ) ) ;
#990 = ORIENTED_EDGE ( 'NONE', *, *, #320, .T. ) ;
#991 = CARTESIAN_POINT ( 'NONE',  ( -0.6325891556620831802, 66.33784668817155250, 20.50000000000001066 ) ) ;
#992 = CARTESIAN_POINT ( 'NONE',  ( 1.835383851589512080E-15, 64.54000000000000625, -9.038043478260849639 ) ) ;
#993 = CARTESIAN_POINT ( 'NONE',  ( 18.63033992318758436, 64.40228085813781433, 8.713895589657591145 ) ) ;
#994 =( BOUNDED_SURFACE ( )  B_SPLINE_SURFACE ( 3, 2, ( 
 ( #2482, #518, #2648 ),
 ( #2664, #1754, #504 ),
 ( #48, #964, #2945 ),
 ( #1487, #739, #1696 ),
 ( #998, #1592, #2006 ),
 ( #1074, #2304, #332 ) ),
 .UNSPECIFIED., .F., .F., .T. ) 
 B_SPLINE_SURFACE_WITH_KNOTS ( ( 4, 2, 4 ),
 ( 3, 3 ),
 ( -1.540922337645023177E-16, 0.002211744660431940335, 0.004423489320864035061 ),
 ( 0.000000000000000000, 1.000000000000000000 ),
 .UNSPECIFIED. ) 
 GEOMETRIC_REPRESENTATION_ITEM ( )  RATIONAL_B_SPLINE_SURFACE ( (
 ( 1.000000000000000000, 0.8660254037844389297, 1.000000000000000000),
 ( 1.000000000000000000, 0.8966653266963874325, 1.000000000000000000),
 ( 1.000000000000000000, 0.9211578027661634360, 1.000000000000000000),
 ( 1.000000000000000000, 0.9602238437456241948, 1.000000000000000000),
 ( 1.000000000000000000, 0.9747673847696036731, 1.000000000000000000),
 ( 1.000000000000000000, 0.9846850726734747150, 1.000000000000000000) ) ) 
 REPRESENTATION_ITEM ( '' )  SURFACE ( )  );
#995 = PRODUCT_DEFINITION_FORMATION_WITH_SPECIFIED_SOURCE ( 'ANY', '', #2535, .NOT_KNOWN. ) ;
#996 = ORIENTED_EDGE ( 'NONE', *, *, #863, .F. ) ;
#997 = CARTESIAN_POINT ( 'NONE',  ( -12.85375341772414792, 65.92405692331607270, 16.74455093255879135 ) ) ;
#998 = CARTESIAN_POINT ( 'NONE',  ( 1.405452182043013920, 66.67327217847250154, 20.40022893965677042 ) ) ;
#999 = CARTESIAN_POINT ( 'NONE',  ( -31.40548526509370930, 39.35747666138570366, -22.12629511238580449 ) ) ;
#1000 = PLANE ( 'NONE',  #1026 ) ;
#1001 = FACE_OUTER_BOUND ( 'NONE', #1318, .T. ) ;
#1002 = CIRCLE ( 'NONE', #256, 1.000000000000000888 ) ;
#1003 = ORIENTED_EDGE ( 'NONE', *, *, #780, .F. ) ;
#1004 = EDGE_CURVE ( 'NONE', #481, #864, #1707, .T. ) ;
#1005 = CARTESIAN_POINT ( 'NONE',  ( 0.6284952540248079922, 66.29420316859831530, 20.50000000000001066 ) ) ;
#1006 = DIRECTION ( 'NONE',  ( 0.9996780081371097193, 0.02537479156606093841, -0.000000000000000000 ) ) ;
#1007 = CARTESIAN_POINT ( 'NONE',  ( 20.51493811868207828, 62.84567348356315364, 4.852908076453418040 ) ) ;
#1008 = ADVANCED_FACE ( 'NONE', ( #596 ), #374, .T. ) ;
#1009 = ORIENTED_EDGE ( 'NONE', *, *, #459, .F. ) ;
#1010 = CARTESIAN_POINT ( 'NONE',  ( -32.01734456893659342, -46.00000000000000000, -19.69554974932445646 ) ) ;
#1011 =( BOUNDED_SURFACE ( )  B_SPLINE_SURFACE ( 3, 2, ( 
 ( #1811, #1316, #2313 ),
 ( #1828, #163, #576 ),
 ( #2952, #2000, #1068 ),
 ( #2763, #1572, #1334 ) ),
 .UNSPECIFIED., .F., .F., .F. ) 
 B_SPLINE_SURFACE_WITH_KNOTS ( ( 4, 4 ),
 ( 3, 3 ),
 ( 0.2474589057678331094, 0.3546074040269130978 ),
 ( 0.000000000000000000, 0.8831634962511452080 ),
 .UNSPECIFIED. ) 
 GEOMETRIC_REPRESENTATION_ITEM ( )  RATIONAL_B_SPLINE_SURFACE ( (
 ( 1.000000000000000000, 0.8374680214512252308, 0.9620206637579544751),
 ( 1.000000000000000000, 0.8366584131468488561, 0.9618314801505758460),
 ( 1.000000000000000000, 0.8356756217109483353, 0.9616018283200058470),
 ( 1.000000000000000000, 0.8345231774735335506, 0.9613325332090758568) ) ) 
 REPRESENTATION_ITEM ( '' )  SURFACE ( )  );
#1012 = CARTESIAN_POINT ( 'NONE',  ( -11.13217657660141491, 66.24158328880702129, 17.12677342079275533 ) ) ;
#1013 = ADVANCED_FACE ( 'NONE', ( #1546 ), #562, .T. ) ;
#1014 = FACE_BOUND ( 'NONE', #303, .T. ) ;
#1015 = CARTESIAN_POINT ( 'NONE',  ( -19.66927753413298774, 63.34472350532098517, 6.268366689560662230 ) ) ;
#1016 = LINE ( 'NONE', #1974, #670 ) ;
#1017 = CARTESIAN_POINT ( 'NONE',  ( 22.37966428658541673, 60.11241483818510289, -35.26211877380188042 ) ) ;
#1018 = VERTEX_POINT ( 'NONE', #1463 ) ;
#1019 = CARTESIAN_POINT ( 'NONE',  ( -16.84810147922117451, 64.68908576574918357, 12.78641684056094086 ) ) ;
#1020 = CARTESIAN_POINT ( 'NONE',  ( 32.01734456893659342, 29.61251630133661195, -19.69554974932444935 ) ) ;
#1021 = ORIENTED_EDGE ( 'NONE', *, *, #312, .F. ) ;
#1022 = CARTESIAN_POINT ( 'NONE',  ( -17.28434136887363692, 65.41865842361293915, -12.96623197119690651 ) ) ;
#1023 = CARTESIAN_POINT ( 'NONE',  ( -31.95238620728840928, 32.67527719090842453, -20.01232726613230284 ) ) ;
#1024 = CARTESIAN_POINT ( 'NONE',  ( 17.59930769581658083, 64.37625855399588204, 10.75969594512687877 ) ) ;
#1025 = ORIENTED_EDGE ( 'NONE', *, *, #2868, .F. ) ;
#1026 = AXIS2_PLACEMENT_3D ( 'NONE', #1192, #553, #1224 ) ;
#1027 = DIRECTION ( 'NONE',  ( -0.1552209498993973869, 0.9878797784712108898, 0.000000000000000000 ) ) ;
#1028 = EDGE_CURVE ( 'NONE', #194, #450, #2984, .T. ) ;
#1029 = FACE_OUTER_BOUND ( 'NONE', #336, .T. ) ;
#1030 = CARTESIAN_POINT ( 'NONE',  ( 1.835383851589512080E-15, 66.50000000000000000, -9.038043478260849639 ) ) ;
#1031 = CARTESIAN_POINT ( 'NONE',  ( -21.49999999999999289, 28.58012841124578429, -20.49999999999999645 ) ) ;
#1032 = EDGE_CURVE ( 'NONE', #653, #1653, #2732, .T. ) ;
#1033 = CARTESIAN_POINT ( 'NONE',  ( -15.83421194341673832, 63.32639636445873066, -39.66386096222078805 ) ) ;
#1034 = CARTESIAN_POINT ( 'NONE',  ( -21.03323002716898671, 62.52032570927754307, 0.9751672963023063634 ) ) ;
#1035 = CARTESIAN_POINT ( 'NONE',  ( 27.31619758759331518, 56.74199177172921083, -28.85382563303878456 ) ) ;
#1036 = EDGE_LOOP ( 'NONE', ( #2334, #1538 ) ) ;
#1037 = DIRECTION ( 'NONE',  ( 0.000000000000000000, 0.3420201433256567780, 0.9396926207859127578 ) ) ;
#1038 = CARTESIAN_POINT ( 'NONE',  ( -30.16431740722631361, 44.50395445586305954, -25.36331115563728744 ) ) ;
#1039 = CARTESIAN_POINT ( 'NONE',  ( 14.63765855048474940, 65.47040453318405184, -18.05123628164071192 ) ) ;
#1040 = ORIENTED_EDGE ( 'NONE', *, *, #150, .F. ) ;
#1041 = B_SPLINE_CURVE_WITH_KNOTS ( 'NONE', 3,
 ( #2299, #322, #1557, #3002, #1038, #1749, #2953, #356, #2253, #2518, #1317, #1765, #2283, #120, #2035, #2723, #1023, #2707, #1085, #103, #577, #807 ),
 .UNSPECIFIED., .F., .F.,
 ( 4, 2, 2, 2, 2, 2, 2, 2, 2, 2, 4 ),
 ( 0.000000000000000000, 0.006090598131326584175, 0.007613247664158232821, 0.009135897196989881466, 0.01218119626265318917, 0.01370384579548484041, 0.01522649532831649340, 0.01827179439397979763, 0.02131709345964310359, 0.02283974299247475484, 0.02436239252530640609 ),
 .UNSPECIFIED. ) ;
#1042 = CARTESIAN_POINT ( 'NONE',  ( 5.808567976031175917, 65.66533285386988439, 20.50000000000001066 ) ) ;
#1043 = CARTESIAN_POINT ( 'NONE',  ( -7.237100371494705087, 66.50000000000000000, 19.10284753707915684 ) ) ;
#1044 = B_SPLINE_CURVE_WITH_KNOTS ( 'NONE', 3,
 ( #1700, #2637, #493, #2407, #2901, #2172, #536, #287, #51, #25, #1019, #301, #1253, #67, #1835, #902, #377, #1373, #674, #1034, #169, #1521, #3023, #872, #2470, #2949, #2338, #2523, #1266, #1594, #184, #2816, #1342, #2571, #2540, #3054, #856, #803, #2054, #2067, #154, #421, #2103, #2770, #1864, #572 ),
 .UNSPECIFIED., .F., .F.,
 ( 4, 2, 2, 2, 2, 2, 2, 2, 2, 2, 2, 2, 2, 2, 2, 2, 2, 2, 2, 2, 2, 2, 4 ),
 ( 0.0006864646713401666373, 0.004075111468500836401, 0.005769434867081171120, 0.007463758265661507574, 0.01085240506282217528, 0.01254672846140251694, 0.01424105185998285686, 0.01762969865714352283, 0.02101834545430419227, 0.02440699225146486517, 0.02610131565004519816, 0.02779563904862553808, 0.03118428584578621446, 0.03287860924436655091, 0.03457293264294688390, 0.03796157944010755680, 0.03965590283868789673, 0.04135022623726823665, 0.04473887303442890262, 0.04812751983158957553, 0.04982184323016991545, 0.05151616662875024150, 0.05490481342591091440 ),
 .UNSPECIFIED. ) ;
#1045 = DIRECTION ( 'NONE',  ( -0.000000000000000000, 1.000000000000000000, -0.000000000000000000 ) ) ;
#1046 = CARTESIAN_POINT ( 'NONE',  ( -25.17435258498334960, 49.56484031122217004, -31.74347760467653146 ) ) ;
#1047 = CARTESIAN_POINT ( 'NONE',  ( 27.31619758759331518, 56.74199177172921083, -28.85382563303878456 ) ) ;
#1048 = CARTESIAN_POINT ( 'NONE',  ( -32.50000000000000000, -47.50000000000000000, -5.817072295949958192E-15 ) ) ;
#1049 = EDGE_LOOP ( 'NONE', ( #2033, #1082, #2453, #1598, #2822, #354 ) ) ;
#1050 = LINE ( 'NONE', #401, #1834 ) ;
#1051 = AXIS2_PLACEMENT_3D ( 'NONE', #1822, #876, #2056 ) ;
#1052 = CARTESIAN_POINT ( 'NONE',  ( 2.447816226523430672, 67.84202014332564090, -23.83257961196355978 ) ) ;
#1053 = CARTESIAN_POINT ( 'NONE',  ( -12.06217439077605569, 64.23182161386147015, -41.33762619749062139 ) ) ;
#1054 = ORIENTED_EDGE ( 'NONE', *, *, #1257, .T. ) ;
#1055 = CARTESIAN_POINT ( 'NONE',  ( 0.2202343031110762794, 66.66569316261717404, 20.43969262078592664 ) ) ;
#1056 = DIRECTION ( 'NONE',  ( 1.000000000000000000, 0.000000000000000000, 0.000000000000000000 ) ) ;
#1057 = CYLINDRICAL_SURFACE ( 'NONE', #1464, 25.00000000000000000 ) ;
#1058 = DIRECTION ( 'NONE',  ( 0.000000000000000000, 0.000000000000000000, -1.000000000000000000 ) ) ;
#1059 = VECTOR ( 'NONE', #2168, 1000.000000000000000 ) ;
#1060 = EDGE_CURVE ( 'NONE', #446, #2019, #1050, .T. ) ;
#1061 = DIRECTION ( 'NONE',  ( 0.9956293025295290811, -0.09339321144796136620, 1.080933508420470666E-15 ) ) ;
#1062 = CARTESIAN_POINT ( 'NONE',  ( 15.83421194341673832, 63.32639636445875908, -39.66386096222078805 ) ) ;
#1063 = VECTOR ( 'NONE', #2643, 1000.000000000000000 ) ;
#1064 = VERTEX_POINT ( 'NONE', #118 ) ;
#1065 = DIRECTION ( 'NONE',  ( -0.000000000000000000, -0.9396926207859127578, 0.3420201433256568335 ) ) ;
#1066 = EDGE_CURVE ( 'NONE', #2255, #1810, #2325, .T. ) ;
#1067 = ORIENTED_EDGE ( 'NONE', *, *, #984, .F. ) ;
#1068 = CARTESIAN_POINT ( 'NONE',  ( 6.730921441762609980, 66.50958246076862679, 19.92466282335778160 ) ) ;
#1069 = FACE_OUTER_BOUND ( 'NONE', #2828, .T. ) ;
#1070 = CARTESIAN_POINT ( 'NONE',  ( -10.19013648687792006, 66.38497102374680026, -41.97905391733858949 ) ) ;
#1071 = ORIENTED_EDGE ( 'NONE', *, *, #1335, .T. ) ;
#1072 = CIRCLE ( 'NONE', #1421, 12.69999999999999929 ) ;
#1073 = LINE ( 'NONE', #1576, #974 ) ;
#1074 = CARTESIAN_POINT ( 'NONE',  ( 0.6605613384138548927, 66.63604742836969308, 20.43920938469194226 ) ) ;
#1075 = CARTESIAN_POINT ( 'NONE',  ( -31.50000000000000000, -46.00000000000000000, 6.884683795282953156E-15 ) ) ;
#1076 = DIRECTION ( 'NONE',  ( 0.000000000000000000, 0.000000000000000000, -1.000000000000000000 ) ) ;
#1077 = CYLINDRICAL_SURFACE ( 'NONE', #2063, 34.46195652173913970 ) ;
#1078 = CARTESIAN_POINT ( 'NONE',  ( 31.03665078617913409, -46.00000000000000000, -20.50000000000000711 ) ) ;
#1079 = PLANE ( 'NONE',  #1173 ) ;
#1080 = AXIS2_PLACEMENT_3D ( 'NONE', #1151, #2115, #3067 ) ;
#1081 = B_SPLINE_CURVE_WITH_KNOTS ( 'NONE', 3,
 ( #2694, #1971, #1042, #2256 ),
 .UNSPECIFIED., .F., .F.,
 ( 4, 4 ),
 ( 0.000000000000000000, 0.002386777709904400104 ),
 .UNSPECIFIED. ) ;
#1082 = ORIENTED_EDGE ( 'NONE', *, *, #465, .T. ) ;
#1083 = CARTESIAN_POINT ( 'NONE',  ( 31.33988093637724504, 38.13161447603759768, -22.37565792994116975 ) ) ;
#1084 = CARTESIAN_POINT ( 'NONE',  ( -17.37357908622067981, 64.48841684922865625, -36.99798147766272649 ) ) ;
#1085 = CARTESIAN_POINT ( 'NONE',  ( -32.00138004730590779, 30.63616076010068312, -19.77504788147206227 ) ) ;
#1086 = VERTEX_POINT ( 'NONE', #1349 ) ;
#1087 = CARTESIAN_POINT ( 'NONE',  ( 0.000000000000000000, 95.99836311082060547, -12.15858824491814438 ) ) ;
#1088 = CARTESIAN_POINT ( 'NONE',  ( 5.021876440472968994, 65.78894203191798340, 19.50000000000001066 ) ) ;
#1089 = CARTESIAN_POINT ( 'NONE',  ( 20.45500675133183677, 63.40071253382868832, 2.362204752389666762 ) ) ;
#1090 = ADVANCED_FACE ( 'NONE', ( #2264 ), #1011, .F. ) ;
#1091 = FACE_OUTER_BOUND ( 'NONE', #2176, .T. ) ;
#1092 =( BOUNDED_CURVE ( )  B_SPLINE_CURVE ( 3, ( #1527, #2049, #388, #1780 ),
 .UNSPECIFIED., .F., .T. ) 
 B_SPLINE_CURVE_WITH_KNOTS ( ( 4, 4 ),
 ( 3.141592653589793116, 3.496200057616706047 ),
 .UNSPECIFIED. ) 
 CURVE ( )  GEOMETRIC_REPRESENTATION_ITEM ( )  RATIONAL_B_SPLINE_CURVE ( ( 1.000000000000000000, 0.9895485553337994844, 0.9895485553337994844, 1.000000000000000000 ) ) 
 REPRESENTATION_ITEM ( '' )  );
#1093 = CARTESIAN_POINT ( 'NONE',  ( 0.000000000000000000, 92.79788645064681418, -29.72323880072717728 ) ) ;
#1094 = B_SPLINE_CURVE_WITH_KNOTS ( 'NONE', 3,
 ( #1140, #934, #1896, #2149 ),
 .UNSPECIFIED., .F., .F.,
 ( 4, 4 ),
 ( 0.000000000000000000, 0.0007009587191457097854 ),
 .UNSPECIFIED. ) ;
#1095 = CARTESIAN_POINT ( 'NONE',  ( -2.153201742864000234, 66.78006864743609583, 20.29204541843869691 ) ) ;
#1096 = ORIENTED_EDGE ( 'NONE', *, *, #2473, .T. ) ;
#1097 = FACE_BOUND ( 'NONE', #2895, .T. ) ;
#1098 = CARTESIAN_POINT ( 'NONE',  ( 30.89971709594956906, 40.75482934290451453, -23.64311099032994079 ) ) ;
#1099 = DIRECTION ( 'NONE',  ( 1.000000000000000000, 0.000000000000000000, 0.000000000000000000 ) ) ;
#1100 = DIRECTION ( 'NONE',  ( -1.000000000000000000, -0.000000000000000000, -0.000000000000000000 ) ) ;
#1101 = ADVANCED_FACE ( 'NONE', ( #2016 ), #1517, .T. ) ;
#1102 = VERTEX_POINT ( 'NONE', #2622 ) ;
#1103 = CARTESIAN_POINT ( 'NONE',  ( 31.03665078617913409, 28.58012841124578429, -20.49999999999999645 ) ) ;
#1104 = EDGE_CURVE ( 'NONE', #794, #1936, #2810, .T. ) ;
#1105 = VECTOR ( 'NONE', #2291, 1000.000000000000114 ) ;
#1106 = DIRECTION ( 'NONE',  ( 0.000000000000000000, 0.000000000000000000, 1.000000000000000000 ) ) ;
#1107 = EDGE_CURVE ( 'NONE', #1607, #1863, #2855, .T. ) ;
#1108 = CARTESIAN_POINT ( 'NONE',  ( -11.36579560452397786, 66.20326171720665798, -21.12622556948495500 ) ) ;
#1109 = CARTESIAN_POINT ( 'NONE',  ( -27.09934453818751976, 48.45510100852487056, -30.33072963378337406 ) ) ;
#1110 = EDGE_CURVE ( 'NONE', #1273, #1398, #21, .T. ) ;
#1111 = CARTESIAN_POINT ( 'NONE',  ( 32.20530521119767542, -52.23147979261550233, -18.63992824151946337 ) ) ;
#1112 = CYLINDRICAL_SURFACE ( 'NONE', #2424, 10.00000000000000000 ) ;
#1113 = ORIENTED_EDGE ( 'NONE', *, *, #2857, .F. ) ;
#1114 = CARTESIAN_POINT ( 'NONE',  ( -31.03665078617913409, 26.50000000000000355, -19.49999999999999645 ) ) ;
#1115 =( BOUNDED_SURFACE ( )  B_SPLINE_SURFACE ( 3, 2, ( 
 ( #1219, #502, #2166 ),
 ( #1927, #738, #1695 ),
 ( #2182, #980, #2111 ),
 ( #327, #3064, #2298 ) ),
 .UNSPECIFIED., .F., .F., .T. ) 
 B_SPLINE_SURFACE_WITH_KNOTS ( ( 4, 4 ),
 ( 3, 3 ),
 ( 5.928577903152673301, 6.035726401411751318 ),
 ( 0.000000000000000000, 0.8831634962508911890 ),
 .UNSPECIFIED. ) 
 GEOMETRIC_REPRESENTATION_ITEM ( )  RATIONAL_B_SPLINE_SURFACE ( (
 ( 1.000000000000000000, 0.8345231774735810681, 0.9613325332090028041),
 ( 1.000000000000000000, 0.8356756217109968521, 0.9616018283199337935),
 ( 1.000000000000000000, 0.8366584131468945973, 0.9618314801505035705),
 ( 1.000000000000000000, 0.8374680214512719711, 0.9620206637578829767) ) ) 
 REPRESENTATION_ITEM ( '' )  SURFACE ( )  );
#1116 = EDGE_LOOP ( 'NONE', ( #563, #27, #700, #2693, #1877 ) ) ;
#1117 = DIRECTION ( 'NONE',  ( 0.000000000000000000, 0.7593233854468270927, -0.6507134517693403675 ) ) ;
#1118 = ORIENTED_EDGE ( 'NONE', *, *, #877, .T. ) ;
#1119 = CARTESIAN_POINT ( 'NONE',  ( -29.98169154137881165, 41.51353420674608685, -24.08446280353222591 ) ) ;
#1120 = CARTESIAN_POINT ( 'NONE',  ( -31.85693767370648999, -45.99999999999999289, -20.50000000000000711 ) ) ;
#1121 = ORIENTED_EDGE ( 'NONE', *, *, #800, .F. ) ;
#1122 = CARTESIAN_POINT ( 'NONE',  ( -6.988822326234820359, 66.50000000000000000, -22.04479853289470270 ) ) ;
#1123 = DIRECTION ( 'NONE',  ( 0.000000000000000000, -0.000000000000000000, 1.000000000000000000 ) ) ;
#1124 = EDGE_CURVE ( 'NONE', #1372, #2567, #2095, .T. ) ;
#1125 = VECTOR ( 'NONE', #1730, 1000.000000000000000 ) ;
#1126 = CARTESIAN_POINT ( 'NONE',  ( 23.12481963923531580, 50.25234648568358153, -33.00234926838099625 ) ) ;
#1127 = FACE_OUTER_BOUND ( 'NONE', #2242, .T. ) ;
#1128 = ORIENTED_EDGE ( 'NONE', *, *, #555, .T. ) ;
#1129 = AXIS2_PLACEMENT_3D ( 'NONE', #655, #1654, #2350 ) ;
#1130 = CYLINDRICAL_SURFACE ( 'NONE', #1976, 10.00000000000000000 ) ;
#1131 = CARTESIAN_POINT ( 'NONE',  ( -12.32979074791818341, 66.06081301998290201, -41.23967041192791783 ) ) ;
#1132 = ORIENTED_EDGE ( 'NONE', *, *, #889, .F. ) ;
#1133 = CARTESIAN_POINT ( 'NONE',  ( 29.54666158391982478, 43.05568705158294307, -25.11168958152883590 ) ) ;
#1134 = DIRECTION ( 'NONE',  ( 0.000000000000000000, 0.000000000000000000, -1.000000000000000000 ) ) ;
#1135 = ORIENTED_EDGE ( 'NONE', *, *, #1756, .F. ) ;
#1136 = FACE_OUTER_BOUND ( 'NONE', #1338, .T. ) ;
#1137 = CARTESIAN_POINT ( 'NONE',  ( -32.31022078103106310, -55.82945121608020145, -17.99992408869913518 ) ) ;
#1138 = VERTEX_POINT ( 'NONE', #2125 ) ;
#1139 = DIRECTION ( 'NONE',  ( 0.000000000000000000, 0.000000000000000000, -1.000000000000000000 ) ) ;
#1140 = CARTESIAN_POINT ( 'NONE',  ( 7.446793395951938344, 66.51058874919824859, 19.63503493648900289 ) ) ;
#1141 = CARTESIAN_POINT ( 'NONE',  ( 20.92702923352625888, 62.58841800876367500, -2.936981885623598743 ) ) ;
#1142 = EDGE_LOOP ( 'NONE', ( #261, #42, #197, #1795 ) ) ;
#1143 = CARTESIAN_POINT ( 'NONE',  ( 31.50000000000000000, -59.33962576127145638, -15.56612940165997649 ) ) ;
#1144 = CARTESIAN_POINT ( 'NONE',  ( 13.49449831210291251, 66.90898047650911451, -18.16968363498365235 ) ) ;
#1145 = DIRECTION ( 'NONE',  ( -1.000000000000000000, 0.000000000000000000, 0.000000000000000000 ) ) ;
#1146 = CARTESIAN_POINT ( 'NONE',  ( -29.54308024813555988, 43.06682296896787676, -25.11964858997425409 ) ) ;
#1147 = CARTESIAN_POINT ( 'NONE',  ( 30.04479897448080195, 44.81333773008959298, -25.61700660494499715 ) ) ;
#1148 = AXIS2_PLACEMENT_3D ( 'NONE', #843, #612, #1786 ) ;
#1149 = EDGE_LOOP ( 'NONE', ( #1040, #1852, #428 ) ) ;
#1150 = CARTESIAN_POINT ( 'NONE',  ( 7.152777777777777679, 67.17925936527056763, 18.88884222155730441 ) ) ;
#1151 = CARTESIAN_POINT ( 'NONE',  ( -23.50000000000000000, 57.50000000000000000, 153.1084461865080470 ) ) ;
#1152 = VERTEX_POINT ( 'NONE', #3063 ) ;
#1153 = CARTESIAN_POINT ( 'NONE',  ( -0.6605613383959643148, 66.63604742840398387, 20.43920938468004778 ) ) ;
#1154 = CARTESIAN_POINT ( 'NONE',  ( -17.29986685195540730, 65.41098553245420533, -12.93809145521731629 ) ) ;
#1155 = CARTESIAN_POINT ( 'NONE',  ( 31.03665078629025231, -47.22440661459210531, -20.50000000000000355 ) ) ;
#1156 = AXIS2_PLACEMENT_3D ( 'NONE', #2044, #2995, #2484 ) ;
#1157 = CARTESIAN_POINT ( 'NONE',  ( 12.32979074792078933, 66.06081301998290201, -41.23967041193139949 ) ) ;
#1158 = EDGE_LOOP ( 'NONE', ( #833, #2267, #1604, #2689 ) ) ;
#1159 = CARTESIAN_POINT ( 'NONE',  ( -27.31619758759332228, 49.02635234483981463, -30.04879778794234113 ) ) ;
#1160 = ORIENTED_EDGE ( 'NONE', *, *, #2510, .F. ) ;
#1161 = DIRECTION ( 'NONE',  ( -1.000000000000000000, 0.000000000000000000, 0.000000000000000000 ) ) ;
#1162 =( LENGTH_UNIT ( ) NAMED_UNIT ( * ) SI_UNIT ( .MILLI., .METRE. ) );
#1163 = EDGE_CURVE ( 'NONE', #912, #1064, #333, .T. ) ;
#1164 = ORIENTED_EDGE ( 'NONE', *, *, #2245, .F. ) ;
#1165 = CARTESIAN_POINT ( 'NONE',  ( 9.229068761451454606, 66.46022608766877227, 18.22558758083964392 ) ) ;
#1166 = LINE ( 'NONE', #2321, #533 ) ;
#1167 = EDGE_CURVE ( 'NONE', #1955, #1086, #1578, .T. ) ;
#1168 = VERTEX_POINT ( 'NONE', #909 ) ;
#1169 = CARTESIAN_POINT ( 'NONE',  ( -5.156301726285443365, 66.64447101595899881, 20.00000000000001066 ) ) ;
#1170 = CARTESIAN_POINT ( 'NONE',  ( -16.79301975331363650, 64.72200583583291689, -13.49021193520684037 ) ) ;
#1171 = CARTESIAN_POINT ( 'NONE',  ( -22.35877598295109792, 52.13919045566021282, -35.26229911784856341 ) ) ;
#1172 = CARTESIAN_POINT ( 'NONE',  ( 12.93530972127181933, 65.90631267155596618, 16.68243725120101928 ) ) ;
#1173 = AXIS2_PLACEMENT_3D ( 'NONE', #2760, #410, #619 ) ;
#1174 = CARTESIAN_POINT ( 'NONE',  ( 2.553173308081681636, 66.50000000000000000, -24.77227223274947576 ) ) ;
#1175 = DIRECTION ( 'NONE',  ( 1.000000000000000000, -0.000000000000000000, -0.000000000000000000 ) ) ;
#1176 = CARTESIAN_POINT ( 'NONE',  ( -31.62392043263081121, 35.35390567470513901, -21.41551280095657717 ) ) ;
#1177 = AXIS2_PLACEMENT_3D ( 'NONE', #1842, #925, #1904 ) ;
#1178 = CARTESIAN_POINT ( 'NONE',  ( 27.58269551787325824, 47.19990173602445083, -28.73280458870166498 ) ) ;
#1179 = CARTESIAN_POINT ( 'NONE',  ( -32.50000000000000000, 41.50000000000000000, 19.50000000000000711 ) ) ;
#1180 = ORIENTED_EDGE ( 'NONE', *, *, #224, .F. ) ;
#1181 = CARTESIAN_POINT ( 'NONE',  ( 25.76260769672600048, 55.54701961682564360, -28.85382563303878456 ) ) ;
#1182 = CARTESIAN_POINT ( 'NONE',  ( -32.46325513570351262, -56.86643857215103282, -16.29165217214369932 ) ) ;
#1183 = ORIENTED_EDGE ( 'NONE', *, *, #83, .T. ) ;
#1184 = CARTESIAN_POINT ( 'NONE',  ( -5.156301726285443365, 66.64447101595899881, 20.00000000000001066 ) ) ;
#1185 = CARTESIAN_POINT ( 'NONE',  ( -20.55075562392892508, 63.35280329164065449, 1.339641019204143468 ) ) ;
#1186 = CARTESIAN_POINT ( 'NONE',  ( 20.28080236088551658, 63.61797405709678088, -4.252586678456312441 ) ) ;
#1187 = CARTESIAN_POINT ( 'NONE',  ( 26.52354968408958058, 48.23995911662466796, -30.05684434333960198 ) ) ;
#1188 = ADVANCED_FACE ( 'NONE', ( #2826 ), #698, .T. ) ;
#1189 = CARTESIAN_POINT ( 'NONE',  ( -18.54052706832570863, 62.28168359302812718, -38.10432675606358544 ) ) ;
#1190 = CARTESIAN_POINT ( 'NONE',  ( 0.2122626124028408057, 66.38202536621572847, 20.49956416119945501 ) ) ;
#1191 = CARTESIAN_POINT ( 'NONE',  ( -31.95387537387269461, 32.62973339184595289, -20.00525792182024887 ) ) ;
#1192 = CARTESIAN_POINT ( 'NONE',  ( -32.50000000000000000, 0.000000000000000000, 0.000000000000000000 ) ) ;
#1193 = CARTESIAN_POINT ( 'NONE',  ( 5.021876440472968994, 65.78894203191798340, 20.50000000000001066 ) ) ;
#1194 = VERTEX_POINT ( 'NONE', #2393 ) ;
#1195 = CARTESIAN_POINT ( 'NONE',  ( -0.6284952539981869535, 66.29420316860083062, 20.50000000000001066 ) ) ;
#1196 = CARTESIAN_POINT ( 'NONE',  ( 13.72808046547967642, 65.71874607456382478, 15.21758335624937253 ) ) ;
#1197 = EDGE_CURVE ( 'NONE', #1064, #848, #462, .T. ) ;
#1198 = CARTESIAN_POINT ( 'NONE',  ( -0.6605613384012134492, 66.63604742837082995, 20.43920938469192450 ) ) ;
#1199 = VERTEX_POINT ( 'NONE', #3094 ) ;
#1200 = CARTESIAN_POINT ( 'NONE',  ( 1.215920417252049246, 66.37875913273649076, 20.49059025846862170 ) ) ;
#1201 = CARTESIAN_POINT ( 'NONE',  ( -21.00804338482496902, 62.53655666565270366, 1.408920422623278101 ) ) ;
#1202 = ADVANCED_FACE ( 'NONE', ( #940 ), #456, .F. ) ;
#1203 = CARTESIAN_POINT ( 'NONE',  ( 23.49999999999999289, -46.00000000000000000, -20.50000000000000711 ) ) ;
#1204 = CARTESIAN_POINT ( 'NONE',  ( -26.66398495537127999, 57.65696110123380436, -30.94425509266981678 ) ) ;
#1205 = CARTESIAN_POINT ( 'NONE',  ( -1.362488454888911127, 66.22535226072430703, 20.50000000000001066 ) ) ;
#1206 = CARTESIAN_POINT ( 'NONE',  ( -31.80316066466450664, 35.57639263012082864, -20.67350920127940483 ) ) ;
#1207 = CARTESIAN_POINT ( 'NONE',  ( 4.314343261431572429, 67.14976843394876482, 19.78100968615627409 ) ) ;
#1208 = CARTESIAN_POINT ( 'NONE',  ( -7.500000000000000000, 66.50000000000000000, -40.66283087266116070 ) ) ;
#1209 = ORIENTED_EDGE ( 'NONE', *, *, #2868, .T. ) ;
#1210 = CARTESIAN_POINT ( 'NONE',  ( -14.57848520847954177, 66.07811321673767679, 14.26489037384119563 ) ) ;
#1211 = ADVANCED_FACE ( 'NONE', ( #523 ), #956, .T. ) ;
#1212 = CARTESIAN_POINT ( 'NONE',  ( -8.108994997585460496, 65.49227219529063859, 19.50000000000001066 ) ) ;
#1213 = CARTESIAN_POINT ( 'NONE',  ( 19.07185130424295849, 63.66202544661909712, 9.115647140693670991 ) ) ;
#1214 =( BOUNDED_SURFACE ( )  B_SPLINE_SURFACE ( 3, 2, ( 
 ( #1711, #457, #2403 ),
 ( #2649, #204, #2185 ),
 ( #36, #2898, #1174 ),
 ( #3074, #922, #1883 ),
 ( #1645, #2605, #1901 ),
 ( #2852, #710, #2228 ) ),
 .UNSPECIFIED., .F., .F., .T. ) 
 B_SPLINE_SURFACE_WITH_KNOTS ( ( 4, 2, 4 ),
 ( 3, 3 ),
 ( 2.786985249562880185, 3.141592653589793116, 3.496200057616706047 ),
 ( 0.000000000000000000, 1.000000000000000000 ),
 .UNSPECIFIED. ) 
 GEOMETRIC_REPRESENTATION_ITEM ( )  RATIONAL_B_SPLINE_SURFACE ( (
 ( 1.000000000000000000, 0.5827775584520071828, 1.000000000000000000),
 ( 1.000000000000000000, 0.5767356586319444256, 1.000000000000000000),
 ( 1.000000000000000000, 0.5735764363510535979, 1.000000000000000000),
 ( 1.000000000000000000, 0.5735764363510535979, 1.000000000000000000),
 ( 1.000000000000000000, 0.5767356586319443146, 1.000000000000000000),
 ( 1.000000000000000000, 0.5827775584520070717, 1.000000000000000000) ) ) 
 REPRESENTATION_ITEM ( '' )  SURFACE ( )  );
#1215 = ORIENTED_EDGE ( 'NONE', *, *, #1854, .T. ) ;
#1216 = VECTOR ( 'NONE', #717, 1000.000000000000000 ) ;
#1217 = FACE_OUTER_BOUND ( 'NONE', #417, .T. ) ;
#1218 = CARTESIAN_POINT ( 'NONE',  ( -19.80091733458814218, 63.76912964862594180, 5.645409174273477326 ) ) ;
#1219 = CARTESIAN_POINT ( 'NONE',  ( -7.152777777777781232, 67.17925936527056763, 18.88884222155730797 ) ) ;
#1220 = CARTESIAN_POINT ( 'NONE',  ( 28.98168660819713693, 53.55146857192386278, -27.88348632428785834 ) ) ;
#1221 = CARTESIAN_POINT ( 'NONE',  ( -0.6366187379925397627, 66.38080452400402010, 20.49620992479004400 ) ) ;
#1222 = CYLINDRICAL_SURFACE ( 'NONE', #633, 10.00000000000000178 ) ;
#1223 = CARTESIAN_POINT ( 'NONE',  ( -31.73015625993251376, 36.53932346941338238, -20.97435415570418726 ) ) ;
#1224 = DIRECTION ( 'NONE',  ( 0.000000000000000000, 0.000000000000000000, -1.000000000000000000 ) ) ;
#1225 = CARTESIAN_POINT ( 'NONE',  ( -6.597830761883861861, 65.56397009917365892, 20.50000000000001066 ) ) ;
#1226 = VERTEX_POINT ( 'NONE', #1477 ) ;
#1227 = CARTESIAN_POINT ( 'NONE',  ( -10.64659339248511571, 66.95273334900896600, 17.18975050924193226 ) ) ;
#1228 = CIRCLE ( 'NONE', #33, 0.9999999999999963363 ) ;
#1229 = CARTESIAN_POINT ( 'NONE',  ( 20.25044868464584269, 63.01249779670730078, -4.218399549163614815 ) ) ;
#1230 = VERTEX_POINT ( 'NONE', #2423 ) ;
#1231 = CARTESIAN_POINT ( 'NONE',  ( -23.12543464741423804, 50.25051884941378688, -32.99888668824058158 ) ) ;
#1232 = AXIS2_PLACEMENT_3D ( 'NONE', #205, #2404, #2839 ) ;
#1233 = CARTESIAN_POINT ( 'NONE',  ( -14.95588015799355297, 65.37539259046772600, 14.96061997723277770 ) ) ;
#1234 = CARTESIAN_POINT ( 'NONE',  ( 17.46313756479236190, 64.44987207142695240, -36.94892116304396978 ) ) ;
#1235 = CARTESIAN_POINT ( 'NONE',  ( -32.50000000000000000, 66.50000000000000000, -20.49999999999998934 ) ) ;
#1236 = CARTESIAN_POINT ( 'NONE',  ( -31.58407200764225919, 37.96118254218661292, -21.51443273056779759 ) ) ;
#1237 = CARTESIAN_POINT ( 'NONE',  ( 3.308312256140505170, 66.67061918934480502, 20.26931739813475986 ) ) ;
#1238 = DIRECTION ( 'NONE',  ( -1.000000000000000000, -0.000000000000000000, -0.000000000000000000 ) ) ;
#1239 = ADVANCED_FACE ( 'NONE', ( #1934, #254 ), #1000, .F. ) ;
#1240 = EDGE_LOOP ( 'NONE', ( #2030, #510, #1706, #621 ) ) ;
#1241 = ADVANCED_FACE ( 'NONE', ( #788 ), #155, .T. ) ;
#1242 = CARTESIAN_POINT ( 'NONE',  ( -17.93550122221540022, 64.75385365800863724, 10.06064613780414696 ) ) ;
#1243 = CARTESIAN_POINT ( 'NONE',  ( 27.31619758759332228, 26.50000000000000355, -30.04879778794235889 ) ) ;
#1244 = CARTESIAN_POINT ( 'NONE',  ( 18.71318745189764599, 64.65118823285153837, -9.970998923316017226 ) ) ;
#1245 = VERTEX_POINT ( 'NONE', #743 ) ;
#1246 = DIRECTION ( 'NONE',  ( 0.9878797784712110008, 0.1552209498993979142, -1.713698243156775752E-15 ) ) ;
#1247 = CARTESIAN_POINT ( 'NONE',  ( 27.67085404596733511, 56.28090095367147683, -29.58770696988461779 ) ) ;
#1248 = CARTESIAN_POINT ( 'NONE',  ( 23.61083801779277636, 60.65064229103189319, -34.16588309649660005 ) ) ;
#1249 = CARTESIAN_POINT ( 'NONE',  ( -19.64437563945575249, 63.85747887451917393, 6.164745349330164714 ) ) ;
#1250 = DIRECTION ( 'NONE',  ( 0.000000000000000000, -0.000000000000000000, 1.000000000000000000 ) ) ;
#1251 = CARTESIAN_POINT ( 'NONE',  ( 32.49999999999998579, 46.62778776753485488, -20.37081184036120973 ) ) ;
#1252 = ORIENTED_EDGE ( 'NONE', *, *, #2184, .T. ) ;
#1253 = CARTESIAN_POINT ( 'NONE',  ( -17.78983421247541230, 64.28631322160771333, 11.44353323920718424 ) ) ;
#1254 = DIRECTION ( 'NONE',  ( -1.000000000000000000, 0.000000000000000000, -0.000000000000000000 ) ) ;
#1255 = CIRCLE ( 'NONE', #2758, 24.00000000000000000 ) ;
#1256 = ORIENTED_EDGE ( 'NONE', *, *, #6, .F. ) ;
#1257 = EDGE_CURVE ( 'NONE', #1230, #3084, #1044, .T. ) ;
#1258 = CARTESIAN_POINT ( 'NONE',  ( -19.31710712579249289, 64.03829163639302635, 7.111514764994645077 ) ) ;
#1259 = CARTESIAN_POINT ( 'NONE',  ( 27.31619758759331873, 49.02635234483982174, -30.04879778794235534 ) ) ;
#1260 = CARTESIAN_POINT ( 'NONE',  ( 20.00409661062891331, 63.82013556644066909, -5.785617919097395756 ) ) ;
#1261 = DIRECTION ( 'NONE',  ( 0.000000000000000000, -0.9396926207859126468, 0.3420201433256569445 ) ) ;
#1262 = EDGE_CURVE ( 'NONE', #2352, #3080, #2557, .T. ) ;
#1263 = DIRECTION ( 'NONE',  ( 0.000000000000000000, 0.9396926207859127578, -0.3420201433256569445 ) ) ;
#1264 = CARTESIAN_POINT ( 'NONE',  ( 19.92182487602299545, 63.21616035636733244, -35.46188149943419887 ) ) ;
#1265 = CARTESIAN_POINT ( 'NONE',  ( 22.35877598295109792, 52.13919045566021282, -35.26229911784857052 ) ) ;
#1266 = CARTESIAN_POINT ( 'NONE',  ( -19.96622857351512792, 63.17090614101736179, -7.898242185728450160 ) ) ;
#1267 = CARTESIAN_POINT ( 'NONE',  ( 31.82809209813067142, 35.13587901342362585, -20.56527630842265708 ) ) ;
#1268 = VERTEX_POINT ( 'NONE', #317 ) ;
#1269 = CARTESIAN_POINT ( 'NONE',  ( -12.27780567516706611, 67.21704962992602361, -19.29436066115424353 ) ) ;
#1270 = VECTOR ( 'NONE', #1310, 1000.000000000000000 ) ;
#1271 = CARTESIAN_POINT ( 'NONE',  ( 4.857257629280052669, 67.83485205693530418, -23.37052625491402580 ) ) ;
#1272 = CARTESIAN_POINT ( 'NONE',  ( 20.17943799056335052, 63.55406808191381174, 4.094222370337710970 ) ) ;
#1273 = VERTEX_POINT ( 'NONE', #1356 ) ;
#1274 = AXIS2_PLACEMENT_3D ( 'NONE', #211, #3066, #1605 ) ;
#1275 = CARTESIAN_POINT ( 'NONE',  ( -5.021876440473014291, 65.78894203191798340, 19.50000000000001066 ) ) ;
#1276 = CARTESIAN_POINT ( 'NONE',  ( -7.500000000000000000, 66.50000000000000000, -40.66283087266116070 ) ) ;
#1277 = CARTESIAN_POINT ( 'NONE',  ( 32.04823530957737177, 46.96328014668370798, -19.84176499938946847 ) ) ;
#1278 = CYLINDRICAL_SURFACE ( 'NONE', #1718, 25.00000000000000000 ) ;
#1279 = CARTESIAN_POINT ( 'NONE',  ( -22.35877598295109792, 52.13919045566021282, -35.26229911784856341 ) ) ;
#1280 = CARTESIAN_POINT ( 'NONE',  ( -7.393586791903875799, 65.52117749839651140, 20.50000000000001066 ) ) ;
#1281 = CARTESIAN_POINT ( 'NONE',  ( 20.11954261108582287, 55.00889025232327612, -37.02041266435083600 ) ) ;
#1282 = FACE_BOUND ( 'NONE', #3065, .T. ) ;
#1283 = ORIENTED_EDGE ( 'NONE', *, *, #2090, .T. ) ;
#1284 = CARTESIAN_POINT ( 'NONE',  ( 31.85693767370648999, 28.58012841124578074, -20.50000000000000000 ) ) ;
#1285 = CARTESIAN_POINT ( 'NONE',  ( -9.012951013867148475, 64.53999999929374098, -42.31838989747458868 ) ) ;
#1286 = ORIENTED_EDGE ( 'NONE', *, *, #2683, .T. ) ;
#1287 = APPLICATION_CONTEXT ( 'automotive_design' ) ;
#1288 = CARTESIAN_POINT ( 'NONE',  ( -23.44174924985874497, 48.70499249500958427, -30.63805895302766302 ) ) ;
#1289 = ADVANCED_FACE ( 'NONE', ( #3038 ), #2503, .F. ) ;
#1290 = DIRECTION ( 'NONE',  ( -1.000000000000000000, 0.000000000000000000, 0.000000000000000000 ) ) ;
#1291 = CARTESIAN_POINT ( 'NONE',  ( 32.50000000000000000, -58.68891230950211479, -14.80680601621314807 ) ) ;
#1292 = ADVANCED_FACE ( 'NONE', ( #1029 ), #2487, .T. ) ;
#1293 = CARTESIAN_POINT ( 'NONE',  ( -5.045785946722971538, 67.16839848467829199, 19.58893232439662668 ) ) ;
#1294 = CARTESIAN_POINT ( 'NONE',  ( 32.50000000000000000, 28.58012841124578429, -20.49999999999999645 ) ) ;
#1295 = CARTESIAN_POINT ( 'NONE',  ( 1.555301434917138827E-15, 75.67993273722427716, -18.27834209236307217 ) ) ;
#1296 = ORIENTED_EDGE ( 'NONE', *, *, #2306, .F. ) ;
#1297 = CARTESIAN_POINT ( 'NONE',  ( 28.39928726816986071, 47.96448435947253586, -28.64066691916735863 ) ) ;
#1298 = VERTEX_POINT ( 'NONE', #295 ) ;
#1299 = CARTESIAN_POINT ( 'NONE',  ( 32.00515572985397483, 30.61010920096997978, -19.75785909720066869 ) ) ;
#1300 = AXIS2_PLACEMENT_3D ( 'NONE', #1345, #246, #847 ) ;
#1301 = DIRECTION ( 'NONE',  ( -0.000000000000000000, 1.304303365396095441E-16, -1.000000000000000000 ) ) ;
#1302 = CARTESIAN_POINT ( 'NONE',  ( 6.988822326234814142, 66.50000000000000000, -22.04479853289469204 ) ) ;
#1303 = ORIENTED_EDGE ( 'NONE', *, *, #1489, .T. ) ;
#1304 = ADVANCED_FACE ( 'NONE', ( #108 ), #2787, .F. ) ;
#1305 = DIRECTION ( 'NONE',  ( -1.000000000000000000, 0.000000000000000000, 0.000000000000000000 ) ) ;
#1306 = CARTESIAN_POINT ( 'NONE',  ( -23.50000000000000000, 28.58012841124578785, -45.50000000000000000 ) ) ;
#1307 = B_SPLINE_CURVE_WITH_KNOTS ( 'NONE', 3,
 ( #2854, #50, #24, #1947 ),
 .UNSPECIFIED., .F., .F.,
 ( 4, 4 ),
 ( 0.000000000000000000, 0.005728019369309753778 ),
 .UNSPECIFIED. ) ;
#1308 = CARTESIAN_POINT ( 'NONE',  ( -25.92666269046953076, 50.40424610738225653, -31.85533977331026634 ) ) ;
#1309 = AXIS2_PLACEMENT_3D ( 'NONE', #1472, #983, #313 ) ;
#1310 = DIRECTION ( 'NONE',  ( 0.000000000000000000, -0.000000000000000000, -1.000000000000000000 ) ) ;
#1311 = DIRECTION ( 'NONE',  ( -0.05369843673799461203, 0.9985571981072970393, 0.000000000000000000 ) ) ;
#1312 = CARTESIAN_POINT ( 'NONE',  ( -26.26860806541990456, 56.83153503636571457, -31.41077470493457113 ) ) ;
#1313 = CIRCLE ( 'NONE', #913, 19.50000000000001066 ) ;
#1314 = DIRECTION ( 'NONE',  ( -1.000000000000000000, 0.000000000000000000, 0.000000000000000000 ) ) ;
#1315 = ORIENTED_EDGE ( 'NONE', *, *, #1167, .F. ) ;
#1316 = CARTESIAN_POINT ( 'NONE',  ( 5.098272595974755461, 66.59324934213668712, 19.78415842689147652 ) ) ;
#1317 = CARTESIAN_POINT ( 'NONE',  ( -31.39276332341233555, 39.44462323909474577, -22.16779664100921465 ) ) ;
#1318 = EDGE_LOOP ( 'NONE', ( #2812, #307, #1889, #145, #2441 ) ) ;
#1319 = AXIS2_PLACEMENT_3D ( 'NONE', #1949, #1254, #758 ) ;
#1320 = EDGE_CURVE ( 'NONE', #2457, #122, #2084, .T. ) ;
#1321 = CARTESIAN_POINT ( 'NONE',  ( 30.16186167928941231, 40.67359534904864660, -23.59876858388032517 ) ) ;
#1322 = CARTESIAN_POINT ( 'NONE',  ( 32.50000000000000000, -57.81382166248548060, -15.58797468893794047 ) ) ;
#1323 = AXIS2_PLACEMENT_3D ( 'NONE', #1181, #3082, #2612 ) ;
#1324 = CARTESIAN_POINT ( 'NONE',  ( -9.165420202336177269, 67.73912805480944144, -21.53770066109005654 ) ) ;
#1325 = CARTESIAN_POINT ( 'NONE',  ( 20.19841259084650176, 63.54329615240832396, 3.999492237908198522 ) ) ;
#1326 = CARTESIAN_POINT ( 'NONE',  ( 23.50000000000000000, 47.50000000000000000, 20.50000000000000355 ) ) ;
#1327 = LINE ( 'NONE', #1294, #308 ) ;
#1328 = CARTESIAN_POINT ( 'NONE',  ( -0.6341223054861193642, 66.63076942112424206, 20.44201500977227326 ) ) ;
#1329 = ORIENTED_EDGE ( 'NONE', *, *, #2735, .T. ) ;
#1330 = CARTESIAN_POINT ( 'NONE',  ( 22.97777718403689207, 50.68931648629446585, -33.83021839698252364 ) ) ;
#1331 = EDGE_CURVE ( 'NONE', #1152, #1138, #1228, .T. ) ;
#1332 =( BOUNDED_CURVE ( )  B_SPLINE_CURVE ( 3, ( #1794, #3028, #115, #662 ),
 .UNSPECIFIED., .F., .T. ) 
 B_SPLINE_CURVE_WITH_KNOTS ( ( 4, 4 ),
 ( 5.928577903152673301, 6.035726401411750430 ),
 .UNSPECIFIED. ) 
 CURVE ( )  GEOMETRIC_REPRESENTATION_ITEM ( )  RATIONAL_B_SPLINE_CURVE ( ( 1.000000000000000000, 0.9990434954228712972, 0.9990434954228712972, 1.000000000000000000 ) ) 
 REPRESENTATION_ITEM ( '' )  );
#1333 = CARTESIAN_POINT ( 'NONE',  ( -29.24356084440650605, 46.67497750062033646, -27.22738602248629647 ) ) ;
#1334 = CARTESIAN_POINT ( 'NONE',  ( 7.449206784602778519, 66.50964537462323278, 19.64115996154972521 ) ) ;
#1335 = EDGE_CURVE ( 'NONE', #481, #210, #1980, .T. ) ;
#1336 = CARTESIAN_POINT ( 'NONE',  ( 23.50000000000000000, 47.50000000000000000, -29.15868857572773010 ) ) ;
#1337 = EDGE_CURVE ( 'NONE', #122, #2457, #733, .T. ) ;
#1338 = EDGE_LOOP ( 'NONE', ( #2908, #688, #2427, #1252 ) ) ;
#1339 = EDGE_CURVE ( 'NONE', #2284, #2058, #1425, .T. ) ;
#1340 = CARTESIAN_POINT ( 'NONE',  ( 7.446793395951938344, 66.51058874919824859, 19.63503493648900289 ) ) ;
#1341 = CARTESIAN_POINT ( 'NONE',  ( 32.46400658388923688, -56.88551725267242176, -16.27766145164695999 ) ) ;
#1342 = CARTESIAN_POINT ( 'NONE',  ( -18.19563220651656366, 64.09822461714603037, -12.53303810013587949 ) ) ;
#1343 = CARTESIAN_POINT ( 'NONE',  ( 32.09834259003012136, -50.00519885251915753, -19.27144951453657029 ) ) ;
#1344 = CARTESIAN_POINT ( 'NONE',  ( 9.544183184227712502, 66.43415838787240091, -22.37301033118468041 ) ) ;
#1345 = CARTESIAN_POINT ( 'NONE',  ( -31.50000000000000000, -46.00000000000000000, 6.884683795282953156E-15 ) ) ;
#1346 = ORIENTED_EDGE ( 'NONE', *, *, #2685, .F. ) ;
#1347 = DIRECTION ( 'NONE',  ( 0.000000000000000000, -0.3420201433256569445, -0.9396926207859127578 ) ) ;
#1348 = DIRECTION ( 'NONE',  ( -1.000000000000000000, 0.000000000000000000, -0.000000000000000000 ) ) ;
#1349 = CARTESIAN_POINT ( 'NONE',  ( 1.555301434917138827E-15, 94.47378515294252566, -25.11874495887620640 ) ) ;
#1350 = DIRECTION ( 'NONE',  ( 0.000000000000000000, 0.000000000000000000, 1.000000000000000000 ) ) ;
#1351 = EDGE_CURVE ( 'NONE', #2284, #2875, #1073, .T. ) ;
#1352 = ORIENTED_EDGE ( 'NONE', *, *, #1110, .T. ) ;
#1353 = CARTESIAN_POINT ( 'NONE',  ( -29.53584662461937782, 43.08950155856303610, -25.13579086926419492 ) ) ;
#1354 = DIRECTION ( 'NONE',  ( 0.000000000000000000, 0.000000000000000000, 1.000000000000000000 ) ) ;
#1355 = ORIENTED_EDGE ( 'NONE', *, *, #780, .T. ) ;
#1356 = CARTESIAN_POINT ( 'NONE',  ( 0.6284952540248137653, 66.29420316859834372, 20.50000000000001066 ) ) ;
#1357 = CARTESIAN_POINT ( 'NONE',  ( 0.000000000000000000, 80.02358855746011557, -6.344245808381980822 ) ) ;
#1358 = CYLINDRICAL_SURFACE ( 'NONE', #2279, 20.60000000000000853 ) ;
#1359 = B_SPLINE_CURVE_WITH_KNOTS ( 'NONE', 3,
 ( #1581, #2756, #1344, #616, #2309, #2070, #2150, #218, #2389, #3073, #1375, #3088, #708, #1610, #935, #2357, #1407, #2603, #2341, #1141, #2373, #2633, #2820, #1662, #724, #951, #2836, #920, #1679, #1851, #676, #489, #423, #1439, #1627, #2089, #2618, #2589, #1172, #2401, #2867, #4, #1881, #2574 ),
 .UNSPECIFIED., .F., .F.,
 ( 4, 2, 2, 2, 2, 2, 2, 2, 2, 2, 2, 2, 2, 2, 2, 2, 2, 2, 2, 2, 2, 4 ),
 ( 0.000000000000000000, 0.003385715011000068990, 0.005078572516500103051, 0.006771430022000137980, 0.01015714503300020263, 0.01354286004400026902, 0.01692857505500033194, 0.02031429006600038792, 0.02370000507700044737, 0.02539286258250047709, 0.02708572008800050335, 0.03047143509900055933, 0.03216429260450059252, 0.03385715011000062225, 0.03724286512100067476, 0.04062858013200072033, 0.04232143763750075005, 0.04401429514300077284, 0.04740001015400081147, 0.04909286765950082732, 0.05078572516500085010, 0.05417144017600087486 ),
 .UNSPECIFIED. ) ;
#1360 = CARTESIAN_POINT ( 'NONE',  ( -5.021876440473012515, 65.78894203191798340, 20.50000000000001066 ) ) ;
#1361 = ORIENTED_EDGE ( 'NONE', *, *, #2699, .F. ) ;
#1362 = FACE_OUTER_BOUND ( 'NONE', #1049, .T. ) ;
#1363 = CARTESIAN_POINT ( 'NONE',  ( 7.499999999999997335, 66.50000000000000000, -23.34213456751775340 ) ) ;
#1364 = B_SPLINE_CURVE_WITH_KNOTS ( 'NONE', 3,
 ( #353, #1020, #2965, #1778, #1715, #1267, #2471, #68, #1744, #771, #52, #590, #1539, #2702, #2501, #1998, #1297, #989 ),
 .UNSPECIFIED., .F., .F.,
 ( 4, 2, 2, 2, 2, 2, 2, 2, 4 ),
 ( 0.000000000000000000, 0.003051371267332318379, 0.006102742534664647167, 0.007628428168330798551, 0.009154113801996951669, 0.01220548506932927872, 0.01525685633666160404, 0.01830822760399393109, 0.02441097013865857826 ),
 .UNSPECIFIED. ) ;
#1365 = CARTESIAN_POINT ( 'NONE',  ( -30.70836348684213135, 41.60591322204030007, -24.13914604667300523 ) ) ;
#1366 = CARTESIAN_POINT ( 'NONE',  ( 28.37720634885666726, 45.97332029312587309, -27.44680099297573150 ) ) ;
#1367 = CARTESIAN_POINT ( 'NONE',  ( 2.164375350837172807, 66.70117085726212736, 20.34218771849312191 ) ) ;
#1368 = DIRECTION ( 'NONE',  ( 0.000000000000000000, 0.000000000000000000, -1.000000000000000000 ) ) ;
#1369 = EDGE_LOOP ( 'NONE', ( #230, #579, #1555, #1545 ) ) ;
#1370 = CARTESIAN_POINT ( 'NONE',  ( -5.021876440473012515, 65.78894203191798340, 20.50000000000001066 ) ) ;
#1371 = CARTESIAN_POINT ( 'NONE',  ( -31.05794476509779400, -48.42792629170057950, -20.39118450487688605 ) ) ;
#1372 = VERTEX_POINT ( 'NONE', #581 ) ;
#1373 = CARTESIAN_POINT ( 'NONE',  ( -20.74911771387202464, 62.70237242232409614, 3.768139280248215872 ) ) ;
#1374 = CARTESIAN_POINT ( 'NONE',  ( -0.6284952539983083009, 66.29420316860210960, 19.49999999999993250 ) ) ;
#1375 = CARTESIAN_POINT ( 'NONE',  ( 16.61282985286481662, 64.78775078762899398, -15.38808581668649289 ) ) ;
#1376 = ORIENTED_EDGE ( 'NONE', *, *, #2566, .T. ) ;
#1377 = CIRCLE ( 'NONE', #80, 1.000000000000000222 ) ;
#1378 = CARTESIAN_POINT ( 'NONE',  ( 31.36768097789123644, -55.35297531163055140, -18.28158947229939102 ) ) ;
#1379 = CARTESIAN_POINT ( 'NONE',  ( 13.13523725580529522, 65.88170047720092271, -18.12331812389255603 ) ) ;
#1380 = DIRECTION ( 'NONE',  ( -1.000000000000000000, -0.000000000000000000, -0.000000000000000000 ) ) ;
#1381 = CARTESIAN_POINT ( 'NONE',  ( 32.50000000000000000, 41.50000000000000000, -14.80680601621314807 ) ) ;
#1382 = CARTESIAN_POINT ( 'NONE',  ( 28.41948630299189915, 47.94468109779659670, -28.61440604256361553 ) ) ;
#1383 = AXIS2_PLACEMENT_3D ( 'NONE', #2979, #829, #2745 ) ;
#1384 = VERTEX_POINT ( 'NONE', #1340 ) ;
#1385 = CARTESIAN_POINT ( 'NONE',  ( 13.69653173343464836, 65.72405166387423492, 16.07315065216542038 ) ) ;
#1386 = DIRECTION ( 'NONE',  ( -0.000000000000000000, 1.000000000000000000, 1.304303365396095688E-16 ) ) ;
#1387 = ORIENTED_EDGE ( 'NONE', *, *, #557, .T. ) ;
#1388 = CARTESIAN_POINT ( 'NONE',  ( -20.49536439167797042, 62.86468963043596858, -2.582265018829828396 ) ) ;
#1389 = CARTESIAN_POINT ( 'NONE',  ( 32.01734456904894444, -47.16467946266106992, -19.69554974876101738 ) ) ;
#1390 = CARTESIAN_POINT ( 'NONE',  ( 10.04612871091956983, 64.47521579134885883, -42.02037803470940958 ) ) ;
#1391 = EDGE_LOOP ( 'NONE', ( #436, #2410, #1467, #1656 ) ) ;
#1392 = CARTESIAN_POINT ( 'NONE',  ( 12.29508052072230129, 67.21294838846282005, -19.27910081194598391 ) ) ;
#1393 = CARTESIAN_POINT ( 'NONE',  ( -30.28895809454644805, 51.30223203583570069, -25.44290848566023300 ) ) ;
#1394 = AXIS2_PLACEMENT_3D ( 'NONE', #1543, #341, #1813 ) ;
#1395 = ORIENTED_EDGE ( 'NONE', *, *, #2221, .T. ) ;
#1396 = DIRECTION ( 'NONE',  ( 0.000000000000000000, 0.000000000000000000, -1.000000000000000000 ) ) ;
#1397 = PRESENTATION_STYLE_ASSIGNMENT (( #1935 ) ) ;
#1398 = VERTEX_POINT ( 'NONE', #1785 ) ;
#1399 = PRODUCT_DEFINITION_CONTEXT ( 'detailed design', #1287, 'design' ) ;
#1400 = LINE ( 'NONE', #2861, #2733 ) ;
#1401 = CARTESIAN_POINT ( 'NONE',  ( 7.500000000000000000, 41.50000000000000000, 19.50000000000000711 ) ) ;
#1402 = EDGE_LOOP ( 'NONE', ( #1716, #892, #731, #1067 ) ) ;
#1403 = CARTESIAN_POINT ( 'NONE',  ( 1.835383851589512080E-15, 57.50000000000000000, -9.038043478260849639 ) ) ;
#1404 = CARTESIAN_POINT ( 'NONE',  ( -20.59833963241627330, 63.35534664437403052, -0.8875937514863371236 ) ) ;
#1405 = DIRECTION ( 'NONE',  ( 0.000000000000000000, 0.9396926207859127578, -0.3420201433256568890 ) ) ;
#1406 = CIRCLE ( 'NONE', #1710, 34.46195652173913970 ) ;
#1407 = CARTESIAN_POINT ( 'NONE',  ( 20.40472562447058635, 62.91316750803932223, -6.246342245826360440 ) ) ;
#1408 = CARTESIAN_POINT ( 'NONE',  ( -32.01734456893659342, -46.00000000000000000, -19.69554974932445646 ) ) ;
#1409 = CARTESIAN_POINT ( 'NONE',  ( -2.140641563642069478, 66.44763426183529020, 20.50000000000001421 ) ) ;
#1410 = LINE ( 'NONE', #727, #2012 ) ;
#1411 = CARTESIAN_POINT ( 'NONE',  ( -61.49137802864845526, -46.00000000000000000, -20.50000000000000711 ) ) ;
#1412 = CARTESIAN_POINT ( 'NONE',  ( -26.24551782525432131, 58.13398843734215404, -30.13668976006766798 ) ) ;
#1413 = ORIENTED_EDGE ( 'NONE', *, *, #1897, .T. ) ;
#1414 = DIRECTION ( 'NONE',  ( 0.000000000000000000, 0.000000000000000000, -1.000000000000000000 ) ) ;
#1415 = EDGE_LOOP ( 'NONE', ( #1071, #2210, #2544, #373 ) ) ;
#1416 = EDGE_CURVE ( 'NONE', #1298, #2112, #273, .T. ) ;
#1417 = CARTESIAN_POINT ( 'NONE',  ( 7.152777777777778567, 67.17925936527056763, 18.88884222155730797 ) ) ;
#1418 = CARTESIAN_POINT ( 'NONE',  ( -20.60629336505031972, 62.79606631208373813, -0.3356764559157860983 ) ) ;
#1419 = CARTESIAN_POINT ( 'NONE',  ( 15.59249835661208294, 66.18329753534385418, -15.67145921098713224 ) ) ;
#1420 = CARTESIAN_POINT ( 'NONE',  ( 14.96313490240529021, 63.59056631042865604, -40.09980024338892690 ) ) ;
#1421 = AXIS2_PLACEMENT_3D ( 'NONE', #2025, #857, #364 ) ;
#1422 = CARTESIAN_POINT ( 'NONE',  ( -25.07419890943188179, 59.36901604965579793, -31.35003364332741782 ) ) ;
#1423 = LINE ( 'NONE', #191, #267 ) ;
#1424 = CARTESIAN_POINT ( 'NONE',  ( -30.93843822160381407, 33.42769470815537147, -20.95546195586241112 ) ) ;
#1425 = CIRCLE ( 'NONE', #1629, 10.00000000000000178 ) ;
#1426 = DIRECTION ( 'NONE',  ( -0.000000000000000000, -0.9396926207859127578, 0.3420201433256568335 ) ) ;
#1427 = CARTESIAN_POINT ( 'NONE',  ( -27.31619758759332939, 56.74199177172919661, -28.85382563303877390 ) ) ;
#1428 = EDGE_CURVE ( 'NONE', #1986, #1906, #2295, .T. ) ;
#1429 = VERTEX_POINT ( 'NONE', #1861 ) ;
#1430 = EDGE_CURVE ( 'NONE', #794, #646, #1933, .T. ) ;
#1431 = CARTESIAN_POINT ( 'NONE',  ( 5.935993805854380412, 66.58266327348056279, 19.89613596897340742 ) ) ;
#1432 = CARTESIAN_POINT ( 'NONE',  ( 14.90512534920374677, 65.96376860141603515, 13.91655834909489364 ) ) ;
#1433 =( BOUNDED_CURVE ( )  B_SPLINE_CURVE ( 3, ( #2243, #1055, #2478, #2494 ),
 .UNSPECIFIED., .F., .T. ) 
 B_SPLINE_CURVE_WITH_KNOTS ( ( 4, 4 ),
 ( 3.141592653589793116, 3.173664235760594199 ),
 .UNSPECIFIED. ) 
 CURVE ( )  GEOMETRIC_REPRESENTATION_ITEM ( )  RATIONAL_B_SPLINE_CURVE ( ( 1.000000000000000000, 0.9999142863048607888, 0.9999142863048607888, 1.000000000000000000 ) ) 
 REPRESENTATION_ITEM ( '' )  );
#1434 = FACE_OUTER_BOUND ( 'NONE', #203, .T. ) ;
#1435 = ORIENTED_EDGE ( 'NONE', *, *, #2200, .T. ) ;
#1436 = EDGE_CURVE ( 'NONE', #1199, #1168, #281, .T. ) ;
#1437 = CARTESIAN_POINT ( 'NONE',  ( -3.301693844239364850, 66.69241794421323277, 20.24820096839604844 ) ) ;
#1438 = CARTESIAN_POINT ( 'NONE',  ( -17.07343165465021784, 64.60731382815392010, -13.01836200294765611 ) ) ;
#1439 = CARTESIAN_POINT ( 'NONE',  ( 16.82357380482171649, 64.69896395636165209, 12.81839730898076368 ) ) ;
#1440 = FACE_OUTER_BOUND ( 'NONE', #405, .T. ) ;
#1441 = DIRECTION ( 'NONE',  ( 0.000000000000000000, -0.7071067811865475727, -0.7071067811865475727 ) ) ;
#1442 = CARTESIAN_POINT ( 'NONE',  ( 0.6605613383953572448, 66.63604742840392703, 20.43920938468008686 ) ) ;
#1443 = CARTESIAN_POINT ( 'NONE',  ( -7.500000000000000000, 41.50000000000000000, 20.50000000000001066 ) ) ;
#1444 = EDGE_CURVE ( 'NONE', #1763, #1986, #3081, .T. ) ;
#1445 = CARTESIAN_POINT ( 'NONE',  ( 0.6284952540248137653, 66.29420316859834372, 20.50000000000001066 ) ) ;
#1446 = ORIENTED_EDGE ( 'NONE', *, *, #1066, .T. ) ;
#1447 = CARTESIAN_POINT ( 'NONE',  ( -19.82573992907962790, 63.75509689178151973, 5.558232325309883315 ) ) ;
#1448 = AXIS2_PLACEMENT_3D ( 'NONE', #1275, #1246, #1027 ) ;
#1449 = CARTESIAN_POINT ( 'NONE',  ( 5.021876440472968106, 65.78894203191798340, 20.50000000000001066 ) ) ;
#1450 = CARTESIAN_POINT ( 'NONE',  ( 20.09718902822015707, 63.09667547071423854, 6.517274877491204599 ) ) ;
#1451 = ORIENTED_EDGE ( 'NONE', *, *, #2554, .T. ) ;
#1452 = CARTESIAN_POINT ( 'NONE',  ( -32.50000000000000000, -47.50000000000000000, -5.817072295949958192E-15 ) ) ;
#1453 = CARTESIAN_POINT ( 'NONE',  ( -20.66139739995939451, 62.75744700497823203, 4.257708462347686407 ) ) ;
#1454 = CARTESIAN_POINT ( 'NONE',  ( 32.49999999999999289, 41.50000000000000000, -14.80680601621314629 ) ) ;
#1455 = CARTESIAN_POINT ( 'NONE',  ( 17.68802160454512418, 62.65060210126353724, -38.63206046021095830 ) ) ;
#1456 = VECTOR ( 'NONE', #3062, 1000.000000000000000 ) ;
#1457 = CARTESIAN_POINT ( 'NONE',  ( -19.02242130500714623, 63.72032929064278051, -37.79817187936437506 ) ) ;
#1458 = CARTESIAN_POINT ( 'NONE',  ( -7.870381015449850359, 65.49832892556993613, 20.50000000000001066 ) ) ;
#1459 = CARTESIAN_POINT ( 'NONE',  ( 24.29004500527515731, 51.39277445062591454, -33.61570094452343227 ) ) ;
#1460 = CARTESIAN_POINT ( 'NONE',  ( 3.685080403582796205, 66.67154228040402586, 20.22862993312939395 ) ) ;
#1461 = CARTESIAN_POINT ( 'NONE',  ( -5.927282760889008628, 66.31487733683992758, 20.50000000000001066 ) ) ;
#1462 = EDGE_LOOP ( 'NONE', ( #73, #836 ) ) ;
#1463 = CARTESIAN_POINT ( 'NONE',  ( 0.000000000000000000, 84.36724437769595397, 5.589850475599108748 ) ) ;
#1464 = AXIS2_PLACEMENT_3D ( 'NONE', #2286, #1045, #376 ) ;
#1465 = CARTESIAN_POINT ( 'NONE',  ( 5.111493297681253267, 66.35929468794533648, 20.50000000000001421 ) ) ;
#1466 = CARTESIAN_POINT ( 'NONE',  ( 20.33880685986015280, 62.95950930548583813, -3.666126868794646221 ) ) ;
#1467 = ORIENTED_EDGE ( 'NONE', *, *, #199, .F. ) ;
#1468 = VECTOR ( 'NONE', #1946, 1000.000000000000000 ) ;
#1469 = CARTESIAN_POINT ( 'NONE',  ( 32.01734456893660052, 26.50000000000000355, -19.69554974932444935 ) ) ;
#1470 = AXIS2_PLACEMENT_3D ( 'NONE', #1531, #1261, #2227 ) ;
#1471 = CARTESIAN_POINT ( 'NONE',  ( 32.49999999999999289, 41.50000000000000000, -14.80680601621314629 ) ) ;
#1472 = CARTESIAN_POINT ( 'NONE',  ( 7.500000000000000000, 41.50000000000000000, 0.000000000000000000 ) ) ;
#1473 = CARTESIAN_POINT ( 'NONE',  ( -19.10815232695487964, 63.64824111134498708, 7.828129929699877643 ) ) ;
#1474 = CARTESIAN_POINT ( 'NONE',  ( -32.49999999999998579, 46.62778776753484067, -20.37081184036118131 ) ) ;
#1475 = CARTESIAN_POINT ( 'NONE',  ( -32.01734456892314995, 29.59587736168908023, -19.69554974939189051 ) ) ;
#1476 = AXIS2_PLACEMENT_3D ( 'NONE', #1374, #1850, #691 ) ;
#1477 = CARTESIAN_POINT ( 'NONE',  ( 5.156301726285441589, 66.64447101595899881, 20.00000000000000355 ) ) ;
#1478 = LINE ( 'NONE', #554, #1125 ) ;
#1479 = ORIENTED_EDGE ( 'NONE', *, *, #1351, .F. ) ;
#1480 = CARTESIAN_POINT ( 'NONE',  ( -20.50855424772266389, 63.44274249169881585, -2.639268330025181797 ) ) ;
#1481 = CARTESIAN_POINT ( 'NONE',  ( -23.50000000000000000, -46.00000000000000000, 6.884683795282953156E-15 ) ) ;
#1482 = CARTESIAN_POINT ( 'NONE',  ( 19.54597892399256764, 63.40967742937800011, -9.292608762252976717 ) ) ;
#1483 = ORIENTED_EDGE ( 'NONE', *, *, #1495, .T. ) ;
#1484 = DIRECTION ( 'NONE',  ( 0.000000000000000000, 0.000000000000000000, -1.000000000000000000 ) ) ;
#1485 = VECTOR ( 'NONE', #2139, 1000.000000000000000 ) ;
#1486 = CARTESIAN_POINT ( 'NONE',  ( -16.01532303870133944, 65.57026126008921096, 12.71687370847669030 ) ) ;
#1487 = CARTESIAN_POINT ( 'NONE',  ( 2.150852717681785542, 66.70076173358087601, 20.34329658173300359 ) ) ;
#1488 = CARTESIAN_POINT ( 'NONE',  ( 17.37357908622066915, 64.48841684922865625, -36.99798147766271939 ) ) ;
#1489 = EDGE_CURVE ( 'NONE', #1064, #1986, #3051, .T. ) ;
#1490 = CARTESIAN_POINT ( 'NONE',  ( 19.41964843006308783, 55.57214591455508668, -37.51059578743545586 ) ) ;
#1491 = ORIENTED_EDGE ( 'NONE', *, *, #2213, .F. ) ;
#1492 = CARTESIAN_POINT ( 'NONE',  ( 3.628215008803808761, 66.84476735827274752, 20.03542116380229388 ) ) ;
#1493 = ORIENTED_EDGE ( 'NONE', *, *, #2510, .T. ) ;
#1494 = CARTESIAN_POINT ( 'NONE',  ( -20.07950789399336244, 63.76461354191273756, -5.351286774327997264 ) ) ;
#1495 = EDGE_CURVE ( 'NONE', #2112, #210, #1400, .T. ) ;
#1496 = DIRECTION ( 'NONE',  ( 0.000000000000000000, -1.000000000000000000, -0.000000000000000000 ) ) ;
#1497 = CARTESIAN_POINT ( 'NONE',  ( 16.68851526245538963, 64.76391372049413064, 12.11713882439514478 ) ) ;
#1498 = AXIS2_PLACEMENT_3D ( 'NONE', #402, #1100, #2551 ) ;
#1499 = ORIENTED_EDGE ( 'NONE', *, *, #1914, .F. ) ;
#1500 = AXIS2_PLACEMENT_3D ( 'NONE', #1306, #2024, #3007 ) ;
#1501 = CARTESIAN_POINT ( 'NONE',  ( -23.50000000000000000, -46.00000000000000000, -20.50000000000000355 ) ) ;
#1502 = CARTESIAN_POINT ( 'NONE',  ( -14.14990730649514283, 65.61571400186458902, 15.71032970351144264 ) ) ;
#1503 = CARTESIAN_POINT ( 'NONE',  ( 21.44421058506023670, 62.28447863180835498, -36.04023425198501229 ) ) ;
#1504 = PLANE ( 'NONE',  #519 ) ;
#1505 = CARTESIAN_POINT ( 'NONE',  ( 26.26860806541990812, 56.83153503636572879, -31.41077470493459955 ) ) ;
#1506 = ORIENTED_EDGE ( 'NONE', *, *, #486, .T. ) ;
#1507 = DIRECTION ( 'NONE',  ( 1.000000000000000000, -0.000000000000000000, -0.000000000000000000 ) ) ;
#1508 = AXIS2_PLACEMENT_3D ( 'NONE', #830, #1061, #2746 ) ;
#1509 = ORIENTED_EDGE ( 'NONE', *, *, #285, .T. ) ;
#1510 = CARTESIAN_POINT ( 'NONE',  ( -16.04968060050762446, 65.55715995109864025, 12.67648437590468191 ) ) ;
#1511 = FACE_OUTER_BOUND ( 'NONE', #2613, .T. ) ;
#1512 = CARTESIAN_POINT ( 'NONE',  ( 20.95847434190054059, 62.56834419655648816, -2.611378522936055102 ) ) ;
#1513 = ORIENTED_EDGE ( 'NONE', *, *, #746, .F. ) ;
#1514 = DIRECTION ( 'NONE',  ( 0.000000000000000000, -2.636779683484746784E-15, 1.000000000000000000 ) ) ;
#1515 = CARTESIAN_POINT ( 'NONE',  ( -12.46290801947149340, 66.62854016193344364, 15.99592092812249255 ) ) ;
#1516 = DIRECTION ( 'NONE',  ( -0.000000000000000000, 1.000000000000000000, 0.000000000000000000 ) ) ;
#1517 =( BOUNDED_SURFACE ( )  B_SPLINE_SURFACE ( 3, 2, ( 
 ( #2517, #1284, #2968 ),
 ( #1542, #820, #806 ),
 ( #2282, #1764, #1299 ),
 ( #2532, #2034, #1587 ),
 ( #2489, #2722, #2504 ),
 ( #355, #2047, #2750 ),
 ( #2999, #2062, #2252 ),
 ( #2986, #1556, #851 ),
 ( #2783, #340, #837 ),
 ( #133, #1083, #102 ),
 ( #1796, #606, #2297 ),
 ( #148, #1098, #3018 ),
 ( #1668, #2579, #1602 ),
 ( #681, #1872, #2347 ),
 ( #1133, #883, #3047 ),
 ( #2075, #2564, #177 ),
 ( #3031, #1857, #1147 ),
 ( #1366, #666, #208 ),
 ( #1178, #714, #1382 ),
 ( #2331, #2594, #1633 ) ),
 .UNSPECIFIED., .F., .F., .T. ) 
 B_SPLINE_SURFACE_WITH_KNOTS ( ( 4, 2, 2, 2, 2, 2, 2, 2, 2, 4 ),
 ( 3, 3 ),
 ( 0.000000000000000000, 0.003018454583901210211, 0.006036909167802420421, 0.007546136459753025744, 0.009055363751703630198, 0.01207381833560484084, 0.01509227291950605149, 0.01660150021145665594, 0.01811072750340726040, 0.02414763667120968169 ),
 ( 0.000000000000000000, 1.000000000000000000 ),
 .UNSPECIFIED. ) 
 GEOMETRIC_REPRESENTATION_ITEM ( )  RATIONAL_B_SPLINE_SURFACE ( (
 ( 1.000000000000000000, 0.7731590228809509524, 1.000000000000000000),
 ( 1.000000000000000000, 0.7731576577536906081, 1.000000000000000000),
 ( 1.000000000000000000, 0.7738254958137059658, 1.000000000000000000),
 ( 1.000000000000000000, 0.7763673073827263016, 1.000000000000000000),
 ( 1.000000000000000000, 0.7782425409412540018, 1.000000000000000000),
 ( 1.000000000000000000, 0.7818051359175001158, 1.000000000000000000),
 ( 1.000000000000000000, 0.7831169761471508117, 1.000000000000000000),
 ( 1.000000000000000000, 0.7859551288240094191, 1.000000000000000000),
 ( 1.000000000000000000, 0.7874867495043261778, 1.000000000000000000),
 ( 1.000000000000000000, 0.7922783421327644904, 1.000000000000000000),
 ( 1.000000000000000000, 0.7957456872792145752, 1.000000000000000000),
 ( 1.000000000000000000, 0.8028006036258359401, 1.000000000000000000),
 ( 1.000000000000000000, 0.8063884094450761708, 1.000000000000000000),
 ( 1.000000000000000000, 0.8115290666041045098, 1.000000000000000000),
 ( 1.000000000000000000, 0.8132022947989305806, 1.000000000000000000),
 ( 1.000000000000000000, 0.8164105656245641551, 1.000000000000000000),
 ( 1.000000000000000000, 0.8179312332582774348, 1.000000000000000000),
 ( 1.000000000000000000, 0.8249510376755424534, 1.000000000000000000),
 ( 1.000000000000000000, 0.8287184922149141153, 1.000000000000000000),
 ( 1.000000000000000000, 0.8296430323691531550, 1.000000000000000000) ) ) 
 REPRESENTATION_ITEM ( '' )  SURFACE ( )  );
#1518 = FACE_OUTER_BOUND ( 'NONE', #1567, .T. ) ;
#1519 = CARTESIAN_POINT ( 'NONE',  ( 0.6366187380128071061, 66.38080452400393483, 20.49620992478986281 ) ) ;
#1520 = ORIENTED_EDGE ( 'NONE', *, *, #1262, .F. ) ;
#1521 = CARTESIAN_POINT ( 'NONE',  ( -21.05999938323751763, 62.50300992926973009, -0.7217988791700377105 ) ) ;
#1522 = PLANE ( 'NONE',  #628 ) ;
#1523 = ORIENTED_EDGE ( 'NONE', *, *, #1337, .T. ) ;
#1524 = ADVANCED_FACE ( 'NONE', ( #2144 ), #2625, .T. ) ;
#1525 = CARTESIAN_POINT ( 'NONE',  ( -7.152777777777778567, 67.17925936527056763, 18.88884222155730797 ) ) ;
#1526 = STYLED_ITEM ( 'NONE', ( #1397 ), #1777 ) ;
#1527 = CARTESIAN_POINT ( 'NONE',  ( 0.000000000000000000, 67.84202014332565511, -23.83257961196357044 ) ) ;
#1528 = CARTESIAN_POINT ( 'NONE',  ( 8.190125724201056556, 67.81436366681168693, -22.04984898875177990 ) ) ;
#1529 = VERTEX_POINT ( 'NONE', #2099 ) ;
#1530 = CIRCLE ( 'NONE', #226, 25.00000000000000000 ) ;
#1531 = CARTESIAN_POINT ( 'NONE',  ( 0.000000000000000000, 98.81744097317836406, -13.18464867489512038 ) ) ;
#1532 = CARTESIAN_POINT ( 'NONE',  ( 29.27682461307603035, 43.84059126249053406, -25.69234449998723591 ) ) ;
#1533 = CARTESIAN_POINT ( 'NONE',  ( 0.000000000000000000, 98.81744097317836406, -13.18464867489511860 ) ) ;
#1534 = CARTESIAN_POINT ( 'NONE',  ( 14.93625880592173161, 65.95356193675543466, 13.88560738918245008 ) ) ;
#1535 = CARTESIAN_POINT ( 'NONE',  ( 32.47629632653447374, -58.40511507775207178, -16.36697220899202776 ) ) ;
#1536 = DIRECTION ( 'NONE',  ( 0.000000000000000000, 0.000000000000000000, 1.000000000000000000 ) ) ;
#1537 = CARTESIAN_POINT ( 'NONE',  ( -0.6605613383959643148, 66.63604742840398387, 20.43920938468004778 ) ) ;
#1538 = ORIENTED_EDGE ( 'NONE', *, *, #1028, .T. ) ;
#1539 = CARTESIAN_POINT ( 'NONE',  ( 30.90818607905578830, 42.07416107718404419, -23.60608592717477450 ) ) ;
#1540 = VERTEX_POINT ( 'NONE', #1370 ) ;
#1541 = EDGE_CURVE ( 'NONE', #1194, #31, #2160, .T. ) ;
#1542 = CARTESIAN_POINT ( 'NONE',  ( 31.03665078612781869, 29.56095405896556372, -20.49999999999999645 ) ) ;
#1543 = CARTESIAN_POINT ( 'NONE',  ( 0.000000000000000000, 80.02358855746011557, -6.344245808381980822 ) ) ;
#1544 = CARTESIAN_POINT ( 'NONE',  ( 9.532915166674715834, 66.43505602806591526, -22.37947647384108762 ) ) ;
#1545 = ORIENTED_EDGE ( 'NONE', *, *, #1891, .F. ) ;
#1546 = FACE_OUTER_BOUND ( 'NONE', #2079, .T. ) ;
#1547 = CARTESIAN_POINT ( 'NONE',  ( 29.98527166260041454, 41.49845113079518200, -24.07528894071673875 ) ) ;
#1548 = FACE_OUTER_BOUND ( 'NONE', #1692, .T. ) ;
#1549 = CARTESIAN_POINT ( 'NONE',  ( 18.66318770187314158, 64.38540932652293236, 8.645878049464718273 ) ) ;
#1550 = CARTESIAN_POINT ( 'NONE',  ( -17.00594619410728470, 65.16840594696468258, 11.44826408355286773 ) ) ;
#1551 = CARTESIAN_POINT ( 'NONE',  ( 32.50000000000000711, -57.80419392872099849, -15.59656909373777189 ) ) ;
#1552 = DIRECTION ( 'NONE',  ( 0.000000000000000000, 0.000000000000000000, 1.000000000000000000 ) ) ;
#1553 = CARTESIAN_POINT ( 'NONE',  ( 20.09981535274516418, 61.50856832513929362, -37.04866870764143272 ) ) ;
#1554 = CARTESIAN_POINT ( 'NONE',  ( 13.49999999999999822, 57.50000000000000000, 20.50000000000001776 ) ) ;
#1555 = ORIENTED_EDGE ( 'NONE', *, *, #339, .F. ) ;
#1556 = CARTESIAN_POINT ( 'NONE',  ( 31.54001685842991165, 36.28019869995289071, -21.71022152055474308 ) ) ;
#1557 = CARTESIAN_POINT ( 'NONE',  ( -29.21796553994320789, 46.71670946302488403, -27.27131497735062382 ) ) ;
#1558 = ORIENTED_EDGE ( 'NONE', *, *, #1032, .F. ) ;
#1559 = DIRECTION ( 'NONE',  ( 0.9996780081371097193, -0.02537479156606094188, 0.000000000000000000 ) ) ;
#1560 = DIRECTION ( 'NONE',  ( -0.000000000000000000, 1.000000000000000000, -0.000000000000000000 ) ) ;
#1561 = ADVANCED_FACE ( 'NONE', ( #243, #1136 ), #2396, .T. ) ;
#1562 = CARTESIAN_POINT ( 'NONE',  ( 19.67410231346956451, 63.84108512823127768, 6.146975880828947858 ) ) ;
#1563 = CARTESIAN_POINT ( 'NONE',  ( 32.50000000000000000, -46.00000000000000000, 6.884683795282953156E-15 ) ) ;
#1564 = CARTESIAN_POINT ( 'NONE',  ( -22.97777718403694891, 50.68931648629429532, -33.83021839698218969 ) ) ;
#1565 = ADVANCED_FACE ( 'NONE', ( #195 ), #359, .F. ) ;
#1566 = DIRECTION ( 'NONE',  ( 0.9985571981072970393, -0.05369843673799590961, -1.732220613662349725E-15 ) ) ;
#1567 = EDGE_LOOP ( 'NONE', ( #2581, #1303, #2741, #1702 ) ) ;
#1568 = DIRECTION ( 'NONE',  ( 0.000000000000000000, 0.000000000000000000, 1.000000000000000000 ) ) ;
#1569 = ADVANCED_FACE ( 'NONE', ( #2724 ), #2300, .T. ) ;
#1570 = EDGE_CURVE ( 'NONE', #912, #1981, #978, .T. ) ;
#1571 = ORIENTED_EDGE ( 'NONE', *, *, #156, .T. ) ;
#1572 = CARTESIAN_POINT ( 'NONE',  ( 7.225294879085553568, 66.59509896371859838, 19.07288595719238344 ) ) ;
#1573 = CARTESIAN_POINT ( 'NONE',  ( 23.50000000000000000, 66.50000000000000000, -20.49999999999998934 ) ) ;
#1574 = ORIENTED_EDGE ( 'NONE', *, *, #97, .F. ) ;
#1575 = PRESENTATION_LAYER_ASSIGNMENT (  '', '', ( #1526 ) ) ;
#1576 = CARTESIAN_POINT ( 'NONE',  ( 60.78427124746191623, -47.50000000000000000, -10.00000000000000711 ) ) ;
#1577 = DIRECTION ( 'NONE',  ( 0.000000000000000000, -1.000000000000000000, -1.445602896647339163E-16 ) ) ;
#1578 = CIRCLE ( 'NONE', #1177, 12.69999999999999929 ) ;
#1579 = CARTESIAN_POINT ( 'NONE',  ( -7.152777777777780344, 67.82074063472944658, -22.46090691609706624 ) ) ;
#1580 = DIRECTION ( 'NONE',  ( 0.000000000000000000, 0.000000000000000000, -1.000000000000000000 ) ) ;
#1581 = CARTESIAN_POINT ( 'NONE',  ( 7.500000000000000000, 66.50000000000000000, -23.34213456751775695 ) ) ;
#1582 = CARTESIAN_POINT ( 'NONE',  ( 0.6366187380128071061, 66.38080452400393483, 20.49620992478986281 ) ) ;
#1583 = ORIENTED_EDGE ( 'NONE', *, *, #2629, .T. ) ;
#1584 = CARTESIAN_POINT ( 'NONE',  ( 22.50763088060204353, 51.84573553788592193, -35.10955481012589985 ) ) ;
#1585 = ADVANCED_FACE ( 'NONE', ( #2359 ), #1222, .F. ) ;
#1586 = CARTESIAN_POINT ( 'NONE',  ( -30.36290786224346405, 42.81372955538434866, -24.94122770935382860 ) ) ;
#1587 = CARTESIAN_POINT ( 'NONE',  ( 31.95448949481305334, 32.61025590695157916, -20.00233558529744826 ) ) ;
#1588 = DIRECTION ( 'NONE',  ( 1.000000000000000000, 0.000000000000000000, 0.000000000000000000 ) ) ;
#1589 = ORIENTED_EDGE ( 'NONE', *, *, #1197, .T. ) ;
#1590 = ADVANCED_FACE ( 'NONE', ( #1440 ), #1214, .F. ) ;
#1591 = CARTESIAN_POINT ( 'NONE',  ( 60.78427124746191623, -47.50000000000000000, -5.817072295949958192E-15 ) ) ;
#1592 = CARTESIAN_POINT ( 'NONE',  ( 1.392530975437656693, 66.45976789115735528, 20.50000000000001066 ) ) ;
#1593 = B_SPLINE_CURVE_WITH_KNOTS ( 'NONE', 3,
 ( #2651, #507, #1459, #270 ),
 .UNSPECIFIED., .F., .F.,
 ( 4, 4 ),
 ( 0.000000000000000000, 0.007838774533514987139 ),
 .UNSPECIFIED. ) ;
#1594 = CARTESIAN_POINT ( 'NONE',  ( -19.47745602501836970, 63.44722439053256124, -9.487871929847615959 ) ) ;
#1595 = CARTESIAN_POINT ( 'NONE',  ( 31.46475596138420627, -57.42514336923368035, -17.06343145914397752 ) ) ;
#1596 = CARTESIAN_POINT ( 'NONE',  ( 60.78427124746191623, -47.50000000000000000, -5.817072295949958192E-15 ) ) ;
#1597 = AXIS2_PLACEMENT_3D ( 'NONE', #1533, #2991, #1802 ) ;
#1598 = ORIENTED_EDGE ( 'NONE', *, *, #2090, .F. ) ;
#1599 = CARTESIAN_POINT ( 'NONE',  ( 31.50000000000000000, -46.00000000000000000, 20.49999999999999645 ) ) ;
#1600 = CARTESIAN_POINT ( 'NONE',  ( 10.23494225082754916, 66.36394752912462991, -20.40920894935294072 ) ) ;
#1601 = CARTESIAN_POINT ( 'NONE',  ( -30.58512916672639648, 43.24271789075813643, -24.40725893145868497 ) ) ;
#1602 = CARTESIAN_POINT ( 'NONE',  ( 30.92777793489338123, 41.99102166651825030, -23.55364119345895091 ) ) ;
#1603 = CARTESIAN_POINT ( 'NONE',  ( -31.03665078617913409, -46.00000000000000000, -20.50000000000000711 ) ) ;
#1604 = ORIENTED_EDGE ( 'NONE', *, *, #1335, .F. ) ;
#1605 = DIRECTION ( 'NONE',  ( 0.000000000000000000, 0.000000000000000000, 1.000000000000000000 ) ) ;
#1606 = CARTESIAN_POINT ( 'NONE',  ( -32.03952579675465273, -48.30949086283357019, -19.58772951781452676 ) ) ;
#1607 = VERTEX_POINT ( 'NONE', #75 ) ;
#1608 = CARTESIAN_POINT ( 'NONE',  ( -10.65063776418473829, 66.31490809922607355, -20.13188743117281021 ) ) ;
#1609 = CARTESIAN_POINT ( 'NONE',  ( 16.20581758649108295, 65.92516084769813745, -14.78436028809879410 ) ) ;
#1610 = CARTESIAN_POINT ( 'NONE',  ( 19.10441520341887056, 63.64907004822842396, -10.49507816784830894 ) ) ;
#1611 = ORIENTED_EDGE ( 'NONE', *, *, #1619, .T. ) ;
#1612 = CARTESIAN_POINT ( 'NONE',  ( -32.50000000000000000, -58.68891230950211479, -14.80680601621314452 ) ) ;
#1613 = CIRCLE ( 'NONE', #2967, 32.50195652173913885 ) ;
#1614 = CARTESIAN_POINT ( 'NONE',  ( 14.23227762889548664, 66.67703521235887365, -17.37037154366119651 ) ) ;
#1615 = CIRCLE ( 'NONE', #1870, 0.9999999999999984457 ) ;
#1616 = EDGE_LOOP ( 'NONE', ( #3057, #592, #2955, #274 ) ) ;
#1617 = CARTESIAN_POINT ( 'NONE',  ( -61.49137802864845526, -46.00000000000000000, 20.49999999999999645 ) ) ;
#1618 = CARTESIAN_POINT ( 'NONE',  ( -31.03665078617913764, -47.22446402065281745, -20.50000000000000000 ) ) ;
#1619 = EDGE_CURVE ( 'NONE', #1745, #1230, #1530, .T. ) ;
#1620 = ORIENTED_EDGE ( 'NONE', *, *, #984, .T. ) ;
#1621 = UNCERTAINTY_MEASURE_WITH_UNIT (LENGTH_MEASURE( 1.000000000000000082E-05 ), #1162, 'distance_accuracy_value', 'NONE');
#1622 = CARTESIAN_POINT ( 'NONE',  ( 11.11106405887189474, 66.25827377909301674, 17.16132539489110798 ) ) ;
#1623 = CARTESIAN_POINT ( 'NONE',  ( -31.50000000000000000, -59.33962576127147059, -15.56612940165997294 ) ) ;
#1624 = ORIENTED_EDGE ( 'NONE', *, *, #2133, .T. ) ;
#1625 = CARTESIAN_POINT ( 'NONE',  ( -18.54237846986656280, 63.94491925141426236, -10.10448527704788546 ) ) ;
#1626 = CARTESIAN_POINT ( 'NONE',  ( 19.07946742598065626, 64.42818968473871166, -8.996886815220088707 ) ) ;
#1627 = CARTESIAN_POINT ( 'NONE',  ( 16.48571777063348875, 64.83237508657015269, 13.24611694426025466 ) ) ;
#1628 = EDGE_LOOP ( 'NONE', ( #1966, #2709, #343, #2415 ) ) ;
#1629 = AXIS2_PLACEMENT_3D ( 'NONE', #2319, #1056, #166 ) ;
#1630 = CARTESIAN_POINT ( 'NONE',  ( 18.55373429257559437, 63.93932596188935236, -10.07787150724969649 ) ) ;
#1631 = CARTESIAN_POINT ( 'NONE',  ( -0.6366187379925397627, 66.38080452400402010, 20.49620992479004400 ) ) ;
#1632 = CARTESIAN_POINT ( 'NONE',  ( -27.57975968989461535, 47.20278465327707806, -28.73647467183650761 ) ) ;
#1633 = CARTESIAN_POINT ( 'NONE',  ( 27.31619758759337913, 49.02635234483983595, -30.04879778794235889 ) ) ;
#1634 = CIRCLE ( 'NONE', #1232, 1.000000000000000888 ) ;
#1635 = CARTESIAN_POINT ( 'NONE',  ( -5.808512545097105573, 65.66534155926859739, 20.50000000000001066 ) ) ;
#1636 = ORIENTED_EDGE ( 'NONE', *, *, #2221, .F. ) ;
#1637 = B_SPLINE_CURVE_WITH_KNOTS ( 'NONE', 3,
 ( #1280, #2249, #1458, #98 ),
 .UNSPECIFIED., .F., .F.,
 ( 4, 4 ),
 ( 0.000000000000000000, 0.0007159919114795825889 ),
 .UNSPECIFIED. ) ;
#1638 = CARTESIAN_POINT ( 'NONE',  ( 14.11915735294241614, 65.61150026408242297, 15.70952925860650673 ) ) ;
#1639 = DIRECTION ( 'NONE',  ( 0.000000000000000000, 0.9396926207859127578, -0.3420201433256569445 ) ) ;
#1640 = ORIENTED_EDGE ( 'NONE', *, *, #2333, .F. ) ;
#1641 = DIRECTION ( 'NONE',  ( 0.05369843673799633982, 0.9985571981072969283, 0.000000000000000000 ) ) ;
#1642 = CARTESIAN_POINT ( 'NONE',  ( -17.84901773723724716, 64.26946661904021596, -11.57509522375403677 ) ) ;
#1643 = CARTESIAN_POINT ( 'NONE',  ( 32.50000000000000000, 41.50000000000000000, 0.000000000000000000 ) ) ;
#1644 = CARTESIAN_POINT ( 'NONE',  ( 12.71171465254569277, 65.97170290431100170, -39.13771870456361768 ) ) ;
#1645 = CARTESIAN_POINT ( 'NONE',  ( -4.868956643948133767, 67.83478013870480083, -23.36589042107111069 ) ) ;
#1646 = CARTESIAN_POINT ( 'NONE',  ( -32.04823530957989419, 46.53495898318363544, -20.27008616288946641 ) ) ;
#1647 = AXIS2_PLACEMENT_3D ( 'NONE', #623, #2017, #821 ) ;
#1648 = AXIS2_PLACEMENT_3D ( 'NONE', #124, #1560, #139 ) ;
#1649 = CARTESIAN_POINT ( 'NONE',  ( -29.81394603171650459, 44.35402679221483879, -26.09768770757547074 ) ) ;
#1650 = CARTESIAN_POINT ( 'NONE',  ( 0.000000000000000000, 98.81744097317836406, -13.18464867489512038 ) ) ;
#1651 = CARTESIAN_POINT ( 'NONE',  ( -22.26070978337934392, 61.69853362655748441, -33.77359506720384985 ) ) ;
#1652 = ADVANCED_FACE ( 'NONE', ( #963 ), #1115, .F. ) ;
#1653 = VERTEX_POINT ( 'NONE', #2711 ) ;
#1654 = DIRECTION ( 'NONE',  ( 0.000000000000000000, -1.304303365396095688E-16, 1.000000000000000000 ) ) ;
#1655 = CARTESIAN_POINT ( 'NONE',  ( -32.27180785223333004, -55.29358820287797727, -18.28257279357325515 ) ) ;
#1656 = ORIENTED_EDGE ( 'NONE', *, *, #2537, .F. ) ;
#1657 = CARTESIAN_POINT ( 'NONE',  ( -6.685057066370371892, 66.53240235801013114, 19.77534509466471135 ) ) ;
#1658 = CARTESIAN_POINT ( 'NONE',  ( -20.35222892213356616, 62.95270232017912093, -3.694323080909943879 ) ) ;
#1659 = DIRECTION ( 'NONE',  ( -0.9657078676093152625, -0.000000000000000000, 0.2596311122293885609 ) ) ;
#1660 = B_SPLINE_CURVE_WITH_KNOTS ( 'NONE', 3,
 ( #1171, #453, #472, #2587 ),
 .UNSPECIFIED., .F., .F.,
 ( 4, 4 ),
 ( 0.000000000000000000, 0.007838774533515002751 ),
 .UNSPECIFIED. ) ;
#1661 = AXIS2_PLACEMENT_3D ( 'NONE', #2962, #2542, #1311 ) ;
#1662 = CARTESIAN_POINT ( 'NONE',  ( 20.94841255556515236, 62.57469191313496992, 2.122814481979579337 ) ) ;
#1663 = EDGE_CURVE ( 'NONE', #2519, #1226, #832, .T. ) ;
#1664 = CARTESIAN_POINT ( 'NONE',  ( -25.12536978611926841, 57.96808519158056328, -32.69553728050228614 ) ) ;
#1665 = FACE_OUTER_BOUND ( 'NONE', #649, .T. ) ;
#1666 = EDGE_CURVE ( 'NONE', #2058, #2284, #2388, .T. ) ;
#1667 = CARTESIAN_POINT ( 'NONE',  ( -30.76095000981999306, 36.23320058253851528, -21.68043483679311123 ) ) ;
#1668 = CARTESIAN_POINT ( 'NONE',  ( 29.99066681792922751, 41.47521807978495190, -24.06131517935170905 ) ) ;
#1669 = EDGE_CURVE ( 'NONE', #535, #1064, #311, .T. ) ;
#1670 = EDGE_CURVE ( 'NONE', #2397, #420, #1377, .T. ) ;
#1671 = ORIENTED_EDGE ( 'NONE', *, *, #431, .T. ) ;
#1672 = FACE_OUTER_BOUND ( 'NONE', #1369, .T. ) ;
#1673 = CARTESIAN_POINT ( 'NONE',  ( 13.29881925274048093, 66.43165116974915918, 15.35506291798774647 ) ) ;
#1674 = CARTESIAN_POINT ( 'NONE',  ( 7.500000000000000000, 67.50000000000000000, 19.77006987297799157 ) ) ;
#1675 = ORIENTED_EDGE ( 'NONE', *, *, #2550, .T. ) ;
#1676 = CARTESIAN_POINT ( 'NONE',  ( -4.723302235552278461, 66.85097378229927756, 19.79180967867301888 ) ) ;
#1677 = CARTESIAN_POINT ( 'NONE',  ( -19.62857161131589834, 63.37042859474682643, -6.965127438884815447 ) ) ;
#1678 = CARTESIAN_POINT ( 'NONE',  ( 18.69261209287893521, 64.66322050397474186, -10.02171352368969792 ) ) ;
#1679 = CARTESIAN_POINT ( 'NONE',  ( 19.92499006372106152, 63.19871646113902841, 7.044948891621810816 ) ) ;
#1680 = TOROIDAL_SURFACE ( 'NONE', #2780, 19.50000000000001066, 1.000000000000000000 ) ;
#1681 = CARTESIAN_POINT ( 'NONE',  ( -32.26733087480532447, -53.32831124687417912, -18.21628426036161130 ) ) ;
#1682 = CARTESIAN_POINT ( 'NONE',  ( -5.021876440473010739, 65.78894203191798340, 20.50000000000001066 ) ) ;
#1683 = CARTESIAN_POINT ( 'NONE',  ( -13.50000000000000000, 57.50000000000000000, -40.74571522038405647 ) ) ;
#1684 = AXIS2_PLACEMENT_3D ( 'NONE', #747, #1747, #1037 ) ;
#1685 = CARTESIAN_POINT ( 'NONE',  ( -8.134369789151522312, 66.49195020342774853, 20.50000000000001066 ) ) ;
#1686 = CARTESIAN_POINT ( 'NONE',  ( -19.42391167063760449, 55.56894207894719528, -37.50766663228640141 ) ) ;
#1687 = EDGE_CURVE ( 'NONE', #1808, #2590, #1845, .T. ) ;
#1688 = ORIENTED_EDGE ( 'NONE', *, *, #2685, .T. ) ;
#1689 = CARTESIAN_POINT ( 'NONE',  ( -20.58731394493633005, 63.33846098019107984, 0.6773461867230647915 ) ) ;
#1690 = CARTESIAN_POINT ( 'NONE',  ( 23.56525103242634955, 50.52719949105924968, -33.40751552084817178 ) ) ;
#1691 = CARTESIAN_POINT ( 'NONE',  ( 20.08583140783700571, 63.10727884126708176, 4.716572787387372401 ) ) ;
#1692 = EDGE_LOOP ( 'NONE', ( #720, #2941, #957, #2369, #2394, #2720 ) ) ;
#1693 = DIRECTION ( 'NONE',  ( 0.000000000000000000, -1.304303365396095441E-16, 1.000000000000000000 ) ) ;
#1694 = CARTESIAN_POINT ( 'NONE',  ( -19.91056862669535121, 63.21120716264115202, -5.882275671655848193 ) ) ;
#1695 = CARTESIAN_POINT ( 'NONE',  ( -6.730921441767255153, 66.50958246076862679, 19.92466282336724248 ) ) ;
#1696 = CARTESIAN_POINT ( 'NONE',  ( 2.096200321683838741, 66.15381128790517096, 20.50000000000001066 ) ) ;
#1697 = CARTESIAN_POINT ( 'NONE',  ( -18.15800167836718515, 64.14857825550193127, -38.35206529043499302 ) ) ;
#1698 = CARTESIAN_POINT ( 'NONE',  ( -23.49999999999999289, -47.50000000000000000, -10.00000000000000711 ) ) ;
#1699 = CARTESIAN_POINT ( 'NONE',  ( -31.85693767370648999, 28.58012841124578074, -20.50000000000000000 ) ) ;
#1700 = CARTESIAN_POINT ( 'NONE',  ( -8.134369789151520536, 66.49195020342773432, 19.50000000000001421 ) ) ;
#1701 = FILL_AREA_STYLE ('',( #699 ) ) ;
#1702 = ORIENTED_EDGE ( 'NONE', *, *, #889, .T. ) ;
#1703 = CARTESIAN_POINT ( 'NONE',  ( -10.99456981603056249, 67.47951465446561770, -20.32547140581344536 ) ) ;
#1704 = CARTESIAN_POINT ( 'NONE',  ( 24.26949629700390787, 51.40508034487955769, -33.63763050678753075 ) ) ;
#1705 = CARTESIAN_POINT ( 'NONE',  ( 20.62614490233652020, 62.78394367253100228, -0.2956563318855606748 ) ) ;
#1706 = ORIENTED_EDGE ( 'NONE', *, *, #516, .T. ) ;
#1707 = LINE ( 'NONE', #1469, #2273 ) ;
#1708 = CARTESIAN_POINT ( 'NONE',  ( -14.55198297486008485, 65.50123830190925389, 14.50317644352657709 ) ) ;
#1709 = DIRECTION ( 'NONE',  ( 0.000000000000000000, 0.000000000000000000, 1.000000000000000000 ) ) ;
#1710 = AXIS2_PLACEMENT_3D ( 'NONE', #1403, #2117, #144 ) ;
#1711 = CARTESIAN_POINT ( 'NONE',  ( 7.152777777777779455, 67.82074063472944658, -22.46090691609706624 ) ) ;
#1712 = DIRECTION ( 'NONE',  ( 0.000000000000000000, 1.000000000000000000, -0.000000000000000000 ) ) ;
#1713 = CARTESIAN_POINT ( 'NONE',  ( -31.33343658964972178, 38.12991151414124857, -22.39047285267579923 ) ) ;
#1714 = CARTESIAN_POINT ( 'NONE',  ( 3.215268072981885439, 67.05346946707867062, 20.03348442469680535 ) ) ;
#1715 = CARTESIAN_POINT ( 'NONE',  ( 31.91374714086354203, 33.65337886395767697, -20.19504612848761838 ) ) ;
#1716 = ORIENTED_EDGE ( 'NONE', *, *, #93, .T. ) ;
#1717 = CARTESIAN_POINT ( 'NONE',  ( -0.6366673544906024107, 66.38132280589350387, 20.49616433662902892 ) ) ;
#1718 = AXIS2_PLACEMENT_3D ( 'NONE', #2788, #363, #1106 ) ;
#1719 = CARTESIAN_POINT ( 'NONE',  ( 7.440463414232918460, 66.39287864079685164, 20.50000000000001066 ) ) ;
#1720 = CARTESIAN_POINT ( 'NONE',  ( 17.10573019542185236, 64.59054765546369481, 12.48197255357693791 ) ) ;
#1721 = EDGE_LOOP ( 'NONE', ( #2717, #2762, #2759, #850, #990, #3015, #2948, #657 ) ) ;
#1722 = CIRCLE ( 'NONE', #371, 34.46195652173913970 ) ;
#1723 = CARTESIAN_POINT ( 'NONE',  ( 7.446793395951938344, 66.51058874919824859, 19.63503493648900289 ) ) ;
#1724 = CARTESIAN_POINT ( 'NONE',  ( 32.49999999999999289, 44.01794164627879979, -17.53894755950639350 ) ) ;
#1725 = CARTESIAN_POINT ( 'NONE',  ( 20.00633234110647507, 63.16757952431259326, -35.40583973243336402 ) ) ;
#1726 = DIRECTION ( 'NONE',  ( -0.5175556807433784323, 0.5285571548634738770, -0.6728769957227603848 ) ) ;
#1727 = CARTESIAN_POINT ( 'NONE',  ( -17.61454995037750848, 62.68038785833661564, -38.67569848798660814 ) ) ;
#1728 = AXIS2_PLACEMENT_3D ( 'NONE', #2136, #1659, #407 ) ;
#1729 = CARTESIAN_POINT ( 'NONE',  ( -7.910908316774385440, 66.45269575290190289, 20.50000000000001066 ) ) ;
#1730 = DIRECTION ( 'NONE',  ( -0.000000000000000000, -0.9396926207859127578, 0.3420201433256568335 ) ) ;
#1731 = ORIENTED_EDGE ( 'NONE', *, *, #1416, .F. ) ;
#1732 = CARTESIAN_POINT ( 'NONE',  ( -16.17838371038584455, 65.93715246132634888, -14.82625916694676782 ) ) ;
#1733 = CARTESIAN_POINT ( 'NONE',  ( 23.50000000000000000, 28.58012841124578429, -20.49999999999999645 ) ) ;
#1734 = CARTESIAN_POINT ( 'NONE',  ( 17.88445197490957739, 64.24780486642994504, 10.29271713192688154 ) ) ;
#1735 = ORIENTED_EDGE ( 'NONE', *, *, #107, .T. ) ;
#1736 = CARTESIAN_POINT ( 'NONE',  ( 7.677673220875034232, 66.50418023296333558, 19.59101911718965994 ) ) ;
#1737 = CARTESIAN_POINT ( 'NONE',  ( -17.01814442468846167, 64.62392975917457250, 11.62772676751223422 ) ) ;
#1738 = CARTESIAN_POINT ( 'NONE',  ( 27.31619758759331162, 55.54701961682564360, -30.04879778794235889 ) ) ;
#1739 =( BOUNDED_SURFACE ( )  B_SPLINE_SURFACE ( 3, 2, ( 
 ( #2004, #2924, #106 ),
 ( #1752, #580, #2942 ),
 ( #1736, #2956, #763 ),
 ( #1723, #1956, #2677 ) ),
 .UNSPECIFIED., .F., .F., .T. ) 
 B_SPLINE_SURFACE_WITH_KNOTS ( ( 4, 4 ),
 ( 3, 3 ),
 ( -2.168404344971008868E-18, 0.0007159919114795970088 ),
 ( 0.000000000000000000, 1.000000000000000000 ),
 .UNSPECIFIED. ) 
 GEOMETRIC_REPRESENTATION_ITEM ( )  RATIONAL_B_SPLINE_SURFACE ( (
 ( 1.000000000000000000, 0.7071067811865475727, 1.000000000000000000),
 ( 1.000000000000000000, 0.7233492015451933321, 1.000000000000000000),
 ( 1.000000000000000000, 0.7387301251428830540, 1.000000000000000000),
 ( 1.000000000000000000, 0.7533375526578351966, 1.000000000000000000) ) ) 
 REPRESENTATION_ITEM ( '' )  SURFACE ( )  );
#1740 = CARTESIAN_POINT ( 'NONE',  ( -19.73400351370460726, 63.30303219349219290, 7.521882370572437360 ) ) ;
#1741 = CARTESIAN_POINT ( 'NONE',  ( -32.50000000000000000, 41.50000000000000000, -14.80680601621314452 ) ) ;
#1742 = CARTESIAN_POINT ( 'NONE',  ( 13.49999999999999822, 57.50000000000000000, -40.74571522038405647 ) ) ;
#1743 = CARTESIAN_POINT ( 'NONE',  ( 2.185055134538206989, 66.64750420530748443, 20.37920792833347505 ) ) ;
#1744 = CARTESIAN_POINT ( 'NONE',  ( 31.67412566591316292, 37.09145323005432715, -21.18235703716915452 ) ) ;
#1745 = VERTEX_POINT ( 'NONE', #1179 ) ;
#1746 = B_SPLINE_CURVE_WITH_KNOTS ( 'NONE', 3,
 ( #786, #2963, #816, #1537 ),
 .UNSPECIFIED., .F., .F.,
 ( 4, 4 ),
 ( 5.168849991133093346E-14, 0.0008850163251692819881 ),
 .UNSPECIFIED. ) ;
#1747 = DIRECTION ( 'NONE',  ( 0.000000000000000000, 0.9396926207859126468, -0.3420201433256568890 ) ) ;
#1748 = EDGE_CURVE ( 'NONE', #2197, #1273, #2409, .T. ) ;
#1749 = CARTESIAN_POINT ( 'NONE',  ( -30.43768517170428112, 43.72046373181444068, -24.75535783333543449 ) ) ;
#1750 = CARTESIAN_POINT ( 'NONE',  ( 21.08360532602954507, 62.48784433116713899, -0.2893081318551614101 ) ) ;
#1751 = ORIENTED_EDGE ( 'NONE', *, *, #360, .F. ) ;
#1752 = CARTESIAN_POINT ( 'NONE',  ( 7.906949810747150309, 66.49772279670577291, 19.54594199854068748 ) ) ;
#1753 = CARTESIAN_POINT ( 'NONE',  ( -12.47934566589641214, 66.00598899182118373, 16.20919668478815012 ) ) ;
#1754 = CARTESIAN_POINT ( 'NONE',  ( 4.382261762047266807, 66.39391121968101572, 20.50000000000001066 ) ) ;
#1755 = CARTESIAN_POINT ( 'NONE',  ( 18.24666462328759309, 64.09209050417030085, -36.50330450566649887 ) ) ;
#1756 = EDGE_CURVE ( 'NONE', #495, #2590, #1757, .T. ) ;
#1757 =( BOUNDED_CURVE ( )  B_SPLINE_CURVE ( 3, ( #2595, #3095, #11, #1427 ),
 .UNSPECIFIED., .F., .F. ) 
 B_SPLINE_CURVE_WITH_KNOTS ( ( 4, 4 ),
 ( 4.712388980384689674, 5.368045383095340739 ),
 .UNSPECIFIED. ) 
 CURVE ( )  GEOMETRIC_REPRESENTATION_ITEM ( )  RATIONAL_B_SPLINE_CURVE ( ( 1.000000000000000000, 0.9644959120550185006, 0.9644959120550185006, 1.000000000000000000 ) ) 
 REPRESENTATION_ITEM ( '' )  );
#1758 = CARTESIAN_POINT ( 'NONE',  ( 25.08687398098795640, 58.00503951103174671, -32.73756028835307319 ) ) ;
#1759 = VERTEX_POINT ( 'NONE', #2156 ) ;
#1760 = CARTESIAN_POINT ( 'NONE',  ( -10.91712574147444315, 66.26974622846437057, -21.45586505657784215 ) ) ;
#1761 = CARTESIAN_POINT ( 'NONE',  ( 22.43766564665222418, 51.98854653086814892, -35.19503786390468747 ) ) ;
#1762 = ADVANCED_FACE ( 'NONE', ( #2425 ), #1959, .T. ) ;
#1763 = VERTEX_POINT ( 'NONE', #2874 ) ;
#1764 = CARTESIAN_POINT ( 'NONE',  ( 31.84345327088698241, 30.54322107988405577, -20.55806036134799797 ) ) ;
#1765 = CARTESIAN_POINT ( 'NONE',  ( -31.51850831584778589, 38.51809023814507782, -21.74651642000413432 ) ) ;
#1766 = CARTESIAN_POINT ( 'NONE',  ( 12.68454720159944848, 65.95999786761881012, -20.03342240346055192 ) ) ;
#1767 = ORIENTED_EDGE ( 'NONE', *, *, #131, .F. ) ;
#1768 = DIRECTION ( 'NONE',  ( 0.000000000000000000, -1.000000000000000000, -1.565164038475314677E-16 ) ) ;
#1769 = CARTESIAN_POINT ( 'NONE',  ( 30.28895809454900245, 52.13610246943960647, -24.60903805205607853 ) ) ;
#1770 = CARTESIAN_POINT ( 'NONE',  ( 7.152777777777776791, 67.82074063472944658, -22.46090691609706624 ) ) ;
#1771 = CARTESIAN_POINT ( 'NONE',  ( -22.32398643183232423, 52.15259685036754433, -35.29192085090058129 ) ) ;
#1772 = EDGE_CURVE ( 'NONE', #101, #2101, #868, .T. ) ;
#1773 = CARTESIAN_POINT ( 'NONE',  ( 32.04401946514153110, -51.93141928692206477, -19.63251397991057345 ) ) ;
#1774 = DIRECTION ( 'NONE',  ( 0.000000000000000000, 0.000000000000000000, 1.000000000000000000 ) ) ;
#1775 = DIRECTION ( 'NONE',  ( -0.000000000000000000, 0.9396926207859127578, -0.3420201433256568890 ) ) ;
#1776 = EDGE_LOOP ( 'NONE', ( #1924, #2964, #182, #2502 ) ) ;
#1777 = MANIFOLD_SOLID_BREP ( 'Chamfer1', #712 ) ;
#1778 = CARTESIAN_POINT ( 'NONE',  ( 31.95306527105938699, 32.65403624278830819, -20.00909990260849369 ) ) ;
#1779 = ORIENTED_EDGE ( 'NONE', *, *, #199, .T. ) ;
#1780 = CARTESIAN_POINT ( 'NONE',  ( -7.152777777777776791, 67.82074063472944658, -22.46090691609706624 ) ) ;
#1781 = CARTESIAN_POINT ( 'NONE',  ( 15.93439268494642747, 65.05453143225335566, -14.83741876755810374 ) ) ;
#1782 = PRODUCT_DEFINITION_SHAPE ( 'NONE', 'NONE',  #2365 ) ;
#1783 = ORIENTED_EDGE ( 'NONE', *, *, #2187, .F. ) ;
#1784 = AXIS2_PLACEMENT_3D ( 'NONE', #14, #418, #1414 ) ;
#1785 = CARTESIAN_POINT ( 'NONE',  ( -0.6284952539981869535, 66.29420316860083062, 20.50000000000001066 ) ) ;
#1786 = DIRECTION ( 'NONE',  ( 0.000000000000000000, 0.000000000000000000, 1.000000000000000000 ) ) ;
#1787 = CIRCLE ( 'NONE', #2442, 10.00000000000000178 ) ;
#1788 = CARTESIAN_POINT ( 'NONE',  ( 17.61993328346711252, 64.89508658255768125, 10.53475531243208607 ) ) ;
#1789 = CARTESIAN_POINT ( 'NONE',  ( 32.50000000000000000, -47.50000000000000000, -10.00000000000000711 ) ) ;
#1790 = CARTESIAN_POINT ( 'NONE',  ( -7.393586791903875799, 65.52117749839651140, 20.50000000000001066 ) ) ;
#1791 = B_SPLINE_CURVE_WITH_KNOTS ( 'NONE', 3,
 ( #314, #2468, #1992, #37, #2233, #1488, #1755, #1264, #784, #2714, #81, #799, #569, #1047 ),
 .UNSPECIFIED., .F., .F.,
 ( 4, 2, 2, 2, 2, 2, 4 ),
 ( 0.000000000000000000, 0.006446224987424000602, 0.009669337481136000903, 0.01289244997484800120, 0.01611556246856000324, 0.01933867496227200181, 0.02578489994969601282 ),
 .UNSPECIFIED. ) ;
#1792 = CARTESIAN_POINT ( 'NONE',  ( -27.31619758759332584, 55.54701961682562938, -30.04879778794234113 ) ) ;
#1793 = EDGE_LOOP ( 'NONE', ( #1940, #2640, #2071, #1283 ) ) ;
#1794 = CARTESIAN_POINT ( 'NONE',  ( -7.152777777777778567, 67.17925936527056763, 18.88884222155730797 ) ) ;
#1795 = ORIENTED_EDGE ( 'NONE', *, *, #2566, .F. ) ;
#1796 = CARTESIAN_POINT ( 'NONE',  ( 30.45796800415906702, 38.94219850721344756, -22.72850364158368563 ) ) ;
#1797 = FACE_OUTER_BOUND ( 'NONE', #1628, .T. ) ;
#1798 = CARTESIAN_POINT ( 'NONE',  ( 17.82814321588644546, 65.14490657482241431, -11.95914806251284901 ) ) ;
#1799 = ORIENTED_EDGE ( 'NONE', *, *, #2245, .T. ) ;
#1800 = CARTESIAN_POINT ( 'NONE',  ( 0.000000000000000000, 95.99836311082060547, -12.15858824491814438 ) ) ;
#1801 = AXIS2_PLACEMENT_3D ( 'NONE', #2412, #259, #2178 ) ;
#1802 = DIRECTION ( 'NONE',  ( 0.000000000000000000, 0.3420201433256567780, 0.9396926207859127578 ) ) ;
#1803 = CARTESIAN_POINT ( 'NONE',  ( 19.31918884523168956, 64.04108982842592468, 7.170777329693014401 ) ) ;
#1804 = CARTESIAN_POINT ( 'NONE',  ( 0.000000000000000000, 98.81744097317836406, -13.18464867489512038 ) ) ;
#1805 = CARTESIAN_POINT ( 'NONE',  ( 13.50000000000000000, 47.50000000000000000, 153.1084461865080470 ) ) ;
#1806 = PRODUCT_RELATED_PRODUCT_CATEGORY ( 'part', '', ( #2535 ) ) ;
#1807 = CARTESIAN_POINT ( 'NONE',  ( -0.6428261111724509203, 66.59234822045880264, 20.45571392701389257 ) ) ;
#1808 = VERTEX_POINT ( 'NONE', #1208 ) ;
#1809 = FACE_OUTER_BOUND ( 'NONE', #2147, .T. ) ;
#1810 = VERTEX_POINT ( 'NONE', #2719 ) ;
#1811 = CARTESIAN_POINT ( 'NONE',  ( 5.045785946722926241, 67.16839848467829199, 19.58893232439664089 ) ) ;
#1812 = CIRCLE ( 'NONE', #1661, 0.9999999999999945599 ) ;
#1813 = DIRECTION ( 'NONE',  ( 0.000000000000000000, 0.3420201433256566670, 0.9396926207859127578 ) ) ;
#1814 = EDGE_LOOP ( 'NONE', ( #1296, #1611, #1054, #1361, #2686, #1135 ) ) ;
#1815 = DIRECTION ( 'NONE',  ( 0.000000000000000000, 0.000000000000000000, 1.000000000000000000 ) ) ;
#1816 = CARTESIAN_POINT ( 'NONE',  ( -7.500000000000000000, 41.50000000000000000, 20.50000000000000711 ) ) ;
#1817 = CARTESIAN_POINT ( 'NONE',  ( -12.27196230080402017, 67.21843436762462431, -19.29951605649468505 ) ) ;
#1818 = DIRECTION ( 'NONE',  ( 1.000000000000000000, 0.000000000000000000, 0.000000000000000000 ) ) ;
#1819 = EDGE_CURVE ( 'NONE', #2397, #53, #2486, .T. ) ;
#1820 = B_SPLINE_CURVE_WITH_KNOTS ( 'NONE', 3,
 ( #2992, #813, #2524, #2272, #873, #1836, #584, #613, #1534, #2976, #827, #1788, #844, #599, #1549, #1803, #1562, #378, #1325, #141, #1089, #891, #2387, #2572, #2324, #2602, #1186, #723, #2849, #1626, #1678, #707, #2866, #1609, #1419, #1880, #2339, #234, #2817, #185, #170, #422, #2834, #919 ),
 .UNSPECIFIED., .F., .F.,
 ( 4, 2, 2, 2, 2, 2, 2, 2, 2, 2, 2, 2, 2, 2, 2, 2, 2, 2, 2, 2, 2, 4 ),
 ( 0.000000000000000000, 0.003305804830409918640, 0.006611609660819837281, 0.008264512076024790529, 0.009917414491229743778, 0.01322321932163965548, 0.01487612173684462087, 0.01652902415204958453, 0.01983482898245950143, 0.02148773139766445295, 0.02314063381286940793, 0.02644643864327931790, 0.02809934105848427288, 0.02975224347368923133, 0.03305804830409914824, 0.03636385313450906515, 0.03966965796491898205, 0.04297546279532890590, 0.04628126762573882280, 0.04793417004094378125, 0.04958707245614873971, 0.05289287728655864274 ),
 .UNSPECIFIED. ) ;
#1821 = CARTESIAN_POINT ( 'NONE',  ( 23.44128199384268640, 48.70873599175790503, -30.64313772013860060 ) ) ;
#1822 = CARTESIAN_POINT ( 'NONE',  ( -7.500000000000000000, 67.50000000000000000, -23.34213456751775695 ) ) ;
#1823 = CARTESIAN_POINT ( 'NONE',  ( -3.581958246107970201, 67.09311243421674931, 19.95382800886125807 ) ) ;
#1824 = VERTEX_POINT ( 'NONE', #2455 ) ;
#1825 = CARTESIAN_POINT ( 'NONE',  ( 32.50000000000000000, -47.50000000000000000, 9.999999999999996447 ) ) ;
#1826 = ADVANCED_FACE ( 'NONE', ( #1282, #288 ), #1522, .T. ) ;
#1827 = CARTESIAN_POINT ( 'NONE',  ( -31.50000000000000000, -46.00000000000000000, 20.49999999999999645 ) ) ;
#1828 = CARTESIAN_POINT ( 'NONE',  ( 5.759129294675410904, 67.17139061055554805, 19.39606051277832677 ) ) ;
#1829 = SHAPE_DEFINITION_REPRESENTATION ( #1782, #2617 ) ;
#1830 = ORIENTED_EDGE ( 'NONE', *, *, #1748, .F. ) ;
#1831 = VECTOR ( 'NONE', #1065, 1000.000000000000000 ) ;
#1832 = CARTESIAN_POINT ( 'NONE',  ( -30.15901255742262066, 40.68828422561406910, -23.60673493460667771 ) ) ;
#1833 = DIRECTION ( 'NONE',  ( -0.2307553391434624956, 0.000000000000000000, 0.9730118054046340559 ) ) ;
#1834 = VECTOR ( 'NONE', #370, 1000.000000000000000 ) ;
#1835 = CARTESIAN_POINT ( 'NONE',  ( -19.12320496691801353, 63.63867047643534391, 9.059480373608204573 ) ) ;
#1836 = CARTESIAN_POINT ( 'NONE',  ( 13.32520844369665802, 66.42496313189306534, 15.33384264077005099 ) ) ;
#1837 = FACE_OUTER_BOUND ( 'NONE', #2124, .T. ) ;
#1838 = CARTESIAN_POINT ( 'NONE',  ( -22.63420189325670151, 51.57295088744584177, -34.91313304176465948 ) ) ;
#1839 = EDGE_LOOP ( 'NONE', ( #2318, #552, #2858, #1970 ) ) ;
#1840 = CARTESIAN_POINT ( 'NONE',  ( 22.92119210819235775, 50.85747187102997202, -34.14880011114137659 ) ) ;
#1841 = VERTEX_POINT ( 'NONE', #2014 ) ;
#1842 = CARTESIAN_POINT ( 'NONE',  ( 0.000000000000000000, 98.81744097317836406, -13.18464867489511860 ) ) ;
#1843 = CARTESIAN_POINT ( 'NONE',  ( 31.50000000000000000, -58.68891230950211479, -14.80680601621314807 ) ) ;
#1844 = EDGE_LOOP ( 'NONE', ( #2891, #888, #2432, #46 ) ) ;
#1845 = B_SPLINE_CURVE_WITH_KNOTS ( 'NONE', 3,
 ( #1276, #2565, #2096, #2244, #92, #1084, #2048, #3000, #509, #1651, #910, #494, #1412, #240 ),
 .UNSPECIFIED., .F., .F.,
 ( 4, 2, 2, 2, 2, 2, 4 ),
 ( 8.673617379884035472E-19, 0.006446224987424010143, 0.009669337481136016516, 0.01289244997484801508, 0.01611556246856001712, 0.01933867496227202956, 0.02578489994969603016 ),
 .UNSPECIFIED. ) ;
#1846 = CARTESIAN_POINT ( 'NONE',  ( 13.31050204892723876, 65.82260329058911452, 15.56606838107515856 ) ) ;
#1847 = CARTESIAN_POINT ( 'NONE',  ( -32.29739232762792511, -53.83450900264870853, -17.99371071414592294 ) ) ;
#1848 = EDGE_LOOP ( 'NONE', ( #1164, #2485, #524, #2904, #179 ) ) ;
#1849 = CARTESIAN_POINT ( 'NONE',  ( -8.548445358051596443, 66.50000000000000000, -22.91250067084204289 ) ) ;
#1850 = DIRECTION ( 'NONE',  ( 0.9956293025224866033, 0.09339321152303951823, -3.634276966740820000E-16 ) ) ;
#1851 = CARTESIAN_POINT ( 'NONE',  ( 19.11244143568342579, 63.64420642170983911, 9.080455624769081524 ) ) ;
#1852 = ORIENTED_EDGE ( 'NONE', *, *, #1663, .T. ) ;
#1853 = DIRECTION ( 'NONE',  ( 0.000000000000000000, 0.9396926207859127578, -0.3420201433256568890 ) ) ;
#1854 = EDGE_CURVE ( 'NONE', #1168, #53, #2798, .T. ) ;
#1855 = CARTESIAN_POINT ( 'NONE',  ( -13.04504410687156657, 64.05312139650597203, -40.95285138451873053 ) ) ;
#1856 = CARTESIAN_POINT ( 'NONE',  ( -31.10793705982672108, 41.14845917446538692, -23.04734206030494192 ) ) ;
#1857 = CARTESIAN_POINT ( 'NONE',  ( 29.81723320788594123, 44.34605937648228746, -26.09120506241999138 ) ) ;
#1858 = CARTESIAN_POINT ( 'NONE',  ( 31.50000000000000000, -46.00000000000000000, 6.884683795282953156E-15 ) ) ;
#1859 = ORIENTED_EDGE ( 'NONE', *, *, #2977, .F. ) ;
#1860 = CIRCLE ( 'NONE', #1156, 1.000000000000001554 ) ;
#1861 = CARTESIAN_POINT ( 'NONE',  ( 7.152777777777778567, 67.17925936527056763, 18.88884222155730797 ) ) ;
#1862 = DIRECTION ( 'NONE',  ( 0.9303824909503246587, 0.000000000000000000, -0.3665902624635157814 ) ) ;
#1863 = VERTEX_POINT ( 'NONE', #100 ) ;
#1864 = CARTESIAN_POINT ( 'NONE',  ( -8.556737715496273822, 66.50000000000007105, -22.90910261489959510 ) ) ;
#1865 = CARTESIAN_POINT ( 'NONE',  ( 32.01734456893659342, -46.00000000000000000, -19.69554974932445646 ) ) ;
#1866 = CARTESIAN_POINT ( 'NONE',  ( 9.012951013868139682, 64.53999999929374098, -42.31838989747434709 ) ) ;
#1867 = EDGE_CURVE ( 'NONE', #2567, #90, #77, .T. ) ;
#1868 = CARTESIAN_POINT ( 'NONE',  ( 16.63741459252089072, 64.77829452430631818, -15.35108176659719526 ) ) ;
#1869 = CARTESIAN_POINT ( 'NONE',  ( -27.67085404596734577, 56.28090095367146262, -29.58770696988462134 ) ) ;
#1870 = AXIS2_PLACEMENT_3D ( 'NONE', #2450, #1726, #2201 ) ;
#1871 = CARTESIAN_POINT ( 'NONE',  ( -28.19002771776805005, 47.40412583295164239, -28.95488376123625684 ) ) ;
#1872 = CARTESIAN_POINT ( 'NONE',  ( 30.36680172750578066, 42.80108901668992161, -24.93246610311153688 ) ) ;
#1873 = CARTESIAN_POINT ( 'NONE',  ( -7.446793395951939232, 66.51058874919824859, 19.63503493648900289 ) ) ;
#1874 = ORIENTED_EDGE ( 'NONE', *, *, #231, .F. ) ;
#1875 = CARTESIAN_POINT ( 'NONE',  ( 9.546351484205183979, 66.43487847095737209, 18.85110210591694013 ) ) ;
#1876 = CARTESIAN_POINT ( 'NONE',  ( -32.50000000000000000, -57.80426705247458585, -15.59650381830431698 ) ) ;
#1877 = ORIENTED_EDGE ( 'NONE', *, *, #1430, .F. ) ;
#1878 = CARTESIAN_POINT ( 'NONE',  ( 31.50000000000000000, -59.33962576127145638, -15.56612940165997649 ) ) ;
#1879 = CARTESIAN_POINT ( 'NONE',  ( -20.43383647186654528, 62.89485214372128752, -6.039742309993086700 ) ) ;
#1880 = CARTESIAN_POINT ( 'NONE',  ( 14.23210439016346207, 66.67697570665659157, -17.37017163813215603 ) ) ;
#1881 = CARTESIAN_POINT ( 'NONE',  ( 9.168198997980626430, 66.46570855314094217, 19.04310777657411791 ) ) ;
#1882 = EDGE_CURVE ( 'NONE', #864, #1759, #1364, .T. ) ;
#1883 = CARTESIAN_POINT ( 'NONE',  ( -2.553173308081753135, 66.50000000000000000, -24.77227223274947576 ) ) ;
#1884 = CARTESIAN_POINT ( 'NONE',  ( -27.31619758759332939, 56.74199177172919661, -28.85382563303877390 ) ) ;
#1885 = LINE ( 'NONE', #162, #1456 ) ;
#1886 = DIRECTION ( 'NONE',  ( 0.000000000000000000, -0.3420201433256569445, -0.9396926207859127578 ) ) ;
#1887 = AXIS2_PLACEMENT_3D ( 'NONE', #2626, #2598, #1354 ) ;
#1888 = CARTESIAN_POINT ( 'NONE',  ( -22.35877598295109792, 52.13919045566021282, -35.26229911784856341 ) ) ;
#1889 = ORIENTED_EDGE ( 'NONE', *, *, #3098, .T. ) ;
#1890 = CARTESIAN_POINT ( 'NONE',  ( 11.46696029672097872, 66.20220526112115067, 17.73796192897541601 ) ) ;
#1891 = EDGE_CURVE ( 'NONE', #1226, #1384, #3090, .T. ) ;
#1892 = CARTESIAN_POINT ( 'NONE',  ( -32.15410474251626738, -53.63255981702354802, -19.03598265994471461 ) ) ;
#1893 = EDGE_LOOP ( 'NONE', ( #2477, #2623, #1589, #2556, #2493 ) ) ;
#1894 = CARTESIAN_POINT ( 'NONE',  ( -3.663229476420764907, 66.71406945409744083, 20.19447199628223544 ) ) ;
#1895 = CARTESIAN_POINT ( 'NONE',  ( -17.73044828242992921, 64.31262747348404218, -13.44871826667348991 ) ) ;
#1896 = CARTESIAN_POINT ( 'NONE',  ( 7.905414247643814285, 66.49776177384978837, 19.54625220343775283 ) ) ;
#1897 = EDGE_CURVE ( 'NONE', #1372, #2553, #2032, .T. ) ;
#1898 = CARTESIAN_POINT ( 'NONE',  ( 13.04504410687433236, 64.05312139650597203, -40.95285138451750129 ) ) ;
#1899 = EDGE_CURVE ( 'NONE', #2457, #2998, #1478, .T. ) ;
#1900 = ADVANCED_FACE ( 'NONE', ( #1001 ), #2688, .T. ) ;
#1901 = CARTESIAN_POINT ( 'NONE',  ( -5.105320575252961568, 66.50000000000000000, -24.28568860831680709 ) ) ;
#1902 = DIRECTION ( 'NONE',  ( 0.000000000000000000, 0.3420201433256570556, 0.9396926207859127578 ) ) ;
#1903 = DIRECTION ( 'NONE',  ( 0.000000000000000000, 1.000000000000000000, -0.000000000000000000 ) ) ;
#1904 = DIRECTION ( 'NONE',  ( 0.000000000000000000, 0.3420201433256566670, 0.9396926207859127578 ) ) ;
#1905 = CARTESIAN_POINT ( 'NONE',  ( -5.935993805854356431, 66.58266327347706692, 19.89613596897941861 ) ) ;
#1906 = VERTEX_POINT ( 'NONE', #318 ) ;
#1907 = CARTESIAN_POINT ( 'NONE',  ( -4.293285343410965460, 65.90342215858807151, 20.50000000000001066 ) ) ;
#1908 = CARTESIAN_POINT ( 'NONE',  ( 14.92826474046808194, 65.37464286630016375, 14.95630226720846068 ) ) ;
#1909 = CARTESIAN_POINT ( 'NONE',  ( -31.18655291591440104, -51.95809010893950841, -19.65288085723140199 ) ) ;
#1910 = ORIENTED_EDGE ( 'NONE', *, *, #2706, .T. ) ;
#1911 = CARTESIAN_POINT ( 'NONE',  ( -1.412499583918640944, 66.61627116777192725, 20.43346134368958644 ) ) ;
#1912 = CARTESIAN_POINT ( 'NONE',  ( -20.51789540322647198, 63.43500364865077756, -2.543050238761006998 ) ) ;
#1913 = CARTESIAN_POINT ( 'NONE',  ( 25.49836723375330294, 49.24666521631985461, -31.33842641957438602 ) ) ;
#1914 = EDGE_CURVE ( 'NONE', #632, #2238, #545, .T. ) ;
#1915 = CARTESIAN_POINT ( 'NONE',  ( -21.44421058506250333, 62.28447863180082322, -36.04023425197742370 ) ) ;
#1916 = CARTESIAN_POINT ( 'NONE',  ( -3.561601166302542421, 65.99225628573528013, 20.50000000000001066 ) ) ;
#1917 = CARTESIAN_POINT ( 'NONE',  ( -32.50000000000000000, -47.50000000000000000, -10.00000000000000711 ) ) ;
#1918 = CARTESIAN_POINT ( 'NONE',  ( 1.395297750746934407, 66.68936957307225555, 20.39538227249632740 ) ) ;
#1919 = CARTESIAN_POINT ( 'NONE',  ( 1.362453111969512465, 66.22535557517602456, 20.50000000000001066 ) ) ;
#1920 = ADVANCED_FACE ( 'NONE', ( #2561 ), #130, .T. ) ;
#1921 = ORIENTED_EDGE ( 'NONE', *, *, #550, .T. ) ;
#1922 = DIRECTION ( 'NONE',  ( -1.000000000000000000, 0.000000000000000000, -0.000000000000000000 ) ) ;
#1923 = CARTESIAN_POINT ( 'NONE',  ( 18.30321403734748387, 64.04721160056938345, 10.59800034785277667 ) ) ;
#1924 = ORIENTED_EDGE ( 'NONE', *, *, #183, .F. ) ;
#1925 = CARTESIAN_POINT ( 'NONE',  ( -7.500000000000000000, 41.50000000000000000, 19.50000000000000711 ) ) ;
#1926 = CARTESIAN_POINT ( 'NONE',  ( -20.20693416186707481, 63.53889703830891023, 4.068550556955334407 ) ) ;
#1927 = CARTESIAN_POINT ( 'NONE',  ( -6.462797824305347660, 67.17501780004506884, 19.16225263334786177 ) ) ;
#1928 = CARTESIAN_POINT ( 'NONE',  ( 20.17317107169526835, 61.46884128974630812, -36.99592495145022752 ) ) ;
#1929 = AXIS2_PLACEMENT_3D ( 'NONE', #3016, #384, #2278 ) ;
#1930 = CARTESIAN_POINT ( 'NONE',  ( -32.50000000000000000, -57.81382659270080637, -15.58797028787415151 ) ) ;
#1931 = DIRECTION ( 'NONE',  ( 1.000000000000000000, -0.000000000000000000, -0.000000000000000000 ) ) ;
#1932 = LINE ( 'NONE', #1295, #2113 ) ;
#1933 = CIRCLE ( 'NONE', #1274, 20.50000000000001066 ) ;
#1934 = FACE_BOUND ( 'NONE', #1462, .T. ) ;
#1935 = SURFACE_STYLE_USAGE ( .BOTH. , #971 ) ;
#1936 = VERTEX_POINT ( 'NONE', #1599 ) ;
#1937 = CARTESIAN_POINT ( 'NONE',  ( -12.04126271644224566, 66.71677456208975343, 16.29586015613641337 ) ) ;
#1938 = CARTESIAN_POINT ( 'NONE',  ( 5.156301726285397180, 66.64447101595899881, 20.00000000000001776 ) ) ;
#1939 = CARTESIAN_POINT ( 'NONE',  ( 20.06166825263681019, 63.62129948205190288, 4.638052756904458285 ) ) ;
#1940 = ORIENTED_EDGE ( 'NONE', *, *, #345, .T. ) ;
#1941 = CARTESIAN_POINT ( 'NONE',  ( -16.18822659259965491, 65.93301024018403211, -14.81200518066294691 ) ) ;
#1942 = CARTESIAN_POINT ( 'NONE',  ( -8.188277511418245780, 67.18562496929413896, 18.47851666502582901 ) ) ;
#1943 = CARTESIAN_POINT ( 'NONE',  ( 22.92089022261759368, 61.21196254255131919, -34.79800681184804745 ) ) ;
#1944 = B_SPLINE_CURVE_WITH_KNOTS ( 'NONE', 3,
 ( #1169, #3085, #1894, #2310, #198, #1153 ),
 .UNSPECIFIED., .F., .F.,
 ( 4, 2, 4 ),
 ( 0.000000000000000000, 0.002260055683061096797, 0.004520111366122193594 ),
 .UNSPECIFIED. ) ;
#1945 = CARTESIAN_POINT ( 'NONE',  ( -22.44476309219401600, 60.06727777402887369, -35.20632782786365311 ) ) ;
#1946 = DIRECTION ( 'NONE',  ( 1.000000000000000000, 0.000000000000000000, 0.000000000000000000 ) ) ;
#1947 = CARTESIAN_POINT ( 'NONE',  ( -22.97777718403694891, 50.68931648629429532, -33.83021839698218969 ) ) ;
#1948 = CARTESIAN_POINT ( 'NONE',  ( -7.870381665063715282, 65.49832891088313147, 20.50000000000001066 ) ) ;
#1949 = CARTESIAN_POINT ( 'NONE',  ( -23.49999999999999289, -47.50000000000000000, -5.817072295949958192E-15 ) ) ;
#1950 = AXIS2_PLACEMENT_3D ( 'NONE', #2240, #134, #852 ) ;
#1951 = ORIENTED_EDGE ( 'NONE', *, *, #1914, .T. ) ;
#1952 = CARTESIAN_POINT ( 'NONE',  ( -14.21879009684074013, 66.68108520535207617, -17.38434521166649205 ) ) ;
#1953 = CARTESIAN_POINT ( 'NONE',  ( 25.92666269047123606, 50.40424610738235600, -31.85533977330805300 ) ) ;
#1954 = CARTESIAN_POINT ( 'NONE',  ( 20.36979954616468902, 63.44715346254852051, 3.006916672058982609 ) ) ;
#1955 = VERTEX_POINT ( 'NONE', #2262 ) ;
#1956 = CARTESIAN_POINT ( 'NONE',  ( 7.440463414232916683, 66.39287864079685164, 20.50000000000001066 ) ) ;
#1957 = CARTESIAN_POINT ( 'NONE',  ( -7.500000000000005329, 66.50000000000000000, 19.77006987297799512 ) ) ;
#1958 = CARTESIAN_POINT ( 'NONE',  ( 25.52941374531728158, 58.91576027916639191, -32.26399764687048588 ) ) ;
#1959 =( BOUNDED_SURFACE ( )  B_SPLINE_SURFACE ( 3, 2, ( 
 ( #2638, #2654, #2890 ),
 ( #1905, #1461, #1635 ),
 ( #272, #2363, #1225 ),
 ( #1873, #2408, #223 ) ),
 .UNSPECIFIED., .F., .F., .F. ) 
 B_SPLINE_SURFACE_WITH_KNOTS ( ( 4, 4 ),
 ( 3, 3 ),
 ( 0.000000000000000000, 0.002386777709904355869 ),
 ( 0.000000000000000000, 1.000000000000000000 ),
 .UNSPECIFIED. ) 
 GEOMETRIC_REPRESENTATION_ITEM ( )  RATIONAL_B_SPLINE_SURFACE ( (
 ( 1.000000000000000000, 0.8660254037844398178, 1.000000000000000000),
 ( 1.000000000000000000, 0.8360068057526326424, 1.000000000000000000),
 ( 1.000000000000000000, 0.7989671469226858891, 1.000000000000000000),
 ( 1.000000000000000000, 0.7533375526578351966, 1.000000000000000000) ) ) 
 REPRESENTATION_ITEM ( '' )  SURFACE ( )  );
#1960 = CIRCLE ( 'NONE', #2366, 1.000000000000001554 ) ;
#1961 = CARTESIAN_POINT ( 'NONE',  ( -17.90042461575281152, 64.77054887741853406, 10.11939135318994865 ) ) ;
#1962 = LINE ( 'NONE', #2216, #3072 ) ;
#1963 = CARTESIAN_POINT ( 'NONE',  ( 2.522772406243548627E-15, 103.0439780633291349, 7.199079743271662224 ) ) ;
#1964 = CARTESIAN_POINT ( 'NONE',  ( 4.726704819326966955, 66.82613415711013261, 19.79998643843673634 ) ) ;
#1965 = DIRECTION ( 'NONE',  ( 0.000000000000000000, 0.000000000000000000, -1.000000000000000000 ) ) ;
#1966 = ORIENTED_EDGE ( 'NONE', *, *, #1028, .F. ) ;
#1967 = CARTESIAN_POINT ( 'NONE',  ( 0.2110223655924030606, 66.37715589671060457, 20.50000000000055422 ) ) ;
#1968 = CARTESIAN_POINT ( 'NONE',  ( 26.52354968408958413, 48.23995911662466085, -30.05684434333960198 ) ) ;
#1969 = CARTESIAN_POINT ( 'NONE',  ( 16.68023906018933644, 65.31262556359584437, 11.92823497088595097 ) ) ;
#1970 = ORIENTED_EDGE ( 'NONE', *, *, #20, .F. ) ;
#1971 = CARTESIAN_POINT ( 'NONE',  ( 6.597771477505910198, 65.56397328255020795, 20.50000000000001066 ) ) ;
#1972 = CARTESIAN_POINT ( 'NONE',  ( -9.187751981551985025, 67.12555308185643810, 18.00639659889710131 ) ) ;
#1973 = FACE_OUTER_BOUND ( 'NONE', #487, .T. ) ;
#1974 = CARTESIAN_POINT ( 'NONE',  ( 32.50000000000000000, -2.543391562522386505E-15, 19.50000000000000355 ) ) ;
#1975 = CARTESIAN_POINT ( 'NONE',  ( 23.08529893016146062, 59.60587322597380933, -34.64162515304263934 ) ) ;
#1976 = AXIS2_PLACEMENT_3D ( 'NONE', #604, #1568, #2294 ) ;
#1977 = EDGE_CURVE ( 'NONE', #1653, #2255, #1332, .T. ) ;
#1978 = ORIENTED_EDGE ( 'NONE', *, *, #231, .T. ) ;
#1979 = CARTESIAN_POINT ( 'NONE',  ( -7.906949810748000296, 66.49772279670577291, 19.54594199854139092 ) ) ;
#1980 = CIRCLE ( 'NONE', #2928, 1.000000000000000888 ) ;
#1981 = VERTEX_POINT ( 'NONE', #1612 ) ;
#1982 = CARTESIAN_POINT ( 'NONE',  ( -18.02045062126656916, 65.03715785251054626, -11.52334331325537065 ) ) ;
#1983 = DIRECTION ( 'NONE',  ( 0.000000000000000000, -1.000000000000000000, 0.000000000000000000 ) ) ;
#1984 = CARTESIAN_POINT ( 'NONE',  ( 18.40943600927942825, 64.00087900134474239, 9.342591512333189741 ) ) ;
#1985 =( BOUNDED_SURFACE ( )  B_SPLINE_SURFACE ( 3, 2, ( 
 ( #908, #680, #3030 ),
 ( #1632, #1871, #2330 ),
 ( #412, #2840, #1333 ),
 ( #697, #1649, #2094 ),
 ( #385, #882, #147 ),
 ( #1146, #2060, #635 ),
 ( #3017, #1586, #1601 ),
 ( #2578, #1365, #176 ),
 ( #2825, #896, #1856 ),
 ( #2593, #2346, #2110 ),
 ( #2621, #3093, #999 ),
 ( #2438, #1713, #768 ),
 ( #2636, #286, #1236 ),
 ( #1667, #492, #1223 ),
 ( #9, #1176, #1206 ),
 ( #1424, #987, #955 ),
 ( #2422, #2171, #1191 ),
 ( #2154, #476, #522 ),
 ( #742, #939, #1475 ),
 ( #2667, #1699, #2900 ) ),
 .UNSPECIFIED., .F., .F., .T. ) 
 B_SPLINE_SURFACE_WITH_KNOTS ( ( 4, 2, 2, 2, 2, 2, 2, 2, 2, 4 ),
 ( 3, 3 ),
 ( -1.734723475976807094E-18, 0.006022007429265448068, 0.007527509286581810302, 0.009033011143898173403, 0.01204401485853089787, 0.01354951671584726097, 0.01505501857316362407, 0.01806602228779635028, 0.02107702600242907648, 0.02408802971706179921 ),
 ( 0.000000000000000000, 1.000000000000000000 ),
 .UNSPECIFIED. ) 
 GEOMETRIC_REPRESENTATION_ITEM ( )  RATIONAL_B_SPLINE_SURFACE ( (
 ( 1.000000000000000000, 0.8296430323691522668, 1.000000000000000000),
 ( 1.000000000000000000, 0.8287213411792651030, 1.000000000000000000),
 ( 1.000000000000000000, 0.8249699471111980875, 1.000000000000000000),
 ( 1.000000000000000000, 0.8179629843146518642, 1.000000000000000000),
 ( 1.000000000000000000, 0.8164417174107756470, 1.000000000000000000),
 ( 1.000000000000000000, 0.8132497001151581806, 1.000000000000000000),
 ( 1.000000000000000000, 0.8115826743102192431, 1.000000000000000000),
 ( 1.000000000000000000, 0.8064530140022151405, 1.000000000000000000),
 ( 1.000000000000000000, 0.8028619923072842779, 1.000000000000000000),
 ( 1.000000000000000000, 0.7975507263057138863, 1.000000000000000000),
 ( 1.000000000000000000, 0.7957927881642449242, 1.000000000000000000),
 ( 1.000000000000000000, 0.7923567883698451331, 1.000000000000000000),
 ( 1.000000000000000000, 0.7906766022773323854, 1.000000000000000000),
 ( 1.000000000000000000, 0.7858960120008015027, 1.000000000000000000),
 ( 1.000000000000000000, 0.7830365247597492750, 1.000000000000000000),
 ( 1.000000000000000000, 0.7782872891710532759, 1.000000000000000000),
 ( 1.000000000000000000, 0.7763974732873925033, 1.000000000000000000),
 ( 1.000000000000000000, 0.7738286264080197485, 1.000000000000000000),
 ( 1.000000000000000000, 0.7731541573205770179, 1.000000000000000000),
 ( 1.000000000000000000, 0.7731590228809509524, 1.000000000000000000) ) ) 
 REPRESENTATION_ITEM ( '' )  SURFACE ( )  );
#1986 = VERTEX_POINT ( 'NONE', #2515 ) ;
#1987 = DIRECTION ( 'NONE',  ( 1.000000000000000000, -0.000000000000000000, -0.000000000000000000 ) ) ;
#1988 = ADVANCED_FACE ( 'NONE', ( #1809 ), #862, .T. ) ;
#1989 = DIRECTION ( 'NONE',  ( 0.000000000000000000, 0.3420201433256568890, 0.9396926207859126468 ) ) ;
#1990 = ADVANCED_FACE ( 'NONE', ( #1097, #2983 ), #2997, .T. ) ;
#1991 = CARTESIAN_POINT ( 'NONE',  ( -20.25204510954551651, 63.00373698212465001, 5.905751377364551580 ) ) ;
#1992 = CARTESIAN_POINT ( 'NONE',  ( 11.66982121428739383, 66.23156768127769567, -39.55966733959391490 ) ) ;
#1993 = EDGE_CURVE ( 'NONE', #122, #942, #425, .T. ) ;
#1994 = CARTESIAN_POINT ( 'NONE',  ( -25.08687398098797416, 58.00503951103173250, -32.73756028835306608 ) ) ;
#1995 = ADVANCED_FACE ( 'NONE', ( #849 ), #1079, .T. ) ;
#1996 = ORIENTED_EDGE ( 'NONE', *, *, #156, .F. ) ;
#1997 = CARTESIAN_POINT ( 'NONE',  ( -8.192673038930291085, 67.81434800723410206, -22.04883959357177048 ) ) ;
#1998 = CARTESIAN_POINT ( 'NONE',  ( 29.22159364294478223, 46.71070030081816782, -27.26505150961952850 ) ) ;
#1999 = ORIENTED_EDGE ( 'NONE', *, *, #1882, .T. ) ;
#2000 = CARTESIAN_POINT ( 'NONE',  ( 6.530022123179317184, 66.59437480007424881, 19.35023142315181488 ) ) ;
#2001 = CARTESIAN_POINT ( 'NONE',  ( 7.941527545639211816, 66.52105339217207813, -21.68756370216815910 ) ) ;
#2002 = ORIENTED_EDGE ( 'NONE', *, *, #345, .F. ) ;
#2003 = CIRCLE ( 'NONE', #2405, 25.00000000000000000 ) ;
#2004 = CARTESIAN_POINT ( 'NONE',  ( 8.134369789151532970, 66.49195020342772011, 19.50000000000001066 ) ) ;
#2005 = CARTESIAN_POINT ( 'NONE',  ( 30.44082938033605501, 51.79839599383398507, -25.10520201004713670 ) ) ;
#2006 = CARTESIAN_POINT ( 'NONE',  ( 1.362435787789757047, 66.22535720098099432, 20.50000000000001066 ) ) ;
#2007 = CARTESIAN_POINT ( 'NONE',  ( -7.446793395951938344, 66.51058874919824859, 19.63503493648900289 ) ) ;
#2008 = CARTESIAN_POINT ( 'NONE',  ( -18.43934785898519380, 63.99008468604895228, 9.337425337068189890 ) ) ;
#2009 = CARTESIAN_POINT ( 'NONE',  ( -7.500000000000000000, 66.50000000000000000, -23.34213456751775695 ) ) ;
#2010 = ADVANCED_FACE ( 'NONE', ( #1362 ), #1130, .F. ) ;
#2011 = CARTESIAN_POINT ( 'NONE',  ( 21.89046621039791773, 52.95994296397926604, -35.65668884557390328 ) ) ;
#2012 = VECTOR ( 'NONE', #969, 1000.000000000000000 ) ;
#2013 = EDGE_LOOP ( 'NONE', ( #2342, #1735, #996, #1003, #2792 ) ) ;
#2014 = CARTESIAN_POINT ( 'NONE',  ( -7.952280464721187769, 64.54000000000000625, -42.56993401125425436 ) ) ;
#2015 = EDGE_LOOP ( 'NONE', ( #1513, #1583, #931, #2610 ) ) ;
#2016 = FACE_OUTER_BOUND ( 'NONE', #66, .T. ) ;
#2017 = DIRECTION ( 'NONE',  ( 0.000000000000000000, -1.304303365396095441E-16, 1.000000000000000000 ) ) ;
#2018 = CARTESIAN_POINT ( 'NONE',  ( 11.94600919767760416, 66.11638338318397246, -19.15597855984645648 ) ) ;
#2019 = VERTEX_POINT ( 'NONE', #1554 ) ;
#2020 = LINE ( 'NONE', #751, #2772 ) ;
#2021 = AXIS2_PLACEMENT_3D ( 'NONE', #2039, #2053, #1833 ) ;
#2022 = CARTESIAN_POINT ( 'NONE',  ( -29.27400195512505121, 43.84807247341379366, -25.69816153073296761 ) ) ;
#2023 = CIRCLE ( 'NONE', #2521, 1.000000000000000888 ) ;
#2024 = DIRECTION ( 'NONE',  ( -1.000000000000000000, 0.000000000000000000, -0.000000000000000000 ) ) ;
#2025 = CARTESIAN_POINT ( 'NONE',  ( 0.000000000000000000, 80.02358855746011557, -6.344245808381980822 ) ) ;
#2026 = CARTESIAN_POINT ( 'NONE',  ( -19.53037672420323645, 63.41652831461444606, 8.054702133930993213 ) ) ;
#2027 = CYLINDRICAL_SURFACE ( 'NONE', #1383, 1.000000000000000888 ) ;
#2028 = FACE_OUTER_BOUND ( 'NONE', #1776, .T. ) ;
#2029 = CARTESIAN_POINT ( 'NONE',  ( 14.90035830545165751, 63.60790195150627113, -40.12968733267109656 ) ) ;
#2030 = ORIENTED_EDGE ( 'NONE', *, *, #757, .F. ) ;
#2031 = CARTESIAN_POINT ( 'NONE',  ( 0.000000000000000000, 80.02358855746011557, -6.344245808381980822 ) ) ;
#2032 = CIRCLE ( 'NONE', #1319, 10.00000000000000178 ) ;
#2033 = ORIENTED_EDGE ( 'NONE', *, *, #863, .T. ) ;
#2034 = CARTESIAN_POINT ( 'NONE',  ( 31.78778187807635547, 32.47998450534422687, -20.78685540865679471 ) ) ;
#2035 = CARTESIAN_POINT ( 'NONE',  ( -31.79835120937774562, 35.64632013403344502, -20.69359850054183880 ) ) ;
#2036 = CARTESIAN_POINT ( 'NONE',  ( -13.36210750375713374, 65.83502927633884383, -40.82541738177452117 ) ) ;
#2037 = ORIENTED_EDGE ( 'NONE', *, *, #136, .F. ) ;
#2038 = DIRECTION ( 'NONE',  ( 0.000000000000000000, 0.3420201433256570556, 0.9396926207859127578 ) ) ;
#2039 = CARTESIAN_POINT ( 'NONE',  ( 7.500000000000000000, 64.54000000000000625, -40.66283087266116780 ) ) ;
#2040 = AXIS2_PLACEMENT_3D ( 'NONE', #1401, #2161, #485 ) ;
#2041 = CARTESIAN_POINT ( 'NONE',  ( -24.26949629700430933, 51.40508034487438493, -33.63763050678717548 ) ) ;
#2042 = CARTESIAN_POINT ( 'NONE',  ( 32.17551383513931995, -51.67738814290208893, -18.82483750504647091 ) ) ;
#2043 = CARTESIAN_POINT ( 'NONE',  ( 1.505543009741373339, 66.37712407400216819, 20.48609797151656764 ) ) ;
#2044 = CARTESIAN_POINT ( 'NONE',  ( 7.500000000000000000, 67.50000000000000000, -23.34213456751775695 ) ) ;
#2045 = CARTESIAN_POINT ( 'NONE',  ( 22.84446256467802172, 51.07094563508946550, -34.43124601698803389 ) ) ;
#2046 = ORIENTED_EDGE ( 'NONE', *, *, #2429, .T. ) ;
#2047 = CARTESIAN_POINT ( 'NONE',  ( 31.65514069344166970, 34.86587054294012944, -21.29814807378642527 ) ) ;
#2048 = CARTESIAN_POINT ( 'NONE',  ( -18.24666462328761085, 64.09209050417031506, -36.50330450566649887 ) ) ;
#2049 = CARTESIAN_POINT ( 'NONE',  ( -2.447816226523425787, 67.84202014332564090, -23.83257961196355978 ) ) ;
#2050 = ADVANCED_FACE ( 'NONE', ( #2329 ), #634, .T. ) ;
#2051 = ORIENTED_EDGE ( 'NONE', *, *, #2213, .T. ) ;
#2052 = CARTESIAN_POINT ( 'NONE',  ( -30.61849433721317837, 37.62021535602873712, -22.18663166438928513 ) ) ;
#2053 = DIRECTION ( 'NONE',  ( -0.9730118054046341669, 0.000000000000000000, -0.2307553391434625234 ) ) ;
#2054 = CARTESIAN_POINT ( 'NONE',  ( -13.88369725730409598, 65.68550778429214176, -18.89223654802784225 ) ) ;
#2055 = ADVANCED_FACE ( 'NONE', ( #2059 ), #146, .F. ) ;
#2056 = DIRECTION ( 'NONE',  ( 0.3665902624635156148, 0.000000000000000000, 0.9303824909503245477 ) ) ;
#2057 = CARTESIAN_POINT ( 'NONE',  ( -7.446793395951938344, 66.51058874919824859, 19.63503493648900289 ) ) ;
#2058 = VERTEX_POINT ( 'NONE', #1825 ) ;
#2059 = FACE_OUTER_BOUND ( 'NONE', #1848, .T. ) ;
#2060 = CARTESIAN_POINT ( 'NONE',  ( -30.23768327563247027, 43.20741698548729914, -25.21933714426387851 ) ) ;
#2061 =( BOUNDED_SURFACE ( )  B_SPLINE_SURFACE ( 3, 2, ( 
 ( #1968, #44, #1259 ),
 ( #2223, #2921, #1953 ),
 ( #1690, #2906, #1704 ),
 ( #2159, #2860, #2877 ) ),
 .UNSPECIFIED., .F., .F., .F. ) 
 B_SPLINE_SURFACE_WITH_KNOTS ( ( 4, 4 ),
 ( 3, 3 ),
 ( 0.000000000000000000, 0.007692349188941518048 ),
 ( 0.000000000000000000, 1.000000000000000000 ),
 .UNSPECIFIED. ) 
 GEOMETRIC_REPRESENTATION_ITEM ( )  RATIONAL_B_SPLINE_SURFACE ( (
 ( 1.000000000000000000, 0.8296430323691508235, 1.000000000000000000),
 ( 1.000000000000000000, 0.8270263290455532879, 1.000000000000000000),
 ( 1.000000000000000000, 0.8211123082022500075, 1.000000000000000000),
 ( 1.000000000000000000, 0.8128429723717369715, 1.000000000000000000) ) ) 
 REPRESENTATION_ITEM ( '' )  SURFACE ( )  );
#2062 = CARTESIAN_POINT ( 'NONE',  ( 31.62039727640705777, 35.33873908124670749, -21.42581299325376776 ) ) ;
#2063 = AXIS2_PLACEMENT_3D ( 'NONE', #143, #815, #1774 ) ;
#2064 = ORIENTED_EDGE ( 'NONE', *, *, #1339, .F. ) ;
#2065 = CARTESIAN_POINT ( 'NONE',  ( -30.82998365396847973, 35.32274482628690038, -21.40695979251363923 ) ) ;
#2066 = CARTESIAN_POINT ( 'NONE',  ( 32.01734456893659342, -46.00000000000000000, -19.69554974932445646 ) ) ;
#2067 = CARTESIAN_POINT ( 'NONE',  ( -12.66873297417522615, 65.96337658226921974, -20.04777216014282004 ) ) ;
#2068 = CARTESIAN_POINT ( 'NONE',  ( -21.67620004112783860, 51.24596344886285948, -34.95201810546063115 ) ) ;
#2069 = CARTESIAN_POINT ( 'NONE',  ( 32.36216133911186432, -54.89662820666685406, -17.49748339613717718 ) ) ;
#2070 = CARTESIAN_POINT ( 'NONE',  ( 12.27497662506788245, 66.04372931588872575, -20.39404449970703581 ) ) ;
#2071 = ORIENTED_EDGE ( 'NONE', *, *, #2604, .T. ) ;
#2072 = CARTESIAN_POINT ( 'NONE',  ( 31.03665078617913409, -46.00000000000000000, -20.50000000000000711 ) ) ;
#2073 = VERTEX_POINT ( 'NONE', #399 ) ;
#2074 = B_SPLINE_CURVE_WITH_KNOTS ( 'NONE', 3,
 ( #2512, #381, #3012, #2043 ),
 .UNSPECIFIED., .F., .F.,
 ( 4, 4 ),
 ( -2.919901854857448340E-05, 0.0008559114334567710170 ),
 .UNSPECIFIED. ) ;
#2075 = CARTESIAN_POINT ( 'NONE',  ( 29.28493957050092789, 43.81867140572664709, -25.67547460656024683 ) ) ;
#2076 = DIRECTION ( 'NONE',  ( 0.000000000000000000, 0.6507134517693412556, 0.7593233854468262045 ) ) ;
#2077 =( NAMED_UNIT ( * ) PLANE_ANGLE_UNIT ( ) SI_UNIT ( $, .RADIAN. ) );
#2078 =( BOUNDED_SURFACE ( )  B_SPLINE_SURFACE ( 3, 2, ( 
 ( #2592, #1869, #2824 ),
 ( #2620, #679, #475 ),
 ( #1393, #238, #696 ),
 ( #1646, #2650, #549 ),
 ( #814, #334, #2421 ),
 ( #2946, #284, #2666 ) ),
 .UNSPECIFIED., .F., .F., .T. ) 
 B_SPLINE_SURFACE_WITH_KNOTS ( ( 4, 2, 4 ),
 ( 3, 3 ),
 ( 7.198325231263831725, 7.526153432619157257, 7.853981633974482790 ),
 ( 0.000000000000000000, 1.000000000000000000 ),
 .UNSPECIFIED. ) 
 GEOMETRIC_REPRESENTATION_ITEM ( )  RATIONAL_B_SPLINE_SURFACE ( (
 ( 1.000000000000000000, 0.9023000329515846740, 1.000000000000000000),
 ( 1.000000000000000000, 0.9316475777734398722, 1.000000000000000000),
 ( 1.000000000000000000, 0.9566309956696601446, 1.000000000000000000),
 ( 1.000000000000000000, 0.9908411873162046302, 1.000000000000000000),
 ( 1.000000000000000000, 1.000076506742027416, 1.000000000000000000),
 ( 1.000000000000000000, 1.000000000000000000, 1.000000000000000000) ) ) 
 REPRESENTATION_ITEM ( '' )  SURFACE ( )  );
#2079 = EDGE_LOOP ( 'NONE', ( #1493, #2091, #151, #257 ) ) ;
#2080 = AXIS2_PLACEMENT_3D ( 'NONE', #2031, #1853, #2576 ) ;
#2081 = CARTESIAN_POINT ( 'NONE',  ( 27.57401032909638872, 47.20843039852069012, -28.74366195908289257 ) ) ;
#2082 = CARTESIAN_POINT ( 'NONE',  ( -31.49999999858121669, -58.40960346449948304, -16.36312582051624887 ) ) ;
#2083 = ORIENTED_EDGE ( 'NONE', *, *, #228, .T. ) ;
#2084 = CIRCLE ( 'NONE', #2585, 20.60000000000000142 ) ;
#2085 = EDGE_CURVE ( 'NONE', #210, #420, #952, .T. ) ;
#2086 = CARTESIAN_POINT ( 'NONE',  ( -8.865071819434769296, 66.48770589058685232, -21.23909547246121576 ) ) ;
#2087 = DIRECTION ( 'NONE',  ( -0.5175556807433789874, -0.5285571548634727668, 0.6728769957227610510 ) ) ;
#2088 = CARTESIAN_POINT ( 'NONE',  ( 31.50000000000000711, -59.33962576127145638, -15.56612940165998005 ) ) ;
#2089 = CARTESIAN_POINT ( 'NONE',  ( 15.42156518841177970, 65.22383209140646443, 14.48721382204591457 ) ) ;
#2090 = EDGE_CURVE ( 'NONE', #116, #101, #2107, .T. ) ;
#2091 = ORIENTED_EDGE ( 'NONE', *, *, #2187, .T. ) ;
#2092 = CARTESIAN_POINT ( 'NONE',  ( 31.13721755039054528, -50.79950326457280596, -19.93945053037001713 ) ) ;
#2093 = CARTESIAN_POINT ( 'NONE',  ( 19.15537943226503259, 63.62241562590842392, -10.36629493408037916 ) ) ;
#2094 = CARTESIAN_POINT ( 'NONE',  ( -30.04153147884194297, 44.82150156350687098, -25.62381514333754851 ) ) ;
#2095 = LINE ( 'NONE', #413, #585 ) ;
#2096 = CARTESIAN_POINT ( 'NONE',  ( -11.66982121428739205, 66.23156768127768146, -39.55966733959390069 ) ) ;
#2097 = VERTEX_POINT ( 'NONE', #2007 ) ;
#2098 = B_SPLINE_CURVE_WITH_KNOTS ( 'NONE', 3,
 ( #2217, #65, #603, #2029, #1062, #351, #831, #1553, #2747, #1017, #1975, #1758, #1505, #570 ),
 .UNSPECIFIED., .F., .F.,
 ( 4, 2, 2, 2, 2, 2, 4 ),
 ( 0.000000000000000000, 0.006361753179714929943, 0.009542629769572397516, 0.01272350635942986509, 0.01590438294928733093, 0.01908525953914480197, 0.02544701271885971283 ),
 .UNSPECIFIED. ) ;
#2099 = CARTESIAN_POINT ( 'NONE',  ( -22.97777718403694891, 50.68931648629429532, -33.83021839698218969 ) ) ;
#2100 = CARTESIAN_POINT ( 'NONE',  ( -32.35807353051651347, -54.87555274659753479, -17.47948410297186683 ) ) ;
#2101 = VERTEX_POINT ( 'NONE', #1279 ) ;
#2102 = ADVANCED_FACE ( 'NONE', ( #2289 ), #1680, .T. ) ;
#2103 = CARTESIAN_POINT ( 'NONE',  ( -10.92910965146635505, 66.26809409942313778, -21.44735035790100142 ) ) ;
#2104 = CARTESIAN_POINT ( 'NONE',  ( -26.52354968408958769, 49.02635234483981463, -29.43911811707317483 ) ) ;
#2105 = CARTESIAN_POINT ( 'NONE',  ( 7.500000000000001776, 66.50000000000000000, -40.66283087266116780 ) ) ;
#2106 = ORIENTED_EDGE ( 'NONE', *, *, #663, .F. ) ;
#2107 = LINE ( 'NONE', #125, #2384 ) ;
#2108 = CARTESIAN_POINT ( 'NONE',  ( -16.33091483728513893, 64.92173243166514851, -39.40759351478182282 ) ) ;
#2109 = CARTESIAN_POINT ( 'NONE',  ( 0.6366187380128071061, 66.38080452400393483, 20.49620992478986281 ) ) ;
#2110 = CARTESIAN_POINT ( 'NONE',  ( -31.33697580433785745, 39.81147450251170739, -22.34728783981638145 ) ) ;
#2111 = CARTESIAN_POINT ( 'NONE',  ( -5.998085027994568996, 66.50952869401722012, 20.16721635806780455 ) ) ;
#2112 = VERTEX_POINT ( 'NONE', #2558 ) ;
#2113 = VECTOR ( 'NONE', #1775, 1000.000000000000000 ) ;
#2114 = CARTESIAN_POINT ( 'NONE',  ( 8.251867684295161709, 66.51094703854209911, 18.69356995620544737 ) ) ;
#2115 = DIRECTION ( 'NONE',  ( 0.000000000000000000, -1.000000000000000000, 0.000000000000000000 ) ) ;
#2116 = ORIENTED_EDGE ( 'NONE', *, *, #2451, .T. ) ;
#2117 = DIRECTION ( 'NONE',  ( 0.000000000000000000, -1.000000000000000000, 0.000000000000000000 ) ) ;
#2118 = CARTESIAN_POINT ( 'NONE',  ( -20.97491321490722882, 62.55779779967097909, -2.638920542869044539 ) ) ;
#2119 = CARTESIAN_POINT ( 'NONE',  ( 32.03953295321755945, -48.31127187161856540, -19.58773912726961086 ) ) ;
#2120 = CARTESIAN_POINT ( 'NONE',  ( 10.19013648687526619, 66.38497102374680026, -41.97905391733505809 ) ) ;
#2121 = CARTESIAN_POINT ( 'NONE',  ( -20.66429851883340163, 62.78767240694618579, -36.64198605798144825 ) ) ;
#2122 = CARTESIAN_POINT ( 'NONE',  ( -27.31619758759332228, 26.50000000000000355, -30.04879778794234113 ) ) ;
#2123 = CIRCLE ( 'NONE', #766, 0.9999999999999963363 ) ;
#2124 = EDGE_LOOP ( 'NONE', ( #2966, #1523, #2364, #293, #499, #389, #1446, #3076 ) ) ;
#2125 = CARTESIAN_POINT ( 'NONE',  ( 8.108994997585472930, 65.49227219529063859, 20.50000000000001066 ) ) ;
#2126 = ADVANCED_FACE ( 'NONE', ( #111 ), #776, .T. ) ;
#2127 = ORIENTED_EDGE ( 'NONE', *, *, #244, .T. ) ;
#2128 = EDGE_CURVE ( 'NONE', #1018, #818, #1072, .T. ) ;
#2129 = CARTESIAN_POINT ( 'NONE',  ( 14.91294811884765537, 65.38259223542300447, 14.11946717846048749 ) ) ;
#2130 = CARTESIAN_POINT ( 'NONE',  ( -31.88283352556602779, -48.41361310322558609, -20.39212675756192539 ) ) ;
#2131 = ORIENTED_EDGE ( 'NONE', *, *, #187, .F. ) ;
#2132 =( GEOMETRIC_REPRESENTATION_CONTEXT ( 3 ) GLOBAL_UNCERTAINTY_ASSIGNED_CONTEXT ( ( #1621 ) ) GLOBAL_UNIT_ASSIGNED_CONTEXT ( ( #1162, #478, #2950 ) ) REPRESENTATION_CONTEXT ( 'NONE', 'WORKASPACE' ) );
#2133 = EDGE_CURVE ( 'NONE', #2553, #90, #2258, .T. ) ;
#2134 = CARTESIAN_POINT ( 'NONE',  ( -2.181153580534782588, 66.66392225796371918, 20.36822228155767789 ) ) ;
#2135 = CARTESIAN_POINT ( 'NONE',  ( -20.02045390486181020, 63.13962795408499318, -7.707603379129020382 ) ) ;
#2136 = CARTESIAN_POINT ( 'NONE',  ( 5.290727012097873327, 67.50000000000000000, 20.50000000000001066 ) ) ;
#2137 = CARTESIAN_POINT ( 'NONE',  ( 8.585442433611699897, 66.50000000000000000, -40.42559360628440857 ) ) ;
#2138 = CARTESIAN_POINT ( 'NONE',  ( -27.67085404596735287, 56.28090095367148393, -29.58770696988461424 ) ) ;
#2139 = DIRECTION ( 'NONE',  ( -0.000000000000000000, 1.000000000000000000, -0.000000000000000000 ) ) ;
#2140 = CARTESIAN_POINT ( 'NONE',  ( 5.045785946722971538, 67.16839848467829199, 19.58893232439662668 ) ) ;
#2141 = DIRECTION ( 'NONE',  ( 1.000000000000000000, -0.000000000000000000, -0.000000000000000000 ) ) ;
#2142 = CARTESIAN_POINT ( 'NONE',  ( 4.293528603127414911, 65.90338393632147529, 20.50000000000001066 ) ) ;
#2143 = ORIENTED_EDGE ( 'NONE', *, *, #1257, .F. ) ;
#2144 = FACE_OUTER_BOUND ( 'NONE', #2348, .T. ) ;
#2145 = EDGE_CURVE ( 'NONE', #1429, #736, #1820, .T. ) ;
#2146 = CARTESIAN_POINT ( 'NONE',  ( -31.46472492975357937, -57.42369183225749651, -17.06468182974892045 ) ) ;
#2147 = EDGE_LOOP ( 'NONE', ( #188, #2599 ) ) ;
#2148 = CARTESIAN_POINT ( 'NONE',  ( -17.80295794907549123, 65.15370981202261191, -11.97314970239748533 ) ) ;
#2149 = CARTESIAN_POINT ( 'NONE',  ( 8.134369789151534746, 66.49195020342773432, 19.50000000000000711 ) ) ;
#2150 = CARTESIAN_POINT ( 'NONE',  ( 12.69197442454982294, 65.95838516179624378, -20.02660812949989477 ) ) ;
#2151 = EDGE_CURVE ( 'NONE', #2073, #1226, #730, .T. ) ;
#2152 = CARTESIAN_POINT ( 'NONE',  ( -32.38848554073510400, -55.40835697082479783, -17.18484897136530165 ) ) ;
#2153 = LINE ( 'NONE', #2122, #1485 ) ;
#2154 = CARTESIAN_POINT ( 'NONE',  ( -31.02490174338761264, 30.53844502477745593, -20.55777520377996836 ) ) ;
#2155 = CARTESIAN_POINT ( 'NONE',  ( 1.415150501767630020, 66.60504732820128027, 20.43923138697103425 ) ) ;
#2156 = CARTESIAN_POINT ( 'NONE',  ( 27.31619758759332228, 49.02635234483982174, -30.04879778794235889 ) ) ;
#2157 = VERTEX_POINT ( 'NONE', #3087 ) ;
#2158 = B_SPLINE_CURVE_WITH_KNOTS ( 'NONE', 3,
 ( #1442, #2406, #2376, #221, #253, #2140 ),
 .UNSPECIFIED., .F., .F.,
 ( 4, 2, 4 ),
 ( 0.0006481733099702158794, 0.002905221108188324550, 0.005162268906406433655 ),
 .UNSPECIFIED. ) ;
#2159 = CARTESIAN_POINT ( 'NONE',  ( 21.67620004112783505, 51.24596344886286658, -34.95201810546063825 ) ) ;
#2160 = LINE ( 'NONE', #448, #2883 ) ;
#2161 = DIRECTION ( 'NONE',  ( -0.000000000000000000, 1.304303365396095441E-16, -1.000000000000000000 ) ) ;
#2162 = EDGE_CURVE ( 'NONE', #818, #1018, #3079, .T. ) ;
#2163 = ORIENTED_EDGE ( 'NONE', *, *, #1331, .F. ) ;
#2164 = CARTESIAN_POINT ( 'NONE',  ( -4.680030889612177170, 67.16686431879480779, 19.68782417129156670 ) ) ;
#2165 = CARTESIAN_POINT ( 'NONE',  ( -20.39309146824430741, 63.43213820812823656, 2.992198349168874394 ) ) ;
#2166 = CARTESIAN_POINT ( 'NONE',  ( -7.449206784602671050, 66.50964537462328963, 19.64115996154943389 ) ) ;
#2167 =( BOUNDED_CURVE ( )  B_SPLINE_CURVE ( 3, ( #2864, #1, #470, #1417 ),
 .UNSPECIFIED., .F., .T. ) 
 B_SPLINE_CURVE_WITH_KNOTS ( ( 4, 4 ),
 ( 0.2474589057678359960, 0.3546074040269132088 ),
 .UNSPECIFIED. ) 
 CURVE ( )  GEOMETRIC_REPRESENTATION_ITEM ( )  RATIONAL_B_SPLINE_CURVE ( ( 1.000000000000000000, 0.9990434954228712972, 0.9990434954228712972, 1.000000000000000000 ) ) 
 REPRESENTATION_ITEM ( '' )  );
#2168 = DIRECTION ( 'NONE',  ( 1.000000000000000000, -0.000000000000000000, -0.000000000000000000 ) ) ;
#2169 = CARTESIAN_POINT ( 'NONE',  ( -17.68802160454783134, 62.65060210126352302, -38.63206046020943774 ) ) ;
#2170 = CARTESIAN_POINT ( 'NONE',  ( -5.156301726285442477, 66.64447101595899881, 20.00000000000001066 ) ) ;
#2171 = CARTESIAN_POINT ( 'NONE',  ( -31.78710968640801227, 32.49882176931956934, -20.78958700506835910 ) ) ;
#2172 = CARTESIAN_POINT ( 'NONE',  ( -12.96566005827162904, 65.89952157049609127, 16.65918103896781233 ) ) ;
#2173 = CIRCLE ( 'NONE', #1500, 25.00000000000000711 ) ;
#2174 = CARTESIAN_POINT ( 'NONE',  ( -13.50000000000000000, 57.50000000000000000, -40.74571522038405647 ) ) ;
#2175 = B_SPLINE_CURVE_WITH_KNOTS ( 'NONE', 3,
 ( #1291, #1322, #1341, #2522, #598, #110, #2768, #347, #153, #2754, #641, #2066 ),
 .UNSPECIFIED., .F., .F.,
 ( 4, 2, 2, 2, 2, 4 ),
 ( 0.000000000000000000, 0.003454028956554814137, 0.006908057913109628273, 0.008635072391387034474, 0.01036208686966444241, 0.01381611582621925308 ),
 .UNSPECIFIED. ) ;
#2176 = EDGE_LOOP ( 'NONE', ( #905, #105, #1113, #2575 ) ) ;
#2177 = CARTESIAN_POINT ( 'NONE',  ( -13.77641723116897943, 66.31744315748525764, 14.98530990946912667 ) ) ;
#2178 = DIRECTION ( 'NONE',  ( 0.2596311122293890605, 0.000000000000000000, -0.9657078676093151515 ) ) ;
#2179 = CARTESIAN_POINT ( 'NONE',  ( 20.62570187532458377, 63.32768534931334869, -0.2884090340205751057 ) ) ;
#2180 = ORIENTED_EDGE ( 'NONE', *, *, #2699, .T. ) ;
#2181 = CARTESIAN_POINT ( 'NONE',  ( -20.58293454191131033, 63.33981924044228151, 0.7795921648059498388 ) ) ;
#2182 = CARTESIAN_POINT ( 'NONE',  ( -5.759129294675178201, 67.17139061055651439, 19.39606051277803189 ) ) ;
#2183 = FACE_OUTER_BOUND ( 'NONE', #638, .T. ) ;
#2184 = EDGE_CURVE ( 'NONE', #53, #1824, #2616, .T. ) ;
#2185 = CARTESIAN_POINT ( 'NONE',  ( 5.105320575252538795, 66.50000000000000000, -24.28568860831565601 ) ) ;
#2186 = DIRECTION ( 'NONE',  ( 0.000000000000000000, 1.000000000000000000, 1.565164038475314677E-16 ) ) ;
#2187 = EDGE_CURVE ( 'NONE', #673, #1398, #2235, .T. ) ;
#2188 = CARTESIAN_POINT ( 'NONE',  ( -13.50000000000000000, 57.50000000000000000, 20.50000000000001776 ) ) ;
#2189 = VECTOR ( 'NONE', #2141, 1000.000000000000000 ) ;
#2190 = CARTESIAN_POINT ( 'NONE',  ( -8.108994997585460496, 65.49227219529065280, 20.50000000000001066 ) ) ;
#2191 = CARTESIAN_POINT ( 'NONE',  ( -16.65422093815604399, 57.00025854269549086, -39.21263650251982824 ) ) ;
#2192 = ORIENTED_EDGE ( 'NONE', *, *, #459, .T. ) ;
#2193 = CIRCLE ( 'NONE', #2340, 1.000000000000000888 ) ;
#2194 = CARTESIAN_POINT ( 'NONE',  ( -9.196767301648955950, 67.12502514845708390, 18.00216180225623575 ) ) ;
#2195 = CARTESIAN_POINT ( 'NONE',  ( -5.021876440473012515, 65.78894203191798340, 20.50000000000001066 ) ) ;
#2196 = CARTESIAN_POINT ( 'NONE',  ( 16.01424027185228027, 65.02219063886724371, 12.95403706445580205 ) ) ;
#2197 = VERTEX_POINT ( 'NONE', #2372 ) ;
#2198 = CARTESIAN_POINT ( 'NONE',  ( -10.66390221482768119, 66.30596664200299983, 17.41373763753638571 ) ) ;
#2199 = CARTESIAN_POINT ( 'NONE',  ( 27.31619758759331162, 56.74199177172921083, -28.85382563303878811 ) ) ;
#2200 = EDGE_CURVE ( 'NONE', #1384, #1152, #1094, .T. ) ;
#2201 = DIRECTION ( 'NONE',  ( 0.000000000000000000, 0.7863932282151526731, 0.6177262262664188208 ) ) ;
#2202 = DIRECTION ( 'NONE',  ( 0.000000000000000000, 0.000000000000000000, 1.000000000000000000 ) ) ;
#2203 = CARTESIAN_POINT ( 'NONE',  ( 5.171556708829835536, 66.61156298261707320, 20.05674149194549116 ) ) ;
#2204 = CARTESIAN_POINT ( 'NONE',  ( 32.50000000000000000, 0.000000000000000000, -14.80680601621314807 ) ) ;
#2205 = AXIS2_PLACEMENT_3D ( 'NONE', #792, #1301, #1983 ) ;
#2206 = ORIENTED_EDGE ( 'NONE', *, *, #2781, .T. ) ;
#2207 = CARTESIAN_POINT ( 'NONE',  ( -0.2096402954850052069, 66.33349310272474497, 20.50000000000001066 ) ) ;
#2208 = CARTESIAN_POINT ( 'NONE',  ( -32.50000000000000000, 28.58012841124578785, -14.80680601621314452 ) ) ;
#2209 = CARTESIAN_POINT ( 'NONE',  ( 18.65114352576678769, 63.88165423765912010, 8.857017319862501736 ) ) ;
#2210 = ORIENTED_EDGE ( 'NONE', *, *, #1495, .F. ) ;
#2211 = CARTESIAN_POINT ( 'NONE',  ( -23.25468594809438017, 49.76638194357133926, -32.19473384942375560 ) ) ;
#2212 = CARTESIAN_POINT ( 'NONE',  ( -16.68869307569080718, 65.30278104310825427, 11.87897750636564709 ) ) ;
#2213 = EDGE_CURVE ( 'NONE', #2531, #1906, #126, .T. ) ;
#2214 = CYLINDRICAL_SURFACE ( 'NONE', #1309, 25.00000000000000000 ) ;
#2215 = AXIS2_PLACEMENT_3D ( 'NONE', #207, #1348, #2296 ) ;
#2216 = CARTESIAN_POINT ( 'NONE',  ( -23.50000000000000000, 47.50000000000000000, 20.50000000000001776 ) ) ;
#2217 = CARTESIAN_POINT ( 'NONE',  ( 7.952280464721185993, 64.54000000000000625, -42.56993401125425436 ) ) ;
#2218 = EDGE_LOOP ( 'NONE', ( #1256, #1624, #1671, #2293 ) ) ;
#2219 = CARTESIAN_POINT ( 'NONE',  ( -7.678653683826912157, 66.42003667827766833, 20.50000000000001066 ) ) ;
#2220 = DIRECTION ( 'NONE',  ( 1.000000000000000000, -0.000000000000000000, 0.000000000000000000 ) ) ;
#2221 = EDGE_CURVE ( 'NONE', #2101, #2531, #1660, .T. ) ;
#2222 = CARTESIAN_POINT ( 'NONE',  ( -0.2123908989611622000, 66.42065379710686557, 20.49620522159735359 ) ) ;
#2223 = CARTESIAN_POINT ( 'NONE',  ( 25.17435258499432038, 49.56484031121609490, -31.74347760466881496 ) ) ;
#2224 = CARTESIAN_POINT ( 'NONE',  ( 19.93334912868372299, 63.19895220080280041, -5.865329687875822096 ) ) ;
#2225 = ADVANCED_FACE ( 'NONE', ( #217 ), #3, .T. ) ;
#2226 = ORIENTED_EDGE ( 'NONE', *, *, #1666, .F. ) ;
#2227 = DIRECTION ( 'NONE',  ( 0.000000000000000000, -0.3420201433256567225, -0.9396926207859127578 ) ) ;
#2228 = CARTESIAN_POINT ( 'NONE',  ( -7.499999999999996447, 66.50000000000000000, -23.34213456751775695 ) ) ;
#2229 = ADVANCED_FACE ( 'NONE', ( #3055 ), #2937, .T. ) ;
#2230 = CARTESIAN_POINT ( 'NONE',  ( -12.01989609065481091, 66.72097558438345288, 16.31058594049164157 ) ) ;
#2231 = ADVANCED_FACE ( 'NONE', ( #1837 ), #1358, .T. ) ;
#2232 = CARTESIAN_POINT ( 'NONE',  ( 16.33091483728869520, 64.92173243166514851, -39.40759351478184414 ) ) ;
#2233 = CARTESIAN_POINT ( 'NONE',  ( 15.54909827854387494, 65.18896135562080474, -37.93013637830290463 ) ) ;
#2234 = CARTESIAN_POINT ( 'NONE',  ( 16.65650409772311491, 56.99956595068425713, -39.21140078138505913 ) ) ;
#2235 = CIRCLE ( 'NONE', #1476, 1.000000000000004663 ) ;
#2236 = CARTESIAN_POINT ( 'NONE',  ( -61.49137802864845526, -46.00000000000000000, 6.884683795282953156E-15 ) ) ;
#2237 = AXIS2_PLACEMENT_3D ( 'NONE', #2784, #1099, #1134 ) ;
#2238 = VERTEX_POINT ( 'NONE', #858 ) ;
#2239 = CARTESIAN_POINT ( 'NONE',  ( -13.48623963173913509, 66.91161245095565846, -18.17872256122320707 ) ) ;
#2240 = CARTESIAN_POINT ( 'NONE',  ( -32.50000000000000000, 66.50000000000000000, -20.49999999999998934 ) ) ;
#2241 = CARTESIAN_POINT ( 'NONE',  ( 19.67272452811114292, 63.34414622806635720, 6.335445293875590522 ) ) ;
#2242 = EDGE_LOOP ( 'NONE', ( #2380, #1571, #2507, #2002, #2972, #1395, #1096, #1779, #2206, #2127 ) ) ;
#2243 = CARTESIAN_POINT ( 'NONE',  ( 2.522772406243548627E-15, 66.66569316261718825, 20.43969262078592664 ) ) ;
#2244 = CARTESIAN_POINT ( 'NONE',  ( -14.59232714970496936, 65.49392335227281592, -38.36931091933237070 ) ) ;
#2245 = EDGE_CURVE ( 'NONE', #2238, #3080, #2927, .T. ) ;
#2246 = CARTESIAN_POINT ( 'NONE',  ( 30.28895809454716570, 51.30223203584292690, -25.44290848565814755 ) ) ;
#2247 = DIRECTION ( 'NONE',  ( 0.000000000000000000, 0.000000000000000000, 1.000000000000000000 ) ) ;
#2248 = CARTESIAN_POINT ( 'NONE',  ( -24.06886724314541937, 50.76183590358007791, -33.82814380367200613 ) ) ;
#2249 = CARTESIAN_POINT ( 'NONE',  ( -7.631927631648049548, 65.50836047546647478, 20.50000000000001066 ) ) ;
#2250 = CARTESIAN_POINT ( 'NONE',  ( -20.09981535274518194, 61.50856832513932204, -37.04866870764143982 ) ) ;
#2251 = ORIENTED_EDGE ( 'NONE', *, *, #3008, .F. ) ;
#2252 = CARTESIAN_POINT ( 'NONE',  ( 31.79986534972473322, 35.55846905926362211, -20.68395522768658168 ) ) ;
#2253 = CARTESIAN_POINT ( 'NONE',  ( -31.09054849060624548, 41.23504248712179532, -23.09726396957961825 ) ) ;
#2254 = CARTESIAN_POINT ( 'NONE',  ( -9.087903090934634776, 66.48045960877159644, -42.30061458133908303 ) ) ;
#2255 = VERTEX_POINT ( 'NONE', #1293 ) ;
#2256 = CARTESIAN_POINT ( 'NONE',  ( 5.021876440472968994, 65.78894203191798340, 20.50000000000001066 ) ) ;
#2257 = CARTESIAN_POINT ( 'NONE',  ( -23.50000000000000000, -46.00000000000000000, 20.49999999999999289 ) ) ;
#2258 = LINE ( 'NONE', #96, #480 ) ;
#2259 = CARTESIAN_POINT ( 'NONE',  ( 32.08004429782378253, -52.51262869981250958, -19.44746797512913261 ) ) ;
#2260 = CARTESIAN_POINT ( 'NONE',  ( 32.01734456893659342, -46.00000000000000000, -19.69554974932445646 ) ) ;
#2261 = CARTESIAN_POINT ( 'NONE',  ( 17.08398543059658437, 56.84635160250301311, -38.97112698355573457 ) ) ;
#2262 = CARTESIAN_POINT ( 'NONE',  ( 0.000000000000000000, 103.1610967934142025, -1.250552390914028811 ) ) ;
#2263 = ORIENTED_EDGE ( 'NONE', *, *, #2151, .T. ) ;
#2264 = FACE_OUTER_BOUND ( 'NONE', #3068, .T. ) ;
#2265 = CARTESIAN_POINT ( 'NONE',  ( -7.500000000000000000, 66.50000000000000000, -23.34213456751775695 ) ) ;
#2266 = CARTESIAN_POINT ( 'NONE',  ( -7.500000000000002665, 66.50000000000000000, -40.66283087266116780 ) ) ;
#2267 = ORIENTED_EDGE ( 'NONE', *, *, #2085, .F. ) ;
#2268 = AXIS2_PLACEMENT_3D ( 'NONE', #2496, #870, #2247 ) ;
#2269 = CARTESIAN_POINT ( 'NONE',  ( 30.99282148067801046, 32.47417063900737588, -20.72890067375400491 ) ) ;
#2270 = VECTOR ( 'NONE', #521, 1000.000000000000000 ) ;
#2271 = CYLINDRICAL_SURFACE ( 'NONE', #1648, 25.00000000000000000 ) ;
#2272 = CARTESIAN_POINT ( 'NONE',  ( 11.10463298046671454, 66.89891254672713217, 16.93400590282103124 ) ) ;
#2273 = VECTOR ( 'NONE', #279, 1000.000000000000000 ) ;
#2274 = CARTESIAN_POINT ( 'NONE',  ( -18.33593967966915272, 64.03922475534122327, 10.58713528541695581 ) ) ;
#2275 = FACE_OUTER_BOUND ( 'NONE', #1415, .T. ) ;
#2276 = DIRECTION ( 'NONE',  ( -1.000000000000000000, 0.000000000000000000, 0.000000000000000000 ) ) ;
#2277 = CARTESIAN_POINT ( 'NONE',  ( -10.04907720436543350, 64.54000000000002046, -42.07266661934393426 ) ) ;
#2278 = DIRECTION ( 'NONE',  ( 0.000000000000000000, 0.000000000000000000, 1.000000000000000000 ) ) ;
#2279 = AXIS2_PLACEMENT_3D ( 'NONE', #1804, #365, #171 ) ;
#2280 = ORIENTED_EDGE ( 'NONE', *, *, #2546, .T. ) ;
#2281 =( BOUNDED_SURFACE ( )  B_SPLINE_SURFACE ( 3, 2, ( 
 ( #181, #3036, #1623 ),
 ( #1876, #656, #2082 ),
 ( #1182, #468, #2146 ),
 ( #2381, #1137, #2569 ),
 ( #2100, #1655, #3052 ),
 ( #1847, #887, #167 ),
 ( #2583, #1892, #946 ),
 ( #687, #2801, #1909 ),
 ( #930, #435, #229 ),
 ( #1606, #2130, #1371 ),
 ( #2845, #3099, #3083 ),
 ( #419, #1120, #449 ) ),
 .UNSPECIFIED., .F., .F., .F. ) 
 B_SPLINE_SURFACE_WITH_KNOTS ( ( 4, 2, 2, 2, 2, 4 ),
 ( 3, 3 ),
 ( 0.000000000000000000, 0.003443996522175104755, 0.005165994783262657132, 0.006887993044350209509, 0.01033198956652531426, 0.01377598608870041902 ),
 ( 0.000000000000000000, 1.000000000000000000 ),
 .UNSPECIFIED. ) 
 GEOMETRIC_REPRESENTATION_ITEM ( )  RATIONAL_B_SPLINE_SURFACE ( (
 ( 1.000000000000000000, 0.7071067811865480168, 1.000000000000000000),
 ( 1.000000000000000000, 0.7155952134048929603, 1.000000000000000000),
 ( 1.000000000000000000, 0.7241708392630700208, 1.000000000000000000),
 ( 1.000000000000000000, 0.7361379001204555461, 1.000000000000000000),
 ( 1.000000000000000000, 0.7399796534545183269, 1.000000000000000000),
 ( 1.000000000000000000, 0.7472255151727834610, 1.000000000000000000),
 ( 1.000000000000000000, 0.7506439251449578132, 1.000000000000000000),
 ( 1.000000000000000000, 0.7599388252553028744, 1.000000000000000000),
 ( 1.000000000000000000, 0.7648053768146008125, 1.000000000000000000),
 ( 1.000000000000000000, 0.7714133009984693867, 1.000000000000000000),
 ( 1.000000000000000000, 0.7731595219283636800, 1.000000000000000000),
 ( 1.000000000000000000, 0.7731590228809507304, 1.000000000000000000) ) ) 
 REPRESENTATION_ITEM ( '' )  SURFACE ( )  );
#2282 = CARTESIAN_POINT ( 'NONE',  ( 31.02494950075607250, 30.53203301675561221, -20.55751632109736349 ) ) ;
#2283 = CARTESIAN_POINT ( 'NONE',  ( -31.57468007568500212, 38.04460530587137868, -21.54814641144139742 ) ) ;
#2284 = VERTEX_POINT ( 'NONE', #1789 ) ;
#2285 = CARTESIAN_POINT ( 'NONE',  ( 26.52354968408958058, 48.23995911662466796, -30.05684434333960198 ) ) ;
#2286 = CARTESIAN_POINT ( 'NONE',  ( 7.500000000000000000, 26.50000000000000355, -14.80680601621314807 ) ) ;
#2287 = CIRCLE ( 'NONE', #35, 1.959999999999997744 ) ;
#2288 = CARTESIAN_POINT ( 'NONE',  ( -11.85112999039289505, 67.31303672756850176, -19.65751324888471885 ) ) ;
#2289 = FACE_OUTER_BOUND ( 'NONE', #1142, .T. ) ;
#2290 = CARTESIAN_POINT ( 'NONE',  ( 32.50000000000000711, -58.68891230950211479, -14.80680601621315162 ) ) ;
#2291 = DIRECTION ( 'NONE',  ( 0.000000000000000000, -0.9063077870366454958, -0.4226182617407091002 ) ) ;
#2292 = CARTESIAN_POINT ( 'NONE',  ( -4.357551057922888660, 66.86356728294462926, 19.87542104664562714 ) ) ;
#2293 = ORIENTED_EDGE ( 'NONE', *, *, #1124, .F. ) ;
#2294 = DIRECTION ( 'NONE',  ( 1.000000000000000000, 0.000000000000000000, 0.000000000000000000 ) ) ;
#2295 = B_SPLINE_CURVE_WITH_KNOTS ( 'NONE', 3,
 ( #2495, #869, #2743, #2508, #138, #346, #152, #2065, #597, #2052, #610, #123, #842, #1832, #1119, #361, #1353, #2022, #3005, #2597, #2829, #467 ),
 .UNSPECIFIED., .F., .F.,
 ( 4, 2, 2, 2, 2, 2, 2, 2, 2, 2, 4 ),
 ( 0.000000000000000000, 0.001470126423096143392, 0.002940252846192286783, 0.005880505692384573567, 0.008820758538576859917, 0.01029088496167300353, 0.01176101138476914713, 0.01470126423096141180, 0.01617139065405754500, 0.01764151707715367820, 0.02352202276953822141 ),
 .UNSPECIFIED. ) ;
#2296 = DIRECTION ( 'NONE',  ( 0.000000000000000000, 0.000000000000000000, -1.000000000000000000 ) ) ;
#2297 = CARTESIAN_POINT ( 'NONE',  ( 31.41455000397700559, 39.35668131101743228, -22.10976202766216048 ) ) ;
#2298 = CARTESIAN_POINT ( 'NONE',  ( -5.255053685393604290, 66.50948436285852949, 20.36731169478777659 ) ) ;
#2299 = CARTESIAN_POINT ( 'NONE',  ( -27.31619758759332228, 49.02635234483981463, -30.04879778794234113 ) ) ;
#2300 =( BOUNDED_SURFACE ( )  B_SPLINE_SURFACE ( 3, 2, ( 
 ( #578, #342, #2266 ),
 ( #1285, #2254, #121 ),
 ( #2577, #1070, #175 ),
 ( #1053, #1131, #2971 ),
 ( #1855, #2036, #2987 ),
 ( #839, #426, #2344 ),
 ( #190, #2108, #3060 ),
 ( #2169, #1697, #2838 ),
 ( #1189, #1457, #967 ),
 ( #474, #2121, #2390 ),
 ( #937, #1915, #7 ),
 ( #1945, #2619, #753 ),
 ( #725, #2869, #251 ),
 ( #1664, #505, #1422 ),
 ( #219, #1204, #268 ),
 ( #237, #2138, #22 ) ),
 .UNSPECIFIED., .F., .F., .T. ) 
 B_SPLINE_SURFACE_WITH_KNOTS ( ( 4, 2, 2, 2, 2, 2, 2, 4 ),
 ( 3, 3 ),
 ( 0.006555246013307221460, 0.009594042638783434676, 0.01263283926425964702, 0.01567163588973586111, 0.01871043251521207346, 0.02174922914068828581, 0.02478802576616449815, 0.03086561901711692285 ),
 ( 0.000000000000000000, 1.000000000000000000 ),
 .UNSPECIFIED. ) 
 GEOMETRIC_REPRESENTATION_ITEM ( )  RATIONAL_B_SPLINE_SURFACE ( (
 ( 1.000000000000000000, 0.7071067811865475727, 1.000000000000000000),
 ( 1.000000000000000000, 0.7106495817801379289, 1.000000000000000000),
 ( 1.000000000000000000, 0.7154885538895575658, 1.000000000000000000),
 ( 1.000000000000000000, 0.7272368560903254009, 1.000000000000000000),
 ( 1.000000000000000000, 0.7341452957588961992, 1.000000000000000000),
 ( 1.000000000000000000, 0.7495440462501318235, 1.000000000000000000),
 ( 1.000000000000000000, 0.7580824854034438065, 1.000000000000000000),
 ( 1.000000000000000000, 0.7758087099541217668, 1.000000000000000000),
 ( 1.000000000000000000, 0.7850368617585720132, 1.000000000000000000),
 ( 1.000000000000000000, 0.8038098333536917162, 1.000000000000000000),
 ( 1.000000000000000000, 0.8133709658385956942, 1.000000000000000000),
 ( 1.000000000000000000, 0.8324342511324305249, 1.000000000000000000),
 ( 1.000000000000000000, 0.8418169559889210340, 1.000000000000000000),
 ( 1.000000000000000000, 0.8692276907022106203, 1.000000000000000000),
 ( 1.000000000000000000, 0.8865145536128877790, 1.000000000000000000),
 ( 1.000000000000000000, 0.9023000329515850071, 1.000000000000000000) ) ) 
 REPRESENTATION_ITEM ( '' )  SURFACE ( )  );
#2301 = ORIENTED_EDGE ( 'NONE', *, *, #320, .F. ) ;
#2302 = CARTESIAN_POINT ( 'NONE',  ( 30.71257446828224502, 36.70651434616057429, -21.85260838830925323 ) ) ;
#2303 = TOROIDAL_SURFACE ( 'NONE', #2356, 19.50000000000001066, 1.000000000000000000 ) ;
#2304 = CARTESIAN_POINT ( 'NONE',  ( 0.6450309023370459638, 66.47048339004837203, 20.50000000000000711 ) ) ;
#2305 = CARTESIAN_POINT ( 'NONE',  ( 23.50000000000000000, 47.50000000000000000, -43.50000000000001421 ) ) ;
#2306 = EDGE_CURVE ( 'NONE', #1745, #495, #112, .T. ) ;
#2307 = CARTESIAN_POINT ( 'NONE',  ( 31.21709300293712275, -52.55104285895202310, -19.43463429381730379 ) ) ;
#2308 =( BOUNDED_CURVE ( )  B_SPLINE_CURVE ( 3, ( #2716, #300, #1251, #315 ),
 .UNSPECIFIED., .F., .T. ) 
 B_SPLINE_CURVE_WITH_KNOTS ( ( 4, 4 ),
 ( 4.056732577674037721, 4.712388980384689674 ),
 .UNSPECIFIED. ) 
 CURVE ( )  GEOMETRIC_REPRESENTATION_ITEM ( )  RATIONAL_B_SPLINE_CURVE ( ( 1.000000000000000000, 0.9644959120550182785, 0.9644959120550182785, 1.000000000000000000 ) ) 
 REPRESENTATION_ITEM ( '' )  );
#2309 = CARTESIAN_POINT ( 'NONE',  ( 11.40509807903085537, 66.19706985645684938, -21.09640010581668079 ) ) ;
#2310 = CARTESIAN_POINT ( 'NONE',  ( -2.163133697462117588, 66.70114410178024400, 20.34229783041661221 ) ) ;
#2311 = ORIENTED_EDGE ( 'NONE', *, *, #2775, .F. ) ;
#2312 = ORIENTED_EDGE ( 'NONE', *, *, #2715, .F. ) ;
#2313 = CARTESIAN_POINT ( 'NONE',  ( 5.255053685393659357, 66.50948436285850107, 20.36731169478808212 ) ) ;
#2314 = CARTESIAN_POINT ( 'NONE',  ( -31.13286750375195666, -50.79451759275997347, -19.96766970901721905 ) ) ;
#2315 = CIRCLE ( 'NONE', #1300, 20.50000000000001066 ) ;
#2316 =( LENGTH_UNIT ( ) NAMED_UNIT ( * ) SI_UNIT ( .MILLI., .METRE. ) );
#2317 = ADVANCED_FACE ( 'NONE', ( #2275 ), #2027, .T. ) ;
#2318 = ORIENTED_EDGE ( 'NONE', *, *, #1444, .T. ) ;
#2319 = CARTESIAN_POINT ( 'NONE',  ( 32.50000000000000000, -47.50000000000000000, -5.817072295949958192E-15 ) ) ;
#2320 = EDGE_CURVE ( 'NONE', #1245, #1936, #2193, .T. ) ;
#2321 = CARTESIAN_POINT ( 'NONE',  ( 31.50000000000000000, 66.50000000000000000, 20.50000000000001066 ) ) ;
#2322 = ORIENTED_EDGE ( 'NONE', *, *, #2678, .F. ) ;
#2323 = CARTESIAN_POINT ( 'NONE',  ( -10.54206027243924737, 67.55450711180375833, -20.64818627880637436 ) ) ;
#2324 = CARTESIAN_POINT ( 'NONE',  ( 20.49244808193412837, 63.45309147651724402, -2.613147608863123583 ) ) ;
#2325 = B_SPLINE_CURVE_WITH_KNOTS ( 'NONE', 3,
 ( #386, #2548, #2736, #622, #636, #865 ),
 .UNSPECIFIED., .F., .F.,
 ( 4, 2, 4 ),
 ( 0.000000000000000000, 0.002250530366566247560, 0.004501060733132495120 ),
 .UNSPECIFIED. ) ;
#2326 = CARTESIAN_POINT ( 'NONE',  ( 31.05795163530528313, -48.42979863426586462, -20.39119420300471219 ) ) ;
#2327 = CYLINDRICAL_SURFACE ( 'NONE', #3014, 12.69999999999999929 ) ;
#2328 = VERTEX_POINT ( 'NONE', #2755 ) ;
#2329 = FACE_OUTER_BOUND ( 'NONE', #1839, .T. ) ;
#2330 = CARTESIAN_POINT ( 'NONE',  ( -28.41642732118132386, 47.94768014307000925, -28.61838304169087621 ) ) ;
#2331 = CARTESIAN_POINT ( 'NONE',  ( 26.52354968408964808, 48.23995911662467506, -30.05684434333960553 ) ) ;
#2332 = CARTESIAN_POINT ( 'NONE',  ( 3.663665218914833765, 66.71405713364138990, 20.19441679675929535 ) ) ;
#2333 = EDGE_CURVE ( 'NONE', #1245, #2397, #835, .T. ) ;
#2334 = ORIENTED_EDGE ( 'NONE', *, *, #783, .T. ) ;
#2335 = DIRECTION ( 'NONE',  ( 0.000000000000000000, 1.000000000000000000, 1.565164038475314677E-16 ) ) ;
#2336 = CARTESIAN_POINT ( 'NONE',  ( -0.4404402905786886091, 66.65581040411410640, 20.43953152828009578 ) ) ;
#2337 = EDGE_LOOP ( 'NONE', ( #515, #2933, #1499, #1996 ) ) ;
#2338 = CARTESIAN_POINT ( 'NONE',  ( -20.38165603367009027, 62.92631608054045955, -6.274724906949173509 ) ) ;
#2339 = CARTESIAN_POINT ( 'NONE',  ( 13.49742655050203055, 66.90804475858216449, -18.16647175440893491 ) ) ;
#2340 = AXIS2_PLACEMENT_3D ( 'NONE', #127, #2993, #1076 ) ;
#2341 = CARTESIAN_POINT ( 'NONE',  ( 20.79085970209073153, 62.67450203734809122, -4.051093310942536441 ) ) ;
#2342 = ORIENTED_EDGE ( 'NONE', *, *, #1428, .T. ) ;
#2343 = CARTESIAN_POINT ( 'NONE',  ( 31.46476197560152244, -57.42529202426067059, -17.06333387629816656 ) ) ;
#2344 = CARTESIAN_POINT ( 'NONE',  ( -14.67460604243066413, 65.46979851380362447, -38.33318425860371548 ) ) ;
#2345 = CARTESIAN_POINT ( 'NONE',  ( -32.50000000000000000, -47.50000000000000000, 9.999999999999996447 ) ) ;
#2346 = CARTESIAN_POINT ( 'NONE',  ( -31.13313820666087395, 39.47090076693415028, -22.99135028569941142 ) ) ;
#2347 = CARTESIAN_POINT ( 'NONE',  ( 30.58896702614572760, 43.22975932095280172, -24.39803001587560161 ) ) ;
#2348 = EDGE_LOOP ( 'NONE', ( #802, #2116, #2192, #823, #1118, #3046, #1352, #916, #809, #2570, #790, #677, #369, #1874, #2547, #901, #1183, #2037 ) ) ;
#2349 = UNCERTAINTY_MEASURE_WITH_UNIT (LENGTH_MEASURE( 1.000000000000000082E-05 ), #2316, 'distance_accuracy_value', 'NONE');
#2350 = DIRECTION ( 'NONE',  ( 0.000000000000000000, -1.000000000000000000, -1.304303365396095688E-16 ) ) ;
#2351 = FACE_OUTER_BOUND ( 'NONE', #1793, .T. ) ;
#2352 = VERTEX_POINT ( 'NONE', #1326 ) ;
#2353 = CARTESIAN_POINT ( 'NONE',  ( -20.59300379103234846, 62.80441810119748425, -0.8984189910565889559 ) ) ;
#2354 = CARTESIAN_POINT ( 'NONE',  ( 31.50000000000000000, -2.543391562522386505E-15, 19.50000000000000355 ) ) ;
#2355 = B_SPLINE_CURVE_WITH_KNOTS ( 'NONE', 3,
 ( #2109, #1190, #442, #1631 ),
 .UNSPECIFIED., .F., .F.,
 ( 4, 4 ),
 ( 0.001488854386864773031, 0.002761559016650712295 ),
 .UNSPECIFIED. ) ;
#2356 = AXIS2_PLACEMENT_3D ( 'NONE', #1858, #1588, #1368 ) ;
#2357 = CARTESIAN_POINT ( 'NONE',  ( 20.14103225343954406, 63.07181784846384431, -7.323748950910586863 ) ) ;
#2358 = ORIENTED_EDGE ( 'NONE', *, *, #614, .F. ) ;
#2359 = FACE_OUTER_BOUND ( 'NONE', #1616, .T. ) ;
#2360 = CARTESIAN_POINT ( 'NONE',  ( -4.382155089959324457, 66.39391628339906504, 20.50000000000001421 ) ) ;
#2361 = ORIENTED_EDGE ( 'NONE', *, *, #2200, .F. ) ;
#2362 = CARTESIAN_POINT ( 'NONE',  ( 0.6341223054855208430, 66.63076942112411416, 20.44201500977234076 ) ) ;
#2363 = CARTESIAN_POINT ( 'NONE',  ( -6.724812814856821142, 66.31575600929721759, 20.50000000000001066 ) ) ;
#2364 = ORIENTED_EDGE ( 'NONE', *, *, #1899, .T. ) ;
#2365 = PRODUCT_DEFINITION ( 'UNKNOWN', '', #995, #1399 ) ;
#2366 = AXIS2_PLACEMENT_3D ( 'NONE', #38, #755, #2872 ) ;
#2367 = CARTESIAN_POINT ( 'NONE',  ( 11.08741469435398486, 66.90146652634302882, 16.94441641787815911 ) ) ;
#2368 = DIRECTION ( 'NONE',  ( 0.000000000000000000, 0.3420201433256568890, 0.9396926207859126468 ) ) ;
#2369 = ORIENTED_EDGE ( 'NONE', *, *, #1570, .T. ) ;
#2370 = CARTESIAN_POINT ( 'NONE',  ( -1.505543009774573893, 66.37712407400194081, 20.48609797151591039 ) ) ;
#2371 = CARTESIAN_POINT ( 'NONE',  ( -15.26350748456389184, 65.28651829183577604, -15.74562129274955247 ) ) ;
#2372 = CARTESIAN_POINT ( 'NONE',  ( 5.021876440472968994, 65.78894203191798340, 20.50000000000001066 ) ) ;
#2373 = CARTESIAN_POINT ( 'NONE',  ( 20.97857782614008215, 62.55539172391781477, -2.373686127851607708 ) ) ;
#2374 = CARTESIAN_POINT ( 'NONE',  ( -32.11863855447914773, -50.58554046730193221, -19.16216264201368347 ) ) ;
#2375 = CARTESIAN_POINT ( 'NONE',  ( -4.396990486277303489, 66.70166658234521151, 20.10627633131329617 ) ) ;
#2376 = CARTESIAN_POINT ( 'NONE',  ( 2.129199308648310751, 66.91151529548979227, 20.24693949189914832 ) ) ;
#2377 = CARTESIAN_POINT ( 'NONE',  ( 0.6434469341156725530, 66.58960772236370929, 20.45669104006491068 ) ) ;
#2378 = ADVANCED_FACE ( 'NONE', ( #1091 ), #2281, .T. ) ;
#2379 = VECTOR ( 'NONE', #1768, 1000.000000000000000 ) ;
#2380 = ORIENTED_EDGE ( 'NONE', *, *, #2775, .T. ) ;
#2381 = CARTESIAN_POINT ( 'NONE',  ( -32.38709075743351207, -55.38294052611941254, -17.19948911276388159 ) ) ;
#2382 = EDGE_CURVE ( 'NONE', #1810, #942, #2818, .T. ) ;
#2383 = ORIENTED_EDGE ( 'NONE', *, *, #2382, .F. ) ;
#2384 = VECTOR ( 'NONE', #1580, 1000.000000000000000 ) ;
#2385 = CARTESIAN_POINT ( 'NONE',  ( -0.6516066003576901355, 66.55524779375039657, 20.47262742976513294 ) ) ;
#2386 = CARTESIAN_POINT ( 'NONE',  ( -20.16867574001524943, 63.05292275138177160, -7.156987864843722846 ) ) ;
#2387 = CARTESIAN_POINT ( 'NONE',  ( 20.62528478213898353, 63.32954913545317766, -0.3892971652146937633 ) ) ;
#2388 = CIRCLE ( 'NONE', #2237, 10.00000000000000178 ) ;
#2389 = CARTESIAN_POINT ( 'NONE',  ( 14.63262448775120816, 65.47169126303219855, -18.05627718509261470 ) ) ;
#2390 = CARTESIAN_POINT ( 'NONE',  ( -20.00633234110358316, 63.16757952431413514, -35.40583973242981841 ) ) ;
#2391 = CARTESIAN_POINT ( 'NONE',  ( -5.111493297681298564, 66.35929468794533648, 20.50000000000001421 ) ) ;
#2392 = DIRECTION ( 'NONE',  ( -0.000000000000000000, 1.304303365396095441E-16, -1.000000000000000000 ) ) ;
#2393 = CARTESIAN_POINT ( 'NONE',  ( -31.50000000000000000, 41.50000000000000000, 20.50000000000000711 ) ) ;
#2394 = ORIENTED_EDGE ( 'NONE', *, *, #2769, .F. ) ;
#2395 = CARTESIAN_POINT ( 'NONE',  ( 6.699647498398650036, 66.53198453625975617, 19.77265756943145902 ) ) ;
#2396 = PLANE ( 'NONE',  #178 ) ;
#2397 = VERTEX_POINT ( 'NONE', #719 ) ;
#2398 = CARTESIAN_POINT ( 'NONE',  ( -4.314343261429975485, 67.14976843394910588, 19.78100968615647304 ) ) ;
#2399 = CARTESIAN_POINT ( 'NONE',  ( -19.98122743411877167, 63.83424378067640959, -5.810059925990257668 ) ) ;
#2400 = B_SPLINE_CURVE_WITH_KNOTS ( 'NONE', 3,
 ( #705, #2832, #689, #500 ),
 .UNSPECIFIED., .F., .F.,
 ( 4, 4 ),
 ( 0.000000000000000000, 0.0007009587191456942814 ),
 .UNSPECIFIED. ) ;
#2401 = CARTESIAN_POINT ( 'NONE',  ( 12.03572952667319562, 66.08938485706325139, 17.33551295976930007 ) ) ;
#2402 =( BOUNDED_CURVE ( )  B_SPLINE_CURVE ( 3, ( #1741, #1474, #2914, #767 ),
 .UNSPECIFIED., .F., .T. ) 
 B_SPLINE_CURVE_WITH_KNOTS ( ( 4, 4 ),
 ( 4.712388980384689674, 5.368045383095340739 ),
 .UNSPECIFIED. ) 
 CURVE ( )  GEOMETRIC_REPRESENTATION_ITEM ( )  RATIONAL_B_SPLINE_CURVE ( ( 1.000000000000000000, 0.9644959120550185006, 0.9644959120550185006, 1.000000000000000000 ) ) 
 REPRESENTATION_ITEM ( '' )  );
#2403 = CARTESIAN_POINT ( 'NONE',  ( 7.500000000000001776, 66.50000000000000000, -23.34213456751775695 ) ) ;
#2404 = DIRECTION ( 'NONE',  ( 0.000000000000000000, -1.000000000000000000, 0.000000000000000000 ) ) ;
#2405 = AXIS2_PLACEMENT_3D ( 'NONE', #74, #2464, #1514 ) ;
#2406 = CARTESIAN_POINT ( 'NONE',  ( 1.394466003593362258, 66.78234592712654205, 20.36090442720522020 ) ) ;
#2407 = CARTESIAN_POINT ( 'NONE',  ( -11.60185232733788041, 66.16593651613320048, 17.62709307684744431 ) ) ;
#2408 = CARTESIAN_POINT ( 'NONE',  ( -7.440463414232916683, 66.39287864079685164, 20.50000000000001066 ) ) ;
#2409 = B_SPLINE_CURVE_WITH_KNOTS ( 'NONE', 3,
 ( #1193, #2142, #682, #941, #1919, #1445 ),
 .UNSPECIFIED., .F., .F.,
 ( 4, 2, 4 ),
 ( 0.000000000000000000, 0.002211744660432091256, 0.004423489320864182513 ),
 .UNSPECIFIED. ) ;
#2410 = ORIENTED_EDGE ( 'NONE', *, *, #2761, .F. ) ;
#2411 = CARTESIAN_POINT ( 'NONE',  ( -15.69214610264021914, 65.69128747668706580, 13.08712457567273546 ) ) ;
#2412 = CARTESIAN_POINT ( 'NONE',  ( -5.290727012097873327, 67.50000000000000000, 20.50000000000001066 ) ) ;
#2413 = CARTESIAN_POINT ( 'NONE',  ( 20.46105884908487837, 62.88420563046227585, 2.503085450405020396 ) ) ;
#2414 = EDGE_CURVE ( 'NONE', #1384, #1429, #135, .T. ) ;
#2415 = ORIENTED_EDGE ( 'NONE', *, *, #516, .F. ) ;
#2416 = DIRECTION ( 'NONE',  ( -1.000000000000000000, -0.000000000000000000, -0.000000000000000000 ) ) ;
#2417 = CARTESIAN_POINT ( 'NONE',  ( -16.60967580297406343, 64.78931296685924224, -15.39481315496057157 ) ) ;
#2418 = ADVANCED_FACE ( 'NONE', ( #703 ), #672, .F. ) ;
#2419 = CARTESIAN_POINT ( 'NONE',  ( -14.54790631944339374, 66.08756319785501887, 14.29340855998986193 ) ) ;
#2420 = CARTESIAN_POINT ( 'NONE',  ( -61.49137802864845526, -46.00000000000000000, 20.49999999999999645 ) ) ;
#2421 = CARTESIAN_POINT ( 'NONE',  ( -32.49999999999998579, 44.23214154326925751, -17.32474766251876375 ) ) ;
#2422 = CARTESIAN_POINT ( 'NONE',  ( -30.97572035882352992, 32.47397935412035963, -20.78588446699574277 ) ) ;
#2423 = CARTESIAN_POINT ( 'NONE',  ( -8.134369789151520536, 66.49195020342773432, 19.50000000000001421 ) ) ;
#2424 = AXIS2_PLACEMENT_3D ( 'NONE', #1805, #1552, #630 ) ;
#2425 = FACE_OUTER_BOUND ( 'NONE', #469, .T. ) ;
#2426 = AXIS2_PLACEMENT_3D ( 'NONE', #2658, #305, #13 ) ;
#2427 = ORIENTED_EDGE ( 'NONE', *, *, #1819, .T. ) ;
#2428 = CARTESIAN_POINT ( 'NONE',  ( 0.2123908989813574621, 66.42065379710993511, 20.49620522159819203 ) ) ;
#2429 = EDGE_CURVE ( 'NONE', #864, #2112, #283, .T. ) ;
#2430 = CARTESIAN_POINT ( 'NONE',  ( 7.393586791903875799, 65.52117749839651140, 20.50000000000001066 ) ) ;
#2431 = CARTESIAN_POINT ( 'NONE',  ( 20.83144253854546335, 62.64895502472003841, -3.758375694254062704 ) ) ;
#2432 = ORIENTED_EDGE ( 'NONE', *, *, #2320, .F. ) ;
#2433 = CARTESIAN_POINT ( 'NONE',  ( 7.870381015449857465, 65.49832892556993613, 20.50000000000001066 ) ) ;
#2434 = CARTESIAN_POINT ( 'NONE',  ( 32.07063523806242955, 46.79233297255364477, -20.09913898876680349 ) ) ;
#2435 = VECTOR ( 'NONE', #573, 1000.000000000000000 ) ;
#2436 = CARTESIAN_POINT ( 'NONE',  ( 22.33098163758419474, 61.64678577889784350, -33.71802471056471262 ) ) ;
#2437 = CARTESIAN_POINT ( 'NONE',  ( -7.500000000000000000, 66.50000000000000000, 20.50000000000001066 ) ) ;
#2438 = CARTESIAN_POINT ( 'NONE',  ( -30.56785257632558839, 38.05378776036391741, -22.35946503614550451 ) ) ;
#2439 = CARTESIAN_POINT ( 'NONE',  ( -7.440463414232918460, 66.39287864079685164, 20.50000000000001066 ) ) ;
#2440 = CARTESIAN_POINT ( 'NONE',  ( 32.50000000000000000, 41.50000000000000000, -14.80680601621314807 ) ) ;
#2441 = ORIENTED_EDGE ( 'NONE', *, *, #1430, .T. ) ;
#2442 = AXIS2_PLACEMENT_3D ( 'NONE', #220, #1175, #3075 ) ;
#2443 = CARTESIAN_POINT ( 'NONE',  ( -19.11660679946935915, 64.14726166722101652, 7.623742517862180712 ) ) ;
#2444 = CARTESIAN_POINT ( 'NONE',  ( 23.50000000000000000, -47.50000000000000000, -10.00000000000000711 ) ) ;
#2445 = CARTESIAN_POINT ( 'NONE',  ( 16.00953903167319226, 65.58265527070673784, 12.75671309913421680 ) ) ;
#2446 = ORIENTED_EDGE ( 'NONE', *, *, #416, .F. ) ;
#2447 = CARTESIAN_POINT ( 'NONE',  ( -22.97777718403694891, 50.68931648629429532, -33.83021839698218969 ) ) ;
#2448 = CARTESIAN_POINT ( 'NONE',  ( 27.31619758759332228, 56.74199177172919661, -28.85382563303877390 ) ) ;
#2449 = CARTESIAN_POINT ( 'NONE',  ( 18.15800167836367862, 64.14857825550195969, -38.35206529043501433 ) ) ;
#2450 = CARTESIAN_POINT ( 'NONE',  ( 26.52354968408958058, 49.02635234483982174, -29.43911811707318904 ) ) ;
#2451 = EDGE_CURVE ( 'NONE', #1936, #805, #1166, .T. ) ;
#2452 = CARTESIAN_POINT ( 'NONE',  ( 18.29624872949645820, 56.28592259718659108, -38.24553134258120934 ) ) ;
#2453 = ORIENTED_EDGE ( 'NONE', *, *, #1772, .F. ) ;
#2454 = CARTESIAN_POINT ( 'NONE',  ( 4.680030889610719669, 67.16686431879683994, 19.68782417129121498 ) ) ;
#2455 = CARTESIAN_POINT ( 'NONE',  ( 32.50000000000000000, 41.50000000000000000, 19.50000000000000711 ) ) ;
#2456 = ADVANCED_FACE ( 'NONE', ( #2351 ), #196, .T. ) ;
#2457 = VERTEX_POINT ( 'NONE', #915 ) ;
#2458 = EDGE_CURVE ( 'NONE', #1152, #1824, #2588, .T. ) ;
#2459 = CARTESIAN_POINT ( 'NONE',  ( -20.37726474770748908, 63.54779602954710782, -3.729645967764929626 ) ) ;
#2460 = ADVANCED_FACE ( 'NONE', ( #1434 ), #2918, .T. ) ;
#2461 = DIRECTION ( 'NONE',  ( 0.000000000000000000, -0.6507134517693353715, -0.7593233854468310895 ) ) ;
#2462 = CARTESIAN_POINT ( 'NONE',  ( 20.82560073745672113, 62.65280491336920932, 3.149136124599427600 ) ) ;
#2463 = ORIENTED_EDGE ( 'NONE', *, *, #214, .F. ) ;
#2464 = DIRECTION ( 'NONE',  ( 1.000000000000000000, -0.000000000000000000, -0.000000000000000000 ) ) ;
#2465 = B_SPLINE_CURVE_WITH_KNOTS ( 'NONE', 3,
 ( #1265, #2684, #2011, #534, #2513, #367, #1281, #1490, #589, #2452, #2469, #2261, #2234, #801, #551, #1742 ),
 .UNSPECIFIED., .F., .F.,
 ( 4, 2, 2, 2, 2, 2, 2, 4 ),
 ( 0.004929360853332401954, 0.006445850815002505084, 0.007962340776672608214, 0.009478830738342710477, 0.01099532070001281447, 0.01251181066168291847, 0.01402830062335302073, 0.01706128054669323740 ),
 .UNSPECIFIED. ) ;
#2466 = CARTESIAN_POINT ( 'NONE',  ( -12.40710210782934730, 66.01816231770858678, 17.07414625424835819 ) ) ;
#2467 = CARTESIAN_POINT ( 'NONE',  ( 23.14469325017665469, 59.56127353289604542, -34.58766803143130630 ) ) ;
#2468 = CARTESIAN_POINT ( 'NONE',  ( 9.634264035909088975, 66.50000000000000000, -40.19636028956356455 ) ) ;
#2469 = CARTESIAN_POINT ( 'NONE',  ( 17.90244621000400471, 56.48986691850109310, -38.48892574052431570 ) ) ;
#2470 = CARTESIAN_POINT ( 'NONE',  ( -20.80465748621365307, 62.66702457988490238, -4.071256915836563017 ) ) ;
#2471 = CARTESIAN_POINT ( 'NONE',  ( 31.79504099106491566, 35.62728503275118186, -20.70394221733019080 ) ) ;
#2472 = ORIENTED_EDGE ( 'NONE', *, *, #2458, .F. ) ;
#2473 = EDGE_CURVE ( 'NONE', #2531, #2660, #2153, .T. ) ;
#2474 = CARTESIAN_POINT ( 'NONE',  ( 0.2096402955049926353, 66.33349310273162303, 20.50000000000001066 ) ) ;
#2475 = CARTESIAN_POINT ( 'NONE',  ( 7.152777777777776791, 67.82074063472944658, -22.46090691609706624 ) ) ;
#2476 = CARTESIAN_POINT ( 'NONE',  ( 20.19528161866399785, 63.03994888386416307, -7.119411730303156105 ) ) ;
#2477 = ORIENTED_EDGE ( 'NONE', *, *, #331, .T. ) ;
#2478 = CARTESIAN_POINT ( 'NONE',  ( 0.4404402905782810462, 66.65581040411412062, 20.43953152828009578 ) ) ;
#2479 = CARTESIAN_POINT ( 'NONE',  ( -31.46473048654694438, -57.42382817259707650, -17.06459274422646644 ) ) ;
#2480 = CARTESIAN_POINT ( 'NONE',  ( -16.43535183143523426, 64.85151183581390910, 13.30843595350034825 ) ) ;
#2481 = EDGE_CURVE ( 'NONE', #1824, #805, #1634, .T. ) ;
#2482 = CARTESIAN_POINT ( 'NONE',  ( 5.156301726285345666, 66.64447101595901302, 20.00000000000001066 ) ) ;
#2483 = CARTESIAN_POINT ( 'NONE',  ( -31.50000000000000000, 41.50000000000000000, 19.50000000000000711 ) ) ;
#2484 = DIRECTION ( 'NONE',  ( -0.3665902624635156148, 0.000000000000000000, 0.9303824909503245477 ) ) ;
#2485 = ORIENTED_EDGE ( 'NONE', *, *, #620, .T. ) ;
#2486 = LINE ( 'NONE', #2204, #2435 ) ;
#2487 =( BOUNDED_SURFACE ( )  B_SPLINE_SURFACE ( 3, 2, ( 
 ( #1471, #2944, #1454 ),
 ( #1724, #503, #2712 ),
 ( #329, #2434, #1277 ),
 ( #2246, #2005, #1769 ),
 ( #1220, #531, #280 ),
 ( #2911, #1247, #2448 ) ),
 .UNSPECIFIED., .F., .F., .F. ) 
 B_SPLINE_SURFACE_WITH_KNOTS ( ( 4, 2, 4 ),
 ( 3, 3 ),
 ( 1.570796326794896558, 1.898624528150222535, 2.226452729505548511 ),
 ( 0.000000000000000000, 1.000000000000000000 ),
 .UNSPECIFIED. ) 
 GEOMETRIC_REPRESENTATION_ITEM ( )  RATIONAL_B_SPLINE_SURFACE ( (
 ( 1.000000000000000000, 1.000000000000000000, 1.000000000000000000),
 ( 1.000000000000000000, 1.000076506742551885, 1.000000000000000000),
 ( 1.000000000000000000, 0.9908411873155071881, 1.000000000000000000),
 ( 1.000000000000000000, 0.9566309956703584749, 1.000000000000000000),
 ( 1.000000000000000000, 0.9316475777729146257, 1.000000000000000000),
 ( 1.000000000000000000, 0.9023000329515848961, 1.000000000000000000) ) ) 
 REPRESENTATION_ITEM ( '' )  SURFACE ( )  );
#2488 = ORIENTED_EDGE ( 'NONE', *, *, #2931, .F. ) ;
#2489 = CARTESIAN_POINT ( 'NONE',  ( 30.93937764119971234, 33.40740333141622642, -20.95135891477877266 ) ) ;
#2490 = FACE_OUTER_BOUND ( 'NONE', #57, .T. ) ;
#2491 = CARTESIAN_POINT ( 'NONE',  ( 12.26578029207629505, 66.04553772685520130, -20.40195569457010905 ) ) ;
#2492 = B_SPLINE_CURVE_WITH_KNOTS ( 'NONE', 3,
 ( #1564, #2730, #2559, #172, #846, #3026, #1838, #2499, #350, #2791 ),
 .UNSPECIFIED., .F., .F.,
 ( 4, 2, 2, 2, 4 ),
 ( 0.000000000000000000, 0.0005415964301665551371, 0.001083192860333110274, 0.001624789290499665303, 0.002166385720666220548 ),
 .UNSPECIFIED. ) ;
#2493 = ORIENTED_EDGE ( 'NONE', *, *, #686, .F. ) ;
#2494 = CARTESIAN_POINT ( 'NONE',  ( 0.6605613383953572448, 66.63604742840392703, 20.43920938468008686 ) ) ;
#2495 = CARTESIAN_POINT ( 'NONE',  ( -31.03665078617913409, 28.58012841124578429, -20.49999999999999645 ) ) ;
#2496 = CARTESIAN_POINT ( 'NONE',  ( -31.50000000000000000, 66.50000000000000000, 19.50000000000001066 ) ) ;
#2497 = CARTESIAN_POINT ( 'NONE',  ( -23.56525103241226304, 50.52719949104574226, -33.40751552081915321 ) ) ;
#2498 = CARTESIAN_POINT ( 'NONE',  ( 23.50000000000000000, 47.50000000000000000, -29.15868857572773010 ) ) ;
#2499 = CARTESIAN_POINT ( 'NONE',  ( -22.50771967633696491, 51.84552176278663893, -35.10935109486353412 ) ) ;
#2500 = LINE ( 'NONE', #82, #2661 ) ;
#2501 = CARTESIAN_POINT ( 'NONE',  ( 30.17882197037748426, 44.50986905077419920, -25.35099454955811993 ) ) ;
#2502 = ORIENTED_EDGE ( 'NONE', *, *, #1167, .T. ) ;
#2503 =( BOUNDED_SURFACE ( )  B_SPLINE_SURFACE ( 3, 2, ( 
 ( #1579, #1122, #84 ),
 ( #1997, #890, #1849 ),
 ( #1324, #2086, #2803 ),
 ( #2323, #658, #1760 ),
 ( #2718, #1608, #1108 ),
 ( #2288, #140, #3009 ),
 ( #1817, #627, #393 ),
 ( #2789, #642, #406 ),
 ( #949, #706, #471 ),
 ( #2833, #2371, #979 ),
 ( #1941, #2631, #2417 ),
 ( #2882, #1170, #488 ),
 ( #1154, #1438, #1895 ),
 ( #2148, #918, #690 ),
 ( #216, #1642, #2896 ),
 ( #2, #1625, #933 ),
 ( #247, #2848, #263 ),
 ( #200, #2586, #2135 ),
 ( #3086, #1677, #2386 ),
 ( #2399, #1694, #1879 ),
 ( #32, #2601, #501 ),
 ( #437, #1658, #452 ),
 ( #1912, #1388, #2118 ),
 ( #1404, #2353, #722 ),
 ( #3070, #1418, #2647 ),
 ( #2181, #2615, #233 ),
 ( #1185, #2865, #1201 ),
 ( #2165, #17, #962 ),
 ( #1926, #737, #1453 ),
 ( #1218, #63, #1991 ),
 ( #1249, #1015, #568 ),
 ( #2929, #586, #1740 ),
 ( #798, #1473, #2026 ),
 ( #2697, #2008, #2978 ),
 ( #1961, #2913, #2274 ),
 ( #1550, #1737, #796 ),
 ( #2212, #265, #94 ),
 ( #1486, #566, #2480 ),
 ( #2695, #2925, #2679 ),
 ( #2419, #1708, #1233 ),
 ( #60, #2957, #1502 ),
 ( #1515, #1753, #997 ),
 ( #2230, #982, #2466 ),
 ( #781, #1012, #752 ),
 ( #544, #2198, #517 ),
 ( #1972, #310, #811 ),
 ( #1942, #76, #764 ),
 ( #2663, #1043, #1957 ) ),
 .UNSPECIFIED., .F., .F., .T. ) 
 B_SPLINE_SURFACE_WITH_KNOTS ( ( 4, 2, 2, 2, 2, 2, 2, 2, 2, 2, 2, 2, 2, 2, 2, 2, 2, 2, 2, 2, 2, 2, 2, 4 ),
 ( 3, 3 ),
 ( 0.000000000000000000, 0.003445245123817848327, 0.005167867685726772707, 0.006890490247635696654, 0.01033573537145354541, 0.01378098049527139331, 0.01550360305718031725, 0.01722622561908924294, 0.02067147074290709083, 0.02239409330481601651, 0.02411671586672493872, 0.02756196099054278661, 0.02928458355245171230, 0.03100720611436063451, 0.03445245123817848587, 0.03617507380008740808, 0.03789769636199633029, 0.04134294148581418166, 0.04306556404772310387, 0.04478818660963203302, 0.04823343173344987744, 0.04995605429535879966, 0.05167867685726772187, 0.05512392198108557323 ),
 ( 0.000000000000000000, 1.000000000000000000 ),
 .UNSPECIFIED. ) 
 GEOMETRIC_REPRESENTATION_ITEM ( )  RATIONAL_B_SPLINE_SURFACE ( (
 ( 1.000000000000000000, 0.5827775584520070717, 1.000000000000000000),
 ( 1.000000000000000000, 0.5917847393401565181, 1.000000000000000000),
 ( 1.000000000000000000, 0.6036809459958553115, 1.000000000000000000),
 ( 1.000000000000000000, 0.6238480104046261188, 1.000000000000000000),
 ( 1.000000000000000000, 0.6309620532563067208, 1.000000000000000000),
 ( 1.000000000000000000, 0.6457180840503484731, 1.000000000000000000),
 ( 1.000000000000000000, 0.6533954906754788627, 1.000000000000000000),
 ( 1.000000000000000000, 0.6766442501334923865, 1.000000000000000000),
 ( 1.000000000000000000, 0.6922961877546718323, 1.000000000000000000),
 ( 1.000000000000000000, 0.7228596683245978038, 1.000000000000000000),
 ( 1.000000000000000000, 0.7377842777390234419, 1.000000000000000000),
 ( 1.000000000000000000, 0.7591955295190229158, 1.000000000000000000),
 ( 1.000000000000000000, 0.7661812643086862717, 1.000000000000000000),
 ( 1.000000000000000000, 0.7796198798208998637, 1.000000000000000000),
 ( 1.000000000000000000, 0.7860942604255584110, 1.000000000000000000),
 ( 1.000000000000000000, 0.8047493507189825701, 1.000000000000000000),
 ( 1.000000000000000000, 0.8161631845035643984, 1.000000000000000000),
 ( 1.000000000000000000, 0.8316213615678229587, 1.000000000000000000),
 ( 1.000000000000000000, 0.8364968571090060090, 1.000000000000000000),
 ( 1.000000000000000000, 0.8456666667996087794, 1.000000000000000000),
 ( 1.000000000000000000, 0.8499428981322898480, 1.000000000000000000),
 ( 1.000000000000000000, 0.8617096482206635377, 1.000000000000000000),
 ( 1.000000000000000000, 0.8681954425239886142, 1.000000000000000000),
 ( 1.000000000000000000, 0.8758472751702425230, 1.000000000000000000),
 ( 1.000000000000000000, 0.8780510273100614604, 1.000000000000000000),
 ( 1.000000000000000000, 0.8817495295523820609, 1.000000000000000000),
 ( 1.000000000000000000, 0.8832421343223381127, 1.000000000000000000),
 ( 1.000000000000000000, 0.8865783055891428566, 1.000000000000000000),
 ( 1.000000000000000000, 0.8873262034336113491, 1.000000000000000000),
 ( 1.000000000000000000, 0.8864920967855353107, 1.000000000000000000),
 ( 1.000000000000000000, 0.8858877831803886327, 1.000000000000000000),
 ( 1.000000000000000000, 0.8840692850020543947, 1.000000000000000000),
 ( 1.000000000000000000, 0.8828462546639465058, 1.000000000000000000),
 ( 1.000000000000000000, 0.8784103721039233648, 1.000000000000000000),
 ( 1.000000000000000000, 0.8744442002051205920, 1.000000000000000000),
 ( 1.000000000000000000, 0.8675183564878145015, 1.000000000000000000),
 ( 1.000000000000000000, 0.8650464378993475423, 1.000000000000000000),
 ( 1.000000000000000000, 0.8598646676282467594, 1.000000000000000000),
 ( 1.000000000000000000, 0.8571506093299511297, 1.000000000000000000),
 ( 1.000000000000000000, 0.8489354466919274422, 1.000000000000000000),
 ( 1.000000000000000000, 0.8433189827091402968, 1.000000000000000000),
 ( 1.000000000000000000, 0.8352822855330283014, 1.000000000000000000),
 ( 1.000000000000000000, 0.8326679385957561630, 1.000000000000000000),
 ( 1.000000000000000000, 0.8276711945938467485, 1.000000000000000000),
 ( 1.000000000000000000, 0.8252865314081655468, 1.000000000000000000),
 ( 1.000000000000000000, 0.8187350788245336686, 1.000000000000000000),
 ( 1.000000000000000000, 0.8151335809532394006, 1.000000000000000000),
 ( 1.000000000000000000, 0.8126317230853822293, 1.000000000000000000) ) ) 
 REPRESENTATION_ITEM ( '' )  SURFACE ( )  );
#2504 = CARTESIAN_POINT ( 'NONE',  ( 31.91601837605079339, 33.60049432823373650, -20.18452190690971193 ) ) ;
#2505 = CARTESIAN_POINT ( 'NONE',  ( 1.505543009741373339, 66.37712407400216819, 20.48609797151656764 ) ) ;
#2506 = CARTESIAN_POINT ( 'NONE',  ( 13.88849167598767842, 65.69363247048006826, -17.36236385082871791 ) ) ;
#2507 = ORIENTED_EDGE ( 'NONE', *, *, #214, .T. ) ;
#2508 = CARTESIAN_POINT ( 'NONE',  ( -31.02160679924275399, 30.53897379980382709, -20.57204215823002258 ) ) ;
#2509 = LINE ( 'NONE', #583, #668 ) ;
#2510 = EDGE_CURVE ( 'NONE', #316, #673, #2355, .T. ) ;
#2511 = CARTESIAN_POINT ( 'NONE',  ( 31.49999999854472676, -58.40952646950211857, -16.36319180252267458 ) ) ;
#2512 = CARTESIAN_POINT ( 'NONE',  ( 0.6605613383953572448, 66.63604742840392703, 20.43920938468008686 ) ) ;
#2513 = CARTESIAN_POINT ( 'NONE',  ( 21.06608424651857447, 54.05406929178532494, -36.31433690477258125 ) ) ;
#2514 = AXIS2_PLACEMENT_3D ( 'NONE', #2782, #400, #665 ) ;
#2515 = CARTESIAN_POINT ( 'NONE',  ( -31.03665078617913409, 28.58012841124578429, -20.49999999999999645 ) ) ;
#2516 = ORIENTED_EDGE ( 'NONE', *, *, #2903, .T. ) ;
#2517 = CARTESIAN_POINT ( 'NONE',  ( 31.03665078617913409, 28.58012841124578429, -20.49999999999999645 ) ) ;
#2518 = CARTESIAN_POINT ( 'NONE',  ( -31.32309889302701578, 39.89889825042720872, -22.39109088191412766 ) ) ;
#2519 = VERTEX_POINT ( 'NONE', #2635 ) ;
#2520 = DIRECTION ( 'NONE',  ( 0.000000000000000000, -0.9396926207859126468, 0.3420201433256569445 ) ) ;
#2521 = AXIS2_PLACEMENT_3D ( 'NONE', #2483, #1712, #2930 ) ;
#2522 = CARTESIAN_POINT ( 'NONE',  ( 32.36381032265038726, -54.92517595371467110, -17.48187174842878022 ) ) ;
#2523 = CARTESIAN_POINT ( 'NONE',  ( -20.11466702072091906, 63.08458382525249419, -7.361766967043061882 ) ) ;
#2524 = CARTESIAN_POINT ( 'NONE',  ( 9.191357142136254765, 67.12504733289115677, 18.00426028884351481 ) ) ;
#2525 = DIRECTION ( 'NONE',  ( 1.000000000000000000, 0.000000000000000000, 0.000000000000000000 ) ) ;
#2526 = CARTESIAN_POINT ( 'NONE',  ( -31.50000000000000000, -59.33962576127146349, -15.56612940165997117 ) ) ;
#2527 = FACE_OUTER_BOUND ( 'NONE', #2596, .T. ) ;
#2528 = ORIENTED_EDGE ( 'NONE', *, *, #2550, .F. ) ;
#2529 = DIRECTION ( 'NONE',  ( 0.000000000000000000, 0.000000000000000000, 1.000000000000000000 ) ) ;
#2530 = MECHANICAL_DESIGN_GEOMETRIC_PRESENTATION_REPRESENTATION (  '', ( #1526 ), #2132 ) ;
#2531 = VERTEX_POINT ( 'NONE', #1159 ) ;
#2532 = CARTESIAN_POINT ( 'NONE',  ( 30.97630991492428265, 32.45525100326479873, -20.78318692553267866 ) ) ;
#2533 = VECTOR ( 'NONE', #2795, 1000.000000000000000 ) ;
#2534 = DIRECTION ( 'NONE',  ( 0.000000000000000000, -0.9396926207859126468, 0.3420201433256569445 ) ) ;
#2535 = PRODUCT ( 'Walker_Front_Wheel_Mount', 'Walker_Front_Wheel_Mount', '', ( #898 ) ) ;
#2536 = ORIENTED_EDGE ( 'NONE', *, *, #183, .T. ) ;
#2537 = EDGE_CURVE ( 'NONE', #2590, #2660, #2287, .T. ) ;
#2538 = CARTESIAN_POINT ( 'NONE',  ( 28.36776450579301567, 45.98937830508592128, -27.46265028888233672 ) ) ;
#2539 = CARTESIAN_POINT ( 'NONE',  ( 31.50000000000000000, 41.50000000000000000, 20.50000000000000711 ) ) ;
#2540 = CARTESIAN_POINT ( 'NONE',  ( -17.42661822534489247, 64.44677731860484471, -14.00424115637587796 ) ) ;
#2541 = CARTESIAN_POINT ( 'NONE',  ( 31.98011523563432945, -50.76754113399062618, -19.94700057483464306 ) ) ;
#2542 = DIRECTION ( 'NONE',  ( 0.9985571981072971504, 0.05369843673799441081, -0.000000000000000000 ) ) ;
#2543 = CARTESIAN_POINT ( 'NONE',  ( -1.372453277751519041, 66.77837297014052353, 20.36409385255434756 ) ) ;
#2544 = ORIENTED_EDGE ( 'NONE', *, *, #2429, .F. ) ;
#2545 = CARTESIAN_POINT ( 'NONE',  ( 23.50000000000000000, -66.50000000000000000, 153.1084461865080470 ) ) ;
#2546 = EDGE_CURVE ( 'NONE', #867, #2875, #1787, .T. ) ;
#2547 = ORIENTED_EDGE ( 'NONE', *, *, #3029, .T. ) ;
#2548 = CARTESIAN_POINT ( 'NONE',  ( -4.317749780804228443, 67.16534472962403868, 19.78577673970993800 ) ) ;
#2549 = CARTESIAN_POINT ( 'NONE',  ( -31.50000000000000000, -58.40966437128071220, -16.36307362554556732 ) ) ;
#2550 = EDGE_CURVE ( 'NONE', #2875, #867, #2835, .T. ) ;
#2551 = DIRECTION ( 'NONE',  ( 0.000000000000000000, 0.000000000000000000, -1.000000000000000000 ) ) ;
#2552 = EDGE_CURVE ( 'NONE', #646, #210, #923, .T. ) ;
#2553 = VERTEX_POINT ( 'NONE', #1698 ) ;
#2554 = EDGE_CURVE ( 'NONE', #2157, #3027, #2988, .T. ) ;
#2555 = DIRECTION ( 'NONE',  ( 0.000000000000000000, 1.000000000000000000, 0.000000000000000000 ) ) ;
#2556 = ORIENTED_EDGE ( 'NONE', *, *, #2779, .T. ) ;
#2557 = LINE ( 'NONE', #2305, #430 ) ;
#2558 = CARTESIAN_POINT ( 'NONE',  ( 31.03665078617913409, 28.58012841124578429, -20.49999999999999645 ) ) ;
#2559 = CARTESIAN_POINT ( 'NONE',  ( -22.91596048536897712, 50.86931812675631193, -34.13959479776750072 ) ) ;
#2560 = ORIENTED_EDGE ( 'NONE', *, *, #228, .F. ) ;
#2561 = FACE_OUTER_BOUND ( 'NONE', #1721, .T. ) ;
#2562 = CARTESIAN_POINT ( 'NONE',  ( 11.87972578593379680, 67.30691159283195191, -19.63389190720356225 ) ) ;
#2563 = ORIENTED_EDGE ( 'NONE', *, *, #2552, .F. ) ;
#2564 = CARTESIAN_POINT ( 'NONE',  ( 29.96610880694625934, 43.97016012871527835, -25.79170809536161713 ) ) ;
#2565 = CARTESIAN_POINT ( 'NONE',  ( -9.634264035909092527, 66.50000000000001421, -40.19636028956356455 ) ) ;
#2566 = EDGE_CURVE ( 'NONE', #1981, #398, #1313, .T. ) ;
#2567 = VERTEX_POINT ( 'NONE', #2345 ) ;
#2568 = DIRECTION ( 'NONE',  ( 0.000000000000000000, 0.000000000000000000, -1.000000000000000000 ) ) ;
#2569 = CARTESIAN_POINT ( 'NONE',  ( -31.39160712739706582, -55.86411696335823507, -17.98089880374243066 ) ) ;
#2570 = ORIENTED_EDGE ( 'NONE', *, *, #2653, .T. ) ;
#2571 = CARTESIAN_POINT ( 'NONE',  ( -17.69369359071762204, 64.32903666654864594, -13.51720471368485654 ) ) ;
#2572 = CARTESIAN_POINT ( 'NONE',  ( 20.54003897365950593, 63.41259702529197995, -2.056853737059443965 ) ) ;
#2573 = AXIS2_PLACEMENT_3D ( 'NONE', #291, #497, #2461 ) ;
#2574 = CARTESIAN_POINT ( 'NONE',  ( 8.134369789151534746, 66.49195020342773432, 19.50000000000000711 ) ) ;
#2575 = ORIENTED_EDGE ( 'NONE', *, *, #1570, .F. ) ;
#2576 = DIRECTION ( 'NONE',  ( 0.000000000000000000, 0.3420201433256568890, 0.9396926207859127578 ) ) ;
#2577 = CARTESIAN_POINT ( 'NONE',  ( -10.04612871092086301, 64.47521579134885883, -42.02037803470896904 ) ) ;
#2578 = CARTESIAN_POINT ( 'NONE',  ( -29.98714971180850597, 41.49011048610029917, -24.07034814225525921 ) ) ;
#2579 = CARTESIAN_POINT ( 'NONE',  ( 30.71211015777652165, 41.59080417916902661, -24.12987069342814905 ) ) ;
#2580 = CARTESIAN_POINT ( 'NONE',  ( 4.411143572507971733, 66.70060049448109396, 20.10429540412453875 ) ) ;
#2581 = ORIENTED_EDGE ( 'NONE', *, *, #1197, .F. ) ;
#2582 = CARTESIAN_POINT ( 'NONE',  ( 11.99846378363261046, 66.73718944650349272, 16.35043100137933436 ) ) ;
#2583 = CARTESIAN_POINT ( 'NONE',  ( -32.26558176012589030, -53.29830706906749782, -18.22888495753983662 ) ) ;
#2584 = ORIENTED_EDGE ( 'NONE', *, *, #1339, .T. ) ;
#2585 = AXIS2_PLACEMENT_3D ( 'NONE', #1087, #3035, #2038 ) ;
#2586 = CARTESIAN_POINT ( 'NONE',  ( -19.47125881031870165, 63.45740846133143975, -7.498462737075074713 ) ) ;
#2587 = CARTESIAN_POINT ( 'NONE',  ( -27.31619758759332228, 49.02635234483981463, -30.04879778794234113 ) ) ;
#2588 = CIRCLE ( 'NONE', #2040, 25.00000000000000000 ) ;
#2589 = CARTESIAN_POINT ( 'NONE',  ( 13.37554227110706329, 65.80368692105432160, 16.33697817688632270 ) ) ;
#2590 = VERTEX_POINT ( 'NONE', #1884 ) ;
#2591 = CARTESIAN_POINT ( 'NONE',  ( 16.21573936245026815, 65.92096242431222208, -14.76989105523461632 ) ) ;
#2592 = CARTESIAN_POINT ( 'NONE',  ( -27.31619758759331873, 55.54701961682563649, -30.04879778794234113 ) ) ;
#2593 = CARTESIAN_POINT ( 'NONE',  ( -30.38349677233117063, 39.37949965286989595, -22.94775823738374143 ) ) ;
#2594 = CARTESIAN_POINT ( 'NONE',  ( 27.09934453818757660, 48.45510100852488478, -30.33072963378339182 ) ) ;
#2595 = CARTESIAN_POINT ( 'NONE',  ( -32.50000000000000000, 41.50000000000000000, -14.80680601621314452 ) ) ;
#2596 = EDGE_LOOP ( 'NONE', ( #878, #325, #2996 ) ) ;
#2597 = CARTESIAN_POINT ( 'NONE',  ( -28.36433910337063580, 45.99512282238597294, -27.46836578593798350 ) ) ;
#2598 = DIRECTION ( 'NONE',  ( 0.000000000000000000, 1.000000000000000000, 0.000000000000000000 ) ) ;
#2599 = ORIENTED_EDGE ( 'NONE', *, *, #2162, .T. ) ;
#2600 = CARTESIAN_POINT ( 'NONE',  ( -3.215268072980226766, 67.05346946707571476, 20.03348442469812696 ) ) ;
#2601 = CARTESIAN_POINT ( 'NONE',  ( -20.03520753420029266, 63.13903280148495867, -5.333938033136645274 ) ) ;
#2602 = CARTESIAN_POINT ( 'NONE',  ( 20.36287864730866559, 63.55573091687553955, -3.709779140348041793 ) ) ;
#2603 = CARTESIAN_POINT ( 'NONE',  ( 20.70615778605375468, 62.72760745049726694, -4.603289252453685698 ) ) ;
#2604 = EDGE_CURVE ( 'NONE', #2019, #116, #1423, .T. ) ;
#2605 = CARTESIAN_POINT ( 'NONE',  ( -4.723197763962922124, 66.50000000000000000, -22.91380088906745627 ) ) ;
#2606 = CARTESIAN_POINT ( 'NONE',  ( -0.6284952539996876419, 66.29420316860070272, 20.50000000000001066 ) ) ;
#2607 = CARTESIAN_POINT ( 'NONE',  ( -31.50000000000000000, -46.00000000000000000, 19.50000000000001776 ) ) ;
#2608 = CARTESIAN_POINT ( 'NONE',  ( -21.91745806721057477, 52.98191001851803605, -35.63856636260533861 ) ) ;
#2609 = ADVANCED_FACE ( 'NONE', ( #1665 ), #2078, .T. ) ;
#2610 = ORIENTED_EDGE ( 'NONE', *, *, #244, .F. ) ;
#2611 = CIRCLE ( 'NONE', #362, 10.00000000000000178 ) ;
#2612 = DIRECTION ( 'NONE',  ( 0.000000000000000000, -0.7071067811865466846, -0.7071067811865484609 ) ) ;
#2613 = EDGE_LOOP ( 'NONE', ( #2809, #2536, #3050, #1767 ) ) ;
#2614 = CARTESIAN_POINT ( 'NONE',  ( -5.921913460793353678, 66.58377945070920134, 19.89801163385053329 ) ) ;
#2615 = CARTESIAN_POINT ( 'NONE',  ( -20.59125283867167866, 62.80504084102849305, 0.7944282711732900681 ) ) ;
#2616 = LINE ( 'NONE', #1643, #582 ) ;
#2617 = ADVANCED_BREP_SHAPE_REPRESENTATION ( 'Walker_Front_Wheel_Mount', ( #1777, #943 ), #701 ) ;
#2618 = CARTESIAN_POINT ( 'NONE',  ( 14.64500077741493733, 65.47318801568737001, 15.25878259353540933 ) ) ;
#2619 = CARTESIAN_POINT ( 'NONE',  ( -22.92089022261628628, 61.21196254255801250, -34.79800681185468392 ) ) ;
#2620 = CARTESIAN_POINT ( 'NONE',  ( -28.98168660818329556, 53.55146857189607346, -27.88348632430585283 ) ) ;
#2621 = CARTESIAN_POINT ( 'NONE',  ( -30.44926585434254918, 38.94296326712277789, -22.74376495053879310 ) ) ;
#2622 = CARTESIAN_POINT ( 'NONE',  ( -8.108994997585460496, 65.49227219529063859, 20.50000000000001066 ) ) ;
#2623 = ORIENTED_EDGE ( 'NONE', *, *, #1669, .T. ) ;
#2624 = CARTESIAN_POINT ( 'NONE',  ( 7.446793395951939232, 66.51058874919824859, 19.63503493648900289 ) ) ;
#2625 = PLANE ( 'NONE',  #1129 ) ;
#2626 = CARTESIAN_POINT ( 'NONE',  ( 31.03665078617913053, 28.58012841124578429, -19.49999999999999645 ) ) ;
#2627 = EDGE_LOOP ( 'NONE', ( #15, #160, #466, #2831 ) ) ;
#2628 = AXIS2_PLACEMENT_3D ( 'NONE', #2104, #2087, #3039 ) ;
#2629 = EDGE_CURVE ( 'NONE', #1863, #1168, #1791, .T. ) ;
#2630 = CARTESIAN_POINT ( 'NONE',  ( -5.077431562911042029, 66.82162555717738428, 19.70663940605471609 ) ) ;
#2631 = CARTESIAN_POINT ( 'NONE',  ( -15.90561943110854592, 65.06499201074649363, -14.87897806220815333 ) ) ;
#2632 = AXIS2_PLACEMENT_3D ( 'NONE', #1443, #970, #2701 ) ;
#2633 = CARTESIAN_POINT ( 'NONE',  ( 21.07893494962662118, 62.49092301652245851, -0.6770531610106050868 ) ) ;
#2634 = CARTESIAN_POINT ( 'NONE',  ( -32.01734456893660763, -47.17342972939589174, -19.69554974932445646 ) ) ;
#2635 = CARTESIAN_POINT ( 'NONE',  ( 0.6605613383953572448, 66.63604742840392703, 20.43920938468008686 ) ) ;
#2636 = CARTESIAN_POINT ( 'NONE',  ( -30.62070912719417848, 37.60037276793079286, -22.17896890569563695 ) ) ;
#2637 = CARTESIAN_POINT ( 'NONE',  ( -9.170250885332499990, 66.46565647015677314, 19.04220096201865786 ) ) ;
#2638 = CARTESIAN_POINT ( 'NONE',  ( -5.156301726285440701, 66.64447101595899881, 20.00000000000001421 ) ) ;
#2639 = EDGE_CURVE ( 'NONE', #1986, #1268, #64, .T. ) ;
#2640 = ORIENTED_EDGE ( 'NONE', *, *, #1060, .T. ) ;
#2641 = ADVANCED_FACE ( 'NONE', ( #1518 ), #1504, .T. ) ;
#2642 = CARTESIAN_POINT ( 'NONE',  ( -20.59550103570970947, 63.35881551827232983, -0.9878231389393988815 ) ) ;
#2643 = DIRECTION ( 'NONE',  ( 0.000000000000000000, -1.000000000000000000, 0.000000000000000000 ) ) ;
#2644 = CARTESIAN_POINT ( 'NONE',  ( 19.73639975406924663, 63.30648937988463132, 7.581635551834320808 ) ) ;
#2645 = ORIENTED_EDGE ( 'NONE', *, *, #1436, .T. ) ;
#2646 = CARTESIAN_POINT ( 'NONE',  ( 7.500000000000000000, 41.50000000000000000, 20.50000000000000711 ) ) ;
#2647 = CARTESIAN_POINT ( 'NONE',  ( -21.06430097618842723, 62.50023666085633067, -0.3361215199754054028 ) ) ;
#2648 = CARTESIAN_POINT ( 'NONE',  ( 5.021876440472818004, 65.78894203191801182, 20.50000000000001066 ) ) ;
#2649 = CARTESIAN_POINT ( 'NONE',  ( 4.868956643948043173, 67.83478013870387713, -23.36589042107081582 ) ) ;
#2650 = CARTESIAN_POINT ( 'NONE',  ( -32.07063523806749572, 46.79233297254992152, -20.09913898876897420 ) ) ;
#2651 = CARTESIAN_POINT ( 'NONE',  ( 27.31619758759332228, 49.02635234483982174, -30.04879778794235889 ) ) ;
#2652 = CARTESIAN_POINT ( 'NONE',  ( 3.581958246106077937, 67.09311243421706195, 19.95382800886153518 ) ) ;
#2653 = EDGE_CURVE ( 'NONE', #2676, #1102, #1637, .T. ) ;
#2654 = CARTESIAN_POINT ( 'NONE',  ( -5.111493297681297676, 66.35929468794532227, 20.50000000000001421 ) ) ;
#2655 = ORIENTED_EDGE ( 'NONE', *, *, #559, .F. ) ;
#2656 = B_SPLINE_CURVE_WITH_KNOTS ( 'NONE', 3,
 ( #2057, #1657, #2614, #1184 ),
 .UNSPECIFIED., .F., .F.,
 ( 4, 4 ),
 ( 8.673617379884035472E-19, 0.002323266384834046620 ),
 .UNSPECIFIED. ) ;
#2657 = CARTESIAN_POINT ( 'NONE',  ( -11.12204909230815097, 66.88136377429879076, 16.90097303993920264 ) ) ;
#2658 = CARTESIAN_POINT ( 'NONE',  ( -7.500000000000000888, 64.54000000000000625, -40.66283087266116780 ) ) ;
#2659 = CARTESIAN_POINT ( 'NONE',  ( 20.54714218439631068, 63.40631231931326539, -1.958330142248988048 ) ) ;
#2660 = VERTEX_POINT ( 'NONE', #2682 ) ;
#2661 = VECTOR ( 'NONE', #114, 1000.000000000000000 ) ;
#2662 = CARTESIAN_POINT ( 'NONE',  ( -23.50000000000000000, 66.50000000000000000, -20.49999999999998934 ) ) ;
#2663 = CARTESIAN_POINT ( 'NONE',  ( -7.152777777777782120, 67.17925936527056763, 18.88884222155730797 ) ) ;
#2664 = CARTESIAN_POINT ( 'NONE',  ( 4.397104447735613597, 66.70165799812670571, 20.10626038080570055 ) ) ;
#2665 = CARTESIAN_POINT ( 'NONE',  ( -32.17495801165720337, -51.69526999437115222, -18.84751503327084166 ) ) ;
#2666 = CARTESIAN_POINT ( 'NONE',  ( -32.49999999999999289, 41.50000000000009237, -14.80680601621322623 ) ) ;
#2667 = CARTESIAN_POINT ( 'NONE',  ( -31.03665078617913409, 28.58012841124578074, -20.49999999999999645 ) ) ;
#2668 = CARTESIAN_POINT ( 'NONE',  ( 4.806832263158331564, 66.63921632717469379, 20.09939045643120892 ) ) ;
#2669 = CARTESIAN_POINT ( 'NONE',  ( 6.685104936004463205, 66.53240098718177364, 19.77533627718355191 ) ) ;
#2670 = VECTOR ( 'NONE', #1250, 1000.000000000000000 ) ;
#2671 = ORIENTED_EDGE ( 'NONE', *, *, #2184, .F. ) ;
#2672 = CARTESIAN_POINT ( 'NONE',  ( -18.68186389757261878, 64.66951427107137818, -10.04825668116924042 ) ) ;
#2673 = AXIS2_PLACEMENT_3D ( 'NONE', #2910, #1987, #1484 ) ;
#2674 = CARTESIAN_POINT ( 'NONE',  ( 5.808512545103243774, 65.66534155928967209, 20.50000000000001066 ) ) ;
#2675 = CARTESIAN_POINT ( 'NONE',  ( 20.75026201931891379, 62.70008912561087300, -4.326268687456643391 ) ) ;
#2676 = VERTEX_POINT ( 'NONE', #269 ) ;
#2677 = CARTESIAN_POINT ( 'NONE',  ( 7.393586791903875799, 65.52117749839651140, 20.50000000000001066 ) ) ;
#2678 = EDGE_CURVE ( 'NONE', #1759, #1298, #1615, .T. ) ;
#2679 = CARTESIAN_POINT ( 'NONE',  ( -16.07566059629521149, 64.98646792105999737, 13.73553896631482019 ) ) ;
#2680 = AXIS2_PLACEMENT_3D ( 'NONE', #1114, #368, #2529 ) ;
#2681 = CARTESIAN_POINT ( 'NONE',  ( -7.152777777777776791, 67.82074063472944658, -22.46090691609706624 ) ) ;
#2682 = CARTESIAN_POINT ( 'NONE',  ( -27.31619758759332584, 55.54701961682562938, -30.04879778794234113 ) ) ;
#2683 = EDGE_CURVE ( 'NONE', #2058, #867, #986, .T. ) ;
#2684 = CARTESIAN_POINT ( 'NONE',  ( 22.13907667254460065, 52.55871774023753318, -35.44961454569135384 ) ) ;
#2685 = EDGE_CURVE ( 'NONE', #3084, #1607, #41, .T. ) ;
#2686 = ORIENTED_EDGE ( 'NONE', *, *, #1687, .T. ) ;
#2687 = CARTESIAN_POINT ( 'NONE',  ( -7.446793395951940120, 66.51058874919824859, 19.63503493648900289 ) ) ;
#2688 = CYLINDRICAL_SURFACE ( 'NONE', #874, 20.50000000000001066 ) ;
#2689 = ORIENTED_EDGE ( 'NONE', *, *, #709, .F. ) ;
#2690 = CARTESIAN_POINT ( 'NONE',  ( -17.78528587692445839, 65.16299670551691747, -12.00857778255636887 ) ) ;
#2691 = CARTESIAN_POINT ( 'NONE',  ( -23.50000000000000000, 47.50000000000000000, -29.15868857572773010 ) ) ;
#2692 = CARTESIAN_POINT ( 'NONE',  ( 21.05948115615140281, 62.50372496424593294, 0.8630717291092896426 ) ) ;
#2693 = ORIENTED_EDGE ( 'NONE', *, *, #3024, .F. ) ;
#2694 = CARTESIAN_POINT ( 'NONE',  ( 7.393586791903875799, 65.52117749839651140, 20.50000000000001066 ) ) ;
#2695 = CARTESIAN_POINT ( 'NONE',  ( -15.65856262117902276, 65.70350046882469996, 13.12442808873887756 ) ) ;
#2696 = CARTESIAN_POINT ( 'NONE',  ( 26.28823465490529543, 56.80746963971564867, -31.38525806767104953 ) ) ;
#2697 = CARTESIAN_POINT ( 'NONE',  ( -18.42068947106928078, 64.51228540909275466, 9.184710914408571014 ) ) ;
#2698 = DIRECTION ( 'NONE',  ( -0.000000000000000000, -0.000000000000000000, 1.000000000000000000 ) ) ;
#2699 = EDGE_CURVE ( 'NONE', #1808, #3084, #299, .T. ) ;
#2700 = CARTESIAN_POINT ( 'NONE',  ( -7.952280464721187769, 64.54000000000000625, -42.56993401125425436 ) ) ;
#2701 = DIRECTION ( 'NONE',  ( -1.000000000000000000, 0.000000000000000000, 0.000000000000000000 ) ) ;
#2702 = CARTESIAN_POINT ( 'NONE',  ( 30.45222136055685169, 43.71705483367324518, -24.73484897941349558 ) ) ;
#2703 = CONICAL_SURFACE ( 'NONE', #547, 17.59999999999999432, 0.7853981633974463916 ) ;
#2704 = ORIENTED_EDGE ( 'NONE', *, *, #840, .F. ) ;
#2705 = CARTESIAN_POINT ( 'NONE',  ( -7.152777777777776791, 67.82074063472944658, -22.46090691609706624 ) ) ;
#2706 = EDGE_CURVE ( 'NONE', #1745, #1194, #2023, .T. ) ;
#2707 = CARTESIAN_POINT ( 'NONE',  ( -31.99170127970082333, 31.14963207663398848, -19.82285317551480830 ) ) ;
#2708 = CARTESIAN_POINT ( 'NONE',  ( 19.74461636118993724, 64.00039193894683365, -6.847837051422494881 ) ) ;
#2709 = ORIENTED_EDGE ( 'NONE', *, *, #757, .T. ) ;
#2710 = FACE_OUTER_BOUND ( 'NONE', #1893, .T. ) ;
#2711 = CARTESIAN_POINT ( 'NONE',  ( -7.152777777777778567, 67.17925936527056763, 18.88884222155730797 ) ) ;
#2712 = CARTESIAN_POINT ( 'NONE',  ( 32.49999999999999289, 44.23214154325889069, -17.32474766252483533 ) ) ;
#2713 = CARTESIAN_POINT ( 'NONE',  ( 26.66398495538206603, 57.65696110122132723, -30.94425509267554375 ) ) ;
#2714 = CARTESIAN_POINT ( 'NONE',  ( 22.26070978337934392, 61.69853362655751283, -33.77359506720386406 ) ) ;
#2715 = EDGE_CURVE ( 'NONE', #495, #2660, #2402, .T. ) ;
#2716 = CARTESIAN_POINT ( 'NONE',  ( 27.31619758759331518, 55.54701961682564360, -30.04879778794235534 ) ) ;
#2717 = ORIENTED_EDGE ( 'NONE', *, *, #1320, .T. ) ;
#2718 = CARTESIAN_POINT ( 'NONE',  ( -10.98707430700782517, 67.48083285894196592, -20.33099385545639137 ) ) ;
#2719 = CARTESIAN_POINT ( 'NONE',  ( -0.6605613383959643148, 66.63604742840398387, 20.43920938468004778 ) ) ;
#2720 = ORIENTED_EDGE ( 'NONE', *, *, #2715, .T. ) ;
#2721 =( BOUNDED_SURFACE ( )  B_SPLINE_SURFACE ( 3, 2, ( 
 ( #2624, #1719, #483 ),
 ( #2395, #975, #748 ),
 ( #1431, #734, #2674 ),
 ( #1938, #1465, #1449 ) ),
 .UNSPECIFIED., .F., .F., .T. ) 
 B_SPLINE_SURFACE_WITH_KNOTS ( ( 4, 4 ),
 ( 3, 3 ),
 ( 4.336808689942017736E-19, 0.002386777709904401839 ),
 ( 0.000000000000000000, 1.000000000000000000 ),
 .UNSPECIFIED. ) 
 GEOMETRIC_REPRESENTATION_ITEM ( )  RATIONAL_B_SPLINE_SURFACE ( (
 ( 1.000000000000000000, 0.7533375526578351966, 1.000000000000000000),
 ( 1.000000000000000000, 0.7989671469226873324, 1.000000000000000000),
 ( 1.000000000000000000, 0.8360068057526343077, 1.000000000000000000),
 ( 1.000000000000000000, 0.8660254037844405950, 1.000000000000000000) ) ) 
 REPRESENTATION_ITEM ( '' )  SURFACE ( )  );
#2722 = CARTESIAN_POINT ( 'NONE',  ( 31.74578789321990513, 33.43800481033061800, -20.95691703617390900 ) ) ;
#2723 = CARTESIAN_POINT ( 'NONE',  ( -31.91267158453490893, 33.67621788522559001, -20.19991860111807824 ) ) ;
#2724 = FACE_OUTER_BOUND ( 'NONE', #1391, .T. ) ;
#2725 = ORIENTED_EDGE ( 'NONE', *, *, #83, .F. ) ;
#2726 = FACE_OUTER_BOUND ( 'NONE', #609, .T. ) ;
#2727 = CARTESIAN_POINT ( 'NONE',  ( 30.45487893087021547, 38.96387030025628917, -22.73832641257311593 ) ) ;
#2728 = CYLINDRICAL_SURFACE ( 'NONE', #2268, 1.000000000000000888 ) ;
#2729 = CARTESIAN_POINT ( 'NONE',  ( 31.13722279025319750, -50.79963095877835144, -19.93941913371643437 ) ) ;
#2730 = CARTESIAN_POINT ( 'NONE',  ( -22.94943356452151662, 50.77354597919998014, -33.98979685041584275 ) ) ;
#2731 = CARTESIAN_POINT ( 'NONE',  ( -18.46621236691882473, 62.31517326708501514, -38.15155758726385216 ) ) ;
#2732 = B_SPLINE_CURVE_WITH_KNOTS ( 'NONE', 3,
 ( #2705, #321, #2892, #973, #1703, #258, #1269, #2239, #1952, #275, #1732, #87, #1022, #2690, #1982, #2672, #54, #525, #539, #2876, #1494, #2459, #1480, #2642, #732, #1689, #760, #2938, #558, #1447, #304, #1258, #2443, #290, #1242, #791, #496, #1510, #2411, #1210, #2177, #28, #1937, #2657, #1227, #2194, #43, #1525 ),
 .UNSPECIFIED., .F., .F.,
 ( 4, 2, 2, 2, 2, 2, 2, 2, 2, 2, 2, 2, 2, 2, 2, 2, 2, 2, 2, 2, 2, 2, 2, 4 ),
 ( 0.000000000000000000, 0.003301045009065411463, 0.004951567513598116761, 0.006602090018130822927, 0.009903135027196231788, 0.01320418003626163891, 0.01485470254079434074, 0.01650522504532704604, 0.01980627005439246704, 0.02145679255892517581, 0.02310731506345788458, 0.02640836007252329518, 0.02805888257705600394, 0.02970940508158870577, 0.03301045009065412678, 0.03466097259518683554, 0.03631149509971954431, 0.03961254010878495491, 0.04126306261331766367, 0.04291358511785037244, 0.04621463012691578304, 0.04786515263144849874, 0.04951567513598121445, 0.05281672014504663892 ),
 .UNSPECIFIED. ) ;
#2733 = VECTOR ( 'NONE', #2844, 1000.000000000000000 ) ;
#2734 = ORIENTED_EDGE ( 'NONE', *, *, #312, .T. ) ;
#2735 = EDGE_CURVE ( 'NONE', #2752, #403, #1962, .T. ) ;
#2736 = CARTESIAN_POINT ( 'NONE',  ( -3.590502491188639400, 67.10226607173581215, 19.95951180938634195 ) ) ;
#2737 = CYLINDRICAL_SURFACE ( 'NONE', #1394, 12.69999999999999929 ) ;
#2738 = CARTESIAN_POINT ( 'NONE',  ( 13.89381831322316785, 65.68270433296514454, -18.88119228424104534 ) ) ;
#2739 = AXIS2_PLACEMENT_3D ( 'NONE', #1674, #1862, #2814 ) ;
#2740 = EDGE_CURVE ( 'NONE', #1824, #1245, #1016, .T. ) ;
#2741 = ORIENTED_EDGE ( 'NONE', *, *, #2639, .T. ) ;
#2742 = CARTESIAN_POINT ( 'NONE',  ( 1.835383851589512080E-15, 64.54000000000000625, -9.038043478260849639 ) ) ;
#2743 = CARTESIAN_POINT ( 'NONE',  ( -31.03367414334518415, 29.56055159938348709, -20.51442560617229205 ) ) ;
#2744 = DIRECTION ( 'NONE',  ( 8.659560562354915602E-17, -0.4226182617407124864, 0.9063077870366438304 ) ) ;
#2745 = DIRECTION ( 'NONE',  ( 0.000000000000000000, 0.000000000000000000, 1.000000000000000000 ) ) ;
#2746 = DIRECTION ( 'NONE',  ( 0.09339321144796151886, 0.9956293025295289700, 0.000000000000000000 ) ) ;
#2747 = CARTESIAN_POINT ( 'NONE',  ( 20.88219616351672059, 61.06684135749184605, -36.46951048377987803 ) ) ;
#2748 = DIRECTION ( 'NONE',  ( 0.000000000000000000, 0.000000000000000000, 1.000000000000000000 ) ) ;
#2749 = EDGE_CURVE ( 'NONE', #1398, #1540, #250, .T. ) ;
#2750 = CARTESIAN_POINT ( 'NONE',  ( 31.83220560100270902, 35.07085554587681742, -20.54781777161894141 ) ) ;
#2751 = CARTESIAN_POINT ( 'NONE',  ( 10.56257330348074852, 67.55144359612334881, -20.63426943341047348 ) ) ;
#2752 = VERTEX_POINT ( 'NONE', #2691 ) ;
#2753 = CARTESIAN_POINT ( 'NONE',  ( 30.85800871611348839, 34.83568845864395769, -21.29042232065391715 ) ) ;
#2754 = CARTESIAN_POINT ( 'NONE',  ( 32.03985703002324925, -48.32648485985593823, -19.58617806225009872 ) ) ;
#2755 = CARTESIAN_POINT ( 'NONE',  ( 7.952280464721185993, 64.54000000000000625, -42.56993401125425436 ) ) ;
#2756 = CARTESIAN_POINT ( 'NONE',  ( 8.553809198700859540, 66.50000000000000000, -22.91030266797570647 ) ) ;
#2757 = CARTESIAN_POINT ( 'NONE',  ( -1.393771312999771084, 66.69531666339159415, 20.39329162127974726 ) ) ;
#2758 = AXIS2_PLACEMENT_3D ( 'NONE', #2646, #158, #366 ) ;
#2759 = ORIENTED_EDGE ( 'NONE', *, *, #965, .T. ) ;
#2760 = CARTESIAN_POINT ( 'NONE',  ( -32.50000000000000000, 66.50000000000000000, 20.50000000000001066 ) ) ;
#2761 = EDGE_CURVE ( 'NONE', #1841, #1808, #2969, .T. ) ;
#2762 = ORIENTED_EDGE ( 'NONE', *, *, #1993, .T. ) ;
#2763 = CARTESIAN_POINT ( 'NONE',  ( 7.152777777777776791, 67.17925936527056763, 18.88884222155731507 ) ) ;
#2764 = CARTESIAN_POINT ( 'NONE',  ( -31.39161233716446375, -55.86421917914344704, -17.98084324765251196 ) ) ;
#2765 = FACE_OUTER_BOUND ( 'NONE', #556, .T. ) ;
#2766 = EDGE_LOOP ( 'NONE', ( #2143, #861, #683, #1558, #132 ) ) ;
#2767 = CARTESIAN_POINT ( 'NONE',  ( 30.57124894354402755, 38.07901010683579557, -22.35436628362584699 ) ) ;
#2768 = CARTESIAN_POINT ( 'NONE',  ( 32.17698694216196742, -51.70592529927692027, -18.81583645007782479 ) ) ;
#2769 = EDGE_CURVE ( 'NONE', #495, #1981, #958, .T. ) ;
#2770 = CARTESIAN_POINT ( 'NONE',  ( -9.540594173110862997, 66.43401469277065985, -22.37406093066811508 ) ) ;
#2771 = CARTESIAN_POINT ( 'NONE',  ( -25.72012930626674532, 49.79511346728460097, -32.08514982900173607 ) ) ;
#2772 = VECTOR ( 'NONE', #565, 1000.000000000000000 ) ;
#2773 = CARTESIAN_POINT ( 'NONE',  ( 32.50000000000000711, -59.33962576127146349, -15.56612940165997472 ) ) ;
#2774 = FACE_OUTER_BOUND ( 'NONE', #841, .T. ) ;
#2775 = EDGE_CURVE ( 'NONE', #1199, #1759, #774, .T. ) ;
#2776 = CARTESIAN_POINT ( 'NONE',  ( -4.423642906788438189, 66.68101548139047452, 20.11028851307968068 ) ) ;
#2777 = ORIENTED_EDGE ( 'NONE', *, *, #1331, .T. ) ;
#2778 = CARTESIAN_POINT ( 'NONE',  ( 2.522772406243548627E-15, 105.8630559256868935, 6.173019313294685340 ) ) ;
#2779 = EDGE_CURVE ( 'NONE', #848, #745, #2819, .T. ) ;
#2780 = AXIS2_PLACEMENT_3D ( 'NONE', #1075, #1818, #1058 ) ;
#2781 = EDGE_CURVE ( 'NONE', #1841, #2328, #1722, .T. ) ;
#2782 = CARTESIAN_POINT ( 'NONE',  ( 0.000000000000000000, 98.81744097317836406, -13.18464867489511860 ) ) ;
#2783 = CARTESIAN_POINT ( 'NONE',  ( 30.71428627341191842, 36.68813584379937964, -21.84631971560267161 ) ) ;
#2784 = CARTESIAN_POINT ( 'NONE',  ( 32.50000000000000000, -47.50000000000000000, -5.817072295949958192E-15 ) ) ;
#2785 = AXIS2_PLACEMENT_3D ( 'NONE', #1800, #2520, #391 ) ;
#2786 = ORIENTED_EDGE ( 'NONE', *, *, #1428, .F. ) ;
#2787 = CYLINDRICAL_SURFACE ( 'NONE', #828, 10.00000000000000178 ) ;
#2788 = CARTESIAN_POINT ( 'NONE',  ( 32.50000000000000000, 28.58012841124578785, -45.50000000000000000 ) ) ;
#2789 = CARTESIAN_POINT ( 'NONE',  ( -13.48352857885830680, 66.91248045153608359, -18.18169972217643249 ) ) ;
#2790 = CARTESIAN_POINT ( 'NONE',  ( 31.36767488607507204, -55.35286555058781488, -18.28164380358277796 ) ) ;
#2791 = CARTESIAN_POINT ( 'NONE',  ( -22.35877598295109792, 52.13919045566021282, -35.26229911784856341 ) ) ;
#2792 = ORIENTED_EDGE ( 'NONE', *, *, #2639, .F. ) ;
#2793 = CARTESIAN_POINT ( 'NONE',  ( 31.05794822073530526, -48.42964889003594209, -20.39121227162427985 ) ) ;
#2794 = EDGE_LOOP ( 'NONE', ( #1209, #2846, #595, #2446 ) ) ;
#2795 = DIRECTION ( 'NONE',  ( -0.000000000000000000, -0.000000000000000000, -1.000000000000000000 ) ) ;
#2796 = CARTESIAN_POINT ( 'NONE',  ( -31.36375477031608838, -55.33078848595752675, -18.26343898844133307 ) ) ;
#2797 = ORIENTED_EDGE ( 'NONE', *, *, #881, .F. ) ;
#2798 =( BOUNDED_CURVE ( )  B_SPLINE_CURVE ( 3, ( #1035, #2935, #2902, #2440 ),
 .UNSPECIFIED., .F., .T. ) 
 B_SPLINE_CURVE_WITH_KNOTS ( ( 4, 4 ),
 ( 4.056732577674038609, 4.712388980384689674 ),
 .UNSPECIFIED. ) 
 CURVE ( )  GEOMETRIC_REPRESENTATION_ITEM ( )  RATIONAL_B_SPLINE_CURVE ( ( 1.000000000000000000, 0.9644959120550185006, 0.9644959120550185006, 1.000000000000000000 ) ) 
 REPRESENTATION_ITEM ( '' )  );
#2799 = CARTESIAN_POINT ( 'NONE',  ( 12.01334267015934287, 66.10808696419910291, 16.56821419726735911 ) ) ;
#2800 = CIRCLE ( 'NONE', #1448, 1.000000000000004219 ) ;
#2801 = CARTESIAN_POINT ( 'NONE',  ( -32.04144098536721685, -51.92753189947048043, -19.66138205345714240 ) ) ;
#2802 = ORIENTED_EDGE ( 'NONE', *, *, #1060, .F. ) ;
#2803 = CARTESIAN_POINT ( 'NONE',  ( -9.529176454870244228, 66.43493030143233113, -22.38062822198079616 ) ) ;
#2804 = DIRECTION ( 'NONE',  ( 0.000000000000000000, 0.3420201433256566670, 0.9396926207859127578 ) ) ;
#2805 = CARTESIAN_POINT ( 'NONE',  ( 22.97777718403689207, 50.68931648629446585, -33.83021839698252364 ) ) ;
#2806 = CARTESIAN_POINT ( 'NONE',  ( 22.69231238372627146, 51.43942272139721439, -34.79873366905579246 ) ) ;
#2807 = CARTESIAN_POINT ( 'NONE',  ( 7.152777777777775015, 67.82074063472944658, -22.46090691609706269 ) ) ;
#2808 = CIRCLE ( 'NONE', #2215, 10.00000000000000178 ) ;
#2809 = ORIENTED_EDGE ( 'NONE', *, *, #2162, .F. ) ;
#2810 = LINE ( 'NONE', #1617, #778 ) ;
#2811 = CARTESIAN_POINT ( 'NONE',  ( -31.30549781861231295, -54.23630030246351907, -18.78244325911397183 ) ) ;
#2812 = ORIENTED_EDGE ( 'NONE', *, *, #2552, .T. ) ;
#2813 = CARTESIAN_POINT ( 'NONE',  ( 32.50000000000000000, 0.000000000000000000, 0.000000000000000000 ) ) ;
#2814 = DIRECTION ( 'NONE',  ( -0.3665902624635156148, 0.000000000000000000, -0.9303824909503245477 ) ) ;
#2815 = VERTEX_POINT ( 'NONE', #1733 ) ;
#2816 = CARTESIAN_POINT ( 'NONE',  ( -18.43124619267531727, 63.98485688510528746, -12.03475882107371575 ) ) ;
#2817 = CARTESIAN_POINT ( 'NONE',  ( 11.88679379988220575, 67.30537961337128650, -19.62801092442288464 ) ) ;
#2818 =( BOUNDED_CURVE ( )  B_SPLINE_CURVE ( 3, ( #900, #2336, #2862, #212 ),
 .UNSPECIFIED., .F., .T. ) 
 B_SPLINE_CURVE_WITH_KNOTS ( ( 4, 4 ),
 ( 3.109521071418962723, 3.141592653589793116 ),
 .UNSPECIFIED. ) 
 CURVE ( )  GEOMETRIC_REPRESENTATION_ITEM ( )  RATIONAL_B_SPLINE_CURVE ( ( 1.000000000000000000, 0.9999142863048606777, 0.9999142863048606777, 1.000000000000000000 ) ) 
 REPRESENTATION_ITEM ( '' )  );
#2819 = CIRCLE ( 'NONE', #119, 20.50000000000001066 ) ;
#2820 = CARTESIAN_POINT ( 'NONE',  ( 21.07316330662106196, 62.49473733688403598, 0.4472322696853098245 ) ) ;
#2821 = CONICAL_SURFACE ( 'NONE', #1470, 17.59999999999999432, 0.7853981633974463916 ) ;
#2822 = ORIENTED_EDGE ( 'NONE', *, *, #3029, .F. ) ;
#2823 = CARTESIAN_POINT ( 'NONE',  ( 18.26306448222974765, 64.07001519243767973, -12.43196358078884778 ) ) ;
#2824 = CARTESIAN_POINT ( 'NONE',  ( -27.31619758759331873, 56.74199177172920372, -28.85382563303877390 ) ) ;
#2825 = CARTESIAN_POINT ( 'NONE',  ( -30.16361957709998975, 40.66506183737394764, -23.59396213319961078 ) ) ;
#2826 = FACE_OUTER_BOUND ( 'NONE', #192, .T. ) ;
#2827 = AXIS2_PLACEMENT_3D ( 'NONE', #1048, #1238, #789 ) ;
#2828 = EDGE_LOOP ( 'NONE', ( #440, #704, #289, #1640 ) ) ;
#2829 = CARTESIAN_POINT ( 'NONE',  ( -27.57105522920416973, 47.21133224012531571, -28.74735613376773458 ) ) ;
#2830 = CARTESIAN_POINT ( 'NONE',  ( 0.000000000000000000, 59.35035090017002091, 1.180197344782470736 ) ) ;
#2831 = ORIENTED_EDGE ( 'NONE', *, *, #2683, .F. ) ;
#2832 = CARTESIAN_POINT ( 'NONE',  ( -7.905414247643804515, 66.49776177384977416, 19.54625220343775283 ) ) ;
#2833 = CARTESIAN_POINT ( 'NONE',  ( -15.57157208203139476, 66.19147814999526247, -15.69958177017033840 ) ) ;
#2834 = CARTESIAN_POINT ( 'NONE',  ( 8.194837635924827168, 67.81433470244793682, -22.04798185429974922 ) ) ;
#2835 = CIRCLE ( 'NONE', #433, 10.00000000000000178 ) ;
#2836 = CARTESIAN_POINT ( 'NONE',  ( 20.62177114292553881, 62.78003784347102822, 4.344172323978055417 ) ) ;
#2837 =( BOUNDED_SURFACE ( )  B_SPLINE_SURFACE ( 3, 2, ( 
 ( #2385, #1807, #1328 ),
 ( #1911, #2757, #2543 ),
 ( #2134, #1095, #397 ),
 ( #1437, #382, #2600 ),
 ( #232, #948, #1823 ),
 ( #2776, #2292, #2398 ),
 ( #721, #1676, #2164 ),
 ( #917, #2630, #215 ) ),
 .UNSPECIFIED., .F., .F., .F. ) 
 B_SPLINE_SURFACE_WITH_KNOTS ( ( 4, 2, 2, 4 ),
 ( 3, 3 ),
 ( 0.0006504367893454137978, 0.003027737983823773280, 0.004216388581062952695, 0.005405039178302132978 ),
 ( 0.4307812016682022183, 1.000000000000000000 ),
 .UNSPECIFIED. ) 
 GEOMETRIC_REPRESENTATION_ITEM ( )  RATIONAL_B_SPLINE_SURFACE ( (
 ( 0.9986857301765696970, 0.9984745506322690867, 1.000000000000000000),
 ( 0.9955978032999528438, 0.9948904493940314842, 1.000000000000000000),
 ( 0.9872339397843266084, 0.9851826633030448255, 1.000000000000000000),
 ( 0.9657215508939114290, 0.9602136200774952224, 1.000000000000000000),
 ( 0.9570509456136471194, 0.9501498043321848774, 1.000000000000000000),
 ( 0.9362301306002762669, 0.9259834584787189904, 1.000000000000000000),
 ( 0.9240810474035696664, 0.9118822359211196105, 1.000000000000000000),
 ( 0.9097465763530900862, 0.8952444729512301080, 1.000000000000000000) ) ) 
 REPRESENTATION_ITEM ( '' )  SURFACE ( )  );
#2838 = CARTESIAN_POINT ( 'NONE',  ( -17.46313756479544921, 64.44987207142574448, -36.94892116304395557 ) ) ;
#2839 = DIRECTION ( 'NONE',  ( 0.000000000000000000, 0.000000000000000000, -1.000000000000000000 ) ) ;
#2840 = CARTESIAN_POINT ( 'NONE',  ( -29.01679926095440365, 46.15333801630902144, -27.61753610775436130 ) ) ;
#2841 = CARTESIAN_POINT ( 'NONE',  ( 0.6284952540248137653, 66.29420316859834372, 20.50000000000001066 ) ) ;
#2842 = CARTESIAN_POINT ( 'NONE',  ( -17.08258772752858334, 56.84701479793179857, -38.97196947433774028 ) ) ;
#2843 = VERTEX_POINT ( 'NONE', #2430 ) ;
#2844 = DIRECTION ( 'NONE',  ( -0.000000000000000000, -1.000000000000000000, -1.565164038475314677E-16 ) ) ;
#2845 = CARTESIAN_POINT ( 'NONE',  ( -32.01734456905933968, -47.16479407180064953, -19.69554974870888486 ) ) ;
#2846 = ORIENTED_EDGE ( 'NONE', *, *, #2653, .F. ) ;
#2847 = CARTESIAN_POINT ( 'NONE',  ( -1.215920200780717719, 66.37875913395831162, 20.49059026182552401 ) ) ;
#2848 = CARTESIAN_POINT ( 'NONE',  ( -18.95092116373534097, 63.73655342272618896, -9.083807045198170727 ) ) ;
#2849 = CARTESIAN_POINT ( 'NONE',  ( 19.72474588343171220, 64.01373951601892998, -6.921353988311143013 ) ) ;
#2850 = TOROIDAL_SURFACE ( 'NONE', #1647, 24.00000000000000000, 1.000000000000000000 ) ;
#2851 = CARTESIAN_POINT ( 'NONE',  ( 14.67460604242982036, 65.46979851380382343, -38.33318425860725398 ) ) ;
#2852 = CARTESIAN_POINT ( 'NONE',  ( -7.152777777777774126, 67.82074063472944658, -22.46090691609706624 ) ) ;
#2853 = CARTESIAN_POINT ( 'NONE',  ( 0.000000000000000000, 59.35035090017002091, 1.180197344782470736 ) ) ;
#2854 = CARTESIAN_POINT ( 'NONE',  ( -26.52354968408958769, 48.23995911662465375, -30.05684434333959132 ) ) ;
#2855 = LINE ( 'NONE', #477, #2533 ) ;
#2856 = CARTESIAN_POINT ( 'NONE',  ( -18.30089723534738511, 56.28340714000189138, -38.24262463857094474 ) ) ;
#2857 = EDGE_CURVE ( 'NONE', #1981, #535, #817, .T. ) ;
#2858 = ORIENTED_EDGE ( 'NONE', *, *, #1163, .F. ) ;
#2859 = CIRCLE ( 'NONE', #1508, 0.9999999999999981126 ) ;
#2860 = CARTESIAN_POINT ( 'NONE',  ( 22.16641720548058814, 51.46649528730481649, -35.42590385162932876 ) ) ;
#2861 = CARTESIAN_POINT ( 'NONE',  ( 31.03665078617913409, 66.50000000000000000, -20.49999999999998934 ) ) ;
#2862 = CARTESIAN_POINT ( 'NONE',  ( -0.2202343031112825866, 66.66569316261717404, 20.43969262078592308 ) ) ;
#2863 = ORIENTED_EDGE ( 'NONE', *, *, #2779, .F. ) ;
#2864 = CARTESIAN_POINT ( 'NONE',  ( 5.045785946722971538, 67.16839848467829199, 19.58893232439662668 ) ) ;
#2865 = CARTESIAN_POINT ( 'NONE',  ( -20.56273390278816393, 62.82248770125305271, 1.363774115121089148 ) ) ;
#2866 = CARTESIAN_POINT ( 'NONE',  ( 17.31452619453830977, 65.41081319575516773, -12.94614288927698631 ) ) ;
#2867 = CARTESIAN_POINT ( 'NONE',  ( 11.57450909941703365, 66.17035155784596157, 17.64477730949705503 ) ) ;
#2868 = EDGE_CURVE ( 'NONE', #1230, #1102, #2123, .T. ) ;
#2869 = CARTESIAN_POINT ( 'NONE',  ( -23.61083801778919522, 60.65064229102835469, -34.16588309650727240 ) ) ;
#2870 = CARTESIAN_POINT ( 'NONE',  ( -3.646839653045583773, 66.71419813360257933, 20.19629350304010984 ) ) ;
#2871 = ADVANCED_FACE ( 'NONE', ( #29 ), #2061, .T. ) ;
#2872 = DIRECTION ( 'NONE',  ( 0.3665902624635156148, 0.000000000000000000, -0.9303824909503245477 ) ) ;
#2873 = CARTESIAN_POINT ( 'NONE',  ( -8.134369789151522312, 66.49195020342774853, 19.50000000000001066 ) ) ;
#2874 = CARTESIAN_POINT ( 'NONE',  ( -32.01734456893659342, 28.58012841124578429, -19.69554974932444935 ) ) ;
#2875 = VERTEX_POINT ( 'NONE', #2444 ) ;
#2876 = CARTESIAN_POINT ( 'NONE',  ( -19.96289906551508153, 63.84704970480621711, -5.891206138416073657 ) ) ;
#2877 = CARTESIAN_POINT ( 'NONE',  ( 22.32398643183232068, 52.15259685036755144, -35.29192085090059550 ) ) ;
#2878 = CARTESIAN_POINT ( 'NONE',  ( 18.82970034876182197, 63.78730747544121726, 9.616538345186796732 ) ) ;
#2879 = EDGE_LOOP ( 'NONE', ( #819, #1999, #2311, #165, #137, #2919 ) ) ;
#2880 = B_SPLINE_CURVE_WITH_KNOTS ( 'NONE', 3,
 ( #810, #779, #1288, #2211, #1231, #2447 ),
 .UNSPECIFIED., .F., .F.,
 ( 4, 2, 4 ),
 ( 0.000000000000000000, 0.002839306369127660937, 0.005678612738255313201 ),
 .UNSPECIFIED. ) ;
#2881 = DIRECTION ( 'NONE',  ( 0.000000000000000000, -1.000000000000000000, -1.304303365396095441E-16 ) ) ;
#2882 = CARTESIAN_POINT ( 'NONE',  ( -17.03196111075655850, 65.54205143871305950, -13.41537162107476711 ) ) ;
#2883 = VECTOR ( 'NONE', #180, 1000.000000000000000 ) ;
#2884 = CARTESIAN_POINT ( 'NONE',  ( 18.54052706832775854, 62.28168359302460289, -38.10432675606219988 ) ) ;
#2885 = ADVANCED_FACE ( 'NONE', ( #1672 ), #2721, .T. ) ;
#2886 = DIRECTION ( 'NONE',  ( 0.000000000000000000, 0.000000000000000000, 1.000000000000000000 ) ) ;
#2887 = CARTESIAN_POINT ( 'NONE',  ( -1.405505598835497638, 66.67327484593214137, 20.40022614503772402 ) ) ;
#2888 = LINE ( 'NONE', #2915, #564 ) ;
#2889 = CARTESIAN_POINT ( 'NONE',  ( -7.393586791903874023, 65.52117749839651140, 20.50000000000001066 ) ) ;
#2890 = CARTESIAN_POINT ( 'NONE',  ( -5.021876440473012515, 65.78894203191798340, 20.50000000000001066 ) ) ;
#2891 = ORIENTED_EDGE ( 'NONE', *, *, #2481, .T. ) ;
#2892 = CARTESIAN_POINT ( 'NONE',  ( -9.172383415102890680, 67.73849596183991650, -21.53384077470470004 ) ) ;
#2893 = CARTESIAN_POINT ( 'NONE',  ( -2.096288352718661763, 66.15380222723474901, 20.50000000000001421 ) ) ;
#2894 = CARTESIAN_POINT ( 'NONE',  ( 17.86796562664203947, 64.77864854679921791, 10.12968865223358961 ) ) ;
#2895 = EDGE_LOOP ( 'NONE', ( #2280, #1675 ) ) ;
#2896 = CARTESIAN_POINT ( 'NONE',  ( -18.47565816347676204, 63.96323923382982457, -11.93846277611969775 ) ) ;
#2897 = LINE ( 'NONE', #2420, #1059 ) ;
#2898 = CARTESIAN_POINT ( 'NONE',  ( 2.373528799664151645, 66.50000000000000000, -23.34412422600738779 ) ) ;
#2899 = CARTESIAN_POINT ( 'NONE',  ( 60.78427124746191623, -47.50000000000000000, 9.999999999999996447 ) ) ;
#2900 = CARTESIAN_POINT ( 'NONE',  ( -32.01734456893659342, 28.58012841124578074, -19.69554974932444935 ) ) ;
#2901 = CARTESIAN_POINT ( 'NONE',  ( -12.06758866557141019, 66.08347466335531806, 17.31352465370324367 ) ) ;
#2902 = CARTESIAN_POINT ( 'NONE',  ( 32.49999999999999289, 47.06400582414806166, -19.93459378374799229 ) ) ;
#2903 = EDGE_CURVE ( 'NONE', #3037, #2255, #602, .T. ) ;
#2904 = ORIENTED_EDGE ( 'NONE', *, *, #550, .F. ) ;
#2905 = CARTESIAN_POINT ( 'NONE',  ( 0.6325891556820877337, 66.33784668816967667, 20.50000000000001066 ) ) ;
#2906 = CARTESIAN_POINT ( 'NONE',  ( 24.06886724315538117, 50.76183590358134978, -33.82814380370153629 ) ) ;
#2907 = CARTESIAN_POINT ( 'NONE',  ( 20.20269432644353458, 63.03856916812785016, 4.163403884539964572 ) ) ;
#2908 = ORIENTED_EDGE ( 'NONE', *, *, #2740, .T. ) ;
#2909 = AXIS2_PLACEMENT_3D ( 'NONE', #617, #1566, #1641 ) ;
#2910 = CARTESIAN_POINT ( 'NONE',  ( -61.49137802864845526, -46.00000000000000000, 6.884683795282953156E-15 ) ) ;
#2911 = CARTESIAN_POINT ( 'NONE',  ( 27.31619758759332228, 55.54701961682562938, -30.04879778794234113 ) ) ;
#2912 = CARTESIAN_POINT ( 'NONE',  ( 26.26427379594273859, 58.10960369637948020, -30.11421678360465748 ) ) ;
#2913 = CARTESIAN_POINT ( 'NONE',  ( -17.91429269238918920, 64.24153592656212197, 10.28633715808768478 ) ) ;
#2914 = CARTESIAN_POINT ( 'NONE',  ( -30.70845882717402731, 51.48248939327704221, -25.63850023634882902 ) ) ;
#2915 = CARTESIAN_POINT ( 'NONE',  ( 0.000000000000000000, 84.36724437769595397, 5.589850475599110524 ) ) ;
#2916 = CARTESIAN_POINT ( 'NONE',  ( 4.433004936538790908, 66.65605864374349210, 20.14387756626283377 ) ) ;
#2917 = CARTESIAN_POINT ( 'NONE',  ( 5.921886826191804509, 66.58378156208713960, 19.89801518188870233 ) ) ;
#2918 =( BOUNDED_SURFACE ( )  B_SPLINE_SURFACE ( 3, 2, ( 
 ( #1198, #245, #2606 ),
 ( #2887, #458, #1205 ),
 ( #726, #1409, #8 ),
 ( #2870, #741, #1916 ),
 ( #2375, #2360, #954 ),
 ( #2170, #2391, #1682 ) ),
 .UNSPECIFIED., .F., .F., .T. ) 
 B_SPLINE_SURFACE_WITH_KNOTS ( ( 4, 2, 4 ),
 ( 3, 3 ),
 ( -1.504384724432261677E-15, 0.002211667450469094812, 0.004423334900939693629 ),
 ( 0.000000000000000000, 1.000000000000000000 ),
 .UNSPECIFIED. ) 
 GEOMETRIC_REPRESENTATION_ITEM ( )  RATIONAL_B_SPLINE_SURFACE ( (
 ( 1.000000000000000000, 0.9846850726734703851, 1.000000000000000000),
 ( 1.000000000000000000, 0.9747667178795059728, 1.000000000000000000),
 ( 1.000000000000000000, 0.9602218304468184140, 1.000000000000000000),
 ( 1.000000000000000000, 0.9211559514555394124, 1.000000000000000000),
 ( 1.000000000000000000, 0.8966692667555474783, 1.000000000000000000),
 ( 1.000000000000000000, 0.8660254037844390407, 1.000000000000000000) ) ) 
 REPRESENTATION_ITEM ( '' )  SURFACE ( )  );
#2919 = ORIENTED_EDGE ( 'NONE', *, *, #709, .T. ) ;
#2920 = CARTESIAN_POINT ( 'NONE',  ( -0.2110223655723151015, 66.37715589670590077, 20.50000000000000711 ) ) ;
#2921 = CARTESIAN_POINT ( 'NONE',  ( 25.72012930626654992, 49.79511346730735966, -32.08514982896694789 ) ) ;
#2922 = CARTESIAN_POINT ( 'NONE',  ( 20.38985060695782181, 62.92729248873120440, 3.058342802983487374 ) ) ;
#2923 = ORIENTED_EDGE ( 'NONE', *, *, #1854, .F. ) ;
#2924 = CARTESIAN_POINT ( 'NONE',  ( 8.134369789151532970, 66.49195020342772011, 20.50000000000001066 ) ) ;
#2925 = CARTESIAN_POINT ( 'NONE',  ( -15.66664072191725410, 65.13567882906545492, 13.32100138854635851 ) ) ;
#2926 = FACE_OUTER_BOUND ( 'NONE', #1036, .T. ) ;
#2927 = B_SPLINE_CURVE_WITH_KNOTS ( 'NONE', 3,
 ( #615, #1126, #3041, #1821, #587, #2498 ),
 .UNSPECIFIED., .F., .F.,
 ( 4, 2, 4 ),
 ( 0.01020734938725859423, 0.01305277770363830886, 0.01589820602001801308 ),
 .UNSPECIFIED. ) ;
#2928 = AXIS2_PLACEMENT_3D ( 'NONE', #625, #2555, #1815 ) ;
#2929 = CARTESIAN_POINT ( 'NONE',  ( -19.28709681843301382, 64.05466399185807802, 7.190840219733889427 ) ) ;
#2930 = DIRECTION ( 'NONE',  ( 0.000000000000000000, 0.000000000000000000, 1.000000000000000000 ) ) ;
#2931 = EDGE_CURVE ( 'NONE', #2531, #1763, #1041, .T. ) ;
#2932 = CARTESIAN_POINT ( 'NONE',  ( -22.37966428658542029, 60.11241483818508158, -35.26211877380185911 ) ) ;
#2933 = ORIENTED_EDGE ( 'NONE', *, *, #620, .F. ) ;
#2934 = CARTESIAN_POINT ( 'NONE',  ( 2.112518788206326104, 66.90895957233618674, 20.24987853109079339 ) ) ;
#2935 = CARTESIAN_POINT ( 'NONE',  ( 30.70845882717402731, 52.33169422013569516, -24.78929540949020804 ) ) ;
#2936 = ORIENTED_EDGE ( 'NONE', *, *, #2306, .T. ) ;
#2937 =( BOUNDED_SURFACE ( )  B_SPLINE_SURFACE ( 3, 2, ( 
 ( #1865, #675, #438 ),
 ( #1389, #201, #1155 ),
 ( #2119, #3071, #2326 ),
 ( #1343, #845, #644 ),
 ( #349, #2541, #2729 ),
 ( #2042, #1773, #395 ),
 ( #1111, #2259, #2307 ),
 ( #875, #157, #3011 ),
 ( #2069, #3025, #2790 ),
 ( #142, #600, #1595 ),
 ( #1551, #1535, #2511 ),
 ( #2290, #2773, #2088 ) ),
 .UNSPECIFIED., .F., .F., .T. ) 
 B_SPLINE_SURFACE_WITH_KNOTS ( ( 4, 2, 2, 2, 2, 4 ),
 ( 3, 3 ),
 ( 0.000000000000000000, 0.003443529829880428127, 0.005165294744820641756, 0.006887059659760856253, 0.01033058948964128351, 0.01377411931952171251 ),
 ( 0.000000000000000000, 1.000000000000000000 ),
 .UNSPECIFIED. ) 
 GEOMETRIC_REPRESENTATION_ITEM ( )  RATIONAL_B_SPLINE_SURFACE ( (
 ( 1.000000000000000000, 0.7731590228809507304, 1.000000000000000000),
 ( 1.000000000000000000, 0.7731596717411043374, 1.000000000000000000),
 ( 1.000000000000000000, 0.7714132485066272915, 1.000000000000000000),
 ( 1.000000000000000000, 0.7664335291144163120, 1.000000000000000000),
 ( 1.000000000000000000, 0.7643803302273859401, 1.000000000000000000),
 ( 1.000000000000000000, 0.7595375584983341533, 1.000000000000000000),
 ( 1.000000000000000000, 0.7567329158527749122, 1.000000000000000000),
 ( 1.000000000000000000, 0.7474147800450113843, 1.000000000000000000),
 ( 1.000000000000000000, 0.7400640929254852507, 1.000000000000000000),
 ( 1.000000000000000000, 0.7241564700311605707, 1.000000000000000000),
 ( 1.000000000000000000, 0.7155963199579352674, 1.000000000000000000),
 ( 1.000000000000000000, 0.7071067811865486830, 1.000000000000000000) ) ) 
 REPRESENTATION_ITEM ( '' )  SURFACE ( )  );
#2938 = CARTESIAN_POINT ( 'NONE',  ( -20.40727095813382874, 63.42427613425471833, 2.894486533565943098 ) ) ;
#2939 = CARTESIAN_POINT ( 'NONE',  ( -5.156301726285443365, 66.64447101595899881, 20.00000000000001066 ) ) ;
#2940 = CARTESIAN_POINT ( 'NONE',  ( 20.63367534512942925, 62.77250250078495952, 4.284717395128490480 ) ) ;
#2941 = ORIENTED_EDGE ( 'NONE', *, *, #2931, .T. ) ;
#2942 = CARTESIAN_POINT ( 'NONE',  ( 7.870381665063602483, 65.49832891089306486, 20.50000000000001066 ) ) ;
#2943 = DIRECTION ( 'NONE',  ( -0.000000000000000000, 1.304303365396095441E-16, -1.000000000000000000 ) ) ;
#2944 = CARTESIAN_POINT ( 'NONE',  ( 32.49999999999999289, 41.50000000000000000, -14.80680601621314629 ) ) ;
#2945 = CARTESIAN_POINT ( 'NONE',  ( 3.561544239435970205, 65.99226320678937441, 20.50000000000001066 ) ) ;
#2946 = CARTESIAN_POINT ( 'NONE',  ( -32.49999999999999289, 41.50000000000008527, -14.80680601621323333 ) ) ;
#2947 = CARTESIAN_POINT ( 'NONE',  ( -12.04344257562455489, 64.29006803746317189, -41.39418864127786435 ) ) ;
#2948 = ORIENTED_EDGE ( 'NONE', *, *, #3008, .T. ) ;
#2949 = CARTESIAN_POINT ( 'NONE',  ( -20.50008155450294467, 62.85443957761479794, -5.724063864549905567 ) ) ;
#2950 =( NAMED_UNIT ( * ) SI_UNIT ( $, .STERADIAN. ) SOLID_ANGLE_UNIT ( ) );
#2951 = ORIENTED_EDGE ( 'NONE', *, *, #339, .T. ) ;
#2952 = CARTESIAN_POINT ( 'NONE',  ( 6.462797824304844951, 67.17501780004825207, 19.16225263334690609 ) ) ;
#2953 = CARTESIAN_POINT ( 'NONE',  ( -30.56221400099626351, 43.31963441339015475, -24.46220759530628186 ) ) ;
#2954 = CARTESIAN_POINT ( 'NONE',  ( 17.62130425803204048, 64.37633444993336695, -12.06062053923330168 ) ) ;
#2955 = ORIENTED_EDGE ( 'NONE', *, *, #1124, .T. ) ;
#2956 = CARTESIAN_POINT ( 'NONE',  ( 7.678653683828817300, 66.42003667827786728, 20.50000000000001066 ) ) ;
#2957 = CARTESIAN_POINT ( 'NONE',  ( -13.75365001460995629, 65.72411599254994030, 15.22162710954022025 ) ) ;
#2958 = FACE_OUTER_BOUND ( 'NONE', #2013, .T. ) ;
#2959 = DIRECTION ( 'NONE',  ( -1.000000000000000000, 0.000000000000000000, 0.000000000000000000 ) ) ;
#2960 = CARTESIAN_POINT ( 'NONE',  ( -2.608182399738395940, 66.50000000000000000, -25.26961355110418950 ) ) ;
#2961 = ADVANCED_FACE ( 'NONE', ( #1797 ), #2703, .T. ) ;
#2962 = CARTESIAN_POINT ( 'NONE',  ( -7.393586791903875799, 65.52117749839651140, 19.50000000000001421 ) ) ;
#2963 = CARTESIAN_POINT ( 'NONE',  ( -1.224178881965767962, 66.46532580633916609, 20.47593694485852822 ) ) ;
#2964 = ORIENTED_EDGE ( 'NONE', *, *, #2128, .F. ) ;
#2965 = CARTESIAN_POINT ( 'NONE',  ( 32.00486549730815256, 30.63360295128384791, -19.75936391995885799 ) ) ;
#2966 = ORIENTED_EDGE ( 'NONE', *, *, #1993, .F. ) ;
#2967 = AXIS2_PLACEMENT_3D ( 'NONE', #1030, #1516, #1709 ) ;
#2968 = CARTESIAN_POINT ( 'NONE',  ( 32.01734456893659342, 28.58012841124578429, -19.69554974932444935 ) ) ;
#2969 = CIRCLE ( 'NONE', #2426, 1.959999999999998854 ) ;
#2970 = CARTESIAN_POINT ( 'NONE',  ( 0.000000000000000000, 67.84202014332565511, -23.83257961196357044 ) ) ;
#2971 = CARTESIAN_POINT ( 'NONE',  ( -11.70588817778788204, 66.16560504951924315, -39.50060971565668666 ) ) ;
#2972 = ORIENTED_EDGE ( 'NONE', *, *, #1772, .T. ) ;
#2973 = DIRECTION ( 'NONE',  ( -0.000000000000000000, 1.000000000000000000, 0.000000000000000000 ) ) ;
#2974 = CARTESIAN_POINT ( 'NONE',  ( 29.65866532922843390, 42.68919025861902838, -24.85636417071724580 ) ) ;
#2975 = FACE_OUTER_BOUND ( 'NONE', #2627, .T. ) ;
#2976 = CARTESIAN_POINT ( 'NONE',  ( 16.04335554698556621, 65.56983887739502848, 12.71747193179272628 ) ) ;
#2977 = EDGE_CURVE ( 'NONE', #2998, #653, #1092, .T. ) ;
#2978 = CARTESIAN_POINT ( 'NONE',  ( -18.86047855588423516, 63.77546266517228446, 9.608360289545606392 ) ) ;
#2979 = CARTESIAN_POINT ( 'NONE',  ( 31.03665078617913409, 26.50000000000000355, -19.49999999999999645 ) ) ;
#2980 = CARTESIAN_POINT ( 'NONE',  ( -5.808567976031205227, 65.66533285386989860, 20.50000000000001066 ) ) ;
#2981 = CARTESIAN_POINT ( 'NONE',  ( -14.90035830545166107, 63.60790195150625692, -40.12968733267107524 ) ) ;
#2982 = ORIENTED_EDGE ( 'NONE', *, *, #1444, .F. ) ;
#2983 = FACE_OUTER_BOUND ( 'NONE', #1116, .T. ) ;
#2984 = CIRCLE ( 'NONE', #1684, 17.59999999999999076 ) ;
#2985 = ORIENTED_EDGE ( 'NONE', *, *, #1663, .F. ) ;
#2986 = CARTESIAN_POINT ( 'NONE',  ( 30.75563957249676150, 36.22283942204605012, -21.69189182250667614 ) ) ;
#2987 = CARTESIAN_POINT ( 'NONE',  ( -12.71171465254488098, 65.97170290431121487, -39.13771870456712776 ) ) ;
#2988 = CIRCLE ( 'NONE', #526, 20.60000000000000142 ) ;
#2989 = ORIENTED_EDGE ( 'NONE', *, *, #559, .T. ) ;
#2990 = CARTESIAN_POINT ( 'NONE',  ( 31.03665078617914119, 30.54662279093724564, -20.49999999999999645 ) ) ;
#2991 = DIRECTION ( 'NONE',  ( 0.000000000000000000, 0.9396926207859126468, -0.3420201433256568890 ) ) ;
#2992 = CARTESIAN_POINT ( 'NONE',  ( 7.152777777777778567, 67.17925936527056763, 18.88884222155730797 ) ) ;
#2993 = DIRECTION ( 'NONE',  ( 0.000000000000000000, -1.000000000000000000, 0.000000000000000000 ) ) ;
#2994 = LINE ( 'NONE', #1093, #1105 ) ;
#2995 = DIRECTION ( 'NONE',  ( -0.9303824909503244367, -0.000000000000000000, -0.3665902624635161144 ) ) ;
#2996 = ORIENTED_EDGE ( 'NONE', *, *, #1066, .F. ) ;
#2997 = PLANE ( 'NONE',  #773 ) ;
#2998 = VERTEX_POINT ( 'NONE', #2970 ) ;
#2999 = CARTESIAN_POINT ( 'NONE',  ( 30.82787073585662085, 35.29007134202144869, -21.41237428778905638 ) ) ;
#3000 = CARTESIAN_POINT ( 'NONE',  ( -19.92182487602300611, 63.21616035636733244, -35.46188149943419177 ) ) ;
#3001 = CIRCLE ( 'NONE', #1498, 20.50000000000001066 ) ;
#3002 = CARTESIAN_POINT ( 'NONE',  ( -30.01585607156091484, 44.88513067199814799, -25.67710274822698580 ) ) ;
#3003 = ADVANCED_FACE ( 'NONE', ( #2490 ), #372, .T. ) ;
#3004 = EDGE_LOOP ( 'NONE', ( #409, #618, #1491, #1636 ) ) ;
#3005 = CARTESIAN_POINT ( 'NONE',  ( -29.13143273490678453, 44.21789876408822551, -25.98913111071491144 ) ) ;
#3006 = ADVANCED_FACE ( 'NONE', ( #1511 ), #2737, .F. ) ;
#3007 = DIRECTION ( 'NONE',  ( 0.000000000000000000, 0.000000000000000000, -1.000000000000000000 ) ) ;
#3008 = EDGE_CURVE ( 'NONE', #736, #2998, #3040, .T. ) ;
#3009 = CARTESIAN_POINT ( 'NONE',  ( -12.23694957956188567, 66.05110636622009679, -20.42649400650089575 ) ) ;
#3010 = ADVANCED_FACE ( 'NONE', ( #2765 ), #2850, .T. ) ;
#3011 = CARTESIAN_POINT ( 'NONE',  ( 31.30557264012435326, -54.26490460280403738, -18.79962878898227885 ) ) ;
#3012 = CARTESIAN_POINT ( 'NONE',  ( 1.224179902834867661, 66.46532548632740145, 20.47593698172332211 ) ) ;
#3013 = CARTESIAN_POINT ( 'NONE',  ( -0.6366187379925397627, 66.38080452400402010, 20.49620992479004400 ) ) ;
#3014 = AXIS2_PLACEMENT_3D ( 'NONE', #859, #645, #601 ) ;
#3015 = ORIENTED_EDGE ( 'NONE', *, *, #2145, .T. ) ;
#3016 = CARTESIAN_POINT ( 'NONE',  ( 32.50000000000000000, 28.58012841124578785, -45.50000000000000000 ) ) ;
#3017 = CARTESIAN_POINT ( 'NONE',  ( -29.66172399984870012, 42.67877214153316601, -24.84927001421667470 ) ) ;
#3018 = CARTESIAN_POINT ( 'NONE',  ( 31.11084559966938556, 41.13341801993348668, -23.03886763323525599 ) ) ;
#3019 = APPLICATION_PROTOCOL_DEFINITION ( 'draft international standard', 'automotive_design', 1998, #1287 ) ;
#3020 = ORIENTED_EDGE ( 'NONE', *, *, #187, .T. ) ;
#3021 = CARTESIAN_POINT ( 'NONE',  ( 29.53945706309837504, 43.07832866712989528, -25.12778529021233709 ) ) ;
#3022 = DIRECTION ( 'NONE',  ( 0.1552209498993956938, 0.9878797784712111119, 0.000000000000000000 ) ) ;
#3023 = CARTESIAN_POINT ( 'NONE',  ( -21.04378080419323993, 62.51351034408388330, -1.283369951814059773 ) ) ;
#3024 = EDGE_CURVE ( 'NONE', #646, #2815, #607, .T. ) ;
#3025 = CARTESIAN_POINT ( 'NONE',  ( 32.27595281785324488, -55.32317182418381663, -18.29644420006696492 ) ) ;
#3026 = CARTESIAN_POINT ( 'NONE',  ( -22.69078182082597195, 51.44302494585463847, -34.80205084006855998 ) ) ;
#3027 = VERTEX_POINT ( 'NONE', #2505 ) ;
#3028 = CARTESIAN_POINT ( 'NONE',  ( -6.462470923848198545, 67.17501579046518145, 19.16238217042823067 ) ) ;
#3029 = EDGE_CURVE ( 'NONE', #403, #116, #297, .T. ) ;
#3030 = CARTESIAN_POINT ( 'NONE',  ( -27.31619758759332584, 49.02635234483981463, -30.04879778794234113 ) ) ;
#3031 = CARTESIAN_POINT ( 'NONE',  ( 29.14300701568497587, 44.18898352560674425, -25.96596017440112902 ) ) ;
#3032 = COLOUR_RGB ( '',0.7921568627450980005, 0.8196078431372548767, 0.9333333333333333481 ) ;
#3033 = EDGE_LOOP ( 'NONE', ( #1160, #1509, #3043, #1751 ) ) ;
#3034 = AXIS2_PLACEMENT_3D ( 'NONE', #2742, #2973, #824 ) ;
#3035 = DIRECTION ( 'NONE',  ( 0.000000000000000000, -0.9396926207859126468, 0.3420201433256569445 ) ) ;
#3036 = CARTESIAN_POINT ( 'NONE',  ( -32.50000000000000000, -59.33962576127147059, -15.56612940165997294 ) ) ;
#3037 = VERTEX_POINT ( 'NONE', #2939 ) ;
#3038 = FACE_OUTER_BOUND ( 'NONE', #2766, .T. ) ;
#3039 = DIRECTION ( 'NONE',  ( 0.000000000000000000, -0.7863932282151570030, -0.6177262262664131587 ) ) ;
#3040 =( BOUNDED_CURVE ( )  B_SPLINE_CURVE ( 3, ( #2475, #1271, #1052, #88 ),
 .UNSPECIFIED., .F., .T. ) 
 B_SPLINE_CURVE_WITH_KNOTS ( ( 4, 4 ),
 ( 2.786985249562880185, 3.141592653589793116 ),
 .UNSPECIFIED. ) 
 CURVE ( )  GEOMETRIC_REPRESENTATION_ITEM ( )  RATIONAL_B_SPLINE_CURVE ( ( 1.000000000000000000, 0.9895485553337994844, 0.9895485553337994844, 1.000000000000000000 ) ) 
 REPRESENTATION_ITEM ( '' )  );
#3041 = CARTESIAN_POINT ( 'NONE',  ( 23.25392610038579022, 49.76959379781595061, -32.19985877652561612 ) ) ;
#3042 = FACE_OUTER_BOUND ( 'NONE', #2015, .T. ) ;
#3043 = ORIENTED_EDGE ( 'NONE', *, *, #2554, .F. ) ;
#3044 = CARTESIAN_POINT ( 'NONE',  ( 31.18848923259603367, -51.96845217119833649, -19.62127665876601412 ) ) ;
#3045 = CARTESIAN_POINT ( 'NONE',  ( 17.76071148321784676, 64.30546296951948193, -13.42856846824703965 ) ) ;
#3046 = ORIENTED_EDGE ( 'NONE', *, *, #1748, .T. ) ;
#3047 = CARTESIAN_POINT ( 'NONE',  ( 30.46527248300001389, 43.63470939719804420, -24.69154679586508294 ) ) ;
#3048 = CARTESIAN_POINT ( 'NONE',  ( -31.50000000000000000, -59.33962576127146349, -15.56612940165997117 ) ) ;
#3049 = APPLICATION_PROTOCOL_DEFINITION ( 'draft international standard', 'automotive_design', 1998, #3059 ) ;
#3050 = ORIENTED_EDGE ( 'NONE', *, *, #5, .T. ) ;
#3051 = LINE ( 'NONE', #718, #383 ) ;
#3052 = CARTESIAN_POINT ( 'NONE',  ( -31.36375058907304947, -55.33070929767139035, -18.26347836296899985 ) ) ;
#3053 = ORIENTED_EDGE ( 'NONE', *, *, #5, .F. ) ;
#3054 = CARTESIAN_POINT ( 'NONE',  ( -16.58559446652765246, 64.79852630522694312, -15.43080979272914455 ) ) ;
#3055 = FACE_OUTER_BOUND ( 'NONE', #1158, .T. ) ;
#3056 = CARTESIAN_POINT ( 'NONE',  ( 7.952280464721189546, 64.54000000000000625, -42.56993401125425436 ) ) ;
#3057 = ORIENTED_EDGE ( 'NONE', *, *, #2133, .F. ) ;
#3058 = CARTESIAN_POINT ( 'NONE',  ( 31.30557474598643353, -54.26494680526784720, -18.79961464749994349 ) ) ;
#3059 = APPLICATION_CONTEXT ( 'automotive_design' ) ;
#3060 = CARTESIAN_POINT ( 'NONE',  ( -15.63572955472677251, 65.15947258165724065, -37.88887504510630322 ) ) ;
#3061 = CIRCLE ( 'NONE', #2909, 0.9999999999999946709 ) ;
#3062 = DIRECTION ( 'NONE',  ( 0.000000000000000000, -1.000000000000000000, 0.000000000000000000 ) ) ;
#3063 = CARTESIAN_POINT ( 'NONE',  ( 8.134369789151534746, 66.49195020342773432, 19.50000000000000711 ) ) ;
#3064 = CARTESIAN_POINT ( 'NONE',  ( -5.098272595974760790, 66.59324934213690028, 19.78415842689139836 ) ) ;
#3065 = EDGE_LOOP ( 'NONE', ( #1413, #319 ) ) ;
#3066 = DIRECTION ( 'NONE',  ( 1.000000000000000000, -0.000000000000000000, -0.000000000000000000 ) ) ;
#3067 = DIRECTION ( 'NONE',  ( 0.000000000000000000, -0.000000000000000000, -1.000000000000000000 ) ) ;
#3068 = EDGE_LOOP ( 'NONE', ( #2263, #168, #853, #2301 ) ) ;
#3069 = CARTESIAN_POINT ( 'NONE',  ( -23.50000000000000000, 47.50000000000000000, 20.50000000000000355 ) ) ;
#3070 = CARTESIAN_POINT ( 'NONE',  ( -20.60655481990992399, 63.34120012773709618, -0.3335004253230091087 ) ) ;
#3071 = CARTESIAN_POINT ( 'NONE',  ( 31.88284206361826634, -48.41550791852222346, -20.39212896926249741 ) ) ;
#3072 = VECTOR ( 'NONE', #2698, 1000.000000000000000 ) ;
#3073 = CARTESIAN_POINT ( 'NONE',  ( 15.99770092450159353, 65.02244445399171013, -16.30279124580340877 ) ) ;
#3074 = CARTESIAN_POINT ( 'NONE',  ( -2.434970840115005419, 67.84202014332565511, -23.83257961196356334 ) ) ;
#3075 = DIRECTION ( 'NONE',  ( 0.000000000000000000, 0.000000000000000000, 1.000000000000000000 ) ) ;
#3076 = ORIENTED_EDGE ( 'NONE', *, *, #2382, .T. ) ;
#3077 = CARTESIAN_POINT ( 'NONE',  ( -0.2095702655388789748, 66.33349967175411166, 20.50000000000001066 ) ) ;
#3078 = CARTESIAN_POINT ( 'NONE',  ( -20.45491623461413155, 54.69943173240137213, -36.77561964992545995 ) ) ;
#3079 = CIRCLE ( 'NONE', #379, 12.69999999999999929 ) ;
#3080 = VERTEX_POINT ( 'NONE', #1336 ) ;
#3081 = CIRCLE ( 'NONE', #1784, 1.000000000000000888 ) ;
#3082 = DIRECTION ( 'NONE',  ( 0.4777885557788782434, -0.6211755371739674514, 0.6211755371739674514 ) ) ;
#3083 = CARTESIAN_POINT ( 'NONE',  ( -31.03665078630238838, -47.22452710112075636, -20.50000000000000355 ) ) ;
#3084 = VERTEX_POINT ( 'NONE', #2265 ) ;
#3085 = CARTESIAN_POINT ( 'NONE',  ( -4.411509917183988883, 66.70057289935174083, 20.10424412901488722 ) ) ;
#3086 = CARTESIAN_POINT ( 'NONE',  ( -19.71822727085139348, 64.01437079680125919, -6.884077813123595568 ) ) ;
#3087 = CARTESIAN_POINT ( 'NONE',  ( -1.505543009774573893, 66.37712407400194081, 20.48609797151591039 ) ) ;
#3088 = CARTESIAN_POINT ( 'NONE',  ( 17.72406599046605180, 64.32173260943558546, -13.49608700203804545 ) ) ;
#3089 = ADVANCED_FACE ( 'NONE', ( #1069 ), #2303, .T. ) ;
#3090 = B_SPLINE_CURVE_WITH_KNOTS ( 'NONE', 3,
 ( #40, #2917, #2669, #302 ),
 .UNSPECIFIED., .F., .F.,
 ( 4, 4 ),
 ( 4.649091279749147181E-17, 0.002323286841697902710 ),
 .UNSPECIFIED. ) ;
#3091 = CARTESIAN_POINT ( 'NONE',  ( -32.03985041568213887, -48.32461604517295939, -19.58616132733377668 ) ) ;
#3092 = DIRECTION ( 'NONE',  ( 0.000000000000000000, 0.000000000000000000, 1.000000000000000000 ) ) ;
#3093 = CARTESIAN_POINT ( 'NONE',  ( -31.20435238891914764, 39.02917776632242663, -22.78291123712473265 ) ) ;
#3094 = CARTESIAN_POINT ( 'NONE',  ( 27.31619758759331518, 55.54701961682564360, -30.04879778794235534 ) ) ;
#3095 = CARTESIAN_POINT ( 'NONE',  ( -32.49999999999999289, 47.06400582414804745, -19.93459378374798519 ) ) ;
#3096 = ORIENTED_EDGE ( 'NONE', *, *, #2414, .F. ) ;
#3097 = CARTESIAN_POINT ( 'NONE',  ( 14.52051591668711517, 66.08685195270062707, 14.28927896244850082 ) ) ;
#3098 = EDGE_CURVE ( 'NONE', #420, #1936, #3001, .T. ) ;
#3099 = CARTESIAN_POINT ( 'NONE',  ( -31.85693767385601305, -47.21474861554740698, -20.49999999938372497 ) ) ;
#3100 = ORIENTED_EDGE ( 'NONE', *, *, #614, .T. ) ;
ENDSEC;
END-ISO-10303-21;
