ISO-10303-21;
HEADER;
FILE_DESCRIPTION (( 'STEP AP214' ),
    '1' );
FILE_NAME ('Walker_Front_Tubing.STEP',
    '2026-08-11T21:04:41',
    ( '' ),
    ( '' ),
    'SwSTEP 2.0',
    'SolidWorks 2023',
    '' );
FILE_SCHEMA (( 'AUTOMOTIVE_DESIGN' ));
ENDSEC;

DATA;
#1 = CARTESIAN_POINT ( 'NONE',  ( 7.785555663127642134, 130.2531089148211834, -42.76452735987996334 ) ) ;
#2 = CARTESIAN_POINT ( 'NONE',  ( -467.3888617162155583, 127.0028760026355030, -64.59969988760654758 ) ) ;
#3 = AXIS2_PLACEMENT_3D ( 'NONE', #4218, #3399, #4270 ) ;
#4 = CARTESIAN_POINT ( 'NONE',  ( 12.39492872497937981, 120.7928654451969521, -43.55637396913459014 ) ) ;
#5 = DIRECTION ( 'NONE',  ( 0.000000000000000000, 0.000000000000000000, -1.000000000000000000 ) ) ;
#6 = CARTESIAN_POINT ( 'NONE',  ( 12.43093815147885728, 349.1810105112908218, -279.5774962053511103 ) ) ;
#7 = ORIENTED_EDGE ( 'NONE', *, *, #3435, .F. ) ;
#8 = CARTESIAN_POINT ( 'NONE',  ( -467.1255473866259535, 228.5420843159742788, -165.5898812627321490 ) ) ;
#9 = CARTESIAN_POINT ( 'NONE',  ( -12.43100336613593448, 349.1808264485034101, -279.5768852431278901 ) ) ;
#10 = CARTESIAN_POINT ( 'NONE',  ( -466.1184389838261382, 123.6425334702978489, -42.41410336088764410 ) ) ;
#11 = CARTESIAN_POINT ( 'NONE',  ( 10.68463710538655143, 351.3030378016010786, -281.7235164107656828 ) ) ;
#12 = CARTESIAN_POINT ( 'NONE',  ( -370.3309560923436266, 269.0926325494516504, -114.4813645724528044 ) ) ;
#13 = CARTESIAN_POINT ( 'NONE',  ( -490.0119218619248613, 349.0854267467930754, -278.9974883324956636 ) ) ;
#14 = EDGE_CURVE ( 'NONE', #3659, #4232, #2282, .T. ) ;
#15 = CARTESIAN_POINT ( 'NONE',  ( 8.177941053940106286, 123.9278340260244420, -64.40690432285941824 ) ) ;
#16 = DIRECTION ( 'NONE',  ( 1.000000000000000000, -0.000000000000000000, -0.000000000000000000 ) ) ;
#17 = CARTESIAN_POINT ( 'NONE',  ( -466.7749856948238971, 355.0659597229825408, -278.4086234595143310 ) ) ;
#18 = CARTESIAN_POINT ( 'NONE',  ( -110.7271255161132757, 259.4675508813184592, -127.0306383345735100 ) ) ;
#19 = CARTESIAN_POINT ( 'NONE',  ( -12.20144234213519496, 132.0406727576306594, -63.76761970813994651 ) ) ;
#20 = ORIENTED_EDGE ( 'NONE', *, *, #1248, .T. ) ;
#21 = CARTESIAN_POINT ( 'NONE',  ( -464.5079426866659560, 136.0127764209187831, -59.62763306755693549 ) ) ;
#22 = CARTESIAN_POINT ( 'NONE',  ( -487.6761496085408112, 127.3682875978426665, -64.86576765487987473 ) ) ;
#23 = CARTESIAN_POINT ( 'NONE',  ( -471.4609718371401641, 134.4790942853890101, -45.40529360691341765 ) ) ;
#24 = CARTESIAN_POINT ( 'NONE',  ( 12.67760632083832739, 353.5886054418843401, -281.4046749728540817 ) ) ;
#25 = CARTESIAN_POINT ( 'NONE',  ( -487.8135512793745647, 138.1433660663619207, -54.34121903397855391 ) ) ;
#26 = ORIENTED_EDGE ( 'NONE', *, *, #1404, .T. ) ;
#27 = CARTESIAN_POINT ( 'NONE',  ( 12.12590925729091040, 137.2039068476906607, -58.47777746019502132 ) ) ;
#28 = CARTESIAN_POINT ( 'NONE',  ( 20.00000000000000000, 352.0853531617383396, -275.8010819142765513 ) ) ;
#29 = CARTESIAN_POINT ( 'NONE',  ( 11.55481408590437553, 123.2676979064126357, -42.51313640753794232 ) ) ;
#30 = CARTESIAN_POINT ( 'NONE',  ( -106.2623249586372225, 276.1238837732690286, -115.8942417174333883 ) ) ;
#31 = DIRECTION ( 'NONE',  ( 0.000000000000000000, 0.7071067811865475727, 0.7071067811865475727 ) ) ;
#32 = CARTESIAN_POINT ( 'NONE',  ( 12.52158136977919156, 352.0853531617383396, -281.8010819142765513 ) ) ;
#33 = VERTEX_POINT ( 'NONE', #3665 ) ;
#34 = CARTESIAN_POINT ( 'NONE',  ( -465.1709055188998150, 227.0904222818943481, -158.0576025042734329 ) ) ;
#35 = CARTESIAN_POINT ( 'NONE',  ( -12.47453030777137073, 351.6930922315507360, -281.7817885171512557 ) ) ;
#36 = CARTESIAN_POINT ( 'NONE',  ( -464.3932163925525742, 117.9598041026336404, -46.70675699322223551 ) ) ;
#37 = CARTESIAN_POINT ( 'NONE',  ( 10.66501683961860536, 349.2373957117835630, -279.7645700510996676 ) ) ;
#38 = CARTESIAN_POINT ( 'NONE',  ( -467.5352363950448193, 126.1254174004707806, -65.06136657284325508 ) ) ;
#39 = EDGE_LOOP ( 'NONE', ( #3355, #1611, #3547, #5140 ) ) ;
#40 = DIRECTION ( 'NONE',  ( 0.000000000000000000, 0.000000000000000000, -1.000000000000000000 ) ) ;
#41 = CARTESIAN_POINT ( 'NONE',  ( 7.909987926677072068, 123.2473906878458365, -64.03200504969748863 ) ) ;
#42 = CARTESIAN_POINT ( 'NONE',  ( 12.87005360672525711, 132.3542095348013845, -63.07574598232505991 ) ) ;
#43 = CARTESIAN_POINT ( 'NONE',  ( -470.3185684718941957, 121.6519870160936421, -63.35607860234814126 ) ) ;
#44 = CARTESIAN_POINT ( 'NONE',  ( -111.1172834002000087, 263.7113823398359500, -134.4704347386081906 ) ) ;
#45 = CARTESIAN_POINT ( 'NONE',  ( -11.97046097708698653, 131.3384748696695681, -64.07739432785962208 ) ) ;
#46 = EDGE_LOOP ( 'NONE', ( #3835, #3048, #3889, #1104, #4973 ) ) ;
#47 = CARTESIAN_POINT ( 'NONE',  ( -470.6188332423394627, 121.6650309020966887, -63.47653236105366403 ) ) ;
#48 = CARTESIAN_POINT ( 'NONE',  ( -477.5138688887957983, 254.0096426111638834, -198.6858836058408713 ) ) ;
#49 = CARTESIAN_POINT ( 'NONE',  ( 13.04274176040836331, 133.0911518151440589, -62.60616203048617479 ) ) ;
#50 = EDGE_CURVE ( 'NONE', #574, #1065, #5045, .T. ) ;
#51 = CARTESIAN_POINT ( 'NONE',  ( -490.5811594764258530, 135.8023587228490499, -59.93292992067269864 ) ) ;
#52 = AXIS2_PLACEMENT_3D ( 'NONE', #4634, #4602, #4664 ) ;
#53 = DIRECTION ( 'NONE',  ( -0.000000000000000000, -0.7071067811865462405, 0.7071067811865489050 ) ) ;
#54 = CARTESIAN_POINT ( 'NONE',  ( 6.620382613469991462, 117.1253926563123287, -59.16971264117654528 ) ) ;
#55 = CARTESIAN_POINT ( 'NONE',  ( -5.294408881124351929, 237.5974607321404335, -147.9877960989449832 ) ) ;
#56 = CARTESIAN_POINT ( 'NONE',  ( -12.70350525817182863, 134.7794061851140555, -61.16614029500669147 ) ) ;
#57 = CARTESIAN_POINT ( 'NONE',  ( 12.47490956869584622, 351.6957499917786549, -281.8010819142764944 ) ) ;
#58 = ORIENTED_EDGE ( 'NONE', *, *, #2248, .T. ) ;
#59 = DIRECTION ( 'NONE',  ( 0.000000000000000000, 0.000000000000000000, -1.000000000000000000 ) ) ;
#60 = CARTESIAN_POINT ( 'NONE',  ( -465.0860842481752115, 122.5357790332698045, -43.20848215662562097 ) ) ;
#61 = CARTESIAN_POINT ( 'NONE',  ( 10.92046770261527477, 349.2374152414378159, -277.8380104342917889 ) ) ;
#62 = MANIFOLD_SOLID_BREP ( 'Mirror3', #1030 ) ;
#63 = APPLICATION_PROTOCOL_DEFINITION ( 'draft international standard', 'automotive_design', 1998, #4595 ) ;
#64 = CARTESIAN_POINT ( 'NONE',  ( -490.1253797609530807, 349.1807377167108939, -278.0256057588873091 ) ) ;
#65 = DIRECTION ( 'NONE',  ( 1.000000000000000000, 0.000000000000000000, 0.000000000000000000 ) ) ;
#66 = AXIS2_PLACEMENT_3D ( 'NONE', #3579, #5175, #4737 ) ;
#67 = CARTESIAN_POINT ( 'NONE',  ( 11.95647902145911878, 131.2996491620870643, -64.09251523090586034 ) ) ;
#68 = CARTESIAN_POINT ( 'NONE',  ( -464.3930604206837529, 117.8591952403757546, -46.80679454518234905 ) ) ;
#69 = CARTESIAN_POINT ( 'NONE',  ( -110.8193752338767695, 267.6316302658339055, -136.4010486485165359 ) ) ;
#70 = CARTESIAN_POINT ( 'NONE',  ( -6.883523584831506170, 131.9013315963775028, -43.52143643812741658 ) ) ;
#71 = CARTESIAN_POINT ( 'NONE',  ( -10.58858781953083295, 350.2563516949373366, -281.1871474580282211 ) ) ;
#72 = CARTESIAN_POINT ( 'NONE',  ( 12.47475363796063874, 355.0663317161868804, -278.4107272007190090 ) ) ;
#73 = CARTESIAN_POINT ( 'NONE',  ( -489.0706018022096941, 130.2367526721591844, -64.47108271114173306 ) ) ;
#74 = EDGE_CURVE ( 'NONE', #4279, #911, #3937, .T. ) ;
#75 = CARTESIAN_POINT ( 'NONE',  ( 6.397922561733421887, 135.7428779787070425, -46.94197086698203947 ) ) ;
#76 = CARTESIAN_POINT ( 'NONE',  ( -106.8777466136793066, 272.0189627325567017, -114.4610075896953418 ) ) ;
#77 = CARTESIAN_POINT ( 'NONE',  ( -12.51327748203122425, 136.3680506914033117, -59.96597655940584559 ) ) ;
#78 = CARTESIAN_POINT ( 'NONE',  ( -486.7182236045487116, 137.7234029766454739, -51.61226950850119266 ) ) ;
#79 = ORIENTED_EDGE ( 'NONE', *, *, #3596, .T. ) ;
#80 = CARTESIAN_POINT ( 'NONE',  ( -12.66423273448129372, 349.3875242163703092, -277.4744504692120586 ) ) ;
#81 = CARTESIAN_POINT ( 'NONE',  ( -464.8449735910535878, 121.8473801051917889, -43.51961709264802636 ) ) ;
#82 = DIRECTION ( 'NONE',  ( 0.000000000000000000, 0.7071067811865490160, 0.7071067811865460184 ) ) ;
#83 = AXIS2_PLACEMENT_3D ( 'NONE', #1542, #4304, #3543 ) ;
#84 =( NAMED_UNIT ( * ) SI_UNIT ( $, .STERADIAN. ) SOLID_ANGLE_UNIT ( ) );
#85 = CARTESIAN_POINT ( 'NONE',  ( -490.0823616347557277, 349.1047044542281128, -278.4087970261068108 ) ) ;
#86 = CARTESIAN_POINT ( 'NONE',  ( 8.989977141733110244, 125.2971692960809520, -64.72303700185786113 ) ) ;
#87 = CARTESIAN_POINT ( 'NONE',  ( 11.33973062282084143, 129.4169351138548336, -64.28280116523713161 ) ) ;
#88 = CARTESIAN_POINT ( 'NONE',  ( -472.2194600076714437, 237.5974607321404335, -147.9877960989449832 ) ) ;
#89 = CARTESIAN_POINT ( 'NONE',  ( -460.8138688887958097, 126.7631832112599852, -53.47891196379821110 ) ) ;
#90 = CARTESIAN_POINT ( 'NONE',  ( -12.11023907947967615, 137.1867737480316407, -58.46692591535326500 ) ) ;
#91 = VERTEX_POINT ( 'NONE', #1789 ) ;
#92 = CARTESIAN_POINT ( 'NONE',  ( -471.2641075834764592, 120.0752016077508273, -62.42631990311069501 ) ) ;
#93 = CARTESIAN_POINT ( 'NONE',  ( -10.62588256839238454, 350.7595293356804973, -281.4993540082487584 ) ) ;
#94 = CARTESIAN_POINT ( 'NONE',  ( 13.14209734259197226, 133.6911735913880932, -62.15951273358655982 ) ) ;
#95 = CARTESIAN_POINT ( 'NONE',  ( -8.315834097271574521, 234.5551759592268866, -147.6867067130843907 ) ) ;
#96 = CARTESIAN_POINT ( 'NONE',  ( -484.4436999311328123, 117.1921076366620582, -59.11281597234450658 ) ) ;
#97 = ORIENTED_EDGE ( 'NONE', *, *, #4042, .T. ) ;
#98 = CARTESIAN_POINT ( 'NONE',  ( 6.291528516110721725, 134.4296508420643761, -45.44196490922387710 ) ) ;
#99 = CARTESIAN_POINT ( 'NONE',  ( -108.4492694907026333, 279.4424633224300010, -132.3822909419924088 ) ) ;
#100 = CARTESIAN_POINT ( 'NONE',  ( -10.39155181628622771, 126.8357951291041132, -64.59972475749297871 ) ) ;
#101 = CARTESIAN_POINT ( 'NONE',  ( -487.0785104334073026, 128.0532813555504106, -42.43569419877371018 ) ) ;
#102 = ORIENTED_EDGE ( 'NONE', *, *, #1644, .F. ) ;
#103 = CARTESIAN_POINT ( 'NONE',  ( -466.5933902327876126, 349.2372145031785067, -277.8381196407830771 ) ) ;
#104 = CARTESIAN_POINT ( 'NONE',  ( -468.1971627785906094, 115.4547408244754081, -54.38354831998298522 ) ) ;
#105 = CARTESIAN_POINT ( 'NONE',  ( -488.8380573462229108, 128.5413297152806820, -64.43556268426196709 ) ) ;
#106 = EDGE_LOOP ( 'NONE', ( #2537, #1929 ) ) ;
#107 = AXIS2_PLACEMENT_3D ( 'NONE', #4486, #915, #82 ) ;
#108 = CARTESIAN_POINT ( 'NONE',  ( -6.168229541258265947, 248.3767239589176086, -159.3863564992337558 ) ) ;
#109 = CARTESIAN_POINT ( 'NONE',  ( 6.648848297639999849, 117.5877101828516373, -59.73647193052102722 ) ) ;
#110 = CARTESIAN_POINT ( 'NONE',  ( -368.7569344443979844, 278.4148614035565288, -133.4098928608658525 ) ) ;
#111 = CARTESIAN_POINT ( 'NONE',  ( -467.1717221097174502, 126.7631832112599852, -42.37891196379820968 ) ) ;
#112 = CARTESIAN_POINT ( 'NONE',  ( -108.7569344443979134, 262.7170908612149560, -117.7121223185247203 ) ) ;
#113 = CARTESIAN_POINT ( 'NONE',  ( -489.8147301180346176, 132.3803217059463009, -63.59606946312260334 ) ) ;
#114 = VERTEX_POINT ( 'NONE', #2149 ) ;
#115 = CARTESIAN_POINT ( 'NONE',  ( -11.00000545585178635, 350.1028277311620514, -276.5409383666882377 ) ) ;
#116 = B_SPLINE_CURVE_WITH_KNOTS ( 'NONE', 3,
 ( #3447, #3476, #4153, #5038, #663 ),
 .UNSPECIFIED., .F., .F.,
 ( 4, 1, 4 ),
 ( 0.03803605688309553284, 0.03840876694831010796, 0.03878147701352468307 ),
 .UNSPECIFIED. ) ;
#117 = CARTESIAN_POINT ( 'NONE',  ( 6.475795863454825607, 133.5219057455537381, -44.67188940299935496 ) ) ;
#118 =( BOUNDED_SURFACE ( )  B_SPLINE_SURFACE ( 3, 2, ( 
 ( #2529, #1298, #127 ),
 ( #3743, #4890, #100 ),
 ( #4845, #465, #2127 ),
 ( #3294, #4453, #514 ),
 ( #4167, #1322, #1742 ),
 ( #3692, #2056, #2079 ),
 ( #3772, #4528, #2554 ),
 ( #4481, #3349, #492 ),
 ( #937, #1348, #4142 ),
 ( #2949, #2899, #540 ),
 ( #2104, #960, #4869 ),
 ( #567, #4088, #2456 ),
 ( #2154, #3717, #1716 ),
 ( #4067, #3669, #157 ),
 ( #1252, #56, #4503 ),
 ( #1668, #888, #3270 ),
 ( #1277, #2876, #2479 ),
 ( #77, #1690, #909 ),
 ( #2505, #4112, #3318 ),
 ( #4915, #2923, #3377 ),
 ( #2668, #4998, #4196 ),
 ( #2694, #4222, #3465 ),
 ( #1403, #1463, #680 ),
 ( #4970, #3085, #3005 ),
 ( #2298, #1794, #623 ),
 ( #4606, #1375, #4695 ),
 ( #1020, #4302, #2272 ),
 ( #2612, #2584, #1105 ),
 ( #3885, #271, #3059 ),
 ( #3857, #2216, #244 ),
 ( #3830, #1433, #592 ),
 ( #1878, #216, #3493 ),
 ( #5084, #4667, #5055 ),
 ( #3434, #4278, #2977 ),
 ( #3033, #704, #1076 ),
 ( #3909, #1823, #4577 ),
 ( #296, #4250, #2244 ),
 ( #4638, #1848, #989 ),
 ( #5026, #1491, #2185 ),
 ( #1050, #653, #3801 ),
 ( #187, #3405, #2640 ),
 ( #2747, #3617, #1198 ),
 ( #4771, #1223, #805 ),
 ( #1928, #1901, #4790 ),
 ( #3541, #2720, #2374 ),
 ( #4745, #2427, #2397 ),
 ( #3110, #5159, #4352 ),
 ( #2321, #5107, #3986 ),
 ( #1514, #5136, #411 ),
 ( #382, #3137, #781 ),
 ( #1563, #1176, #1592 ),
 ( #2004, #4325, #733 ),
 ( #1978, #4720, #3565 ),
 ( #1127, #1152, #3934 ) ),
 .UNSPECIFIED., .F., .F., .F. ) 
 B_SPLINE_SURFACE_WITH_KNOTS ( ( 4, 2, 2, 2, 2, 2, 2, 2, 2, 2, 2, 2, 2, 2, 2, 2, 2, 2, 2, 2, 2, 2, 2, 2, 2, 2, 4 ),
 ( 3, 3 ),
 ( 0.000000000000000000, 0.002434020536875795837, 0.004868041073751591674, 0.006085051342189489593, 0.007302061610627387511, 0.008519071879065285430, 0.009736082147503183348, 0.01095309241594108127, 0.01217010268437897919, 0.01338711295281687710, 0.01460412322125477502, 0.01703814375813057086, 0.01825515402656846878, 0.01947216429500636670, 0.02190618483188216253, 0.02312319510032006045, 0.02434020536875795837, 0.02677422590563375421, 0.02799123617407165213, 0.02859974130829059935, 0.02920824644250955004, 0.03042525671094744796, 0.03164226697938534588, 0.03285927724782324033, 0.03407628751626114172, 0.03651030805313693756, 0.03894432859001273339 ),
 ( 0.000000000000000000, 1.000000000000000000 ),
 .UNSPECIFIED. ) 
 GEOMETRIC_REPRESENTATION_ITEM ( )  RATIONAL_B_SPLINE_SURFACE ( (
 ( 1.000000000000000000, 0.8624489701308499789, 1.000000000000000000),
 ( 1.000000000000000000, 0.8468557015079820616, 1.000000000000000000),
 ( 1.000000000000000000, 0.8305601443469335932, 1.000000000000000000),
 ( 1.000000000000000000, 0.7979756005166657173, 1.000000000000000000),
 ( 1.000000000000000000, 0.7816530326926128813, 1.000000000000000000),
 ( 1.000000000000000000, 0.7588039194045692604, 1.000000000000000000),
 ( 1.000000000000000000, 0.7515522217788357384, 1.000000000000000000),
 ( 1.000000000000000000, 0.7383610818415475840, 1.000000000000000000),
 ( 1.000000000000000000, 0.7323845268269240094, 1.000000000000000000),
 ( 1.000000000000000000, 0.7220542169915122876, 1.000000000000000000),
 ( 1.000000000000000000, 0.7176785008041992597, 1.000000000000000000),
 ( 1.000000000000000000, 0.7110959327375867556, 1.000000000000000000),
 ( 1.000000000000000000, 0.7088937576188888423, 1.000000000000000000),
 ( 1.000000000000000000, 0.7067795906743535861, 1.000000000000000000),
 ( 1.000000000000000000, 0.7068678193037045698, 1.000000000000000000),
 ( 1.000000000000000000, 0.7093832055720328267, 1.000000000000000000),
 ( 1.000000000000000000, 0.7118401116962651543, 1.000000000000000000),
 ( 1.000000000000000000, 0.7187701570389122274, 1.000000000000000000),
 ( 1.000000000000000000, 0.7232435161450418981, 1.000000000000000000),
 ( 1.000000000000000000, 0.7338609923018943881, 1.000000000000000000),
 ( 1.000000000000000000, 0.7400402841050003344, 1.000000000000000000),
 ( 1.000000000000000000, 0.7603267645728150059, 1.000000000000000000),
 ( 1.000000000000000000, 0.7759380207122209550, 1.000000000000000000),
 ( 1.000000000000000000, 0.8004158427372854989, 1.000000000000000000),
 ( 1.000000000000000000, 0.8087620404594438872, 1.000000000000000000),
 ( 1.000000000000000000, 0.8252491053517593267, 1.000000000000000000),
 ( 1.000000000000000000, 0.8334333144986657560, 1.000000000000000000),
 ( 1.000000000000000000, 0.8575475140720631995, 1.000000000000000000),
 ( 1.000000000000000000, 0.8730310785785477812, 1.000000000000000000),
 ( 1.000000000000000000, 0.8946235507295897671, 1.000000000000000000),
 ( 1.000000000000000000, 0.9015184172311923039, 1.000000000000000000),
 ( 1.000000000000000000, 0.9144691384410765789, 1.000000000000000000),
 ( 1.000000000000000000, 0.9205510791353677114, 1.000000000000000000),
 ( 1.000000000000000000, 0.9375158423611180680, 1.000000000000000000),
 ( 1.000000000000000000, 0.9471535032310890445, 1.000000000000000000),
 ( 1.000000000000000000, 0.9583396826103288690, 1.000000000000000000),
 ( 1.000000000000000000, 0.9614624452439775038, 1.000000000000000000),
 ( 1.000000000000000000, 0.9650293898938007153, 1.000000000000000000),
 ( 1.000000000000000000, 0.9660365729313558081, 1.000000000000000000),
 ( 1.000000000000000000, 0.9676592757168913650, 1.000000000000000000),
 ( 1.000000000000000000, 0.9682766823311175219, 1.000000000000000000),
 ( 1.000000000000000000, 0.9694693636015273563, 1.000000000000000000),
 ( 1.000000000000000000, 0.9693966433111983472, 1.000000000000000000),
 ( 1.000000000000000000, 0.9675770756599580968, 1.000000000000000000),
 ( 1.000000000000000000, 0.9657950647081381401, 1.000000000000000000),
 ( 1.000000000000000000, 0.9608172145170825740, 1.000000000000000000),
 ( 1.000000000000000000, 0.9576340044649676031, 1.000000000000000000),
 ( 1.000000000000000000, 0.9500694812381836885, 1.000000000000000000),
 ( 1.000000000000000000, 0.9456582218889502123, 1.000000000000000000),
 ( 1.000000000000000000, 0.9310147415543614802, 1.000000000000000000),
 ( 1.000000000000000000, 0.9194176844551200656, 1.000000000000000000),
 ( 1.000000000000000000, 0.8932754630402595097, 1.000000000000000000),
 ( 1.000000000000000000, 0.8786547866340793655, 1.000000000000000000),
 ( 1.000000000000000000, 0.8630364106869787832, 1.000000000000000000) ) ) 
 REPRESENTATION_ITEM ( '' )  SURFACE ( )  );
#119 = FACE_OUTER_BOUND ( 'NONE', #1850, .T. ) ;
#120 = CARTESIAN_POINT ( 'NONE',  ( -483.5970748866415647, 119.3588772875858552, -61.84105347278439524 ) ) ;
#121 = ORIENTED_EDGE ( 'NONE', *, *, #3301, .T. ) ;
#122 = CARTESIAN_POINT ( 'NONE',  ( -465.6762036336967299, 122.5523478666538182, -42.74255203531971858 ) ) ;
#123 = CIRCLE ( 'NONE', #1398, 12.69999999999999929 ) ;
#124 = CARTESIAN_POINT ( 'NONE',  ( -494.2138688887957869, 126.7631832112599852, -50.47891196379821110 ) ) ;
#125 = CARTESIAN_POINT ( 'NONE',  ( 6.807512218210229449, 136.6797337389027405, -48.22648661833679284 ) ) ;
#126 = DIRECTION ( 'NONE',  ( 0.000000000000000000, 1.000000000000000000, 0.000000000000000000 ) ) ;
#127 = CARTESIAN_POINT ( 'NONE',  ( -9.978632493751003807, 126.1529073061082613, -64.56212283969475152 ) ) ;
#128 = CARTESIAN_POINT ( 'NONE',  ( -488.1239177026468496, 353.5857806311547620, -276.1957887256107256 ) ) ;
#129 = ORIENTED_EDGE ( 'NONE', *, *, #1487, .F. ) ;
#130 = CARTESIAN_POINT ( 'NONE',  ( -366.3732383962023391, 254.7571164833346131, -125.6720966964046795 ) ) ;
#131 = CARTESIAN_POINT ( 'NONE',  ( -471.2161910371027034, 118.0415379872107451, -60.35596641613190627 ) ) ;
#132 = DIRECTION ( 'NONE',  ( -0.8653017041486684713, -0.5012513948084438287, 0.000000000000000000 ) ) ;
#133 = DIRECTION ( 'NONE',  ( 0.000000000000000000, 0.000000000000000000, 1.000000000000000000 ) ) ;
#134 = CARTESIAN_POINT ( 'NONE',  ( -6.566793230079248644, 120.2766666778046840, -62.48832440196908777 ) ) ;
#135 = EDGE_LOOP ( 'NONE', ( #4150, #1381 ) ) ;
#136 = CARTESIAN_POINT ( 'NONE',  ( -1.857076012244107011, 241.2318399510462541, -150.1692834473438722 ) ) ;
#137 = EDGE_CURVE ( 'NONE', #3239, #2134, #3457, .T. ) ;
#138 = ADVANCED_FACE ( 'NONE', ( #3078, #5103 ), #1508, .T. ) ;
#139 = CARTESIAN_POINT ( 'NONE',  ( 6.273300334921024124, 118.1497019366653092, -60.48302614141772438 ) ) ;
#140 = EDGE_CURVE ( 'NONE', #2912, #2952, #4712, .T. ) ;
#141 = CARTESIAN_POINT ( 'NONE',  ( -490.1780184395415745, 354.7837241051229284, -280.1266551190503833 ) ) ;
#142 = CARTESIAN_POINT ( 'NONE',  ( -466.0733612823297562, 137.8260750702646362, -56.68246977807546472 ) ) ;
#143 = CARTESIAN_POINT ( 'NONE',  ( -10.30355266393051394, 115.6580436006671988, -53.54813424008612088 ) ) ;
#144 = FACE_OUTER_BOUND ( 'NONE', #1434, .T. ) ;
#145 = VERTEX_POINT ( 'NONE', #797 ) ;
#146 = CARTESIAN_POINT ( 'NONE',  ( -466.0014696174617939, 137.7816522727894721, -56.85105330465941620 ) ) ;
#147 = CARTESIAN_POINT ( 'NONE',  ( -10.76629823640461936, 355.0853400387852616, -278.6052280456519270 ) ) ;
#148 = CARTESIAN_POINT ( 'NONE',  ( -489.8161467705469931, 121.1409121962393698, -43.36449610398483401 ) ) ;
#149 = CARTESIAN_POINT ( 'NONE',  ( -12.52158136977918979, 352.0853531617383396, -281.8010819142765513 ) ) ;
#150 = CARTESIAN_POINT ( 'NONE',  ( -10.31001283833688120, 232.2840452775936910, -148.4982662756860634 ) ) ;
#151 = CARTESIAN_POINT ( 'NONE',  ( -485.5595300538535071, 116.1376015024202673, -56.76844663772777722 ) ) ;
#152 = CARTESIAN_POINT ( 'NONE',  ( 13.16065100446819258, 119.8145014604027097, -44.79042852377984474 ) ) ;
#153 = CARTESIAN_POINT ( 'NONE',  ( 0.000000000000000000, 0.000000000000000000, 0.000000000000000000 ) ) ;
#154 = CARTESIAN_POINT ( 'NONE',  ( 6.569470593271827141, 132.5687544891551681, -43.91222231518776198 ) ) ;
#155 = CARTESIAN_POINT ( 'NONE',  ( -10.10087054928850492, 126.3557679811038099, -64.57189988077546161 ) ) ;
#156 = CARTESIAN_POINT ( 'NONE',  ( -467.1717221097175070, 126.7631832112599852, -64.57891196379820542 ) ) ;
#157 = CARTESIAN_POINT ( 'NONE',  ( -13.20538957563265470, 134.5113903018524582, -61.43677959115940723 ) ) ;
#158 = DIRECTION ( 'NONE',  ( 0.000000000000000000, 0.7071067811865474617, -0.7071067811865474617 ) ) ;
#159 = ORIENTED_EDGE ( 'NONE', *, *, #182, .F. ) ;
#160 = CARTESIAN_POINT ( 'NONE',  ( -466.6124062534833570, 351.3029124953859537, -275.8786670089386917 ) ) ;
#161 = CARTESIAN_POINT ( 'NONE',  ( -471.1293655769371753, 117.4999936079016436, -59.74256300217368931 ) ) ;
#162 = CARTESIAN_POINT ( 'NONE',  ( -366.1852763577393830, 261.6896741830335031, -132.3824761826844281 ) ) ;
#163 = EDGE_LOOP ( 'NONE', ( #3195, #1324 ) ) ;
#164 = CARTESIAN_POINT ( 'NONE',  ( -1.022222818286656842, 244.5078910834471912, -153.3207280454035413 ) ) ;
#165 = CIRCLE ( 'NONE', #1685, 11.00000000000000000 ) ;
#166 = CIRCLE ( 'NONE', #1351, 12.69999999999999929 ) ;
#167 = CARTESIAN_POINT ( 'NONE',  ( 7.637181711964606379, 116.5492532164119694, -57.83827551040624115 ) ) ;
#168 = CARTESIAN_POINT ( 'NONE',  ( -490.1255684419292606, 352.8625474829547102, -281.7052969510332900 ) ) ;
#169 = CARTESIAN_POINT ( 'NONE',  ( -465.2924952968324988, 137.0204138966014398, -58.82151022911136096 ) ) ;
#170 = ADVANCED_FACE ( 'NONE', ( #5179 ), #2359, .T. ) ;
#171 = CARTESIAN_POINT ( 'NONE',  ( -9.244767521520852682, 115.7325466824309217, -54.77232951497755664 ) ) ;
#172 = CARTESIAN_POINT ( 'NONE',  ( -483.7439476002988386, 133.4929877968369567, -44.55737295155935840 ) ) ;
#173 = ORIENTED_EDGE ( 'NONE', *, *, #3721, .F. ) ;
#174 = CARTESIAN_POINT ( 'NONE',  ( -466.6118084952527738, 137.8253501213209518, -54.45931076701027962 ) ) ;
#175 = DIRECTION ( 'NONE',  ( 0.5002453067673268139, -0.8645740512018583734, 0.04760612403535391390 ) ) ;
#176 = CARTESIAN_POINT ( 'NONE',  ( -6.299100863027568664, 120.2336982398464613, -62.54528730565856165 ) ) ;
#177 = CARTESIAN_POINT ( 'NONE',  ( 8.376468839583656845, 129.9233285333578465, -42.81868839581228059 ) ) ;
#178 = B_SPLINE_CURVE_WITH_KNOTS ( 'NONE', 3,
 ( #3401, #2268, #1017, #268, #3768 ),
 .UNSPECIFIED., .F., .F.,
 ( 4, 1, 4 ),
 ( 0.03803605688309565774, 0.03840876694831026061, 0.03878147701352486348 ),
 .UNSPECIFIED. ) ;
#179 = CARTESIAN_POINT ( 'NONE',  ( -490.5398004456128547, 133.0069299233233835, -62.66446722873902786 ) ) ;
#180 = CARTESIAN_POINT ( 'NONE',  ( -484.4963787224485259, 121.2319823342872382, -63.10935645573245978 ) ) ;
#181 = CARTESIAN_POINT ( 'NONE',  ( 11.60131640174132883, 115.9041094339578279, -51.15360979662318641 ) ) ;
#182 = EDGE_CURVE ( 'NONE', #1279, #2845, #1607, .T. ) ;
#183 = CARTESIAN_POINT ( 'NONE',  ( -467.5874511352060381, 137.8605603755420645, -52.77120689095007577 ) ) ;
#184 = AXIS2_PLACEMENT_3D ( 'NONE', #406, #2742, #1923 ) ;
#185 = CARTESIAN_POINT ( 'NONE',  ( 6.320453841538108186, 134.9806426893353262, -46.01420338205804228 ) ) ;
#186 = CARTESIAN_POINT ( 'NONE',  ( -106.3602043155465253, 280.2672419379629787, -119.9732799069384157 ) ) ;
#187 = CARTESIAN_POINT ( 'NONE',  ( -6.103375996208589171, 135.1881794175171478, -46.15340219792212650 ) ) ;
#188 = CARTESIAN_POINT ( 'NONE',  ( -477.5138688887957983, 0.000000000000000000, 0.000000000000000000 ) ) ;
#189 = VERTEX_POINT ( 'NONE', #775 ) ;
#190 = CARTESIAN_POINT ( 'NONE',  ( -368.7569344443979844, 262.7170908612151266, -117.7121223185245356 ) ) ;
#191 = CARTESIAN_POINT ( 'NONE',  ( -468.0396406689899891, 115.7507775588495633, -54.91099159933151697 ) ) ;
#192 = CARTESIAN_POINT ( 'NONE',  ( -366.8694416482446172, 269.0865004081380789, -136.6874967134359053 ) ) ;
#193 = EDGE_LOOP ( 'NONE', ( #4201, #2384, #4608, #1240 ) ) ;
#194 = VERTEX_POINT ( 'NONE', #1170 ) ;
#195 = CARTESIAN_POINT ( 'NONE',  ( -0.8872511562274285613, 243.6801965922152533, -152.4792443271237232 ) ) ;
#196 = CARTESIAN_POINT ( 'NONE',  ( 6.330437336664858528, 120.0101914938226741, -62.29759793847745897 ) ) ;
#197 = CARTESIAN_POINT ( 'NONE',  ( -488.8380573462229108, 128.5413297152806820, -64.43556268426196709 ) ) ;
#198 = CIRCLE ( 'NONE', #3144, 11.00000000000000000 ) ;
#199 = CARTESIAN_POINT ( 'NONE',  ( -370.0468399165243341, 281.3603903633929235, -128.4830915871987145 ) ) ;
#200 = CARTESIAN_POINT ( 'NONE',  ( -8.238219309614635222, 116.0436334905811293, -56.44896037170083503 ) ) ;
#201 = CARTESIAN_POINT ( 'NONE',  ( -487.6970623868797929, 126.1284802435392294, -42.07644651892257315 ) ) ;
#202 = ADVANCED_FACE ( 'NONE', ( #2714 ), #2340, .T. ) ;
#203 = ORIENTED_EDGE ( 'NONE', *, *, #1951, .T. ) ;
#204 = CARTESIAN_POINT ( 'NONE',  ( -470.8611480767435751, 136.1849559089250761, -47.59824482101070231 ) ) ;
#205 = FACE_OUTER_BOUND ( 'NONE', #4882, .T. ) ;
#206 = CARTESIAN_POINT ( 'NONE',  ( -15.69999999999999929, 126.7631832112599852, -64.57891196379820542 ) ) ;
#207 = CARTESIAN_POINT ( 'NONE',  ( -10.85029767935907685, 227.6274839662428633, -163.6818520695310042 ) ) ;
#208 = CARTESIAN_POINT ( 'NONE',  ( -483.7871692237151819, 118.1497019366681940, -60.48302614141986311 ) ) ;
#209 = CARTESIAN_POINT ( 'NONE',  ( 12.11663375332956782, 123.3113511999666656, -42.92345245341864057 ) ) ;
#210 = CARTESIAN_POINT ( 'NONE',  ( -471.1917478444666472, 134.9926224490952222, -46.02744875643234224 ) ) ;
#211 = DIRECTION ( 'NONE',  ( 0.000000000000000000, 0.000000000000000000, -1.000000000000000000 ) ) ;
#212 = EDGE_CURVE ( 'NONE', #3012, #442, #860, .T. ) ;
#213 = FACE_OUTER_BOUND ( 'NONE', #4303, .T. ) ;
#214 = CARTESIAN_POINT ( 'NONE',  ( 10.10813975587907443, 138.1508351865059865, -53.98430988301921474 ) ) ;
#215 = CARTESIAN_POINT ( 'NONE',  ( -488.4889997408752720, 125.6645867843325419, -42.41094820562481260 ) ) ;
#216 = CARTESIAN_POINT ( 'NONE',  ( -8.255472272902236952, 137.4705232501294745, -50.53075465563259883 ) ) ;
#217 = CARTESIAN_POINT ( 'NONE',  ( -488.4878835658799971, 353.5867097027336854, -281.4059127365998734 ) ) ;
#218 = ORIENTED_EDGE ( 'NONE', *, *, #3603, .T. ) ;
#219 = CARTESIAN_POINT ( 'NONE',  ( 10.66488346923363828, 354.9326993162267172, -277.8362722782713377 ) ) ;
#220 = CARTESIAN_POINT ( 'NONE',  ( -471.1185744809379798, 119.7089389223150420, -62.05125694902399403 ) ) ;
#221 = CARTESIAN_POINT ( 'NONE',  ( -366.6944936549293175, 267.6316302658765380, -136.4010486485372269 ) ) ;
#222 = EDGE_LOOP ( 'NONE', ( #3746, #2161, #2433, #2058 ) ) ;
#223 = CARTESIAN_POINT ( 'NONE',  ( -465.0336388958604061, 116.5530906323541132, -49.10882192271398594 ) ) ;
#224 = CARTESIAN_POINT ( 'NONE',  ( -9.978632493751003807, 126.1529073061082613, -64.56212283969473731 ) ) ;
#225 = CIRCLE ( 'NONE', #3593, 1.000000000000000888 ) ;
#226 = CARTESIAN_POINT ( 'NONE',  ( -11.83834618192889288, 245.8012408851786290, -165.9904247656517668 ) ) ;
#227 = CARTESIAN_POINT ( 'NONE',  ( 8.314698472512176863, 115.7701953425401626, -56.08491927607424543 ) ) ;
#228 = CARTESIAN_POINT ( 'NONE',  ( -489.8913184471622912, 353.4103077787992220, -276.1024447980487935 ) ) ;
#229 = CARTESIAN_POINT ( 'NONE',  ( -366.9384975724282754, 270.5659761323856856, -136.6610075896953731 ) ) ;
#230 = CARTESIAN_POINT ( 'NONE',  ( -483.6270034874324324, 135.2391761334367004, -46.21196338015312222 ) ) ;
#231 = ORIENTED_EDGE ( 'NONE', *, *, #3117, .F. ) ;
#232 = CARTESIAN_POINT ( 'NONE',  ( -467.8087145004755598, 137.8328335623425858, -52.41434776350735802 ) ) ;
#233 = CARTESIAN_POINT ( 'NONE',  ( -110.0516565665153195, 273.1798688680660803, -136.8219381273071349 ) ) ;
#234 = CARTESIAN_POINT ( 'NONE',  ( -11.47409645467588923, 234.5620790939229323, -168.9843292041176994 ) ) ;
#235 = CARTESIAN_POINT ( 'NONE',  ( -490.1425388334076274, 117.9846820901224334, -46.67519873721838763 ) ) ;
#236 = CARTESIAN_POINT ( 'NONE',  ( 6.339482344513731604, 118.3796236602287877, -60.76345422636936888 ) ) ;
#237 = CARTESIAN_POINT ( 'NONE',  ( -466.4377239319380806, 124.3497814159127444, -42.26419321589943223 ) ) ;
#238 = CARTESIAN_POINT ( 'NONE',  ( -465.4238929451423701, 137.3669175703627729, -56.84140704831467872 ) ) ;
#239 = CARTESIAN_POINT ( 'NONE',  ( -112.4786772418840570, 258.9479232327210525, -136.6610075896953447 ) ) ;
#240 = DIRECTION ( 'NONE',  ( 1.000000000000000000, 0.000000000000000000, 0.000000000000000000 ) ) ;
#241 = CARTESIAN_POINT ( 'NONE',  ( 12.62384081973654482, 135.9225573876117039, -60.59693605144048689 ) ) ;
#242 = VECTOR ( 'NONE', #4814, 1000.000000000000000 ) ;
#243 = CARTESIAN_POINT ( 'NONE',  ( -485.0240564751715624, 131.3367290086329717, -43.35895809997089856 ) ) ;
#244 = CARTESIAN_POINT ( 'NONE',  ( -9.073074163630218791, 137.6737554855673693, -51.40900215777862314 ) ) ;
#245 = VERTEX_POINT ( 'NONE', #2686 ) ;
#246 = CARTESIAN_POINT ( 'NONE',  ( 10.53789751713188139, 128.0823539066014973, -64.83279699900624848 ) ) ;
#247 = CARTESIAN_POINT ( 'NONE',  ( -473.5046930310189737, 247.5952081259911211, -157.2643059861116797 ) ) ;
#248 = CARTESIAN_POINT ( 'NONE',  ( -13.16469403286106044, 119.6083272437236644, -44.99038129777674300 ) ) ;
#249 = ORIENTED_EDGE ( 'NONE', *, *, #1162, .T. ) ;
#250 = CARTESIAN_POINT ( 'NONE',  ( -10.36441892477025029, 125.7924037975671183, -42.08599889065950350 ) ) ;
#251 = EDGE_CURVE ( 'NONE', #2279, #4752, #1192, .T. ) ;
#252 = CARTESIAN_POINT ( 'NONE',  ( 12.50921951035574686, 116.5873765893020391, -49.02911485944937198 ) ) ;
#253 = CARTESIAN_POINT ( 'NONE',  ( 16.69999999999999929, 126.7631832112599852, -53.47891196379821110 ) ) ;
#254 = CARTESIAN_POINT ( 'NONE',  ( -488.8462704847859186, 124.9690592448079087, -42.52486617272164438 ) ) ;
#255 = CARTESIAN_POINT ( 'NONE',  ( -6.184276073594761947, 117.9757573881494892, -60.37957092765875444 ) ) ;
#256 = CARTESIAN_POINT ( 'NONE',  ( -489.5826239043311716, 116.1492032808855726, -50.15935116214856748 ) ) ;
#257 = CIRCLE ( 'NONE', #3, 1.000000000000000888 ) ;
#258 = EDGE_LOOP ( 'NONE', ( #681, #3733 ) ) ;
#259 = CARTESIAN_POINT ( 'NONE',  ( -466.0590892635522096, 137.6821210393741808, -55.50774484995648095 ) ) ;
#260 = CARTESIAN_POINT ( 'NONE',  ( 7.628263615973651213, 131.1365435642057378, -43.27132155465839958 ) ) ;
#261 = VECTOR ( 'NONE', #4370, 1000.000000000000000 ) ;
#262 = CARTESIAN_POINT ( 'NONE',  ( -11.83766525508974787, 122.5523478666783745, -42.74255203531092207 ) ) ;
#263 = CARTESIAN_POINT ( 'NONE',  ( -12.68919174292470942, 228.0675756141384056, -153.8885327144482460 ) ) ;
#264 = CARTESIAN_POINT ( 'NONE',  ( -490.0965013307087474, 117.7618781974921376, -46.97264083769280774 ) ) ;
#265 = DIRECTION ( 'NONE',  ( -1.000000000000000000, 0.000000000000000000, 0.000000000000000000 ) ) ;
#266 = CARTESIAN_POINT ( 'NONE',  ( -11.78269001634799018, 129.4674092064489344, -64.25035018226986949 ) ) ;
#267 = DIRECTION ( 'NONE',  ( 0.000000000000000000, -1.000000000000000000, -0.000000000000000000 ) ) ;
#268 = CARTESIAN_POINT ( 'NONE',  ( -10.02703752410039506, 127.2935150902181363, -42.39108298586079115 ) ) ;
#269 = CARTESIAN_POINT ( 'NONE',  ( 12.63062559724249390, 135.5310831193093577, -60.29639728580508518 ) ) ;
#270 = CARTESIAN_POINT ( 'NONE',  ( -487.0498469614933583, 127.5668072140789207, -42.38629316846546402 ) ) ;
#271 = CARTESIAN_POINT ( 'NONE',  ( -9.471170845677937322, 137.8486944414950699, -52.56733621157827940 ) ) ;
#272 = ORIENTED_EDGE ( 'NONE', *, *, #2335, .F. ) ;
#273 = CARTESIAN_POINT ( 'NONE',  ( 7.767626420383787256, 123.2425977937034958, -64.18200076591841707 ) ) ;
#274 = CARTESIAN_POINT ( 'NONE',  ( -465.1992204724585349, 244.5901609543369375, -166.8823194170572322 ) ) ;
#275 = ORIENTED_EDGE ( 'NONE', *, *, #3237, .T. ) ;
#276 = FACE_OUTER_BOUND ( 'NONE', #2194, .T. ) ;
#277 = ORIENTED_EDGE ( 'NONE', *, *, #2655, .F. ) ;
#278 = CARTESIAN_POINT ( 'NONE',  ( -11.47880504053792627, 123.7714828930644302, -42.78238159768351778 ) ) ;
#279 = EDGE_CURVE ( 'NONE', #5000, #2511, #1872, .T. ) ;
#280 = CARTESIAN_POINT ( 'NONE',  ( 12.29400617119472017, 121.1700331266090274, -43.34935020044766674 ) ) ;
#281 = LINE ( 'NONE', #718, #4381 ) ;
#282 = DIRECTION ( 'NONE',  ( -0.000000000000000000, -0.7071067811865464625, 0.7071067811865486830 ) ) ;
#283 = CARTESIAN_POINT ( 'NONE',  ( -6.877110595636258594, 121.6303516126778987, -63.45834212034187516 ) ) ;
#284 = CARTESIAN_POINT ( 'NONE',  ( -490.7164749394863179, 118.7169350692318375, -45.82336965856597999 ) ) ;
#285 = CARTESIAN_POINT ( 'NONE',  ( -9.761687408937454791, 127.7318400835959551, -42.41623930356325900 ) ) ;
#286 = CARTESIAN_POINT ( 'NONE',  ( -488.4343720757184997, 351.1220281305646722, -275.9531874118528094 ) ) ;
#287 = CARTESIAN_POINT ( 'NONE',  ( -474.0379525843296733, 234.7056274847712132, -171.9630831283057546 ) ) ;
#288 = CARTESIAN_POINT ( 'NONE',  ( -11.71557865840848223, 227.0409165081647700, -160.7351977588628813 ) ) ;
#289 = CARTESIAN_POINT ( 'NONE',  ( -489.2951924253766265, 115.9745583313158335, -49.41695309368550681 ) ) ;
#290 = CARTESIAN_POINT ( 'NONE',  ( -477.5138688887957983, 0.000000000000000000, 12.69999999999999929 ) ) ;
#291 = CARTESIAN_POINT ( 'NONE',  ( -464.8498744113646239, 135.6668001689826326, -60.91993071635187817 ) ) ;
#292 = CARTESIAN_POINT ( 'NONE',  ( -470.3407398447900505, 136.5922895297981938, -48.31000794799107467 ) ) ;
#293 = DIRECTION ( 'NONE',  ( 0.000000000000000000, 0.000000000000000000, -1.000000000000000000 ) ) ;
#294 = CARTESIAN_POINT ( 'NONE',  ( -465.1027865295876040, 354.9335427677938810, -277.8384889721614286 ) ) ;
#295 = CARTESIAN_POINT ( 'NONE',  ( -486.5048492240085238, 128.2274819801805279, -42.23471467440547400 ) ) ;
#296 = CARTESIAN_POINT ( 'NONE',  ( -6.402401305660347042, 136.0595501893587027, -47.26313096285836934 ) ) ;
#297 = ORIENTED_EDGE ( 'NONE', *, *, #3267, .T. ) ;
#298 = CARTESIAN_POINT ( 'NONE',  ( 10.99454256952992459, 354.4728695433860821, -280.6281443733216179 ) ) ;
#299 = CARTESIAN_POINT ( 'NONE',  ( -470.5117079996014695, 248.4915654706766759, -160.2162077681232120 ) ) ;
#300 = CARTESIAN_POINT ( 'NONE',  ( -12.90038566746706650, 117.2344575088936125, -47.77273770713333789 ) ) ;
#301 = ORIENTED_EDGE ( 'NONE', *, *, #2553, .T. ) ;
#302 = CARTESIAN_POINT ( 'NONE',  ( -12.66570100175650637, 118.2301981760036398, -46.36966840292649294 ) ) ;
#303 = CIRCLE ( 'NONE', #3241, 3.000000000000002665 ) ;
#304 = CARTESIAN_POINT ( 'NONE',  ( 12.62169888832509912, 117.5928877877636580, -46.37539771930935473 ) ) ;
#305 = CARTESIAN_POINT ( 'NONE',  ( -465.1686419962234140, 350.2534300238442597, -281.1850698937815878 ) ) ;
#306 = VECTOR ( 'NONE', #988, 1000.000000000000000 ) ;
#307 = CARTESIAN_POINT ( 'NONE',  ( -469.9245853670515771, 130.5888310910977452, -42.89055789997203050 ) ) ;
#308 = CARTESIAN_POINT ( 'NONE',  ( -6.395294407857938346, 119.7089389223117450, -62.05125694902123001 ) ) ;
#309 = ADVANCED_FACE ( 'NONE', ( #1947 ), #4295, .T. ) ;
#310 = CARTESIAN_POINT ( 'NONE',  ( -487.8560156678824455, 126.7631832112741108, -64.57891196379820542 ) ) ;
#311 = EDGE_CURVE ( 'NONE', #1056, #4922, #3979, .T. ) ;
#312 = DIRECTION ( 'NONE',  ( 1.000000000000000000, -0.000000000000000000, 0.000000000000000000 ) ) ;
#313 = CARTESIAN_POINT ( 'NONE',  ( 11.17742861356552986, 125.2707575491418197, -42.47545208693389185 ) ) ;
#314 = VECTOR ( 'NONE', #65, 1000.000000000000000 ) ;
#315 = CARTESIAN_POINT ( 'NONE',  ( -12.48708455551323482, 117.0779557154095301, -47.11621543050838312 ) ) ;
#316 = CARTESIAN_POINT ( 'NONE',  ( -10.31895328117573740, 228.8847712996032726, -166.0705077063969952 ) ) ;
#317 = CARTESIAN_POINT ( 'NONE',  ( -490.1423779100804836, 116.7437545005127788, -48.68634921736833832 ) ) ;
#318 = DIRECTION ( 'NONE',  ( 0.000000000000000000, 0.000000000000000000, 1.000000000000000000 ) ) ;
#319 = CARTESIAN_POINT ( 'NONE',  ( -465.2789888670822052, 130.4983180165064880, -63.93802862648648500 ) ) ;
#320 = CARTESIAN_POINT ( 'NONE',  ( -368.7569344443975297, 262.7170908612152402, -117.7121223185244929 ) ) ;
#321 = ADVANCED_FACE ( 'NONE', ( #727 ), #1271, .T. ) ;
#322 = CARTESIAN_POINT ( 'NONE',  ( -465.0393385810247082, 352.4776140919258864, -275.8203753114019037 ) ) ;
#323 = CARTESIAN_POINT ( 'NONE',  ( -483.8327226316182532, 133.2150778696423288, -44.34984168101155433 ) ) ;
#324 = CARTESIAN_POINT ( 'NONE',  ( 7.055083033531914793, 131.5681130604866951, -43.34709091253370872 ) ) ;
#325 = CARTESIAN_POINT ( 'NONE',  ( -488.5084365110999443, 354.4730877616248677, -280.6280655875767138 ) ) ;
#326 = CARTESIAN_POINT ( 'NONE',  ( -466.7286719430729818, 127.5190711984277527, -64.57485300359337543 ) ) ;
#327 = ORIENTED_EDGE ( 'NONE', *, *, #3106, .T. ) ;
#328 = AXIS2_PLACEMENT_3D ( 'NONE', #3366, #2947, #2182 ) ;
#329 = FACE_OUTER_BOUND ( 'NONE', #461, .T. ) ;
#330 = CARTESIAN_POINT ( 'NONE',  ( -467.9132148985959248, 126.3568609690282329, -64.82992300428578858 ) ) ;
#331 = CARTESIAN_POINT ( 'NONE',  ( -477.5138688887957983, 154.0954544295048549, -65.25483399593942124 ) ) ;
#332 = EDGE_LOOP ( 'NONE', ( #2328, #4841 ) ) ;
#333 = CARTESIAN_POINT ( 'NONE',  ( -12.29203736065934649, 121.1775689212088452, -43.34523483884453299 ) ) ;
#334 = CARTESIAN_POINT ( 'NONE',  ( 12.38073444326521688, 117.1535218944492271, -47.90950585040146592 ) ) ;
#335 =( BOUNDED_CURVE ( )  B_SPLINE_CURVE ( 3, ( #1288, #4179, #4589, #2090 ),
 .UNSPECIFIED., .F., .F. ) 
 B_SPLINE_CURVE_WITH_KNOTS ( ( 4, 4 ),
 ( 4.712388980384709214, 7.068583470577038064 ),
 .UNSPECIFIED. ) 
 CURVE ( )  GEOMETRIC_REPRESENTATION_ITEM ( )  RATIONAL_B_SPLINE_CURVE ( ( 1.000000000000000000, 0.5884556215767313692, 0.5884556215767313692, 1.000000000000000000 ) ) 
 REPRESENTATION_ITEM ( '' )  );
#336 = CARTESIAN_POINT ( 'NONE',  ( -465.0393426011881388, 351.6930584604124306, -281.7817846639437107 ) ) ;
#337 = CARTESIAN_POINT ( 'NONE',  ( -9.978632493751003807, 126.1529073061082613, -64.56212283969473731 ) ) ;
#338 = CARTESIAN_POINT ( 'NONE',  ( -8.423431319230838099, 116.0782253967507813, -56.56425978100272545 ) ) ;
#339 = CARTESIAN_POINT ( 'NONE',  ( -488.4293013725845753, 115.7040688857167083, -52.47322953558420977 ) ) ;
#340 = CARTESIAN_POINT ( 'NONE',  ( -6.322121044329171546, 134.9926224490952507, -46.02744875643239908 ) ) ;
#341 = DIRECTION ( 'NONE',  ( 0.000000000000000000, 0.7071067811865464625, -0.7071067811865486830 ) ) ;
#342 = LINE ( 'NONE', #287, #1922 ) ;
#343 = AXIS2_PLACEMENT_3D ( 'NONE', #2162, #1029, #2113 ) ;
#344 = B_SPLINE_CURVE_WITH_KNOTS ( 'NONE', 3,
 ( #2261, #1554, #5099, #3152, #4367, #2289, #3873, #262, #770, #1505, #2363, #3975, #3099, #4709, #2312, #3925, #370, #315, #1968, #2198, #633, #3812, #458, #1709, #3311, #4908, #1812, #1761, #4569, #978, #2573, #4185, #3789, #1010, #3393, #3022, #3423, #1392, #5016, #1367, #4625, #614, #2967, #2996, #176, #583, #3819, #1785, #4959, #2602, #2173, #4988 ),
 .UNSPECIFIED., .F., .F.,
 ( 4, 2, 2, 2, 2, 2, 2, 2, 2, 2, 2, 2, 2, 2, 2, 2, 2, 2, 2, 2, 2, 2, 2, 2, 2, 4 ),
 ( 0.03769459840743784318, 0.04008598963230022849, 0.04128168524473142115, 0.04247738085716261380, 0.04367307646959380646, 0.04486877208202499911, 0.04726016330688738443, 0.04845585891931857014, 0.04965155453174976280, 0.05084725014418094852, 0.05204294575661213423, 0.05323864136904331995, 0.05443433698147450567, 0.05682572820633689792, 0.05802142381876809751, 0.05921711943119928323, 0.06160851065606165466, 0.06399990188092401222, 0.06519559749335521182, 0.06639129310578639753, 0.06758698871821759713, 0.06818483652443318999, 0.06878268433064879672, 0.07117407555551122367, 0.07356546678037365061, 0.07595685800523606368 ),
 .UNSPECIFIED. ) ;
#345 = CARTESIAN_POINT ( 'NONE',  ( -466.5191476524130394, 354.4705965750161454, -280.6313551515186191 ) ) ;
#346 = CARTESIAN_POINT ( 'NONE',  ( -489.4760031854256113, 122.2107124490864578, -42.87167657310972402 ) ) ;
#347 = DIRECTION ( 'NONE',  ( -0.3131456130149730122, 0.000000000000000000, 0.9497051253149457750 ) ) ;
#348 = CARTESIAN_POINT ( 'NONE',  ( -487.7319446921858912, 115.3623862319793005, -52.77915359250351202 ) ) ;
#349 = AXIS2_PLACEMENT_3D ( 'NONE', #905, #53, #3315 ) ;
#350 = CARTESIAN_POINT ( 'NONE',  ( -468.3266311482432798, 127.8980486138860897, -42.18368544952645038 ) ) ;
#351 = CARTESIAN_POINT ( 'NONE',  ( -486.5038460305214016, 125.2971692960646095, -64.72303700185128150 ) ) ;
#352 = CARTESIAN_POINT ( 'NONE',  ( -484.2319541097563729, 132.2433130003229280, -43.71467028512569186 ) ) ;
#353 = VERTEX_POINT ( 'NONE', #2315 ) ;
#354 = CARTESIAN_POINT ( 'NONE',  ( 6.142008262301971833, 135.3685691004526745, -46.36376889381900668 ) ) ;
#355 = CARTESIAN_POINT ( 'NONE',  ( 1.347111479062087616E-15, 350.6711395993650626, -292.9432175380077297 ) ) ;
#356 = CARTESIAN_POINT ( 'NONE',  ( 10.92050318692268540, 353.0486781929120070, -281.6489764167003500 ) ) ;
#357 = CARTESIAN_POINT ( 'NONE',  ( -476.4916460705090913, 244.5078910834472197, -153.3207280454035129 ) ) ;
#358 = CARTESIAN_POINT ( 'NONE',  ( -490.6887646367424054, 133.9822275402639491, -61.91897293048957351 ) ) ;
#359 = EDGE_LOOP ( 'NONE', ( #2964, #3035 ) ) ;
#360 = CARTESIAN_POINT ( 'NONE',  ( -12.43666636282443427, 116.9421328227677179, -47.33675561191085279 ) ) ;
#361 = AXIS2_PLACEMENT_3D ( 'NONE', #1459, #1099, #2267 ) ;
#362 = CARTESIAN_POINT ( 'NONE',  ( 11.16997465550431734, 128.2415486636875528, -64.48421392289883158 ) ) ;
#363 = CARTESIAN_POINT ( 'NONE',  ( 13.11861616764106309, 117.9492281230401716, -46.72051469764738130 ) ) ;
#364 = CARTESIAN_POINT ( 'NONE',  ( 1.555301434917138433E-15, 65.00000000000000000, -12.69999999999999929 ) ) ;
#365 = CARTESIAN_POINT ( 'NONE',  ( 0.000000000000000000, 79.14213562373097943, -5.857864376269064088 ) ) ;
#366 = CARTESIAN_POINT ( 'NONE',  ( -8.796983148501745120, 124.9714015414866566, -64.66302579865887878 ) ) ;
#367 = CARTESIAN_POINT ( 'NONE',  ( -7.709946826490650551, 137.0275122763534341, -49.24038725919935899 ) ) ;
#368 =( BOUNDED_SURFACE ( )  B_SPLINE_SURFACE ( 3, 2, ( 
 ( #687, #5064, #4729 ),
 ( #1885, #4776, #3143 ),
 ( #250, #2304, #5090 ),
 ( #4674, #2251, #1136 ),
 ( #3864, #2280, #2753 ),
 ( #2730, #278, #3121 ),
 ( #3916, #3522, #3942 ),
 ( #4700, #4358, #1471 ),
 ( #1497, #3066, #1860 ),
 ( #1960, #3892, #3474 ),
 ( #333, #1085, #4256 ),
 ( #1181, #1934, #715 ),
 ( #3499, #4753, #4308 ),
 ( #2329, #661, #2675 ),
 ( #4333, #2702, #4285 ),
 ( #3548, #3573, #740 ),
 ( #5141, #3091, #1112 ),
 ( #3167, #302, #1546 ),
 ( #1908, #5116, #763 ),
 ( #1157, #2353, #3968 ),
 ( #360, #5165, #1520 ),
 ( #1572, #4797, #2379 ),
 ( #1984, #3196, #3990 ),
 ( #5191, #390, #3598 ),
 ( #788, #2776, #1599 ),
 ( #4383, #4621, #2625 ),
 ( #1729, #4125, #2139 ),
 ( #3758, #3449, #4180 ),
 ( #637, #3783, #2228 ),
 ( #4954, #3335, #143 ),
 ( #1448, #2989, #972 ),
 ( #4590, #4651, #579 ),
 ( #2515, #171, #1004 ),
 ( #2597, #526, #4208 ),
 ( #607, #200, #338 ),
 ( #3946, #5095, #3527 ),
 ( #1090, #745, #1578 ),
 ( #1939, #2757, #4733 ),
 ( #3479, #3148, #3175 ),
 ( #5069, #1475, #1864 ),
 ( #5120, #1116, #767 ),
 ( #255, #3896, #1063 ),
 ( #2735, #2256, #4314 ),
 ( #1889, #3070, #4261 ),
 ( #1523, #665, #4290 ),
 ( #3578, #3125, #2286 ),
 ( #2358, #720, #308 ),
 ( #3552, #1501, #1164 ),
 ( #4679, #1140, #4340 ),
 ( #2333, #3972, #691 ),
 ( #283, #5145, #2679 ),
 ( #3503, #2650, #1550 ),
 ( #4757, #3095, #4363 ),
 ( #366, #1965, #3868 ),
 ( #5171, #4704, #2707 ),
 ( #1914, #2308, #3921 ) ),
 .UNSPECIFIED., .F., .F., .F. ) 
 B_SPLINE_SURFACE_WITH_KNOTS ( ( 4, 2, 2, 2, 2, 2, 2, 2, 2, 2, 2, 2, 2, 2, 2, 2, 2, 2, 2, 2, 2, 2, 2, 2, 2, 2, 2, 4 ),
 ( 3, 3 ),
 ( 0.03894432858998079366, 0.04137834912685858790, 0.04259535939529748155, 0.04381236966373637520, 0.04502937993217526885, 0.04624639020061416250, 0.04868041073749194980, 0.04928891587171140010, 0.04989742100593084345, 0.05111443127436973710, 0.05233144154280863769, 0.05354845181124753134, 0.05476546207968642499, 0.05598247234812532558, 0.05841649288500311288, 0.05963350315344200653, 0.06085051342188090018, 0.06328453395875868748, 0.06450154422719758807, 0.06571855449563648865, 0.06693556476407538924, 0.06815257503251427595, 0.06936958530095316267, 0.06997809043517261296, 0.07058659556939206325, 0.07302061610626986443, 0.07545463664314765173, 0.07788865718002543903 ),
 ( 0.000000000000000000, 1.000000000000000000 ),
 .UNSPECIFIED. ) 
 GEOMETRIC_REPRESENTATION_ITEM ( )  RATIONAL_B_SPLINE_SURFACE ( (
 ( 1.000000000000000000, 0.8630364106875870744, 1.000000000000000000),
 ( 1.000000000000000000, 0.8474948987432864289, 1.000000000000000000),
 ( 1.000000000000000000, 0.8311128781760024342, 1.000000000000000000),
 ( 1.000000000000000000, 0.8063022470356310256, 1.000000000000000000),
 ( 1.000000000000000000, 0.7979538614175719635, 1.000000000000000000),
 ( 1.000000000000000000, 0.7816941291560629557, 1.000000000000000000),
 ( 1.000000000000000000, 0.7737739712089815036, 1.000000000000000000),
 ( 1.000000000000000000, 0.7586647157871639902, 1.000000000000000000),
 ( 1.000000000000000000, 0.7514748909796340470, 1.000000000000000000),
 ( 1.000000000000000000, 0.7382108424395861235, 1.000000000000000000),
 ( 1.000000000000000000, 0.7321332616758836620, 1.000000000000000000),
 ( 1.000000000000000000, 0.7166895745693898645, 1.000000000000000000),
 ( 1.000000000000000000, 0.7099197958265323072, 1.000000000000000000),
 ( 1.000000000000000000, 0.7072853301017965055, 1.000000000000000000),
 ( 1.000000000000000000, 0.7070518111436855380, 1.000000000000000000),
 ( 1.000000000000000000, 0.7071838191620781755, 1.000000000000000000),
 ( 1.000000000000000000, 0.7075457476868114437, 1.000000000000000000),
 ( 1.000000000000000000, 0.7094889621101533317, 1.000000000000000000),
 ( 1.000000000000000000, 0.7119290998840394069, 1.000000000000000000),
 ( 1.000000000000000000, 0.7188988055179000858, 1.000000000000000000),
 ( 1.000000000000000000, 0.7234693355578849516, 1.000000000000000000),
 ( 1.000000000000000000, 0.7342329164114199669, 1.000000000000000000),
 ( 1.000000000000000000, 0.7403983857564424564, 1.000000000000000000),
 ( 1.000000000000000000, 0.7538832479963166744, 1.000000000000000000),
 ( 1.000000000000000000, 0.7612029892900692429, 1.000000000000000000),
 ( 1.000000000000000000, 0.7766446831866492539, 1.000000000000000000),
 ( 1.000000000000000000, 0.7846902416296989147, 1.000000000000000000),
 ( 1.000000000000000000, 0.8090609689905888802, 1.000000000000000000),
 ( 1.000000000000000000, 0.8257049014548649701, 1.000000000000000000),
 ( 1.000000000000000000, 0.8499961438796769242, 1.000000000000000000),
 ( 1.000000000000000000, 0.8580168486360721936, 1.000000000000000000),
 ( 1.000000000000000000, 0.8734797517760437557, 1.000000000000000000),
 ( 1.000000000000000000, 0.8809389017304678493, 1.000000000000000000),
 ( 1.000000000000000000, 0.9023650983458157970, 1.000000000000000000),
 ( 1.000000000000000000, 0.9153874201956200274, 1.000000000000000000),
 ( 1.000000000000000000, 0.9325108443738359121, 1.000000000000000000),
 ( 1.000000000000000000, 0.9377784402637926453, 1.000000000000000000),
 ( 1.000000000000000000, 0.9472672516210719484, 1.000000000000000000),
 ( 1.000000000000000000, 0.9515031160304139313, 1.000000000000000000),
 ( 1.000000000000000000, 0.9588138659454754631, 1.000000000000000000),
 ( 1.000000000000000000, 0.9618808812033925459, 1.000000000000000000),
 ( 1.000000000000000000, 0.9664845643750717974, 1.000000000000000000),
 ( 1.000000000000000000, 0.9680509770473550990, 1.000000000000000000),
 ( 1.000000000000000000, 0.9694952504875811172, 1.000000000000000000),
 ( 1.000000000000000000, 0.9693400335230187848, 1.000000000000000000),
 ( 1.000000000000000000, 0.9678669975524002433, 1.000000000000000000),
 ( 1.000000000000000000, 0.9671696828089615394, 1.000000000000000000),
 ( 1.000000000000000000, 0.9653731585846860863, 1.000000000000000000),
 ( 1.000000000000000000, 0.9642669051008702086, 1.000000000000000000),
 ( 1.000000000000000000, 0.9578845184027356963, 1.000000000000000000),
 ( 1.000000000000000000, 0.9501001677504467002, 1.000000000000000000),
 ( 1.000000000000000000, 0.9303970607734538545, 1.000000000000000000),
 ( 1.000000000000000000, 0.9187322690979037310, 1.000000000000000000),
 ( 1.000000000000000000, 0.8925863555451144515, 1.000000000000000000),
 ( 1.000000000000000000, 0.8780792207081633549, 1.000000000000000000),
 ( 1.000000000000000000, 0.8624489701308499789, 1.000000000000000000) ) ) 
 REPRESENTATION_ITEM ( '' )  SURFACE ( )  );
#369 = CARTESIAN_POINT ( 'NONE',  ( -12.70003496211507787, 354.3442293392905071, -280.7850557363991015 ) ) ;
#370 = CARTESIAN_POINT ( 'NONE',  ( -12.60921919279954651, 117.5289009728933536, -46.46024613765636957 ) ) ;
#371 = CARTESIAN_POINT ( 'NONE',  ( 12.57231745971566461, 136.1583620085675932, -60.27481823204383460 ) ) ;
#372 = FACE_OUTER_BOUND ( 'NONE', #5015, .T. ) ;
#373 = CARTESIAN_POINT ( 'NONE',  ( -110.2074791534277267, 259.4456191496365705, -124.1283779719298650 ) ) ;
#374 = DIRECTION ( 'NONE',  ( 0.000000000000000000, 0.7071067811865474617, -0.7071067811865474617 ) ) ;
#375 = CARTESIAN_POINT ( 'NONE',  ( -464.3432293156294577, 133.9332431461729414, -61.96140044437204608 ) ) ;
#376 = CARTESIAN_POINT ( 'NONE',  ( -489.5041514058854659, 116.1879906557669244, -48.84643964980090658 ) ) ;
#377 = CARTESIAN_POINT ( 'NONE',  ( -471.4104928925885361, 135.1881794175170626, -46.15340219792109622 ) ) ;
#378 = CARTESIAN_POINT ( 'NONE',  ( -464.9456414589463975, 355.0663841639182579, -279.1910518864626169 ) ) ;
#379 = CARTESIAN_POINT ( 'NONE',  ( -485.9668822843788689, 137.5561076115651247, -50.86023660986650441 ) ) ;
#380 = VERTEX_POINT ( 'NONE', #1921 ) ;
#381 = CIRCLE ( 'NONE', #3310, 0.4999999999999973910 ) ;
#382 = CARTESIAN_POINT ( 'NONE',  ( -7.580901599180816852, 130.6028110836107032, -42.89549938871822832 ) ) ;
#383 = CARTESIAN_POINT ( 'NONE',  ( -465.5030760987573899, 131.1180339275007327, -63.69640376052300468 ) ) ;
#384 = ADVANCED_FACE ( 'NONE', ( #4394 ), #2391, .T. ) ;
#385 = ADVANCED_FACE ( 'NONE', ( #2741 ), #4346, .T. ) ;
#386 = CARTESIAN_POINT ( 'NONE',  ( 12.70105205765005785, 118.2969195575392689, -45.53853858372627172 ) ) ;
#387 = CYLINDRICAL_SURFACE ( 'NONE', #1942, 11.09999999999999787 ) ;
#388 = CARTESIAN_POINT ( 'NONE',  ( -461.8138688887958097, 126.7631832112599852, -53.47891196379821110 ) ) ;
#389 = ORIENTED_EDGE ( 'NONE', *, *, #3169, .F. ) ;
#390 = CARTESIAN_POINT ( 'NONE',  ( -11.97160134568676959, 116.4988438765343943, -49.23555082466054955 ) ) ;
#391 = CARTESIAN_POINT ( 'NONE',  ( -10.70810763007618327, 137.8656440234130116, -54.10180064652616494 ) ) ;
#392 = CARTESIAN_POINT ( 'NONE',  ( -466.9500250372225878, 228.0600582285084101, -164.7481095119174199 ) ) ;
#393 = EDGE_CURVE ( 'NONE', #3414, #639, #1570, .T. ) ;
#394 = CARTESIAN_POINT ( 'NONE',  ( -12.34542595521722674, 349.6984070836123806, -280.6288745088228893 ) ) ;
#395 = DIRECTION ( 'NONE',  ( -1.000000000000000000, 0.000000000000000000, 0.000000000000000000 ) ) ;
#396 = CARTESIAN_POINT ( 'NONE',  ( -370.8103004975991439, 273.4713776507213652, -114.7499108794837213 ) ) ;
#397 = AXIS2_PLACEMENT_3D ( 'NONE', #1781, #4099, #502 ) ;
#398 = CARTESIAN_POINT ( 'NONE',  ( -488.5138570966979614, 349.8231331375856712, -276.8207223986422036 ) ) ;
#399 = CARTESIAN_POINT ( 'NONE',  ( 8.322521928542341740, 137.7441168978448331, -50.88836164555526409 ) ) ;
#400 = CARTESIAN_POINT ( 'NONE',  ( -466.9252810692652247, 353.9143546285393427, -276.4150163705249383 ) ) ;
#401 = DIRECTION ( 'NONE',  ( 0.000000000000000000, 0.000000000000000000, -1.000000000000000000 ) ) ;
#402 = CARTESIAN_POINT ( 'NONE',  ( 5.551115123125782702E-14, 234.7056274847712132, -161.4213562373098512 ) ) ;
#403 = VECTOR ( 'NONE', #2380, 1000.000000000000000 ) ;
#404 = CARTESIAN_POINT ( 'NONE',  ( -464.8086834637142033, 134.8645583495667779, -61.79109238654844916 ) ) ;
#405 = CARTESIAN_POINT ( 'NONE',  ( -467.6987764816269078, 115.3848571643748500, -53.50696942128868017 ) ) ;
#406 = CARTESIAN_POINT ( 'NONE',  ( 0.000000000000000000, 146.3172798364528546, -73.03300858899144998 ) ) ;
#407 = CARTESIAN_POINT ( 'NONE',  ( -467.8041406332053498, 127.2529152057453530, -42.38875288009928255 ) ) ;
#408 = CARTESIAN_POINT ( 'NONE',  ( -485.0216269086541274, 122.1854599727349608, -63.59692525991223988 ) ) ;
#409 = CARTESIAN_POINT ( 'NONE',  ( -488.4609545574073763, 137.7175533099117786, -55.31192824919599360 ) ) ;
#410 = ORIENTED_EDGE ( 'NONE', *, *, #2132, .F. ) ;
#411 = CARTESIAN_POINT ( 'NONE',  ( -7.317193990989820485, 131.6716772025376940, -43.51694058668663700 ) ) ;
#412 = DIRECTION ( 'NONE',  ( 0.000000000000000000, 0.7071067811865464625, -0.7071067811865486830 ) ) ;
#413 = CARTESIAN_POINT ( 'NONE',  ( 8.834426199085902098, 115.5824865023129462, -55.20698833742298461 ) ) ;
#414 = DIRECTION ( 'NONE',  ( 0.000000000000000000, 0.7071067811865475727, -0.7071067811865475727 ) ) ;
#415 = EDGE_CURVE ( 'NONE', #2590, #114, #454, .T. ) ;
#416 = B_SPLINE_CURVE_WITH_KNOTS ( 'NONE', 3,
 ( #2508, #941, #3321, #5002, #4918, #3352, #2954, #4580, #4609, #4226, #625, #2218, #3832, #219, #3495, #5086, #3037, #709, #4725, #4354, #1516, #1132, #3860, #298, #4670, #1905, #1466, #1079, #2725, #356, #2671, #3938, #1494, #1053 ),
 .UNSPECIFIED., .F., .F.,
 ( 4, 2, 2, 2, 2, 2, 2, 2, 2, 2, 2, 2, 2, 2, 2, 2, 4 ),
 ( 0.000000000000000000, 0.0005890738046730827938, 0.001178147609346165588, 0.001767221414019248382, 0.002356295218692331175, 0.002945369023365413969, 0.003534442828038496763, 0.004123516632711579991, 0.004712590437384662351, 0.005301664242057744711, 0.005890738046730827938, 0.006479811851403911166, 0.007068885656076993526, 0.007657959460750075886, 0.008247033265423159981, 0.008836107070096242341, 0.009425180874769324701 ),
 .UNSPECIFIED. ) ;
#417 = CARTESIAN_POINT ( 'NONE',  ( -12.52158136977908853, 352.0853531617382828, -275.8010819142765513 ) ) ;
#418 = ORIENTED_EDGE ( 'NONE', *, *, #5194, .F. ) ;
#419 = CARTESIAN_POINT ( 'NONE',  ( -467.1526152781748920, 228.6524351291486710, -165.7542844832944127 ) ) ;
#420 = CARTESIAN_POINT ( 'NONE',  ( -12.49824109976155029, 351.8905151015927117, -281.8010819142765513 ) ) ;
#421 = CARTESIAN_POINT ( 'NONE',  ( -465.2201486811198947, 122.8817300805796151, -43.07319853762353290 ) ) ;
#422 = CARTESIAN_POINT ( 'NONE',  ( -368.7569344443975297, 262.7170908612151834, -117.7121223185244787 ) ) ;
#423 = CARTESIAN_POINT ( 'NONE',  ( 6.982509833647684516, 121.2319823342815965, -63.10935645572944708 ) ) ;
#424 = CARTESIAN_POINT ( 'NONE',  ( 0.000000000000000000, 366.2274887854691201, -277.3868683519036722 ) ) ;
#425 = CARTESIAN_POINT ( 'NONE',  ( -466.5933028007044641, 353.0491866719395375, -281.6488319804853973 ) ) ;
#426 = CARTESIAN_POINT ( 'NONE',  ( -111.2177451997450959, 263.7422329442309774, -134.4350349438820444 ) ) ;
#427 = CARTESIAN_POINT ( 'NONE',  ( -6.482757991551556742, 136.1943459469234483, -47.46388765063366577 ) ) ;
#428 = ORIENTED_EDGE ( 'NONE', *, *, #1568, .F. ) ;
#429 = CARTESIAN_POINT ( 'NONE',  ( -471.4658207334098279, 118.8725997881981300, -61.38148521857121409 ) ) ;
#430 = CARTESIAN_POINT ( 'NONE',  ( -483.8774396431728633, 117.5439540661278812, -59.80428238164250843 ) ) ;
#431 = CARTESIAN_POINT ( 'NONE',  ( -471.1851726334775208, 133.5276766178522223, -44.66968539119501003 ) ) ;
#432 = CARTESIAN_POINT ( 'NONE',  ( 12.79548944232847951, 136.5494635969299111, -58.76558355052442550 ) ) ;
#433 = CARTESIAN_POINT ( 'NONE',  ( -488.6952599452928325, 137.9345434804706656, -56.12022514744178636 ) ) ;
#434 = VERTEX_POINT ( 'NONE', #608 ) ;
#435 = CARTESIAN_POINT ( 'NONE',  ( 10.21138555150067084, 138.1483590930783691, -54.17544541213798226 ) ) ;
#436 = CARTESIAN_POINT ( 'NONE',  ( -467.7893162833148040, 126.2994743576117571, -64.57019327533143382 ) ) ;
#437 = AXIS2_PLACEMENT_3D ( 'NONE', #4916, #910, #493 ) ;
#438 = CARTESIAN_POINT ( 'NONE',  ( 7.044214458425639869, 121.9375802188738902, -63.60028696969945372 ) ) ;
#439 = CARTESIAN_POINT ( 'NONE',  ( -108.1418364894409763, 264.9758054521903432, -115.8619786781671053 ) ) ;
#440 = CARTESIAN_POINT ( 'NONE',  ( -483.8012110330793689, 118.8866075743986954, -61.30886617552097562 ) ) ;
#441 = CARTESIAN_POINT ( 'NONE',  ( -477.5138688887957983, 79.14213562373097943, -5.857864376269064088 ) ) ;
#442 = VERTEX_POINT ( 'NONE', #2935 ) ;
#443 = CARTESIAN_POINT ( 'NONE',  ( -467.1853707434618173, 230.1381227649895891, -167.3049599979665913 ) ) ;
#444 = CARTESIAN_POINT ( 'NONE',  ( -12.52158136977908853, 352.0853531617382828, -275.8010819142765513 ) ) ;
#445 = CARTESIAN_POINT ( 'NONE',  ( -464.3210651083582547, 118.5939723512252186, -45.96143275655337845 ) ) ;
#446 = DIRECTION ( 'NONE',  ( 0.4370325944858540201, 0.8878299131982038128, 0.1440852406995019042 ) ) ;
#447 = DIRECTION ( 'NONE',  ( 1.000000000000000000, -0.000000000000000000, -0.000000000000000000 ) ) ;
#448 = CARTESIAN_POINT ( 'NONE',  ( -490.0354502585749401, 352.0853531617383396, -275.8010819142765513 ) ) ;
#449 = AXIS2_PLACEMENT_3D ( 'NONE', #1560, #3185, #4787 ) ;
#450 = CARTESIAN_POINT ( 'NONE',  ( 10.99434020479733931, 128.6995302400683272, -64.40988844153375226 ) ) ;
#451 = CARTESIAN_POINT ( 'NONE',  ( 12.67577985284532005, 133.9754418062207151, -61.92523083813056672 ) ) ;
#452 = DIRECTION ( 'NONE',  ( -1.000000000000000000, 0.000000000000000000, 0.000000000000000000 ) ) ;
#453 = CARTESIAN_POINT ( 'NONE',  ( -110.6444272405696125, 269.0865004081801430, -136.6874967134279757 ) ) ;
#454 = LINE ( 'NONE', #5203, #1347 ) ;
#455 = ORIENTED_EDGE ( 'NONE', *, *, #2398, .T. ) ;
#456 = CARTESIAN_POINT ( 'NONE',  ( -464.9536576098997784, 120.1154504799826270, -43.95535438402241368 ) ) ;
#457 = CARTESIAN_POINT ( 'NONE',  ( -10.66522680227860320, 349.2368844542917259, -279.7628759249525956 ) ) ;
#458 = CARTESIAN_POINT ( 'NONE',  ( -11.72123452701911184, 115.9227482772238744, -49.57164699490910920 ) ) ;
#459 = CARTESIAN_POINT ( 'NONE',  ( 12.43099323420765856, 354.9899477031289621, -278.0252336722842870 ) ) ;
#460 = CARTESIAN_POINT ( 'NONE',  ( -486.6397070229552355, 138.0432078072208526, -52.24379067279675581 ) ) ;
#461 = EDGE_LOOP ( 'NONE', ( #2719, #1362, #5164, #667 ) ) ;
#462 = CARTESIAN_POINT ( 'NONE',  ( 12.69775656925807539, 119.1613664407386750, -44.67960385531474543 ) ) ;
#463 = CIRCLE ( 'NONE', #3398, 3.000000000000002665 ) ;
#464 = FACE_OUTER_BOUND ( 'NONE', #997, .T. ) ;
#465 = CARTESIAN_POINT ( 'NONE',  ( -10.49655805215778948, 127.6915159045473160, -64.56212365685399845 ) ) ;
#466 = CARTESIAN_POINT ( 'NONE',  ( -489.4888637542800893, 129.8666680824356661, -64.15912966997770184 ) ) ;
#467 = EDGE_LOOP ( 'NONE', ( #516, #4639 ) ) ;
#468 = CARTESIAN_POINT ( 'NONE',  ( -12.63133997775832995, 351.1206992863599226, -275.9536089969380441 ) ) ;
#469 = CARTESIAN_POINT ( 'NONE',  ( -464.8150848494015577, 118.3740679654403323, -45.46518375165412351 ) ) ;
#470 = CARTESIAN_POINT ( 'NONE',  ( 1.555301434917138433E-15, -20.00000000000000000, -12.69999999999999929 ) ) ;
#471 = DIRECTION ( 'NONE',  ( 0.000000000000000000, 0.7071067811865490160, 0.7071067811865460184 ) ) ;
#472 = ORIENTED_EDGE ( 'NONE', *, *, #4337, .F. ) ;
#473 = CARTESIAN_POINT ( 'NONE',  ( -489.9450438908449996, 351.3111109840401127, -281.7060030710301817 ) ) ;
#474 = CARTESIAN_POINT ( 'NONE',  ( -12.52158136977908853, 352.0853531617382828, -275.8010819142765513 ) ) ;
#475 = CARTESIAN_POINT ( 'NONE',  ( -466.7203523163342993, 352.0853531617383396, -281.8010819142765513 ) ) ;
#476 = CARTESIAN_POINT ( 'NONE',  ( -465.5668863514156328, 229.9514685789780231, -150.5489920248522253 ) ) ;
#477 = CARTESIAN_POINT ( 'NONE',  ( -109.0936243938174925, 261.6894889421869834, -118.7397242375527355 ) ) ;
#478 = EDGE_CURVE ( 'NONE', #3326, #1545, #4707, .T. ) ;
#479 = CARTESIAN_POINT ( 'NONE',  ( -12.67859928751680165, 134.3552340841952457, -62.25593763272613756 ) ) ;
#480 = ORIENTED_EDGE ( 'NONE', *, *, #2787, .T. ) ;
#481 = CARTESIAN_POINT ( 'NONE',  ( -465.1067306014454630, 116.8694973404124653, -47.45909149492468515 ) ) ;
#482 = CARTESIAN_POINT ( 'NONE',  ( -489.6031546413855153, 121.8397252263914794, -43.02645882151639967 ) ) ;
#483 = AXIS2_PLACEMENT_3D ( 'NONE', #558, #5044, #4597 ) ;
#484 = CARTESIAN_POINT ( 'NONE',  ( 6.710015476661863154, 136.0351242513542900, -47.36639402329812754 ) ) ;
#485 = AXIS2_PLACEMENT_3D ( 'NONE', #4574, #1430, #985 ) ;
#486 = CARTESIAN_POINT ( 'NONE',  ( -490.2039629517474850, 135.0483255099251210, -60.87551922888066969 ) ) ;
#487 = AXIS2_PLACEMENT_3D ( 'NONE', #4691, #240, #3462 ) ;
#488 = ORIENTED_EDGE ( 'NONE', *, *, #4214, .T. ) ;
#489 = ADVANCED_FACE ( 'NONE', ( #144 ), #3361, .T. ) ;
#490 = CARTESIAN_POINT ( 'NONE',  ( 12.10955728057158254, 116.3380513925830826, -48.49371310850481365 ) ) ;
#491 = DIRECTION ( 'NONE',  ( -1.000000000000000000, 0.000000000000000000, 0.000000000000000000 ) ) ;
#492 = CARTESIAN_POINT ( 'NONE',  ( -12.66620204058330579, 131.6708810056251480, -63.44210836342556092 ) ) ;
#493 = DIRECTION ( 'NONE',  ( 0.000000000000000000, 0.000000000000000000, -1.000000000000000000 ) ) ;
#494 = EDGE_LOOP ( 'NONE', ( #410, #2701, #1598, #1028, #2258 ) ) ;
#495 = DIRECTION ( 'NONE',  ( 0.000000000000000000, 0.7071067811865475727, -0.7071067811865475727 ) ) ;
#496 = CARTESIAN_POINT ( 'NONE',  ( -465.0772025259757356, 116.9421328227565198, -47.33675561192859504 ) ) ;
#497 = CARTESIAN_POINT ( 'NONE',  ( 10.95850983575883930, 349.3865739169509084, -277.4763752820930449 ) ) ;
#498 = CARTESIAN_POINT ( 'NONE',  ( 12.49792517101873379, 352.2828285068565606, -275.8010819142764944 ) ) ;
#499 = CARTESIAN_POINT ( 'NONE',  ( 7.778195906686005578, 123.2609066050336963, -64.18909797812926854 ) ) ;
#500 = CARTESIAN_POINT ( 'NONE',  ( 11.63704144763186932, 130.1072453332803889, -64.08866058908444074 ) ) ;
#501 = DIRECTION ( 'NONE',  ( -1.000000000000000000, -0.000000000000000000, 0.000000000000000000 ) ) ;
#502 = DIRECTION ( 'NONE',  ( 0.000000000000000000, 0.000000000000000000, -1.000000000000000000 ) ) ;
#503 = CARTESIAN_POINT ( 'NONE',  ( -10.20918182387870488, 138.1481734845849303, -54.17189083003702876 ) ) ;
#504 = EDGE_LOOP ( 'NONE', ( #3816, #2523 ) ) ;
#505 = CARTESIAN_POINT ( 'NONE',  ( -465.0734979615070870, 136.5744810581685158, -59.63705120471292531 ) ) ;
#506 = CARTESIAN_POINT ( 'NONE',  ( -471.4522964046320226, 119.1617170107250558, -61.66037433434897252 ) ) ;
#507 = DIRECTION ( 'NONE',  ( 1.000000000000000000, -0.000000000000000000, -0.000000000000000000 ) ) ;
#508 = CARTESIAN_POINT ( 'NONE',  ( 12.56849274595978727, 355.0660018692485664, -279.1933668024464055 ) ) ;
#509 = CARTESIAN_POINT ( 'NONE',  ( -5.294408881124351929, 237.5974607321404335, -147.9877960989449832 ) ) ;
#510 = CARTESIAN_POINT ( 'NONE',  ( -483.9108668717888122, 117.4798591987819805, -59.71288538943102253 ) ) ;
#511 = ORIENTED_EDGE ( 'NONE', *, *, #4452, .T. ) ;
#512 = CARTESIAN_POINT ( 'NONE',  ( 6.567627512569318426, 133.2304705301063450, -44.44984452142284681 ) ) ;
#513 = CARTESIAN_POINT ( 'NONE',  ( -106.2961236890709102, 279.4445526766019157, -118.7418135915991115 ) ) ;
#514 = CARTESIAN_POINT ( 'NONE',  ( -11.51395360750968955, 128.8947635986208127, -64.39438901521420178 ) ) ;
#515 = CARTESIAN_POINT ( 'NONE',  ( -483.8008465561503613, 134.6411121776523032, -45.65004030462140605 ) ) ;
#516 = ORIENTED_EDGE ( 'NONE', *, *, #4548, .F. ) ;
#517 = LINE ( 'NONE', #2108, #4717 ) ;
#518 = CARTESIAN_POINT ( 'NONE',  ( -465.0545584898595735, 117.3478503868558676, -47.58712342358497693 ) ) ;
#519 = CARTESIAN_POINT ( 'NONE',  ( 10.82063429416610489, 349.0853199743887672, -278.6059528019939080 ) ) ;
#520 = VECTOR ( 'NONE', #3229, 1000.000000000000000 ) ;
#521 = VERTEX_POINT ( 'NONE', #4181 ) ;
#522 = CARTESIAN_POINT ( 'NONE',  ( 6.319987540601095688, 118.5492497127026041, -60.94748979866134420 ) ) ;
#523 = CARTESIAN_POINT ( 'NONE',  ( 0.000000000000000000, 88.12239174480015436, 3.122391744800072644 ) ) ;
#524 = CARTESIAN_POINT ( 'NONE',  ( -464.7045588069738074, 117.0436688552422879, -48.10479660349427178 ) ) ;
#525 = CARTESIAN_POINT ( 'NONE',  ( -467.9281912064274707, 127.1959117239439507, -42.12989329113267445 ) ) ;
#526 = CARTESIAN_POINT ( 'NONE',  ( -8.646365464283244151, 115.8827749615094973, -55.78017021074711579 ) ) ;
#527 = CARTESIAN_POINT ( 'NONE',  ( -490.0555199762652592, 133.3924384590600880, -62.98929480176069973 ) ) ;
#528 = ORIENTED_EDGE ( 'NONE', *, *, #3301, .F. ) ;
#529 = CARTESIAN_POINT ( 'NONE',  ( -465.3134386430859308, 136.7148158050622726, -58.41148711157606499 ) ) ;
#530 = CARTESIAN_POINT ( 'NONE',  ( -10.58864700026102312, 354.4728757362577198, -276.9738244052520599 ) ) ;
#531 = CARTESIAN_POINT ( 'NONE',  ( -10.89748052210603113, 351.3118047707565665, -275.8959846016925894 ) ) ;
#532 = CARTESIAN_POINT ( 'NONE',  ( 10.36977458401903185, 137.8825655858762218, -53.51247052818423100 ) ) ;
#533 = B_SPLINE_CURVE_WITH_KNOTS ( 'NONE', 3,
 ( #3770, #934, #2527, #155, #1049, #2271 ),
 .UNSPECIFIED., .F., .F.,
 ( 4, 2, 4 ),
 ( 0.07632653473880125772, 0.07668207477317534604, 0.07703761480754942048 ),
 .UNSPECIFIED. ) ;
#534 = CARTESIAN_POINT ( 'NONE',  ( -489.8964204646685516, 132.6853425956745411, -63.42875077508937665 ) ) ;
#535 = CARTESIAN_POINT ( 'NONE',  ( -487.0399865727427482, 115.4175572680085935, -54.01855992911812621 ) ) ;
#536 = DIRECTION ( 'NONE',  ( -1.000000000000000000, 0.000000000000000000, 0.000000000000000000 ) ) ;
#537 =( BOUNDED_CURVE ( )  B_SPLINE_CURVE ( 3, ( #2755, #765, #3146, #1887 ),
 .UNSPECIFIED., .F., .F. ) 
 B_SPLINE_CURVE_WITH_KNOTS ( ( 4, 4 ),
 ( 4.712388980384711878, 5.546896150464084130 ),
 .UNSPECIFIED. ) 
 CURVE ( )  GEOMETRIC_REPRESENTATION_ITEM ( )  RATIONAL_B_SPLINE_CURVE ( ( 1.000000000000000000, 0.9428035831291570190, 0.9428035831291570190, 1.000000000000000000 ) ) 
 REPRESENTATION_ITEM ( '' )  );
#538 = CARTESIAN_POINT ( 'NONE',  ( 6.514658740460532727, 135.9669142912784991, -47.26232234339857285 ) ) ;
#539 = CARTESIAN_POINT ( 'NONE',  ( -106.4069710203827270, 277.3874447256354756, -116.6847056406037950 ) ) ;
#540 = CARTESIAN_POINT ( 'NONE',  ( -12.95045101156495448, 132.6701904343519800, -62.88444466128346733 ) ) ;
#541 = EDGE_CURVE ( 'NONE', #4238, #2845, #2736, .T. ) ;
#542 = CARTESIAN_POINT ( 'NONE',  ( -488.0968270060076861, 354.3443395418533441, -276.8171924961653758 ) ) ;
#543 = EDGE_LOOP ( 'NONE', ( #4156, #1319 ) ) ;
#544 = EDGE_CURVE ( 'NONE', #3320, #1856, #165, .T. ) ;
#545 = CARTESIAN_POINT ( 'NONE',  ( -466.7745717010723752, 349.1043249188140294, -279.1905048039910184 ) ) ;
#546 = CARTESIAN_POINT ( 'NONE',  ( -471.4655086620147699, 118.7942330884327191, -61.30291714099018918 ) ) ;
#547 = EDGE_LOOP ( 'NONE', ( #657, #5005 ) ) ;
#548 = CARTESIAN_POINT ( 'NONE',  ( -12.40433341077776674, 238.3591235515512210, -169.0191223414434774 ) ) ;
#549 = EDGE_CURVE ( 'NONE', #91, #4238, #2502, .T. ) ;
#550 = CARTESIAN_POINT ( 'NONE',  ( 6.825069324468242549, 116.8716493826909044, -58.73664453470732383 ) ) ;
#551 = CARTESIAN_POINT ( 'NONE',  ( -489.8774956470832649, 354.6892322241490092, -277.2983110693322146 ) ) ;
#552 = CARTESIAN_POINT ( 'NONE',  ( -464.8607624451282732, 135.7482025022357561, -60.82030267239846211 ) ) ;
#553 = CARTESIAN_POINT ( 'NONE',  ( -490.1974501372652639, 135.4889783470550242, -61.13055251251054756 ) ) ;
#554 = ORIENTED_EDGE ( 'NONE', *, *, #3010, .T. ) ;
#555 = CARTESIAN_POINT ( 'NONE',  ( -466.8040179440891961, 137.8502409460694196, -54.11472764867681207 ) ) ;
#556 = CARTESIAN_POINT ( 'NONE',  ( -10.76611339253914501, 352.2825376128241714, -275.8010819142765513 ) ) ;
#557 = CARTESIAN_POINT ( 'NONE',  ( -10.89759995346258314, 349.1804012383138343, -278.0266356221503656 ) ) ;
#558 = CARTESIAN_POINT ( 'NONE',  ( -15.69999999999999929, 126.7631832112599852, -53.47891196379821110 ) ) ;
#559 = CARTESIAN_POINT ( 'NONE',  ( -489.5255912878684512, 129.9454053688575073, -64.13890672858737219 ) ) ;
#560 = CARTESIAN_POINT ( 'NONE',  ( -483.7090780814405662, 119.3915452831959811, -61.78730272007710056 ) ) ;
#561 = CARTESIAN_POINT ( 'NONE',  ( 7.627668934872169793, 122.3887617570661490, -63.68597375924665727 ) ) ;
#562 = CARTESIAN_POINT ( 'NONE',  ( -465.5463776536894329, 122.1965055378331613, -42.87687136208099048 ) ) ;
#563 = AXIS2_PLACEMENT_3D ( 'NONE', #365, #3225, #1653 ) ;
#564 = CARTESIAN_POINT ( 'NONE',  ( -110.0866462186215671, 273.5492243653036439, -136.6610075896953163 ) ) ;
#565 = CARTESIAN_POINT ( 'NONE',  ( 7.350549323267562940, 131.2601240662855275, -43.32419686907574885 ) ) ;
#566 = CARTESIAN_POINT ( 'NONE',  ( 0.000000000000000000, 79.14213562373097943, -5.857864376269070306 ) ) ;
#567 = CARTESIAN_POINT ( 'NONE',  ( -12.63693446665209130, 133.9768862826681755, -62.56457902557874462 ) ) ;
#568 = CARTESIAN_POINT ( 'NONE',  ( -486.3221382584479784, 137.6004592172051559, -50.99439739554981088 ) ) ;
#569 = ORIENTED_EDGE ( 'NONE', *, *, #3504, .T. ) ;
#570 = CARTESIAN_POINT ( 'NONE',  ( -466.5192383048810711, 350.2567209847815661, -276.4146730974127877 ) ) ;
#571 = CARTESIAN_POINT ( 'NONE',  ( -470.9987996046428407, 117.2804684682773910, -59.41529673535218592 ) ) ;
#572 = CARTESIAN_POINT ( 'NONE',  ( -367.2418248846734627, 259.4644112406567160, -124.1244858809942713 ) ) ;
#573 = CARTESIAN_POINT ( 'NONE',  ( -7.134452706465657101, 116.9324563535088259, -58.68419324016119987 ) ) ;
#574 = VERTEX_POINT ( 'NONE', #4552 ) ;
#575 = CARTESIAN_POINT ( 'NONE',  ( -11.97702065450876852, 245.5114771078067974, -166.2283784845580499 ) ) ;
#576 = CARTESIAN_POINT ( 'NONE',  ( 6.402943038052336888, 118.1647255149913320, -60.50131554352979180 ) ) ;
#577 = DIRECTION ( 'NONE',  ( 0.000000000000000000, 0.000000000000000000, -1.000000000000000000 ) ) ;
#578 = CARTESIAN_POINT ( 'NONE',  ( 1.555301434917138827E-15, 349.4690580713478880, -294.1452990660249043 ) ) ;
#579 = CARTESIAN_POINT ( 'NONE',  ( -9.683505563706782837, 115.7121214628301686, -54.57460759689619323 ) ) ;
#580 = ORIENTED_EDGE ( 'NONE', *, *, #5132, .T. ) ;
#581 = CARTESIAN_POINT ( 'NONE',  ( -469.3885418080805039, 137.6481201147814772, -50.55520356997018894 ) ) ;
#582 = CARTESIAN_POINT ( 'NONE',  ( -16.69999999999999929, 126.7631832112599852, -42.37891196379820968 ) ) ;
#583 = CARTESIAN_POINT ( 'NONE',  ( -6.576336522895109837, 121.0247502055039632, -63.10976105893200128 ) ) ;
#584 = CARTESIAN_POINT ( 'NONE',  ( -488.0968724481149366, 349.8250672831572956, -280.7834451287691309 ) ) ;
#585 = CARTESIAN_POINT ( 'NONE',  ( -488.4091108137446327, 128.8030921310206622, -64.74743978313841808 ) ) ;
#586 = CARTESIAN_POINT ( 'NONE',  ( -483.9754114255050581, 119.9860207356084203, -62.27858896603088112 ) ) ;
#587 = CARTESIAN_POINT ( 'NONE',  ( 13.01928063264588609, 117.5582423769640599, -47.26489547809429581 ) ) ;
#588 = CARTESIAN_POINT ( 'NONE',  ( -465.0282799891232912, 136.9669881875723263, -57.86368708840118558 ) ) ;
#589 = DIRECTION ( 'NONE',  ( 0.000000000000000000, 0.7071067811865475727, 0.7071067811865475727 ) ) ;
#590 = CARTESIAN_POINT ( 'NONE',  ( 6.192920368955610044, 134.9883106236870560, -46.02253920753620520 ) ) ;
#591 = FACE_OUTER_BOUND ( 'NONE', #467, .T. ) ;
#592 = CARTESIAN_POINT ( 'NONE',  ( -8.861378623693662249, 137.6052988694773092, -51.07625921810267755 ) ) ;
#593 = CARTESIAN_POINT ( 'NONE',  ( -483.8796849342017481, 133.9525004075684080, -45.01970466724218767 ) ) ;
#594 = ORIENTED_EDGE ( 'NONE', *, *, #137, .T. ) ;
#595 = CARTESIAN_POINT ( 'NONE',  ( -466.5138307323040294, 349.8260835843020686, -276.8175129459768868 ) ) ;
#596 = AXIS2_PLACEMENT_3D ( 'NONE', #1972, #1586, #5127 ) ;
#597 = B_SPLINE_CURVE_WITH_KNOTS ( 'NONE', 3,
 ( #3697, #4435, #11, #1259, #2462, #3251, #2510, #1722, #4533, #4509, #3224, #37, #1232, #2904, #1674, #519, #4460, #4117, #61, #497, #3299, #4851, #943, #2110, #1327, #871, #845, #4920, #2437, #3724, #2928, #4897 ),
 .UNSPECIFIED., .F., .F.,
 ( 4, 2, 2, 2, 2, 2, 2, 2, 2, 2, 2, 2, 2, 2, 2, 4 ),
 ( 0.009425180874769324701, 0.01060309588654922454, 0.01119205339243928288, 0.01178101089832934122, 0.01236996840421939955, 0.01295892591010945789, 0.01354788341599951623, 0.01413684092188957284, 0.01472579842777963291, 0.01531475593366969125, 0.01590371343955974959, 0.01649267094544980966, 0.01708162845133986626, 0.01767058595722992634, 0.01825954346311998641, 0.01884850096901004302 ),
 .UNSPECIFIED. ) ;
#598 = CARTESIAN_POINT ( 'NONE',  ( -469.8654653577733598, 116.3923920871095845, -57.45226501655660201 ) ) ;
#599 = CARTESIAN_POINT ( 'NONE',  ( -367.4617986213376071, 273.4713776503656391, -136.3721043000542750 ) ) ;
#600 = ORIENTED_EDGE ( 'NONE', *, *, #2373, .T. ) ;
#601 = VERTEX_POINT ( 'NONE', #2849 ) ;
#602 = CARTESIAN_POINT ( 'NONE',  ( -8.892830035511209985, 248.3126817565086242, -162.1953477611934886 ) ) ;
#603 = AXIS2_PLACEMENT_3D ( 'NONE', #2642, #2697, #5138 ) ;
#604 = CARTESIAN_POINT ( 'NONE',  ( 6.305413759427916709, 118.6821673397440406, -61.09110367932589014 ) ) ;
#605 = CARTESIAN_POINT ( 'NONE',  ( -464.8185043835503620, 350.2563403272475284, -276.4149578174237263 ) ) ;
#606 = CARTESIAN_POINT ( 'NONE',  ( -467.3046870649243374, 138.1481734845851577, -54.17189083002327266 ) ) ;
#607 = CARTESIAN_POINT ( 'NONE',  ( -8.104361951589879709, 115.8694700363825376, -56.43069036632258673 ) ) ;
#608 = CARTESIAN_POINT ( 'NONE',  ( -110.5058719314933029, 269.9965406033838917, -136.6721700096930476 ) ) ;
#609 = VERTEX_POINT ( 'NONE', #864 ) ;
#610 = ADVANCED_FACE ( 'NONE', ( #4940 ), #118, .F. ) ;
#611 = CARTESIAN_POINT ( 'NONE',  ( -471.3105910706309487, 135.5816555640545857, -46.62504909269537023 ) ) ;
#612 = DIRECTION ( 'NONE',  ( 0.000000000000000000, 0.000000000000000000, 1.000000000000000000 ) ) ;
#613 = EDGE_CURVE ( 'NONE', #2695, #5057, #3958, .T. ) ;
#614 = CARTESIAN_POINT ( 'NONE',  ( -6.134528813382264190, 119.6116574269397290, -62.05369062572183481 ) ) ;
#615 = CARTESIAN_POINT ( 'NONE',  ( -488.3617092331516005, 349.1046543984842856, -278.4093061278791197 ) ) ;
#616 = DIRECTION ( 'NONE',  ( -1.000000000000000000, 0.000000000000000000, 0.000000000000000000 ) ) ;
#617 = CARTESIAN_POINT ( 'NONE',  ( -484.0802216884649738, 120.2924038451440651, -62.50547068280672391 ) ) ;
#618 = CARTESIAN_POINT ( 'NONE',  ( -106.8591194730463769, 271.0863223916459788, -114.4989344394391679 ) ) ;
#619 = CARTESIAN_POINT ( 'NONE',  ( -469.5860462027865765, 130.6321252354451872, -43.05236800771091055 ) ) ;
#620 = CYLINDRICAL_SURFACE ( 'NONE', #2324, 11.09999999999999787 ) ;
#621 = CARTESIAN_POINT ( 'NONE',  ( 13.18856453573841847, 135.0667086568930984, -60.85556511961718229 ) ) ;
#622 = DIRECTION ( 'NONE',  ( 0.000000000000000000, 0.000000000000000000, -1.000000000000000000 ) ) ;
#623 = CARTESIAN_POINT ( 'NONE',  ( -11.27408715015137197, 137.7415154523274055, -55.15490115353996714 ) ) ;
#624 = ORIENTED_EDGE ( 'NONE', *, *, #182, .T. ) ;
#625 = CARTESIAN_POINT ( 'NONE',  ( 10.58848514529136686, 354.4703442680810781, -276.9704833069088750 ) ) ;
#626 = CARTESIAN_POINT ( 'NONE',  ( -471.2199713887196708, 119.1221343955704839, -61.53969275673475181 ) ) ;
#627 = CARTESIAN_POINT ( 'NONE',  ( -366.3965854886040461, 263.7113823398331078, -134.4704347386110044 ) ) ;
#628 = VERTEX_POINT ( 'NONE', #998 ) ;
#629 = CARTESIAN_POINT ( 'NONE',  ( -466.4054162387844826, 125.4178864347389464, -42.43842578411402400 ) ) ;
#630 = ORIENTED_EDGE ( 'NONE', *, *, #1487, .T. ) ;
#631 = CARTESIAN_POINT ( 'NONE',  ( -1.018525413270046309, 242.8486452656220536, -151.6615924709831233 ) ) ;
#632 = CARTESIAN_POINT ( 'NONE',  ( 6.083205997856191871, 119.3588772875877879, -61.84105347277812825 ) ) ;
#633 = CARTESIAN_POINT ( 'NONE',  ( -12.10647880358724393, 116.3345042837019463, -48.50237100371845145 ) ) ;
#634 = CARTESIAN_POINT ( 'NONE',  ( -488.5243226148950271, 127.9437602372055238, -64.51995103858564562 ) ) ;
#635 = CIRCLE ( 'NONE', #1296, 0.5000000000000054401 ) ;
#636 = CARTESIAN_POINT ( 'NONE',  ( -468.9347905089643405, 128.9221144230185701, -42.38945670653757247 ) ) ;
#637 = CARTESIAN_POINT ( 'NONE',  ( -10.48700751709801438, 115.3848379802275446, -52.27026156809677815 ) ) ;
#638 = CARTESIAN_POINT ( 'NONE',  ( -488.0989872395872453, 138.1095177382275097, -54.89033804463367971 ) ) ;
#639 = VERTEX_POINT ( 'NONE', #1383 ) ;
#640 = CARTESIAN_POINT ( 'NONE',  ( -468.1763339844432608, 138.0912997798595541, -52.60656110249033901 ) ) ;
#641 = EDGE_CURVE ( 'NONE', #5190, #521, #1313, .T. ) ;
#642 = CARTESIAN_POINT ( 'NONE',  ( -461.8138688887958097, 126.7631832112599852, -43.37891196379821679 ) ) ;
#643 = EDGE_CURVE ( 'NONE', #739, #1856, #762, .T. ) ;
#644 = CARTESIAN_POINT ( 'NONE',  ( -12.70472362283781464, 227.8043348802210346, -154.6286261569702276 ) ) ;
#645 = CARTESIAN_POINT ( 'NONE',  ( -488.7852190482983588, 115.9463614981932267, -50.95668057090817626 ) ) ;
#646 = CARTESIAN_POINT ( 'NONE',  ( -108.7569344443978991, 278.4148614035563014, -133.4098928608660515 ) ) ;
#647 = CARTESIAN_POINT ( 'NONE',  ( -12.62850494889178421, 131.5211218036930632, -63.53423064890138505 ) ) ;
#648 = DIRECTION ( 'NONE',  ( 0.000000000000000000, 0.7071067811865475727, 0.7071067811865475727 ) ) ;
#649 = DIRECTION ( 'NONE',  ( 0.000000000000000000, 0.000000000000000000, 1.000000000000000000 ) ) ;
#650 = CARTESIAN_POINT ( 'NONE',  ( 9.125838134156618153, 138.0432078072155946, -52.24379067278787403 ) ) ;
#651 = CARTESIAN_POINT ( 'NONE',  ( -483.9123468241668320, 136.0494926218060527, -47.24911590997634647 ) ) ;
#652 = ADVANCED_FACE ( 'NONE', ( #1829 ), #5062, .T. ) ;
#653 = CARTESIAN_POINT ( 'NONE',  ( -6.243684277344861755, 135.2639529494090596, -46.33841156881967294 ) ) ;
#654 = ORIENTED_EDGE ( 'NONE', *, *, #2835, .T. ) ;
#655 = DIRECTION ( 'NONE',  ( -1.000000000000000000, 0.000000000000000000, 0.000000000000000000 ) ) ;
#656 = CARTESIAN_POINT ( 'NONE',  ( -470.7423008135892815, 117.3987635899858901, -59.44986066391295054 ) ) ;
#657 = ORIENTED_EDGE ( 'NONE', *, *, #4204, .T. ) ;
#658 = DIRECTION ( 'NONE',  ( 0.3131456130149743999, 0.000000000000000000, 0.9497051253149453309 ) ) ;
#659 = AXIS2_PLACEMENT_3D ( 'NONE', #3347, #3004, #1432 ) ;
#660 = ORIENTED_EDGE ( 'NONE', *, *, #4803, .T. ) ;
#661 = CARTESIAN_POINT ( 'NONE',  ( -12.69744636751683586, 119.1412989417887189, -45.40715871144665527 ) ) ;
#662 = CARTESIAN_POINT ( 'NONE',  ( 12.69230096450242051, 119.2125357289315986, -44.63755994560731466 ) ) ;
#663 = CARTESIAN_POINT ( 'NONE',  ( -467.5508023212949524, 127.3991870591586490, -42.39714770419324452 ) ) ;
#664 = CARTESIAN_POINT ( 'NONE',  ( -467.9281912064274707, 127.1959117239439507, -42.12989329113267445 ) ) ;
#665 = CARTESIAN_POINT ( 'NONE',  ( -6.167082554033814112, 119.1267885114868079, -61.54448024664657879 ) ) ;
#666 = CARTESIAN_POINT ( 'NONE',  ( -490.6763863898928548, 118.2206315846479470, -46.38143009647655646 ) ) ;
#667 = ORIENTED_EDGE ( 'NONE', *, *, #3170, .T. ) ;
#668 = CARTESIAN_POINT ( 'NONE',  ( -465.5482255521779393, 137.4507486676977237, -56.56167197896012055 ) ) ;
#669 = CARTESIAN_POINT ( 'NONE',  ( -477.5138688887957983, 271.9701548533022333, -180.7253713637025783 ) ) ;
#670 = DIRECTION ( 'NONE',  ( 0.9063077870366492705, 0.2988362387301207179, 0.2988362387301209400 ) ) ;
#671 = CARTESIAN_POINT ( 'NONE',  ( -12.08803618028843196, 236.8352516215550452, -169.1234148081222486 ) ) ;
#672 = CARTESIAN_POINT ( 'NONE',  ( -489.5492543271714112, 116.2423390785833703, -48.71534139197313351 ) ) ;
#673 = CARTESIAN_POINT ( 'NONE',  ( 6.523817705890280649, 120.1532205631358323, -62.39803204498596756 ) ) ;
#674 = CARTESIAN_POINT ( 'NONE',  ( -466.1116730554314813, 123.6270594922224575, -42.41782675178546924 ) ) ;
#675 = CARTESIAN_POINT ( 'NONE',  ( -467.7521814798585069, 127.7318400835959551, -42.41623930356325900 ) ) ;
#676 = CARTESIAN_POINT ( 'NONE',  ( -368.1391180985282290, 260.8582767700809200, -119.9795073600886468 ) ) ;
#677 = DIRECTION ( 'NONE',  ( -0.000000000000000000, -0.7071067811865475727, 0.7071067811865475727 ) ) ;
#678 = CARTESIAN_POINT ( 'NONE',  ( 12.39711428605428445, 136.3864726643750203, -59.06153772401060564 ) ) ;
#679 = CARTESIAN_POINT ( 'NONE',  ( -488.1014037711894957, 126.3526725373148594, -42.36535748917825828 ) ) ;
#680 = CARTESIAN_POINT ( 'NONE',  ( -11.96564333661576285, 137.4507486676970700, -56.56167197896296983 ) ) ;
#681 = ORIENTED_EDGE ( 'NONE', *, *, #1480, .F. ) ;
#682 = CARTESIAN_POINT ( 'NONE',  ( 10.89524192494879884, 128.8030921310206622, -64.74743978313841808 ) ) ;
#683 = CARTESIAN_POINT ( 'NONE',  ( -468.5816326491426480, 124.9419660866988693, -64.45120116824062961 ) ) ;
#684 =( BOUNDED_CURVE ( )  B_SPLINE_CURVE ( 3, ( #4678, #5094, #3477, #2227 ),
 .UNSPECIFIED., .F., .F. ) 
 B_SPLINE_CURVE_WITH_KNOTS ( ( 4, 4 ),
 ( 5.546896150464084130, 7.853981633974462362 ),
 .UNSPECIFIED. ) 
 CURVE ( )  GEOMETRIC_REPRESENTATION_ITEM ( )  RATIONAL_B_SPLINE_CURVE ( ( 1.000000000000000000, 0.6035007981736942861, 0.6035007981736942861, 1.000000000000000000 ) ) 
 REPRESENTATION_ITEM ( '' )  );
#685 = CARTESIAN_POINT ( 'NONE',  ( -11.59431377899323579, 115.9009123974528563, -51.16787182187162131 ) ) ;
#686 = EDGE_LOOP ( 'NONE', ( #2274, #1312, #5034, #1077 ) ) ;
#687 = CARTESIAN_POINT ( 'NONE',  ( -9.585677682352587325, 127.1959117239717330, -42.12989329113479897 ) ) ;
#688 = CARTESIAN_POINT ( 'NONE',  ( 12.45839076747776453, 117.3460243440914752, -47.59051967342947620 ) ) ;
#689 = CARTESIAN_POINT ( 'NONE',  ( -465.1364936639163261, 349.3870937759434128, -280.1268779292639692 ) ) ;
#690 = CARTESIAN_POINT ( 'NONE',  ( -470.4605699087450148, 131.5733366137379790, -43.34997495920238464 ) ) ;
#691 = CARTESIAN_POINT ( 'NONE',  ( -6.814101018236654816, 120.9416275075728606, -62.96038104735625041 ) ) ;
#692 = CARTESIAN_POINT ( 'NONE',  ( -484.6552067120655352, 116.9657471110994749, -58.70703370985524572 ) ) ;
#693 = AXIS2_PLACEMENT_3D ( 'NONE', #3155, #4765, #2789 ) ;
#694 = DIRECTION ( 'NONE',  ( 0.000000000000000000, 0.000000000000000000, -1.000000000000000000 ) ) ;
#695 = PLANE ( 'NONE',  #3324 ) ;
#696 = CARTESIAN_POINT ( 'NONE',  ( -10.36125361062084060, 228.6524351291486141, -165.7542844832943842 ) ) ;
#697 = CARTESIAN_POINT ( 'NONE',  ( -489.8078750599890441, 121.1700331266148538, -43.34935020044611775 ) ) ;
#698 = DIRECTION ( 'NONE',  ( 0.000000000000000000, 0.7071067811865486830, 0.7071067811865464625 ) ) ;
#699 = CARTESIAN_POINT ( 'NONE',  ( -12.81524238489784828, 136.4713229138545216, -58.87361922373329293 ) ) ;
#700 = CARTESIAN_POINT ( 'NONE',  ( -368.7569344443975297, 262.7170908612152402, -117.7121223185244787 ) ) ;
#701 = CARTESIAN_POINT ( 'NONE',  ( -464.8495112033448322, 353.4134040748011216, -281.4982915625191140 ) ) ;
#702 = CARTESIAN_POINT ( 'NONE',  ( 13.06729058762854301, 135.8023587228503573, -59.93292992067073754 ) ) ;
#703 = CARTESIAN_POINT ( 'NONE',  ( -484.3419800562614910, 132.6080746517104103, -44.03501932395822394 ) ) ;
#704 = CARTESIAN_POINT ( 'NONE',  ( -7.111957127141576684, 136.7503396416996679, -48.57555009460420337 ) ) ;
#705 = CARTESIAN_POINT ( 'NONE',  ( -488.1393988175090044, 354.7820514665122573, -277.4718004243048313 ) ) ;
#706 = AXIS2_PLACEMENT_3D ( 'NONE', #4104, #507, #3709 ) ;
#707 = VERTEX_POINT ( 'NONE', #1857 ) ;
#708 = ADVANCED_FACE ( 'NONE', ( #276 ), #1883, .T. ) ;
#709 = CARTESIAN_POINT ( 'NONE',  ( 10.82046723609141559, 355.0854330877047005, -278.9950071659290529 ) ) ;
#710 = CARTESIAN_POINT ( 'NONE',  ( -465.5368482342871062, 245.5114771078067122, -166.2283784845579930 ) ) ;
#711 = EDGE_CURVE ( 'NONE', #114, #380, #2859, .T. ) ;
#712 = CARTESIAN_POINT ( 'NONE',  ( -11.80098626813272844, 124.0385860772721571, -42.69565044614128624 ) ) ;
#713 = EDGE_LOOP ( 'NONE', ( #3597, #1692, #4210, #2500, #4872 ) ) ;
#714 = ADVANCED_FACE ( 'NONE', ( #3497, #3064, #1082 ), #4846, .T. ) ;
#715 = CARTESIAN_POINT ( 'NONE',  ( -13.04323138817211003, 120.5092381953303686, -44.27633261720229285 ) ) ;
#716 = CARTESIAN_POINT ( 'NONE',  ( 10.90314395977834039, 124.7069449159109098, -42.21273862064892768 ) ) ;
#717 =( BOUNDED_CURVE ( )  B_SPLINE_CURVE ( 3, ( #3430, #239, #3931, #4742 ),
 .UNSPECIFIED., .F., .F. ) 
 B_SPLINE_CURVE_WITH_KNOTS ( ( 4, 4 ),
 ( 5.497787143782138841, 7.853981633974477461 ),
 .UNSPECIFIED. ) 
 CURVE ( )  GEOMETRIC_REPRESENTATION_ITEM ( )  RATIONAL_B_SPLINE_CURVE ( ( 1.000000000000000000, 0.5884556215767284826, 0.5884556215767284826, 1.000000000000000000 ) ) 
 REPRESENTATION_ITEM ( '' )  );
#718 = CARTESIAN_POINT ( 'NONE',  ( -102.9147497357572831, 270.5659761323856856, -136.6610075896953731 ) ) ;
#719 = CARTESIAN_POINT ( 'NONE',  ( -488.6912975023613512, 125.2707575491417771, -42.47545208693389185 ) ) ;
#720 = CARTESIAN_POINT ( 'NONE',  ( -6.265848112134024817, 119.7265011088420721, -62.06579564251654801 ) ) ;
#721 = CARTESIAN_POINT ( 'NONE',  ( -490.2363576127361284, 121.6775544722258076, -43.60596970924075322 ) ) ;
#722 = EDGE_CURVE ( 'NONE', #3220, #4415, #2863, .T. ) ;
#723 = CARTESIAN_POINT ( 'NONE',  ( -7.195640779274413923, 131.8886946883401379, -43.62673216592410341 ) ) ;
#724 = CARTESIAN_POINT ( 'NONE',  ( -488.4117177679651718, 351.3089059707122033, -275.8966620003037633 ) ) ;
#725 = CARTESIAN_POINT ( 'NONE',  ( -10.74724805016210638, 227.7564272958580887, -164.0445188286682594 ) ) ;
#726 = CARTESIAN_POINT ( 'NONE',  ( -489.6433863565127353, 122.0551017429775413, -43.41927408623493534 ) ) ;
#727 = FACE_OUTER_BOUND ( 'NONE', #3214, .T. ) ;
#728 = CARTESIAN_POINT ( 'NONE',  ( -485.6778238037881579, 123.9043692331672020, -64.39971951639965653 ) ) ;
#729 = CARTESIAN_POINT ( 'NONE',  ( -477.5138688887957983, 138.5391052434008259, -80.81118318204347872 ) ) ;
#730 = CARTESIAN_POINT ( 'NONE',  ( 12.37719299798749262, 353.4132581125979868, -276.1038023401508212 ) ) ;
#731 = CARTESIAN_POINT ( 'NONE',  ( -488.1769751511672553, 128.0115295548756364, -64.53176680533309195 ) ) ;
#732 = CARTESIAN_POINT ( 'NONE',  ( -486.8588248271549332, 128.4037498278284204, -42.47999417672579625 ) ) ;
#733 = CARTESIAN_POINT ( 'NONE',  ( -9.122747035914120062, 128.7545203464635222, -42.53812945525115907 ) ) ;
#734 = FACE_BOUND ( 'NONE', #163, .T. ) ;
#735 = ORIENTED_EDGE ( 'NONE', *, *, #3983, .T. ) ;
#736 = CARTESIAN_POINT ( 'NONE',  ( -477.5138688887957983, 350.6711395993650626, -292.9432175380077297 ) ) ;
#737 = CARTESIAN_POINT ( 'NONE',  ( -464.9831769700215887, 239.1265338188775047, -168.9129167335303237 ) ) ;
#738 = EDGE_CURVE ( 'NONE', #3494, #2586, #4389, .T. ) ;
#739 = VERTEX_POINT ( 'NONE', #2404 ) ;
#740 = CARTESIAN_POINT ( 'NONE',  ( -13.19873616705485553, 118.7285967653911598, -45.81767406645973750 ) ) ;
#741 = VECTOR ( 'NONE', #1046, 1000.000000000000000 ) ;
#742 = CARTESIAN_POINT ( 'NONE',  ( 13.19199785348021869, 119.5623070883424219, -44.99434028973853117 ) ) ;
#743 = CARTESIAN_POINT ( 'NONE',  ( -466.7414019740705271, 126.0305647413607346, -42.38075572714588191 ) ) ;
#744 = CARTESIAN_POINT ( 'NONE',  ( -369.4003480064159248, 280.2628664833338235, -131.1534951773298303 ) ) ;
#745 = CARTESIAN_POINT ( 'NONE',  ( -7.458150624192116496, 116.5247295021069931, -57.78261916062825776 ) ) ;
#746 = CARTESIAN_POINT ( 'NONE',  ( -490.5760064202295894, 120.4078804474995081, -44.34858552789717123 ) ) ;
#747 = DIRECTION ( 'NONE',  ( -0.000000000000000000, 1.000000000000000000, -0.000000000000000000 ) ) ;
#748 =( BOUNDED_CURVE ( )  B_SPLINE_CURVE ( 3, ( #2902, #912, #130, #190 ),
 .UNSPECIFIED., .F., .F. ) 
 B_SPLINE_CURVE_WITH_KNOTS ( ( 4, 4 ),
 ( 2.405303496874272362, 4.712388980384706549 ),
 .UNSPECIFIED. ) 
 CURVE ( )  GEOMETRIC_REPRESENTATION_ITEM ( )  RATIONAL_B_SPLINE_CURVE ( ( 1.000000000000000000, 0.6035007981736772997, 0.6035007981736772997, 1.000000000000000000 ) ) 
 REPRESENTATION_ITEM ( '' )  );
#749 = CARTESIAN_POINT ( 'NONE',  ( -488.4878262197756840, 349.4804724223345715, -277.3000862329466827 ) ) ;
#750 = DIRECTION ( 'NONE',  ( 1.000000000000000000, 0.000000000000000000, 0.000000000000000000 ) ) ;
#751 = CARTESIAN_POINT ( 'NONE',  ( -489.5999107106294446, 116.6426382085510483, -48.90308570420270229 ) ) ;
#752 = CARTESIAN_POINT ( 'NONE',  ( 8.970259567090083763, 124.5313000673298944, -64.35690597216476760 ) ) ;
#753 = CARTESIAN_POINT ( 'NONE',  ( -465.0331791281577125, 132.7501573084378208, -62.83385325812265165 ) ) ;
#754 = CARTESIAN_POINT ( 'NONE',  ( -485.2814953091796610, 123.2425977937035384, -64.18200076591841707 ) ) ;
#755 = CARTESIAN_POINT ( 'NONE',  ( -471.2261398786123436, 134.7230259612437635, -45.73245461638132525 ) ) ;
#756 = CARTESIAN_POINT ( 'NONE',  ( -488.0869911468063833, 127.1488214370237699, -64.59297644634271762 ) ) ;
#757 = CARTESIAN_POINT ( 'NONE',  ( -484.2013348019234513, 132.5617012207606251, -44.00597278711376958 ) ) ;
#758 = CARTESIAN_POINT ( 'NONE',  ( 6.332874108419018100, 133.1750536497446546, -44.32121391547426725 ) ) ;
#759 = FACE_BOUND ( 'NONE', #547, .T. ) ;
#760 = CYLINDRICAL_SURFACE ( 'NONE', #603, 3.000000000000002665 ) ;
#761 = CARTESIAN_POINT ( 'NONE',  ( -475.2097146300416739, 246.4149279626250575, -155.4552026078881113 ) ) ;
#762 = LINE ( 'NONE', #331, #1436 ) ;
#763 = CARTESIAN_POINT ( 'NONE',  ( -13.12065249624752106, 117.9598041026467143, -46.70675699320522511 ) ) ;
#764 = CARTESIAN_POINT ( 'NONE',  ( 11.42686121698322310, 116.0339982511423784, -50.60726390446134815 ) ) ;
#765 = CARTESIAN_POINT ( 'NONE',  ( -369.4908863780780734, 264.9567557523241135, -115.4724574274156481 ) ) ;
#766 = CARTESIAN_POINT ( 'NONE',  ( -371.1068978684126591, 277.3874447256404210, -116.6847056406085841 ) ) ;
#767 = CARTESIAN_POINT ( 'NONE',  ( -6.635861709646960982, 117.6067969700051208, -59.76505009553862635 ) ) ;
#768 = CARTESIAN_POINT ( 'NONE',  ( -8.286186333586908148, 137.3819045291515408, -50.17755937962591872 ) ) ;
#769 = CARTESIAN_POINT ( 'NONE',  ( -12.69996463180343227, 354.0659048409300453, -281.0629591785046273 ) ) ;
#770 = CARTESIAN_POINT ( 'NONE',  ( -11.96749123509784773, 122.1965055378572913, -42.87687136207137684 ) ) ;
#771 = AXIS2_PLACEMENT_3D ( 'NONE', #5033, #1518, #3118 ) ;
#772 = CARTESIAN_POINT ( 'NONE',  ( -471.2089968022941093, 119.2390906915465649, -61.64865361199962734 ) ) ;
#773 = CARTESIAN_POINT ( 'NONE',  ( -111.0558498345924221, 264.9435424126548355, -135.2922995404023254 ) ) ;
#774 = EDGE_CURVE ( 'NONE', #879, #4477, #4635, .T. ) ;
#775 = CARTESIAN_POINT ( 'NONE',  ( 0.000000000000000000, -20.00000000000000000, 12.69999999999999929 ) ) ;
#776 = EDGE_CURVE ( 'NONE', #3494, #1336, #865, .T. ) ;
#777 = CARTESIAN_POINT ( 'NONE',  ( -488.1042292145560282, 115.3983119761248020, -52.07366137711567688 ) ) ;
#778 = CARTESIAN_POINT ( 'NONE',  ( -488.0606294217486720, 128.0834794519793149, -64.85065641657664059 ) ) ;
#779 = AXIS2_PLACEMENT_3D ( 'NONE', #1911, #1989, #4755 ) ;
#780 = CARTESIAN_POINT ( 'NONE',  ( -488.8552904207506344, 137.8577920481483829, -56.47577508368004828 ) ) ;
#781 = CARTESIAN_POINT ( 'NONE',  ( -7.879362291472562063, 130.7089901503243254, -43.08000069757274986 ) ) ;
#782 = CARTESIAN_POINT ( 'NONE',  ( -465.0875283639404643, 130.9868872601468581, -63.75077178788946242 ) ) ;
#783 = CARTESIAN_POINT ( 'NONE',  ( 6.363570754377094296, 117.5439540661278812, -59.80428238164250132 ) ) ;
#784 = CARTESIAN_POINT ( 'NONE',  ( -108.4216042030724623, 263.7403559198241396, -116.6888572599155367 ) ) ;
#785 = CIRCLE ( 'NONE', #4225, 0.5000000000000058842 ) ;
#786 = CARTESIAN_POINT ( 'NONE',  ( 12.34536552570348888, 349.6994158831730601, -280.6302373715377598 ) ) ;
#787 = VERTEX_POINT ( 'NONE', #417 ) ;
#788 = CARTESIAN_POINT ( 'NONE',  ( -11.78181001582815668, 115.9751526524806877, -49.41536905838529492 ) ) ;
#789 = AXIS2_PLACEMENT_3D ( 'NONE', #2318, #4662, #2636 ) ;
#790 = CARTESIAN_POINT ( 'NONE',  ( -467.1949156076201461, 228.8847712996033579, -166.0705077063970236 ) ) ;
#791 = CARTESIAN_POINT ( 'NONE',  ( -12.41108235920854597, 349.2371635556827982, -279.7636748563917877 ) ) ;
#792 = CARTESIAN_POINT ( 'NONE',  ( -371.0457346103913210, 276.1561468125551642, -115.8619786781563477 ) ) ;
#793 = CARTESIAN_POINT ( 'NONE',  ( -12.56825212256088520, 352.4749475807682870, -281.8010819142765513 ) ) ;
#794 = CARTESIAN_POINT ( 'NONE',  ( 12.10029239660655520, 137.3316428936795432, -56.89204856486828277 ) ) ;
#795 = CARTESIAN_POINT ( 'NONE',  ( -466.5138634329439924, 354.0678785923146847, -281.0612254618649217 ) ) ;
#796 = CARTESIAN_POINT ( 'NONE',  ( -489.0783206579948228, 123.2709578094734866, -42.49209752541666774 ) ) ;
#797 = CARTESIAN_POINT ( 'NONE',  ( -488.3073854612572973, 352.0853531617382828, -281.8010819142765513 ) ) ;
#798 = CARTESIAN_POINT ( 'NONE',  ( -464.3084793131635593, 134.5113903018532255, -61.43677959115871090 ) ) ;
#799 = CARTESIAN_POINT ( 'NONE',  ( -477.5138688887957983, 358.4493141924170345, -285.1650429449557009 ) ) ;
#800 = ADVANCED_FACE ( 'NONE', ( #4380, #4774 ), #4482, .F. ) ;
#801 = CARTESIAN_POINT ( 'NONE',  ( -485.5982929801772912, 123.1441530942788063, -63.99516573821202314 ) ) ;
#802 = CARTESIAN_POINT ( 'NONE',  ( -486.0373482796262579, 137.8303918763513991, -51.22571229743801524 ) ) ;
#803 = ORIENTED_EDGE ( 'NONE', *, *, #3435, .T. ) ;
#804 = AXIS2_PLACEMENT_3D ( 'NONE', #3392, #3338, #3049 ) ;
#805 = CARTESIAN_POINT ( 'NONE',  ( -6.291200085342716797, 134.4439321138335401, -45.45587419582632549 ) ) ;
#806 = B_SPLINE_CURVE_WITH_KNOTS ( 'NONE', 3,
 ( #1427, #675, #3487, #2607, #5079, #3103, #619, #1485, #4296, #3080, #2211, #4601, #4689, #4713, #1015, #210, #1818, #3429, #5021, #1098, #2635, #4632, #292, #1790, #1044, #2578, #1897, #3512, #183, #2236, #4245, #3852, #238, #588, #1509, #4190, #2179, #4348, #4811, #3635, #3184, #5207, #1638, #4321, #2342, #1973, #3955, #319, #4741, #3561, #1587, #1217, #5153, #5128 ),
 .UNSPECIFIED., .F., .F.,
 ( 4, 2, 2, 2, 2, 2, 2, 2, 2, 2, 2, 2, 2, 2, 2, 2, 2, 2, 2, 2, 2, 2, 2, 2, 2, 2, 4 ),
 ( 0.03878147701352468307, 0.03995476006743953895, 0.04112804312135438789, 0.04347460922918418291, 0.04464789228309910818, 0.04582117533701404039, 0.04699445839092896565, 0.04816774144484389786, 0.04875438297180136049, 0.04934102449875882312, 0.05051430755267371370, 0.05168759060658860427, 0.05286087366050349484, 0.05520743976833326211, 0.05755400587616302244, 0.05990057198399278970, 0.06224713809182255697, 0.06342042114573742673, 0.06459370419965231036, 0.06576698725356718012, 0.06694027030748206375, 0.06811355336139693351, 0.06928683641531180326, 0.07163340252314148726, 0.07280668557705632926, 0.07397996863097117126, 0.07632653473880086914 ),
 .UNSPECIFIED. ) ;
#807 = CARTESIAN_POINT ( 'NONE',  ( 6.771208431836797104, 116.9345133750150012, -58.84758962402414539 ) ) ;
#808 = EDGE_CURVE ( 'NONE', #2029, #4518, #4943, .T. ) ;
#809 = CARTESIAN_POINT ( 'NONE',  ( -108.4354495707917465, 263.7424837664191841, -116.6867294134092674 ) ) ;
#810 = CARTESIAN_POINT ( 'NONE',  ( 12.66414955074587922, 349.3869822183537508, -277.4755087095028330 ) ) ;
#811 = EDGE_LOOP ( 'NONE', ( #5115, #4263, #2618, #3120 ) ) ;
#812 = CARTESIAN_POINT ( 'NONE',  ( -466.8822630175757809, 231.6480839992101437, -168.1915043147091353 ) ) ;
#813 = DIRECTION ( 'NONE',  ( -0.000000000000000000, -1.000000000000000000, -0.000000000000000000 ) ) ;
#814 = CARTESIAN_POINT ( 'NONE',  ( -465.6231383563119266, 122.7427637924668318, -43.12511920251979802 ) ) ;
#815 = CARTESIAN_POINT ( 'NONE',  ( -371.3182069992882361, 279.4091528819101313, -118.7726641960125278 ) ) ;
#816 = CARTESIAN_POINT ( 'NONE',  ( -489.9886225267567283, 349.1043746072897420, -279.1914366278340367 ) ) ;
#817 = B_SPLINE_CURVE_WITH_KNOTS ( 'NONE', 3,
 ( #4384, #4936, #2945, #4549, #362, #3574 ),
 .UNSPECIFIED., .F., .F.,
 ( 4, 2, 4 ),
 ( 0.0001734638436337136984, 0.001191622912794771446, 0.002209781981955829221 ),
 .UNSPECIFIED. ) ;
#818 = VECTOR ( 'NONE', #4984, 1000.000000000000000 ) ;
#819 = AXIS2_PLACEMENT_3D ( 'NONE', #2738, #4782, #4684 ) ;
#820 = CARTESIAN_POINT ( 'NONE',  ( 7.507758019858286502, 122.1854599727349608, -63.59692525991223988 ) ) ;
#821 = CARTESIAN_POINT ( 'NONE',  ( 12.53252505875027545, 133.3464055790419138, -63.02000517520672673 ) ) ;
#822 = CARTESIAN_POINT ( 'NONE',  ( -471.1144789731953324, 118.1765995951981978, -60.51578317240585392 ) ) ;
#823 = CARTESIAN_POINT ( 'NONE',  ( -109.9456509784904057, 273.4546951711312772, -136.3887867792838335 ) ) ;
#824 = CARTESIAN_POINT ( 'NONE',  ( -11.08796468513886424, 129.1858569880000402, -64.70886842289424123 ) ) ;
#825 = ORIENTED_EDGE ( 'NONE', *, *, #1031, .F. ) ;
#826 = CARTESIAN_POINT ( 'NONE',  ( -464.3512919517780801, 135.3105738749103466, -60.57164685075954935 ) ) ;
#827 = CARTESIAN_POINT ( 'NONE',  ( -483.6206953610054597, 118.2731806633667304, -60.73718441775488941 ) ) ;
#828 = CARTESIAN_POINT ( 'NONE',  ( -470.8315147309265285, 132.5764838559416603, -44.01556236933925703 ) ) ;
#829 = CARTESIAN_POINT ( 'NONE',  ( 12.54492220488376830, 352.2801959390721436, -281.8010819142766081 ) ) ;
#830 = CARTESIAN_POINT ( 'NONE',  ( -489.2969718227270732, 137.5504177714463765, -57.54531755592665832 ) ) ;
#831 = ORIENTED_EDGE ( 'NONE', *, *, #3117, .T. ) ;
#832 = CARTESIAN_POINT ( 'NONE',  ( 7.643173129877562921, 137.3647908719024997, -49.73308317937970457 ) ) ;
#833 = DIRECTION ( 'NONE',  ( 0.000000000000000000, 0.7071067811865489050, 0.7071067811865461294 ) ) ;
#834 = CARTESIAN_POINT ( 'NONE',  ( 12.08928575258980409, 121.8397252263915789, -43.02645882151639967 ) ) ;
#835 = CARTESIAN_POINT ( 'NONE',  ( -108.0865267714495133, 264.9671350012556559, -115.8706491290881502 ) ) ;
#836 = CARTESIAN_POINT ( 'NONE',  ( -490.7192425693921223, 118.9843042302376261, -45.55174207542375342 ) ) ;
#837 = CARTESIAN_POINT ( 'NONE',  ( -368.0805586807339296, 276.1562119617967141, -135.6685423026257524 ) ) ;
#838 = EDGE_CURVE ( 'NONE', #1907, #3320, #3406, .T. ) ;
#839 = EDGE_LOOP ( 'NONE', ( #4668, #3803, #1836, #999 ) ) ;
#840 = VECTOR ( 'NONE', #4932, 1000.000000000000000 ) ;
#841 = EDGE_CURVE ( 'NONE', #707, #2230, #3878, .T. ) ;
#842 = CARTESIAN_POINT ( 'NONE',  ( -465.9306294353817179, 234.9401585974835029, -169.0301910341276539 ) ) ;
#843 = CARTESIAN_POINT ( 'NONE',  ( -12.66435768545093410, 350.7573022486757850, -276.1038722660339317 ) ) ;
#844 = CARTESIAN_POINT ( 'NONE',  ( -465.5119993155103089, 123.5771831968114043, -42.83964722316532914 ) ) ;
#845 = CARTESIAN_POINT ( 'NONE',  ( 10.95885896716990970, 350.7569619972282453, -276.1040891035660252 ) ) ;
#846 = CARTESIAN_POINT ( 'NONE',  ( -370.0468399164914217, 267.6438921349051725, -114.7665933586717415 ) ) ;
#847 = CARTESIAN_POINT ( 'NONE',  ( -489.8776552885090609, 350.5848896822046754, -281.4063110453976719 ) ) ;
#848 = CARTESIAN_POINT ( 'NONE',  ( -12.37737522487944020, 354.7836125475334370, -277.4752858992891333 ) ) ;
#849 = CARTESIAN_POINT ( 'NONE',  ( -460.8138688887958097, 126.7631832112599852, -42.37891196379820968 ) ) ;
#850 = CARTESIAN_POINT ( 'NONE',  ( -466.8256280374543508, 352.8616792139246741, -275.8966315184495670 ) ) ;
#851 = CARTESIAN_POINT ( 'NONE',  ( -110.2720440041644849, 259.4644112406991212, -124.1244858810369180 ) ) ;
#852 = CARTESIAN_POINT ( 'NONE',  ( -12.48784751476357791, 136.4460565747359340, -59.84524462328595007 ) ) ;
#853 = EDGE_LOOP ( 'NONE', ( #2250, #173 ) ) ;
#854 = CARTESIAN_POINT ( 'NONE',  ( -471.0499985938084819, 117.3631823434560317, -59.54085168793012883 ) ) ;
#855 = CARTESIAN_POINT ( 'NONE',  ( -10.58299907798739525, 350.1042682893229312, -281.0626684917454554 ) ) ;
#856 = CARTESIAN_POINT ( 'NONE',  ( 8.031811848968770207, 137.2286039708818066, -49.76523908005749774 ) ) ;
#857 = CARTESIAN_POINT ( 'NONE',  ( -488.3584285798710880, 138.0527718009399791, -55.40902592014409578 ) ) ;
#858 = ORIENTED_EDGE ( 'NONE', *, *, #3266, .F. ) ;
#859 = CARTESIAN_POINT ( 'NONE',  ( 11.28078114523848718, 137.9106188888761153, -56.32075843461564091 ) ) ;
#860 = CIRCLE ( 'NONE', #2608, 10.09999999999999787 ) ;
#861 = CIRCLE ( 'NONE', #4876, 12.69999999999999929 ) ;
#862 = CARTESIAN_POINT ( 'NONE',  ( 12.40992129717903403, 116.8758468160690853, -47.44814189250782732 ) ) ;
#863 = CARTESIAN_POINT ( 'NONE',  ( -108.7569344443979134, 262.7170908612149560, -117.7121223185247061 ) ) ;
#864 = CARTESIAN_POINT ( 'NONE',  ( -477.5138688887957983, -20.00000000000000000, -12.69999999999999929 ) ) ;
#865 = LINE ( 'NONE', #4016, #2096 ) ;
#866 = ORIENTED_EDGE ( 'NONE', *, *, #2835, .F. ) ;
#867 = ADVANCED_FACE ( 'NONE', ( #961 ), #3295, .T. ) ;
#868 = CARTESIAN_POINT ( 'NONE',  ( -466.5837059056629528, 232.7211081937624897, -168.5876512449135873 ) ) ;
#869 = CARTESIAN_POINT ( 'NONE',  ( -12.47448683933609104, 349.1047552953670561, -279.1937428264324694 ) ) ;
#870 = CARTESIAN_POINT ( 'NONE',  ( -464.3530355343079350, 118.2030956009332954, -46.40156083983912794 ) ) ;
#871 = CARTESIAN_POINT ( 'NONE',  ( 10.97401467708404255, 350.5839966207430507, -276.1962510919533997 ) ) ;
#872 = CARTESIAN_POINT ( 'NONE',  ( -371.0457346103913210, 280.2650050439369807, -119.9708369095554445 ) ) ;
#873 = CARTESIAN_POINT ( 'NONE',  ( 1.555301434917138827E-15, 254.0096426111638834, -198.6858836058408713 ) ) ;
#874 = CARTESIAN_POINT ( 'NONE',  ( 8.084424091381492872, 123.1441530942788063, -63.99516573821202314 ) ) ;
#875 = CARTESIAN_POINT ( 'NONE',  ( 13.08711756631011447, 133.3265597801647857, -62.43928716993623595 ) ) ;
#876 = CARTESIAN_POINT ( 'NONE',  ( -464.4033701192416288, 120.0566519356326438, -44.62561283941874279 ) ) ;
#877 = CARTESIAN_POINT ( 'NONE',  ( -110.3373384867311557, 272.0189627329052655, -136.6610075896953447 ) ) ;
#878 = CARTESIAN_POINT ( 'NONE',  ( -12.54376628585331588, 133.4024650618875114, -62.98275660528296527 ) ) ;
#879 = VERTEX_POINT ( 'NONE', #1405 ) ;
#880 = DIRECTION ( 'NONE',  ( 0.000000000000000000, 0.000000000000000000, -1.000000000000000000 ) ) ;
#881 = CARTESIAN_POINT ( 'NONE',  ( 12.70000965651001934, 354.0667237823990376, -281.0624097926916534 ) ) ;
#882 = CARTESIAN_POINT ( 'NONE',  ( -485.4385821826248844, 137.5391387943573989, -50.21521801364010429 ) ) ;
#883 = ORIENTED_EDGE ( 'NONE', *, *, #2799, .T. ) ;
#884 = ADVANCED_BREP_SHAPE_REPRESENTATION ( 'Walker_Front_Tubing', ( #62, #1903 ), #1234 ) ;
#885 = B_SPLINE_CURVE_WITH_KNOTS ( 'NONE', 3,
 ( #1628, #4437, #4853, #473, #3202, #3676, #847, #2884, #2064, #4877, #2440, #4464, #4487, #2014, #1675, #816, #13, #893, #85, #64, #3226, #1699, #1261, #2906, #2486, #3302, #4828, #2413, #4095, #4900, #4052, #4022, #2463, #448 ),
 .UNSPECIFIED., .F., .F.,
 ( 4, 2, 2, 2, 2, 2, 2, 2, 2, 2, 2, 2, 2, 2, 2, 2, 4 ),
 ( 0.000000000000000000, 0.0005883418982772281374, 0.001176683796554456275, 0.001765025694831684304, 0.002353367593108912550, 0.002941709491386140796, 0.003530051389663368608, 0.004118393287940597287, 0.004706735186217825100, 0.005295077084495052912, 0.005883418982772281591, 0.006471760881049509403, 0.007060102779326737216, 0.007648444677603965895, 0.008236786575881194575, 0.008825128474158422387, 0.009413470372435650199 ),
 .UNSPECIFIED. ) ;
#886 = CARTESIAN_POINT ( 'NONE',  ( 11.99028251708970494, 116.1879906557669244, -48.84643964980086395 ) ) ;
#887 = CARTESIAN_POINT ( 'NONE',  ( -475.6567928765517763, 241.2318399510462541, -150.1692834473438438 ) ) ;
#888 = CARTESIAN_POINT ( 'NONE',  ( -12.66722889147739117, 135.2839101125709647, -60.60288872610600208 ) ) ;
#889 = CARTESIAN_POINT ( 'NONE',  ( 12.54523256730445979, 351.8879195655339345, -275.8010819142764944 ) ) ;
#890 = ORIENTED_EDGE ( 'NONE', *, *, #1694, .T. ) ;
#891 = CARTESIAN_POINT ( 'NONE',  ( -465.5998433760681792, 116.1032313403661078, -49.06133863622474678 ) ) ;
#892 = CARTESIAN_POINT ( 'NONE',  ( 11.33240159599095875, 124.8882428499209425, -42.03144068663740285 ) ) ;
#893 = CARTESIAN_POINT ( 'NONE',  ( -490.0587085906735751, 349.0852800002146523, -278.6069299075657000 ) ) ;
#894 = CARTESIAN_POINT ( 'NONE',  ( -12.63136776560321017, 354.9328189780375169, -279.7659373282929209 ) ) ;
#895 = CARTESIAN_POINT ( 'NONE',  ( 12.01172239908401629, 129.9454053688675685, -64.13890672858362052 ) ) ;
#896 = CARTESIAN_POINT ( 'NONE',  ( -471.1163689402171144, 236.5175839558798430, -147.6902059600603820 ) ) ;
#897 = CYLINDRICAL_SURFACE ( 'NONE', #1493, 3.000000000000002665 ) ;
#898 = CARTESIAN_POINT ( 'NONE',  ( -7.269478402896726088, 137.1065108759682403, -49.07994484838680904 ) ) ;
#899 = CARTESIAN_POINT ( 'NONE',  ( -468.2979231743585729, 115.4766494219394701, -54.55725846729111339 ) ) ;
#900 = CARTESIAN_POINT ( 'NONE',  ( -10.79351657246149365, 352.0853531617383396, -281.8010819142765513 ) ) ;
#901 = CARTESIAN_POINT ( 'NONE',  ( 13.18182098295429228, 135.3044847876790300, -60.60758546348489517 ) ) ;
#902 = FACE_OUTER_BOUND ( 'NONE', #1156, .T. ) ;
#903 = CARTESIAN_POINT ( 'NONE',  ( -484.8617634144239332, 116.3776084811020013, -57.74620103649530733 ) ) ;
#904 = CIRCLE ( 'NONE', #2065, 1.000000000000000888 ) ;
#905 = CARTESIAN_POINT ( 'NONE',  ( -477.5138688887957983, 79.14213562373097943, -5.857864376269070306 ) ) ;
#906 =( BOUNDED_SURFACE ( )  B_SPLINE_SURFACE ( 3, 2, ( 
 ( #4053, #450, #3303 ),
 ( #2043, #3654, #4901 ),
 ( #1210, #918, #4512 ),
 ( #3604, #2488, #3203 ),
 ( #86, #4855, #1262 ),
 ( #15, #2808, #4096 ),
 ( #499, #41, #874 ),
 ( #1307, #4410, #820 ),
 ( #2414, #1655, #2861 ),
 ( #2087, #2066, #423 ),
 ( #1629, #2908, #4234 ),
 ( #4981, #4617, #1059 ),
 ( #1386, #196, #3416 ),
 ( #632, #2932, #4537 ),
 ( #4205, #3330, #2647 ),
 ( #2960, #3755, #604 ),
 ( #2165, #946, #522 ),
 ( #2114, #5010, #4152 ),
 ( #1358, #139, #576 ),
 ( #3811, #3728, #2539 ),
 ( #4177, #3780, #109 ),
 ( #1724, #1033, #3018 ),
 ( #550, #1001, #1752 ),
 ( #2136, #3357, #2622 ),
 ( #2594, #4924, #167 ),
 ( #2225, #1779, #3840 ),
 ( #227, #3386, #1416 ),
 ( #1832, #1332, #4951 ),
 ( #4587, #3446, #4561 ),
 ( #5037, #969, #2197 ),
 ( #2564, #2986, #1805 ),
 ( #1444, #3044, #4647 ),
 ( #1936, #3092, #1521 ),
 ( #4287, #3943, #4778 ),
 ( #3549, #764, #2732 ),
 ( #3500, #3865, #1547 ),
 ( #4335, #4730, #2283 ),
 ( #1862, #2355, #252 ),
 ( #5142, #2703, #3475 ),
 ( #3893, #334, #1472 ),
 ( #1183, #688, #3145 ),
 ( #3969, #4754, #1160 ),
 ( #304, #1910, #363 ),
 ( #4258, #2754, #2306 ),
 ( #3918, #3122, #3523 ),
 ( #662, #1574, #742 ),
 ( #5117, #5092, #3067 ),
 ( #1498, #2253, #1138 ),
 ( #280, #4360, #3171 ),
 ( #1886, #2330, #1962 ),
 ( #3575, #5168, #5066 ),
 ( #4701, #4676, #1086 ),
 ( #2676, #1113, #4311 ),
 ( #716, #2854, #4895 ) ),
 .UNSPECIFIED., .F., .F., .F. ) 
 B_SPLINE_SURFACE_WITH_KNOTS ( ( 4, 2, 2, 2, 2, 2, 2, 2, 2, 2, 2, 2, 2, 2, 2, 2, 2, 2, 2, 2, 2, 2, 2, 2, 2, 2, 4 ),
 ( 3, 3 ),
 ( 0.000000000000000000, 0.002450042255353424101, 0.004900084510706848202, 0.007350126766060272737, 0.008575147893736985438, 0.009800169021413696405, 0.01102519014909040737, 0.01225021127676712007, 0.01286272184060547642, 0.01347523240444383277, 0.01470025353212054547, 0.01592527465979725818, 0.01715029578747397088, 0.01960033804282739281, 0.02082535917050410551, 0.02205038029818081474, 0.02450042255353424014, 0.02572544368121095285, 0.02695046480888766555, 0.02817548593656437825, 0.02940050706424109095, 0.03062552819191780365, 0.03185054931959451635, 0.03430059157494794175, 0.03552561270262465098, 0.03675063383030136022, 0.03920067608565478562 ),
 ( 0.000000000000000000, 1.000000000000000000 ),
 .UNSPECIFIED. ) 
 GEOMETRIC_REPRESENTATION_ITEM ( )  RATIONAL_B_SPLINE_SURFACE ( (
 ( 1.000000000000000000, 0.8063609521654806489, 1.000000000000000000),
 ( 1.000000000000000000, 0.8229845896414006434, 1.000000000000000000),
 ( 1.000000000000000000, 0.8394652384302798698, 1.000000000000000000),
 ( 1.000000000000000000, 0.8708556005043128767, 1.000000000000000000),
 ( 1.000000000000000000, 0.8857961877951917584, 1.000000000000000000),
 ( 1.000000000000000000, 0.9131335910222940777, 1.000000000000000000),
 ( 1.000000000000000000, 0.9252752650241342636, 1.000000000000000000),
 ( 1.000000000000000000, 0.9407726594691637745, 1.000000000000000000),
 ( 1.000000000000000000, 0.9454848148492531745, 1.000000000000000000),
 ( 1.000000000000000000, 0.9538717849378701708, 1.000000000000000000),
 ( 1.000000000000000000, 0.9575317652553935188, 1.000000000000000000),
 ( 1.000000000000000000, 0.9634493570365317838, 1.000000000000000000),
 ( 1.000000000000000000, 0.9657367722587955061, 1.000000000000000000),
 ( 1.000000000000000000, 0.9687329431992213191, 1.000000000000000000),
 ( 1.000000000000000000, 0.9693850235370512491, 1.000000000000000000),
 ( 1.000000000000000000, 0.9690915971353867286, 1.000000000000000000),
 ( 1.000000000000000000, 0.9687826428318011551, 1.000000000000000000),
 ( 1.000000000000000000, 0.9677425279189821872, 1.000000000000000000),
 ( 1.000000000000000000, 0.9670046423190277185, 1.000000000000000000),
 ( 1.000000000000000000, 0.9642163887580699200, 1.000000000000000000),
 ( 1.000000000000000000, 0.9616058605389908864, 1.000000000000000000),
 ( 1.000000000000000000, 0.9551057837206035073, 1.000000000000000000),
 ( 1.000000000000000000, 0.9511923601006500029, 1.000000000000000000),
 ( 1.000000000000000000, 0.9423067246415761655, 1.000000000000000000),
 ( 1.000000000000000000, 0.9373682835656067525, 1.000000000000000000),
 ( 1.000000000000000000, 0.9212496585596178234, 1.000000000000000000),
 ( 1.000000000000000000, 0.9087690291611250082, 1.000000000000000000),
 ( 1.000000000000000000, 0.8878785044150044881, 1.000000000000000000),
 ( 1.000000000000000000, 0.8805450535201950757, 1.000000000000000000),
 ( 1.000000000000000000, 0.8654739388583919668, 1.000000000000000000),
 ( 1.000000000000000000, 0.8577090244870255731, 1.000000000000000000),
 ( 1.000000000000000000, 0.8339186905761916124, 1.000000000000000000),
 ( 1.000000000000000000, 0.8173696907382606014, 1.000000000000000000),
 ( 1.000000000000000000, 0.7926204766671929303, 1.000000000000000000),
 ( 1.000000000000000000, 0.7844442768355364137, 1.000000000000000000),
 ( 1.000000000000000000, 0.7687580286613509006, 1.000000000000000000),
 ( 1.000000000000000000, 0.7612122131724778917, 1.000000000000000000),
 ( 1.000000000000000000, 0.7470601413017754489, 1.000000000000000000),
 ( 1.000000000000000000, 0.7404531340971567399, 1.000000000000000000),
 ( 1.000000000000000000, 0.7286040209091031450, 1.000000000000000000),
 ( 1.000000000000000000, 0.7234907613609871113, 1.000000000000000000),
 ( 1.000000000000000000, 0.7152128561898536407, 1.000000000000000000),
 ( 1.000000000000000000, 0.7120409908624933948, 1.000000000000000000),
 ( 1.000000000000000000, 0.7078895623337755350, 1.000000000000000000),
 ( 1.000000000000000000, 0.7069117745546577014, 1.000000000000000000),
 ( 1.000000000000000000, 0.7075945310675757494, 1.000000000000000000),
 ( 1.000000000000000000, 0.7128349838239803615, 1.000000000000000000),
 ( 1.000000000000000000, 0.7264948848736756393, 1.000000000000000000),
 ( 1.000000000000000000, 0.7320338936145595055, 1.000000000000000000),
 ( 1.000000000000000000, 0.7443754914709618253, 1.000000000000000000),
 ( 1.000000000000000000, 0.7512043673504832375, 1.000000000000000000),
 ( 1.000000000000000000, 0.7730834946697334731, 1.000000000000000000),
 ( 1.000000000000000000, 0.7896477287394340072, 1.000000000000000000),
 ( 1.000000000000000000, 0.8059840889110986284, 1.000000000000000000) ) ) 
 REPRESENTATION_ITEM ( '' )  SURFACE ( )  );
#907 = CARTESIAN_POINT ( 'NONE',  ( 6.530795702440648220, 135.7211288817727564, -46.91281265659372934 ) ) ;
#908 = CARTESIAN_POINT ( 'NONE',  ( -106.6075842032273329, 281.3789276107275441, -122.6630278929725932 ) ) ;
#909 = CARTESIAN_POINT ( 'NONE',  ( -13.00592620213234341, 136.0127764209180157, -59.62763306755796577 ) ) ;
#910 = DIRECTION ( 'NONE',  ( 1.000000000000000000, -0.000000000000000000, 0.000000000000000000 ) ) ;
#911 = VERTEX_POINT ( 'NONE', #4143 ) ;
#912 = CARTESIAN_POINT ( 'NONE',  ( -365.4072427187660423, 258.7777959169537780, -136.1443544236221328 ) ) ;
#913 = B_SPLINE_CURVE_WITH_KNOTS ( 'NONE', 3,
 ( #682, #2246, #246, #1851, #3470, #5058, #4280, #3887, #273, #1880, #438, #4793, #2429, #3268, #1620, #2822, #3242, #1250, #4014, #3667, #783, #54, #807, #2375, #1177, #5187, #4426, #413, #2401, #4866, #3192, #2005, #1200, #1275, #1594, #2772, #2477, #886, #490, #4086, #862, #4037, #1645, #3569, #386, #462, #3618, #4, #1566, #834, #4843, #2873, #29, #2454, #2847, #3217 ),
 .UNSPECIFIED., .F., .F.,
 ( 4, 2, 2, 2, 2, 2, 2, 2, 2, 2, 2, 2, 2, 2, 2, 2, 2, 2, 2, 2, 2, 2, 2, 2, 2, 2, 2, 4 ),
 ( 0.07514532557842240612, 0.07635352165781351952, 0.07756171773720464679, 0.07997810989598687359, 0.08239450205476911426, 0.08360269813416024154, 0.08481089421355135494, 0.08601909029294246833, 0.08722728637233359561, 0.08843548245172470901, 0.08964367853111582241, 0.09085187461050694968, 0.09206007068989806308, 0.09447646284868033151, 0.09568465892807147266, 0.09689285500746261381, 0.09930924716624489612, 0.1005174432456360373, 0.1017256393250271784, 0.1029338354044183196, 0.1041420314838094607, 0.1053502275632006158, 0.1065584236425917430, 0.1089748158013740531, 0.1101830118807651804, 0.1113912079601563077, 0.1125994040395474349, 0.1138076001189385622 ),
 .UNSPECIFIED. ) ;
#914 = CARTESIAN_POINT ( 'NONE',  ( -465.5017539526123187, 122.4046754567246182, -43.26289445680396994 ) ) ;
#915 = DIRECTION ( 'NONE',  ( -0.000000000000000000, -0.7071067811865462405, 0.7071067811865489050 ) ) ;
#916 = DIRECTION ( 'NONE',  ( 0.000000000000000000, 0.7071067811865462405, -0.7071067811865489050 ) ) ;
#917 = ORIENTED_EDGE ( 'NONE', *, *, #2490, .T. ) ;
#918 = CARTESIAN_POINT ( 'NONE',  ( 10.29681034021333375, 127.3183039393102405, -64.58810324032799599 ) ) ;
#919 = CIRCLE ( 'NONE', #1009, 12.70000000000000284 ) ;
#920 = DIRECTION ( 'NONE',  ( -1.000000000000000000, 0.000000000000000000, 0.000000000000000000 ) ) ;
#921 = CARTESIAN_POINT ( 'NONE',  ( -466.8103566537508868, 115.6598584849319309, -52.86440043811048639 ) ) ;
#922 = DIRECTION ( 'NONE',  ( 1.000000000000000000, 0.000000000000000000, 0.000000000000000000 ) ) ;
#923 = CARTESIAN_POINT ( 'NONE',  ( -9.387311121327485353, 127.5454762774109412, -42.15667415434106857 ) ) ;
#924 = ORIENTED_EDGE ( 'NONE', *, *, #1631, .T. ) ;
#925 = CARTESIAN_POINT ( 'NONE',  ( -10.62595796981084639, 354.7839295846044365, -277.4759698435627797 ) ) ;
#926 = CARTESIAN_POINT ( 'NONE',  ( -10.99472123638291521, 349.7001097484605339, -276.9708086770345972 ) ) ;
#927 = CARTESIAN_POINT ( 'NONE',  ( 12.54483970187767738, 355.0854263232620838, -278.9952339209873458 ) ) ;
#928 = EDGE_CURVE ( 'NONE', #4673, #145, #2061, .T. ) ;
#929 = DIRECTION ( 'NONE',  ( 0.000000000000000000, 0.000000000000000000, -1.000000000000000000 ) ) ;
#930 = CARTESIAN_POINT ( 'NONE',  ( -484.8039535337792927, 116.6561987324608936, -58.08317873892867311 ) ) ;
#931 = ORIENTED_EDGE ( 'NONE', *, *, #544, .F. ) ;
#932 = CARTESIAN_POINT ( 'NONE',  ( -9.518080468362130730, 137.7988611305591746, -52.11400838000298563 ) ) ;
#933 = CARTESIAN_POINT ( 'NONE',  ( 9.344955938371942494, 128.4037498278060525, -42.47999417672104983 ) ) ;
#934 = CARTESIAN_POINT ( 'NONE',  ( -10.28245391630833439, 126.6613310848096461, -64.57891196379820542 ) ) ;
#935 = FACE_OUTER_BOUND ( 'NONE', #135, .T. ) ;
#936 = VECTOR ( 'NONE', #1557, 1000.000000000000000 ) ;
#937 = CARTESIAN_POINT ( 'NONE',  ( -12.28779786211006453, 132.3338516765551844, -63.62037323996598559 ) ) ;
#938 = CARTESIAN_POINT ( 'NONE',  ( -488.1985059941823692, 352.8676685218756575, -275.8786474177874197 ) ) ;
#939 = EDGE_CURVE ( 'NONE', #2447, #3870, #885, .T. ) ;
#940 = EDGE_LOOP ( 'NONE', ( #1670, #4069, #4090, #2693 ) ) ;
#941 = CARTESIAN_POINT ( 'NONE',  ( 10.76610808984147027, 352.2825757693278774, -275.8010819142766081 ) ) ;
#942 = CARTESIAN_POINT ( 'NONE',  ( -470.4335414962620234, 117.0249489292222904, -58.81851647076787515 ) ) ;
#943 = CARTESIAN_POINT ( 'NONE',  ( 10.99996036393021193, 349.8237944079809267, -276.8202055118135263 ) ) ;
#944 = ORIENTED_EDGE ( 'NONE', *, *, #738, .T. ) ;
#945 = CARTESIAN_POINT ( 'NONE',  ( -12.54476113964740946, 243.5892012818861474, -167.4557876529281657 ) ) ;
#946 = CARTESIAN_POINT ( 'NONE',  ( 6.192465826057577338, 118.5416530293962580, -60.93923988269097691 ) ) ;
#947 = CARTESIAN_POINT ( 'NONE',  ( -489.8592344144992694, 354.4712904403037328, -276.9719264570154564 ) ) ;
#948 = CARTESIAN_POINT ( 'NONE',  ( -465.0402278013704063, 133.0657746352979700, -63.20171852989822980 ) ) ;
#949 = CARTESIAN_POINT ( 'NONE',  ( -488.4091108137446327, 128.8030921310206622, -64.74743978313841808 ) ) ;
#950 = EDGE_LOOP ( 'NONE', ( #4483, #129 ) ) ;
#951 = CARTESIAN_POINT ( 'NONE',  ( -471.2661830092345099, 135.7049963907535641, -46.78359314055809648 ) ) ;
#952 = CARTESIAN_POINT ( 'NONE',  ( -490.2149209464458295, 118.2969195575392263, -45.53853858372629304 ) ) ;
#953 = DIRECTION ( 'NONE',  ( -1.000000000000000000, 0.000000000000000000, 0.000000000000000000 ) ) ;
#954 = CARTESIAN_POINT ( 'NONE',  ( -489.9229110323434497, 132.4449854253082890, -63.02225890576556822 ) ) ;
#955 = CARTESIAN_POINT ( 'NONE',  ( -484.0815846370500708, 120.9535477932331418, -63.04303108162741154 ) ) ;
#956 = CARTESIAN_POINT ( 'NONE',  ( 11.43525120080073165, 115.8381540980376911, -51.48772863363298313 ) ) ;
#957 = CARTESIAN_POINT ( 'NONE',  ( -465.2676273987393643, 237.5974607321400640, -169.0712498809369038 ) ) ;
#958 = CARTESIAN_POINT ( 'NONE',  ( 7.046179980104316343, 131.5848023680617587, -43.35533473867069176 ) ) ;
#959 = CARTESIAN_POINT ( 'NONE',  ( -467.4739718140720584, 126.2542269444485470, -64.56770181267378916 ) ) ;
#960 = CARTESIAN_POINT ( 'NONE',  ( -12.54570043726235617, 133.0649907436877015, -62.62466049182210526 ) ) ;
#961 = FACE_OUTER_BOUND ( 'NONE', #5184, .T. ) ;
#962 = EDGE_LOOP ( 'NONE', ( #2936, #4928, #803, #3021, #4224, #883 ) ) ;
#963 = EDGE_CURVE ( 'NONE', #1056, #5041, #4044, .T. ) ;
#964 = CARTESIAN_POINT ( 'NONE',  ( -466.8491428726708250, 351.1192459545684983, -281.6480128828878264 ) ) ;
#965 = CARTESIAN_POINT ( 'NONE',  ( -467.2103162248658919, 115.6580436006673693, -53.54813424009660139 ) ) ;
#966 = DIRECTION ( 'NONE',  ( -0.000000000000000000, 0.7071067811865474617, -0.7071067811865474617 ) ) ;
#967 = ORIENTED_EDGE ( 'NONE', *, *, #3016, .F. ) ;
#968 = CARTESIAN_POINT ( 'NONE',  ( -0.9814233453677803087, 242.9870447099745263, -151.7959289605073820 ) ) ;
#969 = CARTESIAN_POINT ( 'NONE',  ( 9.652686852385555127, 115.6726299816312888, -54.07091422630251998 ) ) ;
#970 = CARTESIAN_POINT ( 'NONE',  ( -489.8544128812307008, 354.3440751705260823, -276.8169336683795905 ) ) ;
#971 = CARTESIAN_POINT ( 'NONE',  ( -467.9132148985963227, 126.3568609690284887, -64.82992300428578858 ) ) ;
#972 = CARTESIAN_POINT ( 'NONE',  ( -10.09799677181913324, 115.6656777302331420, -53.89350427749673145 ) ) ;
#973 = DIRECTION ( 'NONE',  ( 0.000000000000000000, 0.000000000000000000, 1.000000000000000000 ) ) ;
#974 = EDGE_LOOP ( 'NONE', ( #1413, #4423, #3682, #5211 ) ) ;
#975 = CARTESIAN_POINT ( 'NONE',  ( -468.0426980431358288, 137.8486944415061259, -52.56733621157768965 ) ) ;
#976 = CARTESIAN_POINT ( 'NONE',  ( -477.5138688887957983, 0.000000000000000000, 0.000000000000000000 ) ) ;
#977 = DIRECTION ( 'NONE',  ( 0.000000000000000000, 0.000000000000000000, 1.000000000000000000 ) ) ;
#978 = CARTESIAN_POINT ( 'NONE',  ( -9.215945714444506720, 115.4766494219378359, -54.55725846727852968 ) ) ;
#979 = CARTESIAN_POINT ( 'NONE',  ( 7.811743886787920310, 130.8343354267005054, -43.14740961018240739 ) ) ;
#980 = CARTESIAN_POINT ( 'NONE',  ( -12.38310710466472386, 229.0913517882354995, -151.7838831878754036 ) ) ;
#981 = CARTESIAN_POINT ( 'NONE',  ( -485.9643845172743113, 115.9563286547310241, -56.10456464578907543 ) ) ;
#982 = CARTESIAN_POINT ( 'NONE',  ( 6.365910601556310056, 119.5745013810679040, -61.93868464143211128 ) ) ;
#983 = CIRCLE ( 'NONE', #1909, 12.70000000000000995 ) ;
#984 = VECTOR ( 'NONE', #1807, 1000.000000000000114 ) ;
#985 = DIRECTION ( 'NONE',  ( 0.000000000000000000, 0.000000000000000000, -1.000000000000000000 ) ) ;
#986 = CIRCLE ( 'NONE', #1654, 12.69999999999999929 ) ;
#987 = CARTESIAN_POINT ( 'NONE',  ( 6.053213041984736975, 134.4641770760719623, -45.39075041288757717 ) ) ;
#988 = DIRECTION ( 'NONE',  ( -1.000000000000000000, 0.000000000000000000, 0.000000000000000000 ) ) ;
#989 = CARTESIAN_POINT ( 'NONE',  ( -6.493657764746194161, 135.6141229701445923, -46.77763490793529400 ) ) ;
#990 = CARTESIAN_POINT ( 'NONE',  ( -484.1978156208701876, 132.9340520917236859, -44.24522523982536626 ) ) ;
#991 = EDGE_LOOP ( 'NONE', ( #3411, #511, #2071, #1797 ) ) ;
#992 = AXIS2_PLACEMENT_3D ( 'NONE', #4407, #3673, #59 ) ;
#993 = CARTESIAN_POINT ( 'NONE',  ( -15.69999999999999929, 126.7631832112599852, -53.47891196379821110 ) ) ;
#994 = CARTESIAN_POINT ( 'NONE',  ( -469.0904375695741351, 116.0782253967553572, -56.56425978101744789 ) ) ;
#995 = EDGE_CURVE ( 'NONE', #3785, #4653, #4119, .T. ) ;
#996 = CARTESIAN_POINT ( 'NONE',  ( -366.6052832850164691, 267.6471033317209276, -136.3677437631420446 ) ) ;
#997 = EDGE_LOOP ( 'NONE', ( #4029, #1706, #594, #297, #2119 ) ) ;
#998 = CARTESIAN_POINT ( 'NONE',  ( -467.1717221097175070, 126.7631832112599852, -64.57891196379820542 ) ) ;
#999 = ORIENTED_EDGE ( 'NONE', *, *, #4894, .F. ) ;
#1000 = CARTESIAN_POINT ( 'NONE',  ( -1.380686963202252482, 245.2795624874771079, -154.1396451503824494 ) ) ;
#1001 = CARTESIAN_POINT ( 'NONE',  ( 6.946127844309807564, 116.9801536621713041, -58.73611640456969241 ) ) ;
#1002 = CARTESIAN_POINT ( 'NONE',  ( -488.6838435443014532, 128.2415486636899402, -64.48421392289843368 ) ) ;
#1003 = CARTESIAN_POINT ( 'NONE',  ( -465.7754691245999084, 137.6208402150773225, -57.39934778733567100 ) ) ;
#1004 = CARTESIAN_POINT ( 'NONE',  ( -9.474228219825338471, 115.7507775588476306, -54.91099159931735585 ) ) ;
#1005 = CARTESIAN_POINT ( 'NONE',  ( -486.5456424581701071, 138.0183561355004827, -52.08382042236359410 ) ) ;
#1006 = ORIENTED_EDGE ( 'NONE', *, *, #2464, .T. ) ;
#1007 = CARTESIAN_POINT ( 'NONE',  ( -470.4019117616457493, 136.7503396416752537, -48.57555009458768325 ) ) ;
#1008 = CARTESIAN_POINT ( 'NONE',  ( -10.84796008516341814, 355.0659279889245568, -279.1937455372424211 ) ) ;
#1009 = AXIS2_PLACEMENT_3D ( 'NONE', #566, #2152, #4194 ) ;
#1010 = CARTESIAN_POINT ( 'NONE',  ( -7.243035163904514739, 116.4407767031638343, -57.92518476208842770 ) ) ;
#1011 = CARTESIAN_POINT ( 'NONE',  ( -488.1787523580294987, 349.2380070072499052, -279.7658915502817649 ) ) ;
#1012 = CARTESIAN_POINT ( 'NONE',  ( -7.222871762698770404, 235.6878552602479715, -147.6233170448673206 ) ) ;
#1013 = CARTESIAN_POINT ( 'NONE',  ( -483.6921232724595825, 118.6773113172614984, -61.08605503680844606 ) ) ;
#1014 = CARTESIAN_POINT ( 'NONE',  ( 6.815575797679133352, 120.8872454119794497, -62.90248578688870396 ) ) ;
#1015 = CARTESIAN_POINT ( 'NONE',  ( -471.2276830739140223, 134.5926872953351960, -45.60104663128287683 ) ) ;
#1016 = CARTESIAN_POINT ( 'NONE',  ( 12.41088532296065594, 353.0499034542949630, -275.9535757434944117 ) ) ;
#1017 = CARTESIAN_POINT ( 'NONE',  ( -10.15424361164748035, 127.0818733022239826, -42.38196830729756925 ) ) ;
#1018 = CARTESIAN_POINT ( 'NONE',  ( 6.403544983080710296, 135.3634955117470042, -46.45881645012649841 ) ) ;
#1019 = CARTESIAN_POINT ( 'NONE',  ( 0.000000000000000000, 0.000000000000000000, 12.69999999999999929 ) ) ;
#1020 = CARTESIAN_POINT ( 'NONE',  ( -10.30417477285135597, 138.1428015459962921, -54.35022440980068126 ) ) ;
#1021 = CARTESIAN_POINT ( 'NONE',  ( -484.3296016775564681, 132.6389464636135074, -44.05532053039641482 ) ) ;
#1022 = EDGE_LOOP ( 'NONE', ( #1824, #580, #277, #231 ) ) ;
#1023 = CARTESIAN_POINT ( 'NONE',  ( -466.5553932609649905, 350.7609890394455192, -276.1021487471883802 ) ) ;
#1024 = CARTESIAN_POINT ( 'NONE',  ( -466.2401056525287686, 115.7643076539918781, -51.82170794357224963 ) ) ;
#1025 = CARTESIAN_POINT ( 'NONE',  ( -368.4340778229418447, 277.3850932364258028, -134.4396610279319475 ) ) ;
#1026 = ORIENTED_EDGE ( 'NONE', *, *, #1109, .F. ) ;
#1027 = CARTESIAN_POINT ( 'NONE',  ( -464.6863553645005709, 121.3254639881458701, -43.79472269189329836 ) ) ;
#1028 = ORIENTED_EDGE ( 'NONE', *, *, #4463, .F. ) ;
#1029 = DIRECTION ( 'NONE',  ( -1.000000000000000000, 0.000000000000000000, -0.000000000000000000 ) ) ;
#1030 = CLOSED_SHELL ( 'NONE', ( #4488, #321, #4271, #3043, #2210, #4328, #1859, #2305, #4057, #3719, #1476, #3690, #309, #4136, #2940, #138, #2238, #714, #652, #4663, #3348, #1159, #1249, #3104, #4586, #1693, #384, #489, #5166, #800, #2944, #1206, #1220, #1634, #170, #4694, #3508, #3567, #3747, #4432, #1854, #4516, #3291, #2273, #610, #2879, #385, #4425, #2344, #708, #4243, #867, #4931, #3898, #3954, #3400, #2724, #4873, #3727, #4045, #4172, #2628, #1637, #4759, #202, #3331, #2400, #2667, #2009, #5074, #4806, #3917, #2439, #3181, #1726, #4819 ) ) ;
#1031 = EDGE_CURVE ( 'NONE', #4719, #2912, #2883, .T. ) ;
#1032 = CIRCLE ( 'NONE', #5134, 3.000000000000002665 ) ;
#1033 = CARTESIAN_POINT ( 'NONE',  ( 6.786445475142292239, 117.1615144420518106, -59.06141036473394479 ) ) ;
#1034 = DIRECTION ( 'NONE',  ( 1.000000000000000000, -0.000000000000000000, 0.000000000000000000 ) ) ;
#1035 = CARTESIAN_POINT ( 'NONE',  ( -368.7569344443975297, 278.4148614035565856, -133.4098928608657957 ) ) ;
#1036 = CARTESIAN_POINT ( 'NONE',  ( -483.5870557435339379, 134.9702498052221529, -45.91214454846851822 ) ) ;
#1037 = EDGE_LOOP ( 'NONE', ( #4681, #4404 ) ) ;
#1038 = CARTESIAN_POINT ( 'NONE',  ( -467.3951096606598981, 137.8774073211936582, -53.08844348272542391 ) ) ;
#1039 = CARTESIAN_POINT ( 'NONE',  ( -10.73929718772343200, 355.0663814046626499, -278.4116590245621410 ) ) ;
#1040 = PLANE ( 'NONE',  #328 ) ;
#1041 = CARTESIAN_POINT ( 'NONE',  ( -488.2799769786373076, 351.8881305541489724, -281.8010819142765513 ) ) ;
#1042 = CARTESIAN_POINT ( 'NONE',  ( -10.35018979686712548, 230.2981923902426331, -167.4221592177542277 ) ) ;
#1043 = CARTESIAN_POINT ( 'NONE',  ( -489.7070356071221227, 116.7999517098468800, -48.56995304336774666 ) ) ;
#1044 = CARTESIAN_POINT ( 'NONE',  ( -469.8039220623051051, 137.0275122763533489, -49.24038725919929504 ) ) ;
#1045 = DIRECTION ( 'NONE',  ( 0.000000000000000000, 0.000000000000000000, -1.000000000000000000 ) ) ;
#1046 = DIRECTION ( 'NONE',  ( 1.000000000000000000, 0.000000000000000000, 0.000000000000000000 ) ) ;
#1047 = CARTESIAN_POINT ( 'NONE',  ( 13.20343659124196378, 134.8018754399178931, -61.14328241181603119 ) ) ;
#1048 = CARTESIAN_POINT ( 'NONE',  ( -485.5450762907898934, 137.2290328937536117, -49.76462205086437507 ) ) ;
#1049 = CARTESIAN_POINT ( 'NONE',  ( -10.03989707472380211, 126.2542269444485186, -64.56770181267378916 ) ) ;
#1050 = CARTESIAN_POINT ( 'NONE',  ( -6.131162221654251177, 135.3237098472021103, -46.31044936417885083 ) ) ;
#1051 = CARTESIAN_POINT ( 'NONE',  ( -488.3616988724985504, 352.4770285740364670, -281.7818330276604115 ) ) ;
#1052 = ORIENTED_EDGE ( 'NONE', *, *, #1306, .F. ) ;
#1053 = CARTESIAN_POINT ( 'NONE',  ( 10.79351657246149543, 352.0853531617383396, -281.8010819142765513 ) ) ;
#1054 = CARTESIAN_POINT ( 'NONE',  ( -469.6964725151250377, 116.4271812989138652, -57.54049886188599316 ) ) ;
#1055 = CARTESIAN_POINT ( 'NONE',  ( -366.2522097343997984, 260.8669472209680862, -131.1511782701576010 ) ) ;
#1056 = VERTEX_POINT ( 'NONE', #873 ) ;
#1057 = ORIENTED_EDGE ( 'NONE', *, *, #3341, .T. ) ;
#1058 = CARTESIAN_POINT ( 'NONE',  ( -107.5418529955383349, 267.5827278994676135, -114.4610075896953703 ) ) ;
#1059 = CARTESIAN_POINT ( 'NONE',  ( 6.566352799658803363, 120.2924038451407398, -62.50547068280449992 ) ) ;
#1060 = CARTESIAN_POINT ( 'NONE',  ( -489.8908754114705175, 354.7816365974467203, -277.4710243657581259 ) ) ;
#1061 = CIRCLE ( 'NONE', #3992, 1.000000000000000888 ) ;
#1062 = CARTESIAN_POINT ( 'NONE',  ( -469.0890065861729568, 137.8049728208875422, -51.05745960089234359 ) ) ;
#1063 = CARTESIAN_POINT ( 'NONE',  ( -6.427751509882738468, 118.0590164065321090, -60.37763806691575752 ) ) ;
#1064 = CARTESIAN_POINT ( 'NONE',  ( -484.3294446864798033, 120.8872454119898521, -62.90248578689516989 ) ) ;
#1065 = VERTEX_POINT ( 'NONE', #3356 ) ;
#1066 = CARTESIAN_POINT ( 'NONE',  ( -469.0686470408115838, 137.4390489865972427, -50.42111829686415803 ) ) ;
#1067 = LINE ( 'NONE', #4160, #1097 ) ;
#1068 = CARTESIAN_POINT ( 'NONE',  ( -10.54275835051819143, 231.2957310977403154, -168.0270773957205961 ) ) ;
#1069 = CARTESIAN_POINT ( 'NONE',  ( -489.3600889962813767, 116.3640146829582136, -49.57770491778150301 ) ) ;
#1070 = CARTESIAN_POINT ( 'NONE',  ( 11.66305169359819516, 124.3105590023494500, -42.64781326403601724 ) ) ;
#1071 = CARTESIAN_POINT ( 'NONE',  ( -12.90425006849366341, 136.2826295455864738, -59.20035495398844461 ) ) ;
#1072 = FACE_OUTER_BOUND ( 'NONE', #974, .T. ) ;
#1073 = FACE_OUTER_BOUND ( 'NONE', #4583, .T. ) ;
#1074 = CARTESIAN_POINT ( 'NONE',  ( 10.50609801362666573, 137.8649722009708398, -53.75754140783435275 ) ) ;
#1075 = CARTESIAN_POINT ( 'NONE',  ( -483.9174138718768745, 135.3634955117448442, -46.45881645012372019 ) ) ;
#1076 = CARTESIAN_POINT ( 'NONE',  ( -7.262756154068522818, 136.7134471155151232, -48.50474683603004422 ) ) ;
#1077 = ORIENTED_EDGE ( 'NONE', *, *, #4750, .T. ) ;
#1078 = AXIS2_PLACEMENT_3D ( 'NONE', #2566, #922, #2988 ) ;
#1079 = CARTESIAN_POINT ( 'NONE',  ( 10.97409449285435912, 353.5880001432838640, -281.4050433850160289 ) ) ;
#1080 = CARTESIAN_POINT ( 'NONE',  ( -471.3456393475377695, 248.3767239589176370, -159.3863564992338695 ) ) ;
#1081 = EDGE_LOOP ( 'NONE', ( #4722, #4823 ) ) ;
#1082 = FACE_OUTER_BOUND ( 'NONE', #3090, .T. ) ;
#1083 = CIRCLE ( 'NONE', #1904, 0.5000000000000085487 ) ;
#1084 = ORIENTED_EDGE ( 'NONE', *, *, #1540, .F. ) ;
#1085 = CARTESIAN_POINT ( 'NONE',  ( -12.32522826105327773, 121.4019542840432990, -43.75178604412549532 ) ) ;
#1086 = CARTESIAN_POINT ( 'NONE',  ( 12.01974514652971493, 123.5626569401025279, -42.82449494018239022 ) ) ;
#1087 =( BOUNDED_CURVE ( )  B_SPLINE_CURVE ( 3, ( #4164, #4994, #564, #1460 ),
 .UNSPECIFIED., .F., .T. ) 
 B_SPLINE_CURVE_WITH_KNOTS ( ( 4, 4 ),
 ( 4.712388980384697668, 5.497787143782138841 ),
 .UNSPECIFIED. ) 
 CURVE ( )  GEOMETRIC_REPRESENTATION_ITEM ( )  RATIONAL_B_SPLINE_CURVE ( ( 1.000000000000000000, 0.9492530216741920102, 0.9492530216741920102, 1.000000000000000000 ) ) 
 REPRESENTATION_ITEM ( '' )  );
#1088 = CARTESIAN_POINT ( 'NONE',  ( -465.1367703502118616, 350.7562088221578733, -281.4976836079250120 ) ) ;
#1089 = CARTESIAN_POINT ( 'NONE',  ( -468.1265577674525957, 127.5454762773835284, -42.15667415433810561 ) ) ;
#1090 = CARTESIAN_POINT ( 'NONE',  ( -7.332641508372276462, 116.3887965810328211, -57.77206426902808545 ) ) ;
#1091 = CARTESIAN_POINT ( 'NONE',  ( -486.1190776861008658, 116.0187985162246207, -56.28422896060821756 ) ) ;
#1092 = DIRECTION ( 'NONE',  ( 0.000000000000000000, 0.7071067811865475727, 0.7071067811865475727 ) ) ;
#1093 = DIRECTION ( 'NONE',  ( 0.000000000000000000, 0.7071067811865474617, 0.7071067811865474617 ) ) ;
#1094 = CARTESIAN_POINT ( 'NONE',  ( -12.69745197789430513, 227.6864894041567879, -155.0062679849357892 ) ) ;
#1095 = CARTESIAN_POINT ( 'NONE',  ( -488.2962430961524660, 115.7393741064645809, -51.99561212455402881 ) ) ;
#1096 = DIRECTION ( 'NONE',  ( 0.000000000000000000, 0.000000000000000000, -1.000000000000000000 ) ) ;
#1097 = VECTOR ( 'NONE', #2260, 1000.000000000000000 ) ;
#1098 = CARTESIAN_POINT ( 'NONE',  ( -470.9249544929213016, 135.8351660788245283, -47.07174371878285513 ) ) ;
#1099 = DIRECTION ( 'NONE',  ( -1.000000000000000000, 0.000000000000000000, 0.000000000000000000 ) ) ;
#1100 = DIRECTION ( 'NONE',  ( 0.000000000000000000, 0.000000000000000000, -1.000000000000000000 ) ) ;
#1101 = CARTESIAN_POINT ( 'NONE',  ( 11.78310293392922681, 137.5504177714510092, -57.54531755592348219 ) ) ;
#1102 = EDGE_CURVE ( 'NONE', #245, #3753, #2994, .T. ) ;
#1103 = CARTESIAN_POINT ( 'NONE',  ( -483.7546033274241495, 135.2520781637940104, -46.32424787138491240 ) ) ;
#1104 = ORIENTED_EDGE ( 'NONE', *, *, #2416, .F. ) ;
#1105 = CARTESIAN_POINT ( 'NONE',  ( -10.11875922815088735, 137.8774073211934876, -53.08844348273123614 ) ) ;
#1106 = ORIENTED_EDGE ( 'NONE', *, *, #5194, .T. ) ;
#1107 = DIRECTION ( 'NONE',  ( 1.000000000000000000, 0.000000000000000000, 0.000000000000000000 ) ) ;
#1108 = CARTESIAN_POINT ( 'NONE',  ( -468.7168857402946855, 124.9714015414841697, -64.66302579865705980 ) ) ;
#1109 = EDGE_CURVE ( 'NONE', #4653, #3785, #4714, .T. ) ;
#1110 = CARTESIAN_POINT ( 'NONE',  ( -11.75887773691773752, 115.9790501605899351, -50.82550592745633367 ) ) ;
#1111 = ORIENTED_EDGE ( 'NONE', *, *, #711, .T. ) ;
#1112 = CARTESIAN_POINT ( 'NONE',  ( -13.19280378043950286, 118.5939723512413764, -45.96143275653578542 ) ) ;
#1113 = CARTESIAN_POINT ( 'NONE',  ( 11.34115640713171480, 124.1053923801767809, -42.67681228196086352 ) ) ;
#1114 = CARTESIAN_POINT ( 'NONE',  ( -465.1502214529716071, 350.5832399184076280, -281.4055006351790098 ) ) ;
#1115 = FACE_OUTER_BOUND ( 'NONE', #4672, .T. ) ;
#1116 = CARTESIAN_POINT ( 'NONE',  ( -6.500278710976194141, 117.5818384259354872, -59.72922595793310307 ) ) ;
#1117 = CARTESIAN_POINT ( 'NONE',  ( -489.4850201150065914, 123.6453342921997915, -42.82024963346616175 ) ) ;
#1118 = AXIS2_PLACEMENT_3D ( 'NONE', #5078, #1484, #3903 ) ;
#1119 = DIRECTION ( 'NONE',  ( 0.000000000000000000, 0.000000000000000000, -1.000000000000000000 ) ) ;
#1120 = AXIS2_PLACEMENT_3D ( 'NONE', #1445, #4235, #3045 ) ;
#1121 = CARTESIAN_POINT ( 'NONE',  ( 11.01684412304819283, 125.5708596272081508, -42.43906220150652331 ) ) ;
#1122 = CARTESIAN_POINT ( 'NONE',  ( -12.34296336989596909, 227.0904222818944049, -158.0576025042734898 ) ) ;
#1123 = CARTESIAN_POINT ( 'NONE',  ( -490.1355677771211958, 117.5928877877665713, -46.37539771930786259 ) ) ;
#1124 = CARTESIAN_POINT ( 'NONE',  ( -484.2850773206325243, 116.9345133750150154, -58.84758962402415960 ) ) ;
#1125 = CARTESIAN_POINT ( 'NONE',  ( -486.9087067219572305, 125.9858592109643922, -64.81761438472332770 ) ) ;
#1126 = CARTESIAN_POINT ( 'NONE',  ( -483.9478952950012740, 133.1986123890740714, -44.42676138303804834 ) ) ;
#1127 = CARTESIAN_POINT ( 'NONE',  ( -9.585677682368212160, 127.1959117239442065, -42.12989329113268866 ) ) ;
#1128 = CARTESIAN_POINT ( 'NONE',  ( -488.4723787245546305, 354.7841324065258277, -280.1257885464600577 ) ) ;
#1129 = CIRCLE ( 'NONE', #361, 11.09999999999999787 ) ;
#1130 = VERTEX_POINT ( 'NONE', #3839 ) ;
#1131 = CIRCLE ( 'NONE', #5158, 11.09999999999999787 ) ;
#1132 = CARTESIAN_POINT ( 'NONE',  ( 10.95861652900487115, 354.7837645039833205, -280.1267586656800290 ) ) ;
#1133 = CARTESIAN_POINT ( 'NONE',  ( -464.8723022897220858, 242.8793283821133571, -167.7947059872306568 ) ) ;
#1134 = CARTESIAN_POINT ( 'NONE',  ( -12.80931008182204600, 117.0436688552423021, -48.10479660349422915 ) ) ;
#1135 = ORIENTED_EDGE ( 'NONE', *, *, #3540, .F. ) ;
#1136 = CARTESIAN_POINT ( 'NONE',  ( -11.32790631035052620, 124.9831792367511554, -42.51690775518615339 ) ) ;
#1137 = EDGE_CURVE ( 'NONE', #2979, #3590, #1778, .T. ) ;
#1138 = CARTESIAN_POINT ( 'NONE',  ( 12.87402444239269528, 121.1575327740918482, -43.89054100933779523 ) ) ;
#1139 = CARTESIAN_POINT ( 'NONE',  ( -369.0922646857563336, 279.4381264621650303, -132.3866278022573510 ) ) ;
#1140 = CARTESIAN_POINT ( 'NONE',  ( -6.395390524516670006, 120.1952709556919388, -62.42940401987330290 ) ) ;
#1141 = CARTESIAN_POINT ( 'NONE',  ( -484.1007160638224605, 117.6968249032783689, -59.89327065897462177 ) ) ;
#1142 = CARTESIAN_POINT ( 'NONE',  ( -6.446359283983102095, 135.4927553137170833, -46.62032315666498761 ) ) ;
#1143 = FACE_OUTER_BOUND ( 'NONE', #3936, .T. ) ;
#1144 = CARTESIAN_POINT ( 'NONE',  ( -10.38832150216992289, 228.5420843159743640, -165.5898812627321490 ) ) ;
#1145 = CARTESIAN_POINT ( 'NONE',  ( -490.6210689238087070, 120.1749795486041563, -44.51195762937534539 ) ) ;
#1146 = DIRECTION ( 'NONE',  ( 0.000000000000000000, 1.000000000000000000, 0.000000000000000000 ) ) ;
#1147 = CARTESIAN_POINT ( 'NONE',  ( -464.9681684515544475, 133.0649907436781234, -62.62466049181496430 ) ) ;
#1148 = CARTESIAN_POINT ( 'NONE',  ( -486.3482950878816382, 115.5824865023129462, -55.20698833742302014 ) ) ;
#1149 = CARTESIAN_POINT ( 'NONE',  ( -368.7569344443975297, 262.7170908612152402, -117.7121223185244929 ) ) ;
#1150 = CARTESIAN_POINT ( 'NONE',  ( -486.0137761266259986, 123.7907935323895998, -64.19512398992242197 ) ) ;
#1151 = CARTESIAN_POINT ( 'NONE',  ( -484.4434508532856398, 136.5733897082677402, -48.22942168529653628 ) ) ;
#1152 = CARTESIAN_POINT ( 'NONE',  ( -9.709728255590261981, 127.2529152057456088, -42.38875288009928965 ) ) ;
#1153 = LINE ( 'NONE', #5029, #2868 ) ;
#1154 = CARTESIAN_POINT ( 'NONE',  ( -470.6367582931562197, 121.6303516126765061, -63.45834212033737742 ) ) ;
#1155 = CARTESIAN_POINT ( 'NONE',  ( -11.10845265001139204, 125.4178864347389180, -42.43842578411400979 ) ) ;
#1156 = EDGE_LOOP ( 'NONE', ( #480, #1006, #1222, #5089 ) ) ;
#1157 = CARTESIAN_POINT ( 'NONE',  ( -12.51118537564162558, 117.1517301421358752, -47.00194719023788537 ) ) ;
#1158 = AXIS2_PLACEMENT_3D ( 'NONE', #5017, #1762, #3367 ) ;
#1159 = ADVANCED_FACE ( 'NONE', ( #4646 ), #368, .F. ) ;
#1160 = CARTESIAN_POINT ( 'NONE',  ( 13.06596326701897226, 117.7194477311825551, -47.03150548267453246 ) ) ;
#1161 = AXIS2_PLACEMENT_3D ( 'NONE', #1686, #2917, #4187 ) ;
#1162 = EDGE_CURVE ( 'NONE', #2982, #1130, #1604, .T. ) ;
#1163 = CARTESIAN_POINT ( 'NONE',  ( -369.0645993981032689, 263.7446927800907588, -116.6845203996489602 ) ) ;
#1164 = CARTESIAN_POINT ( 'NONE',  ( -6.477886458206302045, 120.0120849371957803, -62.29197800960568543 ) ) ;
#1165 = CARTESIAN_POINT ( 'NONE',  ( -485.5382813940704523, 116.2868382152619660, -57.20216581424060820 ) ) ;
#1166 = CARTESIAN_POINT ( 'NONE',  ( -7.173129044005823296, 136.5922895297981654, -48.31000794799108178 ) ) ;
#1167 = CARTESIAN_POINT ( 'NONE',  ( -12.69536450524561033, 353.9143659962292645, -281.1872060111294331 ) ) ;
#1168 = DIRECTION ( 'NONE',  ( 0.000000000000000000, 0.000000000000000000, 1.000000000000000000 ) ) ;
#1169 = CARTESIAN_POINT ( 'NONE',  ( -109.9989671888423715, 259.7506313615056683, -122.6687202846755156 ) ) ;
#1170 = CARTESIAN_POINT ( 'NONE',  ( 10.79351657246138707, 352.0853531617383396, -275.8010819142765513 ) ) ;
#1171 = CARTESIAN_POINT ( 'NONE',  ( -483.5790686238877925, 118.5414677854417960, -61.03714428025900673 ) ) ;
#1172 = CARTESIAN_POINT ( 'NONE',  ( -470.4738413371325692, 131.5984565548551473, -43.36252711811817306 ) ) ;
#1173 = CARTESIAN_POINT ( 'NONE',  ( -464.9922875190167133, 352.0853531617383396, -275.8010819142765513 ) ) ;
#1174 = CARTESIAN_POINT ( 'NONE',  ( -490.2096977719377264, 134.2570332079598359, -61.67607989878281671 ) ) ;
#1175 = ORIENTED_EDGE ( 'NONE', *, *, #2164, .F. ) ;
#1176 = CARTESIAN_POINT ( 'NONE',  ( -8.109678174386523608, 129.9540824947494855, -42.82539314471942760 ) ) ;
#1177 = CARTESIAN_POINT ( 'NONE',  ( 7.279433409517663378, 116.4332332463464041, -57.86982943357645581 ) ) ;
#1178 = CARTESIAN_POINT ( 'NONE',  ( -475.6318666137356104, 245.9949954844801994, -154.9421312733332456 ) ) ;
#1179 = CARTESIAN_POINT ( 'NONE',  ( -367.4622123222800951, 273.1798688680662508, -136.8219381273070496 ) ) ;
#1180 = ORIENTED_EDGE ( 'NONE', *, *, #4803, .F. ) ;
#1181 = CARTESIAN_POINT ( 'NONE',  ( -12.54916959339664295, 120.1691680571178296, -43.92016291940797856 ) ) ;
#1182 = CARTESIAN_POINT ( 'NONE',  ( -467.2103116960587954, 229.0071049415203390, -166.2230203662260521 ) ) ;
#1183 = CARTESIAN_POINT ( 'NONE',  ( 12.43603525449765534, 116.9404868123549051, -47.33954351405142802 ) ) ;
#1184 = CARTESIAN_POINT ( 'NONE',  ( -464.9922875190165996, 352.0853531617383965, -281.8010819142765513 ) ) ;
#1185 = CARTESIAN_POINT ( 'NONE',  ( -370.6361222750782076, 272.0189627325638071, -114.4610075896953276 ) ) ;
#1186 = CARTESIAN_POINT ( 'NONE',  ( -460.8138688887958097, 126.7631832112599852, -56.47891196379821110 ) ) ;
#1187 = CARTESIAN_POINT ( 'NONE',  ( -460.8138688887958097, 126.7631832112599852, -53.47891196379821110 ) ) ;
#1188 = CARTESIAN_POINT ( 'NONE',  ( 9.485123099550810011, 137.7927419749182434, -52.06128653498107184 ) ) ;
#1189 = AXIS2_PLACEMENT_3D ( 'NONE', #4706, #312, #1119 ) ;
#1190 = CARTESIAN_POINT ( 'NONE',  ( -466.7474021613181208, 355.0853861815951973, -278.6064386637061716 ) ) ;
#1191 = CARTESIAN_POINT ( 'NONE',  ( -109.0936243938034664, 277.3872594845171307, -134.4374947799052222 ) ) ;
#1192 = LINE ( 'NONE', #290, #4949 ) ;
#1193 = CARTESIAN_POINT ( 'NONE',  ( -489.8339332581117560, 116.6828018198543475, -47.79257808929700957 ) ) ;
#1194 =( GEOMETRIC_REPRESENTATION_CONTEXT ( 3 ) GLOBAL_UNCERTAINTY_ASSIGNED_CONTEXT ( ( #2579 ) ) GLOBAL_UNIT_ASSIGNED_CONTEXT ( ( #4887, #3427, #2209 ) ) REPRESENTATION_CONTEXT ( 'NONE', 'WORKASPACE' ) );
#1195 = CARTESIAN_POINT ( 'NONE',  ( -470.8308391352197191, 132.9341804539124325, -44.24454567296331930 ) ) ;
#1196 = CARTESIAN_POINT ( 'NONE',  ( -465.1732925504286413, 354.0665826778518976, -276.5396293452367331 ) ) ;
#1197 = CARTESIAN_POINT ( 'NONE',  ( -490.1896487416500463, 133.9754418062197772, -61.92523083815331830 ) ) ;
#1198 = CARTESIAN_POINT ( 'NONE',  ( -6.287729010186585477, 134.7230259612458667, -45.73245461638358478 ) ) ;
#1199 = CARTESIAN_POINT ( 'NONE',  ( -465.2865469975492374, 131.7843737920353249, -63.38599280939606473 ) ) ;
#1200 = CARTESIAN_POINT ( 'NONE',  ( 10.59036032576029740, 115.3983119761248162, -52.07366137711562715 ) ) ;
#1201 = CARTESIAN_POINT ( 'NONE',  ( -106.7035683911865647, 273.4713776507247189, -114.7499108794851566 ) ) ;
#1202 = CARTESIAN_POINT ( 'NONE',  ( 12.52158136977907965, 352.0853531617383965, -275.8010819142765513 ) ) ;
#1203 = ORIENTED_EDGE ( 'NONE', *, *, #478, .F. ) ;
#1204 = AXIS2_PLACEMENT_3D ( 'NONE', #2212, #5105, #1510 ) ;
#1205 = CARTESIAN_POINT ( 'NONE',  ( -467.2381408201301269, 229.3930182466083920, -166.6634062788735093 ) ) ;
#1206 = ADVANCED_FACE ( 'NONE', ( #4760, #1552 ), #2385, .T. ) ;
#1207 = CARTESIAN_POINT ( 'NONE',  ( -460.8138688887958097, 126.7631832112599852, -53.47891196379821110 ) ) ;
#1208 = CARTESIAN_POINT ( 'NONE',  ( -465.2841138869156339, 121.7340787134556166, -43.57575525593122023 ) ) ;
#1209 = FACE_OUTER_BOUND ( 'NONE', #991, .T. ) ;
#1210 = CARTESIAN_POINT ( 'NONE',  ( 10.17262520333027709, 127.3785351169800464, -64.88126739263159948 ) ) ;
#1211 = CARTESIAN_POINT ( 'NONE',  ( 10.94708566861766208, 137.7175533099117501, -55.31192824919195772 ) ) ;
#1212 = CARTESIAN_POINT ( 'NONE',  ( -471.0899879450229832, 119.8226597497688601, -62.14351437532415190 ) ) ;
#1213 = CARTESIAN_POINT ( 'NONE',  ( -108.7569344443979134, 278.4148614035563014, -133.4098928608660515 ) ) ;
#1214 = CARTESIAN_POINT ( 'NONE',  ( -12.22137359196610440, 137.0204138965965512, -58.82151022912123040 ) ) ;
#1215 = ORIENTED_EDGE ( 'NONE', *, *, #4723, .F. ) ;
#1216 = CARTESIAN_POINT ( 'NONE',  ( -470.2708337248962494, 116.4407767031680976, -57.92518476209763634 ) ) ;
#1217 = CARTESIAN_POINT ( 'NONE',  ( -466.4055648423159823, 128.1088916362875807, -64.51863322813419188 ) ) ;
#1218 = CARTESIAN_POINT ( 'NONE',  ( -470.3506508647114970, 131.6028216219267790, -43.48285452243551674 ) ) ;
#1219 = CARTESIAN_POINT ( 'NONE',  ( 11.97499486548420400, 129.8666680824356945, -64.15912966997770184 ) ) ;
#1220 = ADVANCED_FACE ( 'NONE', ( #4682, #1993 ), #3507, .F. ) ;
#1221 = CARTESIAN_POINT ( 'NONE',  ( -486.1681582202183449, 137.6314606189900189, -51.19420022873941178 ) ) ;
#1222 = ORIENTED_EDGE ( 'NONE', *, *, #3237, .F. ) ;
#1223 = CARTESIAN_POINT ( 'NONE',  ( -6.164447614638864259, 134.4401582467733931, -45.45187910684172294 ) ) ;
#1224 = CARTESIAN_POINT ( 'NONE',  ( -465.2260710266841670, 132.3338516765600446, -63.62037323996116811 ) ) ;
#1225 = CARTESIAN_POINT ( 'NONE',  ( 11.00200535526302481, 124.8109029961839411, -42.55077001879969600 ) ) ;
#1226 = CYLINDRICAL_SURFACE ( 'NONE', #4461, 11.09999999999999787 ) ;
#1227 = CARTESIAN_POINT ( 'NONE',  ( 12.34054399243499134, 349.8266311529507107, -280.7852301601735121 ) ) ;
#1228 = EDGE_LOOP ( 'NONE', ( #272, #2674, #1439, #1771, #428 ) ) ;
#1229 = DIRECTION ( 'NONE',  ( 1.000000000000000000, 0.000000000000000000, 0.000000000000000000 ) ) ;
#1230 = CARTESIAN_POINT ( 'NONE',  ( -368.7569344443979844, 262.7170908612151266, -117.7121223185245356 ) ) ;
#1231 = CARTESIAN_POINT ( 'NONE',  ( -464.8164225212734664, 119.1412989417720212, -45.40715871146335303 ) ) ;
#1232 = CARTESIAN_POINT ( 'NONE',  ( 10.68832291912147880, 349.1808327780882450, -279.5768132299475610 ) ) ;
#1233 = CARTESIAN_POINT ( 'NONE',  ( -370.9062846855583189, 281.3789276106894022, -122.6630278929730622 ) ) ;
#1234 =( GEOMETRIC_REPRESENTATION_CONTEXT ( 3 ) GLOBAL_UNCERTAINTY_ASSIGNED_CONTEXT ( ( #4478 ) ) GLOBAL_UNIT_ASSIGNED_CONTEXT ( ( #2086, #2983, #84 ) ) REPRESENTATION_CONTEXT ( 'NONE', 'WORKASPACE' ) );
#1235 = CARTESIAN_POINT ( 'NONE',  ( -12.56863662109367930, 355.0658177925076870, -279.1946090891672725 ) ) ;
#1236 = CARTESIAN_POINT ( 'NONE',  ( 12.07859805667166953, 131.6545987643120839, -63.94524911383140164 ) ) ;
#1237 = CARTESIAN_POINT ( 'NONE',  ( -466.6663431770160173, 355.0664392387175781, -279.1904898474741117 ) ) ;
#1238 = CARTESIAN_POINT ( 'NONE',  ( -488.8550252959850013, 124.1053923802372481, -42.67681228200780197 ) ) ;
#1239 = CARTESIAN_POINT ( 'NONE',  ( -11.41312556272763956, 129.8992561282597364, -64.56044141578718154 ) ) ;
#1240 = ORIENTED_EDGE ( 'NONE', *, *, #1951, .F. ) ;
#1241 = CARTESIAN_POINT ( 'NONE',  ( -465.4073900852145016, 116.3345042836940166, -48.50237100373625765 ) ) ;
#1242 = CARTESIAN_POINT ( 'NONE',  ( -10.68840564704518492, 349.1806503259392116, -279.5761564573668352 ) ) ;
#1243 = CARTESIAN_POINT ( 'NONE',  ( 11.66619214025130979, 129.2061614126219524, -64.32766765424318578 ) ) ;
#1244 =( BOUNDED_CURVE ( )  B_SPLINE_CURVE ( 3, ( #1625, #3222, #4825, #1230 ),
 .UNSPECIFIED., .F., .F. ) 
 B_SPLINE_CURVE_WITH_KNOTS ( ( 4, 4 ),
 ( 0.7853981633974521648, 1.570796326794878350 ),
 .UNSPECIFIED. ) 
 CURVE ( )  GEOMETRIC_REPRESENTATION_ITEM ( )  RATIONAL_B_SPLINE_CURVE ( ( 1.000000000000000000, 0.9492530216741938975, 0.9492530216741938975, 1.000000000000000000 ) ) 
 REPRESENTATION_ITEM ( '' )  );
#1245 = CARTESIAN_POINT ( 'NONE',  ( -485.5679732609255552, 137.3721390093642754, -50.19426514805545025 ) ) ;
#1246 = EDGE_LOOP ( 'NONE', ( #1268, #1591, #249, #1933 ) ) ;
#1247 = CARTESIAN_POINT ( 'NONE',  ( 8.431604883544357776, 137.7920996758791716, -51.07113081171541324 ) ) ;
#1248 = EDGE_CURVE ( 'NONE', #3753, #911, #2681, .T. ) ;
#1249 = ADVANCED_FACE ( 'NONE', ( #3899 ), #5124, .T. ) ;
#1250 = CARTESIAN_POINT ( 'NONE',  ( 6.065199735091902689, 118.5414677854417675, -61.03714428025899963 ) ) ;
#1251 = CARTESIAN_POINT ( 'NONE',  ( -476.0277957949262486, 241.7514137137436876, -150.6263504058652529 ) ) ;
#1252 = CARTESIAN_POINT ( 'NONE',  ( -12.70380369517469532, 135.1416137383392879, -61.51172838886017047 ) ) ;
#1253 = CARTESIAN_POINT ( 'NONE',  ( 12.34536535274603075, 350.2564998319024880, -281.1873275210564884 ) ) ;
#1254 = ORIENTED_EDGE ( 'NONE', *, *, #641, .T. ) ;
#1255 = CARTESIAN_POINT ( 'NONE',  ( -465.5061208864551077, 227.0137880855160404, -159.5917191731526259 ) ) ;
#1256 = EDGE_CURVE ( 'NONE', #609, #2279, #2354, .T. ) ;
#1257 = CARTESIAN_POINT ( 'NONE',  ( 0.000000000000000000, 262.9898987322330299, -189.7056274847716963 ) ) ;
#1258 = CARTESIAN_POINT ( 'NONE',  ( -465.2573256869150100, 116.5655157310390564, -48.01726594191552522 ) ) ;
#1259 = CARTESIAN_POINT ( 'NONE',  ( 10.62605699479842514, 350.7612421258657491, -281.5001354783846068 ) ) ;
#1260 = CARTESIAN_POINT ( 'NONE',  ( -370.6361222751171454, 281.6659761323857083, -124.1080209894977173 ) ) ;
#1261 = CARTESIAN_POINT ( 'NONE',  ( -490.1913742355586692, 349.4809655553230527, -277.2992465025469642 ) ) ;
#1262 = CARTESIAN_POINT ( 'NONE',  ( 9.343913249023451328, 125.1209444306985148, -64.47779156035483084 ) ) ;
#1263 = B_SPLINE_CURVE_WITH_KNOTS ( 'NONE', 3,
 ( #2648, #2166, #4206, #1806, #5067, #605, #2933, #3813, #3919, #4702, #1548, #3601, #3123, #3894, #1473, #1499, #3068, #4361, #5093, #689, #2307, #3970, #4677, #2779, #305, #1114, #1088, #2677, #3550, #336, #2284, #1184 ),
 .UNSPECIFIED., .F., .F.,
 ( 4, 2, 2, 2, 2, 2, 2, 2, 2, 2, 2, 2, 2, 2, 2, 4 ),
 ( 0.009413473600668314026, 0.01058991109180943899, 0.01117812983738010989, 0.01176634858295078079, 0.01235456732852145169, 0.01294278607409212259, 0.01353100481966279522, 0.01411922356523346613, 0.01470744231080413703, 0.01529566105637480793, 0.01588387980194547883, 0.01647209854751615146, 0.01706031729308682410, 0.01764853603865749326, 0.01823675478422816243, 0.01882497352979883506 ),
 .UNSPECIFIED. ) ;
#1264 = FACE_BOUND ( 'NONE', #4554, .T. ) ;
#1265 = CARTESIAN_POINT ( 'NONE',  ( -468.8293220800337622, 115.9722938905363634, -56.16204976957705242 ) ) ;
#1266 = CARTESIAN_POINT ( 'NONE',  ( -109.9456509784889846, 259.7381969428050184, -122.6722885509318104 ) ) ;
#1267 = CARTESIAN_POINT ( 'NONE',  ( -12.40974538830664464, 136.6504710548692572, -59.50951786985218916 ) ) ;
#1268 = ORIENTED_EDGE ( 'NONE', *, *, #2464, .F. ) ;
#1269 = CARTESIAN_POINT ( 'NONE',  ( -10.99999453566466379, 349.8248059113627164, -276.8190168125692026 ) ) ;
#1270 = CARTESIAN_POINT ( 'NONE',  ( 12.49805297312893337, 355.0852795766836607, -278.6046754960576095 ) ) ;
#1271 = TOROIDAL_SURFACE ( 'NONE', #3623, 20.00000000000000711, 12.69999999999999929 ) ;
#1272 = CARTESIAN_POINT ( 'NONE',  ( -490.0861863485114895, 136.1583620085684174, -60.27481823204443856 ) ) ;
#1273 = ORIENTED_EDGE ( 'NONE', *, *, #3603, .F. ) ;
#1274 = VECTOR ( 'NONE', #4427, 1000.000000000000114 ) ;
#1275 = CARTESIAN_POINT ( 'NONE',  ( 11.10913062106057936, 115.5615949205597275, -50.99430769673955410 ) ) ;
#1276 = CARTESIAN_POINT ( 'NONE',  ( 0.000000000000000000, 65.00000000000000000, 0.000000000000000000 ) ) ;
#1277 = CARTESIAN_POINT ( 'NONE',  ( -12.62507754785248792, 135.9153320322968170, -60.60627552884850644 ) ) ;
#1278 = CARTESIAN_POINT ( 'NONE',  ( -490.5566106492043446, 133.0911518151440589, -62.60616203048617479 ) ) ;
#1279 = VERTEX_POINT ( 'NONE', #1916 ) ;
#1280 = CARTESIAN_POINT ( 'NONE',  ( -477.5138688887957983, 65.00000000000000000, 0.000000000000000000 ) ) ;
#1281 = CARTESIAN_POINT ( 'NONE',  ( -464.7747846155093043, 116.9158600766612750, -48.34189200646117968 ) ) ;
#1282 = DIRECTION ( 'NONE',  ( -0.000000000000000000, -0.7071067811865475727, 0.7071067811865475727 ) ) ;
#1283 = EDGE_CURVE ( 'NONE', #1465, #2729, #2240, .T. ) ;
#1284 = AXIS2_PLACEMENT_3D ( 'NONE', #4184, #3788, #3365 ) ;
#1285 = CARTESIAN_POINT ( 'NONE',  ( -12.36392090248312847, 354.6918033113578304, -277.3026446744914892 ) ) ;
#1286 = DIRECTION ( 'NONE',  ( 0.000000000000000000, 0.000000000000000000, -1.000000000000000000 ) ) ;
#1287 = CARTESIAN_POINT ( 'NONE',  ( -465.9195551098025589, 115.9009123974528706, -51.16787182187165683 ) ) ;
#1288 = CARTESIAN_POINT ( 'NONE',  ( -368.7569344443979844, 278.4148614035565288, -133.4098928608658525 ) ) ;
#1289 = CARTESIAN_POINT ( 'NONE',  ( -11.84014121371106931, 130.9804753057623259, -64.21305909132115630 ) ) ;
#1290 = ORIENTED_EDGE ( 'NONE', *, *, #1109, .T. ) ;
#1291 = CARTESIAN_POINT ( 'NONE',  ( -10.73903183127371186, 351.6940237358219861, -281.7819166164254625 ) ) ;
#1292 = CARTESIAN_POINT ( 'NONE',  ( 6.588135696166659727, 135.8318576616968869, -47.06787246217237453 ) ) ;
#1293 = CARTESIAN_POINT ( 'NONE',  ( -489.2004601978695177, 129.2458159952636265, -64.32123214221570606 ) ) ;
#1294 = ORIENTED_EDGE ( 'NONE', *, *, #2164, .T. ) ;
#1295 = CARTESIAN_POINT ( 'NONE',  ( 6.718085220967730642, 132.2433130003197164, -43.71467028512901720 ) ) ;
#1296 = AXIS2_PLACEMENT_3D ( 'NONE', #4048, #446, #4072 ) ;
#1297 = FACE_OUTER_BOUND ( 'NONE', #1377, .T. ) ;
#1298 = CARTESIAN_POINT ( 'NONE',  ( -9.724552605480944578, 126.2994743576117855, -64.57019327533144804 ) ) ;
#1299 = CARTESIAN_POINT ( 'NONE',  ( -484.0371423725658246, 133.3746985181937816, -44.56092375679386919 ) ) ;
#1300 = VERTEX_POINT ( 'NONE', #3459 ) ;
#1301 = CARTESIAN_POINT ( 'NONE',  ( -466.9038884998827825, 350.5842587472278638, -281.4060633873662596 ) ) ;
#1302 = CARTESIAN_POINT ( 'NONE',  ( -465.9423178206092189, 116.1303098459812730, -50.26846554502766651 ) ) ;
#1303 = CARTESIAN_POINT ( 'NONE',  ( -466.6112590149659241, 124.7134940500941980, -42.20591478803834207 ) ) ;
#1304 = EDGE_LOOP ( 'NONE', ( #1783, #2372 ) ) ;
#1305 = EDGE_CURVE ( 'NONE', #2470, #3572, #1852, .T. ) ;
#1306 = EDGE_CURVE ( 'NONE', #442, #2481, #257, .T. ) ;
#1307 = CARTESIAN_POINT ( 'NONE',  ( 7.223373246086747912, 122.2701218798791700, -63.76182596780608236 ) ) ;
#1308 = CARTESIAN_POINT ( 'NONE',  ( 12.12623675000816270, 131.4611095780504115, -63.54331568717731926 ) ) ;
#1309 = CARTESIAN_POINT ( 'NONE',  ( -464.8938636390498687, 121.9955023526981535, -43.44788353026230254 ) ) ;
#1310 = CARTESIAN_POINT ( 'NONE',  ( -465.1041235004913688, 136.6504710548745720, -59.50951786984319369 ) ) ;
#1311 = CARTESIAN_POINT ( 'NONE',  ( -6.580975162215029428, 132.5457629043579857, -43.89838041696684456 ) ) ;
#1312 = ORIENTED_EDGE ( 'NONE', *, *, #4309, .F. ) ;
#1313 = B_SPLINE_CURVE_WITH_KNOTS ( 'NONE', 3,
 ( #224, #4898, #2591, #2905, #4510, #3752, #1802, #134, #3808, #3413, #1412, #3014, #4978, #2111, #2957, #4921, #1749, #4558, #2560, #573, #2160, #3383, #2699, #2249, #3862, #4283, #4331, #3089, #1469, #685, #1110, #3914, #1440, #5114, #2278, #1134, #300, #4727, #3890, #4306, #2728, #3141, #248, #1544, #5088, #3965, #2673, #3545, #2327, #4751, #712, #1155, #3940, #4356 ),
 .UNSPECIFIED., .F., .F.,
 ( 4, 2, 2, 2, 2, 2, 2, 2, 2, 2, 2, 2, 2, 2, 2, 2, 2, 2, 2, 2, 2, 2, 2, 2, 2, 2, 4 ),
 ( 0.0005366272934450909502, 0.002880341642798251063, 0.005224055992151411393, 0.007567770341504571723, 0.008153698928842859420, 0.008739627516181146250, 0.009911484690857732052, 0.01049741327819601715, 0.01108334186553430398, 0.01225519904021089498, 0.01459891338956407526, 0.01694262773891725901, 0.01811448491359385002, 0.01928634208827044103, 0.02163005643762360916, 0.02280191361230020711, 0.02397377078697680505, 0.02514562796165339953, 0.02631748513632999747, 0.02866119948568322459, 0.02924712807302149928, 0.02983305666035977050, 0.03100491383503631987, 0.03217677100971286230, 0.03334862818438941168, 0.03569234253374255206, 0.03803605688309565774 ),
 .UNSPECIFIED. ) ;
#1314 = CARTESIAN_POINT ( 'NONE',  ( -10.82092507682229332, 351.8881303977077550, -275.8010819142764944 ) ) ;
#1315 = CARTESIAN_POINT ( 'NONE',  ( 12.63110681432821814, 354.9336436942750765, -279.7633822099437566 ) ) ;
#1316 = DIRECTION ( 'NONE',  ( -0.000000000000000000, -1.000000000000000000, -1.224646799147353207E-16 ) ) ;
#1317 = CARTESIAN_POINT ( 'NONE',  ( -485.8285673613179370, 115.7701953425382442, -56.08491927605905403 ) ) ;
#1318 = VECTOR ( 'NONE', #3901, 1000.000000000000000 ) ;
#1319 = ORIENTED_EDGE ( 'NONE', *, *, #544, .T. ) ;
#1320 = CARTESIAN_POINT ( 'NONE',  ( 8.318351435451701192, 129.6076765961401804, -42.72764565521385549 ) ) ;
#1321 = PLANE ( 'NONE',  #659 ) ;
#1322 = CARTESIAN_POINT ( 'NONE',  ( -11.48825789236285111, 129.7538087147437409, -64.19353798192300076 ) ) ;
#1323 = CARTESIAN_POINT ( 'NONE',  ( -485.7389243881934249, 137.3325243432184664, -50.07283371990713050 ) ) ;
#1324 = ORIENTED_EDGE ( 'NONE', *, *, #2335, .T. ) ;
#1325 = CARTESIAN_POINT ( 'NONE',  ( -466.9253756212643225, 350.2548777111088611, -281.1861547729243398 ) ) ;
#1326 = CARTESIAN_POINT ( 'NONE',  ( -471.3295928152022611, 117.9757573881585415, -60.37957092766875178 ) ) ;
#1327 = CARTESIAN_POINT ( 'NONE',  ( 10.99473874935587148, 350.2546290283801795, -276.4161994803495190 ) ) ;
#1328 = CARTESIAN_POINT ( 'NONE',  ( 12.08709482144245229, 131.6799457288813358, -63.93434061678192393 ) ) ;
#1329 = VERTEX_POINT ( 'NONE', #5050 ) ;
#1330 = CARTESIAN_POINT ( 'NONE',  ( -12.67255990854002690, 242.5167935719639445, -167.9487625645485878 ) ) ;
#1331 = EDGE_CURVE ( 'NONE', #4500, #628, #806, .T. ) ;
#1332 = CARTESIAN_POINT ( 'NONE',  ( 9.052607062223565038, 115.7754991204479609, -55.09706798189479571 ) ) ;
#1333 = CARTESIAN_POINT ( 'NONE',  ( 12.67322114929723753, 134.2963541379624246, -62.30584620763141146 ) ) ;
#1334 = CARTESIAN_POINT ( 'NONE',  ( -464.8677568068648611, 134.0474022421157940, -62.50943098991709945 ) ) ;
#1335 = CARTESIAN_POINT ( 'NONE',  ( -489.4779239606853025, 131.3208045264281623, -64.08428301580799769 ) ) ;
#1336 = VERTEX_POINT ( 'NONE', #2422 ) ;
#1337 = CARTESIAN_POINT ( 'NONE',  ( -464.7682425085727118, 136.5991036254683308, -58.63751417165997282 ) ) ;
#1338 = CARTESIAN_POINT ( 'NONE',  ( -10.62566086191756831, 353.4134970583564836, -276.1039699652356489 ) ) ;
#1339 = CARTESIAN_POINT ( 'NONE',  ( -489.4824013135092287, 122.1928015355455130, -42.87867521320783482 ) ) ;
#1340 = CARTESIAN_POINT ( 'NONE',  ( 7.112530337223057941, 132.0432868628464007, -43.70910261407719588 ) ) ;
#1341 = CARTESIAN_POINT ( 'NONE',  ( -9.108138972805237543, 233.6999105211297376, -147.8581664450946391 ) ) ;
#1342 = CARTESIAN_POINT ( 'NONE',  ( -483.7974083266039997, 117.7082728448254727, -60.03271585304128166 ) ) ;
#1343 = CARTESIAN_POINT ( 'NONE',  ( 11.33240159599008834, 124.9690592448079371, -42.52486617272163727 ) ) ;
#1344 = CARTESIAN_POINT ( 'NONE',  ( -467.1636790919286568, 230.2981923902426047, -167.4221592177542277 ) ) ;
#1345 = CARTESIAN_POINT ( 'NONE',  ( 6.929581964487620205, 136.5733897082683086, -48.22942168531482565 ) ) ;
#1346 = PLANE ( 'NONE',  #2572 ) ;
#1347 = VECTOR ( 'NONE', #1610, 1000.000000000000114 ) ;
#1348 = CARTESIAN_POINT ( 'NONE',  ( -12.32129178013370030, 132.1101539347174878, -63.21386340923433522 ) ) ;
#1349 = CARTESIAN_POINT ( 'NONE',  ( -484.5024593835430551, 136.4007541948476501, -47.96085145667893102 ) ) ;
#1350 = ORIENTED_EDGE ( 'NONE', *, *, #4282, .F. ) ;
#1351 = AXIS2_PLACEMENT_3D ( 'NONE', #4076, #3678, #4902 ) ;
#1352 = DIRECTION ( 'NONE',  ( 1.000000000000000000, 0.000000000000000000, 0.000000000000000000 ) ) ;
#1353 = CARTESIAN_POINT ( 'NONE',  ( -470.8812020137903005, 117.3706799776932428, -59.40617102534091742 ) ) ;
#1354 = CARTESIAN_POINT ( 'NONE',  ( -368.1391180984876996, 276.1474763620075805, -135.2687069519859051 ) ) ;
#1355 = CARTESIAN_POINT ( 'NONE',  ( 12.70118022513797840, 135.2214366004326109, -61.42750998676923757 ) ) ;
#1356 = ORIENTED_EDGE ( 'NONE', *, *, #3373, .T. ) ;
#1357 = CARTESIAN_POINT ( 'NONE',  ( -9.660668833574707293, 248.0445096473104627, -163.0550104370402380 ) ) ;
#1358 = CARTESIAN_POINT ( 'NONE',  ( 6.160407316785083687, 118.0865838072156890, -60.50846382270484014 ) ) ;
#1359 = CARTESIAN_POINT ( 'NONE',  ( -490.0591014561005636, 352.2827867579428585, -281.8010819142766650 ) ) ;
#1360 = DIRECTION ( 'NONE',  ( -1.000000000000000000, 0.000000000000000000, 0.000000000000000000 ) ) ;
#1361 = CARTESIAN_POINT ( 'NONE',  ( -487.5321589147780514, 138.1505675790458270, -53.81925567643473585 ) ) ;
#1362 = ORIENTED_EDGE ( 'NONE', *, *, #2408, .F. ) ;
#1363 = CARTESIAN_POINT ( 'NONE',  ( -470.8594045399282777, 135.9510400088969675, -47.23885726488161652 ) ) ;
#1364 = CARTESIAN_POINT ( 'NONE',  ( -10.82067900970765173, 355.0853662712090113, -278.9965335535959525 ) ) ;
#1365 = CARTESIAN_POINT ( 'NONE',  ( -488.4091108137446327, 128.8030921310206622, -64.74743978313841808 ) ) ;
#1366 = AXIS2_PLACEMENT_3D ( 'NONE', #3879, #4298, #293 ) ;
#1367 = CARTESIAN_POINT ( 'NONE',  ( -6.048048155385914448, 118.8725997881926872, -61.38148521856577844 ) ) ;
#1368 = CARTESIAN_POINT ( 'NONE',  ( -12.29201472865179312, 229.2935433259992806, -151.4605535408365142 ) ) ;
#1369 = CARTESIAN_POINT ( 'NONE',  ( -483.7306560266075053, 119.9890480494839409, -62.36666591022271433 ) ) ;
#1370 = CARTESIAN_POINT ( 'NONE',  ( 13.12547647687343577, 117.9892188697903350, -46.66991156857819334 ) ) ;
#1371 = EDGE_CURVE ( 'NONE', #380, #114, #2939, .T. ) ;
#1372 = DIRECTION ( 'NONE',  ( 0.000000000000000000, 0.7071067811865464625, -0.7071067811865486830 ) ) ;
#1373 = CARTESIAN_POINT ( 'NONE',  ( 7.225710783574942120, 131.2519232018159983, -43.19392570579718438 ) ) ;
#1374 = CARTESIAN_POINT ( 'NONE',  ( -16.69999999999999929, 126.7631832112599852, -64.57891196379820542 ) ) ;
#1375 = CARTESIAN_POINT ( 'NONE',  ( -10.60081931166554803, 137.8108520818053648, -54.62134415117852626 ) ) ;
#1376 = CARTESIAN_POINT ( 'NONE',  ( -489.8468647685791666, 137.1303645538328624, -57.46068542557775061 ) ) ;
#1377 = EDGE_LOOP ( 'NONE', ( #1496, #2352, #1744, #1111 ) ) ;
#1378 = CARTESIAN_POINT ( 'NONE',  ( -466.7203523163342993, 352.0853531617383396, -281.8010819142765513 ) ) ;
#1379 = CARTESIAN_POINT ( 'NONE',  ( -470.0557182645809462, 116.5247295021255951, -57.78261916064470682 ) ) ;
#1380 = CARTESIAN_POINT ( 'NONE',  ( -366.1852763577393830, 263.7445075393966363, -134.4373095390475044 ) ) ;
#1381 = ORIENTED_EDGE ( 'NONE', *, *, #3273, .F. ) ;
#1382 = PRODUCT_CONTEXT ( 'NONE', #1912, 'mechanical' ) ;
#1383 = CARTESIAN_POINT ( 'NONE',  ( -9.585677682352581996, 127.1959117239717330, -42.12989329113480608 ) ) ;
#1384 = ORIENTED_EDGE ( 'NONE', *, *, #808, .F. ) ;
#1385 = CARTESIAN_POINT ( 'NONE',  ( -0.9485382519718786876, 244.2372009771777641, -153.0425294470579161 ) ) ;
#1386 = CARTESIAN_POINT ( 'NONE',  ( 6.216787137801241592, 119.9890480494820224, -62.36666591022897421 ) ) ;
#1387 = CARTESIAN_POINT ( 'NONE',  ( -490.0118353629849821, 355.0852963297055567, -278.6039529630305083 ) ) ;
#1388 = DIRECTION ( 'NONE',  ( 0.000000000000000000, 0.000000000000000000, -1.000000000000000000 ) ) ;
#1389 = ORIENTED_EDGE ( 'NONE', *, *, #4490, .T. ) ;
#1390 = CARTESIAN_POINT ( 'NONE',  ( -467.2096941159372818, 138.1428015459908352, -54.35022440980875302 ) ) ;
#1391 = CARTESIAN_POINT ( 'NONE',  ( -16.69999999999999929, 126.7631832112599852, -50.47891196379821110 ) ) ;
#1392 = CARTESIAN_POINT ( 'NONE',  ( -6.159293697164063275, 118.0595068795167180, -60.48282209587721070 ) ) ;
#1393 = CARTESIAN_POINT ( 'NONE',  ( -488.1238580451865232, 349.4802833327405551, -280.3020432810934608 ) ) ;
#1394 = CARTESIAN_POINT ( 'NONE',  ( -490.2891306229655015, 132.0204736170870490, -63.26233881336209919 ) ) ;
#1395 = CARTESIAN_POINT ( 'NONE',  ( -483.8314962032901576, 120.3076586685716052, -62.60534105532398996 ) ) ;
#1396 = CARTESIAN_POINT ( 'NONE',  ( 13.16251750109717378, 118.2206315846502775, -46.38143009647365744 ) ) ;
#1397 = CARTESIAN_POINT ( 'NONE',  ( -13.04915788305958735, 135.8685081112679427, -59.83877256505466136 ) ) ;
#1398 = AXIS2_PLACEMENT_3D ( 'NONE', #2418, #1585, #401 ) ;
#1399 = CARTESIAN_POINT ( 'NONE',  ( 0.000000000000000000, 88.12239174480015436, 3.122391744800075308 ) ) ;
#1400 = AXIS2_PLACEMENT_3D ( 'NONE', #4219, #677, #589 ) ;
#1401 = CARTESIAN_POINT ( 'NONE',  ( 9.535978072712437026, 127.5668072140851734, -42.38629316847674744 ) ) ;
#1402 = CARTESIAN_POINT ( 'NONE',  ( -107.3127721297935153, 281.6659761323857083, -127.0139941898859064 ) ) ;
#1403 = CARTESIAN_POINT ( 'NONE',  ( -11.51239927133632079, 137.7816522727878521, -56.85105330466397788 ) ) ;
#1404 = EDGE_CURVE ( 'NONE', #33, #353, #2875, .T. ) ;
#1405 = CARTESIAN_POINT ( 'NONE',  ( -368.7569344443979844, 278.4148614035565288, -133.4098928608658525 ) ) ;
#1406 = ORIENTED_EDGE ( 'NONE', *, *, #1786, .T. ) ;
#1407 = CARTESIAN_POINT ( 'NONE',  ( -466.5398386659645666, 349.4809362035524032, -277.2992330554774867 ) ) ;
#1408 = CARTESIAN_POINT ( 'NONE',  ( -470.2608021937433023, 116.8584671985972534, -58.50194753087766486 ) ) ;
#1409 = CARTESIAN_POINT ( 'NONE',  ( -368.4202444950015547, 277.3872594845238382, -134.4374947798986000 ) ) ;
#1410 = ORIENTED_EDGE ( 'NONE', *, *, #4337, .T. ) ;
#1411 = CARTESIAN_POINT ( 'NONE',  ( -470.2909971260970110, 235.6878552602479431, -147.6233170448672922 ) ) ;
#1412 = CARTESIAN_POINT ( 'NONE',  ( -6.387334632064425755, 119.6747836625659573, -62.02298906720530169 ) ) ;
#1413 = ORIENTED_EDGE ( 'NONE', *, *, #2050, .T. ) ;
#1414 = CARTESIAN_POINT ( 'NONE',  ( -3.200841463190183145, 239.6825497074420355, -149.0014701046023049 ) ) ;
#1415 = EDGE_CURVE ( 'NONE', #1545, #3326, #1988, .T. ) ;
#1416 = CARTESIAN_POINT ( 'NONE',  ( 8.642048806704346831, 115.9878729239745923, -56.22874947737648910 ) ) ;
#1417 = CARTESIAN_POINT ( 'NONE',  ( -489.8592342415417988, 353.9142064915741344, -276.4148363074965005 ) ) ;
#1418 = CARTESIAN_POINT ( 'NONE',  ( -471.4654462123835401, 134.6961847839552320, -45.61902915689854865 ) ) ;
#1419 = CARTESIAN_POINT ( 'NONE',  ( -488.0713508964852849, 125.4217607154219110, -42.10913344205335562 ) ) ;
#1420 = ORIENTED_EDGE ( 'NONE', *, *, #2851, .F. ) ;
#1421 = CARTESIAN_POINT ( 'NONE',  ( -465.6455969914423463, 137.1705145320329962, -57.40931025787139674 ) ) ;
#1422 = CYLINDRICAL_SURFACE ( 'NONE', #3525, 12.69999999999999929 ) ;
#1423 = CARTESIAN_POINT ( 'NONE',  ( -488.1025505837713467, 350.2584427079345346, -281.1887715361602886 ) ) ;
#1424 = CARTESIAN_POINT ( 'NONE',  ( -11.25519826693191483, 233.8174099203556580, -168.8602794956814819 ) ) ;
#1425 = CARTESIAN_POINT ( 'NONE',  ( -483.8054605612871342, 119.0920992989946825, -61.51119635427800603 ) ) ;
#1426 = CARTESIAN_POINT ( 'NONE',  ( 12.34213600729116678, 116.3749860148898136, -49.50311792203468997 ) ) ;
#1427 = CARTESIAN_POINT ( 'NONE',  ( -467.5508023212949524, 127.3991870591586490, -42.39714770419324452 ) ) ;
#1428 = DIRECTION ( 'NONE',  ( 0.000000000000000000, 0.000000000000000000, -1.000000000000000000 ) ) ;
#1429 = CARTESIAN_POINT ( 'NONE',  ( 12.34543023363414349, 353.9128128137490421, -276.4138239266829373 ) ) ;
#1430 = DIRECTION ( 'NONE',  ( 1.000000000000000000, 0.000000000000000000, 0.000000000000000000 ) ) ;
#1431 = CARTESIAN_POINT ( 'NONE',  ( 10.77525150349999095, 137.7702081123600237, -54.96435071729909083 ) ) ;
#1432 = DIRECTION ( 'NONE',  ( -0.000000000000000000, 0.000000000000000000, -1.000000000000000000 ) ) ;
#1433 = CARTESIAN_POINT ( 'NONE',  ( -8.656418929162130738, 137.6325937536398101, -51.19842122266724260 ) ) ;
#1434 = EDGE_LOOP ( 'NONE', ( #1180, #3705, #4505, #4127 ) ) ;
#1435 = DIRECTION ( 'NONE',  ( 1.000000000000000000, -0.000000000000000000, 0.000000000000000000 ) ) ;
#1436 = VECTOR ( 'NONE', #3040, 1000.000000000000114 ) ;
#1437 = CARTESIAN_POINT ( 'NONE',  ( -468.0688404533426024, 115.6978796635457769, -54.43080339150778002 ) ) ;
#1438 = CARTESIAN_POINT ( 'NONE',  ( -366.3965854886154716, 261.6565489834662799, -132.4156013822517082 ) ) ;
#1439 = ORIENTED_EDGE ( 'NONE', *, *, #4656, .F. ) ;
#1440 = CARTESIAN_POINT ( 'NONE',  ( -12.21588864801894836, 116.2876437155480858, -49.79017915824129403 ) ) ;
#1441 = ORIENTED_EDGE ( 'NONE', *, *, #4106, .F. ) ;
#1442 = CARTESIAN_POINT ( 'NONE',  ( -480.9897851932620938, 234.7056274847712132, -150.8796293463139762 ) ) ;
#1443 = AXIS2_PLACEMENT_3D ( 'NONE', #2750, #1435, #2350 ) ;
#1444 = CARTESIAN_POINT ( 'NONE',  ( 10.30107376486041915, 115.3669322849992653, -52.62383422112991838 ) ) ;
#1445 = CARTESIAN_POINT ( 'NONE',  ( 16.69999999999999929, 0.000000000000000000, 0.000000000000000000 ) ) ;
#1446 = EDGE_CURVE ( 'NONE', #574, #1450, #3662, .T. ) ;
#1447 = CARTESIAN_POINT ( 'NONE',  ( -471.3999588563694942, 135.2425684792891616, -46.21590694714579683 ) ) ;
#1448 = CARTESIAN_POINT ( 'NONE',  ( -9.715496894419548113, 115.3936435194016212, -53.68432618367894804 ) ) ;
#1449 = CARTESIAN_POINT ( 'NONE',  ( -490.1924862834906094, 134.3539804087962466, -62.25724846108187904 ) ) ;
#1450 = VERTEX_POINT ( 'NONE', #48 ) ;
#1451 = CARTESIAN_POINT ( 'NONE',  ( -466.6668304939512382, 138.0519181135290694, -55.41451297082083016 ) ) ;
#1452 = CARTESIAN_POINT ( 'NONE',  ( -10.89767843366262667, 354.9900350330041761, -279.5762169012274398 ) ) ;
#1453 = CARTESIAN_POINT ( 'NONE',  ( -109.4333102080614992, 276.1562119617965436, -135.6685423026258945 ) ) ;
#1454 = CARTESIAN_POINT ( 'NONE',  ( -15.69999999999999929, 126.7631832112599852, -43.37891196379821679 ) ) ;
#1455 = CARTESIAN_POINT ( 'NONE',  ( -489.1582272793791049, 123.4011609612974070, -42.87493734116808497 ) ) ;
#1456 = CARTESIAN_POINT ( 'NONE',  ( 8.801908584933261892, 115.9429426685688611, -55.97567119082579978 ) ) ;
#1457 = CARTESIAN_POINT ( 'NONE',  ( -13.05402966549095645, 133.1477581624389188, -62.56704921759232008 ) ) ;
#1458 = AXIS2_PLACEMENT_3D ( 'NONE', #3461, #267, #1428 ) ;
#1459 = CARTESIAN_POINT ( 'NONE',  ( -493.2138688887957869, 126.7631832112599852, -53.47891196379821110 ) ) ;
#1460 = CARTESIAN_POINT ( 'NONE',  ( -110.5753713163670682, 270.5659761323856856, -136.6610075896953731 ) ) ;
#1461 = CARTESIAN_POINT ( 'NONE',  ( 8.654289331419661835, 137.6314606189956748, -51.19420022874510323 ) ) ;
#1462 = CARTESIAN_POINT ( 'NONE',  ( -483.7067892577526322, 134.9883106236899550, -46.02253920753688732 ) ) ;
#1463 = CARTESIAN_POINT ( 'NONE',  ( -11.59678305371355123, 137.4038049409356006, -56.72646658468011083 ) ) ;
#1464 = CARTESIAN_POINT ( 'NONE',  ( -488.2021918079171883, 354.9898735453884342, -278.0253505986055984 ) ) ;
#1465 = VERTEX_POINT ( 'NONE', #4862 ) ;
#1466 = CARTESIAN_POINT ( 'NONE',  ( 10.99464881964962260, 353.9146261245933829, -281.1869410299016749 ) ) ;
#1467 = CARTESIAN_POINT ( 'NONE',  ( -470.2364959476494164, 248.5056665930334816, -160.4942165068835607 ) ) ;
#1468 = ORIENTED_EDGE ( 'NONE', *, *, #212, .T. ) ;
#1469 = CARTESIAN_POINT ( 'NONE',  ( -11.07795128511748928, 115.7165657955995215, -52.18988956199323326 ) ) ;
#1470 = ORIENTED_EDGE ( 'NONE', *, *, #4724, .F. ) ;
#1471 = CARTESIAN_POINT ( 'NONE',  ( -12.29372020767560514, 122.8817300805953465, -43.07319853761736539 ) ) ;
#1472 = CARTESIAN_POINT ( 'NONE',  ( 12.83783343513444741, 117.0991018808249464, -48.00505213667904059 ) ) ;
#1473 = CARTESIAN_POINT ( 'NONE',  ( -464.9687184782619056, 349.0853844637900352, -278.6043332339996823 ) ) ;
#1474 = CARTESIAN_POINT ( 'NONE',  ( -477.5138688887957983, 262.9898987322330299, -189.7056274847716963 ) ) ;
#1475 = CARTESIAN_POINT ( 'NONE',  ( -6.632666874984904481, 117.3706799776829826, -59.40617102533169458 ) ) ;
#1476 = ADVANCED_FACE ( 'NONE', ( #4061 ), #3804, .T. ) ;
#1477 = CARTESIAN_POINT ( 'NONE',  ( -484.7940047647092570, 121.7880260484379278, -63.40702783541428289 ) ) ;
#1478 = ORIENTED_EDGE ( 'NONE', *, *, #2281, .T. ) ;
#1479 = CARTESIAN_POINT ( 'NONE',  ( -470.9954704082182388, 135.9764834285880966, -47.27578448269657230 ) ) ;
#1480 = EDGE_CURVE ( 'NONE', #3063, #3687, #5061, .T. ) ;
#1481 = CARTESIAN_POINT ( 'NONE',  ( -460.8138688887958097, 126.7631832112599852, -53.47891196379821110 ) ) ;
#1482 = LINE ( 'NONE', #3075, #1318 ) ;
#1483 = CARTESIAN_POINT ( 'NONE',  ( -489.9499041432932245, 116.9404868123544929, -47.33954351405327543 ) ) ;
#1484 = DIRECTION ( 'NONE',  ( 1.000000000000000000, 0.000000000000000000, 0.000000000000000000 ) ) ;
#1485 = CARTESIAN_POINT ( 'NONE',  ( -470.1409637843587461, 131.5738400698967325, -43.46964308929329945 ) ) ;
#1486 = CARTESIAN_POINT ( 'NONE',  ( -368.4479097826026646, 261.6851520819204211, -118.7440610978192694 ) ) ;
#1487 = EDGE_CURVE ( 'NONE', #3208, #2405, #4310, .T. ) ;
#1488 = FACE_OUTER_BOUND ( 'NONE', #962, .T. ) ;
#1489 = CARTESIAN_POINT ( 'NONE',  ( 7.286069485141263513, 136.8885862625921845, -48.87684884432785282 ) ) ;
#1490 = CARTESIAN_POINT ( 'NONE',  ( -483.8439977970973587, 133.5179921051623069, -44.66179910029038780 ) ) ;
#1491 = CARTESIAN_POINT ( 'NONE',  ( -6.316684568150818357, 135.5142075945400109, -46.64737282674256846 ) ) ;
#1492 = ORIENTED_EDGE ( 'NONE', *, *, #2074, .F. ) ;
#1493 = AXIS2_PLACEMENT_3D ( 'NONE', #89, #1360, #1388 ) ;
#1494 = CARTESIAN_POINT ( 'NONE',  ( 10.82055844301942393, 352.2799377470833520, -281.8010819142765513 ) ) ;
#1495 = CARTESIAN_POINT ( 'NONE',  ( -468.1761804650898853, 125.6199443359791275, -64.54168803959812806 ) ) ;
#1496 = ORIENTED_EDGE ( 'NONE', *, *, #3821, .F. ) ;
#1497 = CARTESIAN_POINT ( 'NONE',  ( -11.95703522194001422, 122.2257487169948860, -42.86545688737302839 ) ) ;
#1498 = CARTESIAN_POINT ( 'NONE',  ( 12.38637200132036931, 120.8261979229624217, -43.53746048245120903 ) ) ;
#1499 = CARTESIAN_POINT ( 'NONE',  ( -465.0157420688533989, 349.0853219358066326, -278.9968748541247123 ) ) ;
#1500 = CARTESIAN_POINT ( 'NONE',  ( -487.8560156678794328, 126.7631832112509045, -42.37891196379820968 ) ) ;
#1501 = CARTESIAN_POINT ( 'NONE',  ( -6.346279381825723931, 120.0365621958456330, -62.31082073895178297 ) ) ;
#1502 = CARTESIAN_POINT ( 'NONE',  ( -485.3242242722892570, 122.6897508718083856, -63.80949886697649731 ) ) ;
#1503 = CARTESIAN_POINT ( 'NONE',  ( -7.927822686009188047, 130.6321252354453009, -43.05236800771093897 ) ) ;
#1504 = CARTESIAN_POINT ( 'NONE',  ( -111.1406304925930897, 254.7571164833348405, -125.6720966964049495 ) ) ;
#1505 = CARTESIAN_POINT ( 'NONE',  ( -12.20068837315222865, 121.4883934288695997, -43.18877522996643137 ) ) ;
#1506 = CARTESIAN_POINT ( 'NONE',  ( -12.00774800234085049, 227.0137880855159267, -159.5917191731525691 ) ) ;
#1507 = CARTESIAN_POINT ( 'NONE',  ( -489.6142318556074429, 116.1947776200085229, -50.06560952477425985 ) ) ;
#1508 = CYLINDRICAL_SURFACE ( 'NONE', #4122, 12.70000000000000995 ) ;
#1509 = CARTESIAN_POINT ( 'NONE',  ( -464.9077538612856415, 136.8135262920045250, -58.20558593867934860 ) ) ;
#1510 = DIRECTION ( 'NONE',  ( 0.000000000000000000, 0.000000000000000000, -1.000000000000000000 ) ) ;
#1511 = CARTESIAN_POINT ( 'NONE',  ( -464.8138740127605502, 354.3457575310158063, -280.7832875557745069 ) ) ;
#1512 = CARTESIAN_POINT ( 'NONE',  ( -485.2971859471838343, 130.2566126211971209, -42.76533356669273189 ) ) ;
#1513 = ORIENTED_EDGE ( 'NONE', *, *, #251, .F. ) ;
#1514 = CARTESIAN_POINT ( 'NONE',  ( -7.040027551653643911, 131.5984565548635601, -43.36252711811715699 ) ) ;
#1515 = EDGE_LOOP ( 'NONE', ( #1623, #4059 ) ) ;
#1516 = CARTESIAN_POINT ( 'NONE',  ( 10.92027268575695409, 354.9340051746361269, -279.7623437571589307 ) ) ;
#1517 = CARTESIAN_POINT ( 'NONE',  ( -471.2813569175072530, 120.0160354414887394, -62.38090893649470559 ) ) ;
#1518 = DIRECTION ( 'NONE',  ( 0.000000000000000000, 0.7071067811865475727, -0.7071067811865475727 ) ) ;
#1519 = ORIENTED_EDGE ( 'NONE', *, *, #2163, .T. ) ;
#1520 = CARTESIAN_POINT ( 'NONE',  ( -12.92629889632991436, 117.2961563020685389, -47.67080138806653622 ) ) ;
#1521 = CARTESIAN_POINT ( 'NONE',  ( 11.08925439479173569, 115.7174649311020573, -52.17021455531328655 ) ) ;
#1522 = DIRECTION ( 'NONE',  ( 0.000000000000000000, 0.000000000000000000, -1.000000000000000000 ) ) ;
#1523 = CARTESIAN_POINT ( 'NONE',  ( -6.055492291579866126, 119.0887217811314827, -61.59201221696533679 ) ) ;
#1524 = CARTESIAN_POINT ( 'NONE',  ( -485.6999987529333680, 123.2960253859298660, -64.02844718590445439 ) ) ;
#1525 = AXIS2_PLACEMENT_3D ( 'NONE', #1932, #3443, #4644 ) ;
#1526 = CARTESIAN_POINT ( 'NONE',  ( -6.344234953047664050, 135.1235510880420065, -46.17467904535904921 ) ) ;
#1527 = CIRCLE ( 'NONE', #3706, 12.69999999999999929 ) ;
#1528 = CARTESIAN_POINT ( 'NONE',  ( -105.3560315432467007, 282.1840290320505460, -114.4610075896953418 ) ) ;
#1529 = FACE_OUTER_BOUND ( 'NONE', #839, .T. ) ;
#1530 = CARTESIAN_POINT ( 'NONE',  ( -10.32849814533408228, 230.1381227649895322, -167.3049599979665629 ) ) ;
#1531 = CARTESIAN_POINT ( 'NONE',  ( -490.7058667422961662, 119.5623070883394519, -44.99434028974142308 ) ) ;
#1532 = CARTESIAN_POINT ( 'NONE',  ( 0.000000000000000000, 65.00000000000000000, -20.00000000000000000 ) ) ;
#1533 = CARTESIAN_POINT ( 'NONE',  ( -464.5634178772276641, 132.6701904343465515, -62.88444466128663635 ) ) ;
#1534 = CARTESIAN_POINT ( 'NONE',  ( -484.1342515022658404, 117.1253926563123571, -59.16971264117656659 ) ) ;
#1535 = CARTESIAN_POINT ( 'NONE',  ( -368.4340778229652074, 261.6873226940724635, -118.7418904855270085 ) ) ;
#1536 = CARTESIAN_POINT ( 'NONE',  ( -486.8577821378070780, 125.1209444306808933, -64.47779156035106496 ) ) ;
#1537 = CARTESIAN_POINT ( 'NONE',  ( -484.5893933983937814, 136.5380273303908893, -48.16715314782082658 ) ) ;
#1538 = CARTESIAN_POINT ( 'NONE',  ( 10.55748200768932321, 125.4217607154219394, -42.10913344205332010 ) ) ;
#1539 = CARTESIAN_POINT ( 'NONE',  ( -465.6254828365395042, 130.7771217686198213, -63.83531461124758977 ) ) ;
#1540 = EDGE_CURVE ( 'NONE', #2819, #521, #1708, .T. ) ;
#1541 = EDGE_CURVE ( 'NONE', #3296, #3220, #2201, .T. ) ;
#1542 = CARTESIAN_POINT ( 'NONE',  ( -460.8138688887958097, 126.7631832112599852, -53.47891196379821110 ) ) ;
#1543 = CARTESIAN_POINT ( 'NONE',  ( -472.1767179765644187, 248.1757494697990012, -158.5699611794983923 ) ) ;
#1544 = CARTESIAN_POINT ( 'NONE',  ( -13.11049876955414994, 120.0566519356327007, -44.62561283941872858 ) ) ;
#1545 = VERTEX_POINT ( 'NONE', #1365 ) ;
#1546 = CARTESIAN_POINT ( 'NONE',  ( -13.16083335448764657, 118.2030956009452893, -46.40156083982441970 ) ) ;
#1547 = CARTESIAN_POINT ( 'NONE',  ( 12.10036296680127244, 116.1947776200079261, -50.06560952477630622 ) ) ;
#1548 = CARTESIAN_POINT ( 'NONE',  ( -464.8493588681919277, 349.3889568006978266, -277.4712495153946747 ) ) ;
#1549 = CARTESIAN_POINT ( 'NONE',  ( -370.8050991805376384, 281.6394870086522815, -124.1345101132221913 ) ) ;
#1550 = CARTESIAN_POINT ( 'NONE',  ( -7.901812374526946847, 122.8534842089588324, -63.89148906548064133 ) ) ;
#1551 = CARTESIAN_POINT ( 'NONE',  ( -490.6393453656688735, 117.9892188697879476, -46.66991156858126999 ) ) ;
#1552 = FACE_BOUND ( 'NONE', #1515, .T. ) ;
#1553 = CARTESIAN_POINT ( 'NONE',  ( -12.66410621160187056, 353.4104470938250415, -281.4996527018266192 ) ) ;
#1554 = CARTESIAN_POINT ( 'NONE',  ( -9.982743716842927384, 126.4961959537573080, -42.07628661923111935 ) ) ;
#1555 = CARTESIAN_POINT ( 'NONE',  ( -470.8132213909929646, 117.5044115385451420, -59.61219681304290674 ) ) ;
#1556 = CARTESIAN_POINT ( 'NONE',  ( -490.5798321558123689, 117.7194477311832088, -47.03150548267355902 ) ) ;
#1557 = DIRECTION ( 'NONE',  ( 1.000000000000000000, 0.000000000000000000, 0.000000000000000000 ) ) ;
#1558 = CARTESIAN_POINT ( 'NONE',  ( -464.8466399973304419, 135.2839101125628645, -60.60288872609938693 ) ) ;
#1559 = DIRECTION ( 'NONE',  ( 0.000000000000000000, 0.7071067811865475727, 0.7071067811865475727 ) ) ;
#1560 = CARTESIAN_POINT ( 'NONE',  ( -488.8462704847867712, 124.8882428499209283, -42.03144068663740285 ) ) ;
#1561 = CARTESIAN_POINT ( 'NONE',  ( -464.9454426982241557, 352.4770818854457275, -281.7817826330867774 ) ) ;
#1562 = CARTESIAN_POINT ( 'NONE',  ( -490.7173054800363730, 134.8018754399172110, -61.14328241181672752 ) ) ;
#1563 = CARTESIAN_POINT ( 'NONE',  ( -7.975309697025543265, 129.9395576135682973, -42.65750411575493928 ) ) ;
#1564 = CARTESIAN_POINT ( 'NONE',  ( -465.6883256082580260, 130.9418167564754469, -64.22673180344753519 ) ) ;
#1565 = EDGE_CURVE ( 'NONE', #4922, #3481, #2793, .T. ) ;
#1566 = CARTESIAN_POINT ( 'NONE',  ( 12.30227788175107939, 121.1409121962394124, -43.36449610398481980 ) ) ;
#1567 = CARTESIAN_POINT ( 'NONE',  ( -469.3818250681366067, 123.6095016168734730, -64.14334262833926914 ) ) ;
#1568 = EDGE_CURVE ( 'NONE', #3414, #5190, #785, .T. ) ;
#1569 = DIRECTION ( 'NONE',  ( 0.000000000000000000, 0.7071067811865464625, -0.7071067811865486830 ) ) ;
#1570 = B_SPLINE_CURVE_WITH_KNOTS ( 'NONE', 3,
 ( #4028, #4881, #2047, #4859, #4414, #824, #1239, #1289, #45, #19, #2838, #1659, #878, #3608, #479, #4442, #3283, #2469, #2890, #852, #1267, #1214, #90, #2419, #3704, #3259, #4517, #4833, #503, #4494, #1705, #2866, #3307, #898, #2091, #427, #2070, #4002, #4807, #2494, #4079, #1635, #3207, #4905, #1998, #4100, #1311, #70, #2812, #4470, #3232, #2911, #2021, #2446, #923, #4058 ),
 .UNSPECIFIED., .F., .F.,
 ( 4, 2, 2, 2, 2, 2, 2, 2, 2, 2, 2, 2, 2, 2, 2, 2, 2, 2, 2, 2, 2, 2, 2, 2, 2, 2, 2, 4 ),
 ( 0.07595685800523606368, 0.07715155110949627193, 0.07834624421375646630, 0.08073563042227688280, 0.08193032352653707717, 0.08312501663079727154, 0.08431970973505746592, 0.08551440283931767417, 0.08670909594357786854, 0.08790378904783806291, 0.08909848215209827116, 0.09029317525635846553, 0.09268256146487889591, 0.09387725456913911803, 0.09507194767339932628, 0.09746133388191975666, 0.09985072009044018704, 0.1022401062989606313, 0.1034347994032208673, 0.1040321459553509853, 0.1046294925074811172, 0.1058241856117412977, 0.1070188787160014782, 0.1082135718202616725, 0.1094082649245218530, 0.1117976511330422140, 0.1129923442373023529, 0.1141870373415625056 ),
 .UNSPECIFIED. ) ;
#1571 = VERTEX_POINT ( 'NONE', #2771 ) ;
#1572 = CARTESIAN_POINT ( 'NONE',  ( -12.25654320188584911, 116.5655157310473697, -48.01726594189805297 ) ) ;
#1573 = CARTESIAN_POINT ( 'NONE',  ( -102.9147497357572831, 270.5659761323856856, -125.5610075896953788 ) ) ;
#1574 = CARTESIAN_POINT ( 'NONE',  ( 12.69299480918946088, 119.5360753498682129, -45.01958994481280740 ) ) ;
#1575 = CARTESIAN_POINT ( 'NONE',  ( -467.0290669339805731, 125.8577691523176298, -42.39318333040579745 ) ) ;
#1576 = AXIS2_PLACEMENT_3D ( 'NONE', #2498, #616, #929 ) ;
#1577 = CARTESIAN_POINT ( 'NONE',  ( -370.2678170005605693, 281.6644112406743261, -127.0213640149767684 ) ) ;
#1578 = CARTESIAN_POINT ( 'NONE',  ( -7.621328181594605233, 116.5596826429752753, -57.86330037641149460 ) ) ;
#1579 = EDGE_CURVE ( 'NONE', #3063, #787, #4353, .T. ) ;
#1580 = CARTESIAN_POINT ( 'NONE',  ( 3.475916304466270201, 234.7056274847712132, -150.8796293463139762 ) ) ;
#1581 = CARTESIAN_POINT ( 'NONE',  ( -107.0952593717364181, 270.5659761323856856, -114.4610075896953845 ) ) ;
#1582 = B_SPLINE_CURVE_WITH_KNOTS ( 'NONE', 3,
 ( #509, #2575, #2097, #1012, #4933, #4522, #95, #1341, #3765, #150, #2941, #4545, #2547, #1787, #3395, #4962, #1763, #1368, #980, #4686, #3484, #1894, #263, #644, #1094, #2313, #4658, #1122, #5100, #2712, #1506, #288, #4318, #3874, #4710, #207, #725, #1840, #3926, #1144, #696, #316, #4344, #3425, #1918, #1530, #1042, #3024, #2233, #1068, #4293, #3532, #2656, #2632, #1424, #234, #2684, #4267, #671, #5125 ),
 .UNSPECIFIED., .F., .F.,
 ( 4, 2, 2, 2, 2, 2, 2, 2, 2, 2, 2, 2, 2, 2, 2, 2, 2, 2, 2, 2, 2, 2, 2, 2, 2, 2, 2, 2, 2, 4 ),
 ( 3.368223727524058312E-17, 0.002343829805087732990, 0.003515744707631553081, 0.004687659610175374907, 0.007031489415263015089, 0.008203404317806861634, 0.009375319220350709915, 0.01054723412289455646, 0.01171914902543840474, 0.01289106392798225129, 0.01406297883052609957, 0.01523489373306994611, 0.01640680863561379613, 0.01875063844070141289, 0.01992255334324517790, 0.02109446824578894639, 0.02343829805087640356, 0.02461021295342013041, 0.02578212785596386072, 0.02695404275850759104, 0.02754000020977951171, 0.02812595766105142892, 0.02929787256359526332, 0.02988383001486717011, 0.03046978746613908037, 0.03164170236868297376, 0.03281361727122686367, 0.03398553217377075358, 0.03515744707631464350, 0.03750127688140242332 ),
 .UNSPECIFIED. ) ;
#1583 = CARTESIAN_POINT ( 'NONE',  ( 11.27306643228060956, 137.5789817375548409, -56.00504784173316608 ) ) ;
#1584 = CARTESIAN_POINT ( 'NONE',  ( -466.8880206551513083, 354.7835598900858827, -277.4749966427442018 ) ) ;
#1585 = DIRECTION ( 'NONE',  ( 0.000000000000000000, -1.000000000000000000, 0.000000000000000000 ) ) ;
#1586 = DIRECTION ( 'NONE',  ( -1.000000000000000000, -0.000000000000000000, 0.000000000000000000 ) ) ;
#1587 = CARTESIAN_POINT ( 'NONE',  ( -465.8939388894476110, 129.1268299313921091, -64.32982291045446743 ) ) ;
#1588 = CARTESIAN_POINT ( 'NONE',  ( -468.3911218528915015, 128.7545203464733845, -42.53812945525358913 ) ) ;
#1589 = CARTESIAN_POINT ( 'NONE',  ( -465.0393820494599595, 355.0659510281097369, -278.4084210021207468 ) ) ;
#1590 = CARTESIAN_POINT ( 'NONE',  ( -489.3018030799108828, 137.5321097118574016, -56.19406638688781186 ) ) ;
#1591 = ORIENTED_EDGE ( 'NONE', *, *, #3360, .T. ) ;
#1592 = CARTESIAN_POINT ( 'NONE',  ( -8.289298268353045174, 130.0663147976433720, -42.86027423533199965 ) ) ;
#1593 = CARTESIAN_POINT ( 'NONE',  ( -466.0256109964557254, 129.7538087147616466, -64.19353798194316596 ) ) ;
#1594 = CARTESIAN_POINT ( 'NONE',  ( 11.27522407863136067, 115.6347187473787272, -50.63110472257270089 ) ) ;
#1595 = AXIS2_PLACEMENT_3D ( 'NONE', #1257, #495, #3198 ) ;
#1596 = CARTESIAN_POINT ( 'NONE',  ( -108.1135208820276574, 264.9734885447053898, -115.8641172387499552 ) ) ;
#1597 = CARTESIAN_POINT ( 'NONE',  ( 12.47434174480610380, 349.1049394912919865, -279.1949851201658248 ) ) ;
#1598 = ORIENTED_EDGE ( 'NONE', *, *, #2100, .T. ) ;
#1599 = CARTESIAN_POINT ( 'NONE',  ( -12.24566080363115006, 116.3134878466420901, -49.71718789271032080 ) ) ;
#1600 = LINE ( 'NONE', #2037, #403 ) ;
#1601 = CARTESIAN_POINT ( 'NONE',  ( -12.49827589932411875, 349.0853059261156659, -278.9956308502538036 ) ) ;
#1602 = CARTESIAN_POINT ( 'NONE',  ( -465.5688307777031696, 116.0863282516778696, -50.42089473487929752 ) ) ;
#1603 = CARTESIAN_POINT ( 'NONE',  ( -16.69999999999999929, 126.7631832112599852, -53.47891196379821110 ) ) ;
#1604 = LINE ( 'NONE', #1186, #2276 ) ;
#1605 = CARTESIAN_POINT ( 'NONE',  ( -12.43132568360469747, 354.9906674054925588, -278.0282344002808372 ) ) ;
#1606 = CARTESIAN_POINT ( 'NONE',  ( 13.12084242675523527, 135.5662087620800662, -60.25167268296878120 ) ) ;
#1607 = CIRCLE ( 'NONE', #3115, 11.09999999999999787 ) ;
#1608 = CARTESIAN_POINT ( 'NONE',  ( -471.1738993591094982, 118.4254810978514598, -60.80896640221916272 ) ) ;
#1609 = CARTESIAN_POINT ( 'NONE',  ( -111.1542872218707316, 260.8717012272272768, -131.1596981139032607 ) ) ;
#1610 = DIRECTION ( 'NONE',  ( 0.000000000000000000, 0.7071067811865474617, -0.7071067811865474617 ) ) ;
#1611 = ORIENTED_EDGE ( 'NONE', *, *, #963, .T. ) ;
#1612 = CARTESIAN_POINT ( 'NONE',  ( -464.8103636306125281, 134.7794061851289200, -61.16614029500576777 ) ) ;
#1613 = CARTESIAN_POINT ( 'NONE',  ( -470.9375323658989032, 121.0247502055082691, -63.10976105893460897 ) ) ;
#1614 = CARTESIAN_POINT ( 'NONE',  ( -483.8393229383331118, 120.3297725514843250, -62.62107336027067106 ) ) ;
#1615 = CARTESIAN_POINT ( 'NONE',  ( -470.9496852282213695, 132.5840604399754454, -43.92229382994347020 ) ) ;
#1616 = CARTESIAN_POINT ( 'NONE',  ( -484.5599732844684127, 121.9414202128978530, -63.60241642266355200 ) ) ;
#1617 = CARTESIAN_POINT ( 'NONE',  ( -485.2408638895178683, 137.4198068709682730, -49.87797238767384300 ) ) ;
#1618 = CARTESIAN_POINT ( 'NONE',  ( 6.582590400587458035, 132.5392348637735154, -43.89393959290177349 ) ) ;
#1619 = CARTESIAN_POINT ( 'NONE',  ( -465.9999152812952730, 128.8947635986097850, -64.39438901521565128 ) ) ;
#1620 = CARTESIAN_POINT ( 'NONE',  ( 6.225300008035856258, 120.0172447670558853, -62.38810969479730772 ) ) ;
#1621 = DIRECTION ( 'NONE',  ( 1.000000000000000000, 0.000000000000000000, 0.000000000000000000 ) ) ;
#1622 = CARTESIAN_POINT ( 'NONE',  ( 12.54498859059363092, 349.0852965801540222, -278.6056865669808076 ) ) ;
#1623 = ORIENTED_EDGE ( 'NONE', *, *, #2889, .T. ) ;
#1624 = CARTESIAN_POINT ( 'NONE',  ( -465.1307617841310957, 229.0913517882355563, -151.7838831878754604 ) ) ;
#1625 = CARTESIAN_POINT ( 'NONE',  ( -370.4186095170589397, 270.5659761323856856, -114.4610075896953845 ) ) ;
#1626 = CARTESIAN_POINT ( 'NONE',  ( -464.7378930492444624, 121.5039979540070618, -43.69636147054444564 ) ) ;
#1627 = CARTESIAN_POINT ( 'NONE',  ( -370.2010967590398423, 269.1129895322079051, -114.4610075896952708 ) ) ;
#1628 = CARTESIAN_POINT ( 'NONE',  ( -490.0354502585750538, 352.0853531617383396, -281.8010819142765513 ) ) ;
#1629 = CARTESIAN_POINT ( 'NONE',  ( 6.567715748264233433, 120.9535477932401051, -63.04303108162611124 ) ) ;
#1630 = LINE ( 'NONE', #849, #520 ) ;
#1631 = EDGE_CURVE ( 'NONE', #353, #33, #2532, .T. ) ;
#1632 = CARTESIAN_POINT ( 'NONE',  ( -466.9038801585243732, 354.6900236844339815, -277.2997257981939470 ) ) ;
#1633 = CARTESIAN_POINT ( 'NONE',  ( -110.9085856037678184, 259.7592399589584602, -128.4798803904406554 ) ) ;
#1634 = ADVANCED_FACE ( 'NONE', ( #5186, #734, #759 ), #2748, .T. ) ;
#1635 = CARTESIAN_POINT ( 'NONE',  ( -6.048422676412650745, 134.6961847839723418, -45.61902915691581484 ) ) ;
#1636 = VERTEX_POINT ( 'NONE', #355 ) ;
#1637 = ADVANCED_FACE ( 'NONE', ( #3112 ), #3568, .F. ) ;
#1638 = CARTESIAN_POINT ( 'NONE',  ( -464.3316670625841880, 134.0607557224364257, -61.85172000638530676 ) ) ;
#1639 = CARTESIAN_POINT ( 'NONE',  ( -467.9649192185643756, 128.0832560502218485, -42.43640774441355745 ) ) ;
#1640 = CARTESIAN_POINT ( 'NONE',  ( 12.37728872770826705, 354.7830640243961966, -277.4742131845268887 ) ) ;
#1641 = CARTESIAN_POINT ( 'NONE',  ( -489.1558168768526684, 137.6660777621881095, -57.18741533026643253 ) ) ;
#1642 = ORIENTED_EDGE ( 'NONE', *, *, #1540, .T. ) ;
#1643 = CARTESIAN_POINT ( 'NONE',  ( 12.33683432242269262, 136.8643500616799997, -59.17296345195681084 ) ) ;
#1644 = EDGE_CURVE ( 'NONE', #91, #3326, #3714, .T. ) ;
#1645 = CARTESIAN_POINT ( 'NONE',  ( 12.60900335425917085, 117.5275475612942557, -46.46200999841708779 ) ) ;
#1646 = CARTESIAN_POINT ( 'NONE',  ( -472.2194600076714437, 237.5974607321404335, -147.9877960989449832 ) ) ;
#1647 = CARTESIAN_POINT ( 'NONE',  ( -485.1619230838278440, 116.5181050279332737, -57.80330990233412081 ) ) ;
#1648 = CARTESIAN_POINT ( 'NONE',  ( 12.69549805941948861, 350.2532957500142174, -276.4171969042028536 ) ) ;
#1649 = ORIENTED_EDGE ( 'NONE', *, *, #1855, .F. ) ;
#1650 = CARTESIAN_POINT ( 'NONE',  ( -465.4138936497212171, 227.0191528786280628, -159.2063600136769139 ) ) ;
#1651 = CARTESIAN_POINT ( 'NONE',  ( -12.70000511533361376, 350.1026486493336165, -276.5411151148912268 ) ) ;
#1652 = CARTESIAN_POINT ( 'NONE',  ( -464.8831923994054023, 117.9953585922408621, -46.66123222767600964 ) ) ;
#1653 = DIRECTION ( 'NONE',  ( 0.000000000000000000, 0.7071067811865489050, 0.7071067811865461294 ) ) ;
#1654 = AXIS2_PLACEMENT_3D ( 'NONE', #3489, #3002, #2150 ) ;
#1655 = CARTESIAN_POINT ( 'NONE',  ( 7.169126460513831844, 121.9366223023950084, -63.48171014790761291 ) ) ;
#1656 = CARTESIAN_POINT ( 'NONE',  ( 13.17216686399618020, 133.9472784618119192, -61.94974493647680447 ) ) ;
#1657 = CARTESIAN_POINT ( 'NONE',  ( -466.5932602675958947, 354.9328780998122284, -279.7653708511741684 ) ) ;
#1658 = CARTESIAN_POINT ( 'NONE',  ( -111.2177451997240212, 261.6919487781905218, -132.3847507778415036 ) ) ;
#1659 = CARTESIAN_POINT ( 'NONE',  ( -12.47364108742438482, 133.0657746352926551, -63.20171852990154093 ) ) ;
#1660 = ORIENTED_EDGE ( 'NONE', *, *, #4965, .F. ) ;
#1661 = CARTESIAN_POINT ( 'NONE',  ( -466.7523357757585245, 115.4322876194006398, -51.73461265412160515 ) ) ;
#1662 = CARTESIAN_POINT ( 'NONE',  ( -10.76646672747778943, 349.0853201418815388, -278.9957251648468741 ) ) ;
#1663 = CARTESIAN_POINT ( 'NONE',  ( 12.33299587978340206, 137.1303645538328908, -57.46068542557779324 ) ) ;
#1664 = CARTESIAN_POINT ( 'NONE',  ( -487.1730369852781450, 137.8691823157017211, -52.88869246730063622 ) ) ;
#1665 = FILL_AREA_STYLE_COLOUR ( '', #3201 ) ;
#1666 = CARTESIAN_POINT ( 'NONE',  ( -477.5138688887957983, 358.4493141924170345, -285.1650429449557009 ) ) ;
#1667 = DIRECTION ( 'NONE',  ( 0.000000000000000000, 1.000000000000000000, 0.000000000000000000 ) ) ;
#1668 = CARTESIAN_POINT ( 'NONE',  ( -12.66399447743128270, 135.6668001689823200, -60.91993071635221213 ) ) ;
#1669 = CARTESIAN_POINT ( 'NONE',  ( 12.66444868754333442, 350.7560747714936156, -276.1045448761520902 ) ) ;
#1670 = ORIENTED_EDGE ( 'NONE', *, *, #4214, .F. ) ;
#1671 = CIRCLE ( 'NONE', #3688, 11.00000000000000000 ) ;
#1672 = CARTESIAN_POINT ( 'NONE',  ( -12.36360438289264607, 350.5822444285349206, -281.4047570098154551 ) ) ;
#1673 = CARTESIAN_POINT ( 'NONE',  ( -465.3192317680492920, 116.8024108776036485, -48.56497831824125200 ) ) ;
#1674 = CARTESIAN_POINT ( 'NONE',  ( 10.76625721765716825, 349.0853864356423628, -278.9972301693701411 ) ) ;
#1675 = CARTESIAN_POINT ( 'NONE',  ( -489.9448621230035883, 349.1807586203477740, -279.5769301562688725 ) ) ;
#1676 = CARTESIAN_POINT ( 'NONE',  ( 12.34058525368698689, 354.3456136637730083, -276.8187121952010443 ) ) ;
#1677 = CARTESIAN_POINT ( 'NONE',  ( -12.37709853858399356, 353.4144975013189764, -276.1044802206282611 ) ) ;
#1678 = CARTESIAN_POINT ( 'NONE',  ( 12.69582888314256408, 134.2570332079662876, -61.67607989878055719 ) ) ;
#1679 = CARTESIAN_POINT ( 'NONE',  ( -471.6696256978321458, 237.0595360675892493, -147.8064996128865687 ) ) ;
#1680 = CARTESIAN_POINT ( 'NONE',  ( -466.1007433260668904, 129.8992561282626639, -64.56044141578644258 ) ) ;
#1681 = EDGE_LOOP ( 'NONE', ( #3886, #4229, #600, #858 ) ) ;
#1682 = CARTESIAN_POINT ( 'NONE',  ( -465.6551011605878898, 116.0467575747278062, -49.21219348314988906 ) ) ;
#1683 = CARTESIAN_POINT ( 'NONE',  ( -10.60989768723259274, 350.5829664059961033, -281.4051919697098469 ) ) ;
#1684 = CARTESIAN_POINT ( 'NONE',  ( 13.22032451001573783, 134.8079799737504061, -61.16319238766286048 ) ) ;
#1685 = AXIS2_PLACEMENT_3D ( 'NONE', #4291, #3869, #31 ) ;
#1686 = CARTESIAN_POINT ( 'NONE',  ( -461.8138688887958097, 126.7631832112599852, -53.47891196379821110 ) ) ;
#1687 = AXIS2_PLACEMENT_3D ( 'NONE', #4259, #4178, #2987 ) ;
#1688 = CARTESIAN_POINT ( 'NONE',  ( 7.915182929300636161, 130.2701471022542705, -42.92266740376142309 ) ) ;
#1689 = CARTESIAN_POINT ( 'NONE',  ( -106.5189293488753322, 273.4424333022297446, -114.7788552279843515 ) ) ;
#1690 = CARTESIAN_POINT ( 'NONE',  ( -12.52943768308748496, 135.9655590172856137, -59.69766523513288092 ) ) ;
#1691 = CARTESIAN_POINT ( 'NONE',  ( -487.4982204737671054, 137.8645621243979917, -52.87050618769183785 ) ) ;
#1692 = ORIENTED_EDGE ( 'NONE', *, *, #3721, .T. ) ;
#1693 = ADVANCED_FACE ( 'NONE', ( #5208 ), #2716, .F. ) ;
#1694 = EDGE_CURVE ( 'NONE', #2670, #4653, #3826, .T. ) ;
#1695 = CARTESIAN_POINT ( 'NONE',  ( -107.0952593717364181, 270.5659761323856856, -114.4610075896953845 ) ) ;
#1696 = CARTESIAN_POINT ( 'NONE',  ( -465.6698000114407705, 123.9266847510425578, -42.74139424997979120 ) ) ;
#1697 = CARTESIAN_POINT ( 'NONE',  ( -467.1481984501132274, 125.7902340184651990, -42.08585662332027511 ) ) ;
#1698 = CARTESIAN_POINT ( 'NONE',  ( 0.000000000000000000, 0.000000000000000000, 0.000000000000000000 ) ) ;
#1699 = CARTESIAN_POINT ( 'NONE',  ( -490.1780936899418180, 349.3872979278140747, -277.4747038492159277 ) ) ;
#1700 = DIRECTION ( 'NONE',  ( 0.000000000000000000, 0.7071067811865475727, 0.7071067811865475727 ) ) ;
#1701 = CARTESIAN_POINT ( 'NONE',  ( -460.8138688887958097, 126.7631832112599852, -64.57891196379820542 ) ) ;
#1702 = DIRECTION ( 'NONE',  ( 0.000000000000000000, 0.000000000000000000, -1.000000000000000000 ) ) ;
#1703 = CARTESIAN_POINT ( 'NONE',  ( -467.2038560504589100, 232.2840452775936910, -148.4982662756860918 ) ) ;
#1704 = CARTESIAN_POINT ( 'NONE',  ( -467.7154047077509063, 126.7058367522356548, -64.85584811734911170 ) ) ;
#1705 = CARTESIAN_POINT ( 'NONE',  ( -9.235158926115390798, 138.0695748502547815, -52.43058089177762326 ) ) ;
#1706 = ORIENTED_EDGE ( 'NONE', *, *, #2737, .T. ) ;
#1707 = CARTESIAN_POINT ( 'NONE',  ( -469.8982648771579420, 122.9829969762851363, -64.08519638049891398 ) ) ;
#1708 = LINE ( 'NONE', #582, #4474 ) ;
#1709 = CARTESIAN_POINT ( 'NONE',  ( -11.42208326642549565, 115.7131008911455865, -50.29747318307939707 ) ) ;
#1710 = CARTESIAN_POINT ( 'NONE',  ( 12.97674536547989099, 132.7840290260626546, -62.81129041017744186 ) ) ;
#1711 = CARTESIAN_POINT ( 'NONE',  ( -490.3839224955235636, 132.3542095348041130, -63.07574598232334750 ) ) ;
#1712 = CARTESIAN_POINT ( 'NONE',  ( -486.9993559526117792, 115.7484796199667443, -54.89350187748328125 ) ) ;
#1713 = DIRECTION ( 'NONE',  ( 0.000000000000000000, 0.000000000000000000, 1.000000000000000000 ) ) ;
#1714 = CARTESIAN_POINT ( 'NONE',  ( 6.240734438629259806, 135.2520781637969378, -46.32424787138565137 ) ) ;
#1715 = CARTESIAN_POINT ( 'NONE',  ( -108.7569344443978991, 278.4148614035563583, -133.4098928608660515 ) ) ;
#1716 = CARTESIAN_POINT ( 'NONE',  ( -13.17063957316600842, 133.9332431461735666, -61.96140044437145633 ) ) ;
#1717 = CARTESIAN_POINT ( 'NONE',  ( -477.5138688887957983, 138.5391052434008259, -80.81118318204347872 ) ) ;
#1718 = ORIENTED_EDGE ( 'NONE', *, *, #3514, .F. ) ;
#1719 = EDGE_CURVE ( 'NONE', #2845, #1279, #1129, .T. ) ;
#1720 = CARTESIAN_POINT ( 'NONE',  ( -466.8879109189848009, 349.3867767388721290, -280.1261939849904365 ) ) ;
#1721 = CARTESIAN_POINT ( 'NONE',  ( -470.1812273804283109, 116.3887965810372691, -57.77206426903732961 ) ) ;
#1722 = CARTESIAN_POINT ( 'NONE',  ( 10.58295811721201929, 349.8263667816233351, -280.7849713323877836 ) ) ;
#1723 = CARTESIAN_POINT ( 'NONE',  ( -4.009175857776805074, 247.5952081259911495, -157.2643059861117081 ) ) ;
#1724 = CARTESIAN_POINT ( 'NONE',  ( 6.667337442593049168, 117.0619229648262518, -59.06565057348777259 ) ) ;
#1725 = CARTESIAN_POINT ( 'NONE',  ( 0.000000000000000000, 367.4295703134862379, -276.1847868238866113 ) ) ;
#1726 = ADVANCED_FACE ( 'NONE', ( #4690 ), #2689, .F. ) ;
#1727 = CARTESIAN_POINT ( 'NONE',  ( -467.6053282934855133, 115.6821345456779397, -54.20695937504658701 ) ) ;
#1728 = CARTESIAN_POINT ( 'NONE',  ( -108.7569344443979134, 262.7170908612149560, -117.7121223185247203 ) ) ;
#1729 = CARTESIAN_POINT ( 'NONE',  ( -11.33692413842472391, 115.6664947018148268, -50.49176342839245279 ) ) ;
#1730 = CARTESIAN_POINT ( 'NONE',  ( -489.6009637102383181, 131.6799457288813358, -63.93434061678192393 ) ) ;
#1731 = VECTOR ( 'NONE', #4154, 1000.000000000000114 ) ;
#1732 = ORIENTED_EDGE ( 'NONE', *, *, #3010, .F. ) ;
#1733 = CARTESIAN_POINT ( 'NONE',  ( -10.92060862119998355, 349.2378282236645077, -277.8367929773788774 ) ) ;
#1734 = CARTESIAN_POINT ( 'NONE',  ( 6.815732788760594296, 132.6389464636135358, -44.05532053039645746 ) ) ;
#1735 = CARTESIAN_POINT ( 'NONE',  ( -366.9384975724282754, 270.5659761323856856, -136.6610075896953731 ) ) ;
#1736 = CARTESIAN_POINT ( 'NONE',  ( -483.6742762055793605, 118.0865838072168685, -60.50846382270727020 ) ) ;
#1737 = AXIS2_PLACEMENT_3D ( 'NONE', #2180, #4247, #1100 ) ;
#1738 = CARTESIAN_POINT ( 'NONE',  ( 7.280135875907287613, 121.7880260484269712, -63.40702783540880461 ) ) ;
#1739 = CARTESIAN_POINT ( 'NONE',  ( -467.0309793069051238, 228.2351358952072076, -165.0910014203602714 ) ) ;
#1740 = CARTESIAN_POINT ( 'NONE',  ( 11.33240159600190644, 124.9690592447849156, -42.52486617272540315 ) ) ;
#1741 = CARTESIAN_POINT ( 'NONE',  ( -106.4681342784137144, 280.2650050439333995, -119.9708369095472165 ) ) ;
#1742 = CARTESIAN_POINT ( 'NONE',  ( -11.84950509581485889, 129.5870673975483669, -64.23909542765798619 ) ) ;
#1743 = CARTESIAN_POINT ( 'NONE',  ( -490.6956898717502327, 135.3044847876790300, -60.60758546348489517 ) ) ;
#1744 = ORIENTED_EDGE ( 'NONE', *, *, #415, .T. ) ;
#1745 = CARTESIAN_POINT ( 'NONE',  ( -466.5192586551160048, 349.6988592566768261, -276.9726441855402186 ) ) ;
#1746 = CARTESIAN_POINT ( 'NONE',  ( -469.4095069372100397, 115.8694700363901120, -56.43069036633515623 ) ) ;
#1747 = LINE ( 'NONE', #2956, #2472 ) ;
#1748 = APPLICATION_PROTOCOL_DEFINITION ( 'draft international standard', 'automotive_design', 1998, #1912 ) ;
#1749 = CARTESIAN_POINT ( 'NONE',  ( -6.437920378892417972, 118.0574433516273842, -60.36770900045605259 ) ) ;
#1750 = ORIENTED_EDGE ( 'NONE', *, *, #3403, .T. ) ;
#1751 = CARTESIAN_POINT ( 'NONE',  ( -1.882002275060302487, 245.9949954844801425, -154.9421312733332741 ) ) ;
#1752 = CARTESIAN_POINT ( 'NONE',  ( 7.093772841489532688, 117.0126487407613638, -58.79537798921447234 ) ) ;
#1753 = CARTESIAN_POINT ( 'NONE',  ( -490.2091405505888702, 354.4733175238928311, -280.6276988836200417 ) ) ;
#1754 = CARTESIAN_POINT ( 'NONE',  ( -464.9044102385095698, 135.9961146330484496, -60.49932933170361338 ) ) ;
#1755 = CARTESIAN_POINT ( 'NONE',  ( -483.5717723014948888, 134.4026865147120873, -45.33286384600300778 ) ) ;
#1756 = ORIENTED_EDGE ( 'NONE', *, *, #2361, .F. ) ;
#1757 = EDGE_CURVE ( 'NONE', #3785, #1300, #3976, .T. ) ;
#1758 = CARTESIAN_POINT ( 'NONE',  ( -470.0320539274906082, 137.0381195309701070, -49.22309773952441958 ) ) ;
#1759 = CARTESIAN_POINT ( 'NONE',  ( -10.66502724489018838, 354.9331093194293771, -277.8374836700204469 ) ) ;
#1760 = DIRECTION ( 'NONE',  ( -1.000000000000000000, 0.000000000000000000, 0.000000000000000000 ) ) ;
#1761 = CARTESIAN_POINT ( 'NONE',  ( -9.815092407176605249, 115.3848571643742815, -53.50696942127490985 ) ) ;
#1762 = DIRECTION ( 'NONE',  ( -1.000000000000000000, 0.000000000000000000, 0.000000000000000000 ) ) ;
#1763 = CARTESIAN_POINT ( 'NONE',  ( -12.07394704305503197, 229.7236049413903345, -150.8431119223210430 ) ) ;
#1764 = CARTESIAN_POINT ( 'NONE',  ( -483.8365711859981957, 119.3810429872319645, -61.77760175663838282 ) ) ;
#1765 = CARTESIAN_POINT ( 'NONE',  ( 9.197629982299082130, 115.8175965960047193, -55.35122221783947793 ) ) ;
#1766 = CARTESIAN_POINT ( 'NONE',  ( -16.69999999999999929, 126.7631832112599852, -53.47891196379821110 ) ) ;
#1767 = CARTESIAN_POINT ( 'NONE',  ( 10.18649189485667961, 126.1223408595067497, -42.07658713330731359 ) ) ;
#1768 = LINE ( 'NONE', #1019, #3847 ) ;
#1769 = AXIS2_PLACEMENT_3D ( 'NONE', #2042, #4511, #3653 ) ;
#1770 = CARTESIAN_POINT ( 'NONE',  ( -484.9947987755319332, 136.8603214601731395, -48.85623668550439902 ) ) ;
#1771 = ORIENTED_EDGE ( 'NONE', *, *, #641, .F. ) ;
#1772 = TOROIDAL_SURFACE ( 'NONE', #2782, 10.09999999999999787, 1.000000000000000000 ) ;
#1773 = CARTESIAN_POINT ( 'NONE',  ( -466.7477554962566728, 351.8881687106525078, -281.8010819142765513 ) ) ;
#1774 = CARTESIAN_POINT ( 'NONE',  ( -468.3985129497639832, 115.5010309713944991, -54.72919196984799584 ) ) ;
#1775 = CARTESIAN_POINT ( 'NONE',  ( -366.4580190541939260, 260.8346841816822916, -131.1834413094248362 ) ) ;
#1776 =( BOUNDED_SURFACE ( )  B_SPLINE_SURFACE ( 3, 2, ( 
 ( #2768, #3515, #2690 ),
 ( #5133, #731, #778 ),
 ( #756, #3107, #2295 ),
 ( #4716, #4398, #1125 ),
 ( #1536, #2319, #351 ),
 ( #1150, #1952, #2717 ),
 ( #801, #4007, #5155 ),
 ( #408, #4323, #2002 ),
 ( #5209, #3614, #1616 ),
 ( #180, #2918, #4216 ),
 ( #2999, #4546, #955 ),
 ( #617, #4108, #1395 ),
 ( #586, #4911, #1369 ),
 ( #1764, #560, #120 ),
 ( #1425, #2123, #4991 ),
 ( #2098, #1013, #2148 ),
 ( #1788, #3343, #3712 ),
 ( #2177, #2208, #3370 ),
 ( #3025, #208, #1736 ),
 ( #5019, #4934, #1342 ),
 ( #2970, #4134, #510 ),
 ( #96, #2576, #2942 ),
 ( #4572, #3793, #2548 ),
 ( #3396, #930, #2522 ),
 ( #4162, #4599, #903 ),
 ( #3766, #151, #4963 ),
 ( #4523, #981, #1317 ),
 ( #4188, #2605, #3823 ),
 ( #1712, #1815, #3426 ),
 ( #2499, #3314, #535 ),
 ( #3738, #5101, #2263 ),
 ( #2633, #1895, #4242 ),
 ( #4268, #1095, #3902 ),
 ( #5150, #645, #1919 ),
 ( #1841, #3850, #3052 ),
 ( #1507, #4739, #1871 ),
 ( #2234, #1069, #289 ),
 ( #3485, #751, #672 ),
 ( #317, #1043, #3533 ),
 ( #3875, #5077, #3511 ),
 ( #3456, #3558, #1483 ),
 ( #1556, #264, #3077 ),
 ( #3101, #235, #1123 ),
 ( #3927, #4711, #2314 ),
 ( #2713, #5126, #4659 ),
 ( #1531, #4687, #3130 ),
 ( #1145, #4319, #2658 ),
 ( #4294, #2685, #2740 ),
 ( #4629, #4345, #697 ),
 ( #2291, #726, #2339 ),
 ( #3951, #5047, #346 ),
 ( #1946, #1455, #796 ),
 ( #3680, #1238, #2445 ),
 ( #4369, #2786, #4805 ) ),
 .UNSPECIFIED., .F., .F., .T. ) 
 B_SPLINE_SURFACE_WITH_KNOTS ( ( 4, 2, 2, 2, 2, 2, 2, 2, 2, 2, 2, 2, 2, 2, 2, 2, 2, 2, 2, 2, 2, 2, 2, 2, 2, 2, 4 ),
 ( 3, 3 ),
 ( 0.000000000000000000, 0.002450042255353422800, 0.004900084510706845600, 0.007350126766060268400, 0.008575147893736980234, 0.009800169021413691200, 0.01102519014909040217, 0.01225021127676711313, 0.01286272184060546948, 0.01347523240444382583, 0.01470025353212053680, 0.01592527465979724777, 0.01715029578747396047, 0.01960033804282738240, 0.02082535917050409163, 0.02205038029818080433, 0.02450042255353422627, 0.02572544368121093897, 0.02695046480888765167, 0.02817548593656436090, 0.02940050706424107360, 0.03062552819191778630, 0.03185054931959449553, 0.03430059157494792094, 0.03552561270262463711, 0.03675063383030134634, 0.03920067608565476480 ),
 ( 0.000000000000000000, 1.000000000000000000 ),
 .UNSPECIFIED. ) 
 GEOMETRIC_REPRESENTATION_ITEM ( )  RATIONAL_B_SPLINE_SURFACE ( (
 ( 1.000000000000000000, 0.8063609521654757639, 1.000000000000000000),
 ( 1.000000000000000000, 0.8229845896418347406, 1.000000000000000000),
 ( 1.000000000000000000, 0.8394652384296890091, 1.000000000000000000),
 ( 1.000000000000000000, 0.8708556005049008508, 1.000000000000000000),
 ( 1.000000000000000000, 0.8857961877983131505, 1.000000000000000000),
 ( 1.000000000000000000, 0.9131335910191762384, 1.000000000000000000),
 ( 1.000000000000000000, 0.9252752650269466805, 1.000000000000000000),
 ( 1.000000000000000000, 0.9407726594677476850, 1.000000000000000000),
 ( 1.000000000000000000, 0.9454848148481743708, 1.000000000000000000),
 ( 1.000000000000000000, 0.9538717849389469761, 1.000000000000000000),
 ( 1.000000000000000000, 0.9575317652541539548, 1.000000000000000000),
 ( 1.000000000000000000, 0.9634493570377604676, 1.000000000000000000),
 ( 1.000000000000000000, 0.9657367722599778936, 1.000000000000000000),
 ( 1.000000000000000000, 0.9687329431980467032, 1.000000000000000000),
 ( 1.000000000000000000, 0.9693850235380105929, 1.000000000000000000),
 ( 1.000000000000000000, 0.9690915971349155500, 1.000000000000000000),
 ( 1.000000000000000000, 0.9687826428314345595, 1.000000000000000000),
 ( 1.000000000000000000, 0.9677425279193478946, 1.000000000000000000),
 ( 1.000000000000000000, 0.9670046423191646090, 1.000000000000000000),
 ( 1.000000000000000000, 0.9642163887577928083, 1.000000000000000000),
 ( 1.000000000000000000, 0.9616058605403325910, 1.000000000000000000),
 ( 1.000000000000000000, 0.9551057837192551414, 1.000000000000000000),
 ( 1.000000000000000000, 0.9511923601013121399, 1.000000000000000000),
 ( 1.000000000000000000, 0.9423067246409073672, 1.000000000000000000),
 ( 1.000000000000000000, 0.9373682835643026845, 1.000000000000000000),
 ( 1.000000000000000000, 0.9212496585622005352, 1.000000000000000000),
 ( 1.000000000000000000, 0.9087690291637720019, 1.000000000000000000),
 ( 1.000000000000000000, 0.8878785044136733307, 1.000000000000000000),
 ( 1.000000000000000000, 0.8805450535205593399, 1.000000000000000000),
 ( 1.000000000000000000, 0.8654739388580270365, 1.000000000000000000),
 ( 1.000000000000000000, 0.8577090244868200708, 1.000000000000000000),
 ( 1.000000000000000000, 0.8339186905765980651, 1.000000000000000000),
 ( 1.000000000000000000, 0.8173696907318013238, 1.000000000000000000),
 ( 1.000000000000000000, 0.7926204766704343374, 1.000000000000000000),
 ( 1.000000000000000000, 0.7844442768394532806, 1.000000000000000000),
 ( 1.000000000000000000, 0.7687580286574324795, 1.000000000000000000),
 ( 1.000000000000000000, 0.7612122131715471918, 1.000000000000000000),
 ( 1.000000000000000000, 0.7470601413027095905, 1.000000000000000000),
 ( 1.000000000000000000, 0.7404531340956451713, 1.000000000000000000),
 ( 1.000000000000000000, 0.7286040209106318111, 1.000000000000000000),
 ( 1.000000000000000000, 0.7234907613604654175, 1.000000000000000000),
 ( 1.000000000000000000, 0.7152128561903746684, 1.000000000000000000),
 ( 1.000000000000000000, 0.7120409908682003852, 1.000000000000000000),
 ( 1.000000000000000000, 0.7078895623280530014, 1.000000000000000000),
 ( 1.000000000000000000, 0.7069117745561386279, 1.000000000000000000),
 ( 1.000000000000000000, 0.7075945310646342135, 1.000000000000000000),
 ( 1.000000000000000000, 0.7128349838237965086, 1.000000000000000000),
 ( 1.000000000000000000, 0.7264948848737665665, 1.000000000000000000),
 ( 1.000000000000000000, 0.7320338936164479948, 1.000000000000000000),
 ( 1.000000000000000000, 0.7443754914690093871, 1.000000000000000000),
 ( 1.000000000000000000, 0.7512043673563564283, 1.000000000000000000),
 ( 1.000000000000000000, 0.7730834946580732447, 1.000000000000000000),
 ( 1.000000000000000000, 0.7896477287481658003, 1.000000000000000000),
 ( 1.000000000000000000, 0.8059840889111153928, 1.000000000000000000) ) ) 
 REPRESENTATION_ITEM ( '' )  SURFACE ( )  );
#1777 = EDGE_LOOP ( 'NONE', ( #1441, #488, #3007, #1470 ) ) ;
#1778 = LINE ( 'NONE', #1442, #3278 ) ;
#1779 = CARTESIAN_POINT ( 'NONE',  ( 8.045661165085768118, 116.1376015024195709, -56.76844663772306632 ) ) ;
#1780 = CARTESIAN_POINT ( 'NONE',  ( -490.0354502585750538, 352.0853531617383396, -281.8010819142765513 ) ) ;
#1781 = CARTESIAN_POINT ( 'NONE',  ( -497.5138688887958551, 352.0853531617383396, -278.8010819142765513 ) ) ;
#1782 = CARTESIAN_POINT ( 'NONE',  ( -490.2125662190875346, 134.6539366105982936, -61.99085699416650641 ) ) ;
#1783 = ORIENTED_EDGE ( 'NONE', *, *, #1796, .T. ) ;
#1784 = CARTESIAN_POINT ( 'NONE',  ( -10.90146263531238802, 352.8677938280905551, -281.7234968196142972 ) ) ;
#1785 = CARTESIAN_POINT ( 'NONE',  ( -7.615604011636048831, 122.9829969762823794, -64.08519638049791922 ) ) ;
#1786 = EDGE_CURVE ( 'NONE', #1450, #2590, #2797, .T. ) ;
#1787 = CARTESIAN_POINT ( 'NONE',  ( -11.49173565365137861, 230.6848908530854771, -149.7348280029794694 ) ) ;
#1788 = CARTESIAN_POINT ( 'NONE',  ( -483.8338564293958370, 118.5492497127029452, -60.94748979866174921 ) ) ;
#1789 = CARTESIAN_POINT ( 'NONE',  ( -488.8462704847859186, 124.9690592448079087, -42.52486617272164438 ) ) ;
#1790 = CARTESIAN_POINT ( 'NONE',  ( -469.9899011771120740, 136.8941688435735102, -48.93006267374570228 ) ) ;
#1791 = DIRECTION ( 'NONE',  ( -0.8971918590192486942, -0.4416409945980839247, 0.000000000000000000 ) ) ;
#1792 = CARTESIAN_POINT ( 'NONE',  ( 10.31058683898558748, 126.1827556264977233, -42.37060285228564993 ) ) ;
#1793 = CARTESIAN_POINT ( 'NONE',  ( -106.5189293488842708, 281.3481284940962155, -122.6845504198393257 ) ) ;
#1794 = CARTESIAN_POINT ( 'NONE',  ( -10.94962823639047933, 137.7168090296257503, -55.31730289629444286 ) ) ;
#1795 = CARTESIAN_POINT ( 'NONE',  ( -489.5737207316016111, 137.3610235010845599, -56.79836223185375133 ) ) ;
#1796 = EDGE_CURVE ( 'NONE', #1300, #1571, #3478, .T. ) ;
#1797 = ORIENTED_EDGE ( 'NONE', *, *, #4619, .F. ) ;
#1798 = AXIS2_PLACEMENT_3D ( 'NONE', #3039, #4643, #132 ) ;
#1799 = CARTESIAN_POINT ( 'NONE',  ( -466.8255082004023961, 351.3099471396012063, -281.7057353457267936 ) ) ;
#1800 = CARTESIAN_POINT ( 'NONE',  ( -468.8675034244894846, 115.8827749615171001, -55.78017021075192616 ) ) ;
#1801 = CARTESIAN_POINT ( 'NONE',  ( -368.0838083805139718, 276.1561468129112313, -135.2600365010867165 ) ) ;
#1802 = CARTESIAN_POINT ( 'NONE',  ( -6.862663675641415217, 121.0383137615190918, -63.01759202453714437 ) ) ;
#1803 = ORIENTED_EDGE ( 'NONE', *, *, #14, .T. ) ;
#1804 = CARTESIAN_POINT ( 'NONE',  ( -1.111738998407558299, 242.5716956623869862, -151.3957378549683597 ) ) ;
#1805 = CARTESIAN_POINT ( 'NONE',  ( 10.10590792959531470, 115.6652335141318844, -53.88071952861088931 ) ) ;
#1806 = CARTESIAN_POINT ( 'NONE',  ( -464.8497626771940645, 350.7602592296517514, -276.1025111267265402 ) ) ;
#1807 = DIRECTION ( 'NONE',  ( -0.9063077870366492705, 0.2988362387301207179, 0.2988362387301209400 ) ) ;
#1808 = CARTESIAN_POINT ( 'NONE',  ( -485.3518521171044995, 137.4880741412830787, -50.06727506315885989 ) ) ;
#1809 = ORIENTED_EDGE ( 'NONE', *, *, #776, .T. ) ;
#1810 = CARTESIAN_POINT ( 'NONE',  ( -466.4929824314236271, 137.9980075077147319, -55.77509129685431333 ) ) ;
#1811 = CARTESIAN_POINT ( 'NONE',  ( -10.61024429424798399, 354.6921420432794889, -277.3031547547657283 ) ) ;
#1812 = CARTESIAN_POINT ( 'NONE',  ( -10.39565379125818723, 115.3742634140657515, -52.44525241395130877 ) ) ;
#1813 = FACE_OUTER_BOUND ( 'NONE', #2746, .T. ) ;
#1814 = CARTESIAN_POINT ( 'NONE',  ( -497.5138688887958551, 352.0853531617383396, -278.8010819142765513 ) ) ;
#1815 = CARTESIAN_POINT ( 'NONE',  ( -486.7694979104680328, 115.7306115377337363, -54.75437119884713155 ) ) ;
#1816 = CARTESIAN_POINT ( 'NONE',  ( 12.81906960208331547, 121.3546690913445900, -43.77872338181851575 ) ) ;
#1817 = CIRCLE ( 'NONE', #5001, 1.000000000000000888 ) ;
#1818 = CARTESIAN_POINT ( 'NONE',  ( -471.1696339357480383, 135.1235510880419781, -46.17467904535899947 ) ) ;
#1819 = CARTESIAN_POINT ( 'NONE',  ( 12.36378639971311699, 353.5858166412720607, -276.1958527831554875 ) ) ;
#1820 = DIRECTION ( 'NONE',  ( 1.000000000000000000, 0.000000000000000000, 0.000000000000000000 ) ) ;
#1821 = CARTESIAN_POINT ( 'NONE',  ( 12.64636757431860126, 136.7954420444594064, -58.28783023808966846 ) ) ;
#1822 = CARTESIAN_POINT ( 'NONE',  ( -488.1891217630316646, 125.4906217910448163, -42.42933556652903349 ) ) ;
#1823 = CARTESIAN_POINT ( 'NONE',  ( -6.652720812057166810, 136.1849559089139348, -47.59824482100415821 ) ) ;
#1824 = ORIENTED_EDGE ( 'NONE', *, *, #939, .T. ) ;
#1825 = DIRECTION ( 'NONE',  ( 1.000000000000000000, -0.000000000000000000, 0.000000000000000000 ) ) ;
#1826 = CARTESIAN_POINT ( 'NONE',  ( -471.2480207766587910, 119.7265011088457811, -62.06579564251917702 ) ) ;
#1827 = CARTESIAN_POINT ( 'NONE',  ( -367.5149017000822482, 273.4582634373507517, -136.3763523606187960 ) ) ;
#1828 = CARTESIAN_POINT ( 'NONE',  ( -465.8594184301291534, 230.4345205185031489, -149.9919821145020649 ) ) ;
#1829 = FACE_OUTER_BOUND ( 'NONE', #4917, .T. ) ;
#1830 = ORIENTED_EDGE ( 'NONE', *, *, #3106, .F. ) ;
#1831 = CARTESIAN_POINT ( 'NONE',  ( -1.237759771675993825, 245.0278024215404571, -153.8678685306693410 ) ) ;
#1832 = CARTESIAN_POINT ( 'NONE',  ( 8.922425037600676845, 115.5548002555037215, -55.05786398153732364 ) ) ;
#1833 = CARTESIAN_POINT ( 'NONE',  ( -489.9448070402746112, 354.9896958121859143, -278.0246676232021059 ) ) ;
#1834 = CARTESIAN_POINT ( 'NONE',  ( -468.3291706381248218, 127.8946537485006161, -42.19966592471490685 ) ) ;
#1835 = CARTESIAN_POINT ( 'NONE',  ( -488.7946500340343619, 137.9106188888762006, -56.32075843461564091 ) ) ;
#1836 = ORIENTED_EDGE ( 'NONE', *, *, #1757, .T. ) ;
#1837 = CARTESIAN_POINT ( 'NONE',  ( -468.6537486263383698, 137.6981484789584158, -51.53742296123259337 ) ) ;
#1838 = CYLINDRICAL_SURFACE ( 'NONE', #804, 3.000000000000002665 ) ;
#1839 = DIRECTION ( 'NONE',  ( 0.000000000000000000, 0.000000000000000000, -1.000000000000000000 ) ) ;
#1840 = CARTESIAN_POINT ( 'NONE',  ( -10.56384385157334904, 228.0600582285083533, -164.7481095119174199 ) ) ;
#1841 = CARTESIAN_POINT ( 'NONE',  ( -489.3018957813382599, 115.9943074093770718, -50.76355853467283197 ) ) ;
#1842 = CARTESIAN_POINT ( 'NONE',  ( 6.683730480022205711, 120.5916005070774304, -62.71204815116205111 ) ) ;
#1843 = CARTESIAN_POINT ( 'NONE',  ( -12.23488002171369260, 130.4983180165065164, -63.93802862648645657 ) ) ;
#1844 = CARTESIAN_POINT ( 'NONE',  ( -367.5149017002977985, 259.7506313614624105, -122.6687202847191003 ) ) ;
#1845 = CARTESIAN_POINT ( 'NONE',  ( -367.0079969573021117, 269.9965406033840054, -136.6721700096929055 ) ) ;
#1846 = CARTESIAN_POINT ( 'NONE',  ( 12.69541713037219033, 134.5935477646508502, -62.04575916054478313 ) ) ;
#1847 = CARTESIAN_POINT ( 'NONE',  ( -483.8343227303329854, 134.9806426893352977, -46.01420338205801386 ) ) ;
#1848 = CARTESIAN_POINT ( 'NONE',  ( -6.361664410719979124, 135.6336414168898159, -46.80331031451249402 ) ) ;
#1849 = CARTESIAN_POINT ( 'NONE',  ( -488.4343365914109540, 354.9332910820389202, -279.7641533942615411 ) ) ;
#1850 = EDGE_LOOP ( 'NONE', ( #2495, #3188, #4198, #3337 ) ) ;
#1851 = CARTESIAN_POINT ( 'NONE',  ( 10.16228071974513725, 127.3682875978426949, -64.86576765487987473 ) ) ;
#1852 = CIRCLE ( 'NONE', #4791, 3.000000000000002665 ) ;
#1853 = CARTESIAN_POINT ( 'NONE',  ( -467.7893162833148040, 126.2994743576117571, -64.57019327533143382 ) ) ;
#1854 = ADVANCED_FACE ( 'NONE', ( #3536 ), #2237, .T. ) ;
#1855 = EDGE_CURVE ( 'NONE', #4415, #3220, #1131, .T. ) ;
#1856 = VERTEX_POINT ( 'NONE', #4322 ) ;
#1857 = CARTESIAN_POINT ( 'NONE',  ( -16.69999999999999929, 126.7631832112599852, -56.47891196379821110 ) ) ;
#1858 = EDGE_LOOP ( 'NONE', ( #5085, #1478, #4495, #2556, #4979 ) ) ;
#1859 = ADVANCED_FACE ( 'NONE', ( #3488, #1072 ), #3513, .F. ) ;
#1860 = CARTESIAN_POINT ( 'NONE',  ( -12.42778464061140653, 122.5357790332957251, -43.20848215661484204 ) ) ;
#1861 = AXIS2_PLACEMENT_3D ( 'NONE', #1666, #2031, #3594 ) ;
#1862 = CARTESIAN_POINT ( 'NONE',  ( 12.03538543837719921, 116.2423390785857436, -48.71534139196935342 ) ) ;
#1863 = FACE_BOUND ( 'NONE', #504, .T. ) ;
#1864 = CARTESIAN_POINT ( 'NONE',  ( -6.771568075211868987, 117.3987635899811721, -59.44986066390556090 ) ) ;
#1865 = CARTESIAN_POINT ( 'NONE',  ( -490.1937105332195870, 116.8221093849681864, -48.52785692537311490 ) ) ;
#1866 = ORIENTED_EDGE ( 'NONE', *, *, #1719, .T. ) ;
#1867 = EDGE_CURVE ( 'NONE', #4443, #1130, #463, .T. ) ;
#1868 = CARTESIAN_POINT ( 'NONE',  ( -470.2511127347237903, 136.7134471155070514, -48.50474683601628811 ) ) ;
#1869 = LINE ( 'NONE', #2654, #840 ) ;
#1870 = DIRECTION ( 'NONE',  ( 0.000000000000000000, 0.000000000000000000, 1.000000000000000000 ) ) ;
#1871 = CARTESIAN_POINT ( 'NONE',  ( -489.1558847737990163, 115.8603408349542576, -49.77023964204319384 ) ) ;
#1872 = LINE ( 'NONE', #4320, #936 ) ;
#1873 = CARTESIAN_POINT ( 'NONE',  ( -13.10507045395728376, 135.6430921835943764, -60.15045905929820691 ) ) ;
#1874 = CARTESIAN_POINT ( 'NONE',  ( -477.5138688887957983, 262.9898987322330299, -189.7056274847716963 ) ) ;
#1875 = DIRECTION ( 'NONE',  ( 0.000000000000000000, 0.000000000000000000, -1.000000000000000000 ) ) ;
#1876 = CARTESIAN_POINT ( 'NONE',  ( 9.901632883272034391, 137.8590528665599777, -52.72985312152560056 ) ) ;
#1877 = CARTESIAN_POINT ( 'NONE',  ( -486.6398903934726832, 128.2601645478537193, -42.45740141585984162 ) ) ;
#1878 = CARTESIAN_POINT ( 'NONE',  ( -8.125327080718314221, 137.6481201147797435, -50.55520356997207898 ) ) ;
#1879 = ORIENTED_EDGE ( 'NONE', *, *, #1306, .T. ) ;
#1880 = CARTESIAN_POINT ( 'NONE',  ( 7.219161732355468430, 122.2623107733994061, -63.75804781228121243 ) ) ;
#1881 = CARTESIAN_POINT ( 'NONE',  ( -474.2629200198357466, 247.1410209232005002, -156.4907318851769276 ) ) ;
#1882 = ORIENTED_EDGE ( 'NONE', *, *, #3360, .F. ) ;
#1883 = PLANE ( 'NONE',  #771 ) ;
#1884 = ORIENTED_EDGE ( 'NONE', *, *, #1541, .F. ) ;
#1885 = CARTESIAN_POINT ( 'NONE',  ( -9.982570844097828910, 126.4965005932580340, -42.07630995878741231 ) ) ;
#1886 = CARTESIAN_POINT ( 'NONE',  ( 12.08210406069734866, 121.8611552861544141, -43.01723213175178984 ) ) ;
#1887 = CARTESIAN_POINT ( 'NONE',  ( -370.6547494157490519, 271.0863223916460925, -114.4989344394390400 ) ) ;
#1888 = CARTESIAN_POINT ( 'NONE',  ( -488.5307130118441137, 125.5708596272080371, -42.43906220150652331 ) ) ;
#1889 = CARTESIAN_POINT ( 'NONE',  ( -6.048360226787842464, 118.7942330884313975, -61.30291714098364508 ) ) ;
#1890 = CARTESIAN_POINT ( 'NONE',  ( -484.0376865946894895, 120.1532205631456804, -62.39803204499323641 ) ) ;
#1891 = CARTESIAN_POINT ( 'NONE',  ( -9.555934523588026863, 128.0641133692481333, -42.45043757250586225 ) ) ;
#1892 = FACE_OUTER_BOUND ( 'NONE', #3390, .T. ) ;
#1893 = CARTESIAN_POINT ( 'NONE',  ( -477.5138688887958551, 234.7056274847712132, -161.4213562373098512 ) ) ;
#1894 = CARTESIAN_POINT ( 'NONE',  ( -12.66647782810930423, 228.2132955965857093, -153.5248272273869929 ) ) ;
#1895 = CARTESIAN_POINT ( 'NONE',  ( -487.9368256115675422, 115.6681550688813047, -52.68814340877965208 ) ) ;
#1896 = CARTESIAN_POINT ( 'NONE',  ( 8.186129864130125000, 123.2960253859180995, -64.02844718590061746 ) ) ;
#1897 = CARTESIAN_POINT ( 'NONE',  ( -468.8197540668308534, 137.5580791998717132, -50.81069729353277609 ) ) ;
#1898 = DIRECTION ( 'NONE',  ( 1.000000000000000000, 0.000000000000000000, 0.000000000000000000 ) ) ;
#1899 = CARTESIAN_POINT ( 'NONE',  ( -464.9024849401149595, 352.8596622006650705, -281.7059870212170836 ) ) ;
#1900 = CARTESIAN_POINT ( 'NONE',  ( -484.4964456542550693, 132.2942518188068277, -43.84839146176131663 ) ) ;
#1901 = CARTESIAN_POINT ( 'NONE',  ( -6.247450572764503107, 133.8433810946522726, -44.92081415263320565 ) ) ;
#1902 = ORIENTED_EDGE ( 'NONE', *, *, #1415, .T. ) ;
#1903 = AXIS2_PLACEMENT_3D ( 'NONE', #1698, #133, #4073 ) ;
#1904 = AXIS2_PLACEMENT_3D ( 'NONE', #3798, #2609, #1791 ) ;
#1905 = CARTESIAN_POINT ( 'NONE',  ( 11.00001175346495152, 354.0666956384250170, -281.0624410717122146 ) ) ;
#1906 = CARTESIAN_POINT ( 'NONE',  ( -472.7191707654386050, 247.9775982631747127, -158.0433970636159984 ) ) ;
#1907 = VERTEX_POINT ( 'NONE', #729 ) ;
#1908 = CARTESIAN_POINT ( 'NONE',  ( -12.62365808358579145, 117.6034585381266737, -46.36150192357587940 ) ) ;
#1909 = AXIS2_PLACEMENT_3D ( 'NONE', #4390, #341, #3530 ) ;
#1910 = CARTESIAN_POINT ( 'NONE',  ( 12.62866994461052705, 117.9846820901289988, -46.67519873722773838 ) ) ;
#1911 = CARTESIAN_POINT ( 'NONE',  ( -9.963066567500804993, 127.4278358811361471, -41.89796913394076938 ) ) ;
#1912 = APPLICATION_CONTEXT ( 'automotive_design' ) ;
#1913 = CARTESIAN_POINT ( 'NONE',  ( -365.0351916469113007, 258.9479232327208251, -136.6610075896952026 ) ) ;
#1914 = CARTESIAN_POINT ( 'NONE',  ( -9.600653990199839782, 126.3568609690282329, -64.82992300428578858 ) ) ;
#1915 = CARTESIAN_POINT ( 'NONE',  ( -490.4639883419612261, 117.3586838180399354, -47.57140068227008101 ) ) ;
#1916 = CARTESIAN_POINT ( 'NONE',  ( -493.2138688887957869, 126.7631832112599852, -42.37891196379820968 ) ) ;
#1917 = DIRECTION ( 'NONE',  ( 0.000000000000000000, 0.000000000000000000, -1.000000000000000000 ) ) ;
#1918 = CARTESIAN_POINT ( 'NONE',  ( -10.28190707299963336, 229.6755647467848860, -166.9340843665144405 ) ) ;
#1919 = CARTESIAN_POINT ( 'NONE',  ( -488.6934390992162207, 115.5908959892828847, -50.84168996738007706 ) ) ;
#1920 = EDGE_CURVE ( 'NONE', #3481, #4922, #4244, .T. ) ;
#1921 = CARTESIAN_POINT ( 'NONE',  ( -477.5138688887957983, 349.4690580713478880, -294.1452990660249043 ) ) ;
#1922 = VECTOR ( 'NONE', #670, 1000.000000000000114 ) ;
#1923 = DIRECTION ( 'NONE',  ( 0.000000000000000000, 0.7071067811865475727, 0.7071067811865475727 ) ) ;
#1924 = CARTESIAN_POINT ( 'NONE',  ( -16.69999999999999929, 126.7631832112599852, -42.37891196379820968 ) ) ;
#1925 = CARTESIAN_POINT ( 'NONE',  ( -464.9023460263998118, 354.9900335524823731, -279.5766167250953345 ) ) ;
#1926 = CARTESIAN_POINT ( 'NONE',  ( -483.5670819307710531, 134.4641770760756572, -45.39075041288389656 ) ) ;
#1927 = ORIENTED_EDGE ( 'NONE', *, *, #4334, .T. ) ;
#1928 = CARTESIAN_POINT ( 'NONE',  ( -6.134873510987327805, 133.8701684292622645, -44.85977181357618804 ) ) ;
#1929 = ORIENTED_EDGE ( 'NONE', *, *, #4106, .T. ) ;
#1930 = CARTESIAN_POINT ( 'NONE',  ( 11.33240159599008834, 124.9690592448079371, -42.52486617272163727 ) ) ;
#1931 = CARTESIAN_POINT ( 'NONE',  ( -469.6120565142727514, 122.8534842089637209, -63.89148906548261664 ) ) ;
#1932 = CARTESIAN_POINT ( 'NONE',  ( -477.5138688887957983, 358.4493141924170345, -285.1650429449557009 ) ) ;
#1933 = ORIENTED_EDGE ( 'NONE', *, *, #1867, .F. ) ;
#1934 = CARTESIAN_POINT ( 'NONE',  ( -12.56504111638169441, 120.4342563472778806, -44.32836354642891052 ) ) ;
#1935 = AXIS2_PLACEMENT_3D ( 'NONE', #441, #1569, #5189 ) ;
#1936 = CARTESIAN_POINT ( 'NONE',  ( 10.66920687894378972, 115.4126302314515016, -51.91854404273925638 ) ) ;
#1937 = DIRECTION ( 'NONE',  ( 0.000000000000000000, 1.000000000000000000, 0.000000000000000000 ) ) ;
#1938 = CARTESIAN_POINT ( 'NONE',  ( -371.3182069992778338, 277.3543195260719472, -116.7178308401674229 ) ) ;
#1939 = CARTESIAN_POINT ( 'NONE',  ( -6.978329319916566575, 116.7077666388568957, -58.43275257519145072 ) ) ;
#1940 = CARTESIAN_POINT ( 'NONE',  ( -489.6305026421257480, 123.3113511999658840, -42.92345245341888926 ) ) ;
#1941 = DIRECTION ( 'NONE',  ( -0.000000000000000000, 0.7071067811865475727, -0.7071067811865475727 ) ) ;
#1942 = AXIS2_PLACEMENT_3D ( 'NONE', #3269, #1621, #4451 ) ;
#1943 = DIRECTION ( 'NONE',  ( 0.000000000000000000, 0.7071067811865475727, -0.7071067811865475727 ) ) ;
#1944 = DIRECTION ( 'NONE',  ( 0.9063077870366493816, 0.2988362387301207179, 0.2988362387301209400 ) ) ;
#1945 = CARTESIAN_POINT ( 'NONE',  ( -469.5762264025028117, 122.9100233663844364, -63.91135686233496926 ) ) ;
#1946 = CARTESIAN_POINT ( 'NONE',  ( -489.5336140353469432, 123.5626569401025705, -42.82449494018237601 ) ) ;
#1947 = FACE_OUTER_BOUND ( 'NONE', #5027, .T. ) ;
#1948 =( BOUNDED_CURVE ( )  B_SPLINE_CURVE ( 3, ( #4703, #2255, #1913, #229 ),
 .UNSPECIFIED., .F., .T. ) 
 B_SPLINE_CURVE_WITH_KNOTS ( ( 4, 4 ),
 ( 1.570796326794875686, 3.926990816987235178 ),
 .UNSPECIFIED. ) 
 CURVE ( )  GEOMETRIC_REPRESENTATION_ITEM ( )  RATIONAL_B_SPLINE_CURVE ( ( 1.000000000000000000, 0.5884556215767220433, 0.5884556215767220433, 1.000000000000000000 ) ) 
 REPRESENTATION_ITEM ( '' )  );
#1949 = CARTESIAN_POINT ( 'NONE',  ( -484.5580833472214408, 121.9375802188738618, -63.60028696969946793 ) ) ;
#1950 = CARTESIAN_POINT ( 'NONE',  ( -470.3747233465888371, 131.9924442074071749, -43.68109593855232475 ) ) ;
#1951 = EDGE_CURVE ( 'NONE', #601, #4719, #717, .T. ) ;
#1952 = CARTESIAN_POINT ( 'NONE',  ( -485.8272169666419700, 123.9103773493361587, -64.22818813075352296 ) ) ;
#1953 = CARTESIAN_POINT ( 'NONE',  ( -484.3213811070081647, 136.6797337388946687, -48.22648661833049033 ) ) ;
#1954 = CARTESIAN_POINT ( 'NONE',  ( 6.359003900932131081, 135.9738764406756388, -47.14124974485704200 ) ) ;
#1955 = AXIS2_PLACEMENT_3D ( 'NONE', #4715, #1898, #1045 ) ;
#1956 = DIRECTION ( 'NONE',  ( 0.000000000000000000, 0.7071067811865475727, 0.7071067811865475727 ) ) ;
#1957 = CARTESIAN_POINT ( 'NONE',  ( -469.7808449371772781, 122.9501370880304165, -63.92915397759065144 ) ) ;
#1958 = CARTESIAN_POINT ( 'NONE',  ( 12.69996437231929498, 349.8238763890265659, -276.8201312970596177 ) ) ;
#1959 = EDGE_LOOP ( 'NONE', ( #4847, #3671, #4041, #931 ) ) ;
#1960 = CARTESIAN_POINT ( 'NONE',  ( -12.18901290056031428, 121.5261241225906019, -43.17082361745246999 ) ) ;
#1961 = CARTESIAN_POINT ( 'NONE',  ( -464.8787934045326438, 227.3763903804901929, -156.1491883203410111 ) ) ;
#1962 = CARTESIAN_POINT ( 'NONE',  ( 12.55777744933844708, 122.1771742340487634, -43.36344196700945730 ) ) ;
#1963 = CARTESIAN_POINT ( 'NONE',  ( -467.5352363950448193, 126.1529073061082613, -64.56212283969473731 ) ) ;
#1964 = CARTESIAN_POINT ( 'NONE',  ( -369.9948258778778722, 281.3752577547479632, -128.4736496053125450 ) ) ;
#1965 = CARTESIAN_POINT ( 'NONE',  ( -8.932236239661758503, 124.9419660866849426, -64.45120116825157197 ) ) ;
#1966 = CARTESIAN_POINT ( 'NONE',  ( -8.694114821964918249, 137.5580791998717700, -50.81069729353282582 ) ) ;
#1967 = CARTESIAN_POINT ( 'NONE',  ( -12.69535095958937454, 354.4714284739995946, -280.6300577371503664 ) ) ;
#1968 = CARTESIAN_POINT ( 'NONE',  ( -12.40713828735486501, 116.8694973404230666, -47.45909149490647394 ) ) ;
#1969 = CARTESIAN_POINT ( 'NONE',  ( 7.855212772140018451, 137.2632289269525927, -49.86023629915995770 ) ) ;
#1970 = CARTESIAN_POINT ( 'NONE',  ( -466.6929438119735210, 352.2825759257688105, -281.8010819142764944 ) ) ;
#1971 = CARTESIAN_POINT ( 'NONE',  ( -109.4300605082492410, 260.8669472209903120, -119.9708369091792832 ) ) ;
#1972 = CARTESIAN_POINT ( 'NONE',  ( 0.000000000000000000, 65.00000000000000000, -20.00000000000000000 ) ) ;
#1973 = CARTESIAN_POINT ( 'NONE',  ( -464.6764108549963908, 132.1841932197609992, -63.19543370214759648 ) ) ;
#1974 = CARTESIAN_POINT ( 'NONE',  ( -471.4643114321569897, 134.7707101809345431, -45.69438235178488839 ) ) ;
#1975 = CARTESIAN_POINT ( 'NONE',  ( -465.1684429335787172, 354.4722992398643555, -276.9732893197302133 ) ) ;
#1976 = CARTESIAN_POINT ( 'NONE',  ( -489.7279623456410604, 136.7339616036536825, -58.41591193496766721 ) ) ;
#1977 = ORIENTED_EDGE ( 'NONE', *, *, #3328, .T. ) ;
#1978 = CARTESIAN_POINT ( 'NONE',  ( -9.187237740548528819, 127.8980486138862602, -42.18368544952012655 ) ) ;
#1979 = DIRECTION ( 'NONE',  ( -1.000000000000000000, 0.000000000000000000, 0.000000000000000000 ) ) ;
#1980 = FACE_OUTER_BOUND ( 'NONE', #46, .T. ) ;
#1981 = CARTESIAN_POINT ( 'NONE',  ( -106.4681342784137144, 276.1561468125517536, -115.8619786781549834 ) ) ;
#1982 = CARTESIAN_POINT ( 'NONE',  ( 12.36375301311628405, 350.5845315592646330, -281.4061552559458619 ) ) ;
#1983 = ORIENTED_EDGE ( 'NONE', *, *, #3173, .T. ) ;
#1984 = CARTESIAN_POINT ( 'NONE',  ( -12.15138532553536166, 116.3984199165295763, -48.36228805885941995 ) ) ;
#1985 = CARTESIAN_POINT ( 'NONE',  ( -11.77844763855186194, 137.5584195485926386, -56.15551556070102635 ) ) ;
#1986 = CARTESIAN_POINT ( 'NONE',  ( -466.3688636532381793, 233.4493470119211622, -168.7820383733005087 ) ) ;
#1987 = CARTESIAN_POINT ( 'NONE',  ( -12.52158136977918979, 352.0853531617383396, -281.8010819142765513 ) ) ;
#1988 = B_SPLINE_CURVE_WITH_KNOTS ( 'NONE', 3,
 ( #3157, #3535, #4767, #22, #3234, #2393, #4031, #728, #754, #2815, #1949, #3611, #4005, #1614, #3210, #2791, #4418, #1171, #827, #2715, #430, #1534, #1124, #2025, #2766, #3584, #3133, #1148, #4371, #2317, #3930, #348, #777, #2368, #4786, #3980, #4396, #376, #5180, #1193, #2519, #4473, #4520, #2049, #952, #3262, #4543, #2893, #148, #482, #1339, #4131, #2545, #2496, #4159, #3735 ),
 .UNSPECIFIED., .F., .F.,
 ( 4, 2, 2, 2, 2, 2, 2, 2, 2, 2, 2, 2, 2, 2, 2, 2, 2, 2, 2, 2, 2, 2, 2, 2, 2, 2, 2, 4 ),
 ( 0.07514532557842221183, 0.07635352165781326972, 0.07756171773720432761, 0.07997810989598652665, 0.08239450205476868405, 0.08360269813415981133, 0.08481089421355092473, 0.08601909029294203812, 0.08722728637233316540, 0.08843548245172427880, 0.08964367853111540607, 0.09085187461050651947, 0.09206007068989763287, 0.09447646284867987354, 0.09568465892807100082, 0.09689285500746214197, 0.09930924716624449367, 0.1005174432456356348, 0.1017256393250267898, 0.1029338354044179449, 0.1041420314838090999, 0.1053502275632002549, 0.1065584236425914100, 0.1089748158013736923, 0.1101830118807648196, 0.1113912079601559468, 0.1125994040395470741, 0.1138076001189382014 ),
 .UNSPECIFIED. ) ;
#1989 = DIRECTION ( 'NONE',  ( 0.5006344305770105141, 0.8642366493550525108, -0.04960021000343215608 ) ) ;
#1990 = AXIS2_PLACEMENT_3D ( 'NONE', #2467, #501, #3702 ) ;
#1991 = CARTESIAN_POINT ( 'NONE',  ( -494.2138688887957869, 126.7631832112599852, -53.47891196379821110 ) ) ;
#1992 = CARTESIAN_POINT ( 'NONE',  ( 12.61060213968763399, 135.9914395242616081, -60.50587274938576599 ) ) ;
#1993 = FACE_BOUND ( 'NONE', #2169, .T. ) ;
#1994 = LINE ( 'NONE', #1701, #2577 ) ;
#1995 = CARTESIAN_POINT ( 'NONE',  ( 12.24700462442544335, 137.2120479705010894, -57.24344424674782061 ) ) ;
#1996 = CARTESIAN_POINT ( 'NONE',  ( -466.8487962288774611, 353.0485171299411604, -275.9531359384533857 ) ) ;
#1997 = CARTESIAN_POINT ( 'NONE',  ( -111.0040142761825024, 267.6605746143174542, -136.3721043000176678 ) ) ;
#1998 = CARTESIAN_POINT ( 'NONE',  ( -6.230847205740545292, 133.4945229978702059, -44.55891769621553777 ) ) ;
#1999 = CARTESIAN_POINT ( 'NONE',  ( -471.1716882722267314, 117.5834860924732510, -59.86056312425551340 ) ) ;
#2000 = DIRECTION ( 'NONE',  ( -0.000000000000000000, -0.7071067811865476838, 0.7071067811865474617 ) ) ;
#2001 = CARTESIAN_POINT ( 'NONE',  ( -470.9676493339009085, 132.8956004303550458, -44.21840169176222446 ) ) ;
#2002 = CARTESIAN_POINT ( 'NONE',  ( -484.7372421348786133, 122.2701218798771379, -63.76182596780810741 ) ) ;
#2003 = CARTESIAN_POINT ( 'NONE',  ( -488.7869353210824670, 137.5789817375548694, -56.00504784172871808 ) ) ;
#2004 = CARTESIAN_POINT ( 'NONE',  ( -8.777188436625440460, 128.5882609838728854, -42.30126064782611195 ) ) ;
#2005 = CARTESIAN_POINT ( 'NONE',  ( 10.21807580339016042, 115.3623862319793005, -52.77915359250349780 ) ) ;
#2006 = CARTESIAN_POINT ( 'NONE',  ( -490.0221483634854849, 131.1820564938723237, -63.68539164629509486 ) ) ;
#2007 = ORIENTED_EDGE ( 'NONE', *, *, #1796, .F. ) ;
#2008 = FACE_OUTER_BOUND ( 'NONE', #2984, .T. ) ;
#2009 = ADVANCED_FACE ( 'NONE', ( #5080 ), #3428, .F. ) ;
#2010 = CARTESIAN_POINT ( 'NONE',  ( -16.69999999999999929, 126.7631832112599852, -43.37891196379821679 ) ) ;
#2011 = CARTESIAN_POINT ( 'NONE',  ( -464.9863518792373043, 117.5543380272742127, -47.26974987695864172 ) ) ;
#2012 = EDGE_CURVE ( 'NONE', #4500, #4808, #2972, .T. ) ;
#2013 = CARTESIAN_POINT ( 'NONE',  ( -370.9062846855967450, 273.4639558291169124, -114.7480561114106905 ) ) ;
#2014 = CARTESIAN_POINT ( 'NONE',  ( -489.9246654569389534, 349.2382471808703599, -279.7665932079420941 ) ) ;
#2015 = CARTESIAN_POINT ( 'NONE',  ( -12.36364743582415393, 353.5874664050690512, -276.1966631933742633 ) ) ;
#2016 = FACE_OUTER_BOUND ( 'NONE', #950, .T. ) ;
#2017 = VECTOR ( 'NONE', #4315, 1000.000000000000000 ) ;
#2018 = CARTESIAN_POINT ( 'NONE',  ( -466.5552533600036327, 354.7835775459995489, -280.1269162172548022 ) ) ;
#2019 = CARTESIAN_POINT ( 'NONE',  ( -111.0040142761825024, 259.7548794220527952, -128.4664091077380874 ) ) ;
#2020 = EDGE_CURVE ( 'NONE', #33, #1636, #1747, .T. ) ;
#2021 = CARTESIAN_POINT ( 'NONE',  ( -8.780767832744277968, 128.5826390254292448, -42.31609207667042227 ) ) ;
#2022 = ORIENTED_EDGE ( 'NONE', *, *, #140, .T. ) ;
#2023 = AXIS2_PLACEMENT_3D ( 'NONE', #4944, #1352, #4507 ) ;
#2024 = CARTESIAN_POINT ( 'NONE',  ( -467.1717221097174502, 126.7631832112599852, -42.37891196379820968 ) ) ;
#2025 = CARTESIAN_POINT ( 'NONE',  ( -484.6157127850038364, 116.5873925964896500, -58.19558671682491990 ) ) ;
#2026 = CARTESIAN_POINT ( 'NONE',  ( -468.6013697960977993, 128.6172905787450134, -42.51196294618201676 ) ) ;
#2027 = CARTESIAN_POINT ( 'NONE',  ( 12.41079656814301480, 354.9324591426062625, -277.8355706206110085 ) ) ;
#2028 = CARTESIAN_POINT ( 'NONE',  ( -485.8363908173309369, 137.7441168978525639, -50.88836164555454644 ) ) ;
#2029 = VERTEX_POINT ( 'NONE', #105 ) ;
#2030 = CARTESIAN_POINT ( 'NONE',  ( 9.031773569374173860, 138.0183561355005111, -52.08382042236360121 ) ) ;
#2031 = DIRECTION ( 'NONE',  ( 0.000000000000000000, 0.7071067811865476838, -0.7071067811865474617 ) ) ;
#2032 = CARTESIAN_POINT ( 'NONE',  ( -107.4670289722940879, 267.6438921348757276, -114.7665933586869187 ) ) ;
#2033 = B_SPLINE_CURVE_WITH_KNOTS ( 'NONE', 3,
 ( #3151, #793, #5148, #1553, #4762, #1167, #769, #369, #1967, #4023, #4438, #894, #2512, #1235, #4829, #3255, #4075, #1605, #3677, #848, #1285, #4878, #2441, #4466, #2885, #2015, #1677, #4120, #3629, #4489, #3700, #474 ),
 .UNSPECIFIED., .F., .F.,
 ( 4, 2, 2, 2, 2, 2, 2, 2, 2, 2, 2, 2, 2, 2, 2, 4 ),
 ( 0.009413473600668289740, 0.01058991109180941470, 0.01117812983738008387, 0.01176634858295075477, 0.01235456732852142393, 0.01294278607409209483, 0.01353100481966276400, 0.01411922356523343663, 0.01470744231080410580, 0.01529566105637477670, 0.01588387980194544760, 0.01647209854751612024, 0.01706031729308678940, 0.01764853603865745857, 0.01823675478422813120, 0.01882497352979880037 ),
 .UNSPECIFIED. ) ;
#2034 = CARTESIAN_POINT ( 'NONE',  ( -483.8797794903539966, 119.5745013810773401, -61.93868464144008357 ) ) ;
#2035 = CARTESIAN_POINT ( 'NONE',  ( 12.63122112610417069, 349.2375555657573045, -277.8375473162257094 ) ) ;
#2036 = ORIENTED_EDGE ( 'NONE', *, *, #4964, .T. ) ;
#2037 = CARTESIAN_POINT ( 'NONE',  ( 1.555301434917138433E-15, 70.16187950266180451, -14.83812049733820437 ) ) ;
#2038 = CARTESIAN_POINT ( 'NONE',  ( -12.69999487603526944, 349.8249487924609298, -276.8188762727785388 ) ) ;
#2039 = CARTESIAN_POINT ( 'NONE',  ( -464.8481678870338669, 118.2301981759924558, -46.36966840294078196 ) ) ;
#2040 = CARTESIAN_POINT ( 'NONE',  ( 0.000000000000000000, 65.00000000000000000, 12.69999999999999929 ) ) ;
#2041 = DIRECTION ( 'NONE',  ( 1.000000000000000000, 0.000000000000000000, 0.000000000000000000 ) ) ;
#2042 = CARTESIAN_POINT ( 'NONE',  ( 0.000000000000000000, 262.9898987322330299, -189.7056274847716963 ) ) ;
#2043 = CARTESIAN_POINT ( 'NONE',  ( 10.54676053294989302, 128.0834794519828108, -64.85065641658717084 ) ) ;
#2044 = CARTESIAN_POINT ( 'NONE',  ( 10.99434020479733931, 128.6995302400683272, -64.40988844153375226 ) ) ;
#2045 = CARTESIAN_POINT ( 'NONE',  ( -467.9390915552263550, 125.4850098338377506, -64.52534633701856137 ) ) ;
#2046 = CARTESIAN_POINT ( 'NONE',  ( -111.2616591543744136, 264.9758054519489860, -135.2600365011236079 ) ) ;
#2047 = CARTESIAN_POINT ( 'NONE',  ( -9.994943761445679087, 127.0604164331064538, -64.86595070317530087 ) ) ;
#2048 = CARTESIAN_POINT ( 'NONE',  ( -469.1031624959352371, 115.7277530163569850, -55.92402842878883007 ) ) ;
#2049 = CARTESIAN_POINT ( 'NONE',  ( -490.1963588494315331, 118.0263774907858760, -45.84010767105132800 ) ) ;
#2050 = EDGE_CURVE ( 'NONE', #739, #1907, #198, .T. ) ;
#2051 = CARTESIAN_POINT ( 'NONE',  ( 12.69536703991417603, 353.9147785587584281, -281.1868033877885296 ) ) ;
#2052 = CARTESIAN_POINT ( 'NONE',  ( -489.9109831748668284, 136.3864726643759298, -59.06153772400644897 ) ) ;
#2053 = ORIENTED_EDGE ( 'NONE', *, *, #2373, .F. ) ;
#2054 = CARTESIAN_POINT ( 'NONE',  ( -477.5138688887957983, 65.00000000000000000, -20.00000000000000000 ) ) ;
#2055 = CARTESIAN_POINT ( 'NONE',  ( -368.7569344443979844, 262.7170908612151266, -117.7121223185245356 ) ) ;
#2056 = CARTESIAN_POINT ( 'NONE',  ( -11.88838605224262501, 130.7771217686238288, -63.83531461125980400 ) ) ;
#2057 = CARTESIAN_POINT ( 'NONE',  ( -490.2474566218024279, 131.8425678186453354, -63.37564572694136444 ) ) ;
#2058 = ORIENTED_EDGE ( 'NONE', *, *, #3332, .F. ) ;
#2059 = CARTESIAN_POINT ( 'NONE',  ( -12.37729839562200773, 349.3874102772775814, -280.1276841140487477 ) ) ;
#2060 = CARTESIAN_POINT ( 'NONE',  ( -464.3167925943919272, 119.1508660401781725, -45.39795969570078427 ) ) ;
#2061 = B_SPLINE_CURVE_WITH_KNOTS ( 'NONE', 3,
 ( #3006, #3744, #938, #2530, #128, #4504, #2506, #542, #2128, #3350, #705, #5108, #1464, #2299, #3111, #3858, #3910, #4746, #1849, #1128, #4326, #325, #2721, #2613, #4223, #217, #3436, #3034, #3466, #1051, #5056, #2669 ),
 .UNSPECIFIED., .F., .F.,
 ( 4, 2, 2, 2, 2, 2, 2, 2, 2, 2, 2, 2, 2, 2, 2, 4 ),
 ( 0.009425180874769257047, 0.01060309588654917423, 0.01119205339243924124, 0.01178101089832930826, 0.01236996840421937527, 0.01295892591010944228, 0.01354788341599950929, 0.01413684092188957631, 0.01472579842777964332, 0.01531475593366970860, 0.01590371343955977734, 0.01649267094544984089, 0.01708162845133990790, 0.01767058595722997491, 0.01825954346312003845, 0.01884850096901010894 ),
 .UNSPECIFIED. ) ;
#2062 = DIRECTION ( 'NONE',  ( 0.4364310211208322077, -0.8879070431376674399, -0.1454271176567580592 ) ) ;
#2063 = CARTESIAN_POINT ( 'NONE',  ( 12.68358124846943902, 135.4889783470549389, -61.13055251251057598 ) ) ;
#2064 = CARTESIAN_POINT ( 'NONE',  ( -489.8544505453481861, 350.1028131460486748, -281.0611930456936420 ) ) ;
#2065 = AXIS2_PLACEMENT_3D ( 'NONE', #1454, #3849, #1870 ) ;
#2066 = CARTESIAN_POINT ( 'NONE',  ( 6.837933800196752010, 121.2861488358779667, -63.14066265714668447 ) ) ;
#2067 = CARTESIAN_POINT ( 'NONE',  ( -494.2138688887957869, 0.000000000000000000, 0.000000000000000000 ) ) ;
#2068 = CARTESIAN_POINT ( 'NONE',  ( -466.9814707012483268, 232.0043698309239062, -148.6694070990078274 ) ) ;
#2069 = CARTESIAN_POINT ( 'NONE',  ( -109.0659591062056109, 261.6851520819222401, -118.7440610978175073 ) ) ;
#2070 = CARTESIAN_POINT ( 'NONE',  ( -6.359493597778456575, 135.9775189344440207, -47.14598676177463688 ) ) ;
#2071 = ORIENTED_EDGE ( 'NONE', *, *, #2788, .F. ) ;
#2072 = CARTESIAN_POINT ( 'NONE',  ( -10.84776889862121685, 351.6940956773538005, -275.8203294774435790 ) ) ;
#2073 = CARTESIAN_POINT ( 'NONE',  ( 11.44902276683090037, 137.7023768799850529, -55.48003849902524820 ) ) ;
#2074 = EDGE_CURVE ( 'NONE', #1336, #194, #597, .T. ) ;
#2075 = CARTESIAN_POINT ( 'NONE',  ( -486.9989919883416860, 137.7927419749208582, -52.06128653499470005 ) ) ;
#2076 = ORIENTED_EDGE ( 'NONE', *, *, #3267, .F. ) ;
#2077 = CARTESIAN_POINT ( 'NONE',  ( 6.081042711094724496, 135.0404088996463940, -45.98834486975271574 ) ) ;
#2078 = CARTESIAN_POINT ( 'NONE',  ( -107.5734482612857335, 267.6605746140758697, -114.7499108794730631 ) ) ;
#2079 = CARTESIAN_POINT ( 'NONE',  ( -12.29111585006998197, 130.6379624601772207, -63.88720448901737115 ) ) ;
#2080 = CARTESIAN_POINT ( 'NONE',  ( -487.8836434728149243, 137.8825655858762218, -53.51247052818422389 ) ) ;
#2081 = ORIENTED_EDGE ( 'NONE', *, *, #2408, .T. ) ;
#2082 = AXIS2_PLACEMENT_3D ( 'NONE', #3589, #3492, #1700 ) ;
#2083 = CARTESIAN_POINT ( 'NONE',  ( -472.2194600076714437, 237.5974607321404335, -147.9877960989449832 ) ) ;
#2084 = CARTESIAN_POINT ( 'NONE',  ( -465.2682080851621436, 116.3134878466356810, -49.71718789272821226 ) ) ;
#2085 = DIRECTION ( 'NONE',  ( 0.000000000000000000, 0.7071067811865475727, 0.7071067811865475727 ) ) ;
#2086 =( LENGTH_UNIT ( ) NAMED_UNIT ( * ) SI_UNIT ( .MILLI., .METRE. ) );
#2087 = CARTESIAN_POINT ( 'NONE',  ( 6.718020824491035548, 121.2829163082973309, -63.24307309474065875 ) ) ;
#2088 = DIRECTION ( 'NONE',  ( 1.000000000000000000, -0.000000000000000000, 0.000000000000000000 ) ) ;
#2089 = CARTESIAN_POINT ( 'NONE',  ( -467.4029259468792930, 115.6650680057310296, -53.87223115120141870 ) ) ;
#2090 = CARTESIAN_POINT ( 'NONE',  ( -370.4186095170589397, 270.5659761323856856, -114.4610075896953845 ) ) ;
#2091 = CARTESIAN_POINT ( 'NONE',  ( -6.914790996063966411, 136.7925690790072224, -48.43582896386367054 ) ) ;
#2092 = EDGE_LOOP ( 'NONE', ( #2839, #121, #5204, #4382, #4169 ) ) ;
#2093 = CARTESIAN_POINT ( 'NONE',  ( -465.2970545318287350, 116.4983257619226009, -48.15165393627334112 ) ) ;
#2094 = CARTESIAN_POINT ( 'NONE',  ( -10.99456131907098921, 350.2581159031594211, -276.4136394967950991 ) ) ;
#2095 = CARTESIAN_POINT ( 'NONE',  ( 9.984351584971269844, 137.8645621243979633, -52.87050618769183785 ) ) ;
#2096 = VECTOR ( 'NONE', #4822, 1000.000000000000000 ) ;
#2097 = CARTESIAN_POINT ( 'NONE',  ( -6.397499948578694529, 236.5175839558798714, -147.6902059600604105 ) ) ;
#2098 = CARTESIAN_POINT ( 'NONE',  ( -483.8192826482186319, 118.6821673397450922, -61.09110367932697727 ) ) ;
#2099 = EDGE_LOOP ( 'NONE', ( #1084, #1750, #735, #455, #1254 ) ) ;
#2100 = EDGE_CURVE ( 'NONE', #5057, #3647, #635, .T. ) ;
#2101 = CIRCLE ( 'NONE', #2448, 3.000000000000002665 ) ;
#2102 = CARTESIAN_POINT ( 'NONE',  ( 7.323588640375329639, 131.6584898391250817, -43.51017994308850945 ) ) ;
#2103 = CARTESIAN_POINT ( 'NONE',  ( -108.0865267714328724, 280.2563345929956427, -131.1598487208126187 ) ) ;
#2104 = CARTESIAN_POINT ( 'NONE',  ( -12.53100106122989210, 133.3377188229670764, -63.02607257995515511 ) ) ;
#2105 = CARTESIAN_POINT ( 'NONE',  ( -483.9896647522506896, 133.5219057455537950, -44.67188940299938338 ) ) ;
#2106 = EDGE_LOOP ( 'NONE', ( #1215, #1294, #4977, #1732 ) ) ;
#2107 =( BOUNDED_SURFACE ( )  B_SPLINE_SURFACE ( 3, 2, ( 
 ( #863, #2898, #4038 ),
 ( #784, #809, #2376 ),
 ( #835, #1596, #439 ),
 ( #2032, #2848, #2078 ),
 ( #2800, #3691, #3644 ),
 ( #3987, #3243, #76 ),
 ( #1689, #3293, #1201 ),
 ( #30, #4889, #1981 ),
 ( #3193, #5025, #539 ),
 ( #4551, #513, #4605 ),
 ( #4997, #186, #1741 ),
 ( #1793, #908, #3404 ),
 ( #2126, #4938, #3376 ),
 ( #3742, #4111, #1402 ),
 ( #2976, #4969, #2528 ),
 ( #2103, #2611, #3716 ),
 ( #3800, #2948, #99 ),
 ( #4141, #4195, #1715 ) ),
 .UNSPECIFIED., .F., .F., .T. ) 
 B_SPLINE_SURFACE_WITH_KNOTS ( ( 4, 2, 2, 2, 2, 2, 2, 2, 4 ),
 ( 3, 3 ),
 ( 1.570796326794892561, 1.963495408493617367, 2.356194490192342172, 2.748893571891067200, 3.141592653589792228, 3.534291735288516811, 3.926990816987241839, 4.319689898685966867, 4.712388980384691450 ),
 ( 0.000000000000000000, 1.000000000000000000 ),
 .UNSPECIFIED. ) 
 GEOMETRIC_REPRESENTATION_ITEM ( )  RATIONAL_B_SPLINE_SURFACE ( (
 ( 1.000000000000000000, 1.000000000000000000, 1.000000000000000000),
 ( 1.000000000000000000, 1.000020808909198644, 1.000000000000000000),
 ( 1.000000000000000000, 0.9987393843559058126, 1.000000000000000000),
 ( 1.000000000000000000, 0.9943883551950274402, 1.000000000000000000),
 ( 1.000000000000000000, 0.9913217005523732306, 1.000000000000000000),
 ( 1.000000000000000000, 0.9851164560912023527, 1.000000000000000000),
 ( 1.000000000000000000, 0.9820159477335211884, 1.000000000000000000),
 ( 1.000000000000000000, 0.9775904892598553664, 1.000000000000000000),
 ( 1.000000000000000000, 0.9762960071211664870, 1.000000000000000000),
 ( 1.000000000000000000, 0.9762960071187017919, 1.000000000000000000),
 ( 1.000000000000000000, 0.9775904892587744532, 1.000000000000000000),
 ( 1.000000000000000000, 0.9820159477346045440, 1.000000000000000000),
 ( 1.000000000000000000, 0.9851164560912023527, 1.000000000000000000),
 ( 1.000000000000000000, 0.9913217005523732306, 1.000000000000000000),
 ( 1.000000000000000000, 0.9943883551949578292, 1.000000000000000000),
 ( 1.000000000000000000, 0.9987393843559725370, 1.000000000000000000),
 ( 1.000000000000000000, 1.000020808909149350, 1.000000000000000000),
 ( 1.000000000000000000, 1.000000000000000000, 1.000000000000000000) ) ) 
 REPRESENTATION_ITEM ( '' )  SURFACE ( )  );
#2108 = CARTESIAN_POINT ( 'NONE',  ( -497.5138688887958551, 352.0853531617383396, -281.8010819142765513 ) ) ;
#2109 = CARTESIAN_POINT ( 'NONE',  ( -464.5875699924719129, 117.2961563020586340, -47.67080138808260159 ) ) ;
#2110 = CARTESIAN_POINT ( 'NONE',  ( 11.00003919243972739, 350.1011483009810377, -276.5424428574375497 ) ) ;
#2111 = CARTESIAN_POINT ( 'NONE',  ( -6.319036437971261577, 118.5560051107743078, -60.95491116126927977 ) ) ;
#2112 = VERTEX_POINT ( 'NONE', #2040 ) ;
#2113 = DIRECTION ( 'NONE',  ( 0.000000000000000000, 0.000000000000000000, -1.000000000000000000 ) ) ;
#2114 = CARTESIAN_POINT ( 'NONE',  ( 6.127365742301716267, 118.2189350228432971, -60.66654861116580122 ) ) ;
#2115 = CARTESIAN_POINT ( 'NONE',  ( -367.4272226701737623, 273.5492243653038713, -136.6610075896953163 ) ) ;
#2116 = CARTESIAN_POINT ( 'NONE',  ( -465.0125712745758051, 122.3350208579377352, -43.29388921367771559 ) ) ;
#2117 = CYLINDRICAL_SURFACE ( 'NONE', #397, 3.000000000000002665 ) ;
#2118 = CARTESIAN_POINT ( 'NONE',  ( -483.5760627436874302, 134.8300560883270691, -45.76352845502381683 ) ) ;
#2119 = ORIENTED_EDGE ( 'NONE', *, *, #995, .T. ) ;
#2120 = CARTESIAN_POINT ( 'NONE',  ( -10.58303983529388503, 354.3466718653184557, -276.8199325011781298 ) ) ;
#2121 = CARTESIAN_POINT ( 'NONE',  ( -10.95875974791930041, 350.7580959958863218, -276.1034822607561523 ) ) ;
#2122 = CARTESIAN_POINT ( 'NONE',  ( 6.397168226965550986, 133.8105990291321916, -44.90115544055773711 ) ) ;
#2123 = CARTESIAN_POINT ( 'NONE',  ( -483.6786581594299719, 119.0957289881826284, -61.51506048041274965 ) ) ;
#2124 = CYLINDRICAL_SURFACE ( 'NONE', #2664, 3.000000000000002665 ) ;
#2125 = CARTESIAN_POINT ( 'NONE',  ( 6.650386515840126300, 135.9414905043423687, -47.22537176229150191 ) ) ;
#2126 = CARTESIAN_POINT ( 'NONE',  ( -106.7087697082592399, 281.6394870086513720, -124.1345101132487230 ) ) ;
#2127 = CARTESIAN_POINT ( 'NONE',  ( -10.78519694571367715, 127.5190711984166256, -64.57485300359482494 ) ) ;
#2128 = CARTESIAN_POINT ( 'NONE',  ( -488.1024687087962661, 354.4715975026405772, -276.9723194340208465 ) ) ;
#2129 = VERTEX_POINT ( 'NONE', #470 ) ;
#2130 = DIRECTION ( 'NONE',  ( 1.000000000000000000, 0.000000000000000000, 0.000000000000000000 ) ) ;
#2131 = CARTESIAN_POINT ( 'NONE',  ( -466.9086573131598925, 115.6978295116886812, -52.34080527066367949 ) ) ;
#2132 = EDGE_CURVE ( 'NONE', #2695, #3239, #381, .T. ) ;
#2133 = CARTESIAN_POINT ( 'NONE',  ( 12.30086122923894543, 132.3803217059462725, -63.59606946312260334 ) ) ;
#2134 = VERTEX_POINT ( 'NONE', #3675 ) ;
#2135 = CARTESIAN_POINT ( 'NONE',  ( -8.093160212364264083, 248.4710819624029909, -161.3364202142235229 ) ) ;
#2136 = CARTESIAN_POINT ( 'NONE',  ( 7.165967890329266510, 116.5290812984824953, -58.07589980867149393 ) ) ;
#2137 = CARTESIAN_POINT ( 'NONE',  ( -490.0588574793894168, 355.0854097433226571, -278.9964772615721813 ) ) ;
#2138 = CARTESIAN_POINT ( 'NONE',  ( -465.4036298093195683, 137.1867737480363019, -58.46692591534295502 ) ) ;
#2139 = CARTESIAN_POINT ( 'NONE',  ( -11.78325973401410742, 115.9920445156811581, -50.77327555569812745 ) ) ;
#2140 = CARTESIAN_POINT ( 'NONE',  ( -489.9061149659384000, 132.7229498309527003, -63.40748123889344612 ) ) ;
#2141 = VECTOR ( 'NONE', #2041, 1000.000000000000000 ) ;
#2142 = ORIENTED_EDGE ( 'NONE', *, *, #2493, .T. ) ;
#2143 = CARTESIAN_POINT ( 'NONE',  ( -471.1413223275852715, 135.2510014644346370, -46.32315498680495125 ) ) ;
#2144 = CARTESIAN_POINT ( 'NONE',  ( -10.79351657246139240, 352.0853531617383396, -275.8010819142765513 ) ) ;
#2145 = CARTESIAN_POINT ( 'NONE',  ( -10.62584823364474040, 349.3871464333907966, -280.1271671858089007 ) ) ;
#2146 = FACE_OUTER_BOUND ( 'NONE', #811, .T. ) ;
#2147 = CARTESIAN_POINT ( 'NONE',  ( -488.8535995115881860, 129.4169351138753257, -64.28280116521384002 ) ) ;
#2148 = CARTESIAN_POINT ( 'NONE',  ( -483.5804412179533074, 118.6287657375502818, -61.12338707629667311 ) ) ;
#2149 = CARTESIAN_POINT ( 'NONE',  ( -477.5138688887957983, 367.4295703134862379, -276.1847868238866113 ) ) ;
#2150 = DIRECTION ( 'NONE',  ( 0.000000000000000000, 0.000000000000000000, -1.000000000000000000 ) ) ;
#2151 = CARTESIAN_POINT ( 'NONE',  ( 6.837998915595368210, 132.2400821478791784, -43.81708443503761430 ) ) ;
#2152 = DIRECTION ( 'NONE',  ( 0.000000000000000000, 0.7071067811865462405, -0.7071067811865489050 ) ) ;
#2153 = CARTESIAN_POINT ( 'NONE',  ( -488.8462704847977420, 124.9690592447848871, -42.52486617272541025 ) ) ;
#2154 = CARTESIAN_POINT ( 'NONE',  ( -12.67175171050496552, 134.2821950869070520, -62.31751825213103047 ) ) ;
#2155 = CARTESIAN_POINT ( 'NONE',  ( -490.7341933988116125, 134.8079799737504345, -61.16319238766285338 ) ) ;
#2156 = ORIENTED_EDGE ( 'NONE', *, *, #928, .F. ) ;
#2157 = CARTESIAN_POINT ( 'NONE',  ( -466.7748770203597246, 351.6937091354712948, -281.7818336672227133 ) ) ;
#2158 = CARTESIAN_POINT ( 'NONE',  ( -471.2879855005645595, 118.2918058201957194, -60.66296270202045804 ) ) ;
#2159 = CARTESIAN_POINT ( 'NONE',  ( -366.6944936549275553, 259.7259350735610042, -128.4953534562483526 ) ) ;
#2160 = CARTESIAN_POINT ( 'NONE',  ( -7.496629143232440562, 116.6323399219003250, -58.06535243109655653 ) ) ;
#2161 = ORIENTED_EDGE ( 'NONE', *, *, #4723, .T. ) ;
#2162 = CARTESIAN_POINT ( 'NONE',  ( 15.69999999999999929, 126.7631832112599852, -53.47891196379821110 ) ) ;
#2163 = EDGE_CURVE ( 'NONE', #2845, #2405, #1061, .T. ) ;
#2164 = EDGE_CURVE ( 'NONE', #1065, #574, #2387, .T. ) ;
#2165 = CARTESIAN_POINT ( 'NONE',  ( 6.080594073069429228, 118.4896491243104180, -60.97351580760479806 ) ) ;
#2166 = CARTESIAN_POINT ( 'NONE',  ( -464.9456167662349912, 351.6957587427083922, -275.8010819142766081 ) ) ;
#2167 = CARTESIAN_POINT ( 'NONE',  ( -467.1395943262966739, 127.7673676192819272, -64.85278501754845593 ) ) ;
#2168 = CARTESIAN_POINT ( 'NONE',  ( -484.2438263375308907, 132.2183780961504738, -43.70025421188610437 ) ) ;
#2169 = EDGE_LOOP ( 'NONE', ( #4559, #1492 ) ) ;
#2170 = CARTESIAN_POINT ( 'NONE',  ( -469.5859996895780455, 137.5412910661098351, -50.22153208005264702 ) ) ;
#2171 = CARTESIAN_POINT ( 'NONE',  ( -10.79351657246149365, 352.0853531617383396, -281.8010819142765513 ) ) ;
#2172 = CARTESIAN_POINT ( 'NONE',  ( -461.8138688887958097, 126.7631832112599852, -63.57891196379821253 ) ) ;
#2173 = CARTESIAN_POINT ( 'NONE',  ( -9.204701629807313878, 125.6583237273933520, -64.77802926884697854 ) ) ;
#2174 = CARTESIAN_POINT ( 'NONE',  ( -488.1788804255779723, 351.1217071804652505, -281.6488921148950908 ) ) ;
#2175 = EDGE_CURVE ( 'NONE', #4808, #1329, #2474, .T. ) ;
#2176 = DIRECTION ( 'NONE',  ( 0.000000000000000000, 0.000000000000000000, -1.000000000000000000 ) ) ;
#2177 = CARTESIAN_POINT ( 'NONE',  ( -483.8824695027547591, 118.2908872057746095, -60.65307106362089939 ) ) ;
#2178 = CARTESIAN_POINT ( 'NONE',  ( 12.06875501553741792, 116.1492032808871215, -50.15935116214344447 ) ) ;
#2179 = CARTESIAN_POINT ( 'NONE',  ( -464.6096188203022734, 136.2826295455865875, -59.20035495398845171 ) ) ;
#2180 = CARTESIAN_POINT ( 'NONE',  ( -477.5138688887957983, -20.00000000000000000, 0.000000000000000000 ) ) ;
#2181 = CARTESIAN_POINT ( 'NONE',  ( 6.323569905962584059, 134.1411471977340284, -45.17669286182715638 ) ) ;
#2182 = DIRECTION ( 'NONE',  ( 0.000000000000000000, 0.7071067811865474617, 0.7071067811865476838 ) ) ;
#2183 = DIRECTION ( 'NONE',  ( -1.000000000000000000, 0.000000000000000000, 0.000000000000000000 ) ) ;
#2184 = VECTOR ( 'NONE', #3176, 1000.000000000000114 ) ;
#2185 = CARTESIAN_POINT ( 'NONE',  ( -6.447501354191007117, 135.4967616646886199, -46.62526154883546781 ) ) ;
#2186 = CARTESIAN_POINT ( 'NONE',  ( -484.7922707857795217, 131.7413709410958234, -43.55223932569874989 ) ) ;
#2187 = VERTEX_POINT ( 'NONE', #2024 ) ;
#2188 = TOROIDAL_SURFACE ( 'NONE', #3468, 10.09999999999999787, 1.000000000000000000 ) ;
#2189 = FACE_OUTER_BOUND ( 'NONE', #2878, .T. ) ;
#2190 = CARTESIAN_POINT ( 'NONE',  ( -470.7017357153501393, 116.8847181490627349, -58.76061077433961088 ) ) ;
#2191 = CARTESIAN_POINT ( 'NONE',  ( -367.3063897353877678, 259.4456191496324777, -124.1283779718868487 ) ) ;
#2192 = EDGE_LOOP ( 'NONE', ( #3960, #1175, #58, #4796 ) ) ;
#2193 = CARTESIAN_POINT ( 'NONE',  ( 11.56119577435241297, 130.2466686980371833, -64.46889611224965222 ) ) ;
#2194 = EDGE_LOOP ( 'NONE', ( #924, #26 ) ) ;
#2195 = B_SPLINE_CURVE_WITH_KNOTS ( 'NONE', 3,
 ( #3179, #1970, #2389, #2810, #425, #2338, #4368, #4440, #795, #4000, #345, #3205, #2018, #1657, #4026, #1237, #3631, #1190, #17, #4804, #3950, #1584, #1632, #2864, #3581, #2836, #400, #3557, #2444, #1996, #850, #3230, #4784, #5149 ),
 .UNSPECIFIED., .F., .F.,
 ( 4, 2, 2, 2, 2, 2, 2, 2, 2, 2, 2, 2, 2, 2, 2, 2, 4 ),
 ( 0.000000000000000000, 0.0005890747195640725839, 0.001178149439128145168, 0.001767224158692217752, 0.002356298878256290336, 0.002945373597820362919, 0.003534448317384435503, 0.004123523036948508087, 0.004712597756512580671, 0.005301672476076653255, 0.005890747195640725839, 0.006479821915204798423, 0.007068896634768871007, 0.007657971354332943591, 0.008247046073897016175, 0.008836120793461087891, 0.009425195513025161342 ),
 .UNSPECIFIED. ) ;
#2196 = CARTESIAN_POINT ( 'NONE',  ( -2.304154258754131934, 246.4149279626251143, -155.4552026078881681 ) ) ;
#2197 = CARTESIAN_POINT ( 'NONE',  ( 9.901161687015143542, 115.6827153569765727, -54.21917675300481676 ) ) ;
#2198 = CARTESIAN_POINT ( 'NONE',  ( -12.21681435697257712, 116.4983257619313832, -48.15165393625538570 ) ) ;
#2199 = CARTESIAN_POINT ( 'NONE',  ( -490.0823689725077088, 352.4776661237254416, -281.7817842698486857 ) ) ;
#2200 = CARTESIAN_POINT ( 'NONE',  ( -465.6737276750831143, 130.9804753057662197, -64.21305909131976364 ) ) ;
#2201 = CIRCLE ( 'NONE', #4966, 1.000000000000000888 ) ;
#2202 = CARTESIAN_POINT ( 'NONE',  ( -483.8467429972148466, 133.1750536497445978, -44.32121391547426015 ) ) ;
#2203 = ORIENTED_EDGE ( 'NONE', *, *, #2563, .T. ) ;
#2204 = CARTESIAN_POINT ( 'NONE',  ( -467.0247653287223102, 138.1241023334391400, -54.70301647028186665 ) ) ;
#2205 = CARTESIAN_POINT ( 'NONE',  ( -10.95847562783088414, 353.4097172840312169, -281.5000150813648361 ) ) ;
#2206 = CARTESIAN_POINT ( 'NONE',  ( -488.4114665051898783, 349.1804893198559512, -278.0266018020747651 ) ) ;
#2207 = CARTESIAN_POINT ( 'NONE',  ( -489.5257775863798315, 131.1211475356404037, -63.69526412007671468 ) ) ;
#2208 = CARTESIAN_POINT ( 'NONE',  ( -483.7536904059799667, 118.2782644321288217, -60.63827932385814279 ) ) ;
#2209 =( NAMED_UNIT ( * ) SI_UNIT ( $, .STERADIAN. ) SOLID_ANGLE_UNIT ( ) );
#2210 = ADVANCED_FACE ( 'NONE', ( #3846 ), #1838, .F. ) ;
#2211 = CARTESIAN_POINT ( 'NONE',  ( -470.7793275761471818, 132.8149152370238255, -44.16631380995939082 ) ) ;
#2212 = CARTESIAN_POINT ( 'NONE',  ( -16.69999999999999929, 126.7631832112599852, -53.47891196379821110 ) ) ;
#2213 = CARTESIAN_POINT ( 'NONE',  ( -102.9147497357572831, 270.5659761323856856, -125.5610075896953788 ) ) ;
#2214 = CARTESIAN_POINT ( 'NONE',  ( 12.70330641728265952, 135.1565699222501280, -61.49593309518532891 ) ) ;
#2215 = CARTESIAN_POINT ( 'NONE',  ( -488.5158742440587503, 124.8109029961839269, -42.55077001879969600 ) ) ;
#2216 = CARTESIAN_POINT ( 'NONE',  ( -8.860120262450141837, 137.6981484789643275, -51.53742296123495947 ) ) ;
#2217 = ORIENTED_EDGE ( 'NONE', *, *, #3173, .F. ) ;
#2218 = CARTESIAN_POINT ( 'NONE',  ( 10.60998915639058637, 354.6904229907361241, -277.3001205474597555 ) ) ;
#2219 = CARTESIAN_POINT ( 'NONE',  ( -466.1769447503773449, 115.6664947018117431, -50.49176342840702603 ) ) ;
#2220 = CARTESIAN_POINT ( 'NONE',  ( -366.7867433726394211, 259.4675508813612623, -127.0306383346161425 ) ) ;
#2221 = ORIENTED_EDGE ( 'NONE', *, *, #2163, .F. ) ;
#2222 = CARTESIAN_POINT ( 'NONE',  ( -466.3764725559369140, 231.1985432309660382, -149.2655065564846666 ) ) ;
#2223 = VERTEX_POINT ( 'NONE', #4567 ) ;
#2224 = CARTESIAN_POINT ( 'NONE',  ( -1.168048583677384178, 242.4329193063897776, -151.2640319601322005 ) ) ;
#2225 = CARTESIAN_POINT ( 'NONE',  ( 7.912971688974170803, 115.9734605368903857, -56.75289649191058317 ) ) ;
#2226 = CARTESIAN_POINT ( 'NONE',  ( -489.9882106336016818, 355.0657668321846359, -278.4071787083871072 ) ) ;
#2227 = CARTESIAN_POINT ( 'NONE',  ( -368.7569344443979844, 278.4148614035565288, -133.4098928608658525 ) ) ;
#2228 = CARTESIAN_POINT ( 'NONE',  ( -10.89988182830800056, 115.6837219679174211, -52.51392049521656702 ) ) ;
#2229 = CARTESIAN_POINT ( 'NONE',  ( -483.6066989339044540, 134.1066256766463027, -45.06332013127221359 ) ) ;
#2230 = VERTEX_POINT ( 'NONE', #1391 ) ;
#2231 = CARTESIAN_POINT ( 'NONE',  ( -470.5262171338680446, 136.8662651463374402, -48.57607739929721902 ) ) ;
#2232 = CARTESIAN_POINT ( 'NONE',  ( 7.278401896983659469, 131.7413709410959086, -43.55223932569879253 ) ) ;
#2233 = CARTESIAN_POINT ( 'NONE',  ( -10.43522064467264698, 230.7890564294080775, -167.7419901577613928 ) ) ;
#2234 = CARTESIAN_POINT ( 'NONE',  ( -489.7590240610729211, 116.3128781103172713, -49.71874468366765853 ) ) ;
#2235 = CARTESIAN_POINT ( 'NONE',  ( 11.50104279575127286, 124.6407519281855656, -42.57863845342486542 ) ) ;
#2236 = CARTESIAN_POINT ( 'NONE',  ( -466.8057612587195422, 137.8656440234129832, -54.10180064652610810 ) ) ;
#2237 = CYLINDRICAL_SURFACE ( 'NONE', #1204, 11.09999999999999787 ) ;
#2238 = ADVANCED_FACE ( 'NONE', ( #205 ), #1422, .T. ) ;
#2239 = EDGE_CURVE ( 'NONE', #3687, #3063, #4792, .T. ) ;
#2240 = B_SPLINE_CURVE_WITH_KNOTS ( 'NONE', 3,
 ( #3127, #285, #1891, #4316, #4365, #5097, #1503, #2709, #723, #3948, #2310, #3529, #3923, #3973, #5122, #340, #1526, #4735, #1142, #3554, #5147, #3150, #1166, #2759, #367, #768, #1966, #932, #3991, #391, #2525, #1985, #5192, #4405, #2406, #699, #1071, #1397, #1873, #2661, #3796, #5104, #4661, #3825, #1457, #2293, #647, #1843, #2266, #266, #3027, #2688, #4993, #3001 ),
 .UNSPECIFIED., .F., .F.,
 ( 4, 2, 2, 2, 2, 2, 2, 2, 2, 2, 2, 2, 2, 2, 2, 2, 2, 2, 2, 2, 2, 2, 2, 2, 2, 2, 4 ),
 ( 0.03878147701352486348, 0.03995476006743972630, 0.04112804312135458912, 0.04347460922918431475, 0.04464789228309920532, 0.04582117533701410284, 0.04699445839092900035, 0.04816774144484389092, 0.04875438297180133274, 0.04934102449875877455, 0.05051430755267367206, 0.05168759060658856958, 0.05286087366050346015, 0.05520743976833322741, 0.05755400587616299468, 0.05990057198399276195, 0.06224713809182252228, 0.06342042114573741285, 0.06459370419965231036, 0.06576698725356719399, 0.06694027030748209151, 0.06811355336139698902, 0.06928683641531188653, 0.07163340252314159828, 0.07280668557705649580, 0.07397996863097139331, 0.07632653473880125772 ),
 .UNSPECIFIED. ) ;
#2241 = AXIS2_PLACEMENT_3D ( 'NONE', #1814, #4628, #4241 ) ;
#2242 = CARTESIAN_POINT ( 'NONE',  ( 11.78793419112218821, 137.5321097118573732, -56.19406638688784739 ) ) ;
#2243 = CARTESIAN_POINT ( 'NONE',  ( -485.6968634952780235, 129.5900338861361547, -42.54863628971995126 ) ) ;
#2244 = CARTESIAN_POINT ( 'NONE',  ( -6.654464348868089907, 135.9510400088977349, -47.23885726488270365 ) ) ;
#2245 = EDGE_LOOP ( 'NONE', ( #1866, #3539, #630, #2221 ) ) ;
#2246 = CARTESIAN_POINT ( 'NONE',  ( 10.72008415096121503, 128.4413920296199478, -64.79931972949920294 ) ) ;
#2247 = CARTESIAN_POINT ( 'NONE',  ( -476.6266177325684907, 243.6801965922152817, -152.4792443271237801 ) ) ;
#2248 = EDGE_CURVE ( 'NONE', #1065, #2590, #3762, .T. ) ;
#2249 = CARTESIAN_POINT ( 'NONE',  ( -9.297827347992861036, 115.7912908041480051, -55.19230252376555512 ) ) ;
#2250 = ORIENTED_EDGE ( 'NONE', *, *, #4364, .F. ) ;
#2251 = CARTESIAN_POINT ( 'NONE',  ( -10.99988897836635005, 124.8209786447518042, -42.54316420924876496 ) ) ;
#2252 = B_SPLINE_CURVE_WITH_KNOTS ( 'NONE', 3,
 ( #3906, #4769, #1561, #1899, #2395, #701, #3186, #5182, #2370, #1511, #3159, #4743, #3563, #2345, #1925, #378, #3212, #3932, #1589, #2744, #294, #3984, #4788, #1975, #4373, #1196, #4350, #3586, #4299, #2794, #4813, #322, #3135, #1173 ),
 .UNSPECIFIED., .F., .F.,
 ( 4, 2, 2, 2, 2, 2, 2, 2, 2, 2, 2, 2, 2, 2, 2, 2, 4 ),
 ( 5.551115123125782702E-17, 0.0005883421000418216683, 0.001176684200083587825, 0.001765026300125354091, 0.002353368400167120140, 0.002941710500208886189, 0.003530052600250652671, 0.004118394700292418720, 0.004706736800334184768, 0.005295078900375950817, 0.005883421000417716866, 0.006471763100459482915, 0.007060105200501249831, 0.007648447300543015880, 0.008236789400584781928, 0.008825131500626547110, 0.009413473600668314026 ),
 .UNSPECIFIED. ) ;
#2253 = CARTESIAN_POINT ( 'NONE',  ( 12.41257605494542204, 121.0672543492552364, -43.94392978570945729 ) ) ;
#2254 = CARTESIAN_POINT ( 'NONE',  ( 16.69999999999999929, 126.7631832112599852, -56.47891196379821110 ) ) ;
#2255 = CARTESIAN_POINT ( 'NONE',  ( -366.0652533911862747, 254.5018868716780105, -125.9273263080613674 ) ) ;
#2256 = CARTESIAN_POINT ( 'NONE',  ( -6.225883388241133076, 118.2918058201880456, -60.66296270201257812 ) ) ;
#2257 = CARTESIAN_POINT ( 'NONE',  ( -489.1151852905343844, 115.9041094339566342, -51.15360979662878549 ) ) ;
#2258 = ORIENTED_EDGE ( 'NONE', *, *, #137, .F. ) ;
#2259 = CARTESIAN_POINT ( 'NONE',  ( -469.2738788552598521, 137.3410975657999984, -50.09755627116314969 ) ) ;
#2260 = DIRECTION ( 'NONE',  ( -1.000000000000000000, 0.000000000000000000, 0.000000000000000000 ) ) ;
#2261 = CARTESIAN_POINT ( 'NONE',  ( -9.585677682352581996, 127.1959117239717330, -42.12989329113480608 ) ) ;
#2262 = FACE_OUTER_BOUND ( 'NONE', #1022, .T. ) ;
#2263 = CARTESIAN_POINT ( 'NONE',  ( -487.2369772753355619, 115.3929350433638206, -53.67120979509122236 ) ) ;
#2264 = CARTESIAN_POINT ( 'NONE',  ( 8.024412505279290286, 116.2868382152592233, -57.20216581423287749 ) ) ;
#2265 = CARTESIAN_POINT ( 'NONE',  ( -465.9588433756931636, 123.2676249757308540, -42.51302045181034117 ) ) ;
#2266 = CARTESIAN_POINT ( 'NONE',  ( -12.08975468766669259, 130.1520223683246229, -64.05494565771921600 ) ) ;
#2267 = DIRECTION ( 'NONE',  ( 0.000000000000000000, 0.000000000000000000, -1.000000000000000000 ) ) ;
#2268 = CARTESIAN_POINT ( 'NONE',  ( -10.27981216289157551, 126.8695428816706254, -42.37891196379820968 ) ) ;
#2269 = CARTESIAN_POINT ( 'NONE',  ( 12.85520913782485586, 136.4462439178459192, -58.96092821883099333 ) ) ;
#2270 = CARTESIAN_POINT ( 'NONE',  ( -483.9750966430175367, 133.5421146517796558, -44.68077107338421428 ) ) ;
#2271 = CARTESIAN_POINT ( 'NONE',  ( -9.978632493751003807, 126.1529073061082613, -64.56212283969473731 ) ) ;
#2272 = CARTESIAN_POINT ( 'NONE',  ( -10.70985094469928356, 137.8502409460694764, -54.11472764867412621 ) ) ;
#2273 = ADVANCED_FACE ( 'NONE', ( #1529 ), #4193, .T. ) ;
#2274 = ORIENTED_EDGE ( 'NONE', *, *, #279, .F. ) ;
#2275 = CARTESIAN_POINT ( 'NONE',  ( 0.000000000000000000, 154.0954544295048549, -65.25483399593942124 ) ) ;
#2276 = VECTOR ( 'NONE', #4388, 1000.000000000000000 ) ;
#2277 = CARTESIAN_POINT ( 'NONE',  ( -464.8248905595095266, 240.6657959594315344, -168.5836290450406807 ) ) ;
#2278 = CARTESIAN_POINT ( 'NONE',  ( -12.59947763045505553, 116.7037497817886873, -48.77169683160764890 ) ) ;
#2279 = VERTEX_POINT ( 'NONE', #2337 ) ;
#2280 = CARTESIAN_POINT ( 'NONE',  ( -11.16675265038023390, 124.4687120740313304, -42.61165711374550114 ) ) ;
#2281 = EDGE_CURVE ( 'NONE', #4892, #4477, #342, .T. ) ;
#2282 = CIRCLE ( 'NONE', #3884, 7.300000000000007816 ) ;
#2283 = CARTESIAN_POINT ( 'NONE',  ( 12.24515517227606054, 116.3128781103167881, -49.71874468366889488 ) ) ;
#2284 = CARTESIAN_POINT ( 'NONE',  ( -465.0159387582370414, 351.8879192174752575, -281.8010819142766081 ) ) ;
#2285 = CARTESIAN_POINT ( 'NONE',  ( -471.3363259849876385, 135.4996457770750453, -46.52274661113956000 ) ) ;
#2286 = CARTESIAN_POINT ( 'NONE',  ( -6.362799755574615190, 119.5601424838237534, -61.92664288859546673 ) ) ;
#2287 = CARTESIAN_POINT ( 'NONE',  ( -483.9168492809120039, 118.1371534010685167, -60.47422897968681355 ) ) ;
#2288 = CARTESIAN_POINT ( 'NONE',  ( 0.000000000000000000, 146.3172798364528546, -73.03300858899144998 ) ) ;
#2289 = CARTESIAN_POINT ( 'NONE',  ( -11.40219583335312237, 123.6270594922481507, -42.41782675177910278 ) ) ;
#2290 = CARTESIAN_POINT ( 'NONE',  ( -487.8560156678824455, 126.7631832112741108, -64.57891196379820542 ) ) ;
#2291 = CARTESIAN_POINT ( 'NONE',  ( -490.0716463381406811, 122.1771742340458928, -43.36344196701087839 ) ) ;
#2292 = CARTESIAN_POINT ( 'NONE',  ( -102.9147497357572831, 270.5659761323856856, -114.4610075896953845 ) ) ;
#2293 = CARTESIAN_POINT ( 'NONE',  ( -12.83745803379945372, 132.1841932197610276, -63.19543370214758227 ) ) ;
#2294 = CARTESIAN_POINT ( 'NONE',  ( -368.4202444950408335, 261.6894889421675430, -118.7397242375721476 ) ) ;
#2295 = CARTESIAN_POINT ( 'NONE',  ( -487.6864940921266793, 127.3785351169805580, -64.88126739263111631 ) ) ;
#2296 = CARTESIAN_POINT ( 'NONE',  ( 10.22732838238057163, 137.8611460098926784, -53.91589064995850578 ) ) ;
#2297 = CARTESIAN_POINT ( 'NONE',  ( -484.7395796723765784, 131.2519232018095181, -43.19392570579655910 ) ) ;
#2298 = CARTESIAN_POINT ( 'NONE',  ( -10.84703839484660115, 138.0519181135289841, -55.41451297082526395 ) ) ;
#2299 = CARTESIAN_POINT ( 'NONE',  ( -488.2526314485744479, 355.0658361433875712, -278.4077386427561578 ) ) ;
#2300 = ORIENTED_EDGE ( 'NONE', *, *, #3266, .T. ) ;
#2301 = CARTESIAN_POINT ( 'NONE',  ( -471.0656141943486546, 248.4272834841245015, -159.6629214704094863 ) ) ;
#2302 = DIRECTION ( 'NONE',  ( -0.9063077870366493816, 0.2988362387301207179, 0.2988362387301209400 ) ) ;
#2303 = ORIENTED_EDGE ( 'NONE', *, *, #3504, .F. ) ;
#2304 = CARTESIAN_POINT ( 'NONE',  ( -10.48480195480287946, 125.8577691523525317, -42.39318333040237263 ) ) ;
#2305 = ADVANCED_FACE ( 'NONE', ( #4685 ), #2683, .T. ) ;
#2306 = CARTESIAN_POINT ( 'NONE',  ( 13.18723987066917935, 118.4446761810197444, -46.11928026838608474 ) ) ;
#2307 = CARTESIAN_POINT ( 'NONE',  ( -465.1499479863126112, 349.4789030121188489, -280.2995191540615565 ) ) ;
#2308 = CARTESIAN_POINT ( 'NONE',  ( -9.724552605480944578, 126.2994743576117855, -64.57019327533144804 ) ) ;
#2309 = CARTESIAN_POINT ( 'NONE',  ( -487.4744621134786371, 126.1121499207365702, -64.57891196379904386 ) ) ;
#2310 = CARTESIAN_POINT ( 'NONE',  ( -6.734541312648699929, 132.8149152370238824, -44.16631380995940503 ) ) ;
#2311 = DIRECTION ( 'NONE',  ( 0.000000000000000000, 0.000000000000000000, -1.000000000000000000 ) ) ;
#2312 = CARTESIAN_POINT ( 'NONE',  ( -12.70086789024377083, 118.2970615992382477, -45.53869305826413694 ) ) ;
#2313 = CARTESIAN_POINT ( 'NONE',  ( -12.63507548426316163, 227.3763903804901929, -156.1491883203410111 ) ) ;
#2314 = CARTESIAN_POINT ( 'NONE',  ( -490.2015920979357020, 118.0889472163558622, -45.76878676828366110 ) ) ;
#2315 = CARTESIAN_POINT ( 'NONE',  ( 0.000000000000000000, 154.0954544295048549, -65.25483399593942124 ) ) ;
#2316 =( BOUNDED_SURFACE ( )  B_SPLINE_SURFACE ( 3, 2, ( 
 ( #3180, #1213, #4056 ),
 ( #1191, #4469, #2811 ),
 ( #4858, #4393, #3154 ),
 ( #4413, #3657, #823 ),
 ( #877, #3607, #4441 ),
 ( #2390, #2837, #453 ),
 ( #1997, #5202, #69 ),
 ( #2046, #3231, #773 ),
 ( #4027, #426, #44 ),
 ( #2764, #1658, #2468 ),
 ( #2365, #1609, #3206 ),
 ( #2019, #1633, #3978 ),
 ( #3632, #18, #4832 ),
 ( #4764, #851, #373 ),
 ( #3258, #1169, #1266 ),
 ( #1971, #2865, #4078 ),
 ( #477, #5178, #2069 ),
 ( #3582, #112, #1728 ) ),
 .UNSPECIFIED., .F., .F., .T. ) 
 B_SPLINE_SURFACE_WITH_KNOTS ( ( 4, 2, 2, 2, 2, 2, 2, 2, 4 ),
 ( 3, 3 ),
 ( 4.712388980384695003, 5.105088062083417810, 5.497787143782140618, 5.890486225480863425, 6.283185307179586232, 6.675884388878309039, 7.068583470577031846, 7.461282552275754654, 7.853981633974477461 ),
 ( 0.000000000000000000, 1.000000000000000000 ),
 .UNSPECIFIED. ) 
 GEOMETRIC_REPRESENTATION_ITEM ( )  RATIONAL_B_SPLINE_SURFACE ( (
 ( 1.000000000000000000, 1.000000000000000000, 1.000000000000000000),
 ( 1.000000000000000000, 1.000020808907191361, 1.000000000000000000),
 ( 1.000000000000000000, 0.9987393843585778974, 1.000000000000000000),
 ( 1.000000000000000000, 0.9943883551923549113, 1.000000000000000000),
 ( 1.000000000000000000, 0.9913217005551334671, 1.000000000000000000),
 ( 1.000000000000000000, 0.9851164560884407839, 1.000000000000000000),
 ( 1.000000000000000000, 0.9820159477361145584, 1.000000000000000000),
 ( 1.000000000000000000, 0.9775904892572619964, 1.000000000000000000),
 ( 1.000000000000000000, 0.9762960071239800142, 1.000000000000000000),
 ( 1.000000000000000000, 0.9762960071158882647, 1.000000000000000000),
 ( 1.000000000000000000, 0.9775904892583634487, 1.000000000000000000),
 ( 1.000000000000000000, 0.9820159477350164368, 1.000000000000000000),
 ( 1.000000000000000000, 0.9851164560879301924, 1.000000000000000000),
 ( 1.000000000000000000, 0.9913217005556467232, 1.000000000000000000),
 ( 1.000000000000000000, 0.9943883551923539121, 1.000000000000000000),
 ( 1.000000000000000000, 0.9987393843585768982, 1.000000000000000000),
 ( 1.000000000000000000, 1.000020808907192471, 1.000000000000000000),
 ( 1.000000000000000000, 1.000000000000000000, 1.000000000000000000) ) ) 
 REPRESENTATION_ITEM ( '' )  SURFACE ( )  );
#2317 = CARTESIAN_POINT ( 'NONE',  ( -486.9523954951235964, 115.4317718147635077, -54.17159668167168007 ) ) ;
#2318 = CARTESIAN_POINT ( 'NONE',  ( -497.5138688887958551, 352.0853531617383396, -278.8010819142765513 ) ) ;
#2319 = CARTESIAN_POINT ( 'NONE',  ( -486.6389566708061238, 125.2646081477967499, -64.50043345500577630 ) ) ;
#2320 = CARTESIAN_POINT ( 'NONE',  ( -486.9161868704479161, 127.5277570989675411, -42.13846323558619389 ) ) ;
#2321 = CARTESIAN_POINT ( 'NONE',  ( -6.868723362930690968, 131.9305727857433510, -43.53717659298987286 ) ) ;
#2322 = CARTESIAN_POINT ( 'NONE',  ( -467.5159431413755442, 127.0577258836375307, -64.88198966006589785 ) ) ;
#2323 = ORIENTED_EDGE ( 'NONE', *, *, #4334, .F. ) ;
#2324 = AXIS2_PLACEMENT_3D ( 'NONE', #2213, #3827, #649 ) ;
#2325 = CARTESIAN_POINT ( 'NONE',  ( -488.4170128485855571, 124.7069449158873340, -42.21273862065233828 ) ) ;
#2326 = CARTESIAN_POINT ( 'NONE',  ( -466.1373337066171985, 246.6000985652879649, -165.2558292439332774 ) ) ;
#2327 = CARTESIAN_POINT ( 'NONE',  ( -12.50129761421995589, 122.3350208579377636, -43.29388921367769427 ) ) ;
#2328 = ORIENTED_EDGE ( 'NONE', *, *, #711, .F. ) ;
#2329 = CARTESIAN_POINT ( 'NONE',  ( -12.69718704099834916, 118.7986934010312581, -45.04322830633334718 ) ) ;
#2330 = CARTESIAN_POINT ( 'NONE',  ( 12.12951746771466333, 122.0551017429851868, -43.41927408623389795 ) ) ;
#2331 = CARTESIAN_POINT ( 'NONE',  ( -466.1859625784317700, 124.9831792367255616, -42.51690775519031007 ) ) ;
#2332 = CARTESIAN_POINT ( 'NONE',  ( -369.3720323993263719, 280.2650050439043525, -131.1511782699139985 ) ) ;
#2333 = CARTESIAN_POINT ( 'NONE',  ( -6.555991131795540383, 120.9822806879593742, -63.08458883042492005 ) ) ;
#2334 = CARTESIAN_POINT ( 'NONE',  ( -488.8462704847859186, 124.9690592448079087, -42.52486617272164438 ) ) ;
#2335 = EDGE_CURVE ( 'NONE', #639, #3414, #344, .T. ) ;
#2336 = CARTESIAN_POINT ( 'NONE',  ( -477.5138688887957983, 146.3172798364528546, -73.03300858899144998 ) ) ;
#2337 = CARTESIAN_POINT ( 'NONE',  ( -477.5138688887957983, -20.00000000000000000, 12.69999999999999929 ) ) ;
#2338 = CARTESIAN_POINT ( 'NONE',  ( -466.5551091408763682, 353.4126103275904711, -281.4986815677970640 ) ) ;
#2339 = CARTESIAN_POINT ( 'NONE',  ( -489.5959729494947510, 121.8611552861485592, -43.01723213175335303 ) ) ;
#2340 = CYLINDRICAL_SURFACE ( 'NONE', #4377, 11.09999999999999076 ) ;
#2341 = CARTESIAN_POINT ( 'NONE',  ( -464.8710933679905679, 133.6722366762514866, -62.17497327462699985 ) ) ;
#2342 = CARTESIAN_POINT ( 'NONE',  ( -464.4598392233048685, 133.1477581624388904, -62.56704921759234850 ) ) ;
#2343 = CARTESIAN_POINT ( 'NONE',  ( -471.1374649247717343, 133.8600587477957049, -44.93506058695358263 ) ) ;
#2344 = ADVANCED_FACE ( 'NONE', ( #4596, #4212 ), #1040, .T. ) ;
#2345 = CARTESIAN_POINT ( 'NONE',  ( -464.8824810931327534, 354.9325576946873753, -279.7663064254933261 ) ) ;
#2346 = CARTESIAN_POINT ( 'NONE',  ( -483.5804266918358962, 134.8985587202946874, -45.83538370558606090 ) ) ;
#2347 = EDGE_LOOP ( 'NONE', ( #4534, #327 ) ) ;
#2348 = CARTESIAN_POINT ( 'NONE',  ( 6.230078711502979871, 133.4929877968369567, -44.55737295155936550 ) ) ;
#2349 = DIRECTION ( 'NONE',  ( 0.000000000000000000, 0.7071067811865475727, -0.7071067811865475727 ) ) ;
#2350 = DIRECTION ( 'NONE',  ( 0.000000000000000000, 0.000000000000000000, -1.000000000000000000 ) ) ;
#2351 = CARTESIAN_POINT ( 'NONE',  ( -468.6210388532845741, 248.3126817565087094, -162.1953477611935739 ) ) ;
#2352 = ORIENTED_EDGE ( 'NONE', *, *, #5065, .F. ) ;
#2353 = CARTESIAN_POINT ( 'NONE',  ( -12.52751700955906955, 117.5543380272824976, -47.26974987694185160 ) ) ;
#2354 = CIRCLE ( 'NONE', #3460, 12.69999999999999929 ) ;
#2355 = CARTESIAN_POINT ( 'NONE',  ( 12.08604182184566156, 116.6426382085512330, -48.90308570420230438 ) ) ;
#2356 = CARTESIAN_POINT ( 'NONE',  ( -467.8041406332054635, 127.2529152057455661, -42.38875288009932518 ) ) ;
#2357 = FACE_BOUND ( 'NONE', #4592, .T. ) ;
#2358 = CARTESIAN_POINT ( 'NONE',  ( -6.153048407425725230, 119.7004697482648226, -62.12810903730265721 ) ) ;
#2359 = TOROIDAL_SURFACE ( 'NONE', #596, 20.00000000000000711, 12.69999999999999929 ) ;
#2360 = AXIS2_PLACEMENT_3D ( 'NONE', #2067, #920, #1702 ) ;
#2361 = EDGE_CURVE ( 'NONE', #3473, #4232, #919, .T. ) ;
#2362 = CARTESIAN_POINT ( 'NONE',  ( -488.3616645668135448, 351.6939552910585576, -275.8202543473145170 ) ) ;
#2363 = CARTESIAN_POINT ( 'NONE',  ( -12.30393197732942490, 121.1356202777321727, -43.36709194357644748 ) ) ;
#2364 = CARTESIAN_POINT ( 'NONE',  ( -468.2160415408029053, 115.7912908041479909, -55.19230252376558354 ) ) ;
#2365 = CARTESIAN_POINT ( 'NONE',  ( -111.2616591543744136, 260.8669472209680293, -131.1511782701576578 ) ) ;
#2366 = CARTESIAN_POINT ( 'NONE',  ( -16.69999999999999929, 126.7631832112599852, -53.47891196379821110 ) ) ;
#2367 = CARTESIAN_POINT ( 'NONE',  ( -465.0539652636622350, 133.0055164752419046, -63.23887267036607085 ) ) ;
#2368 = CARTESIAN_POINT ( 'NONE',  ( -488.6229995098562995, 115.5615949205597275, -50.99430769673960384 ) ) ;
#2369 = CARTESIAN_POINT ( 'NONE',  ( -471.3528129960694173, 134.7256877617498105, -45.73478157850149017 ) ) ;
#2370 = CARTESIAN_POINT ( 'NONE',  ( -464.8138637734622307, 354.0680576741431196, -281.0610487136619327 ) ) ;
#2371 = CARTESIAN_POINT ( 'NONE',  ( -489.6812073886796384, 137.1439625240442695, -58.60783124960212120 ) ) ;
#2372 = ORIENTED_EDGE ( 'NONE', *, *, #4894, .T. ) ;
#2373 = EDGE_CURVE ( 'NONE', #1636, #3498, #1671, .T. ) ;
#2374 = CARTESIAN_POINT ( 'NONE',  ( -6.459560860335913368, 133.5519374450333032, -44.68871607772348398 ) ) ;
#2375 = CARTESIAN_POINT ( 'NONE',  ( 7.101843896207962636, 116.5873925964896500, -58.19558671682488438 ) ) ;
#2376 = CARTESIAN_POINT ( 'NONE',  ( -108.4492694906813455, 263.7446927800757521, -116.6845203996639384 ) ) ;
#2377 = CARTESIAN_POINT ( 'NONE',  ( 12.36362675828767621, 349.4814740993275564, -280.3038527592207743 ) ) ;
#2378 = ORIENTED_EDGE ( 'NONE', *, *, #74, .T. ) ;
#2379 = CARTESIAN_POINT ( 'NONE',  ( -12.73908427329022253, 116.9158600766710521, -48.34189200644252793 ) ) ;
#2380 = DIRECTION ( 'NONE',  ( 0.000000000000000000, 0.7071067811865464625, -0.7071067811865486830 ) ) ;
#2381 = CARTESIAN_POINT ( 'NONE',  ( -12.41095087166992528, 351.1214207090674222, -281.6487766742575900 ) ) ;
#2382 = CARTESIAN_POINT ( 'NONE',  ( -466.3471162383983710, 124.4687120740171338, -42.61165711375809195 ) ) ;
#2383 = CARTESIAN_POINT ( 'NONE',  ( -370.3309560923106005, 281.6456191496375823, -127.0343511726498349 ) ) ;
#2384 = ORIENTED_EDGE ( 'NONE', *, *, #2553, .F. ) ;
#2385 = CYLINDRICAL_SURFACE ( 'NONE', #2443, 12.70000000000000995 ) ;
#2386 = CARTESIAN_POINT ( 'NONE',  ( -477.5138688887957983, 146.3172798364528546, -73.03300858899144998 ) ) ;
#2387 = CIRCLE ( 'NONE', #107, 12.70000000000000284 ) ;
#2388 = CARTESIAN_POINT ( 'NONE',  ( 11.42677578942171834, 137.4924213331195801, -56.35036338415881119 ) ) ;
#2389 = CARTESIAN_POINT ( 'NONE',  ( -466.6660999901745299, 352.4766106461228219, -281.7818343511096373 ) ) ;
#2390 = CARTESIAN_POINT ( 'NONE',  ( -110.8134041460029664, 269.1129895318661056, -136.6610075896953447 ) ) ;
#2391 = CYLINDRICAL_SURFACE ( 'NONE', #1118, 11.09999999999999787 ) ;
#2392 = CARTESIAN_POINT ( 'NONE',  ( -471.2147680257666025, 120.2336982398512788, -62.54528730566214989 ) ) ;
#2393 = CARTESIAN_POINT ( 'NONE',  ( -486.8916192916444174, 125.9560231123540461, -64.81486785763020464 ) ) ;
#2394 = CARTESIAN_POINT ( 'NONE',  ( -471.1702024991038797, 135.1217181642163325, -46.17247179432025206 ) ) ;
#2395 = CARTESIAN_POINT ( 'NONE',  ( -464.8825289110374115, 353.0500070371167567, -281.6485548316150584 ) ) ;
#2396 = CARTESIAN_POINT ( 'NONE',  ( -487.9292703657283710, 137.8417623277812538, -54.26657173714780669 ) ) ;
#2397 = CARTESIAN_POINT ( 'NONE',  ( -6.683029753578215271, 132.9341804539036502, -44.24454567295701679 ) ) ;
#2398 = EDGE_CURVE ( 'NONE', #2729, #5190, #533, .T. ) ;
#2399 = CARTESIAN_POINT ( 'NONE',  ( -464.8476668482171590, 131.6708810056241816, -63.44210836342600857 ) ) ;
#2400 = ADVANCED_FACE ( 'NONE', ( #3883, #4939 ), #3109, .F. ) ;
#2401 = CARTESIAN_POINT ( 'NONE',  ( 9.037872693538023583, 115.5215995361363639, -54.86207267084402162 ) ) ;
#2402 = CARTESIAN_POINT ( 'NONE',  ( -472.7689002397886497, 238.1349998548594442, -148.1689626460292288 ) ) ;
#2403 = CIRCLE ( 'NONE', #3749, 0.4999999999999983902 ) ;
#2404 = CARTESIAN_POINT ( 'NONE',  ( -477.5138688887957983, 154.0954544295048549, -65.25483399593942124 ) ) ;
#2405 = VERTEX_POINT ( 'NONE', #3254 ) ;
#2406 = CARTESIAN_POINT ( 'NONE',  ( -12.60611502751014079, 136.8135262920045534, -58.20558593867940544 ) ) ;
#2407 = CARTESIAN_POINT ( 'NONE',  ( -465.4258327085071869, 236.8352516215549031, -169.1234148081222486 ) ) ;
#2408 = EDGE_CURVE ( 'NONE', #2586, #3494, #5110, .T. ) ;
#2409 = CARTESIAN_POINT ( 'NONE',  ( -12.34059058671851616, 349.8233159606852496, -280.7816439099200920 ) ) ;
#2410 = CARTESIAN_POINT ( 'NONE',  ( -464.8207925241916314, 118.2388892917601027, -45.60990815546923471 ) ) ;
#2411 = AXIS2_PLACEMENT_3D ( 'NONE', #1766, #1820, #1875 ) ;
#2412 = CARTESIAN_POINT ( 'NONE',  ( -369.0784193178967030, 263.7424837664557344, -116.6867294134023751 ) ) ;
#2413 = CARTESIAN_POINT ( 'NONE',  ( -490.1914752096339498, 350.5821008815922823, -276.1974888556990209 ) ) ;
#2414 = CARTESIAN_POINT ( 'NONE',  ( 7.046104395678391086, 121.9414202129047879, -63.60241642266521467 ) ) ;
#2415 = CARTESIAN_POINT ( 'NONE',  ( 13.02593155681956816, 133.0069299233262825, -62.66446722873720887 ) ) ;
#2416 = EDGE_CURVE ( 'NONE', #3647, #2670, #4359, .T. ) ;
#2417 = CARTESIAN_POINT ( 'NONE',  ( -470.9372426056943368, 117.7145959220938209, -59.91900455115970203 ) ) ;
#2418 = CARTESIAN_POINT ( 'NONE',  ( 0.000000000000000000, -20.00000000000000000, 0.000000000000000000 ) ) ;
#2419 = CARTESIAN_POINT ( 'NONE',  ( -11.73839976420033793, 137.6208402150736561, -57.39934778734695442 ) ) ;
#2420 = ORIENTED_EDGE ( 'NONE', *, *, #415, .F. ) ;
#2421 = CARTESIAN_POINT ( 'NONE',  ( -468.3091672589883387, 125.6583237273939346, -64.77802926884702117 ) ) ;
#2422 = CARTESIAN_POINT ( 'NONE',  ( 10.79351657246149543, 352.0853531617383396, -281.8010819142765513 ) ) ;
#2423 = CARTESIAN_POINT ( 'NONE',  ( -471.2983413789044107, 135.1321451247600010, -46.18428526804348877 ) ) ;
#2424 = CARTESIAN_POINT ( 'NONE',  ( 12.69999031336444695, 354.3474978885495261, -280.7815198822713683 ) ) ;
#2425 = CARTESIAN_POINT ( 'NONE',  ( -485.7505787692424519, 137.3391164590474034, -50.09143596836668166 ) ) ;
#2426 = ORIENTED_EDGE ( 'NONE', *, *, #2398, .F. ) ;
#2427 = CARTESIAN_POINT ( 'NONE',  ( -6.546219554911762550, 132.8956004303501572, -44.21840169176429214 ) ) ;
#2428 = CARTESIAN_POINT ( 'NONE',  ( 0.000000000000000000, 79.14213562373097943, -5.857864376269064088 ) ) ;
#2429 = CARTESIAN_POINT ( 'NONE',  ( 6.572691930909921432, 120.9643977983905359, -63.04959707881923947 ) ) ;
#2430 = FACE_OUTER_BOUND ( 'NONE', #4284, .T. ) ;
#2431 = CARTESIAN_POINT ( 'NONE',  ( -490.3329384908797124, 121.3546690913429416, -43.77872338181942524 ) ) ;
#2432 = CARTESIAN_POINT ( 'NONE',  ( 12.56813801347781379, 349.1043072205914086, -278.4118286042593695 ) ) ;
#2433 = ORIENTED_EDGE ( 'NONE', *, *, #3373, .F. ) ;
#2434 = CARTESIAN_POINT ( 'NONE',  ( -464.9828251510692780, 228.7120197731557596, -152.4587948787120126 ) ) ;
#2435 = CARTESIAN_POINT ( 'NONE',  ( -12.69530234066097130, 350.2577136285532333, -276.4139600677806357 ) ) ;
#2436 = CARTESIAN_POINT ( 'NONE',  ( -464.9488277724032059, 120.4342563472511500, -44.32836354644138055 ) ) ;
#2437 = CARTESIAN_POINT ( 'NONE',  ( 10.89773264655769225, 351.3098137375141050, -275.8964605224231263 ) ) ;
#2438 = CARTESIAN_POINT ( 'NONE',  ( -370.7238356447719525, 272.0114709447593100, -114.4594328407472403 ) ) ;
#2439 = ADVANCED_FACE ( 'NONE', ( #2146 ), #2938, .F. ) ;
#2440 = CARTESIAN_POINT ( 'NONE',  ( -489.8591465388468009, 349.7005218992782147, -280.6318642796838390 ) ) ;
#2441 = CARTESIAN_POINT ( 'NONE',  ( -12.34061700763113123, 354.3466990157938312, -276.8199822728837489 ) ) ;
#2442 = CARTESIAN_POINT ( 'NONE',  ( -9.600653990199477406, 126.3568609690284603, -64.82992300428577437 ) ) ;
#2443 = AXIS2_PLACEMENT_3D ( 'NONE', #3097, #3997, #4342 ) ;
#2444 = CARTESIAN_POINT ( 'NONE',  ( -466.8879863204036837, 353.4111769877962388, -276.1028098203043442 ) ) ;
#2445 = CARTESIAN_POINT ( 'NONE',  ( -488.7595332146121905, 123.9986257965286711, -42.31540217176039675 ) ) ;
#2446 = CARTESIAN_POINT ( 'NONE',  ( -9.184698250655374707, 127.8946537485275741, -42.19966592471865852 ) ) ;
#2447 = VERTEX_POINT ( 'NONE', #3424 ) ;
#2448 = AXIS2_PLACEMENT_3D ( 'NONE', #3061, #4252, #3963 ) ;
#2449 = CARTESIAN_POINT ( 'NONE',  ( -493.2138688887957869, 126.7631832112599852, -53.47891196379821110 ) ) ;
#2450 = CARTESIAN_POINT ( 'NONE',  ( 7.145322395994532449, 136.5644336540420056, -48.25810577087367648 ) ) ;
#2451 = CARTESIAN_POINT ( 'NONE',  ( -488.0199669024178206, 137.8649722009708114, -53.75754140783006818 ) ) ;
#2452 = ORIENTED_EDGE ( 'NONE', *, *, #4972, .F. ) ;
#2453 = CARTESIAN_POINT ( 'NONE',  ( 11.59307658558353005, 137.7317928112410073, -57.03872130935549478 ) ) ;
#2454 = CARTESIAN_POINT ( 'NONE',  ( 11.24127068190518663, 123.9909398886490379, -42.33407283867403237 ) ) ;
#2455 = DIRECTION ( 'NONE',  ( 0.000000000000000000, 0.000000000000000000, 1.000000000000000000 ) ) ;
#2456 = CARTESIAN_POINT ( 'NONE',  ( -13.13445157170185240, 133.6306894690089564, -62.20821678160317703 ) ) ;
#2457 = CARTESIAN_POINT ( 'NONE',  ( 0.000000000000000000, 146.3172798364528546, -73.03300858899144998 ) ) ;
#2458 = EDGE_LOOP ( 'NONE', ( #2036, #3444, #3609, #3308, #4085 ) ) ;
#2459 = CARTESIAN_POINT ( 'NONE',  ( -466.0397724341199250, 234.5620790939229323, -168.9843292041176994 ) ) ;
#2460 = CARTESIAN_POINT ( 'NONE',  ( -12.36368392821625584, 349.4810812486778104, -280.3031155861373804 ) ) ;
#2461 = CARTESIAN_POINT ( 'NONE',  ( -464.8840825665160992, 116.7463201343512793, -48.68168901310139063 ) ) ;
#2462 = CARTESIAN_POINT ( 'NONE',  ( 10.61004881385118281, 350.5849256923219173, -281.4063751029424907 ) ) ;
#2463 = CARTESIAN_POINT ( 'NONE',  ( -490.0587910936795879, 351.8905103844045357, -275.8010819142765513 ) ) ;
#2464 = EDGE_CURVE ( 'NONE', #3967, #4443, #1067, .T. ) ;
#2465 = FACE_OUTER_BOUND ( 'NONE', #494, .T. ) ;
#2466 = CARTESIAN_POINT ( 'NONE',  ( 11.24391467963775249, 129.5230999723070511, -64.64416646907280040 ) ) ;
#2467 = CARTESIAN_POINT ( 'NONE',  ( 0.000000000000000000, 65.00000000000000000, -20.00000000000000000 ) ) ;
#2468 = CARTESIAN_POINT ( 'NONE',  ( -111.1172834001712886, 261.6565489834633809, -132.4156013822546072 ) ) ;
#2469 = CARTESIAN_POINT ( 'NONE',  ( -12.65310644366850568, 135.7482025022297876, -60.82030267240577359 ) ) ;
#2470 = VERTEX_POINT ( 'NONE', #2631 ) ;
#2471 = CARTESIAN_POINT ( 'NONE',  ( -10.82070768658184079, 349.0853862677063830, -278.6054221331872895 ) ) ;
#2472 = VECTOR ( 'NONE', #966, 1000.000000000000114 ) ;
#2473 = CARTESIAN_POINT ( 'NONE',  ( 13.17489574794650053, 133.9822275402639491, -61.91897293048957351 ) ) ;
#2474 = B_SPLINE_CURVE_WITH_KNOTS ( 'NONE', 3,
 ( #2485, #4094, #1697, #1303, #237, #674, #2265, #122, #562, #4081, #2892, #456, #3286, #4004, #4496, #2914, #4835, #2841, #481, #2093, #1241, #1682, #4030, #3209, #3683, #1661, #3708, #405, #4519, #899, #3610, #2048, #4444, #1216, #4103, #854, #1999, #4861, #5206, #429, #506, #3661, #3261, #92, #2392, #1613, #47, #1707, #4810, #2814, #2421, #4417 ),
 .UNSPECIFIED., .F., .F.,
 ( 4, 2, 2, 2, 2, 2, 2, 2, 2, 2, 2, 2, 2, 2, 2, 2, 2, 2, 2, 2, 2, 2, 2, 2, 2, 4 ),
 ( 0.03769459840746954005, 0.04008598963232996859, 0.04128168524476014817, 0.04247738085719032775, 0.04367307646962050732, 0.04486877208205068690, 0.04726016330691103218, 0.04845585891934119094, 0.04965155453177135664, 0.05084725014420151540, 0.05204294575663168110, 0.05323864136906183986, 0.05443433698149199862, 0.05682572820635238553, 0.05802142381878258592, 0.05921711943121277244, 0.06160851065607325650, 0.06399990188093374055, 0.06519559749336398258, 0.06639129310579421073, 0.06758698871822445275, 0.06818483652443960152, 0.06878268433065473642, 0.07117407555551526210, 0.07356546678037578779, 0.07595685800523632736 ),
 .UNSPECIFIED. ) ;
#2475 = CARTESIAN_POINT ( 'NONE',  ( -489.6141612854094660, 137.3316428936795717, -56.89204856486825435 ) ) ;
#2476 = CARTESIAN_POINT ( 'NONE',  ( 1.555301434917138433E-15, 65.00000000000000000, -20.00000000000000000 ) ) ;
#2477 = CARTESIAN_POINT ( 'NONE',  ( 11.72745782762691391, 115.9278090764494493, -49.55607277287051460 ) ) ;
#2478 = CARTESIAN_POINT ( 'NONE',  ( 15.69999999999999929, 126.7631832112599852, -64.57891196379820542 ) ) ;
#2479 = CARTESIAN_POINT ( 'NONE',  ( -13.12212784467592286, 135.5589828204134619, -60.26092162108922423 ) ) ;
#2480 = DIRECTION ( 'NONE',  ( 1.000000000000000000, -0.000000000000000000, -0.000000000000000000 ) ) ;
#2481 = VERTEX_POINT ( 'NONE', #206 ) ;
#2482 =( BOUNDED_SURFACE ( )  B_SPLINE_SURFACE ( 3, 2, ( 
 ( #1035, #3046, #4732 ),
 ( #1139, #4650, #3069 ),
 ( #4339, #744, #2332 ),
 ( #199, #1964, #4021 ),
 ( #2383, #1577, #3652 ),
 ( #1549, #2857, #1260 ),
 ( #4462, #1233, #2756 ),
 ( #4362, #4780, #872 ),
 ( #815, #2806, #3147 ),
 ( #1938, #4436, #766 ),
 ( #3252, #3577, #792 ),
 ( #3200, #2013, #396 ),
 ( #4801, #2438, #1185 ),
 ( #12, #2830, #1627 ),
 ( #846, #3996, #4827 ),
 ( #4051, #3945, #5170 ),
 ( #4409, #2412, #1163 ),
 ( #2780, #4387, #422 ) ),
 .UNSPECIFIED., .F., .F., .F. ) 
 B_SPLINE_SURFACE_WITH_KNOTS ( ( 4, 2, 2, 2, 2, 2, 2, 2, 4 ),
 ( 3, 3 ),
 ( 4.712388980384710990, 5.105088062083430245, 5.497787143782148611, 5.890486225480866977, 6.283185307179586232, 6.675884388878305487, 7.068583470577024741, 7.461282552275743996, 7.853981633974462362 ),
 ( 0.000000000000000000, 1.000000000000000000 ),
 .UNSPECIFIED. ) 
 GEOMETRIC_REPRESENTATION_ITEM ( )  RATIONAL_B_SPLINE_SURFACE ( (
 ( 1.000000000000000000, 1.000000000000000000, 1.000000000000000000),
 ( 1.000000000000000000, 1.000020808909265480, 1.000000000000000000),
 ( 1.000000000000000000, 0.9987393843558165507, 1.000000000000000000),
 ( 1.000000000000000000, 0.9943883551951164801, 1.000000000000000000),
 ( 1.000000000000000000, 0.9913217005519948666, 1.000000000000000000),
 ( 1.000000000000000000, 0.9851164560915740553, 1.000000000000000000),
 ( 1.000000000000000000, 0.9820159477342229604, 1.000000000000000000),
 ( 1.000000000000000000, 0.9775904892591658069, 1.000000000000000000),
 ( 1.000000000000000000, 0.9762960071213179214, 1.000000000000000000),
 ( 1.000000000000000000, 0.9762960071185450284, 1.000000000000000000),
 ( 1.000000000000000000, 0.9775904892597048201, 1.000000000000000000),
 ( 1.000000000000000000, 0.9820159477336797282, 1.000000000000000000),
 ( 1.000000000000000000, 0.9851164560908717283, 1.000000000000000000),
 ( 1.000000000000000000, 0.9913217005526958614, 1.000000000000000000),
 ( 1.000000000000000000, 0.9943883551951953059, 1.000000000000000000),
 ( 1.000000000000000000, 0.9987393843557381690, 1.000000000000000000),
 ( 1.000000000000000000, 1.000020808909324321, 1.000000000000000000),
 ( 1.000000000000000000, 1.000000000000000000, 1.000000000000000000) ) ) 
 REPRESENTATION_ITEM ( '' )  SURFACE ( )  );
#2483 = DIRECTION ( 'NONE',  ( 0.000000000000000000, 0.000000000000000000, -1.000000000000000000 ) ) ;
#2484 = CARTESIAN_POINT ( 'NONE',  ( -465.3248559882281370, 121.5261241225665572, -43.17082361746356867 ) ) ;
#2485 = CARTESIAN_POINT ( 'NONE',  ( -467.9281912064274707, 127.1959117239439507, -42.12989329113267445 ) ) ;
#2486 = CARTESIAN_POINT ( 'NONE',  ( -490.2138592021603927, 349.8232084349271531, -276.8206439462817343 ) ) ;
#2487 = CIRCLE ( 'NONE', #1737, 12.69999999999999929 ) ;
#2488 = CARTESIAN_POINT ( 'NONE',  ( 9.528413103088542613, 125.9467273082323828, -64.57022700804783710 ) ) ;
#2489 = CARTESIAN_POINT ( 'NONE',  ( 12.77526173417716748, 132.0204736170916249, -63.26233881335982545 ) ) ;
#2490 = EDGE_CURVE ( 'NONE', #3687, #2568, #1869, .T. ) ;
#2491 = CARTESIAN_POINT ( 'NONE',  ( -469.1980347915242078, 234.5551759592268297, -147.6867067130843623 ) ) ;
#2492 = CARTESIAN_POINT ( 'NONE',  ( -464.8076781441509411, 134.9418241698577958, -61.71550613965237631 ) ) ;
#2493 = EDGE_CURVE ( 'NONE', #2481, #2819, #5111, .T. ) ;
#2494 = CARTESIAN_POINT ( 'NONE',  ( -6.113910032429377139, 135.2425684793046230, -46.21590694716373093 ) ) ;
#2495 = ORIENTED_EDGE ( 'NONE', *, *, #2563, .F. ) ;
#2496 = CARTESIAN_POINT ( 'NONE',  ( -488.7551395707009760, 123.9909398886489242, -42.33407283867401816 ) ) ;
#2497 = CARTESIAN_POINT ( 'NONE',  ( 11.10589584748841752, 137.8009424210139855, -54.82414881939668305 ) ) ;
#2498 = CARTESIAN_POINT ( 'NONE',  ( -460.8138688887958097, 126.7631832112599852, -53.47891196379821110 ) ) ;
#2499 = CARTESIAN_POINT ( 'NONE',  ( -487.4150305758155923, 115.6827153569764590, -54.21917675300343831 ) ) ;
#2500 = ORIENTED_EDGE ( 'NONE', *, *, #5035, .T. ) ;
#2501 = B_SPLINE_CURVE_WITH_KNOTS ( 'NONE', 3,
 ( #971, #1704, #3306, #2167, #2514, #3782, #1680, #2200, #4539, #4926, #4124, #948, #4904, #1334, #3703, #2492, #2541, #552, #1754, #2596, #1310, #169, #2138, #1003, #142, #4953, #2962, #4207, #606, #4236, #3502, #1062, #3418, #2678, #5013, #3448, #3920, #2734, #2285, #1447, #4289, #1418, #2706, #3124, #2624, #4620, #3842, #2649, #690, #307, #4260, #636, #3020, #1834, #1089, #664 ),
 .UNSPECIFIED., .F., .F.,
 ( 4, 2, 2, 2, 2, 2, 2, 2, 2, 2, 2, 2, 2, 2, 2, 2, 2, 2, 2, 2, 2, 2, 2, 2, 2, 2, 2, 4 ),
 ( 0.07595685800523632736, 0.07715155110949752093, 0.07834624421375870063, 0.08073563042228115716, 0.08193032352654237849, 0.08312501663080359982, 0.08431970973506482114, 0.08551440283932605635, 0.08670909594358727768, 0.08790378904784849901, 0.08909848215210972033, 0.09029317525637094166, 0.09268256146489330105, 0.09387725456915446687, 0.09507194767341564656, 0.09746133388193789493, 0.09985072009046015717, 0.1022401062989824055, 0.1034347994032435852, 0.1040321459553741612, 0.1046294925075047511, 0.1058241856117659446, 0.1070188787160271521, 0.1082135718202883456, 0.1094082649245495531, 0.1117976511330719541, 0.1129923442373331893, 0.1141870373415944245 ),
 .UNSPECIFIED. ) ;
#2502 = B_SPLINE_CURVE_WITH_KNOTS ( 'NONE', 3,
 ( #2334, #4341, #5146, #1117, #1940, #2651, #3553, #721, #2431, #746, #3922, #836, #284, #666, #1551, #4039, #1915, #5121, #1865, #4262, #256, #2257, #3947, #3505, #339, #4734, #3149, #5096, #3528, #4758, #1091, #1165, #1647, #692, #2758, #4428, #1141, #2287, #3480, #440, #3245, #2034, #3645, #3897, #1890, #3126, #1064, #5070, #1477, #3071, #1502, #1524, #3096, #4680, #4705, #2708, #2309, #310 ),
 .UNSPECIFIED., .F., .F.,
 ( 4, 2, 2, 2, 2, 2, 2, 2, 2, 2, 2, 2, 2, 2, 2, 2, 2, 2, 2, 2, 2, 2, 2, 2, 2, 2, 2, 2, 4 ),
 ( 0.04041316420092574274, 0.04154241161637983737, 0.04267165903183393200, 0.04380090644728802662, 0.04493015386274212125, 0.04718864869365033826, 0.04831789610910445371, 0.04944714352455856915, 0.05057639094001267765, 0.05170563835546680004, 0.05396413318637503093, 0.05509338060182915331, 0.05622262801728328263, 0.05848112284819151352, 0.05961037026364564284, 0.06073961767909976522, 0.06299811251000800305, 0.06412735992546214625, 0.06525660734091628945, 0.06638585475637044653, 0.06751510217182458973, 0.06807972587955168908, 0.06864434958727877456, 0.06977359700273297327, 0.07090284441818717198, 0.07203209183364135682, 0.07316133924909554165, 0.07429058666454974036, 0.07654908149545815166 ),
 .UNSPECIFIED. ) ;
#2503 = CARTESIAN_POINT ( 'NONE',  ( 8.990980335229036058, 128.2274819801571653, -42.23471467440325000 ) ) ;
#2504 = CARTESIAN_POINT ( 'NONE',  ( 20.00000000000000000, 352.0853531617383396, -275.8010819142765513 ) ) ;
#2505 = CARTESIAN_POINT ( 'NONE',  ( -12.44037092728781779, 136.5744810581734896, -59.63705120471230714 ) ) ;
#2506 = CARTESIAN_POINT ( 'NONE',  ( -488.0969218732118975, 354.0654035621626576, -276.5387297974260719 ) ) ;
#2507 = ORIENTED_EDGE ( 'NONE', *, *, #3981, .F. ) ;
#2508 = CARTESIAN_POINT ( 'NONE',  ( 10.79351657246138707, 352.0853531617383396, -275.8010819142765513 ) ) ;
#2509 = CARTESIAN_POINT ( 'NONE',  ( -465.7306091547804954, 115.9920445156767954, -50.77327555571575601 ) ) ;
#2510 = CARTESIAN_POINT ( 'NONE',  ( 10.58305298441619691, 350.1053027613139079, -281.0634340311270307 ) ) ;
#2511 = VERTEX_POINT ( 'NONE', #3848 ) ;
#2512 = CARTESIAN_POINT ( 'NONE',  ( -12.61157489428181933, 354.9897848905158071, -279.5771678537932416 ) ) ;
#2513 = CARTESIAN_POINT ( 'NONE',  ( -466.0221332351445653, 230.6848908530855908, -149.7348280029795546 ) ) ;
#2514 = CARTESIAN_POINT ( 'NONE',  ( -466.9558253712716578, 128.1212896647427044, -64.82971433256375349 ) ) ;
#2515 = CARTESIAN_POINT ( 'NONE',  ( -9.115355939046114742, 115.5010309713953660, -54.72919196982856249 ) ) ;
#2516 = CARTESIAN_POINT ( 'NONE',  ( -490.1137225633983121, 133.7207181936087181, -62.75858010937896125 ) ) ;
#2517 = ORIENTED_EDGE ( 'NONE', *, *, #4204, .F. ) ;
#2518 = CARTESIAN_POINT ( 'NONE',  ( -464.8776512302603123, 136.7709422159380779, -58.29528010432631646 ) ) ;
#2519 = CARTESIAN_POINT ( 'NONE',  ( -489.9237901859749513, 116.8758468160690569, -47.44814189250786285 ) ) ;
#2520 = CARTESIAN_POINT ( 'NONE',  ( 6.297613226220009075, 134.3708199540198791, -45.38745087625771646 ) ) ;
#2521 = CARTESIAN_POINT ( 'NONE',  ( -490.1052623050202328, 133.6696500161794461, -62.79546503158658766 ) ) ;
#2522 = CARTESIAN_POINT ( 'NONE',  ( -484.6798367791207625, 116.5290812984790563, -58.07589980867206947 ) ) ;
#2523 = ORIENTED_EDGE ( 'NONE', *, *, #1305, .F. ) ;
#2524 = PRESENTATION_LAYER_ASSIGNMENT (  '', '', ( #2781 ) ) ;
#2525 = CARTESIAN_POINT ( 'NONE',  ( -11.08270425531469705, 137.8093697569793790, -54.77625432069111611 ) ) ;
#2526 = CARTESIAN_POINT ( 'NONE',  ( 6.216484278915183737, 133.5391624118566654, -44.59276793265192396 ) ) ;
#2527 = CARTESIAN_POINT ( 'NONE',  ( -10.22216055350004105, 126.5593384658072438, -64.57750716389979573 ) ) ;
#2528 = CARTESIAN_POINT ( 'NONE',  ( -107.5734482612969174, 281.3770728426165988, -128.4664091079843331 ) ) ;
#2529 = CARTESIAN_POINT ( 'NONE',  ( -9.600653990199839782, 126.3568609690282329, -64.82992300428578858 ) ) ;
#2530 = CARTESIAN_POINT ( 'NONE',  ( -488.1399258835941168, 353.4094641976109301, -276.1020283501685526 ) ) ;
#2531 = ORIENTED_EDGE ( 'NONE', *, *, #774, .F. ) ;
#2532 = CIRCLE ( 'NONE', #3637, 11.00000000000000000 ) ;
#2533 = CARTESIAN_POINT ( 'NONE',  ( -10.79351657246139240, 352.0853531617383396, -275.8010819142765513 ) ) ;
#2534 = CARTESIAN_POINT ( 'NONE',  ( -468.6686170304136567, 115.9118203323038045, -55.91071068330851546 ) ) ;
#2535 = CARTESIAN_POINT ( 'NONE',  ( -493.2138688887957869, 126.7631832112599852, -63.57891196379821253 ) ) ;
#2536 = CARTESIAN_POINT ( 'NONE',  ( 10.89524192494879884, 128.8030921310206622, -64.74743978313841808 ) ) ;
#2537 = ORIENTED_EDGE ( 'NONE', *, *, #841, .T. ) ;
#2538 = CARTESIAN_POINT ( 'NONE',  ( -12.47970954143493039, 243.9315198821025774, -167.2734073716603973 ) ) ;
#2539 = CARTESIAN_POINT ( 'NONE',  ( 6.530922879970317396, 117.8045564377568297, -60.04423857392713160 ) ) ;
#2540 = CARTESIAN_POINT ( 'NONE',  ( -489.9246863417434952, 354.9327201680491726, -277.8359401736918244 ) ) ;
#2541 = CARTESIAN_POINT ( 'NONE',  ( -464.8125713679950195, 135.2205841038588119, -61.42856996617934584 ) ) ;
#2542 = CARTESIAN_POINT ( 'NONE',  ( -488.2789802213257531, 138.0731141579941550, -55.24769671954054928 ) ) ;
#2543 = ORIENTED_EDGE ( 'NONE', *, *, #541, .T. ) ;
#2544 = CARTESIAN_POINT ( 'NONE',  ( -471.0663675346021364, 135.4967616646893305, -46.62526154883628493 ) ) ;
#2545 = CARTESIAN_POINT ( 'NONE',  ( -489.0686829747002093, 123.2676979064125788, -42.51313640753794942 ) ) ;
#2546 = CARTESIAN_POINT ( 'NONE',  ( 20.00000000000000000, 352.0853531617383396, -278.8010819142765513 ) ) ;
#2547 = CARTESIAN_POINT ( 'NONE',  ( -11.13739633285908859, 231.1985432309659814, -149.2655065564845813 ) ) ;
#2548 = CARTESIAN_POINT ( 'NONE',  ( -484.3389382132683636, 116.8716493826943434, -58.73664453470674829 ) ) ;
#2549 = CARTESIAN_POINT ( 'NONE',  ( 12.38300456667611726, 122.6522297535211408, -43.16227824064235818 ) ) ;
#2550 = CARTESIAN_POINT ( 'NONE',  ( -16.69999999999999929, 126.7631832112599852, -53.47891196379821110 ) ) ;
#2551 = CARTESIAN_POINT ( 'NONE',  ( 6.330128908316214442, 133.5179921051566225, -44.66179910029187994 ) ) ;
#2552 = LINE ( 'NONE', #2504, #306 ) ;
#2553 = EDGE_CURVE ( 'NONE', #434, #4279, #4465, .T. ) ;
#2554 = CARTESIAN_POINT ( 'NONE',  ( -12.42634052485071550, 130.9868872601456928, -63.75077178788998822 ) ) ;
#2555 = CARTESIAN_POINT ( 'NONE',  ( -485.1737522148767425, 136.9924714671786603, -49.15709987386671997 ) ) ;
#2556 = ORIENTED_EDGE ( 'NONE', *, *, #3666, .T. ) ;
#2557 = CARTESIAN_POINT ( 'NONE',  ( -466.9252218885346224, 349.6978305872189026, -280.6283394233010995 ) ) ;
#2558 = CARTESIAN_POINT ( 'NONE',  ( -469.0036644498503620, 115.6859274417805779, -55.75734392693417618 ) ) ;
#2559 = CARTESIAN_POINT ( 'NONE',  ( -366.3595816669348437, 260.8717012272284705, -131.1596981138846445 ) ) ;
#2560 = CARTESIAN_POINT ( 'NONE',  ( -6.700647497802828312, 117.5044115385450993, -59.61219681304286411 ) ) ;
#2561 = EDGE_LOOP ( 'NONE', ( #5109, #5008, #4144, #2420 ) ) ;
#2562 = CARTESIAN_POINT ( 'NONE',  ( -1.486073093869657802, 241.7514137137436876, -150.6263504058651961 ) ) ;
#2563 = EDGE_CURVE ( 'NONE', #4728, #4415, #1817, .T. ) ;
#2564 = CARTESIAN_POINT ( 'NONE',  ( 9.723108386537317571, 115.3929350433637921, -53.67120979509548562 ) ) ;
#2565 = CARTESIAN_POINT ( 'NONE',  ( -490.1250616445903461, 354.9907570491149045, -279.5735981236889529 ) ) ;
#2566 = CARTESIAN_POINT ( 'NONE',  ( -477.5138688887957983, 65.00000000000000000, -20.00000000000000000 ) ) ;
#2567 = CARTESIAN_POINT ( 'NONE',  ( -485.6965043058697233, 129.5906245267644010, -42.54897968661983754 ) ) ;
#2568 = VERTEX_POINT ( 'NONE', #149 ) ;
#2569 = CARTESIAN_POINT ( 'NONE',  ( -468.4407947251635278, 137.6737554855673409, -51.40900215777850235 ) ) ;
#2570 = CARTESIAN_POINT ( 'NONE',  ( -10.58297097891277438, 354.0692998919054162, -276.5422170117114433 ) ) ;
#2571 = DIRECTION ( 'NONE',  ( 0.000000000000000000, 1.000000000000000000, 0.000000000000000000 ) ) ;
#2572 = AXIS2_PLACEMENT_3D ( 'NONE', #4221, #2183, #622 ) ;
#2573 = CARTESIAN_POINT ( 'NONE',  ( -9.014508749703049162, 115.5280295402173607, -54.90130701195473506 ) ) ;
#2574 = CARTESIAN_POINT ( 'NONE',  ( -488.1239899650191205, 350.5857283334652834, -281.4068042538776240 ) ) ;
#2575 = CARTESIAN_POINT ( 'NONE',  ( -5.844243190963671175, 237.0595360675891925, -147.8064996128865687 ) ) ;
#2576 = CARTESIAN_POINT ( 'NONE',  ( -484.3003143639492123, 117.1615144420572818, -59.06141036473636063 ) ) ;
#2577 = VECTOR ( 'NONE', #3228, 1000.000000000000000 ) ;
#2578 = CARTESIAN_POINT ( 'NONE',  ( -469.2276825552090145, 137.3819045291515692, -50.17755937962589030 ) ) ;
#2579 = UNCERTAINTY_MEASURE_WITH_UNIT (LENGTH_MEASURE( 1.000000000000000082E-05 ), #4887, 'distance_accuracy_value', 'NONE');
#2580 = LINE ( 'NONE', #3030, #741 ) ;
#2581 = CARTESIAN_POINT ( 'NONE',  ( 6.066557803035213858, 134.8985587202965064, -45.83538370558422059 ) ) ;
#2582 = DIRECTION ( 'NONE',  ( 0.000000000000000000, 0.7071067811865475727, -0.7071067811865475727 ) ) ;
#2583 = CARTESIAN_POINT ( 'NONE',  ( -467.4129983395072827, 126.3557679811038099, -64.57189988077546161 ) ) ;
#2584 = CARTESIAN_POINT ( 'NONE',  ( -9.865837735597690283, 137.8824658733761055, -53.25156966087604360 ) ) ;
#2585 = CARTESIAN_POINT ( 'NONE',  ( -485.8903377283795066, 129.9233285333578465, -42.81868839581227348 ) ) ;
#2586 = VERTEX_POINT ( 'NONE', #3790 ) ;
#2587 = CARTESIAN_POINT ( 'NONE',  ( -466.5139074620870474, 350.1050112653236397, -276.5389831434811185 ) ) ;
#2588 = CARTESIAN_POINT ( 'NONE',  ( -467.4158721169716841, 115.6656777302335115, -53.89350427750783012 ) ) ;
#2589 = CARTESIAN_POINT ( 'NONE',  ( -366.7867433726822810, 269.0963453874875881, -136.6594328407625483 ) ) ;
#2590 = VERTEX_POINT ( 'NONE', #669 ) ;
#2591 = CARTESIAN_POINT ( 'NONE',  ( -9.161872021332296612, 124.8334214960944735, -64.42988281092986824 ) ) ;
#2592 = ORIENTED_EDGE ( 'NONE', *, *, #279, .T. ) ;
#2593 = CARTESIAN_POINT ( 'NONE',  ( -5.337150912231559019, 248.1757494697989728, -158.5699611794983639 ) ) ;
#2594 = CARTESIAN_POINT ( 'NONE',  ( 7.347894525622594486, 116.3776084811026692, -57.74620103650176617 ) ) ;
#2595 = PLANE ( 'NONE',  #1120 ) ;
#2596 = CARTESIAN_POINT ( 'NONE',  ( -465.0260213740342579, 136.4460565747414478, -59.84524462327739514 ) ) ;
#2597 = CARTESIAN_POINT ( 'NONE',  ( -8.510204438937851279, 115.6859274417724350, -55.75734392693755836 ) ) ;
#2598 = CARTESIAN_POINT ( 'NONE',  ( -490.1244710284833559, 135.9914395242616365, -60.50587274938571625 ) ) ;
#2599 = ORIENTED_EDGE ( 'NONE', *, *, #5102, .F. ) ;
#2600 = CARTESIAN_POINT ( 'NONE',  ( -471.0202111240494105, 135.6141229701448196, -46.77763490793560663 ) ) ;
#2601 = CARTESIAN_POINT ( 'NONE',  ( -10.99463058391481951, 353.9139853386951700, -281.1874907311404286 ) ) ;
#2602 = CARTESIAN_POINT ( 'NONE',  ( -8.801395809699108952, 124.9788224029152275, -64.66419657428554046 ) ) ;
#2603 = CARTESIAN_POINT ( 'NONE',  ( -488.2530686204200379, 349.1043619699677834, -279.1911877003948916 ) ) ;
#2604 = CARTESIAN_POINT ( 'NONE',  ( -489.9410754303478939, 130.9896395584926267, -63.74950461010379854 ) ) ;
#2605 = CARTESIAN_POINT ( 'NONE',  ( -486.5664759510132740, 115.7754991204507604, -55.09706798189574783 ) ) ;
#2606 = CARTESIAN_POINT ( 'NONE',  ( -105.1221017798676627, 282.2601370235800005, -115.0716800800062174 ) ) ;
#2607 = CARTESIAN_POINT ( 'NONE',  ( -468.3687857932440011, 128.7192657352252922, -42.54760793203732305 ) ) ;
#2608 = AXIS2_PLACEMENT_3D ( 'NONE', #2366, #4785, #3102 ) ;
#2609 = DIRECTION ( 'NONE',  ( -0.4370325944858537426, 0.8878299131982039238, 0.1440852406995019319 ) ) ;
#2610 = CARTESIAN_POINT ( 'NONE',  ( 8.182994606465804566, 129.5900338861596310, -42.54863628972220368 ) ) ;
#2611 = CARTESIAN_POINT ( 'NONE',  ( -108.1135208821046945, 280.2628664833337666, -131.1534951773495550 ) ) ;
#2612 = CARTESIAN_POINT ( 'NONE',  ( -9.735472893151687401, 138.1503411911019725, -53.29856166856465194 ) ) ;
#2613 = CARTESIAN_POINT ( 'NONE',  ( -488.5139080812356269, 354.0695580224958121, -281.0597209711157234 ) ) ;
#2614 = ORIENTED_EDGE ( 'NONE', *, *, #4463, .T. ) ;
#2615 = CARTESIAN_POINT ( 'NONE',  ( -466.9036245945477503, 349.4785642801972472, -280.2990090737874880 ) ) ;
#2616 = CARTESIAN_POINT ( 'NONE',  ( -471.1510691332206875, 119.5601424838291109, -61.92664288860004262 ) ) ;
#2617 = CARTESIAN_POINT ( 'NONE',  ( -368.4479097825885106, 277.3829226242576169, -134.4418316401647644 ) ) ;
#2618 = ORIENTED_EDGE ( 'NONE', *, *, #1579, .T. ) ;
#2619 = CARTESIAN_POINT ( 'NONE',  ( -464.3355734255197262, 119.4612329762399270, -45.11652146958977028 ) ) ;
#2620 = ORIENTED_EDGE ( 'NONE', *, *, #1283, .T. ) ;
#2621 = CARTESIAN_POINT ( 'NONE',  ( -12.68897832928628944, 240.6657959594315628, -168.5836290450406807 ) ) ;
#2622 = CARTESIAN_POINT ( 'NONE',  ( 7.448092610111027412, 116.6908398729501499, -58.15712028910742504 ) ) ;
#2623 = CARTESIAN_POINT ( 'NONE',  ( -490.1450900149000063, 354.9331507577194884, -279.7646165123275068 ) ) ;
#2624 = CARTESIAN_POINT ( 'NONE',  ( -471.2830216830494692, 133.4945229978501970, -44.55891769620010479 ) ) ;
#2625 = CARTESIAN_POINT ( 'NONE',  ( -11.94503811110931046, 116.0863282516821329, -50.42089473486422690 ) ) ;
#2626 = CARTESIAN_POINT ( 'NONE',  ( -485.9454737723403355, 137.7920996758792285, -51.07113081171541324 ) ) ;
#2627 = ORIENTED_EDGE ( 'NONE', *, *, #1331, .F. ) ;
#2628 = ADVANCED_FACE ( 'NONE', ( #1813 ), #5173, .T. ) ;
#2629 = CARTESIAN_POINT ( 'NONE',  ( -467.0940569733303391, 137.8411680996684083, -54.27524131264048179 ) ) ;
#2630 = CARTESIAN_POINT ( 'NONE',  ( -10.68869067010770202, 354.9906826798778638, -278.0282688947350493 ) ) ;
#2631 = CARTESIAN_POINT ( 'NONE',  ( 16.69999999999999929, 126.7631832112599852, -50.47891196379821110 ) ) ;
#2632 = CARTESIAN_POINT ( 'NONE',  ( -11.14500523555778067, 233.4493470119210770, -168.7820383733005087 ) ) ;
#2633 = CARTESIAN_POINT ( 'NONE',  ( -488.2204967383201506, 115.6595907007401394, -52.85925031674990038 ) ) ;
#2634 = CARTESIAN_POINT ( 'NONE',  ( 6.982929164491619822, 117.1320921997424165, -59.00820873844595837 ) ) ;
#2635 = CARTESIAN_POINT ( 'NONE',  ( -470.7997008749607630, 136.0429430105349695, -47.37735348629546905 ) ) ;
#2636 = DIRECTION ( 'NONE',  ( 0.000000000000000000, 0.000000000000000000, -1.000000000000000000 ) ) ;
#2637 = CARTESIAN_POINT ( 'NONE',  ( -460.8138688887958097, 126.7631832112599852, -43.37891196379821679 ) ) ;
#2638 = CARTESIAN_POINT ( 'NONE',  ( 7.158139974631525959, 137.0132169622993388, -48.87815059027558817 ) ) ;
#2639 = CARTESIAN_POINT ( 'NONE',  ( -483.8192675502082807, 134.8451160342204673, -45.86762607912640277 ) ) ;
#2640 = CARTESIAN_POINT ( 'NONE',  ( -6.343666389690418406, 135.1217181642155936, -46.17247179431939230 ) ) ;
#2641 = ORIENTED_EDGE ( 'NONE', *, *, #4050, .F. ) ;
#2642 = CARTESIAN_POINT ( 'NONE',  ( 20.00000000000000000, 352.0853531617383396, -278.8010819142765513 ) ) ;
#2643 = CARTESIAN_POINT ( 'NONE',  ( -471.0359824305867278, 120.0120849372021468, -62.29197800961058817 ) ) ;
#2644 = CARTESIAN_POINT ( 'NONE',  ( -366.4580190541921638, 264.9435424126125440, -135.2922995403816060 ) ) ;
#2645 = ORIENTED_EDGE ( 'NONE', *, *, #613, .T. ) ;
#2646 = CARTESIAN_POINT ( 'NONE',  ( -12.71905592972172627, 241.4177345184460819, -168.3649499501184152 ) ) ;
#2647 = CARTESIAN_POINT ( 'NONE',  ( 6.291591672481013475, 119.0920992989967715, -61.51119635428013765 ) ) ;
#2648 = CARTESIAN_POINT ( 'NONE',  ( -464.9922875190167133, 352.0853531617383396, -275.8010819142765513 ) ) ;
#2649 = CARTESIAN_POINT ( 'NONE',  ( -470.6303453039532769, 131.9013315963554760, -43.52143643811544393 ) ) ;
#2650 = CARTESIAN_POINT ( 'NONE',  ( -7.733023951619365732, 122.9501370880277449, -63.92915397758941509 ) ) ;
#2651 = CARTESIAN_POINT ( 'NONE',  ( -489.8968734554724165, 122.6522297535200465, -43.16227824064276319 ) ) ;
#2652 = EDGE_LOOP ( 'NONE', ( #4860, #5063 ) ) ;
#2653 = CARTESIAN_POINT ( 'NONE',  ( -468.7844717770354919, 137.9083062563922795, -51.57267942598664234 ) ) ;
#2654 = CARTESIAN_POINT ( 'NONE',  ( 20.00000000000000000, 352.0853531617383396, -281.8010819142765513 ) ) ;
#2655 = EDGE_CURVE ( 'NONE', #145, #4673, #2731, .T. ) ;
#2656 = CARTESIAN_POINT ( 'NONE',  ( -10.93016298313270518, 232.7211081937624613, -168.5876512449136158 ) ) ;
#2657 = AXIS2_PLACEMENT_3D ( 'NONE', #3814, #2888, #3757 ) ;
#2658 = CARTESIAN_POINT ( 'NONE',  ( -490.1245840741367488, 119.8311321481308624, -44.15512223721452045 ) ) ;
#2659 = CARTESIAN_POINT ( 'NONE',  ( 6.706178618447742323, 117.4972616997205108, -59.60049145248037661 ) ) ;
#2660 = AXIS2_PLACEMENT_3D ( 'NONE', #2386, #5073, #3555 ) ;
#2661 = CARTESIAN_POINT ( 'NONE',  ( -13.18075649214803668, 135.1525856963241097, -60.75766528754942186 ) ) ;
#2662 = DIRECTION ( 'NONE',  ( 1.000000000000000000, -0.000000000000000000, -0.000000000000000000 ) ) ;
#2663 = CARTESIAN_POINT ( 'NONE',  ( 15.69999999999999929, 126.7631832112599852, -42.37891196379820968 ) ) ;
#2664 = AXIS2_PLACEMENT_3D ( 'NONE', #2550, #1229, #2827 ) ;
#2665 = CARTESIAN_POINT ( 'NONE',  ( 10.70518169753730042, 137.8509613974628962, -54.10593017153291129 ) ) ;
#2666 = CARTESIAN_POINT ( 'NONE',  ( -483.9117914505051203, 135.7428779787185817, -46.94197086698780197 ) ) ;
#2667 = ADVANCED_FACE ( 'NONE', ( #1143 ), #695, .T. ) ;
#2668 = CARTESIAN_POINT ( 'NONE',  ( -12.15757305073835859, 137.1189914643504437, -58.61498433029076693 ) ) ;
#2669 = CARTESIAN_POINT ( 'NONE',  ( -488.3073854612572973, 352.0853531617382828, -281.8010819142765513 ) ) ;
#2670 = VERTEX_POINT ( 'NONE', #3483 ) ;
#2671 = CARTESIAN_POINT ( 'NONE',  ( 10.89784887916944811, 352.8618003527645328, -281.7055018282493393 ) ) ;
#2672 = CARTESIAN_POINT ( 'NONE',  ( -468.3705478216076585, 124.8042124540884714, -64.42537298230325860 ) ) ;
#2673 = CARTESIAN_POINT ( 'NONE',  ( -12.82751352429528247, 121.3254639881458701, -43.79472269189325573 ) ) ;
#2674 = ORIENTED_EDGE ( 'NONE', *, *, #3628, .T. ) ;
#2675 = CARTESIAN_POINT ( 'NONE',  ( -13.19707629440129359, 119.1508660401957940, -45.39795969568419309 ) ) ;
#2676 = CARTESIAN_POINT ( 'NONE',  ( 11.24566432581378983, 123.9986257965183825, -42.31540217174383400 ) ) ;
#2677 = CARTESIAN_POINT ( 'NONE',  ( -465.1032882157972494, 351.1177354531515675, -281.6474833862503715 ) ) ;
#2678 = CARTESIAN_POINT ( 'NONE',  ( -470.2443904859084682, 137.1065108759606801, -49.07994484837015392 ) ) ;
#2679 = CARTESIAN_POINT ( 'NONE',  ( -7.147862982001798926, 121.5669315350105961, -63.31285708791556033 ) ) ;
#2680 = CARTESIAN_POINT ( 'NONE',  ( -460.8138688887958097, 126.7631832112599852, -64.57891196379820542 ) ) ;
#2681 = LINE ( 'NONE', #1580, #2184 ) ;
#2682 = CARTESIAN_POINT ( 'NONE',  ( -488.5084114583258383, 349.6978367800905403, -276.9740194552314279 ) ) ;
#2683 = CYLINDRICAL_SURFACE ( 'NONE', #3183, 11.09999999999999076 ) ;
#2684 = CARTESIAN_POINT ( 'NONE',  ( -11.58323945341421535, 234.9401585974835029, -169.0301910341276539 ) ) ;
#2685 = CARTESIAN_POINT ( 'NONE',  ( -489.9264449437404778, 121.0672543492494952, -43.94392978570806463 ) ) ;
#2686 = CARTESIAN_POINT ( 'NONE',  ( -12.24624149005641982, 237.5974607321400640, -169.0712498809369038 ) ) ;
#2687 =( BOUNDED_SURFACE ( )  B_SPLINE_SURFACE ( 3, 2, ( 
 ( #2153, #2215, #3829 ),
 ( #215, #1822, #3433 ),
 ( #679, #4301, #5106 ),
 ( #4718, #270, #2320 ),
 ( #732, #1877, #295 ),
 ( #3058, #5135, #2243 ),
 ( #3959, #4744, #1512 ),
 ( #243, #3882, #2297 ),
 ( #3491, #3464, #3856 ),
 ( #1900, #3108, #352 ),
 ( #703, #757, #5083 ),
 ( #4666, #1126, #323 ),
 ( #2270, #1490, #3564 ),
 ( #3933, #2718, #4249 ),
 ( #4693, #3908, #1926 ),
 ( #2639, #3538, #2346 ),
 ( #1847, #1462, #3084 ),
 ( #3136, #1103, #5054 ),
 ( #1075, #3516, #2692 ),
 ( #4351, #2666, #4324 ),
 ( #2745, #4277, #651 ),
 ( #1537, #1151, #1953 ),
 ( #5156, #3032, #4637 ),
 ( #1048, #5210, #1617 ),
 ( #2425, #1245, #882 ),
 ( #2844, #379, #2028 ),
 ( #4034, #1221, #802 ),
 ( #2075, #2795, #460 ),
 ( #2769, #1664, #2818 ),
 ( #2451, #4010, #4374 ),
 ( #4063, #2396, #25 ),
 ( #4399, #4422, #3639 ),
 ( #3238, #409, #857 ),
 ( #4447, #2003, #433 ),
 ( #1590, #3664, #780 ),
 ( #2475, #3264, #1641 ),
 ( #3985, #3615, #830 ),
 ( #3213, #1976, #2371 ),
 ( #4839, #2052, #4084 ),
 ( #51, #4864, #1272 ),
 ( #2871, #3588, #4815 ),
 ( #4476, #486, #3686 ),
 ( #1562, #3160, #5183 ),
 ( #4770, #1174, #3187 ),
 ( #4789, #1197, #2998 ),
 ( #4499, #3711, #2521 ),
 ( #179, #4133, #4107 ),
 ( #1711, #954, #534 ),
 ( #1394, #4910, #3737 ),
 ( #4990, #3313, #2895 ),
 ( #2604, #2207, #4215 ),
 ( #559, #3369, #73 ),
 ( #1293, #2147, #4161 ),
 ( #4598, #3289, #585 ) ),
 .UNSPECIFIED., .F., .F., .F. ) 
 B_SPLINE_SURFACE_WITH_KNOTS ( ( 4, 2, 2, 2, 2, 2, 2, 2, 2, 2, 2, 2, 2, 2, 2, 2, 2, 2, 2, 2, 2, 2, 2, 2, 2, 2, 4 ),
 ( 3, 3 ),
 ( 0.03920067608562770312, 0.04165071834098257181, 0.04410076059633744050, 0.04655080285169230919, 0.04777582397936974701, 0.04900084510704717788, 0.05022586623472460876, 0.05145088736240204658, 0.05206339792624076201, 0.05267590849007948439, 0.05390092961775691527, 0.05635097187311177702, 0.05757599300078920790, 0.05880101412846664571, 0.06125105638382151441, 0.06247607751149894528, 0.06370109863917637616, 0.06492611976685380704, 0.06615114089453125179, 0.06860118314988611354, 0.06982620427756354442, 0.07105122540524097530, 0.07227624653291842005, 0.07350126766059585093, 0.07472628878827328180, 0.07595130991595072656, 0.07840135217130558831 ),
 ( 0.000000000000000000, 1.000000000000000000 ),
 .UNSPECIFIED. ) 
 GEOMETRIC_REPRESENTATION_ITEM ( )  RATIONAL_B_SPLINE_SURFACE ( (
 ( 1.000000000000000000, 0.8059840889105521766, 1.000000000000000000),
 ( 1.000000000000000000, 0.8223985203354352569, 1.000000000000000000),
 ( 1.000000000000000000, 0.8388800023245871484, 1.000000000000000000),
 ( 1.000000000000000000, 0.8705786220617447446, 1.000000000000000000),
 ( 1.000000000000000000, 0.8857560504274430979, 1.000000000000000000),
 ( 1.000000000000000000, 0.9129697789523933960, 1.000000000000000000),
 ( 1.000000000000000000, 0.9251266058150731109, 1.000000000000000000),
 ( 1.000000000000000000, 0.9407101373712256631, 1.000000000000000000),
 ( 1.000000000000000000, 0.9454828320849512080, 1.000000000000000000),
 ( 1.000000000000000000, 0.9538701892763665757, 1.000000000000000000),
 ( 1.000000000000000000, 0.9574894424423709971, 1.000000000000000000),
 ( 1.000000000000000000, 0.9634211275125257323, 1.000000000000000000),
 ( 1.000000000000000000, 0.9657434917226828119, 1.000000000000000000),
 ( 1.000000000000000000, 0.9687142934554258122, 1.000000000000000000),
 ( 1.000000000000000000, 0.9693863631666562730, 1.000000000000000000),
 ( 1.000000000000000000, 0.9690919181979303909, 1.000000000000000000),
 ( 1.000000000000000000, 0.9687727312243890054, 1.000000000000000000),
 ( 1.000000000000000000, 0.9677224137115456593, 1.000000000000000000),
 ( 1.000000000000000000, 0.9669915866349221290, 1.000000000000000000),
 ( 1.000000000000000000, 0.9642190414066108550, 1.000000000000000000),
 ( 1.000000000000000000, 0.9615718122489774755, 1.000000000000000000),
 ( 1.000000000000000000, 0.9517322862931796301, 1.000000000000000000),
 ( 1.000000000000000000, 0.9427829456835997712, 1.000000000000000000),
 ( 1.000000000000000000, 0.9265535824700945611, 1.000000000000000000),
 ( 1.000000000000000000, 0.9206558885109926704, 1.000000000000000000),
 ( 1.000000000000000000, 0.9081890800655983975, 1.000000000000000000),
 ( 1.000000000000000000, 0.9015968274015622175, 1.000000000000000000),
 ( 1.000000000000000000, 0.8808768182143543735, 1.000000000000000000),
 ( 1.000000000000000000, 0.8657954044851532416, 1.000000000000000000),
 ( 1.000000000000000000, 0.8418620374527914230, 1.000000000000000000),
 ( 1.000000000000000000, 0.8336268307317226123, 1.000000000000000000),
 ( 1.000000000000000000, 0.8171352325409665385, 1.000000000000000000),
 ( 1.000000000000000000, 0.8088705655428725105, 1.000000000000000000),
 ( 1.000000000000000000, 0.7925277710585887370, 1.000000000000000000),
 ( 1.000000000000000000, 0.7844488374786634521, 1.000000000000000000),
 ( 1.000000000000000000, 0.7687616678514954671, 1.000000000000000000),
 ( 1.000000000000000000, 0.7611162442244181481, 1.000000000000000000),
 ( 1.000000000000000000, 0.7397035239110280047, 1.000000000000000000),
 ( 1.000000000000000000, 0.7276469062675862132, 1.000000000000000000),
 ( 1.000000000000000000, 0.7151340245369328663, 1.000000000000000000),
 ( 1.000000000000000000, 0.7119068832757498022, 1.000000000000000000),
 ( 1.000000000000000000, 0.7078088240619362370, 1.000000000000000000),
 ( 1.000000000000000000, 0.7068973199208975489, 1.000000000000000000),
 ( 1.000000000000000000, 0.7073971107868620711, 1.000000000000000000),
 ( 1.000000000000000000, 0.7088084030432051375, 1.000000000000000000),
 ( 1.000000000000000000, 0.7139342465956630690, 1.000000000000000000),
 ( 1.000000000000000000, 0.7175985064967270732, 1.000000000000000000),
 ( 1.000000000000000000, 0.7267247238826702871, 1.000000000000000000),
 ( 1.000000000000000000, 0.7321916030394893804, 1.000000000000000000),
 ( 1.000000000000000000, 0.7445765725955186820, 1.000000000000000000),
 ( 1.000000000000000000, 0.7515226261499139415, 1.000000000000000000),
 ( 1.000000000000000000, 0.7734933883788797093, 1.000000000000000000),
 ( 1.000000000000000000, 0.7897577564451934151, 1.000000000000000000),
 ( 1.000000000000000000, 0.8063609521654757639, 1.000000000000000000) ) ) 
 REPRESENTATION_ITEM ( '' )  SURFACE ( )  );
#2688 = CARTESIAN_POINT ( 'NONE',  ( -11.10830404647986214, 128.1088916362876944, -64.51863322813420609 ) ) ;
#2689 = CYLINDRICAL_SURFACE ( 'NONE', #789, 3.000000000000002665 ) ;
#2690 = CARTESIAN_POINT ( 'NONE',  ( -488.4091108137446327, 128.8030921310206622, -64.74743978313841808 ) ) ;
#2691 = CARTESIAN_POINT ( 'NONE',  ( 12.36826939694296357, 136.7992685686992047, -59.29101514400180406 ) ) ;
#2692 = CARTESIAN_POINT ( 'NONE',  ( -483.6748553496584009, 135.4417297355538210, -46.45176316262079297 ) ) ;
#2693 = ORIENTED_EDGE ( 'NONE', *, *, #3531, .T. ) ;
#2694 = CARTESIAN_POINT ( 'NONE',  ( -11.80082974086038838, 137.5663365794301569, -57.56075105348688936 ) ) ;
#2695 = VERTEX_POINT ( 'NONE', #3098 ) ;
#2696 = EDGE_CURVE ( 'NONE', #1907, #739, #4761, .T. ) ;
#2697 = DIRECTION ( 'NONE',  ( -1.000000000000000000, 0.000000000000000000, 0.000000000000000000 ) ) ;
#2698 = CARTESIAN_POINT ( 'NONE',  ( -464.8413089802558602, 242.5167935719638592, -167.9487625645485878 ) ) ;
#2699 = CARTESIAN_POINT ( 'NONE',  ( -8.684546808762140913, 115.9722938905363208, -56.16204976957701689 ) ) ;
#2700 = CIRCLE ( 'NONE', #83, 10.09999999999999787 ) ;
#2701 = ORIENTED_EDGE ( 'NONE', *, *, #3328, .F. ) ;
#2702 = CARTESIAN_POINT ( 'NONE',  ( -12.70079000210734144, 119.0031115726394546, -45.53993413885599040 ) ) ;
#2703 = CARTESIAN_POINT ( 'NONE',  ( 12.19316671833146515, 116.7999517098529481, -48.56995304336704322 ) ) ;
#2704 = DIRECTION ( 'NONE',  ( 0.000000000000000000, 0.000000000000000000, 1.000000000000000000 ) ) ;
#2705 = B_SPLINE_CURVE_WITH_KNOTS ( 'NONE', 3,
 ( #4830, #3655, #4054, #228, #3781, #1417, #3417, #970, #947, #551, #1060, #2540, #1833, #2226, #1387, #2137, #4538, #2565, #2623, #141, #3756, #1753, #5012, #3866, #4648, #3019, #2961, #3358, #168, #2199, #1359, #1780 ),
 .UNSPECIFIED., .F., .F.,
 ( 4, 2, 2, 2, 2, 2, 2, 2, 2, 2, 2, 2, 2, 2, 2, 4 ),
 ( 0.009413470372435650199, 0.01058990540238869196, 0.01117812291736521892, 0.01176634043234174587, 0.01235455794731827456, 0.01294277546229480151, 0.01353099297727132846, 0.01411921049224785715, 0.01470742800722438584, 0.01529564552220091453, 0.01588386303717743975, 0.01647208055215396844, 0.01706029806713049712, 0.01764851558210702581, 0.01823673309708355103, 0.01882495061206007972 ),
 .UNSPECIFIED. ) ;
#2706 = CARTESIAN_POINT ( 'NONE',  ( -471.4559318940445110, 134.4088713697584865, -45.33890603330198132 ) ) ;
#2707 = CARTESIAN_POINT ( 'NONE',  ( -9.565031333447221229, 125.4688918592932225, -64.52445883143785466 ) ) ;
#2708 = CARTESIAN_POINT ( 'NONE',  ( -487.0798878313345881, 125.4752821967460505, -64.52244106611351526 ) ) ;
#2709 = CARTESIAN_POINT ( 'NONE',  ( -7.372905104437016632, 131.5738400698967894, -43.46964308929332077 ) ) ;
#2710 = DIRECTION ( 'NONE',  ( 1.000000000000000000, -0.000000000000000000, -0.000000000000000000 ) ) ;
#2711 = AXIS2_PLACEMENT_3D ( 'NONE', #2428, #412, #833 ) ;
#2712 = CARTESIAN_POINT ( 'NONE',  ( -12.09997523907464156, 227.0191528786279775, -159.2063600136768287 ) ) ;
#2713 = CARTESIAN_POINT ( 'NONE',  ( -490.7170682487384283, 118.7114705135396093, -45.82792732188237039 ) ) ;
#2714 = FACE_OUTER_BOUND ( 'NONE', #713, .T. ) ;
#2715 = CARTESIAN_POINT ( 'NONE',  ( -483.7711079088404631, 117.7719619775190978, -60.11742983054494971 ) ) ;
#2716 = CYLINDRICAL_SURFACE ( 'NONE', #1955, 3.000000000000002665 ) ;
#2717 = CARTESIAN_POINT ( 'NONE',  ( -485.6918099427434754, 123.9278340260408271, -64.40690432286599787 ) ) ;
#2718 = CARTESIAN_POINT ( 'NONE',  ( -483.7099214111992183, 134.1305597480735230, -45.16693249069919602 ) ) ;
#2719 = ORIENTED_EDGE ( 'NONE', *, *, #776, .F. ) ;
#2720 = CARTESIAN_POINT ( 'NONE',  ( -6.328696255300836349, 133.5276766178588161, -44.66968539119418580 ) ) ;
#2721 = CARTESIAN_POINT ( 'NONE',  ( -488.5138292527260546, 354.3469119154957525, -280.7819583167395763 ) ) ;
#2722 = CARTESIAN_POINT ( 'NONE',  ( -467.1223170725772889, 126.8357951291325350, -64.59972475749455612 ) ) ;
#2723 = EDGE_LOOP ( 'NONE', ( #3844, #660 ) ) ;
#2724 = ADVANCED_FACE ( 'NONE', ( #1892 ), #4292, .T. ) ;
#2725 = CARTESIAN_POINT ( 'NONE',  ( 10.95864281350334934, 353.4114080430628064, -281.4992436337324762 ) ) ;
#2726 = CARTESIAN_POINT ( 'NONE',  ( -465.6755227068668432, 245.8012408851784301, -165.9904247656516816 ) ) ;
#2727 = EDGE_CURVE ( 'NONE', #4719, #434, #4995, .T. ) ;
#2728 = CARTESIAN_POINT ( 'NONE',  ( -13.19620560563705780, 119.1719145163757076, -45.37825201448499257 ) ) ;
#2729 = VERTEX_POINT ( 'NONE', #5098 ) ;
#2730 = CARTESIAN_POINT ( 'NONE',  ( -11.39542990495911390, 123.6425334703223342, -42.41410336088172528 ) ) ;
#2731 = B_SPLINE_CURVE_WITH_KNOTS ( 'NONE', 3,
 ( #3454, #1041, #3394, #4960, #2174, #3872, #2574, #1423, #4989, #584, #3050, #1393, #2997, #1011, #4240, #2603, #4213, #3023, #615, #2206, #4626, #3177, #749, #2682, #398, #2783, #4317, #4343, #3900, #286, #724, #2362, #3998, #2760 ),
 .UNSPECIFIED., .F., .F.,
 ( 4, 2, 2, 2, 2, 2, 2, 2, 2, 2, 2, 2, 2, 2, 2, 2, 4 ),
 ( 5.551115123125782702E-17, 0.0005890738046731306072, 0.001178147609346205703, 0.001767221414019280908, 0.002356295218692355895, 0.002945369023365430883, 0.003534442828038506304, 0.004123516632711580858, 0.004712590437384656279, 0.005301664242057731700, 0.005890738046730806254, 0.006479811851403881676, 0.007068885656076957097, 0.007657959460750031651, 0.008247033265423106205, 0.008836107070096181626, 0.009425180874769257047 ),
 .UNSPECIFIED. ) ;
#2732 = CARTESIAN_POINT ( 'NONE',  ( 11.78802689255274849, 115.9943074093776687, -50.76355853467072876 ) ) ;
#2733 = CARTESIAN_POINT ( 'NONE',  ( -467.5508023212949524, 127.3991870591586490, -42.39714770419324452 ) ) ;
#2734 = CARTESIAN_POINT ( 'NONE',  ( -471.2962313633665872, 135.6228204847801067, -46.67751870979681428 ) ) ;
#2735 = CARTESIAN_POINT ( 'NONE',  ( -6.113586100693919612, 118.2332747367331223, -60.69164907230544515 ) ) ;
#2736 = LINE ( 'NONE', #2680, #2017 ) ;
#2737 = EDGE_CURVE ( 'NONE', #2670, #3239, #2973, .T. ) ;
#2738 = CARTESIAN_POINT ( 'NONE',  ( 15.69999999999999929, 126.7631832112599852, -43.37891196379821679 ) ) ;
#2739 = DIRECTION ( 'NONE',  ( 0.000000000000000000, 0.7071067811865489050, 0.7071067811865461294 ) ) ;
#2740 = CARTESIAN_POINT ( 'NONE',  ( -489.9002408901164358, 120.8261979229621943, -43.53746048245285749 ) ) ;
#2741 = FACE_OUTER_BOUND ( 'NONE', #4645, .T. ) ;
#2742 = DIRECTION ( 'NONE',  ( 0.000000000000000000, 0.7071067811865475727, -0.7071067811865475727 ) ) ;
#2743 = DIRECTION ( 'NONE',  ( 1.000000000000000000, 0.000000000000000000, 0.000000000000000000 ) ) ;
#2744 = CARTESIAN_POINT ( 'NONE',  ( -465.0828655226601427, 354.9898798749732691, -278.0252785854250988 ) ) ;
#2745 = CARTESIAN_POINT ( 'NONE',  ( -484.1642554046345595, 135.9414905043455803, -47.22537176229660361 ) ) ;
#2746 = EDGE_LOOP ( 'NONE', ( #3166, #624, #1519, #5071 ) ) ;
#2747 = CARTESIAN_POINT ( 'NONE',  ( -6.049557456636328823, 134.7707101809349979, -45.69438235178339625 ) ) ;
#2748 = CYLINDRICAL_SURFACE ( 'NONE', #2711, 12.70000000000000462 ) ;
#2749 = TOROIDAL_SURFACE ( 'NONE', #487, 20.00000000000000711, 12.69999999999999929 ) ;
#2750 = CARTESIAN_POINT ( 'NONE',  ( -15.69999999999999929, 126.7631832112599852, -53.47891196379821110 ) ) ;
#2751 = CARTESIAN_POINT ( 'NONE',  ( -469.4207086764316159, 248.4710819624030478, -161.3364202142235229 ) ) ;
#2752 = ORIENTED_EDGE ( 'NONE', *, *, #4893, .F. ) ;
#2753 = CARTESIAN_POINT ( 'NONE',  ( -11.50722813272436262, 124.6295181435880863, -42.57994487749252244 ) ) ;
#2754 = CARTESIAN_POINT ( 'NONE',  ( 12.68893597674522056, 118.4636043277337336, -46.09861607382045179 ) ) ;
#2755 = CARTESIAN_POINT ( 'NONE',  ( -368.7569344443979844, 262.7170908612151266, -117.7121223185245356 ) ) ;
#2756 = CARTESIAN_POINT ( 'NONE',  ( -370.8103004975991439, 281.3770728425851075, -122.6556060713301264 ) ) ;
#2757 = CARTESIAN_POINT ( 'NONE',  ( -7.100923910694924679, 116.8247486454682331, -58.43578431545515883 ) ) ;
#2758 = CARTESIAN_POINT ( 'NONE',  ( -484.4967980532832144, 117.1320921997472482, -59.00820873845437831 ) ) ;
#2759 = CARTESIAN_POINT ( 'NONE',  ( -7.523967711683707371, 136.8941688435735387, -48.93006267374575202 ) ) ;
#2760 = CARTESIAN_POINT ( 'NONE',  ( -488.3073854612572404, 352.0853531617383396, -275.8010819142765513 ) ) ;
#2761 = EDGE_CURVE ( 'NONE', #4653, #1571, #3079, .T. ) ;
#2762 = DIRECTION ( 'NONE',  ( -0.3131456130149730122, 0.000000000000000000, 0.9497051253149457750 ) ) ;
#2763 = CARTESIAN_POINT ( 'NONE',  ( -471.1948324508245491, 118.5560051107743078, -60.95491116126928688 ) ) ;
#2764 = CARTESIAN_POINT ( 'NONE',  ( -111.3285925310559890, 261.6896741830335031, -132.3824761826844849 ) ) ;
#2765 = CARTESIAN_POINT ( 'NONE',  ( 8.771049274900834192, 124.2185114911913359, -64.28801105870066124 ) ) ;
#2766 = CARTESIAN_POINT ( 'NONE',  ( -484.7933022983135629, 116.4332332463464184, -57.86982943357645581 ) ) ;
#2767 = CARTESIAN_POINT ( 'NONE',  ( -469.5385591917667512, 129.9395576135673878, -42.65750411575841383 ) ) ;
#2768 = CARTESIAN_POINT ( 'NONE',  ( -488.8380573462229108, 128.5413297152806820, -64.43556268426196709 ) ) ;
#2769 = CARTESIAN_POINT ( 'NONE',  ( -487.4155017720771070, 137.8590528665600345, -52.72985312153414128 ) ) ;
#2770 = CARTESIAN_POINT ( 'NONE',  ( 8.182635417074031636, 129.5906245267643442, -42.54897968661984464 ) ) ;
#2771 = CARTESIAN_POINT ( 'NONE',  ( 16.69999999999999929, 126.7631832112599852, -43.37891196379821679 ) ) ;
#2772 = CARTESIAN_POINT ( 'NONE',  ( 11.58389008006847476, 115.8177105883257525, -49.91298006584140978 ) ) ;
#2773 = CARTESIAN_POINT ( 'NONE',  ( -467.9488375553688684, 125.4688918593030991, -64.52445883143839467 ) ) ;
#2774 = CARTESIAN_POINT ( 'NONE',  ( 12.67756427709684530, 350.5830977519906355, -276.1967449957900271 ) ) ;
#2775 = ORIENTED_EDGE ( 'NONE', *, *, #5129, .F. ) ;
#2776 = CARTESIAN_POINT ( 'NONE',  ( -11.84700985984253130, 116.3644621720883947, -49.57578592180386323 ) ) ;
#2777 = CARTESIAN_POINT ( 'NONE',  ( -465.2465010021621197, 227.0575095975494833, -158.4400624876253971 ) ) ;
#2778 = CARTESIAN_POINT ( 'NONE',  ( -12.61138394868078549, 351.3110441228115519, -275.8961768073359622 ) ) ;
#2779 = CARTESIAN_POINT ( 'NONE',  ( -465.1733186296488611, 350.1010886217647453, -281.0596511729410736 ) ) ;
#2780 = CARTESIAN_POINT ( 'NONE',  ( -368.7569344443975297, 262.7170908612151834, -117.7121223185244929 ) ) ;
#2781 = STYLED_ITEM ( 'NONE', ( #4816 ), #62 ) ;
#2782 = AXIS2_PLACEMENT_3D ( 'NONE', #993, #1825, #2926 ) ;
#2783 = CARTESIAN_POINT ( 'NONE',  ( -488.5138806422606876, 350.1040106850517759, -276.5397227568408880 ) ) ;
#2784 = CARTESIAN_POINT ( 'NONE',  ( 11.64194798805693587, 137.6660777621879674, -57.18741533026656043 ) ) ;
#2785 = CARTESIAN_POINT ( 'NONE',  ( -471.0002717942170420, 120.1236899042746415, -62.37628963903636503 ) ) ;
#2786 = CARTESIAN_POINT ( 'NONE',  ( -488.5158742440477226, 124.8109029962068917, -42.55077001879558196 ) ) ;
#2787 = EDGE_CURVE ( 'NONE', #2982, #3967, #303, .T. ) ;
#2788 = EDGE_CURVE ( 'NONE', #5041, #1056, #983, .T. ) ;
#2789 = DIRECTION ( 'NONE',  ( 0.000000000000000000, 0.000000000000000000, -1.000000000000000000 ) ) ;
#2790 = CARTESIAN_POINT ( 'NONE',  ( -464.9828678275665084, 133.3377188229657690, -63.02607257995931889 ) ) ;
#2791 = CARTESIAN_POINT ( 'NONE',  ( -483.6036253607716162, 119.4004582345009879, -61.87758734577367647 ) ) ;
#2792 = CARTESIAN_POINT ( 'NONE',  ( -471.0543080284577400, 133.5519374450242367, -44.68871607771696119 ) ) ;
#2793 = CIRCLE ( 'NONE', #1284, 12.70000000000002949 ) ;
#2794 = CARTESIAN_POINT ( 'NONE',  ( -465.1029180171260577, 353.0492856144092571, -275.9533871542954557 ) ) ;
#2795 = CARTESIAN_POINT ( 'NONE',  ( -486.7742323935600552, 137.8128012410684846, -52.20848261731446627 ) ) ;
#2796 = CARTESIAN_POINT ( 'NONE',  ( 6.729957448735023107, 132.2183780961504738, -43.70025421188611148 ) ) ;
#2797 = CIRCLE ( 'NONE', #3642, 12.70000000000000995 ) ;
#2798 = CARTESIAN_POINT ( 'NONE',  ( -466.3345873216601944, 129.0672669088060616, -64.36146398449710659 ) ) ;
#2799 = EDGE_CURVE ( 'NONE', #2912, #4279, #4129, .T. ) ;
#2800 = CARTESIAN_POINT ( 'NONE',  ( -107.1829127964862494, 269.0926325494577327, -114.4813645724417910 ) ) ;
#2801 = CARTESIAN_POINT ( 'NONE',  ( 12.37700652267487200, 349.3890697260299021, -280.1311394627950904 ) ) ;
#2802 = ORIENTED_EDGE ( 'NONE', *, *, #4965, .T. ) ;
#2803 = CARTESIAN_POINT ( 'NONE',  ( -465.6165719507754375, 236.0768656073829277, -169.1220145798033627 ) ) ;
#2804 = CARTESIAN_POINT ( 'NONE',  ( -12.56842619057167099, 351.6936244380310654, -275.8203811954663820 ) ) ;
#2805 = CARTESIAN_POINT ( 'NONE',  ( -465.5568336668477514, 122.2257487169723618, -42.86545688738225124 ) ) ;
#2806 = CARTESIAN_POINT ( 'NONE',  ( -371.2177451997341109, 279.4445526766328953, -118.7418135915914092 ) ) ;
#2807 = CARTESIAN_POINT ( 'NONE',  ( 12.55453977633336926, 136.2273329769370775, -60.17602920121515098 ) ) ;
#2808 = CARTESIAN_POINT ( 'NONE',  ( 8.313348077829918026, 123.9103773493215215, -64.22818813074835020 ) ) ;
#2809 = CARTESIAN_POINT ( 'NONE',  ( 12.69009406295670139, 135.0483255099392466, -60.87551922887885070 ) ) ;
#2810 = CARTESIAN_POINT ( 'NONE',  ( -466.6163883666897618, 352.8589015527199990, -281.7061792268603995 ) ) ;
#2811 = CARTESIAN_POINT ( 'NONE',  ( -109.0659591061976244, 277.3829226242524442, -134.4418316401699087 ) ) ;
#2812 = CARTESIAN_POINT ( 'NONE',  ( -7.053298980038967159, 131.5733366137605458, -43.34997495921375332 ) ) ;
#2813 = ORIENTED_EDGE ( 'NONE', *, *, #3341, .F. ) ;
#2814 = CARTESIAN_POINT ( 'NONE',  ( -468.7124730790961848, 124.9788224029163928, -64.66419657428576784 ) ) ;
#2815 = CARTESIAN_POINT ( 'NONE',  ( -484.7330306211512720, 122.2623107733994203, -63.75804781228121243 ) ) ;
#2816 = CARTESIAN_POINT ( 'NONE',  ( -471.2226688034548943, 134.4439321138344212, -45.45587419582712840 ) ) ;
#2817 = CARTESIAN_POINT ( 'NONE',  ( 12.66422480114602145, 354.7834083956624909, -280.1274599793371181 ) ) ;
#2818 = CARTESIAN_POINT ( 'NONE',  ( -487.0404399197399812, 138.1244258333952359, -52.93055271436336540 ) ) ;
#2819 = VERTEX_POINT ( 'NONE', #5123 ) ;
#2820 = CARTESIAN_POINT ( 'NONE',  ( 6.746782955234126078, 136.6091247525982340, -48.10241240653877526 ) ) ;
#2821 = CARTESIAN_POINT ( 'NONE',  ( -467.0173108366346924, 127.6915159045580737, -64.56212365685402688 ) ) ;
#2822 = CARTESIAN_POINT ( 'NONE',  ( 6.089756471975853458, 119.4004582345009453, -61.87758734577364805 ) ) ;
#2823 = EDGE_CURVE ( 'NONE', #2568, #787, #2033, .T. ) ;
#2824 = CARTESIAN_POINT ( 'NONE',  ( -477.5138688887957983, 254.0096426111638834, -198.6858836058408713 ) ) ;
#2825 = CARTESIAN_POINT ( 'NONE',  ( 12.42772387419772429, 351.3020284112812988, -281.7232370136399595 ) ) ;
#2826 = ORIENTED_EDGE ( 'NONE', *, *, #3981, .T. ) ;
#2827 = DIRECTION ( 'NONE',  ( 0.000000000000000000, 0.000000000000000000, -1.000000000000000000 ) ) ;
#2828 = CARTESIAN_POINT ( 'NONE',  ( -370.4186095170589397, 270.5659761323856856, -114.4610075896953845 ) ) ;
#2829 = CARTESIAN_POINT ( 'NONE',  ( -464.8130012420800767, 118.6536533465389027, -45.18211324256819950 ) ) ;
#2830 = CARTESIAN_POINT ( 'NONE',  ( -370.2678170007162066, 269.1056197071248448, -114.4625724813970322 ) ) ;
#2831 = PRODUCT_RELATED_PRODUCT_CATEGORY ( 'part', '', ( #4983 ) ) ;
#2832 = CARTESIAN_POINT ( 'NONE',  ( 12.34058165655221018, 354.0678931774280613, -276.5409707828595742 ) ) ;
#2833 = CARTESIAN_POINT ( 'NONE',  ( -493.2138688887957869, 126.7631832112599852, -64.57891196379820542 ) ) ;
#2834 = CARTESIAN_POINT ( 'NONE',  ( 12.38255157587239985, 132.6853425956691694, -63.42875077508627868 ) ) ;
#2835 = EDGE_CURVE ( 'NONE', #3220, #628, #1994, .T. ) ;
#2836 = CARTESIAN_POINT ( 'NONE',  ( -466.9308698108085309, 354.0664380341538049, -276.5394953368075903 ) ) ;
#2837 = CARTESIAN_POINT ( 'NONE',  ( -110.7271255161774235, 269.0963453875297660, -136.6594328407412604 ) ) ;
#2838 = CARTESIAN_POINT ( 'NONE',  ( -12.30266873729110699, 132.3862568752408606, -63.59308788165543547 ) ) ;
#2839 = ORIENTED_EDGE ( 'NONE', *, *, #4964, .F. ) ;
#2840 = CARTESIAN_POINT ( 'NONE',  ( -464.8887913409429871, 135.9153320322963907, -60.60627552885174651 ) ) ;
#2841 = CARTESIAN_POINT ( 'NONE',  ( -465.0267843332866846, 117.0779557153980477, -47.11621543052649486 ) ) ;
#2842 = CARTESIAN_POINT ( 'NONE',  ( -10.58867261907266233, 349.6980519006536383, -280.6284218957582652 ) ) ;
#2843 = CARTESIAN_POINT ( 'NONE',  ( 7.480929886736054968, 136.8603214601731111, -48.85623668550444165 ) ) ;
#2844 = CARTESIAN_POINT ( 'NONE',  ( -486.1640491607277568, 137.5264406769968843, -50.74438341073120284 ) ) ;
#2845 = VERTEX_POINT ( 'NONE', #2833 ) ;
#2846 = CARTESIAN_POINT ( 'NONE',  ( 10.01829002598212348, 138.1505675790458270, -53.81925567643477137 ) ) ;
#2847 = CARTESIAN_POINT ( 'NONE',  ( 11.07577759885720425, 124.3499451015117074, -42.26448206218272219 ) ) ;
#2848 = CARTESIAN_POINT ( 'NONE',  ( -107.5190430112704973, 267.6533341168141646, -114.7517259673305574 ) ) ;
#2849 = CARTESIAN_POINT ( 'NONE',  ( -110.5753713163670682, 270.5659761323856856, -136.6610075896953731 ) ) ;
#2850 = CARTESIAN_POINT ( 'NONE',  ( 12.41081745294768268, 349.2379861554275635, -279.7662236548613350 ) ) ;
#2851 = EDGE_CURVE ( 'NONE', #3379, #4906, #3279, .T. ) ;
#2852 = EDGE_LOOP ( 'NONE', ( #4332, #3760, #2300, #1983 ) ) ;
#2853 = CARTESIAN_POINT ( 'NONE',  ( -464.8473910606865616, 228.2132955965857946, -153.5248272273870498 ) ) ;
#2854 = CARTESIAN_POINT ( 'NONE',  ( 11.00200535525199541, 124.8109029962069485, -42.55077001879561038 ) ) ;
#2855 = CARTESIAN_POINT ( 'NONE',  ( -464.3129670828806184, 119.0067295459949008, -45.53620637852374387 ) ) ;
#2856 = CARTESIAN_POINT ( 'NONE',  ( -477.5138688887957983, 146.3172798364528546, -73.03300858899144998 ) ) ;
#2857 = CARTESIAN_POINT ( 'NONE',  ( -370.7238356449281582, 281.6675508813435158, -124.1155127773032376 ) ) ;
#2858 = CARTESIAN_POINT ( 'NONE',  ( 15.69999999999999929, 126.7631832112599852, -53.47891196379821110 ) ) ;
#2859 = CIRCLE ( 'NONE', #1525, 12.70000000000002949 ) ;
#2860 = CARTESIAN_POINT ( 'NONE',  ( 12.47460004705662051, 352.4770657268524587, -275.8203807982613398 ) ) ;
#2861 = CARTESIAN_POINT ( 'NONE',  ( 7.323510080229200803, 121.8677376031945840, -63.44757569331223124 ) ) ;
#2862 = CARTESIAN_POINT ( 'NONE',  ( 12.55413341342525335, 131.3387496181914855, -63.59912616053006928 ) ) ;
#2863 = CIRCLE ( 'NONE', #4457, 11.09999999999999787 ) ;
#2864 = CARTESIAN_POINT ( 'NONE',  ( -466.9251962697234148, 354.4726544228230978, -276.9737419327948373 ) ) ;
#2865 = CARTESIAN_POINT ( 'NONE',  ( -109.4030413993577611, 260.8623862869899881, -119.9790019433253860 ) ) ;
#2866 = CARTESIAN_POINT ( 'NONE',  ( -8.424862302632327271, 137.8049728208915496, -51.05745960090825974 ) ) ;
#2867 = ORIENTED_EDGE ( 'NONE', *, *, #1446, .T. ) ;
#2868 = VECTOR ( 'NONE', #1107, 1000.000000000000000 ) ;
#2869 = CARTESIAN_POINT ( 'NONE',  ( -10.95861552879234324, 349.3871287774771304, -277.4752476112983572 ) ) ;
#2870 = CARTESIAN_POINT ( 'NONE',  ( 12.73358773300658520, 131.8425678186453354, -63.37564572694136444 ) ) ;
#2871 = CARTESIAN_POINT ( 'NONE',  ( -490.6347113155520674, 135.5662087620828800, -60.25167268296537060 ) ) ;
#2872 = SURFACE_STYLE_USAGE ( .BOTH. , #4865 ) ;
#2873 = CARTESIAN_POINT ( 'NONE',  ( 11.70164626813010322, 122.9060077101180610, -42.62219088755212937 ) ) ;
#2874 = FACE_OUTER_BOUND ( 'NONE', #4064, .T. ) ;
#2875 = CIRCLE ( 'NONE', #184, 11.00000000000000000 ) ;
#2876 = CARTESIAN_POINT ( 'NONE',  ( -12.63197056699056198, 135.5236608219189520, -60.30603646383802641 ) ) ;
#2877 = CARTESIAN_POINT ( 'NONE',  ( -490.6559662313878789, 133.6911735913880364, -62.15951273358655982 ) ) ;
#2878 = EDGE_LOOP ( 'NONE', ( #4942, #4101, #3863, #1052 ) ) ;
#2879 = ADVANCED_FACE ( 'NONE', ( #2465 ), #906, .F. ) ;
#2880 = DIRECTION ( 'NONE',  ( 0.000000000000000000, 0.000000000000000000, 1.000000000000000000 ) ) ;
#2881 = CARTESIAN_POINT ( 'NONE',  ( -465.3624835632649024, 116.3984199165255973, -48.36228805887636639 ) ) ;
#2882 = DIRECTION ( 'NONE',  ( 0.000000000000000000, 0.000000000000000000, 1.000000000000000000 ) ) ;
#2883 =( BOUNDED_CURVE ( )  B_SPLINE_CURVE ( 3, ( #4980, #4616, #1058, #3726 ),
 .UNSPECIFIED., .F., .T. ) 
 B_SPLINE_CURVE_WITH_KNOTS ( ( 4, 4 ),
 ( 1.570796326794891229, 2.356194490192345725 ),
 .UNSPECIFIED. ) 
 CURVE ( )  GEOMETRIC_REPRESENTATION_ITEM ( )  RATIONAL_B_SPLINE_CURVE ( ( 1.000000000000000000, 0.9492530216741903448, 0.9492530216741903448, 1.000000000000000000 ) ) 
 REPRESENTATION_ITEM ( '' )  );
#2884 = CARTESIAN_POINT ( 'NONE',  ( -489.8592991224301727, 350.2578935097276371, -281.1883399018701652 ) ) ;
#2885 = CARTESIAN_POINT ( 'NONE',  ( -12.34522689257229544, 353.9172762996324764, -276.4170939347715148 ) ) ;
#2886 = CARTESIAN_POINT ( 'NONE',  ( 13.19523670238354995, 134.2421592617758392, -61.69037129496123129 ) ) ;
#2887 = CARTESIAN_POINT ( 'NONE',  ( -464.6134832213288632, 117.2344575088936267, -47.77273770713338052 ) ) ;
#2888 = DIRECTION ( 'NONE',  ( 1.000000000000000000, -0.000000000000000000, 0.000000000000000000 ) ) ;
#2889 = EDGE_CURVE ( 'NONE', #787, #2568, #4912, .T. ) ;
#2890 = CARTESIAN_POINT ( 'NONE',  ( -12.60945865028737423, 135.9961146330426516, -60.49932933171132987 ) ) ;
#2891 = ORIENTED_EDGE ( 'NONE', *, *, #1256, .T. ) ;
#2892 = CARTESIAN_POINT ( 'NONE',  ( -465.2099369114599767, 121.1356202777095064, -43.36709194358846275 ) ) ;
#2893 = CARTESIAN_POINT ( 'NONE',  ( -489.9087976137751639, 120.7928654451968526, -43.55637396913459014 ) ) ;
#2894 = CARTESIAN_POINT ( 'NONE',  ( 12.69529339106721721, 354.4724178497731941, -280.6287215350748738 ) ) ;
#2895 = CARTESIAN_POINT ( 'NONE',  ( -489.5924669454686295, 131.6545987643176545, -63.94524911383155086 ) ) ;
#2896 = EDGE_LOOP ( 'NONE', ( #472, #3272, #1803, #1756 ) ) ;
#2897 = CARTESIAN_POINT ( 'NONE',  ( 6.084040742627665033, 134.1631375833153470, -45.11306936296330861 ) ) ;
#2898 = CARTESIAN_POINT ( 'NONE',  ( -108.7569344443979134, 262.7170908612149560, -117.7121223185247061 ) ) ;
#2899 = CARTESIAN_POINT ( 'NONE',  ( -12.48068976063679791, 132.7501573084452957, -62.83385325813068079 ) ) ;
#2900 = CARTESIAN_POINT ( 'NONE',  ( -487.4774395602794357, 127.4091361743536197, -42.37891196379768388 ) ) ;
#2901 = ORIENTED_EDGE ( 'NONE', *, *, #2788, .T. ) ;
#2902 = CARTESIAN_POINT ( 'NONE',  ( -367.0079969573021117, 269.9965406033840054, -136.6721700096929055 ) ) ;
#2903 = CARTESIAN_POINT ( 'NONE',  ( -466.0212943427222285, 115.7561848356160539, -50.13235021437189687 ) ) ;
#2904 = CARTESIAN_POINT ( 'NONE',  ( 10.73876255977878635, 349.1048701800891081, -279.1944251857969448 ) ) ;
#2905 = CARTESIAN_POINT ( 'NONE',  ( -8.344050320218482142, 123.5462301200168156, -64.12311017600696061 ) ) ;
#2906 = CARTESIAN_POINT ( 'NONE',  ( -490.2091622798629373, 349.6982884737034851, -276.9734422934782287 ) ) ;
#2907 = TOROIDAL_SURFACE ( 'NONE', #1161, 10.09999999999999787, 1.000000000000000000 ) ;
#2908 = CARTESIAN_POINT ( 'NONE',  ( 6.685690255430627893, 120.9606534315978053, -62.94938726803467688 ) ) ;
#2909 = CARTESIAN_POINT ( 'NONE',  ( 12.01190869757975932, 131.1211475356346625, -63.69526412007381566 ) ) ;
#2910 = CARTESIAN_POINT ( 'NONE',  ( -464.3133928155311878, 119.0293053177715166, -45.51428620323851248 ) ) ;
#2911 = CARTESIAN_POINT ( 'NONE',  ( -8.579078379816227340, 128.9221144230441496, -42.38945670654349840 ) ) ;
#2912 = VERTEX_POINT ( 'NONE', #1695 ) ;
#2913 = CARTESIAN_POINT ( 'NONE',  ( -465.2157561694518222, 136.5433372698317100, -58.74279126503654425 ) ) ;
#2914 = CARTESIAN_POINT ( 'NONE',  ( -464.8616526266764595, 117.7725459878502079, -46.14462956368630842 ) ) ;
#2915 = CARTESIAN_POINT ( 'NONE',  ( -10.84752571177992841, 349.1042670847591012, -278.4116739810791614 ) ) ;
#2916 = CARTESIAN_POINT ( 'NONE',  ( 12.36369159845827959, 354.6900632478236162, -277.2995261919206200 ) ) ;
#2917 = DIRECTION ( 'NONE',  ( -1.000000000000000000, 0.000000000000000000, 0.000000000000000000 ) ) ;
#2918 = CARTESIAN_POINT ( 'NONE',  ( -484.3518026889923931, 121.2861488358783220, -63.14066265715543125 ) ) ;
#2919 = ORIENTED_EDGE ( 'NONE', *, *, #1867, .T. ) ;
#2920 = CARTESIAN_POINT ( 'NONE',  ( 9.772487981385527434, 127.7228181471123349, -42.39925886166204805 ) ) ;
#2921 = CARTESIAN_POINT ( 'NONE',  ( 0.000000000000000000, 358.4493141924170914, -285.1650429449557009 ) ) ;
#2922 = CARTESIAN_POINT ( 'NONE',  ( -467.5352363950448193, 126.1529073061082613, -64.56212283969473731 ) ) ;
#2923 = CARTESIAN_POINT ( 'NONE',  ( -12.29811271933841788, 136.5433372698201708, -58.74279126504111304 ) ) ;
#2924 = CARTESIAN_POINT ( 'NONE',  ( -484.6591912847903814, 136.5644336540420056, -48.25810577087363384 ) ) ;
#2925 = EDGE_LOOP ( 'NONE', ( #3015, #1809, #3941, #2641 ) ) ;
#2926 = DIRECTION ( 'NONE',  ( 0.000000000000000000, 0.000000000000000000, -1.000000000000000000 ) ) ;
#2927 = CARTESIAN_POINT ( 'NONE',  ( -471.1595904220498028, 118.3044061338291613, -60.67729230311294941 ) ) ;
#2928 = CARTESIAN_POINT ( 'NONE',  ( 10.82091964392035699, 351.8881694911192426, -275.8010819142765513 ) ) ;
#2929 = CARTESIAN_POINT ( 'NONE',  ( 12.59985367460240724, 133.7207181936086613, -62.75858010937896125 ) ) ;
#2930 = EDGE_LOOP ( 'NONE', ( #3290, #1106, #4017, #4114 ) ) ;
#2931 = CARTESIAN_POINT ( 'NONE',  ( -12.53069191877431976, 239.1265338188774763, -168.9129167335302384 ) ) ;
#2932 = CARTESIAN_POINT ( 'NONE',  ( 6.195209192671232046, 119.3915452831963790, -61.78730272007166491 ) ) ;
#2933 = CARTESIAN_POINT ( 'NONE',  ( -464.8139042569925437, 350.1048014825466339, -276.5392046500486458 ) ) ;
#2934 = LINE ( 'NONE', #3334, #818 ) ;
#2935 = CARTESIAN_POINT ( 'NONE',  ( -16.69999999999999929, 126.7631832112599852, -63.57891196379821253 ) ) ;
#2936 = ORIENTED_EDGE ( 'NONE', *, *, #4652, .T. ) ;
#2937 = CARTESIAN_POINT ( 'NONE',  ( -10.66472601612489690, 353.0514603689081810, -275.9541509456653898 ) ) ;
#2938 = CYLINDRICAL_SURFACE ( 'NONE', #4024, 3.000000000000002665 ) ;
#2939 = CIRCLE ( 'NONE', #3556, 12.70000000000002949 ) ;
#2940 = ADVANCED_FACE ( 'NONE', ( #3600 ), #5195, .T. ) ;
#2941 = CARTESIAN_POINT ( 'NONE',  ( -10.53239818754739510, 232.0043698309238778, -148.6694070990077989 ) ) ;
#2942 = CARTESIAN_POINT ( 'NONE',  ( -484.1812063313871022, 117.0619229648276161, -59.06565057349067160 ) ) ;
#2943 = CARTESIAN_POINT ( 'NONE',  ( 12.67984164442507833, 116.8221093849703323, -48.52785692536879480 ) ) ;
#2944 = ADVANCED_FACE ( 'NONE', ( #4799, #3249 ), #4849, .T. ) ;
#2945 = CARTESIAN_POINT ( 'NONE',  ( 10.68254754150026642, 127.3513231258875891, -64.56730217184900766 ) ) ;
#2946 = CARTESIAN_POINT ( 'NONE',  ( 7.075524509595092049, 136.5380273303973695, -48.16715314783109392 ) ) ;
#2947 = DIRECTION ( 'NONE',  ( 0.000000000000000000, 0.7071067811865476838, -0.7071067811865474617 ) ) ;
#2948 = CARTESIAN_POINT ( 'NONE',  ( -108.4354495707924002, 279.4402543086554260, -132.3844999556485789 ) ) ;
#2949 = CARTESIAN_POINT ( 'NONE',  ( -12.45990362513512650, 133.0055164752466510, -63.23887267036131021 ) ) ;
#2950 = CARTESIAN_POINT ( 'NONE',  ( -488.9628916556268337, 137.7023768799851382, -55.48003849902524820 ) ) ;
#2951 = EDGE_CURVE ( 'NONE', #3296, #4728, #4286, .T. ) ;
#2952 = VERTEX_POINT ( 'NONE', #2828 ) ;
#2953 = VECTOR ( 'NONE', #3309, 1000.000000000000000 ) ;
#2954 = CARTESIAN_POINT ( 'NONE',  ( 10.61012107622306644, 353.5849779900114527, -276.1953595746755923 ) ) ;
#2955 = CARTESIAN_POINT ( 'NONE',  ( -471.4002827880964333, 118.2332747367428425, -60.69164907231093764 ) ) ;
#2956 = CARTESIAN_POINT ( 'NONE',  ( 1.347111479062087616E-15, 138.5391052434008259, -80.81118318204347872 ) ) ;
#2957 = CARTESIAN_POINT ( 'NONE',  ( -6.339969529686319660, 118.4254810978514172, -60.80896640221912719 ) ) ;
#2958 = ORIENTED_EDGE ( 'NONE', *, *, #3658, .F. ) ;
#2959 = CARTESIAN_POINT ( 'NONE',  ( -7.277372941146315277, 248.5056665930335669, -160.4942165068835038 ) ) ;
#2960 = CARTESIAN_POINT ( 'NONE',  ( 6.066572329162874588, 118.6287657375512765, -61.12338707629351120 ) ) ;
#2961 = CARTESIAN_POINT ( 'NONE',  ( -490.1783175763391114, 353.4146315519830637, -281.4976189524010124 ) ) ;
#2962 = CARTESIAN_POINT ( 'NONE',  ( -466.7543021515350574, 138.0742096828555532, -55.23698964829610247 ) ) ;
#2963 = CARTESIAN_POINT ( 'NONE',  ( 0.000000000000000000, 0.000000000000000000, 0.000000000000000000 ) ) ;
#2964 = ORIENTED_EDGE ( 'NONE', *, *, #1920, .T. ) ;
#2965 = CARTESIAN_POINT ( 'NONE',  ( -466.2397817386445240, 137.7415154523280592, -55.15490115353425438 ) ) ;
#2966 = CARTESIAN_POINT ( 'NONE',  ( -9.978632493751003807, 126.1254174004707806, -65.06136657284325508 ) ) ;
#2967 = CARTESIAN_POINT ( 'NONE',  ( -6.167566085341240623, 119.7643605354026874, -62.18062100086722666 ) ) ;
#2968 = CARTESIAN_POINT ( 'NONE',  ( -110.5058719314933029, 269.9965406033838917, -136.6721700096930476 ) ) ;
#2969 = CARTESIAN_POINT ( 'NONE',  ( -16.69999999999999929, 126.7631832112599852, -53.47891196379821110 ) ) ;
#2970 = CARTESIAN_POINT ( 'NONE',  ( -484.1627171864362253, 117.5877101828501736, -59.73647193051871795 ) ) ;
#2971 = CARTESIAN_POINT ( 'NONE',  ( 10.91543248379198339, 115.7040688857172483, -52.47322953557813463 ) ) ;
#2972 = CIRCLE ( 'NONE', #1798, 0.5000000000000002220 ) ;
#2973 = B_SPLINE_CURVE_WITH_KNOTS ( 'NONE', 3,
 ( #3924, #3949, #4708, #1121, #313, #3974 ),
 .UNSPECIFIED., .F., .F.,
 ( 4, 2, 4 ),
 ( 0.03833771834171814663, 0.03937544127132193428, 0.04041316420092571499 ),
 .UNSPECIFIED. ) ;
#2974 = PLANE ( 'NONE',  #52 ) ;
#2975 = CARTESIAN_POINT ( 'NONE',  ( 10.55940197822621585, 125.4177902898240831, -42.10970891499956537 ) ) ;
#2976 = CARTESIAN_POINT ( 'NONE',  ( -107.4670289723107288, 281.3603903633913887, -128.4830915872179560 ) ) ;
#2977 = CARTESIAN_POINT ( 'NONE',  ( -7.641531529235753517, 137.0005431961410522, -49.13497202540848008 ) ) ;
#2978 = CARTESIAN_POINT ( 'NONE',  ( -483.8114821150160196, 134.3708199540199075, -45.38745087625770225 ) ) ;
#2979 = VERTEX_POINT ( 'NONE', #2083 ) ;
#2980 = CARTESIAN_POINT ( 'NONE',  ( -467.8303633251094311, 115.7121214628315187, -54.57460759691031171 ) ) ;
#2981 = CARTESIAN_POINT ( 'NONE',  ( -366.2522097343997984, 264.9758054519054440, -135.2600365011055317 ) ) ;
#2982 = VERTEX_POINT ( 'NONE', #4874 ) ;
#2983 =( NAMED_UNIT ( * ) PLANE_ANGLE_UNIT ( ) SI_UNIT ( $, .RADIAN. ) );
#2984 = EDGE_LOOP ( 'NONE', ( #2958, #203, #3720, #2022, #4035, #2802 ) ) ;
#2985 = CARTESIAN_POINT ( 'NONE',  ( -4.794698123357241215, 247.9775982631747411, -158.0433970636159700 ) ) ;
#2986 = CARTESIAN_POINT ( 'NONE',  ( 9.847657960471959626, 115.6597691802144823, -53.72840487954625388 ) ) ;
#2987 = DIRECTION ( 'NONE',  ( 0.000000000000000000, -0.000000000000000000, -1.000000000000000000 ) ) ;
#2988 = DIRECTION ( 'NONE',  ( 0.000000000000000000, 0.000000000000000000, 1.000000000000000000 ) ) ;
#2989 = CARTESIAN_POINT ( 'NONE',  ( -9.840149765762999934, 115.6598232257822616, -53.74142122526806276 ) ) ;
#2990 = CARTESIAN_POINT ( 'NONE',  ( -483.7664842971946086, 135.7424759642885022, -46.82478384718205433 ) ) ;
#2991 = CIRCLE ( 'NONE', #4257, 12.70000000000000284 ) ;
#2992 = EDGE_LOOP ( 'NONE', ( #1830, #2592, #79, #1420 ) ) ;
#2993 = CARTESIAN_POINT ( 'NONE',  ( -467.7783959956589115, 138.1503411911127159, -53.29856166854804655 ) ) ;
#2994 = B_SPLINE_CURVE_WITH_KNOTS ( 'NONE', 3,
 ( #4203, #548, #2931, #2621, #2646, #1330, #4535, #945, #2538, #4948, #4585, #575, #226, #5009, #3779, #5036, #1357, #602, #3017, #2135, #3810, #2959, #4560, #4151, #108, #2593, #2985, #1723, #3754, #4233, #3042, #2196, #1751, #1000, #1831, #164, #1385, #195, #3415, #968, #631, #1804, #2224, #2562, #136, #3327, #1414, #3445, #4176, #4923 ),
 .UNSPECIFIED., .F., .F.,
 ( 4, 2, 2, 2, 2, 2, 2, 2, 2, 2, 2, 2, 2, 2, 2, 2, 2, 2, 2, 2, 2, 2, 2, 2, 4 ),
 ( 0.03750127688140242332, 0.03984342681476239073, 0.04218557674812235814, 0.04335665171480233837, 0.04452772668148232554, 0.04569880164816230578, 0.04686987661484229295, 0.04921202654820219791, 0.05155417648156210980, 0.05272525144824205534, 0.05389632641492200782, 0.05506740138160196030, 0.05623847634828190584, 0.05858062628164184549, 0.05975170124832181878, 0.06092277621500179208, 0.06326492614836172479, 0.06443600111504164951, 0.06560707608172156036, 0.06677815104840148508, 0.06736368853174146132, 0.06794922601508146531, 0.07029137594844150905, 0.07263352588180158054, 0.07497567581516163815 ),
 .UNSPECIFIED. ) ;
#2995 = DIRECTION ( 'NONE',  ( 0.000000000000000000, 1.000000000000000000, 0.000000000000000000 ) ) ;
#2996 = CARTESIAN_POINT ( 'NONE',  ( -6.249761305317787397, 120.0752016077458535, -62.42631990310690782 ) ) ;
#2997 = CARTESIAN_POINT ( 'NONE',  ( -488.1397152264439683, 349.3873428811588155, -280.1273467004696727 ) ) ;
#2998 = CARTESIAN_POINT ( 'NONE',  ( -490.1870900380934017, 134.2963541379632204, -62.30584620762771664 ) ) ;
#2999 = CARTESIAN_POINT ( 'NONE',  ( -484.3401561228496348, 120.9143746746202055, -62.92037300615758966 ) ) ;
#3000 = CARTESIAN_POINT ( 'NONE',  ( 12.95011945316618629, 117.3586838180422518, -47.57140068226640039 ) ) ;
#3001 = CARTESIAN_POINT ( 'NONE',  ( -10.34214677907833568, 126.7631832112600136, -64.57891196379820542 ) ) ;
#3002 = DIRECTION ( 'NONE',  ( 0.000000000000000000, -1.000000000000000000, 0.000000000000000000 ) ) ;
#3003 = CARTESIAN_POINT ( 'NONE',  ( 6.982576765463334389, 132.2942518188068846, -43.84839146176135216 ) ) ;
#3004 = DIRECTION ( 'NONE',  ( 0.000000000000000000, -1.000000000000000000, -0.000000000000000000 ) ) ;
#3005 = CARTESIAN_POINT ( 'NONE',  ( -11.45477962524471316, 137.6821210393744650, -55.50774484995523750 ) ) ;
#3006 = CARTESIAN_POINT ( 'NONE',  ( -488.3073854612572404, 352.0853531617383396, -275.8010819142765513 ) ) ;
#3007 = ORIENTED_EDGE ( 'NONE', *, *, #1305, .T. ) ;
#3008 = CARTESIAN_POINT ( 'NONE',  ( -466.9308979098829013, 350.1014064315712631, -281.0599468168417161 ) ) ;
#3009 = CARTESIAN_POINT ( 'NONE',  ( -466.6139870605103397, 115.6837219679160711, -52.51392049523662564 ) ) ;
#3010 = EDGE_CURVE ( 'NONE', #4752, #2223, #3966, .T. ) ;
#3011 = CARTESIAN_POINT ( 'NONE',  ( -366.2961236890607779, 263.7422329442352975, -134.4350349439073398 ) ) ;
#3012 = VERTEX_POINT ( 'NONE', #2010 ) ;
#3013 = CARTESIAN_POINT ( 'NONE',  ( -465.4036113378560913, 123.3533526768688802, -42.89041364164962999 ) ) ;
#3014 = CARTESIAN_POINT ( 'NONE',  ( -6.304872086501780437, 119.2390906915465507, -61.64865361199960603 ) ) ;
#3015 = ORIENTED_EDGE ( 'NONE', *, *, #738, .F. ) ;
#3016 = EDGE_CURVE ( 'NONE', #2952, #3774, #1244, .T. ) ;
#3017 = CARTESIAN_POINT ( 'NONE',  ( -8.627360492990078455, 248.3800477179374298, -161.9060416999674317 ) ) ;
#3018 = CARTESIAN_POINT ( 'NONE',  ( 6.929831042337311509, 117.1921076366606087, -59.11281597234221152 ) ) ;
#3019 = CARTESIAN_POINT ( 'NONE',  ( -490.1914331658929314, 353.5876085714861574, -281.4054188327629049 ) ) ;
#3020 = CARTESIAN_POINT ( 'NONE',  ( -468.7331010560362188, 128.5826390254033242, -42.31609207666520689 ) ) ;
#3021 = ORIENTED_EDGE ( 'NONE', *, *, #4893, .T. ) ;
#3022 = CARTESIAN_POINT ( 'NONE',  ( -6.463870294990385901, 117.3631823434508732, -59.54085168792239102 ) ) ;
#3023 = CARTESIAN_POINT ( 'NONE',  ( -488.3343361248872725, 349.0852732357719219, -278.6071566626239928 ) ) ;
#3024 = CARTESIAN_POINT ( 'NONE',  ( -10.40351497912730849, 230.6232235839869986, -167.6403129090815014 ) ) ;
#3025 = CARTESIAN_POINT ( 'NONE',  ( -483.9168119268460941, 118.1647255149929379, -60.50131554353182395 ) ) ;
#3026 = CARTESIAN_POINT ( 'NONE',  ( 10.36956100778468404, 115.6442577636085218, -53.44538381159125606 ) ) ;
#3027 = CARTESIAN_POINT ( 'NONE',  ( -11.61992999934823345, 129.1268299313921375, -64.32982291045445322 ) ) ;
#3028 = AXIS2_PLACEMENT_3D ( 'NONE', #2457, #4870, #4795 ) ;
#3029 = DIRECTION ( 'NONE',  ( 0.000000000000000000, 0.000000000000000000, -1.000000000000000000 ) ) ;
#3030 = CARTESIAN_POINT ( 'NONE',  ( -16.69999999999999929, 126.7631832112599852, -56.47891196379821110 ) ) ;
#3031 = CARTESIAN_POINT ( 'NONE',  ( 10.66774655949277495, 138.0942384758099593, -55.05338009936249222 ) ) ;
#3032 = CARTESIAN_POINT ( 'NONE',  ( -484.7999383739482369, 136.8885862625812990, -48.87684884432894705 ) ) ;
#3033 = CARTESIAN_POINT ( 'NONE',  ( -6.987651754916657687, 136.8662651463539532, -48.57607739930401181 ) ) ;
#3034 = CARTESIAN_POINT ( 'NONE',  ( -488.4347138695830495, 353.0516523951018826, -281.6479502109447139 ) ) ;
#3035 = ORIENTED_EDGE ( 'NONE', *, *, #1565, .T. ) ;
#3036 = CIRCLE ( 'NONE', #3546, 11.09999999999999787 ) ;
#3037 = CARTESIAN_POINT ( 'NONE',  ( 10.76622333158032063, 355.0852727293968769, -278.6046916064850052 ) ) ;
#3038 = CARTESIAN_POINT ( 'NONE',  ( -471.3920842753960869, 119.5454493973194445, -61.99740310112669306 ) ) ;
#3039 = CARTESIAN_POINT ( 'NONE',  ( -467.5508023212949524, 127.4278358811360761, -41.89796913394076938 ) ) ;
#3040 = DIRECTION ( 'NONE',  ( 0.000000000000000000, 0.7071067811865474617, -0.7071067811865474617 ) ) ;
#3041 = ORIENTED_EDGE ( 'NONE', *, *, #1480, .T. ) ;
#3042 = CARTESIAN_POINT ( 'NONE',  ( -3.006130141973385239, 246.9699205757488301, -156.2322443299008512 ) ) ;
#3043 = ADVANCED_FACE ( 'NONE', ( #3695 ), #3408, .F. ) ;
#3044 = CARTESIAN_POINT ( 'NONE',  ( 10.42295672279055729, 115.6681550688928439, -52.68814340877354141 ) ) ;
#3045 = DIRECTION ( 'NONE',  ( 0.000000000000000000, 0.000000000000000000, -1.000000000000000000 ) ) ;
#3046 = CARTESIAN_POINT ( 'NONE',  ( -368.7569344443975297, 278.4148614035565856, -133.4098928608657957 ) ) ;
#3047 = CARTESIAN_POINT ( 'NONE',  ( -489.1069454743793585, 137.7317928112409788, -57.03872130935549478 ) ) ;
#3048 = ORIENTED_EDGE ( 'NONE', *, *, #2132, .T. ) ;
#3049 = DIRECTION ( 'NONE',  ( 0.000000000000000000, 0.000000000000000000, 1.000000000000000000 ) ) ;
#3050 = CARTESIAN_POINT ( 'NONE',  ( -488.1023540340873410, 349.7003620553956011, -280.6316805216443981 ) ) ;
#3051 = LINE ( 'NONE', #3510, #4091 ) ;
#3052 = CARTESIAN_POINT ( 'NONE',  ( -488.8553796108984102, 115.6686224146590689, -50.48184581603725007 ) ) ;
#3053 = CARTESIAN_POINT ( 'NONE',  ( 9.397162109368862204, 115.7681028923276756, -55.03451852593504157 ) ) ;
#3054 = DIRECTION ( 'NONE',  ( 1.000000000000000000, -0.000000000000000000, 0.000000000000000000 ) ) ;
#3055 = DIRECTION ( 'NONE',  ( 0.000000000000000000, 0.7071067811865486830, 0.7071067811865464625 ) ) ;
#3056 = FACE_BOUND ( 'NONE', #106, .T. ) ;
#3057 = CARTESIAN_POINT ( 'NONE',  ( 7.924713293821898930, 137.5391387943651864, -50.21521801363950743 ) ) ;
#3058 = CARTESIAN_POINT ( 'NONE',  ( -486.0190286378676205, 129.7273236220618458, -42.76063211415684151 ) ) ;
#3059 = CARTESIAN_POINT ( 'NONE',  ( -9.705154388324604753, 137.8328335623425858, -52.41434776350747171 ) ) ;
#3060 = ORIENTED_EDGE ( 'NONE', *, *, #1102, .F. ) ;
#3061 = CARTESIAN_POINT ( 'NONE',  ( -494.2138688887957869, 126.7631832112599852, -53.47891196379821110 ) ) ;
#3062 = CARTESIAN_POINT ( 'NONE',  ( -465.2992194432112001, 244.9064896353190477, -166.6736170456082675 ) ) ;
#3063 = VERTEX_POINT ( 'NONE', #2533 ) ;
#3064 = FACE_BOUND ( 'NONE', #4612, .T. ) ;
#3065 = ORIENTED_EDGE ( 'NONE', *, *, #3403, .F. ) ;
#3066 = CARTESIAN_POINT ( 'NONE',  ( -12.01211493619272730, 122.4046754567526136, -43.26289445680217227 ) ) ;
#3067 = CARTESIAN_POINT ( 'NONE',  ( 13.10720003500711250, 120.1749795486054637, -44.51195762937452827 ) ) ;
#3068 = CARTESIAN_POINT ( 'NONE',  ( -465.0390256888248359, 349.1043590454772243, -279.1907204822677500 ) ) ;
#3069 = CARTESIAN_POINT ( 'NONE',  ( -369.0645993981237325, 279.4424633224314789, -132.3822909419908456 ) ) ;
#3070 = CARTESIAN_POINT ( 'NONE',  ( -6.159837908522353800, 118.8383637854010715, -61.26166333055608249 ) ) ;
#3071 = CARTESIAN_POINT ( 'NONE',  ( -485.1415378236746960, 122.3887617570773472, -63.68597375925146054 ) ) ;
#3072 = EDGE_LOOP ( 'NONE', ( #4584, #2599, #1879, #3065 ) ) ;
#3073 = CARTESIAN_POINT ( 'NONE',  ( -471.1114675831324803, 136.0595501893566563, -47.26313096285873883 ) ) ;
#3074 = CARTESIAN_POINT ( 'NONE',  ( -108.7569344443978991, 262.7170908612149560, -117.7121223185247203 ) ) ;
#3075 = CARTESIAN_POINT ( 'NONE',  ( 1.555301434917138433E-15, 0.000000000000000000, -12.69999999999999929 ) ) ;
#3076 = CIRCLE ( 'NONE', #2657, 10.09999999999999787 ) ;
#3077 = CARTESIAN_POINT ( 'NONE',  ( -490.0849093049196767, 117.3634601522631442, -46.68969387427234352 ) ) ;
#3078 = FACE_BOUND ( 'NONE', #1037, .T. ) ;
#3079 = CIRCLE ( 'NONE', #819, 1.000000000000000888 ) ;
#3080 = CARTESIAN_POINT ( 'NONE',  ( -470.6368995266031447, 132.5084582819514765, -43.97480079897014349 ) ) ;
#3081 = CARTESIAN_POINT ( 'NONE',  ( -461.8138688887958097, 126.7631832112599852, -53.47891196379821110 ) ) ;
#3082 = CARTESIAN_POINT ( 'NONE',  ( -488.3073854612572404, 352.0853531617383396, -275.8010819142765513 ) ) ;
#3083 = CARTESIAN_POINT ( 'NONE',  ( 8.453013395582356537, 137.5561076115533012, -50.86023660986382566 ) ) ;
#3084 = CARTESIAN_POINT ( 'NONE',  ( -483.5949115998895422, 135.0404088996467351, -45.98834486975228231 ) ) ;
#3085 = CARTESIAN_POINT ( 'NONE',  ( -11.11797689315998383, 137.6519236361040157, -55.66906723672834545 ) ) ;
#3086 = ORIENTED_EDGE ( 'NONE', *, *, #2696, .F. ) ;
#3087 = DIRECTION ( 'NONE',  ( 0.000000000000000000, 0.7071067811865475727, -0.7071067811865475727 ) ) ;
#3088 = CARTESIAN_POINT ( 'NONE',  ( -470.6997678705677117, 120.9416275075798808, -62.96038104736077656 ) ) ;
#3089 = CARTESIAN_POINT ( 'NONE',  ( -10.70351223504497362, 115.6598584849319167, -52.86440043811047929 ) ) ;
#3090 = EDGE_LOOP ( 'NONE', ( #3407, #2867, #1406, #4615 ) ) ;
#3091 = CARTESIAN_POINT ( 'NONE',  ( -12.69370678313892853, 118.6065339996080894, -45.94797763954108660 ) ) ;
#3092 = CARTESIAN_POINT ( 'NONE',  ( 10.78237420732769181, 115.7393741064487926, -51.99561212454015902 ) ) ;
#3093 = CARTESIAN_POINT ( 'NONE',  ( -461.8138688887958097, 126.7631832112599852, -53.47891196379821110 ) ) ;
#3094 = CARTESIAN_POINT ( 'NONE',  ( -488.2000676399592294, 126.1686414032936483, -42.39079046637413484 ) ) ;
#3095 = CARTESIAN_POINT ( 'NONE',  ( -8.132043820647442800, 123.6095016168811611, -64.14334262832728939 ) ) ;
#3096 = CARTESIAN_POINT ( 'NONE',  ( -485.8931341724089634, 123.6012946386045286, -64.12383742433803491 ) ) ;
#3097 = CARTESIAN_POINT ( 'NONE',  ( 0.000000000000000000, 262.9898987322330299, -189.7056274847716963 ) ) ;
#3098 = CARTESIAN_POINT ( 'NONE',  ( 10.90314395978971440, 124.7069449158873908, -42.21273862065233118 ) ) ;
#3099 = CARTESIAN_POINT ( 'NONE',  ( -12.66428925768335567, 119.4748860728958704, -44.42207226070223669 ) ) ;
#3100 = CYLINDRICAL_SURFACE ( 'NONE', #4506, 12.70000000000000462 ) ;
#3101 = CARTESIAN_POINT ( 'NONE',  ( -490.6324850564369058, 117.9492281230419906, -46.72051469764515730 ) ) ;
#3102 = DIRECTION ( 'NONE',  ( 0.000000000000000000, 0.000000000000000000, -1.000000000000000000 ) ) ;
#3103 = CARTESIAN_POINT ( 'NONE',  ( -469.1849119429049324, 130.0038808183817309, -42.84207337049981135 ) ) ;
#3104 = ADVANCED_FACE ( 'NONE', ( #2189 ), #1772, .T. ) ;
#3105 = CARTESIAN_POINT ( 'NONE',  ( -494.2138688887957869, 126.7631832112599852, -53.47891196379821110 ) ) ;
#3106 = EDGE_CURVE ( 'NONE', #5000, #3379, #3227, .T. ) ;
#3107 = CARTESIAN_POINT ( 'NONE',  ( -487.8106792290209910, 127.3183039393107236, -64.58810324032799599 ) ) ;
#3108 = CARTESIAN_POINT ( 'NONE',  ( -484.3518678043910199, 132.2400821478855732, -43.81708443504369654 ) ) ;
#3109 = CYLINDRICAL_SURFACE ( 'NONE', #2082, 11.00000000000000000 ) ;
#3110 = CARTESIAN_POINT ( 'NONE',  ( -6.564183660569749890, 132.5840604399797371, -43.92229382994369757 ) ) ;
#3111 = CARTESIAN_POINT ( 'NONE',  ( -488.2801261064529967, 355.0853198878343733, -278.6049336591830752 ) ) ;
#3112 = FACE_OUTER_BOUND ( 'NONE', #4448, .T. ) ;
#3113 = EDGE_LOOP ( 'NONE', ( #102, #4623, #4947, #1389, #1902 ) ) ;
#3114 = LINE ( 'NONE', #2275, #4950 ) ;
#3115 = AXIS2_PLACEMENT_3D ( 'NONE', #5151, #265, #1096 ) ;
#3116 = CARTESIAN_POINT ( 'NONE',  ( -471.2328641929481137, 120.1773256800476020, -62.50350010428783065 ) ) ;
#3117 = EDGE_CURVE ( 'NONE', #2447, #145, #517, .T. ) ;
#3118 = DIRECTION ( 'NONE',  ( 0.000000000000000000, 0.7071067811865474617, 0.7071067811865474617 ) ) ;
#3119 = AXIS2_PLACEMENT_3D ( 'NONE', #253, #1034, #577 ) ;
#3120 = ORIENTED_EDGE ( 'NONE', *, *, #2823, .F. ) ;
#3121 = CARTESIAN_POINT ( 'NONE',  ( -11.84406887734494340, 123.9266847510705531, -42.74139424997249392 ) ) ;
#3122 = CARTESIAN_POINT ( 'NONE',  ( 12.70280350950617354, 118.7195032883999488, -45.82028275340934442 ) ) ;
#3123 = CARTESIAN_POINT ( 'NONE',  ( -464.9022939945139115, 349.1809214329608153, -278.0249959747599178 ) ) ;
#3124 = CARTESIAN_POINT ( 'NONE',  ( -471.3653110089917391, 133.8093881601205339, -44.80965283635884333 ) ) ;
#3125 = CARTESIAN_POINT ( 'NONE',  ( -6.234169620337614681, 119.5742809621558251, -61.93879480232791934 ) ) ;
#3126 = CARTESIAN_POINT ( 'NONE',  ( -484.1975993688222957, 120.5916005070876338, -62.71204815116885101 ) ) ;
#3127 = CARTESIAN_POINT ( 'NONE',  ( -9.963066567500813875, 127.3991870591587059, -42.39714770419325163 ) ) ;
#3128 = CARTESIAN_POINT ( 'NONE',  ( -106.2972948612910784, 286.6300653930933890, -125.1946888713291060 ) ) ;
#3129 = CARTESIAN_POINT ( 'NONE',  ( 1.555301434917138433E-15, 70.16187950266180451, -14.83812049733820793 ) ) ;
#3130 = CARTESIAN_POINT ( 'NONE',  ( -490.2061698532982632, 119.2125357289256158, -44.63755994561041973 ) ) ;
#3131 = CARTESIAN_POINT ( 'NONE',  ( 9.566018942530504887, 125.4752821967328202, -64.52244106611198049 ) ) ;
#3132 = CARTESIAN_POINT ( 'NONE',  ( -464.4895213291607661, 132.9983396788581160, -62.67055102475698192 ) ) ;
#3133 = CARTESIAN_POINT ( 'NONE',  ( -485.7445363599505868, 115.8098614393447718, -56.22575829612728171 ) ) ;
#3134 = CARTESIAN_POINT ( 'NONE',  ( -368.0838083805570022, 260.8669472209967921, -119.9708369091638644 ) ) ;
#3135 = CARTESIAN_POINT ( 'NONE',  ( -465.0156277890344541, 352.2801912218840243, -275.8010819142764944 ) ) ;
#3136 = CARTESIAN_POINT ( 'NONE',  ( -483.8834064651666722, 135.2393806127150526, -46.30935185904411355 ) ) ;
#3137 = CARTESIAN_POINT ( 'NONE',  ( -7.711230065147634427, 130.6132095240681963, -43.04228582350782517 ) ) ;
#3138 = B_SPLINE_CURVE_WITH_KNOTS ( 'NONE', 3,
 ( #4831, #2045, #3606, #3656, #1945, #43, #4468, #5177, #2785, #1212, #4392, #772, #3153, #2763, #1608, #822, #4412, #2417, #1555, #4763, #3257, #4857, #1265, #2364, #3977, #1727, #2089, #921, #3412, #1287, #4613, #3679, #4123, #223, #4230, #524, #2887, #68, #4098, #2910, #4880, #2619, #4492, #876, #5006, #4903, #1027, #1309, #2116, #3013, #4514, #629, #3281, #111 ),
 .UNSPECIFIED., .F., .F.,
 ( 4, 2, 2, 2, 2, 2, 2, 2, 2, 2, 2, 2, 2, 2, 2, 2, 2, 2, 2, 2, 2, 2, 2, 2, 2, 2, 4 ),
 ( 0.0005366272934450919260, 0.002880341642798304840, 0.005224055992151517211, 0.007567770341504730450, 0.008153698928843019014, 0.008739627516181311048, 0.009911484690857902055, 0.01049741327819619062, 0.01108334186553447918, 0.01225519904021100254, 0.01459891338956402843, 0.01694262773891705431, 0.01811448491359361063, 0.01928634208827016694, 0.02163005643762334548, 0.02280191361229994690, 0.02397377078697654137, 0.02514562796165313932, 0.02631748513632973727, 0.02866119948568293663, 0.02924712807302123213, 0.02983305666035952416, 0.03100491383503611170, 0.03217677100971270271, 0.03334862818438929372, 0.03569234253374241328, 0.03803605688309553284 ),
 .UNSPECIFIED. ) ;
#3139 = FACE_OUTER_BOUND ( 'NONE', #3072, .T. ) ;
#3140 = CARTESIAN_POINT ( 'NONE',  ( -473.7617623102356106, 247.4533952797506515, -157.0063939625841556 ) ) ;
#3141 = CARTESIAN_POINT ( 'NONE',  ( -13.17829546327622836, 119.4612329762399128, -45.11652146958973475 ) ) ;
#3142 = ORIENTED_EDGE ( 'NONE', *, *, #1579, .F. ) ;
#3143 = CARTESIAN_POINT ( 'NONE',  ( -10.37559198594849263, 126.7177469908742609, -42.35803854292553439 ) ) ;
#3144 = AXIS2_PLACEMENT_3D ( 'NONE', #2856, #1282, #2085 ) ;
#3145 = CARTESIAN_POINT ( 'NONE',  ( 12.92564294181566886, 117.2944977211385833, -47.67355264196365283 ) ) ;
#3146 = CARTESIAN_POINT ( 'NONE',  ( -370.1618691806156107, 267.9157430678133096, -114.3364173809757176 ) ) ;
#3147 = CARTESIAN_POINT ( 'NONE',  ( -371.1068978684126591, 279.4422780814724092, -118.7395389964406149 ) ) ;
#3148 = CARTESIAN_POINT ( 'NONE',  ( -6.932819970591284076, 116.9925906437843111, -58.76009564896887127 ) ) ;
#3149 = CARTESIAN_POINT ( 'NONE',  ( -487.5004369157425685, 115.6613382184638112, -54.08376710320615643 ) ) ;
#3150 = CARTESIAN_POINT ( 'NONE',  ( -7.007780703627712882, 136.4233756600811489, -47.99952881983350750 ) ) ;
#3151 = CARTESIAN_POINT ( 'NONE',  ( -12.52158136977918979, 352.0853531617383396, -281.8010819142765513 ) ) ;
#3152 = CARTESIAN_POINT ( 'NONE',  ( -10.90260987381696900, 124.7134940501208291, -42.20591478803451224 ) ) ;
#3153 = CARTESIAN_POINT ( 'NONE',  ( -471.2274936984635474, 118.9591558401730538, -61.38210766465530099 ) ) ;
#3154 = CARTESIAN_POINT ( 'NONE',  ( -109.3747507902658214, 276.1474763620100816, -135.2687069519923284 ) ) ;
#3155 = CARTESIAN_POINT ( 'NONE',  ( -460.8138688887958097, 126.7631832112599852, -53.47891196379821110 ) ) ;
#3156 = CARTESIAN_POINT ( 'NONE',  ( -464.3917410441173956, 135.5589828204128082, -60.26092162109009820 ) ) ;
#3157 = CARTESIAN_POINT ( 'NONE',  ( -488.4091108137446327, 128.8030921310206622, -64.74743978313841808 ) ) ;
#3158 = CARTESIAN_POINT ( 'NONE',  ( -470.6912528002777094, 132.6228194632924158, -44.04455812136369275 ) ) ;
#3159 = CARTESIAN_POINT ( 'NONE',  ( -464.8184321452970948, 354.4703232846591163, -280.6316852365231398 ) ) ;
#3160 = CARTESIAN_POINT ( 'NONE',  ( -490.2168804410985103, 134.7943594185091456, -61.15038170466299761 ) ) ;
#3161 = ORIENTED_EDGE ( 'NONE', *, *, #393, .F. ) ;
#3162 = CARTESIAN_POINT ( 'NONE',  ( 6.092830045108716952, 134.1066256766463312, -45.06332013127222780 ) ) ;
#3163 = CARTESIAN_POINT ( 'NONE',  ( -107.3519997081797328, 267.9157430678132528, -114.3364173809757887 ) ) ;
#3164 = CARTESIAN_POINT ( 'NONE',  ( -465.2676273987393643, 237.5974607321400640, -169.0712498809369038 ) ) ;
#3165 = CARTESIAN_POINT ( 'NONE',  ( 12.69527166179321753, 349.6973887995838481, -276.9744649449329472 ) ) ;
#3166 = ORIENTED_EDGE ( 'NONE', *, *, #4145, .F. ) ;
#3167 = CARTESIAN_POINT ( 'NONE',  ( -12.66231693936221880, 117.8468531600607321, -46.05341414825529966 ) ) ;
#3168 = CARTESIAN_POINT ( 'NONE',  ( -464.8164169109016939, 227.6864894041568448, -155.0062679849358460 ) ) ;
#3169 = EDGE_CURVE ( 'NONE', #4477, #3774, #748, .T. ) ;
#3170 = EDGE_CURVE ( 'NONE', #194, #1336, #416, .T. ) ;
#3171 = CARTESIAN_POINT ( 'NONE',  ( 12.77802216176196914, 121.4965675103200766, -43.70051891311709369 ) ) ;
#3172 = CARTESIAN_POINT ( 'NONE',  ( -467.1494499640119784, 125.7924037975402314, -42.08599889065955324 ) ) ;
#3173 = EDGE_CURVE ( 'NONE', #3498, #1636, #4049, .T. ) ;
#3174 = DIRECTION ( 'NONE',  ( 0.000000000000000000, 0.000000000000000000, -1.000000000000000000 ) ) ;
#3175 = CARTESIAN_POINT ( 'NONE',  ( -7.080327392536121422, 117.0249489292177572, -58.81851647075965417 ) ) ;
#3176 = DIRECTION ( 'NONE',  ( -0.9063077870366492705, 0.2988362387301207179, 0.2988362387301209400 ) ) ;
#3177 = CARTESIAN_POINT ( 'NONE',  ( -488.4724854178006126, 349.3869418194933019, -277.4754051628730736 ) ) ;
#3178 = CARTESIAN_POINT ( 'NONE',  ( 7.726995000725903395, 137.4198068709670224, -49.87797238767665675 ) ) ;
#3179 = CARTESIAN_POINT ( 'NONE',  ( -466.7203523163342993, 352.0853531617383396, -281.8010819142765513 ) ) ;
#3180 = CARTESIAN_POINT ( 'NONE',  ( -108.7569344443979134, 278.4148614035563014, -133.4098928608660515 ) ) ;
#3181 = ADVANCED_FACE ( 'NONE', ( #329 ), #760, .F. ) ;
#3182 = DIRECTION ( 'NONE',  ( 0.9063077870366493816, 0.2988362387301207179, 0.2988362387301209400 ) ) ;
#3183 = AXIS2_PLACEMENT_3D ( 'NONE', #1893, #1944, #2762 ) ;
#3184 = CARTESIAN_POINT ( 'NONE',  ( -464.3142118643942240, 134.8923589169243655, -61.04697864814966835 ) ) ;
#3185 = DIRECTION ( 'NONE',  ( -0.4364310211208314860, -0.8879070431376673289, -0.1454271176567591417 ) ) ;
#3186 = CARTESIAN_POINT ( 'NONE',  ( -464.8364385272176946, 353.5859797666643658, -281.4062185260240767 ) ) ;
#3187 = CARTESIAN_POINT ( 'NONE',  ( -490.2092860191680757, 134.5935477646508787, -62.04575916054476181 ) ) ;
#3188 = ORIENTED_EDGE ( 'NONE', *, *, #3273, .T. ) ;
#3189 = CARTESIAN_POINT ( 'NONE',  ( 7.232792268300303640, 131.2390423391856302, -43.18803555786761450 ) ) ;
#3190 = CARTESIAN_POINT ( 'NONE',  ( -465.1925771086615100, 132.1101539347326934, -63.21386340923773872 ) ) ;
#3191 =( BOUNDED_CURVE ( )  B_SPLINE_CURVE ( 3, ( #3643, #3163, #4401, #4772 ),
 .UNSPECIFIED., .F., .F. ) 
 B_SPLINE_CURVE_WITH_KNOTS ( ( 4, 4 ),
 ( 3.877881810305303212, 4.712388980384694115 ),
 .UNSPECIFIED. ) 
 CURVE ( )  GEOMETRIC_REPRESENTATION_ITEM ( )  RATIONAL_B_SPLINE_CURVE ( ( 1.000000000000000000, 0.9428035831291545765, 0.9428035831291545765, 1.000000000000000000 ) ) 
 REPRESENTATION_ITEM ( '' )  );
#3192 = CARTESIAN_POINT ( 'NONE',  ( 9.636353648416148943, 115.4025236933506307, -53.82504406911461103 ) ) ;
#3193 = CARTESIAN_POINT ( 'NONE',  ( -106.1956618895175950, 277.3543195260670586, -116.7178308401626339 ) ) ;
#3194 = CARTESIAN_POINT ( 'NONE',  ( 12.70003521320427708, 350.1009458461045938, -276.5426377270037506 ) ) ;
#3195 = ORIENTED_EDGE ( 'NONE', *, *, #393, .T. ) ;
#3196 = CARTESIAN_POINT ( 'NONE',  ( -12.19463712075113015, 116.8024108776051264, -48.56497831822667877 ) ) ;
#3197 = CARTESIAN_POINT ( 'NONE',  ( -465.2218541601442325, 229.2935433259993658, -151.4605535408366563 ) ) ;
#3198 = DIRECTION ( 'NONE',  ( 0.000000000000000000, 0.7071067811865486830, 0.7071067811865464625 ) ) ;
#3199 = CARTESIAN_POINT ( 'NONE',  ( -464.9646992953942117, 120.1691680570933158, -43.92016291942348261 ) ) ;
#3200 = CARTESIAN_POINT ( 'NONE',  ( -370.9949395399086143, 273.4424333022282667, -114.7788552279786103 ) ) ;
#3201 = COLOUR_RGB ( '',0.7921568627450980005, 0.8196078431372548767, 0.9333333333333333481 ) ;
#3202 = CARTESIAN_POINT ( 'NONE',  ( -489.9247542117566354, 351.1208028691817731, -281.6485880850586909 ) ) ;
#3203 = CARTESIAN_POINT ( 'NONE',  ( 9.764713338977820456, 125.7911404629075207, -64.55710130406059477 ) ) ;
#3204 = CARTESIAN_POINT ( 'NONE',  ( 12.16733849988794702, 137.1439625240350040, -58.60783124960855872 ) ) ;
#3205 = CARTESIAN_POINT ( 'NONE',  ( -466.5399157692693279, 354.6906615263935691, -280.3016333424544655 ) ) ;
#3206 = CARTESIAN_POINT ( 'NONE',  ( -111.0558498345924221, 260.8346841816787105, -131.1834413094262288 ) ) ;
#3207 = CARTESIAN_POINT ( 'NONE',  ( -6.057936994749897330, 134.4088713697763922, -45.33890603331884961 ) ) ;
#3208 = VERTEX_POINT ( 'NONE', #3519 ) ;
#3209 = CARTESIAN_POINT ( 'NONE',  ( -466.0917856223776425, 115.7131008911414654, -50.29747318309619430 ) ) ;
#3210 = CARTESIAN_POINT ( 'NONE',  ( -483.7391688968316998, 120.0172447670558995, -62.38810969479731483 ) ) ;
#3211 = CARTESIAN_POINT ( 'NONE',  ( -471.0839842013414795, 132.9072423408403267, -44.13349418909247390 ) ) ;
#3212 = CARTESIAN_POINT ( 'NONE',  ( -464.9688078631185135, 355.0853057499255669, -278.9970849068201915 ) ) ;
#3213 = CARTESIAN_POINT ( 'NONE',  ( -490.1602364631165756, 136.7954420444629591, -58.28783023808074404 ) ) ;
#3214 = EDGE_LOOP ( 'NONE', ( #218, #1410, #418, #3467 ) ) ;
#3215 = CARTESIAN_POINT ( 'NONE',  ( 6.062193854891614109, 134.8300560883271260, -45.76352845502382394 ) ) ;
#3216 = CARTESIAN_POINT ( 'NONE',  ( -465.5582230810461510, 131.2968524423142469, -64.09375993359405754 ) ) ;
#3217 = CARTESIAN_POINT ( 'NONE',  ( 10.90314395978971440, 124.7069449158873908, -42.21273862065233118 ) ) ;
#3218 = CARTESIAN_POINT ( 'NONE',  ( -476.3458203051184228, 242.4329193063897208, -151.2640319601321721 ) ) ;
#3219 = CARTESIAN_POINT ( 'NONE',  ( 12.56850008371173644, 351.6930401997512945, -275.8203795587045875 ) ) ;
#3220 = VERTEX_POINT ( 'NONE', #4641 ) ;
#3221 = CARTESIAN_POINT ( 'NONE',  ( -467.0786482441231442, 230.7890564294081059, -167.7419901577614212 ) ) ;
#3222 = CARTESIAN_POINT ( 'NONE',  ( -369.9720158932570939, 267.5827278994678409, -114.4610075896953134 ) ) ;
#3223 = CARTESIAN_POINT ( 'NONE',  ( -464.8542890800449641, 119.8420184061571518, -44.76775546078388857 ) ) ;
#3224 = CARTESIAN_POINT ( 'NONE',  ( 10.62552992871334112, 349.3886548569645356, -280.1303634042483282 ) ) ;
#3225 = DIRECTION ( 'NONE',  ( 0.000000000000000000, 0.7071067811865464625, -0.7071067811865486830 ) ) ;
#3226 = CARTESIAN_POINT ( 'NONE',  ( -490.1449757031241461, 349.2370626292016027, -277.8387816186095165 ) ) ;
#3227 = B_SPLINE_CURVE_WITH_KNOTS ( 'NONE', 3,
 ( #3380, #4146, #160, #1023, #4555, #570, #2587, #595, #1745, #1407, #3722, #103, #3775, #4974, #4115, #3438, #545, #3748, #4531, #1720, #2615, #2557, #4170, #3008, #1325, #1301, #3805, #964, #1799, #2157, #1773, #1378 ),
 .UNSPECIFIED., .F., .F.,
 ( 4, 2, 2, 2, 2, 2, 2, 2, 2, 2, 2, 2, 2, 2, 2, 4 ),
 ( 0.009425195513025161342, 0.01060311608215195288, 0.01119207636671534778, 0.01178103665127874441, 0.01236999693584214105, 0.01295895722040553595, 0.01354791750496893085, 0.01413687778953232749, 0.01472583807409572412, 0.01531479835865911902, 0.01590375864322251392, 0.01649271892778591056, 0.01708167921234930720, 0.01767063949691270036, 0.01825959978147609700, 0.01884856006603949363 ),
 .UNSPECIFIED. ) ;
#3228 = DIRECTION ( 'NONE',  ( -1.000000000000000000, 0.000000000000000000, 0.000000000000000000 ) ) ;
#3229 = DIRECTION ( 'NONE',  ( -1.000000000000000000, 0.000000000000000000, 0.000000000000000000 ) ) ;
#3230 = CARTESIAN_POINT ( 'NONE',  ( -466.7748370575222907, 352.4766825876546363, -275.8202472121276401 ) ) ;
#3231 = CARTESIAN_POINT ( 'NONE',  ( -111.1542872218285254, 264.9672856082186740, -135.2552824948742511 ) ) ;
#3232 = CARTESIAN_POINT ( 'NONE',  ( -7.980701711290004496, 129.9304600512348316, -42.65474630133201117 ) ) ;
#3233 = ORIENTED_EDGE ( 'NONE', *, *, #2050, .F. ) ;
#3234 = CARTESIAN_POINT ( 'NONE',  ( -487.4821314658209417, 127.0122488994394843, -64.86518556973248906 ) ) ;
#3235 = CARTESIAN_POINT ( 'NONE',  ( -468.1915602187990544, 127.9325889803382523, -42.41886250673599079 ) ) ;
#3236 = CARTESIAN_POINT ( 'NONE',  ( 8.808269369652190761, 137.6004592172051275, -50.99439739554983220 ) ) ;
#3237 = EDGE_CURVE ( 'NONE', #1130, #4443, #2101, .T. ) ;
#3238 = CARTESIAN_POINT ( 'NONE',  ( -488.7853797491287651, 137.7424517802360810, -55.14953117568109775 ) ) ;
#3239 = VERTEX_POINT ( 'NONE', #1930 ) ;
#3240 = CARTESIAN_POINT ( 'NONE',  ( 9.433186448838965177, 138.1090599714589473, -52.76794435465614441 ) ) ;
#3241 = AXIS2_PLACEMENT_3D ( 'NONE', #1187, #2710, #1917 ) ;
#3242 = CARTESIAN_POINT ( 'NONE',  ( 6.056734082043652379, 119.1036734619363244, -61.60585181281664546 ) ) ;
#3243 = CARTESIAN_POINT ( 'NONE',  ( -106.7900332439368043, 272.0114709447908581, -114.4594328407570885 ) ) ;
#3244 = TOROIDAL_SURFACE ( 'NONE', #1078, 20.00000000000000711, 12.69999999999999929 ) ;
#3245 = CARTESIAN_POINT ( 'NONE',  ( -483.8111809957983382, 119.1535886100727879, -61.56863821735471021 ) ) ;
#3246 = DIRECTION ( 'NONE',  ( 0.000000000000000000, 0.000000000000000000, -1.000000000000000000 ) ) ;
#3247 = ORIENTED_EDGE ( 'NONE', *, *, #3540, .T. ) ;
#3248 = CARTESIAN_POINT ( 'NONE',  ( -466.6884164026288886, 232.3609286409468382, -168.4715903468436977 ) ) ;
#3249 = FACE_OUTER_BOUND ( 'NONE', #3911, .T. ) ;
#3250 = CARTESIAN_POINT ( 'NONE',  ( -464.8902108052128028, 117.6034585381114539, -46.36150192359344402 ) ) ;
#3251 = CARTESIAN_POINT ( 'NONE',  ( 10.58860780096161491, 350.2570121269964716, -281.1877122272004499 ) ) ;
#3252 = CARTESIAN_POINT ( 'NONE',  ( -371.2515439301695892, 276.1238837732705633, -115.8942417174390442 ) ) ;
#3253 = EDGE_LOOP ( 'NONE', ( #3838, #2203, #3989, #1884 ) ) ;
#3254 = CARTESIAN_POINT ( 'NONE',  ( -494.2138688887957869, 126.7631832112599852, -63.57891196379821253 ) ) ;
#3255 = CARTESIAN_POINT ( 'NONE',  ( -12.49812681994242247, 355.0853843876702172, -278.6052889744283902 ) ) ;
#3256 = CARTESIAN_POINT ( 'NONE',  ( 12.42720654154629933, 130.9896395584875677, -63.74950461010567437 ) ) ;
#3257 = CARTESIAN_POINT ( 'NONE',  ( -470.0172397455635860, 116.6323399219004102, -58.06535243109662048 ) ) ;
#3258 = CARTESIAN_POINT ( 'NONE',  ( -110.0520702674900804, 259.7548794220305126, -122.6556060717065009 ) ) ;
#3259 = CARTESIAN_POINT ( 'NONE',  ( -10.93630797315210579, 138.0262144797596306, -55.59786176469292229 ) ) ;
#3260 = ORIENTED_EDGE ( 'NONE', *, *, #1568, .T. ) ;
#3261 = CARTESIAN_POINT ( 'NONE',  ( -471.3463028034534545, 119.7643605354078034, -62.18062100087141886 ) ) ;
#3262 = CARTESIAN_POINT ( 'NONE',  ( -490.2116254580536179, 119.1613664407385613, -44.67960385531475964 ) ) ;
#3263 = CARTESIAN_POINT ( 'NONE',  ( 6.523273483769800762, 133.3746985181938101, -44.56092375679387629 ) ) ;
#3264 = CARTESIAN_POINT ( 'NONE',  ( -489.2280705222488564, 137.2839952064660736, -57.03946733117231815 ) ) ;
#3265 = SURFACE_STYLE_FILL_AREA ( #4524 ) ;
#3266 = EDGE_CURVE ( 'NONE', #353, #3498, #3114, .T. ) ;
#3267 = EDGE_CURVE ( 'NONE', #2134, #3785, #1153, .T. ) ;
#3268 = CARTESIAN_POINT ( 'NONE',  ( 6.325454049537227341, 120.3297725514843250, -62.62107336027065685 ) ) ;
#3269 = CARTESIAN_POINT ( 'NONE',  ( -16.69999999999999929, 126.7631832112599852, -53.47891196379821110 ) ) ;
#3270 = CARTESIAN_POINT ( 'NONE',  ( -13.16257693701991371, 135.3105738749102898, -60.57164685075961330 ) ) ;
#3271 = CARTESIAN_POINT ( 'NONE',  ( 12.61169955313337532, 351.3081588405220259, -275.8968668775198125 ) ) ;
#3272 = ORIENTED_EDGE ( 'NONE', *, *, #3891, .T. ) ;
#3273 = EDGE_CURVE ( 'NONE', #4728, #3296, #2700, .T. ) ;
#3274 = CARTESIAN_POINT ( 'NONE',  ( -12.67743036157805392, 350.5847265568123703, -276.1959453025290259 ) ) ;
#3275 = CARTESIAN_POINT ( 'NONE',  ( -465.1886406277403125, 121.4019542840251091, -43.75178604413802930 ) ) ;
#3276 = DIRECTION ( 'NONE',  ( 0.000000000000000000, 1.000000000000000000, 0.000000000000000000 ) ) ;
#3277 = DIRECTION ( 'NONE',  ( -1.000000000000000000, 0.000000000000000000, -0.000000000000000000 ) ) ;
#3278 = VECTOR ( 'NONE', #3385, 1000.000000000000114 ) ;
#3279 = LINE ( 'NONE', #5199, #314 ) ;
#3280 = CARTESIAN_POINT ( 'NONE',  ( -460.8138688887958097, 126.7631832112599852, -53.47891196379821110 ) ) ;
#3281 = CARTESIAN_POINT ( 'NONE',  ( -466.7797430674177690, 126.0943612260245459, -42.37891196379821679 ) ) ;
#3282 = CARTESIAN_POINT ( 'NONE',  ( 0.000000000000000000, 271.9701548533022333, -180.7253713637025498 ) ) ;
#3283 = CARTESIAN_POINT ( 'NONE',  ( -12.70129752080107011, 135.2205841038529002, -61.42856996618566967 ) ) ;
#3284 = ORIENTED_EDGE ( 'NONE', *, *, #5035, .F. ) ;
#3285 = VECTOR ( 'NONE', #655, 1000.000000000000000 ) ;
#3286 = CARTESIAN_POINT ( 'NONE',  ( -464.8495796311100889, 119.4748860728766715, -44.42207226071738546 ) ) ;
#3287 = CARTESIAN_POINT ( 'NONE',  ( -10.66507265991840825, 351.1221891935352915, -281.6490278900997737 ) ) ;
#3288 = CARTESIAN_POINT ( 'NONE',  ( 8.225055499397635472, 137.3325243432184664, -50.07283371990717313 ) ) ;
#3289 = CARTESIAN_POINT ( 'NONE',  ( -488.5082090935932797, 128.6995302400683272, -64.40988844153375226 ) ) ;
#3290 = ORIENTED_EDGE ( 'NONE', *, *, #4452, .F. ) ;
#3291 = ADVANCED_FACE ( 'NONE', ( #3139 ), #4217, .T. ) ;
#3292 = CARTESIAN_POINT ( 'NONE',  ( 6.128267213710781647, 135.3115223416849062, -46.29606766598916323 ) ) ;
#3293 = CARTESIAN_POINT ( 'NONE',  ( -106.6075842032082619, 273.4639558290780315, -114.7480561114106763 ) ) ;
#3294 = CARTESIAN_POINT ( 'NONE',  ( -11.07781900176921042, 129.1646361814283352, -64.71222172195824385 ) ) ;
#3295 = CYLINDRICAL_SURFACE ( 'NONE', #4868, 12.69999999999999929 ) ;
#3296 = VERTEX_POINT ( 'NONE', #5112 ) ;
#3297 = CARTESIAN_POINT ( 'NONE',  ( -12.37728893142836917, 350.7585714477452257, -281.4988924159146109 ) ) ;
#3298 = CARTESIAN_POINT ( 'NONE',  ( -465.6668590289551162, 116.3644621720857941, -49.57578592181870647 ) ) ;
#3299 = CARTESIAN_POINT ( 'NONE',  ( 10.97371110417316942, 349.4783603678125701, -277.3035057277603528 ) ) ;
#3300 = CARTESIAN_POINT ( 'NONE',  ( 12.54165108746944490, 133.3924384590600880, -62.98929480176071394 ) ) ;
#3301 = EDGE_CURVE ( 'NONE', #4518, #1279, #4329, .T. ) ;
#3302 = CARTESIAN_POINT ( 'NONE',  ( -490.2138785453058745, 350.1039825410775848, -276.5397540358613355 ) ) ;
#3303 = CARTESIAN_POINT ( 'NONE',  ( 11.32418845742709834, 128.5413297152806820, -64.43556268426196709 ) ) ;
#3304 = CARTESIAN_POINT ( 'NONE',  ( 11.55673291341835451, 130.2367526721729405, -64.47108271113940248 ) ) ;
#3305 = CARTESIAN_POINT ( 'NONE',  ( -466.5684915668280155, 231.4624736776347902, -149.0525981741642738 ) ) ;
#3306 = CARTESIAN_POINT ( 'NONE',  ( -467.5189251273497462, 127.0604164331071217, -64.86595070317534351 ) ) ;
#3307 = CARTESIAN_POINT ( 'NONE',  ( -8.023469039971427463, 137.6132853289880984, -50.39080124725138177 ) ) ;
#3308 = ORIENTED_EDGE ( 'NONE', *, *, #4490, .F. ) ;
#3309 = DIRECTION ( 'NONE',  ( 0.000000000000000000, 0.7071067811865464625, -0.7071067811865486830 ) ) ;
#3310 = AXIS2_PLACEMENT_3D ( 'NONE', #892, #2062, #3651 ) ;
#3311 = CARTESIAN_POINT ( 'NONE',  ( -11.26288873480441310, 115.6290594947374331, -50.65807154785684219 ) ) ;
#3312 = CARTESIAN_POINT ( 'NONE',  ( 12.45926908136623723, 136.9971109497800228, -57.79217848767088839 ) ) ;
#3313 = CARTESIAN_POINT ( 'NONE',  ( -489.6401056388089614, 131.4611095780499284, -63.54331568716339973 ) ) ;
#3314 = CARTESIAN_POINT ( 'NONE',  ( -487.1665557411910754, 115.6726299816312746, -54.07091422629809330 ) ) ;
#3315 = DIRECTION ( 'NONE',  ( 0.000000000000000000, 0.7071067811865490160, 0.7071067811865460184 ) ) ;
#3316 = CARTESIAN_POINT ( 'NONE',  ( 6.398477935372040015, 136.0494926218019884, -47.24911590997322008 ) ) ;
#3317 = CARTESIAN_POINT ( 'NONE',  ( -460.8138688887958097, 126.7631832112599852, -50.47891196379821110 ) ) ;
#3318 = CARTESIAN_POINT ( 'NONE',  ( -12.93014931003875745, 136.2203931802098964, -59.30280127737423612 ) ) ;
#3319 = CARTESIAN_POINT ( 'NONE',  ( -490.3093583311243151, 136.5494635969299111, -58.76558355052442550 ) ) ;
#3320 = VERTEX_POINT ( 'NONE', #736 ) ;
#3321 = CARTESIAN_POINT ( 'NONE',  ( 10.73905281578825743, 352.4765812843994013, -275.8203287431823014 ) ) ;
#3322 = AXIS2_PLACEMENT_3D ( 'NONE', #1474, #282, #5039 ) ;
#3323 = CARTESIAN_POINT ( 'NONE',  ( -469.2756495791934981, 116.0436334905974007, -56.44896037172290448 ) ) ;
#3324 = AXIS2_PLACEMENT_3D ( 'NONE', #2336, #1943, #1093 ) ;
#3325 = CARTESIAN_POINT ( 'NONE',  ( 12.67861739469491944, 134.3539804087962182, -62.25724846108192878 ) ) ;
#3326 = VERTEX_POINT ( 'NONE', #2325 ) ;
#3327 = CARTESIAN_POINT ( 'NONE',  ( -2.720083207987528340, 240.1900009390104174, -149.3510384676615956 ) ) ;
#3328 = EDGE_CURVE ( 'NONE', #5057, #2695, #913, .T. ) ;
#3329 = CIRCLE ( 'NONE', #1400, 11.00000000000000000 ) ;
#3330 = CARTESIAN_POINT ( 'NONE',  ( 6.164789270603841409, 119.0957289881829126, -61.51506048041726871 ) ) ;
#3331 = ADVANCED_FACE ( 'NONE', ( #4378, #4065 ), #4450, .T. ) ;
#3332 = EDGE_CURVE ( 'NONE', #574, #2223, #3626, .T. ) ;
#3333 = CARTESIAN_POINT ( 'NONE',  ( 12.52158136977919156, 352.0853531617383396, -281.8010819142765513 ) ) ;
#3334 = CARTESIAN_POINT ( 'NONE',  ( -477.5138688887957983, 0.000000000000000000, -12.69999999999999929 ) ) ;
#3335 = CARTESIAN_POINT ( 'NONE',  ( -10.03542516466200496, 115.6571441848915640, -53.39246621390591230 ) ) ;
#3336 = CARTESIAN_POINT ( 'NONE',  ( -483.8728727897279782, 135.9738764406756673, -47.14124974485702779 ) ) ;
#3337 = ORIENTED_EDGE ( 'NONE', *, *, #722, .T. ) ;
#3338 = DIRECTION ( 'NONE',  ( -1.000000000000000000, 0.000000000000000000, 0.000000000000000000 ) ) ;
#3339 = CARTESIAN_POINT ( 'NONE',  ( -10.73888319397213387, 349.1047466004942521, -279.1935403690388853 ) ) ;
#3340 = CARTESIAN_POINT ( 'NONE',  ( 11.32418845742709834, 128.5413297152806820, -64.43556268426196709 ) ) ;
#3341 = EDGE_CURVE ( 'NONE', #911, #4719, #3191, .T. ) ;
#3342 = DIRECTION ( 'NONE',  ( 1.000000000000000000, -0.000000000000000000, 0.000000000000000000 ) ) ;
#3343 = CARTESIAN_POINT ( 'NONE',  ( -483.7063347148523462, 118.5416530293963149, -60.93923988269246195 ) ) ;
#3344 = CARTESIAN_POINT ( 'NONE',  ( 11.09264894565516357, 115.7383719507006532, -52.14676750912108361 ) ) ;
#3345 = CARTESIAN_POINT ( 'NONE',  ( -466.9711105382776282, 231.2957310977404006, -168.0270773957206814 ) ) ;
#3346 = CARTESIAN_POINT ( 'NONE',  ( 6.318853742823150377, 133.2150778696413624, -44.34984168101120616 ) ) ;
#3347 = CARTESIAN_POINT ( 'NONE',  ( -477.5138688887957983, -20.00000000000000000, 0.000000000000000000 ) ) ;
#3348 = ADVANCED_FACE ( 'NONE', ( #1980 ), #4669, .F. ) ;
#3349 = CARTESIAN_POINT ( 'NONE',  ( -12.22732189124636903, 131.7843737920358649, -63.38599280939293834 ) ) ;
#3350 = CARTESIAN_POINT ( 'NONE',  ( -488.1237811546365606, 354.6895563096659885, -277.2988634787609499 ) ) ;
#3351 = ORIENTED_EDGE ( 'NONE', *, *, #1415, .F. ) ;
#3352 = CARTESIAN_POINT ( 'NONE',  ( 10.62576532900745541, 353.4123458983142427, -276.1033556877952151 ) ) ;
#3353 = CARTESIAN_POINT ( 'NONE',  ( -469.8925407072117082, 116.5596826429797375, -57.86330037642171220 ) ) ;
#3354 = CARTESIAN_POINT ( 'NONE',  ( -366.5098546126340011, 267.6605746143612237, -136.3721043000357156 ) ) ;
#3355 = ORIENTED_EDGE ( 'NONE', *, *, #311, .F. ) ;
#3356 = CARTESIAN_POINT ( 'NONE',  ( -477.5138688887957983, 88.12239174480015436, 3.122391744800072644 ) ) ;
#3357 = CARTESIAN_POINT ( 'NONE',  ( 7.290084644985002527, 116.6561987324667768, -58.08317873892892180 ) ) ;
#3358 = CARTESIAN_POINT ( 'NONE',  ( -490.1455079143563012, 353.0530751650204593, -281.6474492765669879 ) ) ;
#3359 = FACE_OUTER_BOUND ( 'NONE', #2106, .T. ) ;
#3360 = EDGE_CURVE ( 'NONE', #3967, #2982, #1032, .T. ) ;
#3361 = CYLINDRICAL_SURFACE ( 'NONE', #4536, 12.69999999999999929 ) ;
#3362 = EDGE_LOOP ( 'NONE', ( #2217, #2053 ) ) ;
#3363 = CARTESIAN_POINT ( 'NONE',  ( -468.8574499596328451, 137.6325937536567778, -51.19842122266768314 ) ) ;
#3364 = CARTESIAN_POINT ( 'NONE',  ( -10.95892516206516554, 354.7822575615903133, -280.1299524183565381 ) ) ;
#3365 = DIRECTION ( 'NONE',  ( 0.000000000000000000, 0.7071067811865475727, 0.7071067811865475727 ) ) ;
#3366 = CARTESIAN_POINT ( 'NONE',  ( 0.000000000000000000, 358.4493141924170345, -285.1650429449557009 ) ) ;
#3367 = DIRECTION ( 'NONE',  ( 0.000000000000000000, 0.000000000000000000, -1.000000000000000000 ) ) ;
#3368 = VECTOR ( 'NONE', #374, 1000.000000000000114 ) ;
#3369 = CARTESIAN_POINT ( 'NONE',  ( -489.1509103364191446, 130.1072453332690486, -64.08866058907885588 ) ) ;
#3370 = CARTESIAN_POINT ( 'NONE',  ( -483.6412346311000761, 118.2189350228439224, -60.66654861116445119 ) ) ;
#3371 = AXIS2_PLACEMENT_3D ( 'NONE', #2054, #4479, #5161 ) ;
#3372 = CARTESIAN_POINT ( 'NONE',  ( 6.297312107001565629, 119.1535886100639914, -61.56863821734646081 ) ) ;
#3373 = EDGE_CURVE ( 'NONE', #2223, #4752, #166, .T. ) ;
#3374 = CYLINDRICAL_SURFACE ( 'NONE', #3422, 12.69999999999999929 ) ;
#3375 = CARTESIAN_POINT ( 'NONE',  ( 6.461227754223685338, 133.5421146517789737, -44.68077107338368137 ) ) ;
#3376 = CARTESIAN_POINT ( 'NONE',  ( -106.8777466136792924, 281.6659761323857083, -124.1080209895047801 ) ) ;
#3377 = CARTESIAN_POINT ( 'NONE',  ( -12.74562638021458838, 136.5991036254642950, -58.63751417166712798 ) ) ;
#3378 = CARTESIAN_POINT ( 'NONE',  ( -485.5456807377647124, 137.2286039708818350, -49.76523908005750485 ) ) ;
#3379 = VERTEX_POINT ( 'NONE', #475 ) ;
#3380 = CARTESIAN_POINT ( 'NONE',  ( -466.7203523163344130, 352.0853531617383396, -275.8010819142765513 ) ) ;
#3381 = CARTESIAN_POINT ( 'NONE',  ( -471.4583765972184324, 119.0887217811364280, -61.59201221697222195 ) ) ;
#3382 = CARTESIAN_POINT ( 'NONE',  ( -367.5682179103064300, 259.7381969428051320, -122.6722885509316114 ) ) ;
#3383 = CARTESIAN_POINT ( 'NONE',  ( -8.274320152036361620, 116.1495615494214206, -56.79861935044932864 ) ) ;
#3384 = ORIENTED_EDGE ( 'NONE', *, *, #4972, .T. ) ;
#3385 = DIRECTION ( 'NONE',  ( 0.9063077870366492705, 0.2988362387301207179, 0.2988362387301209400 ) ) ;
#3386 = CARTESIAN_POINT ( 'NONE',  ( 8.450515628464650320, 115.9563286547370353, -56.10456464579380764 ) ) ;
#3387 = FACE_OUTER_BOUND ( 'NONE', #2723, .T. ) ;
#3388 = FACE_OUTER_BOUND ( 'NONE', #4699, .T. ) ;
#3389 = CARTESIAN_POINT ( 'NONE',  ( -483.6558771510978545, 135.3685691004526745, -46.36376889381899957 ) ) ;
#3390 = EDGE_LOOP ( 'NONE', ( #528, #1384, #1718, #2543, #159 ) ) ;
#3391 = CARTESIAN_POINT ( 'NONE',  ( -466.3958919956286309, 137.6519236361040157, -55.66906723672990154 ) ) ;
#3392 = CARTESIAN_POINT ( 'NONE',  ( 20.00000000000000000, 352.0853531617383396, -278.8010819142765513 ) ) ;
#3393 = CARTESIAN_POINT ( 'NONE',  ( -6.888183252211098839, 116.7616732725311834, -58.57393288369667061 ) ) ;
#3394 = CARTESIAN_POINT ( 'NONE',  ( -488.2529217045843097, 351.6941250390774485, -281.7818350853709148 ) ) ;
#3395 = CARTESIAN_POINT ( 'NONE',  ( -11.65445045866674789, 230.4345205185030920, -149.9919821145019796 ) ) ;
#3396 = CARTESIAN_POINT ( 'NONE',  ( -484.9619614989041452, 116.6908398729495673, -58.15712028910627396 ) ) ;
#3397 = CARTESIAN_POINT ( 'NONE',  ( 6.476857537728377245, 120.0079444142545810, -62.28861028115970555 ) ) ;
#3398 = AXIS2_PLACEMENT_3D ( 'NONE', #3105, #2662, #211 ) ;
#3399 = DIRECTION ( 'NONE',  ( 0.000000000000000000, -1.000000000000000000, -0.000000000000000000 ) ) ;
#3400 = ADVANCED_FACE ( 'NONE', ( #2016, #1264 ), #4513, .T. ) ;
#3401 = CARTESIAN_POINT ( 'NONE',  ( -10.34214677907833213, 126.7631832112599852, -42.37891196379820968 ) ) ;
#3402 = CARTESIAN_POINT ( 'NONE',  ( 6.164727750820212293, 134.4259253332430148, -45.43800301799296193 ) ) ;
#3403 = EDGE_CURVE ( 'NONE', #2819, #2481, #3036, .T. ) ;
#3404 = CARTESIAN_POINT ( 'NONE',  ( -106.7035683911865647, 281.3770728425884613, -122.6556060713384397 ) ) ;
#3405 = CARTESIAN_POINT ( 'NONE',  ( -6.215527509896856095, 135.1321451247572156, -46.18428526804432011 ) ) ;
#3406 = LINE ( 'NONE', #1717, #5130 ) ;
#3407 = ORIENTED_EDGE ( 'NONE', *, *, #50, .F. ) ;
#3408 = CYLINDRICAL_SURFACE ( 'NONE', #2023, 3.000000000000002665 ) ;
#3409 = CARTESIAN_POINT ( 'NONE',  ( -470.8780071791555315, 117.6067969700077356, -59.76505009554264092 ) ) ;
#3410 = CARTESIAN_POINT ( 'NONE',  ( -366.7004647428137787, 269.1129895318236436, -136.6610075896953163 ) ) ;
#3411 = ORIENTED_EDGE ( 'NONE', *, *, #2361, .T. ) ;
#3412 = CARTESIAN_POINT ( 'NONE',  ( -466.4359176036783765, 115.7165657955995073, -52.18988956199326879 ) ) ;
#3413 = CARTESIAN_POINT ( 'NONE',  ( -6.423880943772741325, 119.8226597497689028, -62.14351437532415190 ) ) ;
#3414 = VERTEX_POINT ( 'NONE', #2442 ) ;
#3415 = CARTESIAN_POINT ( 'NONE',  ( -0.9004978712651735551, 243.4025883086172541, -152.2028471676139816 ) ) ;
#3416 = CARTESIAN_POINT ( 'NONE',  ( 6.461542536701504247, 119.9860207356108504, -62.27858896603288485 ) ) ;
#3417 = CARTESIAN_POINT ( 'NONE',  ( -489.8544923088946916, 354.0657457822596825, -276.5390663433174154 ) ) ;
#3418 = CARTESIAN_POINT ( 'NONE',  ( -469.4903998488338743, 137.6132853289830393, -50.39080124723543008 ) ) ;
#3419 = CARTESIAN_POINT ( 'NONE',  ( -485.2994245519234369, 130.2531089148211549, -42.76452735987995624 ) ) ;
#3420 = ORIENTED_EDGE ( 'NONE', *, *, #4871, .T. ) ;
#3421 = CARTESIAN_POINT ( 'NONE',  ( -465.9170858350963158, 137.4038049409354016, -56.72646658467820657 ) ) ;
#3422 = AXIS2_PLACEMENT_3D ( 'NONE', #153, #4967, #3431 ) ;
#3423 = CARTESIAN_POINT ( 'NONE',  ( -6.342180616571709173, 117.5834860924680072, -59.86056312424818060 ) ) ;
#3424 = CARTESIAN_POINT ( 'NONE',  ( -490.0354502585750538, 352.0853531617383396, -281.8010819142765513 ) ) ;
#3425 = CARTESIAN_POINT ( 'NONE',  ( -10.27572806866584365, 229.3930182466083920, -166.6634062788734525 ) ) ;
#3426 = CARTESIAN_POINT ( 'NONE',  ( -486.6400571999711815, 115.4983288384032676, -54.71121510601316373 ) ) ;
#3427 =( NAMED_UNIT ( * ) PLANE_ANGLE_UNIT ( ) SI_UNIT ( $, .RADIAN. ) );
#3428 =( BOUNDED_SURFACE ( )  B_SPLINE_SURFACE ( 3, 2, ( 
 ( #320, #1149, #700 ),
 ( #2294, #1535, #1486 ),
 ( #3134, #5022, #676 ),
 ( #3853, #1844, #3382 ),
 ( #4946, #572, #2191 ),
 ( #4976, #2220, #4173 ),
 ( #3777, #3440, #2159 ),
 ( #1055, #2559, #1775 ),
 ( #162, #3751, #1438 ),
 ( #1380, #3011, #627 ),
 ( #2981, #4582, #2644 ),
 ( #3354, #996, #221 ),
 ( #3410, #2589, #192 ),
 ( #4200, #3807, #4611 ),
 ( #599, #1827, #4557 ),
 ( #1801, #5004, #1354 ),
 ( #1409, #1025, #2617 ),
 ( #4228, #3834, #5031 ) ),
 .UNSPECIFIED., .F., .F., .F. ) 
 B_SPLINE_SURFACE_WITH_KNOTS ( ( 4, 2, 2, 2, 2, 2, 2, 2, 4 ),
 ( 3, 3 ),
 ( 1.570796326794878794, 1.963495408493608041, 2.356194490192337287, 2.748893571891066756, 3.141592653589795781, 3.534291735288524805, 3.926990816987254274, 4.319689898685983742, 4.712388980384712767 ),
 ( 0.000000000000000000, 1.000000000000000000 ),
 .UNSPECIFIED. ) 
 GEOMETRIC_REPRESENTATION_ITEM ( )  RATIONAL_B_SPLINE_SURFACE ( (
 ( 1.000000000000000000, 1.000000000000000000, 1.000000000000000000),
 ( 1.000000000000000000, 1.000020808906805669, 1.000000000000000000),
 ( 1.000000000000000000, 0.9987393843590943732, 1.000000000000000000),
 ( 1.000000000000000000, 0.9943883551918388797, 1.000000000000000000),
 ( 1.000000000000000000, 0.9913217005556420602, 1.000000000000000000),
 ( 1.000000000000000000, 0.9851164560879255294, 1.000000000000000000),
 ( 1.000000000000000000, 0.9820159477369662104, 1.000000000000000000),
 ( 1.000000000000000000, 0.9775904892564218907, 1.000000000000000000),
 ( 1.000000000000000000, 0.9762960071199314749, 1.000000000000000000),
 ( 1.000000000000000000, 0.9762960071199314749, 1.000000000000000000),
 ( 1.000000000000000000, 0.9775904892554059256, 1.000000000000000000),
 ( 1.000000000000000000, 0.9820159477379806212, 1.000000000000000000),
 ( 1.000000000000000000, 0.9851164560887780697, 1.000000000000000000),
 ( 1.000000000000000000, 0.9913217005547881877, 1.000000000000000000),
 ( 1.000000000000000000, 0.9943883551914955987, 1.000000000000000000),
 ( 1.000000000000000000, 0.9987393843594394305, 1.000000000000000000),
 ( 1.000000000000000000, 1.000020808906546321, 1.000000000000000000),
 ( 1.000000000000000000, 1.000000000000000000, 1.000000000000000000) ) ) 
 REPRESENTATION_ITEM ( '' )  SURFACE ( )  );
#3429 = CARTESIAN_POINT ( 'NONE',  ( -471.1074398078355330, 135.3734700235067123, -46.47102137013239798 ) ) ;
#3430 = CARTESIAN_POINT ( 'NONE',  ( -110.5753713163670682, 270.5659761323856856, -136.6610075896953731 ) ) ;
#3431 = DIRECTION ( 'NONE',  ( 0.000000000000000000, 0.000000000000000000, 1.000000000000000000 ) ) ;
#3432 = CARTESIAN_POINT ( 'NONE',  ( 8.054104372129000211, 137.3721390093752177, -50.19426514805567763 ) ) ;
#3433 = CARTESIAN_POINT ( 'NONE',  ( -488.0732708670329885, 125.4177902898248647, -42.10970891502633862 ) ) ;
#3434 = CARTESIAN_POINT ( 'NONE',  ( -7.352079576794223748, 137.1730848696207659, -49.22789972318031460 ) ) ;
#3435 = EDGE_CURVE ( 'NONE', #4175, #879, #5198, .T. ) ;
#3436 = CARTESIAN_POINT ( 'NONE',  ( -488.4727278559659567, 353.4137443262486045, -281.4980747249872479 ) ) ;
#3437 = ORIENTED_EDGE ( 'NONE', *, *, #4961, .T. ) ;
#3438 = CARTESIAN_POINT ( 'NONE',  ( -466.7475706523910617, 349.0853662846914176, -278.9969357829011187 ) ) ;
#3439 = CARTESIAN_POINT ( 'NONE',  ( -471.0861173789110126, 118.0590164065395555, -60.37763806692534985 ) ) ;
#3440 = CARTESIAN_POINT ( 'NONE',  ( -366.6052832850166965, 259.7592399589595402, -128.4798803904643592 ) ) ;
#3441 = ORIENTED_EDGE ( 'NONE', *, *, #251, .T. ) ;
#3442 = CARTESIAN_POINT ( 'NONE',  ( -467.9044272169333567, 233.1327767920253393, -148.0555059350374165 ) ) ;
#3443 = DIRECTION ( 'NONE',  ( -0.000000000000000000, -0.7071067811865476838, 0.7071067811865474617 ) ) ;
#3444 = ORIENTED_EDGE ( 'NONE', *, *, #1644, .T. ) ;
#3445 = CARTESIAN_POINT ( 'NONE',  ( -4.212800311753482241, 238.6546218680281584, -148.4102698375840816 ) ) ;
#3446 = CARTESIAN_POINT ( 'NONE',  ( 9.255629021681704316, 115.7306115377337505, -54.75437119884301751 ) ) ;
#3447 = CARTESIAN_POINT ( 'NONE',  ( -467.1717221097174502, 126.7631832112599852, -42.37891196379820968 ) ) ;
#3448 = CARTESIAN_POINT ( 'NONE',  ( -471.0311108972516081, 136.1943459469115112, -47.46388765061558956 ) ) ;
#3449 = CARTESIAN_POINT ( 'NONE',  ( -10.95473533392743271, 115.7918860688875498, -51.64744263711115480 ) ) ;
#3450 = CARTESIAN_POINT ( 'NONE',  ( -489.8507032112183879, 136.8643500616799145, -59.17296345195678242 ) ) ;
#3451 = ORIENTED_EDGE ( 'NONE', *, *, #5129, .T. ) ;
#3452 = CARTESIAN_POINT ( 'NONE',  ( -465.3562958380573491, 137.1189914643437646, -58.61498433028447863 ) ) ;
#3453 = CARTESIAN_POINT ( 'NONE',  ( -10.97395047734061357, 353.5860653852585074, -281.4062125255864544 ) ) ;
#3454 = CARTESIAN_POINT ( 'NONE',  ( -488.3073854612572973, 352.0853531617382828, -281.8010819142765513 ) ) ;
#3455 = FACE_OUTER_BOUND ( 'NONE', #2192, .T. ) ;
#3456 = CARTESIAN_POINT ( 'NONE',  ( -490.4395118306139807, 117.2944977211379296, -47.67355264196464759 ) ) ;
#3457 = B_SPLINE_CURVE_WITH_KNOTS ( 'NONE', 3,
 ( #1343, #2235, #1070, #3824, #209, #2549, #4935, #4547, #1816, #3767, #152, #4189, #3851, #1396, #1370, #587, #3000, #5020, #2943, #1426, #2178, #181, #956, #3344, #2971, #3026, #4163, #3053, #1765, #1456, #4992, #2264, #3795, #3458, #2634, #2659, #4600, #4269, #236, #5049, #3372, #982, #4631, #3397, #673, #1842, #1014, #3876, #1738, #561, #4573, #1896, #3559, #2765, #752, #3131, #3583, #3952 ),
 .UNSPECIFIED., .F., .F.,
 ( 4, 2, 2, 2, 2, 2, 2, 2, 2, 2, 2, 2, 2, 2, 2, 2, 2, 2, 2, 2, 2, 2, 2, 2, 2, 2, 2, 2, 4 ),
 ( 0.04041316420092571499, 0.04154241161637935859, 0.04267165903183300912, 0.04380090644728665272, 0.04493015386274029632, 0.04718864869364759740, 0.04831789610910125488, 0.04944714352455491235, 0.05057639094000857677, 0.05170563835546222731, 0.05396413318636951451, 0.05509338060182314423, 0.05622262801727677395, 0.05848112284818404033, 0.05961037026363767699, 0.06073961767909132059, 0.06299811250999856616, 0.06412735992545220975, 0.06525660734090583948, 0.06638585475635946920, 0.06751510217181309892, 0.06807972587953990684, 0.06864434958726670089, 0.06977359700272027510, 0.07090284441817384931, 0.07203209183362740964, 0.07316133924908098385, 0.07429058666453455806, 0.07654908149544169260 ),
 .UNSPECIFIED. ) ;
#3458 = CARTESIAN_POINT ( 'NONE',  ( 7.141337823274197305, 116.9657471110950127, -58.70703370984686842 ) ) ;
#3459 = CARTESIAN_POINT ( 'NONE',  ( 16.69999999999999929, 126.7631832112599852, -63.57891196379821253 ) ) ;
#3460 = AXIS2_PLACEMENT_3D ( 'NONE', #4781, #747, #694 ) ;
#3461 = CARTESIAN_POINT ( 'NONE',  ( 15.69999999999999929, 126.7631832112599852, -63.57891196379821253 ) ) ;
#3462 = DIRECTION ( 'NONE',  ( 0.000000000000000000, 0.000000000000000000, 1.000000000000000000 ) ) ;
#3463 = CARTESIAN_POINT ( 'NONE',  ( 9.659168096470329701, 137.8691823157128340, -52.88869246729674245 ) ) ;
#3464 = CARTESIAN_POINT ( 'NONE',  ( -484.6830716582530840, 131.5896018669706393, -43.47604507358300197 ) ) ;
#3465 = CARTESIAN_POINT ( 'NONE',  ( -12.26542933795214374, 137.2272897639556106, -57.25820336525028154 ) ) ;
#3466 = CARTESIAN_POINT ( 'NONE',  ( -488.4116015353536113, 352.8608925859624037, -281.7057033061299762 ) ) ;
#3467 = ORIENTED_EDGE ( 'NONE', *, *, #14, .F. ) ;
#3468 = AXIS2_PLACEMENT_3D ( 'NONE', #3093, #5118, #1522 ) ;
#3469 = B_SPLINE_CURVE_WITH_KNOTS ( 'NONE', 3,
 ( #3164, #3964, #737, #2277, #4671, #2698, #1133, #3888, #4305, #274, #3062, #710, #2726, #2326, #4773, #5059, #5113, #2351, #3471, #2751, #3570, #1467, #299, #2301, #1080, #1543, #1906, #247, #3140, #1881, #3496, #761, #1178, #4355, #3520, #357, #5162, #2247, #3861, #3619, #3668, #4402, #3218, #1251, #887, #4821, #4794, #3595, #2402, #1646 ),
 .UNSPECIFIED., .F., .F.,
 ( 4, 2, 2, 2, 2, 2, 2, 2, 2, 2, 2, 2, 2, 2, 2, 2, 2, 2, 2, 2, 2, 2, 2, 2, 4 ),
 ( 0.03750127688140242332, 0.03984342681476239073, 0.04218557674812235814, 0.04335665171480234531, 0.04452772668148233248, 0.04569880164816231272, 0.04686987661484229989, 0.04921202654820221178, 0.05155417648156212368, 0.05272525144824206922, 0.05389632641492202170, 0.05506740138160196030, 0.05623847634828191278, 0.05858062628164174834, 0.05975170124832166613, 0.06092277621500158391, 0.06326492614836141948, 0.06443600111504134420, 0.06560707608172126892, 0.06677815104840117977, 0.06736368853174118376, 0.06794922601508118776, 0.07029137594844135639, 0.07263352588180152503, 0.07497567581516169366 ),
 .UNSPECIFIED. ) ;
#3470 = CARTESIAN_POINT ( 'NONE',  ( 9.968262577025091886, 127.0122488994395979, -64.86518556973250327 ) ) ;
#3471 = CARTESIAN_POINT ( 'NONE',  ( -468.8865083958058904, 248.3800477179375150, -161.9060416999674885 ) ) ;
#3472 = ORIENTED_EDGE ( 'NONE', *, *, #4656, .T. ) ;
#3473 = VERTEX_POINT ( 'NONE', #523 ) ;
#3474 = CARTESIAN_POINT ( 'NONE',  ( -12.66889529773539280, 121.8473801052116983, -43.51961709263808586 ) ) ;
#3475 = CARTESIAN_POINT ( 'NONE',  ( 12.62850902128211317, 116.7437545005134183, -48.68634921736710908 ) ) ;
#3476 = CARTESIAN_POINT ( 'NONE',  ( -467.2340567259041109, 126.8695428816706254, -42.37891196379820968 ) ) ;
#3477 = CARTESIAN_POINT ( 'NONE',  ( -371.3435415019941956, 286.3079300748831315, -125.5168241895389230 ) ) ;
#3478 = CIRCLE ( 'NONE', #1366, 10.09999999999999787 ) ;
#3479 = CARTESIAN_POINT ( 'NONE',  ( -6.812133173449343992, 116.8847181490576617, -58.76061077433126201 ) ) ;
#3480 = CARTESIAN_POINT ( 'NONE',  ( -483.8533512333080466, 118.3796236602363479, -60.76345422637807303 ) ) ;
#3481 = VERTEX_POINT ( 'NONE', #1725 ) ;
#3482 = CARTESIAN_POINT ( 'NONE',  ( -470.7217064325669185, 136.1564805729502154, -47.55345988859630069 ) ) ;
#3483 = CARTESIAN_POINT ( 'NONE',  ( 10.34214677908361502, 126.7631832112509613, -42.37891196379820968 ) ) ;
#3484 = CARTESIAN_POINT ( 'NONE',  ( -12.58768659239395049, 228.5348602415154176, -152.8110432986435399 ) ) ;
#3485 = CARTESIAN_POINT ( 'NONE',  ( -490.0230883991504811, 116.5873765893015559, -49.02911485945059411 ) ) ;
#3486 = CARTESIAN_POINT ( 'NONE',  ( 1.555301434917138827E-15, 254.0096426111638834, -198.6858836058408713 ) ) ;
#3487 = CARTESIAN_POINT ( 'NONE',  ( -467.9579343652077910, 128.0641133692480764, -42.45043757250584804 ) ) ;
#3488 = FACE_BOUND ( 'NONE', #1081, .T. ) ;
#3489 = CARTESIAN_POINT ( 'NONE',  ( 0.000000000000000000, -20.00000000000000000, 0.000000000000000000 ) ) ;
#3490 = CARTESIAN_POINT ( 'NONE',  ( 11.34142153195480951, 137.8577920481484682, -56.47577508367999144 ) ) ;
#3491 = CARTESIAN_POINT ( 'NONE',  ( -484.8374575291753104, 131.6584898391250249, -43.51017994308847392 ) ) ;
#3492 = DIRECTION ( 'NONE',  ( 0.000000000000000000, 0.7071067811865475727, -0.7071067811865475727 ) ) ;
#3493 = CARTESIAN_POINT ( 'NONE',  ( -8.445221847985434849, 137.4390489865969300, -50.42111829686297142 ) ) ;
#3494 = VERTEX_POINT ( 'NONE', #3333 ) ;
#3495 = CARTESIAN_POINT ( 'NONE',  ( 10.68840684640954919, 354.9901485823984331, -278.0260628345832856 ) ) ;
#3496 = CARTESIAN_POINT ( 'NONE',  ( -474.5077387468223264, 246.9699205757488016, -156.2322443299008512 ) ) ;
#3497 = FACE_BOUND ( 'NONE', #853, .T. ) ;
#3498 = VERTEX_POINT ( 'NONE', #424 ) ;
#3499 = CARTESIAN_POINT ( 'NONE',  ( -12.65552796086390686, 119.5362263930616677, -44.37539380596435024 ) ) ;
#3500 = CARTESIAN_POINT ( 'NONE',  ( 11.64201588499931539, 115.8603408349470243, -49.77023964204755657 ) ) ;
#3501 = CARTESIAN_POINT ( 'NONE',  ( -467.5312980446805682, 126.4965005932321134, -42.07630995879234348 ) ) ;
#3502 = CARTESIAN_POINT ( 'NONE',  ( -468.2787099626891631, 138.0695748502528204, -52.43058089176271608 ) ) ;
#3503 = CARTESIAN_POINT ( 'NONE',  ( -7.602501300417914720, 122.9608455737170374, -64.07705013780223169 ) ) ;
#3504 = EDGE_CURVE ( 'NONE', #4415, #2187, #1630, .T. ) ;
#3505 = CARTESIAN_POINT ( 'NONE',  ( -488.6065178344479705, 115.7383719506999711, -52.14676750912708769 ) ) ;
#3506 = EDGE_CURVE ( 'NONE', #3870, #2447, #2705, .T. ) ;
#3507 = CYLINDRICAL_SURFACE ( 'NONE', #3962, 11.00000000000000000 ) ;
#3508 = ADVANCED_FACE ( 'NONE', ( #3387 ), #4982, .T. ) ;
#3509 = DIRECTION ( 'NONE',  ( -1.000000000000000000, 0.000000000000000000, 0.000000000000000000 ) ) ;
#3510 = CARTESIAN_POINT ( 'NONE',  ( -16.69999999999999929, 126.7631832112599852, -50.47891196379821110 ) ) ;
#3511 = CARTESIAN_POINT ( 'NONE',  ( -489.8654207549503212, 116.7467179444069529, -47.67554683252105718 ) ) ;
#3512 = CARTESIAN_POINT ( 'NONE',  ( -467.9957884204337120, 137.7988611305591746, -52.11400838000296432 ) ) ;
#3513 = CYLINDRICAL_SURFACE ( 'NONE', #4899, 11.00000000000000000 ) ;
#3514 = EDGE_CURVE ( 'NONE', #4238, #2029, #4649, .T. ) ;
#3515 = CARTESIAN_POINT ( 'NONE',  ( -488.5082090935932797, 128.6995302400683272, -64.40988844153375226 ) ) ;
#3516 = CARTESIAN_POINT ( 'NONE',  ( -483.7877550013959080, 135.3785511458861208, -46.47715652879882953 ) ) ;
#3517 = CARTESIAN_POINT ( 'NONE',  ( 7.837983228308687877, 137.4880741412830787, -50.06727506315887410 ) ) ;
#3518 = ORIENTED_EDGE ( 'NONE', *, *, #1283, .F. ) ;
#3519 = CARTESIAN_POINT ( 'NONE',  ( -494.2138688887957869, 126.7631832112599852, -43.37891196379821679 ) ) ;
#3520 = CARTESIAN_POINT ( 'NONE',  ( -476.2761091171199723, 245.0278024215405139, -153.8678685306693694 ) ) ;
#3521 = ORIENTED_EDGE ( 'NONE', *, *, #3983, .F. ) ;
#3522 = CARTESIAN_POINT ( 'NONE',  ( -11.62372423881082639, 123.4265705032826901, -42.88507729843369276 ) ) ;
#3523 = CARTESIAN_POINT ( 'NONE',  ( 13.20319935995275529, 118.7114705135381740, -45.82792732188379148 ) ) ;
#3524 = FACE_OUTER_BOUND ( 'NONE', #3253, .T. ) ;
#3525 = AXIS2_PLACEMENT_3D ( 'NONE', #976, #2995, #612 ) ;
#3526 = CARTESIAN_POINT ( 'NONE',  ( -466.7203523163344130, 352.0853531617383396, -275.8010819142765513 ) ) ;
#3527 = CARTESIAN_POINT ( 'NONE',  ( -7.817396373675143728, 116.4271812989110089, -57.54049886187893037 ) ) ;
#3528 = CARTESIAN_POINT ( 'NONE',  ( -486.7114988710904413, 115.8175965960059273, -55.35122221784665442 ) ) ;
#3529 = CARTESIAN_POINT ( 'NONE',  ( -6.500363126681556025, 133.4238871472028904, -44.59167572499750065 ) ) ;
#3530 = DIRECTION ( 'NONE',  ( 0.000000000000000000, 0.7071067811865486830, 0.7071067811865464625 ) ) ;
#3531 = EDGE_CURVE ( 'NONE', #3572, #2470, #5048, .T. ) ;
#3532 = CARTESIAN_POINT ( 'NONE',  ( -10.82545248616682265, 232.3609286409468950, -168.4715903468438398 ) ) ;
#3533 = CARTESIAN_POINT ( 'NONE',  ( -489.6640252951026469, 116.3958817305727109, -48.36701516415716640 ) ) ;
#3534 = CARTESIAN_POINT ( 'NONE',  ( -477.5138688887957983, 262.9898987322330299, -189.7056274847716963 ) ) ;
#3535 = CARTESIAN_POINT ( 'NONE',  ( -488.2339530397569547, 128.4413920296199763, -64.79931972949921715 ) ) ;
#3536 = FACE_OUTER_BOUND ( 'NONE', #2099, .T. ) ;
#3537 = FACE_OUTER_BOUND ( 'NONE', #3113, .T. ) ;
#3538 = CARTESIAN_POINT ( 'NONE',  ( -483.6921085665084092, 134.8499917419432563, -45.87269394129937439 ) ) ;
#3539 = ORIENTED_EDGE ( 'NONE', *, *, #4145, .T. ) ;
#3540 = EDGE_CURVE ( 'NONE', #2187, #4500, #116, .T. ) ;
#3541 = CARTESIAN_POINT ( 'NONE',  ( -6.214880524409468698, 133.5493905058913242, -44.60110798765447981 ) ) ;
#3542 = CARTESIAN_POINT ( 'NONE',  ( -467.1372021310189666, 127.7577759118959619, -64.87001446299552754 ) ) ;
#3543 = DIRECTION ( 'NONE',  ( 0.000000000000000000, 0.000000000000000000, -1.000000000000000000 ) ) ;
#3544 = CARTESIAN_POINT ( 'NONE',  ( -470.9578777570038142, 120.9822806879644759, -63.08458883043285681 ) ) ;
#3545 = CARTESIAN_POINT ( 'NONE',  ( -12.62000524974605042, 121.9955023526981250, -43.44788353026228123 ) ) ;
#3546 = AXIS2_PLACEMENT_3D ( 'NONE', #4097, #2088, #1286 ) ;
#3547 = ORIENTED_EDGE ( 'NONE', *, *, #4809, .T. ) ;
#3548 = CARTESIAN_POINT ( 'NONE',  ( -12.69878403939473088, 118.3740679654564474, -45.46518375163782366 ) ) ;
#3549 = CARTESIAN_POINT ( 'NONE',  ( 11.34151072210644706, 115.6686224146663164, -50.48184581603283050 ) ) ;
#3550 = CARTESIAN_POINT ( 'NONE',  ( -465.0830125415962470, 351.3082357474217474, -281.7053154687497454 ) ) ;
#3551 = DIRECTION ( 'NONE',  ( -1.000000000000000000, 0.000000000000000000, -0.000000000000000000 ) ) ;
#3552 = CARTESIAN_POINT ( 'NONE',  ( -6.232511971287597596, 120.0160354414832113, -62.38090893648994495 ) ) ;
#3553 = CARTESIAN_POINT ( 'NONE',  ( -490.0185499995202463, 122.3254475924396445, -43.29828767004441659 ) ) ;
#3554 = CARTESIAN_POINT ( 'NONE',  ( -6.588914395874431840, 135.8351660788245567, -47.07174371878291907 ) ) ;
#3555 = DIRECTION ( 'NONE',  ( 0.000000000000000000, 0.7071067811865475727, 0.7071067811865475727 ) ) ;
#3556 = AXIS2_PLACEMENT_3D ( 'NONE', #799, #2000, #1559 ) ;
#3557 = CARTESIAN_POINT ( 'NONE',  ( -466.9039712015633086, 353.5877399174805191, -276.1969718588432556 ) ) ;
#3558 = CARTESIAN_POINT ( 'NONE',  ( -489.9722596562700687, 117.3460243440913473, -47.59051967343112466 ) ) ;
#3559 = CARTESIAN_POINT ( 'NONE',  ( 8.379265283605644044, 123.6012946385925773, -64.12383742433448219 ) ) ;
#3560 = CARTESIAN_POINT ( 'NONE',  ( -464.8395771639543455, 133.9612016284766582, -61.93703722026233294 ) ) ;
#3561 = CARTESIAN_POINT ( 'NONE',  ( -465.7311788724477424, 129.4674092064488491, -64.25035018226985528 ) ) ;
#3562 = CARTESIAN_POINT ( 'NONE',  ( -467.5508023212948956, 127.3991870591584501, -42.39714770419323031 ) ) ;
#3563 = CARTESIAN_POINT ( 'NONE',  ( -464.8496361543146804, 354.7831821071064269, -280.1277133593411577 ) ) ;
#3564 = CARTESIAN_POINT ( 'NONE',  ( -483.7303531677088699, 133.5391624118582001, -44.59276793265174632 ) ) ;
#3565 = CARTESIAN_POINT ( 'NONE',  ( -9.548949670184262217, 128.0832560502055912, -42.43640774441264796 ) ) ;
#3566 = CARTESIAN_POINT ( 'NONE',  ( -467.9132148985959248, 126.3568609690282329, -64.82992300428578858 ) ) ;
#3567 = ADVANCED_FACE ( 'NONE', ( #4562, #1863 ), #2595, .T. ) ;
#3568 =( BOUNDED_SURFACE ( )  B_SPLINE_SURFACE ( 3, 2, ( 
 ( #4721, #436, #3566 ),
 ( #2722, #2, #2322 ),
 ( #326, #2821, #3542 ),
 ( #1619, #2798, #5137 ),
 ( #5160, #1593, #4747 ),
 ( #4376, #1539, #1564 ),
 ( #782, #383, #3216 ),
 ( #2399, #1199, #4818 ),
 ( #4012, #3190, #1224 ),
 ( #1533, #753, #2367 ),
 ( #3132, #1147, #2790 ),
 ( #4416, #2341, #3953 ),
 ( #375, #3560, #4395 ),
 ( #798, #4003, #404 ),
 ( #5205, #1612, #5152 ),
 ( #826, #1558, #291 ),
 ( #3156, #4766, #2840 ),
 ( #21, #4060, #3660 ),
 ( #4472, #4102, #505 ),
 ( #1337, #2913, #3707 ),
 ( #2518, #529, #3452 ),
 ( #5042, #1421, #3817 ),
 ( #668, #3421, #146 ),
 ( #259, #3391, #1810 ),
 ( #2965, #4987, #1451 ),
 ( #174, #3786, #2204 ),
 ( #555, #2629, #1390 ),
 ( #1038, #3845, #2993 ),
 ( #232, #975, #640 ),
 ( #2569, #1837, #2653 ),
 ( #4183, #3363, #4655 ),
 ( #1066, #4264, #581 ),
 ( #2259, #3871, #2170 ),
 ( #4239, #1758, #4593 ),
 ( #1868, #1007, #2231 ),
 ( #3482, #204, #5072 ),
 ( #1363, #1479, #3073 ),
 ( #2600, #4211, #951 ),
 ( #2544, #4157, #611 ),
 ( #2143, #4566, #3761 ),
 ( #2394, #2423, #377 ),
 ( #755, #2369, #1974 ),
 ( #2816, #4032, #23 ),
 ( #2343, #4372, #3956 ),
 ( #2792, #431, #3585 ),
 ( #1195, #2001, #3211 ),
 ( #3158, #828, #1615 ),
 ( #1950, #4006, #4812 ),
 ( #4419, #1218, #1172 ),
 ( #3982, #3612, #5181 ),
 ( #4397, #4768, #2767 ),
 ( #1588, #2026, #3636 ),
 ( #1639, #3235, #350 ),
 ( #3562, #407, #5154 ) ),
 .UNSPECIFIED., .F., .F., .F. ) 
 B_SPLINE_SURFACE_WITH_KNOTS ( ( 4, 2, 2, 2, 2, 2, 2, 2, 2, 2, 2, 2, 2, 2, 2, 2, 2, 2, 2, 2, 2, 2, 2, 2, 2, 2, 4 ),
 ( 3, 3 ),
 ( 0.000000000000000000, 0.002434020536875816654, 0.004868041073751633308, 0.006085051342189541634, 0.007302061610627449961, 0.008519071879065358288, 0.009736082147503266615, 0.01095309241594117494, 0.01217010268437908327, 0.01338711295281699160, 0.01460412322125489992, 0.01703814375813071658, 0.01825515402656862490, 0.01947216429500653323, 0.02190618483188234988, 0.02312319510032025821, 0.02434020536875816654, 0.02677422590563398319, 0.02799123617407189152, 0.02859974130829084568, 0.02920824644250979985, 0.03042525671094770817, 0.03164226697938561650, 0.03285927724782352483, 0.03407628751626143315, 0.03651030805313724981, 0.03894432859001306646 ),
 ( 0.000000000000000000, 1.000000000000000000 ),
 .UNSPECIFIED. ) 
 GEOMETRIC_REPRESENTATION_ITEM ( )  RATIONAL_B_SPLINE_SURFACE ( (
 ( 1.000000000000000000, 0.8624489701308412082, 1.000000000000000000),
 ( 1.000000000000000000, 0.8468557015082898154, 1.000000000000000000),
 ( 1.000000000000000000, 0.8305601443465272515, 1.000000000000000000),
 ( 1.000000000000000000, 0.7979756005170698385, 1.000000000000000000),
 ( 1.000000000000000000, 0.7816530327003206047, 1.000000000000000000),
 ( 1.000000000000000000, 0.7588039194007174526, 1.000000000000000000),
 ( 1.000000000000000000, 0.7515522217774868174, 1.000000000000000000),
 ( 1.000000000000000000, 0.7383610818428845146, 1.000000000000000000),
 ( 1.000000000000000000, 0.7323845268357960236, 1.000000000000000000),
 ( 1.000000000000000000, 0.7220542169827122159, 1.000000000000000000),
 ( 1.000000000000000000, 0.7176785007949145756, 1.000000000000000000),
 ( 1.000000000000000000, 0.7110959327468718838, 1.000000000000000000),
 ( 1.000000000000000000, 0.7088937576196367996, 1.000000000000000000),
 ( 1.000000000000000000, 0.7067795906736056288, 1.000000000000000000),
 ( 1.000000000000000000, 0.7068678193130082388, 1.000000000000000000),
 ( 1.000000000000000000, 0.7093832055627353750, 1.000000000000000000),
 ( 1.000000000000000000, 0.7118401116957175923, 1.000000000000000000),
 ( 1.000000000000000000, 0.7187701570394604556, 1.000000000000000000),
 ( 1.000000000000000000, 0.7232435161456056694, 1.000000000000000000),
 ( 1.000000000000000000, 0.7338609923013643677, 1.000000000000000000),
 ( 1.000000000000000000, 0.7400402841153872480, 1.000000000000000000),
 ( 1.000000000000000000, 0.7603267645521385454, 1.000000000000000000),
 ( 1.000000000000000000, 0.7759380207109880523, 1.000000000000000000),
 ( 1.000000000000000000, 0.8004158427379083340, 1.000000000000000000),
 ( 1.000000000000000000, 0.8087620404548186981, 1.000000000000000000),
 ( 1.000000000000000000, 0.8252491053563891787, 1.000000000000000000),
 ( 1.000000000000000000, 0.8334333145006264099, 1.000000000000000000),
 ( 1.000000000000000000, 0.8575475140681761976, 1.000000000000000000),
 ( 1.000000000000000000, 0.8730310785827974929, 1.000000000000000000),
 ( 1.000000000000000000, 0.8946235507274518106, 1.000000000000000000),
 ( 1.000000000000000000, 0.9015184172334912427, 1.000000000000000000),
 ( 1.000000000000000000, 0.9144691384387789723, 1.000000000000000000),
 ( 1.000000000000000000, 0.9205510791352018440, 1.000000000000000000),
 ( 1.000000000000000000, 0.9375158423614278203, 1.000000000000000000),
 ( 1.000000000000000000, 0.9471535032337654592, 1.000000000000000000),
 ( 1.000000000000000000, 0.9583396826089988219, 1.000000000000000000),
 ( 1.000000000000000000, 0.9614624452443858438, 1.000000000000000000),
 ( 1.000000000000000000, 0.9650293898935913273, 1.000000000000000000),
 ( 1.000000000000000000, 0.9660365729302786697, 1.000000000000000000),
 ( 1.000000000000000000, 0.9676592757179736104, 1.000000000000000000),
 ( 1.000000000000000000, 0.9682766823306521164, 1.000000000000000000),
 ( 1.000000000000000000, 0.9694693636024452887, 1.000000000000000000),
 ( 1.000000000000000000, 0.9693966433108047731, 1.000000000000000000),
 ( 1.000000000000000000, 0.9675770756603403466, 1.000000000000000000),
 ( 1.000000000000000000, 0.9657950647103555886, 1.000000000000000000),
 ( 1.000000000000000000, 0.9608172145148524690, 1.000000000000000000),
 ( 1.000000000000000000, 0.9576340044656556083, 1.000000000000000000),
 ( 1.000000000000000000, 0.9500694812375000131, 1.000000000000000000),
 ( 1.000000000000000000, 0.9456582218901865566, 1.000000000000000000),
 ( 1.000000000000000000, 0.9310147415518817970, 1.000000000000000000),
 ( 1.000000000000000000, 0.9194176844599378784, 1.000000000000000000),
 ( 1.000000000000000000, 0.8932754630354312608, 1.000000000000000000),
 ( 1.000000000000000000, 0.8786547866376913651, 1.000000000000000000),
 ( 1.000000000000000000, 0.8630364106869746754, 1.000000000000000000) ) ) 
 REPRESENTATION_ITEM ( '' )  SURFACE ( )  );
#3569 = CARTESIAN_POINT ( 'NONE',  ( 12.68248996063583967, 118.0263774907859471, -45.84010767105129958 ) ) ;
#3570 = CARTESIAN_POINT ( 'NONE',  ( -469.6909997605361582, 248.4954170362270247, -161.0543259622645564 ) ) ;
#3571 = CARTESIAN_POINT ( 'NONE',  ( -367.0079969573021117, 269.9965406033840054, -136.6721700096929055 ) ) ;
#3572 = VERTEX_POINT ( 'NONE', #2254 ) ;
#3573 = CARTESIAN_POINT ( 'NONE',  ( -12.69889306867828616, 118.7359204786207130, -45.81019614555909669 ) ) ;
#3574 = CARTESIAN_POINT ( 'NONE',  ( 11.32418845742709834, 128.5413297152806820, -64.43556268426196709 ) ) ;
#3575 = CARTESIAN_POINT ( 'NONE',  ( 11.96213429663157335, 122.2107124490831751, -42.87167657311299251 ) ) ;
#3576 = CARTESIAN_POINT ( 'NONE',  ( -467.9281912064275843, 127.1959117239441497, -42.12989329113268866 ) ) ;
#3577 = CARTESIAN_POINT ( 'NONE',  ( -371.1536645732196007, 276.1537038151317347, -115.8597417840593948 ) ) ;
#3578 = CARTESIAN_POINT ( 'NONE',  ( -6.121784613397360353, 119.5454493973140018, -61.99740310112311903 ) ) ;
#3579 = CARTESIAN_POINT ( 'NONE',  ( 15.69999999999999929, 126.7631832112599852, -53.47891196379821110 ) ) ;
#3580 = CARTESIAN_POINT ( 'NONE',  ( 10.41540147694657925, 137.8417623277700841, -54.26657173714754379 ) ) ;
#3581 = CARTESIAN_POINT ( 'NONE',  ( -466.9308574680549668, 354.3473738582632109, -276.8204927373915893 ) ) ;
#3582 = CARTESIAN_POINT ( 'NONE',  ( -108.7569344443979134, 262.7170908612149560, -117.7121223185247203 ) ) ;
#3583 = CARTESIAN_POINT ( 'NONE',  ( 9.960593224674374468, 126.1121499207227572, -64.57891196379820542 ) ) ;
#3584 = CARTESIAN_POINT ( 'NONE',  ( -485.3474208516219051, 116.0201777657681106, -56.88751015603273231 ) ) ;
#3585 = CARTESIAN_POINT ( 'NONE',  ( -471.2989883643782036, 133.5493905058828830, -44.60110798765263951 ) ) ;
#3586 = CARTESIAN_POINT ( 'NONE',  ( -465.1502645059034080, 353.5884618949418723, -276.1974068187375337 ) ) ;
#3587 = AXIS2_PLACEMENT_3D ( 'NONE', #1603, #3551, #3174 ) ;
#3588 = CARTESIAN_POINT ( 'NONE',  ( -490.1444944860439819, 135.5310831193180832, -60.29639728580971081 ) ) ;
#3589 = CARTESIAN_POINT ( 'NONE',  ( -477.5138688887957983, 146.3172798364528546, -73.03300858899144998 ) ) ;
#3590 = VERTEX_POINT ( 'NONE', #4952 ) ;
#3591 = CARTESIAN_POINT ( 'NONE',  ( 8.987439875783131527, 128.2334674642804089, -42.23588736882318528 ) ) ;
#3592 = DIRECTION ( 'NONE',  ( 0.000000000000000000, 0.7071067811865475727, 0.7071067811865475727 ) ) ;
#3593 = AXIS2_PLACEMENT_3D ( 'NONE', #4886, #1316, #3792 ) ;
#3594 = DIRECTION ( 'NONE',  ( 0.000000000000000000, 0.7071067811865474617, 0.7071067811865476838 ) ) ;
#3595 = CARTESIAN_POINT ( 'NONE',  ( -473.3010685770423720, 238.6546218680280447, -148.4102698375840532 ) ) ;
#3596 = EDGE_CURVE ( 'NONE', #2511, #4906, #1263, .T. ) ;
#3597 = ORIENTED_EDGE ( 'NONE', *, *, #2281, .F. ) ;
#3598 = CARTESIAN_POINT ( 'NONE',  ( -12.38308163560913755, 116.4451271722175250, -49.36933613223028772 ) ) ;
#3599 = DIRECTION ( 'NONE',  ( 0.000000000000000000, 0.000000000000000000, 1.000000000000000000 ) ) ;
#3600 = FACE_OUTER_BOUND ( 'NONE', #2092, .T. ) ;
#3601 = CARTESIAN_POINT ( 'NONE',  ( -464.8825011231924123, 349.2378873454393329, -277.8362265002602385 ) ) ;
#3602 = DIRECTION ( 'NONE',  ( 0.8655554303177465103, -0.5008131358575379499, 0.000000000000000000 ) ) ;
#3603 = EDGE_CURVE ( 'NONE', #3659, #2112, #1527, .T. ) ;
#3604 = CARTESIAN_POINT ( 'NONE',  ( 9.394837833162036134, 125.9858592109648896, -64.81761438472284453 ) ) ;
#3605 = CARTESIAN_POINT ( 'NONE',  ( 12.58381073294665242, 135.7600159778095872, -59.99156948286615432 ) ) ;
#3606 = CARTESIAN_POINT ( 'NONE',  ( -468.3519968674635834, 124.8334214960944735, -64.42988281092986824 ) ) ;
#3607 = CARTESIAN_POINT ( 'NONE',  ( -110.2720440041006924, 272.0024978410236258, -136.6625724814031173 ) ) ;
#3608 = CARTESIAN_POINT ( 'NONE',  ( -12.64611208193040959, 134.0474022421099960, -62.50943098992160429 ) ) ;
#3609 = ORIENTED_EDGE ( 'NONE', *, *, #478, .T. ) ;
#3610 = CARTESIAN_POINT ( 'NONE',  ( -468.4993601390999629, 115.5280295402193644, -54.90130701196694929 ) ) ;
#3611 = CARTESIAN_POINT ( 'NONE',  ( -484.2346213343406589, 121.2884455435107611, -63.24612427252117186 ) ) ;
#3612 = CARTESIAN_POINT ( 'NONE',  ( -469.8026388237102537, 130.6132095240778028, -43.04228582349826127 ) ) ;
#3613 = PRODUCT_DEFINITION ( 'UNKNOWN', '', #4838, #3797 ) ;
#3614 = CARTESIAN_POINT ( 'NONE',  ( -484.6829953493102039, 121.9366223023953921, -63.48171014789915745 ) ) ;
#3615 = CARTESIAN_POINT ( 'NONE',  ( -489.3617994481490996, 137.1608410213739546, -57.38446974833144054 ) ) ;
#3616 = ORIENTED_EDGE ( 'NONE', *, *, #722, .F. ) ;
#3617 = CARTESIAN_POINT ( 'NONE',  ( -6.161055892715907589, 134.7256877617554380, -45.73478157849996251 ) ) ;
#3618 = CARTESIAN_POINT ( 'NONE',  ( 12.61844414356935395, 119.7868014633565963, -44.18650376716222183 ) ) ;
#3619 = CARTESIAN_POINT ( 'NONE',  ( -476.5324455434280253, 242.9870447099745547, -151.7959289605074389 ) ) ;
#3620 = CARTESIAN_POINT ( 'NONE',  ( 12.34062342009900703, 350.1049605412170536, -281.0630974852356871 ) ) ;
#3621 = EDGE_LOOP ( 'NONE', ( #4118, #3161, #3260, #2426, #3518 ) ) ;
#3622 = CARTESIAN_POINT ( 'NONE',  ( -466.4512938857346285, 227.4122769296590718, -162.9544983598170802 ) ) ;
#3623 = AXIS2_PLACEMENT_3D ( 'NONE', #1532, #3928, #318 ) ;
#3624 = CARTESIAN_POINT ( 'NONE',  ( -12.54506102567743753, 349.0854005735511691, -278.6050789217330816 ) ) ;
#3625 = CARTESIAN_POINT ( 'NONE',  ( -465.9666155875659683, 123.2861507928370060, -42.50791995311941207 ) ) ;
#3626 = CIRCLE ( 'NONE', #3371, 7.300000000000007816 ) ;
#3627 = DIRECTION ( 'NONE',  ( 0.000000000000000000, 0.000000000000000000, -1.000000000000000000 ) ) ;
#3628 = EDGE_CURVE ( 'NONE', #639, #1465, #3794, .T. ) ;
#3629 = CARTESIAN_POINT ( 'NONE',  ( -12.43085634719948906, 352.8624705760548750, -275.8968483598032435 ) ) ;
#3630 = CARTESIAN_POINT ( 'NONE',  ( 12.40904214354629431, 132.4449854252994498, -63.02225890575623879 ) ) ;
#3631 = CARTESIAN_POINT ( 'NONE',  ( -466.6931612022141849, 355.0853200557702962, -278.9967416953659267 ) ) ;
#3632 = CARTESIAN_POINT ( 'NONE',  ( -110.8134041460029664, 259.4659761323857197, -127.0139941901936282 ) ) ;
#3633 = DIRECTION ( 'NONE',  ( -0.9063077870366493816, 0.2988362387301207179, 0.2988362387301209400 ) ) ;
#3634 = ORIENTED_EDGE ( 'NONE', *, *, #1920, .F. ) ;
#3635 = CARTESIAN_POINT ( 'NONE',  ( -464.3331123966478344, 135.1525856963241665, -60.75766528754945739 ) ) ;
#3636 = CARTESIAN_POINT ( 'NONE',  ( -468.7366804521736867, 128.5882609838733401, -42.30126064782252371 ) ) ;
#3637 = AXIS2_PLACEMENT_3D ( 'NONE', #3935, #2349, #3592 ) ;
#3638 = CARTESIAN_POINT ( 'NONE',  ( 11.91344550861939489, 137.4584625826130946, -56.46824559383626507 ) ) ;
#3639 = CARTESIAN_POINT ( 'NONE',  ( -488.1816154482917796, 138.0942384758080550, -55.05338009936721022 ) ) ;
#3640 = ORIENTED_EDGE ( 'NONE', *, *, #4809, .F. ) ;
#3641 = CARTESIAN_POINT ( 'NONE',  ( 10.76511133252995300, 138.0731141579941266, -55.24769671954056349 ) ) ;
#3642 = AXIS2_PLACEMENT_3D ( 'NONE', #1874, #4349, #3055 ) ;
#3643 = CARTESIAN_POINT ( 'NONE',  ( -106.8591194730463769, 271.0863223916459788, -114.4989344394391679 ) ) ;
#3644 = CARTESIAN_POINT ( 'NONE',  ( -107.3127721297935295, 269.1129895322145558, -114.4610075896953703 ) ) ;
#3645 = CARTESIAN_POINT ( 'NONE',  ( -483.9117836200962302, 119.7189132589754195, -62.05925557503138634 ) ) ;
#3646 = CARTESIAN_POINT ( 'NONE',  ( -489.1800610290472378, 129.2061614126220093, -64.32766765424321420 ) ) ;
#3647 = VERTEX_POINT ( 'NONE', #4312 ) ;
#3648 = CARTESIAN_POINT ( 'NONE',  ( -466.2586706218640415, 233.8174099203557432, -168.8602794956814819 ) ) ;
#3649 = CARTESIAN_POINT ( 'NONE',  ( -12.34536224973692597, 350.2560770364360110, -281.1869169304421234 ) ) ;
#3650 = CARTESIAN_POINT ( 'NONE',  ( -464.8515519494353043, 117.8468531600493918, -46.05341414826998658 ) ) ;
#3651 = DIRECTION ( 'NONE',  ( 0.8974478404791726982, 0.4411205885234437685, 0.000000000000000000 ) ) ;
#3652 = CARTESIAN_POINT ( 'NONE',  ( -370.2010967590008477, 281.6659761323858220, -127.0139941898926423 ) ) ;
#3653 = DIRECTION ( 'NONE',  ( 0.000000000000000000, 0.7071067811865486830, 0.7071067811865464625 ) ) ;
#3654 = CARTESIAN_POINT ( 'NONE',  ( 10.66310626230430891, 128.0115295549186953, -64.53176680537289656 ) ) ;
#3655 = CARTESIAN_POINT ( 'NONE',  ( -489.9887784574916623, 352.4749563316979106, -275.8010819142766081 ) ) ;
#3656 = CARTESIAN_POINT ( 'NONE',  ( -469.1698185685773410, 123.5462301200168298, -64.12311017600694640 ) ) ;
#3657 = CARTESIAN_POINT ( 'NONE',  ( -109.9989671886913669, 273.4582634373516044, -136.3763523606399986 ) ) ;
#3658 = EDGE_CURVE ( 'NONE', #601, #4175, #281, .T. ) ;
#3659 = VERTEX_POINT ( 'NONE', #364 ) ;
#3660 = CARTESIAN_POINT ( 'NONE',  ( -465.0005914067649542, 136.3680506914038517, -59.96597655940243499 ) ) ;
#3661 = CARTESIAN_POINT ( 'NONE',  ( -471.3793400754125287, 119.6116574269449160, -62.05369062572620464 ) ) ;
#3662 = LINE ( 'NONE', #4930, #2953 ) ;
#3663 = CARTESIAN_POINT ( 'NONE',  ( 12.63127393885630134, 353.0493734410276829, -281.6487486303790888 ) ) ;
#3664 = CARTESIAN_POINT ( 'NONE',  ( -488.9406446782176090, 137.4924213331194949, -56.35036338415632429 ) ) ;
#3665 = CARTESIAN_POINT ( 'NONE',  ( 1.347111479062087616E-15, 138.5391052434008259, -80.81118318204347872 ) ) ;
#3666 = EDGE_CURVE ( 'NONE', #3774, #3590, #537, .T. ) ;
#3667 = CARTESIAN_POINT ( 'NONE',  ( 6.257239020044721656, 117.7719619775191262, -60.11742983054494971 ) ) ;
#3668 = CARTESIAN_POINT ( 'NONE',  ( -476.4953434755256581, 242.8486452656220536, -151.6615924709830949 ) ) ;
#3669 = CARTESIAN_POINT ( 'NONE',  ( -12.70475028294875663, 134.5157089541827702, -61.43185096650143606 ) ) ;
#3670 = CARTESIAN_POINT ( 'NONE',  ( 12.37744955836664928, 350.7603985446775141, -281.4997190305044796 ) ) ;
#3671 = ORIENTED_EDGE ( 'NONE', *, *, #2696, .T. ) ;
#3672 = CIRCLE ( 'NONE', #485, 32.70000000000000995 ) ;
#3673 = DIRECTION ( 'NONE',  ( -1.000000000000000000, 0.000000000000000000, 0.000000000000000000 ) ) ;
#3674 = CARTESIAN_POINT ( 'NONE',  ( -466.0350638482553904, 123.7714828930337632, -42.78238159768165616 ) ) ;
#3675 = CARTESIAN_POINT ( 'NONE',  ( 10.34214677907827706, 126.7631832112599000, -64.57891196379820542 ) ) ;
#3676 = CARTESIAN_POINT ( 'NONE',  ( -489.8910618867834046, 350.7574482108786924, -281.4983614884022813 ) ) ;
#3677 = CARTESIAN_POINT ( 'NONE',  ( -12.41096605473379633, 354.9330506795733982, -277.8372574316535975 ) ) ;
#3678 = DIRECTION ( 'NONE',  ( -0.000000000000000000, -1.000000000000000000, -0.000000000000000000 ) ) ;
#3679 = CARTESIAN_POINT ( 'NONE',  ( -465.4439716061650643, 116.1723782897704496, -50.13631710901831440 ) ) ;
#3680 = CARTESIAN_POINT ( 'NONE',  ( -489.2022745736675802, 124.2759976040747034, -42.63838025907693918 ) ) ;
#3681 = DIRECTION ( 'NONE',  ( 0.3131456130149743999, 0.000000000000000000, 0.9497051253149453309 ) ) ;
#3682 = ORIENTED_EDGE ( 'NONE', *, *, #4525, .F. ) ;
#3683 = CARTESIAN_POINT ( 'NONE',  ( -466.2509801539987393, 115.6290594947339230, -50.65807154787324862 ) ) ;
#3684 = CARTESIAN_POINT ( 'NONE',  ( -10.97388172330267508, 350.5854325668504998, -276.1955271739265072 ) ) ;
#3685 = CARTESIAN_POINT ( 'NONE',  ( 12.56849812370353092, 352.4776503220392669, -281.7817847747290898 ) ) ;
#3686 = CARTESIAN_POINT ( 'NONE',  ( -490.2028665860042338, 135.4223961965564911, -61.20619193151664206 ) ) ;
#3687 = VERTEX_POINT ( 'NONE', #4288 ) ;
#3688 = AXIS2_PLACEMENT_3D ( 'NONE', #2921, #2582, #4604 ) ;
#3689 = CARTESIAN_POINT ( 'NONE',  ( 6.283417077614593005, 135.8173799812059599, -46.92430238440881141 ) ) ;
#3690 = ADVANCED_FACE ( 'NONE', ( #3524 ), #2188, .T. ) ;
#3691 = CARTESIAN_POINT ( 'NONE',  ( -107.2460518881657663, 269.1056197070921030, -114.4625724813873404 ) ) ;
#3692 = CARTESIAN_POINT ( 'NONE',  ( -11.82554328053591775, 130.9418167564738269, -64.22673180345201160 ) ) ;
#3693 = CARTESIAN_POINT ( 'NONE',  ( -489.9731379701620995, 136.9971109497800796, -57.79217848767088839 ) ) ;
#3694 = VERTEX_POINT ( 'NONE', #1963 ) ;
#3695 = FACE_OUTER_BOUND ( 'NONE', #2992, .T. ) ;
#3696 = CARTESIAN_POINT ( 'NONE',  ( -464.8583409279295324, 119.5362263930385893, -44.37539380597137040 ) ) ;
#3697 = CARTESIAN_POINT ( 'NONE',  ( 10.79351657246149543, 352.0853531617383396, -281.8010819142765513 ) ) ;
#3698 = AXIS2_PLACEMENT_3D ( 'NONE', #2858, #3277, #40 ) ;
#3699 = CARTESIAN_POINT ( 'NONE',  ( 12.43117500204910542, 352.8595953394365097, -275.8961607575228072 ) ) ;
#3700 = CARTESIAN_POINT ( 'NONE',  ( -12.49793013055865032, 352.2827871060015354, -275.8010819142765513 ) ) ;
#3701 = CARTESIAN_POINT ( 'NONE',  ( -366.9384975724282754, 270.5659761323856856, -136.6610075896953731 ) ) ;
#3702 = DIRECTION ( 'NONE',  ( 0.000000000000000000, 0.000000000000000000, 1.000000000000000000 ) ) ;
#3703 = CARTESIAN_POINT ( 'NONE',  ( -464.8352696012786396, 134.3552340842011006, -62.25593763272120640 ) ) ;
#3704 = CARTESIAN_POINT ( 'NONE',  ( -11.44050760647119169, 137.8260750702615383, -56.68246977808742315 ) ) ;
#3705 = ORIENTED_EDGE ( 'NONE', *, *, #4282, .T. ) ;
#3706 = AXIS2_PLACEMENT_3D ( 'NONE', #5143, #1937, #2704 ) ;
#3707 = CARTESIAN_POINT ( 'NONE',  ( -465.2510313868257867, 136.9495871905160129, -58.96245955377742121 ) ) ;
#3708 = CARTESIAN_POINT ( 'NONE',  ( -467.1182150975452601, 115.3742634140649983, -52.44525241396599569 ) ) ;
#3709 = DIRECTION ( 'NONE',  ( 0.000000000000000000, 0.000000000000000000, -1.000000000000000000 ) ) ;
#3710 = CARTESIAN_POINT ( 'NONE',  ( 9.204354715752884886, 137.7234029766454455, -51.61226950850119266 ) ) ;
#3711 = CARTESIAN_POINT ( 'NONE',  ( -490.1148630276329641, 133.3799830207893535, -62.39943984081557460 ) ) ;
#3712 = CARTESIAN_POINT ( 'NONE',  ( -483.5944629618626891, 118.4896491243097927, -60.97351580760614098 ) ) ;
#3713 = EDGE_LOOP ( 'NONE', ( #2614, #4541, #890, #1290, #2076 ) ) ;
#3714 = CIRCLE ( 'NONE', #449, 0.5000000000000036637 ) ;
#3715 = CARTESIAN_POINT ( 'NONE',  ( 6.687465913128668227, 132.5617012207605683, -44.00597278711225613 ) ) ;
#3716 = CARTESIAN_POINT ( 'NONE',  ( -108.1418364894297923, 280.2650050439053757, -131.1511782699113269 ) ) ;
#3717 = CARTESIAN_POINT ( 'NONE',  ( -12.67429172483994826, 133.9612016284762888, -61.93703722026123870 ) ) ;
#3718 = CARTESIAN_POINT ( 'NONE',  ( -485.1421325047695063, 131.1365435642057378, -43.27132155465840668 ) ) ;
#3719 = ADVANCED_FACE ( 'NONE', ( #4731 ), #4275, .F. ) ;
#3720 = ORIENTED_EDGE ( 'NONE', *, *, #1031, .T. ) ;
#3721 = EDGE_CURVE ( 'NONE', #4892, #2979, #3469, .T. ) ;
#3722 = CARTESIAN_POINT ( 'NONE',  ( -466.5549437267306416, 349.3884487618863659, -277.4722114101966781 ) ) ;
#3723 = CARTESIAN_POINT ( 'NONE',  ( -471.0135901778226071, 117.5818384259382015, -59.72922595793637868 ) ) ;
#3724 = CARTESIAN_POINT ( 'NONE',  ( 10.84782998370249452, 351.6936777494402691, -275.8203308008926911 ) ) ;
#3725 = ORIENTED_EDGE ( 'NONE', *, *, #3506, .T. ) ;
#3726 = CARTESIAN_POINT ( 'NONE',  ( -107.0952593717364181, 270.5659761323856856, -114.4610075896953845 ) ) ;
#3727 = ADVANCED_FACE ( 'NONE', ( #2874 ), #1226, .T. ) ;
#3728 = CARTESIAN_POINT ( 'NONE',  ( 6.398048318597482798, 117.7827880330559225, -60.01505571611625101 ) ) ;
#3729 = CARTESIAN_POINT ( 'NONE',  ( -368.0657727828936459, 276.3053863480974996, -135.5193679163250238 ) ) ;
#3730 = CARTESIAN_POINT ( 'NONE',  ( -469.4704296307180584, 234.8425688842011425, -147.6505824802094935 ) ) ;
#3731 = CARTESIAN_POINT ( 'NONE',  ( -465.2676273987393643, 237.5974607321400640, -169.0712498809369038 ) ) ;
#3732 = CARTESIAN_POINT ( 'NONE',  ( -485.1570420186736214, 137.3647908719024713, -49.73308317937966905 ) ) ;
#3733 = ORIENTED_EDGE ( 'NONE', *, *, #2239, .F. ) ;
#3734 = CARTESIAN_POINT ( 'NONE',  ( -10.58849326753141895, 353.9158286123678749, -276.4160090556288765 ) ) ;
#3735 = CARTESIAN_POINT ( 'NONE',  ( -488.4170128485855571, 124.7069449158873340, -42.21273862065233828 ) ) ;
#3736 = CARTESIAN_POINT ( 'NONE',  ( 12.67750534676274476, 354.6897407681536265, -280.3029173260062521 ) ) ;
#3737 = CARTESIAN_POINT ( 'NONE',  ( -489.8052191938314763, 132.3468721452861701, -63.61345007128070250 ) ) ;
#3738 = CARTESIAN_POINT ( 'NONE',  ( -487.6197768183936319, 115.6652335141318559, -53.88071952860665448 ) ) ;
#3739 = ORIENTED_EDGE ( 'NONE', *, *, #3666, .F. ) ;
#3740 = CARTESIAN_POINT ( 'NONE',  ( -466.0144841198116410, 227.1148223363558429, -161.4829807747387065 ) ) ;
#3741 = CARTESIAN_POINT ( 'NONE',  ( 6.369537576369975973, 135.2393806127150810, -46.30935185904414197 ) ) ;
#3742 = CARTESIAN_POINT ( 'NONE',  ( -107.1829127964834498, 281.6456191496383781, -127.0343511726236869 ) ) ;
#3743 = CARTESIAN_POINT ( 'NONE',  ( -9.997925747437379940, 127.0577258836406429, -64.88198966004095780 ) ) ;
#3744 = CARTESIAN_POINT ( 'NONE',  ( -488.2533123977053719, 352.4744455001185770, -275.8010819142765513 ) ) ;
#3745 = AXIS2_PLACEMENT_3D ( 'NONE', #1207, #4070, #2483 ) ;
#3746 = ORIENTED_EDGE ( 'NONE', *, *, #50, .T. ) ;
#3747 = ADVANCED_FACE ( 'NONE', ( #464 ), #387, .T. ) ;
#3748 = CARTESIAN_POINT ( 'NONE',  ( -466.8251782186878813, 349.1800236435988722, -279.5738949338180532 ) ) ;
#3749 = AXIS2_PLACEMENT_3D ( 'NONE', #38, #4852, #3602 ) ;
#3750 = CARTESIAN_POINT ( 'NONE',  ( -471.1675895069706144, 120.0365621958519569, -62.31082073895708362 ) ) ;
#3751 = CARTESIAN_POINT ( 'NONE',  ( -366.2961236890607779, 261.6919487781948419, -132.3847507778245642 ) ) ;
#3752 = CARTESIAN_POINT ( 'NONE',  ( -7.195300416901788232, 121.6519870160936279, -63.35607860234814126 ) ) ;
#3753 = VERTEX_POINT ( 'NONE', #55 ) ;
#3754 = CARTESIAN_POINT ( 'NONE',  ( -3.752106578560252537, 247.4533952797506799, -157.0063939625841840 ) ) ;
#3755 = CARTESIAN_POINT ( 'NONE',  ( 6.178254383678930317, 118.6773113172615837, -61.08605503680637838 ) ) ;
#3756 = CARTESIAN_POINT ( 'NONE',  ( -490.1911436013110688, 354.6919153331552366, -280.2993265518950921 ) ) ;
#3757 = DIRECTION ( 'NONE',  ( 0.000000000000000000, 0.000000000000000000, -1.000000000000000000 ) ) ;
#3758 = CARTESIAN_POINT ( 'NONE',  ( -10.84672674927695901, 115.4537580274614044, -51.56216389456019300 ) ) ;
#3759 = CARTESIAN_POINT ( 'NONE',  ( -489.0750646631482255, 130.2466686980371549, -64.46889611224962380 ) ) ;
#3760 = ORIENTED_EDGE ( 'NONE', *, *, #1631, .F. ) ;
#3761 = CARTESIAN_POINT ( 'NONE',  ( -471.3827066671399280, 135.3237098471999218, -46.31044936417788449 ) ) ;
#3762 = LINE ( 'NONE', #3787, #242 ) ;
#3763 = CARTESIAN_POINT ( 'NONE',  ( -10.58301142074109968, 349.8233324652134684, -280.7816710911615701 ) ) ;
#3764 = DIRECTION ( 'NONE',  ( -0.000000000000000000, -1.000000000000000000, -1.224646799147353207E-16 ) ) ;
#3765 = CARTESIAN_POINT ( 'NONE',  ( -9.609441671862482437, 233.1327767920253109, -148.0555059350373597 ) ) ;
#3766 = CARTESIAN_POINT ( 'NONE',  ( -485.7383748956358431, 116.1736231193730617, -56.87668814019804842 ) ) ;
#3767 = CARTESIAN_POINT ( 'NONE',  ( 13.06213753143328837, 120.4078804475014692, -44.34858552789582831 ) ) ;
#3768 = CARTESIAN_POINT ( 'NONE',  ( -9.963066567500813875, 127.3991870591587059, -42.39714770419325163 ) ) ;
#3769 = CARTESIAN_POINT ( 'NONE',  ( 8.089746863262375243, 130.3736447267284575, -42.95951477992960577 ) ) ;
#3770 = CARTESIAN_POINT ( 'NONE',  ( -10.34214677907833568, 126.7631832112600136, -64.57891196379820542 ) ) ;
#3771 = CARTESIAN_POINT ( 'NONE',  ( -467.2917083352958230, 126.5593384658072438, -64.57750716389979573 ) ) ;
#3772 = CARTESIAN_POINT ( 'NONE',  ( -11.95564580774757601, 131.2968524423083068, -64.09375993359711288 ) ) ;
#3773 = CARTESIAN_POINT ( 'NONE',  ( -483.9179970226849150, 135.3927211600780822, -46.48796363261144649 ) ) ;
#3774 = VERTEX_POINT ( 'NONE', #2055 ) ;
#3775 = CARTESIAN_POINT ( 'NONE',  ( -466.6161904551331645, 349.1806712904724463, -278.0259469273256627 ) ) ;
#3776 = CARTESIAN_POINT ( 'NONE',  ( -471.3467863347649995, 119.1267885114946949, -61.54448024664959860 ) ) ;
#3777 = CARTESIAN_POINT ( 'NONE',  ( -366.5098546126340011, 259.7548794220528521, -128.4664091077380021 ) ) ;
#3778 = ORIENTED_EDGE ( 'NONE', *, *, #2012, .F. ) ;
#3779 = CARTESIAN_POINT ( 'NONE',  ( -11.00529322337218474, 247.0488707871149359, -164.7328047377573341 ) ) ;
#3780 = CARTESIAN_POINT ( 'NONE',  ( 6.513152930580533351, 117.5623405916749533, -59.69963235622650188 ) ) ;
#3781 = CARTESIAN_POINT ( 'NONE',  ( -489.8776219019119935, 353.5861747642121600, -276.1960085726072975 ) ) ;
#3782 = CARTESIAN_POINT ( 'NONE',  ( -466.4259042036557616, 129.1858569880023708, -64.70886842289382912 ) ) ;
#3783 = CARTESIAN_POINT ( 'NONE',  ( -10.60521157564125616, 115.6978295116951756, -52.34080527063823496 ) ) ;
#3784 = CARTESIAN_POINT ( 'NONE',  ( -484.2606518440299510, 136.6091247525981487, -48.10241240653876105 ) ) ;
#3785 = VERTEX_POINT ( 'NONE', #2478 ) ;
#3786 = CARTESIAN_POINT ( 'NONE',  ( -466.9130495771332789, 137.8108520818220484, -54.62134415118599406 ) ) ;
#3787 = CARTESIAN_POINT ( 'NONE',  ( -477.5138688887957983, 88.12239174480015436, 3.122391744800075308 ) ) ;
#3788 = DIRECTION ( 'NONE',  ( 0.000000000000000000, 0.7071067811865476838, -0.7071067811865474617 ) ) ;
#3789 = CARTESIAN_POINT ( 'NONE',  ( -8.007566862154863685, 115.9207905263901210, -56.59340829913047344 ) ) ;
#3790 = CARTESIAN_POINT ( 'NONE',  ( 12.52158136977907965, 352.0853531617383965, -275.8010819142765513 ) ) ;
#3791 = AXIS2_PLACEMENT_3D ( 'NONE', #4254, #2302, #658 ) ;
#3792 = DIRECTION ( 'NONE',  ( 0.000000000000000000, 0.000000000000000000, -1.000000000000000000 ) ) ;
#3793 = CARTESIAN_POINT ( 'NONE',  ( -484.4599967331072321, 116.9801536621768747, -58.73611640456946503 ) ) ;
#3794 = CIRCLE ( 'NONE', #779, 0.5000000000000017764 ) ;
#3795 = CARTESIAN_POINT ( 'NONE',  ( 7.648054195037000014, 116.5181050279299768, -57.80330990232615562 ) ) ;
#3796 = CARTESIAN_POINT ( 'NONE',  ( -13.19965702440172173, 134.8923589169243087, -61.04697864814965413 ) ) ;
#3797 = PRODUCT_DEFINITION_CONTEXT ( 'detailed design', #4595, 'design' ) ;
#3798 = CARTESIAN_POINT ( 'NONE',  ( -488.8380573462229108, 128.6214264046510038, -64.92910550950809068 ) ) ;
#3799 = CARTESIAN_POINT ( 'NONE',  ( 6.434026406204336190, 133.1986123890739862, -44.42676138303940547 ) ) ;
#3800 = CARTESIAN_POINT ( 'NONE',  ( -108.4216042030738407, 279.4381264621579248, -132.3866278022645133 ) ) ;
#3801 = CARTESIAN_POINT ( 'NONE',  ( -6.372546561213263239, 135.2510014644355465, -46.32315498680607391 ) ) ;
#3802 = CARTESIAN_POINT ( 'NONE',  ( -490.4805978176821100, 136.1853247739818755, -59.39457480548405499 ) ) ;
#3803 = ORIENTED_EDGE ( 'NONE', *, *, #995, .F. ) ;
#3804 = TOROIDAL_SURFACE ( 'NONE', #4137, 10.09999999999999787, 1.000000000000000000 ) ;
#3805 = CARTESIAN_POINT ( 'NONE',  ( -466.8882080268782033, 350.7572092651201956, -281.4981938633174536 ) ) ;
#3806 = CARTESIAN_POINT ( 'NONE',  ( -467.6737191230350845, 115.6598232257742751, -53.74142122527437238 ) ) ;
#3807 = CARTESIAN_POINT ( 'NONE',  ( -367.2418248846311144, 272.0024978410669405, -136.6625724813818010 ) ) ;
#3808 = CARTESIAN_POINT ( 'NONE',  ( -6.513597094578841507, 120.1236899042746131, -62.37628963903633661 ) ) ;
#3809 = ORIENTED_EDGE ( 'NONE', *, *, #2787, .F. ) ;
#3810 = CARTESIAN_POINT ( 'NONE',  ( -7.822869128259787530, 248.4954170362269394, -161.0543259622644712 ) ) ;
#3811 = CARTESIAN_POINT ( 'NONE',  ( 6.283539437805012895, 117.7082728448278033, -60.03271585304612756 ) ) ;
#3812 = CARTESIAN_POINT ( 'NONE',  ( -11.85876772821445968, 116.0467575747341868, -49.21219348313237418 ) ) ;
#3813 = CARTESIAN_POINT ( 'NONE',  ( -464.8138339266805588, 349.8264769841860584, -276.8171080921539442 ) ) ;
#3814 = CARTESIAN_POINT ( 'NONE',  ( 16.69999999999999929, 126.7631832112599852, -53.47891196379821110 ) ) ;
#3815 = CARTESIAN_POINT ( 'NONE',  ( -488.4170128485855571, 124.7069449158873340, -42.21273862065233828 ) ) ;
#3816 = ORIENTED_EDGE ( 'NONE', *, *, #3531, .F. ) ;
#3817 = CARTESIAN_POINT ( 'NONE',  ( -465.7130391479357172, 137.5663365794436572, -57.56075105349913912 ) ) ;
#3818 = CARTESIAN_POINT ( 'NONE',  ( -11.00003815649171202, 354.3446227391745538, -280.7846508825762726 ) ) ;
#3819 = CARTESIAN_POINT ( 'NONE',  ( -6.895035646454378941, 121.6650309020928091, -63.47653236105162478 ) ) ;
#3820 = CARTESIAN_POINT ( 'NONE',  ( 8.771473403808981217, 129.3100288290457343, -42.65622333172440506 ) ) ;
#3821 = EDGE_CURVE ( 'NONE', #1450, #380, #4867, .T. ) ;
#3822 = CYLINDRICAL_SURFACE ( 'NONE', #2241, 3.000000000000002665 ) ;
#3823 = CARTESIAN_POINT ( 'NONE',  ( -486.4362939263914996, 115.5548002555046878, -55.05786398154496197 ) ) ;
#3824 = CARTESIAN_POINT ( 'NONE',  ( 11.97115122621053906, 123.6453342922004168, -42.82024963346597701 ) ) ;
#3825 = CARTESIAN_POINT ( 'NONE',  ( -13.10937396578859193, 133.4625741370408605, -62.33761617476802286 ) ) ;
#3826 = LINE ( 'NONE', #1924, #4884 ) ;
#3827 = DIRECTION ( 'NONE',  ( -1.000000000000000000, 0.000000000000000000, 0.000000000000000000 ) ) ;
#3828 = CARTESIAN_POINT ( 'NONE',  ( 12.70301155230196244, 134.7943594185042571, -61.15038170466357315 ) ) ;
#3829 = CARTESIAN_POINT ( 'NONE',  ( -488.4170128485855003, 124.7069449158873340, -42.21273862065233118 ) ) ;
#3830 = CARTESIAN_POINT ( 'NONE',  ( -8.525720342791121453, 137.8315351171307270, -51.23017895748725437 ) ) ;
#3831 = ORIENTED_EDGE ( 'NONE', *, *, #4654, .F. ) ;
#3832 = CARTESIAN_POINT ( 'NONE',  ( 10.62584633764794084, 354.7833634423178069, -277.4748171280834299 ) ) ;
#3833 = CARTESIAN_POINT ( 'NONE',  ( -470.5355395688840758, 116.7077666388611163, -58.43275257520010513 ) ) ;
#3834 = CARTESIAN_POINT ( 'NONE',  ( -368.7569344443975297, 278.4148614035565856, -133.4098928608657957 ) ) ;
#3835 = ORIENTED_EDGE ( 'NONE', *, *, #613, .F. ) ;
#3836 = CARTESIAN_POINT ( 'NONE',  ( -470.0165748957059577, 235.4085131931541355, -147.6190864265571463 ) ) ;
#3837 = CARTESIAN_POINT ( 'NONE',  ( 11.24595791755113794, 129.5273192503725852, -64.64356128280209646 ) ) ;
#3838 = ORIENTED_EDGE ( 'NONE', *, *, #2951, .T. ) ;
#3839 = CARTESIAN_POINT ( 'NONE',  ( -494.2138688887957869, 126.7631832112599852, -56.47891196379821110 ) ) ;
#3840 = CARTESIAN_POINT ( 'NONE',  ( 8.224506006849965800, 116.1736231193703901, -56.87668814019120589 ) ) ;
#3841 = CARTESIAN_POINT ( 'NONE',  ( -488.0280250107718416, 127.0566775509599182, -64.57891196379783594 ) ) ;
#3842 = CARTESIAN_POINT ( 'NONE',  ( -470.9328937265715922, 132.5457629043368684, -43.89838041695358584 ) ) ;
#3843 = CARTESIAN_POINT ( 'NONE',  ( -484.0964592893834606, 132.5392348637735438, -43.89393959290175928 ) ) ;
#3844 = ORIENTED_EDGE ( 'NONE', *, *, #4654, .T. ) ;
#3845 = CARTESIAN_POINT ( 'NONE',  ( -467.6480311532199607, 137.8824658733761908, -53.25156966087282484 ) ) ;
#3846 = FACE_OUTER_BOUND ( 'NONE', #2925, .T. ) ;
#3847 = VECTOR ( 'NONE', #126, 1000.000000000000000 ) ;
#3848 = CARTESIAN_POINT ( 'NONE',  ( -464.9922875190167133, 352.0853531617383396, -275.8010819142765513 ) ) ;
#3849 = DIRECTION ( 'NONE',  ( 0.000000000000000000, 1.000000000000000000, -1.224646799147353207E-16 ) ) ;
#3850 = CARTESIAN_POINT ( 'NONE',  ( -488.9407301057568134, 116.0339982511316066, -50.60726390446108525 ) ) ;
#3851 = CARTESIAN_POINT ( 'NONE',  ( 13.20260605069053916, 118.7169350692341965, -45.82336965856347177 ) ) ;
#3852 = CARTESIAN_POINT ( 'NONE',  ( -465.7354212502439168, 137.5584195485926671, -56.15551556070099082 ) ) ;
#3853 = CARTESIAN_POINT ( 'NONE',  ( -367.4617986212945766, 259.7548794220242598, -122.6556060717215075 ) ) ;
#3854 = FACE_OUTER_BOUND ( 'NONE', #4357, .T. ) ;
#3855 = CARTESIAN_POINT ( 'NONE',  ( 11.08773658128057349, 137.7896113263952884, -54.80173468851275231 ) ) ;
#3856 = CARTESIAN_POINT ( 'NONE',  ( -484.5600488689073586, 131.5848023680584049, -43.35533473867394605 ) ) ;
#3857 = CARTESIAN_POINT ( 'NONE',  ( -8.729397111760569317, 137.9083062563929047, -51.57267942598758736 ) ) ;
#3858 = CARTESIAN_POINT ( 'NONE',  ( -488.3345031829618961, 355.0853863490880826, -278.9962110265593083 ) ) ;
#3859 = ORIENTED_EDGE ( 'NONE', *, *, #2012, .T. ) ;
#3860 = CARTESIAN_POINT ( 'NONE',  ( 10.97395733097985904, 354.6902339011420509, -280.3020775956065904 ) ) ;
#3861 = CARTESIAN_POINT ( 'NONE',  ( -476.6133710175307669, 243.4025883086173110, -152.2028471676139816 ) ) ;
#3862 = CARTESIAN_POINT ( 'NONE',  ( -9.502372433630972282, 115.7452555782506636, -54.86634240738550261 ) ) ;
#3863 = ORIENTED_EDGE ( 'NONE', *, *, #2493, .F. ) ;
#3864 = CARTESIAN_POINT ( 'NONE',  ( -11.07134827897120566, 124.3599196906926210, -42.26248782779484969 ) ) ;
#3865 = CARTESIAN_POINT ( 'NONE',  ( 11.71426606245909596, 116.2424269063835993, -49.91819378288613507 ) ) ;
#3866 = CARTESIAN_POINT ( 'NONE',  ( -490.2139041020001287, 354.0697604773721423, -281.0595261015494657 ) ) ;
#3867 = LINE ( 'NONE', #3895, #984 ) ;
#3868 = CARTESIAN_POINT ( 'NONE',  ( -9.143321067187486051, 124.8042124540833555, -64.42537298230212173 ) ) ;
#3869 = DIRECTION ( 'NONE',  ( -0.000000000000000000, -0.7071067811865475727, 0.7071067811865475727 ) ) ;
#3870 = VERTEX_POINT ( 'NONE', #4015 ) ;
#3871 = CARTESIAN_POINT ( 'NONE',  ( -469.4567802075648046, 137.3741710661081470, -50.20024817251381677 ) ) ;
#3872 = CARTESIAN_POINT ( 'NONE',  ( -488.1396342178033478, 350.7583604251623228, -281.4988081407578306 ) ) ;
#3873 = CARTESIAN_POINT ( 'NONE',  ( -11.55502551309222703, 123.2676249757560925, -42.51302045180318601 ) ) ;
#3874 = CARTESIAN_POINT ( 'NONE',  ( -11.17208798700129790, 227.3252855832333523, -162.5886306747386811 ) ) ;
#3875 = CARTESIAN_POINT ( 'NONE',  ( -490.3517023239277250, 117.0991018808255291, -48.00505213667791082 ) ) ;
#3876 = CARTESIAN_POINT ( 'NONE',  ( 7.114692590207524425, 121.4872776332079951, -63.25107697221521619 ) ) ;
#3877 = CARTESIAN_POINT ( 'NONE',  ( 16.69999999999999929, 126.7631832112599852, -53.47891196379821110 ) ) ;
#3878 = CIRCLE ( 'NONE', #437, 3.000000000000002665 ) ;
#3879 = CARTESIAN_POINT ( 'NONE',  ( 16.69999999999999929, 126.7631832112599852, -53.47891196379821110 ) ) ;
#3880 = CARTESIAN_POINT ( 'NONE',  ( -467.5508023212949524, 127.3991870591586490, -42.39714770419324452 ) ) ;
#3881 = CARTESIAN_POINT ( 'NONE',  ( 11.71420163345288756, 137.2839952064661588, -57.03946733116907808 ) ) ;
#3882 = CARTESIAN_POINT ( 'NONE',  ( -484.8644182120751793, 131.2601240662797579, -43.32419686907574885 ) ) ;
#3883 = FACE_OUTER_BOUND ( 'NONE', #1959, .T. ) ;
#3884 = AXIS2_PLACEMENT_3D ( 'NONE', #2476, #4135, #1713 ) ;
#3885 = CARTESIAN_POINT ( 'NONE',  ( -9.337534904352347453, 138.0912997798583604, -52.60656110248882555 ) ) ;
#3886 = ORIENTED_EDGE ( 'NONE', *, *, #1404, .F. ) ;
#3887 = CARTESIAN_POINT ( 'NONE',  ( 8.163954914992274325, 123.9043692331672020, -64.39971951639965653 ) ) ;
#3888 = CARTESIAN_POINT ( 'NONE',  ( -464.9691077491483497, 243.5892012818861758, -167.4557876529281373 ) ) ;
#3889 = ORIENTED_EDGE ( 'NONE', *, *, #2737, .F. ) ;
#3890 = CARTESIAN_POINT ( 'NONE',  ( -13.19788248502701222, 118.3409177911709378, -46.20666763153393930 ) ) ;
#3891 = EDGE_CURVE ( 'NONE', #2112, #3659, #861, .T. ) ;
#3892 = CARTESIAN_POINT ( 'NONE',  ( -12.22975500185457953, 121.7340787134774303, -43.57575525590958421 ) ) ;
#3893 = CARTESIAN_POINT ( 'NONE',  ( 12.35155186615389233, 116.7467179444045797, -47.67554683252197378 ) ) ;
#3894 = CARTESIAN_POINT ( 'NONE',  ( -464.9452322677021812, 349.1048885309691627, -278.4075547393860575 ) ) ;
#3895 = CARTESIAN_POINT ( 'NONE',  ( -3.475916304466158735, 234.7056274847712132, -171.9630831283057546 ) ) ;
#3896 = CARTESIAN_POINT ( 'NONE',  ( -6.297677851694799323, 118.0415379872027160, -60.35596641612057311 ) ) ;
#3897 = CARTESIAN_POINT ( 'NONE',  ( -483.9907264265272033, 120.0079444142643297, -62.28861028116719467 ) ) ;
#3898 = ADVANCED_FACE ( 'NONE', ( #1297, #5188 ), #4480, .T. ) ;
#3899 = FACE_OUTER_BOUND ( 'NONE', #4430, .T. ) ;
#3900 = CARTESIAN_POINT ( 'NONE',  ( -488.4725117022991867, 350.7592982804138728, -276.1029201948206264 ) ) ;
#3901 = DIRECTION ( 'NONE',  ( 0.000000000000000000, 1.000000000000000000, 0.000000000000000000 ) ) ;
#3902 = CARTESIAN_POINT ( 'NONE',  ( -488.1830757677450947, 115.4126302314611934, -51.91854404273530577 ) ) ;
#3903 = DIRECTION ( 'NONE',  ( 0.000000000000000000, 0.000000000000000000, -1.000000000000000000 ) ) ;
#3904 = DIRECTION ( 'NONE',  ( 0.000000000000000000, 0.000000000000000000, -1.000000000000000000 ) ) ;
#3905 = DIRECTION ( 'NONE',  ( 0.000000000000000000, 0.7071067811865475727, 0.7071067811865475727 ) ) ;
#3906 = CARTESIAN_POINT ( 'NONE',  ( -464.9922875190165996, 352.0853531617383965, -281.8010819142765513 ) ) ;
#3907 = CARTESIAN_POINT ( 'NONE',  ( 12.21409345685537140, 136.7339616036412906, -58.41591193498395995 ) ) ;
#3908 = CARTESIAN_POINT ( 'NONE',  ( -483.6785966396031426, 134.4259253332430148, -45.43800301799292640 ) ) ;
#3909 = CARTESIAN_POINT ( 'NONE',  ( -6.534883575001223299, 136.2764054232636397, -47.58974428512233601 ) ) ;
#3910 = CARTESIAN_POINT ( 'NONE',  ( -488.3612971392603868, 355.0664757447248689, -279.1898034398191157 ) ) ;
#3911 = EDGE_LOOP ( 'NONE', ( #2901, #4530, #3634, #3640 ) ) ;
#3912 = CARTESIAN_POINT ( 'NONE',  ( -460.8138688887958097, 126.7631832112599852, -42.37891196379820968 ) ) ;
#3913 = CARTESIAN_POINT ( 'NONE',  ( -470.9855805433447244, 120.1671519665108008, -62.40855611924430946 ) ) ;
#3914 = CARTESIAN_POINT ( 'NONE',  ( -12.06989728263080686, 116.1723782897704069, -50.13631710901827176 ) ) ;
#3915 = ORIENTED_EDGE ( 'NONE', *, *, #1248, .F. ) ;
#3916 = CARTESIAN_POINT ( 'NONE',  ( -11.54725330121630122, 123.2861507928709131, -42.50791995311085003 ) ) ;
#3917 = ADVANCED_FACE ( 'NONE', ( #2430 ), #2107, .T. ) ;
#3918 = CARTESIAN_POINT ( 'NONE',  ( 12.70307817236995618, 118.3567121705988399, -45.47535695631825092 ) ) ;
#3919 = CARTESIAN_POINT ( 'NONE',  ( -464.8185179292063367, 349.6992778494768572, -276.9721060914025657 ) ) ;
#3920 = CARTESIAN_POINT ( 'NONE',  ( -471.1543752910239391, 135.9775189344314299, -47.14598676175680936 ) ) ;
#3921 = CARTESIAN_POINT ( 'NONE',  ( -9.978632493751003807, 126.1529073061082613, -64.56212283969475152 ) ) ;
#3922 = CARTESIAN_POINT ( 'NONE',  ( -490.6745198932644030, 119.8145014604005354, -44.79042852378155004 ) ) ;
#3923 = CARTESIAN_POINT ( 'NONE',  ( -6.408484823645806294, 133.7298946566596101, -44.82884810570492107 ) ) ;
#3924 = CARTESIAN_POINT ( 'NONE',  ( 10.34214677908361502, 126.7631832112509613, -42.37891196379820968 ) ) ;
#3925 = CARTESIAN_POINT ( 'NONE',  ( -12.65221626212151307, 117.7725459878642340, -46.14462956366875801 ) ) ;
#3926 = CARTESIAN_POINT ( 'NONE',  ( -10.48288958189078635, 228.2351358952071791, -165.0910014203602429 ) ) ;
#3927 = CARTESIAN_POINT ( 'NONE',  ( -490.7011087594650007, 118.4446761810178828, -46.11928026838833716 ) ) ;
#3928 = DIRECTION ( 'NONE',  ( -1.000000000000000000, -0.000000000000000000, 0.000000000000000000 ) ) ;
#3929 = AXIS2_PLACEMENT_3D ( 'NONE', #4087, #414, #4066 ) ;
#3930 = CARTESIAN_POINT ( 'NONE',  ( -487.1502225372119597, 115.4025236933506307, -53.82504406911463235 ) ) ;
#3931 = CARTESIAN_POINT ( 'NONE',  ( -111.4486154976091115, 254.5018868716780673, -125.9273263080617511 ) ) ;
#3932 = CARTESIAN_POINT ( 'NONE',  ( -465.0155929894718838, 355.0854003973610702, -278.6065329782992421 ) ) ;
#3933 = CARTESIAN_POINT ( 'NONE',  ( -483.8374387947603736, 134.1411471977333179, -45.17669286182652399 ) ) ;
#3934 = CARTESIAN_POINT ( 'NONE',  ( -9.963066567500819204, 127.3991870591587059, -42.39714770419324452 ) ) ;
#3935 = CARTESIAN_POINT ( 'NONE',  ( 0.000000000000000000, 146.3172798364528546, -73.03300858899144998 ) ) ;
#3936 = EDGE_LOOP ( 'NONE', ( #3233, #3086 ) ) ;
#3937 =( BOUNDED_CURVE ( )  B_SPLINE_CURVE ( 3, ( #646, #4660, #2606, #618 ),
 .UNSPECIFIED., .F., .F. ) 
 B_SPLINE_CURVE_WITH_KNOTS ( ( 4, 4 ),
 ( 1.570796326794890341, 3.877881810305303212 ),
 .UNSPECIFIED. ) 
 CURVE ( )  GEOMETRIC_REPRESENTATION_ITEM ( )  RATIONAL_B_SPLINE_CURVE ( ( 1.000000000000000000, 0.6035007981736837390, 0.6035007981736837390, 1.000000000000000000 ) ) 
 REPRESENTATION_ITEM ( '' )  );
#3938 = CARTESIAN_POINT ( 'NONE',  ( 10.84779567801785305, 352.4767510324181217, -281.7819094812385288 ) ) ;
#3939 = CARTESIAN_POINT ( 'NONE',  ( -470.5119665617939404, 121.6344413168045833, -63.34890457384140205 ) ) ;
#3940 = CARTESIAN_POINT ( 'NONE',  ( -10.73412582137815185, 126.0943612260245743, -42.37891196379820968 ) ) ;
#3941 = ORIENTED_EDGE ( 'NONE', *, *, #2074, .T. ) ;
#3942 = CARTESIAN_POINT ( 'NONE',  ( -12.00186957326578252, 123.5771831968435919, -42.83964722315539575 ) ) ;
#3943 = CARTESIAN_POINT ( 'NONE',  ( 11.27135015951952290, 115.9463614982021795, -50.95668057091106107 ) ) ;
#3944 = CARTESIAN_POINT ( 'NONE',  ( -466.5139799104175040, 124.8209786447327616, -42.54316420925236031 ) ) ;
#3945 = CARTESIAN_POINT ( 'NONE',  ( -369.4003480067299279, 264.9734885447118131, -115.8641172387570890 ) ) ;
#3946 = CARTESIAN_POINT ( 'NONE',  ( -7.521282874416434616, 116.2465601892155576, -57.43848866482284876 ) ) ;
#3947 = CARTESIAN_POINT ( 'NONE',  ( -488.9491200895936345, 115.8381540980366253, -51.48772863363874563 ) ) ;
#3948 = CARTESIAN_POINT ( 'NONE',  ( -6.876969362192562940, 132.5084582819515333, -43.97480079897016481 ) ) ;
#3949 = CARTESIAN_POINT ( 'NONE',  ( 10.51613163270799234, 126.4663181173437465, -42.37891196379846548 ) ) ;
#3950 = CARTESIAN_POINT ( 'NONE',  ( -466.8486420865173727, 354.9338218691849534, -277.8392879036006207 ) ) ;
#3951 = CARTESIAN_POINT ( 'NONE',  ( -489.9469533542782642, 122.5209904911767467, -43.21483414077660967 ) ) ;
#3952 = CARTESIAN_POINT ( 'NONE',  ( 10.34214677907827706, 126.7631832112599000, -64.57891196379820542 ) ) ;
#3953 = CARTESIAN_POINT ( 'NONE',  ( -464.8769344221431652, 133.9768862826695397, -62.56457902557449557 ) ) ;
#3954 = ADVANCED_FACE ( 'NONE', ( #591 ), #1321, .T. ) ;
#3955 = CARTESIAN_POINT ( 'NONE',  ( -464.8853639399038684, 131.5211218036930347, -63.53423064890139926 ) ) ;
#3956 = CARTESIAN_POINT ( 'NONE',  ( -471.3789953778048698, 133.8701684292628613, -44.85977181357956312 ) ) ;
#3957 = CARTESIAN_POINT ( 'NONE',  ( -477.5138688887957983, 65.00000000000000000, 12.69999999999999929 ) ) ;
#3958 = B_SPLINE_CURVE_WITH_KNOTS ( 'NONE', 3,
 ( #4400, #1538, #5185, #4011, #3591, #2770, #1, #3189, #324, #2796, #1618, #758, #2348, #3162, #4375, #3215, #4036, #3961, #354, #4817, #1954, #2820, #4424, #832, #3517, #4842, #1247, #2030, #3240, #2846, #435, #4449, #3641, #859, #2453, #27, #1643, #2807, #1992, #2063, #1355, #4149, #3325, #2929, #3300, #4614, #2133, #1328, #4231, #2193, #3837, #2536 ),
 .UNSPECIFIED., .F., .F.,
 ( 4, 2, 2, 2, 2, 2, 2, 2, 2, 2, 2, 2, 2, 2, 2, 2, 2, 2, 2, 2, 2, 2, 2, 2, 2, 4 ),
 ( 0.03643885631060032881, 0.03885801063983916614, 0.04127716496907801041, 0.04369631929831684775, 0.04490589646293626641, 0.04611547362755568508, 0.04732505079217511068, 0.04853462795679452935, 0.04913941653910423174, 0.04974420512141393413, 0.05095378228603333892, 0.05337293661527216238, 0.05458251377989159492, 0.05579209094451104134, 0.05821124527374993418, 0.05942082243836937366, 0.06063039960298881315, 0.06304955393222769211, 0.06546870826146655720, 0.06667828542608603137, 0.06788786259070550555, 0.06909743975532497973, 0.07030701691994445390, 0.07151659408456392808, 0.07272617124918340226, 0.07514532557842240612 ),
 .UNSPECIFIED. ) ;
#3959 = CARTESIAN_POINT ( 'NONE',  ( -485.6036157520485972, 130.3736447267392293, -42.95951477993406087 ) ) ;
#3960 = ORIENTED_EDGE ( 'NONE', *, *, #1446, .F. ) ;
#3961 = CARTESIAN_POINT ( 'NONE',  ( 6.113134598636560391, 135.2391761334367004, -46.21196338015314353 ) ) ;
#3962 = AXIS2_PLACEMENT_3D ( 'NONE', #2288, #1941, #1092 ) ;
#3963 = DIRECTION ( 'NONE',  ( 0.000000000000000000, 0.000000000000000000, -1.000000000000000000 ) ) ;
#3964 = CARTESIAN_POINT ( 'NONE',  ( -465.1095354780183015, 238.3591235515513063, -169.0191223414434774 ) ) ;
#3965 = CARTESIAN_POINT ( 'NONE',  ( -12.91505560909819472, 120.9993079120428092, -43.98515042668340413 ) ) ;
#3966 = CIRCLE ( 'NONE', #4630, 12.69999999999999929 ) ;
#3967 = VERTEX_POINT ( 'NONE', #3317 ) ;
#3968 = CARTESIAN_POINT ( 'NONE',  ( -13.00375172909121346, 117.5069739784902367, -47.34016964025310159 ) ) ;
#3969 = CARTESIAN_POINT ( 'NONE',  ( 12.57104041612355338, 117.3634601522627463, -46.68969387427416251 ) ) ;
#3970 = CARTESIAN_POINT ( 'NONE',  ( -465.1684202984040439, 349.6975041590329738, -280.6278478227347364 ) ) ;
#3971 = CYLINDRICAL_SURFACE ( 'NONE', #563, 12.70000000000000462 ) ;
#3972 = CARTESIAN_POINT ( 'NONE',  ( -6.674695875750566998, 120.9908800101521962, -62.99220163053966104 ) ) ;
#3973 = CARTESIAN_POINT ( 'NONE',  ( -6.301988352926339410, 134.3133334999327246, -45.33312141094155834 ) ) ;
#3974 = CARTESIAN_POINT ( 'NONE',  ( 11.33240159599008834, 124.9690592448079371, -42.52486617272163727 ) ) ;
#3975 = CARTESIAN_POINT ( 'NONE',  ( -12.56021127889209055, 120.1154504800031475, -43.95535438400845152 ) ) ;
#3976 = CIRCLE ( 'NONE', #1458, 1.000000000000000888 ) ;
#3977 = CARTESIAN_POINT ( 'NONE',  ( -468.0114964551649450, 115.7452555782506778, -54.86634240738553103 ) ) ;
#3978 = CARTESIAN_POINT ( 'NONE',  ( -110.8193752338767695, 259.7259350735645285, -128.4953534562471305 ) ) ;
#3979 = LINE ( 'NONE', #3486, #3368 ) ;
#3980 = CARTESIAN_POINT ( 'NONE',  ( -489.0977589688641274, 115.8177105883257099, -49.91298006584147373 ) ) ;
#3981 = EDGE_CURVE ( 'NONE', #628, #3694, #4338, .T. ) ;
#3982 = CARTESIAN_POINT ( 'NONE',  ( -469.6345065973331998, 130.7089901503453291, -43.08000069758229955 ) ) ;
#3983 = EDGE_CURVE ( 'NONE', #2481, #2729, #4914, .T. ) ;
#3984 = CARTESIAN_POINT ( 'NONE',  ( -465.1365704931740197, 354.7832960461989842, -277.4744797145043549 ) ) ;
#3985 = CARTESIAN_POINT ( 'NONE',  ( -489.7608735132201900, 137.2120479704993272, -57.24344424675224730 ) ) ;
#3986 = CARTESIAN_POINT ( 'NONE',  ( -7.139145542208139794, 131.9924442074030537, -43.68109593854994444 ) ) ;
#3987 = CARTESIAN_POINT ( 'NONE',  ( -106.7087697082564830, 271.9924736088318582, -114.4874967134305876 ) ) ;
#3988 = CARTESIAN_POINT ( 'NONE',  ( 12.63163902556026308, 351.1176311584562768, -275.9547145519862283 ) ) ;
#3989 = ORIENTED_EDGE ( 'NONE', *, *, #1855, .T. ) ;
#3990 = CARTESIAN_POINT ( 'NONE',  ( -12.62978632227811282, 116.7463201343584274, -48.68168901308664687 ) ) ;
#3991 = CARTESIAN_POINT ( 'NONE',  ( -9.926417753589811710, 137.8605603755420077, -52.77120689095010420 ) ) ;
#3992 = AXIS2_PLACEMENT_3D ( 'NONE', #2535, #3276, #2882 ) ;
#3993 = CARTESIAN_POINT ( 'NONE',  ( -466.3417809017946070, 227.3252855832333523, -162.5886306747387096 ) ) ;
#3994 = CARTESIAN_POINT ( 'NONE',  ( -12.61152286239610909, 349.1806727709943630, -278.0255471034578818 ) ) ;
#3995 = CARTESIAN_POINT ( 'NONE',  ( -466.4425206098119929, 124.3599196906658477, -42.26248782779976665 ) ) ;
#3996 = CARTESIAN_POINT ( 'NONE',  ( -369.9948258775627892, 267.6533341168077413, -114.7517259673233525 ) ) ;
#3997 = DIRECTION ( 'NONE',  ( 0.000000000000000000, 0.7071067811865475727, -0.7071067811865475727 ) ) ;
#3998 = CARTESIAN_POINT ( 'NONE',  ( -488.3344273318153341, 351.8907685763933841, -275.8010819142765513 ) ) ;
#3999 = CARTESIAN_POINT ( 'NONE',  ( 11.62160330250130080, 137.6136959578394965, -55.84569881460183893 ) ) ;
#4000 = CARTESIAN_POINT ( 'NONE',  ( -466.5138743531311434, 354.3459004121139628, -280.7831470159839000 ) ) ;
#4001 = FACE_OUTER_BOUND ( 'NONE', #193, .T. ) ;
#4002 = CARTESIAN_POINT ( 'NONE',  ( -6.217637525434155599, 135.6228204847941186, -46.67751870981469153 ) ) ;
#4003 = CARTESIAN_POINT ( 'NONE',  ( -464.8091186058484823, 134.5157089541831112, -61.43185096649969523 ) ) ;
#4004 = CARTESIAN_POINT ( 'NONE',  ( -464.8074398948544967, 118.5797145863754736, -45.24674687280788277 ) ) ;
#4005 = CARTESIAN_POINT ( 'NONE',  ( -484.0865608197058236, 120.9643977983905927, -63.04959707881928210 ) ) ;
#4006 = CARTESIAN_POINT ( 'NONE',  ( -470.5238742877137383, 131.9314186275083784, -43.64820745592039941 ) ) ;
#4007 = CARTESIAN_POINT ( 'NONE',  ( -485.4238568154858058, 123.2473906878438186, -64.03200504968516782 ) ) ;
#4008 = CIRCLE ( 'NONE', #5172, 10.09999999999999787 ) ;
#4009 = AXIS2_PLACEMENT_3D ( 'NONE', #1481, #3509, #2311 ) ;
#4010 = CARTESIAN_POINT ( 'NONE',  ( -487.7411972711670956, 137.8611460098984764, -53.91589064995082481 ) ) ;
#4011 = CARTESIAN_POINT ( 'NONE',  ( 9.398152733209297338, 127.5349920695820742, -42.13919660715038873 ) ) ;
#4012 = CARTESIAN_POINT ( 'NONE',  ( -464.7422994569280377, 132.0076387058869045, -63.26933923853951569 ) ) ;
#4013 = AXIS2_PLACEMENT_3D ( 'NONE', #5201, #452, #1168 ) ;
#4014 = CARTESIAN_POINT ( 'NONE',  ( 6.106826472209596623, 118.2731806633667162, -60.73718441775487520 ) ) ;
#4015 = CARTESIAN_POINT ( 'NONE',  ( -490.0354502585749401, 352.0853531617383396, -275.8010819142765513 ) ) ;
#4016 = CARTESIAN_POINT ( 'NONE',  ( 20.00000000000000000, 352.0853531617383396, -281.8010819142765513 ) ) ;
#4017 = ORIENTED_EDGE ( 'NONE', *, *, #4619, .T. ) ;
#4018 = CARTESIAN_POINT ( 'NONE',  ( -464.8091452659579659, 227.8043348802210915, -154.6286261569702845 ) ) ;
#4019 = CARTESIAN_POINT ( 'NONE',  ( -12.43086186779023627, 351.3082860497477782, -281.7053283213905956 ) ) ;
#4020 = CARTESIAN_POINT ( 'NONE',  ( -464.8201621056610975, 118.6065339995923296, -45.94797763955787673 ) ) ;
#4021 = CARTESIAN_POINT ( 'NONE',  ( -369.9404206275378328, 281.3770728426178493, -128.4664091079812067 ) ) ;
#4022 = CARTESIAN_POINT ( 'NONE',  ( -490.0823670124991622, 351.6930560014372986, -275.8203790538240128 ) ) ;
#4023 = CARTESIAN_POINT ( 'NONE',  ( -12.67756062251577376, 354.6893496781731301, -280.3036497492962553 ) ) ;
#4024 = AXIS2_PLACEMENT_3D ( 'NONE', #2546, #953, #4570 ) ;
#4025 = CARTESIAN_POINT ( 'NONE',  ( 11.68659130909951216, 129.2458159952385017, -64.32123214221978458 ) ) ;
#4026 = CARTESIAN_POINT ( 'NONE',  ( -466.6162689353333803, 354.9903050851629018, -279.5755282064029075 ) ) ;
#4027 = CARTESIAN_POINT ( 'NONE',  ( -111.3285925310559890, 263.7445075393965226, -134.4373095390475612 ) ) ;
#4028 = CARTESIAN_POINT ( 'NONE',  ( -9.600653990199477406, 126.3568609690284603, -64.82992300428577437 ) ) ;
#4029 = ORIENTED_EDGE ( 'NONE', *, *, #1694, .F. ) ;
#4030 = CARTESIAN_POINT ( 'NONE',  ( -465.7926343617838256, 115.9227482772182327, -49.57164699492662407 ) ) ;
#4031 = CARTESIAN_POINT ( 'NONE',  ( -486.4852885937247038, 125.2657607341161849, -64.71748360542085265 ) ) ;
#4032 = CARTESIAN_POINT ( 'NONE',  ( -471.3494212741635465, 134.4401582467790206, -45.45187910683598176 ) ) ;
#4033 = CARTESIAN_POINT ( 'NONE',  ( 12.96672892888625483, 136.1853247739818187, -59.39457480548404078 ) ) ;
#4034 = CARTESIAN_POINT ( 'NONE',  ( -486.3729183346459877, 137.6042675085103326, -51.07192248432967574 ) ) ;
#4035 = ORIENTED_EDGE ( 'NONE', *, *, #3016, .T. ) ;
#4036 = CARTESIAN_POINT ( 'NONE',  ( 6.073186854738149343, 134.9702498052222381, -45.91214454846855375 ) ) ;
#4037 = CARTESIAN_POINT ( 'NONE',  ( 12.55410153972958298, 117.2977768587252712, -46.78378828191607397 ) ) ;
#4038 = CARTESIAN_POINT ( 'NONE',  ( -108.7569344443979134, 262.7170908612149560, -117.7121223185247061 ) ) ;
#4039 = CARTESIAN_POINT ( 'NONE',  ( -490.5331495214409756, 117.5582423769617577, -47.26489547809777036 ) ) ;
#4040 = CARTESIAN_POINT ( 'NONE',  ( -490.4906142542758971, 132.7840290260626830, -62.81129041017745607 ) ) ;
#4041 = ORIENTED_EDGE ( 'NONE', *, *, #643, .T. ) ;
#4042 = EDGE_CURVE ( 'NONE', #189, #2112, #1768, .T. ) ;
#4043 = CARTESIAN_POINT ( 'NONE',  ( -466.7666208386337416, 227.7564272958580887, -164.0445188286682594 ) ) ;
#4044 = CIRCLE ( 'NONE', #1769, 12.70000000000000995 ) ;
#4045 = ADVANCED_FACE ( 'NONE', ( #935, #4576 ), #1346, .F. ) ;
#4046 = CARTESIAN_POINT ( 'NONE',  ( -12.56822742984949848, 349.1043221595584782, -278.4111119420904288 ) ) ;
#4047 = CARTESIAN_POINT ( 'NONE',  ( -464.8149758201176951, 118.7359204786076106, -45.81019614557740027 ) ) ;
#4048 = CARTESIAN_POINT ( 'NONE',  ( 11.32418845742709834, 128.6214264046510038, -64.92910550950809068 ) ) ;
#4049 = CIRCLE ( 'NONE', #4128, 11.00000000000000000 ) ;
#4050 = EDGE_CURVE ( 'NONE', #2586, #194, #2552, .T. ) ;
#4051 = CARTESIAN_POINT ( 'NONE',  ( -369.4273421173558063, 264.9671350012266657, -115.8706491291031000 ) ) ;
#4052 = CARTESIAN_POINT ( 'NONE',  ( -490.1255616997477773, 351.3082205697911036, -275.8968519752353359 ) ) ;
#4053 = CARTESIAN_POINT ( 'NONE',  ( 10.89524192494880062, 128.8030921310206622, -64.74743978313841808 ) ) ;
#4054 = CARTESIAN_POINT ( 'NONE',  ( -489.9415927629934799, 352.8686779121953236, -275.8789268149131431 ) ) ;
#4055 = CYLINDRICAL_SURFACE ( 'NONE', #4013, 3.000000000000002665 ) ;
#4056 = CARTESIAN_POINT ( 'NONE',  ( -108.7569344443979134, 278.4148614035563014, -133.4098928608660515 ) ) ;
#4057 = ADVANCED_FACE ( 'NONE', ( #4166 ), #2687, .F. ) ;
#4058 = CARTESIAN_POINT ( 'NONE',  ( -9.585677682352581996, 127.1959117239717330, -42.12989329113480608 ) ) ;
#4059 = ORIENTED_EDGE ( 'NONE', *, *, #2823, .T. ) ;
#4060 = CARTESIAN_POINT ( 'NONE',  ( -464.9844312057129514, 135.9655590172855000, -59.69766523513160905 ) ) ;
#4061 = FACE_OUTER_BOUND ( 'NONE', #2245, .T. ) ;
#4062 = CARTESIAN_POINT ( 'NONE',  ( 6.286977667354445742, 134.6411121776523316, -45.65004030462144158 ) ) ;
#4063 = CARTESIAN_POINT ( 'NONE',  ( -488.2190505863251815, 137.8509613974630099, -54.10593017153144757 ) ) ;
#4064 = EDGE_LOOP ( 'NONE', ( #2303, #3616, #654, #2627, #1135 ) ) ;
#4065 = FACE_OUTER_BOUND ( 'NONE', #332, .T. ) ;
#4066 = DIRECTION ( 'NONE',  ( 0.000000000000000000, 0.7071067811865486830, 0.7071067811865464625 ) ) ;
#4067 = CARTESIAN_POINT ( 'NONE',  ( -12.70518542508162696, 134.8645583495668632, -61.79109238654837810 ) ) ;
#4068 = CARTESIAN_POINT ( 'NONE',  ( -488.8380573462229108, 128.5413297152806820, -64.43556268426196709 ) ) ;
#4069 = ORIENTED_EDGE ( 'NONE', *, *, #841, .F. ) ;
#4070 = DIRECTION ( 'NONE',  ( -1.000000000000000000, 0.000000000000000000, 0.000000000000000000 ) ) ;
#4071 = CARTESIAN_POINT ( 'NONE',  ( -464.8166818477968150, 118.7986934010152140, -45.04322830635133812 ) ) ;
#4072 = DIRECTION ( 'NONE',  ( -0.8971918590192473619, 0.4416409945980866447, 0.000000000000000000 ) ) ;
#4073 = DIRECTION ( 'NONE',  ( 1.000000000000000000, 0.000000000000000000, 0.000000000000000000 ) ) ;
#4074 = AXIS2_PLACEMENT_3D ( 'NONE', #4272, #4246, #3905 ) ;
#4075 = CARTESIAN_POINT ( 'NONE',  ( -12.47484319997096058, 355.0663472779996255, -278.4114433462854095 ) ) ;
#4076 = CARTESIAN_POINT ( 'NONE',  ( -477.5138688887957983, 65.00000000000000000, 0.000000000000000000 ) ) ;
#4077 = CARTESIAN_POINT ( 'NONE',  ( -468.4057299159906052, 233.6999105211296808, -147.8581664450946107 ) ) ;
#4078 = CARTESIAN_POINT ( 'NONE',  ( -109.3747507902672282, 260.8582767700808063, -119.9795073600889026 ) ) ;
#4079 = CARTESIAN_POINT ( 'NONE',  ( -6.090394350045072791, 135.1079921399492889, -46.06317835693391771 ) ) ;
#4080 = ORIENTED_EDGE ( 'NONE', *, *, #5102, .T. ) ;
#4081 = CARTESIAN_POINT ( 'NONE',  ( -465.3131805156363612, 121.4883934288462370, -43.18877522997773610 ) ) ;
#4082 = CARTESIAN_POINT ( 'NONE',  ( -10.60998873027165956, 349.4806826390426977, -280.3024380303592693 ) ) ;
#4083 = CARTESIAN_POINT ( 'NONE',  ( 12.05985184280595135, 137.3610235010845884, -56.79836223185380817 ) ) ;
#4084 = CARTESIAN_POINT ( 'NONE',  ( -489.8821382857388471, 136.7992685686976131, -59.29101514400053929 ) ) ;
#4085 = ORIENTED_EDGE ( 'NONE', *, *, #808, .T. ) ;
#4086 = CARTESIAN_POINT ( 'NONE',  ( 12.32006436931605187, 116.6828018198543901, -47.79257808929698825 ) ) ;
#4087 = CARTESIAN_POINT ( 'NONE',  ( -477.5138688887957983, 262.9898987322330299, -189.7056274847716963 ) ) ;
#4088 = CARTESIAN_POINT ( 'NONE',  ( -12.64277552078541333, 133.6722366762497245, -62.17497327461401824 ) ) ;
#4089 = CARTESIAN_POINT ( 'NONE',  ( -485.3256127755838634, 130.8343354267005054, -43.14740961018240029 ) ) ;
#4090 = ORIENTED_EDGE ( 'NONE', *, *, #4724, .T. ) ;
#4091 = VECTOR ( 'NONE', #750, 1000.000000000000000 ) ;
#4092 = CARTESIAN_POINT ( 'NONE',  ( -12.69543674349884732, 349.7003830388176198, -276.9704785920300765 ) ) ;
#4093 = CARTESIAN_POINT ( 'NONE',  ( -465.2218315281307355, 121.1775689211888078, -43.34523483885519823 ) ) ;
#4094 = CARTESIAN_POINT ( 'NONE',  ( -467.5311251719379584, 126.4961959537299094, -42.07628661923073565 ) ) ;
#4095 = CARTESIAN_POINT ( 'NONE',  ( -490.1781312473246999, 350.7584442099634430, -276.1033322115467854 ) ) ;
#4096 = CARTESIAN_POINT ( 'NONE',  ( 8.499907237817991401, 123.7907935323719641, -64.19512398991869873 ) ) ;
#4097 = CARTESIAN_POINT ( 'NONE',  ( -15.69999999999999929, 126.7631832112599852, -53.47891196379821110 ) ) ;
#4098 = CARTESIAN_POINT ( 'NONE',  ( -464.3159864037687612, 118.3409177911709094, -46.20666763153395351 ) ) ;
#4099 = DIRECTION ( 'NONE',  ( 1.000000000000000000, 0.000000000000000000, 0.000000000000000000 ) ) ;
#4100 = CARTESIAN_POINT ( 'NONE',  ( -6.447205794584875527, 132.8639075733402990, -44.10455162940428409 ) ) ;
#4101 = ORIENTED_EDGE ( 'NONE', *, *, #4273, .T. ) ;
#4102 = CARTESIAN_POINT ( 'NONE',  ( -465.0511600407701280, 136.1688935834615108, -59.38585278037008663 ) ) ;
#4103 = CARTESIAN_POINT ( 'NONE',  ( -470.6256856365891394, 116.7616732725358446, -58.57393288370526818 ) ) ;
#4104 = CARTESIAN_POINT ( 'NONE',  ( -494.2138688887957869, 126.7631832112599852, -53.47891196379821110 ) ) ;
#4105 = CARTESIAN_POINT ( 'NONE',  ( 12.50827947468956935, 131.1820564938722953, -63.68539164629506644 ) ) ;
#4106 = EDGE_CURVE ( 'NONE', #2230, #707, #4174, .T. ) ;
#4107 = CARTESIAN_POINT ( 'NONE',  ( -490.0463939475456527, 133.3464055790363147, -63.02000517520374245 ) ) ;
#4108 = CARTESIAN_POINT ( 'NONE',  ( -483.9466525921445736, 120.3241778558906958, -62.52851220581642622 ) ) ;
#4109 = ORIENTED_EDGE ( 'NONE', *, *, #2175, .T. ) ;
#4110 = CARTESIAN_POINT ( 'NONE',  ( 9.126021504694159958, 128.2601645478422654, -42.45740141585699945 ) ) ;
#4111 = CARTESIAN_POINT ( 'NONE',  ( -107.2460518882045761, 281.6644112406742693, -127.0213640149500947 ) ) ;
#4112 = CARTESIAN_POINT ( 'NONE',  ( -12.46270884803155177, 136.1688935834727943, -59.38585278036611470 ) ) ;
#4113 = CARTESIAN_POINT ( 'NONE',  ( -484.1020045849624580, 135.8318576616968301, -47.06787246217234610 ) ) ;
#4114 = ORIENTED_EDGE ( 'NONE', *, *, #963, .F. ) ;
#4115 = CARTESIAN_POINT ( 'NONE',  ( -466.6931898790881519, 349.0853400522676679, -278.6056302749572637 ) ) ;
#4116 = CARTESIAN_POINT ( 'NONE',  ( -465.0026835131575922, 117.1517301421265813, -47.00194719025505918 ) ) ;
#4117 = CARTESIAN_POINT ( 'NONE',  ( 10.89731755060905449, 349.1798610364660362, -278.0288696447595385 ) ) ;
#4118 = ORIENTED_EDGE ( 'NONE', *, *, #3628, .F. ) ;
#4119 = CIRCLE ( 'NONE', #3698, 11.09999999999999787 ) ;
#4120 = CARTESIAN_POINT ( 'NONE',  ( -12.41058067299852929, 353.0529708703249980, -275.9546804423026174 ) ) ;
#4121 = DIRECTION ( 'NONE',  ( 0.000000000000000000, 0.000000000000000000, -1.000000000000000000 ) ) ;
#4122 = AXIS2_PLACEMENT_3D ( 'NONE', #3534, #4688, #698 ) ;
#4123 = CARTESIAN_POINT ( 'NONE',  ( -465.2979802407770080, 116.2876437155480858, -49.79017915824132245 ) ) ;
#4124 = CARTESIAN_POINT ( 'NONE',  ( -465.2112001515033626, 132.3862568752457207, -63.59308788165287041 ) ) ;
#4125 = CARTESIAN_POINT ( 'NONE',  ( -11.42266988268812433, 116.0313392735619828, -50.61676006721554444 ) ) ;
#4126 = CARTESIAN_POINT ( 'NONE',  ( -484.7466611570961845, 131.2390423391856018, -43.18803555786759318 ) ) ;
#4127 = ORIENTED_EDGE ( 'NONE', *, *, #4042, .F. ) ;
#4128 = AXIS2_PLACEMENT_3D ( 'NONE', #4748, #3087, #1956 ) ;
#4129 =( BOUNDED_CURVE ( )  B_SPLINE_CURVE ( 3, ( #1581, #1528, #3128, #4736 ),
 .UNSPECIFIED., .F., .F. ) 
 B_SPLINE_CURVE_WITH_KNOTS ( ( 4, 4 ),
 ( 2.356194490192345725, 4.712388980384697668 ),
 .UNSPECIFIED. ) 
 CURVE ( )  GEOMETRIC_REPRESENTATION_ITEM ( )  RATIONAL_B_SPLINE_CURVE ( ( 1.000000000000000000, 0.5884556215767242637, 0.5884556215767242637, 1.000000000000000000 ) ) 
 REPRESENTATION_ITEM ( '' )  );
#4130 = CARTESIAN_POINT ( 'NONE',  ( -10.84758794909904367, 352.4744333616272343, -281.8010819142766081 ) ) ;
#4131 = CARTESIAN_POINT ( 'NONE',  ( -489.2155151569259601, 122.9060077101180184, -42.62219088755215068 ) ) ;
#4132 = CARTESIAN_POINT ( 'NONE',  ( 6.365816045405892964, 133.9525004075684649, -45.01970466724220898 ) ) ;
#4133 = CARTESIAN_POINT ( 'NONE',  ( -490.0612490092424309, 133.0739607705531000, -62.61847317523721301 ) ) ;
#4134 = CARTESIAN_POINT ( 'NONE',  ( -484.0270218193657570, 117.5623405916690700, -59.69963235622321207 ) ) ;
#4135 = DIRECTION ( 'NONE',  ( -1.000000000000000000, -0.000000000000000000, 0.000000000000000000 ) ) ;
#4136 = ADVANCED_FACE ( 'NONE', ( #902 ), #4571, .F. ) ;
#4137 = AXIS2_PLACEMENT_3D ( 'NONE', #2449, #1760, #880 ) ;
#4138 = B_SPLINE_CURVE_WITH_KNOTS ( 'NONE', 3,
 ( #88, #1679, #896, #1411, #3836, #3730, #2491, #4077, #3442, #1703, #2068, #3305, #2222, #2513, #1828, #476, #5032, #3197, #1624, #2434, #5167, #2853, #4848, #4018, #3168, #1961, #5193, #34, #2777, #1650, #1255, #4798, #3740, #3993, #3622, #4456, #4043, #392, #1739, #8, #419, #790, #1182, #1205, #4431, #443, #1344, #4777, #3221, #3345, #812, #3248, #868, #1986, #3648, #2459, #842, #2803, #2407, #957 ),
 .UNSPECIFIED., .F., .F.,
 ( 4, 2, 2, 2, 2, 2, 2, 2, 2, 2, 2, 2, 2, 2, 2, 2, 2, 2, 2, 2, 2, 2, 2, 2, 2, 2, 2, 2, 2, 4 ),
 ( 2.775557561562891351E-17, 0.002343829805087706102, 0.003515744707631574765, 0.004687659610175442561, 0.007031489415263179887, 0.008203404317807017759, 0.009375319220350857366, 0.01054723412289469697, 0.01171914902543853658, 0.01289106392798237619, 0.01406297883052621579, 0.01523489373307005366, 0.01640680863561389327, 0.01875063844070149269, 0.01992255334324523341, 0.02109446824578898108, 0.02343829805087638621, 0.02461021295342011306, 0.02578212785596383991, 0.02695404275850756676, 0.02754000020977950131, 0.02812595766105142892, 0.02929787256359528760, 0.02988383001486720481, 0.03046978746613911507, 0.03164170236868300845, 0.03281361727122690530, 0.03398553217377080216, 0.03515744707631469207, 0.03750127688140242332 ),
 .UNSPECIFIED. ) ;
#4139 = FACE_OUTER_BOUND ( 'NONE', #940, .T. ) ;
#4140 = CARTESIAN_POINT ( 'NONE',  ( 6.305398661406378835, 134.8451160342204673, -45.86762607912640277 ) ) ;
#4141 = CARTESIAN_POINT ( 'NONE',  ( -108.7569344443978991, 278.4148614035563583, -133.4098928608660515 ) ) ;
#4142 = CARTESIAN_POINT ( 'NONE',  ( -12.77156943187099536, 132.0076387058813623, -63.26933923854273445 ) ) ;
#4143 = CARTESIAN_POINT ( 'NONE',  ( -106.8591194730463769, 271.0863223916459788, -114.4989344394391679 ) ) ;
#4144 = ORIENTED_EDGE ( 'NONE', *, *, #1371, .T. ) ;
#4145 = EDGE_CURVE ( 'NONE', #1279, #3208, #225, .T. ) ;
#4146 = CARTESIAN_POINT ( 'NONE',  ( -466.6662809396968328, 351.6962729618495587, -275.8010819142764376 ) ) ;
#4147 = CARTESIAN_POINT ( 'NONE',  ( -467.4784437241431760, 115.6571441848938662, -53.39246621391572489 ) ) ;
#4148 = SHAPE_DEFINITION_REPRESENTATION ( #5028, #884 ) ;
#4149 = CARTESIAN_POINT ( 'NONE',  ( 12.69869733029157466, 134.6539366105982936, -61.99085699416652773 ) ) ;
#4150 = ORIENTED_EDGE ( 'NONE', *, *, #2951, .F. ) ;
#4151 = CARTESIAN_POINT ( 'NONE',  ( -6.448254694447276947, 248.4272834841243878, -159.6629214704094011 ) ) ;
#4152 = CARTESIAN_POINT ( 'NONE',  ( 6.368600613957887902, 118.2908872057749505, -60.65307106362129730 ) ) ;
#4153 = CARTESIAN_POINT ( 'NONE',  ( -467.3596252771483250, 127.0818733022239257, -42.38196830729757636 ) ) ;
#4154 = DIRECTION ( 'NONE',  ( 0.000000000000000000, 0.7071067811865474617, -0.7071067811865474617 ) ) ;
#4155 = CARTESIAN_POINT ( 'NONE',  ( -489.6397781460866554, 137.2039068476906607, -58.47777746019497158 ) ) ;
#4156 = ORIENTED_EDGE ( 'NONE', *, *, #4525, .T. ) ;
#4157 = CARTESIAN_POINT ( 'NONE',  ( -471.1971843206414405, 135.5142075945400109, -46.64737282674327901 ) ) ;
#4158 = CARTESIAN_POINT ( 'NONE',  ( -10.73899186843603282, 352.4769971880053276, -275.8203301613304461 ) ) ;
#4159 = CARTESIAN_POINT ( 'NONE',  ( -488.5896464876528853, 124.3499451015115937, -42.26448206218270087 ) ) ;
#4160 = CARTESIAN_POINT ( 'NONE',  ( -460.8138688887958097, 126.7631832112599852, -50.47891196379821110 ) ) ;
#4161 = CARTESIAN_POINT ( 'NONE',  ( -488.7577835684376737, 129.5230999723173682, -64.64416646907335462 ) ) ;
#4162 = CARTESIAN_POINT ( 'NONE',  ( -485.1510506007654158, 116.5492532164106052, -57.83827551040279502 ) ) ;
#4163 = CARTESIAN_POINT ( 'NONE',  ( 9.986568026950813248, 115.6613382184634702, -54.08376710319946312 ) ) ;
#4164 = CARTESIAN_POINT ( 'NONE',  ( -108.7569344443978991, 278.4148614035563014, -133.4098928608660515 ) ) ;
#4165 = CARTESIAN_POINT ( 'NONE',  ( 7.783317058399592980, 130.2566126211841038, -42.76533356669147423 ) ) ;
#4166 = FACE_OUTER_BOUND ( 'NONE', #2458, .T. ) ;
#4167 = CARTESIAN_POINT ( 'NONE',  ( -11.40066020473318176, 129.8713487491451701, -64.56670901668975660 ) ) ;
#4168 = CARTESIAN_POINT ( 'NONE',  ( -483.9110371157614168, 133.8105990291321916, -44.90115544055771579 ) ) ;
#4169 = ORIENTED_EDGE ( 'NONE', *, *, #549, .F. ) ;
#4170 = CARTESIAN_POINT ( 'NONE',  ( -466.9308290535019523, 349.8240344581582235, -280.7822313273750865 ) ) ;
#4171 = CARTESIAN_POINT ( 'NONE',  ( -470.4129449781332823, 116.8247486454580155, -58.43578431545676466 ) ) ;
#4172 = ADVANCED_FACE ( 'NONE', ( #119 ), #2907, .T. ) ;
#4173 = CARTESIAN_POINT ( 'NONE',  ( -366.8694416481991425, 259.4394870086573519, -127.0404833139852911 ) ) ;
#4174 = CIRCLE ( 'NONE', #4347, 3.000000000000002665 ) ;
#4175 = VERTEX_POINT ( 'NONE', #1735 ) ;
#4176 = CARTESIAN_POINT ( 'NONE',  ( -4.744968649007071271, 238.1349998548593305, -148.1689626460291720 ) ) ;
#4177 = CARTESIAN_POINT ( 'NONE',  ( 6.396997982991182496, 117.4798591987833589, -59.71288538943392865 ) ) ;
#4178 = DIRECTION ( 'NONE',  ( 0.000000000000000000, -1.000000000000000000, 0.000000000000000000 ) ) ;
#4179 = CARTESIAN_POINT ( 'NONE',  ( -371.2165740275043504, 286.6300653930933322, -125.1946888713287507 ) ) ;
#4180 = CARTESIAN_POINT ( 'NONE',  ( -11.27376323629214205, 115.7643076539932707, -51.82170794356099464 ) ) ;
#4181 = CARTESIAN_POINT ( 'NONE',  ( -10.34214677907833213, 126.7631832112599852, -42.37891196379820968 ) ) ;
#4182 = ORIENTED_EDGE ( 'NONE', *, *, #4961, .F. ) ;
#4183 = CARTESIAN_POINT ( 'NONE',  ( -468.6524902651012212, 137.6052988694769397, -51.07625921810119962 ) ) ;
#4184 = CARTESIAN_POINT ( 'NONE',  ( 0.000000000000000000, 358.4493141924170345, -285.1650429449557009 ) ) ;
#4185 = CARTESIAN_POINT ( 'NONE',  ( -8.410706392867300707, 115.7277530163540717, -55.92402842877765323 ) ) ;
#4186 = CARTESIAN_POINT ( 'NONE',  ( 9.963570671483770624, 127.4091361743537618, -42.37891196379769809 ) ) ;
#4187 = DIRECTION ( 'NONE',  ( 0.000000000000000000, 0.000000000000000000, -1.000000000000000000 ) ) ;
#4188 = CARTESIAN_POINT ( 'NONE',  ( -486.7875705023602677, 115.7970509834349286, -55.23067493190882260 ) ) ;
#4189 = CARTESIAN_POINT ( 'NONE',  ( 13.20537368059624761, 118.9843042302399567, -45.55174207542143705 ) ) ;
#4190 = CARTESIAN_POINT ( 'NONE',  ( -464.6986265038980264, 136.4713229138546353, -58.87361922373331424 ) ) ;
#4191 = FACE_OUTER_BOUND ( 'NONE', #222, .T. ) ;
#4192 = CARTESIAN_POINT ( 'NONE',  ( 6.178239677706156563, 134.8499917419432848, -45.87269394129938149 ) ) ;
#4193 = TOROIDAL_SURFACE ( 'NONE', #66, 10.09999999999999787, 1.000000000000000000 ) ;
#4194 = DIRECTION ( 'NONE',  ( 0.000000000000000000, 0.7071067811865490160, 0.7071067811865460184 ) ) ;
#4195 = CARTESIAN_POINT ( 'NONE',  ( -108.7569344443978991, 278.4148614035563583, -133.4098928608660515 ) ) ;
#4196 = CARTESIAN_POINT ( 'NONE',  ( -12.63621765853770107, 136.7709422159353778, -58.29528010433242002 ) ) ;
#4197 = CARTESIAN_POINT ( 'NONE',  ( -486.2853422926048665, 129.3100288290457343, -42.65622333172440506 ) ) ;
#4198 = ORIENTED_EDGE ( 'NONE', *, *, #1541, .T. ) ;
#4199 = CARTESIAN_POINT ( 'NONE',  ( -470.5810489182329093, 116.9925906437834158, -58.76009564897574933 ) ) ;
#4200 = CARTESIAN_POINT ( 'NONE',  ( -367.1765304020429426, 272.0189627329481823, -136.6610075896952594 ) ) ;
#4201 = ORIENTED_EDGE ( 'NONE', *, *, #4652, .F. ) ;
#4202 = ORIENTED_EDGE ( 'NONE', *, *, #2727, .T. ) ;
#4203 = CARTESIAN_POINT ( 'NONE',  ( -12.24624149005641982, 237.5974607321400640, -169.0712498809369038 ) ) ;
#4204 = EDGE_CURVE ( 'NONE', #3753, #245, #1582, .T. ) ;
#4205 = CARTESIAN_POINT ( 'NONE',  ( 6.053273806066520990, 119.0573642066163984, -61.56220173847302135 ) ) ;
#4206 = CARTESIAN_POINT ( 'NONE',  ( -464.8990325683090532, 351.3019592700512135, -275.8789376831418281 ) ) ;
#4207 = CARTESIAN_POINT ( 'NONE',  ( -467.1175195907847524, 138.1350538703870825, -54.52473663118520619 ) ) ;
#4208 = CARTESIAN_POINT ( 'NONE',  ( -8.845251858364845177, 115.9118203323020850, -55.91071068330231952 ) ) ;
#4209 = CARTESIAN_POINT ( 'NONE',  ( -486.9120216220051702, 127.5349920695820458, -42.13919660715038162 ) ) ;
#4210 = ORIENTED_EDGE ( 'NONE', *, *, #1137, .T. ) ;
#4211 = CARTESIAN_POINT ( 'NONE',  ( -471.1522044780779765, 135.6336414168924591, -46.80331031451371615 ) ) ;
#4212 = FACE_OUTER_BOUND ( 'NONE', #359, .T. ) ;
#4213 = CARTESIAN_POINT ( 'NONE',  ( -488.2800922203762184, 349.0854335940798592, -278.9974722220682111 ) ) ;
#4214 = EDGE_CURVE ( 'NONE', #2230, #2470, #3051, .T. ) ;
#4215 = CARTESIAN_POINT ( 'NONE',  ( -489.4703479102572032, 131.2996491620939423, -64.09251523090469504 ) ) ;
#4216 = CARTESIAN_POINT ( 'NONE',  ( -484.2318897132926736, 121.2829163083042801, -63.24307309474232142 ) ) ;
#4217 = TOROIDAL_SURFACE ( 'NONE', #1443, 10.09999999999999787, 1.000000000000000000 ) ;
#4218 = CARTESIAN_POINT ( 'NONE',  ( -15.69999999999999929, 126.7631832112599852, -63.57891196379821253 ) ) ;
#4219 = CARTESIAN_POINT ( 'NONE',  ( -477.5138688887957983, 358.4493141924170914, -285.1650429449557009 ) ) ;
#4220 = CARTESIAN_POINT ( 'NONE',  ( 9.402317981647831502, 127.5277570989769629, -42.13846323558826867 ) ) ;
#4221 = CARTESIAN_POINT ( 'NONE',  ( -460.8138688887958097, 0.000000000000000000, 0.000000000000000000 ) ) ;
#4222 = CARTESIAN_POINT ( 'NONE',  ( -11.86827189736507115, 137.1705145320585189, -57.40931025788106012 ) ) ;
#4223 = CARTESIAN_POINT ( 'NONE',  ( -488.5086076381518296, 353.9160772950965566, -281.1859643482037541 ) ) ;
#4224 = ORIENTED_EDGE ( 'NONE', *, *, #140, .F. ) ;
#4225 = AXIS2_PLACEMENT_3D ( 'NONE', #2966, #175, #4568 ) ;
#4226 = CARTESIAN_POINT ( 'NONE',  ( 10.58300355931895531, 354.3456390403193836, -276.8187186997840286 ) ) ;
#4227 = CARTESIAN_POINT ( 'NONE',  ( -471.2796992684556017, 119.5742809621593636, -61.93879480233298551 ) ) ;
#4228 = CARTESIAN_POINT ( 'NONE',  ( -368.7569344443975297, 278.4148614035565856, -133.4098928608657957 ) ) ;
#4229 = ORIENTED_EDGE ( 'NONE', *, *, #2020, .T. ) ;
#4230 = CARTESIAN_POINT ( 'NONE',  ( -464.9143912583409701, 116.7037497817886873, -48.77169683160769864 ) ) ;
#4231 = CARTESIAN_POINT ( 'NONE',  ( 11.96405507188961259, 131.3208045264281623, -64.08428301580798347 ) ) ;
#4232 = VERTEX_POINT ( 'NONE', #3129 ) ;
#4233 = CARTESIAN_POINT ( 'NONE',  ( -3.250948868960182647, 247.1410209232005570, -156.4907318851769276 ) ) ;
#4234 = CARTESIAN_POINT ( 'NONE',  ( 6.826287234064131404, 120.9143746746234740, -62.92037300615978523 ) ) ;
#4235 = DIRECTION ( 'NONE',  ( 1.000000000000000000, -0.000000000000000000, 0.000000000000000000 ) ) ;
#4236 = CARTESIAN_POINT ( 'NONE',  ( -467.8788223840836622, 138.1392406187183894, -53.12094459178595685 ) ) ;
#4237 = CARTESIAN_POINT ( 'NONE',  ( -486.9470553376348789, 138.1090599714589473, -52.76794435465613731 ) ) ;
#4238 = VERTEX_POINT ( 'NONE', #2290 ) ;
#4239 = CARTESIAN_POINT ( 'NONE',  ( -469.8723373595693715, 137.0005431961374143, -49.13497202539828379 ) ) ;
#4240 = CARTESIAN_POINT ( 'NONE',  ( -488.2022757352056033, 349.1805577410782462, -279.5761009939698738 ) ) ;
#4241 = DIRECTION ( 'NONE',  ( 0.000000000000000000, 0.000000000000000000, -1.000000000000000000 ) ) ;
#4242 = CARTESIAN_POINT ( 'NONE',  ( -487.8149426536513715, 115.3669322849992227, -52.62383422113848042 ) ) ;
#4243 = ADVANCED_FACE ( 'NONE', ( #3455, #5018 ), #3100, .T. ) ;
#4244 = CIRCLE ( 'NONE', #4074, 12.70000000000002949 ) ;
#4245 = CARTESIAN_POINT ( 'NONE',  ( -466.4311646334812167, 137.8093697569793790, -54.77625432069105216 ) ) ;
#4246 = DIRECTION ( 'NONE',  ( 0.000000000000000000, 0.7071067811865476838, -0.7071067811865474617 ) ) ;
#4247 = DIRECTION ( 'NONE',  ( -0.000000000000000000, 1.000000000000000000, -0.000000000000000000 ) ) ;
#4248 = CARTESIAN_POINT ( 'NONE',  ( 8.236709880444134768, 137.3391164590478297, -50.09143596836825907 ) ) ;
#4249 = CARTESIAN_POINT ( 'NONE',  ( -483.5979096314256935, 134.1631375833137270, -45.11306936296339387 ) ) ;
#4250 = CARTESIAN_POINT ( 'NONE',  ( -6.518398480573373455, 135.9764834285941504, -47.27578448269973421 ) ) ;
#4251 = ORIENTED_EDGE ( 'NONE', *, *, #4871, .F. ) ;
#4252 = DIRECTION ( 'NONE',  ( 1.000000000000000000, -0.000000000000000000, -0.000000000000000000 ) ) ;
#4253 = CARTESIAN_POINT ( 'NONE',  ( -466.5591335549049745, 115.7918860688740637, -51.64744263710716154 ) ) ;
#4254 = CARTESIAN_POINT ( 'NONE',  ( 5.551115123125782702E-14, 234.7056274847712132, -161.4213562373098512 ) ) ;
#4255 = ORIENTED_EDGE ( 'NONE', *, *, #1757, .F. ) ;
#4256 = CARTESIAN_POINT ( 'NONE',  ( -12.77597583954553606, 121.5039979540290034, -43.69636147053263642 ) ) ;
#4257 = AXIS2_PLACEMENT_3D ( 'NONE', #5144, #916, #471 ) ;
#4258 = CARTESIAN_POINT ( 'NONE',  ( 12.68772320914006002, 118.0889472163588039, -45.76878676828214765 ) ) ;
#4259 = CARTESIAN_POINT ( 'NONE',  ( 0.000000000000000000, -20.00000000000000000, 0.000000000000000000 ) ) ;
#4260 = CARTESIAN_POINT ( 'NONE',  ( -469.5331671774915208, 129.9304600512106731, -42.65474630132403888 ) ) ;
#4261 = CARTESIAN_POINT ( 'NONE',  ( -6.286484645287843342, 118.8402375835684381, -61.26316027277114529 ) ) ;
#4262 = CARTESIAN_POINT ( 'NONE',  ( -489.8560048960850963, 116.3749860148879236, -49.50311792203946482 ) ) ;
#4263 = ORIENTED_EDGE ( 'NONE', *, *, #2239, .T. ) ;
#4264 = CARTESIAN_POINT ( 'NONE',  ( -469.2583966158955491, 137.4705232501123078, -50.53075465563019719 ) ) ;
#4265 = CIRCLE ( 'NONE', #1990, 32.70000000000000995 ) ;
#4266 = CARTESIAN_POINT ( 'NONE',  ( -108.7569344443978991, 278.4148614035563014, -133.4098928608660515 ) ) ;
#4267 = CARTESIAN_POINT ( 'NONE',  ( -11.89729693802028976, 236.0768656073830130, -169.1220145798034196 ) ) ;
#4268 = CARTESIAN_POINT ( 'NONE',  ( -488.6031232836011782, 115.7174649311010484, -52.17021455531884300 ) ) ;
#4269 = CARTESIAN_POINT ( 'NONE',  ( 6.402980392118394981, 118.1371534010613829, -60.47422897967800992 ) ) ;
#4270 = DIRECTION ( 'NONE',  ( 0.000000000000000000, 0.000000000000000000, -1.000000000000000000 ) ) ;
#4271 = ADVANCED_FACE ( 'NONE', ( #2262 ), #3822, .F. ) ;
#4272 = CARTESIAN_POINT ( 'NONE',  ( 0.000000000000000000, 358.4493141924170345, -285.1650429449557009 ) ) ;
#4273 = EDGE_CURVE ( 'NONE', #3012, #2819, #904, .T. ) ;
#4274 = LINE ( 'NONE', #1399, #4683 ) ;
#4275 =( BOUNDED_SURFACE ( )  B_SPLINE_SURFACE ( 3, 2, ( 
 ( #2733, #2356, #3576 ),
 ( #4336, #5169, #3501 ),
 ( #743, #1575, #3172 ),
 ( #2331, #3944, #4779 ),
 ( #4386, #2382, #3995 ),
 ( #1696, #3674, #10 ),
 ( #844, #4459, #3625 ),
 ( #421, #814, #4434 ),
 ( #60, #914, #2805 ),
 ( #81, #1208, #2484 ),
 ( #1626, #3275, #4093 ),
 ( #4875, #2436, #3199 ),
 ( #4800, #3223, #3696 ),
 ( #2060, #1231, #4071 ),
 ( #2855, #4408, #2829 ),
 ( #4826, #4047, #469 ),
 ( #445, #4020, #2410 ),
 ( #870, #2039, #3650 ),
 ( #36, #1652, #3250 ),
 ( #4850, #2011, #4116 ),
 ( #2109, #518, #496 ),
 ( #1281, #5196, #1258 ),
 ( #2461, #1673, #2881 ),
 ( #4485, #4508, #891 ),
 ( #2084, #3298, #4896 ),
 ( #1602, #1302, #2903 ),
 ( #2509, #4581, #2219 ),
 ( #1024, #4253, #4556 ),
 ( #3009, #2131, #5030 ),
 ( #965, #4147, #4532 ),
 ( #2588, #3806, #4642 ),
 ( #2980, #1437, #104 ),
 ( #191, #4919, #1774 ),
 ( #2534, #1800, #2558 ),
 ( #994, #3323, #1746 ),
 ( #1054, #598, #4945 ),
 ( #3353, #1379, #1721 ),
 ( #1408, #4171, #3833 ),
 ( #942, #4199, #2190 ),
 ( #656, #1353, #571 ),
 ( #3409, #3723, #161 ),
 ( #3439, #131, #1326 ),
 ( #2927, #2158, #2955 ),
 ( #5003, #4610, #546 ),
 ( #626, #3776, #3381 ),
 ( #2616, #4227, #3038 ),
 ( #220, #1826, #4975 ),
 ( #2643, #3750, #1517 ),
 ( #3913, #4281, #3116 ),
 ( #3088, #4749, #3544 ),
 ( #5139, #3939, #1154 ),
 ( #1931, #1957, #4726 ),
 ( #4379, #1567, #4698 ),
 ( #2672, #683, #1108 ),
 ( #2773, #1495, #5087 ),
 ( #4330, #1853, #330 ) ),
 .UNSPECIFIED., .F., .F., .F. ) 
 B_SPLINE_SURFACE_WITH_KNOTS ( ( 4, 2, 2, 2, 2, 2, 2, 2, 2, 2, 2, 2, 2, 2, 2, 2, 2, 2, 2, 2, 2, 2, 2, 2, 2, 2, 2, 4 ),
 ( 3, 3 ),
 ( 0.03894432859001283054, 0.04137834912688864025, 0.04259535939532654858, 0.04381236966376444997, 0.04502937993220235136, 0.04624639020064025274, 0.04868041073751606246, 0.04928891587173502009, 0.04989742100595397079, 0.05111443127439187217, 0.05233144154282977356, 0.05354845181126767495, 0.05476546207970557634, 0.05598247234814348466, 0.05841649288501929438, 0.05963350315345719577, 0.06085051342189510409, 0.06328453395877091381, 0.06450154422720882907, 0.06571855449564673046, 0.06693556476408463185, 0.06815257503252253324, 0.06936958530096043463, 0.06997809043517938532, 0.07058659556939833601, 0.07302061610627413879, 0.07545463664314994157, 0.07788865718002575822 ),
 ( 0.000000000000000000, 1.000000000000000000 ),
 .UNSPECIFIED. ) 
 GEOMETRIC_REPRESENTATION_ITEM ( )  RATIONAL_B_SPLINE_SURFACE ( (
 ( 1.000000000000000000, 0.8630364106869653495, 1.000000000000000000),
 ( 1.000000000000000000, 0.8474948987451126348, 1.000000000000000000),
 ( 1.000000000000000000, 0.8311128781721218717, 1.000000000000000000),
 ( 1.000000000000000000, 0.8063022470366406624, 1.000000000000000000),
 ( 1.000000000000000000, 0.7979538614111643113, 1.000000000000000000),
 ( 1.000000000000000000, 0.7816941291613533904, 1.000000000000000000),
 ( 1.000000000000000000, 0.7737739712158085981, 1.000000000000000000),
 ( 1.000000000000000000, 0.7586647157792490992, 1.000000000000000000),
 ( 1.000000000000000000, 0.7514748909849577885, 1.000000000000000000),
 ( 1.000000000000000000, 0.7382108424333730934, 1.000000000000000000),
 ( 1.000000000000000000, 0.7321332616760687362, 1.000000000000000000),
 ( 1.000000000000000000, 0.7166895745680136320, 1.000000000000000000),
 ( 1.000000000000000000, 0.7099197958309724221, 1.000000000000000000),
 ( 1.000000000000000000, 0.7072853301006084559, 1.000000000000000000),
 ( 1.000000000000000000, 0.7070518111468692135, 1.000000000000000000),
 ( 1.000000000000000000, 0.7071838191589029377, 1.000000000000000000),
 ( 1.000000000000000000, 0.7075457476868657336, 1.000000000000000000),
 ( 1.000000000000000000, 0.7094889621102744570, 1.000000000000000000),
 ( 1.000000000000000000, 0.7119290998821572458, 1.000000000000000000),
 ( 1.000000000000000000, 0.7188988055201648297, 1.000000000000000000),
 ( 1.000000000000000000, 0.7234693355590199326, 1.000000000000000000),
 ( 1.000000000000000000, 0.7342329164108923889, 1.000000000000000000),
 ( 1.000000000000000000, 0.7403983857550042735, 1.000000000000000000),
 ( 1.000000000000000000, 0.7538832479983827994, 1.000000000000000000),
 ( 1.000000000000000000, 0.7612029892899367933, 1.000000000000000000),
 ( 1.000000000000000000, 0.7766446831875168932, 1.000000000000000000),
 ( 1.000000000000000000, 0.7846902416271601677, 1.000000000000000000),
 ( 1.000000000000000000, 0.8090609689967810381, 1.000000000000000000),
 ( 1.000000000000000000, 0.8257049014579472823, 1.000000000000000000),
 ( 1.000000000000000000, 0.8499961438786272083, 1.000000000000000000),
 ( 1.000000000000000000, 0.8580168486340344902, 1.000000000000000000),
 ( 1.000000000000000000, 0.8734797517786654364, 1.000000000000000000),
 ( 1.000000000000000000, 0.8809389017321010984, 1.000000000000000000),
 ( 1.000000000000000000, 0.9023650983432631723, 1.000000000000000000),
 ( 1.000000000000000000, 0.9153874201998410953, 1.000000000000000000),
 ( 1.000000000000000000, 0.9325108443719788420, 1.000000000000000000),
 ( 1.000000000000000000, 0.9377784402643463135, 1.000000000000000000),
 ( 1.000000000000000000, 0.9472672516207948368, 1.000000000000000000),
 ( 1.000000000000000000, 0.9515031160307375613, 1.000000000000000000),
 ( 1.000000000000000000, 0.9588138659453341317, 1.000000000000000000),
 ( 1.000000000000000000, 0.9618808812044784551, 1.000000000000000000),
 ( 1.000000000000000000, 0.9664845643740994641, 1.000000000000000000),
 ( 1.000000000000000000, 0.9680509770481603438, 1.000000000000000000),
 ( 1.000000000000000000, 0.9694952504867883070, 1.000000000000000000),
 ( 1.000000000000000000, 0.9693400335217718933, 1.000000000000000000),
 ( 1.000000000000000000, 0.9678669975529970992, 1.000000000000000000),
 ( 1.000000000000000000, 0.9671696828092700704, 1.000000000000000000),
 ( 1.000000000000000000, 0.9653731585843084995, 1.000000000000000000),
 ( 1.000000000000000000, 0.9642669051001681035, 1.000000000000000000),
 ( 1.000000000000000000, 0.9578845184053681461, 1.000000000000000000),
 ( 1.000000000000000000, 0.9501001677503924103, 1.000000000000000000),
 ( 1.000000000000000000, 0.9303970607734155518, 1.000000000000000000),
 ( 1.000000000000000000, 0.9187322690997258290, 1.000000000000000000),
 ( 1.000000000000000000, 0.8925863555432407281, 1.000000000000000000),
 ( 1.000000000000000000, 0.8780792207095374780, 1.000000000000000000),
 ( 1.000000000000000000, 0.8624489701308412082, 1.000000000000000000) ) ) 
 REPRESENTATION_ITEM ( '' )  SURFACE ( )  );
#4276 = CARTESIAN_POINT ( 'NONE',  ( 11.27151086032977290, 137.7424517802368769, -55.14953117567702634 ) ) ;
#4277 = CARTESIAN_POINT ( 'NONE',  ( -484.0285276292551657, 135.9669142912783855, -47.26232234340690752 ) ) ;
#4278 = CARTESIAN_POINT ( 'NONE',  ( -7.481814961284237064, 137.0381195309812483, -49.22309773954111733 ) ) ;
#4279 = VERTEX_POINT ( 'NONE', #5076 ) ;
#4280 = CARTESIAN_POINT ( 'NONE',  ( 8.971419704928862870, 125.2657607341161849, -64.71748360542082423 ) ) ;
#4281 = CARTESIAN_POINT ( 'NONE',  ( -471.1184783642684124, 120.1952709556966994, -62.42940401987233656 ) ) ;
#4282 = EDGE_CURVE ( 'NONE', #2129, #3659, #1482, .T. ) ;
#4283 = CARTESIAN_POINT ( 'NONE',  ( -9.908540595310379118, 115.6821345456779255, -54.20695937504656570 ) ) ;
#4284 = EDGE_LOOP ( 'NONE', ( #825, #2813, #5157, #5060 ) ) ;
#4285 = CARTESIAN_POINT ( 'NONE',  ( -13.20090180591012086, 119.0067295460114423, -45.53620637850760033 ) ) ;
#4286 = CIRCLE ( 'NONE', #992, 10.09999999999999787 ) ;
#4287 = CARTESIAN_POINT ( 'NONE',  ( 11.17957021042316157, 115.5908959892877164, -50.84168996737808044 ) ) ;
#4288 = CARTESIAN_POINT ( 'NONE',  ( -10.79351657246149365, 352.0853531617383396, -281.8010819142765513 ) ) ;
#4289 = CARTESIAN_POINT ( 'NONE',  ( -471.4234745387530552, 135.1079921399332022, -46.06317835691602625 ) ) ;
#4290 = CARTESIAN_POINT ( 'NONE',  ( -6.293897500074749018, 119.1221343955660501, -61.53969275673052408 ) ) ;
#4291 = CARTESIAN_POINT ( 'NONE',  ( -477.5138688887957983, 358.4493141924170914, -285.1650429449557009 ) ) ;
#4292 = CYLINDRICAL_SURFACE ( 'NONE', #4009, 11.09999999999999787 ) ;
#4293 = CARTESIAN_POINT ( 'NONE',  ( -10.63160587122016665, 231.6480839992101153, -168.1915043147090785 ) ) ;
#4294 = CARTESIAN_POINT ( 'NONE',  ( -490.3878933311856372, 121.1575327740924877, -43.89054100933739022 ) ) ;
#4295 = CYLINDRICAL_SURFACE ( 'NONE', #693, 11.09999999999999787 ) ;
#4296 = CARTESIAN_POINT ( 'NONE',  ( -470.3182281095213852, 131.8886946883401095, -43.62673216592405367 ) ) ;
#4297 = AXIS2_PLACEMENT_3D ( 'NONE', #402, #3633, #3681 ) ;
#4298 = DIRECTION ( 'NONE',  ( 1.000000000000000000, -0.000000000000000000, 0.000000000000000000 ) ) ;
#4299 = CARTESIAN_POINT ( 'NONE',  ( -465.1365799573677009, 353.4121348757313967, -276.1032714126384349 ) ) ;
#4300 = CARTESIAN_POINT ( 'NONE',  ( 10.29968239058199586, 138.1433660663600449, -54.34121903398335718 ) ) ;
#4301 = CARTESIAN_POINT ( 'NONE',  ( -487.8244557278040361, 126.1827556264909731, -42.37060285229724599 ) ) ;
#4302 = CARTESIAN_POINT ( 'NONE',  ( -10.41981191545573893, 137.8411680996683515, -54.27524131264144103 ) ) ;
#4303 = EDGE_LOOP ( 'NONE', ( #1350, #3831, #97, #1273 ) ) ;
#4304 = DIRECTION ( 'NONE',  ( -1.000000000000000000, 0.000000000000000000, 0.000000000000000000 ) ) ;
#4305 = CARTESIAN_POINT ( 'NONE',  ( -465.0341593473609123, 243.9315198821025774, -167.2734073716603973 ) ) ;
#4306 = CARTESIAN_POINT ( 'NONE',  ( -13.20047607326465489, 119.0293053177714881, -45.51428620323849117 ) ) ;
#4307 = ORIENTED_EDGE ( 'NONE', *, *, #2761, .T. ) ;
#4308 = CARTESIAN_POINT ( 'NONE',  ( -13.15377709390004668, 119.8830810875382866, -44.73243889599540069 ) ) ;
#4309 = EDGE_CURVE ( 'NONE', #3379, #5000, #2195, .T. ) ;
#4310 = CIRCLE ( 'NONE', #706, 10.09999999999999787 ) ;
#4311 = CARTESIAN_POINT ( 'NONE',  ( 11.68840568486172060, 124.2759976040617147, -42.63838025907907081 ) ) ;
#4312 = CARTESIAN_POINT ( 'NONE',  ( 11.32418845742709834, 128.5413297152806820, -64.43556268426196709 ) ) ;
#4313 = CARTESIAN_POINT ( 'NONE',  ( -488.0300005215037231, 126.4663181173436328, -42.37891196379845837 ) ) ;
#4314 = CARTESIAN_POINT ( 'NONE',  ( -6.354278466740445275, 118.3044061338221837, -60.67729230310492028 ) ) ;
#4315 = DIRECTION ( 'NONE',  ( -1.000000000000000000, 0.000000000000000000, 0.000000000000000000 ) ) ;
#4316 = CARTESIAN_POINT ( 'NONE',  ( -9.145083095551797214, 128.7192657352253207, -42.54760793203733016 ) ) ;
#4317 = CARTESIAN_POINT ( 'NONE',  ( -488.5085177084453676, 350.2560801988832964, -276.4152227986514845 ) ) ;
#4318 = CARTESIAN_POINT ( 'NONE',  ( -11.49938476898406314, 227.1148223363558145, -161.4829807747386781 ) ) ;
#4319 = CARTESIAN_POINT ( 'NONE',  ( -490.1346671297608282, 120.1144961356203140, -44.55776830197660132 ) ) ;
#4320 = CARTESIAN_POINT ( 'NONE',  ( -497.5138688887958551, 352.0853531617383396, -275.8010819142765513 ) ) ;
#4321 = CARTESIAN_POINT ( 'NONE',  ( -464.4044949230072916, 133.4625741370408321, -62.33761617476802286 ) ) ;
#4322 = CARTESIAN_POINT ( 'NONE',  ( -477.5138688887957983, 366.2274887854691201, -277.3868683519036722 ) ) ;
#4323 = CARTESIAN_POINT ( 'NONE',  ( -484.8620504310986803, 122.2619514767645228, -63.63167274298554332 ) ) ;
#4324 = CARTESIAN_POINT ( 'NONE',  ( -483.7972859664075145, 135.8173799812127527, -46.92430238441333046 ) ) ;
#4325 = CARTESIAN_POINT ( 'NONE',  ( -8.912499092665468581, 128.6172905787373679, -42.51196294617714955 ) ) ;
#4326 = CARTESIAN_POINT ( 'NONE',  ( -488.4875799929690743, 354.6923459556641092, -280.2986581007928066 ) ) ;
#4327 = EDGE_LOOP ( 'NONE', ( #3351, #1203 ) ) ;
#4328 = ADVANCED_FACE ( 'NONE', ( #372 ), #4055, .F. ) ;
#4329 = LINE ( 'NONE', #3912, #3285 ) ;
#4330 = CARTESIAN_POINT ( 'NONE',  ( -467.5352363950448193, 126.1529073061082613, -64.56212283969475152 ) ) ;
#4331 = CARTESIAN_POINT ( 'NONE',  ( -10.11094294191654974, 115.6650680057310012, -53.87223115120140449 ) ) ;
#4332 = ORIENTED_EDGE ( 'NONE', *, *, #2020, .F. ) ;
#4333 = CARTESIAN_POINT ( 'NONE',  ( -12.70086764671551194, 118.6536533465552168, -45.18211324255168648 ) ) ;
#4334 = EDGE_CURVE ( 'NONE', #3694, #2187, #3138, .T. ) ;
#4335 = CARTESIAN_POINT ( 'NONE',  ( 11.78132353657916198, 115.9745583313134603, -49.41695309368930822 ) ) ;
#4336 = CARTESIAN_POINT ( 'NONE',  ( -467.1382769028122084, 126.7177469908593537, -42.35803854292634441 ) ) ;
#4337 = EDGE_CURVE ( 'NONE', #2112, #3473, #4265, .T. ) ;
#4338 = B_SPLINE_CURVE_WITH_KNOTS ( 'NONE', 3,
 ( #156, #4502, #3771, #2583, #959, #2922 ),
 .UNSPECIFIED., .F., .F.,
 ( 4, 2, 4 ),
 ( 0.07632653473880086914, 0.07668207477317492970, 0.07703761480754900415 ),
 .UNSPECIFIED. ) ;
#4339 = CARTESIAN_POINT ( 'NONE',  ( -369.4273421173229508, 280.2563345929943353, -131.1598487208313486 ) ) ;
#4340 = CARTESIAN_POINT ( 'NONE',  ( -6.528288345446832786, 120.1671519665068217, -62.40855611924136070 ) ) ;
#4341 = CARTESIAN_POINT ( 'NONE',  ( -489.0149116845471440, 124.6407519281853808, -42.57863845342489384 ) ) ;
#4342 = DIRECTION ( 'NONE',  ( 0.000000000000000000, 0.7071067811865486830, 0.7071067811865464625 ) ) ;
#4343 = CARTESIAN_POINT ( 'NONE',  ( -488.4879633816499336, 350.5827061801927584, -276.1971204435371305 ) ) ;
#4344 = CARTESIAN_POINT ( 'NONE',  ( -10.30355719273702597, 229.0071049415203106, -166.2230203662260237 ) ) ;
#4345 = CARTESIAN_POINT ( 'NONE',  ( -489.8412692282807370, 121.3941606854103838, -43.75594028965129922 ) ) ;
#4346 = CYLINDRICAL_SURFACE ( 'NONE', #4297, 11.09999999999999609 ) ;
#4347 = AXIS2_PLACEMENT_3D ( 'NONE', #2969, #3342, #2176 ) ;
#4348 = CARTESIAN_POINT ( 'NONE',  ( -464.4647110057362625, 135.8685081112679995, -59.83877256505467557 ) ) ;
#4349 = DIRECTION ( 'NONE',  ( -0.000000000000000000, -0.7071067811865464625, 0.7071067811865486830 ) ) ;
#4350 = CARTESIAN_POINT ( 'NONE',  ( -465.1685066390591601, 353.9146292870406683, -276.4152468981110928 ) ) ;
#4351 = CARTESIAN_POINT ( 'NONE',  ( -484.0446645912357440, 135.7211288817770196, -46.91281265659908684 ) ) ;
#4352 = CARTESIAN_POINT ( 'NONE',  ( -6.822616088516729072, 132.6228194632968780, -44.04455812136627202 ) ) ;
#4353 = LINE ( 'NONE', #28, #4640 ) ;
#4354 = CARTESIAN_POINT ( 'NONE',  ( 10.89759761639396451, 354.9902170036207849, -279.5755620264783943 ) ) ;
#4355 = CARTESIAN_POINT ( 'NONE',  ( -476.1331819255934761, 245.2795624874771647, -154.1396451503824210 ) ) ;
#4356 = CARTESIAN_POINT ( 'NONE',  ( -10.34214677907833213, 126.7631832112599852, -42.37891196379820968 ) ) ;
#4357 = EDGE_LOOP ( 'NONE', ( #4080, #1468 ) ) ;
#4358 = CARTESIAN_POINT ( 'NONE',  ( -11.89073053247272860, 122.7427637924819521, -43.12511920250179287 ) ) ;
#4359 = B_SPLINE_CURVE_WITH_KNOTS ( 'NONE', 3,
 ( #3340, #1243, #1219, #4105, #2870, #1710, #49, #94, #2473, #1684, #901, #4033, #432, #3312, #1663, #4083, #3638, #2073, #2497, #532, #2095, #3710, #3236, #3288, #856, #4885, #2843, #2450, #4909, #484, #1292, #4837, #4521, #4062, #2520, #4132, #2122, #117, #3263, #4863, #1734, #1340, #2232, #260, #979, #177, #3820, #4657, #4186, #4544 ),
 .UNSPECIFIED., .F., .F.,
 ( 4, 2, 2, 2, 2, 2, 2, 2, 2, 2, 2, 2, 2, 2, 2, 2, 2, 2, 2, 2, 2, 2, 2, 2, 4 ),
 ( 0.002209781981955829221, 0.004467778004440935841, 0.006725774026926043328, 0.007854772038168596204, 0.008983770049411161224, 0.01124176607189624616, 0.01349976209438133110, 0.01462876010562387183, 0.01575775811686641603, 0.01801575413935149750, 0.02027375016183657896, 0.02253174618432166043, 0.02366074419556421157, 0.02478974220680675924, 0.02591874021804931386, 0.02704773822929186153, 0.02817673624053440920, 0.02930573425177696034, 0.02987023325739824112, 0.03043473226301952189, 0.03156373027426215977, 0.03269272828550480459, 0.03382172629674744940, 0.03607972231923279455, 0.03833771834171814663 ),
 .UNSPECIFIED. ) ;
#4360 = CARTESIAN_POINT ( 'NONE',  ( 12.32740033948758729, 121.3941606854008768, -43.75594028965313242 ) ) ;
#4361 = CARTESIAN_POINT ( 'NONE',  ( -465.0825432051909729, 349.1800389179841773, -279.5739294282722653 ) ) ;
#4362 = CARTESIAN_POINT ( 'NONE',  ( -371.2515439301764673, 280.2327420046476050, -120.0030999488337926 ) ) ;
#4363 = CARTESIAN_POINT ( 'NONE',  ( -8.312474274421401077, 123.4965439590440042, -64.10866470094975966 ) ) ;
#4364 = EDGE_CURVE ( 'NONE', #2979, #4892, #4138, .T. ) ;
#4365 = CARTESIAN_POINT ( 'NONE',  ( -8.939666940093793812, 129.0426846862591503, -42.61049500981413729 ) ) ;
#4366 = CARTESIAN_POINT ( 'NONE',  ( -112.1066261700294007, 258.7777959169539486, -136.1443544236221328 ) ) ;
#4367 = CARTESIAN_POINT ( 'NONE',  ( -11.07614495684528677, 124.3497814159391766, -42.26419321589472133 ) ) ;
#4368 = CARTESIAN_POINT ( 'NONE',  ( -466.5399871654931303, 353.5852737566261794, -281.4066366546266522 ) ) ;
#4369 = CARTESIAN_POINT ( 'NONE',  ( -488.8462704847859186, 124.9690592448079229, -42.52486617272165148 ) ) ;
#4370 = DIRECTION ( 'NONE',  ( -1.000000000000000000, 0.000000000000000000, 0.000000000000000000 ) ) ;
#4371 = CARTESIAN_POINT ( 'NONE',  ( -486.5517415823338183, 115.5215995361363781, -54.86207267084405004 ) ) ;
#4372 = CARTESIAN_POINT ( 'NONE',  ( -471.2664183160246694, 133.8433810946465599, -44.92081415263886157 ) ) ;
#4373 = CARTESIAN_POINT ( 'NONE',  ( -465.1732783020775628, 354.3473903627914865, -276.8205199186330674 ) ) ;
#4374 = CARTESIAN_POINT ( 'NONE',  ( -487.6220086446749065, 138.1508351865037980, -53.98430988301711864 ) ) ;
#4375 = CARTESIAN_POINT ( 'NONE',  ( 6.057903412698991907, 134.4026865147120304, -45.33286384600302199 ) ) ;
#4376 = CARTESIAN_POINT ( 'NONE',  ( -465.2227530387229422, 130.6379624601832461, -63.88720448901536031 ) ) ;
#4377 = AXIS2_PLACEMENT_3D ( 'NONE', #4740, #3182, #347 ) ;
#4378 = FACE_BOUND ( 'NONE', #543, .T. ) ;
#4379 = CARTESIAN_POINT ( 'NONE',  ( -469.2013946143731005, 123.4965439590420431, -64.10866470094937597 ) ) ;
#4380 = FACE_BOUND ( 'NONE', #258, .T. ) ;
#4381 = VECTOR ( 'NONE', #395, 1000.000000000000000 ) ;
#4382 = ORIENTED_EDGE ( 'NONE', *, *, #541, .F. ) ;
#4383 = CARTESIAN_POINT ( 'NONE',  ( -11.49257454608122586, 115.7561848356224630, -50.13235021435544780 ) ) ;
#4384 = CARTESIAN_POINT ( 'NONE',  ( 10.34214677907827706, 126.7631832112599000, -64.57891196379820542 ) ) ;
#4385 = CARTESIAN_POINT ( 'NONE',  ( -12.67749609114643405, 349.4805118515008076, -277.2997515844940608 ) ) ;
#4386 = CARTESIAN_POINT ( 'NONE',  ( -466.0066407560574930, 124.6295181435658321, -42.57994487749677859 ) ) ;
#4387 = CARTESIAN_POINT ( 'NONE',  ( -368.7569344443975297, 262.7170908612151834, -117.7121223185244929 ) ) ;
#4388 = DIRECTION ( 'NONE',  ( -1.000000000000000000, 0.000000000000000000, 0.000000000000000000 ) ) ;
#4389 = B_SPLINE_CURVE_WITH_KNOTS ( 'NONE', 3,
 ( #32, #57, #2825, #3670, #1982, #1253, #3620, #1227, #786, #2377, #2801, #2850, #6, #1597, #4403, #1622, #2432, #5163, #2035, #810, #4454, #3165, #1958, #3194, #1648, #2774, #1669, #3988, #3271, #3219, #889, #1202 ),
 .UNSPECIFIED., .F., .F.,
 ( 4, 2, 2, 2, 2, 2, 2, 2, 2, 2, 2, 2, 2, 2, 2, 4 ),
 ( 0.009413470372435650199, 0.01058990540238870758, 0.01117812291736523626, 0.01176634043234176495, 0.01235455794731829364, 0.01294277546229482406, 0.01353099297727135275, 0.01411921049224788144, 0.01470742800722441013, 0.01529564552220093882, 0.01588386303717746750, 0.01647208055215399619, 0.01706029806713052488, 0.01764851558210705357, 0.01823673309708358226, 0.01882495061206011094 ),
 .UNSPECIFIED. ) ;
#4390 = CARTESIAN_POINT ( 'NONE',  ( 0.000000000000000000, 262.9898987322330299, -189.7056274847716963 ) ) ;
#4391 = CARTESIAN_POINT ( 'NONE',  ( 7.439956509729698908, 136.8511428534071115, -48.79672157959623036 ) ) ;
#4392 = CARTESIAN_POINT ( 'NONE',  ( -471.1265342567314178, 119.6747836625659716, -62.02298906720532301 ) ) ;
#4393 = CARTESIAN_POINT ( 'NONE',  ( -109.4030413995079982, 276.1479817788092532, -135.2645974350267011 ) ) ;
#4394 = FACE_OUTER_BOUND ( 'NONE', #3713, .T. ) ;
#4395 = CARTESIAN_POINT ( 'NONE',  ( -464.8421171782908345, 134.2821950869072509, -62.31751825213084572 ) ) ;
#4396 = CARTESIAN_POINT ( 'NONE',  ( -489.2413267164226909, 115.9278090764494351, -49.55607277287055012 ) ) ;
#4397 = CARTESIAN_POINT ( 'NONE',  ( -469.2245706204327007, 130.0663147976330833, -42.86027423532946301 ) ) ;
#4398 = CARTESIAN_POINT ( 'NONE',  ( -487.0422819918734945, 125.9467273082328234, -64.57022700804785131 ) ) ;
#4399 = CARTESIAN_POINT ( 'NONE',  ( -488.6016054700842233, 137.7896113263951747, -54.80173468851413077 ) ) ;
#4400 = CARTESIAN_POINT ( 'NONE',  ( 10.90314395978971440, 124.7069449158873908, -42.21273862065233118 ) ) ;
#4401 = CARTESIAN_POINT ( 'NONE',  ( -108.0229825107173411, 264.9567557523238861, -115.4724574274157902 ) ) ;
#4402 = CARTESIAN_POINT ( 'NONE',  ( -476.4021298903881529, 242.5716956623869862, -151.3957378549684165 ) ) ;
#4403 = CARTESIAN_POINT ( 'NONE',  ( 12.49796647418930462, 349.0854099937712363, -278.9982108655226511 ) ) ;
#4404 = ORIENTED_EDGE ( 'NONE', *, *, #3596, .F. ) ;
#4405 = CARTESIAN_POINT ( 'NONE',  ( -12.48558889967257812, 136.9669881875722979, -57.86368708840125663 ) ) ;
#4406 = CARTESIAN_POINT ( 'NONE',  ( -461.8138688887958097, 126.7631832112599852, -42.37891196379820968 ) ) ;
#4407 = CARTESIAN_POINT ( 'NONE',  ( -460.8138688887958097, 126.7631832112599852, -53.47891196379821110 ) ) ;
#4408 = CARTESIAN_POINT ( 'NONE',  ( -464.8130788866886292, 119.0031115726203694, -45.53993413887022257 ) ) ;
#4409 = CARTESIAN_POINT ( 'NONE',  ( -369.0922646857075620, 263.7403559198423864, -116.6888572598973042 ) ) ;
#4410 = CARTESIAN_POINT ( 'NONE',  ( 7.348181542309983882, 122.2619514767650060, -63.63167274298007925 ) ) ;
#4411 = CARTESIAN_POINT ( 'NONE',  ( 12.60099413884764807, 133.3799830208016886, -62.39943984082750461 ) ) ;
#4412 = CARTESIAN_POINT ( 'NONE',  ( -471.0759485099034691, 118.0574433516274127, -60.36770900045610233 ) ) ;
#4413 = CARTESIAN_POINT ( 'NONE',  ( -110.0520702674900804, 273.4713776503577378, -136.3721043000574866 ) ) ;
#4414 = CARTESIAN_POINT ( 'NONE',  ( -10.55804351752334469, 128.1212896647412265, -64.82971433256390981 ) ) ;
#4415 = VERTEX_POINT ( 'NONE', #4406 ) ;
#4416 = CARTESIAN_POINT ( 'NONE',  ( -464.3794173170890076, 133.6306894690089848, -62.20821678160312729 ) ) ;
#4417 = CARTESIAN_POINT ( 'NONE',  ( -467.9132148985963227, 126.3568609690284887, -64.82992300428578858 ) ) ;
#4418 = CARTESIAN_POINT ( 'NONE',  ( -483.5706029708395022, 119.1036734619363386, -61.60585181281666678 ) ) ;
#4419 = CARTESIAN_POINT ( 'NONE',  ( -470.1966748978008468, 131.6716772025269506, -43.51694058668175558 ) ) ;
#4420 = CARTESIAN_POINT ( 'NONE',  ( 12.61169281095209804, 352.8624857536856325, -281.7053118533177098 ) ) ;
#4421 = CIRCLE ( 'NONE', #3322, 12.70000000000000995 ) ;
#4422 = CARTESIAN_POINT ( 'NONE',  ( -488.2891203923118724, 137.7702081123483140, -54.96435071730229538 ) ) ;
#4423 = ORIENTED_EDGE ( 'NONE', *, *, #838, .T. ) ;
#4424 = CARTESIAN_POINT ( 'NONE',  ( 7.086452897447147237, 136.9482205116940747, -48.74534125976198595 ) ) ;
#4425 = ADVANCED_FACE ( 'NONE', ( #2008 ), #4824, .T. ) ;
#4426 = CARTESIAN_POINT ( 'NONE',  ( 8.230667471154685444, 115.8098614393447292, -56.22575829612721776 ) ) ;
#4427 = DIRECTION ( 'NONE',  ( 0.000000000000000000, 0.7071067811865474617, -0.7071067811865474617 ) ) ;
#4428 = CARTESIAN_POINT ( 'NONE',  ( -484.2200475072400536, 117.4972616997261383, -59.60049145248895286 ) ) ;
#4429 = CARTESIAN_POINT ( 'NONE',  ( -368.7569344443979844, 278.4148614035565288, -133.4098928608658525 ) ) ;
#4430 = EDGE_LOOP ( 'NONE', ( #1026, #4307, #2007, #4255 ) ) ;
#4431 = CARTESIAN_POINT ( 'NONE',  ( -467.2319618157963532, 229.6755647467849428, -166.9340843665144689 ) ) ;
#4432 = ADVANCED_FACE ( 'NONE', ( #4139 ), #2124, .F. ) ;
#4433 = CARTESIAN_POINT ( 'NONE',  ( -12.34057633836731149, 350.1041236456248384, -281.0625344833163695 ) ) ;
#4434 = CARTESIAN_POINT ( 'NONE',  ( -465.6858199007672283, 122.5777582986359278, -42.73360425881562463 ) ) ;
#4435 = CARTESIAN_POINT ( 'NONE',  ( 10.73944350890966071, 351.6962608233579886, -281.8010819142764376 ) ) ;
#4436 = CARTESIAN_POINT ( 'NONE',  ( -371.2177451997341677, 277.3851701304770359, -116.6824310454548481 ) ) ;
#4437 = CARTESIAN_POINT ( 'NONE',  ( -490.0117940598145765, 351.8878778166201187, -281.8010819142765513 ) ) ;
#4438 = CARTESIAN_POINT ( 'NONE',  ( -12.66451002060389008, 354.7817495227789095, -280.1309143131584278 ) ) ;
#4439 = CARTESIAN_POINT ( 'NONE',  ( 12.54738012044666107, 133.0739607705556296, -62.61847317525075596 ) ) ;
#4440 = CARTESIAN_POINT ( 'NONE',  ( -466.5193075697247309, 353.9125904203173150, -281.1885243317580603 ) ) ;
#4441 = CARTESIAN_POINT ( 'NONE',  ( -110.2074791534344058, 271.9986057501096184, -136.6813645724444370 ) ) ;
#4442 = CARTESIAN_POINT ( 'NONE',  ( -12.70619074464469911, 134.9418241698518557, -61.71550613965822407 ) ) ;
#4443 = VERTEX_POINT ( 'NONE', #124 ) ;
#4444 = CARTESIAN_POINT ( 'NONE',  ( -469.5063020266472336, 115.9207905263935601, -56.59340829914110316 ) ) ;
#4445 = CARTESIAN_POINT ( 'NONE',  ( -10.79351657246139240, 352.0853531617383396, -275.8010819142765513 ) ) ;
#4446 = CARTESIAN_POINT ( 'NONE',  ( 12.52158136977919156, 352.0853531617383396, -281.8010819142765513 ) ) ;
#4447 = CARTESIAN_POINT ( 'NONE',  ( -489.1354721912938999, 137.6136959578402923, -55.84569881459766805 ) ) ;
#4448 = EDGE_LOOP ( 'NONE', ( #3778, #4579, #2826, #3451, #3437 ) ) ;
#4449 = CARTESIAN_POINT ( 'NONE',  ( 10.58511835079154650, 138.1095177382275097, -54.89033804463372945 ) ) ;
#4450 = PLANE ( 'NONE',  #1861 ) ;
#4451 = DIRECTION ( 'NONE',  ( 0.000000000000000000, 0.000000000000000000, -1.000000000000000000 ) ) ;
#4452 = EDGE_CURVE ( 'NONE', #4232, #1056, #1600, .T. ) ;
#4453 = CARTESIAN_POINT ( 'NONE',  ( -11.17928156713940524, 129.0672669088178566, -64.36146398449704975 ) ) ;
#4454 = CARTESIAN_POINT ( 'NONE',  ( 12.67727471251513549, 349.4787909903214995, -277.3028372766580674 ) ) ;
#4455 = EDGE_LOOP ( 'NONE', ( #3247, #3859, #4109, #2775, #1927 ) ) ;
#4456 = CARTESIAN_POINT ( 'NONE',  ( -466.6635712094366113, 227.6274839662428917, -163.6818520695310326 ) ) ;
#4457 = AXIS2_PLACEMENT_3D ( 'NONE', #388, #2480, #3246 ) ;
#4458 = CARTESIAN_POINT ( 'NONE',  ( -12.63138779566313197, 349.2381486287894177, -277.8358574030597197 ) ) ;
#4459 = CARTESIAN_POINT ( 'NONE',  ( -465.8901446499750705, 123.4265705032443776, -42.88507729843480831 ) ) ;
#4460 = CARTESIAN_POINT ( 'NONE',  ( 10.84742825046471104, 349.1042305787519240, -278.4123603887339868 ) ) ;
#4461 = AXIS2_PLACEMENT_3D ( 'NONE', #4844, #491, #5 ) ;
#4462 = CARTESIAN_POINT ( 'NONE',  ( -370.9949395399016794, 281.3481284940968976, -122.6845504198293924 ) ) ;
#4463 = EDGE_CURVE ( 'NONE', #2134, #3647, #817, .T. ) ;
#4464 = CARTESIAN_POINT ( 'NONE',  ( -489.8775604872543568, 349.4806430756532336, -280.3026376366324826 ) ) ;
#4465 =( BOUNDED_CURVE ( )  B_SPLINE_CURVE ( 3, ( #2968, #233, #1453, #4266 ),
 .UNSPECIFIED., .F., .F. ) 
 B_SPLINE_CURVE_WITH_KNOTS ( ( 4, 4 ),
 ( 0.7362891567155130934, 1.570796326794890785 ),
 .UNSPECIFIED. ) 
 CURVE ( )  GEOMETRIC_REPRESENTATION_ITEM ( )  RATIONAL_B_SPLINE_CURVE ( ( 1.000000000000000000, 0.9428035831291563529, 0.9428035831291563529, 1.000000000000000000 ) ) 
 REPRESENTATION_ITEM ( '' )  );
#4466 = CARTESIAN_POINT ( 'NONE',  ( -12.34055025914675063, 354.0696177017118771, -276.5425126556120290 ) ) ;
#4467 = CARTESIAN_POINT ( 'NONE',  ( 12.29135030503672077, 132.3468721452917691, -63.61345007128085882 ) ) ;
#4468 = CARTESIAN_POINT ( 'NONE',  ( -470.6512052131544692, 121.0383137615191202, -63.01759202453718700 ) ) ;
#4469 = CARTESIAN_POINT ( 'NONE',  ( -109.0797910658949945, 277.3850932365780864, -134.4396610280817583 ) ) ;
#4470 = CARTESIAN_POINT ( 'NONE',  ( -7.589283521730806115, 130.5888310911211079, -42.89055789998124624 ) ) ;
#4471 = ORIENTED_EDGE ( 'NONE', *, *, #2175, .F. ) ;
#4472 = CARTESIAN_POINT ( 'NONE',  ( -464.5837195787656810, 136.2203931802059458, -59.30280127738119944 ) ) ;
#4473 = CARTESIAN_POINT ( 'NONE',  ( -490.0679704285253706, 117.2977768587252712, -46.78378828191611660 ) ) ;
#4474 = VECTOR ( 'NONE', #4958, 1000.000000000000000 ) ;
#4475 = CARTESIAN_POINT ( 'NONE',  ( 12.61151087215718114, 354.9899686067658422, -279.5765580696657935 ) ) ;
#4476 = CARTESIAN_POINT ( 'NONE',  ( -490.7024334245331829, 135.0667086568903414, -60.85556511962055026 ) ) ;
#4477 = VERTEX_POINT ( 'NONE', #1845 ) ;
#4478 = UNCERTAINTY_MEASURE_WITH_UNIT (LENGTH_MEASURE( 1.000000000000000082E-05 ), #2086, 'distance_accuracy_value', 'NONE');
#4479 = DIRECTION ( 'NONE',  ( 1.000000000000000000, 0.000000000000000000, 0.000000000000000000 ) ) ;
#4480 = CYLINDRICAL_SURFACE ( 'NONE', #3929, 12.70000000000000995 ) ;
#4481 = CARTESIAN_POINT ( 'NONE',  ( -12.18642166051091458, 131.9920095299109164, -63.79083993771014605 ) ) ;
#4482 = CYLINDRICAL_SURFACE ( 'NONE', #3028, 11.00000000000000000 ) ;
#4483 = ORIENTED_EDGE ( 'NONE', *, *, #5091, .F. ) ;
#4484 = CARTESIAN_POINT ( 'NONE',  ( -12.54523756886542252, 351.8878778138987400, -275.8010819142765513 ) ) ;
#4485 = CARTESIAN_POINT ( 'NONE',  ( -465.1307872532004808, 116.4451271722098227, -49.36933613224945105 ) ) ;
#4486 = CARTESIAN_POINT ( 'NONE',  ( -477.5138688887957983, 79.14213562373097943, -5.857864376269070306 ) ) ;
#4487 = CARTESIAN_POINT ( 'NONE',  ( -489.8911576165041879, 349.3876422990805395, -280.1279506440263276 ) ) ;
#4488 = ADVANCED_FACE ( 'NONE', ( #4191 ), #2749, .T. ) ;
#4489 = CARTESIAN_POINT ( 'NONE',  ( -12.47452628760754578, 352.4776478630643624, -275.8203791646093919 ) ) ;
#4490 = EDGE_CURVE ( 'NONE', #2029, #1545, #1083, .T. ) ;
#4491 = CARTESIAN_POINT ( 'NONE',  ( 12.59139341622472941, 133.6696500161802419, -62.79546503158292836 ) ) ;
#4492 = CARTESIAN_POINT ( 'NONE',  ( -464.3491748559349048, 119.6083272437236786, -44.99038129777678563 ) ) ;
#4493 = FACE_OUTER_BOUND ( 'NONE', #1246, .T. ) ;
#4494 = CARTESIAN_POINT ( 'NONE',  ( -9.635046504720220284, 138.1392406187194410, -53.12094459180037376 ) ) ;
#4495 = ORIENTED_EDGE ( 'NONE', *, *, #3169, .T. ) ;
#4496 = CARTESIAN_POINT ( 'NONE',  ( -464.8130009985528659, 118.2970615992223742, -45.53869305828123260 ) ) ;
#4497 = CARTESIAN_POINT ( 'NONE',  ( -10.76647563110768502, 351.8907752626467982, -281.8010819142764944 ) ) ;
#4498 = CARTESIAN_POINT ( 'NONE',  ( 12.66426235852885185, 353.4122621135132931, -281.4988316170063172 ) ) ;
#4499 = CARTESIAN_POINT ( 'NONE',  ( -490.6009864550980524, 133.3265597801633930, -62.43928716993732309 ) ) ;
#4500 = VERTEX_POINT ( 'NONE', #3880 ) ;
#4501 = CARTESIAN_POINT ( 'NONE',  ( 6.828111167466406783, 132.6080746517110924, -44.03501932395870710 ) ) ;
#4502 = CARTESIAN_POINT ( 'NONE',  ( -467.2314149724875847, 126.6613310848095892, -64.57891196379820542 ) ) ;
#4503 = CARTESIAN_POINT ( 'NONE',  ( -13.20395344710598629, 134.7869846673824838, -61.15897612541188266 ) ) ;
#4504 = CARTESIAN_POINT ( 'NONE',  ( -488.1024766897573386, 353.9136941964800371, -276.4144516013527095 ) ) ;
#4505 = ORIENTED_EDGE ( 'NONE', *, *, #3891, .F. ) ;
#4506 = AXIS2_PLACEMENT_3D ( 'NONE', #5046, #4738, #2739 ) ;
#4507 = DIRECTION ( 'NONE',  ( 0.000000000000000000, 0.000000000000000000, -1.000000000000000000 ) ) ;
#4508 = CARTESIAN_POINT ( 'NONE',  ( -465.5422675431148605, 116.4988438765217182, -49.23555082467746757 ) ) ;
#4509 = CARTESIAN_POINT ( 'NONE',  ( 10.60991226584062730, 349.4811500138109750, -280.3033003497922095 ) ) ;
#4510 = CARTESIAN_POINT ( 'NONE',  ( -7.937642486293004396, 122.9100233663843795, -63.91135686233494084 ) ) ;
#4511 = DIRECTION ( 'NONE',  ( 0.000000000000000000, 0.7071067811865464625, -0.7071067811865486830 ) ) ;
#4512 = CARTESIAN_POINT ( 'NONE',  ( 10.57312225800631644, 127.1488214370237699, -64.59297644634271762 ) ) ;
#4513 = PLANE ( 'NONE',  #2360 ) ;
#4514 = CARTESIAN_POINT ( 'NONE',  ( -465.7128826206630947, 124.0385860772721429, -42.69565044614128624 ) ) ;
#4515 = CARTESIAN_POINT ( 'NONE',  ( -464.9922875190165996, 352.0853531617383965, -281.8010819142765513 ) ) ;
#4516 = ADVANCED_FACE ( 'NONE', ( #3854, #3056 ), #2974, .F. ) ;
#4517 = CARTESIAN_POINT ( 'NONE',  ( -10.75956673726718194, 138.0742096828540184, -55.23698964830921909 ) ) ;
#4518 = VERTEX_POINT ( 'NONE', #5052 ) ;
#4519 = CARTESIAN_POINT ( 'NONE',  ( -467.8980123086133744, 115.4050357143385241, -53.86078916605166711 ) ) ;
#4520 = CARTESIAN_POINT ( 'NONE',  ( -490.1228722430550420, 117.5275475612942415, -46.46200999841711621 ) ) ;
#4521 = CARTESIAN_POINT ( 'NONE',  ( 6.340911989784121516, 135.1556479780876714, -46.20433078046261954 ) ) ;
#4522 = CARTESIAN_POINT ( 'NONE',  ( -8.043439258077755838, 234.8425688842011425, -147.6505824802094651 ) ) ;
#4523 = CARTESIAN_POINT ( 'NONE',  ( -486.1559176955108796, 115.9878729239728159, -56.22874947736718809 ) ) ;
#4524 = FILL_AREA_STYLE ('',( #1665 ) ) ;
#4525 = EDGE_CURVE ( 'NONE', #1856, #3320, #3329, .T. ) ;
#4526 = CARTESIAN_POINT ( 'NONE',  ( 10.67525287414072466, 125.4906217910000379, -42.42933556654377725 ) ) ;
#4527 = DIRECTION ( 'NONE',  ( 1.000000000000000000, 0.000000000000000000, 0.000000000000000000 ) ) ;
#4528 = CARTESIAN_POINT ( 'NONE',  ( -12.01079279003904610, 131.1180339275012727, -63.69640376052558395 ) ) ;
#4529 = DIRECTION ( 'NONE',  ( 0.000000000000000000, 1.000000000000000000, 0.000000000000000000 ) ) ;
#4530 = ORIENTED_EDGE ( 'NONE', *, *, #311, .T. ) ;
#4531 = CARTESIAN_POINT ( 'NONE',  ( -466.8488416439054731, 349.2375970040473590, -279.7646801585327694 ) ) ;
#4532 = CARTESIAN_POINT ( 'NONE',  ( -467.6006023108593581, 115.3789808655522364, -53.33008358170663854 ) ) ;
#4533 = CARTESIAN_POINT ( 'NONE',  ( 10.58859982000054778, 349.6991088208361020, -280.6298443945322560 ) ) ;
#4534 = ORIENTED_EDGE ( 'NONE', *, *, #4309, .T. ) ;
#4535 = CARTESIAN_POINT ( 'NONE',  ( -12.64156659907375868, 242.8793283821133855, -167.7947059872306568 ) ) ;
#4536 = AXIS2_PLACEMENT_3D ( 'NONE', #2963, #4564, #973 ) ;
#4537 = CARTESIAN_POINT ( 'NONE',  ( 6.322702297210148537, 119.3810429872295344, -61.77760175663637909 ) ) ;
#4538 = CARTESIAN_POINT ( 'NONE',  ( -490.0820069022736334, 355.0663991028852706, -279.1903352242937899 ) ) ;
#4539 = CARTESIAN_POINT ( 'NONE',  ( -465.5434079117074475, 131.3384748696737461, -64.07739432785798783 ) ) ;
#4540 = CARTESIAN_POINT ( 'NONE',  ( -488.7598268063469504, 129.5273192503725284, -64.64356128280209646 ) ) ;
#4541 = ORIENTED_EDGE ( 'NONE', *, *, #2416, .T. ) ;
#4542 = CARTESIAN_POINT ( 'NONE',  ( -10.60998038891294115, 353.5864475762487587, -276.1961004411867862 ) ) ;
#4543 = CARTESIAN_POINT ( 'NONE',  ( -490.1323130323652322, 119.7868014633565394, -44.18650376716226447 ) ) ;
#4544 = CARTESIAN_POINT ( 'NONE',  ( 10.34214677908361502, 126.7631832112509613, -42.37891196379820968 ) ) ;
#4545 = CARTESIAN_POINT ( 'NONE',  ( -10.94537732196794266, 231.4624736776347618, -149.0525981741642454 ) ) ;
#4546 = CARTESIAN_POINT ( 'NONE',  ( -484.1995591442132536, 120.9606534315954036, -62.94938726803210471 ) ) ;
#4547 = CARTESIAN_POINT ( 'NONE',  ( 12.72248872393986829, 121.6775544722272997, -43.60596970923996452 ) ) ;
#4548 = EDGE_CURVE ( 'NONE', #2279, #609, #2487, .T. ) ;
#4549 = CARTESIAN_POINT ( 'NONE',  ( 11.01045372609672590, 127.9437602372006637, -64.51995103858621405 ) ) ;
#4550 = CARTESIAN_POINT ( 'NONE',  ( 10.58753488238294160, 126.3526725373034765, -42.36535748917797406 ) ) ;
#4551 = CARTESIAN_POINT ( 'NONE',  ( -106.1956618895071642, 279.4091528819149062, -118.7726641960174305 ) ) ;
#4552 = CARTESIAN_POINT ( 'NONE',  ( -477.5138688887957983, 70.16187950266180451, -14.83812049733820793 ) ) ;
#4553 = CARTESIAN_POINT ( 'NONE',  ( -487.8560156678794328, 126.7631832112509045, -42.37891196379820968 ) ) ;
#4554 = EDGE_LOOP ( 'NONE', ( #275, #2919 ) ) ;
#4555 = CARTESIAN_POINT ( 'NONE',  ( -466.5399184114553464, 350.5846409382181150, -276.1959513029666482 ) ) ;
#4556 = CARTESIAN_POINT ( 'NONE',  ( -466.6671421395280959, 115.4537580274581074, -51.56216389457855342 ) ) ;
#4557 = CARTESIAN_POINT ( 'NONE',  ( -367.5682179103469593, 273.4546951711344605, -136.3887867792900010 ) ) ;
#4558 = CARTESIAN_POINT ( 'NONE',  ( -6.576626283101422388, 117.7145959220938209, -59.91900455115967361 ) ) ;
#4559 = ORIENTED_EDGE ( 'NONE', *, *, #3170, .F. ) ;
#4560 = CARTESIAN_POINT ( 'NONE',  ( -7.002160889194360749, 248.4915654706766759, -160.2162077681231267 ) ) ;
#4561 = CARTESIAN_POINT ( 'NONE',  ( 9.485487063820594145, 115.7484796199665880, -54.89350187748184595 ) ) ;
#4562 = FACE_OUTER_BOUND ( 'NONE', #1304, .T. ) ;
#4563 = LINE ( 'NONE', #3282, #1731 ) ;
#4564 = DIRECTION ( 'NONE',  ( 0.000000000000000000, 1.000000000000000000, 0.000000000000000000 ) ) ;
#4565 = ORIENTED_EDGE ( 'NONE', *, *, #5132, .F. ) ;
#4566 = CARTESIAN_POINT ( 'NONE',  ( -471.2701846114546242, 135.2639529494091164, -46.33841156881896239 ) ) ;
#4567 = CARTESIAN_POINT ( 'NONE',  ( -477.5138688887957983, 65.00000000000000000, -12.69999999999999929 ) ) ;
#4568 = DIRECTION ( 'NONE',  ( 0.8655554303177508402, 0.5008131358575304004, 0.000000000000000000 ) ) ;
#4569 = CARTESIAN_POINT ( 'NONE',  ( -9.615856580189978686, 115.4050357143375436, -53.86078916603827338 ) ) ;
#4570 = DIRECTION ( 'NONE',  ( 0.000000000000000000, 0.000000000000000000, 1.000000000000000000 ) ) ;
#4571 = CYLINDRICAL_SURFACE ( 'NONE', #1576, 3.000000000000002665 ) ;
#4572 = CARTESIAN_POINT ( 'NONE',  ( -484.6076417302880373, 117.0126487407619464, -58.79537798921562342 ) ) ;
#4573 = CARTESIAN_POINT ( 'NONE',  ( 7.810355383486596637, 122.6897508717970311, -63.80949886697201379 ) ) ;
#4574 = CARTESIAN_POINT ( 'NONE',  ( -477.5138688887957983, 65.00000000000000000, -20.00000000000000000 ) ) ;
#4575 = CARTESIAN_POINT ( 'NONE',  ( 7.169202769457827529, 131.5896018669756415, -43.47604507358838788 ) ) ;
#4576 = FACE_BOUND ( 'NONE', #4956, .T. ) ;
#4577 = CARTESIAN_POINT ( 'NONE',  ( -6.792162456230784962, 136.1564805729463501, -47.55345988858966422 ) ) ;
#4578 = CARTESIAN_POINT ( 'NONE',  ( -484.6263992260190321, 132.0432868628462870, -43.70910261407716035 ) ) ;
#4579 = ORIENTED_EDGE ( 'NONE', *, *, #1331, .T. ) ;
#4580 = CARTESIAN_POINT ( 'NONE',  ( 10.58868169497536016, 353.9122636155420309, -276.4133922923928708 ) ) ;
#4581 = CARTESIAN_POINT ( 'NONE',  ( -466.0911990060976677, 116.0313392735643845, -50.61676006723714494 ) ) ;
#4582 = CARTESIAN_POINT ( 'NONE',  ( -366.3595816669347300, 264.9672856080890710, -135.2552824948307943 ) ) ;
#4583 = EDGE_LOOP ( 'NONE', ( #2142, #1642, #3472, #2620, #3521 ) ) ;
#4584 = ORIENTED_EDGE ( 'NONE', *, *, #4273, .F. ) ;
#4585 = CARTESIAN_POINT ( 'NONE',  ( -12.21464944558463195, 244.9064896353190193, -166.6736170456082391 ) ) ;
#4586 = ADVANCED_FACE ( 'NONE', ( #1073 ), #5081, .T. ) ;
#4587 = CARTESIAN_POINT ( 'NONE',  ( 9.126188311177482859, 115.4983288384034807, -54.71121510601006577 ) ) ;
#4588 = CARTESIAN_POINT ( 'NONE',  ( -487.8560156678824455, 126.7631832112741108, -64.57891196379820542 ) ) ;
#4589 = CARTESIAN_POINT ( 'NONE',  ( -372.1578373455486144, 282.1840290320503186, -114.4610075896952424 ) ) ;
#4590 = CARTESIAN_POINT ( 'NONE',  ( -9.316706110215235981, 115.4547408244719691, -54.38354831996406347 ) ) ;
#4591 = CARTESIAN_POINT ( 'NONE',  ( -484.6003217862430006, 136.9482205116940747, -48.74534125976195753 ) ) ;
#4592 = EDGE_LOOP ( 'NONE', ( #1977, #2645 ) ) ;
#4593 = CARTESIAN_POINT ( 'NONE',  ( -470.1617893120049416, 137.1730848696167868, -49.22789972317276863 ) ) ;
#4594 = CARTESIAN_POINT ( 'NONE',  ( -10.68836068839341102, 352.8607591838754729, -275.8964284828263089 ) ) ;
#4595 = APPLICATION_CONTEXT ( 'automotive_design' ) ;
#4596 = FACE_BOUND ( 'NONE', #3362, .T. ) ;
#4597 = DIRECTION ( 'NONE',  ( 0.000000000000000000, 0.000000000000000000, -1.000000000000000000 ) ) ;
#4598 = CARTESIAN_POINT ( 'NONE',  ( -488.8380573462229108, 128.5413297152806820, -64.43556268426196709 ) ) ;
#4599 = CARTESIAN_POINT ( 'NONE',  ( -484.9875841756895056, 116.5143458444181022, -57.75679152609953348 ) ) ;
#4600 = CARTESIAN_POINT ( 'NONE',  ( 6.586847175029733492, 117.6968249032722582, -59.89327065896597446 ) ) ;
#4601 = CARTESIAN_POINT ( 'NONE',  ( -471.0135057621141073, 133.4238871472028620, -44.59167572499747223 ) ) ;
#4602 = DIRECTION ( 'NONE',  ( 1.000000000000000000, -0.000000000000000000, 0.000000000000000000 ) ) ;
#4603 = CARTESIAN_POINT ( 'NONE',  ( 6.273886112588204611, 135.3785511458918620, -46.47715652880172854 ) ) ;
#4604 = DIRECTION ( 'NONE',  ( 0.000000000000000000, 0.7071067811865475727, 0.7071067811865475727 ) ) ;
#4605 = CARTESIAN_POINT ( 'NONE',  ( -106.4069710203827270, 279.4422780814772409, -118.7395389964455177 ) ) ;
#4606 = CARTESIAN_POINT ( 'NONE',  ( -10.48910356007155720, 138.1241023334392253, -54.70301647027763181 ) ) ;
#4607 = CARTESIAN_POINT ( 'NONE',  ( -483.8547808785800157, 135.1556479780876430, -46.20433078046259823 ) ) ;
#4608 = ORIENTED_EDGE ( 'NONE', *, *, #2727, .F. ) ;
#4609 = CARTESIAN_POINT ( 'NONE',  ( 10.58300692997520365, 354.0675796764824668, -276.5406761517349992 ) ) ;
#4610 = CARTESIAN_POINT ( 'NONE',  ( -471.3540309802650654, 118.8383637854045531, -61.26166333056046653 ) ) ;
#4611 = CARTESIAN_POINT ( 'NONE',  ( -367.3063897353422362, 271.9986057501521373, -136.6813645724363653 ) ) ;
#4612 = EDGE_LOOP ( 'NONE', ( #4182, #4471 ) ) ;
#4613 = CARTESIAN_POINT ( 'NONE',  ( -465.7549911518781300, 115.9790501605899635, -50.82550592745639051 ) ) ;
#4614 = CARTESIAN_POINT ( 'NONE',  ( 12.39224607714258930, 132.7229498309527003, -63.40748123889343191 ) ) ;
#4615 = ORIENTED_EDGE ( 'NONE', *, *, #2248, .F. ) ;
#4616 = CARTESIAN_POINT ( 'NONE',  ( -108.1253556847478876, 264.8265659166741557, -115.6026472630655491 ) ) ;
#4617 = CARTESIAN_POINT ( 'NONE',  ( 6.432783703335251957, 120.3241778558873847, -62.52851220581329272 ) ) ;
#4618 = CARTESIAN_POINT ( 'NONE',  ( -488.1964164303015536, 127.3513231258971103, -64.56730217184843923 ) ) ;
#4619 = EDGE_CURVE ( 'NONE', #3473, #5041, #4274, .T. ) ;
#4620 = CARTESIAN_POINT ( 'NONE',  ( -471.0666630942028519, 132.8639075733194375, -44.10455162939030060 ) ) ;
#4621 = CARTESIAN_POINT ( 'NONE',  ( -11.57155106819763013, 116.1303098459894301, -50.26846554501050690 ) ) ;
#4622 = CARTESIAN_POINT ( 'NONE',  ( -486.5013087645788801, 128.2334674642804089, -42.23588736882316397 ) ) ;
#4623 = ORIENTED_EDGE ( 'NONE', *, *, #549, .T. ) ;
#4624 = CARTESIAN_POINT ( 'NONE',  ( -10.99996142670884858, 354.0656950581530396, -281.0631806850719840 ) ) ;
#4625 = CARTESIAN_POINT ( 'NONE',  ( -6.061572484163372465, 119.1617170107196984, -61.66037433434399162 ) ) ;
#4626 = CARTESIAN_POINT ( 'NONE',  ( -488.4341415745527684, 349.2367011488405524, -277.8398200713942856 ) ) ;
#4627 = MECHANICAL_DESIGN_GEOMETRIC_PRESENTATION_REPRESENTATION (  '', ( #2781 ), #1194 ) ;
#4628 = DIRECTION ( 'NONE',  ( 1.000000000000000000, 0.000000000000000000, 0.000000000000000000 ) ) ;
#4629 = CARTESIAN_POINT ( 'NONE',  ( -490.2918910505513850, 121.4965675103229188, -43.70051891311568681 ) ) ;
#4630 = AXIS2_PLACEMENT_3D ( 'NONE', #1280, #813, #2880 ) ;
#4631 = CARTESIAN_POINT ( 'NONE',  ( 6.397914731298127933, 119.7189132589658982, -62.05925557502354195 ) ) ;
#4632 = CARTESIAN_POINT ( 'NONE',  ( -470.5060881851680961, 136.4233756600810921, -47.99952881983344355 ) ) ;
#4633 = CARTESIAN_POINT ( 'NONE',  ( -477.5138688887957983, 146.3172798364528546, -73.03300858899144998 ) ) ;
#4634 = CARTESIAN_POINT ( 'NONE',  ( -16.69999999999999929, 0.000000000000000000, 0.000000000000000000 ) ) ;
#4635 =( BOUNDED_CURVE ( )  B_SPLINE_CURVE ( 3, ( #4429, #837, #1179, #3571 ),
 .UNSPECIFIED., .F., .F. ) 
 B_SPLINE_CURVE_WITH_KNOTS ( ( 4, 4 ),
 ( 1.570796326794872355, 2.405303496874272362 ),
 .UNSPECIFIED. ) 
 CURVE ( )  GEOMETRIC_REPRESENTATION_ITEM ( )  RATIONAL_B_SPLINE_CURVE ( ( 1.000000000000000000, 0.9428035831291532443, 0.9428035831291532443, 1.000000000000000000 ) ) 
 REPRESENTATION_ITEM ( '' )  );
#4636 = CARTESIAN_POINT ( 'NONE',  ( 10.84455969107337836, 138.0527718009402349, -55.40902592013964778 ) ) ;
#4637 = CARTESIAN_POINT ( 'NONE',  ( -484.6720088634349963, 137.0132169622967240, -48.87815059028093145 ) ) ;
#4638 = CARTESIAN_POINT ( 'NONE',  ( -6.247685879562936861, 135.7049963907527115, -46.78359314055852280 ) ) ;
#4639 = ORIENTED_EDGE ( 'NONE', *, *, #1256, .F. ) ;
#4640 = VECTOR ( 'NONE', #1979, 1000.000000000000000 ) ;
#4641 = CARTESIAN_POINT ( 'NONE',  ( -461.8138688887958097, 126.7631832112599852, -64.57891196379820542 ) ) ;
#4642 = CARTESIAN_POINT ( 'NONE',  ( -467.7983719943810001, 115.3936435194004559, -53.68432618368591847 ) ) ;
#4643 = DIRECTION ( 'NONE',  ( -0.5006344305770094039, 0.8642366493550535100, -0.04960021000342600128 ) ) ;
#4644 = DIRECTION ( 'NONE',  ( 0.000000000000000000, 0.7071067811865475727, 0.7071067811865475727 ) ) ;
#4645 = EDGE_LOOP ( 'NONE', ( #2452, #2517, #20, #1057, #4202 ) ) ;
#4646 = FACE_OUTER_BOUND ( 'NONE', #1228, .T. ) ;
#4647 = CARTESIAN_POINT ( 'NONE',  ( 10.70662784952926927, 115.6595907007400967, -52.85925031674139518 ) ) ;
#4648 = CARTESIAN_POINT ( 'NONE',  ( -490.2093669482153473, 353.9174105734625755, -281.1849669243502490 ) ) ;
#4649 = B_SPLINE_CURVE_WITH_KNOTS ( 'NONE', 3,
 ( #4588, #3841, #4618, #634, #1002, #197 ),
 .UNSPECIFIED., .F., .F.,
 ( 4, 2, 4 ),
 ( 0.0001734638436501439692, 0.001191622912802983193, 0.002209781981955822715 ),
 .UNSPECIFIED. ) ;
#4650 = CARTESIAN_POINT ( 'NONE',  ( -369.0784193179464978, 279.4402543086797550, -132.3844999556046957 ) ) ;
#4651 = CARTESIAN_POINT ( 'NONE',  ( -9.445028435464475791, 115.6978796635365967, -54.43080339149052804 ) ) ;
#4652 = EDGE_CURVE ( 'NONE', #4279, #601, #1087, .T. ) ;
#4653 = VERTEX_POINT ( 'NONE', #2663 ) ;
#4654 = EDGE_CURVE ( 'NONE', #189, #2129, #986, .T. ) ;
#4655 = CARTESIAN_POINT ( 'NONE',  ( -468.9881485460019803, 137.8315351171289365, -51.23017895748885309 ) ) ;
#4656 = EDGE_CURVE ( 'NONE', #521, #1465, #178, .T. ) ;
#4657 = CARTESIAN_POINT ( 'NONE',  ( 9.564641544611525603, 128.0532813555504958, -42.43569419877373150 ) ) ;
#4658 = CARTESIAN_POINT ( 'NONE',  ( -12.54098307584913208, 227.2298585877414041, -156.9115278974929026 ) ) ;
#4659 = CARTESIAN_POINT ( 'NONE',  ( -490.2169470611657403, 118.3567121706017957, -45.47535695631671615 ) ) ;
#4660 = CARTESIAN_POINT ( 'NONE',  ( -106.1703273868012616, 286.3079300748832452, -125.5168241895391645 ) ) ;
#4661 = CARTESIAN_POINT ( 'NONE',  ( -13.18220182621164405, 134.0607557224365110, -61.85172000638529255 ) ) ;
#4662 = DIRECTION ( 'NONE',  ( 1.000000000000000000, 0.000000000000000000, 0.000000000000000000 ) ) ;
#4663 = ADVANCED_FACE ( 'NONE', ( #1488 ), #620, .T. ) ;
#4664 = DIRECTION ( 'NONE',  ( 0.000000000000000000, 0.000000000000000000, -1.000000000000000000 ) ) ;
#4665 = CARTESIAN_POINT ( 'NONE',  ( 9.260363504770099397, 137.8128012410570022, -52.20848261730311179 ) ) ;
#4666 = CARTESIAN_POINT ( 'NONE',  ( -484.0814964013658823, 133.2304705301069134, -44.44984452142323050 ) ) ;
#4667 = CARTESIAN_POINT ( 'NONE',  ( -8.057088681241719286, 137.3741710661024911, -50.20024817250534710 ) ) ;
#4668 = ORIENTED_EDGE ( 'NONE', *, *, #2761, .F. ) ;
#4669 =( BOUNDED_SURFACE ( )  B_SPLINE_SURFACE ( 3, 2, ( 
 ( #4820, #1225, #1740 ),
 ( #2975, #4526, #4888 ),
 ( #1767, #1792, #4550 ),
 ( #4220, #1401, #2920 ),
 ( #2503, #4110, #933 ),
 ( #2610, #1320, #4913 ),
 ( #4165, #1688, #3769 ),
 ( #1373, #565, #4968 ),
 ( #958, #4575, #2102 ),
 ( #1295, #2151, #3003 ),
 ( #154, #3715, #4501 ),
 ( #3346, #3799, #512 ),
 ( #2526, #2551, #3375 ),
 ( #2897, #4937, #2181 ),
 ( #987, #3402, #98 ),
 ( #2581, #4192, #4140 ),
 ( #2077, #590, #185 ),
 ( #3292, #1714, #3741 ),
 ( #4996, #4603, #1018 ),
 ( #3689, #75, #907 ),
 ( #3316, #538, #2125 ),
 ( #125, #1345, #2946 ),
 ( #2638, #1489, #4391 ),
 ( #3178, #1969, #4783 ),
 ( #3057, #3432, #4248 ),
 ( #399, #3083, #5024 ),
 ( #5200, #1461, #4692 ),
 ( #650, #4665, #1188 ),
 ( #5053, #3463, #1876 ),
 ( #214, #2296, #1074 ),
 ( #4300, #3580, #2665 ),
 ( #3031, #1431, #3855 ),
 ( #4636, #1211, #4276 ),
 ( #5176, #1583, #3999 ),
 ( #3490, #2388, #2242 ),
 ( #2784, #3881, #794 ),
 ( #1101, #5082, #1995 ),
 ( #3204, #3907, #1821 ),
 ( #2691, #678, #2269 ),
 ( #371, #3605, #702 ),
 ( #241, #269, #1606 ),
 ( #4802, #2809, #621 ),
 ( #2214, #3828, #1047 ),
 ( #1846, #1678, #2886 ),
 ( #1333, #451, #1656 ),
 ( #4491, #4411, #875 ),
 ( #821, #4439, #2415 ),
 ( #2834, #3630, #42 ),
 ( #4467, #4879, #2489 ),
 ( #1236, #1308, #2862 ),
 ( #67, #2909, #3256 ),
 ( #3304, #500, #895 ),
 ( #2466, #87, #4025 ),
 ( #4925, #2044, #4856 ) ),
 .UNSPECIFIED., .F., .F., .F. ) 
 B_SPLINE_SURFACE_WITH_KNOTS ( ( 4, 2, 2, 2, 2, 2, 2, 2, 2, 2, 2, 2, 2, 2, 2, 2, 2, 2, 2, 2, 2, 2, 2, 2, 2, 2, 4 ),
 ( 3, 3 ),
 ( 0.03920067608562777944, 0.04165071834098264814, 0.04410076059633750989, 0.04655080285169237164, 0.04777582397936980252, 0.04900084510704723340, 0.05022586623472466427, 0.05145088736240209515, 0.05206339792624081059, 0.05267590849007952603, 0.05390092961775696384, 0.05635097187311183253, 0.05757599300078926341, 0.05880101412846669429, 0.06125105638382155604, 0.06247607751149898692, 0.06370109863917641779, 0.06492611976685384867, 0.06615114089453127955, 0.06860118314988614130, 0.06982620427756357218, 0.07105122540524100305, 0.07227624653291843393, 0.07350126766059586481, 0.07472628878827329568, 0.07595130991595072656, 0.07840135217130560219 ),
 ( 0.000000000000000000, 1.000000000000000000 ),
 .UNSPECIFIED. ) 
 GEOMETRIC_REPRESENTATION_ITEM ( )  RATIONAL_B_SPLINE_SURFACE ( (
 ( 1.000000000000000000, 0.8059840889105560624, 1.000000000000000000),
 ( 1.000000000000000000, 0.8223985203294859048, 1.000000000000000000),
 ( 1.000000000000000000, 0.8388800023325060362, 1.000000000000000000),
 ( 1.000000000000000000, 0.8705786220538376252, 1.000000000000000000),
 ( 1.000000000000000000, 0.8857560504275718838, 1.000000000000000000),
 ( 1.000000000000000000, 0.9129697789522481788, 1.000000000000000000),
 ( 1.000000000000000000, 0.9251266058153407856, 1.000000000000000000),
 ( 1.000000000000000000, 0.9407101373710821113, 1.000000000000000000),
 ( 1.000000000000000000, 0.9454828320827056709, 1.000000000000000000),
 ( 1.000000000000000000, 0.9538701892786157766, 1.000000000000000000),
 ( 1.000000000000000000, 0.9574894424418727290, 1.000000000000000000),
 ( 1.000000000000000000, 0.9634211275130337704, 1.000000000000000000),
 ( 1.000000000000000000, 0.9657434917227466498, 1.000000000000000000),
 ( 1.000000000000000000, 0.9687142934553524265, 1.000000000000000000),
 ( 1.000000000000000000, 0.9693863631667425373, 1.000000000000000000),
 ( 1.000000000000000000, 0.9690919181978786545, 1.000000000000000000),
 ( 1.000000000000000000, 0.9687727312244212019, 1.000000000000000000),
 ( 1.000000000000000000, 0.9677224137115090219, 1.000000000000000000),
 ( 1.000000000000000000, 0.9669915866347581490, 1.000000000000000000),
 ( 1.000000000000000000, 0.9642190414069264914, 1.000000000000000000),
 ( 1.000000000000000000, 0.9615718122496643705, 1.000000000000000000),
 ( 1.000000000000000000, 0.9517322862918011772, 1.000000000000000000),
 ( 1.000000000000000000, 0.9427829456818591636, 1.000000000000000000),
 ( 1.000000000000000000, 0.9265535824709620893, 1.000000000000000000),
 ( 1.000000000000000000, 0.9206558885075324383, 1.000000000000000000),
 ( 1.000000000000000000, 0.9081890800690699539, 1.000000000000000000),
 ( 1.000000000000000000, 0.9015968274016255002, 1.000000000000000000),
 ( 1.000000000000000000, 0.8808768182142137082, 1.000000000000000000),
 ( 1.000000000000000000, 0.8657954044944570215, 1.000000000000000000),
 ( 1.000000000000000000, 0.8418620374481390334, 1.000000000000000000),
 ( 1.000000000000000000, 0.8336268307275369605, 1.000000000000000000),
 ( 1.000000000000000000, 0.8171352325451073373, 1.000000000000000000),
 ( 1.000000000000000000, 0.8088705655431199792, 1.000000000000000000),
 ( 1.000000000000000000, 0.7925277710583366053, 1.000000000000000000),
 ( 1.000000000000000000, 0.7844488374777985884, 1.000000000000000000),
 ( 1.000000000000000000, 0.7687616678523617741, 1.000000000000000000),
 ( 1.000000000000000000, 0.7611162442252901172, 1.000000000000000000),
 ( 1.000000000000000000, 0.7397035239092820680, 1.000000000000000000),
 ( 1.000000000000000000, 0.7276469062691501843, 1.000000000000000000),
 ( 1.000000000000000000, 0.7151340245361625936, 1.000000000000000000),
 ( 1.000000000000000000, 0.7119068832678129288, 1.000000000000000000),
 ( 1.000000000000000000, 0.7078088240698746647, 1.000000000000000000),
 ( 1.000000000000000000, 0.7068973199186787681, 1.000000000000000000),
 ( 1.000000000000000000, 0.7073971107890024701, 1.000000000000000000),
 ( 1.000000000000000000, 0.7088084030272154834, 1.000000000000000000),
 ( 1.000000000000000000, 0.7139342466115763397, 1.000000000000000000),
 ( 1.000000000000000000, 0.7175985065042230771, 1.000000000000000000),
 ( 1.000000000000000000, 0.7267247238751691762, 1.000000000000000000),
 ( 1.000000000000000000, 0.7321916030255690711, 1.000000000000000000),
 ( 1.000000000000000000, 0.7445765726094366599, 1.000000000000000000),
 ( 1.000000000000000000, 0.7515226261498474392, 1.000000000000000000),
 ( 1.000000000000000000, 0.7734933883790192644, 1.000000000000000000),
 ( 1.000000000000000000, 0.7897577564450846133, 1.000000000000000000),
 ( 1.000000000000000000, 0.8063609521654806489, 1.000000000000000000) ) ) 
 REPRESENTATION_ITEM ( '' )  SURFACE ( )  );
#4670 = CARTESIAN_POINT ( 'NONE',  ( 10.99998820790206899, 354.3475731858910649, -280.7814414299109558 ) ) ;
#4671 = CARTESIAN_POINT ( 'NONE',  ( -464.7948129590740791, 241.4177345184460819, -168.3649499501183868 ) ) ;
#4672 = EDGE_LOOP ( 'NONE', ( #3739, #967, #2752, #3284 ) ) ;
#4673 = VERTEX_POINT ( 'NONE', #3082 ) ;
#4674 = CARTESIAN_POINT ( 'NONE',  ( -10.89881895048368854, 124.7212639563878724, -42.20485870334202616 ) ) ;
#4675 = CIRCLE ( 'NONE', #3587, 10.09999999999999787 ) ;
#4676 = CARTESIAN_POINT ( 'NONE',  ( 11.64435839055465927, 123.4011609612872888, -42.87493734115247435 ) ) ;
#4677 = CARTESIAN_POINT ( 'NONE',  ( -465.1732518811646742, 349.8240073076828480, -280.7821815556694105 ) ) ;
#4678 = CARTESIAN_POINT ( 'NONE',  ( -370.6547494157490519, 271.0863223916460925, -114.4989344394390400 ) ) ;
#4679 = CARTESIAN_POINT ( 'NONE',  ( -6.281004695844762509, 120.1773256800429124, -62.50350010428551428 ) ) ;
#4680 = CARTESIAN_POINT ( 'NONE',  ( -486.2849181637045604, 124.2185114912037562, -64.28801105870361710 ) ) ;
#4681 = ORIENTED_EDGE ( 'NONE', *, *, #4750, .F. ) ;
#4682 = FACE_OUTER_BOUND ( 'NONE', #2852, .T. ) ;
#4683 = VECTOR ( 'NONE', #1372, 1000.000000000000000 ) ;
#4684 = DIRECTION ( 'NONE',  ( 0.000000000000000000, 0.000000000000000000, 1.000000000000000000 ) ) ;
#4685 = FACE_OUTER_BOUND ( 'NONE', #1858, .T. ) ;
#4686 = CARTESIAN_POINT ( 'NONE',  ( -12.53104373772666236, 228.7120197731556459, -152.4587948787118705 ) ) ;
#4687 = CARTESIAN_POINT ( 'NONE',  ( -490.2068636980341125, 119.5360753498704582, -45.01958994480771281 ) ) ;
#4688 = DIRECTION ( 'NONE',  ( 0.000000000000000000, 0.7071067811865475727, -0.7071067811865475727 ) ) ;
#4689 = CARTESIAN_POINT ( 'NONE',  ( -471.1053840651500764, 133.7298946566595248, -44.82884810570487844 ) ) ;
#4690 = FACE_OUTER_BOUND ( 'NONE', #686, .T. ) ;
#4691 = CARTESIAN_POINT ( 'NONE',  ( -477.5138688887957983, 65.00000000000000000, -20.00000000000000000 ) ) ;
#4692 = CARTESIAN_POINT ( 'NONE',  ( 8.859049445847690052, 137.6042675085116116, -51.07192248433654669 ) ) ;
#4693 = CARTESIAN_POINT ( 'NONE',  ( -483.8053974048945065, 134.4296508420643761, -45.44196490922387710 ) ) ;
#4694 = ADVANCED_FACE ( 'NONE', ( #213 ), #3374, .T. ) ;
#4695 = CARTESIAN_POINT ( 'NONE',  ( -10.90206039354309198, 137.8253501213216055, -54.45931076700475870 ) ) ;
#4696 = ORIENTED_EDGE ( 'NONE', *, *, #2889, .F. ) ;
#4697 = DIRECTION ( 'NONE',  ( -0.000000000000000000, 0.7071067811865474617, -0.7071067811865474617 ) ) ;
#4698 = CARTESIAN_POINT ( 'NONE',  ( -469.5162610646864891, 123.6244426607308355, -64.31243777777535797 ) ) ;
#4699 = EDGE_LOOP ( 'NONE', ( #4565, #3725, #831, #2156 ) ) ;
#4700 = CARTESIAN_POINT ( 'NONE',  ( -11.82804898802275950, 122.5777582986508065, -42.73360425880862579 ) ) ;
#4701 = CARTESIAN_POINT ( 'NONE',  ( 11.56445176919545403, 123.2709578094799525, -42.49209752541018759 ) ) ;
#4702 = CARTESIAN_POINT ( 'NONE',  ( -464.8363082662800707, 349.4813566453035492, -277.2985140792567336 ) ) ;
#4703 = CARTESIAN_POINT ( 'NONE',  ( -368.7569344443979844, 262.7170908612151266, -117.7121223185245356 ) ) ;
#4704 = CARTESIAN_POINT ( 'NONE',  ( -9.337688423754585187, 125.6199443359551111, -64.54168803955072065 ) ) ;
#4705 = CARTESIAN_POINT ( 'NONE',  ( -486.4841284558938810, 124.5313000673425847, -64.35690597216735398 ) ) ;
#4706 = CARTESIAN_POINT ( 'NONE',  ( 15.69999999999999929, 126.7631832112599852, -53.47891196379821110 ) ) ;
#4707 = B_SPLINE_CURVE_WITH_KNOTS ( 'NONE', 3,
 ( #3815, #1419, #201, #4209, #4622, #2567, #3419, #4126, #5014, #2168, #3843, #2202, #172, #2229, #1755, #2118, #1036, #230, #3389, #2990, #3336, #3784, #4591, #3732, #1808, #4955, #2626, #1005, #4237, #1361, #4985, #638, #2542, #1835, #3047, #4155, #3450, #5040, #2598, #553, #4927, #1782, #1449, #2516, #527, #2140, #113, #1730, #1335, #3759, #4540, #949 ),
 .UNSPECIFIED., .F., .F.,
 ( 4, 2, 2, 2, 2, 2, 2, 2, 2, 2, 2, 2, 2, 2, 2, 2, 2, 2, 2, 2, 2, 2, 2, 2, 2, 4 ),
 ( 0.03643885631060016922, 0.03885801063983884696, 0.04127716496907751775, 0.04369631929831619549, 0.04490589646293557252, 0.04611547362755495649, 0.04732505079217433352, 0.04853462795679371056, 0.04913941653910339907, 0.04974420512141308759, 0.05095378228603249932, 0.05337293661527125338, 0.05458251377989065123, 0.05579209094451005602, 0.05821124527374896274, 0.05942082243836840916, 0.06063039960298786946, 0.06304955393222685944, 0.06546870826146584943, 0.06667828542608539300, 0.06788786259070493656, 0.06909743975532448013, 0.07030701691994400981, 0.07151659408456353950, 0.07272617124918306919, 0.07514532557842221183 ),
 .UNSPECIFIED. ) ;
#4708 = CARTESIAN_POINT ( 'NONE',  ( 10.68619875116329787, 126.1686414032937620, -42.39079046637412773 ) ) ;
#4709 = CARTESIAN_POINT ( 'NONE',  ( -12.70642899394120739, 118.5797145863925408, -45.24674687279088658 ) ) ;
#4710 = CARTESIAN_POINT ( 'NONE',  ( -11.06257500306120356, 227.4122769296590434, -162.9544983598170518 ) ) ;
#4711 = CARTESIAN_POINT ( 'NONE',  ( -490.2028048655402586, 118.4636043277442070, -46.09861607382523374 ) ) ;
#4712 = LINE ( 'NONE', #2292, #261 ) ;
#4713 = CARTESIAN_POINT ( 'NONE',  ( -471.2118805358695113, 134.3133334999326109, -45.33312141094150860 ) ) ;
#4714 = CIRCLE ( 'NONE', #343, 11.09999999999999787 ) ;
#4715 = CARTESIAN_POINT ( 'NONE',  ( -16.69999999999999929, 126.7631832112599852, -53.47891196379821110 ) ) ;
#4716 = CARTESIAN_POINT ( 'NONE',  ( -487.2785822277693910, 125.7911404629075207, -64.55710130406059477 ) ) ;
#4717 = VECTOR ( 'NONE', #2130, 1000.000000000000000 ) ;
#4718 = CARTESIAN_POINT ( 'NONE',  ( -487.2863568701706072, 127.7228181471008526, -42.39925886166176383 ) ) ;
#4719 = VERTEX_POINT ( 'NONE', #5023 ) ;
#4720 = CARTESIAN_POINT ( 'NONE',  ( -9.322308669927773295, 127.9325889803018583, -42.41886250666823344 ) ) ;
#4721 = CARTESIAN_POINT ( 'NONE',  ( -467.5352363950448193, 126.1529073061082613, -64.56212283969475152 ) ) ;
#4722 = ORIENTED_EDGE ( 'NONE', *, *, #2655, .T. ) ;
#4723 = EDGE_CURVE ( 'NONE', #1065, #4752, #3672, .T. ) ;
#4724 = EDGE_CURVE ( 'NONE', #707, #3572, #2580, .T. ) ;
#4725 = CARTESIAN_POINT ( 'NONE',  ( 10.84784034435569211, 355.0660519249925073, -279.1928577006741534 ) ) ;
#4726 = CARTESIAN_POINT ( 'NONE',  ( -469.9113675883776864, 122.9608455737249528, -64.07705013780982028 ) ) ;
#4727 = CARTESIAN_POINT ( 'NONE',  ( -13.12080846811198320, 117.8591952403757972, -46.80679454518232774 ) ) ;
#4728 = VERTEX_POINT ( 'NONE', #2637 ) ;
#4729 = CARTESIAN_POINT ( 'NONE',  ( -9.963066567484577973, 127.3991870591855360, -42.39714770419477929 ) ) ;
#4730 = CARTESIAN_POINT ( 'NONE',  ( 11.84622010747422571, 116.3640146829583841, -49.57770491778111932 ) ) ;
#4731 = FACE_OUTER_BOUND ( 'NONE', #4455, .T. ) ;
#4732 = CARTESIAN_POINT ( 'NONE',  ( -368.7569344443975297, 278.4148614035565856, -133.4098928608657957 ) ) ;
#4733 = CARTESIAN_POINT ( 'NONE',  ( -7.253066695052066137, 116.8584671985936012, -58.50194753087056654 ) ) ;
#4734 = CARTESIAN_POINT ( 'NONE',  ( -487.8834298965767857, 115.6442577636085076, -53.44538381159767937 ) ) ;
#4735 = CARTESIAN_POINT ( 'NONE',  ( -6.406429080960419853, 135.3734700235066555, -46.47102137013243350 ) ) ;
#4736 = CARTESIAN_POINT ( 'NONE',  ( -108.7569344443978991, 278.4148614035563014, -133.4098928608660515 ) ) ;
#4737 = DIRECTION ( 'NONE',  ( 0.000000000000000000, 0.000000000000000000, -1.000000000000000000 ) ) ;
#4738 = DIRECTION ( 'NONE',  ( 0.000000000000000000, 0.7071067811865464625, -0.7071067811865486830 ) ) ;
#4739 = CARTESIAN_POINT ( 'NONE',  ( -489.2281349512790030, 116.2424269063956359, -49.91819378288297315 ) ) ;
#4740 = CARTESIAN_POINT ( 'NONE',  ( -477.5138688887958551, 234.7056274847712132, -161.4213562373098512 ) ) ;
#4741 = CARTESIAN_POINT ( 'NONE',  ( -465.4241142011292141, 130.1520223683246229, -64.05494565771923021 ) ) ;
#4742 = CARTESIAN_POINT ( 'NONE',  ( -108.7569344443978991, 262.7170908612149560, -117.7121223185247203 ) ) ;
#4743 = CARTESIAN_POINT ( 'NONE',  ( -464.8363727976494033, 354.6901944719758148, -280.3024122440589849 ) ) ;
#4744 = CARTESIAN_POINT ( 'NONE',  ( -485.4290518180728213, 130.2701471022655824, -42.92266740376135203 ) ) ;
#4745 = CARTESIAN_POINT ( 'NONE',  ( -6.429884687462458004, 132.9072423408321697, -44.13349418909086808 ) ) ;
#4746 = CARTESIAN_POINT ( 'NONE',  ( -488.4111864394047302, 354.9908452870106998, -279.5732941837935641 ) ) ;
#4747 = CARTESIAN_POINT ( 'NONE',  ( -466.1132086840662510, 129.8713487491419585, -64.56670901669870943 ) ) ;
#4748 = CARTESIAN_POINT ( 'NONE',  ( 0.000000000000000000, 358.4493141924170914, -285.1650429449557009 ) ) ;
#4749 = CARTESIAN_POINT ( 'NONE',  ( -470.8391730130806536, 120.9908800101545836, -62.99220163055865385 ) ) ;
#4750 = EDGE_CURVE ( 'NONE', #4906, #2511, #2252, .T. ) ;
#4751 = CARTESIAN_POINT ( 'NONE',  ( -12.11025755093978873, 123.3533526768689654, -42.89041364164963710 ) ) ;
#4752 = VERTEX_POINT ( 'NONE', #3957 ) ;
#4753 = CARTESIAN_POINT ( 'NONE',  ( -12.65957980876837219, 119.8420184061777718, -44.76775546077079326 ) ) ;
#4754 = CARTESIAN_POINT ( 'NONE',  ( 12.58263244190933250, 117.7618781974923081, -46.97264083769399434 ) ) ;
#4755 = DIRECTION ( 'NONE',  ( -0.8653017041486691374, 0.5012513948084422744, 0.000000000000000000 ) ) ;
#4756 = LINE ( 'NONE', #5197, #2141 ) ;
#4757 = CARTESIAN_POINT ( 'NONE',  ( -7.997607824106805374, 123.6244426607250944, -64.31243777777268633 ) ) ;
#4758 = CARTESIAN_POINT ( 'NONE',  ( -486.3157774737244949, 115.9429426685705664, -55.97567119083313969 ) ) ;
#4759 = ADVANCED_FACE ( 'NONE', ( #3537 ), #1776, .F. ) ;
#4760 = FACE_OUTER_BOUND ( 'NONE', #39, .T. ) ;
#4761 = CIRCLE ( 'NONE', #2660, 11.00000000000000000 ) ;
#4762 = CARTESIAN_POINT ( 'NONE',  ( -12.67746249944383052, 353.5863332045187803, -281.4060646523172977 ) ) ;
#4763 = CARTESIAN_POINT ( 'NONE',  ( -470.3794161823302034, 116.9324563535088544, -58.68419324016125671 ) ) ;
#4764 = CARTESIAN_POINT ( 'NONE',  ( -110.3373384867311557, 259.4659761323857197, -124.1080209891971435 ) ) ;
#4765 = DIRECTION ( 'NONE',  ( -1.000000000000000000, 0.000000000000000000, 0.000000000000000000 ) ) ;
#4766 = CARTESIAN_POINT ( 'NONE',  ( -464.8818983218005769, 135.5236608219188668, -60.30603646383961802 ) ) ;
#4767 = CARTESIAN_POINT ( 'NONE',  ( -488.0517664059277081, 128.0823539066014973, -64.83279699900627691 ) ) ;
#4768 = CARTESIAN_POINT ( 'NONE',  ( -469.4041907144365950, 129.9540824947345925, -42.82539314471294745 ) ) ;
#4769 = CARTESIAN_POINT ( 'NONE',  ( -464.9686313199301253, 352.2828285095779961, -281.8010819142765513 ) ) ;
#4770 = CARTESIAN_POINT ( 'NONE',  ( -490.7091055911807871, 134.2421592617765498, -61.69037129496054206 ) ) ;
#4771 = CARTESIAN_POINT ( 'NONE',  ( -6.052897051659296146, 134.4790942853899196, -45.40529360691708405 ) ) ;
#4772 = CARTESIAN_POINT ( 'NONE',  ( -108.7569344443978991, 262.7170908612149560, -117.7121223185247203 ) ) ;
#4773 = CARTESIAN_POINT ( 'NONE',  ( -466.5085756654236775, 247.0488707871150211, -164.7328047377573625 ) ) ;
#4774 = FACE_OUTER_BOUND ( 'NONE', #1681, .T. ) ;
#4775 = ORIENTED_EDGE ( 'NONE', *, *, #4548, .T. ) ;
#4776 = CARTESIAN_POINT ( 'NONE',  ( -10.10983817350329161, 126.5509780084163083, -42.35765698133007362 ) ) ;
#4777 = CARTESIAN_POINT ( 'NONE',  ( -467.1103539096684472, 230.6232235839870555, -167.6403129090814730 ) ) ;
#4778 = CARTESIAN_POINT ( 'NONE',  ( 11.61971076942419145, 115.9116889422081300, -51.11613448027754458 ) ) ;
#4779 = CARTESIAN_POINT ( 'NONE',  ( -466.6150499382991939, 124.7212639563617245, -42.20485870334638889 ) ) ;
#4780 = CARTESIAN_POINT ( 'NONE',  ( -371.1536645732585384, 280.2672419380021438, -119.9732799069389273 ) ) ;
#4781 = CARTESIAN_POINT ( 'NONE',  ( -477.5138688887957983, -20.00000000000000000, 0.000000000000000000 ) ) ;
#4782 = DIRECTION ( 'NONE',  ( 0.000000000000000000, 1.000000000000000000, -1.224646799147353207E-16 ) ) ;
#4783 = CARTESIAN_POINT ( 'NONE',  ( 8.031207401997356499, 137.2290328937546064, -49.76462205086695434 ) ) ;
#4784 = CARTESIAN_POINT ( 'NONE',  ( -466.7473932576882021, 352.2799310608299379, -275.8010819142765513 ) ) ;
#4785 = DIRECTION ( 'NONE',  ( -1.000000000000000000, 0.000000000000000000, -0.000000000000000000 ) ) ;
#4786 = CARTESIAN_POINT ( 'NONE',  ( -488.7890929674272229, 115.6347187473787130, -50.63110472257275774 ) ) ;
#4787 = DIRECTION ( 'NONE',  ( 0.8974478404791753627, -0.4411205885234382729, 0.000000000000000000 ) ) ;
#4788 = CARTESIAN_POINT ( 'NONE',  ( -465.1501849605797361, 354.6896250747988688, -277.2990482424157221 ) ) ;
#4789 = CARTESIAN_POINT ( 'NONE',  ( -490.6860357527999668, 133.9472784618133119, -61.94974493647568181 ) ) ;
#4790 = CARTESIAN_POINT ( 'NONE',  ( -6.376403964022278714, 133.8600587477969270, -44.93506058695465555 ) ) ;
#4791 = AXIS2_PLACEMENT_3D ( 'NONE', #3877, #3054, #3904 ) ;
#4792 = B_SPLINE_CURVE_WITH_KNOTS ( 'NONE', 3,
 ( #2171, #4130, #1784, #2205, #3453, #2601, #4624, #3818, #4957, #4929, #3364, #5043, #1452, #1008, #1364, #147, #1039, #2630, #1759, #925, #1811, #530, #2120, #2570, #3734, #4542, #1338, #2937, #4594, #4158, #556, #2144 ),
 .UNSPECIFIED., .F., .F.,
 ( 4, 2, 2, 2, 2, 2, 2, 2, 2, 2, 2, 2, 2, 2, 2, 4 ),
 ( 0.009425195513025135322, 0.01060311608215192339, 0.01119207636671531829, 0.01178103665127871319, 0.01236999693584210636, 0.01295895722040550126, 0.01354791750496889616, 0.01413687778953228932, 0.01472583807409568422, 0.01531479835865907912, 0.01590375864322247229, 0.01649271892778586546, 0.01708167921234926209, 0.01767063949691265873, 0.01825959978147605189, 0.01884856006603944506 ),
 .UNSPECIFIED. ) ;
#4793 = CARTESIAN_POINT ( 'NONE',  ( 6.720752445544716736, 121.2884455435107185, -63.24612427252114344 ) ) ;
#4794 = CARTESIAN_POINT ( 'NONE',  ( -474.3130274256056396, 239.6825497074419502, -149.0014701046022481 ) ) ;
#4795 = DIRECTION ( 'NONE',  ( 0.000000000000000000, 0.7071067811865475727, 0.7071067811865475727 ) ) ;
#4796 = ORIENTED_EDGE ( 'NONE', *, *, #5065, .T. ) ;
#4797 = CARTESIAN_POINT ( 'NONE',  ( -12.29227438670725547, 116.9717176538745917, -48.23588927455102038 ) ) ;
#4798 = CARTESIAN_POINT ( 'NONE',  ( -465.7982902303873516, 227.0409165081647984, -160.7351977588628529 ) ) ;
#4799 = FACE_BOUND ( 'NONE', #4986, .T. ) ;
#4800 = CARTESIAN_POINT ( 'NONE',  ( -464.3600917949011659, 119.8830810875222284, -44.73243889600774992 ) ) ;
#4801 = CARTESIAN_POINT ( 'NONE',  ( -370.8050991805045555, 271.9924736088384520, -114.4874967134194605 ) ) ;
#4802 = CARTESIAN_POINT ( 'NONE',  ( 12.68899769720810511, 135.4223961965562921, -61.20619193151113535 ) ) ;
#4803 = EDGE_CURVE ( 'NONE', #2129, #189, #123, .T. ) ;
#4804 = CARTESIAN_POINT ( 'NONE',  ( -466.8254632417507537, 354.9900559975373540, -278.0260073711862674 ) ) ;
#4805 = CARTESIAN_POINT ( 'NONE',  ( -488.4170128485741316, 124.7069449159108814, -42.21273862064893478 ) ) ;
#4806 = ADVANCED_FACE ( 'NONE', ( #4001 ), #2316, .F. ) ;
#4807 = CARTESIAN_POINT ( 'NONE',  ( -6.177542903812538455, 135.4996457770895688, -46.52274661115747278 ) ) ;
#4808 = VERTEX_POINT ( 'NONE', #525 ) ;
#4809 = EDGE_CURVE ( 'NONE', #5041, #3481, #4563, .T. ) ;
#4810 = CARTESIAN_POINT ( 'NONE',  ( -469.5064889232583027, 123.6409231294910427, -64.31747459644076059 ) ) ;
#4811 = CARTESIAN_POINT ( 'NONE',  ( -464.4087984348383884, 135.6430921835943479, -60.15045905929820691 ) ) ;
#4812 = CARTESIAN_POINT ( 'NONE',  ( -470.6451455258696228, 131.9305727857473300, -43.53717659298989417 ) ) ;
#4813 = CARTESIAN_POINT ( 'NONE',  ( -465.0830070210058125, 352.8624202737289579, -275.8968355071625069 ) ) ;
#4814 = DIRECTION ( 'NONE',  ( 0.000000000000000000, 0.7071067811865464625, -0.7071067811865486830 ) ) ;
#4815 = CARTESIAN_POINT ( 'NONE',  ( -490.1377097085320429, 135.9225573876115618, -60.59693605143492334 ) ) ;
#4816 = PRESENTATION_STYLE_ASSIGNMENT (( #2872 ) ) ;
#4817 = CARTESIAN_POINT ( 'NONE',  ( 6.252615408398671804, 135.7424759642884737, -46.82478384718204723 ) ) ;
#4818 = CARTESIAN_POINT ( 'NONE',  ( -465.3274472282869283, 131.9920095299051468, -63.79083993771314454 ) ) ;
#4819 = ADVANCED_FACE ( 'NONE', ( #3388 ), #2117, .F. ) ;
#4820 = CARTESIAN_POINT ( 'NONE',  ( 10.90314395978971440, 124.7069449158873766, -42.21273862065233118 ) ) ;
#4821 = CARTESIAN_POINT ( 'NONE',  ( -474.7937856808084121, 240.1900009390104174, -149.3510384676615956 ) ) ;
#4822 = DIRECTION ( 'NONE',  ( -1.000000000000000000, 0.000000000000000000, 0.000000000000000000 ) ) ;
#4823 = ORIENTED_EDGE ( 'NONE', *, *, #928, .T. ) ;
#4824 = CYLINDRICAL_SURFACE ( 'NONE', #5007, 11.09999999999999787 ) ;
#4825 = CARTESIAN_POINT ( 'NONE',  ( -369.3885132040475696, 264.8265659166743262, -115.6026472630654354 ) ) ;
#4826 = CARTESIAN_POINT ( 'NONE',  ( -464.3151327217462949, 118.7285967653754284, -45.81767406647622209 ) ) ;
#4827 = CARTESIAN_POINT ( 'NONE',  ( -369.9404206274984972, 267.6605746141032682, -114.7499108794617513 ) ) ;
#4828 = CARTESIAN_POINT ( 'NONE',  ( -490.2092359287099725, 350.2559277647183649, -276.4153604407646867 ) ) ;
#4829 = CARTESIAN_POINT ( 'NONE',  ( -12.54515041053391577, 355.0853218596866441, -278.9978305945535340 ) ) ;
#4830 = CARTESIAN_POINT ( 'NONE',  ( -490.0354502585749401, 352.0853531617383396, -275.8010819142765513 ) ) ;
#4831 = CARTESIAN_POINT ( 'NONE',  ( -467.5352363950448193, 126.1529073061082613, -64.56212283969473731 ) ) ;
#4832 = CARTESIAN_POINT ( 'NONE',  ( -110.6444272405762916, 259.4394870086531455, -127.0404833139425165 ) ) ;
#4833 = CARTESIAN_POINT ( 'NONE',  ( -10.39634929801816376, 138.1350538703864004, -54.52473663119873493 ) ) ;
#4834 = EDGE_LOOP ( 'NONE', ( #2531, #7, #1660, #389 ) ) ;
#4835 = CARTESIAN_POINT ( 'NONE',  ( -464.9046496959991259, 117.5289009728801801, -46.46024613767413314 ) ) ;
#4836 = CARTESIAN_POINT ( 'NONE',  ( -10.97395311952656449, 349.4800447970829396, -277.3005304860986371 ) ) ;
#4837 = CARTESIAN_POINT ( 'NONE',  ( 6.404128133889023466, 135.3927211600780538, -46.48796363261145359 ) ) ;
#4838 = PRODUCT_DEFINITION_FORMATION_WITH_SPECIFIED_SOURCE ( 'ANY', '', #4983, .NOT_KNOWN. ) ;
#4839 = CARTESIAN_POINT ( 'NONE',  ( -490.3690780266178422, 136.4462439178485909, -58.96092821882698587 ) ) ;
#4840 = VECTOR ( 'NONE', #4527, 1000.000000000000000 ) ;
#4841 = ORIENTED_EDGE ( 'NONE', *, *, #1371, .F. ) ;
#4842 = CARTESIAN_POINT ( 'NONE',  ( 8.231920061696973434, 137.7014767796568719, -50.73581797547223715 ) ) ;
#4843 = CARTESIAN_POINT ( 'NONE',  ( 11.96853242471353340, 122.1928015355456267, -42.87867521320782060 ) ) ;
#4844 = CARTESIAN_POINT ( 'NONE',  ( -460.8138688887958097, 126.7631832112599852, -53.47891196379821110 ) ) ;
#4845 = CARTESIAN_POINT ( 'NONE',  ( -10.37666675777145109, 127.7577759118842238, -64.87001446299593965 ) ) ;
#4846 = CYLINDRICAL_SURFACE ( 'NONE', #1935, 12.70000000000000462 ) ;
#4847 = ORIENTED_EDGE ( 'NONE', *, *, #838, .F. ) ;
#4848 = CARTESIAN_POINT ( 'NONE',  ( -464.8246771458711919, 228.0675756141384909, -153.8885327144482744 ) ) ;
#4849 = CYLINDRICAL_SURFACE ( 'NONE', #1595, 12.70000000000000995 ) ;
#4850 = CARTESIAN_POINT ( 'NONE',  ( -464.5101171597066809, 117.5069739784787402, -47.34016964027043883 ) ) ;
#4851 = CARTESIAN_POINT ( 'NONE',  ( 10.99456762230410156, 349.6976185618518116, -276.9740982409764456 ) ) ;
#4852 = DIRECTION ( 'NONE',  ( -0.5002453067673259257, -0.8645740512018589286, 0.04760612403535394166 ) ) ;
#4853 = CARTESIAN_POINT ( 'NONE',  ( -489.9884689358526089, 351.6936405966243910, -281.7817830302918196 ) ) ;
#4854 = CARTESIAN_POINT ( 'NONE',  ( 12.52158136977907965, 352.0853531617383965, -275.8010819142765513 ) ) ;
#4855 = CARTESIAN_POINT ( 'NONE',  ( 9.125087782029911665, 125.2646081478166451, -64.50043345501210013 ) ) ;
#4856 = CARTESIAN_POINT ( 'NONE',  ( 11.32418845742709834, 128.5413297152806820, -64.43556268426196709 ) ) ;
#4857 = CARTESIAN_POINT ( 'NONE',  ( -469.2395487367595024, 116.1495615494214775, -56.79861935044937127 ) ) ;
#4858 = CARTESIAN_POINT ( 'NONE',  ( -109.4300605082492410, 276.1561468129185073, -135.2600365010837891 ) ) ;
#4859 = CARTESIAN_POINT ( 'NONE',  ( -10.37427456249842272, 127.7673676192806482, -64.85278501754847014 ) ) ;
#4860 = ORIENTED_EDGE ( 'NONE', *, *, #939, .F. ) ;
#4861 = CARTESIAN_POINT ( 'NONE',  ( -471.3545751916333870, 118.0595068795221891, -60.48282209588384006 ) ) ;
#4862 = CARTESIAN_POINT ( 'NONE',  ( -9.963066567500813875, 127.3991870591587059, -42.39714770419325163 ) ) ;
#4863 = CARTESIAN_POINT ( 'NONE',  ( 6.683946732074210750, 132.9340520917236859, -44.24522523982539468 ) ) ;
#4864 = CARTESIAN_POINT ( 'NONE',  ( -490.0976796217337323, 135.7600159778098146, -59.99156948286723434 ) ) ;
#4865 = SURFACE_SIDE_STYLE ('',( #3265 ) ) ;
#4866 = CARTESIAN_POINT ( 'NONE',  ( 9.438526606327741320, 115.4317718147634650, -54.17159668167161612 ) ) ;
#4867 = LINE ( 'NONE', #2824, #1274 ) ;
#4868 = AXIS2_PLACEMENT_3D ( 'NONE', #188, #4529, #4999 ) ;
#4869 = CARTESIAN_POINT ( 'NONE',  ( -13.02434755964005042, 132.9983396788580876, -62.67055102475701744 ) ) ;
#4870 = DIRECTION ( 'NONE',  ( -0.000000000000000000, 0.7071067811865475727, -0.7071067811865475727 ) ) ;
#4871 = EDGE_CURVE ( 'NONE', #609, #2223, #2934, .T. ) ;
#4872 = ORIENTED_EDGE ( 'NONE', *, *, #774, .T. ) ;
#4873 = ADVANCED_FACE ( 'NONE', ( #4493 ), #897, .F. ) ;
#4874 = CARTESIAN_POINT ( 'NONE',  ( -460.8138688887958097, 126.7631832112599852, -56.47891196379821110 ) ) ;
#4875 = CARTESIAN_POINT ( 'NONE',  ( -464.4706375006181247, 120.5092381953105019, -44.27633261721583580 ) ) ;
#4876 = AXIS2_PLACEMENT_3D ( 'NONE', #1276, #1667, #2455 ) ;
#4877 = CARTESIAN_POINT ( 'NONE',  ( -489.8544541424828935, 349.8250926597036710, -280.7834516333522288 ) ) ;
#4878 = CARTESIAN_POINT ( 'NONE',  ( -12.34544859039169928, 354.4732021644437054, -276.9743160058184230 ) ) ;
#4879 = CARTESIAN_POINT ( 'NONE',  ( 12.32493916518210852, 132.1231923201162886, -63.20687679225049749 ) ) ;
#4880 = CARTESIAN_POINT ( 'NONE',  ( -464.3176632831587654, 119.1719145163756650, -45.37825201448500678 ) ) ;
#4881 = CARTESIAN_POINT ( 'NONE',  ( -9.798464181044879595, 126.7058367522353706, -64.85584811734908328 ) ) ;
#4882 = EDGE_LOOP ( 'NONE', ( #4775, #3420, #1356, #1513 ) ) ;
#4883 = CARTESIAN_POINT ( 'NONE',  ( -10.68824085134172641, 351.3090271095521189, -281.7055323101035924 ) ) ;
#4884 = VECTOR ( 'NONE', #2743, 1000.000000000000000 ) ;
#4885 = CARTESIAN_POINT ( 'NONE',  ( 7.659883326080842103, 136.9924714671786887, -49.15709987386671997 ) ) ;
#4886 = CARTESIAN_POINT ( 'NONE',  ( -493.2138688887957869, 126.7631832112599852, -43.37891196379821679 ) ) ;
#4887 =( LENGTH_UNIT ( ) NAMED_UNIT ( * ) SI_UNIT ( .MILLI., .METRE. ) );
#4888 = CARTESIAN_POINT ( 'NONE',  ( 10.97513085205003414, 125.6645867843221538, -42.41094820562651080 ) ) ;
#4889 = CARTESIAN_POINT ( 'NONE',  ( -106.3602043155660368, 276.1537038151700472, -115.8597417840593522 ) ) ;
#4890 = CARTESIAN_POINT ( 'NONE',  ( -10.12500717264683558, 127.0028760026075645, -64.59969988761852733 ) ) ;
#4891 = CARTESIAN_POINT ( 'NONE',  ( -488.6197647362841394, 137.8009424210140139, -54.82414881939669726 ) ) ;
#4892 = VERTEX_POINT ( 'NONE', #3731 ) ;
#4893 = EDGE_CURVE ( 'NONE', #879, #2952, #335, .T. ) ;
#4894 = EDGE_CURVE ( 'NONE', #1571, #1300, #3076, .T. ) ;
#4895 = CARTESIAN_POINT ( 'NONE',  ( 11.33240159599008656, 124.9690592448079656, -42.52486617272164438 ) ) ;
#4896 = CARTESIAN_POINT ( 'NONE',  ( -465.7320588729736528, 115.9751526524768508, -49.41536905840244032 ) ) ;
#4897 = CARTESIAN_POINT ( 'NONE',  ( 10.79351657246138707, 352.0853531617383396, -275.8010819142765513 ) ) ;
#4898 = CARTESIAN_POINT ( 'NONE',  ( -9.574777333569571169, 125.4850098338377506, -64.52534633701854716 ) ) ;
#4899 = AXIS2_PLACEMENT_3D ( 'NONE', #4633, #5131, #648 ) ;
#4900 = CARTESIAN_POINT ( 'NONE',  ( -490.1451428276519664, 351.1213328824489395, -275.9534151981740138 ) ) ;
#4901 = CARTESIAN_POINT ( 'NONE',  ( 10.96199132336713333, 127.8372433377875979, -64.54982832643760560 ) ) ;
#4902 = DIRECTION ( 'NONE',  ( 0.000000000000000000, 0.000000000000000000, 1.000000000000000000 ) ) ;
#4903 = CARTESIAN_POINT ( 'NONE',  ( -464.5988132796975947, 120.9993079120427950, -43.98515042668340413 ) ) ;
#4904 = CARTESIAN_POINT ( 'NONE',  ( -464.9701026029415516, 133.4024650618930821, -62.98275660527921360 ) ) ;
#4905 = CARTESIAN_POINT ( 'NONE',  ( -6.148557879799762205, 133.8093881601398891, -44.80965283637485186 ) ) ;
#4906 = VERTEX_POINT ( 'NONE', #4515 ) ;
#4907 = CARTESIAN_POINT ( 'NONE',  ( -10.92056608809134133, 351.1215196515371986, -275.9533318480677053 ) ) ;
#4908 = CARTESIAN_POINT ( 'NONE',  ( -10.76153311304498850, 115.4322876194023451, -51.73461265410625032 ) ) ;
#4909 = CARTESIAN_POINT ( 'NONE',  ( 6.988590494747244364, 136.4007541948476216, -47.96085145667894523 ) ) ;
#4910 = CARTESIAN_POINT ( 'NONE',  ( -489.8388080539691600, 132.1231923201041525, -63.20687679227103217 ) ) ;
#4911 = CARTESIAN_POINT ( 'NONE',  ( -483.8443062254872871, 120.0101914938223047, -62.29759793847134119 ) ) ;
#4912 = B_SPLINE_CURVE_WITH_KNOTS ( 'NONE', 3,
 ( #444, #4484, #2804, #2778, #468, #843, #3274, #2435, #1651, #2038, #4092, #4385, #80, #4458, #3994, #4046, #3624, #1601, #869, #9, #791, #2059, #2460, #394, #2409, #4433, #3649, #1672, #3297, #2381, #4019, #35, #420, #1987 ),
 .UNSPECIFIED., .F., .F.,
 ( 4, 2, 2, 2, 2, 2, 2, 2, 2, 2, 2, 2, 2, 2, 2, 2, 4 ),
 ( 5.594315114139762021E-17, 0.0005883421000418205841, 0.001176684200083585223, 0.001765026300125349754, 0.002353368400167114502, 0.002941710500208879250, 0.003530052600250643564, 0.004118394700292408311, 0.004706736800334172625, 0.005295078900375936939, 0.005883421000417702121, 0.006471763100459466435, 0.007060105200501230749, 0.007648447300542995930, 0.008236789400584761112, 0.008825131500626524558, 0.009413473600668289740 ),
 .UNSPECIFIED. ) ;
#4913 = CARTESIAN_POINT ( 'NONE',  ( 8.505159749058915253, 129.7273236220843273, -42.76063211416161636 ) ) ;
#4914 = LINE ( 'NONE', #1374, #4840 ) ;
#4915 = CARTESIAN_POINT ( 'NONE',  ( -12.26283750197108269, 136.9495871905109823, -58.96245955377824544 ) ) ;
#4916 = CARTESIAN_POINT ( 'NONE',  ( -16.69999999999999929, 126.7631832112599852, -53.47891196379821110 ) ) ;
#4917 = EDGE_LOOP ( 'NONE', ( #3060, #3384, #301, #2378, #3915 ) ) ;
#4918 = CARTESIAN_POINT ( 'NONE',  ( 10.66501153678203018, 353.0489991430113719, -275.9532717136580118 ) ) ;
#4919 = CARTESIAN_POINT ( 'NONE',  ( -468.2691013672981626, 115.7325466824298985, -54.77232951499438940 ) ) ;
#4920 = CARTESIAN_POINT ( 'NONE',  ( 10.92084498078706112, 351.1190539283747967, -275.9542136176083318 ) ) ;
#4921 = CARTESIAN_POINT ( 'NONE',  ( -6.399389915600342427, 118.1765995951981836, -60.51578317240581129 ) ) ;
#4922 = VERTEX_POINT ( 'NONE', #578 ) ;
#4923 = CARTESIAN_POINT ( 'NONE',  ( -5.294408881124351929, 237.5974607321404335, -147.9877960989449832 ) ) ;
#4924 = CARTESIAN_POINT ( 'NONE',  ( 7.473715286880773689, 116.5143458444179174, -57.75679152610051403 ) ) ;
#4925 = CARTESIAN_POINT ( 'NONE',  ( 10.89524192494880062, 128.8030921310206622, -64.74743978313841808 ) ) ;
#4926 = CARTESIAN_POINT ( 'NONE',  ( -465.3124265466591396, 132.0406727576352353, -63.76761970813768698 ) ) ;
#4927 = CARTESIAN_POINT ( 'NONE',  ( -490.2150491139338442, 135.2214366004327246, -61.42750998676921625 ) ) ;
#4928 = ORIENTED_EDGE ( 'NONE', *, *, #3658, .T. ) ;
#4929 = CARTESIAN_POINT ( 'NONE',  ( -10.97403022283121032, 354.6897701199242761, -280.3029307730756159 ) ) ;
#4930 = CARTESIAN_POINT ( 'NONE',  ( -477.5138688887957983, 70.16187950266180451, -14.83812049733820437 ) ) ;
#4931 = ADVANCED_FACE ( 'NONE', ( #3359 ), #3244, .T. ) ;
#4932 = DIRECTION ( 'NONE',  ( -1.000000000000000000, 0.000000000000000000, 0.000000000000000000 ) ) ;
#4933 = CARTESIAN_POINT ( 'NONE',  ( -7.497293993089851227, 235.4085131931541639, -147.6190864265571179 ) ) ;
#4934 = CARTESIAN_POINT ( 'NONE',  ( -483.9119172073966411, 117.7827880330501102, -60.01505571611184564 ) ) ;
#4935 = CARTESIAN_POINT ( 'NONE',  ( 12.50468111072403232, 122.3254475924408524, -43.29828767004390500 ) ) ;
#4936 = CARTESIAN_POINT ( 'NONE',  ( 10.51415612196925053, 127.0566775509479953, -64.57891196379821963 ) ) ;
#4937 = CARTESIAN_POINT ( 'NONE',  ( 6.196052522388693973, 134.1305597480793210, -45.16693249069784599 ) ) ;
#4938 = CARTESIAN_POINT ( 'NONE',  ( -106.7900332438976392, 281.6675508813434590, -124.1155127773293287 ) ) ;
#4939 = FACE_BOUND ( 'NONE', #2347, .T. ) ;
#4940 = FACE_OUTER_BOUND ( 'NONE', #3621, .T. ) ;
#4941 = CARTESIAN_POINT ( 'NONE',  ( -489.4273143974150457, 137.4584625826130377, -56.46824559383622955 ) ) ;
#4942 = ORIENTED_EDGE ( 'NONE', *, *, #212, .F. ) ;
#4943 = B_SPLINE_CURVE_WITH_KNOTS ( 'NONE', 3,
 ( #4068, #3646, #466, #2006, #2057, #4040, #1278, #2877, #358, #2155, #1743, #3802, #3319, #3693, #1376, #1795, #4941, #2950, #4891, #2080, #1691, #78, #568, #1323, #3378, #2555, #1770, #2924, #1349, #4971, #4113, #3773, #4607, #515, #2978, #593, #4168, #2105, #1299, #990, #1021, #4578, #2186, #3718, #4089, #2585, #4197, #101, #2900, #4553 ),
 .UNSPECIFIED., .F., .F.,
 ( 4, 2, 2, 2, 2, 2, 2, 2, 2, 2, 2, 2, 2, 2, 2, 2, 2, 2, 2, 2, 2, 2, 2, 2, 4 ),
 ( 0.002209781981955822715, 0.004467778004440944514, 0.006725774026926065879, 0.007854772038168644777, 0.008983770049411235817, 0.01124176607189637800, 0.01349976209438152018, 0.01462876010562411469, 0.01575775811686671093, 0.01801575413935189995, 0.02027375016183708897, 0.02253174618432227799, 0.02366074419556488465, 0.02478974220680749130, 0.02591874021805009448, 0.02704773822929269766, 0.02817673624053530432, 0.02930573425177791097, 0.02987023325739920909, 0.03043473226302051068, 0.03156373027426307570, 0.03269272828550564419, 0.03382172629674821962, 0.03607972231923320394, 0.03833771834171818826 ),
 .UNSPECIFIED. ) ;
#4944 = CARTESIAN_POINT ( 'NONE',  ( -497.5138688887958551, 352.0853531617383396, -278.8010819142765513 ) ) ;
#4945 = CARTESIAN_POINT ( 'NONE',  ( -469.9925860143859495, 116.2465601892173481, -57.43848866483146054 ) ) ;
#4946 = CARTESIAN_POINT ( 'NONE',  ( -367.1765304020855751, 259.4659761323857765, -124.1080209891542836 ) ) ;
#4947 = ORIENTED_EDGE ( 'NONE', *, *, #3514, .T. ) ;
#4948 = CARTESIAN_POINT ( 'NONE',  ( -12.31464841633717811, 244.5901609543369943, -166.8823194170572322 ) ) ;
#4949 = VECTOR ( 'NONE', #1146, 1000.000000000000000 ) ;
#4950 = VECTOR ( 'NONE', #4697, 1000.000000000000114 ) ;
#4951 = CARTESIAN_POINT ( 'NONE',  ( 9.273701613569819813, 115.7970509834340476, -55.23067493190413302 ) ) ;
#4952 = CARTESIAN_POINT ( 'NONE',  ( -370.6547494157490519, 271.0863223916460925, -114.4989344394390400 ) ) ;
#4953 = CARTESIAN_POINT ( 'NONE',  ( -466.5775609156497694, 138.0262144797615065, -55.59786176467994068 ) ) ;
#4954 = CARTESIAN_POINT ( 'NONE',  ( -9.913266577941396207, 115.3789808655496358, -53.33008358169559671 ) ) ;
#4955 = CARTESIAN_POINT ( 'NONE',  ( -485.7457889504928517, 137.7014767796568719, -50.73581797547224426 ) ) ;
#4956 = EDGE_LOOP ( 'NONE', ( #3809, #1882 ) ) ;
#4957 = CARTESIAN_POINT ( 'NONE',  ( -10.99461023367988410, 354.4718470667999100, -280.6295196430129977 ) ) ;
#4958 = DIRECTION ( 'NONE',  ( 1.000000000000000000, 0.000000000000000000, 0.000000000000000000 ) ) ;
#4959 = CARTESIAN_POINT ( 'NONE',  ( -8.007379965536154387, 123.6409231294888400, -64.31747459644007847 ) ) ;
#4960 = CARTESIAN_POINT ( 'NONE',  ( -488.2024845971099580, 351.3119258407204484, -281.7062082609355684 ) ) ;
#4961 = EDGE_CURVE ( 'NONE', #1329, #4808, #2501, .T. ) ;
#4962 = CARTESIAN_POINT ( 'NONE',  ( -11.94698253738018678, 229.9514685789778810, -150.5489920248521685 ) ) ;
#4963 = CARTESIAN_POINT ( 'NONE',  ( -485.4268405777588669, 115.9734605368916931, -56.75289649192345109 ) ) ;
#4964 = EDGE_CURVE ( 'NONE', #4518, #91, #5075, .T. ) ;
#4965 = EDGE_CURVE ( 'NONE', #3774, #4175, #1948, .T. ) ;
#4966 = AXIS2_PLACEMENT_3D ( 'NONE', #2172, #2571, #977 ) ;
#4967 = DIRECTION ( 'NONE',  ( 0.000000000000000000, 1.000000000000000000, 0.000000000000000000 ) ) ;
#4968 = CARTESIAN_POINT ( 'NONE',  ( 7.510187586370904889, 131.3367290086383150, -43.35895809997312966 ) ) ;
#4969 = CARTESIAN_POINT ( 'NONE',  ( -107.5190430111931192, 281.3752577547479063, -128.4736496052928487 ) ) ;
#4970 = CARTESIAN_POINT ( 'NONE',  ( -11.02088645737108052, 137.9980075077155277, -55.77509129685221723 ) ) ;
#4971 = CARTESIAN_POINT ( 'NONE',  ( -484.2238843654576499, 136.0351242513542900, -47.36639402329809911 ) ) ;
#4972 = EDGE_CURVE ( 'NONE', #245, #434, #3867, .T. ) ;
#4973 = ORIENTED_EDGE ( 'NONE', *, *, #2100, .F. ) ;
#4974 = CARTESIAN_POINT ( 'NONE',  ( -466.6659088036323055, 349.1047783345521793, -278.4084182913107952 ) ) ;
#4975 = CARTESIAN_POINT ( 'NONE',  ( -471.3608204813685347, 119.7004697482693842, -62.12810903730596124 ) ) ;
#4976 = CARTESIAN_POINT ( 'NONE',  ( -366.7004647427711461, 259.4659761323857765, -127.0139941902361187 ) ) ;
#4977 = ORIENTED_EDGE ( 'NONE', *, *, #3332, .T. ) ;
#4978 = CARTESIAN_POINT ( 'NONE',  ( -6.286375190332357477, 118.9591558401730111, -61.38210766465525836 ) ) ;
#4979 = ORIENTED_EDGE ( 'NONE', *, *, #1137, .F. ) ;
#4980 = CARTESIAN_POINT ( 'NONE',  ( -108.7569344443978991, 262.7170908612149560, -117.7121223185247203 ) ) ;
#4981 = CARTESIAN_POINT ( 'NONE',  ( 6.317627314484347778, 120.3076586685645708, -62.60534105532526894 ) ) ;
#4982 = PLANE ( 'NONE',  #1687 ) ;
#4983 = PRODUCT ( 'Walker_Front_Tubing', 'Walker_Front_Tubing', '', ( #1382 ) ) ;
#4984 = DIRECTION ( 'NONE',  ( 0.000000000000000000, 1.000000000000000000, 0.000000000000000000 ) ) ;
#4985 = CARTESIAN_POINT ( 'NONE',  ( -487.7252544402965100, 138.1483590930784260, -54.17544541213796094 ) ) ;
#4986 = EDGE_LOOP ( 'NONE', ( #2081, #944 ) ) ;
#4987 = CARTESIAN_POINT ( 'NONE',  ( -466.5642406524004286, 137.7168090296082141, -55.31730289629061303 ) ) ;
#4988 = CARTESIAN_POINT ( 'NONE',  ( -9.600653990199477406, 126.3568609690284603, -64.82992300428577437 ) ) ;
#4989 = CARTESIAN_POINT ( 'NONE',  ( -488.0968758187711956, 350.1031266469942125, -281.0614876768181603 ) ) ;
#4990 = CARTESIAN_POINT ( 'NONE',  ( -490.0680023022286491, 131.3387496181960614, -63.59912616052778844 ) ) ;
#4991 = CARTESIAN_POINT ( 'NONE',  ( -483.5671426948731551, 119.0573642066184448, -61.56220173846675436 ) ) ;
#4992 = CARTESIAN_POINT ( 'NONE',  ( 8.605208797309627400, 116.0187985162226596, -56.28422896060077818 ) ) ;
#4993 = CARTESIAN_POINT ( 'NONE',  ( -10.73611998916146071, 127.4354077846743536, -64.57891196379819121 ) ) ;
#4994 = CARTESIAN_POINT ( 'NONE',  ( -109.4480961059016835, 276.3053863480972154, -135.5193679163251659 ) ) ;
#4995 =( BOUNDED_CURVE ( )  B_SPLINE_CURVE ( 3, ( #3074, #1504, #4366, #5174 ),
 .UNSPECIFIED., .F., .T. ) 
 B_SPLINE_CURVE_WITH_KNOTS ( ( 4, 4 ),
 ( 4.712388980384695003, 7.019474463895098992 ),
 .UNSPECIFIED. ) 
 CURVE ( )  GEOMETRIC_REPRESENTATION_ITEM ( )  RATIONAL_B_SPLINE_CURVE ( ( 1.000000000000000000, 0.6035007981736864036, 0.6035007981736864036, 1.000000000000000000 ) ) 
 REPRESENTATION_ITEM ( '' )  );
#4996 = CARTESIAN_POINT ( 'NONE',  ( 6.160986460861122893, 135.4417297355572600, -46.45176316262314486 ) ) ;
#4997 = CARTESIAN_POINT ( 'NONE',  ( -106.2623249586282839, 280.2327420046480597, -120.0030999488239303 ) ) ;
#4998 = CARTESIAN_POINT ( 'NONE',  ( -12.20043024570854229, 136.7148158050426616, -58.41148711158525231 ) ) ;
#4999 = DIRECTION ( 'NONE',  ( 0.000000000000000000, 0.000000000000000000, 1.000000000000000000 ) ) ;
#5000 = VERTEX_POINT ( 'NONE', #3526 ) ;
#5001 = AXIS2_PLACEMENT_3D ( 'NONE', #642, #3764, #1839 ) ;
#5002 = CARTESIAN_POINT ( 'NONE',  ( 10.68861570831406560, 352.8587804827559467, -275.8959555676174205 ) ) ;
#5003 = CARTESIAN_POINT ( 'NONE',  ( -471.2273842435148481, 118.8402375835719909, -61.26316027277462695 ) ) ;
#5004 = CARTESIAN_POINT ( 'NONE',  ( -368.1108274893086900, 276.1479817788085143, -135.2645974350484437 ) ) ;
#5005 = ORIENTED_EDGE ( 'NONE', *, *, #1102, .T. ) ;
#5006 = CARTESIAN_POINT ( 'NONE',  ( -464.4573244138431392, 120.3649031443300572, -44.40059831127148726 ) ) ;
#5007 = AXIS2_PLACEMENT_3D ( 'NONE', #1573, #536, #3599 ) ;
#5008 = ORIENTED_EDGE ( 'NONE', *, *, #3821, .T. ) ;
#5009 = CARTESIAN_POINT ( 'NONE',  ( -11.37653518217855364, 246.6000985652879081, -165.2558292439332206 ) ) ;
#5010 = CARTESIAN_POINT ( 'NONE',  ( 6.239821517182932986, 118.2782644321287364, -60.63827932385949993 ) ) ;
#5011 = CARTESIAN_POINT ( 'NONE',  ( 12.34527765005078237, 354.4701844241985782, -276.9702995488694910 ) ) ;
#5012 = CARTESIAN_POINT ( 'NONE',  ( -490.2138332611151554, 354.3468299344501133, -280.7820325314934280 ) ) ;
#5013 = CARTESIAN_POINT ( 'NONE',  ( -470.5990778927407518, 136.7925690789982127, -48.43582896384652514 ) ) ;
#5014 = CARTESIAN_POINT ( 'NONE',  ( -484.5689519223278694, 131.5681130604866667, -43.34709091253369451 ) ) ;
#5015 = EDGE_LOOP ( 'NONE', ( #3041, #917, #4696, #3142 ) ) ;
#5016 = CARTESIAN_POINT ( 'NONE',  ( -6.097275727153173897, 118.3172425060948143, -60.78822524720815323 ) ) ;
#5017 = CARTESIAN_POINT ( 'NONE',  ( -493.2138688887957869, 126.7631832112599852, -53.47891196379821110 ) ) ;
#5018 = FACE_BOUND ( 'NONE', #4327, .T. ) ;
#5019 = CARTESIAN_POINT ( 'NONE',  ( -484.0447917687703239, 117.8045564377536607, -60.04423857392308150 ) ) ;
#5020 = CARTESIAN_POINT ( 'NONE',  ( 12.78073170148609705, 116.9908119002024449, -48.20216511206484711 ) ) ;
#5021 = CARTESIAN_POINT ( 'NONE',  ( -471.0675096048128694, 135.4927553137170264, -46.62032315666493787 ) ) ;
#5022 = CARTESIAN_POINT ( 'NONE',  ( -368.1108274890940493, 260.8623862870327343, -119.9790019432828956 ) ) ;
#5023 = CARTESIAN_POINT ( 'NONE',  ( -108.7569344443978991, 262.7170908612149560, -117.7121223185247203 ) ) ;
#5024 = CARTESIAN_POINT ( 'NONE',  ( 8.650180271934445386, 137.5264406769964864, -50.74438341072975334 ) ) ;
#5025 = CARTESIAN_POINT ( 'NONE',  ( -106.2961236890516403, 277.3851701305133588, -116.6824310454527875 ) ) ;
#5026 = CARTESIAN_POINT ( 'NONE',  ( -6.203277818166522906, 135.5816555640526531, -46.62504909269472364 ) ) ;
#5027 = EDGE_LOOP ( 'NONE', ( #1649, #569, #2323, #2507, #866 ) ) ;
#5028 = PRODUCT_DEFINITION_SHAPE ( 'NONE', 'NONE',  #3613 ) ;
#5029 = CARTESIAN_POINT ( 'NONE',  ( -16.69999999999999929, 126.7631832112599852, -64.57891196379820542 ) ) ;
#5030 = CARTESIAN_POINT ( 'NONE',  ( -467.0268613717106518, 115.3848379802221160, -52.27026156811669466 ) ) ;
#5031 = CARTESIAN_POINT ( 'NONE',  ( -368.7569344443975297, 278.4148614035565856, -133.4098928608657957 ) ) ;
#5032 = CARTESIAN_POINT ( 'NONE',  ( -465.4399218457408551, 229.7236049413903629, -150.8431119223210999 ) ) ;
#5033 = CARTESIAN_POINT ( 'NONE',  ( 0.000000000000000000, 146.3172798364528546, -73.03300858899144998 ) ) ;
#5034 = ORIENTED_EDGE ( 'NONE', *, *, #2851, .T. ) ;
#5035 = EDGE_CURVE ( 'NONE', #3590, #879, #684, .T. ) ;
#5036 = CARTESIAN_POINT ( 'NONE',  ( -10.13739518520001681, 247.7792862791298489, -163.6196891548714234 ) ) ;
#5037 = CARTESIAN_POINT ( 'NONE',  ( 9.526117683944779202, 115.4175572680083519, -54.01855992912115312 ) ) ;
#5038 = CARTESIAN_POINT ( 'NONE',  ( -467.4868313646955471, 127.2935150902180510, -42.39108298586078405 ) ) ;
#5039 = DIRECTION ( 'NONE',  ( 0.000000000000000000, 0.7071067811865486830, 0.7071067811865464625 ) ) ;
#5040 = CARTESIAN_POINT ( 'NONE',  ( -490.0684086651292546, 136.2273329769370491, -60.17602920121513677 ) ) ;
#5041 = VERTEX_POINT ( 'NONE', #5068 ) ;
#5042 = CARTESIAN_POINT ( 'NONE',  ( -465.2484395508394073, 137.2272897639504095, -57.25820336526219023 ) ) ;
#5043 = CARTESIAN_POINT ( 'NONE',  ( -10.92047865600815015, 354.9334918202982294, -279.7640441877700823 ) ) ;
#5044 = DIRECTION ( 'NONE',  ( 1.000000000000000000, -0.000000000000000000, 0.000000000000000000 ) ) ;
#5045 = CIRCLE ( 'NONE', #349, 12.70000000000000284 ) ;
#5046 = CARTESIAN_POINT ( 'NONE',  ( -477.5138688887957983, 79.14213562373097943, -5.857864376269064088 ) ) ;
#5047 = CARTESIAN_POINT ( 'NONE',  ( -489.5310924599263558, 122.3898679739194506, -43.26915297543620653 ) ) ;
#5048 = CIRCLE ( 'NONE', #3119, 3.000000000000002665 ) ;
#5049 = CARTESIAN_POINT ( 'NONE',  ( 6.287342144283534218, 118.8866075743903394, -61.30886617551256279 ) ) ;
#5050 = CARTESIAN_POINT ( 'NONE',  ( -467.9132148985963227, 126.3568609690284887, -64.82992300428578858 ) ) ;
#5051 = DIRECTION ( 'NONE',  ( 1.000000000000000000, -0.000000000000000000, -0.000000000000000000 ) ) ;
#5052 = CARTESIAN_POINT ( 'NONE',  ( -487.8560156678794328, 126.7631832112509045, -42.37891196379820968 ) ) ;
#5053 = CARTESIAN_POINT ( 'NONE',  ( 9.526571030944282370, 138.1244258333908590, -52.93055271435919451 ) ) ;
#5054 = CARTESIAN_POINT ( 'NONE',  ( -483.6421361025076067, 135.3115223416844799, -46.29606766598953982 ) ) ;
#5055 = CARTESIAN_POINT ( 'NONE',  ( -8.239990033531499947, 137.3410975657982362, -50.09755627115824694 ) ) ;
#5056 = CARTESIAN_POINT ( 'NONE',  ( -488.3347885327162317, 352.2825368323573798, -281.8010819142765513 ) ) ;
#5057 = VERTEX_POINT ( 'NONE', #5119 ) ;
#5058 = CARTESIAN_POINT ( 'NONE',  ( 9.377750402848592515, 125.9560231123540177, -64.81486785763020464 ) ) ;
#5059 = CARTESIAN_POINT ( 'NONE',  ( -467.3764737035959911, 247.7792862791297921, -163.6196891548713666 ) ) ;
#5060 = ORIENTED_EDGE ( 'NONE', *, *, #2799, .F. ) ;
#5061 = B_SPLINE_CURVE_WITH_KNOTS ( 'NONE', 3,
 ( #4445, #1314, #2072, #531, #4907, #2121, #3684, #2094, #115, #1269, #926, #4836, #2869, #1733, #557, #2915, #2471, #1662, #3339, #1242, #457, #2145, #4082, #2842, #3763, #855, #71, #1683, #93, #3287, #4883, #1291, #4497, #900 ),
 .UNSPECIFIED., .F., .F.,
 ( 4, 2, 2, 2, 2, 2, 2, 2, 2, 2, 2, 2, 2, 2, 2, 2, 4 ),
 ( 0.000000000000000000, 0.0005890747195640709576, 0.001178149439128141915, 0.001767224158692212981, 0.002356298878256283830, 0.002945373597820354680, 0.003534448317384425962, 0.004123523036948496812, 0.004712597756512567661, 0.005301672476076638510, 0.005890747195640709359, 0.006479821915204780208, 0.007068896634768851925, 0.007657971354332922774, 0.008247046073896993623, 0.008836120793461063605, 0.009425195513025135322 ),
 .UNSPECIFIED. ) ;
#5062 = CYLINDRICAL_SURFACE ( 'NONE', #3791, 11.09999999999999609 ) ;
#5063 = ORIENTED_EDGE ( 'NONE', *, *, #3506, .F. ) ;
#5064 = CARTESIAN_POINT ( 'NONE',  ( -9.709728255574791689, 127.2529152057727515, -42.38875288010048337 ) ) ;
#5065 = EDGE_CURVE ( 'NONE', #2590, #1450, #4421, .T. ) ;
#5066 = CARTESIAN_POINT ( 'NONE',  ( 12.43308446549315249, 122.5209904911767183, -43.21483414077662388 ) ) ;
#5067 = CARTESIAN_POINT ( 'NONE',  ( -464.8364063893520211, 350.5843731189579557, -276.1960991762358049 ) ) ;
#5068 = CARTESIAN_POINT ( 'NONE',  ( 0.000000000000000000, 271.9701548533022333, -180.7253713637025498 ) ) ;
#5069 = CARTESIAN_POINT ( 'NONE',  ( -6.515069284156678187, 117.2804684682726872, -59.41529673534434153 ) ) ;
#5070 = CARTESIAN_POINT ( 'NONE',  ( -484.6285614790092495, 121.4872776332188806, -63.25107697222111369 ) ) ;
#5071 = ORIENTED_EDGE ( 'NONE', *, *, #5091, .T. ) ;
#5072 = CARTESIAN_POINT ( 'NONE',  ( -470.9789853138003082, 136.2764054232717115, -47.58974428512547661 ) ) ;
#5073 = DIRECTION ( 'NONE',  ( -0.000000000000000000, -0.7071067811865475727, 0.7071067811865475727 ) ) ;
#5074 = ADVANCED_FACE ( 'NONE', ( #1115 ), #2482, .T. ) ;
#5075 = B_SPLINE_CURVE_WITH_KNOTS ( 'NONE', 3,
 ( #1500, #4313, #3094, #1888, #719, #254 ),
 .UNSPECIFIED., .F., .F.,
 ( 4, 2, 4 ),
 ( 0.03833771834171818826, 0.03937544127132196203, 0.04041316420092574274 ),
 .UNSPECIFIED. ) ;
#5076 = CARTESIAN_POINT ( 'NONE',  ( -108.7569344443978991, 278.4148614035563014, -133.4098928608660515 ) ) ;
#5077 = CARTESIAN_POINT ( 'NONE',  ( -489.8946033320659126, 117.1535218944545846, -47.90950585040220489 ) ) ;
#5078 = CARTESIAN_POINT ( 'NONE',  ( -16.69999999999999929, 126.7631832112599852, -53.47891196379821110 ) ) ;
#5079 = CARTESIAN_POINT ( 'NONE',  ( -468.5742019487020116, 129.0426846862590367, -42.61049500981412308 ) ) ;
#5080 = FACE_OUTER_BOUND ( 'NONE', #4834, .T. ) ;
#5081 = CYLINDRICAL_SURFACE ( 'NONE', #2411, 11.09999999999999787 ) ;
#5082 = CARTESIAN_POINT ( 'NONE',  ( 11.84793055934881423, 137.1608410213794969, -57.38446974832474012 ) ) ;
#5083 = CARTESIAN_POINT ( 'NONE',  ( -484.0833394820683679, 132.5687544891540597, -43.91222231518730723 ) ) ;
#5084 = CARTESIAN_POINT ( 'NONE',  ( -7.927869199216302398, 137.5412910661079025, -50.22153208004908720 ) ) ;
#5085 = ORIENTED_EDGE ( 'NONE', *, *, #4364, .T. ) ;
#5086 = CARTESIAN_POINT ( 'NONE',  ( 10.73919973162407260, 355.0663443535088390, -278.4109761281581541 ) ) ;
#5087 = CARTESIAN_POINT ( 'NONE',  ( -468.3111609867934249, 125.6548064025788136, -64.77776796992722552 ) ) ;
#5088 = CARTESIAN_POINT ( 'NONE',  ( -13.05654447495271242, 120.3649031443300288, -44.40059831127145884 ) ) ;
#5089 = ORIENTED_EDGE ( 'NONE', *, *, #1162, .F. ) ;
#5090 = CARTESIAN_POINT ( 'NONE',  ( -10.77246691471128415, 126.0305647413869679, -42.38075572714414108 ) ) ;
#5091 = EDGE_CURVE ( 'NONE', #2405, #3208, #4008, .T. ) ;
#5092 = CARTESIAN_POINT ( 'NONE',  ( 12.62079824096357505, 120.1144961356089169, -44.55776830197358862 ) ) ;
#5093 = CARTESIAN_POINT ( 'NONE',  ( -465.1029028340619789, 349.2376556439032811, -279.7649063968995620 ) ) ;
#5094 = CARTESIAN_POINT ( 'NONE',  ( -372.3917671089276951, 282.2601370235797731, -115.0716800800062316 ) ) ;
#5095 = CARTESIAN_POINT ( 'NONE',  ( -7.648403531026382041, 116.3923920871117446, -57.45226501655062634 ) ) ;
#5096 = CARTESIAN_POINT ( 'NONE',  ( -486.9110309981602995, 115.7681028923286846, -55.03451852594211857 ) ) ;
#5097 = CARTESIAN_POINT ( 'NONE',  ( -8.328956945890915620, 130.0038808183817878, -42.84207337049983977 ) ) ;
#5098 = CARTESIAN_POINT ( 'NONE',  ( -10.34214677907833568, 126.7631832112600136, -64.57891196379820542 ) ) ;
#5099 = CARTESIAN_POINT ( 'NONE',  ( -10.36567043866831028, 125.7902340184922423, -42.08585662331898902 ) ) ;
#5100 = CARTESIAN_POINT ( 'NONE',  ( -12.26736788663353828, 227.0575095975494833, -158.4400624876253687 ) ) ;
#5101 = CARTESIAN_POINT ( 'NONE',  ( -487.3615268492768564, 115.6597691802200814, -53.72840487954355382 ) ) ;
#5102 = EDGE_CURVE ( 'NONE', #442, #3012, #4675, .T. ) ;
#5103 = FACE_OUTER_BOUND ( 'NONE', #2561, .T. ) ;
#5104 = CARTESIAN_POINT ( 'NONE',  ( -13.20033369801917011, 134.3467465051741101, -61.59363307789412545 ) ) ;
#5105 = DIRECTION ( 'NONE',  ( 1.000000000000000000, 0.000000000000000000, 0.000000000000000000 ) ) ;
#5106 = CARTESIAN_POINT ( 'NONE',  ( -487.7003607836481933, 126.1223408595160436, -42.07658713330938838 ) ) ;
#5107 = CARTESIAN_POINT ( 'NONE',  ( -6.989994601081166437, 131.9314186275088332, -43.64820745591919149 ) ) ;
#5108 = CARTESIAN_POINT ( 'NONE',  ( -488.1788857284142864, 354.9333106116931731, -277.8375937774533782 ) ) ;
#5109 = ORIENTED_EDGE ( 'NONE', *, *, #1786, .F. ) ;
#5110 = B_SPLINE_CURVE_WITH_KNOTS ( 'NONE', 3,
 ( #4854, #498, #2860, #3699, #1016, #730, #1819, #1429, #2832, #1676, #5011, #2916, #1640, #2027, #459, #72, #1270, #927, #508, #4475, #1315, #2817, #3736, #2894, #2424, #881, #2051, #24, #4498, #3663, #4420, #3685, #829, #4446 ),
 .UNSPECIFIED., .F., .F.,
 ( 4, 2, 2, 2, 2, 2, 2, 2, 2, 2, 2, 2, 2, 2, 2, 2, 4 ),
 ( 5.594315114139762021E-17, 0.0005883418982772806128, 0.001176683796554505281, 0.001765025694831729840, 0.002353367593108954617, 0.002941709491386179393, 0.003530051389663403736, 0.004118393287940628512, 0.004706735186217852855, 0.005295077084495077198, 0.005883418982772302408, 0.006471760881049526751, 0.007060102779326751093, 0.007648444677603976304, 0.008236786575881201514, 0.008825128474158425856, 0.009413470372435650199 ),
 .UNSPECIFIED. ) ;
#5111 = CIRCLE ( 'NONE', #483, 11.09999999999999787 ) ;
#5112 = CARTESIAN_POINT ( 'NONE',  ( -460.8138688887958097, 126.7631832112599852, -63.57891196379821253 ) ) ;
#5113 = CARTESIAN_POINT ( 'NONE',  ( -467.8532000552211230, 248.0445096473104059, -163.0550104370402096 ) ) ;
#5114 = CARTESIAN_POINT ( 'NONE',  ( -12.48022999293546675, 116.5530906323541274, -49.10882192271395752 ) ) ;
#5115 = ORIENTED_EDGE ( 'NONE', *, *, #2490, .F. ) ;
#5116 = CARTESIAN_POINT ( 'NONE',  ( -12.63067648939533072, 117.9953585922551866, -46.66123222766157852 ) ) ;
#5117 = CARTESIAN_POINT ( 'NONE',  ( 12.61071518534144253, 119.8311321481304645, -44.15512223721780316 ) ) ;
#5118 = DIRECTION ( 'NONE',  ( -1.000000000000000000, 0.000000000000000000, 0.000000000000000000 ) ) ;
#5119 = CARTESIAN_POINT ( 'NONE',  ( 10.89524192494879884, 128.8030921310206622, -64.74743978313841808 ) ) ;
#5120 = CARTESIAN_POINT ( 'NONE',  ( -6.384503311861842612, 117.4999936079001088, -59.74256300216953264 ) ) ;
#5121 = CARTESIAN_POINT ( 'NONE',  ( -490.2946005902808224, 116.9908119002002280, -48.20216511206894694 ) ) ;
#5122 = CARTESIAN_POINT ( 'NONE',  ( -6.286185814881777745, 134.5926872953352813, -45.60104663128291946 ) ) ;
#5123 = CARTESIAN_POINT ( 'NONE',  ( -15.69999999999999929, 126.7631832112599852, -42.37891196379820968 ) ) ;
#5124 = TOROIDAL_SURFACE ( 'NONE', #1189, 10.09999999999999787, 1.000000000000000000 ) ;
#5125 = CARTESIAN_POINT ( 'NONE',  ( -12.24624149005641982, 237.5974607321400640, -169.0712498809369038 ) ) ;
#5126 = CARTESIAN_POINT ( 'NONE',  ( -490.2166723982774101, 118.7195032884004746, -45.82028275341023971 ) ) ;
#5127 = DIRECTION ( 'NONE',  ( 0.000000000000000000, 0.000000000000000000, 1.000000000000000000 ) ) ;
#5128 = CARTESIAN_POINT ( 'NONE',  ( -467.1717221097175070, 126.7631832112599852, -64.57891196379820542 ) ) ;
#5129 = EDGE_CURVE ( 'NONE', #3694, #1329, #2403, .T. ) ;
#5130 = VECTOR ( 'NONE', #158, 1000.000000000000114 ) ;
#5131 = DIRECTION ( 'NONE',  ( 0.000000000000000000, 0.7071067811865475727, -0.7071067811865475727 ) ) ;
#5132 = EDGE_CURVE ( 'NONE', #3870, #4673, #4756, .T. ) ;
#5133 = CARTESIAN_POINT ( 'NONE',  ( -488.4758602121892750, 127.8372433377729323, -64.54982832643999302 ) ) ;
#5134 = AXIS2_PLACEMENT_3D ( 'NONE', #3280, #16, #4121 ) ;
#5135 = CARTESIAN_POINT ( 'NONE',  ( -485.8322203242645969, 129.6076765961287833, -42.72764565521101332 ) ) ;
#5136 = CARTESIAN_POINT ( 'NONE',  ( -7.163218024053033872, 131.6028216219330602, -43.48285452243149507 ) ) ;
#5137 = CARTESIAN_POINT ( 'NONE',  ( -466.4360498870320271, 129.1646361814167108, -64.71222172195864175 ) ) ;
#5138 = DIRECTION ( 'NONE',  ( 0.000000000000000000, 0.000000000000000000, 1.000000000000000000 ) ) ;
#5139 = CARTESIAN_POINT ( 'NONE',  ( -470.3660059067864267, 121.5669315350120456, -63.31285708791647693 ) ) ;
#5140 = ORIENTED_EDGE ( 'NONE', *, *, #1565, .F. ) ;
#5141 = CARTESIAN_POINT ( 'NONE',  ( -12.69307636460512079, 118.2388892917766441, -45.60990815545142851 ) ) ;
#5142 = CARTESIAN_POINT ( 'NONE',  ( 12.15015640630749516, 116.3958817305751410, -48.36701516415615032 ) ) ;
#5143 = CARTESIAN_POINT ( 'NONE',  ( 0.000000000000000000, 65.00000000000000000, 0.000000000000000000 ) ) ;
#5144 = CARTESIAN_POINT ( 'NONE',  ( 0.000000000000000000, 79.14213562373097943, -5.857864376269070306 ) ) ;
#5145 = CARTESIAN_POINT ( 'NONE',  ( -7.001902326997742954, 121.6344413168008316, -63.34890457383968965 ) ) ;
#5146 = CARTESIAN_POINT ( 'NONE',  ( -489.1769205823941888, 124.3105590023491516, -42.64781326403608830 ) ) ;
#5147 = CARTESIAN_POINT ( 'NONE',  ( -6.714168013835193349, 136.0429430105350832, -47.37735348629554721 ) ) ;
#5148 = CARTESIAN_POINT ( 'NONE',  ( -12.61483632048689252, 352.8687470534255226, -281.7232261454112745 ) ) ;
#5149 = CARTESIAN_POINT ( 'NONE',  ( -466.7203523163344130, 352.0853531617383396, -275.8010819142765513 ) ) ;
#5150 = CARTESIAN_POINT ( 'NONE',  ( -489.1335796582131934, 115.9116889422086416, -51.11613448027478768 ) ) ;
#5151 = CARTESIAN_POINT ( 'NONE',  ( -493.2138688887957869, 126.7631832112599852, -53.47891196379821110 ) ) ;
#5152 = CARTESIAN_POINT ( 'NONE',  ( -464.8100651936210852, 135.1416137383391174, -61.51172838886037653 ) ) ;
#5153 = CARTESIAN_POINT ( 'NONE',  ( -466.7777488996343322, 127.4354077846742967, -64.57891196379819121 ) ) ;
#5154 = CARTESIAN_POINT ( 'NONE',  ( -467.9281912064274707, 127.1959117239439507, -42.12989329113267445 ) ) ;
#5155 = CARTESIAN_POINT ( 'NONE',  ( -485.2920647954898072, 123.2609066050377322, -64.18909797812523266 ) ) ;
#5156 = CARTESIAN_POINT ( 'NONE',  ( -484.9538253985319329, 136.8511428534089873, -48.79672157960111178 ) ) ;
#5157 = ORIENTED_EDGE ( 'NONE', *, *, #74, .F. ) ;
#5158 = AXIS2_PLACEMENT_3D ( 'NONE', #3081, #5051, #3029 ) ;
#5159 = CARTESIAN_POINT ( 'NONE',  ( -6.682354157869774269, 132.5764838559420298, -44.01556236934089128 ) ) ;
#5160 = CARTESIAN_POINT ( 'NONE',  ( -465.6643637929866486, 129.5870673975363445, -64.23909542766202208 ) ) ;
#5161 = DIRECTION ( 'NONE',  ( 0.000000000000000000, 0.000000000000000000, -1.000000000000000000 ) ) ;
#5162 = CARTESIAN_POINT ( 'NONE',  ( -476.5653306368240010, 244.2372009771778494, -153.0425294470579445 ) ) ;
#5163 = CARTESIAN_POINT ( 'NONE',  ( 12.61119275579473076, 349.1799492743618316, -278.0285657048640360 ) ) ;
#5164 = ORIENTED_EDGE ( 'NONE', *, *, #4050, .T. ) ;
#5165 = CARTESIAN_POINT ( 'NONE',  ( -12.45931039895319437, 117.3478503868602445, -47.58712342357192426 ) ) ;
#5166 = ADVANCED_FACE ( 'NONE', ( #2357, #1209 ), #3971, .T. ) ;
#5167 = CARTESIAN_POINT ( 'NONE',  ( -464.9261822964020325, 228.5348602415154460, -152.8110432986435683 ) ) ;
#5168 = CARTESIAN_POINT ( 'NONE',  ( 12.01722357114798179, 122.3898679739167505, -43.26915297544739047 ) ) ;
#5169 = CARTESIAN_POINT ( 'NONE',  ( -467.4040307153528033, 126.5509780083607723, -42.35765698127850243 ) ) ;
#5170 = CARTESIAN_POINT ( 'NONE',  ( -369.3720323993655938, 264.9758054521635131, -115.8619786781781755 ) ) ;
#5171 = CARTESIAN_POINT ( 'NONE',  ( -9.202707902003776752, 125.6548064025744509, -64.77776796992050379 ) ) ;
#5172 = AXIS2_PLACEMENT_3D ( 'NONE', #1991, #447, #3627 ) ;
#5173 = TOROIDAL_SURFACE ( 'NONE', #1158, 10.09999999999999787, 1.000000000000000000 ) ;
#5174 = CARTESIAN_POINT ( 'NONE',  ( -110.5058719314933029, 269.9965406033838917, -136.6721700096930476 ) ) ;
#5175 = DIRECTION ( 'NONE',  ( 1.000000000000000000, -0.000000000000000000, 0.000000000000000000 ) ) ;
#5176 = CARTESIAN_POINT ( 'NONE',  ( 11.18139105649894383, 137.9345434804704098, -56.12022514744632673 ) ) ;
#5177 = CARTESIAN_POINT ( 'NONE',  ( -470.9470756587165852, 120.2766666778046982, -62.48832440196910198 ) ) ;
#5178 = CARTESIAN_POINT ( 'NONE',  ( -109.0797910658789220, 261.6873226941152097, -118.7418904855705080 ) ) ;
#5179 = FACE_OUTER_BOUND ( 'NONE', #2896, .T. ) ;
#5180 = CARTESIAN_POINT ( 'NONE',  ( -489.6234261693674057, 116.3380513925830542, -48.49371310850486338 ) ) ;
#5181 = CARTESIAN_POINT ( 'NONE',  ( -469.9329672896340071, 130.6028110836270457, -42.89549938871599011 ) ) ;
#5182 = CARTESIAN_POINT ( 'NONE',  ( -464.8185665481349815, 353.9129926949233891, -281.1882037607724101 ) ) ;
#5183 = CARTESIAN_POINT ( 'NONE',  ( -490.2171753060785022, 135.1565699222501280, -61.49593309518535733 ) ) ;
#5184 = EDGE_LOOP ( 'NONE', ( #4251, #2891, #3441, #554 ) ) ;
#5185 = CARTESIAN_POINT ( 'NONE',  ( 10.18319349808389340, 126.1284802435392862, -42.07644651892257315 ) ) ;
#5186 = FACE_OUTER_BOUND ( 'NONE', #2930, .T. ) ;
#5187 = CARTESIAN_POINT ( 'NONE',  ( 7.833551962825979764, 116.0201777657680822, -56.88751015603270389 ) ) ;
#5188 = FACE_BOUND ( 'NONE', #2652, .T. ) ;
#5189 = DIRECTION ( 'NONE',  ( 0.000000000000000000, 0.7071067811865489050, 0.7071067811865461294 ) ) ;
#5190 = VERTEX_POINT ( 'NONE', #337 ) ;
#5191 = CARTESIAN_POINT ( 'NONE',  ( -11.91402551273494836, 116.1032313403766949, -49.06133863620723901 ) ) ;
#5192 = CARTESIAN_POINT ( 'NONE',  ( -12.08997594365351880, 137.3669175703627161, -56.84140704831471425 ) ) ;
#5193 = CARTESIAN_POINT ( 'NONE',  ( -464.9728858129467994, 227.2298585877414325, -156.9115278974929311 ) ) ;
#5194 = EDGE_CURVE ( 'NONE', #4232, #3473, #2991, .T. ) ;
#5195 = CYLINDRICAL_SURFACE ( 'NONE', #3745, 11.09999999999999787 ) ;
#5196 = CARTESIAN_POINT ( 'NONE',  ( -465.2215945020807908, 116.9717176538590309, -48.23588927457216613 ) ) ;
#5197 = CARTESIAN_POINT ( 'NONE',  ( -497.5138688887958551, 352.0853531617383396, -275.8010819142765513 ) ) ;
#5198 =( BOUNDED_CURVE ( )  B_SPLINE_CURVE ( 3, ( #3701, #2115, #3729, #110 ),
 .UNSPECIFIED., .F., .F. ) 
 B_SPLINE_CURVE_WITH_KNOTS ( ( 4, 4 ),
 ( 3.926990816987235178, 4.712388980384713655 ),
 .UNSPECIFIED. ) 
 CURVE ( )  GEOMETRIC_REPRESENTATION_ITEM ( )  RATIONAL_B_SPLINE_CURVE ( ( 1.000000000000000000, 0.9492530216741872362, 0.9492530216741872362, 1.000000000000000000 ) ) 
 REPRESENTATION_ITEM ( '' )  );
#5199 = CARTESIAN_POINT ( 'NONE',  ( -497.5138688887958551, 352.0853531617383396, -281.8010819142765513 ) ) ;
#5200 = CARTESIAN_POINT ( 'NONE',  ( 8.523479390831788294, 137.8303918763540139, -51.22571229744252008 ) ) ;
#5201 = CARTESIAN_POINT ( 'NONE',  ( 20.00000000000000000, 352.0853531617383396, -278.8010819142765513 ) ) ;
#5202 = CARTESIAN_POINT ( 'NONE',  ( -110.9085856038101525, 267.6471033315967247, -136.3677437631008900 ) ) ;
#5203 = CARTESIAN_POINT ( 'NONE',  ( -477.5138688887957983, 271.9701548533022333, -180.7253713637025498 ) ) ;
#5204 = ORIENTED_EDGE ( 'NONE', *, *, #1719, .F. ) ;
#5205 = CARTESIAN_POINT ( 'NONE',  ( -464.3099154416876786, 134.7869846673825407, -61.15897612541183292 ) ) ;
#5206 = CARTESIAN_POINT ( 'NONE',  ( -471.4165931616436751, 118.3172425061004134, -60.78822524721456233 ) ) ;
#5207 = CARTESIAN_POINT ( 'NONE',  ( -464.3135351907765767, 134.3467465051739680, -61.59363307789407571 ) ) ;
#5208 = FACE_OUTER_BOUND ( 'NONE', #1777, .T. ) ;
#5209 = CARTESIAN_POINT ( 'NONE',  ( -484.8373789690199942, 121.8677376031889281, -63.44757569330921854 ) ) ;
#5210 = CARTESIAN_POINT ( 'NONE',  ( -485.3690816609306466, 137.2632289269584192, -49.86023629916017086 ) ) ;
#5211 = ORIENTED_EDGE ( 'NONE', *, *, #643, .F. ) ;
ENDSEC;
END-ISO-10303-21;
