ISO-10303-21;
HEADER;
FILE_DESCRIPTION (( 'STEP AP214' ),
    '1' );
FILE_NAME ('Walker_Front_Plastic_Tubing_Connector.STEP',
    '2026-08-11T21:03:49',
    ( '' ),
    ( '' ),
    'SwSTEP 2.0',
    'SolidWorks 2023',
    '' );
FILE_SCHEMA (( 'AUTOMOTIVE_DESIGN' ));
ENDSEC;

DATA;
#1 = CARTESIAN_POINT ( 'NONE',  ( -15.93286691805237432, 21.27886063039619557, -58.30274513496064515 ) ) ;
#2 = CARTESIAN_POINT ( 'NONE',  ( -16.10000000000000142, 63.43409873265100174, -19.53606935701783343 ) ) ;
#3 = VERTEX_POINT ( 'NONE', #1611 ) ;
#4 = CARTESIAN_POINT ( 'NONE',  ( 15.71076884637884241, 38.00000000000000711, -70.00000000000001421 ) ) ;
#5 = CARTESIAN_POINT ( 'NONE',  ( 12.92915884192736442, 65.33838312484641619, -11.38822958057522960 ) ) ;
#6 = ORIENTED_EDGE ( 'NONE', *, *, #1621, .F. ) ;
#7 = CARTESIAN_POINT ( 'NONE',  ( 16.10000000000000142, 49.14621376086526539, -11.70243738989027271 ) ) ;
#8 = B_SPLINE_CURVE_WITH_KNOTS ( 'NONE', 3,
 ( #685, #1359, #1500, #1365, #1242, #411, #249, #241 ),
 .UNSPECIFIED., .F., .F.,
 ( 4, 2, 2, 4 ),
 ( 0.000000000000000000, 0.005724474649372697337, 0.01144894929874539467, 0.02289789859749076853 ),
 .UNSPECIFIED. ) ;
#9 = CARTESIAN_POINT ( 'NONE',  ( 16.10000000000000142, 13.37891456313494665, -15.27586473520511490 ) ) ;
#10 = EDGE_LOOP ( 'NONE', ( #733, #1135, #1714, #287, #1004 ) ) ;
#11 = CARTESIAN_POINT ( 'NONE',  ( -15.15953272800297569, 11.46151642152100791, -31.40383700006703194 ) ) ;
#12 = CARTESIAN_POINT ( 'NONE',  ( 14.36008729795702799, 6.600995546868871244, -18.08631428584813605 ) ) ;
#13 = ORIENTED_EDGE ( 'NONE', *, *, #1518, .T. ) ;
#14 = CARTESIAN_POINT ( 'NONE',  ( 16.10000000000000142, 38.00000000000000711, -52.20000000000000995 ) ) ;
#15 = ADVANCED_FACE ( 'NONE', ( #197 ), #1184, .T. ) ;
#16 = CARTESIAN_POINT ( 'NONE',  ( 14.17532170764251553, 52.35924938219214653, -16.95693794714772196 ) ) ;
#17 = ORIENTED_EDGE ( 'NONE', *, *, #1038, .F. ) ;
#18 = DIRECTION ( 'NONE',  ( -0.000000000000000000, -1.000000000000000000, -0.000000000000000000 ) ) ;
#19 = CARTESIAN_POINT ( 'NONE',  ( 16.10000000000179554, 4.929499656678292929, -14.50730458441652893 ) ) ;
#20 = DIRECTION ( 'NONE',  ( -0.000000000000000000, -0.000000000000000000, 1.000000000000000000 ) ) ;
#21 =( BOUNDED_CURVE ( )  B_SPLINE_CURVE ( 3, ( #35, #1686, #5, #441 ),
 .UNSPECIFIED., .F., .T. ) 
 B_SPLINE_CURVE_WITH_KNOTS ( ( 4, 4 ),
 ( 4.712388980384689674, 5.798603324453370789 ),
 .UNSPECIFIED. ) 
 CURVE ( )  GEOMETRIC_REPRESENTATION_ITEM ( )  RATIONAL_B_SPLINE_CURVE ( ( 1.000000000000000000, 0.9040713563870653724, 0.9040713563870653724, 1.000000000000000000 ) ) 
 REPRESENTATION_ITEM ( '' )  );
#22 = VERTEX_POINT ( 'NONE', #764 ) ;
#23 = CARTESIAN_POINT ( 'NONE',  ( 6.099999999999999645, 0.000000000000000000, -10.16274606680621240 ) ) ;
#24 = ORIENTED_EDGE ( 'NONE', *, *, #1308, .F. ) ;
#25 = EDGE_CURVE ( 'NONE', #1123, #1520, #1314, .T. ) ;
#26 = CARTESIAN_POINT ( 'NONE',  ( -13.59999999999998899, 64.07890963596733513, -16.77712434446769763 ) ) ;
#27 = CARTESIAN_POINT ( 'NONE',  ( -14.77505772064831113, 7.585989535614184653, -17.09743022347808505 ) ) ;
#28 = VERTEX_POINT ( 'NONE', #363 ) ;
#29 = CARTESIAN_POINT ( 'NONE',  ( 16.09999999999683595, 40.67997309199726175, -15.39165031636509973 ) ) ;
#30 = CARTESIAN_POINT ( 'NONE',  ( 15.94022480785250018, 34.43444609452712513, -69.66226897298535903 ) ) ;
#31 = CARTESIAN_POINT ( 'NONE',  ( -14.98234813796279141, 46.88034904140759096, -17.02909159884753620 ) ) ;
#32 = VERTEX_POINT ( 'NONE', #930 ) ;
#33 = LINE ( 'NONE', #730, #379 ) ;
#34 = CARTESIAN_POINT ( 'NONE',  ( -12.12873864714979177, 40.78756064789234870, -69.78472636651412131 ) ) ;
#35 = CARTESIAN_POINT ( 'NONE',  ( 16.10000000000000142, 68.00000000000000000, 0.000000000000000000 ) ) ;
#36 = ORIENTED_EDGE ( 'NONE', *, *, #806, .T. ) ;
#37 = LINE ( 'NONE', #1678, #897 ) ;
#38 = CARTESIAN_POINT ( 'NONE',  ( 16.10000000000000142, 19.82283502382523466, -14.60674640473636998 ) ) ;
#39 = CARTESIAN_POINT ( 'NONE',  ( -16.10000000000276188, 29.79828337631344937, -16.28727068816780843 ) ) ;
#40 = ORIENTED_EDGE ( 'NONE', *, *, #1397, .F. ) ;
#41 = LINE ( 'NONE', #1456, #1761 ) ;
#42 = CARTESIAN_POINT ( 'NONE',  ( -0.8315203155417385528, 49.67923915342013430, -65.63272466773300096 ) ) ;
#43 = CARTESIAN_POINT ( 'NONE',  ( 15.44530780949700777, 41.12858557909429891, -17.61002458332764675 ) ) ;
#44 = ORIENTED_EDGE ( 'NONE', *, *, #1090, .F. ) ;
#45 = CARTESIAN_POINT ( 'NONE',  ( 14.43333333333333535, 50.60661530613310788, -17.03373956498171893 ) ) ;
#46 = AXIS2_PLACEMENT_3D ( 'NONE', #423, #1548, #134 ) ;
#47 = DIRECTION ( 'NONE',  ( 1.000000000000000000, 0.000000000000000000, 0.000000000000000000 ) ) ;
#48 = CARTESIAN_POINT ( 'NONE',  ( -15.24046657273161998, 43.01548443411169842, -17.77525190274364775 ) ) ;
#49 = ORIENTED_EDGE ( 'NONE', *, *, #573, .T. ) ;
#50 = CARTESIAN_POINT ( 'NONE',  ( -16.10000000000000142, 65.62479881197249654, -10.16274606680622128 ) ) ;
#51 = CARTESIAN_POINT ( 'NONE',  ( -12.57658367672340027, 38.81285301502654050, -69.98600133312186244 ) ) ;
#52 = CARTESIAN_POINT ( 'NONE',  ( -16.10000000000707487, 3.841394713629348701, -14.37182246803912555 ) ) ;
#53 = EDGE_CURVE ( 'NONE', #1604, #3, #1273, .T. ) ;
#54 = ORIENTED_EDGE ( 'NONE', *, *, #760, .F. ) ;
#55 = CARTESIAN_POINT ( 'NONE',  ( 16.10000000000000853, -11.75209350284770160, 32.19999999999999574 ) ) ;
#56 = B_SPLINE_CURVE_WITH_KNOTS ( 'NONE', 3,
 ( #87, #1200, #619, #1175, #398, #1647, #1226, #1217, #409, #1769, #253, #966 ),
 .UNSPECIFIED., .F., .F.,
 ( 4, 2, 2, 2, 2, 4 ),
 ( 2.194270917860438266E-17, 0.003064448094315735775, 0.006128896188631448999, 0.01225779237726288412, 0.01838668856589430883, 0.02451558475452573702 ),
 .UNSPECIFIED. ) ;
#57 = AXIS2_PLACEMENT_3D ( 'NONE', #620, #1711, #166 ) ;
#58 = CARTESIAN_POINT ( 'NONE',  ( -15.66900430031113345, 55.40000219465657239, -13.12934240254473650 ) ) ;
#59 = CARTESIAN_POINT ( 'NONE',  ( -14.29478231742851158, 49.61330717740893448, -18.09999999937466697 ) ) ;
#60 = FACE_OUTER_BOUND ( 'NONE', #1706, .T. ) ;
#61 = ADVANCED_FACE ( 'NONE', ( #60 ), #923, .F. ) ;
#62 = B_SPLINE_CURVE_WITH_KNOTS ( 'NONE', 3,
 ( #626, #69, #1737, #616, #781, #1182, #77, #1163, #1751, #1190, #1744, #506 ),
 .UNSPECIFIED., .F., .F.,
 ( 4, 2, 2, 2, 2, 4 ),
 ( 3.075161289021299248E-17, 0.005369196859595686856, 0.01073839371919134422, 0.01610759057878700246, 0.01879218900858483504, 0.02147678743838266763 ),
 .UNSPECIFIED. ) ;
#63 = CYLINDRICAL_SURFACE ( 'NONE', #57, 2.000000000000001776 ) ;
#64 = CARTESIAN_POINT ( 'NONE',  ( -14.63225271187090470, 6.088511830121100310, -16.95976946401296459 ) ) ;
#65 = EDGE_CURVE ( 'NONE', #28, #1567, #56, .T. ) ;
#66 = DIRECTION ( 'NONE',  ( 0.000000000000000000, 0.000000000000000000, -1.000000000000000000 ) ) ;
#67 = ORIENTED_EDGE ( 'NONE', *, *, #1637, .F. ) ;
#68 = COLOUR_RGB ( '',0.7921568627450980005, 0.8196078431372548767, 0.9333333333333333481 ) ;
#69 = CARTESIAN_POINT ( 'NONE',  ( -14.65104549974231674, 8.369982347315712445, -18.05157900705650320 ) ) ;
#70 = CARTESIAN_POINT ( 'NONE',  ( -15.77797180011428857, 37.09916189186740354, -69.98297801806840823 ) ) ;
#71 = ORIENTED_EDGE ( 'NONE', *, *, #385, .F. ) ;
#72 = CARTESIAN_POINT ( 'NONE',  ( 16.09999999999999076, 27.90000000000000213, -16.10000000000000142 ) ) ;
#73 = CARTESIAN_POINT ( 'NONE',  ( -16.06233253472604261, 24.26891742988139100, -16.55170873305461043 ) ) ;
#74 = CARTESIAN_POINT ( 'NONE',  ( 16.09999999999999076, 27.90000000000000213, -16.10000000000000142 ) ) ;
#75 = CARTESIAN_POINT ( 'NONE',  ( 12.60800406424812081, 35.24881248439385928, -69.80706309565165668 ) ) ;
#76 = ORIENTED_EDGE ( 'NONE', *, *, #832, .T. ) ;
#77 = CARTESIAN_POINT ( 'NONE',  ( -15.91925853423689219, 20.78863238525288182, -16.96639903507637825 ) ) ;
#78 = DIRECTION ( 'NONE',  ( 0.000000000000000000, -1.000000000000000000, 0.000000000000000000 ) ) ;
#79 = DIRECTION ( 'NONE',  ( 0.000000000000000000, -0.000000000000000000, -1.000000000000000000 ) ) ;
#80 = CARTESIAN_POINT ( 'NONE',  ( 7.092392838298269275, 47.54206844323284287, -67.22826161253397004 ) ) ;
#81 = CARTESIAN_POINT ( 'NONE',  ( 14.73725216352994849, 46.78735815593004332, -18.00855685911184878 ) ) ;
#82 = VERTEX_POINT ( 'NONE', #1504 ) ;
#83 = B_SPLINE_CURVE_WITH_KNOTS ( 'NONE', 3,
 ( #383, #1772, #89, #809, #528, #1756, #1619, #1627, #1360, #932, #1484, #1037, #342, #752 ),
 .UNSPECIFIED., .F., .F.,
 ( 4, 2, 2, 2, 2, 2, 4 ),
 ( -4.078973845400278597E-05, 0.0004114844141679958444, 0.0008637585667899944477, 0.001768306872033993280, 0.003577403482521990512, 0.005386500093009988395, 0.007195596703497991048 ),
 .UNSPECIFIED. ) ;
#84 = LINE ( 'NONE', #1601, #739 ) ;
#85 = PLANE ( 'NONE',  #532 ) ;
#86 = EDGE_CURVE ( 'NONE', #1520, #1474, #294, .T. ) ;
#87 = CARTESIAN_POINT ( 'NONE',  ( 16.10000000000000142, 3.979198447587044551, -10.90275447359696770 ) ) ;
#88 = CARTESIAN_POINT ( 'NONE',  ( -14.96773971437848161, 10.67408511225833045, -17.91491783265719562 ) ) ;
#89 = CARTESIAN_POINT ( 'NONE',  ( 16.09654986103468133, 55.07384943563182844, -10.46574175284496100 ) ) ;
#90 = CARTESIAN_POINT ( 'NONE',  ( 15.54857916124429806, 41.16879728753448831, -16.95855349446225091 ) ) ;
#91 = CARTESIAN_POINT ( 'NONE',  ( -6.782119775235977421, 26.25527575797701729, -65.57855554423967703 ) ) ;
#92 = CARTESIAN_POINT ( 'NONE',  ( 0.000000000000000000, 4.635142468514471759, -12.69999999999999929 ) ) ;
#93 = CARTESIAN_POINT ( 'NONE',  ( -14.64551414701450227, 47.39065640783300637, -67.33266597820984600 ) ) ;
#94 = ADVANCED_FACE ( 'NONE', ( #131 ), #261, .F. ) ;
#95 = CARTESIAN_POINT ( 'NONE',  ( -16.09999999999999787, 19.86670725502011337, -14.63730063500975120 ) ) ;
#96 = DIRECTION ( 'NONE',  ( 1.000000000000000000, -0.000000000000000000, 0.000000000000000000 ) ) ;
#97 = CARTESIAN_POINT ( 'NONE',  ( 0.000000000000000000, 4.635142468514471759, -12.69999999999999929 ) ) ;
#98 = B_SPLINE_CURVE_WITH_KNOTS ( 'NONE', 3,
 ( #1554, #585, #1268, #726, #141 ),
 .UNSPECIFIED., .F., .F.,
 ( 4, 1, 4 ),
 ( 0.04198262619156663267, 0.04248232425819509911, 0.04298202232482356555 ),
 .UNSPECIFIED. ) ;
#99 = CARTESIAN_POINT ( 'NONE',  ( 16.10000000000000142, 65.62479881197249654, -10.16274606680622128 ) ) ;
#100 = CARTESIAN_POINT ( 'NONE',  ( -15.09999999999998721, 0.000000000000000000, -18.09999999999999787 ) ) ;
#101 = DIRECTION ( 'NONE',  ( 0.000000000000000000, 0.000000000000000000, 1.000000000000000000 ) ) ;
#102 = FACE_OUTER_BOUND ( 'NONE', #885, .T. ) ;
#103 = VECTOR ( 'NONE', #322, 1000.000000000000000 ) ;
#104 = LINE ( 'NONE', #1373, #427 ) ;
#105 = CARTESIAN_POINT ( 'NONE',  ( -16.10000000000000142, -11.75209350284770338, 32.19999999999999574 ) ) ;
#106 = CARTESIAN_POINT ( 'NONE',  ( -14.43333333333332114, 50.60661530613315762, -17.03373956498169761 ) ) ;
#107 = CARTESIAN_POINT ( 'NONE',  ( -14.71474014585274048, 48.72661149400153136, -17.10886261901202232 ) ) ;
#108 = CARTESIAN_POINT ( 'NONE',  ( 16.09999999999999787, 27.90000000000000213, -16.09999999999999787 ) ) ;
#109 = B_SPLINE_CURVE_WITH_KNOTS ( 'NONE', 3,
 ( #311, #1579, #1561, #591, #722, #869 ),
 .UNSPECIFIED., .F., .F.,
 ( 4, 2, 4 ),
 ( 0.001903597091418872400, 0.002459867404492471765, 0.003016137717566071130 ),
 .UNSPECIFIED. ) ;
#110 = CARTESIAN_POINT ( 'NONE',  ( 15.85387371149033697, 4.950079490493986434, -13.56290771131824435 ) ) ;
#111 = CARTESIAN_POINT ( 'NONE',  ( 14.49975694118581337, 6.285842461356578426, -17.22281457398514704 ) ) ;
#112 = CARTESIAN_POINT ( 'NONE',  ( -14.96756082535514842, 46.69571148832799423, -17.09922289767487769 ) ) ;
#113 = ADVANCED_FACE ( 'NONE', ( #102 ), #1638, .T. ) ;
#114 = CARTESIAN_POINT ( 'NONE',  ( 15.94940854578236156, 21.61193833126927544, -59.16305085552814091 ) ) ;
#115 = CARTESIAN_POINT ( 'NONE',  ( 14.63225271305820208, 6.088511829897970351, -16.95976946225830417 ) ) ;
#116 = DIRECTION ( 'NONE',  ( 0.000000000000000000, -0.2641965801222889709, 0.9644688522973081657 ) ) ;
#117 = CARTESIAN_POINT ( 'NONE',  ( -10.70119079705225573, 30.14901555507211484, -68.17940224498167368 ) ) ;
#118 = LINE ( 'NONE', #708, #276 ) ;
#119 = VERTEX_POINT ( 'NONE', #1018 ) ;
#120 = CARTESIAN_POINT ( 'NONE',  ( 15.62093127762052980, 39.16384809460130612, -70.00000000000000000 ) ) ;
#121 = DIRECTION ( 'NONE',  ( 0.000000000000000000, 0.000000000000000000, -1.000000000000000000 ) ) ;
#122 = CARTESIAN_POINT ( 'NONE',  ( 14.96773971437850115, 10.67408511225828249, -17.91491783265075455 ) ) ;
#123 = CARTESIAN_POINT ( 'NONE',  ( 16.07011223153749313, 4.369230719059914669, -11.97141846426239020 ) ) ;
#124 = CARTESIAN_POINT ( 'NONE',  ( 7.499999999999994671, 63.43409873265100174, -19.53606935701783698 ) ) ;
#125 = DIRECTION ( 'NONE',  ( 0.000000000000000000, 0.000000000000000000, -1.000000000000000000 ) ) ;
#126 = ORIENTED_EDGE ( 'NONE', *, *, #513, .F. ) ;
#127 = VECTOR ( 'NONE', #1118, 999.9999999999998863 ) ;
#128 = CARTESIAN_POINT ( 'NONE',  ( 14.27170529325621651, 49.74543849239925919, -65.62481011152786436 ) ) ;
#129 = CARTESIAN_POINT ( 'NONE',  ( 13.59024284550479855, 55.85144940299952765, -16.78818791773823094 ) ) ;
#130 = VERTEX_POINT ( 'NONE', #1414 ) ;
#131 = FACE_OUTER_BOUND ( 'NONE', #270, .T. ) ;
#132 = ADVANCED_FACE ( 'NONE', ( #1543 ), #1402, .F. ) ;
#133 = CARTESIAN_POINT ( 'NONE',  ( 6.099999999999999645, 49.14621376086525828, -11.70243738989023186 ) ) ;
#134 = DIRECTION ( 'NONE',  ( 0.000000000000000000, 0.000000000000000000, -1.000000000000000000 ) ) ;
#135 = VERTEX_POINT ( 'NONE', #1391 ) ;
#136 = VECTOR ( 'NONE', #697, 1000.000000000000000 ) ;
#137 = CARTESIAN_POINT ( 'NONE',  ( 15.27400336293155547, 42.61162447289498800, -69.40209539524620652 ) ) ;
#138 = CARTESIAN_POINT ( 'NONE',  ( -15.75615020648076658, 17.30015853219672550, -16.82885854531359726 ) ) ;
#139 = B_SPLINE_CURVE_WITH_KNOTS ( 'NONE', 3,
 ( #652, #818, #1497, #252, #1369, #1640 ),
 .UNSPECIFIED., .F., .F.,
 ( 4, 2, 4 ),
 ( 0.002533404334717881835, 0.003793998694364596018, 0.005054593054011310635 ),
 .UNSPECIFIED. ) ;
#140 = ORIENTED_EDGE ( 'NONE', *, *, #229, .T. ) ;
#141 = CARTESIAN_POINT ( 'NONE',  ( -12.66056870760551512, 38.00000000000000711, -70.00000000000001421 ) ) ;
#142 = CARTESIAN_POINT ( 'NONE',  ( 15.71076884637884241, 38.00000000000000711, -70.00000000000001421 ) ) ;
#143 = EDGE_CURVE ( 'NONE', #1114, #1390, #152, .T. ) ;
#144 = CARTESIAN_POINT ( 'NONE',  ( -12.70000000000000462, 36.56307212414595398, -69.94730257495913861 ) ) ;
#145 = CARTESIAN_POINT ( 'NONE',  ( 15.33987550984982740, 13.68315351148294390, -17.69894683794635526 ) ) ;
#146 = EDGE_LOOP ( 'NONE', ( #1171, #326, #640, #304, #36, #1702, #13 ) ) ;
#147 = AXIS2_PLACEMENT_3D ( 'NONE', #1277, #1676, #983 ) ;
#148 = CARTESIAN_POINT ( 'NONE',  ( -16.10000000000001208, 31.45849761979165038, -15.45039350255487065 ) ) ;
#149 = CARTESIAN_POINT ( 'NONE',  ( -16.10000000003905996, 23.75941010114892649, -15.88761130552849465 ) ) ;
#150 = ORIENTED_EDGE ( 'NONE', *, *, #1179, .T. ) ;
#151 = CARTESIAN_POINT ( 'NONE',  ( 16.10000000000000142, 47.39687453321490551, -12.16489245541805353 ) ) ;
#152 = LINE ( 'NONE', #1269, #505 ) ;
#153 = CARTESIAN_POINT ( 'NONE',  ( -15.89368725595443266, 35.49887805892574733, -16.82578269096704915 ) ) ;
#154 = ADVANCED_FACE ( 'NONE', ( #883 ), #1115, .T. ) ;
#155 = ORIENTED_EDGE ( 'NONE', *, *, #1488, .T. ) ;
#156 = CARTESIAN_POINT ( 'NONE',  ( -15.93286691805237432, 21.27886063039619557, -58.30274513496064515 ) ) ;
#157 = FACE_OUTER_BOUND ( 'NONE', #1161, .T. ) ;
#158 = ORIENTED_EDGE ( 'NONE', *, *, #1160, .F. ) ;
#159 = CARTESIAN_POINT ( 'NONE',  ( -9.914750759588315532, 44.94596281031370921, -68.59223247805716994 ) ) ;
#160 = CARTESIAN_POINT ( 'NONE',  ( -16.09999999999292442, 11.28727057006601164, -15.12644276713679226 ) ) ;
#161 = ORIENTED_EDGE ( 'NONE', *, *, #1308, .T. ) ;
#162 = CARTESIAN_POINT ( 'NONE',  ( 16.10000000000000142, 45.63958309541310143, -12.59162891481237878 ) ) ;
#163 = CARTESIAN_POINT ( 'NONE',  ( 16.10000000000000142, 17.80582510490383541, -14.21990113680039158 ) ) ;
#164 = CARTESIAN_POINT ( 'NONE',  ( -16.10000000000326636, 29.80417988571466381, -16.23915344450441012 ) ) ;
#165 = VERTEX_POINT ( 'NONE', #1009 ) ;
#166 = DIRECTION ( 'NONE',  ( 0.000000000000000000, 0.000000000000000000, 1.000000000000000000 ) ) ;
#167 = VERTEX_POINT ( 'NONE', #577 ) ;
#168 = CARTESIAN_POINT ( 'NONE',  ( 0.000000000000000000, 73.50000000000001421, -12.44640305480650433 ) ) ;
#169 = EDGE_CURVE ( 'NONE', #424, #1114, #1041, .T. ) ;
#170 = CARTESIAN_POINT ( 'NONE',  ( 13.57097657477297759, 55.85059676373022342, -16.81078032705551806 ) ) ;
#171 = ORIENTED_EDGE ( 'NONE', *, *, #952, .T. ) ;
#172 = CARTESIAN_POINT ( 'NONE',  ( -7.500000000000007994, 64.67038089523678934, -14.24640305480650149 ) ) ;
#173 = VECTOR ( 'NONE', #1076, 1000.000000000000000 ) ;
#174 = CARTESIAN_POINT ( 'NONE',  ( 15.83716460222352218, 36.21375283919865495, -69.91583262607517213 ) ) ;
#175 = CARTESIAN_POINT ( 'NONE',  ( -16.10000000000000142, 45.64143718362802105, -12.59852871389906781 ) ) ;
#176 = ORIENTED_EDGE ( 'NONE', *, *, #381, .T. ) ;
#177 = DIRECTION ( 'NONE',  ( 1.000000000000000000, 0.000000000000000000, 0.000000000000000000 ) ) ;
#178 = CARTESIAN_POINT ( 'NONE',  ( -11.55519296996807377, 42.28444484778591317, -69.48060993110827610 ) ) ;
#179 = AXIS2_PLACEMENT_3D ( 'NONE', #429, #713, #278 ) ;
#180 = CARTESIAN_POINT ( 'NONE',  ( 14.87099673270196121, 45.84354079289532535, -17.95835134466597438 ) ) ;
#181 = ORIENTED_EDGE ( 'NONE', *, *, #1082, .T. ) ;
#182 = CARTESIAN_POINT ( 'NONE',  ( 16.10000000000000142, 35.01802836808430186, -14.80256929874730254 ) ) ;
#183 = CARTESIAN_POINT ( 'NONE',  ( 16.10000000000000142, 5.801800569732920465, -11.47094580774551531 ) ) ;
#184 = CARTESIAN_POINT ( 'NONE',  ( -16.05839448405932401, 31.70647950865782150, -16.47553013760708041 ) ) ;
#185 = VERTEX_POINT ( 'NONE', #1249 ) ;
#186 = CARTESIAN_POINT ( 'NONE',  ( 10.21259276566452634, 73.50000000000001421, -12.44640305480650433 ) ) ;
#187 = EDGE_CURVE ( 'NONE', #1495, #553, #709, .T. ) ;
#188 = CARTESIAN_POINT ( 'NONE',  ( -3.989985778460374721, 49.08187082503977905, -66.13423929101038823 ) ) ;
#189 = CARTESIAN_POINT ( 'NONE',  ( 15.92813555005655779, 35.52244884974338390, -16.63420981562788725 ) ) ;
#190 = EDGE_LOOP ( 'NONE', ( #838, #341 ) ) ;
#191 = CARTESIAN_POINT ( 'NONE',  ( 16.10000000000000142, 53.09153405062365039, -10.64421356116486983 ) ) ;
#192 = AXIS2_PLACEMENT_3D ( 'NONE', #226, #1345, #1440 ) ;
#193 = EDGE_CURVE ( 'NONE', #1795, #434, #1256, .T. ) ;
#194 = CARTESIAN_POINT ( 'NONE',  ( 16.10000000000001563, 28.63393377715419064, -67.36282425361142145 ) ) ;
#195 = CARTESIAN_POINT ( 'NONE',  ( -15.38349221201695904, 43.13042227444139343, -16.99808807173427994 ) ) ;
#196 = EDGE_CURVE ( 'NONE', #920, #1390, #1398, .T. ) ;
#197 = FACE_OUTER_BOUND ( 'NONE', #442, .T. ) ;
#198 = FACE_OUTER_BOUND ( 'NONE', #10, .T. ) ;
#199 = CARTESIAN_POINT ( 'NONE',  ( -14.57604920406387805, 7.937264981817456544, -17.49480801084782300 ) ) ;
#200 = FACE_OUTER_BOUND ( 'NONE', #1395, .T. ) ;
#201 = ORIENTED_EDGE ( 'NONE', *, *, #477, .F. ) ;
#202 = CARTESIAN_POINT ( 'NONE',  ( 16.09386960705767322, 29.40605810432558798, -67.81406070240002748 ) ) ;
#203 = CARTESIAN_POINT ( 'NONE',  ( -7.500000000000000000, 73.50000000000001421, -16.44640305480650611 ) ) ;
#204 = CIRCLE ( 'NONE', #526, 4.000000000000000000 ) ;
#205 = DIRECTION ( 'NONE',  ( 0.000000000000000000, -1.000000000000000000, 0.000000000000000000 ) ) ;
#206 = CARTESIAN_POINT ( 'NONE',  ( -16.10000000000000142, 65.04913748882933078, -12.62582156418920931 ) ) ;
#207 = EDGE_CURVE ( 'NONE', #690, #1211, #1452, .T. ) ;
#208 = CARTESIAN_POINT ( 'NONE',  ( -14.85822472140411676, 7.874865749146205296, -17.01708943660777607 ) ) ;
#209 = CARTESIAN_POINT ( 'NONE',  ( 14.43333333333332291, 50.60661530613310077, -17.03373956498170116 ) ) ;
#210 = DIRECTION ( 'NONE',  ( -0.000000000000000000, 1.000000000000000000, -0.000000000000000000 ) ) ;
#211 = EDGE_LOOP ( 'NONE', ( #1429, #941, #402, #1723, #1131, #1036, #1463 ) ) ;
#212 = CIRCLE ( 'NONE', #147, 4.000000000000000000 ) ;
#213 = CARTESIAN_POINT ( 'NONE',  ( 7.500000000000000000, 69.50000000000000000, -12.44640305480650433 ) ) ;
#214 = CARTESIAN_POINT ( 'NONE',  ( -13.78153072564000681, 52.46139859089521451, -62.59455623548758041 ) ) ;
#215 = VECTOR ( 'NONE', #874, 1000.000000000000000 ) ;
#216 = ORIENTED_EDGE ( 'NONE', *, *, #1534, .F. ) ;
#217 = EDGE_CURVE ( 'NONE', #453, #584, #84, .T. ) ;
#218 = CARTESIAN_POINT ( 'NONE',  ( -14.43428802035586855, 7.037857191630929599, -17.49245139133502747 ) ) ;
#219 = CARTESIAN_POINT ( 'NONE',  ( 15.96290414230365506, 35.48646976765012795, -16.66331319522206300 ) ) ;
#220 = CARTESIAN_POINT ( 'NONE',  ( 14.13002214132921885, 50.55346057011312411, -17.44317061529173429 ) ) ;
#221 = ORIENTED_EDGE ( 'NONE', *, *, #187, .T. ) ;
#222 = DIRECTION ( 'NONE',  ( 0.000000000000000000, 1.000000000000000000, -0.000000000000000000 ) ) ;
#223 = CARTESIAN_POINT ( 'NONE',  ( -16.10000000000000142, 55.80000000000000426, -52.20000000000000995 ) ) ;
#224 = DIRECTION ( 'NONE',  ( -0.000000000000000000, -1.000000000000000000, -0.000000000000000000 ) ) ;
#225 = CARTESIAN_POINT ( 'NONE',  ( -16.10000000000622578, 26.07273704235969092, -16.23364089872887916 ) ) ;
#226 = CARTESIAN_POINT ( 'NONE',  ( -13.09999999999998721, 0.000000000000000000, -76.09999999999999432 ) ) ;
#227 = CARTESIAN_POINT ( 'NONE',  ( 15.22917130661302743, 64.51065562832467037, -14.92981772143045482 ) ) ;
#228 = CARTESIAN_POINT ( 'NONE',  ( 11.31747782003209402, 31.22303815883070044, -68.66410552838743797 ) ) ;
#229 = EDGE_CURVE ( 'NONE', #32, #321, #1777, .T. ) ;
#230 = CARTESIAN_POINT ( 'NONE',  ( -13.59999999999998899, 64.07890963596733513, -16.77712434446769763 ) ) ;
#231 = FACE_OUTER_BOUND ( 'NONE', #1665, .T. ) ;
#232 = CARTESIAN_POINT ( 'NONE',  ( -16.09999999999999076, 27.90000000000000213, -16.10000000000000142 ) ) ;
#233 = CARTESIAN_POINT ( 'NONE',  ( 4.336262089051343693, 48.94325985715576621, -66.23989290424889020 ) ) ;
#234 = CARTESIAN_POINT ( 'NONE',  ( 16.09999999999999787, 54.01922722115651254, -14.14781275269862526 ) ) ;
#235 = EDGE_LOOP ( 'NONE', ( #1591, #914 ) ) ;
#236 = LINE ( 'NONE', #1212, #852 ) ;
#237 = CARTESIAN_POINT ( 'NONE',  ( -12.25341012884492287, 33.55166832099974528, -69.45684193825984210 ) ) ;
#238 = CARTESIAN_POINT ( 'NONE',  ( -14.43333333333332824, 50.60661530613315762, -17.03373956498170472 ) ) ;
#239 = CARTESIAN_POINT ( 'NONE',  ( -15.86637296841329814, 35.74006824801928417, -69.86176619535544319 ) ) ;
#240 = CARTESIAN_POINT ( 'NONE',  ( 15.49208687074272994, 15.14965292995313639, -17.22799116472853598 ) ) ;
#241 = CARTESIAN_POINT ( 'NONE',  ( 16.09999999999999076, 27.90000000000000213, -16.10000000000000142 ) ) ;
#242 = CARTESIAN_POINT ( 'NONE',  ( 13.59999999999998899, 55.85007866322386150, -16.77712434446770118 ) ) ;
#243 = EDGE_CURVE ( 'NONE', #1520, #1315, #762, .T. ) ;
#244 = CARTESIAN_POINT ( 'NONE',  ( 15.37575776444839981, 43.06032606722513378, -17.03528768427725382 ) ) ;
#245 = CARTESIAN_POINT ( 'NONE',  ( -7.500000000000000000, 67.32913307892710009, -16.44640305480650611 ) ) ;
#246 = EDGE_CURVE ( 'NONE', #1787, #1729, #1173, .T. ) ;
#247 = CARTESIAN_POINT ( 'NONE',  ( 16.06797880838731629, 24.23761309469383818, -16.36786018618072092 ) ) ;
#248 = EDGE_CURVE ( 'NONE', #1025, #1604, #62, .T. ) ;
#249 = CARTESIAN_POINT ( 'NONE',  ( 16.10000000000001563, 31.68713175109028057, -16.57106824585007843 ) ) ;
#250 = CARTESIAN_POINT ( 'NONE',  ( 16.09999999999999432, 49.94279642192045543, -14.61042039448560814 ) ) ;
#251 = CARTESIAN_POINT ( 'NONE',  ( 14.42071466288518167, 48.85020957116177698, -66.35913068567576545 ) ) ;
#252 = CARTESIAN_POINT ( 'NONE',  ( -1.686352007516322749, 73.49747399163685202, -12.59469231871771022 ) ) ;
#253 = CARTESIAN_POINT ( 'NONE',  ( 16.10000000000000142, 25.89024745201995259, -15.73311813072724519 ) ) ;
#254 = CARTESIAN_POINT ( 'NONE',  ( 15.97510451993053948, 20.66080788043665706, -16.63714990402717930 ) ) ;
#255 = DIRECTION ( 'NONE',  ( 0.000000000000000000, 0.000000000000000000, 1.000000000000000000 ) ) ;
#256 = EDGE_LOOP ( 'NONE', ( #1376, #738, #1691, #1471 ) ) ;
#257 = CIRCLE ( 'NONE', #323, 2.000000000000000000 ) ;
#258 = CARTESIAN_POINT ( 'NONE',  ( -6.099999999999997868, 49.14621376086532223, -11.70243738989024607 ) ) ;
#259 = DIRECTION ( 'NONE',  ( -0.000000000000000000, -1.000000000000000000, 0.000000000000000000 ) ) ;
#260 = APPLICATION_PROTOCOL_DEFINITION ( 'draft international standard', 'automotive_design', 1998, #1218 ) ;
#261 =( BOUNDED_SURFACE ( )  B_SPLINE_SURFACE ( 3, 2, ( 
 ( #115, #1776, #380 ),
 ( #1512, #675, #807 ),
 ( #1625, #525, #1641 ),
 ( #938, #1081, #801 ),
 ( #812, #957, #122 ),
 ( #271, #694, #1633 ),
 ( #1491, #240, #1760 ),
 ( #1363, #946, #828 ),
 ( #517, #1499, #1091 ),
 ( #247, #1352, #1105 ),
 ( #684, #663, #1358 ),
 ( #1522, #1372, #108 ) ),
 .UNSPECIFIED., .F., .F., .F. ) 
 B_SPLINE_SURFACE_WITH_KNOTS ( ( 4, 2, 2, 2, 2, 4 ),
 ( 3, 3 ),
 ( 0.005132557604324540328, 0.007919028573517594358, 0.01070549954271064926, 0.01627844148109675732, 0.02185138341948286711, 0.02742432535786897690 ),
 ( 0.5916422095006191872, 1.000000000000000000 ),
 .UNSPECIFIED. ) 
 GEOMETRIC_REPRESENTATION_ITEM ( )  RATIONAL_B_SPLINE_SURFACE ( (
 ( 0.8716501718912139651, 0.8915308728419488737, 1.000000000000000000),
 ( 0.8841326304751750964, 0.9020798654455166599, 1.000000000000000000),
 ( 0.8952340091818591361, 0.9114617000479314779, 1.000000000000000000),
 ( 0.9152925987995066404, 0.9284133215647414339, 1.000000000000000000),
 ( 0.9242494095622051375, 0.9359827703116949671, 1.000000000000000000),
 ( 0.9484734744631639902, 0.9564546573001210250, 1.000000000000000000),
 ( 0.9611284664976464942, 0.9671494588467890452, 1.000000000000000000),
 ( 0.9809912732601644425, 0.9839356232241441846, 1.000000000000000000),
 ( 0.9881643224245773016, 0.9899976054908145029, 1.000000000000000000),
 ( 0.9976713014564617676, 0.9980320043886795611, 1.000000000000000000),
 ( 0.9999933671689091863, 0.9999943945589205851, 1.000000000000000000),
 ( 1.000000000000000000, 1.000000000000000000, 1.000000000000000000) ) ) 
 REPRESENTATION_ITEM ( '' )  SURFACE ( )  );
#262 = CARTESIAN_POINT ( 'NONE',  ( 16.10000000009618404, 25.83187385336638542, -15.99387981113349255 ) ) ;
#263 = CARTESIAN_POINT ( 'NONE',  ( 15.59819718683258216, 15.23989290740766656, -16.93015991783906316 ) ) ;
#264 = CARTESIAN_POINT ( 'NONE',  ( -3.445678074268451851, 24.74625559784141871, -64.08487556944685082 ) ) ;
#265 = DIRECTION ( 'NONE',  ( 1.000000000000000000, -0.000000000000000000, 0.000000000000000000 ) ) ;
#266 = EDGE_LOOP ( 'NONE', ( #126, #469, #1007, #549 ) ) ;
#267 = DIRECTION ( 'NONE',  ( 9.166160196218452708E-17, 0.9644688522973081657, 0.2641965801222893040 ) ) ;
#268 = ADVANCED_FACE ( 'NONE', ( #368 ), #928, .F. ) ;
#269 = CARTESIAN_POINT ( 'NONE',  ( 1.555301434917138433E-15, 73.50000000000001421, 12.69999999999999929 ) ) ;
#270 = EDGE_LOOP ( 'NONE', ( #881, #460, #1047 ) ) ;
#271 = CARTESIAN_POINT ( 'NONE',  ( 15.43875282919569258, 13.27751395927847788, -16.98011958159069223 ) ) ;
#272 = CARTESIAN_POINT ( 'NONE',  ( 15.10553236095638496, 5.880883784708330175, -16.11325316820179765 ) ) ;
#273 = CARTESIAN_POINT ( 'NONE',  ( -15.89528820006273691, 35.46775483895357439, -17.01940847558444858 ) ) ;
#274 = CYLINDRICAL_SURFACE ( 'NONE', #1387, 4.000000000000000000 ) ;
#275 = ORIENTED_EDGE ( 'NONE', *, *, #1621, .T. ) ;
#276 = VECTOR ( 'NONE', #1535, 1000.000000000000000 ) ;
#277 = CARTESIAN_POINT ( 'NONE',  ( 14.72008565576226147, 46.88813701263903511, -67.63300546585210782 ) ) ;
#278 = DIRECTION ( 'NONE',  ( 1.000000000000000000, 0.000000000000000000, 0.000000000000000000 ) ) ;
#279 = ORIENTED_EDGE ( 'NONE', *, *, #986, .T. ) ;
#280 = CARTESIAN_POINT ( 'NONE',  ( 0.000000000000000000, 0.000000000000000000, 0.000000000000000000 ) ) ;
#281 = ADVANCED_FACE ( 'NONE', ( #753 ), #1472, .T. ) ;
#282 = CARTESIAN_POINT ( 'NONE',  ( 16.10000000000000142, 11.77376598821592424, -12.97338163926049326 ) ) ;
#283 = VERTEX_POINT ( 'NONE', #1441 ) ;
#284 = CARTESIAN_POINT ( 'NONE',  ( -7.753355815773492310, 26.93363192100606796, -66.14543884075740721 ) ) ;
#285 = B_SPLINE_CURVE_WITH_KNOTS ( 'NONE', 3,
 ( #1344, #1626, #1309, #1178 ),
 .UNSPECIFIED., .F., .F.,
 ( 4, 4 ),
 ( 0.01140182866622064910, 0.01748790186555167908 ),
 .UNSPECIFIED. ) ;
#286 = LINE ( 'NONE', #679, #127 ) ;
#287 = ORIENTED_EDGE ( 'NONE', *, *, #403, .T. ) ;
#288 = VECTOR ( 'NONE', #1043, 1000.000000000000000 ) ;
#289 = CARTESIAN_POINT ( 'NONE',  ( -16.10000000000000142, 47.39707564121920313, -12.16484165096356129 ) ) ;
#290 = CIRCLE ( 'NONE', #1773, 12.69999999999999929 ) ;
#291 = CARTESIAN_POINT ( 'NONE',  ( 13.57097657477297759, 55.85059676373022342, -16.81078032705551806 ) ) ;
#292 = ORIENTED_EDGE ( 'NONE', *, *, #986, .F. ) ;
#293 = CARTESIAN_POINT ( 'NONE',  ( 16.10000000000000142, 31.62820272089300033, -16.37580721346152757 ) ) ;
#294 = B_SPLINE_CURVE_WITH_KNOTS ( 'NONE', 3,
 ( #1790, #388, #1074, #393, #538, #1097 ),
 .UNSPECIFIED., .F., .F.,
 ( 4, 2, 4 ),
 ( 0.000000000000000000, 0.0006975644921340179092, 0.001395128984268035818 ),
 .UNSPECIFIED. ) ;
#295 = CARTESIAN_POINT ( 'NONE',  ( 16.10000000000352927, 11.28727057004307177, -15.12644276718966552 ) ) ;
#296 = LINE ( 'NONE', #851, #215 ) ;
#297 = ORIENTED_EDGE ( 'NONE', *, *, #86, .T. ) ;
#298 = CARTESIAN_POINT ( 'NONE',  ( 16.10000000000000142, 47.40066388269634245, -12.18059519368724253 ) ) ;
#299 = CARTESIAN_POINT ( 'NONE',  ( -14.58448996925399577, 6.229198738626124943, -17.06761432209141915 ) ) ;
#300 = ORIENTED_EDGE ( 'NONE', *, *, #500, .F. ) ;
#301 = VECTOR ( 'NONE', #222, 1000.000000000000000 ) ;
#302 = LINE ( 'NONE', #1447, #404 ) ;
#303 = CARTESIAN_POINT ( 'NONE',  ( -15.40611553267835454, 13.02144544936048476, -17.02511191893299980 ) ) ;
#304 = ORIENTED_EDGE ( 'NONE', *, *, #768, .T. ) ;
#305 = CARTESIAN_POINT ( 'NONE',  ( 14.71812559591721126, 48.63198880241053956, -17.09133727479029119 ) ) ;
#306 = CARTESIAN_POINT ( 'NONE',  ( 15.86491541499400171, 35.76412525728468239, -69.86470682517312980 ) ) ;
#307 = CARTESIAN_POINT ( 'NONE',  ( -16.10000000000000142, 31.45734156019715755, -15.45060454208784151 ) ) ;
#308 = ORIENTED_EDGE ( 'NONE', *, *, #1316, .F. ) ;
#309 = ORIENTED_EDGE ( 'NONE', *, *, #853, .T. ) ;
#310 = EDGE_CURVE ( 'NONE', #1553, #1290, #1717, .T. ) ;
#311 = CARTESIAN_POINT ( 'NONE',  ( -14.58448996925399577, 6.229198738626124943, -17.06761432209141915 ) ) ;
#312 = CARTESIAN_POINT ( 'NONE',  ( -16.10000000000000142, 19.82283502383948459, -14.60674640464907803 ) ) ;
#313 = ORIENTED_EDGE ( 'NONE', *, *, #1220, .F. ) ;
#314 = CARTESIAN_POINT ( 'NONE',  ( 16.10000000000001563, 27.90000000000000213, -76.09999999999999432 ) ) ;
#315 = CARTESIAN_POINT ( 'NONE',  ( 12.67364860921861514, 37.83440100693862718, -70.00000000000001421 ) ) ;
#316 = CARTESIAN_POINT ( 'NONE',  ( -14.44516751132998600, 48.69725020357888212, -17.49216998555402824 ) ) ;
#317 = ORIENTED_EDGE ( 'NONE', *, *, #416, .T. ) ;
#318 = LINE ( 'NONE', #887, #1224 ) ;
#319 = CARTESIAN_POINT ( 'NONE',  ( -6.110033664002089360, 48.14030925988035392, -66.83080227085152103 ) ) ;
#320 = CARTESIAN_POINT ( 'NONE',  ( 14.73217586205821128, 46.82153305112348107, -17.48577172338669783 ) ) ;
#321 = VERTEX_POINT ( 'NONE', #1503 ) ;
#322 = DIRECTION ( 'NONE',  ( -0.000000000000000000, -0.000000000000000000, 1.000000000000000000 ) ) ;
#323 = AXIS2_PLACEMENT_3D ( 'NONE', #384, #778, #632 ) ;
#324 = DIRECTION ( 'NONE',  ( 0.000000000000000000, 0.000000000000000000, 1.000000000000000000 ) ) ;
#325 = CARTESIAN_POINT ( 'NONE',  ( -15.23276887512218458, 43.07762528173215344, -17.37254366765101210 ) ) ;
#326 = ORIENTED_EDGE ( 'NONE', *, *, #65, .T. ) ;
#327 = CARTESIAN_POINT ( 'NONE',  ( 0.000000000000000000, 4.635142468514471759, -12.69999999999999929 ) ) ;
#328 = B_SPLINE_CURVE_WITH_KNOTS ( 'NONE', 3,
 ( #913, #1752, #653, #929, #904, #1745, #1058, #1454, #1759, #214, #1462, #1624, #775, #1480, #789, #93, #937, #1325, #1174, #1727, #1632, #524, #1104, #1511, #965, #408 ),
 .UNSPECIFIED., .F., .F.,
 ( 4, 2, 2, 2, 2, 2, 2, 2, 2, 2, 2, 2, 4 ),
 ( 0.000000000000000000, 0.003496230433478568489, 0.005244345650217840590, 0.006992460866957112692, 0.01048869130043562914, 0.01223680651717489430, 0.01398492173391415946, 0.01748115216739270714, 0.01922926738413198097, 0.02097738260087124787, 0.02272549781761052171, 0.02447361303434979554, 0.02796984346782835709 ),
 .UNSPECIFIED. ) ;
#329 = CARTESIAN_POINT ( 'NONE',  ( -12.43407479553986406, 39.61737979869879922, -69.93095192121990067 ) ) ;
#330 = EDGE_CURVE ( 'NONE', #1553, #130, #644, .T. ) ;
#331 = CARTESIAN_POINT ( 'NONE',  ( 15.38361595130211512, 43.12921098685146859, -16.99806924838438604 ) ) ;
#332 = EDGE_LOOP ( 'NONE', ( #140, #1030, #1572, #67, #978 ) ) ;
#333 = CARTESIAN_POINT ( 'NONE',  ( 16.10000000000000142, 44.75868078516582216, -12.79486130855985415 ) ) ;
#334 = EDGE_CURVE ( 'NONE', #1481, #1237, #139, .T. ) ;
#335 = DIRECTION ( 'NONE',  ( 1.000000000000000000, 0.000000000000000000, 0.000000000000000000 ) ) ;
#336 = CARTESIAN_POINT ( 'NONE',  ( -15.77253309559121064, 37.35672975130942319, -17.23251083489983415 ) ) ;
#337 = ORIENTED_EDGE ( 'NONE', *, *, #243, .F. ) ;
#338 = DIRECTION ( 'NONE',  ( -0.000000000000000000, -1.000000000000000000, -0.000000000000000000 ) ) ;
#339 = CARTESIAN_POINT ( 'NONE',  ( 2.804684653331231292, 49.39295233324408230, -65.87664372316918104 ) ) ;
#340 = CARTESIAN_POINT ( 'NONE',  ( 15.77266918433136844, 37.35486185896271394, -17.23230851320681012 ) ) ;
#341 = ORIENTED_EDGE ( 'NONE', *, *, #1223, .F. ) ;
#342 = CARTESIAN_POINT ( 'NONE',  ( 14.00352294789282226, 55.79338949679286941, -16.31957232942536606 ) ) ;
#343 = DIRECTION ( 'NONE',  ( -1.535638072777523627E-15, -0.2275834244471662549, -0.9737585865690228104 ) ) ;
#344 = EDGE_CURVE ( 'NONE', #1604, #1536, #556, .T. ) ;
#345 = CARTESIAN_POINT ( 'NONE',  ( -15.96681603356188717, 21.98604894767774454, -59.98469950160068009 ) ) ;
#346 = ORIENTED_EDGE ( 'NONE', *, *, #656, .F. ) ;
#347 = PRODUCT ( 'Walker_Front_Plastic_Tubing_Connector', 'Walker_Front_Plastic_Tubing_Connector', '', ( #1799 ) ) ;
#348 = CARTESIAN_POINT ( 'NONE',  ( -15.79845275943509186, 18.82425656821349591, -17.19025599347611788 ) ) ;
#349 = CARTESIAN_POINT ( 'NONE',  ( -16.10000000000000142, 68.00000000000000000, 0.000000000000000000 ) ) ;
#350 = CARTESIAN_POINT ( 'NONE',  ( 14.44510746229100739, 48.69760717552537699, -17.49216261221560842 ) ) ;
#351 = VERTEX_POINT ( 'NONE', #950 ) ;
#352 = EDGE_CURVE ( 'NONE', #1560, #497, #514, .T. ) ;
#353 = DIRECTION ( 'NONE',  ( 0.000000000000000000, 0.000000000000000000, 1.000000000000000000 ) ) ;
#354 = DIRECTION ( 'NONE',  ( 0.000000000000000000, 0.2275834244471662549, 0.9737585865690226994 ) ) ;
#355 = EDGE_LOOP ( 'NONE', ( #24, #1050, #309, #1526, #1002, #1192 ) ) ;
#356 = LINE ( 'NONE', #1051, #991 ) ;
#357 = CARTESIAN_POINT ( 'NONE',  ( -16.09999999999998721, 26.08404511345685606, -16.32588038160463029 ) ) ;
#358 = SURFACE_SIDE_STYLE ('',( #1054 ) ) ;
#359 = CARTESIAN_POINT ( 'NONE',  ( 15.23292302022292866, 43.07641221466468551, -17.37249763112098222 ) ) ;
#360 = ORIENTED_EDGE ( 'NONE', *, *, #1082, .F. ) ;
#361 = DIRECTION ( 'NONE',  ( -0.000000000000000000, -0.000000000000000000, 1.000000000000000000 ) ) ;
#362 = CARTESIAN_POINT ( 'NONE',  ( -15.71076884637884952, 38.00000000000000711, -70.00000000000001421 ) ) ;
#363 = CARTESIAN_POINT ( 'NONE',  ( 16.10000000000000142, 3.979198447587044551, -10.90275447359696770 ) ) ;
#364 = CARTESIAN_POINT ( 'NONE',  ( -16.06178369632563729, 24.25028537009409391, -16.46017673311095564 ) ) ;
#365 = ADVANCED_FACE ( 'NONE', ( #1072 ), #1510, .T. ) ;
#366 = CARTESIAN_POINT ( 'NONE',  ( -13.58050368145798181, 55.85161932937686657, -16.79948111280854306 ) ) ;
#367 = CARTESIAN_POINT ( 'NONE',  ( -16.10000000000001208, 29.79254744767426999, -16.33540744498548847 ) ) ;
#368 = FACE_OUTER_BOUND ( 'NONE', #1016, .T. ) ;
#369 = CARTESIAN_POINT ( 'NONE',  ( -16.06963031000817921, 25.06065134669587735, -64.43186272423484695 ) ) ;
#370 = TOROIDAL_SURFACE ( 'NONE', #1378, 133.2349999999999852, 2.000000000000000000 ) ;
#371 = CARTESIAN_POINT ( 'NONE',  ( -16.10000000000000142, 8.890825302911308015, -12.28701724415824614 ) ) ;
#372 = CARTESIAN_POINT ( 'NONE',  ( 10.37669844367895244, 44.33242623901537627, -68.83886410675785328 ) ) ;
#373 = CARTESIAN_POINT ( 'NONE',  ( 16.10000000000000142, 51.11664651664560921, -11.16267750596290576 ) ) ;
#374 = ORIENTED_EDGE ( 'NONE', *, *, #1570, .T. ) ;
#375 =( NAMED_UNIT ( * ) SI_UNIT ( $, .STERADIAN. ) SOLID_ANGLE_UNIT ( ) );
#376 = CARTESIAN_POINT ( 'NONE',  ( 0.8765860841976677031, 24.32836774211900632, -63.59854328773963061 ) ) ;
#377 = DIRECTION ( 'NONE',  ( 1.000000000000000000, 0.000000000000000000, 0.000000000000000000 ) ) ;
#378 = CARTESIAN_POINT ( 'NONE',  ( -16.00346102987230523, 22.84813584281225474, -61.58531609353291714 ) ) ;
#379 = VECTOR ( 'NONE', #1578, 1000.000000000000000 ) ;
#380 = CARTESIAN_POINT ( 'NONE',  ( 14.28707100501199001, 6.161721278499596721, -18.09363441103108272 ) ) ;
#381 = EDGE_CURVE ( 'NONE', #553, #899, #1020, .T. ) ;
#382 = CARTESIAN_POINT ( 'NONE',  ( 11.20432296739353895, 42.99242233662528179, -69.28947265334866756 ) ) ;
#383 = CARTESIAN_POINT ( 'NONE',  ( 16.10000000000000142, 55.03687528069523438, -10.16274606680621062 ) ) ;
#384 = CARTESIAN_POINT ( 'NONE',  ( -16.09999999999999432, 50.89869561518673180, -18.09999999999999787 ) ) ;
#385 = EDGE_CURVE ( 'NONE', #165, #1558, #1551, .T. ) ;
#386 = CARTESIAN_POINT ( 'NONE',  ( -16.10000000000000142, 38.00000000000000711, -52.20000000000000995 ) ) ;
#387 = ADVANCED_FACE ( 'NONE', ( #407 ), #1775, .F. ) ;
#388 = CARTESIAN_POINT ( 'NONE',  ( -13.09999999999998366, 55.79999999999999716, -17.86412273665619210 ) ) ;
#389 = DIRECTION ( 'NONE',  ( -1.000000000000000000, -0.000000000000000000, 0.000000000000000000 ) ) ;
#390 = CARTESIAN_POINT ( 'NONE',  ( -25.40000000000000924, 4.635142468514471759, -12.69999999999999929 ) ) ;
#391 = CARTESIAN_POINT ( 'NONE',  ( 13.78153072563999970, 52.46139859089525714, -62.59455623548758041 ) ) ;
#392 = CARTESIAN_POINT ( 'NONE',  ( 13.14084778109181784, 55.80439323813093466, -17.63414749171441542 ) ) ;
#393 = CARTESIAN_POINT ( 'NONE',  ( -13.30232776694309038, 55.82174854666796904, -17.19243704415340090 ) ) ;
#394 = CARTESIAN_POINT ( 'NONE',  ( -16.10000000000000142, 27.90000000000001990, -16.09999999999999787 ) ) ;
#395 = CARTESIAN_POINT ( 'NONE',  ( 1.555301434917138433E-15, -4.635142468514471759, 12.69999999999999929 ) ) ;
#396 = CARTESIAN_POINT ( 'NONE',  ( 15.51612786818926892, 40.31924195738917405, -69.88695309873403971 ) ) ;
#397 = CARTESIAN_POINT ( 'NONE',  ( 13.59999999999998721, 64.07890963596733513, -16.77712434446770118 ) ) ;
#398 = CARTESIAN_POINT ( 'NONE',  ( 16.10000000000000142, 8.890813628357491893, -12.28701435302183675 ) ) ;
#399 = DIRECTION ( 'NONE',  ( 0.000000000000000000, 0.3428508502786867251, -0.9393898522249329863 ) ) ;
#400 = LINE ( 'NONE', #960, #1229 ) ;
#401 = CARTESIAN_POINT ( 'NONE',  ( 14.36008729795702799, 6.600995546868871244, -18.08631428584813605 ) ) ;
#402 = ORIENTED_EDGE ( 'NONE', *, *, #571, .T. ) ;
#403 = EDGE_CURVE ( 'NONE', #22, #1729, #1254, .T. ) ;
#404 = VECTOR ( 'NONE', #1148, 1000.000000000000000 ) ;
#405 = B_SPLINE_CURVE_WITH_KNOTS ( 'NONE', 3,
 ( #882, #1430, #604, #1162, #111, #671 ),
 .UNSPECIFIED., .F., .F.,
 ( 4, 2, 4 ),
 ( 8.673617379884034509E-19, 0.0005577072154899334654, 0.001115414430979866063 ),
 .UNSPECIFIED. ) ;
#406 = CARTESIAN_POINT ( 'NONE',  ( -15.56353196423068574, 40.98994814734268033, -16.95046651662912396 ) ) ;
#407 = FACE_OUTER_BOUND ( 'NONE', #964, .T. ) ;
#408 = CARTESIAN_POINT ( 'NONE',  ( -15.71076884637884952, 38.00000000000000711, -70.00000000000001421 ) ) ;
#409 = CARTESIAN_POINT ( 'NONE',  ( 16.10000000000000142, 19.87089588689655173, -14.61585805358449264 ) ) ;
#410 = AXIS2_PLACEMENT_3D ( 'NONE', #870, #417, #724 ) ;
#411 = CARTESIAN_POINT ( 'NONE',  ( 15.93637858962911658, 35.46743418290505900, -17.04338178838233020 ) ) ;
#412 = CARTESIAN_POINT ( 'NONE',  ( 1.098386619680148391, 24.34566775888147205, -63.61930275720836647 ) ) ;
#413 = CARTESIAN_POINT ( 'NONE',  ( -14.83995332546355428, 8.025627802459569082, -17.11391998130949332 ) ) ;
#414 = ORIENTED_EDGE ( 'NONE', *, *, #1570, .F. ) ;
#415 = CARTESIAN_POINT ( 'NONE',  ( 13.59374099186630325, 53.43374919497393449, -61.14398009481683971 ) ) ;
#416 = EDGE_CURVE ( 'NONE', #1563, #82, #1467, .T. ) ;
#417 = DIRECTION ( 'NONE',  ( -0.000000000000000000, -0.000000000000000000, 1.000000000000000000 ) ) ;
#418 = VERTEX_POINT ( 'NONE', #230 ) ;
#419 = CARTESIAN_POINT ( 'NONE',  ( 16.10000000007493881, 19.61802554731361425, -15.66290310567146626 ) ) ;
#420 = CARTESIAN_POINT ( 'NONE',  ( 15.06182473476014749, 9.827574284537726967, -17.10058995521588088 ) ) ;
#421 = B_SPLINE_CURVE_WITH_KNOTS ( 'NONE', 3,
 ( #664, #1668, #254, #263, #1219, #420, #820, #814 ),
 .UNSPECIFIED., .F., .F.,
 ( 4, 2, 2, 4 ),
 ( -7.320223401246615141E-05, 0.01081464528480481635, 0.01625856904421345631, 0.02170249280362209626 ),
 .UNSPECIFIED. ) ;
#422 = CARTESIAN_POINT ( 'NONE',  ( 2.183991561878237508, 24.48187793032659343, -63.78094309802740014 ) ) ;
#423 = CARTESIAN_POINT ( 'NONE',  ( 0.000000000000000000, 68.00000000000000000, 0.000000000000000000 ) ) ;
#424 = VERTEX_POINT ( 'NONE', #1664 ) ;
#425 = VECTOR ( 'NONE', #1476, 1000.000000000000000 ) ;
#426 = CARTESIAN_POINT ( 'NONE',  ( -14.58253803779373214, 49.60981849861940418, -17.07357055821131908 ) ) ;
#427 = VECTOR ( 'NONE', #1778, 1000.000000000000000 ) ;
#428 = B_SPLINE_CURVE_WITH_KNOTS ( 'NONE', 3,
 ( #624, #910, #1180, #487 ),
 .UNSPECIFIED., .F., .F.,
 ( 4, 4 ),
 ( 0.000000000000000000, 0.005319135590002339528 ),
 .UNSPECIFIED. ) ;
#429 = CARTESIAN_POINT ( 'NONE',  ( -115.1349999999999767, 27.90000000000000213, -76.09999999999999432 ) ) ;
#430 = ORIENTED_EDGE ( 'NONE', *, *, #1603, .F. ) ;
#431 = CARTESIAN_POINT ( 'NONE',  ( -12.92915884192736264, 65.33838312484641619, -11.38822958057523138 ) ) ;
#432 = CARTESIAN_POINT ( 'NONE',  ( 15.75615020647958708, 17.30015853219505573, -16.82885854531674497 ) ) ;
#433 = CYLINDRICAL_SURFACE ( 'NONE', #451, 12.69999999999999929 ) ;
#434 = VERTEX_POINT ( 'NONE', #1388 ) ;
#435 = CARTESIAN_POINT ( 'NONE',  ( 16.10000000000000142, 45.64147952429320299, -12.59851857991534807 ) ) ;
#436 = ADVANCED_FACE ( 'NONE', ( #562 ), #825, .T. ) ;
#437 = CARTESIAN_POINT ( 'NONE',  ( -15.06182484654168618, 9.827575191940974619, -17.10058994928608200 ) ) ;
#438 = EDGE_LOOP ( 'NONE', ( #1323, #1693, #1549 ) ) ;
#439 = CARTESIAN_POINT ( 'NONE',  ( 2.015491129185186470, 49.54548998831324269, -65.74812191146187956 ) ) ;
#440 = VECTOR ( 'NONE', #1740, 1000.000000000000000 ) ;
#441 = CARTESIAN_POINT ( 'NONE',  ( 7.500000000000003553, 64.67038089523680355, -14.24640305480650326 ) ) ;
#442 = EDGE_LOOP ( 'NONE', ( #1652, #6, #1196, #1671 ) ) ;
#443 = CARTESIAN_POINT ( 'NONE',  ( -14.13002214132920109, 50.55346057011318095, -18.09999999999999787 ) ) ;
#444 = CARTESIAN_POINT ( 'NONE',  ( 16.09999999999999432, 17.53987218696767414, -15.54415536395888076 ) ) ;
#445 = EDGE_CURVE ( 'NONE', #135, #453, #21, .T. ) ;
#446 = CARTESIAN_POINT ( 'NONE',  ( 16.10000000000000142, 55.03687528069523438, -10.16274606680621062 ) ) ;
#447 = ORIENTED_EDGE ( 'NONE', *, *, #1166, .F. ) ;
#448 = ORIENTED_EDGE ( 'NONE', *, *, #1166, .T. ) ;
#449 =( GEOMETRIC_REPRESENTATION_CONTEXT ( 3 ) GLOBAL_UNCERTAINTY_ASSIGNED_CONTEXT ( ( #630 ) ) GLOBAL_UNIT_ASSIGNED_CONTEXT ( ( #796, #1338, #375 ) ) REPRESENTATION_CONTEXT ( 'NONE', 'WORKASPACE' ) );
#450 = CARTESIAN_POINT ( 'NONE',  ( -2.042902037247310787, 49.54116806760237068, -65.75181947911016778 ) ) ;
#451 = AXIS2_PLACEMENT_3D ( 'NONE', #884, #20, #754 ) ;
#452 = CARTESIAN_POINT ( 'NONE',  ( -16.10000000000000142, 4.929499656677500674, -14.50730458442186865 ) ) ;
#453 = VERTEX_POINT ( 'NONE', #1122 ) ;
#454 = CARTESIAN_POINT ( 'NONE',  ( -16.10000000000000142, 68.00000000000000000, 0.000000000000000000 ) ) ;
#455 = CARTESIAN_POINT ( 'NONE',  ( 15.40611553267949141, 13.02144544936219894, -17.02511191892978104 ) ) ;
#456 = EDGE_LOOP ( 'NONE', ( #761, #17, #216, #360, #698, #1408, #1609, #1379, #570 ) ) ;
#457 = CARTESIAN_POINT ( 'NONE',  ( -7.500000000000000000, 73.50000000000001421, -14.24640305480650504 ) ) ;
#458 = CARTESIAN_POINT ( 'NONE',  ( -9.147350700794744327, 45.81845206849994412, -68.19410720212160015 ) ) ;
#459 = CARTESIAN_POINT ( 'NONE',  ( 13.58050368145799247, 55.85161932937700868, -16.79948111280853595 ) ) ;
#460 = ORIENTED_EDGE ( 'NONE', *, *, #1029, .T. ) ;
#461 = CARTESIAN_POINT ( 'NONE',  ( 12.69999999999999929, 37.00000000000000000, -69.97188791321845258 ) ) ;
#462 = CARTESIAN_POINT ( 'NONE',  ( 16.09999999999292797, 3.841394713627686031, -14.37182246804917618 ) ) ;
#463 = CARTESIAN_POINT ( 'NONE',  ( -16.05902176382055657, 31.68636283242337015, -16.57102960819737447 ) ) ;
#464 = ORIENTED_EDGE ( 'NONE', *, *, #1732, .F. ) ;
#465 = DIRECTION ( 'NONE',  ( 0.000000000000000000, 0.000000000000000000, -1.000000000000000000 ) ) ;
#466 = CARTESIAN_POINT ( 'NONE',  ( -13.09999999999998721, 63.76973180076629433, -18.09999999999998366 ) ) ;
#467 = ADVANCED_FACE ( 'NONE', ( #1149 ), #1399, .T. ) ;
#468 = CARTESIAN_POINT ( 'NONE',  ( -14.10516935708360187, 3.071592505139062901, -16.93017077217764665 ) ) ;
#469 = ORIENTED_EDGE ( 'NONE', *, *, #1351, .F. ) ;
#470 = CARTESIAN_POINT ( 'NONE',  ( 16.09999999999370957, 45.27622234476069707, -15.05630373180397363 ) ) ;
#471 = CARTESIAN_POINT ( 'NONE',  ( -14.82168646992426986, 55.63823923961629703, -15.06397692333588267 ) ) ;
#472 = CARTESIAN_POINT ( 'NONE',  ( -14.13002214132922241, 50.55346057011318095, -17.44317061432841598 ) ) ;
#473 = EDGE_LOOP ( 'NONE', ( #1582, #542, #1392, #414 ) ) ;
#474 = CARTESIAN_POINT ( 'NONE',  ( 15.93286691805236011, 21.27886063039619557, -58.30274513496064515 ) ) ;
#475 = CARTESIAN_POINT ( 'NONE',  ( 0.7992582891791847333, 49.68143963944917374, -65.63080844212250042 ) ) ;
#476 = B_SPLINE_CURVE_WITH_KNOTS ( 'NONE', 3,
 ( #299, #413, #437, #1366, #857, #1659, #1407, #1236 ),
 .UNSPECIFIED., .F., .F.,
 ( 4, 2, 2, 4 ),
 ( 3.952619877268748921E-16, 0.005443517489568561185, 0.01088703497913672685, 0.02177406995827305819 ),
 .UNSPECIFIED. ) ;
#477 = EDGE_CURVE ( 'NONE', #22, #165, #1663, .T. ) ;
#478 = CARTESIAN_POINT ( 'NONE',  ( 14.51359962002401893, 50.62068182722702403, -16.91423351029114741 ) ) ;
#479 = VERTEX_POINT ( 'NONE', #269 ) ;
#480 = CARTESIAN_POINT ( 'NONE',  ( -15.82898786339926467, 55.32904555457352558, -12.55137624264556351 ) ) ;
#481 = CARTESIAN_POINT ( 'NONE',  ( -16.10049839619401624, 28.54386103940468189, -67.30738318384803165 ) ) ;
#482 = VERTEX_POINT ( 'NONE', #1705 ) ;
#483 = DIRECTION ( 'NONE',  ( 1.000000000000000000, 0.000000000000000000, 0.000000000000000000 ) ) ;
#484 = B_SPLINE_CURVE_WITH_KNOTS ( 'NONE', 3,
 ( #1527, #1508, #681, #1788, #1368, #1774, #1361, #1085, #415, #391, #949, #1662, #1517, #128, #251, #672, #277, #835, #1228, #1644, #1386, #137, #1780, #396, #120, #4 ),
 .UNSPECIFIED., .F., .F.,
 ( 4, 2, 2, 2, 2, 2, 2, 2, 2, 2, 2, 2, 4 ),
 ( 0.000000000000000000, 0.003496230433478598413, 0.005244345650217884826, 0.006992460866957171672, 0.01048869130043571761, 0.01223680651717497063, 0.01398492173391421844, 0.01748115216739274877, 0.01922926738413201567, 0.02097738260087127563, 0.02272549781761054252, 0.02447361303434980942, 0.02796984346782835709 ),
 .UNSPECIFIED. ) ;
#485 = CARTESIAN_POINT ( 'NONE',  ( -14.84497517737375816, 9.770920224499819895, -17.96893379788457068 ) ) ;
#486 = CARTESIAN_POINT ( 'NONE',  ( -14.13111490511260016, 52.65953952720015252, -16.94377902866742858 ) ) ;
#487 = CARTESIAN_POINT ( 'NONE',  ( -13.57097657477297759, 55.85059676373022342, -16.81078032705551806 ) ) ;
#488 = EDGE_LOOP ( 'NONE', ( #201, #300, #313, #848, #279 ) ) ;
#489 = DIRECTION ( 'NONE',  ( 1.000000000000000000, -0.000000000000000000, -0.000000000000000000 ) ) ;
#490 = CARTESIAN_POINT ( 'NONE',  ( 7.500000000000000000, 69.50000000000000000, -16.44640305480650611 ) ) ;
#491 = ORIENTED_EDGE ( 'NONE', *, *, #217, .F. ) ;
#492 = PRODUCT_DEFINITION_SHAPE ( 'NONE', 'NONE',  #623 ) ;
#493 = CARTESIAN_POINT ( 'NONE',  ( 0.000000000000000000, 73.50000000000001421, 0.000000000000000000 ) ) ;
#494 = CARTESIAN_POINT ( 'NONE',  ( -15.43875282873020005, 13.27751395944567570, -16.98011958279903766 ) ) ;
#495 = CARTESIAN_POINT ( 'NONE',  ( -16.10000000000000142, 65.62479881197249654, -10.16274606680622128 ) ) ;
#496 = CARTESIAN_POINT ( 'NONE',  ( 14.29095765809586638, 49.63513142255602872, -17.47864619031452449 ) ) ;
#497 = VERTEX_POINT ( 'NONE', #1006 ) ;
#498 = CARTESIAN_POINT ( 'NONE',  ( 0.000000000000000000, 73.50000000000001421, -3.947711768699775085E-15 ) ) ;
#499 = CARTESIAN_POINT ( 'NONE',  ( -16.09270625210141148, 26.36739472435398568, -65.70381035711147888 ) ) ;
#500 = EDGE_CURVE ( 'NONE', #1290, #22, #518, .T. ) ;
#501 = CARTESIAN_POINT ( 'NONE',  ( -16.10000000000000142, 5.930727504444302411, -11.50763637629067482 ) ) ;
#502 = CARTESIAN_POINT ( 'NONE',  ( -14.28570670569309797, 6.153598719874602274, -17.47190590530005849 ) ) ;
#503 = ADVANCED_BREP_SHAPE_REPRESENTATION ( 'Walker_Front_Plastic_Tubing_Connector', ( #687, #1370 ), #1089 ) ;
#504 = CARTESIAN_POINT ( 'NONE',  ( 3.431754604266086695, 24.76517900924591231, -64.10440696755786405 ) ) ;
#505 = VECTOR ( 'NONE', #716, 1000.000000000000000 ) ;
#506 = CARTESIAN_POINT ( 'NONE',  ( -16.09999999999999076, 27.90000000000000213, -16.10000000000000142 ) ) ;
#507 = CARTESIAN_POINT ( 'NONE',  ( -16.09943336668153435, 27.06687620275968342, -66.27545362465880885 ) ) ;
#508 = VERTEX_POINT ( 'NONE', #1285 ) ;
#509 = CARTESIAN_POINT ( 'NONE',  ( 11.73036053620356789, 41.93077642600734833, -69.57603010229586005 ) ) ;
#510 = CARTESIAN_POINT ( 'NONE',  ( -12.69999999999999929, 37.00000000000000000, -86.09999999999999432 ) ) ;
#511 = FILL_AREA_STYLE ('',( #1477 ) ) ;
#512 = CARTESIAN_POINT ( 'NONE',  ( -12.58737392806045996, 35.25659815631428273, -69.79279360492354556 ) ) ;
#513 = EDGE_CURVE ( 'NONE', #584, #1560, #212, .T. ) ;
#514 = LINE ( 'NONE', #245, #886 ) ;
#515 = FACE_OUTER_BOUND ( 'NONE', #1261, .T. ) ;
#516 = AXIS2_PLACEMENT_3D ( 'NONE', #1092, #539, #399 ) ;
#517 = CARTESIAN_POINT ( 'NONE',  ( 15.94168920054689131, 20.58642850041628947, -16.61475423142899999 ) ) ;
#518 = B_SPLINE_CURVE_WITH_KNOTS ( 'NONE', 3,
 ( #1420, #129, #459, #291 ),
 .UNSPECIFIED., .F., .F.,
 ( 4, 4 ),
 ( 0.000000000000000000, 4.444494126437962075E-05 ),
 .UNSPECIFIED. ) ;
#519 = CARTESIAN_POINT ( 'NONE',  ( 11.01307974585966321, 43.33700048472742594, -69.18474984522946158 ) ) ;
#520 = ADVANCED_FACE ( 'NONE', ( #592 ), #1646, .T. ) ;
#521 = CARTESIAN_POINT ( 'NONE',  ( 16.09999999999999787, 56.01897223579808127, -13.97885486553633250 ) ) ;
#522 = ADVANCED_FACE ( 'NONE', ( #1608 ), #1389, .F. ) ;
#523 = CARTESIAN_POINT ( 'NONE',  ( 25.40000000000000924, 4.635142468514473535, -12.70000000000000462 ) ) ;
#524 = CARTESIAN_POINT ( 'NONE',  ( -15.27400336293155547, 42.61162447289497379, -69.40209539524619231 ) ) ;
#525 = CARTESIAN_POINT ( 'NONE',  ( 14.57604920404463833, 7.937264981718632484, -17.49480800982478357 ) ) ;
#526 = AXIS2_PLACEMENT_3D ( 'NONE', #1299, #1307, #1177 ) ;
#527 = CARTESIAN_POINT ( 'NONE',  ( -9.343595243272190487, 73.45450723558596451, -13.12253999079026912 ) ) ;
#528 = CARTESIAN_POINT ( 'NONE',  ( 16.07258632323447145, 55.12906718139154094, -10.91779974610390269 ) ) ;
#529 = CARTESIAN_POINT ( 'NONE',  ( -16.10000000000000142, 35.01752030720287934, -14.80266851130645378 ) ) ;
#530 = EDGE_CURVE ( 'NONE', #690, #418, #898, .T. ) ;
#531 = CARTESIAN_POINT ( 'NONE',  ( -15.96290384182531419, 35.48647528363159154, -16.66331354653650720 ) ) ;
#532 = AXIS2_PLACEMENT_3D ( 'NONE', #203, #1594, #1049 ) ;
#533 = CARTESIAN_POINT ( 'NONE',  ( 16.10000000000000142, 27.90000000000000213, -16.09999999999999787 ) ) ;
#534 = CARTESIAN_POINT ( 'NONE',  ( -25.40000000000000924, -4.635142468514471759, 12.69999999999999929 ) ) ;
#535 = CARTESIAN_POINT ( 'NONE',  ( -16.10000000000000142, 42.11153140760087865, -13.38360424362861423 ) ) ;
#536 = ADVANCED_FACE ( 'NONE', ( #200 ), #758, .T. ) ;
#537 = CARTESIAN_POINT ( 'NONE',  ( 16.10000000000002274, 27.90000000000000568, -66.85708020036734922 ) ) ;
#538 = CARTESIAN_POINT ( 'NONE',  ( -13.41998393680879786, 55.83439038653829556, -16.98985863723734013 ) ) ;
#539 = DIRECTION ( 'NONE',  ( 0.000000000000000000, -0.9393898522249330973, -0.3428508502786867806 ) ) ;
#540 = CARTESIAN_POINT ( 'NONE',  ( 3.021854925494914301, 24.65732637947264649, -63.98265369033745742 ) ) ;
#541 = DIRECTION ( 'NONE',  ( 0.000000000000000000, 0.000000000000000000, 1.000000000000000000 ) ) ;
#542 = ORIENTED_EDGE ( 'NONE', *, *, #1169, .T. ) ;
#543 = LINE ( 'NONE', #1102, #550 ) ;
#544 = CARTESIAN_POINT ( 'NONE',  ( 15.93286691805236011, 21.27886063039619557, -58.30274513496064515 ) ) ;
#545 = EDGE_CURVE ( 'NONE', #1536, #1474, #428, .T. ) ;
#546 = CARTESIAN_POINT ( 'NONE',  ( 16.10000000000000497, 4.174588104406470990, -11.43810989329822903 ) ) ;
#547 = CARTESIAN_POINT ( 'NONE',  ( 0.2161057816601405779, 24.29994340297647426, -63.56434992625317904 ) ) ;
#548 = CARTESIAN_POINT ( 'NONE',  ( 14.65104424666335348, 8.369974728763796890, -18.05157915665202850 ) ) ;
#549 = ORIENTED_EDGE ( 'NONE', *, *, #352, .F. ) ;
#550 = VECTOR ( 'NONE', #699, 999.9999999999998863 ) ;
#551 = CARTESIAN_POINT ( 'NONE',  ( -16.10000000000000142, 40.34036021539109385, -13.74867077925162562 ) ) ;
#552 = CARTESIAN_POINT ( 'NONE',  ( -15.18593667234704725, 10.87127026856939516, -17.09320985226346679 ) ) ;
#553 = VERTEX_POINT ( 'NONE', #1322 ) ;
#554 = CARTESIAN_POINT ( 'NONE',  ( 16.10000000000000142, 7.783538947656793994, -12.00973086691531044 ) ) ;
#555 = PRESENTATION_LAYER_ASSIGNMENT (  '', '', ( #674 ) ) ;
#556 = B_SPLINE_CURVE_WITH_KNOTS ( 'NONE', 3,
 ( #673, #1230, #531, #1631, #1095, #1080, #107, #238 ),
 .UNSPECIFIED., .F., .F.,
 ( 4, 2, 2, 4 ),
 ( -7.320223398732385539E-05, 0.01133821016876333104, 0.01704391637013864813, 0.02274962257151396522 ),
 .UNSPECIFIED. ) ;
#557 = CARTESIAN_POINT ( 'NONE',  ( -16.10000000000000142, 38.00000000000000711, -52.20000000000000995 ) ) ;
#558 = CARTESIAN_POINT ( 'NONE',  ( 9.502871270869613696, 28.53751687015656557, -67.29162349405494581 ) ) ;
#559 = DIRECTION ( 'NONE',  ( 1.000000000000000000, 0.000000000000000000, 0.000000000000000000 ) ) ;
#560 = ORIENTED_EDGE ( 'NONE', *, *, #1732, .T. ) ;
#561 = CARTESIAN_POINT ( 'NONE',  ( -16.10000000000001563, 31.62836153573766396, -16.37581904135484123 ) ) ;
#562 = FACE_OUTER_BOUND ( 'NONE', #1282, .T. ) ;
#563 = ORIENTED_EDGE ( 'NONE', *, *, #207, .F. ) ;
#564 = LINE ( 'NONE', #1279, #1070 ) ;
#565 = EDGE_CURVE ( 'NONE', #1114, #119, #689, .T. ) ;
#566 = CARTESIAN_POINT ( 'NONE',  ( 14.77505772065276801, 7.585989535621714630, -17.09743022347135266 ) ) ;
#567 = ORIENTED_EDGE ( 'NONE', *, *, #310, .F. ) ;
#568 = CARTESIAN_POINT ( 'NONE',  ( -14.36008729795702799, 6.600995546868864139, -18.08631428584812184 ) ) ;
#569 = DIRECTION ( 'NONE',  ( 0.000000000000000000, 0.2275834244471662549, 0.9737585865690226994 ) ) ;
#570 = ORIENTED_EDGE ( 'NONE', *, *, #1450, .F. ) ;
#571 = EDGE_CURVE ( 'NONE', #1604, #1123, #977, .T. ) ;
#572 = CARTESIAN_POINT ( 'NONE',  ( 16.10000000000000142, 51.10441181544516809, -11.16602895327791245 ) ) ;
#573 = EDGE_CURVE ( 'NONE', #130, #1729, #400, .T. ) ;
#574 = CARTESIAN_POINT ( 'NONE',  ( -16.05733890995098889, 23.66802519014050432, -16.41320508302293391 ) ) ;
#575 = EDGE_LOOP ( 'NONE', ( #1577, #346, #292 ) ) ;
#576 = CARTESIAN_POINT ( 'NONE',  ( 16.09999999999999787, 49.94279642192045543, -14.61042039448560459 ) ) ;
#577 = CARTESIAN_POINT ( 'NONE',  ( 16.10000000000000142, 65.62479881197249654, -10.16274606680622128 ) ) ;
#578 = CARTESIAN_POINT ( 'NONE',  ( -16.09999999999999076, 27.90000000000000213, -16.10000000000000142 ) ) ;
#579 = ORIENTED_EDGE ( 'NONE', *, *, #705, .F. ) ;
#580 = DIRECTION ( 'NONE',  ( 0.000000000000000000, 1.000000000000000000, -0.000000000000000000 ) ) ;
#581 = ORIENTED_EDGE ( 'NONE', *, *, #1169, .F. ) ;
#582 = CARTESIAN_POINT ( 'NONE',  ( -12.00318352208293149, 41.16818561053336367, -69.71993314037322875 ) ) ;
#583 = CARTESIAN_POINT ( 'NONE',  ( -16.10000000000356479, 8.136739019423798069, -14.84868407416656844 ) ) ;
#584 = VERTEX_POINT ( 'NONE', #124 ) ;
#585 = CARTESIAN_POINT ( 'NONE',  ( -12.70000000000000107, 37.16641704219195930, -69.98125197420087318 ) ) ;
#586 = CARTESIAN_POINT ( 'NONE',  ( 16.02724106650173397, 32.29008954730039704, -69.06520997731102796 ) ) ;
#587 = DIRECTION ( 'NONE',  ( 0.000000000000000000, -0.2275834244471662549, -0.9737585865690228104 ) ) ;
#588 = EDGE_LOOP ( 'NONE', ( #858, #625, #1126, #751 ) ) ;
#589 = LINE ( 'NONE', #457, #759 ) ;
#590 = AXIS2_PLACEMENT_3D ( 'NONE', #557, #389, #1784 ) ;
#591 = CARTESIAN_POINT ( 'NONE',  ( -14.36281335498436817, 6.472220561496881963, -17.73347889290530333 ) ) ;
#592 = FACE_OUTER_BOUND ( 'NONE', #1267, .T. ) ;
#593 = ORIENTED_EDGE ( 'NONE', *, *, #746, .F. ) ;
#594 = DIRECTION ( 'NONE',  ( 0.000000000000000000, 0.3428508502786867806, -0.9393898522249330973 ) ) ;
#595 = CARTESIAN_POINT ( 'NONE',  ( 14.62466946463173301, 6.480983219088215286, -17.08240976977248593 ) ) ;
#596 = CARTESIAN_POINT ( 'NONE',  ( -16.10000000000000142, 42.11153140754908009, -13.38360424337838595 ) ) ;
#597 = EDGE_CURVE ( 'NONE', #598, #1025, #1767, .T. ) ;
#598 = VERTEX_POINT ( 'NONE', #1 ) ;
#599 = CARTESIAN_POINT ( 'NONE',  ( -16.10000000000000142, 50.89869561518673180, -10.16274606680621240 ) ) ;
#600 = CARTESIAN_POINT ( 'NONE',  ( -13.27416573867738414, 63.99256043749586098, -17.14658566907515436 ) ) ;
#601 = AXIS2_PLACEMENT_3D ( 'NONE', #1355, #1084, #1763 ) ;
#602 = CARTESIAN_POINT ( 'NONE',  ( 16.06514725647847897, 31.71949106037241961, -16.37911684962633885 ) ) ;
#603 = ORIENTED_EDGE ( 'NONE', *, *, #1347, .T. ) ;
#604 = CARTESIAN_POINT ( 'NONE',  ( 14.36263654723731698, 6.472812226835895189, -17.73510001886992882 ) ) ;
#605 = CARTESIAN_POINT ( 'NONE',  ( -13.59999999999998899, 55.85007866322386150, -16.77712434446770118 ) ) ;
#606 = CARTESIAN_POINT ( 'NONE',  ( -14.73741365462266906, 46.78626617007199684, -18.00850817998367148 ) ) ;
#607 = ORIENTED_EDGE ( 'NONE', *, *, #895, .T. ) ;
#608 = CARTESIAN_POINT ( 'NONE',  ( 14.13002214132922774, 50.55346057011313121, -18.09999999999999787 ) ) ;
#609 = EDGE_CURVE ( 'NONE', #1567, #1400, #658, .T. ) ;
#610 = CARTESIAN_POINT ( 'NONE',  ( -0.4261182388896047057, 49.69937745844038801, -65.61508731751632695 ) ) ;
#611 = AXIS2_PLACEMENT_3D ( 'NONE', #1003, #1426, #465 ) ;
#612 = PRODUCT_RELATED_PRODUCT_CATEGORY ( 'part', '', ( #347 ) ) ;
#613 = CARTESIAN_POINT ( 'NONE',  ( 14.29476228102632973, 49.61342150899025683, -18.09999999937138426 ) ) ;
#614 = VERTEX_POINT ( 'NONE', #495 ) ;
#615 = CARTESIAN_POINT ( 'NONE',  ( -16.10000000000000142, -8.673617379884035472E-16, 2.957522019940858324E-15 ) ) ;
#616 = CARTESIAN_POINT ( 'NONE',  ( -15.33987894267851892, 13.68318405336609267, -17.69894431705571236 ) ) ;
#617 = CARTESIAN_POINT ( 'NONE',  ( -14.44919591917862967, 48.67188114505175633, -18.07930738388308001 ) ) ;
#618 = B_SPLINE_CURVE_WITH_KNOTS ( 'NONE', 3,
 ( #1138, #572, #1129, #1168 ),
 .UNSPECIFIED., .F., .F.,
 ( 4, 4 ),
 ( 0.000000000000000000, 0.006086073199351466761 ),
 .UNSPECIFIED. ) ;
#619 = CARTESIAN_POINT ( 'NONE',  ( 16.10000000000000142, 5.930722880750459503, -11.50763502978334607 ) ) ;
#620 = CARTESIAN_POINT ( 'NONE',  ( 15.09999999999998721, 0.000000000000000000, -18.09999999999999787 ) ) ;
#621 = CARTESIAN_POINT ( 'NONE',  ( -14.58037712608244085, 7.965647297809018035, -18.05210692130636119 ) ) ;
#622 = VECTOR ( 'NONE', #645, 1000.000000000000000 ) ;
#623 = PRODUCT_DEFINITION ( 'UNKNOWN', '', #1555, #1318 ) ;
#624 = CARTESIAN_POINT ( 'NONE',  ( -14.43333333333332824, 50.60661530613315762, -17.03373956498170472 ) ) ;
#625 = ORIENTED_EDGE ( 'NONE', *, *, #545, .T. ) ;
#626 = CARTESIAN_POINT ( 'NONE',  ( -14.36008729795702799, 6.600995546868864139, -18.08631428584812184 ) ) ;
#627 = CARTESIAN_POINT ( 'NONE',  ( 0.000000000000000000, 73.50000000000001421, -3.947711768699775085E-15 ) ) ;
#628 = ORIENTED_EDGE ( 'NONE', *, *, #905, .T. ) ;
#629 = CARTESIAN_POINT ( 'NONE',  ( 9.783697287752888272, 73.50000000000004263, -12.79832278901879583 ) ) ;
#630 = UNCERTAINTY_MEASURE_WITH_UNIT (LENGTH_MEASURE( 1.000000000000000082E-05 ), #796, 'distance_accuracy_value', 'NONE');
#631 = CARTESIAN_POINT ( 'NONE',  ( -15.16644590854126307, 10.58424166675182754, -17.02597854171212433 ) ) ;
#632 = DIRECTION ( 'NONE',  ( 0.9849889293353847330, -0.1726175225367707067, 0.000000000000000000 ) ) ;
#633 = CARTESIAN_POINT ( 'NONE',  ( 12.34488989768322398, 33.98697834992732680, -69.54704825427427295 ) ) ;
#634 = ORIENTED_EDGE ( 'NONE', *, *, #1121, .F. ) ;
#635 = EDGE_CURVE ( 'NONE', #1474, #690, #1304, .T. ) ;
#636 = CARTESIAN_POINT ( 'NONE',  ( -16.03141663197053290, 55.18437279710886401, -11.37017764516298080 ) ) ;
#637 = CARTESIAN_POINT ( 'NONE',  ( -16.06486909416626574, 30.96535020286907525, -68.55722096634106322 ) ) ;
#638 = DIRECTION ( 'NONE',  ( 1.000000000000000000, 0.000000000000000000, 0.000000000000000000 ) ) ;
#639 = CARTESIAN_POINT ( 'NONE',  ( -15.94168920043945370, 20.58642850049778517, -16.61475423204656821 ) ) ;
#640 = ORIENTED_EDGE ( 'NONE', *, *, #609, .T. ) ;
#641 = CARTESIAN_POINT ( 'NONE',  ( 16.10000000000000142, 65.04913748882933078, -12.62582156418920931 ) ) ;
#642 = CARTESIAN_POINT ( 'NONE',  ( 14.98222147523804537, 46.88143165148152747, -17.02908120024397576 ) ) ;
#643 = VERTEX_POINT ( 'NONE', #1749 ) ;
#644 =( BOUNDED_CURVE ( )  B_SPLINE_CURVE ( 3, ( #397, #944, #1758, #1781 ),
 .UNSPECIFIED., .F., .F. ) 
 B_SPLINE_CURVE_WITH_KNOTS ( ( 4, 4 ),
 ( 0.8480620789814801164, 1.570796326794891673 ),
 .UNSPECIFIED. ) 
 CURVE ( )  GEOMETRIC_REPRESENTATION_ITEM ( )  RATIONAL_B_SPLINE_CURVE ( ( 1.000000000000000000, 0.9569428977956573323, 0.9569428977956573323, 1.000000000000000000 ) ) 
 REPRESENTATION_ITEM ( '' )  );
#645 = DIRECTION ( 'NONE',  ( -0.000000000000000000, -0.000000000000000000, 1.000000000000000000 ) ) ;
#646 = CARTESIAN_POINT ( 'NONE',  ( -16.04717294991830911, 24.16659949635118920, -63.41071158612718506 ) ) ;
#647 = EDGE_LOOP ( 'NONE', ( #71, #693, #1710 ) ) ;
#648 = LINE ( 'NONE', #510, #829 ) ;
#649 = CARTESIAN_POINT ( 'NONE',  ( 16.09999999999999787, 31.69300944818595411, -16.38060157562737018 ) ) ;
#650 = CARTESIAN_POINT ( 'NONE',  ( -10.01942473824083812, 29.15480929021058287, -67.66478621750570710 ) ) ;
#651 = B_SPLINE_CURVE_WITH_KNOTS ( 'NONE', 3,
 ( #1375, #1525, #1506, #1394, #145, #1253, #548, #12 ),
 .UNSPECIFIED., .F., .F.,
 ( 4, 2, 2, 4 ),
 ( -7.245277673501886368E-05, 0.01067962102264851006, 0.01605565792234027456, 0.02143169482203204079 ),
 .UNSPECIFIED. ) ;
#652 = CARTESIAN_POINT ( 'NONE',  ( -2.017757258616442471E-20, 73.49195297935591498, -12.69999999999999929 ) ) ;
#653 = CARTESIAN_POINT ( 'NONE',  ( -13.12553509801323592, 55.68335542020409434, -54.54437294173076367 ) ) ;
#654 = B_SPLINE_CURVE_WITH_KNOTS ( 'NONE', 3,
 ( #362, #1313, #70, #763, #239, #782, #1738, #1616, #1064, #637, #1183, #1191, #481, #507, #499, #1073, #369, #922, #646, #1489, #378, #1040, #345, #1350, #1473, #1341 ),
 .UNSPECIFIED., .F., .F.,
 ( 4, 2, 2, 2, 2, 2, 2, 2, 2, 2, 2, 2, 4 ),
 ( 0.02796984346782835709, 0.02932100457664450072, 0.03067216568546064087, 0.03337448790309294200, 0.03472564901190908215, 0.03607681012072522925, 0.03877913233835753731, 0.04148145455598984538, 0.04283261566480601329, 0.04418377677362218120, 0.04688609899125451008, 0.04823726010007067799, 0.04958842120888684590 ),
 .UNSPECIFIED. ) ;
#655 = CARTESIAN_POINT ( 'NONE',  ( -16.10000000000000142, 11.86847114972164619, -12.99409758431138506 ) ) ;
#656 = EDGE_CURVE ( 'NONE', #165, #1567, #1630, .T. ) ;
#657 = CARTESIAN_POINT ( 'NONE',  ( -15.30762556593176704, 13.38566708063165223, -17.72470342784167130 ) ) ;
#658 = B_SPLINE_CURVE_WITH_KNOTS ( 'NONE', 3,
 ( #1127, #1406, #992, #1547, #1682, #435, #298, #855 ),
 .UNSPECIFIED., .F., .F.,
 ( 4, 2, 2, 4 ),
 ( -7.020987011515424916E-05, 0.01078200370330624665, 0.01620811049001694495, 0.02163421727672764500 ),
 .UNSPECIFIED. ) ;
#659 = PLANE ( 'NONE',  #1528 ) ;
#660 = CARTESIAN_POINT ( 'NONE',  ( 16.10000000000000142, 0.000000000000000000, 0.000000000000000000 ) ) ;
#661 = DIRECTION ( 'NONE',  ( -0.9849889293353847330, -0.1726175225367707067, -3.469446951953614189E-15 ) ) ;
#662 = CIRCLE ( 'NONE', #1213, 10.00000000000000000 ) ;
#663 = CARTESIAN_POINT ( 'NONE',  ( 16.10000000000788845, 26.07838915390327372, -16.27976108163791835 ) ) ;
#664 = CARTESIAN_POINT ( 'NONE',  ( 16.09999999999999076, 27.90000000000000213, -16.10000000000000142 ) ) ;
#665 = CARTESIAN_POINT ( 'NONE',  ( 14.13111490515429836, 52.65953952720824560, -16.94377902860007978 ) ) ;
#666 = EDGE_CURVE ( 'NONE', #167, #1553, #1140, .T. ) ;
#667 = CARTESIAN_POINT ( 'NONE',  ( -16.10000000000000142, 51.11664651668220216, -11.16267750610507292 ) ) ;
#668 = CARTESIAN_POINT ( 'NONE',  ( 25.40000000000000924, -4.635142468514471759, 12.69999999999999929 ) ) ;
#669 = CARTESIAN_POINT ( 'NONE',  ( 16.10000000000000142, 27.90000000000001634, -16.09999999999999787 ) ) ;
#670 = FACE_OUTER_BOUND ( 'NONE', #575, .T. ) ;
#671 = CARTESIAN_POINT ( 'NONE',  ( 14.58448996925504204, 6.229198738625627563, -17.06761432209005847 ) ) ;
#672 = CARTESIAN_POINT ( 'NONE',  ( 14.64551414701451826, 47.39065640783300637, -67.33266597820984600 ) ) ;
#673 = CARTESIAN_POINT ( 'NONE',  ( -16.09999999999999076, 27.90000000000000213, -16.10000000000000142 ) ) ;
#674 = STYLED_ITEM ( 'NONE', ( #1613 ), #687 ) ;
#675 = CARTESIAN_POINT ( 'NONE',  ( 14.43428802036659597, 7.037857191613623442, -17.49245139025179085 ) ) ;
#676 = AXIS2_PLACEMENT_3D ( 'NONE', #223, #1602, #354 ) ;
#677 = CARTESIAN_POINT ( 'NONE',  ( 15.94724180453707696, 4.756938897092352292, -13.03371458449146658 ) ) ;
#678 = CARTESIAN_POINT ( 'NONE',  ( -15.44522078163064549, 41.12942585920558969, -17.61010031901537332 ) ) ;
#679 = CARTESIAN_POINT ( 'NONE',  ( -7.499999999999994671, 63.86125996969202134, -17.70837947394067413 ) ) ;
#680 = VERTEX_POINT ( 'NONE', #660 ) ;
#681 = CARTESIAN_POINT ( 'NONE',  ( 13.12553509801322171, 55.68335542020408013, -54.54437294173076367 ) ) ;
#682 = DIRECTION ( 'NONE',  ( 0.000000000000000000, -1.000000000000000000, 0.000000000000000000 ) ) ;
#683 = EDGE_CURVE ( 'NONE', #1237, #32, #236, .T. ) ;
#684 = CARTESIAN_POINT ( 'NONE',  ( 16.10000000000933795, 26.07273704233556799, -16.23364089852934811 ) ) ;
#685 = CARTESIAN_POINT ( 'NONE',  ( 14.13002214132922774, 50.55346057011313121, -18.09999999999999787 ) ) ;
#686 = CARTESIAN_POINT ( 'NONE',  ( -0.4421141351916618722, 24.30011448093589621, -63.56455616363658123 ) ) ;
#687 = MANIFOLD_SOLID_BREP ( 'Fillet5', #1144 ) ;
#688 = CARTESIAN_POINT ( 'NONE',  ( 7.500000000000000000, 73.07211421989835287, -14.24640305480650504 ) ) ;
#689 = B_SPLINE_CURVE_WITH_KNOTS ( 'NONE', 3,
 ( #1046, #1599, #75, #633, #1188, #1742, #1071, #1339, #228, #1374, #1107, #696, #558, #843, #707, #1757, #1348, #927, #1614, #504, #540, #422, #1622, #412, #376, #1533, #547, #686, #933, #1793, #1658, #264, #1785, #1117, #1487, #787, #91, #979, #284, #1393, #1099, #1062, #650, #117, #1205, #1252, #821, #1243, #237, #797, #512, #968, #144, #1262 ),
 .UNSPECIFIED., .F., .F.,
 ( 4, 2, 2, 2, 2, 2, 2, 2, 2, 2, 2, 2, 2, 2, 2, 2, 2, 2, 2, 2, 2, 2, 2, 2, 2, 2, 4 ),
 ( 0.000000000000000000, 0.002623914136972942297, 0.003935871205459419951, 0.005247828273945896738, 0.006559785342432356177, 0.007871742410918815616, 0.01049565654789172582, 0.01311957068486463776, 0.01574348482183754797, 0.01705544189032400307, 0.01836739895881045817, 0.01967935602729691327, 0.02033533456154013735, 0.02099131309578336144, 0.02230327016426982001, 0.02361522723275627164, 0.02623914136972917838, 0.02755109843821563001, 0.02886305550670208164, 0.03017501257518853675, 0.03148696964367499185, 0.03411088378064790205, 0.03542284084913435022, 0.03673479791762079838, 0.03935871205459372246, 0.04067066912308017756, 0.04198262619156663267 ),
 .UNSPECIFIED. ) ;
#690 = VERTEX_POINT ( 'NONE', #1356 ) ;
#691 = CARTESIAN_POINT ( 'NONE',  ( -14.71809498963330931, 48.63221267980454599, -17.09133377409763455 ) ) ;
#692 = CARTESIAN_POINT ( 'NONE',  ( -15.88537667035990353, 19.42604516499788048, -16.69915737784769405 ) ) ;
#693 = ORIENTED_EDGE ( 'NONE', *, *, #656, .T. ) ;
#694 = CARTESIAN_POINT ( 'NONE',  ( 15.30076674251369262, 13.32762058763362134, -17.34009038720898843 ) ) ;
#695 = FACE_BOUND ( 'NONE', #190, .T. ) ;
#696 = CARTESIAN_POINT ( 'NONE',  ( 10.01482038681375819, 29.14789954819801920, -67.66128616425240239 ) ) ;
#697 = DIRECTION ( 'NONE',  ( -0.000000000000000000, -1.000000000000000000, -0.000000000000000000 ) ) ;
#698 = ORIENTED_EDGE ( 'NONE', *, *, #683, .F. ) ;
#699 = DIRECTION ( 'NONE',  ( 0.000000000000000000, -0.2275834244471662549, -0.9737585865690228104 ) ) ;
#700 = EDGE_CURVE ( 'NONE', #167, #135, #918, .T. ) ;
#701 = CARTESIAN_POINT ( 'NONE',  ( -14.62466946463216999, 6.480983219089189618, -17.08240976977201342 ) ) ;
#702 = ORIENTED_EDGE ( 'NONE', *, *, #790, .T. ) ;
#703 = CARTESIAN_POINT ( 'NONE',  ( 16.10000000000000142, 27.90000000000000924, -16.09999999999999787 ) ) ;
#704 = CARTESIAN_POINT ( 'NONE',  ( 15.77727935318620744, 37.10877306792567509, -69.98333824427027139 ) ) ;
#705 = EDGE_CURVE ( 'NONE', #1123, #1536, #257, .T. ) ;
#706 = VERTEX_POINT ( 'NONE', #349 ) ;
#707 = CARTESIAN_POINT ( 'NONE',  ( 7.758078264418268866, 26.91391585623608051, -66.13830716000634879 ) ) ;
#708 = CARTESIAN_POINT ( 'NONE',  ( -7.500000000000000000, 73.50000000000001421, -16.44640305480650611 ) ) ;
#709 = B_SPLINE_CURVE_WITH_KNOTS ( 'NONE', 3,
 ( #142, #1667, #704, #174, #306, #30, #863, #586, #1143, #1700, #736, #202, #194, #1197 ),
 .UNSPECIFIED., .F., .F.,
 ( 4, 2, 2, 2, 2, 2, 4 ),
 ( 0.02796984346782835709, 0.02930660888489278887, 0.03064337430195721718, 0.03331690513608605991, 0.03465367055315048822, 0.03599043597021490959, 0.03866396680434377314 ),
 .UNSPECIFIED. ) ;
#710 = ORIENTED_EDGE ( 'NONE', *, *, #1353, .F. ) ;
#711 = ADVANCED_FACE ( 'NONE', ( #1469 ), #1075, .T. ) ;
#712 = DIRECTION ( 'NONE',  ( -1.000000000000000000, -0.000000000000000000, 0.000000000000000000 ) ) ;
#713 = DIRECTION ( 'NONE',  ( -0.000000000000000000, -0.000000000000000000, 1.000000000000000000 ) ) ;
#714 = ORIENTED_EDGE ( 'NONE', *, *, #352, .T. ) ;
#715 = CARTESIAN_POINT ( 'NONE',  ( 15.39384490499043423, 42.87622973544517180, -17.02918454603947396 ) ) ;
#716 = DIRECTION ( 'NONE',  ( -0.000000000000000000, -0.000000000000000000, 1.000000000000000000 ) ) ;
#717 = CARTESIAN_POINT ( 'NONE',  ( -15.92806688746314769, 35.52403700316550328, -16.63431245461591246 ) ) ;
#718 = ORIENTED_EDGE ( 'NONE', *, *, #344, .T. ) ;
#719 = CARTESIAN_POINT ( 'NONE',  ( -15.68434640046790030, 16.35930641066349267, -44.82347475330416131 ) ) ;
#720 = CYLINDRICAL_SURFACE ( 'NONE', #934, 10.00000000000000000 ) ;
#721 = ORIENTED_EDGE ( 'NONE', *, *, #853, .F. ) ;
#722 = CARTESIAN_POINT ( 'NONE',  ( -14.34950713262256272, 6.536669562214218132, -17.91006511752948072 ) ) ;
#723 =( BOUNDED_CURVE ( )  B_SPLINE_CURVE ( 3, ( #172, #431, #1699, #454 ),
 .UNSPECIFIED., .F., .F. ) 
 B_SPLINE_CURVE_WITH_KNOTS ( ( 4, 4 ),
 ( 0.4845819827262156099, 1.570796326794896558 ),
 .UNSPECIFIED. ) 
 CURVE ( )  GEOMETRIC_REPRESENTATION_ITEM ( )  RATIONAL_B_SPLINE_CURVE ( ( 1.000000000000000000, 0.9040713563870653724, 0.9040713563870653724, 1.000000000000000000 ) ) 
 REPRESENTATION_ITEM ( '' )  );
#724 = DIRECTION ( 'NONE',  ( 1.000000000000000000, 0.000000000000000000, 0.000000000000000000 ) ) ;
#725 = ORIENTED_EDGE ( 'NONE', *, *, #597, .F. ) ;
#726 = CARTESIAN_POINT ( 'NONE',  ( -12.67375268074893135, 37.83308340217861598, -70.00000000000002842 ) ) ;
#727 = CARTESIAN_POINT ( 'NONE',  ( 16.09999999999820730, 8.136739019434042319, -14.84868407413972946 ) ) ;
#728 = CARTESIAN_POINT ( 'NONE',  ( 13.09999999999998721, 55.79999999999999716, -18.09999999999999787 ) ) ;
#729 = ORIENTED_EDGE ( 'NONE', *, *, #1347, .F. ) ;
#730 = CARTESIAN_POINT ( 'NONE',  ( -16.10000000000000142, 38.00000000000000711, -70.00000000000000000 ) ) ;
#731 = CARTESIAN_POINT ( 'NONE',  ( -13.09999999999999076, 63.88486406539492179, -17.60738490052338889 ) ) ;
#732 = CARTESIAN_POINT ( 'NONE',  ( 14.43333333333332291, 50.60661530613310077, -17.03373956498170116 ) ) ;
#733 = ORIENTED_EDGE ( 'NONE', *, *, #330, .F. ) ;
#734 = CARTESIAN_POINT ( 'NONE',  ( 16.10000000000000142, 31.45834787941472044, -15.45042079628087883 ) ) ;
#735 = ADVANCED_FACE ( 'NONE', ( #1187 ), #1327, .T. ) ;
#736 = CARTESIAN_POINT ( 'NONE',  ( 16.07235982067236790, 30.62373915391151868, -68.40600068374607190 ) ) ;
#737 = FACE_OUTER_BOUND ( 'NONE', #355, .T. ) ;
#738 = ORIENTED_EDGE ( 'NONE', *, *, #477, .T. ) ;
#739 = VECTOR ( 'NONE', #343, 999.9999999999998863 ) ;
#740 = CARTESIAN_POINT ( 'NONE',  ( -16.09999999999999076, 27.90000000000000213, -16.10000000000000142 ) ) ;
#741 = CARTESIAN_POINT ( 'NONE',  ( -5.070439258005044358, 48.65036664732902238, -66.46332400522273076 ) ) ;
#742 = CARTESIAN_POINT ( 'NONE',  ( -13.88967875016188991, 1.846002620891735724, -16.80154718266467029 ) ) ;
#743 = ORIENTED_EDGE ( 'NONE', *, *, #806, .F. ) ;
#744 = CARTESIAN_POINT ( 'NONE',  ( 16.10000000001247500, 42.51692267622379262, -15.26965818239331618 ) ) ;
#745 = DIRECTION ( 'NONE',  ( 0.000000000000000000, 0.000000000000000000, -1.000000000000000000 ) ) ;
#746 = EDGE_CURVE ( 'NONE', #1787, #1495, #484, .T. ) ;
#747 = CARTESIAN_POINT ( 'NONE',  ( -16.06514650680911771, 31.71982609600216918, -16.37914317036986489 ) ) ;
#748 = CARTESIAN_POINT ( 'NONE',  ( -3.236416423405660936, 49.30743635648244094, -65.94857699110119142 ) ) ;
#749 = VECTOR ( 'NONE', #844, 1000.000000000000000 ) ;
#750 = CARTESIAN_POINT ( 'NONE',  ( 14.63599569753712437, 49.70306126388677370, -16.96565127688519681 ) ) ;
#751 = ORIENTED_EDGE ( 'NONE', *, *, #25, .F. ) ;
#752 = CARTESIAN_POINT ( 'NONE',  ( 13.59999999999998899, 55.85007866322386150, -16.77712434446770118 ) ) ;
#753 = FACE_OUTER_BOUND ( 'NONE', #845, .T. ) ;
#754 = DIRECTION ( 'NONE',  ( 1.000000000000000000, 0.000000000000000000, 0.000000000000000000 ) ) ;
#755 = CARTESIAN_POINT ( 'NONE',  ( -16.10000000000000497, 13.86484989653648903, -13.42013078977852203 ) ) ;
#756 = CARTESIAN_POINT ( 'NONE',  ( 15.71076884637884241, 38.00000000000000711, -70.00000000000001421 ) ) ;
#757 = CARTESIAN_POINT ( 'NONE',  ( -14.84000216063570043, 9.735865953307738963, -17.47154925391001967 ) ) ;
#758 = CYLINDRICAL_SURFACE ( 'NONE', #1343, 17.79999999999999716 ) ;
#759 = VECTOR ( 'NONE', #1568, 1000.000000000000000 ) ;
#760 = EDGE_CURVE ( 'NONE', #130, #1787, #543, .T. ) ;
#761 = ORIENTED_EDGE ( 'NONE', *, *, #193, .F. ) ;
#762 = LINE ( 'NONE', #1312, #301 ) ;
#763 = CARTESIAN_POINT ( 'NONE',  ( -15.83840533262018191, 36.19444757819855596, -69.91400002654100376 ) ) ;
#764 = CARTESIAN_POINT ( 'NONE',  ( 13.57097657477297759, 55.85059676373022342, -16.81078032705551806 ) ) ;
#765 = EDGE_CURVE ( 'NONE', #1536, #816, #878, .T. ) ;
#766 = DIRECTION ( 'NONE',  ( 0.000000000000000000, 1.000000000000000000, 0.000000000000000000 ) ) ;
#767 = CARTESIAN_POINT ( 'NONE',  ( 8.315939356123687176, 46.60634896622391210, -67.78386983464748994 ) ) ;
#768 = EDGE_CURVE ( 'NONE', #1400, #1698, #618, .T. ) ;
#769 = AXIS2_PLACEMENT_3D ( 'NONE', #1479, #1726, #745 ) ;
#770 = CARTESIAN_POINT ( 'NONE',  ( -16.10000000000000497, 56.01897223577869056, -13.97885486553797207 ) ) ;
#771 = DIRECTION ( 'NONE',  ( 1.000000000000000000, 0.000000000000000000, 0.000000000000000000 ) ) ;
#772 = ORIENTED_EDGE ( 'NONE', *, *, #746, .T. ) ;
#773 = AXIS2_PLACEMENT_3D ( 'NONE', #892, #988, #1545 ) ;
#774 = CARTESIAN_POINT ( 'NONE',  ( -16.10000000000000142, 55.03687528067545287, -10.16274606681110981 ) ) ;
#775 = CARTESIAN_POINT ( 'NONE',  ( -14.05599070584441179, 50.97566854151014581, -64.39865725718178169 ) ) ;
#776 = ORIENTED_EDGE ( 'NONE', *, *, #1297, .T. ) ;
#777 = CARTESIAN_POINT ( 'NONE',  ( 12.66056870760551512, 38.00000000000000711, -70.00000000000001421 ) ) ;
#778 = DIRECTION ( 'NONE',  ( -0.1726175225367713173, -0.9849889293353846220, -2.994436687094925551E-16 ) ) ;
#779 = CARTESIAN_POINT ( 'NONE',  ( 14.75610192148374367, 48.76262707282516118, -16.99731728686421306 ) ) ;
#780 = ORIENTED_EDGE ( 'NONE', *, *, #193, .T. ) ;
#781 = CARTESIAN_POINT ( 'NONE',  ( -15.52100484250419221, 15.45768472602009247, -17.53558527685389379 ) ) ;
#782 = CARTESIAN_POINT ( 'NONE',  ( -15.94216527491159852, 34.39666279448212549, -69.65500122129390093 ) ) ;
#783 =( BOUNDED_SURFACE ( )  B_SPLINE_SURFACE ( 3, 2, ( 
 ( #1635, #250, #794 ),
 ( #665, #1779, #373 ),
 ( #1337, #234, #191 ),
 ( #1221, #521, #1067 ) ),
 .UNSPECIFIED., .F., .F., .T. ) 
 B_SPLINE_SURFACE_WITH_KNOTS ( ( 4, 4 ),
 ( 3, 3 ),
 ( -8.673617379884035472E-18, 0.006117541468851421874 ),
 ( 0.000000000000000000, 1.000000000000000000 ),
 .UNSPECIFIED. ) 
 GEOMETRIC_REPRESENTATION_ITEM ( )  RATIONAL_B_SPLINE_SURFACE ( (
 ( 1.000000000000000000, 0.9574271077563383248, 1.000000000000000000),
 ( 1.000000000000000000, 0.9495354297238471908, 1.000000000000000000),
 ( 1.000000000000000000, 0.9405302908189789868, 1.000000000000000000),
 ( 1.000000000000000000, 0.9303799330449266103, 1.000000000000000000) ) ) 
 REPRESENTATION_ITEM ( '' )  SURFACE ( )  );
#784 = DIRECTION ( 'NONE',  ( 0.000000000000000000, 0.000000000000000000, -1.000000000000000000 ) ) ;
#785 = CARTESIAN_POINT ( 'NONE',  ( 9.676734410263364339, 45.26148846878258070, -68.46519193125730851 ) ) ;
#786 = CARTESIAN_POINT ( 'NONE',  ( -14.58448996925399577, 6.229198738626124943, -17.06761432209141915 ) ) ;
#787 = CARTESIAN_POINT ( 'NONE',  ( -6.443219887915386579, 26.04848883844610086, -65.39357924174430536 ) ) ;
#788 = CARTESIAN_POINT ( 'NONE',  ( 16.10000000000001208, 27.15025868580570645, -66.34044338253967510 ) ) ;
#789 = CARTESIAN_POINT ( 'NONE',  ( -14.42071466288516035, 48.85020957116176277, -66.35913068567576545 ) ) ;
#790 = EDGE_CURVE ( 'NONE', #185, #1481, #856, .T. ) ;
#791 = VECTOR ( 'NONE', #1550, 1000.000000000000000 ) ;
#792 = CARTESIAN_POINT ( 'NONE',  ( -16.10000000000000142, 23.88379212390356798, -15.36683817135766184 ) ) ;
#793 = CARTESIAN_POINT ( 'NONE',  ( 10.59871527467347008, 44.00804788500359166, -68.95913667497543997 ) ) ;
#794 = CARTESIAN_POINT ( 'NONE',  ( 16.10000000000000142, 49.14621376086527249, -11.70243738989027449 ) ) ;
#795 = ORIENTED_EDGE ( 'NONE', *, *, #765, .T. ) ;
#796 =( LENGTH_UNIT ( ) NAMED_UNIT ( * ) SI_UNIT ( .MILLI., .METRE. ) );
#797 = CARTESIAN_POINT ( 'NONE',  ( -12.51907156068214810, 34.82063999141066546, -69.71908194049855467 ) ) ;
#798 = CARTESIAN_POINT ( 'NONE',  ( 15.96719826298363998, 21.99445227259408853, -60.00224867717786026 ) ) ;
#799 = CARTESIAN_POINT ( 'NONE',  ( 0.000000000000000000, 37.00000000000000000, -26.09999999999999787 ) ) ;
#800 = EDGE_CURVE ( 'NONE', #1315, #418, #1509, .T. ) ;
#801 = CARTESIAN_POINT ( 'NONE',  ( 14.84497517738119576, 9.770920224550563304, -17.96893379788135547 ) ) ;
#802 = CARTESIAN_POINT ( 'NONE',  ( -10.21259276566452634, 73.50000000000001421, -12.44640305480650433 ) ) ;
#803 = CARTESIAN_POINT ( 'NONE',  ( 16.10000000000000142, 0.000000000000000000, 0.000000000000000000 ) ) ;
#804 = CARTESIAN_POINT ( 'NONE',  ( 14.95879076212443159, 46.83923431994288222, -17.10970007378641711 ) ) ;
#805 = CARTESIAN_POINT ( 'NONE',  ( 16.07731599682843537, 25.43723900593846565, -64.81858835143431463 ) ) ;
#806 = EDGE_CURVE ( 'NONE', #1698, #167, #302, .T. ) ;
#807 = CARTESIAN_POINT ( 'NONE',  ( 14.43854433698201944, 7.063540257672348055, -18.08133561002665246 ) ) ;
#808 = CARTESIAN_POINT ( 'NONE',  ( -7.500000000000000000, 73.07211421989835287, -14.24640305480650504 ) ) ;
#809 = CARTESIAN_POINT ( 'NONE',  ( 16.08283808099349343, 55.11070515978093454, -10.76752648859317851 ) ) ;
#810 = CARTESIAN_POINT ( 'NONE',  ( -16.10000000000001208, 27.90000000000000924, -16.09999999999999787 ) ) ;
#811 = CARTESIAN_POINT ( 'NONE',  ( 16.02295650212312239, 23.36932407543354628, -62.37904683569730935 ) ) ;
#812 = CARTESIAN_POINT ( 'NONE',  ( 15.16644590923159441, 10.58424166656748788, -17.02597854028215707 ) ) ;
#813 = CIRCLE ( 'NONE', #1770, 4.000000000000000000 ) ;
#814 = CARTESIAN_POINT ( 'NONE',  ( 14.58448996925504204, 6.229198738625627563, -17.06761432209005847 ) ) ;
#815 = CARTESIAN_POINT ( 'NONE',  ( -16.10000000000000142, 55.80000000000000426, -52.20000000000000995 ) ) ;
#816 = VERTEX_POINT ( 'NONE', #877 ) ;
#817 = CARTESIAN_POINT ( 'NONE',  ( -16.10000000000312070, 42.51714398032975595, -15.26964309821532595 ) ) ;
#818 = CARTESIAN_POINT ( 'NONE',  ( -0.4205340970197832262, 73.49195297935592919, -12.69999999999999929 ) ) ;
#819 = CARTESIAN_POINT ( 'NONE',  ( 16.10000000000000142, 23.85969476045625015, -15.36254478503620113 ) ) ;
#820 = CARTESIAN_POINT ( 'NONE',  ( 14.83995326115309155, 8.025627350224221246, -17.11391996965265960 ) ) ;
#821 = CARTESIAN_POINT ( 'NONE',  ( -11.49711983023245843, 31.58867174361184382, -68.81032050574552272 ) ) ;
#822 = CARTESIAN_POINT ( 'NONE',  ( -13.09999999999998721, 63.76973180076629433, -18.09999999999998366 ) ) ;
#823 = ORIENTED_EDGE ( 'NONE', *, *, #879, .F. ) ;
#824 = DIRECTION ( 'NONE',  ( 0.000000000000000000, -0.2641965801222889709, 0.9644688522973081657 ) ) ;
#825 = CYLINDRICAL_SURFACE ( 'NONE', #410, 131.2349999999999852 ) ;
#826 = ORIENTED_EDGE ( 'NONE', *, *, #1431, .T. ) ;
#827 = APPLICATION_PROTOCOL_DEFINITION ( 'draft international standard', 'automotive_design', 1998, #1124 ) ;
#828 = CARTESIAN_POINT ( 'NONE',  ( 15.79845275943531746, 18.82425656821686388, -17.19025599346964484 ) ) ;
#829 = VECTOR ( 'NONE', #1272, 1000.000000000000000 ) ;
#830 = CARTESIAN_POINT ( 'NONE',  ( 15.47942160555950863, 5.516634786581311012, -15.11523373132405901 ) ) ;
#831 = CARTESIAN_POINT ( 'NONE',  ( -15.77258757076647022, 37.35596554275282699, -17.23242734664975373 ) ) ;
#832 = EDGE_CURVE ( 'NONE', #1302, #1025, #109, .T. ) ;
#833 = CARTESIAN_POINT ( 'NONE',  ( -16.10000000000000142, 0.000000000000000000, 0.000000000000000000 ) ) ;
#834 = ORIENTED_EDGE ( 'NONE', *, *, #344, .F. ) ;
#835 = CARTESIAN_POINT ( 'NONE',  ( 14.86568773736949645, 45.86423685234235847, -68.17906179957773816 ) ) ;
#836 = CARTESIAN_POINT ( 'NONE',  ( -16.10000000000000853, 25.78391526957356206, -16.25654504362807273 ) ) ;
#837 = ADVANCED_FACE ( 'NONE', ( #1300 ), #1023, .F. ) ;
#838 = ORIENTED_EDGE ( 'NONE', *, *, #416, .F. ) ;
#839 = CARTESIAN_POINT ( 'NONE',  ( 12.69667797922122077, 37.33494555503673951, -69.98835296512656612 ) ) ;
#840 = EDGE_CURVE ( 'NONE', #321, #185, #1419, .T. ) ;
#841 = TOROIDAL_SURFACE ( 'NONE', #1078, 133.2349999999999852, 2.000000000000000000 ) ;
#842 = ORIENTED_EDGE ( 'NONE', *, *, #1110, .F. ) ;
#843 = CARTESIAN_POINT ( 'NONE',  ( 8.376982623249196180, 27.42167315010680895, -66.53159752873740729 ) ) ;
#844 = DIRECTION ( 'NONE',  ( 1.000000000000000000, -0.000000000000000000, -0.000000000000000000 ) ) ;
#845 = EDGE_LOOP ( 'NONE', ( #1660, #181, #893, #1449, #826, #890, #866, #1286, #1735, #1150 ) ) ;
#846 = CARTESIAN_POINT ( 'NONE',  ( -15.96855810460636604, 35.35289587376078657, -16.65379649573851140 ) ) ;
#847 = CARTESIAN_POINT ( 'NONE',  ( -16.10000000000000497, 27.89999999999999503, -16.09999999999999787 ) ) ;
#848 = ORIENTED_EDGE ( 'NONE', *, *, #768, .F. ) ;
#849 = CARTESIAN_POINT ( 'NONE',  ( 16.10000000000627551, 31.54346367402853346, -15.91304553087841178 ) ) ;
#850 = CARTESIAN_POINT ( 'NONE',  ( 16.10000000000000142, 2.718942825436169386, -14.19824256880899149 ) ) ;
#851 = CARTESIAN_POINT ( 'NONE',  ( -16.10000000000000142, 21.27886063039619557, -58.30274513496064515 ) ) ;
#852 = VECTOR ( 'NONE', #1766, 1000.000000000000000 ) ;
#853 = EDGE_CURVE ( 'NONE', #283, #424, #945, .T. ) ;
#854 = ORIENTED_EDGE ( 'NONE', *, *, #1648, .F. ) ;
#855 = CARTESIAN_POINT ( 'NONE',  ( 16.10000000000000142, 49.14621376086527249, -11.70243738989028159 ) ) ;
#856 = B_SPLINE_CURVE_WITH_KNOTS ( 'NONE', 3,
 ( #1265, #1158, #1712, #1013 ),
 .UNSPECIFIED., .F., .F.,
 ( 4, 4 ),
 ( 0.000000000000000000, 0.002533404334717881835 ),
 .UNSPECIFIED. ) ;
#857 = CARTESIAN_POINT ( 'NONE',  ( -15.59819737682463803, 15.23989517990303888, -16.93015981422411897 ) ) ;
#858 = ORIENTED_EDGE ( 'NONE', *, *, #705, .T. ) ;
#859 = CARTESIAN_POINT ( 'NONE',  ( -11.02584770775463419, 43.35232634673034369, -69.19224504465034897 ) ) ;
#860 = CARTESIAN_POINT ( 'NONE',  ( -16.10000000000358256, 13.37891456313648320, -15.27586473519443366 ) ) ;
#861 = ORIENTED_EDGE ( 'NONE', *, *, #635, .T. ) ;
#862 = CARTESIAN_POINT ( 'NONE',  ( 16.10000000000000142, 40.34029031526287667, -13.74868392508340698 ) ) ;
#863 = CARTESIAN_POINT ( 'NONE',  ( 15.98039042244692531, 33.56605600493207220, -69.46191416023019372 ) ) ;
#864 = CARTESIAN_POINT ( 'NONE',  ( -16.10000000000000853, 27.90000000000000924, -16.09999999999999787 ) ) ;
#865 = EDGE_CURVE ( 'NONE', #1211, #816, #285, .T. ) ;
#866 = ORIENTED_EDGE ( 'NONE', *, *, #1518, .F. ) ;
#867 = CARTESIAN_POINT ( 'NONE',  ( -7.500000000000007994, 64.67038089523678934, -14.24640305480650149 ) ) ;
#868 = ORIENTED_EDGE ( 'NONE', *, *, #1672, .F. ) ;
#869 = CARTESIAN_POINT ( 'NONE',  ( -14.36008729795702799, 6.600995546868864139, -18.08631428584812184 ) ) ;
#870 = CARTESIAN_POINT ( 'NONE',  ( -115.1349999999999767, 27.90000000000000213, -76.09999999999999432 ) ) ;
#871 = ORIENTED_EDGE ( 'NONE', *, *, #545, .F. ) ;
#872 = CARTESIAN_POINT ( 'NONE',  ( -16.10000000000000142, 4.370385630465832172, -11.97458284916637083 ) ) ;
#873 = CARTESIAN_POINT ( 'NONE',  ( 16.10000000000000142, 13.78123068371285953, -13.40260804123694527 ) ) ;
#874 = DIRECTION ( 'NONE',  ( 1.000000000000000000, 0.000000000000000000, 0.000000000000000000 ) ) ;
#875 = ORIENTED_EDGE ( 'NONE', *, *, #246, .F. ) ;
#876 = FACE_OUTER_BOUND ( 'NONE', #256, .T. ) ;
#877 = CARTESIAN_POINT ( 'NONE',  ( -16.10000000000000142, 49.14621376086532223, -11.70243738989024251 ) ) ;
#878 = CIRCLE ( 'NONE', #958, 10.00000000000000000 ) ;
#879 = EDGE_CURVE ( 'NONE', #479, #82, #1762, .T. ) ;
#880 = CARTESIAN_POINT ( 'NONE',  ( 16.05902212878399737, 31.68603814328321988, -16.57098738496898349 ) ) ;
#881 = ORIENTED_EDGE ( 'NONE', *, *, #1332, .F. ) ;
#882 = CARTESIAN_POINT ( 'NONE',  ( 14.36008729795702799, 6.600995546868871244, -18.08631428584813605 ) ) ;
#883 = FACE_OUTER_BOUND ( 'NONE', #211, .T. ) ;
#884 = CARTESIAN_POINT ( 'NONE',  ( 0.000000000000000000, 37.00000000000000000, -86.09999999999999432 ) ) ;
#885 = EDGE_LOOP ( 'NONE', ( #1331, #1264, #1274 ) ) ;
#886 = VECTOR ( 'NONE', #1645, 1000.000000000000000 ) ;
#887 = CARTESIAN_POINT ( 'NONE',  ( -16.10000000000000142, 55.80000000000000426, -52.20000000000000995 ) ) ;
#888 = CARTESIAN_POINT ( 'NONE',  ( -8.877058051536277361, 46.09030945016743175, -68.05788683591171662 ) ) ;
#889 =( BOUNDED_SURFACE ( )  B_SPLINE_SURFACE ( 3, 2, ( 
 ( #1701, #1575, #864 ),
 ( #1709, #39, #164 ),
 ( #463, #184, #747 ),
 ( #1019, #153, #717 ),
 ( #336, #1585, #1145 ),
 ( #1281, #1296, #1134 ),
 ( #48, #325, #195 ),
 ( #1305, #1690, #1289 ),
 ( #606, #1164, #31 ),
 ( #617, #316, #1154 ),
 ( #59, #1270, #1010 ),
 ( #1718, #472, #1566 ) ),
 .UNSPECIFIED., .F., .F., .T. ) 
 B_SPLINE_SURFACE_WITH_KNOTS ( ( 4, 2, 2, 2, 2, 4 ),
 ( 3, 3 ),
 ( -7.300274233381466105E-05, 0.005734822735164471497, 0.01154264821266275803, 0.01735047369016104457, 0.02025438642891018784, 0.02315829916765933111 ),
 ( 0.000000000000000000, 0.4088333503576292993 ),
 .UNSPECIFIED. ) 
 GEOMETRIC_REPRESENTATION_ITEM ( )  RATIONAL_B_SPLINE_SURFACE ( (
 ( 1.000000000000000000, 1.000000000000000000, 1.000000000000000000),
 ( 1.000000000000000000, 0.9999949755823195341, 0.9999940594636669289),
 ( 1.000000000000000000, 0.9978578103436740454, 0.9974672178359424990),
 ( 1.000000000000000000, 0.9891099218352346067, 0.9871242979539842644),
 ( 1.000000000000000000, 0.9825153898796715746, 0.9793273632297248010),
 ( 1.000000000000000000, 0.9642082897333005276, 0.9576822691133297649),
 ( 1.000000000000000000, 0.9525242893720613502, 0.9438678864173817296),
 ( 1.000000000000000000, 0.9299362061158699122, 0.9171612434165703487),
 ( 1.000000000000000000, 0.9215524060464169720, 0.9072487974199103800),
 ( 1.000000000000000000, 0.9026548570429753227, 0.8849055959582761144),
 ( 1.000000000000000000, 0.8921553563308606272, 0.8724916866404790472),
 ( 1.000000000000000000, 0.8802554840554657201, 0.8584220713920444057) ) ) 
 REPRESENTATION_ITEM ( '' )  SURFACE ( )  );
#890 = ORIENTED_EDGE ( 'NONE', *, *, #1276, .F. ) ;
#891 = CARTESIAN_POINT ( 'NONE',  ( 13.59999999999998899, 0.000000000000000000, -16.77712434446770118 ) ) ;
#892 = CARTESIAN_POINT ( 'NONE',  ( 0.000000000000000000, 69.50000000000000000, -12.44640305480650433 ) ) ;
#893 = ORIENTED_EDGE ( 'NONE', *, *, #1580, .T. ) ;
#894 = CARTESIAN_POINT ( 'NONE',  ( 7.500000000000000000, 67.32913307892710009, -16.44640305480650611 ) ) ;
#895 = EDGE_CURVE ( 'NONE', #497, #1271, #813, .T. ) ;
#896 = CARTESIAN_POINT ( 'NONE',  ( -11.71691039399386902, 41.91570918258790357, -69.56815128052885200 ) ) ;
#897 = VECTOR ( 'NONE', #18, 1000.000000000000000 ) ;
#898 = LINE ( 'NONE', #1055, #1432 ) ;
#899 = VERTEX_POINT ( 'NONE', #1748 ) ;
#900 = CARTESIAN_POINT ( 'NONE',  ( -13.09999999999998721, 55.79999999999999716, -76.09999999999999432 ) ) ;
#901 = ADVANCED_FACE ( 'NONE', ( #931 ), #902, .F. ) ;
#902 =( BOUNDED_SURFACE ( )  B_SPLINE_SURFACE ( 3, 2, ( 
 ( #939, #502, #64 ),
 ( #1483, #218, #1731 ),
 ( #621, #199, #208 ),
 ( #485, #757, #1612 ),
 ( #88, #1044, #631 ),
 ( #657, #1618, #494 ),
 ( #1319, #1597, #924 ),
 ( #348, #908, #1328 ),
 ( #1203, #1457, #639 ),
 ( #73, #364, #1186 ),
 ( #357, #1475, #225 ),
 ( #394, #967, #1523 ) ),
 .UNSPECIFIED., .F., .F., .T. ) 
 B_SPLINE_SURFACE_WITH_KNOTS ( ( 4, 2, 2, 2, 2, 4 ),
 ( 3, 3 ),
 ( 0.005132557604325185645, 0.007919028573518237940, 0.01070549954271129110, 0.01627844148109739569, 0.02185138341948349855, 0.02742432535786960487 ),
 ( 0.000000000000000000, 0.4083577898154314711 ),
 .UNSPECIFIED. ) 
 GEOMETRIC_REPRESENTATION_ITEM ( )  RATIONAL_B_SPLINE_SURFACE ( (
 ( 1.000000000000000000, 0.8915308730236219947, 0.8716501719578102492),
 ( 1.000000000000000000, 0.9020798656090304180, 0.8841326305347134706),
 ( 1.000000000000000000, 0.9114617001968738919, 0.8952340092369890368),
 ( 1.000000000000000000, 0.9284133216839887126, 0.9152925988426867665),
 ( 1.000000000000000000, 0.9359827704185368358, 0.9242494096010602789),
 ( 1.000000000000000000, 0.9564546573738096358, 0.9484734744907927784),
 ( 1.000000000000000000, 0.9671494589020190880, 0.9611284665180630515),
 ( 1.000000000000000000, 0.9839356232508382760, 0.9809912732697767535),
 ( 1.000000000000000000, 0.9899976055075672132, 0.9881643224307181672),
 ( 1.000000000000000000, 0.9980320043919757023, 0.9976713014576699123),
 ( 1.000000000000000000, 0.9999943945589293559, 0.9999933671689118508),
 ( 1.000000000000000000, 1.000000000000000000, 1.000000000000000000) ) ) 
 REPRESENTATION_ITEM ( '' )  SURFACE ( )  );
#903 = DIRECTION ( 'NONE',  ( 0.000000000000000000, 1.000000000000000000, -0.000000000000000000 ) ) ;
#904 = CARTESIAN_POINT ( 'NONE',  ( -13.22943531287685914, 55.19885507763638799, -56.82424060093094198 ) ) ;
#905 = EDGE_CURVE ( 'NONE', #424, #1495, #104, .T. ) ;
#906 = ORIENTED_EDGE ( 'NONE', *, *, #1276, .T. ) ;
#907 = CARTESIAN_POINT ( 'NONE',  ( -13.57097657477297759, 55.85059676373022342, -16.81078032705551806 ) ) ;
#908 = CARTESIAN_POINT ( 'NONE',  ( -15.79542124700916972, 18.78313242480466627, -16.95733580664686002 ) ) ;
#909 = CARTESIAN_POINT ( 'NONE',  ( -13.78989429233319264, 54.69560486637667651, -16.85736859457527714 ) ) ;
#910 = CARTESIAN_POINT ( 'NONE',  ( -14.17532166766108759, 52.35924965377998319, -16.95693793524656101 ) ) ;
#911 = ORIENTED_EDGE ( 'NONE', *, *, #905, .F. ) ;
#912 = CARTESIAN_POINT ( 'NONE',  ( -16.09656358450822822, 55.07383776465714220, -10.46564640701518556 ) ) ;
#913 = CARTESIAN_POINT ( 'NONE',  ( -13.09999999999998721, 55.79999999999999716, -52.20000000000000995 ) ) ;
#914 = ORIENTED_EDGE ( 'NONE', *, *, #196, .F. ) ;
#915 = DIRECTION ( 'NONE',  ( 0.000000000000000000, 0.000000000000000000, 1.000000000000000000 ) ) ;
#916 = CARTESIAN_POINT ( 'NONE',  ( 7.407786437716343819, 47.32296030946849896, -67.36564135108122287 ) ) ;
#917 = AXIS2_PLACEMENT_3D ( 'NONE', #1326, #205, #1065 ) ;
#918 = LINE ( 'NONE', #1486, #1747 ) ;
#919 = CARTESIAN_POINT ( 'NONE',  ( -16.10000000000000142, 3.839579802315750356, -10.85625030269460645 ) ) ;
#920 = VERTEX_POINT ( 'NONE', #1642 ) ;
#921 = CARTESIAN_POINT ( 'NONE',  ( -14.96483102043106861, 55.60569054228133012, -14.80014415852755505 ) ) ;
#922 = CARTESIAN_POINT ( 'NONE',  ( -16.05513064442572357, 24.45521596330799241, -63.75785597226675350 ) ) ;
#923 = CYLINDRICAL_SURFACE ( 'NONE', #1031, 12.69999999999999929 ) ;
#924 = CARTESIAN_POINT ( 'NONE',  ( -15.59599351784747334, 15.10712773768243800, -16.91112855708800922 ) ) ;
#925 = CIRCLE ( 'NONE', #601, 131.2349999999999852 ) ;
#926 = ADVANCED_FACE ( 'NONE', ( #1251 ), #1802, .T. ) ;
#927 = CARTESIAN_POINT ( 'NONE',  ( 4.625133252649328952, 25.16513159092728102, -64.53524736050911770 ) ) ;
#928 = CYLINDRICAL_SURFACE ( 'NONE', #1112, 12.69999999999999929 ) ;
#929 = CARTESIAN_POINT ( 'NONE',  ( -13.19904590203026729, 55.34105513048119462, -56.25796658603883316 ) ) ;
#930 = CARTESIAN_POINT ( 'NONE',  ( -10.21259276566452634, 73.50000000000001421, -12.44640305480650433 ) ) ;
#931 = FACE_OUTER_BOUND ( 'NONE', #438, .T. ) ;
#932 = CARTESIAN_POINT ( 'NONE',  ( 15.23999696231686585, 55.53973406826226977, -14.26529140582735167 ) ) ;
#933 = CARTESIAN_POINT ( 'NONE',  ( -0.8791261557300705798, 24.32290875096224525, -63.59219626211157106 ) ) ;
#934 = AXIS2_PLACEMENT_3D ( 'NONE', #23, #580, #541 ) ;
#935 = EDGE_CURVE ( 'NONE', #482, #3, #1513, .T. ) ;
#936 = CARTESIAN_POINT ( 'NONE',  ( 16.07078281402497666, 25.11389730616089722, -64.48813052671405899 ) ) ;
#937 = CARTESIAN_POINT ( 'NONE',  ( -14.72008565576227213, 46.88813701263903511, -67.63300546585210782 ) ) ;
#938 = CARTESIAN_POINT ( 'NONE',  ( 15.06765783038053463, 9.678510549528974494, -17.03145073016903055 ) ) ;
#939 = CARTESIAN_POINT ( 'NONE',  ( -14.28707100501202021, 6.161721278499759258, -18.09363441103108272 ) ) ;
#940 = CARTESIAN_POINT ( 'NONE',  ( 0.000000000000000000, 37.00000000000000000, -26.09999999999999787 ) ) ;
#941 = ORIENTED_EDGE ( 'NONE', *, *, #248, .T. ) ;
#942 = CARTESIAN_POINT ( 'NONE',  ( -16.10000000000000142, 49.14621376086532933, -11.70243738989022297 ) ) ;
#943 = AXIS2_PLACEMENT_3D ( 'NONE', #498, #903, #1453 ) ;
#944 = CARTESIAN_POINT ( 'NONE',  ( 13.27416573867738236, 63.99256043749586098, -17.14658566907514725 ) ) ;
#945 = B_SPLINE_CURVE_WITH_KNOTS ( 'NONE', 3,
 ( #1694, #1284, #51, #329, #1005, #34, #582, #896, #178, #859, #1410, #159, #1704, #458, #888, #1033, #1569, #1292, #319, #1437, #741, #188, #748, #450, #1685, #42, #610, #1721, #475, #1589, #439, #339, #995, #1275, #233, #1606, #1336, #80, #916, #1193, #767, #1060, #785, #372, #793, #519, #382, #509, #1755, #1741, #1465, #777 ),
 .UNSPECIFIED., .F., .F.,
 ( 4, 2, 2, 2, 2, 2, 2, 2, 2, 2, 2, 2, 2, 2, 2, 2, 2, 2, 2, 2, 2, 2, 2, 2, 2, 4 ),
 ( 0.04298202232482356555, 0.04419381700736005336, 0.04540561168989653423, 0.04661740637243302204, 0.04782920105496950292, 0.05025279042004248548, 0.05146458510257897329, 0.05267637978511546110, 0.05509996915018843672, 0.05631176383272492453, 0.05752355851526140540, 0.05994714788033436020, 0.06115894256287084108, 0.06237073724540731501, 0.06358253192794378894, 0.06479432661048026287, 0.06600612129301673681, 0.06721791597555321074, 0.06964150534062617248, 0.07085330002316264641, 0.07206509470569912035, 0.07448868407077208209, 0.07570047875330856990, 0.07691227343584507159, 0.07933586280091808884, 0.08175945216599109222 ),
 .UNSPECIFIED. ) ;
#946 = CARTESIAN_POINT ( 'NONE',  ( 15.79542124700662953, 18.78313242473626588, -16.95733580624264292 ) ) ;
#947 = LINE ( 'NONE', #1098, #1444 ) ;
#948 = CARTESIAN_POINT ( 'NONE',  ( -2.525282359916077635, 73.50000000000001421, -12.44640305480650433 ) ) ;
#949 = CARTESIAN_POINT ( 'NONE',  ( 13.84805382794188588, 52.11032755808059136, -63.06648459621556668 ) ) ;
#950 = CARTESIAN_POINT ( 'NONE',  ( 14.58448996925504204, 6.229198738625627563, -17.06761432209005847 ) ) ;
#951 = CARTESIAN_POINT ( 'NONE',  ( 16.10000000000000142, 27.90000000000000924, -16.09999999999999787 ) ) ;
#952 = EDGE_CURVE ( 'NONE', #351, #28, #990, .T. ) ;
#953 = CARTESIAN_POINT ( 'NONE',  ( 14.58448996925504204, 6.229198738625627563, -17.06761432209005847 ) ) ;
#954 = DIRECTION ( 'NONE',  ( -1.000000000000000000, 0.000000000000000000, 0.000000000000000000 ) ) ;
#955 = CARTESIAN_POINT ( 'NONE',  ( 16.05628322275845576, 24.49896803489239261, -63.80913133506864199 ) ) ;
#956 =( LENGTH_UNIT ( ) NAMED_UNIT ( * ) SI_UNIT ( .MILLI., .METRE. ) );
#957 = CARTESIAN_POINT ( 'NONE',  ( 14.96308323427959586, 10.63863615274399521, -17.44635153675690376 ) ) ;
#958 = AXIS2_PLACEMENT_3D ( 'NONE', #258, #267, #824 ) ;
#959 = LINE ( 'NONE', #1792, #1674 ) ;
#960 = CARTESIAN_POINT ( 'NONE',  ( 13.09999999999998721, 0.000000000000000000, -18.09999999999999787 ) ) ;
#961 = FACE_OUTER_BOUND ( 'NONE', #1311, .T. ) ;
#962 = ORIENTED_EDGE ( 'NONE', *, *, #445, .F. ) ;
#963 = CARTESIAN_POINT ( 'NONE',  ( -16.10000000002203890, 40.68004610969590829, -15.39164631573286890 ) ) ;
#964 = EDGE_LOOP ( 'NONE', ( #297, #861, #1765, #1530, #337 ) ) ;
#965 = CARTESIAN_POINT ( 'NONE',  ( -15.62093127762053513, 39.16384809460132033, -70.00000000000001421 ) ) ;
#966 = CARTESIAN_POINT ( 'NONE',  ( 16.09999999999999076, 27.90000000000000213, -16.10000000000000142 ) ) ;
#967 = CARTESIAN_POINT ( 'NONE',  ( -16.10000000000000142, 27.90000000000001634, -16.09999999999999787 ) ) ;
#968 = CARTESIAN_POINT ( 'NONE',  ( -12.67751193073123694, 36.12700307013700751, -69.90662370419897798 ) ) ;
#969 = FACE_OUTER_BOUND ( 'NONE', #266, .T. ) ;
#970 = EDGE_LOOP ( 'NONE', ( #823, #1753, #702, #1687, #317 ) ) ;
#971 = CARTESIAN_POINT ( 'NONE',  ( -14.43333333333332824, 50.60661530613315762, -17.03373956498170472 ) ) ;
#972 = ADVANCED_FACE ( 'NONE', ( #1116, #695 ), #1657, .T. ) ;
#973 = CARTESIAN_POINT ( 'NONE',  ( 13.88776201755286976, 54.10740609398962420, -16.88237911242165268 ) ) ;
#974 = EDGE_LOOP ( 'NONE', ( #984, #155, #44, #1617, #1181, #628, #221, #176, #464 ) ) ;
#975 = CARTESIAN_POINT ( 'NONE',  ( 15.18593667233814770, 10.87127026855420908, -17.09320985227692802 ) ) ;
#976 = VECTOR ( 'NONE', #1106, 1000.000000000000114 ) ;
#977 = B_SPLINE_CURVE_WITH_KNOTS ( 'NONE', 3,
 ( #1524, #367, #1478, #273, #831, #678, #1235, #1383, #1669, #1650 ),
 .UNSPECIFIED., .F., .F.,
 ( 4, 2, 2, 2, 4 ),
 ( -7.245277673493159896E-05, 0.005648943044458676344, 0.01137033886565228316, 0.01709173468684589345, 0.02281313050803950027 ),
 .UNSPECIFIED. ) ;
#978 = ORIENTED_EDGE ( 'NONE', *, *, #683, .T. ) ;
#979 = CARTESIAN_POINT ( 'NONE',  ( -7.437194390657523968, 26.69784550308356330, -65.95447562429407640 ) ) ;
#980 = LINE ( 'NONE', #815, #1155 ) ;
#981 = ORIENTED_EDGE ( 'NONE', *, *, #1351, .T. ) ;
#982 = CARTESIAN_POINT ( 'NONE',  ( -16.09999999999843112, 45.27651602073454029, -15.05628000191455840 ) ) ;
#983 = DIRECTION ( 'NONE',  ( 0.000000000000000000, 0.000000000000000000, 1.000000000000000000 ) ) ;
#984 = ORIENTED_EDGE ( 'NONE', *, *, #1782, .F. ) ;
#985 = CARTESIAN_POINT ( 'NONE',  ( -15.07089169520056338, 5.874844620870356415, -16.09670623758963259 ) ) ;
#986 = EDGE_CURVE ( 'NONE', #1400, #165, #662, .T. ) ;
#987 = CARTESIAN_POINT ( 'NONE',  ( 14.28925475823343838, 4.222726025954804285, -16.99736800101040757 ) ) ;
#988 = DIRECTION ( 'NONE',  ( -1.000000000000000000, 0.000000000000000000, 0.000000000000000000 ) ) ;
#989 = ORIENTED_EDGE ( 'NONE', *, *, #1034, .F. ) ;
#990 = B_SPLINE_CURVE_WITH_KNOTS ( 'NONE', 3,
 ( #953, #272, #830, #110, #677, #123, #546, #1382 ),
 .UNSPECIFIED., .F., .F.,
 ( 4, 2, 2, 4 ),
 ( 2.710279907779718689E-16, 0.003377067400474632712, 0.005065601100711814193, 0.006754134800948996542 ),
 .UNSPECIFIED. ) ;
#991 = VECTOR ( 'NONE', #587, 999.9999999999998863 ) ;
#992 = CARTESIAN_POINT ( 'NONE',  ( 16.09999999999999787, 35.01769150084801652, -14.80263606427409684 ) ) ;
#993 = LINE ( 'NONE', #2, #749 ) ;
#994 = ORIENTED_EDGE ( 'NONE', *, *, #1603, .T. ) ;
#995 = CARTESIAN_POINT ( 'NONE',  ( 3.193022900451408130, 49.29851701283801901, -65.95515654636551517 ) ) ;
#996 = CARTESIAN_POINT ( 'NONE',  ( -16.10000000000000497, 27.89999999999999147, -16.09999999999999787 ) ) ;
#997 = ORIENTED_EDGE ( 'NONE', *, *, #53, .F. ) ;
#998 = CARTESIAN_POINT ( 'NONE',  ( 15.96852269742725738, 35.35343281939676530, -16.65382673738390906 ) ) ;
#999 = CARTESIAN_POINT ( 'NONE',  ( 13.88967875016188636, 1.846002620891729284, -16.80154718266466318 ) ) ;
#1000 = CARTESIAN_POINT ( 'NONE',  ( -16.10000000000000142, 47.40064286842329722, -12.18060095011896848 ) ) ;
#1001 = AXIS2_PLACEMENT_3D ( 'NONE', #1362, #1655, #661 ) ;
#1002 = ORIENTED_EDGE ( 'NONE', *, *, #143, .T. ) ;
#1003 = CARTESIAN_POINT ( 'NONE',  ( 13.09999999999998721, 0.000000000000000000, -76.09999999999999432 ) ) ;
#1004 = ORIENTED_EDGE ( 'NONE', *, *, #573, .F. ) ;
#1005 = CARTESIAN_POINT ( 'NONE',  ( -12.34418201548611194, 40.01215656978136082, -69.89023238088016399 ) ) ;
#1006 = CARTESIAN_POINT ( 'NONE',  ( -7.500000000000000000, 67.32913307892710009, -16.44640305480650611 ) ) ;
#1007 = ORIENTED_EDGE ( 'NONE', *, *, #895, .F. ) ;
#1008 = CARTESIAN_POINT ( 'NONE',  ( -15.61048888583765937, 5.319675849657976130, -14.57557858244402027 ) ) ;
#1009 = CARTESIAN_POINT ( 'NONE',  ( 14.43333333333332291, 50.60661530613310077, -17.03373956498170116 ) ) ;
#1010 = CARTESIAN_POINT ( 'NONE',  ( -14.63601032510169553, 49.70295151372921794, -16.96565739802862538 ) ) ;
#1011 = EDGE_LOOP ( 'NONE', ( #1258, #718, #579 ) ) ;
#1012 = CARTESIAN_POINT ( 'NONE',  ( -2.017757258616442471E-20, 73.49195297935591498, -12.69999999999999929 ) ) ;
#1013 = CARTESIAN_POINT ( 'NONE',  ( -2.017757258616442471E-20, 73.49195297935591498, -12.69999999999999929 ) ) ;
#1014 = CARTESIAN_POINT ( 'NONE',  ( 15.44058534368721780, 41.17811072092062830, -17.26220928966655777 ) ) ;
#1015 =( BOUNDED_SURFACE ( )  B_SPLINE_SURFACE ( 3, 2, ( 
 ( #533, #703, #1142 ),
 ( #293, #849, #734 ),
 ( #998, #1401, #182 ),
 ( #1287, #29, #862 ),
 ( #715, #744, #1413 ),
 ( #1295, #470, #333 ),
 ( #1707, #1688, #162 ),
 ( #305, #1715, #151 ),
 ( #1151, #1259, #1132 ),
 ( #45, #576, #7 ) ),
 .UNSPECIFIED., .F., .F., .F. ) 
 B_SPLINE_SURFACE_WITH_KNOTS ( ( 4, 2, 2, 2, 4 ),
 ( 3, 3 ),
 ( -7.020987011515411364E-05, 0.01078208400601253503, 0.01620823094407638013, 0.01892130441310830441, 0.02163437788214022522 ),
 ( 0.000000000000000000, 1.000000000000000000 ),
 .UNSPECIFIED. ) 
 GEOMETRIC_REPRESENTATION_ITEM ( )  RATIONAL_B_SPLINE_SURFACE ( (
 ( 1.000000000000000000, 1.000000000000000000, 1.000000000000000000),
 ( 1.000000000000000000, 1.000000000000000000, 1.000000000000000000),
 ( 1.000000000000000000, 0.9967309705911305828, 1.000000000000000000),
 ( 1.000000000000000000, 0.9865031201435991992, 1.000000000000000000),
 ( 1.000000000000000000, 0.9822019434995262754, 1.000000000000000000),
 ( 1.000000000000000000, 0.9742064290635774615, 1.000000000000000000),
 ( 1.000000000000000000, 0.9712828036713978541, 1.000000000000000000),
 ( 1.000000000000000000, 0.9648402233003712247, 1.000000000000000000),
 ( 1.000000000000000000, 0.9613224258293260327, 1.000000000000000000),
 ( 1.000000000000000000, 0.9574271077563382137, 1.000000000000000000) ) ) 
 REPRESENTATION_ITEM ( '' )  SURFACE ( )  );
#1016 = EDGE_LOOP ( 'NONE', ( #1042, #161, #1245, #1109 ) ) ;
#1017 = CARTESIAN_POINT ( 'NONE',  ( -15.98122355731579702, 4.754614361113612908, -13.02734550152788628 ) ) ;
#1018 = CARTESIAN_POINT ( 'NONE',  ( -12.69999999999999929, 37.00000000000000000, -69.97188791321846679 ) ) ;
#1019 = CARTESIAN_POINT ( 'NONE',  ( -15.89525277311584084, 35.46840460585618615, -17.01948353891032895 ) ) ;
#1020 = B_SPLINE_CURVE_WITH_KNOTS ( 'NONE', 3,
 ( #537, #788, #1623, #805, #936, #955, #1088, #811, #1349, #1768, #798, #114, #1103, #544 ),
 .UNSPECIFIED., .F., .F.,
 ( 4, 2, 2, 2, 2, 2, 4 ),
 ( 0.03866396680434377314, 0.04139508040547953960, 0.04276063720604741242, 0.04412619400661528524, 0.04685730760775105169, 0.04822286440831894533, 0.04958842120888683896 ),
 .UNSPECIFIED. ) ;
#1021 = ORIENTED_EDGE ( 'NONE', *, *, #1539, .T. ) ;
#1022 = CARTESIAN_POINT ( 'NONE',  ( -115.1349999999999767, 27.90000000000000213, -18.09999999999999787 ) ) ;
#1023 = PLANE ( 'NONE',  #1654 ) ;
#1024 = CARTESIAN_POINT ( 'NONE',  ( 16.09999999998377618, 29.80413597684185234, -16.23915023622648590 ) ) ;
#1025 = VERTEX_POINT ( 'NONE', #1649 ) ;
#1026 = CARTESIAN_POINT ( 'NONE',  ( -16.10000000000000142, 3.979198447587060095, -10.90275447359701033 ) ) ;
#1027 = CARTESIAN_POINT ( 'NONE',  ( -15.99065828096846786, 55.22077236983603399, -11.66759440131868431 ) ) ;
#1028 = FACE_OUTER_BOUND ( 'NONE', #456, .T. ) ;
#1029 = EDGE_CURVE ( 'NONE', #1567, #351, #421, .T. ) ;
#1030 = ORIENTED_EDGE ( 'NONE', *, *, #840, .T. ) ;
#1031 = AXIS2_PLACEMENT_3D ( 'NONE', #1335, #224, #784 ) ;
#1032 = LINE ( 'NONE', #1588, #288 ) ;
#1033 = CARTESIAN_POINT ( 'NONE',  ( -8.033566201032918741, 46.86586824837102938, -67.64600620881421378 ) ) ;
#1034 = EDGE_CURVE ( 'NONE', #1795, #1560, #947, .T. ) ;
#1035 = CARTESIAN_POINT ( 'NONE',  ( 15.24062425049999270, 43.01424152549066804, -17.77516647130013538 ) ) ;
#1036 = ORIENTED_EDGE ( 'NONE', *, *, #1801, .T. ) ;
#1037 = CARTESIAN_POINT ( 'NONE',  ( 14.35859515095625305, 55.73322952332008384, -15.83327589972972582 ) ) ;
#1038 = EDGE_CURVE ( 'NONE', #643, #1795, #959, .T. ) ;
#1039 = CARTESIAN_POINT ( 'NONE',  ( -16.09999999999983444, 55.05512880425315814, -10.31236281243784170 ) ) ;
#1040 = CARTESIAN_POINT ( 'NONE',  ( -15.97596181753404387, 22.19132824401004811, -60.39339268647091785 ) ) ;
#1041 = B_SPLINE_CURVE_WITH_KNOTS ( 'NONE', 3,
 ( #1133, #315, #1800, #839, #1689, #1531 ),
 .UNSPECIFIED., .F., .F.,
 ( 4, 2, 4 ),
 ( 0.08175945216599109222, 0.08225350456863617099, 0.08274755697128124976 ),
 .UNSPECIFIED. ) ;
#1042 = ORIENTED_EDGE ( 'NONE', *, *, #565, .T. ) ;
#1043 = DIRECTION ( 'NONE',  ( -0.000000000000000000, -1.000000000000000000, -0.000000000000000000 ) ) ;
#1044 = CARTESIAN_POINT ( 'NONE',  ( -14.96308323428725906, 10.63863615280742536, -17.44635153760096458 ) ) ;
#1045 = CARTESIAN_POINT ( 'NONE',  ( -16.10000000000000142, 53.09153405060281727, -10.64421356115947681 ) ) ;
#1046 = CARTESIAN_POINT ( 'NONE',  ( 12.69999999999999929, 37.00000000000000000, -69.97188791321845258 ) ) ;
#1047 = ORIENTED_EDGE ( 'NONE', *, *, #1179, .F. ) ;
#1048 = CARTESIAN_POINT ( 'NONE',  ( -15.22782204528910022, 55.53890886522218295, -14.25829911754698820 ) ) ;
#1049 = DIRECTION ( 'NONE',  ( 1.000000000000000000, 0.000000000000000000, -0.000000000000000000 ) ) ;
#1050 = ORIENTED_EDGE ( 'NONE', *, *, #1090, .T. ) ;
#1051 = CARTESIAN_POINT ( 'NONE',  ( -13.09999999999998721, 55.80000000000000426, -52.20000000000000995 ) ) ;
#1052 = UNCERTAINTY_MEASURE_WITH_UNIT (LENGTH_MEASURE( 1.000000000000000082E-05 ), #956, 'distance_accuracy_value', 'NONE');
#1053 = DIRECTION ( 'NONE',  ( 0.000000000000000000, 0.000000000000000000, -1.000000000000000000 ) ) ;
#1054 = SURFACE_STYLE_FILL_AREA ( #511 ) ;
#1055 = CARTESIAN_POINT ( 'NONE',  ( -13.59999999999998899, 0.000000000000000000, -16.77712434446770118 ) ) ;
#1056 = ORIENTED_EDGE ( 'NONE', *, *, #666, .F. ) ;
#1057 = CARTESIAN_POINT ( 'NONE',  ( 0.000000000000000000, 37.00000000000000000, -86.09999999999999432 ) ) ;
#1058 = CARTESIAN_POINT ( 'NONE',  ( -13.34361472748205557, 54.65674456477321996, -58.50350786415710047 ) ) ;
#1059 = ORIENTED_EDGE ( 'NONE', *, *, #1488, .F. ) ;
#1060 = CARTESIAN_POINT ( 'NONE',  ( 9.161867401681355716, 45.82821256293708245, -68.19700141514363168 ) ) ;
#1061 = SURFACE_STYLE_USAGE ( .BOTH. , #358 ) ;
#1062 = CARTESIAN_POINT ( 'NONE',  ( -9.509864352774012985, 28.54489883901859315, -67.29645072591375765 ) ) ;
#1063 = CARTESIAN_POINT ( 'NONE',  ( -16.08276808758714083, 55.11086797487818956, -10.76885944288925145 ) ) ;
#1064 = CARTESIAN_POINT ( 'NONE',  ( -16.04253312379938023, 31.80599868754606518, -68.89369112123800676 ) ) ;
#1065 = DIRECTION ( 'NONE',  ( 0.000000000000000000, 0.000000000000000000, -1.000000000000000000 ) ) ;
#1066 = CARTESIAN_POINT ( 'NONE',  ( 1.555301434917138433E-15, 68.00000000000000000, 12.69999999999999929 ) ) ;
#1067 = CARTESIAN_POINT ( 'NONE',  ( 16.10000000000000142, 55.07231608734698369, -10.15397131704243527 ) ) ;
#1068 = EDGE_CURVE ( 'NONE', #1558, #1567, #8, .T. ) ;
#1069 = EDGE_LOOP ( 'NONE', ( #54, #49, #875 ) ) ;
#1070 = VECTOR ( 'NONE', #594, 1000.000000000000114 ) ;
#1071 = CARTESIAN_POINT ( 'NONE',  ( 11.82918028681885225, 32.35949931684865533, -69.08757752702942412 ) ) ;
#1072 = FACE_OUTER_BOUND ( 'NONE', #974, .T. ) ;
#1073 = CARTESIAN_POINT ( 'NONE',  ( -16.07619268504449295, 25.37873549626084468, -64.75990773220921426 ) ) ;
#1074 = CARTESIAN_POINT ( 'NONE',  ( -13.14084778109182317, 55.80439323813093466, -17.63414749171441542 ) ) ;
#1075 =( BOUNDED_SURFACE ( )  B_SPLINE_SURFACE ( 3, 2, ( 
 ( #942, #1496, #106 ),
 ( #667, #1733, #486 ),
 ( #1045, #1598, #909 ),
 ( #1458, #770, #1321 ) ),
 .UNSPECIFIED., .F., .F., .F. ) 
 B_SPLINE_SURFACE_WITH_KNOTS ( ( 4, 4 ),
 ( 3, 3 ),
 ( -1.561251128379126385E-17, 0.006117541468831805621 ),
 ( 0.000000000000000000, 1.000000000000000000 ),
 .UNSPECIFIED. ) 
 GEOMETRIC_REPRESENTATION_ITEM ( )  RATIONAL_B_SPLINE_SURFACE ( (
 ( 1.000000000000000000, 0.9574271077563377697, 1.000000000000000000),
 ( 1.000000000000000000, 0.9495354297238726149, 1.000000000000000000),
 ( 1.000000000000000000, 0.9405302908190366074, 1.000000000000000000),
 ( 1.000000000000000000, 0.9303799330450241989, 1.000000000000000000) ) ) 
 REPRESENTATION_ITEM ( '' )  SURFACE ( )  );
#1076 = DIRECTION ( 'NONE',  ( -0.000000000000000000, -1.000000000000000000, -0.000000000000000000 ) ) ;
#1077 = FACE_OUTER_BOUND ( 'NONE', #235, .T. ) ;
#1078 = AXIS2_PLACEMENT_3D ( 'NONE', #1022, #1730, #483 ) ;
#1079 = AXIS2_PLACEMENT_3D ( 'NONE', #1436, #766, #1720 ) ;
#1080 = CARTESIAN_POINT ( 'NONE',  ( -14.95879058454918109, 46.83923569219631133, -17.10970007145678551 ) ) ;
#1081 = CARTESIAN_POINT ( 'NONE',  ( 14.84000216063762423, 9.735865953288957542, -17.47154925301172312 ) ) ;
#1082 = EDGE_CURVE ( 'NONE', #32, #1128, #1639, .T. ) ;
#1083 = CARTESIAN_POINT ( 'NONE',  ( -8.439810757188018542, 73.30394360337334092, -13.72127626217189800 ) ) ;
#1084 = DIRECTION ( 'NONE',  ( 0.000000000000000000, -0.000000000000000000, -1.000000000000000000 ) ) ;
#1085 = CARTESIAN_POINT ( 'NONE',  ( 13.48271383292746251, 53.98293122676864897, -60.12157263166545107 ) ) ;
#1086 = MECHANICAL_DESIGN_GEOMETRIC_PRESENTATION_REPRESENTATION (  '', ( #674 ), #449 ) ;
#1087 = ADVANCED_FACE ( 'NONE', ( #670 ), #1015, .T. ) ;
#1088 = CARTESIAN_POINT ( 'NONE',  ( 16.04829497124736903, 24.20592585709596278, -63.45926004066514281 ) ) ;
#1089 =( GEOMETRIC_REPRESENTATION_CONTEXT ( 3 ) GLOBAL_UNCERTAINTY_ASSIGNED_CONTEXT ( ( #1052 ) ) GLOBAL_UNIT_ASSIGNED_CONTEXT ( ( #956, #1656, #1096 ) ) REPRESENTATION_CONTEXT ( 'NONE', 'WORKASPACE' ) );
#1090 = EDGE_CURVE ( 'NONE', #119, #283, #98, .T. ) ;
#1091 = CARTESIAN_POINT ( 'NONE',  ( 15.91157173666281999, 20.63908677051090379, -16.98382182636888871 ) ) ;
#1092 = CARTESIAN_POINT ( 'NONE',  ( -16.10000000000000142, 0.000000000000000000, 0.000000000000000000 ) ) ;
#1093 = DIRECTION ( 'NONE',  ( 0.000000000000000000, 0.000000000000000000, 1.000000000000000000 ) ) ;
#1094 = CARTESIAN_POINT ( 'NONE',  ( -16.10000000000001208, 27.90000000000000213, -16.09999999999999787 ) ) ;
#1095 = CARTESIAN_POINT ( 'NONE',  ( -15.37575748728351677, 43.06032881621188579, -17.03528776776028408 ) ) ;
#1096 =( NAMED_UNIT ( * ) SI_UNIT ( $, .STERADIAN. ) SOLID_ANGLE_UNIT ( ) );
#1097 = CARTESIAN_POINT ( 'NONE',  ( -13.57097657477297759, 55.85059676373022342, -16.81078032705551806 ) ) ;
#1098 = CARTESIAN_POINT ( 'NONE',  ( 7.500000000000000000, 73.50000000000001421, -16.44640305480650611 ) ) ;
#1099 = CARTESIAN_POINT ( 'NONE',  ( -8.660376989679901882, 27.70231564800833368, -66.72284881171147219 ) ) ;
#1100 = LINE ( 'NONE', #833, #136 ) ;
#1101 = ORIENTED_EDGE ( 'NONE', *, *, #1034, .T. ) ;
#1102 = CARTESIAN_POINT ( 'NONE',  ( 13.09999999999998721, 55.80000000000000426, -52.20000000000000995 ) ) ;
#1103 = CARTESIAN_POINT ( 'NONE',  ( 15.94086278088038533, 21.43714164919574827, -58.73642521111990078 ) ) ;
#1104 = CARTESIAN_POINT ( 'NONE',  ( -15.33733451931765757, 42.03957353797506613, -69.54542141098697527 ) ) ;
#1105 = CARTESIAN_POINT ( 'NONE',  ( 16.06233253472585076, 24.26891742987812961, -16.55170873305461043 ) ) ;
#1106 = DIRECTION ( 'NONE',  ( 0.000000000000000000, 0.3428508502786867806, -0.9393898522249330973 ) ) ;
#1107 = CARTESIAN_POINT ( 'NONE',  ( 10.70495680810026684, 30.15460541984320741, -68.18225725443907947 ) ) ;
#1108 = FACE_OUTER_BOUND ( 'NONE', #970, .T. ) ;
#1109 = ORIENTED_EDGE ( 'NONE', *, *, #143, .F. ) ;
#1110 = EDGE_CURVE ( 'NONE', #1481, #1563, #37, .T. ) ;
#1111 = CARTESIAN_POINT ( 'NONE',  ( -16.10000000000000142, 49.14621376086529381, -11.70243738989024784 ) ) ;
#1112 = AXIS2_PLACEMENT_3D ( 'NONE', #1057, #361, #335 ) ;
#1113 = CARTESIAN_POINT ( 'NONE',  ( -16.10000000000000142, 8.779014325922089412, -12.25950737825373693 ) ) ;
#1114 = VERTEX_POINT ( 'NONE', #461 ) ;
#1115 = CYLINDRICAL_SURFACE ( 'NONE', #1696, 131.2349999999999852 ) ;
#1116 = FACE_OUTER_BOUND ( 'NONE', #1189, .T. ) ;
#1117 = CARTESIAN_POINT ( 'NONE',  ( -5.374275793485833397, 25.48579873126327300, -64.86049105531344594 ) ) ;
#1118 = DIRECTION ( 'NONE',  ( -3.839095181943805812E-15, 0.2275834244471662549, 0.9737585865690228104 ) ) ;
#1119 = ORIENTED_EDGE ( 'NONE', *, *, #513, .T. ) ;
#1120 = CARTESIAN_POINT ( 'NONE',  ( -16.10000000000000142, 44.75896073958238475, -12.79479759614378409 ) ) ;
#1121 = EDGE_CURVE ( 'NONE', #680, #28, #564, .T. ) ;
#1122 = CARTESIAN_POINT ( 'NONE',  ( 7.500000000000003553, 64.67038089523680355, -14.24640305480650326 ) ) ;
#1123 = VERTEX_POINT ( 'NONE', #443 ) ;
#1124 = APPLICATION_CONTEXT ( 'automotive_design' ) ;
#1125 = CARTESIAN_POINT ( 'NONE',  ( 15.88537667037706669, 19.42604516497673472, -16.69915737773593278 ) ) ;
#1126 = ORIENTED_EDGE ( 'NONE', *, *, #86, .F. ) ;
#1127 = CARTESIAN_POINT ( 'NONE',  ( 16.09999999999999076, 27.90000000000000213, -16.10000000000000142 ) ) ;
#1128 = VERTEX_POINT ( 'NONE', #1422 ) ;
#1129 = CARTESIAN_POINT ( 'NONE',  ( 16.10000000000000142, 53.06744195875175052, -10.65053213346317484 ) ) ;
#1130 = CARTESIAN_POINT ( 'NONE',  ( -16.09999999996069064, 19.61802554733003845, -15.66290310570000699 ) ) ;
#1131 = ORIENTED_EDGE ( 'NONE', *, *, #1297, .F. ) ;
#1132 = CARTESIAN_POINT ( 'NONE',  ( 16.10000000000000142, 48.27330684946745976, -11.94155244209360056 ) ) ;
#1133 = CARTESIAN_POINT ( 'NONE',  ( 12.66056870760551512, 38.00000000000000711, -70.00000000000001421 ) ) ;
#1134 = CARTESIAN_POINT ( 'NONE',  ( -15.55380544185761771, 41.22443623551160385, -16.93251339260627830 ) ) ;
#1135 = ORIENTED_EDGE ( 'NONE', *, *, #310, .T. ) ;
#1136 = DIRECTION ( 'NONE',  ( -0.000000000000000000, 0.000000000000000000, 1.000000000000000000 ) ) ;
#1137 = ORIENTED_EDGE ( 'NONE', *, *, #1534, .T. ) ;
#1138 = CARTESIAN_POINT ( 'NONE',  ( 16.10000000000000142, 49.14621376086527249, -11.70243738989028159 ) ) ;
#1139 = CARTESIAN_POINT ( 'NONE',  ( -16.10000000000000142, 7.783538947658147578, -12.00973086690992986 ) ) ;
#1140 =( BOUNDED_CURVE ( )  B_SPLINE_CURVE ( 3, ( #99, #641, #227, #1204 ),
 .UNSPECIFIED., .F., .T. ) 
 B_SPLINE_CURVE_WITH_KNOTS ( ( 4, 4 ),
 ( 1.570796326794897224, 2.293530574608313444 ),
 .UNSPECIFIED. ) 
 CURVE ( )  GEOMETRIC_REPRESENTATION_ITEM ( )  RATIONAL_B_SPLINE_CURVE ( ( 1.000000000000000000, 0.9569428977956567772, 0.9569428977956567772, 1.000000000000000000 ) ) 
 REPRESENTATION_ITEM ( '' )  );
#1141 = ORIENTED_EDGE ( 'NONE', *, *, #1672, .T. ) ;
#1142 = CARTESIAN_POINT ( 'NONE',  ( 16.10000000000000142, 27.90000000000001279, -16.10000000000000142 ) ) ;
#1143 = CARTESIAN_POINT ( 'NONE',  ( 16.04062256756732197, 31.86922297288770523, -68.91687850428525053 ) ) ;
#1144 = CLOSED_SHELL ( 'NONE', ( #268, #467, #61, #365, #1797, #281, #972, #536, #1380, #926, #837, #436, #1468, #154, #1250, #901, #94, #1675, #1364, #387, #522, #1490, #1482, #520, #735, #711, #15, #113, #1087, #1214, #1404, #1736, #132, #1764, #1442, #1666, #1241, #1728, #1409 ) ) ;
#1145 = CARTESIAN_POINT ( 'NONE',  ( -15.82438081349034320, 37.43363456962226365, -16.75069006364386581 ) ) ;
#1146 = ORIENTED_EDGE ( 'NONE', *, *, #246, .T. ) ;
#1147 = CARTESIAN_POINT ( 'NONE',  ( 15.15953272800297569, 11.46151642152100791, -31.40383700006703194 ) ) ;
#1148 = DIRECTION ( 'NONE',  ( 0.000000000000000000, 1.000000000000000000, 0.000000000000000000 ) ) ;
#1149 = FACE_OUTER_BOUND ( 'NONE', #473, .T. ) ;
#1150 = ORIENTED_EDGE ( 'NONE', *, *, #1450, .T. ) ;
#1151 = CARTESIAN_POINT ( 'NONE',  ( 14.58255974037025382, 49.60967350944995502, -17.07357635184331102 ) ) ;
#1152 =( BOUNDED_CURVE ( )  B_SPLINE_CURVE ( 3, ( #474, #1559, #1147, #1703 ),
 .UNSPECIFIED., .F., .T. ) 
 B_SPLINE_CURVE_WITH_KNOTS ( ( 4, 4 ),
 ( 4.762862951239934084, 4.875406725896964666 ),
 .UNSPECIFIED. ) 
 CURVE ( )  GEOMETRIC_REPRESENTATION_ITEM ( )  RATIONAL_B_SPLINE_CURVE ( ( 1.000000000000000000, 0.9989447700606125524, 0.9989447700606125524, 1.000000000000000000 ) ) 
 REPRESENTATION_ITEM ( '' )  );
#1153 = DIRECTION ( 'NONE',  ( -1.000000000000000000, 0.000000000000000000, 0.000000000000000000 ) ) ;
#1154 = CARTESIAN_POINT ( 'NONE',  ( -14.75614831540563365, 48.76227066101152019, -16.99733137631263702 ) ) ;
#1155 = VECTOR ( 'NONE', #569, 1000.000000000000227 ) ;
#1156 = ORIENTED_EDGE ( 'NONE', *, *, #1648, .T. ) ;
#1157 = FACE_OUTER_BOUND ( 'NONE', #1069, .T. ) ;
#1158 = CARTESIAN_POINT ( 'NONE',  ( 1.686940897604904066, 73.50000000000001421, -12.61649628552050650 ) ) ;
#1159 = CARTESIAN_POINT ( 'NONE',  ( 16.10000000000000853, 29.79234050119372057, -16.33538171139522532 ) ) ;
#1160 = EDGE_CURVE ( 'NONE', #1516, #706, #723, .T. ) ;
#1161 = EDGE_LOOP ( 'NONE', ( #1165, #567, #1056, #743 ) ) ;
#1162 = CARTESIAN_POINT ( 'NONE',  ( 14.43732793153639449, 6.347418716465471178, -17.39152965560237618 ) ) ;
#1163 = CARTESIAN_POINT ( 'NONE',  ( -16.02771733215621452, 23.45499627417923350, -16.64839338419093906 ) ) ;
#1164 = CARTESIAN_POINT ( 'NONE',  ( -14.73233594466443996, 46.82045210017350456, -17.48575961980026960 ) ) ;
#1165 = ORIENTED_EDGE ( 'NONE', *, *, #1220, .T. ) ;
#1166 = EDGE_CURVE ( 'NONE', #3, #1302, #1791, .T. ) ;
#1167 = CARTESIAN_POINT ( 'NONE',  ( -13.09999999999998721, 55.79999999999999716, -18.09999999999999787 ) ) ;
#1168 = CARTESIAN_POINT ( 'NONE',  ( 16.10000000000000142, 55.03687528069523438, -10.16274606680621062 ) ) ;
#1169 = EDGE_CURVE ( 'NONE', #553, #1567, #1573, .T. ) ;
#1170 = CARTESIAN_POINT ( 'NONE',  ( 15.82449444166353381, 37.43175504375660978, -16.75058411729489194 ) ) ;
#1171 = ORIENTED_EDGE ( 'NONE', *, *, #1121, .T. ) ;
#1172 = FACE_OUTER_BOUND ( 'NONE', #1425, .T. ) ;
#1173 = LINE ( 'NONE', #1324, #622 ) ;
#1174 = CARTESIAN_POINT ( 'NONE',  ( -14.93701086331432037, 45.34097871582012118, -68.42604890221467429 ) ) ;
#1175 = CARTESIAN_POINT ( 'NONE',  ( 16.10000000000000142, 7.901058064539322245, -12.03982332252608600 ) ) ;
#1176 = AXIS2_PLACEMENT_3D ( 'NONE', #100, #682, #1215 ) ;
#1177 = DIRECTION ( 'NONE',  ( 0.000000000000000000, -3.469446951953614189E-15, -1.000000000000000000 ) ) ;
#1178 = CARTESIAN_POINT ( 'NONE',  ( -16.10000000000000142, 49.14621376086532223, -11.70243738989024251 ) ) ;
#1179 = EDGE_CURVE ( 'NONE', #1435, #351, #405, .T. ) ;
#1180 = CARTESIAN_POINT ( 'NONE',  ( -13.88776206886666387, 54.10740581162279028, -16.88237912401942253 ) ) ;
#1181 = ORIENTED_EDGE ( 'NONE', *, *, #169, .F. ) ;
#1182 = CARTESIAN_POINT ( 'NONE',  ( -15.81074962347049961, 19.01104807477461733, -17.16937323227834611 ) ) ;
#1183 = CARTESIAN_POINT ( 'NONE',  ( -16.07391461638447794, 30.54825414047628129, -68.37155696397904592 ) ) ;
#1184 = CYLINDRICAL_SURFACE ( 'NONE', #917, 10.00000000000000000 ) ;
#1185 = CARTESIAN_POINT ( 'NONE',  ( -15.22917130661302565, 64.51065562832467037, -14.92981772143045482 ) ) ;
#1186 = CARTESIAN_POINT ( 'NONE',  ( -16.06797880836816006, 24.23761309473537651, -16.36786018648852803 ) ) ;
#1187 = FACE_OUTER_BOUND ( 'NONE', #1412, .T. ) ;
#1188 = CARTESIAN_POINT ( 'NONE',  ( 12.23575742388231369, 33.57077328048867315, -69.44534293213075671 ) ) ;
#1189 = EDGE_LOOP ( 'NONE', ( #1485, #448, #76, #725, #560, #374, #150, #171, #634, #906 ) ) ;
#1190 = CARTESIAN_POINT ( 'NONE',  ( -16.09096387070046674, 26.12173703833497029, -16.32119383070487828 ) ) ;
#1191 = CARTESIAN_POINT ( 'NONE',  ( -16.09485235482170395, 29.32136383117412493, -67.76767028895902456 ) ) ;
#1192 = ORIENTED_EDGE ( 'NONE', *, *, #1754, .T. ) ;
#1193 = CARTESIAN_POINT ( 'NONE',  ( 8.020664825998098380, 46.85432621779250439, -67.64393647197699977 ) ) ;
#1194 = CARTESIAN_POINT ( 'NONE',  ( -13.57097657477297759, 55.85059676373022342, -16.81078032705551806 ) ) ;
#1195 = CARTESIAN_POINT ( 'NONE',  ( -16.09999999999999787, 2.718942825436182265, -14.19824256880899682 ) ) ;
#1196 = ORIENTED_EDGE ( 'NONE', *, *, #1539, .F. ) ;
#1197 = CARTESIAN_POINT ( 'NONE',  ( 16.10000000000002274, 27.90000000000000568, -66.85708020036734922 ) ) ;
#1198 = CARTESIAN_POINT ( 'NONE',  ( 13.09999999999998721, 55.79999999999999716, -52.20000000000000995 ) ) ;
#1199 = EDGE_CURVE ( 'NONE', #1729, #1558, #925, .T. ) ;
#1200 = CARTESIAN_POINT ( 'NONE',  ( 16.10000000000000142, 4.949082966898704861, -11.22366890453934118 ) ) ;
#1201 =( BOUNDED_CURVE ( )  B_SPLINE_CURVE ( 3, ( #803, #55, #105, #615 ),
 .UNSPECIFIED., .F., .T. ) 
 B_SPLINE_CURVE_WITH_KNOTS ( ( 4, 4 ),
 ( 4.712388980384689674, 7.853981633974482790 ),
 .UNSPECIFIED. ) 
 CURVE ( )  GEOMETRIC_REPRESENTATION_ITEM ( )  RATIONAL_B_SPLINE_CURVE ( ( 1.000000000000000000, 0.3333333333333333703, 0.3333333333333333703, 1.000000000000000000 ) ) 
 REPRESENTATION_ITEM ( '' )  );
#1202 = VECTOR ( 'NONE', #259, 1000.000000000000000 ) ;
#1203 = CARTESIAN_POINT ( 'NONE',  ( -15.91157173666263702, 20.63908677050773832, -16.98382182636888871 ) ) ;
#1204 = CARTESIAN_POINT ( 'NONE',  ( 13.59999999999998721, 64.07890963596733513, -16.77712434446770118 ) ) ;
#1205 = CARTESIAN_POINT ( 'NONE',  ( -10.91453525182387096, 30.49373281557896931, -68.34465427799209181 ) ) ;
#1206 = CARTESIAN_POINT ( 'NONE',  ( 13.09999999999998721, 55.79999999999999716, -18.09999999999999787 ) ) ;
#1207 = PLANE ( 'NONE',  #676 ) ;
#1208 = CARTESIAN_POINT ( 'NONE',  ( -16.10000000000000142, 4.949085253829798248, -11.22366966123690979 ) ) ;
#1209 = CARTESIAN_POINT ( 'NONE',  ( -7.500000000000000000, 67.32913307892710009, -20.44640305480650611 ) ) ;
#1210 = PLANE ( 'NONE',  #192 ) ;
#1211 = VERTEX_POINT ( 'NONE', #1227 ) ;
#1212 = CARTESIAN_POINT ( 'NONE',  ( 0.000000000000000000, 73.50000000000001421, -12.44640305480650433 ) ) ;
#1213 = AXIS2_PLACEMENT_3D ( 'NONE', #133, #1505, #116 ) ;
#1214 = ADVANCED_FACE ( 'NONE', ( #1501 ), #783, .T. ) ;
#1215 = DIRECTION ( 'NONE',  ( 0.000000000000000000, 0.000000000000000000, -1.000000000000000000 ) ) ;
#1216 = DIRECTION ( 'NONE',  ( 1.000000000000000000, 0.000000000000000000, 0.000000000000000000 ) ) ;
#1217 = CARTESIAN_POINT ( 'NONE',  ( 16.10000000000000142, 17.86605507197553067, -14.23157086408382810 ) ) ;
#1218 = APPLICATION_CONTEXT ( 'automotive_design' ) ;
#1219 = CARTESIAN_POINT ( 'NONE',  ( 15.44098516024978274, 13.43485493570318745, -17.00916469135697540 ) ) ;
#1220 = EDGE_CURVE ( 'NONE', #1698, #1290, #83, .T. ) ;
#1221 = CARTESIAN_POINT ( 'NONE',  ( 13.41213639625364173, 56.71118012358073912, -16.77566188617373655 ) ) ;
#1222 = CARTESIAN_POINT ( 'NONE',  ( -16.10000000000001208, 27.90000000000001279, -16.10000000000000142 ) ) ;
#1223 = EDGE_CURVE ( 'NONE', #82, #1563, #1576, .T. ) ;
#1224 = VECTOR ( 'NONE', #177, 1000.000000000000000 ) ;
#1225 = CARTESIAN_POINT ( 'NONE',  ( 1.555301434917138433E-15, -4.635142468514471759, 12.69999999999999929 ) ) ;
#1226 = CARTESIAN_POINT ( 'NONE',  ( 16.10000000000000142, 13.86482635210283121, -13.42012579892296920 ) ) ;
#1227 = CARTESIAN_POINT ( 'NONE',  ( -16.10000000000000142, 55.03687528067545287, -10.16274606681110981 ) ) ;
#1228 = CARTESIAN_POINT ( 'NONE',  ( 14.93701086331434169, 45.34097871582014960, -68.42604890221468850 ) ) ;
#1229 = VECTOR ( 'NONE', #1514, 1000.000000000000000 ) ;
#1230 = CARTESIAN_POINT ( 'NONE',  ( -16.10000000000003340, 31.69343797012312436, -16.38063327702499805 ) ) ;
#1231 = CIRCLE ( 'NONE', #1466, 12.69999999999999929 ) ;
#1232 = CARTESIAN_POINT ( 'NONE',  ( 16.10000000000000142, 27.90000000000000568, -16.09999999999999787 ) ) ;
#1233 = B_SPLINE_CURVE_WITH_KNOTS ( 'NONE', 3,
 ( #1443, #1000, #175, #596, #1557, #1415, #307, #578 ),
 .UNSPECIFIED., .F., .F.,
 ( 4, 2, 2, 4 ),
 ( 0.000000000000000000, 0.005424194431663692875, 0.01084838886332738575, 0.02169677772665479232 ),
 .UNSPECIFIED. ) ;
#1234 = CARTESIAN_POINT ( 'NONE',  ( -16.10000000000000142, 0.000000000000000000, 0.000000000000000000 ) ) ;
#1235 = CARTESIAN_POINT ( 'NONE',  ( -15.24056674990914573, 43.01463676487782806, -17.77518587233078762 ) ) ;
#1236 = CARTESIAN_POINT ( 'NONE',  ( -16.09999999999999076, 27.90000000000000213, -16.10000000000000142 ) ) ;
#1237 = VERTEX_POINT ( 'NONE', #948 ) ;
#1238 = CARTESIAN_POINT ( 'NONE',  ( -16.10000000000000497, 49.94279642192050517, -14.61042039448559215 ) ) ;
#1239 = CARTESIAN_POINT ( 'NONE',  ( 13.41998393680879609, 55.83439038653829556, -16.98985863723734369 ) ) ;
#1240 = CARTESIAN_POINT ( 'NONE',  ( 16.09999999992533048, 23.75941010116812890, -15.88761130555695544 ) ) ;
#1241 = ADVANCED_FACE ( 'NONE', ( #1077 ), #659, .F. ) ;
#1242 = CARTESIAN_POINT ( 'NONE',  ( 15.44538456700151308, 41.12781809137928946, -17.60995379129408178 ) ) ;
#1243 = CARTESIAN_POINT ( 'NONE',  ( -11.99551251833586640, 32.74528132788049106, -69.22643359414657027 ) ) ;
#1244 = CARTESIAN_POINT ( 'NONE',  ( 7.976155956117762180, 73.19842849247292804, -13.99573138300662656 ) ) ;
#1245 = ORIENTED_EDGE ( 'NONE', *, *, #196, .T. ) ;
#1246 = CARTESIAN_POINT ( 'NONE',  ( -16.10000000000000497, 48.99974764503889446, -14.71669262224048680 ) ) ;
#1247 = CARTESIAN_POINT ( 'NONE',  ( -16.09999999999645581, 17.53987218696563488, -15.54415536396957442 ) ) ;
#1248 = ORIENTED_EDGE ( 'NONE', *, *, #334, .T. ) ;
#1249 = CARTESIAN_POINT ( 'NONE',  ( 2.525282359916077635, 73.50000000000001421, -12.44640305480650433 ) ) ;
#1250 = ADVANCED_FACE ( 'NONE', ( #1172 ), #1210, .F. ) ;
#1251 = FACE_OUTER_BOUND ( 'NONE', #1439, .T. ) ;
#1252 = CARTESIAN_POINT ( 'NONE',  ( -11.31200695370579368, 31.21233284321811396, -68.65969268754885491 ) ) ;
#1253 = CARTESIAN_POINT ( 'NONE',  ( 14.90490591599193770, 10.13951766564785828, -17.95646031880603744 ) ) ;
#1254 = B_SPLINE_CURVE_WITH_KNOTS ( 'NONE', 3,
 ( #1357, #1239, #1789, #392, #1340, #1206 ),
 .UNSPECIFIED., .F., .F.,
 ( 4, 2, 4 ),
 ( 0.001733059599860890462, 0.002436458585319324546, 0.003139857570777758629 ),
 .UNSPECIFIED. ) ;
#1255 = ORIENTED_EDGE ( 'NONE', *, *, #635, .F. ) ;
#1256 = CIRCLE ( 'NONE', #1464, 4.000000000000000000 ) ;
#1257 = CARTESIAN_POINT ( 'NONE',  ( -16.10000000000000497, 7.076258437360460007, -14.74616721874704339 ) ) ;
#1258 = ORIENTED_EDGE ( 'NONE', *, *, #571, .F. ) ;
#1259 = CARTESIAN_POINT ( 'NONE',  ( 16.10000000000781739, 48.99961089645612589, -14.71670803246917991 ) ) ;
#1260 = DIRECTION ( 'NONE',  ( -0.000000000000000000, -0.000000000000000000, 1.000000000000000000 ) ) ;
#1261 = EDGE_LOOP ( 'NONE', ( #729, #1507, #1101, #714 ) ) ;
#1262 = CARTESIAN_POINT ( 'NONE',  ( -12.69999999999999929, 37.00000000000000000, -69.97188791321846679 ) ) ;
#1263 = CARTESIAN_POINT ( 'NONE',  ( 115.1349999999999767, 27.90000000000000213, -18.09999999999999787 ) ) ;
#1264 = ORIENTED_EDGE ( 'NONE', *, *, #1029, .F. ) ;
#1265 = CARTESIAN_POINT ( 'NONE',  ( 2.525282359916077635, 73.50000000000001421, -12.44640305480650433 ) ) ;
#1266 = CARTESIAN_POINT ( 'NONE',  ( -16.10000000000000142, 23.85969476044198956, -15.36254478512345401 ) ) ;
#1267 = EDGE_LOOP ( 'NONE', ( #447, #997, #40 ) ) ;
#1268 = CARTESIAN_POINT ( 'NONE',  ( -12.69346047230044761, 37.49950058680696685, -69.99530523466903276 ) ) ;
#1269 = CARTESIAN_POINT ( 'NONE',  ( 12.69999999999999929, 37.00000000000000000, -86.09999999999999432 ) ) ;
#1270 = CARTESIAN_POINT ( 'NONE',  ( -14.29097696279819729, 49.63502126608680243, -17.47865040906618006 ) ) ;
#1271 = VERTEX_POINT ( 'NONE', #1494 ) ;
#1272 = DIRECTION ( 'NONE',  ( -0.000000000000000000, -0.000000000000000000, 1.000000000000000000 ) ) ;
#1273 = B_SPLINE_CURVE_WITH_KNOTS ( 'NONE', 3,
 ( #232, #792, #95, #755, #655, #371, #1306, #501, #1208, #1746 ),
 .UNSPECIFIED., .F., .F.,
 ( 4, 2, 2, 2, 4 ),
 ( -7.020968324474057476E-05, 0.01217752756650771970, 0.01830139619138394791, 0.02136333050382206375, 0.02442526481626017959 ),
 .UNSPECIFIED. ) ;
#1274 = ORIENTED_EDGE ( 'NONE', *, *, #65, .F. ) ;
#1275 = CARTESIAN_POINT ( 'NONE',  ( 3.958057918496709959, 49.07405041697682435, -66.13650693921061929 ) ) ;
#1276 = EDGE_CURVE ( 'NONE', #680, #482, #1201, .T. ) ;
#1277 = CARTESIAN_POINT ( 'NONE',  ( 7.500000000000000000, 67.32913307892710009, -20.44640305480650611 ) ) ;
#1278 = ORIENTED_EDGE ( 'NONE', *, *, #879, .T. ) ;
#1279 = CARTESIAN_POINT ( 'NONE',  ( 16.10000000000000142, 0.000000000000000000, 0.000000000000000000 ) ) ;
#1280 = DIRECTION ( 'NONE',  ( 1.000000000000000000, 0.000000000000000000, 0.000000000000000000 ) ) ;
#1281 = CARTESIAN_POINT ( 'NONE',  ( -15.44513412196007174, 41.13028841157788662, -17.61017964478462261 ) ) ;
#1282 = EDGE_LOOP ( 'NONE', ( #581, #1421, #593, #1146, #1743, #1586 ) ) ;
#1283 = CARTESIAN_POINT ( 'NONE',  ( -13.59999999999998899, 64.07890963596733513, -16.77712434446769763 ) ) ;
#1284 = CARTESIAN_POINT ( 'NONE',  ( -12.62859686377252721, 38.40478172555638992, -70.00000000000002842 ) ) ;
#1285 = CARTESIAN_POINT ( 'NONE',  ( -13.09999999999998721, 55.79999999999999716, -52.20000000000000995 ) ) ;
#1286 = ORIENTED_EDGE ( 'NONE', *, *, #445, .T. ) ;
#1287 = CARTESIAN_POINT ( 'NONE',  ( 15.56353565687102680, 40.98987467425546782, -16.95046165831258378 ) ) ;
#1288 = CARTESIAN_POINT ( 'NONE',  ( 16.10000000000000142, 3.839579802315729040, -10.85625030269459046 ) ) ;
#1289 = CARTESIAN_POINT ( 'NONE',  ( -15.08925488237516710, 45.93511788478209468, -17.02997131627450855 ) ) ;
#1290 = VERTEX_POINT ( 'NONE', #242 ) ;
#1291 = LINE ( 'NONE', #599, #440 ) ;
#1292 = CARTESIAN_POINT ( 'NONE',  ( -6.447400219404675781, 47.94853580437376905, -66.96236182324804531 ) ) ;
#1293 = CARTESIAN_POINT ( 'NONE',  ( 16.05839522598352787, 31.70614677304241980, -16.47549537742159842 ) ) ;
#1294 = VERTEX_POINT ( 'NONE', #1724 ) ;
#1295 = CARTESIAN_POINT ( 'NONE',  ( 15.08142126588275822, 45.73667365117859163, -17.08907200279783822 ) ) ;
#1296 = CARTESIAN_POINT ( 'NONE',  ( -15.44041070403033622, 41.17981645655473244, -17.26231560785822339 ) ) ;
#1297 = EDGE_CURVE ( 'NONE', #508, #1520, #1592, .T. ) ;
#1298 = ORIENTED_EDGE ( 'NONE', *, *, #765, .F. ) ;
#1299 = CARTESIAN_POINT ( 'NONE',  ( -7.500000000000000000, 69.50000000000000000, -12.44640305480650433 ) ) ;
#1300 = FACE_OUTER_BOUND ( 'NONE', #146, .T. ) ;
#1301 = CARTESIAN_POINT ( 'NONE',  ( 15.89533448434039187, 35.46683368867975616, -17.01930098959150683 ) ) ;
#1302 = VERTEX_POINT ( 'NONE', #786 ) ;
#1303 = DIRECTION ( 'NONE',  ( 0.000000000000000000, -3.469446951953614189E-15, 1.000000000000000000 ) ) ;
#1304 = B_SPLINE_CURVE_WITH_KNOTS ( 'NONE', 3,
 ( #1194, #366, #1329, #1607 ),
 .UNSPECIFIED., .F., .F.,
 ( 4, 4 ),
 ( 4.906538933386797396E-18, 4.444494126437186193E-05 ),
 .UNSPECIFIED. ) ;
#1305 = CARTESIAN_POINT ( 'NONE',  ( -14.87101306904771114, 45.84339775723731236, -17.95833960385073524 ) ) ;
#1306 = CARTESIAN_POINT ( 'NONE',  ( -16.10000000000000142, 7.901067378651795536, -12.03982574062491651 ) ) ;
#1307 = DIRECTION ( 'NONE',  ( -1.000000000000000000, 0.000000000000000000, -0.000000000000000000 ) ) ;
#1308 = EDGE_CURVE ( 'NONE', #119, #920, #648, .T. ) ;
#1309 = CARTESIAN_POINT ( 'NONE',  ( -16.10000000000000142, 51.10441181543864531, -11.16602895327966394 ) ) ;
#1310 = CARTESIAN_POINT ( 'NONE',  ( -16.10000000000000142, 38.00000000000000711, -52.20000000000000995 ) ) ;
#1311 = EDGE_LOOP ( 'NONE', ( #1684, #1137, #603, #607, #1677 ) ) ;
#1312 = CARTESIAN_POINT ( 'NONE',  ( -13.09999999999998721, 64.23716475095785938, -18.09999999999999787 ) ) ;
#1313 = CARTESIAN_POINT ( 'NONE',  ( -15.74548767608029465, 37.55021663705660728, -70.00000000000004263 ) ) ;
#1314 = CIRCLE ( 'NONE', #1695, 131.2349999999999852 ) ;
#1315 = VERTEX_POINT ( 'NONE', #822 ) ;
#1316 = EDGE_CURVE ( 'NONE', #1271, #1516, #286, .T. ) ;
#1317 = CARTESIAN_POINT ( 'NONE',  ( 13.59999999999998721, 64.07890963596733513, -16.77712434446770118 ) ) ;
#1318 = PRODUCT_DEFINITION_CONTEXT ( 'detailed design', #1218, 'design' ) ;
#1319 = CARTESIAN_POINT ( 'NONE',  ( -15.49638802089741851, 15.19651094853993101, -17.56065633125614411 ) ) ;
#1320 = AXIS2_PLACEMENT_3D ( 'NONE', #627, #78, #1334 ) ;
#1321 = CARTESIAN_POINT ( 'NONE',  ( -13.41213639625727438, 56.71118012356141946, -16.77566188617452170 ) ) ;
#1322 = CARTESIAN_POINT ( 'NONE',  ( 16.10000000000002274, 27.90000000000000568, -66.85708020036734922 ) ) ;
#1323 = ORIENTED_EDGE ( 'NONE', *, *, #832, .F. ) ;
#1324 = CARTESIAN_POINT ( 'NONE',  ( 13.09999999999998721, 55.79999999999999716, -76.09999999999999432 ) ) ;
#1325 = CARTESIAN_POINT ( 'NONE',  ( -14.86568773736950533, 45.86423685234235847, -68.17906179957773816 ) ) ;
#1326 = CARTESIAN_POINT ( 'NONE',  ( -6.099999999999999645, 0.000000000000000000, -10.16274606680621240 ) ) ;
#1327 =( BOUNDED_SURFACE ( )  B_SPLINE_SURFACE ( 3, 2, ( 
 ( #971, #1238, #1111 ),
 ( #426, #1246, #1377 ),
 ( #691, #1796, #289 ),
 ( #112, #1537, #1502 ),
 ( #1673, #982, #1120 ),
 ( #1653, #817, #535 ),
 ( #406, #963, #551 ),
 ( #846, #1396, #529 ),
 ( #561, #1636, #148 ),
 ( #1094, #810, #1222 ) ),
 .UNSPECIFIED., .F., .F., .T. ) 
 B_SPLINE_SURFACE_WITH_KNOTS ( ( 4, 2, 2, 2, 4 ),
 ( 3, 3 ),
 ( -2.862293735361731706E-17, 0.002712097215831822585, 0.005424194431663673793, 0.01084838886332737534, 0.02169677772665477844 ),
 ( 0.000000000000000000, 1.000000000000000000 ),
 .UNSPECIFIED. ) 
 GEOMETRIC_REPRESENTATION_ITEM ( )  RATIONAL_B_SPLINE_SURFACE ( (
 ( 1.000000000000000000, 0.9574271077563379917, 1.000000000000000000),
 ( 1.000000000000000000, 0.9613218618589746134, 1.000000000000000000),
 ( 1.000000000000000000, 0.9648394299796149154, 1.000000000000000000),
 ( 1.000000000000000000, 0.9712818424356349789, 1.000000000000000000),
 ( 1.000000000000000000, 0.9742055319283251524, 1.000000000000000000),
 ( 1.000000000000000000, 0.9822014040005530022, 1.000000000000000000),
 ( 1.000000000000000000, 0.9865030276997533987, 1.000000000000000000),
 ( 1.000000000000000000, 0.9967318631650523564, 1.000000000000000000),
 ( 1.000000000000000000, 0.9999799597496703552, 1.000000000000000000),
 ( 1.000000000000000000, 1.000000000000000000, 1.000000000000000000) ) ) 
 REPRESENTATION_ITEM ( '' )  SURFACE ( )  );
#1328 = CARTESIAN_POINT ( 'NONE',  ( -15.84611406098873587, 18.75193752540747028, -16.72848824384955080 ) ) ;
#1329 = CARTESIAN_POINT ( 'NONE',  ( -13.59024284550479322, 55.85144940299949923, -16.78818791773823449 ) ) ;
#1330 = CARTESIAN_POINT ( 'NONE',  ( -16.10000000000000142, 5.801800569731610402, -11.47094580775082839 ) ) ;
#1331 = ORIENTED_EDGE ( 'NONE', *, *, #952, .F. ) ;
#1332 = EDGE_CURVE ( 'NONE', #1567, #1435, #651, .T. ) ;
#1333 = CARTESIAN_POINT ( 'NONE',  ( 0.000000000000000000, 37.00000000000000000, -26.09999999999999787 ) ) ;
#1334 = DIRECTION ( 'NONE',  ( 0.000000000000000000, -0.000000000000000000, -1.000000000000000000 ) ) ;
#1335 = CARTESIAN_POINT ( 'NONE',  ( 0.000000000000000000, 68.00000000000000000, 0.000000000000000000 ) ) ;
#1336 = CARTESIAN_POINT ( 'NONE',  ( 6.118291186225390810, 48.15551369945636395, -66.82683870768268264 ) ) ;
#1337 = CARTESIAN_POINT ( 'NONE',  ( 13.78989429232179020, 54.69560486639108632, -16.85736859458454262 ) ) ;
#1338 =( NAMED_UNIT ( * ) PLANE_ANGLE_UNIT ( ) SI_UNIT ( $, .RADIAN. ) );
#1339 = CARTESIAN_POINT ( 'NONE',  ( 11.49943001320184344, 31.59381259852522916, -68.81223301260989444 ) ) ;
#1340 = CARTESIAN_POINT ( 'NONE',  ( 13.09999999999998721, 55.79999999999999716, -17.86412273665619921 ) ) ;
#1341 = CARTESIAN_POINT ( 'NONE',  ( -15.93286691805237432, 21.27886063039619557, -58.30274513496064515 ) ) ;
#1342 = ORIENTED_EDGE ( 'NONE', *, *, #935, .F. ) ;
#1343 = AXIS2_PLACEMENT_3D ( 'NONE', #1310, #771, #66 ) ;
#1344 = CARTESIAN_POINT ( 'NONE',  ( -16.10000000000000142, 55.03687528067545287, -10.16274606681110981 ) ) ;
#1345 = DIRECTION ( 'NONE',  ( 1.000000000000000000, 0.000000000000000000, 0.000000000000000000 ) ) ;
#1346 = EDGE_LOOP ( 'NONE', ( #989, #780, #1405, #1418, #1119 ) ) ;
#1347 = EDGE_CURVE ( 'NONE', #643, #497, #118, .T. ) ;
#1348 = CARTESIAN_POINT ( 'NONE',  ( 5.748618704872409779, 25.64626693790494727, -65.02318125595748199 ) ) ;
#1349 = CARTESIAN_POINT ( 'NONE',  ( 16.00424597145819661, 22.86803664199251074, -61.61828723284514808 ) ) ;
#1350 = CARTESIAN_POINT ( 'NONE',  ( -15.94922838995623948, 21.60825526924691431, -59.15405488317595939 ) ) ;
#1351 = EDGE_CURVE ( 'NONE', #1271, #584, #993, .T. ) ;
#1352 = CARTESIAN_POINT ( 'NONE',  ( 16.06178369632330671, 24.25028537006218698, -16.46017673295865080 ) ) ;
#1353 = EDGE_CURVE ( 'NONE', #614, #706, #980, .T. ) ;
#1354 = CARTESIAN_POINT ( 'NONE',  ( -9.783697287752888272, 73.49999999999998579, -12.79832278901879938 ) ) ;
#1355 = CARTESIAN_POINT ( 'NONE',  ( -115.1349999999999767, 27.90000000000000213, -18.09999999999999787 ) ) ;
#1356 = CARTESIAN_POINT ( 'NONE',  ( -13.59999999999998899, 55.85007866322386150, -16.77712434446770118 ) ) ;
#1357 = CARTESIAN_POINT ( 'NONE',  ( 13.57097657477297759, 55.85059676373022342, -16.81078032705551806 ) ) ;
#1358 = CARTESIAN_POINT ( 'NONE',  ( 16.09999999999999787, 26.08404511344970444, -16.32588038152877985 ) ) ;
#1359 = CARTESIAN_POINT ( 'NONE',  ( 14.45955170669751411, 48.67310121257854405, -18.10000000000000142 ) ) ;
#1360 = CARTESIAN_POINT ( 'NONE',  ( 15.67007182668529452, 55.39965896645789201, -13.12655239684367992 ) ) ;
#1361 = CARTESIAN_POINT ( 'NONE',  ( 13.34361472748206978, 54.65674456477322707, -58.50350786415712179 ) ) ;
#1362 = CARTESIAN_POINT ( 'NONE',  ( 16.09999999999998721, 50.89869561518666785, -18.09999999999999787 ) ) ;
#1363 = CARTESIAN_POINT ( 'NONE',  ( 15.84611406116207277, 18.75193752530282154, -16.72848824307385485 ) ) ;
#1364 = ADVANCED_FACE ( 'NONE', ( #1670 ), #370, .F. ) ;
#1365 = CARTESIAN_POINT ( 'NONE',  ( 15.24071501296998399, 43.01347383783005540, -17.77510671097532935 ) ) ;
#1366 = CARTESIAN_POINT ( 'NONE',  ( -15.44098533481708913, 13.43485675258382273, -17.00916462824073605 ) ) ;
#1367 = ORIENTED_EDGE ( 'NONE', *, *, #1637, .T. ) ;
#1368 = CARTESIAN_POINT ( 'NONE',  ( 13.22943531287687335, 55.19885507763639509, -56.82424060093093487 ) ) ;
#1369 = CARTESIAN_POINT ( 'NONE',  ( -2.108124581192396541, 73.50000000000002842, -12.53104125712680350 ) ) ;
#1370 = AXIS2_PLACEMENT_3D ( 'NONE', #280, #1521, #1216 ) ;
#1371 = SHAPE_DEFINITION_REPRESENTATION ( #492, #503 ) ;
#1372 = CARTESIAN_POINT ( 'NONE',  ( 16.09999999999999787, 27.90000000000000213, -16.09999999999999787 ) ) ;
#1373 = CARTESIAN_POINT ( 'NONE',  ( -16.10000000000000142, 38.00000000000000711, -70.00000000000000000 ) ) ;
#1374 = CARTESIAN_POINT ( 'NONE',  ( 10.92068633697117797, 30.50406263494360815, -68.34945527458107506 ) ) ;
#1375 = CARTESIAN_POINT ( 'NONE',  ( 16.09999999999999076, 27.90000000000000213, -16.10000000000000142 ) ) ;
#1376 = ORIENTED_EDGE ( 'NONE', *, *, #403, .F. ) ;
#1377 = CARTESIAN_POINT ( 'NONE',  ( -16.10000000000000142, 48.27343412490538554, -11.94151757757420285 ) ) ;
#1378 = AXIS2_PLACEMENT_3D ( 'NONE', #1263, #1136, #559 ) ;
#1379 = ORIENTED_EDGE ( 'NONE', *, *, #840, .F. ) ;
#1380 = ADVANCED_FACE ( 'NONE', ( #1108 ), #1651, .F. ) ;
#1381 = CARTESIAN_POINT ( 'NONE',  ( 16.10000000000000142, 25.87985839830909995, -15.73122160101214284 ) ) ;
#1382 = CARTESIAN_POINT ( 'NONE',  ( 16.10000000000000142, 3.979198447587044551, -10.90275447359696770 ) ) ;
#1383 = CARTESIAN_POINT ( 'NONE',  ( -14.74794904881821900, 46.78544932683104918, -18.01934203036627125 ) ) ;
#1384 = PLANE ( 'NONE',  #1716 ) ;
#1385 = ORIENTED_EDGE ( 'NONE', *, *, #243, .T. ) ;
#1386 = CARTESIAN_POINT ( 'NONE',  ( 15.14343894882750874, 43.72619340843527169, -69.06386300096589537 ) ) ;
#1387 = AXIS2_PLACEMENT_3D ( 'NONE', #1692, #954, #255 ) ;
#1388 = CARTESIAN_POINT ( 'NONE',  ( 7.500000000000000000, 73.07211421989835287, -14.24640305480650504 ) ) ;
#1389 =( BOUNDED_SURFACE ( )  B_SPLINE_SURFACE ( 3, 2, ( 
 ( #1470, #220, #478 ),
 ( #613, #496, #750 ),
 ( #1438, #350, #779 ),
 ( #81, #320, #642 ),
 ( #180, #1750, #1590 ),
 ( #1035, #359, #331 ),
 ( #43, #1014, #1571 ),
 ( #340, #1448, #1170 ),
 ( #1301, #1722, #189 ),
 ( #880, #1293, #602 ),
 ( #1159, #1713, #1024 ),
 ( #1734, #1581, #1459 ) ),
 .UNSPECIFIED., .F., .F., .T. ) 
 B_SPLINE_SURFACE_WITH_KNOTS ( ( 4, 2, 2, 2, 2, 4 ),
 ( 3, 3 ),
 ( 0.008480358084164791796, 0.01137610088908670367, 0.01427184369400861727, 0.02006332930385244448, 0.02585481491369626822, 0.03164630052354009543 ),
 ( 0.000000000000000000, 0.4088333498298243329 ),
 .UNSPECIFIED. ) 
 GEOMETRIC_REPRESENTATION_ITEM ( )  RATIONAL_B_SPLINE_SURFACE ( (
 ( 1.000000000000000000, 0.8802554842100555055, 0.8584220714484176451),
 ( 1.000000000000000000, 0.8921538877297187087, 0.8724899501506022670),
 ( 1.000000000000000000, 0.9026506285216537862, 0.8849005963339481307),
 ( 1.000000000000000000, 0.9215420165423264809, 0.9072365134804402098),
 ( 1.000000000000000000, 0.9299352580302591154, 0.9171601223894212396),
 ( 1.000000000000000000, 0.9525338284673361411, 0.9438791647572642995),
 ( 1.000000000000000000, 0.9642181876959181608, 0.9576939717663559559),
 ( 1.000000000000000000, 0.9825228135053347689, 0.9793361404110987323),
 ( 1.000000000000000000, 0.9891143076557176173, 0.9871294834440949018),
 ( 1.000000000000000000, 0.9978578087131295682, 0.9974672159058342036),
 ( 1.000000000000000000, 0.9999948621167679130, 0.9999939253095615488),
 ( 1.000000000000000000, 1.000000000000000000, 1.000000000000000000) ) ) 
 REPRESENTATION_ITEM ( '' )  SURFACE ( )  );
#1390 = VERTEX_POINT ( 'NONE', #1683 ) ;
#1391 = CARTESIAN_POINT ( 'NONE',  ( 16.10000000000000142, 68.00000000000000000, 0.000000000000000000 ) ) ;
#1392 = ORIENTED_EDGE ( 'NONE', *, *, #1332, .T. ) ;
#1393 = CARTESIAN_POINT ( 'NONE',  ( -8.364450010518016398, 27.43536363841668191, -66.52927860949716887 ) ) ;
#1394 = CARTESIAN_POINT ( 'NONE',  ( 15.52100109567138553, 15.45764647435476213, -17.53558887447587367 ) ) ;
#1395 = EDGE_LOOP ( 'NONE', ( #1059, #1445, #994, #772, #911, #721 ) ) ;
#1396 = CARTESIAN_POINT ( 'NONE',  ( -16.09999999995637765, 35.20984804910820287, -15.72631714632100319 ) ) ;
#1397 = EDGE_CURVE ( 'NONE', #1302, #1604, #476, .T. ) ;
#1398 = CIRCLE ( 'NONE', #1661, 12.69999999999999929 ) ;
#1399 = CYLINDRICAL_SURFACE ( 'NONE', #179, 131.2349999999999852 ) ;
#1400 = VERTEX_POINT ( 'NONE', #1786 ) ;
#1401 = CARTESIAN_POINT ( 'NONE',  ( 16.10000000000621512, 35.21036614330003545, -15.72628637259436069 ) ) ;
#1402 = PLANE ( 'NONE',  #1725 ) ;
#1403 = PLANE ( 'NONE',  #1320 ) ;
#1404 = ADVANCED_FACE ( 'NONE', ( #157 ), #720, .T. ) ;
#1405 = ORIENTED_EDGE ( 'NONE', *, *, #1498, .T. ) ;
#1406 = CARTESIAN_POINT ( 'NONE',  ( 16.10000000000000142, 31.45859572990594799, -15.45037555096907944 ) ) ;
#1407 = CARTESIAN_POINT ( 'NONE',  ( -16.10000000000000853, 24.28087815827914753, -16.36773761201747135 ) ) ;
#1408 = ORIENTED_EDGE ( 'NONE', *, *, #334, .F. ) ;
#1409 = ADVANCED_FACE ( 'NONE', ( #969 ), #274, .F. ) ;
#1410 = CARTESIAN_POINT ( 'NONE',  ( -10.61475234335982698, 44.01565842382026261, -68.96599515792760826 ) ) ;
#1411 = CARTESIAN_POINT ( 'NONE',  ( -16.09999999999999787, 13.78123068371284887, -13.40260804123705896 ) ) ;
#1412 = EDGE_LOOP ( 'NONE', ( #834, #868, #1298 ) ) ;
#1413 = CARTESIAN_POINT ( 'NONE',  ( 16.10000000000000142, 42.11131859901884411, -13.38364867587508300 ) ) ;
#1414 = CARTESIAN_POINT ( 'NONE',  ( 13.09999999999998721, 63.76973180076629433, -18.09999999999998366 ) ) ;
#1415 = CARTESIAN_POINT ( 'NONE',  ( -16.10000000000000142, 35.01752030716042441, -14.80266851109779935 ) ) ;
#1416 = ORIENTED_EDGE ( 'NONE', *, *, #53, .T. ) ;
#1417 = CARTESIAN_POINT ( 'NONE',  ( 9.343595243272186934, 73.45450723558597872, -13.12253999079026734 ) ) ;
#1418 = ORIENTED_EDGE ( 'NONE', *, *, #217, .T. ) ;
#1419 = LINE ( 'NONE', #168, #791 ) ;
#1420 = CARTESIAN_POINT ( 'NONE',  ( 13.59999999999998899, 55.85007866322386150, -16.77712434446770118 ) ) ;
#1421 = ORIENTED_EDGE ( 'NONE', *, *, #187, .F. ) ;
#1422 = CARTESIAN_POINT ( 'NONE',  ( -7.500000000000000000, 73.07211421989835287, -14.24640305480650504 ) ) ;
#1423 = CARTESIAN_POINT ( 'NONE',  ( 14.10516935708197650, 3.071592505138431406, -16.93017077217955091 ) ) ;
#1424 = FACE_OUTER_BOUND ( 'NONE', #332, .T. ) ;
#1425 = EDGE_LOOP ( 'NONE', ( #776, #1385, #1156 ) ) ;
#1426 = DIRECTION ( 'NONE',  ( 1.000000000000000000, 0.000000000000000000, 0.000000000000000000 ) ) ;
#1427 = DIRECTION ( 'NONE',  ( 0.000000000000000000, 0.000000000000000000, 1.000000000000000000 ) ) ;
#1428 = CARTESIAN_POINT ( 'NONE',  ( -16.10000000000000142, 4.814434938900676642, -11.18313876232510395 ) ) ;
#1429 = ORIENTED_EDGE ( 'NONE', *, *, #597, .T. ) ;
#1430 = CARTESIAN_POINT ( 'NONE',  ( 14.34947003530231768, 6.536444015487717252, -17.90944713362800655 ) ) ;
#1431 = EDGE_CURVE ( 'NONE', #706, #482, #1100, .T. ) ;
#1432 = VECTOR ( 'NONE', #210, 1000.000000000000000 ) ;
#1433 = CARTESIAN_POINT ( 'NONE',  ( 115.1349999999999767, 27.90000000000000213, -76.09999999999999432 ) ) ;
#1434 = FACE_OUTER_BOUND ( 'NONE', #1011, .T. ) ;
#1435 = VERTEX_POINT ( 'NONE', #401 ) ;
#1436 = CARTESIAN_POINT ( 'NONE',  ( 0.000000000000000000, 73.50000000000001421, 0.000000000000000000 ) ) ;
#1437 = CARTESIAN_POINT ( 'NONE',  ( -5.422176469684460542, 48.49082260382668608, -66.58154678989042452 ) ) ;
#1438 = CARTESIAN_POINT ( 'NONE',  ( 14.44913446097610255, 48.67224773917242686, -18.07931346412799556 ) ) ;
#1439 = EDGE_LOOP ( 'NONE', ( #1141, #1416, #1342, #1532, #710, #275, #1595 ) ) ;
#1440 = DIRECTION ( 'NONE',  ( 0.000000000000000000, 0.000000000000000000, -1.000000000000000000 ) ) ;
#1441 = CARTESIAN_POINT ( 'NONE',  ( -12.66056870760551512, 38.00000000000000711, -70.00000000000001421 ) ) ;
#1442 = ADVANCED_FACE ( 'NONE', ( #961 ), #1384, .F. ) ;
#1443 = CARTESIAN_POINT ( 'NONE',  ( -16.10000000000000142, 49.14621376086532223, -11.70243738989024251 ) ) ;
#1444 = VECTOR ( 'NONE', #1771, 1000.000000000000000 ) ;
#1445 = ORIENTED_EDGE ( 'NONE', *, *, #1801, .F. ) ;
#1446 = PLANE ( 'NONE',  #611 ) ;
#1447 = CARTESIAN_POINT ( 'NONE',  ( 16.10000000000000142, 38.00000000000000711, -10.16274606680621417 ) ) ;
#1448 = CARTESIAN_POINT ( 'NONE',  ( 15.76926265063737098, 37.39895383524513761, -16.98911477409881243 ) ) ;
#1449 = ORIENTED_EDGE ( 'NONE', *, *, #1160, .T. ) ;
#1450 = EDGE_CURVE ( 'NONE', #434, #321, #1451, .T. ) ;
#1451 = B_SPLINE_CURVE_WITH_KNOTS ( 'NONE', 3,
 ( #688, #1244, #1794, #1417, #629, #186 ),
 .UNSPECIFIED., .F., .F.,
 ( 4, 2, 4 ),
 ( 0.000000000000000000, 0.001641740368720700062, 0.003283480737441400125 ),
 .UNSPECIFIED. ) ;
#1452 = B_SPLINE_CURVE_WITH_KNOTS ( 'NONE', 3,
 ( #605, #1584, #1593, #471, #921, #1048, #1461, #58, #480, #1027, #636, #1615, #1063, #912, #1039, #774 ),
 .UNSPECIFIED., .F., .F.,
 ( 4, 2, 2, 2, 2, 2, 2, 4 ),
 ( 0.000000000000000000, 0.001808709725813337308, 0.002713064588720007046, 0.003617419451626676351, 0.005426129177440010623, 0.006330484040346677325, 0.006782661471800009376, 0.007234838903253341426 ),
 .UNSPECIFIED. ) ;
#1453 = DIRECTION ( 'NONE',  ( 0.000000000000000000, 0.000000000000000000, -1.000000000000000000 ) ) ;
#1454 = CARTESIAN_POINT ( 'NONE',  ( -13.48271383292744474, 53.98293122676865607, -60.12157263166544396 ) ) ;
#1455 = ORIENTED_EDGE ( 'NONE', *, *, #800, .T. ) ;
#1456 = CARTESIAN_POINT ( 'NONE',  ( 16.10000000000000142, 0.000000000000000000, 0.000000000000000000 ) ) ;
#1457 = CARTESIAN_POINT ( 'NONE',  ( -15.91015421308109801, 20.61041918508936277, -16.79831071165145318 ) ) ;
#1458 = CARTESIAN_POINT ( 'NONE',  ( -16.10000000000000142, 55.07231608732800510, -10.15397131704714795 ) ) ;
#1459 = CARTESIAN_POINT ( 'NONE',  ( 16.10000000000000853, 27.90000000000000213, -16.09999999999999787 ) ) ;
#1460 = ORIENTED_EDGE ( 'NONE', *, *, #1353, .T. ) ;
#1461 = CARTESIAN_POINT ( 'NONE',  ( -15.34816248738074407, 55.50450685859450317, -13.97891232191765098 ) ) ;
#1462 = CARTESIAN_POINT ( 'NONE',  ( -13.84805382794189654, 52.11032755808059136, -63.06648459621556668 ) ) ;
#1463 = ORIENTED_EDGE ( 'NONE', *, *, #1782, .T. ) ;
#1464 = AXIS2_PLACEMENT_3D ( 'NONE', #213, #489, #1303 ) ;
#1465 = CARTESIAN_POINT ( 'NONE',  ( 12.59640484507595914, 38.81235099010078926, -70.00000000000000000 ) ) ;
#1466 = AXIS2_PLACEMENT_3D ( 'NONE', #799, #101, #1610 ) ;
#1467 =( BOUNDED_CURVE ( )  B_SPLINE_CURVE ( 3, ( #92, #523, #668, #1225 ),
 .UNSPECIFIED., .F., .T. ) 
 B_SPLINE_CURVE_WITH_KNOTS ( ( 4, 4 ),
 ( 3.141592653589793116, 6.283185307179586232 ),
 .UNSPECIFIED. ) 
 CURVE ( )  GEOMETRIC_REPRESENTATION_ITEM ( )  RATIONAL_B_SPLINE_CURVE ( ( 1.000000000000000000, 0.3333333333333333703, 0.3333333333333333703, 1.000000000000000000 ) ) 
 REPRESENTATION_ITEM ( '' )  );
#1468 = ADVANCED_FACE ( 'NONE', ( #1157 ), #1446, .T. ) ;
#1469 = FACE_OUTER_BOUND ( 'NONE', #1546, .T. ) ;
#1470 = CARTESIAN_POINT ( 'NONE',  ( 14.13002214132921708, 50.55346057011312411, -18.09999999999999787 ) ) ;
#1471 = ORIENTED_EDGE ( 'NONE', *, *, #1199, .F. ) ;
#1472 = CYLINDRICAL_SURFACE ( 'NONE', #769, 16.10000000000000142 ) ;
#1473 = CARTESIAN_POINT ( 'NONE',  ( -15.94077848854152890, 21.43547305162744721, -58.73185335831034593 ) ) ;
#1474 = VERTEX_POINT ( 'NONE', #907 ) ;
#1475 = CARTESIAN_POINT ( 'NONE',  ( -16.10000000000525233, 26.07838915391889856, -16.27976108177566061 ) ) ;
#1476 = DIRECTION ( 'NONE',  ( -0.000000000000000000, -0.000000000000000000, 1.000000000000000000 ) ) ;
#1477 = FILL_AREA_STYLE_COLOUR ( '', #68 ) ;
#1478 = CARTESIAN_POINT ( 'NONE',  ( -16.05903004096594344, 31.68600326256220612, -16.57098498934944431 ) ) ;
#1479 = CARTESIAN_POINT ( 'NONE',  ( 0.000000000000000000, 68.00000000000000000, 0.000000000000000000 ) ) ;
#1480 = CARTESIAN_POINT ( 'NONE',  ( -14.27170529325622539, 49.74543849239923787, -65.62481011152782173 ) ) ;
#1481 = VERTEX_POINT ( 'NONE', #1012 ) ;
#1482 = ADVANCED_FACE ( 'NONE', ( #198 ), #63, .F. ) ;
#1483 = CARTESIAN_POINT ( 'NONE',  ( -14.43854433697570627, 7.063540257634381980, -18.08133561002575007 ) ) ;
#1484 = CARTESIAN_POINT ( 'NONE',  ( 14.97683116103850232, 55.60640341607484061, -14.80614686706991634 ) ) ;
#1485 = ORIENTED_EDGE ( 'NONE', *, *, #935, .T. ) ;
#1486 = CARTESIAN_POINT ( 'NONE',  ( 16.10000000000000142, 55.80000000000000426, -52.20000000000000995 ) ) ;
#1487 = CARTESIAN_POINT ( 'NONE',  ( -5.739761295742097147, 25.66395926641188652, -65.03476728547067864 ) ) ;
#1488 = EDGE_CURVE ( 'NONE', #1294, #283, #33, .T. ) ;
#1489 = CARTESIAN_POINT ( 'NONE',  ( -16.02198782577080749, 23.34237055013379347, -62.33932906839123689 ) ) ;
#1490 = ADVANCED_FACE ( 'NONE', ( #876 ), #841, .F. ) ;
#1491 = CARTESIAN_POINT ( 'NONE',  ( 15.59599351819459834, 15.10712773753784433, -16.91112855602691667 ) ) ;
#1492 = AXIS2_PLACEMENT_3D ( 'NONE', #386, #377, #121 ) ;
#1493 = DIRECTION ( 'NONE',  ( 1.000000000000000000, -0.000000000000000000, -0.000000000000000000 ) ) ;
#1494 = CARTESIAN_POINT ( 'NONE',  ( -7.499999999999987566, 63.43409873265100174, -19.53606935701783698 ) ) ;
#1495 = VERTEX_POINT ( 'NONE', #756 ) ;
#1496 = CARTESIAN_POINT ( 'NONE',  ( -16.09999999999999432, 49.94279642192050517, -14.61042039448556729 ) ) ;
#1497 = CARTESIAN_POINT ( 'NONE',  ( -0.8419025219589657549, 73.49344579221848051, -12.67916629120150418 ) ) ;
#1498 = EDGE_CURVE ( 'NONE', #434, #453, #1032, .T. ) ;
#1499 = CARTESIAN_POINT ( 'NONE',  ( 15.91015421308011391, 20.61041918504143666, -16.79831071133629905 ) ) ;
#1500 = CARTESIAN_POINT ( 'NONE',  ( 14.74786566768075780, 46.78611560223902188, -18.01938903354081134 ) ) ;
#1501 = FACE_OUTER_BOUND ( 'NONE', #488, .T. ) ;
#1502 = CARTESIAN_POINT ( 'NONE',  ( -16.10000000000000142, 45.63986055968405964, -12.59156350338190400 ) ) ;
#1503 = CARTESIAN_POINT ( 'NONE',  ( 10.21259276566452634, 73.50000000000001421, -12.44640305480650433 ) ) ;
#1504 = CARTESIAN_POINT ( 'NONE',  ( 1.555301434917138433E-15, -4.635142468514471759, 12.69999999999999929 ) ) ;
#1505 = DIRECTION ( 'NONE',  ( -0.000000000000000000, 0.9644688522973081657, 0.2641965801222889154 ) ) ;
#1506 = CARTESIAN_POINT ( 'NONE',  ( 15.95561827691710555, 20.78766852203292004, -16.98627420932713505 ) ) ;
#1507 = ORIENTED_EDGE ( 'NONE', *, *, #1038, .T. ) ;
#1508 = CARTESIAN_POINT ( 'NONE',  ( 13.10000000000001386, 55.80000000000000426, -53.38242585468308476 ) ) ;
#1509 =( BOUNDED_CURVE ( )  B_SPLINE_CURVE ( 3, ( #466, #731, #600, #26 ),
 .UNSPECIFIED., .F., .F. ) 
 B_SPLINE_CURVE_WITH_KNOTS ( ( 4, 4 ),
 ( 1.570796326794903219, 2.293530574608315664 ),
 .UNSPECIFIED. ) 
 CURVE ( )  GEOMETRIC_REPRESENTATION_ITEM ( )  RATIONAL_B_SPLINE_CURVE ( ( 1.000000000000000000, 0.9569428977956572213, 0.9569428977956572213, 1.000000000000000000 ) ) 
 REPRESENTATION_ITEM ( '' )  );
#1510 = CYLINDRICAL_SURFACE ( 'NONE', #1492, 17.79999999999999716 ) ;
#1511 = CARTESIAN_POINT ( 'NONE',  ( -15.51612786818928313, 40.31924195738918826, -69.88695309873405392 ) ) ;
#1512 = CARTESIAN_POINT ( 'NONE',  ( 14.74677250044032029, 6.972640885183778892, -16.99667388301748971 ) ) ;
#1513 = LINE ( 'NONE', #1234, #976 ) ;
#1514 = DIRECTION ( 'NONE',  ( -0.000000000000000000, -1.000000000000000000, -0.000000000000000000 ) ) ;
#1515 = CARTESIAN_POINT ( 'NONE',  ( -7.500000000000000000, 73.50000000000001421, -14.24640305480650504 ) ) ;
#1516 = VERTEX_POINT ( 'NONE', #867 ) ;
#1517 = CARTESIAN_POINT ( 'NONE',  ( 14.05599070584439936, 50.97566854151012450, -64.39865725718176748 ) ) ;
#1518 = EDGE_CURVE ( 'NONE', #135, #680, #41, .T. ) ;
#1519 = CARTESIAN_POINT ( 'NONE',  ( -16.10000000000000497, 25.87985839832149537, -15.73122160093700117 ) ) ;
#1520 = VERTEX_POINT ( 'NONE', #1167 ) ;
#1521 = DIRECTION ( 'NONE',  ( 0.000000000000000000, 0.000000000000000000, 1.000000000000000000 ) ) ;
#1522 = CARTESIAN_POINT ( 'NONE',  ( 16.09999999999999787, 27.90000000000000213, -16.09999999999999787 ) ) ;
#1523 = CARTESIAN_POINT ( 'NONE',  ( -16.10000000000000142, 27.90000000000001634, -16.09999999999999787 ) ) ;
#1524 = CARTESIAN_POINT ( 'NONE',  ( -16.09999999999999076, 27.90000000000000213, -16.10000000000000142 ) ) ;
#1525 = CARTESIAN_POINT ( 'NONE',  ( 16.10000000000001208, 24.34338366979022439, -16.54239525406050504 ) ) ;
#1526 = ORIENTED_EDGE ( 'NONE', *, *, #169, .T. ) ;
#1527 = CARTESIAN_POINT ( 'NONE',  ( 13.09999999999998721, 55.79999999999999716, -52.20000000000000995 ) ) ;
#1528 = AXIS2_PLACEMENT_3D ( 'NONE', #940, #1093, #1643 ) ;
#1529 = CARTESIAN_POINT ( 'NONE',  ( -16.10000000000000142, 11.77376598823908083, -12.97338163917680376 ) ) ;
#1530 = ORIENTED_EDGE ( 'NONE', *, *, #800, .F. ) ;
#1531 = CARTESIAN_POINT ( 'NONE',  ( 12.69999999999999929, 37.00000000000000000, -69.97188791321845258 ) ) ;
#1532 = ORIENTED_EDGE ( 'NONE', *, *, #1431, .F. ) ;
#1533 = CARTESIAN_POINT ( 'NONE',  ( 0.4359625039902839116, 24.30556799470358698, -63.57114109179548223 ) ) ;
#1534 = EDGE_CURVE ( 'NONE', #1128, #643, #204, .T. ) ;
#1535 = DIRECTION ( 'NONE',  ( -0.000000000000000000, -1.000000000000000000, -0.000000000000000000 ) ) ;
#1536 = VERTEX_POINT ( 'NONE', #1596 ) ;
#1537 = CARTESIAN_POINT ( 'NONE',  ( -16.09999999999999787, 46.20221522577191564, -14.97953815356021501 ) ) ;
#1538 = CARTESIAN_POINT ( 'NONE',  ( -16.10000000002138520, 25.83187385338089115, -15.99387981111002865 ) ) ;
#1539 = EDGE_CURVE ( 'NONE', #418, #614, #1587, .T. ) ;
#1540 = ORIENTED_EDGE ( 'NONE', *, *, #760, .T. ) ;
#1541 = CARTESIAN_POINT ( 'NONE',  ( -14.84535031194950960, 6.054814543230373047, -16.58981255082551343 ) ) ;
#1542 = CIRCLE ( 'NONE', #1079, 12.69999999999999929 ) ;
#1543 = FACE_OUTER_BOUND ( 'NONE', #1346, .T. ) ;
#1544 = EDGE_CURVE ( 'NONE', #479, #185, #1542, .T. ) ;
#1545 = DIRECTION ( 'NONE',  ( 0.000000000000000000, 0.000000000000000000, 1.000000000000000000 ) ) ;
#1546 = EDGE_LOOP ( 'NONE', ( #795, #1628, #563, #1255, #871 ) ) ;
#1547 = CARTESIAN_POINT ( 'NONE',  ( 16.10000000000000142, 40.34046685757813577, -13.74864893668033261 ) ) ;
#1548 = DIRECTION ( 'NONE',  ( -0.000000000000000000, -1.000000000000000000, -0.000000000000000000 ) ) ;
#1549 = ORIENTED_EDGE ( 'NONE', *, *, #248, .F. ) ;
#1550 = DIRECTION ( 'NONE',  ( -1.000000000000000000, 0.000000000000000000, 0.000000000000000000 ) ) ;
#1551 = CIRCLE ( 'NONE', #1001, 2.000000000000000000 ) ;
#1552 = CARTESIAN_POINT ( 'NONE',  ( -16.09999999999999787, 17.80582510490380344, -14.21990113680050172 ) ) ;
#1553 = VERTEX_POINT ( 'NONE', #1317 ) ;
#1554 = CARTESIAN_POINT ( 'NONE',  ( -12.69999999999999929, 37.00000000000000000, -69.97188791321846679 ) ) ;
#1555 = PRODUCT_DEFINITION_FORMATION_WITH_SPECIFIED_SOURCE ( 'ANY', '', #347, .NOT_KNOWN. ) ;
#1556 = CARTESIAN_POINT ( 'NONE',  ( 16.10000000000000142, 8.779014325933635732, -12.25950737821191794 ) ) ;
#1557 = CARTESIAN_POINT ( 'NONE',  ( -16.10000000000000142, 40.34036021541233197, -13.74867077935595105 ) ) ;
#1558 = VERTEX_POINT ( 'NONE', #608 ) ;
#1559 = CARTESIAN_POINT ( 'NONE',  ( 15.68434640046790030, 16.35930641066349267, -44.82347475330416131 ) ) ;
#1560 = VERTEX_POINT ( 'NONE', #894 ) ;
#1561 = CARTESIAN_POINT ( 'NONE',  ( -14.43793726120577148, 6.346693705827560983, -17.38954317187205234 ) ) ;
#1562 = CARTESIAN_POINT ( 'NONE',  ( -16.10000000000000497, 27.89999999999999858, -16.09999999999999787 ) ) ;
#1563 = VERTEX_POINT ( 'NONE', #327 ) ;
#1564 = CARTESIAN_POINT ( 'NONE',  ( -14.58448996925399577, 6.229198738626124943, -17.06761432209141915 ) ) ;
#1565 = CARTESIAN_POINT ( 'NONE',  ( 7.500000000000000000, 73.50000000000001421, -14.24640305480650504 ) ) ;
#1566 = CARTESIAN_POINT ( 'NONE',  ( -14.51359962103961543, 50.62068182740506472, -16.91423350889069965 ) ) ;
#1567 = VERTEX_POINT ( 'NONE', #72 ) ;
#1568 = DIRECTION ( 'NONE',  ( -0.000000000000000000, -1.000000000000000000, -0.000000000000000000 ) ) ;
#1569 = CARTESIAN_POINT ( 'NONE',  ( -7.428246263916575387, 47.32999423223187563, -67.36687089125858563 ) ) ;
#1570 = EDGE_CURVE ( 'NONE', #899, #1435, #1152, .T. ) ;
#1571 = CARTESIAN_POINT ( 'NONE',  ( 15.55394856345388277, 41.22272487272425678, -16.93244744750799669 ) ) ;
#1572 = ORIENTED_EDGE ( 'NONE', *, *, #1544, .F. ) ;
#1573 = LINE ( 'NONE', #314, #103 ) ;
#1574 = CARTESIAN_POINT ( 'NONE',  ( 16.09999999999823217, 7.076258437359477682, -14.74616721875238845 ) ) ;
#1575 = CARTESIAN_POINT ( 'NONE',  ( -16.10000000000000853, 27.90000000000001279, -16.09999999999999787 ) ) ;
#1576 =( BOUNDED_CURVE ( )  B_SPLINE_CURVE ( 3, ( #395, #534, #390, #97 ),
 .UNSPECIFIED., .F., .T. ) 
 B_SPLINE_CURVE_WITH_KNOTS ( ( 4, 4 ),
 ( 0.000000000000000000, 3.141592653589793116 ),
 .UNSPECIFIED. ) 
 CURVE ( )  GEOMETRIC_REPRESENTATION_ITEM ( )  RATIONAL_B_SPLINE_CURVE ( ( 1.000000000000000000, 0.3333333333333333703, 0.3333333333333333703, 1.000000000000000000 ) ) 
 REPRESENTATION_ITEM ( '' )  );
#1577 = ORIENTED_EDGE ( 'NONE', *, *, #609, .F. ) ;
#1578 = DIRECTION ( 'NONE',  ( 1.000000000000000000, 0.000000000000000000, 0.000000000000000000 ) ) ;
#1579 = CARTESIAN_POINT ( 'NONE',  ( -14.49871268649471467, 6.286540541846129315, -17.22472727079598087 ) ) ;
#1580 = EDGE_CURVE ( 'NONE', #1128, #1516, #589, .T. ) ;
#1581 = CARTESIAN_POINT ( 'NONE',  ( 16.10000000000000853, 27.90000000000000213, -16.09999999999999787 ) ) ;
#1582 = ORIENTED_EDGE ( 'NONE', *, *, #381, .F. ) ;
#1583 = CARTESIAN_POINT ( 'NONE',  ( -15.45458490264202922, 5.506135892430875423, -15.08646741904429334 ) ) ;
#1584 = CARTESIAN_POINT ( 'NONE',  ( -14.00281919187281154, 55.79348836438480674, -16.32037031374506597 ) ) ;
#1585 = CARTESIAN_POINT ( 'NONE',  ( -15.76912549860136359, 37.40082719140180956, -16.98926676082341913 ) ) ;
#1586 = ORIENTED_EDGE ( 'NONE', *, *, #1068, .T. ) ;
#1587 =( BOUNDED_CURVE ( )  B_SPLINE_CURVE ( 3, ( #1283, #1185, #206, #50 ),
 .UNSPECIFIED., .F., .F. ) 
 B_SPLINE_CURVE_WITH_KNOTS ( ( 4, 4 ),
 ( 0.8480620789814800053, 1.570796326794896114 ),
 .UNSPECIFIED. ) 
 CURVE ( )  GEOMETRIC_REPRESENTATION_ITEM ( )  RATIONAL_B_SPLINE_CURVE ( ( 1.000000000000000000, 0.9569428977956567772, 0.9569428977956567772, 1.000000000000000000 ) ) 
 REPRESENTATION_ITEM ( '' )  );
#1588 = CARTESIAN_POINT ( 'NONE',  ( 7.500000000000000000, 73.50000000000001421, -14.24640305480650504 ) ) ;
#1589 = CARTESIAN_POINT ( 'NONE',  ( 1.614636238094630194, 49.60359769908758665, -65.69811719821736062 ) ) ;
#1590 = CARTESIAN_POINT ( 'NONE',  ( 15.08924062796448951, 45.93527010733720317, -17.02997564814331355 ) ) ;
#1591 = ORIENTED_EDGE ( 'NONE', *, *, #1754, .F. ) ;
#1592 = LINE ( 'NONE', #900, #425 ) ;
#1593 = CARTESIAN_POINT ( 'NONE',  ( -14.35777295669745612, 55.73337983579002497, -15.83449191356900698 ) ) ;
#1594 = DIRECTION ( 'NONE',  ( 0.000000000000000000, 0.000000000000000000, 1.000000000000000000 ) ) ;
#1595 = ORIENTED_EDGE ( 'NONE', *, *, #865, .T. ) ;
#1596 = CARTESIAN_POINT ( 'NONE',  ( -14.43333333333332824, 50.60661530613315762, -17.03373956498170472 ) ) ;
#1597 = CARTESIAN_POINT ( 'NONE',  ( -15.49208687075288005, 15.14965293003688629, -17.22799116529674990 ) ) ;
#1598 = CARTESIAN_POINT ( 'NONE',  ( -16.09999999998599307, 54.01922722113352648, -14.14781275268653538 ) ) ;
#1599 = CARTESIAN_POINT ( 'NONE',  ( 12.69999999999999929, 36.11216729472975828, -69.92193077250243505 ) ) ;
#1600 = ORIENTED_EDGE ( 'NONE', *, *, #1223, .T. ) ;
#1601 = CARTESIAN_POINT ( 'NONE',  ( 7.499999999999994671, 63.37371507951636573, -19.79443220075786414 ) ) ;
#1602 = DIRECTION ( 'NONE',  ( 0.000000000000000000, 0.9737585865690228104, -0.2275834244471662826 ) ) ;
#1603 = EDGE_CURVE ( 'NONE', #508, #1787, #318, .T. ) ;
#1604 = VERTEX_POINT ( 'NONE', #740 ) ;
#1605 = DIRECTION ( 'NONE',  ( 0.000000000000000000, 1.000000000000000000, 0.000000000000000000 ) ) ;
#1606 = CARTESIAN_POINT ( 'NONE',  ( 5.432119859823794528, 48.50654481199623547, -66.57312187277258886 ) ) ;
#1607 = CARTESIAN_POINT ( 'NONE',  ( -13.59999999999998899, 55.85007866322386150, -16.77712434446770118 ) ) ;
#1608 = FACE_OUTER_BOUND ( 'NONE', #647, .T. ) ;
#1609 = ORIENTED_EDGE ( 'NONE', *, *, #790, .F. ) ;
#1610 = DIRECTION ( 'NONE',  ( 1.000000000000000000, 0.000000000000000000, 0.000000000000000000 ) ) ;
#1611 = CARTESIAN_POINT ( 'NONE',  ( -16.10000000000000142, 3.979198447587060095, -10.90275447359701033 ) ) ;
#1612 = CARTESIAN_POINT ( 'NONE',  ( -15.06765782959696942, 9.678510549690443554, -17.03145073166399115 ) ) ;
#1613 = PRESENTATION_STYLE_ASSIGNMENT (( #1061 ) ) ;
#1614 = CARTESIAN_POINT ( 'NONE',  ( 4.235704399200265868, 25.01974154776727133, -64.38147291667908689 ) ) ;
#1615 = CARTESIAN_POINT ( 'NONE',  ( -16.07244739201004435, 55.12930307523383533, -10.91973011362665602 ) ) ;
#1616 = CARTESIAN_POINT ( 'NONE',  ( -16.02922052133273567, 32.23095892768162685, -69.04520374398389038 ) ) ;
#1617 = ORIENTED_EDGE ( 'NONE', *, *, #565, .F. ) ;
#1618 = CARTESIAN_POINT ( 'NONE',  ( -15.30076674252669200, 13.32762058773327496, -17.34009038787165835 ) ) ;
#1619 = CARTESIAN_POINT ( 'NONE',  ( 15.99124870877551352, 55.22029344243605919, -11.66368235854440627 ) ) ;
#1620 = CARTESIAN_POINT ( 'NONE',  ( 14.71474024815260329, 48.72661081056337196, -17.10886264632151210 ) ) ;
#1621 = EDGE_CURVE ( 'NONE', #614, #1211, #1291, .T. ) ;
#1622 = CARTESIAN_POINT ( 'NONE',  ( 1.756028508757709439, 24.41426702905044976, -63.70099636068960081 ) ) ;
#1623 = CARTESIAN_POINT ( 'NONE',  ( 16.09358694062362005, 26.44036359702161931, -65.76693588613157715 ) ) ;
#1624 = CARTESIAN_POINT ( 'NONE',  ( -13.98539236897472549, 51.36683638101499128, -63.96900660375773384 ) ) ;
#1625 = CARTESIAN_POINT ( 'NONE',  ( 14.85822472235602731, 7.874865748897588169, -17.01708943497811077 ) ) ;
#1626 = CARTESIAN_POINT ( 'NONE',  ( -16.10000000000000142, 53.06744195873861969, -10.65053213346662631 ) ) ;
#1627 = CARTESIAN_POINT ( 'NONE',  ( 15.83001047742755851, 55.32852601326415254, -12.54714099885724821 ) ) ;
#1628 = ORIENTED_EDGE ( 'NONE', *, *, #865, .F. ) ;
#1629 = DIRECTION ( 'NONE',  ( 0.000000000000000000, 0.2275834244471662549, 0.9737585865690226994 ) ) ;
#1630 = B_SPLINE_CURVE_WITH_KNOTS ( 'NONE', 3,
 ( #209, #1620, #804, #244, #90, #219, #649, #74 ),
 .UNSPECIFIED., .F., .F.,
 ( 4, 2, 2, 4 ),
 ( 0.000000000000000000, 0.005705061661970454133, 0.01141012332394090827, 0.02282024664788181653 ),
 .UNSPECIFIED. ) ;
#1631 = CARTESIAN_POINT ( 'NONE',  ( -15.54857885962461239, 41.16880072663413159, -16.95855364079115191 ) ) ;
#1632 = CARTESIAN_POINT ( 'NONE',  ( -15.14343894882751407, 43.72619340843525038, -69.06386300096588116 ) ) ;
#1633 = CARTESIAN_POINT ( 'NONE',  ( 15.30762556593177237, 13.38566708063160782, -17.72470342785452146 ) ) ;
#1634 = CARTESIAN_POINT ( 'NONE',  ( -7.976155956117762180, 73.19842849247294225, -13.99573138300662301 ) ) ;
#1635 = CARTESIAN_POINT ( 'NONE',  ( 14.43333333333334245, 50.60661530613310077, -17.03373956498171893 ) ) ;
#1636 = CARTESIAN_POINT ( 'NONE',  ( -16.10000000006905552, 31.54369145075478897, -15.91303399656274742 ) ) ;
#1637 = EDGE_CURVE ( 'NONE', #1237, #479, #290, .T. ) ;
#1638 =( BOUNDED_SURFACE ( )  B_SPLINE_SURFACE ( 3, 2, ( 
 ( #669, #951, #1232 ),
 ( #1381, #262, #1783 ),
 ( #819, #1240, #1679 ),
 ( #38, #419, #1125 ),
 ( #163, #444, #432 ),
 ( #873, #9, #455 ),
 ( #282, #295, #975 ),
 ( #1556, #727, #566 ),
 ( #554, #1574, #595 ),
 ( #183, #19, #987 ),
 ( #1708, #462, #1423 ),
 ( #1288, #850, #999 ) ),
 .UNSPECIFIED., .F., .F., .T. ) 
 B_SPLINE_SURFACE_WITH_KNOTS ( ( 4, 2, 2, 2, 2, 4 ),
 ( 3, 3 ),
 ( -7.020968324454830505E-05, 0.006090292471553277083, 0.01225079462635110181, 0.01841129678114892740, 0.02149154785854784019, 0.02457179893594675299 ),
 ( 0.000000000000000000, 1.000000000000000000 ),
 .UNSPECIFIED. ) 
 GEOMETRIC_REPRESENTATION_ITEM ( )  RATIONAL_B_SPLINE_SURFACE ( (
 ( 1.000000000000000000, 1.000000000000000000, 1.000000000000000000),
 ( 1.000000000000000000, 0.9999982468406745095, 1.000000000000000000),
 ( 1.000000000000000000, 0.9989352310735525320, 1.000000000000000000),
 ( 1.000000000000000000, 0.9946222820248512564, 1.000000000000000000),
 ( 1.000000000000000000, 0.9913763990760728895, 1.000000000000000000),
 ( 1.000000000000000000, 0.9825097612472390995, 1.000000000000000000),
 ( 1.000000000000000000, 0.9769066945815184644, 1.000000000000000000),
 ( 1.000000000000000000, 0.9663153471282670548, 1.000000000000000000),
 ( 1.000000000000000000, 0.9624201916097918641, 1.000000000000000000),
 ( 1.000000000000000000, 0.9536675992511898237, 1.000000000000000000),
 ( 1.000000000000000000, 0.9488276129728137054, 1.000000000000000000),
 ( 1.000000000000000000, 0.9431245609717172629, 1.000000000000000000) ) ) 
 REPRESENTATION_ITEM ( '' )  SURFACE ( )  );
#1639 = B_SPLINE_CURVE_WITH_KNOTS ( 'NONE', 3,
 ( #802, #1354, #527, #1083, #1634, #808 ),
 .UNSPECIFIED., .F., .F.,
 ( 4, 2, 4 ),
 ( 0.000000000000000000, 0.001641740368720699846, 0.003283480737441399691 ),
 .UNSPECIFIED. ) ;
#1640 = CARTESIAN_POINT ( 'NONE',  ( -2.525282359916077635, 73.50000000000001421, -12.44640305480650433 ) ) ;
#1641 = CARTESIAN_POINT ( 'NONE',  ( 14.58037712607500680, 7.965647297758176926, -18.05210692130957995 ) ) ;
#1642 = CARTESIAN_POINT ( 'NONE',  ( -12.69999999999999929, 37.00000000000000000, -26.09999999999999787 ) ) ;
#1643 = DIRECTION ( 'NONE',  ( 1.000000000000000000, 0.000000000000000000, -0.000000000000000000 ) ) ;
#1644 = CARTESIAN_POINT ( 'NONE',  ( 15.07588580882434748, 44.27195667820926417, -68.86844896533126814 ) ) ;
#1645 = DIRECTION ( 'NONE',  ( -1.000000000000000000, 0.000000000000000000, 0.000000000000000000 ) ) ;
#1646 =( BOUNDED_SURFACE ( )  B_SPLINE_SURFACE ( 3, 2, ( 
 ( #1562, #847, #996 ),
 ( #836, #1538, #1519 ),
 ( #574, #149, #1266 ),
 ( #692, #1130, #312 ),
 ( #138, #1247, #1552 ),
 ( #303, #860, #1411 ),
 ( #552, #160, #1529 ),
 ( #27, #583, #1113 ),
 ( #701, #1257, #1139 ),
 ( #1697, #452, #1330 ),
 ( #468, #52, #1428 ),
 ( #742, #1195, #919 ) ),
 .UNSPECIFIED., .F., .F., .F. ) 
 B_SPLINE_SURFACE_WITH_KNOTS ( ( 4, 2, 2, 2, 2, 4 ),
 ( 3, 3 ),
 ( -7.020968324473805399E-05, 0.006090292471553062845, 0.01225079462635086415, 0.01841129678114866372, 0.02149154785854756611, 0.02457179893594646503 ),
 ( 0.000000000000000000, 1.000000000000000000 ),
 .UNSPECIFIED. ) 
 GEOMETRIC_REPRESENTATION_ITEM ( )  RATIONAL_B_SPLINE_SURFACE ( (
 ( 1.000000000000000000, 1.000000000000000000, 1.000000000000000000),
 ( 1.000000000000000000, 0.9999982468401614755, 1.000000000000000000),
 ( 1.000000000000000000, 0.9989352310742360963, 1.000000000000000000),
 ( 1.000000000000000000, 0.9946222820241668039, 1.000000000000000000),
 ( 1.000000000000000000, 0.9913763990761875755, 1.000000000000000000),
 ( 1.000000000000000000, 0.9825097612471257458, 1.000000000000000000),
 ( 1.000000000000000000, 0.9769066945807207691, 1.000000000000000000),
 ( 1.000000000000000000, 0.9663153471286657359, 1.000000000000000000),
 ( 1.000000000000000000, 0.9624201916097345766, 1.000000000000000000),
 ( 1.000000000000000000, 0.9536675992512466671, 1.000000000000000000),
 ( 1.000000000000000000, 0.9488276129727710728, 1.000000000000000000),
 ( 1.000000000000000000, 0.9431245609717172629, 1.000000000000000000) ) ) 
 REPRESENTATION_ITEM ( '' )  SURFACE ( )  );
#1647 = CARTESIAN_POINT ( 'NONE',  ( 16.10000000000000142, 11.86845237223825222, -12.99409336308027640 ) ) ;
#1648 = EDGE_CURVE ( 'NONE', #1315, #508, #356, .T. ) ;
#1649 = CARTESIAN_POINT ( 'NONE',  ( -14.36008729795702799, 6.600995546868864139, -18.08631428584812184 ) ) ;
#1650 = CARTESIAN_POINT ( 'NONE',  ( -14.13002214132920109, 50.55346057011318095, -18.09999999999999787 ) ) ;
#1651 = CYLINDRICAL_SURFACE ( 'NONE', #46, 12.69999999999999929 ) ;
#1652 = ORIENTED_EDGE ( 'NONE', *, *, #207, .T. ) ;
#1653 = CARTESIAN_POINT ( 'NONE',  ( -15.39382365827125554, 42.87645686407304169, -17.02919323264456963 ) ) ;
#1654 = AXIS2_PLACEMENT_3D ( 'NONE', #14, #712, #1427 ) ;
#1655 = DIRECTION ( 'NONE',  ( 0.1726175225367708732, -0.9849889293353846220, -8.983310061284751509E-16 ) ) ;
#1656 =( NAMED_UNIT ( * ) PLANE_ANGLE_UNIT ( ) SI_UNIT ( $, .RADIAN. ) );
#1657 = PLANE ( 'NONE',  #516 ) ;
#1658 = CARTESIAN_POINT ( 'NONE',  ( -2.185381829021260547, 24.48207910323701242, -63.78118373153648690 ) ) ;
#1659 = CARTESIAN_POINT ( 'NONE',  ( -15.97510470923970871, 20.66081152337537219, -16.63714966868499090 ) ) ;
#1660 = ORIENTED_EDGE ( 'NONE', *, *, #229, .F. ) ;
#1661 = AXIS2_PLACEMENT_3D ( 'NONE', #1333, #353, #47 ) ;
#1662 = CARTESIAN_POINT ( 'NONE',  ( 13.98539236897470595, 51.36683638101497706, -63.96900660375773384 ) ) ;
#1663 = B_SPLINE_CURVE_WITH_KNOTS ( 'NONE', 3,
 ( #170, #973, #16, #732 ),
 .UNSPECIFIED., .F., .F.,
 ( 4, 4 ),
 ( 4.220764384040162172E-17, 0.005319135959119143491 ),
 .UNSPECIFIED. ) ;
#1664 = CARTESIAN_POINT ( 'NONE',  ( 12.66056870760551512, 38.00000000000000711, -70.00000000000001421 ) ) ;
#1665 = EDGE_LOOP ( 'NONE', ( #308, #981, #491, #962, #1719, #1681, #1798, #1540, #430, #854, #1455, #1021, #1460, #158 ) ) ;
#1666 = ADVANCED_FACE ( 'NONE', ( #737 ), #433, .F. ) ;
#1667 = CARTESIAN_POINT ( 'NONE',  ( 15.74511777084314978, 37.55500876924996589, -70.00000000000002842 ) ) ;
#1668 = CARTESIAN_POINT ( 'NONE',  ( 16.10000000000000497, 24.28060804981727472, -16.36775759405914954 ) ) ;
#1669 = CARTESIAN_POINT ( 'NONE',  ( -14.45959642359958153, 48.67284604929691483, -18.10000000000000497 ) ) ;
#1670 = FACE_OUTER_BOUND ( 'NONE', #588, .T. ) ;
#1671 = ORIENTED_EDGE ( 'NONE', *, *, #530, .F. ) ;
#1672 = EDGE_CURVE ( 'NONE', #816, #1604, #1233, .T. ) ;
#1673 = CARTESIAN_POINT ( 'NONE',  ( -15.08138629339799230, 45.73697754324213349, -17.08907639910732001 ) ) ;
#1674 = VECTOR ( 'NONE', #1493, 1000.000000000000000 ) ;
#1675 = ADVANCED_FACE ( 'NONE', ( #1434 ), #889, .F. ) ;
#1676 = DIRECTION ( 'NONE',  ( -1.000000000000000000, 0.000000000000000000, 0.000000000000000000 ) ) ;
#1677 = ORIENTED_EDGE ( 'NONE', *, *, #1316, .T. ) ;
#1678 = CARTESIAN_POINT ( 'NONE',  ( 0.000000000000000000, 68.00000000000000000, -12.69999999999999929 ) ) ;
#1679 = CARTESIAN_POINT ( 'NONE',  ( 16.05733890993385415, 23.66802519016165718, -16.41320508313451398 ) ) ;
#1680 = CYLINDRICAL_SURFACE ( 'NONE', #773, 4.000000000000000000 ) ;
#1681 = ORIENTED_EDGE ( 'NONE', *, *, #666, .T. ) ;
#1682 = CARTESIAN_POINT ( 'NONE',  ( 16.10000000000000142, 42.11161655251226676, -13.38358602364814232 ) ) ;
#1683 = CARTESIAN_POINT ( 'NONE',  ( 12.69999999999999929, 37.00000000000000000, -26.09999999999999787 ) ) ;
#1684 = ORIENTED_EDGE ( 'NONE', *, *, #1580, .F. ) ;
#1685 = CARTESIAN_POINT ( 'NONE',  ( -1.638923825079992902, 49.60033571935151286, -65.70092331658248952 ) ) ;
#1686 = CARTESIAN_POINT ( 'NONE',  ( 16.10000000000000142, 66.56602188043805768, -6.135545724683107771 ) ) ;
#1687 = ORIENTED_EDGE ( 'NONE', *, *, #1110, .T. ) ;
#1688 = CARTESIAN_POINT ( 'NONE',  ( 16.09999999999844178, 46.20192303596272865, -14.97956338229730378 ) ) ;
#1689 = CARTESIAN_POINT ( 'NONE',  ( 12.70000000000000284, 37.16716853459682568, -69.98129425965801431 ) ) ;
#1690 = CARTESIAN_POINT ( 'NONE',  ( -14.86623293683527258, 45.87833715843906646, -17.46643013013467538 ) ) ;
#1691 = ORIENTED_EDGE ( 'NONE', *, *, #385, .T. ) ;
#1692 = CARTESIAN_POINT ( 'NONE',  ( -7.500000000000000000, 67.32913307892710009, -20.44640305480650611 ) ) ;
#1693 = ORIENTED_EDGE ( 'NONE', *, *, #1397, .T. ) ;
#1694 = CARTESIAN_POINT ( 'NONE',  ( -12.66056870760551512, 38.00000000000000711, -70.00000000000001421 ) ) ;
#1695 = AXIS2_PLACEMENT_3D ( 'NONE', #1739, #79, #638 ) ;
#1696 = AXIS2_PLACEMENT_3D ( 'NONE', #1433, #1260, #1280 ) ;
#1697 = CARTESIAN_POINT ( 'NONE',  ( -14.28925475823298541, 4.222726025953914331, -16.99736800101084810 ) ) ;
#1698 = VERTEX_POINT ( 'NONE', #446 ) ;
#1699 = CARTESIAN_POINT ( 'NONE',  ( -16.10000000000000142, 66.56602188043805768, -6.135545724683109547 ) ) ;
#1700 = CARTESIAN_POINT ( 'NONE',  ( 16.06317347389834893, 31.03655290251135668, -68.58752142343918479 ) ) ;
#1701 = CARTESIAN_POINT ( 'NONE',  ( -16.10000000000000853, 27.90000000000001990, -16.09999999999999787 ) ) ;
#1702 = ORIENTED_EDGE ( 'NONE', *, *, #700, .T. ) ;
#1703 = CARTESIAN_POINT ( 'NONE',  ( 14.36008729795702799, 6.600995546868871244, -18.08631428584813605 ) ) ;
#1704 = CARTESIAN_POINT ( 'NONE',  ( -9.666233386357513169, 45.24639641590361805, -68.46128521747182560 ) ) ;
#1705 = CARTESIAN_POINT ( 'NONE',  ( -16.10000000000000142, -8.673617379884035472E-16, 2.957522019940858324E-15 ) ) ;
#1706 = EDGE_LOOP ( 'NONE', ( #1367, #1278, #1600, #842, #1248 ) ) ;
#1707 = CARTESIAN_POINT ( 'NONE',  ( 14.96759815978604280, 46.69540796602382215, -17.09922154485373724 ) ) ;
#1708 = CARTESIAN_POINT ( 'NONE',  ( 16.10000000000000142, 4.814434938900053140, -11.18313876232786086 ) ) ;
#1709 = CARTESIAN_POINT ( 'NONE',  ( -16.10000000000002629, 29.79238441023987960, -16.33538717302250376 ) ) ;
#1710 = ORIENTED_EDGE ( 'NONE', *, *, #1068, .F. ) ;
#1711 = DIRECTION ( 'NONE',  ( 0.000000000000000000, 1.000000000000000000, -0.000000000000000000 ) ) ;
#1712 = CARTESIAN_POINT ( 'NONE',  ( 0.8451433215877364180, 73.49195297935591498, -12.69999999999999929 ) ) ;
#1713 = CARTESIAN_POINT ( 'NONE',  ( 16.09999999998628439, 29.79823956872752078, -16.28726636569885855 ) ) ;
#1714 = ORIENTED_EDGE ( 'NONE', *, *, #500, .T. ) ;
#1715 = CARTESIAN_POINT ( 'NONE',  ( 16.10000000000157527, 48.06302707943753205, -14.80979593063999289 ) ) ;
#1716 = AXIS2_PLACEMENT_3D ( 'NONE', #1515, #265, #125 ) ;
#1717 = LINE ( 'NONE', #891, #1202 ) ;
#1718 = CARTESIAN_POINT ( 'NONE',  ( -14.13002214132922418, 50.55346057011318095, -18.09999999999999787 ) ) ;
#1719 = ORIENTED_EDGE ( 'NONE', *, *, #700, .F. ) ;
#1720 = DIRECTION ( 'NONE',  ( 0.000000000000000000, 0.000000000000000000, 1.000000000000000000 ) ) ;
#1721 = CARTESIAN_POINT ( 'NONE',  ( 0.3881647963058312278, 49.70059418595710099, -65.61402610505874122 ) ) ;
#1722 = CARTESIAN_POINT ( 'NONE',  ( 15.89376978402888696, 35.49729612609366569, -16.82564065309680146 ) ) ;
#1723 = ORIENTED_EDGE ( 'NONE', *, *, #25, .T. ) ;
#1724 = CARTESIAN_POINT ( 'NONE',  ( -15.71076884637884952, 38.00000000000000711, -70.00000000000001421 ) ) ;
#1725 = AXIS2_PLACEMENT_3D ( 'NONE', #1565, #1153, #324 ) ;
#1726 = DIRECTION ( 'NONE',  ( -0.000000000000000000, -1.000000000000000000, -0.000000000000000000 ) ) ;
#1727 = CARTESIAN_POINT ( 'NONE',  ( -15.07588580882432971, 44.27195667820926417, -68.86844896533123972 ) ) ;
#1728 = ADVANCED_FACE ( 'NONE', ( #1028 ), #1680, .T. ) ;
#1729 = VERTEX_POINT ( 'NONE', #728 ) ;
#1730 = DIRECTION ( 'NONE',  ( -0.000000000000000000, 0.000000000000000000, 1.000000000000000000 ) ) ;
#1731 = CARTESIAN_POINT ( 'NONE',  ( -14.74677249935253798, 6.972640885385448684, -16.99667388469973517 ) ) ;
#1732 = EDGE_CURVE ( 'NONE', #598, #899, #296, .T. ) ;
#1733 = CARTESIAN_POINT ( 'NONE',  ( -16.10000000002143850, 51.98818377722186312, -14.36189716514939008 ) ) ;
#1734 = CARTESIAN_POINT ( 'NONE',  ( 16.10000000000000853, 27.90000000000000213, -16.09999999999999787 ) ) ;
#1735 = ORIENTED_EDGE ( 'NONE', *, *, #1498, .F. ) ;
#1736 = ADVANCED_FACE ( 'NONE', ( #1424 ), #1403, .F. ) ;
#1737 = CARTESIAN_POINT ( 'NONE',  ( -14.90490810307569092, 10.13953290843090826, -17.95645951255384531 ) ) ;
#1738 = CARTESIAN_POINT ( 'NONE',  ( -15.98244865079140986, 33.51950043289649983, -69.45039187702363392 ) ) ;
#1739 = CARTESIAN_POINT ( 'NONE',  ( 115.1349999999999767, 27.90000000000000213, -18.09999999999999787 ) ) ;
#1740 = DIRECTION ( 'NONE',  ( -0.000000000000000000, -1.000000000000000000, -0.000000000000000000 ) ) ;
#1741 = CARTESIAN_POINT ( 'NONE',  ( 12.45521904727519136, 39.61236919929652345, -69.94460189608072653 ) ) ;
#1742 = CARTESIAN_POINT ( 'NONE',  ( 11.97698866604406298, 32.75440250101902961, -69.21480558391156990 ) ) ;
#1743 = ORIENTED_EDGE ( 'NONE', *, *, #1199, .T. ) ;
#1744 = CARTESIAN_POINT ( 'NONE',  ( -16.10000000000001918, 27.01197720611146025, -16.21045809645313795 ) ) ;
#1745 = CARTESIAN_POINT ( 'NONE',  ( -13.30165676111726114, 54.85702026876293758, -57.94674558122711971 ) ) ;
#1746 = CARTESIAN_POINT ( 'NONE',  ( -16.10000000000000142, 3.979198447587060095, -10.90275447359701033 ) ) ;
#1747 = VECTOR ( 'NONE', #1629, 1000.000000000000227 ) ;
#1748 = CARTESIAN_POINT ( 'NONE',  ( 15.93286691805236011, 21.27886063039619557, -58.30274513496064515 ) ) ;
#1749 = CARTESIAN_POINT ( 'NONE',  ( -7.500000000000000000, 69.50000000000000000, -16.44640305480650611 ) ) ;
#1750 = CARTESIAN_POINT ( 'NONE',  ( 14.86621562681908060, 45.87848746830102442, -17.46643792024362085 ) ) ;
#1751 = CARTESIAN_POINT ( 'NONE',  ( -16.05482157024449563, 24.34380409389114064, -16.54009033913711946 ) ) ;
#1752 = CARTESIAN_POINT ( 'NONE',  ( -13.10000000000002807, 55.80000000000001847, -53.38242585468309898 ) ) ;
#1753 = ORIENTED_EDGE ( 'NONE', *, *, #1544, .T. ) ;
#1754 = EDGE_CURVE ( 'NONE', #1390, #920, #1231, .T. ) ;
#1755 = CARTESIAN_POINT ( 'NONE',  ( 12.01804255941312150, 41.18612080441723577, -69.73052381148072243 ) ) ;
#1756 = CARTESIAN_POINT ( 'NONE',  ( 16.03179809245828125, 55.18395848264768233, -11.36679041091420928 ) ) ;
#1757 = CARTESIAN_POINT ( 'NONE',  ( 6.445287826654494623, 26.02843964864137760, -65.38557586467409521 ) ) ;
#1758 = CARTESIAN_POINT ( 'NONE',  ( 13.09999999999998721, 63.88486406539492179, -17.60738490052338889 ) ) ;
#1759 = CARTESIAN_POINT ( 'NONE',  ( -13.59374099186631568, 53.43374919497392028, -61.14398009481684682 ) ) ;
#1760 = CARTESIAN_POINT ( 'NONE',  ( 15.49638802089722134, 15.19651094853635342, -17.56065633126256387 ) ) ;
#1761 = VECTOR ( 'NONE', #338, 1000.000000000000000 ) ;
#1762 = LINE ( 'NONE', #1066, #173 ) ;
#1763 = DIRECTION ( 'NONE',  ( 1.000000000000000000, -1.599432625391044227E-14, 0.000000000000000000 ) ) ;
#1764 = ADVANCED_FACE ( 'NONE', ( #515 ), #85, .F. ) ;
#1765 = ORIENTED_EDGE ( 'NONE', *, *, #530, .T. ) ;
#1766 = DIRECTION ( 'NONE',  ( -1.000000000000000000, 0.000000000000000000, 0.000000000000000000 ) ) ;
#1767 =( BOUNDED_CURVE ( )  B_SPLINE_CURVE ( 3, ( #156, #719, #11, #568 ),
 .UNSPECIFIED., .F., .F. ) 
 B_SPLINE_CURVE_WITH_KNOTS ( ( 4, 4 ),
 ( 4.762862951239934084, 4.875406725896964666 ),
 .UNSPECIFIED. ) 
 CURVE ( )  GEOMETRIC_REPRESENTATION_ITEM ( )  RATIONAL_B_SPLINE_CURVE ( ( 1.000000000000000000, 0.9989447700606125524, 0.9989447700606125524, 1.000000000000000000 ) ) 
 REPRESENTATION_ITEM ( '' )  );
#1768 = CARTESIAN_POINT ( 'NONE',  ( 15.97644838910483855, 22.20240029829810879, -60.41498362943603695 ) ) ;
#1769 = CARTESIAN_POINT ( 'NONE',  ( 16.10000000000000497, 23.88372194039014929, -15.36692771262251078 ) ) ;
#1770 = AXIS2_PLACEMENT_3D ( 'NONE', #1209, #96, #1053 ) ;
#1771 = DIRECTION ( 'NONE',  ( -0.000000000000000000, -1.000000000000000000, -0.000000000000000000 ) ) ;
#1772 = CARTESIAN_POINT ( 'NONE',  ( 16.09999999999949694, 55.05513270869698061, -10.31239481561774696 ) ) ;
#1773 = AXIS2_PLACEMENT_3D ( 'NONE', #493, #1605, #915 ) ;
#1774 = CARTESIAN_POINT ( 'NONE',  ( 13.30165676111727358, 54.85702026876294468, -57.94674558122711971 ) ) ;
#1775 = CYLINDRICAL_SURFACE ( 'NONE', #1176, 2.000000000000001776 ) ;
#1776 = CARTESIAN_POINT ( 'NONE',  ( 14.28570670569050627, 6.153598719859184385, -17.47190590413204347 ) ) ;
#1777 = CIRCLE ( 'NONE', #943, 16.10000000000000142 ) ;
#1778 = DIRECTION ( 'NONE',  ( 1.000000000000000000, 0.000000000000000000, 0.000000000000000000 ) ) ;
#1779 = CARTESIAN_POINT ( 'NONE',  ( 16.10000000002143850, 51.98818377720388639, -14.36189716499886870 ) ) ;
#1780 = CARTESIAN_POINT ( 'NONE',  ( 15.33733451931765401, 42.03957353797508034, -69.54542141098698949 ) ) ;
#1781 = CARTESIAN_POINT ( 'NONE',  ( 13.09999999999998721, 63.76973180076629433, -18.09999999999998366 ) ) ;
#1782 = EDGE_CURVE ( 'NONE', #1294, #598, #654, .T. ) ;
#1783 = CARTESIAN_POINT ( 'NONE',  ( 16.10000000000000142, 25.78391526956270141, -16.25654504360987573 ) ) ;
#1784 = DIRECTION ( 'NONE',  ( 0.000000000000000000, 0.000000000000000000, 1.000000000000000000 ) ) ;
#1785 = CARTESIAN_POINT ( 'NONE',  ( -4.238156074901927362, 24.99972009782782223, -64.36740691723872487 ) ) ;
#1786 = CARTESIAN_POINT ( 'NONE',  ( 16.10000000000000142, 49.14621376086527249, -11.70243738989028159 ) ) ;
#1787 = VERTEX_POINT ( 'NONE', #1198 ) ;
#1788 = CARTESIAN_POINT ( 'NONE',  ( 13.19904590203025663, 55.34105513048120173, -56.25796658603884026 ) ) ;
#1789 = CARTESIAN_POINT ( 'NONE',  ( 13.30232776694309393, 55.82174854666796904, -17.19243704415340801 ) ) ;
#1790 = CARTESIAN_POINT ( 'NONE',  ( -13.09999999999998721, 55.79999999999999716, -18.09999999999999787 ) ) ;
#1791 = B_SPLINE_CURVE_WITH_KNOTS ( 'NONE', 3,
 ( #1026, #872, #1017, #1008, #1583, #985, #1541, #1564 ),
 .UNSPECIFIED., .F., .F.,
 ( 4, 2, 2, 4 ),
 ( 1.939479807224432123E-18, 0.003374047234967592502, 0.005061070852451385500, 0.006748094469935178932 ),
 .UNSPECIFIED. ) ;
#1792 = CARTESIAN_POINT ( 'NONE',  ( -7.500000000000000000, 69.50000000000000000, -16.44640305480650611 ) ) ;
#1793 = CARTESIAN_POINT ( 'NONE',  ( -1.749652594918788440, 24.41349051042298157, -63.70007480839178271 ) ) ;
#1794 = CARTESIAN_POINT ( 'NONE',  ( 8.439810757188018542, 73.30394360337335513, -13.72127626217189800 ) ) ;
#1795 = VERTEX_POINT ( 'NONE', #490 ) ;
#1796 = CARTESIAN_POINT ( 'NONE',  ( -16.09999999999999787, 48.06324131331836469, -14.80977495417561407 ) ) ;
#1797 = ADVANCED_FACE ( 'NONE', ( #231 ), #1207, .T. ) ;
#1798 = ORIENTED_EDGE ( 'NONE', *, *, #330, .T. ) ;
#1799 = PRODUCT_CONTEXT ( 'NONE', #1124, 'mechanical' ) ;
#1800 = CARTESIAN_POINT ( 'NONE',  ( 12.68350232126953969, 37.66827322199101502, -69.99768962453960341 ) ) ;
#1801 = EDGE_CURVE ( 'NONE', #508, #1294, #328, .T. ) ;
#1802 = PLANE ( 'NONE',  #590 ) ;
ENDSEC;
END-ISO-10303-21;
