ISO-10303-21;
HEADER;
FILE_DESCRIPTION (( 'STEP AP214' ),
    '1' );
FILE_NAME ('Walker_Handle_Adjustment_Knob.STEP',
    '2026-08-11T21:05:04',
    ( '' ),
    ( '' ),
    'SwSTEP 2.0',
    'SolidWorks 2023',
    '' );
FILE_SCHEMA (( 'AUTOMOTIVE_DESIGN' ));
ENDSEC;

DATA;
#1 = DIRECTION ( 'NONE',  ( 1.000000000000000000, 0.000000000000000000, 0.000000000000000000 ) ) ;
#2 = DIRECTION ( 'NONE',  ( -0.8660254037844363761, -0.5000000000000039968, 0.000000000000000000 ) ) ;
#3 = CARTESIAN_POINT ( 'NONE',  ( -10.14485851892518653, -16.19405481133997782, 13.25000000000000533 ) ) ;
#4 = DIRECTION ( 'NONE',  ( 0.7813407652418012939, 0.6241046455293828288, -0.000000000000000000 ) ) ;
#5 = CARTESIAN_POINT ( 'NONE',  ( 6.146697294812327073, 22.57571674013159679, 14.09999999999999964 ) ) ;
#6 = CARTESIAN_POINT ( 'NONE',  ( 6.448509616839274372, 20.81866287064399046, 15.59999999999999964 ) ) ;
#7 = ADVANCED_FACE ( 'NONE', ( #1082 ), #713, .F. ) ;
#8 = DIRECTION ( 'NONE',  ( 1.000000000000000000, 0.000000000000000000, 0.000000000000000000 ) ) ;
#9 = VERTEX_POINT ( 'NONE', #1483 ) ;
#10 = CARTESIAN_POINT ( 'NONE',  ( -6.754998149518655737, 3.899999999999936851, 2.000000000000000000 ) ) ;
#11 = EDGE_LOOP ( 'NONE', ( #2041, #826, #1455, #861, #1068, #1160 ) ) ;
#12 = CARTESIAN_POINT ( 'NONE',  ( 0.000000000000000000, 0.000000000000000000, -16.00000000000000000 ) ) ;
#13 = AXIS2_PLACEMENT_3D ( 'NONE', #195, #946, #1507 ) ;
#14 = CARTESIAN_POINT ( 'NONE',  ( 0.000000000000000000, -7.799999999999999822, 4.999999999999993783 ) ) ;
#15 = CARTESIAN_POINT ( 'NONE',  ( -9.187377821414816736, 16.09199012082502378, 12.93864622256141317 ) ) ;
#16 = CARTESIAN_POINT ( 'NONE',  ( -22.62449285300127499, -5.964662363384623411, 14.09999999999999964 ) ) ;
#17 = EDGE_CURVE ( 'NONE', #1399, #1993, #912, .T. ) ;
#18 = DIRECTION ( 'NONE',  ( -1.000000000000000000, 0.000000000000000000, 0.000000000000000000 ) ) ;
#19 = LINE ( 'NONE', #1022, #1954 ) ;
#20 = CARTESIAN_POINT ( 'NONE',  ( 10.11386522333594407, -14.20245507805595508, 14.60000000000000142 ) ) ;
#21 = CARTESIAN_POINT ( 'NONE',  ( -6.861018212481001299, -15.53376709595405281, 12.19104136019564599 ) ) ;
#22 = EDGE_CURVE ( 'NONE', #2410, #2389, #1032, .T. ) ;
#23 = CARTESIAN_POINT ( 'NONE',  ( -6.448509616839072756, 20.81866287064405441, 15.59999999999999964 ) ) ;
#24 = VERTEX_POINT ( 'NONE', #1119 ) ;
#25 = CARTESIAN_POINT ( 'NONE',  ( 15.93088261476837530, -18.00779566715014468, 0.1277511577825001243 ) ) ;
#26 = LINE ( 'NONE', #2056, #320 ) ;
#27 = VECTOR ( 'NONE', #678, 1000.000000000000000 ) ;
#28 = CARTESIAN_POINT ( 'NONE',  ( -8.309579282678900114, 12.69575567415879647, 13.57931697364637103 ) ) ;
#29 = CARTESIAN_POINT ( 'NONE',  ( -6.146697294812021539, 22.57571674013223628, 14.09999999999999964 ) ) ;
#30 = LINE ( 'NONE', #795, #1423 ) ;
#31 = ORIENTED_EDGE ( 'NONE', *, *, #760, .F. ) ;
#32 = CIRCLE ( 'NONE', #1489, 1.500000000000001332 ) ;
#33 = AXIS2_PLACEMENT_3D ( 'NONE', #992, #1745, #589 ) ;
#34 = CARTESIAN_POINT ( 'NONE',  ( 0.000000000000000000, -7.799999999999999822, 2.000000000000000000 ) ) ;
#35 = ORIENTED_EDGE ( 'NONE', *, *, #2125, .F. ) ;
#36 = ADVANCED_FACE ( 'NONE', ( #337 ), #1498, .F. ) ;
#37 = CIRCLE ( 'NONE', #1769, 28.48087594184808680 ) ;
#38 = CARTESIAN_POINT ( 'NONE',  ( 0.000000000000000000, -3.254160483019862493E-14, 10.59999999999999076 ) ) ;
#39 = CARTESIAN_POINT ( 'NONE',  ( -8.565640582922664947, 18.23990372618407818, 13.72530323526759766 ) ) ;
#40 = DIRECTION ( 'NONE',  ( 0.000000000000000000, 0.000000000000000000, 1.000000000000000000 ) ) ;
#41 = CARTESIAN_POINT ( 'NONE',  ( -16.11858428704211477, -23.39999999999999858, 0.000000000000000000 ) ) ;
#42 = DIRECTION ( 'NONE',  ( -0.9887132744764658421, 0.1498200950274184151, -1.156482317317871528E-15 ) ) ;
#43 = FACE_OUTER_BOUND ( 'NONE', #1658, .T. ) ;
#44 = VERTEX_POINT ( 'NONE', #2376 ) ;
#45 = DIRECTION ( 'NONE',  ( -0.000000000000000000, -0.000000000000000000, -1.000000000000000000 ) ) ;
#46 = CARTESIAN_POINT ( 'NONE',  ( -14.00269160611590635, -15.65637077695618196, 15.60000000000000142 ) ) ;
#47 = ORIENTED_EDGE ( 'NONE', *, *, #1932, .F. ) ;
#48 = CARTESIAN_POINT ( 'NONE',  ( -9.149003380050501733, 16.22092594266595711, 15.14248214374215351 ) ) ;
#49 = CARTESIAN_POINT ( 'NONE',  ( 21.12486397783554182, -2.703903080343403431, 14.01819739916597207 ) ) ;
#50 = DIRECTION ( 'NONE',  ( 1.000000000000000000, 0.000000000000000000, 0.000000000000000000 ) ) ;
#51 = CARTESIAN_POINT ( 'NONE',  ( 15.93088261476837175, -18.00779566715014823, 14.09999999999999964 ) ) ;
#52 = APPLICATION_PROTOCOL_DEFINITION ( 'draft international standard', 'automotive_design', 1998, #286 ) ;
#53 = CARTESIAN_POINT ( 'NONE',  ( -16.47779555818979702, -16.61105437674640939, 15.59999999999999964 ) ) ;
#54 = FACE_OUTER_BOUND ( 'NONE', #1967, .T. ) ;
#55 = CARTESIAN_POINT ( 'NONE',  ( -9.930894928118915388, 13.90962115121384457, 4.142607396210208570 ) ) ;
#56 = VERTEX_POINT ( 'NONE', #699 ) ;
#57 = CARTESIAN_POINT ( 'NONE',  ( -25.41485939214423695, 24.53527591147128106, 0.000000000000000000 ) ) ;
#58 = CARTESIAN_POINT ( 'NONE',  ( 19.57954074503524566, -1.198605813137796350, 13.51497314394108962 ) ) ;
#59 = CARTESIAN_POINT ( 'NONE',  ( -18.57599295421199415, -2.701472989433453709, 15.15991411330328731 ) ) ;
#60 = CARTESIAN_POINT ( 'NONE',  ( 7.711816490212053843, 14.28407086054667552, 14.00004073221649570 ) ) ;
#61 = VERTEX_POINT ( 'NONE', #1444 ) ;
#62 = ADVANCED_FACE ( 'NONE', ( #43 ), #587, .T. ) ;
#63 = AXIS2_PLACEMENT_3D ( 'NONE', #89, #1970, #847 ) ;
#64 = DIRECTION ( 'NONE',  ( 0.5000000000000039968, -0.8660254037844363761, 0.000000000000000000 ) ) ;
#65 = ORIENTED_EDGE ( 'NONE', *, *, #809, .F. ) ;
#66 = AXIS2_PLACEMENT_3D ( 'NONE', #492, #1243, #1996 ) ;
#67 = CARTESIAN_POINT ( 'NONE',  ( -13.16416612883253556, 7.198766254007866294, 5.000175788451788783 ) ) ;
#68 = ORIENTED_EDGE ( 'NONE', *, *, #814, .T. ) ;
#69 = CARTESIAN_POINT ( 'NONE',  ( -7.091397582407456213, 16.63680955683001983, 14.91173822922950443 ) ) ;
#70 = DIRECTION ( 'NONE',  ( -0.000000000000000000, -0.000000000000000000, -1.000000000000000000 ) ) ;
#71 = CARTESIAN_POINT ( 'NONE',  ( 12.12425787983389291, 9.070872778018189919, 4.945743910637810714 ) ) ;
#72 = CARTESIAN_POINT ( 'NONE',  ( 10.16958774164007551, 13.26661692542629645, 14.16628264099208856 ) ) ;
#73 = VERTEX_POINT ( 'NONE', #243 ) ;
#74 = EDGE_CURVE ( 'NONE', #478, #2379, #487, .T. ) ;
#75 = DIRECTION ( 'NONE',  ( 0.000000000000000000, 0.000000000000000000, 1.000000000000000000 ) ) ;
#76 = ORIENTED_EDGE ( 'NONE', *, *, #643, .T. ) ;
#77 = CARTESIAN_POINT ( 'NONE',  ( -5.994631051343830563, -13.41802978423209858, 13.38742295697800877 ) ) ;
#78 = EDGE_CURVE ( 'NONE', #219, #1596, #30, .T. ) ;
#79 = TOROIDAL_SURFACE ( 'NONE', #2167, 45.19310364588417883, 1.500000000000000000 ) ;
#80 = CARTESIAN_POINT ( 'NONE',  ( 22.62449285300180790, -5.964662363385295762, 14.09999999999999964 ) ) ;
#81 = CARTESIAN_POINT ( 'NONE',  ( 22.23539903284991226, -3.690581590271159396, 14.10000000000000142 ) ) ;
#82 = CARTESIAN_POINT ( 'NONE',  ( 6.679100466943886261, 19.11190095979252135, 15.50682849589517787 ) ) ;
#83 = CARTESIAN_POINT ( 'NONE',  ( 22.62449285300181145, -5.964662363385293986, 0.000000000000000000 ) ) ;
#84 = EDGE_LOOP ( 'NONE', ( #2018, #2400, #2026 ) ) ;
#85 = EDGE_CURVE ( 'NONE', #855, #2214, #1547, .T. ) ;
#86 = CIRCLE ( 'NONE', #2021, 3.000000000000000444 ) ;
#87 = PLANE ( 'NONE',  #307 ) ;
#88 = ORIENTED_EDGE ( 'NONE', *, *, #2128, .F. ) ;
#89 = CARTESIAN_POINT ( 'NONE',  ( -6.754998149518655737, 3.899999999999936851, 2.000000000000000000 ) ) ;
#90 = VERTEX_POINT ( 'NONE', #2293 ) ;
#91 = ADVANCED_FACE ( 'NONE', ( #1340 ), #404, .T. ) ;
#92 = CARTESIAN_POINT ( 'NONE',  ( -1.164527360474094910E-13, 17.64147614823447441, 0.5770469812361070927 ) ) ;
#93 = CARTESIAN_POINT ( 'NONE',  ( -13.89492380679286576, 5.999184000066557942, 11.40816570268777319 ) ) ;
#94 = CIRCLE ( 'NONE', #613, 43.69310364588417883 ) ;
#95 = CARTESIAN_POINT ( 'NONE',  ( 8.053190160328213665, 20.34950297632231297, 1.583224814494176957 ) ) ;
#96 = CARTESIAN_POINT ( 'NONE',  ( -16.47779555818981478, -16.61105437674641294, 14.09999999999999964 ) ) ;
#97 = EDGE_LOOP ( 'NONE', ( #514, #1771, #1526, #703, #1971 ) ) ;
#98 = CARTESIAN_POINT ( 'NONE',  ( 28.32428659207693045, -2.259103465619026085, 0.000000000000000000 ) ) ;
#99 = VERTEX_POINT ( 'NONE', #2267 ) ;
#100 = AXIS2_PLACEMENT_3D ( 'NONE', #29, #1680, #42 ) ;
#101 = DIRECTION ( 'NONE',  ( 0.000000000000000000, 0.000000000000000000, 1.000000000000000000 ) ) ;
#102 = ORIENTED_EDGE ( 'NONE', *, *, #1306, .F. ) ;
#103 = CIRCLE ( 'NONE', #467, 3.000000000000000444 ) ;
#104 = DIRECTION ( 'NONE',  ( 0.000000000000000000, 0.000000000000000000, -1.000000000000000000 ) ) ;
#105 = CARTESIAN_POINT ( 'NONE',  ( 1.749252956865282815, -15.03284492413242113, 11.40800452229522755 ) ) ;
#106 = DIRECTION ( 'NONE',  ( 0.000000000000000000, 0.000000000000000000, 1.000000000000000000 ) ) ;
#107 = CARTESIAN_POINT ( 'NONE',  ( -14.70912513784547393, 4.747715989516154700, 13.63869649204513657 ) ) ;
#108 = LINE ( 'NONE', #1405, #958 ) ;
#109 = ORIENTED_EDGE ( 'NONE', *, *, #964, .F. ) ;
#110 = EDGE_CURVE ( 'NONE', #1758, #635, #800, .T. ) ;
#111 = CARTESIAN_POINT ( 'NONE',  ( 14.80790638190827657, 4.558119139468574055, 11.51566707644016674 ) ) ;
#112 = ORIENTED_EDGE ( 'NONE', *, *, #406, .T. ) ;
#113 = AXIS2_PLACEMENT_3D ( 'NONE', #1845, #683, #1281 ) ;
#114 = DIRECTION ( 'NONE',  ( 1.000000000000000000, 0.000000000000000000, 0.000000000000000000 ) ) ;
#115 = ORIENTED_EDGE ( 'NONE', *, *, #2098, .F. ) ;
#116 = EDGE_CURVE ( 'NONE', #591, #2185, #783, .T. ) ;
#117 = CARTESIAN_POINT ( 'NONE',  ( -25.35748506424426907, -9.862000000000010758, 0.000000000000000000 ) ) ;
#118 = CARTESIAN_POINT ( 'NONE',  ( 10.14485851892503554, -16.19405481134006664, 13.24999999999999289 ) ) ;
#119 = FACE_OUTER_BOUND ( 'NONE', #2273, .T. ) ;
#120 = CARTESIAN_POINT ( 'NONE',  ( 9.640716430534933323, 9.587367657955084610, 12.97154987666605308 ) ) ;
#121 = CARTESIAN_POINT ( 'NONE',  ( 11.46620522579546275, 10.36461804206073012, 13.63869649204041146 ) ) ;
#122 = ORIENTED_EDGE ( 'NONE', *, *, #2365, .T. ) ;
#123 = EDGE_CURVE ( 'NONE', #1470, #542, #1155, .T. ) ;
#124 = DIRECTION ( 'NONE',  ( 0.000000000000000000, 0.000000000000000000, 1.000000000000000000 ) ) ;
#125 = ORIENTED_EDGE ( 'NONE', *, *, #662, .T. ) ;
#126 = VERTEX_POINT ( 'NONE', #53 ) ;
#127 = ORIENTED_EDGE ( 'NONE', *, *, #2077, .T. ) ;
#128 = DIRECTION ( 'NONE',  ( 0.8660254037844433705, -0.4999999999999920064, -0.000000000000000000 ) ) ;
#129 = CARTESIAN_POINT ( 'NONE',  ( -10.33584266766142434, 12.91272032743939491, 11.99232289405334662 ) ) ;
#130 = FACE_OUTER_BOUND ( 'NONE', #2268, .T. ) ;
#131 = CARTESIAN_POINT ( 'NONE',  ( 10.42516749907872153, 8.032665760625555151, 12.82458267205339197 ) ) ;
#132 = CIRCLE ( 'NONE', #811, 6.775999999999998913 ) ;
#133 = FILL_AREA_STYLE_COLOUR ( '', #207 ) ;
#134 = ORIENTED_EDGE ( 'NONE', *, *, #1750, .F. ) ;
#135 = CARTESIAN_POINT ( 'NONE',  ( 18.53107923224506592, -0.09088505046507484864, 12.93936984553590719 ) ) ;
#136 = EDGE_CURVE ( 'NONE', #2214, #155, #145, .T. ) ;
#137 = ORIENTED_EDGE ( 'NONE', *, *, #735, .T. ) ;
#138 = ORIENTED_EDGE ( 'NONE', *, *, #293, .F. ) ;
#139 = AXIS2_PLACEMENT_3D ( 'NONE', #1761, #2151, #419 ) ;
#140 = EDGE_LOOP ( 'NONE', ( #1783, #2213, #409, #2156, #2424, #1217 ) ) ;
#141 = ADVANCED_FACE ( 'NONE', ( #759 ), #1079, .T. ) ;
#142 = VECTOR ( 'NONE', #317, 1000.000000000000000 ) ;
#143 = FACE_OUTER_BOUND ( 'NONE', #858, .T. ) ;
#144 = CARTESIAN_POINT ( 'NONE',  ( -7.605676521351136365, 22.93016379624873835, 0.04346513904604062256 ) ) ;
#145 = B_SPLINE_CURVE_WITH_KNOTS ( 'NONE', 3,
 ( #231, #2247, #376, #1900 ),
 .UNSPECIFIED., .F., .F.,
 ( 4, 4 ),
 ( 0.000000000000000000, 0.0002347465933270861439 ),
 .UNSPECIFIED. ) ;
#146 = CIRCLE ( 'NONE', #303, 28.48087594184809035 ) ;
#147 = AXIS2_PLACEMENT_3D ( 'NONE', #1138, #1881, #371 ) ;
#148 = AXIS2_PLACEMENT_3D ( 'NONE', #451, #1408, #2173 ) ;
#149 = AXIS2_PLACEMENT_3D ( 'NONE', #528, #154, #2375 ) ;
#150 = CARTESIAN_POINT ( 'NONE',  ( 8.220783231969644334, 19.64662039646702141, 14.01819739916795449 ) ) ;
#151 = CARTESIAN_POINT ( 'NONE',  ( -11.71117489318664617, 5.752907813617024857, 12.78542046755607586 ) ) ;
#152 = ORIENTED_EDGE ( 'NONE', *, *, #277, .F. ) ;
#153 =( BOUNDED_CURVE ( )  B_SPLINE_CURVE ( 3, ( #2362, #1103, #2235, #687 ),
 .UNSPECIFIED., .F., .T. ) 
 B_SPLINE_CURVE_WITH_KNOTS ( ( 4, 4 ),
 ( 4.110811015455706929, 4.218159748753098626 ),
 .UNSPECIFIED. ) 
 CURVE ( )  GEOMETRIC_REPRESENTATION_ITEM ( )  RATIONAL_B_SPLINE_CURVE ( ( 1.000000000000000000, 0.9990399179828610698, 0.9990399179828610698, 1.000000000000000000 ) ) 
 REPRESENTATION_ITEM ( '' )  );
#154 = DIRECTION ( 'NONE',  ( -0.000000000000000000, -0.000000000000000000, -1.000000000000000000 ) ) ;
#155 = VERTEX_POINT ( 'NONE', #2107 ) ;
#156 = ORIENTED_EDGE ( 'NONE', *, *, #1129, .F. ) ;
#157 = TOROIDAL_SURFACE ( 'NONE', #1844, 6.775999999999998913, 1.500000000000000000 ) ;
#158 = CARTESIAN_POINT ( 'NONE',  ( 18.00749273682313500, -1.719798050139219825, 13.24999999999999467 ) ) ;
#159 = CARTESIAN_POINT ( 'NONE',  ( -0.3932913099377269850, 14.91879946901276988, 2.000000000000000000 ) ) ;
#160 = CARTESIAN_POINT ( 'NONE',  ( -22.23539903284994068, -3.690581590270965773, 14.10000000000000142 ) ) ;
#161 = CARTESIAN_POINT ( 'NONE',  ( 10.83775175881806696, 7.265721058855034720, 12.78542046755703865 ) ) ;
#162 = VERTEX_POINT ( 'NONE', #426 ) ;
#163 =( GEOMETRIC_REPRESENTATION_CONTEXT ( 3 ) GLOBAL_UNCERTAINTY_ASSIGNED_CONTEXT ( ( #1552 ) ) GLOBAL_UNIT_ASSIGNED_CONTEXT ( ( #2396, #2388, #513 ) ) REPRESENTATION_CONTEXT ( 'NONE', 'WORKASPACE' ) );
#164 = CARTESIAN_POINT ( 'NONE',  ( 8.952033597435534062, 16.88273260085804495, 13.24999999999999822 ) ) ;
#165 = EDGE_CURVE ( 'NONE', #366, #1102, #1898, .T. ) ;
#166 = FACE_OUTER_BOUND ( 'NONE', #1951, .T. ) ;
#167 = ORIENTED_EDGE ( 'NONE', *, *, #2407, .F. ) ;
#168 = VERTEX_POINT ( 'NONE', #1177 ) ;
#169 = EDGE_LOOP ( 'NONE', ( #1378, #1096, #501 ) ) ;
#170 = B_SPLINE_CURVE_WITH_KNOTS ( 'NONE', 3,
 ( #1497, #586, #2246, #375, #1339, #1704, #931, #1360, #1717, #945, #1154, #1911, #1886, #1350 ),
 .UNSPECIFIED., .F., .F.,
 ( 4, 2, 2, 2, 2, 2, 4 ),
 ( 0.01742657856693196131, 0.01849924360177149923, 0.01957190863661103716, 0.02171723870629011302, 0.02600789884564826127, 0.03029855898500641298, 0.03458921912436456469 ),
 .UNSPECIFIED. ) ;
#171 = CLOSED_SHELL ( 'NONE', ( #2143, #7, #717, #1045, #2270, #91, #62, #1149, #322, #453, #1562, #1695, #36, #1487, #1397, #1352, #1942, #1225, #2110, #2393, #1969, #2193, #431, #636, #2340, #943, #1238, #1825, #1046, #1259, #1999, #2172, #1092, #1650, #1744, #2174, #1581, #1030, #188, #1884, #1278, #1071, #328, #722, #1417, #1471, #367, #1657, #566, #391, #141, #1098, #1663, #1781, #874, #1376, #866, #527, #2137, #1218, #290, #1403, #1290, #1725, #1036, #1922, #1636, #2225, #865, #656, #1936 ) ) ;
#172 = CYLINDRICAL_SURFACE ( 'NONE', #2269, 1.500000000000001332 ) ;
#173 = EDGE_CURVE ( 'NONE', #1575, #2251, #726, .T. ) ;
#174 = EDGE_CURVE ( 'NONE', #813, #2410, #840, .T. ) ;
#175 = DIRECTION ( 'NONE',  ( 0.000000000000000000, 0.000000000000000000, 1.000000000000000000 ) ) ;
#176 = CARTESIAN_POINT ( 'NONE',  ( -9.344248378649629316, -16.00294284943388234, 12.93936984553590364 ) ) ;
#177 = CARTESIAN_POINT ( 'NONE',  ( -19.89094197926453234, -3.771679801094206752, 15.50682849589517787 ) ) ;
#178 = EDGE_CURVE ( 'NONE', #924, #1051, #2215, .T. ) ;
#179 = EDGE_CURVE ( 'NONE', #920, #232, #86, .T. ) ;
#180 = CARTESIAN_POINT ( 'NONE',  ( -8.623972567098228126, 11.89819177792344540, 13.38688393585579739 ) ) ;
#181 = CARTESIAN_POINT ( 'NONE',  ( -2.706168622523819067E-13, -58.69310364588419304, 15.59999999999999964 ) ) ;
#182 = ORIENTED_EDGE ( 'NONE', *, *, #1129, .T. ) ;
#183 = VERTEX_POINT ( 'NONE', #394 ) ;
#184 = AXIS2_PLACEMENT_3D ( 'NONE', #1762, #1172, #420 ) ;
#185 = ORIENTED_EDGE ( 'NONE', *, *, #2115, .T. ) ;
#186 = DIRECTION ( 'NONE',  ( 0.000000000000000000, 0.000000000000000000, 1.000000000000000000 ) ) ;
#187 = VECTOR ( 'NONE', #955, 1000.000000000000000 ) ;
#188 = ADVANCED_FACE ( 'NONE', ( #1705 ), #2291, .T. ) ;
#189 = CARTESIAN_POINT ( 'NONE',  ( -25.41485939214423695, 24.53527591147128106, 0.000000000000000000 ) ) ;
#190 = DIRECTION ( 'NONE',  ( -0.9820349917811267426, -0.1886989001490003426, 0.000000000000000000 ) ) ;
#191 = DIRECTION ( 'NONE',  ( 0.000000000000000000, 0.000000000000000000, 1.000000000000000000 ) ) ;
#192 = CIRCLE ( 'NONE', #1570, 28.48087594184808680 ) ;
#193 = CARTESIAN_POINT ( 'NONE',  ( -16.22622491834080449, -0.4633519645293536771, 14.00001336461059331 ) ) ;
#194 = CARTESIAN_POINT ( 'NONE',  ( -7.507388844726148314, 23.20699996182621305, 15.59999999999999964 ) ) ;
#195 = CARTESIAN_POINT ( 'NONE',  ( -50.82971878428847390, 29.34655182294255837, 14.09999999999999964 ) ) ;
#196 = CARTESIAN_POINT ( 'NONE',  ( -3.453102882256207984, -15.10283765650858534, 11.51528950072222734 ) ) ;
#197 = B_SPLINE_CURVE_WITH_KNOTS ( 'NONE', 3,
 ( #1701, #1309, #1320, #776, #2230, #213, #976, #2065, #547, #1882, #387, #1294, #1690, #962, #176, #3 ),
 .UNSPECIFIED., .F., .F.,
 ( 4, 2, 2, 2, 2, 2, 2, 4 ),
 ( 0.000000000000000000, 0.005201826538995092154, 0.007802739808492639532, 0.009103196443241411487, 0.01040365307799018431, 0.01560547961698527906, 0.01820639288648282297, 0.02080730615598036515 ),
 .UNSPECIFIED. ) ;
#198 = DIRECTION ( 'NONE',  ( -0.000000000000000000, 1.000000000000000000, -0.000000000000000000 ) ) ;
#199 = EDGE_CURVE ( 'NONE', #478, #2389, #365, .T. ) ;
#200 = CARTESIAN_POINT ( 'NONE',  ( -23.56064982129542784, -4.792651215521970265, 0.1277511577827948608 ) ) ;
#201 = CARTESIAN_POINT ( 'NONE',  ( -17.08148506424426927, -9.862000000000010758, 15.59999999999999964 ) ) ;
#202 = CARTESIAN_POINT ( 'NONE',  ( -18.59364890278851590, -2.716163155522416162, 15.16607557296029540 ) ) ;
#203 = CARTESIAN_POINT ( 'NONE',  ( 0.000000000000000000, 0.000000000000000000, -16.00000000000000000 ) ) ;
#204 = DIRECTION ( 'NONE',  ( 0.000000000000000000, 0.000000000000000000, 1.000000000000000000 ) ) ;
#205 = AXIS2_PLACEMENT_3D ( 'NONE', #16, #4, #2301 ) ;
#206 = ORIENTED_EDGE ( 'NONE', *, *, #2289, .F. ) ;
#207 = COLOUR_RGB ( '',0.7921568627450980005, 0.8196078431372548767, 0.9333333333333333481 ) ;
#208 = CARTESIAN_POINT ( 'NONE',  ( 0.000000000000000000, -4.053854842863084146E-14, 14.59999999999999432 ) ) ;
#209 = LINE ( 'NONE', #1110, #620 ) ;
#210 = VERTEX_POINT ( 'NONE', #2140 ) ;
#211 = AXIS2_PLACEMENT_3D ( 'NONE', #1718, #956, #8 ) ;
#212 = CARTESIAN_POINT ( 'NONE',  ( 23.61250265100762746, -4.834069241237564540, 0.08605214280636916402 ) ) ;
#213 = CARTESIAN_POINT ( 'NONE',  ( 2.191620489463987909, -15.05281768289869859, 11.43893846916163781 ) ) ;
#214 = CARTESIAN_POINT ( 'NONE',  ( 14.80523611038191767, -15.99390458005316162, 15.60000000000000142 ) ) ;
#215 =( BOUNDED_SURFACE ( )  B_SPLINE_SURFACE ( 3, 2, ( 
 ( #1567, #631, #2286 ),
 ( #249, #1194, #801 ),
 ( #1541, #2102, #457 ),
 ( #604, #260, #975 ),
 ( #645, #470, #69 ),
 ( #996, #48, #1400 ) ),
 .UNSPECIFIED., .F., .F., .F. ) 
 B_SPLINE_SURFACE_WITH_KNOTS ( ( 4, 2, 4 ),
 ( 3, 3 ),
 ( 0.000000000000000000, 0.002285904447502933208, 0.004571808895005866416 ),
 ( 0.000000000000000000, 1.000000000000000000 ),
 .UNSPECIFIED. ) 
 GEOMETRIC_REPRESENTATION_ITEM ( )  RATIONAL_B_SPLINE_SURFACE ( (
 ( 1.000000000000000000, 0.7071067811865476838, 1.000000000000000000),
 ( 1.000000000000000000, 0.6936903029071177507, 1.000000000000000000),
 ( 1.000000000000000000, 0.6779932647252069344, 1.000000000000000000),
 ( 1.000000000000000000, 0.6415396523195455725, 1.000000000000000000),
 ( 1.000000000000000000, 0.6207803180370025098, 1.000000000000000000),
 ( 1.000000000000000000, 0.5972222662749405719, 1.000000000000000000) ) ) 
 REPRESENTATION_ITEM ( '' )  SURFACE ( )  );
#216 = CARTESIAN_POINT ( 'NONE',  ( 50.82971878428875812, 29.34655182294209297, 14.09999999999999964 ) ) ;
#217 = DIRECTION ( 'NONE',  ( -1.000000000000000000, 0.000000000000000000, 0.000000000000000000 ) ) ;
#218 = DIRECTION ( 'NONE',  ( -0.9137500904359651122, -0.2181193613348112736, 0.3427604359303447201 ) ) ;
#219 = VERTEX_POINT ( 'NONE', #1023 ) ;
#220 = EDGE_CURVE ( 'NONE', #1420, #1399, #1466, .T. ) ;
#221 = CARTESIAN_POINT ( 'NONE',  ( 20.26499444855580379, 11.70000000000009166, -23.48087594184809390 ) ) ;
#222 = CARTESIAN_POINT ( 'NONE',  ( 0.000000000000000000, 19.72400000000000020, 15.59999999999999964 ) ) ;
#223 = ORIENTED_EDGE ( 'NONE', *, *, #964, .T. ) ;
#224 = EDGE_CURVE ( 'NONE', #329, #478, #1478, .T. ) ;
#225 = CARTESIAN_POINT ( 'NONE',  ( 7.507388844726511579, 23.20699996182542790, 0.000000000000000000 ) ) ;
#226 = CARTESIAN_POINT ( 'NONE',  ( -7.242754282035579472, 15.86009175288890027, 14.60000000000000142 ) ) ;
#227 = CARTESIAN_POINT ( 'NONE',  ( -21.12302733709080726, -2.702198876848939335, 14.01784163167634212 ) ) ;
#228 = CIRCLE ( 'NONE', #2264, 1.500000000000001110 ) ;
#229 = DIRECTION ( 'NONE',  ( 0.000000000000000000, 0.000000000000000000, 1.000000000000000000 ) ) ;
#230 = CARTESIAN_POINT ( 'NONE',  ( -25.41485939214423695, 24.53527591147128106, 0.000000000000000000 ) ) ;
#231 = CARTESIAN_POINT ( 'NONE',  ( -15.93088261476905920, -18.00779566715020152, 0.1277511577820390487 ) ) ;
#232 = VERTEX_POINT ( 'NONE', #263 ) ;
#233 = DIRECTION ( 'NONE',  ( -0.000000000000000000, -0.000000000000000000, -1.000000000000000000 ) ) ;
#234 = ORIENTED_EDGE ( 'NONE', *, *, #74, .F. ) ;
#235 = CARTESIAN_POINT ( 'NONE',  ( -23.56064982129542784, -4.792651215521970265, 0.1277511577827948608 ) ) ;
#236 = ORIENTED_EDGE ( 'NONE', *, *, #1740, .F. ) ;
#237 = CIRCLE ( 'NONE', #2241, 28.48087594184808680 ) ;
#238 = CARTESIAN_POINT ( 'NONE',  ( -6.146697294812031309, 22.57571674013223983, 14.09999999999999964 ) ) ;
#239 = DIRECTION ( 'NONE',  ( -0.000000000000000000, -0.000000000000000000, 1.000000000000000000 ) ) ;
#240 = CARTESIAN_POINT ( 'NONE',  ( 16.47779555818882713, -16.61105437674623886, 14.09999999999999964 ) ) ;
#241 = DIRECTION ( 'NONE',  ( -0.1886989001490086415, -0.9820349917811251883, 0.000000000000000000 ) ) ;
#242 =( LENGTH_UNIT ( ) NAMED_UNIT ( * ) SI_UNIT ( .MILLI., .METRE. ) );
#243 = CARTESIAN_POINT ( 'NONE',  ( 15.93088261476837530, -18.00779566715014468, 0.1277511577825001243 ) ) ;
#244 = EDGE_LOOP ( 'NONE', ( #808, #553, #1512, #725 ) ) ;
#245 = DIRECTION ( 'NONE',  ( 0.08909231199165594528, 0.9960233731916040556, 0.000000000000000000 ) ) ;
#246 = ORIENTED_EDGE ( 'NONE', *, *, #993, .T. ) ;
#247 = DIRECTION ( 'NONE',  ( -0.000000000000000000, -0.000000000000000000, -1.000000000000000000 ) ) ;
#248 = EDGE_CURVE ( 'NONE', #2228, #1597, #1231, .T. ) ;
#249 = CARTESIAN_POINT ( 'NONE',  ( -8.063202070995401982, 20.36458237055212450, 14.09999999703028806 ) ) ;
#250 = DIRECTION ( 'NONE',  ( 0.8660254037844363761, 0.5000000000000039968, -0.000000000000000000 ) ) ;
#251 = CARTESIAN_POINT ( 'NONE',  ( -20.95018695943330300, -2.543859560547804044, 15.62971774664544000 ) ) ;
#252 =( NAMED_UNIT ( * ) PLANE_ANGLE_UNIT ( ) SI_UNIT ( $, .RADIAN. ) );
#253 = CARTESIAN_POINT ( 'NONE',  ( 8.952033597435537615, 16.88273260085804495, 13.25000000000000178 ) ) ;
#254 = ORIENTED_EDGE ( 'NONE', *, *, #1982, .T. ) ;
#255 = EDGE_CURVE ( 'NONE', #1077, #1249, #108, .T. ) ;
#256 = DIRECTION ( 'NONE',  ( 0.000000000000000000, 0.000000000000000000, 1.000000000000000000 ) ) ;
#257 = ORIENTED_EDGE ( 'NONE', *, *, #2039, .F. ) ;
#258 = CARTESIAN_POINT ( 'NONE',  ( -6.146697294812017986, 22.57571674013223273, 0.000000000000000000 ) ) ;
#259 = ORIENTED_EDGE ( 'NONE', *, *, #435, .T. ) ;
#260 = CARTESIAN_POINT ( 'NONE',  ( -8.681096143996480663, 17.79214235858950843, 15.46336778086342001 ) ) ;
#261 = CARTESIAN_POINT ( 'NONE',  ( 22.62449285300181145, -5.964662363385300203, 14.09999999999999964 ) ) ;
#262 = CARTESIAN_POINT ( 'NONE',  ( 17.01153273802759358, 1.645596714458741783, 4.142607396210417292 ) ) ;
#263 = CARTESIAN_POINT ( 'NONE',  ( -3.000000000000000444, 3.673940397442060361E-16, 0.000000000000000000 ) ) ;
#264 = ORIENTED_EDGE ( 'NONE', *, *, #1712, .F. ) ;
#265 = EDGE_LOOP ( 'NONE', ( #2014, #280, #749 ) ) ;
#266 = CIRCLE ( 'NONE', #1644, 1.499999999999999556 ) ;
#267 = AXIS2_PLACEMENT_3D ( 'NONE', #5, #1729, #757 ) ;
#268 = ORIENTED_EDGE ( 'NONE', *, *, #2207, .F. ) ;
#269 = EDGE_CURVE ( 'NONE', #542, #591, #1595, .T. ) ;
#270 = DIRECTION ( 'NONE',  ( -0.8660254037844432595, 0.4999999999999920064, 0.000000000000000000 ) ) ;
#271 = CARTESIAN_POINT ( 'NONE',  ( 21.66784670585568762, -3.199353355945740329, 14.09999999703028806 ) ) ;
#272 = CARTESIAN_POINT ( 'NONE',  ( 0.000000000000000000, -7.799999999999999822, -23.48087594184809390 ) ) ;
#273 = SHAPE_DEFINITION_REPRESENTATION ( #1112, #287 ) ;
#274 = CARTESIAN_POINT ( 'NONE',  ( 13.21184151232058213, -15.34022115869825953, 15.50682849589517787 ) ) ;
#275 = ORIENTED_EDGE ( 'NONE', *, *, #123, .T. ) ;
#276 = CARTESIAN_POINT ( 'NONE',  ( 21.12302733709077174, -2.702198876849124076, 14.01784163167633857 ) ) ;
#277 = EDGE_CURVE ( 'NONE', #183, #126, #410, .T. ) ;
#278 = ORIENTED_EDGE ( 'NONE', *, *, #1479, .T. ) ;
#279 = CARTESIAN_POINT ( 'NONE',  ( -14.78883588757705247, -17.56061182474236659, 0.8983936976763673421 ) ) ;
#280 = ORIENTED_EDGE ( 'NONE', *, *, #692, .F. ) ;
#281 = CARTESIAN_POINT ( 'NONE',  ( -14.80523611038207576, -15.99390458005301952, 15.60000000000000142 ) ) ;
#282 = DIRECTION ( 'NONE',  ( 0.5751678920623798374, -0.8180353879512297643, -0.000000000000000000 ) ) ;
#283 = DIRECTION ( 'NONE',  ( -0.5751678920624860858, -0.8180353879511550463, 0.000000000000000000 ) ) ;
#284 = CARTESIAN_POINT ( 'NONE',  ( 1.953814564322491206E-15, -13.01204819277109337, 12.77558193667740838 ) ) ;
#285 = ORIENTED_EDGE ( 'NONE', *, *, #220, .F. ) ;
#286 = APPLICATION_CONTEXT ( 'automotive_design' ) ;
#287 = ADVANCED_BREP_SHAPE_REPRESENTATION ( 'Walker_Handle_Adjustment_Knob', ( #352, #1572 ), #1879 ) ;
#288 = CARTESIAN_POINT ( 'NONE',  ( 19.89094197926450747, -3.771679801094382167, 15.50682849589518497 ) ) ;
#289 = VERTEX_POINT ( 'NONE', #1765 ) ;
#290 = ADVANCED_FACE ( 'NONE', ( #2337 ), #2121, .T. ) ;
#291 = PLANE ( 'NONE',  #1721 ) ;
#292 = VERTEX_POINT ( 'NONE', #1558 ) ;
#293 = EDGE_CURVE ( 'NONE', #2389, #1441, #1121, .T. ) ;
#294 = CARTESIAN_POINT ( 'NONE',  ( -7.799999999999998046, 9.552245033349352600E-16, -16.00000000000000000 ) ) ;
#295 = CARTESIAN_POINT ( 'NONE',  ( -11.35140015920989143, 10.54496353386004692, 11.51566707644015430 ) ) ;
#296 = CARTESIAN_POINT ( 'NONE',  ( 7.921562104510965874, 21.10171122086748952, 14.09999999999999964 ) ) ;
#297 = CARTESIAN_POINT ( 'NONE',  ( 16.79121913260224730, -1.060279762348052435, 14.29989889265403491 ) ) ;
#298 = DIRECTION ( 'NONE',  ( 0.000000000000000000, 0.000000000000000000, 1.000000000000000000 ) ) ;
#299 = ORIENTED_EDGE ( 'NONE', *, *, #1786, .T. ) ;
#300 = DIRECTION ( 'NONE',  ( -0.8660254037844362651, -0.5000000000000039968, 0.000000000000000000 ) ) ;
#301 = ORIENTED_EDGE ( 'NONE', *, *, #1065, .T. ) ;
#302 = CIRCLE ( 'NONE', #774, 7.799999999999998046 ) ;
#303 = AXIS2_PLACEMENT_3D ( 'NONE', #1637, #1269, #104 ) ;
#304 = CARTESIAN_POINT ( 'NONE',  ( 23.56064982129587904, -4.792651215522583996, 15.59999999999999964 ) ) ;
#305 = EDGE_LOOP ( 'NONE', ( #1890, #486, #886, #721, #278, #1862, #1263, #2163, #2051 ) ) ;
#306 = AXIS2_PLACEMENT_3D ( 'NONE', #216, #2105, #1311 ) ;
#307 = AXIS2_PLACEMENT_3D ( 'NONE', #2339, #1577, #822 ) ;
#308 = CARTESIAN_POINT ( 'NONE',  ( -12.90408074586533616, -16.94271731612435161, 14.01819739916597207 ) ) ;
#309 = CARTESIAN_POINT ( 'NONE',  ( -8.952033597435374190, 16.88273260085812666, 13.25000000000000178 ) ) ;
#310 = CARTESIAN_POINT ( 'NONE',  ( 16.47779555818900477, -16.61105437674630991, 15.59999999999999964 ) ) ;
#311 = CARTESIAN_POINT ( 'NONE',  ( 17.35661950537170028, -1.657636674832978274, 14.60000000000000142 ) ) ;
#312 = CARTESIAN_POINT ( 'NONE',  ( 12.01396762385351025, 9.281342655819855736, 13.53128656931009921 ) ) ;
#313 = ORIENTED_EDGE ( 'NONE', *, *, #662, .F. ) ;
#314 = CARTESIAN_POINT ( 'NONE',  ( 13.50999629903731858, -7.799999999999999822, 2.000000000000000000 ) ) ;
#315 = DIRECTION ( 'NONE',  ( 1.000000000000000000, 0.000000000000000000, -0.000000000000000000 ) ) ;
#316 = ORIENTED_EDGE ( 'NONE', *, *, #199, .F. ) ;
#317 = DIRECTION ( 'NONE',  ( -0.000000000000000000, -0.000000000000000000, -1.000000000000000000 ) ) ;
#318 = ORIENTED_EDGE ( 'NONE', *, *, #370, .F. ) ;
#319 = DIRECTION ( 'NONE',  ( 0.000000000000000000, 0.000000000000000000, -1.000000000000000000 ) ) ;
#320 = VECTOR ( 'NONE', #929, 1000.000000000000000 ) ;
#321 = CARTESIAN_POINT ( 'NONE',  ( -16.88462586399404231, 1.783387436158344386, 12.15955174970440211 ) ) ;
#322 = ADVANCED_FACE ( 'NONE', ( #1963 ), #438, .F. ) ;
#323 = CARTESIAN_POINT ( 'NONE',  ( -10.33748453793239186, 12.90869163584098445, 11.99139208350011110 ) ) ;
#324 = CARTESIAN_POINT ( 'NONE',  ( 13.85606018725496824, 6.000114432790110364, 11.35679086006707195 ) ) ;
#325 = ORIENTED_EDGE ( 'NONE', *, *, #1042, .F. ) ;
#326 = CARTESIAN_POINT ( 'NONE',  ( 0.000000000000000000, -4.053854842863084146E-14, 14.60000000000000142 ) ) ;
#327 = VERTEX_POINT ( 'NONE', #2315 ) ;
#328 = ADVANCED_FACE ( 'NONE', ( #2303 ), #1486, .T. ) ;
#329 = VERTEX_POINT ( 'NONE', #1812 ) ;
#330 = AXIS2_PLACEMENT_3D ( 'NONE', #1521, #1574, #1976 ) ;
#331 = FACE_OUTER_BOUND ( 'NONE', #2296, .T. ) ;
#332 = CARTESIAN_POINT ( 'NONE',  ( 3.482545731970057457, -13.14278916839857025, 12.97154987663170189 ) ) ;
#333 = CARTESIAN_POINT ( 'NONE',  ( 8.952033597435534062, 16.88273260085804495, 13.24999999999999822 ) ) ;
#334 = CARTESIAN_POINT ( 'NONE',  ( -22.23539903284994068, -3.690581590270965329, 15.60000000000000142 ) ) ;
#335 = ORIENTED_EDGE ( 'NONE', *, *, #596, .F. ) ;
#336 = CARTESIAN_POINT ( 'NONE',  ( 11.94031226719385685, 9.424407860779675516, 11.43893846916165558 ) ) ;
#337 = FACE_OUTER_BOUND ( 'NONE', #2076, .T. ) ;
#338 = ORIENTED_EDGE ( 'NONE', *, *, #1325, .T. ) ;
#339 = ORIENTED_EDGE ( 'NONE', *, *, #1688, .F. ) ;
#340 = B_SPLINE_CURVE_WITH_KNOTS ( 'NONE', 3,
 ( #311, #297, #2395, #2034, #1048, #1798, #1438, #1089, #1822, #131, #918, #120, #1641, #536, #1075, #1833 ),
 .UNSPECIFIED., .F., .F.,
 ( 4, 2, 2, 2, 2, 2, 2, 4 ),
 ( 1.517883041479706208E-18, 0.002618578749927004054, 0.005237157499854007241, 0.01047431499970801275, 0.01178360437467151217, 0.01309289374963501333, 0.01571147249956201392, 0.02094862999941601855 ),
 .UNSPECIFIED. ) ;
#341 = CIRCLE ( 'NONE', #1206, 43.69310364588417883 ) ;
#342 = CARTESIAN_POINT ( 'NONE',  ( 23.85154593492865160, -5.101910525291724063, 14.09999999999999964 ) ) ;
#343 = AXIS2_PLACEMENT_3D ( 'NONE', #664, #2133, #1978 ) ;
#344 = CARTESIAN_POINT ( 'NONE',  ( 8.681096143995340242, 17.79214235858654192, 15.46336778086204511 ) ) ;
#345 = SURFACE_STYLE_FILL_AREA ( #1440 ) ;
#346 = EDGE_LOOP ( 'NONE', ( #1864, #2233, #1624, #1648, #1447, #1824, #969, #642 ) ) ;
#347 = CARTESIAN_POINT ( 'NONE',  ( 9.986771756500045782, 13.73082121353548857, 12.15955174970439501 ) ) ;
#348 = ORIENTED_EDGE ( 'NONE', *, *, #165, .F. ) ;
#349 = EDGE_LOOP ( 'NONE', ( #1197, #787, #1991 ) ) ;
#350 = EDGE_CURVE ( 'NONE', #2122, #888, #525, .T. ) ;
#351 = EDGE_LOOP ( 'NONE', ( #1659, #452 ) ) ;
#352 = MANIFOLD_SOLID_BREP ( 'Fillet3', #171 ) ;
#353 = AXIS2_PLACEMENT_3D ( 'NONE', #1053, #1803, #844 ) ;
#354 = DIRECTION ( 'NONE',  ( 0.000000000000000000, 0.000000000000000000, 1.000000000000000000 ) ) ;
#355 = AXIS2_PLACEMENT_3D ( 'NONE', #1140, #756, #1321 ) ;
#356 = CARTESIAN_POINT ( 'NONE',  ( -23.66094262116527958, -4.878372817667093742, 0.04346513904643454357 ) ) ;
#357 = CARTESIAN_POINT ( 'NONE',  ( -7.737002156096327354, 14.28103214457186709, 14.03562922388680256 ) ) ;
#358 = CARTESIAN_POINT ( 'NONE',  ( 16.08692578706246934, 2.835442043789220268, 14.01968792470672831 ) ) ;
#359 = ORIENTED_EDGE ( 'NONE', *, *, #2383, .F. ) ;
#360 = CIRCLE ( 'NONE', #1697, 1.500000000000001332 ) ;
#361 = CARTESIAN_POINT ( 'NONE',  ( 0.000000000000000000, -4.053854842863084146E-14, 14.60000000000000142 ) ) ;
#362 = CARTESIAN_POINT ( 'NONE',  ( 13.50999629903731858, -7.799999999999999822, 1.591824240121521905 ) ) ;
#363 = CARTESIAN_POINT ( 'NONE',  ( 14.80523611038191945, -15.99390458005316518, 14.09999999999999964 ) ) ;
#364 = ORIENTED_EDGE ( 'NONE', *, *, #1510, .T. ) ;
#365 = B_SPLINE_CURVE_WITH_KNOTS ( 'NONE', 3,
 ( #20, #1586, #473, #274, #842, #2130 ),
 .UNSPECIFIED., .F., .F.,
 ( 4, 2, 4 ),
 ( 2.453269466693399083E-18, 0.002560188084791263120, 0.005120376169582523639 ),
 .UNSPECIFIED. ) ;
#366 = VERTEX_POINT ( 'NONE', #1476 ) ;
#367 = ADVANCED_FACE ( 'NONE', ( #2046 ), #79, .T. ) ;
#368 = VECTOR ( 'NONE', #2029, 1000.000000000000000 ) ;
#369 = CARTESIAN_POINT ( 'NONE',  ( -21.25374572722128264, -4.824758290590770216, 14.10000000000000142 ) ) ;
#370 = EDGE_CURVE ( 'NONE', #908, #1815, #1285, .T. ) ;
#371 = DIRECTION ( 'NONE',  ( 1.000000000000000000, 2.312964634635743450E-15, 0.000000000000000000 ) ) ;
#372 = CARTESIAN_POINT ( 'NONE',  ( -6.448509616839072756, 20.81866287064405441, 15.59999999999999964 ) ) ;
#373 = CARTESIAN_POINT ( 'NONE',  ( 0.000000000000000000, 17.43559577416267459, 14.60000000000000142 ) ) ;
#374 = FACE_OUTER_BOUND ( 'NONE', #1977, .T. ) ;
#375 = CARTESIAN_POINT ( 'NONE',  ( 1.446709812256016248, -15.02246547898976914, 4.965525152004490295 ) ) ;
#376 = CARTESIAN_POINT ( 'NONE',  ( -16.05526609981403041, -18.05179097858139059, 0.04346513904617480689 ) ) ;
#377 = ORIENTED_EDGE ( 'NONE', *, *, #1156, .F. ) ;
#378 = B_SPLINE_CURVE_WITH_KNOTS ( 'NONE', 3,
 ( #1191, #2272, #1377, #1757, #601, #55, #1343, #417, #1354, #67, #2295, #1180, #825, #984, #1943, #1579, #1170, #1919, #812, #1564, #2087, #235 ),
 .UNSPECIFIED., .F., .F.,
 ( 4, 2, 2, 2, 2, 2, 2, 2, 2, 2, 4 ),
 ( 0.0002360336555449901665, 0.004530181839147405520, 0.008824330022749821145, 0.01311847820635223677, 0.01741262638995465239, 0.01848616343585525804, 0.01955970048175586021, 0.02170677457355706802, 0.02600092275715948018, 0.03029507094076189233, 0.03458921912436430102 ),
 .UNSPECIFIED. ) ;
#379 = AXIS2_PLACEMENT_3D ( 'NONE', #2276, #593, #1346 ) ;
#380 = EDGE_CURVE ( 'NONE', #2251, #1029, #26, .T. ) ;
#381 = DIRECTION ( 'NONE',  ( 0.8660254037844363761, 0.5000000000000039968, -0.000000000000000000 ) ) ;
#382 = ORIENTED_EDGE ( 'NONE', *, *, #110, .F. ) ;
#383 = DIRECTION ( 'NONE',  ( 1.000000000000000000, 0.000000000000000000, 0.000000000000000000 ) ) ;
#384 = CIRCLE ( 'NONE', #423, 8.275999999999998025 ) ;
#385 = CARTESIAN_POINT ( 'NONE',  ( 23.66094262116523339, -4.878372817667229633, 0.04346513904620081387 ) ) ;
#386 = EDGE_CURVE ( 'NONE', #491, #395, #644, .T. ) ;
#387 = CARTESIAN_POINT ( 'NONE',  ( -3.456506222698367825, -15.10308267332854015, 11.51566707644014542 ) ) ;
#388 = CIRCLE ( 'NONE', #2196, 8.275999999999998025 ) ;
#389 = DIRECTION ( 'NONE',  ( 1.000000000000000000, 2.312964634635740689E-14, 0.000000000000000000 ) ) ;
#390 = CIRCLE ( 'NONE', #2149, 45.19310364588417883 ) ;
#391 = ADVANCED_FACE ( 'NONE', ( #1152 ), #734, .T. ) ;
#392 = CARTESIAN_POINT ( 'NONE',  ( -3.000000000000000444, 3.673940397442060361E-16, -16.00000000000000000 ) ) ;
#393 = DIRECTION ( 'NONE',  ( 1.000000000000000000, 0.000000000000000000, 0.000000000000000000 ) ) ;
#394 = CARTESIAN_POINT ( 'NONE',  ( -16.34415709020239404, -18.10508943653382019, 14.09999999999999964 ) ) ;
#395 = VERTEX_POINT ( 'NONE', #2418 ) ;
#396 = DIRECTION ( 'NONE',  ( 0.000000000000000000, 0.000000000000000000, 1.000000000000000000 ) ) ;
#397 = DIRECTION ( 'NONE',  ( 0.6544355370857730669, -0.7561178002132047382, 0.000000000000000000 ) ) ;
#398 = ORIENTED_EDGE ( 'NONE', *, *, #269, .T. ) ;
#399 = DIRECTION ( 'NONE',  ( 1.000000000000000000, 0.000000000000000000, 0.000000000000000000 ) ) ;
#400 = CARTESIAN_POINT ( 'NONE',  ( -8.752160794534685095, 17.55429323312868206, 13.51442608680186019 ) ) ;
#401 = CARTESIAN_POINT ( 'NONE',  ( -22.23539903284994423, -3.690581590270962220, 14.10000000000000142 ) ) ;
#402 = DIRECTION ( 'NONE',  ( 0.3275994546953437392, -0.9448167003621990023, 0.000000000000000000 ) ) ;
#403 = CARTESIAN_POINT ( 'NONE',  ( 0.000000000000000000, 19.72400000000000020, 0.000000000000000000 ) ) ;
#404 = CYLINDRICAL_SURFACE ( 'NONE', #531, 7.799999999999998046 ) ;
#405 = ORIENTED_EDGE ( 'NONE', *, *, #729, .F. ) ;
#406 = EDGE_CURVE ( 'NONE', #155, #635, #1303, .T. ) ;
#407 = FACE_OUTER_BOUND ( 'NONE', #2364, .T. ) ;
#408 = CARTESIAN_POINT ( 'NONE',  ( -50.82971878428847390, 29.34655182294255837, 15.59999999999999964 ) ) ;
#409 = ORIENTED_EDGE ( 'NONE', *, *, #1740, .T. ) ;
#410 = CIRCLE ( 'NONE', #2178, 1.500000000000000222 ) ;
#411 = CARTESIAN_POINT ( 'NONE',  ( -2.706168622523819067E-13, -58.69310364588419304, 14.09999999999999964 ) ) ;
#412 = CARTESIAN_POINT ( 'NONE',  ( -6.944558157888233829, 17.46065387662478230, 15.16607557296029718 ) ) ;
#413 = DIRECTION ( 'NONE',  ( -0.000000000000000000, -0.000000000000000000, -1.000000000000000000 ) ) ;
#414 = CYLINDRICAL_SURFACE ( 'NONE', #780, 1.499999999999999556 ) ;
#415 = DIRECTION ( 'NONE',  ( 0.5000000000000039968, -0.8660254037844363761, 0.000000000000000000 ) ) ;
#416 = DIRECTION ( 'NONE',  ( -0.000000000000000000, -0.000000000000000000, -1.000000000000000000 ) ) ;
#417 = CARTESIAN_POINT ( 'NONE',  ( -11.60982724131163479, 10.03647546743552965, 4.888899844835172814 ) ) ;
#418 = VERTEX_POINT ( 'NONE', #373 ) ;
#419 = DIRECTION ( 'NONE',  ( -0.3512170040217710842, 0.000000000000000000, 0.9362940863243616185 ) ) ;
#420 = DIRECTION ( 'NONE',  ( 1.000000000000000000, 0.000000000000000000, 0.000000000000000000 ) ) ;
#421 = DIRECTION ( 'NONE',  ( 1.000000000000000000, 0.000000000000000000, 0.000000000000000000 ) ) ;
#422 = B_SPLINE_CURVE_WITH_KNOTS ( 'NONE', 3,
 ( #1220, #839, #2334, #1542 ),
 .UNSPECIFIED., .F., .F.,
 ( 4, 4 ),
 ( 0.000000000000000000, 0.0002347465933275102025 ),
 .UNSPECIFIED. ) ;
#423 = AXIS2_PLACEMENT_3D ( 'NONE', #1433, #2353, #2190 ) ;
#424 = DIRECTION ( 'NONE',  ( 0.000000000000000000, 1.000000000000000000, 0.000000000000000000 ) ) ;
#425 = LINE ( 'NONE', #2422, #1642 ) ;
#426 = CARTESIAN_POINT ( 'NONE',  ( 22.23539903284991226, -3.690581590271158507, 14.10000000000000142 ) ) ;
#427 = ORIENTED_EDGE ( 'NONE', *, *, #1576, .T. ) ;
#428 = AXIS2_PLACEMENT_3D ( 'NONE', #1703, #1153, #781 ) ;
#429 = AXIS2_PLACEMENT_3D ( 'NONE', #546, #1293, #744 ) ;
#430 = CARTESIAN_POINT ( 'NONE',  ( -6.010512617292417481, -15.40687003899890861, 11.99139208350010222 ) ) ;
#431 = ADVANCED_FACE ( 'NONE', ( #560 ), #1347, .T. ) ;
#432 = CARTESIAN_POINT ( 'NONE',  ( -13.50999629903709653, -7.799999999999999822, 1.591824240121640033 ) ) ;
#433 = CIRCLE ( 'NONE', #1807, 8.275999999999998025 ) ;
#434 = DIRECTION ( 'NONE',  ( 1.000000000000000000, 0.000000000000000000, 0.000000000000000000 ) ) ;
#435 = EDGE_CURVE ( 'NONE', #700, #1913, #360, .T. ) ;
#436 = CARTESIAN_POINT ( 'NONE',  ( -7.242754282035579472, 15.86009175288890027, 14.60000000000000142 ) ) ;
#437 = CARTESIAN_POINT ( 'NONE',  ( -19.57954074503664188, -1.198605813139077103, 13.51497314393609273 ) ) ;
#438 = PLANE ( 'NONE',  #1699 ) ;
#439 = ORIENTED_EDGE ( 'NONE', *, *, #561, .T. ) ;
#440 = CARTESIAN_POINT ( 'NONE',  ( -7.629767206526722134, 22.80044688267335928, 14.09999999999999964 ) ) ;
#441 = ORIENTED_EDGE ( 'NONE', *, *, #2020, .T. ) ;
#442 = CARTESIAN_POINT ( 'NONE',  ( 7.507388844726511579, 23.20699996182542790, 15.59999999999999964 ) ) ;
#443 = EDGE_LOOP ( 'NONE', ( #1458, #2310, #2338, #1428, #1190, #1299, #724 ) ) ;
#444 = DIRECTION ( 'NONE',  ( 1.000000000000000000, 0.000000000000000000, 0.000000000000000000 ) ) ;
#445 = LINE ( 'NONE', #1935, #1239 ) ;
#446 = EDGE_CURVE ( 'NONE', #2131, #1724, #2016, .T. ) ;
#447 = VECTOR ( 'NONE', #1144, 1000.000000000000000 ) ;
#448 = CARTESIAN_POINT ( 'NONE',  ( 21.65034893357188750, -3.200961627105392449, 1.582802006667839656 ) ) ;
#449 = CARTESIAN_POINT ( 'NONE',  ( 8.276455748801588186, 12.71226235815093730, 13.54754284083707283 ) ) ;
#450 = VERTEX_POINT ( 'NONE', #942 ) ;
#451 = CARTESIAN_POINT ( 'NONE',  ( 0.000000000000000000, -4.053854842863084146E-14, 50.60000000000000142 ) ) ;
#452 = ORIENTED_EDGE ( 'NONE', *, *, #1448, .F. ) ;
#453 = ADVANCED_FACE ( 'NONE', ( #1691 ), #1908, .F. ) ;
#454 = VECTOR ( 'NONE', #45, 1000.000000000000000 ) ;
#455 = CARTESIAN_POINT ( 'NONE',  ( -50.82971878428847390, 29.34655182294255837, 14.09999999999999964 ) ) ;
#456 = ORIENTED_EDGE ( 'NONE', *, *, #178, .F. ) ;
#457 = CARTESIAN_POINT ( 'NONE',  ( -6.682371445694102796, 19.09000936204058263, 15.50376164703248172 ) ) ;
#458 = CARTESIAN_POINT ( 'NONE',  ( -50.82971878428847390, 29.34655182294255837, 14.09999999999999964 ) ) ;
#459 = AXIS2_PLACEMENT_3D ( 'NONE', #57, #657, #2117 ) ;
#460 = EDGE_CURVE ( 'NONE', #2328, #168, #2321, .T. ) ;
#461 = CARTESIAN_POINT ( 'NONE',  ( -19.09689211636061046, -0.6886777895179195808, 13.25000000000000178 ) ) ;
#462 = DIRECTION ( 'NONE',  ( -0.9960233731916173783, -0.08909231199150770275, 0.000000000000000000 ) ) ;
#463 = ORIENTED_EDGE ( 'NONE', *, *, #1084, .F. ) ;
#464 = CIRCLE ( 'NONE', #1603, 1.499999999999999556 ) ;
#465 = DIRECTION ( 'NONE',  ( 1.000000000000000000, 0.000000000000000000, 0.000000000000000000 ) ) ;
#466 = ORIENTED_EDGE ( 'NONE', *, *, #220, .T. ) ;
#467 = AXIS2_PLACEMENT_3D ( 'NONE', #1856, #1333, #399 ) ;
#468 = DIRECTION ( 'NONE',  ( 1.000000000000000000, 0.000000000000000000, 0.000000000000000000 ) ) ;
#469 = ORIENTED_EDGE ( 'NONE', *, *, #1480, .F. ) ;
#470 = CARTESIAN_POINT ( 'NONE',  ( -8.910197381453624388, 16.98588072669033266, 15.31682349245138930 ) ) ;
#471 = CARTESIAN_POINT ( 'NONE',  ( 0.000000000000000000, -4.053854842863084146E-14, 15.59999999999999964 ) ) ;
#472 = CARTESIAN_POINT ( 'NONE',  ( -17.95359850534859092, -2.177074323708067638, 14.91173822923223291 ) ) ;
#473 = CARTESIAN_POINT ( 'NONE',  ( 11.64909074490006446, -14.74449072110225956, 15.16607557296029718 ) ) ;
#474 = ORIENTED_EDGE ( 'NONE', *, *, #900, .F. ) ;
#475 = VECTOR ( 'NONE', #1652, 1000.000000000000000 ) ;
#476 = EDGE_CURVE ( 'NONE', #1249, #2160, #2283, .T. ) ;
#477 = DIRECTION ( 'NONE',  ( 0.000000000000000000, 1.000000000000000000, 0.000000000000000000 ) ) ;
#478 = VERTEX_POINT ( 'NONE', #618 ) ;
#479 = CARTESIAN_POINT ( 'NONE',  ( 16.34415709020155205, -18.10508943653372071, 15.59999999999999964 ) ) ;
#480 = ORIENTED_EDGE ( 'NONE', *, *, #2077, .F. ) ;
#481 = CARTESIAN_POINT ( 'NONE',  ( -10.11386522333608617, -14.20245507805586094, 14.59999999999999964 ) ) ;
#482 = CARTESIAN_POINT ( 'NONE',  ( 2.188079010869417917, -15.05264573905726877, 11.43867204267052529 ) ) ;
#483 = DIRECTION ( 'NONE',  ( 0.000000000000000000, 0.000000000000000000, 1.000000000000000000 ) ) ;
#484 = CARTESIAN_POINT ( 'NONE',  ( -15.14737001613975309, 0.8114897526905885394, 13.54754284084027738 ) ) ;
#485 = DIRECTION ( 'NONE',  ( 0.000000000000000000, 1.000000000000000000, 0.000000000000000000 ) ) ;
#486 = ORIENTED_EDGE ( 'NONE', *, *, #85, .T. ) ;
#487 = CIRCLE ( 'NONE', #211, 17.43559577416271011 ) ;
#488 = CARTESIAN_POINT ( 'NONE',  ( 6.754998149518602446, 3.900000000000030997, -23.48087594184809390 ) ) ;
#489 = ORIENTED_EDGE ( 'NONE', *, *, #510, .F. ) ;
#490 = FACE_OUTER_BOUND ( 'NONE', #1766, .T. ) ;
#491 = VERTEX_POINT ( 'NONE', #1555 ) ;
#492 = CARTESIAN_POINT ( 'NONE',  ( -17.08148506424426927, -9.862000000000010758, 14.09999999999999964 ) ) ;
#493 = CARTESIAN_POINT ( 'NONE',  ( 0.4392382516040481688, -13.01210920639748281, 12.77567319099878063 ) ) ;
#494 = AXIS2_PLACEMENT_3D ( 'NONE', #2287, #250, #2139 ) ;
#495 = CARTESIAN_POINT ( 'NONE',  ( 23.70612686436694005, -4.925399227573106664, 0.000000000000000000 ) ) ;
#496 = CARTESIAN_POINT ( 'NONE',  ( -11.35288963864002199, 10.54189364617061742, 11.51528950072223978 ) ) ;
#497 = CARTESIAN_POINT ( 'NONE',  ( 12.55804771496205241, 8.262025005423389246, 11.36737373506186621 ) ) ;
#498 = ORIENTED_EDGE ( 'NONE', *, *, #510, .T. ) ;
#499 = CARTESIAN_POINT ( 'NONE',  ( -23.85154593492808672, -5.101910525290967335, 14.09999999999999964 ) ) ;
#500 = EDGE_LOOP ( 'NONE', ( #1120, #236, #2047 ) ) ;
#501 = ORIENTED_EDGE ( 'NONE', *, *, #1013, .F. ) ;
#502 = VECTOR ( 'NONE', #2319, 1000.000000000000000 ) ;
#503 = AXIS2_PLACEMENT_3D ( 'NONE', #2194, #128, #1625 ) ;
#504 = CARTESIAN_POINT ( 'NONE',  ( 22.62449285300181145, -5.964662363385293986, 15.59999999999999964 ) ) ;
#505 = ORIENTED_EDGE ( 'NONE', *, *, #986, .F. ) ;
#506 = TOROIDAL_SURFACE ( 'NONE', #1876, 45.19310364588418594, 1.500000000000000000 ) ;
#507 = CIRCLE ( 'NONE', #1432, 1.500000000000000222 ) ;
#508 = VECTOR ( 'NONE', #1384, 1000.000000000000000 ) ;
#509 = CARTESIAN_POINT ( 'NONE',  ( -12.12327222967912910, 9.001371071665889900, 11.35677528017997417 ) ) ;
#510 = EDGE_CURVE ( 'NONE', #813, #1441, #1774, .T. ) ;
#511 = FACE_OUTER_BOUND ( 'NONE', #2006, .T. ) ;
#512 = CARTESIAN_POINT ( 'NONE',  ( -18.62223562928005194, -0.1871936248992477902, 15.14248214374214818 ) ) ;
#513 =( NAMED_UNIT ( * ) SI_UNIT ( $, .STERADIAN. ) SOLID_ANGLE_UNIT ( ) );
#514 = ORIENTED_EDGE ( 'NONE', *, *, #2206, .F. ) ;
#515 = CARTESIAN_POINT ( 'NONE',  ( 11.35505895611596294, 10.59554251613248255, 11.56110320910270062 ) ) ;
#516 = EDGE_LOOP ( 'NONE', ( #554, #2354, #152 ) ) ;
#517 = ORIENTED_EDGE ( 'NONE', *, *, #1932, .T. ) ;
#518 = ORIENTED_EDGE ( 'NONE', *, *, #476, .F. ) ;
#519 = DIRECTION ( 'NONE',  ( 1.000000000000000000, 0.000000000000000000, 0.000000000000000000 ) ) ;
#520 = AXIS2_PLACEMENT_3D ( 'NONE', #804, #1251, #2017 ) ;
#521 = CARTESIAN_POINT ( 'NONE',  ( 6.754998149518604222, 3.900000000000031442, 2.000000000000000000 ) ) ;
#522 = STYLED_ITEM ( 'NONE', ( #1630 ), #352 ) ;
#523 = CARTESIAN_POINT ( 'NONE',  ( 6.559245564697421038, 19.94078824551383278, 15.60000000000000142 ) ) ;
#524 = CARTESIAN_POINT ( 'NONE',  ( -13.40173382570558225, 6.798808473678968234, 13.46844905912543844 ) ) ;
#525 = LINE ( 'NONE', #2373, #639 ) ;
#526 = ORIENTED_EDGE ( 'NONE', *, *, #1142, .T. ) ;
#527 = ADVANCED_FACE ( 'NONE', ( #2119 ), #1737, .T. ) ;
#528 = CARTESIAN_POINT ( 'NONE',  ( -50.82971878428847390, 29.34655182294255837, 15.59999999999999964 ) ) ;
#529 = ORIENTED_EDGE ( 'NONE', *, *, #110, .T. ) ;
#530 = ORIENTED_EDGE ( 'NONE', *, *, #1633, .F. ) ;
#531 = AXIS2_PLACEMENT_3D ( 'NONE', #1912, #1313, #609 ) ;
#532 = ORIENTED_EDGE ( 'NONE', *, *, #1168, .T. ) ;
#533 = EDGE_CURVE ( 'NONE', #848, #1383, #1853, .T. ) ;
#534 = DIRECTION ( 'NONE',  ( 1.000000000000000000, -1.776356839400250859E-15, 0.000000000000000000 ) ) ;
#535 = CARTESIAN_POINT ( 'NONE',  ( 15.93088261476837175, -18.00779566715014113, 15.59999999999999964 ) ) ;
#536 = CARTESIAN_POINT ( 'NONE',  ( 8.276455748948988500, 12.71226235819864492, 13.54754284088659766 ) ) ;
#537 = AXIS2_PLACEMENT_3D ( 'NONE', #569, #1727, #1475 ) ;
#538 = CARTESIAN_POINT ( 'NONE',  ( 16.88314602780707574, 1.825067480141391085, 12.19104136019566553 ) ) ;
#539 = ORIENTED_EDGE ( 'NONE', *, *, #1576, .F. ) ;
#540 = EDGE_CURVE ( 'NONE', #418, #1064, #1344, .T. ) ;
#541 = DIRECTION ( 'NONE',  ( 0.000000000000000000, 0.000000000000000000, 1.000000000000000000 ) ) ;
#542 = VERTEX_POINT ( 'NONE', #2005 ) ;
#543 = EDGE_LOOP ( 'NONE', ( #68, #474, #1341, #2211 ) ) ;
#544 = CIRCLE ( 'NONE', #100, 1.499999999999999778 ) ;
#545 = CARTESIAN_POINT ( 'NONE',  ( 17.08148506424427993, -9.861999999999985889, 0.000000000000000000 ) ) ;
#546 = CARTESIAN_POINT ( 'NONE',  ( 0.000000000000000000, 0.000000000000000000, 2.000000000000000000 ) ) ;
#547 = CARTESIAN_POINT ( 'NONE',  ( 0.4413919347988864428, -15.00006376222900073, 11.35726489849026244 ) ) ;
#548 = CARTESIAN_POINT ( 'NONE',  ( 12.78598740286333424, 7.854124977705420285, 13.45954435572735086 ) ) ;
#549 = VERTEX_POINT ( 'NONE', #2187 ) ;
#550 = B_SPLINE_CURVE_WITH_KNOTS ( 'NONE', 3,
 ( #1338, #2278, #1322, #28, #180, #2245, #768, #2057, #1871, #2265, #1141, #930, #2290, #1897, #193, #2081 ),
 .UNSPECIFIED., .F., .F.,
 ( 4, 2, 2, 2, 2, 2, 2, 4 ),
 ( 0.000000000000000000, 0.002618578749927007090, 0.005237157499854012445, 0.01047431499970802316, 0.01178360437467152778, 0.01309289374963503415, 0.01571147249956203820, 0.02094862999941604631 ),
 .UNSPECIFIED. ) ;
#551 = CARTESIAN_POINT ( 'NONE',  ( -10.14485851892518653, -16.19405481133997782, 13.25000000000000533 ) ) ;
#552 = CARTESIAN_POINT ( 'NONE',  ( -2.875418483018696847, -15.07184340997273786, 4.890127854744166669 ) ) ;
#553 = ORIENTED_EDGE ( 'NONE', *, *, #370, .T. ) ;
#554 = ORIENTED_EDGE ( 'NONE', *, *, #2164, .T. ) ;
#555 = B_SPLINE_CURVE_WITH_KNOTS ( 'NONE', 3,
 ( #2100, #1004, #786, #1366, #77, #1538, #1903, #2284 ),
 .UNSPECIFIED., .F., .F.,
 ( 4, 2, 2, 4 ),
 ( 1.734723475976807094E-18, 0.002617043924216340064, 0.005234087848432680129, 0.01046817569686536373 ),
 .UNSPECIFIED. ) ;
#556 = CIRCLE ( 'NONE', #1496, 7.799999999999998046 ) ;
#557 = DIRECTION ( 'NONE',  ( 0.000000000000000000, 0.000000000000000000, 1.000000000000000000 ) ) ;
#558 = FACE_OUTER_BOUND ( 'NONE', #715, .T. ) ;
#559 = CARTESIAN_POINT ( 'NONE',  ( 16.05526609981379238, -18.05179097858146875, 0.04346513904633388797 ) ) ;
#560 = FACE_OUTER_BOUND ( 'NONE', #1179, .T. ) ;
#561 = EDGE_CURVE ( 'NONE', #1661, #210, #599, .T. ) ;
#562 = DIRECTION ( 'NONE',  ( 1.000000000000000000, 0.000000000000000000, 0.000000000000000000 ) ) ;
#563 = LINE ( 'NONE', #194, #187 ) ;
#564 = DIRECTION ( 'NONE',  ( -0.8660254037844363761, -0.5000000000000039968, 0.000000000000000000 ) ) ;
#565 = CARTESIAN_POINT ( 'NONE',  ( -19.09689211636061046, -0.6886777895179184705, 13.25000000000000178 ) ) ;
#566 = ADVANCED_FACE ( 'NONE', ( #910 ), #1540, .T. ) ;
#567 = DIRECTION ( 'NONE',  ( 0.000000000000000000, 0.000000000000000000, -1.000000000000000000 ) ) ;
#568 = DIRECTION ( 'NONE',  ( 0.9311608602692252878, 0.3646086289470894526, -0.000000000000000000 ) ) ;
#569 = CARTESIAN_POINT ( 'NONE',  ( 0.000000000000000000, -23.39999999999999858, -23.48087594184809390 ) ) ;
#570 = CARTESIAN_POINT ( 'NONE',  ( 11.51565636463327280, -16.53862918501969048, 13.72592699711921327 ) ) ;
#571 = DIRECTION ( 'NONE',  ( -0.000000000000000000, 1.000000000000000000, -0.000000000000000000 ) ) ;
#572 = DIRECTION ( 'NONE',  ( -0.000000000000000000, -0.000000000000000000, -1.000000000000000000 ) ) ;
#573 = DIRECTION ( 'NONE',  ( -0.5000000000000038858, 0.8660254037844362651, -7.369911691682800186E-14 ) ) ;
#574 = ORIENTED_EDGE ( 'NONE', *, *, #2365, .F. ) ;
#575 = CARTESIAN_POINT ( 'NONE',  ( -8.952033597435374190, 16.88273260085812666, 13.25000000000000178 ) ) ;
#576 = CYLINDRICAL_SURFACE ( 'NONE', #1875, 8.275999999999998025 ) ;
#577 = EDGE_LOOP ( 'NONE', ( #661, #1355, #1682, #1591, #466 ) ) ;
#578 = EDGE_CURVE ( 'NONE', #90, #549, #2368, .T. ) ;
#579 = AXIS2_PLACEMENT_3D ( 'NONE', #2292, #572, #608 ) ;
#580 = DIRECTION ( 'NONE',  ( 1.000000000000000000, 0.000000000000000000, -0.000000000000000000 ) ) ;
#581 = CARTESIAN_POINT ( 'NONE',  ( -9.447796062699111985, 15.29883406501006249, 12.66446531977554635 ) ) ;
#582 = CIRCLE ( 'NONE', #1759, 43.69310364588417883 ) ;
#583 = CARTESIAN_POINT ( 'NONE',  ( 11.62754071359204033, -14.73654530415442565, 15.15991411330367455 ) ) ;
#584 = EDGE_CURVE ( 'NONE', #1813, #418, #2153, .T. ) ;
#585 = CYLINDRICAL_SURFACE ( 'NONE', #2308, 28.48087594184808680 ) ;
#586 = CARTESIAN_POINT ( 'NONE',  ( 0.3616210459560462720, -15.00000000000001066, 4.999999999999999112 ) ) ;
#587 = PLANE ( 'NONE',  #1983 ) ;
#588 = ORIENTED_EDGE ( 'NONE', *, *, #2253, .T. ) ;
#589 = DIRECTION ( 'NONE',  ( 1.000000000000000000, 0.000000000000000000, 0.000000000000000000 ) ) ;
#590 = DIRECTION ( 'NONE',  ( -1.000000000000000000, 0.000000000000000000, 0.000000000000000000 ) ) ;
#591 = VERTEX_POINT ( 'NONE', #314 ) ;
#592 = FACE_OUTER_BOUND ( 'NONE', #2084, .T. ) ;
#593 = DIRECTION ( 'NONE',  ( -0.000000000000000000, -0.000000000000000000, -1.000000000000000000 ) ) ;
#594 = CARTESIAN_POINT ( 'NONE',  ( 10.86220092293314288, -14.45973523312217779, 14.91173822923166803 ) ) ;
#595 = CARTESIAN_POINT ( 'NONE',  ( 0.000000000000000000, -7.799999999999999822, -23.48087594184809390 ) ) ;
#596 = EDGE_CURVE ( 'NONE', #1768, #923, #896, .T. ) ;
#597 = DIRECTION ( 'NONE',  ( 1.000000000000000000, 0.000000000000000000, -0.000000000000000000 ) ) ;
#598 = DIRECTION ( 'NONE',  ( -0.8660254037844363761, -0.5000000000000041078, -0.000000000000000000 ) ) ;
#599 = CIRCLE ( 'NONE', #1974, 45.19310364588417883 ) ;
#600 = FACE_OUTER_BOUND ( 'NONE', #733, .T. ) ;
#601 = CARTESIAN_POINT ( 'NONE',  ( -9.033834621224800188, 16.53574824121881903, 3.297556071692314461 ) ) ;
#602 = EDGE_LOOP ( 'NONE', ( #1374, #884, #2399, #223 ) ) ;
#603 = EDGE_CURVE ( 'NONE', #418, #1709, #704, .T. ) ;
#604 = CARTESIAN_POINT ( 'NONE',  ( -8.565044835680751589, 18.24216554553485281, 13.72592699711920972 ) ) ;
#605 = DIRECTION ( 'NONE',  ( 0.000000000000000000, 0.000000000000000000, 1.000000000000000000 ) ) ;
#606 = CARTESIAN_POINT ( 'NONE',  ( -20.56016062697036517, -4.298501263777104953, 15.60000000000001030 ) ) ;
#607 = CARTESIAN_POINT ( 'NONE',  ( 23.56064982129587904, -4.792651215522585773, 0.1277511577821133504 ) ) ;
#608 = DIRECTION ( 'NONE',  ( -1.000000000000000000, 0.000000000000000000, 0.000000000000000000 ) ) ;
#609 = DIRECTION ( 'NONE',  ( 1.000000000000000000, 0.000000000000000000, 0.000000000000000000 ) ) ;
#610 = EDGE_CURVE ( 'NONE', #1848, #2131, #153, .T. ) ;
#611 = EDGE_CURVE ( 'NONE', #366, #2224, #1544, .T. ) ;
#612 = CARTESIAN_POINT ( 'NONE',  ( -10.11386522333608440, -14.20245507805586094, 14.59999999999999432 ) ) ;
#613 = AXIS2_PLACEMENT_3D ( 'NONE', #458, #605, #1391 ) ;
#614 = EDGE_CURVE ( 'NONE', #1441, #9, #2113, .T. ) ;
#615 = ORIENTED_EDGE ( 'NONE', *, *, #2318, .T. ) ;
#616 = DIRECTION ( 'NONE',  ( -0.2679781372448041266, -0.9003904716952786380, -0.3427604359303428883 ) ) ;
#617 = DIRECTION ( 'NONE',  ( 0.000000000000000000, 1.000000000000000000, 1.734723475976806848E-16 ) ) ;
#618 = CARTESIAN_POINT ( 'NONE',  ( 10.11386522333594407, -14.20245507805595508, 14.60000000000000142 ) ) ;
#619 = AXIS2_PLACEMENT_3D ( 'NONE', #408, #1930, #1159 ) ;
#620 = VECTOR ( 'NONE', #198, 1000.000000000000000 ) ;
#621 = LINE ( 'NONE', #1372, #2412 ) ;
#622 = CARTESIAN_POINT ( 'NONE',  ( 0.000000000000000000, 0.000000000000000000, 0.000000000000000000 ) ) ;
#623 = DIRECTION ( 'NONE',  ( 1.000000000000000000, 0.000000000000000000, 0.000000000000000000 ) ) ;
#624 = EDGE_LOOP ( 'NONE', ( #650, #2141, #539, #1580 ) ) ;
#625 = VECTOR ( 'NONE', #793, 1000.000000000000000 ) ;
#626 = VECTOR ( 'NONE', #1733, 1000.000000000000000 ) ;
#627 = DIRECTION ( 'NONE',  ( 1.000000000000000000, 0.000000000000000000, 0.000000000000000000 ) ) ;
#628 = VERTEX_POINT ( 'NONE', #499 ) ;
#629 = LINE ( 'NONE', #442, #502 ) ;
#630 = ORIENTED_EDGE ( 'NONE', *, *, #179, .F. ) ;
#631 = CARTESIAN_POINT ( 'NONE',  ( -7.921562104510756264, 21.10171122086756768, 15.59999999999999787 ) ) ;
#632 = CARTESIAN_POINT ( 'NONE',  ( 22.23539903284991226, -3.690581590271159396, 15.60000000000000142 ) ) ;
#633 = CARTESIAN_POINT ( 'NONE',  ( 8.663961850423103073, 17.82148213728993369, 2.783640230953805972 ) ) ;
#634 = CARTESIAN_POINT ( 'NONE',  ( 9.422530258452217922, 15.30189203341698523, 12.62754617398794288 ) ) ;
#635 = VERTEX_POINT ( 'NONE', #1620 ) ;
#636 = ADVANCED_FACE ( 'NONE', ( #1814 ), #1632, .F. ) ;
#637 = CARTESIAN_POINT ( 'NONE',  ( -6.754998149518656625, 3.899999999999936851, -23.48087594184809390 ) ) ;
#638 = ORIENTED_EDGE ( 'NONE', *, *, #2098, .T. ) ;
#639 = VECTOR ( 'NONE', #883, 1000.000000000000000 ) ;
#640 =( BOUNDED_SURFACE ( )  B_SPLINE_SURFACE ( 3, 2, ( 
 ( #719, #512, #882 ),
 ( #1453, #2372, #1282 ),
 ( #484, #1100, #708 ),
 ( #1629, #2025, #2169 ),
 ( #892, #107, #868 ),
 ( #1261, #1233, #1665 ),
 ( #1426, #2209, #1463 ),
 ( #151, #524, #1616 ),
 ( #2358, #684, #2183 ),
 ( #1246, #1062, #1846 ),
 ( #2405, #1987, #496 ),
 ( #2012, #2001, #323 ),
 ( #1273, #907, #1653 ),
 ( #357, #2079, #581 ),
 ( #928, #941, #15 ),
 ( #2416, #2243, #1162 ) ),
 .UNSPECIFIED., .F., .F., .T. ) 
 B_SPLINE_SURFACE_WITH_KNOTS ( ( 4, 2, 2, 2, 2, 2, 2, 4 ),
 ( 3, 3 ),
 ( 0.000000000000000000, 0.005374201112677099747, 0.008061301669015650054, 0.009404851947184924774, 0.01074840222535419949, 0.01612260333803130011, 0.01880970389436984955, 0.02149680445070839899 ),
 ( 0.000000000000000000, 1.000000000000000000 ),
 .UNSPECIFIED. ) 
 GEOMETRIC_REPRESENTATION_ITEM ( )  RATIONAL_B_SPLINE_SURFACE ( (
 ( 1.000000000000000000, 0.5972222662749412381, 1.000000000000000000),
 ( 1.000000000000000000, 0.5920335732823689412, 1.000000000000000000),
 ( 1.000000000000000000, 0.5879321939127947205, 1.000000000000000000),
 ( 1.000000000000000000, 0.5837221556563770841, 1.000000000000000000),
 ( 1.000000000000000000, 0.5826425775084874692, 1.000000000000000000),
 ( 1.000000000000000000, 0.5815510026399056676, 1.000000000000000000),
 ( 1.000000000000000000, 0.5812753269680062118, 1.000000000000000000),
 ( 1.000000000000000000, 0.5809098566767847416, 1.000000000000000000),
 ( 1.000000000000000000, 0.5808187222229851399, 1.000000000000000000),
 ( 1.000000000000000000, 0.5808144886424052578, 1.000000000000000000),
 ( 1.000000000000000000, 0.5822556318247450458, 1.000000000000000000),
 ( 1.000000000000000000, 0.5864608274072944383, 1.000000000000000000),
 ( 1.000000000000000000, 0.5882110602753218842, 1.000000000000000000),
 ( 1.000000000000000000, 0.5922921910097374010, 1.000000000000000000),
 ( 1.000000000000000000, 0.5946267845649333417, 1.000000000000000000),
 ( 1.000000000000000000, 0.5972222662749409050, 1.000000000000000000) ) ) 
 REPRESENTATION_ITEM ( '' )  SURFACE ( )  );
#641 = CARTESIAN_POINT ( 'NONE',  ( -13.21184151232072423, -15.34022115869814051, 15.50682849589518497 ) ) ;
#642 = ORIENTED_EDGE ( 'NONE', *, *, #1379, .T. ) ;
#643 = EDGE_CURVE ( 'NONE', #99, #888, #1055, .T. ) ;
#644 = B_SPLINE_CURVE_WITH_KNOTS ( 'NONE', 3,
 ( #401, #1358, #227, #977, #1174, #2288 ),
 .UNSPECIFIED., .F., .F.,
 ( 4, 2, 4 ),
 ( 0.000000000000000000, 0.002212699261864735454, 0.004425398523729470908 ),
 .UNSPECIFIED. ) ;
#645 = CARTESIAN_POINT ( 'NONE',  ( -8.751747289216130099, 17.55568258620298039, 13.51497314393540705 ) ) ;
#646 = CARTESIAN_POINT ( 'NONE',  ( -1.066854937725736363E-13, 15.60000000000006182, 1.591824240121521905 ) ) ;
#647 = AXIS2_PLACEMENT_3D ( 'NONE', #1731, #968, #2280 ) ;
#648 = CARTESIAN_POINT ( 'NONE',  ( -22.62449285300129631, -5.964662363384606536, 14.09999999999999964 ) ) ;
#649 = CARTESIAN_POINT ( 'NONE',  ( 10.11386522333594407, -14.20245507805595508, 14.60000000000000142 ) ) ;
#650 = ORIENTED_EDGE ( 'NONE', *, *, #1059, .F. ) ;
#651 = DIRECTION ( 'NONE',  ( 0.8660254037844432595, -0.4999999999999919509, 0.000000000000000000 ) ) ;
#652 = ORIENTED_EDGE ( 'NONE', *, *, #1142, .F. ) ;
#653 = CIRCLE ( 'NONE', #2031, 1.499999999999999334 ) ;
#654 = CARTESIAN_POINT ( 'NONE',  ( -11.09995876695640682, -16.41343850256714987, 2.784467910798718027 ) ) ;
#655 = ORIENTED_EDGE ( 'NONE', *, *, #2298, .F. ) ;
#656 = ADVANCED_FACE ( 'NONE', ( #2093 ), #414, .T. ) ;
#657 = DIRECTION ( 'NONE',  ( 0.000000000000000000, 0.000000000000000000, 1.000000000000000000 ) ) ;
#658 = DIRECTION ( 'NONE',  ( -1.000000000000000000, 0.000000000000000000, 0.000000000000000000 ) ) ;
#659 = CARTESIAN_POINT ( 'NONE',  ( -17.35661950537172160, -1.657636674832832835, 14.60000000000000142 ) ) ;
#660 = CARTESIAN_POINT ( 'NONE',  ( 0.4333893402561185271, -13.01204819277109337, 12.77558193667740838 ) ) ;
#661 = ORIENTED_EDGE ( 'NONE', *, *, #2020, .F. ) ;
#662 = EDGE_CURVE ( 'NONE', #61, #44, #742, .T. ) ;
#663 = CIRCLE ( 'NONE', #1365, 28.48087594184808680 ) ;
#664 = CARTESIAN_POINT ( 'NONE',  ( 0.000000000000000000, 0.000000000000000000, 2.000000000000000000 ) ) ;
#665 = ORIENTED_EDGE ( 'NONE', *, *, #1947, .F. ) ;
#666 = CIRCLE ( 'NONE', #1920, 1.500000000000000666 ) ;
#667 = DIRECTION ( 'NONE',  ( -0.000000000000000000, -0.000000000000000000, -1.000000000000000000 ) ) ;
#668 = VERTEX_POINT ( 'NONE', #2257 ) ;
#669 = PRODUCT_DEFINITION_FORMATION_WITH_SPECIFIED_SOURCE ( 'ANY', '', #1639, .NOT_KNOWN. ) ;
#670 = CARTESIAN_POINT ( 'NONE',  ( 7.242754282035736679, 15.86009175288883100, 14.60000000000000142 ) ) ;
#671 = CARTESIAN_POINT ( 'NONE',  ( -14.13193275665785364, 5.628409822119095907, 11.43893846916165025 ) ) ;
#672 = CARTESIAN_POINT ( 'NONE',  ( 7.921562104510972979, 21.10171122086749307, 14.10000000000000142 ) ) ;
#673 = CARTESIAN_POINT ( 'NONE',  ( 14.49675633991388857, 5.036167590807388628, 4.888899844835261632 ) ) ;
#674 = ORIENTED_EDGE ( 'NONE', *, *, #1168, .F. ) ;
#675 = EDGE_CURVE ( 'NONE', #1241, #99, #1678, .T. ) ;
#676 = CARTESIAN_POINT ( 'NONE',  ( 17.35661950537170028, -1.657636674832978274, 14.60000000000000142 ) ) ;
#677 = VERTEX_POINT ( 'NONE', #1692 ) ;
#678 = DIRECTION ( 'NONE',  ( -0.000000000000000000, -0.000000000000000000, -1.000000000000000000 ) ) ;
#679 = ORIENTED_EDGE ( 'NONE', *, *, #2289, .T. ) ;
#680 = PRESENTATION_LAYER_ASSIGNMENT (  '', '', ( #522 ) ) ;
#681 = CARTESIAN_POINT ( 'NONE',  ( 0.000000000000000000, 0.000000000000000000, 2.000000000000000000 ) ) ;
#682 = CARTESIAN_POINT ( 'NONE',  ( 1.743908859276618317, -13.04479277325353692, 12.82458267206412295 ) ) ;
#683 = DIRECTION ( 'NONE',  ( 0.000000000000000000, 0.000000000000000000, 1.000000000000000000 ) ) ;
#684 = CARTESIAN_POINT ( 'NONE',  ( -13.19486545662143406, 7.145927414493300489, 13.45954435573124996 ) ) ;
#685 = CARTESIAN_POINT ( 'NONE',  ( 19.09689211636060335, -0.6886777895180907771, 13.25000000000000000 ) ) ;
#686 = EDGE_LOOP ( 'NONE', ( #1148, #1394, #469, #405 ) ) ;
#687 = CARTESIAN_POINT ( 'NONE',  ( -13.50999629903709653, -7.799999999999999822, 1.591824240121640033 ) ) ;
#688 = CARTESIAN_POINT ( 'NONE',  ( -13.50999629903709653, -7.799999999999999822, 2.000000000000000000 ) ) ;
#689 = ORIENTED_EDGE ( 'NONE', *, *, #1109, .F. ) ;
#690 = DIRECTION ( 'NONE',  ( 1.000000000000000000, 0.000000000000000000, 0.000000000000000000 ) ) ;
#691 = ORIENTED_EDGE ( 'NONE', *, *, #611, .F. ) ;
#692 = EDGE_CURVE ( 'NONE', #2228, #2343, #2420, .T. ) ;
#693 = CARTESIAN_POINT ( 'NONE',  ( -1.731778569217825581, -14.99975733492402341, 11.35679086006393845 ) ) ;
#694 = CARTESIAN_POINT ( 'NONE',  ( 8.221340795116280020, 19.64417771717828742, 14.01784163167634567 ) ) ;
#695 = CARTESIAN_POINT ( 'NONE',  ( -21.57466158423330782, -3.118699712510645927, 15.65801098479350451 ) ) ;
#696 = CARTESIAN_POINT ( 'NONE',  ( 16.79122071791947590, -1.060281437455737663, 14.29989973411147197 ) ) ;
#697 = ORIENTED_EDGE ( 'NONE', *, *, #760, .T. ) ;
#698 = DIRECTION ( 'NONE',  ( 0.000000000000000000, 0.000000000000000000, 1.000000000000000000 ) ) ;
#699 = CARTESIAN_POINT ( 'NONE',  ( -14.80523611038207576, -15.99390458005301952, 15.59999999999999964 ) ) ;
#700 = VERTEX_POINT ( 'NONE', #1518 ) ;
#701 = VECTOR ( 'NONE', #590, 1000.000000000000000 ) ;
#702 = AXIS2_PLACEMENT_3D ( 'NONE', #681, #319, #1785 ) ;
#703 = ORIENTED_EDGE ( 'NONE', *, *, #584, .F. ) ;
#704 = CIRCLE ( 'NONE', #1213, 40.00000000000001421 ) ;
#705 = DIRECTION ( 'NONE',  ( 0.000000000000000000, 0.000000000000000000, 1.000000000000000000 ) ) ;
#706 = CARTESIAN_POINT ( 'NONE',  ( -17.96574146708448083, 0.5064057158168400186, 12.62900053043852111 ) ) ;
#707 = CARTESIAN_POINT ( 'NONE',  ( 8.063556119776899678, 20.36273981454480264, 14.09999999999999787 ) ) ;
#708 = CARTESIAN_POINT ( 'NONE',  ( -16.88087252294658924, 1.788015118709405771, 12.15807569734584348 ) ) ;
#709 = CARTESIAN_POINT ( 'NONE',  ( 11.35734414814489313, 10.59078614261500917, 11.56048299694590931 ) ) ;
#710 = EDGE_LOOP ( 'NONE', ( #1012, #2239, #2285, #843, #1915, #1295 ) ) ;
#711 = CARTESIAN_POINT ( 'NONE',  ( -13.60287191016033681, -17.16461435184063689, 14.10000000000000675 ) ) ;
#712 = EDGE_CURVE ( 'NONE', #2343, #1383, #1961, .T. ) ;
#713 = SPHERICAL_SURFACE ( 'NONE', #2094, 40.00000000000000711 ) ;
#714 = ORIENTED_EDGE ( 'NONE', *, *, #460, .T. ) ;
#715 = EDGE_LOOP ( 'NONE', ( #1203, #498, #138, #2401 ) ) ;
#716 = CARTESIAN_POINT ( 'NONE',  ( -13.19124734316394942, -15.33210811051633016, 15.50376164703284765 ) ) ;
#717 = ADVANCED_FACE ( 'NONE', ( #1130 ), #585, .F. ) ;
#718 = CARTESIAN_POINT ( 'NONE',  ( -13.50999629903709653, -7.799999999999999822, 2.000000000000000000 ) ) ;
#719 = CARTESIAN_POINT ( 'NONE',  ( -17.35661950537172160, -1.657636674832838164, 14.60000000000000142 ) ) ;
#720 = CARTESIAN_POINT ( 'NONE',  ( 11.12500878848775265, 11.08865955006928239, 13.74510026569626220 ) ) ;
#721 = ORIENTED_EDGE ( 'NONE', *, *, #2323, .T. ) ;
#722 = ADVANCED_FACE ( 'NONE', ( #374 ), #903, .T. ) ;
#723 = CARTESIAN_POINT ( 'NONE',  ( -7.799999999999998046, 9.552245033349352600E-16, -16.00000000000000000 ) ) ;
#724 = ORIENTED_EDGE ( 'NONE', *, *, #809, .T. ) ;
#725 = ORIENTED_EDGE ( 'NONE', *, *, #2128, .T. ) ;
#726 = CIRCLE ( 'NONE', #647, 28.48087594184808680 ) ;
#727 = ORIENTED_EDGE ( 'NONE', *, *, #460, .F. ) ;
#728 = FACE_OUTER_BOUND ( 'NONE', #2061, .T. ) ;
#729 = EDGE_CURVE ( 'NONE', #1064, #908, #550, .T. ) ;
#730 = CARTESIAN_POINT ( 'NONE',  ( -23.61250265100759549, -4.834069241237056502, 0.08605214280685936912 ) ) ;
#731 = CARTESIAN_POINT ( 'NONE',  ( -20.54885197445981149, -4.289920834055702237, 15.60000000000000142 ) ) ;
#732 = CARTESIAN_POINT ( 'NONE',  ( 16.34799715522366270, 2.498178403158628047, 11.99139208350402797 ) ) ;
#733 = EDGE_LOOP ( 'NONE', ( #2411, #427, #836, #532 ) ) ;
#734 =( BOUNDED_SURFACE ( )  B_SPLINE_SURFACE ( 3, 2, ( 
 ( #1504, #791, #2256 ),
 ( #2104, #1543, #594 ),
 ( #570, #746, #583 ),
 ( #1494, #1337, #953 ),
 ( #2080, #1728, #1896 ),
 ( #1676, #1310, #214 ) ),
 .UNSPECIFIED., .F., .F., .T. ) 
 B_SPLINE_SURFACE_WITH_KNOTS ( ( 4, 2, 4 ),
 ( 3, 3 ),
 ( 0.000000000000000000, 0.002285904447502924101, 0.004571808895005848201 ),
 ( 0.000000000000000000, 1.000000000000000000 ),
 .UNSPECIFIED. ) 
 GEOMETRIC_REPRESENTATION_ITEM ( )  RATIONAL_B_SPLINE_SURFACE ( (
 ( 1.000000000000000000, 0.5972222662749417932, 1.000000000000000000),
 ( 1.000000000000000000, 0.6207803180369392271, 1.000000000000000000),
 ( 1.000000000000000000, 0.6415396523196305045, 1.000000000000000000),
 ( 1.000000000000000000, 0.6779932647251224465, 1.000000000000000000),
 ( 1.000000000000000000, 0.6936903029071819216, 1.000000000000000000),
 ( 1.000000000000000000, 0.7071067811865475727, 1.000000000000000000) ) ) 
 REPRESENTATION_ITEM ( '' )  SURFACE ( )  );
#735 = EDGE_CURVE ( 'NONE', #2224, #56, #2234, .T. ) ;
#736 = DIRECTION ( 'NONE',  ( 1.000000000000000000, 0.000000000000000000, 0.000000000000000000 ) ) ;
#737 = ORIENTED_EDGE ( 'NONE', *, *, #2419, .F. ) ;
#738 = ORIENTED_EDGE ( 'NONE', *, *, #1917, .F. ) ;
#739 = EDGE_LOOP ( 'NONE', ( #2330, #1192, #1747, #1314, #845, #1181, #1287 ) ) ;
#740 = AXIS2_PLACEMENT_3D ( 'NONE', #2070, #204, #393 ) ;
#741 = CARTESIAN_POINT ( 'NONE',  ( 6.146697294812330625, 22.57571674013159679, 14.09999999999999964 ) ) ;
#742 = CIRCLE ( 'NONE', #938, 3.000000000000000444 ) ;
#743 = AXIS2_PLACEMENT_3D ( 'NONE', #2064, #1474, #1113 ) ;
#744 = DIRECTION ( 'NONE',  ( -1.000000000000000000, 0.000000000000000000, -0.000000000000000000 ) ) ;
#745 = CARTESIAN_POINT ( 'NONE',  ( 7.799999999999998046, 0.000000000000000000, 2.000000000000000000 ) ) ;
#746 = CARTESIAN_POINT ( 'NONE',  ( 11.06789919828679913, -16.41412097269259363, 15.46336778086343067 ) ) ;
#747 = DIRECTION ( 'NONE',  ( 0.000000000000000000, 0.000000000000000000, 1.000000000000000000 ) ) ;
#748 = DIRECTION ( 'NONE',  ( 0.000000000000000000, 0.000000000000000000, 1.000000000000000000 ) ) ;
#749 = ORIENTED_EDGE ( 'NONE', *, *, #1633, .T. ) ;
#750 = VERTEX_POINT ( 'NONE', #1505 ) ;
#751 = CARTESIAN_POINT ( 'NONE',  ( 1.623508029001690112, -15.02812191661109509, 13.50426539354408995 ) ) ;
#752 = ORIENTED_EDGE ( 'NONE', *, *, #869, .F. ) ;
#753 = DIRECTION ( 'NONE',  ( 0.000000000000000000, 0.000000000000000000, 1.000000000000000000 ) ) ;
#754 = DIRECTION ( 'NONE',  ( 0.000000000000000000, 0.000000000000000000, 1.000000000000000000 ) ) ;
#755 = DIRECTION ( 'NONE',  ( 1.000000000000000000, 0.000000000000000000, 0.000000000000000000 ) ) ;
#756 = DIRECTION ( 'NONE',  ( 0.8660254037844432595, -0.4999999999999919509, 0.000000000000000000 ) ) ;
#757 = DIRECTION ( 'NONE',  ( 0.9887132744764651759, 0.1498200950274230225, 0.000000000000000000 ) ) ;
#758 = DIRECTION ( 'NONE',  ( 0.000000000000000000, 0.000000000000000000, 1.000000000000000000 ) ) ;
#759 = FACE_OUTER_BOUND ( 'NONE', #2238, .T. ) ;
#760 = EDGE_CURVE ( 'NONE', #44, #232, #1910, .T. ) ;
#761 = LINE ( 'NONE', #1146, #1039 ) ;
#762 = VECTOR ( 'NONE', #416, 1000.000000000000000 ) ;
#763 = CARTESIAN_POINT ( 'NONE',  ( 11.51339969799636798, -16.53801420759020147, 13.72530323526759055 ) ) ;
#764 = EDGE_CURVE ( 'NONE', #2122, #1768, #1488, .T. ) ;
#765 = CARTESIAN_POINT ( 'NONE',  ( 16.47779555818899766, -16.61105437674630636, 14.09999999999999964 ) ) ;
#766 = CARTESIAN_POINT ( 'NONE',  ( -7.799999999999998046, 9.552245033349352600E-16, 2.000000000000000000 ) ) ;
#767 = DIRECTION ( 'NONE',  ( 1.000000000000000000, 0.000000000000000000, 0.000000000000000000 ) ) ;
#768 = CARTESIAN_POINT ( 'NONE',  ( -10.40531084953837571, 8.001085478161661158, 12.77522010618168657 ) ) ;
#769 = CARTESIAN_POINT ( 'NONE',  ( 17.35661950537170028, -1.657636674832978274, 14.60000000000000142 ) ) ;
#770 = DIRECTION ( 'NONE',  ( 0.3512170040217710842, 0.000000000000000000, 0.9362940863243616185 ) ) ;
#771 = CARTESIAN_POINT ( 'NONE',  ( -25.41485939214423695, 24.53527591147128106, 15.59999999999999964 ) ) ;
#772 = CARTESIAN_POINT ( 'NONE',  ( 13.60287191016016983, -17.16461435184076123, 14.09999999999999964 ) ) ;
#773 = ORIENTED_EDGE ( 'NONE', *, *, #1532, .F. ) ;
#774 = AXIS2_PLACEMENT_3D ( 'NONE', #1292, #567, #1317 ) ;
#775 = PLANE ( 'NONE',  #1808 ) ;
#776 = CARTESIAN_POINT ( 'NONE',  ( 4.357235143446431813, -15.20943633668320238, 11.68218437571297486 ) ) ;
#777 = AXIS2_PLACEMENT_3D ( 'NONE', #1959, #270, #1772 ) ;
#778 = DIRECTION ( 'NONE',  ( 1.000000000000000000, 2.312964634635743450E-15, 0.000000000000000000 ) ) ;
#779 = AXIS2_PLACEMENT_3D ( 'NONE', #411, #2044, #2054 ) ;
#780 = AXIS2_PLACEMENT_3D ( 'NONE', #2421, #747, #562 ) ;
#781 = DIRECTION ( 'NONE',  ( 1.000000000000000000, 0.000000000000000000, 0.000000000000000000 ) ) ;
#782 = CARTESIAN_POINT ( 'NONE',  ( -6.754998149518655737, 3.899999999999936851, 2.000000000000000000 ) ) ;
#783 = LINE ( 'NONE', #1535, #762 ) ;
#784 = EDGE_CURVE ( 'NONE', #1578, #1241, #2073, .T. ) ;
#785 = CARTESIAN_POINT ( 'NONE',  ( -5.587898052653035741, -15.34940742229374067, 14.01968792470520775 ) ) ;
#786 = CARTESIAN_POINT ( 'NONE',  ( -8.500190439089594818, -13.84115641967442834, 14.03593912420354961 ) ) ;
#787 = ORIENTED_EDGE ( 'NONE', *, *, #1707, .F. ) ;
#788 = AXIS2_PLACEMENT_3D ( 'NONE', #2274, #568, #1502 ) ;
#789 = FACE_OUTER_BOUND ( 'NONE', #543, .T. ) ;
#790 = DIRECTION ( 'NONE',  ( 1.000000000000000000, 0.000000000000000000, -0.000000000000000000 ) ) ;
#791 = CARTESIAN_POINT ( 'NONE',  ( 9.473232249229361912, -16.03373231776656382, 15.14248214374214285 ) ) ;
#792 = EDGE_CURVE ( 'NONE', #155, #1848, #979, .T. ) ;
#793 = DIRECTION ( 'NONE',  ( -0.000000000000000000, 1.000000000000000000, -0.000000000000000000 ) ) ;
#794 = FACE_OUTER_BOUND ( 'NONE', #1275, .T. ) ;
#795 = CARTESIAN_POINT ( 'NONE',  ( 12.20570230503469311, 25.65910346561920008, 0.000000000000000000 ) ) ;
#796 = ORIENTED_EDGE ( 'NONE', *, *, #1124, .T. ) ;
#797 = CARTESIAN_POINT ( 'NONE',  ( -9.473232249229514679, -16.03373231776647501, 15.14248214374214108 ) ) ;
#798 = CARTESIAN_POINT ( 'NONE',  ( -11.64909074490019592, -14.74449072110215653, 15.16607557296029718 ) ) ;
#799 = ORIENTED_EDGE ( 'NONE', *, *, #998, .F. ) ;
#800 = CIRCLE ( 'NONE', #1818, 8.275999999999998025 ) ;
#801 = CARTESIAN_POINT ( 'NONE',  ( -6.559245564725000754, 19.94078824551919027, 15.60000000000000142 ) ) ;
#802 = B_SPLINE_CURVE_WITH_KNOTS ( 'NONE', 3,
 ( #565, #706, #321, #1997, #1638, #671, #93, #2356, #1073, #509, #295, #129, #2370, #1244, #1810, #309 ),
 .UNSPECIFIED., .F., .F.,
 ( 4, 2, 2, 2, 2, 2, 2, 4 ),
 ( 0.000000000000000000, 0.005201826538995057460, 0.007802739808492585756, 0.009103196443241350772, 0.01040365307799011492, 0.01560547961698518019, 0.01820639288648271542, 0.02080730615598024719 ),
 .UNSPECIFIED. ) ;
#803 = FACE_OUTER_BOUND ( 'NONE', #516, .T. ) ;
#804 = CARTESIAN_POINT ( 'NONE',  ( 0.000000000000000000, 19.72400000000000020, 14.09999999999999964 ) ) ;
#805 = EDGE_CURVE ( 'NONE', #292, #450, #1078, .T. ) ;
#806 = CARTESIAN_POINT ( 'NONE',  ( 7.242754282035736679, 15.86009175288883100, 14.60000000000000142 ) ) ;
#807 = DIRECTION ( 'NONE',  ( 0.000000000000000000, 0.000000000000000000, 1.000000000000000000 ) ) ;
#808 = ORIENTED_EDGE ( 'NONE', *, *, #1198, .F. ) ;
#809 = EDGE_CURVE ( 'NONE', #1724, #1578, #192, .T. ) ;
#810 = DIRECTION ( 'NONE',  ( 0.000000000000000000, 0.000000000000000000, 1.000000000000000000 ) ) ;
#811 = AXIS2_PLACEMENT_3D ( 'NONE', #201, #1516, #755 ) ;
#812 = CARTESIAN_POINT ( 'NONE',  ( -19.76583718919481569, -1.407530008758721918, 2.783640230954151473 ) ) ;
#813 = VERTEX_POINT ( 'NONE', #51 ) ;
#814 = EDGE_CURVE ( 'NONE', #2037, #1430, #507, .T. ) ;
#815 = CARTESIAN_POINT ( 'NONE',  ( 22.62449285300180080, -5.964662363385286881, 15.59999999999999964 ) ) ;
#816 = CARTESIAN_POINT ( 'NONE',  ( 19.16530290569815520, -0.7764830782675516962, 15.31682349245701680 ) ) ;
#817 = AXIS2_PLACEMENT_3D ( 'NONE', #230, #1693, #597 ) ;
#818 = AXIS2_PLACEMENT_3D ( 'NONE', #12, #557, #1136 ) ;
#819 = DIRECTION ( 'NONE',  ( 0.000000000000000000, 1.000000000000000000, 0.000000000000000000 ) ) ;
#820 = CARTESIAN_POINT ( 'NONE',  ( 9.620883382557558150, 14.72761880205086094, 14.57952999527294580 ) ) ;
#821 = ORIENTED_EDGE ( 'NONE', *, *, #116, .T. ) ;
#822 = DIRECTION ( 'NONE',  ( 0.000000000000000000, -0.000000000000000000, -1.000000000000000000 ) ) ;
#823 = EDGE_CURVE ( 'NONE', #1813, #2367, #1865, .T. ) ;
#824 = EDGE_LOOP ( 'NONE', ( #574, #2191, #1266 ) ) ;
#825 = CARTESIAN_POINT ( 'NONE',  ( -13.91773520017701493, 5.964478936961385536, 4.945743910637869334 ) ) ;
#826 = ORIENTED_EDGE ( 'NONE', *, *, #596, .T. ) ;
#827 = CARTESIAN_POINT ( 'NONE',  ( 14.40760155355551575, -8.318232635322111435, 1.108164978114387633 ) ) ;
#828 = DIRECTION ( 'NONE',  ( 1.000000000000000000, 0.000000000000000000, 0.000000000000000000 ) ) ;
#829 = CARTESIAN_POINT ( 'NONE',  ( 6.557469020854531649, 19.95487204073347343, 15.60000000000000853 ) ) ;
#830 = CARTESIAN_POINT ( 'NONE',  ( 9.988902776624909663, 13.72525688356679296, 12.15807569733185112 ) ) ;
#831 = ORIENTED_EDGE ( 'NONE', *, *, #2419, .T. ) ;
#832 = CARTESIAN_POINT ( 'NONE',  ( 19.09689211636059269, -0.6886777895180843378, 13.24999999999999289 ) ) ;
#833 = B_SPLINE_CURVE_WITH_KNOTS ( 'NONE', 3,
 ( #296, #707, #694, #906, #1047, #333 ),
 .UNSPECIFIED., .F., .F.,
 ( 4, 2, 4 ),
 ( 0.000000000000000000, 0.002212699261864736321, 0.004425398523729472643 ),
 .UNSPECIFIED. ) ;
#834 = EDGE_CURVE ( 'NONE', #2160, #628, #653, .T. ) ;
#835 = CYLINDRICAL_SURFACE ( 'NONE', #1995, 8.275999999999998025 ) ;
#836 = ORIENTED_EDGE ( 'NONE', *, *, #971, .T. ) ;
#837 = FACE_OUTER_BOUND ( 'NONE', #1058, .T. ) ;
#838 = EDGE_CURVE ( 'NONE', #628, #700, #621, .T. ) ;
#839 = CARTESIAN_POINT ( 'NONE',  ( 7.605676521351297126, 22.93016379624874901, 0.04346513904625751851 ) ) ;
#840 = CIRCLE ( 'NONE', #1549, 43.69310364588418594 ) ;
#841 = CARTESIAN_POINT ( 'NONE',  ( -7.507388844726147425, 23.20699996182621305, 14.09999999999999964 ) ) ;
#842 = CARTESIAN_POINT ( 'NONE',  ( 14.00269160611575181, -15.65637077695631874, 15.60000000000000853 ) ) ;
#843 = ORIENTED_EDGE ( 'NONE', *, *, #540, .T. ) ;
#844 = DIRECTION ( 'NONE',  ( 1.000000000000000000, 0.000000000000000000, -0.000000000000000000 ) ) ;
#845 = ORIENTED_EDGE ( 'NONE', *, *, #1712, .T. ) ;
#846 = CIRCLE ( 'NONE', #379, 45.19310364588417883 ) ;
#847 = DIRECTION ( 'NONE',  ( -0.4999999999999920064, -0.8660254037844432595, 0.000000000000000000 ) ) ;
#848 = VERTEX_POINT ( 'NONE', #841 ) ;
#849 = CARTESIAN_POINT ( 'NONE',  ( -1.222980050563649002E-13, 18.61213795415883610, 0.000000000000000000 ) ) ;
#850 = CARTESIAN_POINT ( 'NONE',  ( 2.181394267121044450, -13.06453309524179751, 12.85414172784690834 ) ) ;
#851 = CARTESIAN_POINT ( 'NONE',  ( 8.751747289215693115, 17.55568258620493438, 13.51497314393204086 ) ) ;
#852 = FACE_OUTER_BOUND ( 'NONE', #1635, .T. ) ;
#853 = PRODUCT_CONTEXT ( 'NONE', #1386, 'mechanical' ) ;
#854 = DIRECTION ( 'NONE',  ( -0.08909231199150795255, 0.9960233731916172673, 2.312964634635742267E-15 ) ) ;
#855 = VERTEX_POINT ( 'NONE', #1033 ) ;
#856 = CIRCLE ( 'NONE', #1247, 21.79449471770339031 ) ;
#857 = CARTESIAN_POINT ( 'NONE',  ( 17.96563264570524510, -2.187545354929196773, 14.91802237258280606 ) ) ;
#858 = EDGE_LOOP ( 'NONE', ( #1331, #1228, #878, #1559, #1284, #1953, #526, #934, #737, #887 ) ) ;
#859 = AXIS2_PLACEMENT_3D ( 'NONE', #2408, #698, #1849 ) ;
#860 = CARTESIAN_POINT ( 'NONE',  ( -7.511572993685817836E-16, -7.800000000000000711, 2.000000000000000000 ) ) ;
#861 = ORIENTED_EDGE ( 'NONE', *, *, #1301, .T. ) ;
#862 = CARTESIAN_POINT ( 'NONE',  ( 0.000000000000000000, -4.053854842863084146E-14, 5.600000000000000533 ) ) ;
#863 = CARTESIAN_POINT ( 'NONE',  ( 0.4088780537592432429, -15.00005239219813546, 13.45954435572733310 ) ) ;
#864 = B_SPLINE_CURVE_WITH_KNOTS ( 'NONE', 3,
 ( #832, #2144, #1966, #276, #1413, #2371 ),
 .UNSPECIFIED., .F., .F.,
 ( 4, 2, 4 ),
 ( 0.000000000000000000, 0.002212699261864740658, 0.004425398523729481316 ),
 .UNSPECIFIED. ) ;
#865 = ADVANCED_FACE ( 'NONE', ( #1392 ), #1381, .T. ) ;
#866 = ADVANCED_FACE ( 'NONE', ( #852 ), #1756, .T. ) ;
#867 = DIRECTION ( 'NONE',  ( 0.000000000000000000, 0.000000000000000000, 1.000000000000000000 ) ) ;
#868 = CARTESIAN_POINT ( 'NONE',  ( -14.85056191962439165, 4.540355480509867370, 11.56048299694984038 ) ) ;
#869 = EDGE_CURVE ( 'NONE', #2379, #1813, #340, .T. ) ;
#870 = CARTESIAN_POINT ( 'NONE',  ( 18.62223562928005194, -0.1871936248994086893, 15.14248214374214818 ) ) ;
#871 = ORIENTED_EDGE ( 'NONE', *, *, #834, .F. ) ;
#872 = DIRECTION ( 'NONE',  ( 0.000000000000000000, 0.000000000000000000, 1.000000000000000000 ) ) ;
#873 = CARTESIAN_POINT ( 'NONE',  ( -22.62449285300127855, -5.964662363384616306, 14.09999999999999964 ) ) ;
#874 = ADVANCED_FACE ( 'NONE', ( #2219 ), #640, .T. ) ;
#875 = EDGE_LOOP ( 'NONE', ( #674, #364, #1215, #137 ) ) ;
#876 = B_SPLINE_CURVE_WITH_KNOTS ( 'NONE', 3,
 ( #372, #1907, #1126, #412, #1503, #226 ),
 .UNSPECIFIED., .F., .F.,
 ( 4, 2, 4 ),
 ( 3.469446951953614189E-18, 0.002560188084791267457, 0.005120376169582531445 ),
 .UNSPECIFIED. ) ;
#877 = DIRECTION ( 'NONE',  ( 1.000000000000000000, -9.630221786776690671E-17, 0.000000000000000000 ) ) ;
#878 = ORIENTED_EDGE ( 'NONE', *, *, #1109, .T. ) ;
#879 = CARTESIAN_POINT ( 'NONE',  ( -10.14485851892519008, -16.19405481133997071, 13.25000000000000000 ) ) ;
#880 = CARTESIAN_POINT ( 'NONE',  ( -1.726487857179744623, -13.01180626896678305, 12.77522010615134818 ) ) ;
#881 = DIRECTION ( 'NONE',  ( 0.000000000000000000, 0.000000000000000000, 1.000000000000000000 ) ) ;
#882 = CARTESIAN_POINT ( 'NONE',  ( -19.09689211636061046, -0.6886777895179244657, 13.25000000000000355 ) ) ;
#883 = DIRECTION ( 'NONE',  ( 0.000000000000000000, 0.000000000000000000, 1.000000000000000000 ) ) ;
#884 = ORIENTED_EDGE ( 'NONE', *, *, #692, .T. ) ;
#885 = CARTESIAN_POINT ( 'NONE',  ( 17.08148506424427993, -9.861999999999985889, 15.59999999999999964 ) ) ;
#886 = ORIENTED_EDGE ( 'NONE', *, *, #2249, .T. ) ;
#887 = ORIENTED_EDGE ( 'NONE', *, *, #1560, .T. ) ;
#888 = VERTEX_POINT ( 'NONE', #745 ) ;
#889 = DIRECTION ( 'NONE',  ( 0.000000000000000000, 0.000000000000000000, 1.000000000000000000 ) ) ;
#890 = CARTESIAN_POINT ( 'NONE',  ( 4.040556470031693159, -15.17887000319070268, 13.74510026569692656 ) ) ;
#891 = CARTESIAN_POINT ( 'NONE',  ( 6.948452240616777686, 17.43801829358447364, 15.15991411330297289 ) ) ;
#892 = CARTESIAN_POINT ( 'NONE',  ( -13.12326216240637677, 3.555421510476290958, 12.97154987663394721 ) ) ;
#893 = CARTESIAN_POINT ( 'NONE',  ( 12.14419911701787491, 9.031319960356775312, 11.40800452229485629 ) ) ;
#894 = ORIENTED_EDGE ( 'NONE', *, *, #406, .F. ) ;
#895 = AXIS2_PLACEMENT_3D ( 'NONE', #1183, #616, #1945 ) ;
#896 = LINE ( 'NONE', #723, #1763 ) ;
#897 = ORIENTED_EDGE ( 'NONE', *, *, #1593, .T. ) ;
#898 = EDGE_LOOP ( 'NONE', ( #615, #871, #518 ) ) ;
#899 = AXIS2_PLACEMENT_3D ( 'NONE', #258, #1746, #1723 ) ;
#900 = EDGE_CURVE ( 'NONE', #1107, #1430, #2222, .T. ) ;
#901 = VECTOR ( 'NONE', #1739, 1000.000000000000000 ) ;
#902 = AXIS2_PLACEMENT_3D ( 'NONE', #1689, #1664, #2404 ) ;
#903 = TOROIDAL_SURFACE ( 'NONE', #306, 45.19310364588417883, 1.500000000000000000 ) ;
#904 = DIRECTION ( 'NONE',  ( 1.000000000000000000, -4.625929269271481378E-15, 0.000000000000000000 ) ) ;
#905 = CARTESIAN_POINT ( 'NONE',  ( 17.35661950537168607, -1.657636674832980272, 14.59999999999998899 ) ) ;
#906 = CARTESIAN_POINT ( 'NONE',  ( 8.565640582922839030, 18.23990372618399647, 13.72530323526759588 ) ) ;
#907 = CARTESIAN_POINT ( 'NONE',  ( -10.19651431176015066, 13.25651743400465321, 14.19637716833840635 ) ) ;
#908 = VERTEX_POINT ( 'NONE', #1151 ) ;
#909 =( BOUNDED_CURVE ( )  B_SPLINE_CURVE ( 3, ( #2126, #827, #1726, #1553 ),
 .UNSPECIFIED., .F., .T. ) 
 B_SPLINE_CURVE_WITH_KNOTS ( ( 4, 4 ),
 ( 2.065025558426496488, 2.172374291723879303 ),
 .UNSPECIFIED. ) 
 CURVE ( )  GEOMETRIC_REPRESENTATION_ITEM ( )  RATIONAL_B_SPLINE_CURVE ( ( 1.000000000000000000, 0.9990399179828610698, 0.9990399179828610698, 1.000000000000000000 ) ) 
 REPRESENTATION_ITEM ( '' )  );
#910 = FACE_OUTER_BOUND ( 'NONE', #2030, .T. ) ;
#911 = VECTOR ( 'NONE', #867, 1000.000000000000000 ) ;
#912 = LINE ( 'NONE', #1457, #368 ) ;
#913 = ORIENTED_EDGE ( 'NONE', *, *, #869, .T. ) ;
#914 = ORIENTED_EDGE ( 'NONE', *, *, #1348, .T. ) ;
#915 = EDGE_CURVE ( 'NONE', #24, #73, #1193, .T. ) ;
#916 = DIRECTION ( 'NONE',  ( 1.000000000000000000, 0.000000000000000000, 0.000000000000000000 ) ) ;
#917 = DIRECTION ( 'NONE',  ( 1.000000000000000000, -1.765695946005257696E-15, 0.000000000000000000 ) ) ;
#918 = CARTESIAN_POINT ( 'NONE',  ( 10.22352041544946744, 8.421409398603145746, 12.85414172782977715 ) ) ;
#919 = CARTESIAN_POINT ( 'NONE',  ( 11.04919800375660621, 6.886446087402109839, 12.77567319099917675 ) ) ;
#920 = VERTEX_POINT ( 'NONE', #2055 ) ;
#921 = CARTESIAN_POINT ( 'NONE',  ( 12.76974030907722657, 7.882288509675941413, 11.35726489849028553 ) ) ;
#922 = LINE ( 'NONE', #479, #142 ) ;
#923 = VERTEX_POINT ( 'NONE', #766 ) ;
#924 = VERTEX_POINT ( 'NONE', #1114 ) ;
#925 = AXIS2_PLACEMENT_3D ( 'NONE', #981, #218, #770 ) ;
#926 = DIRECTION ( 'NONE',  ( 1.000000000000000000, 0.000000000000000000, 0.000000000000000000 ) ) ;
#927 = CARTESIAN_POINT ( 'NONE',  ( -1.222980050563649002E-13, 18.61213795415883610, 0.000000000000000000 ) ) ;
#928 = CARTESIAN_POINT ( 'NONE',  ( -7.477379698971324373, 15.07176442099994063, 14.29989973411434612 ) ) ;
#929 = DIRECTION ( 'NONE',  ( 0.4999999999999919509, 0.8660254037844432595, 0.000000000000000000 ) ) ;
#930 = CARTESIAN_POINT ( 'NONE',  ( -13.12326216247788047, 3.555421510547817743, 12.97154987666604242 ) ) ;
#931 = CARTESIAN_POINT ( 'NONE',  ( 3.588894893123689922, -15.14190358626806265, 4.781938796444261008 ) ) ;
#932 = ORIENTED_EDGE ( 'NONE', *, *, #85, .F. ) ;
#933 = EDGE_LOOP ( 'NONE', ( #2008, #1145, #1256, #665 ) ) ;
#934 = ORIENTED_EDGE ( 'NONE', *, *, #610, .F. ) ;
#935 = VECTOR ( 'NONE', #1028, 1000.000000000000000 ) ;
#936 = AXIS2_PLACEMENT_3D ( 'NONE', #987, #1019, #434 ) ;
#937 = CARTESIAN_POINT ( 'NONE',  ( 21.25374572722124356, -4.824758290590956733, 14.10000000000000142 ) ) ;
#938 = AXIS2_PLACEMENT_3D ( 'NONE', #203, #1359, #1117 ) ;
#939 = AXIS2_PLACEMENT_3D ( 'NONE', #1375, #233, #1914 ) ;
#940 = DIRECTION ( 'NONE',  ( -0.000000000000000000, -0.000000000000000000, -1.000000000000000000 ) ) ;
#941 = CARTESIAN_POINT ( 'NONE',  ( -9.383998713509251743, 15.47726185930082821, 14.86213305669710927 ) ) ;
#942 = CARTESIAN_POINT ( 'NONE',  ( 7.629767206527019674, 22.80044688267273045, 0.1277511577822772193 ) ) ;
#943 = ADVANCED_FACE ( 'NONE', ( #1857 ), #1675, .F. ) ;
#944 = CARTESIAN_POINT ( 'NONE',  ( -14.80523611038207576, -15.99390458005301952, 14.10000000000000142 ) ) ;
#945 = CARTESIAN_POINT ( 'NONE',  ( 9.804486477519741783, -16.09166909687997915, 3.297133415990730843 ) ) ;
#946 = DIRECTION ( 'NONE',  ( 0.000000000000000000, 0.000000000000000000, 1.000000000000000000 ) ) ;
#947 = EDGE_CURVE ( 'NONE', #2037, #1064, #876, .T. ) ;
#948 = DIRECTION ( 'NONE',  ( 1.000000000000000000, 0.000000000000000000, -0.000000000000000000 ) ) ;
#949 = FACE_OUTER_BOUND ( 'NONE', #265, .T. ) ;
#950 = AXIS2_PLACEMENT_3D ( 'NONE', #1869, #1163, #191 ) ;
#951 = FACE_OUTER_BOUND ( 'NONE', #824, .T. ) ;
#952 = CARTESIAN_POINT ( 'NONE',  ( -6.146697294812032197, 22.57571674013223983, 14.09999999999999964 ) ) ;
#953 = CARTESIAN_POINT ( 'NONE',  ( 13.19124734316526215, -15.33210811051396050, 15.50376164703261495 ) ) ;
#954 = DIRECTION ( 'NONE',  ( 0.000000000000000000, 0.000000000000000000, 1.000000000000000000 ) ) ;
#955 = DIRECTION ( 'NONE',  ( 0.000000000000000000, 0.000000000000000000, 1.000000000000000000 ) ) ;
#956 = DIRECTION ( 'NONE',  ( 0.000000000000000000, 0.000000000000000000, 1.000000000000000000 ) ) ;
#957 = EDGE_CURVE ( 'NONE', #668, #366, #197, .T. ) ;
#958 = VECTOR ( 'NONE', #1011, 1000.000000000000000 ) ;
#959 = DIRECTION ( 'NONE',  ( -0.000000000000000000, -0.000000000000000000, -1.000000000000000000 ) ) ;
#960 = ORIENTED_EDGE ( 'NONE', *, *, #2063, .F. ) ;
#961 = CARTESIAN_POINT ( 'NONE',  ( -7.507388844726146537, 23.20699996182621305, 0.000000000000000000 ) ) ;
#962 = CARTESIAN_POINT ( 'NONE',  ( -8.528447839104075001, -15.83209127483477907, 12.66549443185198065 ) ) ;
#963 = CARTESIAN_POINT ( 'NONE',  ( -21.25374572722128264, -4.824758290590770216, 15.59999999999999964 ) ) ;
#964 = EDGE_CURVE ( 'NONE', #2367, #1597, #2101, .T. ) ;
#965 = CIRCLE ( 'NONE', #2335, 1.500000000000001110 ) ;
#966 = DIRECTION ( 'NONE',  ( 0.000000000000000000, 0.000000000000000000, 1.000000000000000000 ) ) ;
#967 = LINE ( 'NONE', #1730, #1328 ) ;
#968 = DIRECTION ( 'NONE',  ( 0.8660254037844432595, -0.4999999999999919509, 0.000000000000000000 ) ) ;
#969 = ORIENTED_EDGE ( 'NONE', *, *, #578, .T. ) ;
#970 = DIRECTION ( 'NONE',  ( -0.8660254037844363761, -0.5000000000000041078, -0.000000000000000000 ) ) ;
#971 = EDGE_CURVE ( 'NONE', #2160, #126, #132, .T. ) ;
#972 = DIRECTION ( 'NONE',  ( -1.000000000000000000, 0.000000000000000000, 0.000000000000000000 ) ) ;
#973 = ORIENTED_EDGE ( 'NONE', *, *, #1306, .T. ) ;
#974 = CIRCLE ( 'NONE', #2341, 1.500000000000001332 ) ;
#975 = CARTESIAN_POINT ( 'NONE',  ( -6.948452240619285902, 17.43801829358729449, 15.15991411330380423 ) ) ;
#976 = CARTESIAN_POINT ( 'NONE',  ( 1.752016157361700133, -15.03294900036507720, 11.40816570268775898 ) ) ;
#977 = CARTESIAN_POINT ( 'NONE',  ( -20.07904028091925497, -1.701889518593727946, 13.72530323526759588 ) ) ;
#978 = VECTOR ( 'NONE', #1529, 1000.000000000000000 ) ;
#979 = LINE ( 'NONE', #41, #625 ) ;
#980 = DIRECTION ( 'NONE',  ( 0.000000000000000000, 0.000000000000000000, 1.000000000000000000 ) ) ;
#981 = CARTESIAN_POINT ( 'NONE',  ( -10.49313516921118428, -14.73504714348296218, 13.25000000000000533 ) ) ;
#982 = EDGE_LOOP ( 'NONE', ( #1090, #1607, #456 ) ) ;
#983 = DIRECTION ( 'NONE',  ( 0.8660254037844432595, -0.4999999999999919509, -0.000000000000000000 ) ) ;
#984 = CARTESIAN_POINT ( 'NONE',  ( -14.50078039303354238, 5.060552255894211982, 4.864349658396206699 ) ) ;
#985 = ORIENTED_EDGE ( 'NONE', *, *, #2378, .F. ) ;
#986 = EDGE_CURVE ( 'NONE', #848, #1188, #1556, .T. ) ;
#987 = CARTESIAN_POINT ( 'NONE',  ( -16.47779555818969044, -16.61105437674636320, 15.59999999999999964 ) ) ;
#988 = CARTESIAN_POINT ( 'NONE',  ( -25.35748506424426907, -9.862000000000010758, 14.09999999999999964 ) ) ;
#989 = DIRECTION ( 'NONE',  ( -0.9311608602692290626, 0.3646086289470796271, 0.000000000000000000 ) ) ;
#990 = DIRECTION ( 'NONE',  ( 0.000000000000000000, 0.000000000000000000, 1.000000000000000000 ) ) ;
#991 = DIRECTION ( 'NONE',  ( 0.000000000000000000, 0.000000000000000000, 1.000000000000000000 ) ) ;
#992 = CARTESIAN_POINT ( 'NONE',  ( -6.146697294812017986, 22.57571674013223273, 15.59999999999999964 ) ) ;
#993 = EDGE_CURVE ( 'NONE', #2367, #2343, #846, .T. ) ;
#994 = FACE_OUTER_BOUND ( 'NONE', #1406, .T. ) ;
#995 = ORIENTED_EDGE ( 'NONE', *, *, #173, .F. ) ;
#996 = CARTESIAN_POINT ( 'NONE',  ( -8.952033597435375967, 16.88273260085813376, 13.25000000000000000 ) ) ;
#997 = CARTESIAN_POINT ( 'NONE',  ( -7.587542577324816406, 22.99280770366490501, 0.000000000000000000 ) ) ;
#998 = EDGE_CURVE ( 'NONE', #289, #1051, #2091, .T. ) ;
#999 = CARTESIAN_POINT ( 'NONE',  ( -19.87361878885917577, -3.757901251525798791, 15.50376164703299864 ) ) ;
#1000 = CARTESIAN_POINT ( 'NONE',  ( -2.706168622523819067E-13, -58.69310364588419304, 15.59999999999999964 ) ) ;
#1001 = ORIENTED_EDGE ( 'NONE', *, *, #1480, .T. ) ;
#1002 = DIRECTION ( 'NONE',  ( -1.000000000000000000, 0.000000000000000000, 0.000000000000000000 ) ) ;
#1003 = ORIENTED_EDGE ( 'NONE', *, *, #900, .T. ) ;
#1004 = CARTESIAN_POINT ( 'NONE',  ( -9.314307694549148309, -14.01159438282327763, 14.30007479070383525 ) ) ;
#1005 = ORIENTED_EDGE ( 'NONE', *, *, #1479, .F. ) ;
#1006 = DIRECTION ( 'NONE',  ( 0.4208554811293150899, 0.9071276999427437815, -0.000000000000000000 ) ) ;
#1007 = SPHERICAL_SURFACE ( 'NONE', #184, 1.500000000000000000 ) ;
#1008 = CIRCLE ( 'NONE', #899, 1.499999999999999556 ) ;
#1009 = VECTOR ( 'NONE', #2180, 1000.000000000000000 ) ;
#1010 = CARTESIAN_POINT ( 'NONE',  ( 12.63837623784021780, 8.118287667565121879, 4.993406680186913249 ) ) ;
#1011 = DIRECTION ( 'NONE',  ( 0.000000000000000000, 0.000000000000000000, 1.000000000000000000 ) ) ;
#1012 = ORIENTED_EDGE ( 'NONE', *, *, #2089, .T. ) ;
#1013 = EDGE_CURVE ( 'NONE', #1993, #1661, #965, .T. ) ;
#1014 = LINE ( 'NONE', #98, #508 ) ;
#1015 = ORIENTED_EDGE ( 'NONE', *, *, #1560, .F. ) ;
#1016 = EDGE_CURVE ( 'NONE', #61, #920, #445, .T. ) ;
#1017 = CARTESIAN_POINT ( 'NONE',  ( 0.000000000000000000, 19.72400000000000020, 15.59999999999999964 ) ) ;
#1018 = ORIENTED_EDGE ( 'NONE', *, *, #578, .F. ) ;
#1019 = DIRECTION ( 'NONE',  ( 0.000000000000000000, 0.000000000000000000, 1.000000000000000000 ) ) ;
#1020 = FACE_OUTER_BOUND ( 'NONE', #2406, .T. ) ;
#1021 = CARTESIAN_POINT ( 'NONE',  ( 13.72160041090091021, 6.234430396903621663, 4.999279369922082772 ) ) ;
#1022 = CARTESIAN_POINT ( 'NONE',  ( -28.32428659207689137, -2.259103465619403561, 0.000000000000000000 ) ) ;
#1023 = CARTESIAN_POINT ( 'NONE',  ( 7.587542577324857263, 22.99280770366520699, 0.000000000000000000 ) ) ;
#1024 = ORIENTED_EDGE ( 'NONE', *, *, #2157, .T. ) ;
#1025 = AXIS2_PLACEMENT_3D ( 'NONE', #240, #989, #1370 ) ;
#1026 = FACE_OUTER_BOUND ( 'NONE', #2391, .T. ) ;
#1027 = ORIENTED_EDGE ( 'NONE', *, *, #1318, .F. ) ;
#1028 = DIRECTION ( 'NONE',  ( -0.000000000000000000, -0.000000000000000000, -1.000000000000000000 ) ) ;
#1029 = VERTEX_POINT ( 'NONE', #1357 ) ;
#1030 = ADVANCED_FACE ( 'NONE', ( #1020 ), #1946, .F. ) ;
#1031 = DIRECTION ( 'NONE',  ( -0.000000000000000000, -0.000000000000000000, -1.000000000000000000 ) ) ;
#1032 = CIRCLE ( 'NONE', #1668, 1.499999999999998668 ) ;
#1033 = CARTESIAN_POINT ( 'NONE',  ( -15.93088261476905920, -18.00779566715020152, 14.09999999999999964 ) ) ;
#1034 = CARTESIAN_POINT ( 'NONE',  ( 1.738798049974233706, -13.04458585778045432, 12.82427283699866116 ) ) ;
#1035 = ORIENTED_EDGE ( 'NONE', *, *, #2179, .F. ) ;
#1036 = ADVANCED_FACE ( 'NONE', ( #803 ), #1007, .T. ) ;
#1037 = CARTESIAN_POINT ( 'NONE',  ( 18.59364890278849103, -2.716163155522575146, 15.16607557296029718 ) ) ;
#1038 = ORIENTED_EDGE ( 'NONE', *, *, #805, .F. ) ;
#1039 = VECTOR ( 'NONE', #983, 1000.000000000000114 ) ;
#1040 = DIRECTION ( 'NONE',  ( 0.000000000000000000, 0.000000000000000000, 1.000000000000000000 ) ) ;
#1041 = ORIENTED_EDGE ( 'NONE', *, *, #1909, .T. ) ;
#1042 = EDGE_CURVE ( 'NONE', #210, #2389, #1279, .T. ) ;
#1043 = EDGE_CURVE ( 'NONE', #219, #450, #422, .T. ) ;
#1044 = FACE_OUTER_BOUND ( 'NONE', #244, .T. ) ;
#1045 = ADVANCED_FACE ( 'NONE', ( #1569 ), #1973, .T. ) ;
#1046 = ADVANCED_FACE ( 'NONE', ( #2313 ), #1380, .F. ) ;
#1047 = CARTESIAN_POINT ( 'NONE',  ( 8.752160794534853849, 17.55429323312859680, 13.51442608680185309 ) ) ;
#1048 = CARTESIAN_POINT ( 'NONE',  ( 14.61612262232997139, 1.519483435685545336, 13.38688393585580982 ) ) ;
#1049 = CIRCLE ( 'NONE', #1523, 6.775999999999998913 ) ;
#1050 = DIRECTION ( 'NONE',  ( 0.000000000000000000, 1.000000000000000000, 0.000000000000000000 ) ) ;
#1051 = VERTEX_POINT ( 'NONE', #646 ) ;
#1052 = AXIS2_PLACEMENT_3D ( 'NONE', #158, #1662, #1687 ) ;
#1053 = CARTESIAN_POINT ( 'NONE',  ( 0.000000000000000000, 0.000000000000000000, -16.00000000000000000 ) ) ;
#1054 = ORIENTED_EDGE ( 'NONE', *, *, #74, .T. ) ;
#1055 = CIRCLE ( 'NONE', #1528, 7.799999999999998046 ) ;
#1056 = AXIS2_PLACEMENT_3D ( 'NONE', #221, #970, #1720 ) ;
#1057 = DIRECTION ( 'NONE',  ( 0.000000000000000000, 0.000000000000000000, 1.000000000000000000 ) ) ;
#1058 = EDGE_LOOP ( 'NONE', ( #1396, #932, #2360, #1755, #894 ) ) ;
#1059 = EDGE_CURVE ( 'NONE', #1249, #491, #94, .T. ) ;
#1060 = CARTESIAN_POINT ( 'NONE',  ( -11.51565636463332964, -16.53862918501955548, 13.72592699711987407 ) ) ;
#1061 = CARTESIAN_POINT ( 'NONE',  ( -7.619824558938863568, 22.86606176331908813, 0.08605214280604796262 ) ) ;
#1062 = CARTESIAN_POINT ( 'NONE',  ( -12.18661888021419060, 8.891741445626347939, 13.45913010815979227 ) ) ;
#1063 = CARTESIAN_POINT ( 'NONE',  ( 18.52976115279286873, -0.08949247290429357404, 12.93864622255030206 ) ) ;
#1064 = VERTEX_POINT ( 'NONE', #436 ) ;
#1065 = EDGE_CURVE ( 'NONE', #888, #1470, #1127, .T. ) ;
#1066 = CIRCLE ( 'NONE', #788, 1.499999999999998224 ) ;
#1067 = DIRECTION ( 'NONE',  ( 1.000000000000000000, 0.000000000000000000, 0.000000000000000000 ) ) ;
#1068 = ORIENTED_EDGE ( 'NONE', *, *, #1065, .F. ) ;
#1069 = VERTEX_POINT ( 'NONE', #988 ) ;
#1070 = VERTEX_POINT ( 'NONE', #997 ) ;
#1071 = ADVANCED_FACE ( 'NONE', ( #1184 ), #1336, .T. ) ;
#1072 = CARTESIAN_POINT ( 'NONE',  ( -9.473232249229514679, -16.03373231776647501, 15.14248214374214641 ) ) ;
#1073 = CARTESIAN_POINT ( 'NONE',  ( -13.21113224387611673, 7.117775252553137477, 11.35726489849028198 ) ) ;
#1074 = DIRECTION ( 'NONE',  ( 1.000000000000000000, 0.000000000000000000, 0.000000000000000000 ) ) ;
#1075 = CARTESIAN_POINT ( 'NONE',  ( 7.711837886994449498, 14.28399896906790900, 14.00001336461060220 ) ) ;
#1076 = CARTESIAN_POINT ( 'NONE',  ( 11.94193409875654588, 9.421254878428895196, 11.43867204267093562 ) ) ;
#1077 = VERTEX_POINT ( 'NONE', #1500 ) ;
#1078 = B_SPLINE_CURVE_WITH_KNOTS ( 'NONE', 3,
 ( #607, #1208, #448, #2325, #1186, #262, #1404, #673, #1021, #1605, #1010, #1414, #71, #1764, #2347, #2314, #1775, #1788, #633, #95, #1751, #1175 ),
 .UNSPECIFIED., .F., .F.,
 ( 4, 2, 2, 2, 2, 2, 2, 2, 2, 2, 4 ),
 ( 0.0002360336555456525056, 0.004530181839148080328, 0.008824330022750508096, 0.01311847820635293760, 0.01741262638995536016, 0.01848616343585596580, 0.01955970048175657491, 0.02170677457355777579, 0.02600092275716019835, 0.03029507094076262091, 0.03458921912436503654 ),
 .UNSPECIFIED. ) ;
#1079 = TOROIDAL_SURFACE ( 'NONE', #13, 45.19310364588417883, 1.500000000000000000 ) ;
#1080 = EDGE_CURVE ( 'NONE', #395, #1107, #802, .T. ) ;
#1081 = CARTESIAN_POINT ( 'NONE',  ( 10.99314067308653264, 11.37819449282855366, 11.68218437571299262 ) ) ;
#1082 = FACE_OUTER_BOUND ( 'NONE', #710, .T. ) ;
#1083 = ORIENTED_EDGE ( 'NONE', *, *, #78, .T. ) ;
#1084 = EDGE_CURVE ( 'NONE', #750, #1070, #1568, .T. ) ;
#1085 = AXIS2_PLACEMENT_3D ( 'NONE', #1195, #819, #1962 ) ;
#1086 = CARTESIAN_POINT ( 'NONE',  ( -13.98960640974217462, -15.65086741147178273, 15.60000000000000142 ) ) ;
#1087 = CARTESIAN_POINT ( 'NONE',  ( 3.242919912048463971, -15.11233403157069155, 13.63869649204278645 ) ) ;
#1088 = LINE ( 'NONE', #718, #475 ) ;
#1089 = CARTESIAN_POINT ( 'NONE',  ( 11.04919800373772709, 6.886446087388503834, 12.77567319099121868 ) ) ;
#1090 = ORIENTED_EDGE ( 'NONE', *, *, #1271, .F. ) ;
#1091 = CARTESIAN_POINT ( 'NONE',  ( 12.14290764943115875, 9.033765000298593861, 11.40816570268777674 ) ) ;
#1092 = ADVANCED_FACE ( 'NONE', ( #1450 ), #2205, .F. ) ;
#1093 = CARTESIAN_POINT ( 'NONE',  ( 0.000000000000000000, -4.053854842863084146E-14, 50.60000000000000142 ) ) ;
#1094 = ORIENTED_EDGE ( 'NONE', *, *, #2063, .T. ) ;
#1095 = CIRCLE ( 'NONE', #1916, 8.275999999999998025 ) ;
#1096 = ORIENTED_EDGE ( 'NONE', *, *, #2275, .F. ) ;
#1097 = AXIS2_PLACEMENT_3D ( 'NONE', #208, #1522, #627 ) ;
#1098 = ADVANCED_FACE ( 'NONE', ( #1133 ), #2158, .T. ) ;
#1099 = CARTESIAN_POINT ( 'NONE',  ( -17.08148506424426927, -9.862000000000010758, 14.09999999999999964 ) ) ;
#1100 = CARTESIAN_POINT ( 'NONE',  ( -16.57402115051736402, 2.173812867568140295, 14.16628264100750911 ) ) ;
#1101 = SURFACE_SIDE_STYLE ('',( #345 ) ) ;
#1102 = VERTEX_POINT ( 'NONE', #612 ) ;
#1103 = CARTESIAN_POINT ( 'NONE',  ( -15.27796650462825845, -8.820738074117308258, 0.5770469812361480599 ) ) ;
#1104 = CIRCLE ( 'NONE', #1968, 1.500000000000000000 ) ;
#1105 = FACE_OUTER_BOUND ( 'NONE', #1610, .T. ) ;
#1106 = DIRECTION ( 'NONE',  ( -0.9448167003621961157, 0.3275994546953523989, -7.577259530363046483E-16 ) ) ;
#1107 = VERTEX_POINT ( 'NONE', #575 ) ;
#1108 = ORIENTED_EDGE ( 'NONE', *, *, #603, .T. ) ;
#1109 = EDGE_CURVE ( 'NONE', #1070, #1596, #761, .T. ) ;
#1110 = CARTESIAN_POINT ( 'NONE',  ( 16.11858428704209700, -23.39999999999999858, 0.000000000000000000 ) ) ;
#1111 = B_SPLINE_CURVE_WITH_KNOTS ( 'NONE', 3,
 ( #1398, #279, #2409, #654, #1782, #1482, #2236, #552, #1227, #1980 ),
 .UNSPECIFIED., .F., .F.,
 ( 4, 2, 2, 2, 4 ),
 ( 0.0002360336555454502206, 0.004533669883392076223, 0.008831306111238701115, 0.01312894233908533034, 0.01742657856693196131 ),
 .UNSPECIFIED. ) ;
#1112 = PRODUCT_DEFINITION_SHAPE ( 'NONE', 'NONE',  #1515 ) ;
#1113 = DIRECTION ( 'NONE',  ( -1.000000000000000000, 0.000000000000000000, -0.000000000000000000 ) ) ;
#1114 = CARTESIAN_POINT ( 'NONE',  ( 0.3932913099375209831, 14.91879946901277343, 1.999999999999999112 ) ) ;
#1115 = CARTESIAN_POINT ( 'NONE',  ( 17.35661950537170384, -1.657636674832988488, 14.59999999999999787 ) ) ;
#1116 = ORIENTED_EDGE ( 'NONE', *, *, #2125, .T. ) ;
#1117 = DIRECTION ( 'NONE',  ( 1.000000000000000000, 0.000000000000000000, 0.000000000000000000 ) ) ;
#1118 = CARTESIAN_POINT ( 'NONE',  ( -16.47779555818968689, -16.61105437674639873, 14.09999999999999964 ) ) ;
#1119 = CARTESIAN_POINT ( 'NONE',  ( 16.11858428704209700, -18.06740847609200884, 0.000000000000000000 ) ) ;
#1120 = ORIENTED_EDGE ( 'NONE', *, *, #1451, .F. ) ;
#1121 = CIRCLE ( 'NONE', #1305, 45.19310364588418594 ) ;
#1122 = ORIENTED_EDGE ( 'NONE', *, *, #2253, .F. ) ;
#1123 = FACE_OUTER_BOUND ( 'NONE', #1671, .T. ) ;
#1124 = EDGE_CURVE ( 'NONE', #1069, #1758, #1929, .T. ) ;
#1125 = CARTESIAN_POINT ( 'NONE',  ( 23.70612686436694005, -4.925399227573106664, 0.000000000000000000 ) ) ;
#1126 = CARTESIAN_POINT ( 'NONE',  ( -6.679100466943702408, 19.11190095979258530, 15.50682849589518497 ) ) ;
#1127 = CIRCLE ( 'NONE', #1513, 7.799999999999998046 ) ;
#1128 = DIRECTION ( 'NONE',  ( -1.000000000000000000, 0.000000000000000000, 0.000000000000000000 ) ) ;
#1129 = EDGE_CURVE ( 'NONE', #1441, #168, #1838, .T. ) ;
#1130 = FACE_OUTER_BOUND ( 'NONE', #739, .T. ) ;
#1131 = CARTESIAN_POINT ( 'NONE',  ( 25.35748506424428328, -9.861999999999985889, 14.09999999999999964 ) ) ;
#1132 = CARTESIAN_POINT ( 'NONE',  ( -17.08148506424426927, -9.862000000000010758, 0.000000000000000000 ) ) ;
#1133 = FACE_OUTER_BOUND ( 'NONE', #2003, .T. ) ;
#1134 = AXIS2_PLACEMENT_3D ( 'NONE', #403, #758, #217 ) ;
#1135 = AXIS2_PLACEMENT_3D ( 'NONE', #1880, #1511, #2261 ) ;
#1136 = DIRECTION ( 'NONE',  ( 1.000000000000000000, 0.000000000000000000, 0.000000000000000000 ) ) ;
#1137 = VECTOR ( 'NONE', #18, 1000.000000000000000 ) ;
#1138 = CARTESIAN_POINT ( 'NONE',  ( 6.146697294812328849, 22.57571674013159679, 0.000000000000000000 ) ) ;
#1139 = CARTESIAN_POINT ( 'NONE',  ( 15.99267809206817503, -18.03199252208140635, 0.08605214280666208249 ) ) ;
#1140 = CARTESIAN_POINT ( 'NONE',  ( -6.754998149518656625, 3.899999999999936851, -23.48087594184809390 ) ) ;
#1141 = CARTESIAN_POINT ( 'NONE',  ( -12.40491468258407437, 4.643123696586566318, 12.85414172782977005 ) ) ;
#1142 = EDGE_CURVE ( 'NONE', #2251, #2131, #2150, .T. ) ;
#1143 = DIRECTION ( 'NONE',  ( -1.000000000000000000, 9.630221786776689439E-17, 0.000000000000000000 ) ) ;
#1144 = DIRECTION ( 'NONE',  ( -0.000000000000000000, -0.000000000000000000, -1.000000000000000000 ) ) ;
#1145 = ORIENTED_EDGE ( 'NONE', *, *, #2217, .F. ) ;
#1146 = CARTESIAN_POINT ( 'NONE',  ( -12.20570230503504483, 25.65910346561904021, 0.000000000000000000 ) ) ;
#1147 = DIRECTION ( 'NONE',  ( -1.000000000000000000, 0.000000000000000000, 0.000000000000000000 ) ) ;
#1148 = ORIENTED_EDGE ( 'NONE', *, *, #1673, .T. ) ;
#1149 = ADVANCED_FACE ( 'NONE', ( #600 ), #1878, .T. ) ;
#1150 = DIRECTION ( 'NONE',  ( 0.000000000000000000, 0.000000000000000000, 1.000000000000000000 ) ) ;
#1151 = CARTESIAN_POINT ( 'NONE',  ( -17.35661950537171805, -1.657636674832832169, 14.59999999999999432 ) ) ;
#1152 = FACE_OUTER_BOUND ( 'NONE', #1388, .T. ) ;
#1153 = DIRECTION ( 'NONE',  ( 0.000000000000000000, 0.000000000000000000, 1.000000000000000000 ) ) ;
#1154 = CARTESIAN_POINT ( 'NONE',  ( 11.10601685887923118, -16.41507431443169196, 2.781828967092700111 ) ) ;
#1155 = LINE ( 'NONE', #1361, #2132 ) ;
#1156 = EDGE_CURVE ( 'NONE', #1575, #289, #1696, .T. ) ;
#1157 = CARTESIAN_POINT ( 'NONE',  ( 16.11858428704210411, -9.306068977079394955, 0.000000000000000000 ) ) ;
#1158 = VECTOR ( 'NONE', #2348, 999.9999999999998863 ) ;
#1159 = DIRECTION ( 'NONE',  ( 1.000000000000000000, 0.000000000000000000, 0.000000000000000000 ) ) ;
#1160 = ORIENTED_EDGE ( 'NONE', *, *, #350, .F. ) ;
#1161 = PLANE ( 'NONE',  #2385 ) ;
#1162 = CARTESIAN_POINT ( 'NONE',  ( -8.952033597435374190, 16.88273260085813021, 13.24999999999999289 ) ) ;
#1163 = DIRECTION ( 'NONE',  ( 0.000000000000000000, 1.000000000000000000, 0.000000000000000000 ) ) ;
#1164 = AXIS2_PLACEMENT_3D ( 'NONE', #2324, #1031, #1923 ) ;
#1165 = CARTESIAN_POINT ( 'NONE',  ( 6.146697294812330625, 22.57571674013159679, 14.09999999999999964 ) ) ;
#1166 = CARTESIAN_POINT ( 'NONE',  ( -22.62449285300135315, -5.964662363384677590, 14.09999999999999964 ) ) ;
#1167 = CARTESIAN_POINT ( 'NONE',  ( -25.41485939214423695, 24.53527591147128106, 15.59999999999999964 ) ) ;
#1168 = EDGE_CURVE ( 'NONE', #126, #56, #1801, .T. ) ;
#1169 = CARTESIAN_POINT ( 'NONE',  ( -9.313841018952858875, -14.01148298355862210, 14.29989973411672111 ) ) ;
#1170 = CARTESIAN_POINT ( 'NONE',  ( -17.00828722973214724, 1.649545255137510491, 4.143911978496494619 ) ) ;
#1171 = CIRCLE ( 'NONE', #1052, 1.500000000000000000 ) ;
#1172 = DIRECTION ( 'NONE',  ( 0.000000000000000000, 1.000000000000000000, 0.000000000000000000 ) ) ;
#1173 = VECTOR ( 'NONE', #954, 1000.000000000000000 ) ;
#1174 = CARTESIAN_POINT ( 'NONE',  ( -19.57854428263811641, -1.197553030490784431, 13.51442608680186375 ) ) ;
#1175 = CARTESIAN_POINT ( 'NONE',  ( 7.629767206527019674, 22.80044688267273045, 0.1277511577822772193 ) ) ;
#1176 = FACE_OUTER_BOUND ( 'NONE', #346, .T. ) ;
#1177 = CARTESIAN_POINT ( 'NONE',  ( 16.34415709020155205, -18.10508943653371716, 14.09999999999999964 ) ) ;
#1178 = CARTESIAN_POINT ( 'NONE',  ( -10.14485851892519186, -16.19405481133997071, 13.24999999999999645 ) ) ;
#1179 = EDGE_LOOP ( 'NONE', ( #1835, #1041, #2134, #338 ) ) ;
#1180 = CARTESIAN_POINT ( 'NONE',  ( -13.72638640105050456, 6.269277923939730712, 4.966180924965964749 ) ) ;
#1181 = ORIENTED_EDGE ( 'NONE', *, *, #1965, .F. ) ;
#1182 = AXIS2_PLACEMENT_3D ( 'NONE', #1767, #75, #465 ) ;
#1183 = CARTESIAN_POINT ( 'NONE',  ( -7.514357567611913424, 16.45484519362223708, 13.24999999999999822 ) ) ;
#1184 = FACE_OUTER_BOUND ( 'NONE', #2086, .T. ) ;
#1185 = AXIS2_PLACEMENT_3D ( 'NONE', #2066, #2277, #1128 ) ;
#1186 = CARTESIAN_POINT ( 'NONE',  ( 18.83729535809136379, -0.4443438450407571905, 3.297556071692602675 ) ) ;
#1187 = DIRECTION ( 'NONE',  ( 0.000000000000000000, -0.000000000000000000, 1.000000000000000000 ) ) ;
#1188 = VERTEX_POINT ( 'NONE', #440 ) ;
#1189 = SPHERICAL_SURFACE ( 'NONE', #1686, 1.500000000000000000 ) ;
#1190 = ORIENTED_EDGE ( 'NONE', *, *, #610, .T. ) ;
#1191 = CARTESIAN_POINT ( 'NONE',  ( -7.629767206526721246, 22.80044688267335928, 0.1277511577816395905 ) ) ;
#1192 = ORIENTED_EDGE ( 'NONE', *, *, #1649, .T. ) ;
#1193 = B_SPLINE_CURVE_WITH_KNOTS ( 'NONE', 3,
 ( #1714, #559, #1139, #25 ),
 .UNSPECIFIED., .F., .F.,
 ( 4, 4 ),
 ( 0.000000000000000000, 0.0002347465933279121704 ),
 .UNSPECIFIED. ) ;
#1194 = CARTESIAN_POINT ( 'NONE',  ( -8.086457614316342912, 20.24355486625634271, 15.65801098479274955 ) ) ;
#1195 = CARTESIAN_POINT ( 'NONE',  ( 22.62449285300181145, -5.964662363385301092, 14.09999999999999964 ) ) ;
#1196 = DIRECTION ( 'NONE',  ( 1.000000000000000000, 0.000000000000000000, 0.000000000000000000 ) ) ;
#1197 = ORIENTED_EDGE ( 'NONE', *, *, #2361, .F. ) ;
#1198 = EDGE_CURVE ( 'NONE', #908, #1102, #1254, .T. ) ;
#1199 = CIRCLE ( 'NONE', #1431, 1.499999999999999778 ) ;
#1200 = PLANE ( 'NONE',  #353 ) ;
#1201 = EDGE_LOOP ( 'NONE', ( #325, #973, #234, #1732 ) ) ;
#1202 = DIRECTION ( 'NONE',  ( 0.000000000000000000, 0.000000000000000000, 1.000000000000000000 ) ) ;
#1203 = ORIENTED_EDGE ( 'NONE', *, *, #174, .F. ) ;
#1204 = CIRCLE ( 'NONE', #139, 1.500000000000000000 ) ;
#1205 = LINE ( 'NONE', #1906, #1519 ) ;
#1206 = AXIS2_PLACEMENT_3D ( 'NONE', #1805, #101, #690 ) ;
#1207 = CIRCLE ( 'NONE', #2306, 1.500000000000001332 ) ;
#1208 = CARTESIAN_POINT ( 'NONE',  ( 22.60313166142710628, -4.027822912256084464, 0.8977682293647640810 ) ) ;
#1209 = CIRCLE ( 'NONE', #895, 1.500000000000000444 ) ;
#1210 = CARTESIAN_POINT ( 'NONE',  ( 50.82971878428875812, 29.34655182294209297, 14.09999999999999964 ) ) ;
#1211 = ORIENTED_EDGE ( 'NONE', *, *, #675, .F. ) ;
#1212 = TOROIDAL_SURFACE ( 'NONE', #1371, 21.79449471770339031, 10.00000000000000000 ) ;
#1213 = AXIS2_PLACEMENT_3D ( 'NONE', #1837, #1646, #541 ) ;
#1214 = CARTESIAN_POINT ( 'NONE',  ( -17.08148506424426927, -9.862000000000010758, 0.000000000000000000 ) ) ;
#1215 = ORIENTED_EDGE ( 'NONE', *, *, #1527, .F. ) ;
#1216 = CARTESIAN_POINT ( 'NONE',  ( -22.62449285300134605, -5.964662363384680255, 15.59999999999999964 ) ) ;
#1217 = ORIENTED_EDGE ( 'NONE', *, *, #1816, .F. ) ;
#1218 = ADVANCED_FACE ( 'NONE', ( #407 ), #2271, .T. ) ;
#1219 = CARTESIAN_POINT ( 'NONE',  ( -10.86220092292774986, -14.45973523313345055, 14.91173822923460257 ) ) ;
#1220 = CARTESIAN_POINT ( 'NONE',  ( 7.587542577324857263, 22.99280770366520699, 0.000000000000000000 ) ) ;
#1221 = CARTESIAN_POINT ( 'NONE',  ( -20.08070120031370465, -1.703536360513757231, 13.72592699711920972 ) ) ;
#1222 = DIRECTION ( 'NONE',  ( -0.000000000000000000, -0.000000000000000000, -1.000000000000000000 ) ) ;
#1223 = ORIENTED_EDGE ( 'NONE', *, *, #792, .F. ) ;
#1224 = FACE_OUTER_BOUND ( 'NONE', #898, .T. ) ;
#1225 = ADVANCED_FACE ( 'NONE', ( #54 ), #1342, .T. ) ;
#1226 = VERTEX_POINT ( 'NONE', #1157 ) ;
#1227 = CARTESIAN_POINT ( 'NONE',  ( -1.448835990151383868, -15.00000000000000178, 4.999999999999998224 ) ) ;
#1228 = ORIENTED_EDGE ( 'NONE', *, *, #1084, .T. ) ;
#1229 = CYLINDRICAL_SURFACE ( 'NONE', #503, 28.48087594184809390 ) ;
#1230 = CARTESIAN_POINT ( 'NONE',  ( 0.8129260591812855763, -15.00564618465987188, 13.46844905912502810 ) ) ;
#1231 = CIRCLE ( 'NONE', #1858, 43.69310364588417883 ) ;
#1232 = CARTESIAN_POINT ( 'NONE',  ( 23.85154593492865160, -5.101910525291724952, 0.000000000000000000 ) ) ;
#1233 = CARTESIAN_POINT ( 'NONE',  ( -14.04486233309458854, 5.763729834590137102, 13.53128656930775264 ) ) ;
#1234 = DIRECTION ( 'NONE',  ( 1.000000000000000000, 0.000000000000000000, 0.000000000000000000 ) ) ;
#1235 = ORIENTED_EDGE ( 'NONE', *, *, #1379, .F. ) ;
#1236 = CARTESIAN_POINT ( 'NONE',  ( 0.000000000000000000, -4.053854842863084146E-14, 5.600000000000000533 ) ) ;
#1237 = ORIENTED_EDGE ( 'NONE', *, *, #1600, .T. ) ;
#1238 = ADVANCED_FACE ( 'NONE', ( #1561 ), #1902, .F. ) ;
#1239 = VECTOR ( 'NONE', #1787, 1000.000000000000000 ) ;
#1240 = CYLINDRICAL_SURFACE ( 'NONE', #740, 3.000000000000000444 ) ;
#1241 = VERTEX_POINT ( 'NONE', #1429 ) ;
#1242 = EDGE_CURVE ( 'NONE', #1420, #1226, #1014, .T. ) ;
#1243 = DIRECTION ( 'NONE',  ( -0.000000000000000000, -0.000000000000000000, -1.000000000000000000 ) ) ;
#1244 = CARTESIAN_POINT ( 'NONE',  ( -9.446769319488780070, 15.30189812093198221, 12.66549443185197532 ) ) ;
#1245 = CARTESIAN_POINT ( 'NONE',  ( 8.086457614289326301, 20.24355486624904543, 15.65801098479121478 ) ) ;
#1246 = CARTESIAN_POINT ( 'NONE',  ( -10.40531084945521378, 8.001085478126205075, 12.77522010615081172 ) ) ;
#1247 = AXIS2_PLACEMENT_3D ( 'NONE', #2342, #667, #1590 ) ;
#1248 = CARTESIAN_POINT ( 'NONE',  ( 12.77014192340031151, 7.881587769958623646, 11.35726093567748940 ) ) ;
#1249 = VERTEX_POINT ( 'NONE', #1754 ) ;
#1250 = CIRCLE ( 'NONE', #66, 8.275999999999998025 ) ;
#1251 = DIRECTION ( 'NONE',  ( -0.000000000000000000, -0.000000000000000000, -1.000000000000000000 ) ) ;
#1252 = DIRECTION ( 'NONE',  ( 1.000000000000000000, 0.000000000000000000, -0.000000000000000000 ) ) ;
#1253 = ORIENTED_EDGE ( 'NONE', *, *, #1593, .F. ) ;
#1254 = CIRCLE ( 'NONE', #1097, 17.43559577416271367 ) ;
#1255 = CARTESIAN_POINT ( 'NONE',  ( 7.629767206527027668, 22.80044688267272690, 14.09999999999999964 ) ) ;
#1256 = ORIENTED_EDGE ( 'NONE', *, *, #1013, .T. ) ;
#1257 = CARTESIAN_POINT ( 'NONE',  ( -23.70612686436718519, -4.925399227573233674, 0.000000000000000000 ) ) ;
#1258 = CARTESIAN_POINT ( 'NONE',  ( -3.197076339540567247, -15.08694668344071843, 13.59712873491426777 ) ) ;
#1259 = ADVANCED_FACE ( 'NONE', ( #1026 ), #87, .F. ) ;
#1260 = CYLINDRICAL_SURFACE ( 'NONE', #1297, 7.799999999999998046 ) ;
#1261 = CARTESIAN_POINT ( 'NONE',  ( -12.40491468261982000, 4.643123696622326158, 12.85414172784581766 ) ) ;
#1262 = CARTESIAN_POINT ( 'NONE',  ( 10.42516749910221385, 8.032665760644801978, 12.82458267206389735 ) ) ;
#1263 = ORIENTED_EDGE ( 'NONE', *, *, #1994, .T. ) ;
#1264 = DIRECTION ( 'NONE',  ( 0.000000000000000000, 0.000000000000000000, 1.000000000000000000 ) ) ;
#1265 = ORIENTED_EDGE ( 'NONE', *, *, #614, .T. ) ;
#1266 = ORIENTED_EDGE ( 'NONE', *, *, #123, .F. ) ;
#1267 = AXIS2_PLACEMENT_3D ( 'NONE', #1883, #1702, #767 ) ;
#1268 = ORIENTED_EDGE ( 'NONE', *, *, #2318, .F. ) ;
#1269 = DIRECTION ( 'NONE',  ( -0.000000000000000000, 1.000000000000000000, -0.000000000000000000 ) ) ;
#1270 = CARTESIAN_POINT ( 'NONE',  ( 4.351421826314108898, -15.20885494953829031, 11.68127825442352830 ) ) ;
#1271 = EDGE_CURVE ( 'NONE', #289, #924, #1779, .T. ) ;
#1272 = CARTESIAN_POINT ( 'NONE',  ( 7.507388844726512467, 23.20699996182542790, 14.09999999999999964 ) ) ;
#1273 = CARTESIAN_POINT ( 'NONE',  ( -8.309579282765739094, 12.69575567417917661, 13.57931697367277124 ) ) ;
#1274 = CARTESIAN_POINT ( 'NONE',  ( -17.35661950537171805, -1.657636674832832169, 14.59999999999999432 ) ) ;
#1275 = EDGE_LOOP ( 'NONE', ( #630, #773 ) ) ;
#1276 = CARTESIAN_POINT ( 'NONE',  ( 16.88600944031206907, 1.821555910368487519, 12.19218607115150022 ) ) ;
#1277 = DIRECTION ( 'NONE',  ( 0.000000000000000000, 1.000000000000000000, 1.734723475976806848E-16 ) ) ;
#1278 = ADVANCED_FACE ( 'NONE', ( #1791 ), #1212, .T. ) ;
#1279 = CIRCLE ( 'NONE', #2186, 21.79449471770339031 ) ;
#1280 = DIRECTION ( 'NONE',  ( 0.7561178002131987430, -0.6544355370857801724, 0.000000000000000000 ) ) ;
#1281 = DIRECTION ( 'NONE',  ( 1.000000000000000000, 0.000000000000000000, 0.000000000000000000 ) ) ;
#1282 = CARTESIAN_POINT ( 'NONE',  ( -17.96309235613506061, 0.5092045550355299710, 12.62754617397195211 ) ) ;
#1283 = CARTESIAN_POINT ( 'NONE',  ( 17.58284223257581402, 0.9793270347696132472, 14.61786672777758511 ) ) ;
#1284 = ORIENTED_EDGE ( 'NONE', *, *, #1334, .T. ) ;
#1285 = B_SPLINE_CURVE_WITH_KNOTS ( 'NONE', 3,
 ( #1274, #1517, #202, #177, #606, #963 ),
 .UNSPECIFIED., .F., .F.,
 ( 4, 2, 4 ),
 ( 6.505213034913026604E-19, 0.002560188084791264855, 0.005120376169582529710 ),
 .UNSPECIFIED. ) ;
#1286 = DIRECTION ( 'NONE',  ( 0.000000000000000000, 0.000000000000000000, 1.000000000000000000 ) ) ;
#1287 = ORIENTED_EDGE ( 'NONE', *, *, #915, .T. ) ;
#1288 = VERTEX_POINT ( 'NONE', #688 ) ;
#1289 = AXIS2_PLACEMENT_3D ( 'NONE', #455, #1202, #1955 ) ;
#1290 = ADVANCED_FACE ( 'NONE', ( #1224 ), #1189, .T. ) ;
#1291 = EDGE_LOOP ( 'NONE', ( #2377, #35, #530, #359, #2198 ) ) ;
#1292 = CARTESIAN_POINT ( 'NONE',  ( 0.000000000000000000, 0.000000000000000000, 2.000000000000000000 ) ) ;
#1293 = DIRECTION ( 'NONE',  ( 0.000000000000000000, 0.000000000000000000, -1.000000000000000000 ) ) ;
#1294 = CARTESIAN_POINT ( 'NONE',  ( -6.014822501695510581, -15.40746248343365465, 11.99232289405333951 ) ) ;
#1295 = ORIENTED_EDGE ( 'NONE', *, *, #1198, .T. ) ;
#1296 = CARTESIAN_POINT ( 'NONE',  ( -12.90168654197461784, -16.94197884032915979, 14.01784163167634389 ) ) ;
#1297 = AXIS2_PLACEMENT_3D ( 'NONE', #2168, #483, #2197 ) ;
#1298 = LINE ( 'NONE', #1611, #27 ) ;
#1299 = ORIENTED_EDGE ( 'NONE', *, *, #446, .T. ) ;
#1300 = EDGE_CURVE ( 'NONE', #329, #1709, #2311, .T. ) ;
#1301 = EDGE_CURVE ( 'NONE', #1029, #1470, #1407, .T. ) ;
#1302 = ORIENTED_EDGE ( 'NONE', *, *, #1042, .T. ) ;
#1303 = CIRCLE ( 'NONE', #1933, 1.499999999999999556 ) ;
#1304 = CARTESIAN_POINT ( 'NONE',  ( 12.90168654197446330, -16.94197884032928059, 14.01784163167634212 ) ) ;
#1305 = AXIS2_PLACEMENT_3D ( 'NONE', #1000, #2170, #1234 ) ;
#1306 = EDGE_CURVE ( 'NONE', #210, #2379, #1683, .T. ) ;
#1307 = PRODUCT_DEFINITION_CONTEXT ( 'detailed design', #286, 'design' ) ;
#1308 = LINE ( 'NONE', #1514, #978 ) ;
#1309 = CARTESIAN_POINT ( 'NONE',  ( 8.544310519023307293, -15.81199136622706014, 12.62900053043851045 ) ) ;
#1310 = CARTESIAN_POINT ( 'NONE',  ( 14.31383692833889043, -17.41112963059645580, 15.60000000000000142 ) ) ;
#1311 = DIRECTION ( 'NONE',  ( 1.000000000000000000, 0.000000000000000000, 0.000000000000000000 ) ) ;
#1312 = DIRECTION ( 'NONE',  ( 0.6241046455293776107, 0.7813407652418052907, 3.469446951953612217E-15 ) ) ;
#1313 = DIRECTION ( 'NONE',  ( 0.000000000000000000, 0.000000000000000000, 1.000000000000000000 ) ) ;
#1314 = ORIENTED_EDGE ( 'NONE', *, *, #1760, .T. ) ;
#1315 = CARTESIAN_POINT ( 'NONE',  ( 8.514459989575660970, -13.82066442014085972, 14.00004073222193135 ) ) ;
#1316 = EDGE_LOOP ( 'NONE', ( #1587, #268, #1253, #1005, #1647 ) ) ;
#1317 = DIRECTION ( 'NONE',  ( -1.000000000000000000, 0.000000000000000000, 0.000000000000000000 ) ) ;
#1318 = EDGE_CURVE ( 'NONE', #1813, #90, #666, .T. ) ;
#1319 = CARTESIAN_POINT ( 'NONE',  ( -50.82971878428847390, 29.34655182294255837, 15.59999999999999964 ) ) ;
#1320 = CARTESIAN_POINT ( 'NONE',  ( 6.897854107493981424, -15.51420864969376900, 12.15955174970438790 ) ) ;
#1321 = DIRECTION ( 'NONE',  ( 0.000000000000000000, 0.000000000000000000, 1.000000000000000000 ) ) ;
#1322 = CARTESIAN_POINT ( 'NONE',  ( -7.737002156183176105, 14.28103214459223658, 14.03562922391321344 ) ) ;
#1323 = CARTESIAN_POINT ( 'NONE',  ( 6.754998149518602446, 3.900000000000030997, -23.48087594184809390 ) ) ;
#1324 = CARTESIAN_POINT ( 'NONE',  ( 0.000000000000000000, 0.000000000000000000, 0.000000000000000000 ) ) ;
#1325 = EDGE_CURVE ( 'NONE', #700, #1758, #433, .T. ) ;
#1326 = DIRECTION ( 'NONE',  ( 0.9960233731916042776, -0.08909231199165541792, 0.000000000000000000 ) ) ;
#1327 = EDGE_LOOP ( 'NONE', ( #897, #156, #489 ) ) ;
#1328 = VECTOR ( 'NONE', #2106, 1000.000000000000000 ) ;
#1329 = CIRCLE ( 'NONE', #1998, 1.500000000000001332 ) ;
#1330 = CARTESIAN_POINT ( 'NONE',  ( 14.31383692833889398, -17.41112963059645224, 14.10000000000000142 ) ) ;
#1331 = ORIENTED_EDGE ( 'NONE', *, *, #2115, .F. ) ;
#1332 = AXIS2_PLACEMENT_3D ( 'NONE', #361, #1286, #1067 ) ;
#1333 = DIRECTION ( 'NONE',  ( 0.000000000000000000, 0.000000000000000000, 1.000000000000000000 ) ) ;
#1334 = EDGE_CURVE ( 'NONE', #1051, #1575, #37, .T. ) ;
#1335 = CARTESIAN_POINT ( 'NONE',  ( -8.221340795116086397, 19.64417771717836914, 14.01784163167633857 ) ) ;
#1336 =( BOUNDED_SURFACE ( )  B_SPLINE_SURFACE ( 3, 2, ( 
 ( #81, #632, #1960 ),
 ( #271, #1401, #1741 ),
 ( #49, #1369, #1554 ),
 ( #2152, #2300, #2118 ),
 ( #58, #816, #2195 ),
 ( #2181, #2010, #905 ) ),
 .UNSPECIFIED., .F., .F., .F. ) 
 B_SPLINE_SURFACE_WITH_KNOTS ( ( 4, 2, 4 ),
 ( 3, 3 ),
 ( 0.000000000000000000, 0.002285904447502938846, 0.004571808895005877692 ),
 ( 0.000000000000000000, 1.000000000000000000 ),
 .UNSPECIFIED. ) 
 GEOMETRIC_REPRESENTATION_ITEM ( )  RATIONAL_B_SPLINE_SURFACE ( (
 ( 1.000000000000000000, 0.7071067811865475727, 1.000000000000000000),
 ( 1.000000000000000000, 0.6936903029071485038, 1.000000000000000000),
 ( 1.000000000000000000, 0.6779932647251647460, 1.000000000000000000),
 ( 1.000000000000000000, 0.6415396523195879830, 1.000000000000000000),
 ( 1.000000000000000000, 0.6207803180369703133, 1.000000000000000000),
 ( 1.000000000000000000, 0.5972222662749403499, 1.000000000000000000) ) ) 
 REPRESENTATION_ITEM ( '' )  SURFACE ( )  );
#1337 = CARTESIAN_POINT ( 'NONE',  ( 12.67814048281251971, -16.87146434062653100, 15.62971774664544000 ) ) ;
#1338 = CARTESIAN_POINT ( 'NONE',  ( -7.242754282035579472, 15.86009175288890027, 14.60000000000000142 ) ) ;
#1339 = CARTESIAN_POINT ( 'NONE',  ( 1.806019586589436399, -15.03587139544054097, 4.944945848195322569 ) ) ;
#1340 = FACE_OUTER_BOUND ( 'NONE', #11, .T. ) ;
#1341 = ORIENTED_EDGE ( 'NONE', *, *, #1673, .F. ) ;
#1342 = PLANE ( 'NONE',  #1608 ) ;
#1343 = CARTESIAN_POINT ( 'NONE',  ( -10.44547268010671459, 12.60762688448672897, 4.460786991607821328 ) ) ;
#1344 = CIRCLE ( 'NONE', #1660, 17.43559577416271011 ) ;
#1345 = FACE_OUTER_BOUND ( 'NONE', #1327, .T. ) ;
#1346 = DIRECTION ( 'NONE',  ( 1.000000000000000000, -3.377853114097014592E-14, 0.000000000000000000 ) ) ;
#1347 = CYLINDRICAL_SURFACE ( 'NONE', #1185, 8.275999999999998025 ) ;
#1348 = EDGE_CURVE ( 'NONE', #2185, #542, #237, .T. ) ;
#1349 = DIRECTION ( 'NONE',  ( 0.000000000000000000, 1.000000000000000000, 0.000000000000000000 ) ) ;
#1350 = CARTESIAN_POINT ( 'NONE',  ( 15.93088261476837530, -18.00779566715014468, 0.1277511577825001243 ) ) ;
#1351 = DIRECTION ( 'NONE',  ( 1.000000000000000000, 0.000000000000000000, -0.000000000000000000 ) ) ;
#1352 = ADVANCED_FACE ( 'NONE', ( #2329, #2317 ), #1200, .F. ) ;
#1353 = CARTESIAN_POINT ( 'NONE',  ( -25.41485939214423695, 24.53527591147128106, 15.59999999999999964 ) ) ;
#1354 = CARTESIAN_POINT ( 'NONE',  ( -12.25997530729449281, 8.766039337968045686, 4.999279369922039251 ) ) ;
#1355 = ORIENTED_EDGE ( 'NONE', *, *, #1854, .T. ) ;
#1356 = CARTESIAN_POINT ( 'NONE',  ( -2.706168622523819067E-13, -58.69310364588419304, 14.09999999999999964 ) ) ;
#1357 = CARTESIAN_POINT ( 'NONE',  ( -6.754998149518655737, 3.899999999999936406, 2.000000000000000000 ) ) ;
#1358 = CARTESIAN_POINT ( 'NONE',  ( -21.66642802993715122, -3.198125462703971689, 14.09999999999999964 ) ) ;
#1359 = DIRECTION ( 'NONE',  ( 0.000000000000000000, 0.000000000000000000, 1.000000000000000000 ) ) ;
#1360 = CARTESIAN_POINT ( 'NONE',  ( 5.699714834703005550, -15.35028296102880319, 4.460130151310790048 ) ) ;
#1361 = CARTESIAN_POINT ( 'NONE',  ( 6.754998149518602446, 3.900000000000030109, 2.000000000000000000 ) ) ;
#1362 = ORIENTED_EDGE ( 'NONE', *, *, #2082, .T. ) ;
#1363 = CARTESIAN_POINT ( 'NONE',  ( -25.35748506424426907, -9.862000000000010758, 15.59999999999999964 ) ) ;
#1364 = EDGE_LOOP ( 'NONE', ( #727, #1477, #2145, #182 ) ) ;
#1365 = AXIS2_PLACEMENT_3D ( 'NONE', #1323, #2279, #980 ) ;
#1366 = CARTESIAN_POINT ( 'NONE',  ( -6.842019853010265606, -13.54450654543714982, 13.57980952189390145 ) ) ;
#1367 = AXIS2_PLACEMENT_3D ( 'NONE', #1855, #354, #916 ) ;
#1368 = DIRECTION ( 'NONE',  ( 0.000000000000000000, 0.000000000000000000, 1.000000000000000000 ) ) ;
#1369 = CARTESIAN_POINT ( 'NONE',  ( 20.95018695943323550, -2.543859560547946153, 15.62971774664543645 ) ) ;
#1370 = DIRECTION ( 'NONE',  ( -0.3646086289470797381, -0.9311608602692290626, 0.000000000000000000 ) ) ;
#1371 = AXIS2_PLACEMENT_3D ( 'NONE', #1236, #1990, #2188 ) ;
#1372 = CARTESIAN_POINT ( 'NONE',  ( -23.85154593492809028, -5.101910525290966447, 15.59999999999999964 ) ) ;
#1373 = DIRECTION ( 'NONE',  ( 1.000000000000000000, 0.000000000000000000, 0.000000000000000000 ) ) ;
#1374 = ORIENTED_EDGE ( 'NONE', *, *, #248, .F. ) ;
#1375 = CARTESIAN_POINT ( 'NONE',  ( -2.706168622523819067E-13, -58.69310364588419304, 15.59999999999999964 ) ) ;
#1376 = ADVANCED_FACE ( 'NONE', ( #1395 ), #2352, .T. ) ;
#1377 = CARTESIAN_POINT ( 'NONE',  ( -8.053060381173201776, 20.35023299082386217, 1.582802006667443973 ) ) ;
#1378 = ORIENTED_EDGE ( 'NONE', *, *, #1750, .T. ) ;
#1379 = EDGE_CURVE ( 'NONE', #549, #162, #864, .T. ) ;
#1380 = PLANE ( 'NONE',  #494 ) ;
#1381 = SPHERICAL_SURFACE ( 'NONE', #1085, 1.500000000000000000 ) ;
#1382 = CARTESIAN_POINT ( 'NONE',  ( 4.334637320798020887, -13.21990575043347249, 13.08743713543128528 ) ) ;
#1383 = VERTEX_POINT ( 'NONE', #1272 ) ;
#1384 = DIRECTION ( 'NONE',  ( -0.8660254037844363761, -0.5000000000000041078, -0.000000000000000000 ) ) ;
#1385 = ORIENTED_EDGE ( 'NONE', *, *, #350, .T. ) ;
#1386 = APPLICATION_CONTEXT ( 'automotive_design' ) ;
#1387 = FACE_OUTER_BOUND ( 'NONE', #624, .T. ) ;
#1388 = EDGE_LOOP ( 'NONE', ( #1941, #316, #1631, #1794 ) ) ;
#1389 = AXIS2_PLACEMENT_3D ( 'NONE', #2259, #564, #573 ) ;
#1390 = CARTESIAN_POINT ( 'NONE',  ( -7.511572993685817836E-16, -7.800000000000000711, 2.000000000000000000 ) ) ;
#1391 = DIRECTION ( 'NONE',  ( 1.000000000000000000, 0.000000000000000000, 0.000000000000000000 ) ) ;
#1392 = FACE_OUTER_BOUND ( 'NONE', #169, .T. ) ;
#1393 = CARTESIAN_POINT ( 'NONE',  ( 7.242754282035735791, 15.86009175288883100, 14.60000000000000142 ) ) ;
#1394 = ORIENTED_EDGE ( 'NONE', *, *, #1080, .F. ) ;
#1395 = FACE_OUTER_BOUND ( 'NONE', #875, .T. ) ;
#1396 = ORIENTED_EDGE ( 'NONE', *, *, #136, .F. ) ;
#1397 = ADVANCED_FACE ( 'NONE', ( #511 ), #1260, .T. ) ;
#1398 = CARTESIAN_POINT ( 'NONE',  ( -15.93088261476905920, -18.00779566715020152, 0.1277511577820390487 ) ) ;
#1399 = VERTEX_POINT ( 'NONE', #1232 ) ;
#1400 = CARTESIAN_POINT ( 'NONE',  ( -7.242754282035582136, 15.86009175288890383, 14.59999999999999964 ) ) ;
#1401 = CARTESIAN_POINT ( 'NONE',  ( 21.57466158422639069, -3.118699712518706146, 15.65801098479350451 ) ) ;
#1402 = AXIS2_PLACEMENT_3D ( 'NONE', #1770, #1040, #114 ) ;
#1403 = ADVANCED_FACE ( 'NONE', ( #1986 ), #1811, .T. ) ;
#1404 = CARTESIAN_POINT ( 'NONE',  ( 16.14126150345412825, 2.742231253266025348, 4.460786991607992746 ) ) ;
#1405 = CARTESIAN_POINT ( 'NONE',  ( -23.56064982129542074, -4.792651215521973818, 15.59999999999999964 ) ) ;
#1406 = EDGE_LOOP ( 'NONE', ( #2221, #679, #1939, #1116 ) ) ;
#1407 = CIRCLE ( 'NONE', #343, 7.799999999999998046 ) ;
#1408 = DIRECTION ( 'NONE',  ( 1.000000000000000000, 1.224646799147353207E-16, 1.698477953864554097E-32 ) ) ;
#1409 = CARTESIAN_POINT ( 'NONE',  ( -14.31383692833905918, -17.41112963059632079, 14.10000000000000142 ) ) ;
#1410 = ORIENTED_EDGE ( 'NONE', *, *, #1334, .F. ) ;
#1411 = CARTESIAN_POINT ( 'NONE',  ( -13.60464463486064801, -17.16522901460530193, 14.09999999703028806 ) ) ;
#1412 = CARTESIAN_POINT ( 'NONE',  ( 10.11386522333594584, -14.20245507805595864, 14.59999999999999254 ) ) ;
#1413 = CARTESIAN_POINT ( 'NONE',  ( 21.66642802993711570, -3.198125462704163979, 14.10000000000000320 ) ) ;
#1414 = CARTESIAN_POINT ( 'NONE',  ( 12.29254714604164533, 8.752760363501822738, 4.966180924965923893 ) ) ;
#1415 = DIRECTION ( 'NONE',  ( 1.000000000000000000, -4.625929269271481378E-15, 0.000000000000000000 ) ) ;
#1416 = ORIENTED_EDGE ( 'NONE', *, *, #533, .F. ) ;
#1417 = ADVANCED_FACE ( 'NONE', ( #119 ), #1893, .T. ) ;
#1418 = DIRECTION ( 'NONE',  ( 0.000000000000000000, 0.000000000000000000, 1.000000000000000000 ) ) ;
#1419 = DIRECTION ( 'NONE',  ( -1.000000000000000000, 0.000000000000000000, 0.000000000000000000 ) ) ;
#1420 = VERTEX_POINT ( 'NONE', #495 ) ;
#1421 = DIRECTION ( 'NONE',  ( 0.000000000000000000, -1.000000000000000000, 0.000000000000000000 ) ) ;
#1422 = CARTESIAN_POINT ( 'NONE',  ( 0.4405842692407571648, -15.00006120057666514, 11.35726093567825679 ) ) ;
#1423 = VECTOR ( 'NONE', #598, 1000.000000000000000 ) ;
#1424 = EDGE_CURVE ( 'NONE', #1597, #90, #833, .T. ) ;
#1425 = CARTESIAN_POINT ( 'NONE',  ( 8.565044835681083768, 18.24216554553413516, 13.72592699711788811 ) ) ;
#1426 = CARTESIAN_POINT ( 'NONE',  ( -12.16907635838131263, 5.012127012609492560, 12.82458267206484948 ) ) ;
#1427 = CARTESIAN_POINT ( 'NONE',  ( 10.22352041549920543, 8.421409398615914199, 12.85414172784598108 ) ) ;
#1428 = ORIENTED_EDGE ( 'NONE', *, *, #792, .T. ) ;
#1429 = CARTESIAN_POINT ( 'NONE',  ( 12.72341367916206067, -7.799999999999999822, 2.000000000000000000 ) ) ;
#1430 = VERTEX_POINT ( 'NONE', #2000 ) ;
#1431 = AXIS2_PLACEMENT_3D ( 'NONE', #238, #1006, #1748 ) ;
#1432 = AXIS2_PLACEMENT_3D ( 'NONE', #1925, #241, #2336 ) ;
#1433 = CARTESIAN_POINT ( 'NONE',  ( 17.08148506424427993, -9.861999999999985889, 14.09999999999999964 ) ) ;
#1434 = ORIENTED_EDGE ( 'NONE', *, *, #834, .T. ) ;
#1435 = CARTESIAN_POINT ( 'NONE',  ( -6.146697294812024204, 22.57571674013225760, 15.59999999999999964 ) ) ;
#1436 = CARTESIAN_POINT ( 'NONE',  ( -3.442553396694752799, -13.11457167258853040, 12.92798988030266827 ) ) ;
#1437 = DIRECTION ( 'NONE',  ( 0.7262662530249676118, -0.6874135070807625425, 0.000000000000000000 ) ) ;
#1438 = CARTESIAN_POINT ( 'NONE',  ( 12.13179870670792759, 5.010720790893317123, 12.77522010618169013 ) ) ;
#1439 = CIRCLE ( 'NONE', #2380, 1.500000000000000888 ) ;
#1440 = FILL_AREA_STYLE ('',( #133 ) ) ;
#1441 = VERTEX_POINT ( 'NONE', #310 ) ;
#1442 = AXIS2_PLACEMENT_3D ( 'NONE', #741, #2413, #926 ) ;
#1443 = CARTESIAN_POINT ( 'NONE',  ( 0.000000000000000000, 0.000000000000000000, 2.000000000000000000 ) ) ;
#1444 = CARTESIAN_POINT ( 'NONE',  ( 3.000000000000000444, 0.000000000000000000, -16.00000000000000000 ) ) ;
#1445 = ORIENTED_EDGE ( 'NONE', *, *, #1888, .T. ) ;
#1446 = B_SPLINE_CURVE_WITH_KNOTS ( 'NONE', 3,
 ( #1330, #772, #1304, #763, #1473, #2053 ),
 .UNSPECIFIED., .F., .F.,
 ( 4, 2, 4 ),
 ( 0.000000000000000000, 0.002212699261864727214, 0.004425398523729454428 ),
 .UNSPECIFIED. ) ;
#1447 = ORIENTED_EDGE ( 'NONE', *, *, #248, .T. ) ;
#1448 = EDGE_CURVE ( 'NONE', #1768, #2122, #556, .T. ) ;
#1449 = CARTESIAN_POINT ( 'NONE',  ( -1.066854937725736363E-13, 15.60000000000006182, 1.591824240121521905 ) ) ;
#1450 = FACE_OUTER_BOUND ( 'NONE', #982, .T. ) ;
#1451 = EDGE_CURVE ( 'NONE', #1288, #2131, #1088, .T. ) ;
#1452 = CARTESIAN_POINT ( 'NONE',  ( 8.910197381452890752, 16.98588072669153348, 15.31682349245196306 ) ) ;
#1453 = CARTESIAN_POINT ( 'NONE',  ( -16.22627647981237686, -0.4634064404054429875, 14.00004073222319079 ) ) ;
#1454 = CARTESIAN_POINT ( 'NONE',  ( 14.66421726318580809, 4.774724013847025716, 13.59712873491089979 ) ) ;
#1455 = ORIENTED_EDGE ( 'NONE', *, *, #1816, .T. ) ;
#1456 = DIRECTION ( 'NONE',  ( -0.000000000000000000, -0.000000000000000000, 1.000000000000000000 ) ) ;
#1457 = CARTESIAN_POINT ( 'NONE',  ( 23.85154593492865160, -5.101910525291724063, 15.59999999999999964 ) ) ;
#1458 = ORIENTED_EDGE ( 'NONE', *, *, #1649, .F. ) ;
#1459 = B_SPLINE_CURVE_WITH_KNOTS ( 'NONE', 3,
 ( #1735, #46, #641, #798, #2114, #1550 ),
 .UNSPECIFIED., .F., .F.,
 ( 4, 2, 4 ),
 ( 0.000000000000000000, 0.002560188084791260518, 0.005120376169582521036 ),
 .UNSPECIFIED. ) ;
#1460 = ORIENTED_EDGE ( 'NONE', *, *, #1043, .T. ) ;
#1461 = CARTESIAN_POINT ( 'NONE',  ( -11.62754071359363905, -14.73654530415183217, 15.15991411330344185 ) ) ;
#1462 = FACE_OUTER_BOUND ( 'NONE', #933, .T. ) ;
#1463 = CARTESIAN_POINT ( 'NONE',  ( -13.89345207388341130, 6.001524963775592525, 11.40800452229524353 ) ) ;
#1464 = CARTESIAN_POINT ( 'NONE',  ( 9.640716430435443129, 9.587367657929535270, 12.97154987663360970 ) ) ;
#1465 = ORIENTED_EDGE ( 'NONE', *, *, #1016, .F. ) ;
#1466 = CIRCLE ( 'NONE', #2402, 1.500000000000001332 ) ;
#1467 = CARTESIAN_POINT ( 'NONE',  ( 9.421430948061141564, 15.30558565041028274, 12.62900053043851933 ) ) ;
#1468 = ORIENTED_EDGE ( 'NONE', *, *, #823, .F. ) ;
#1469 = EDGE_LOOP ( 'NONE', ( #167, #1211, #1565, #65 ) ) ;
#1470 = VERTEX_POINT ( 'NONE', #2033 ) ;
#1471 = ADVANCED_FACE ( 'NONE', ( #1462 ), #157, .T. ) ;
#1472 = AXIS2_PLACEMENT_3D ( 'NONE', #521, #381, #1985 ) ;
#1473 = CARTESIAN_POINT ( 'NONE',  ( 10.82638348810321816, -16.35674020263775219, 13.51442608680185486 ) ) ;
#1474 = DIRECTION ( 'NONE',  ( 0.000000000000000000, 0.000000000000000000, -1.000000000000000000 ) ) ;
#1475 = DIRECTION ( 'NONE',  ( 0.000000000000000000, 0.000000000000000000, 1.000000000000000000 ) ) ;
#1476 = CARTESIAN_POINT ( 'NONE',  ( -10.14485851892518653, -16.19405481133997782, 13.25000000000000533 ) ) ;
#1477 = ORIENTED_EDGE ( 'NONE', *, *, #1863, .T. ) ;
#1478 = B_SPLINE_CURVE_WITH_KNOTS ( 'NONE', 3,
 ( #284, #660, #1950, #1034, #1606, #1799, #1382, #1789, #1753, #649 ),
 .UNSPECIFIED., .F., .F.,
 ( 4, 2, 2, 2, 4 ),
 ( 0.01046817569686536373, 0.01177823248468421249, 0.01308828927250306126, 0.01570840284814076226, 0.02094862999941615733 ),
 .UNSPECIFIED. ) ;
#1479 = EDGE_CURVE ( 'NONE', #73, #813, #1821, .T. ) ;
#1480 = EDGE_CURVE ( 'NONE', #908, #395, #1104, .T. ) ;
#1481 = DIRECTION ( 'NONE',  ( 1.000000000000000000, 0.000000000000000000, 0.000000000000000000 ) ) ;
#1482 = CARTESIAN_POINT ( 'NONE',  ( -7.072697429503067568, -15.55387385142770640, 4.144706466045978033 ) ) ;
#1483 = CARTESIAN_POINT ( 'NONE',  ( 23.85748506424427973, -9.861999999999985889, 15.59999999999999964 ) ) ;
#1484 = ORIENTED_EDGE ( 'NONE', *, *, #179, .T. ) ;
#1485 = CIRCLE ( 'NONE', #1134, 8.275999999999998025 ) ;
#1486 =( BOUNDED_SURFACE ( )  B_SPLINE_SURFACE ( 3, 2, ( 
 ( #1393, #1938, #253 ),
 ( #60, #820, #634 ),
 ( #449, #72, #830 ),
 ( #1777, #720, #1847 ),
 ( #1464, #121, #709 ),
 ( #1427, #312, #1076 ),
 ( #1262, #1654, #893 ),
 ( #161, #2184, #497 ),
 ( #919, #548, #1248 ),
 ( #2359, #2210, #324 ),
 ( #2013, #1454, #1617 ),
 ( #1834, #358, #732 ),
 ( #2220, #2002, #538 ),
 ( #1823, #1283, #1666 ),
 ( #696, #2036, #1063 ),
 ( #1115, #870, #685 ) ),
 .UNSPECIFIED., .F., .F., .T. ) 
 B_SPLINE_SURFACE_WITH_KNOTS ( ( 4, 2, 2, 2, 2, 2, 2, 4 ),
 ( 3, 3 ),
 ( 1.734723475976807094E-18, 0.005374201112677096277, 0.008061301669015643115, 0.009404851947184916100, 0.01074840222535419082, 0.01612260333803128623, 0.01880970389436983220, 0.02149680445070838164 ),
 ( 0.000000000000000000, 1.000000000000000000 ),
 .UNSPECIFIED. ) 
 GEOMETRIC_REPRESENTATION_ITEM ( )  RATIONAL_B_SPLINE_SURFACE ( (
 ( 1.000000000000000000, 0.5972222662749404609, 1.000000000000000000),
 ( 1.000000000000000000, 0.5920335732824453245, 1.000000000000000000),
 ( 1.000000000000000000, 0.5879321939126940233, 1.000000000000000000),
 ( 1.000000000000000000, 0.5837221556564256009, 1.000000000000000000),
 ( 1.000000000000000000, 0.5826425775085888326, 1.000000000000000000),
 ( 1.000000000000000000, 0.5815510026398562626, 1.000000000000000000),
 ( 1.000000000000000000, 0.5812753269680822621, 1.000000000000000000),
 ( 1.000000000000000000, 0.5809098566767102456, 1.000000000000000000),
 ( 1.000000000000000000, 0.5808187222230842828, 1.000000000000000000),
 ( 1.000000000000000000, 0.5808144886420054664, 1.000000000000000000),
 ( 1.000000000000000000, 0.5822556318255464047, 1.000000000000000000),
 ( 1.000000000000000000, 0.5864608274068940919, 1.000000000000000000),
 ( 1.000000000000000000, 0.5882110602755742379, 1.000000000000000000),
 ( 1.000000000000000000, 0.5922921910094868236, 1.000000000000000000),
 ( 1.000000000000000000, 0.5946267845651205253, 1.000000000000000000),
 ( 1.000000000000000000, 0.5972222662749409050, 1.000000000000000000) ) ) 
 REPRESENTATION_ITEM ( '' )  SURFACE ( )  );
#1487 = ADVANCED_FACE ( 'NONE', ( #130 ), #775, .F. ) ;
#1488 = CIRCLE ( 'NONE', #428, 7.799999999999998046 ) ;
#1489 = AXIS2_PLACEMENT_3D ( 'NONE', #765, #175, #1894 ) ;
#1490 = AXIS2_PLACEMENT_3D ( 'NONE', #2111, #1326, #245 ) ;
#1491 = CARTESIAN_POINT ( 'NONE',  ( 17.08148506424427993, -9.861999999999985889, 15.59999999999999964 ) ) ;
#1492 = PLANE ( 'NONE',  #743 ) ;
#1493 = CARTESIAN_POINT ( 'NONE',  ( 6.448509616839274372, 20.81866287064399046, 14.09999999999999964 ) ) ;
#1494 = CARTESIAN_POINT ( 'NONE',  ( 12.90408074586507858, -16.94271731612443688, 14.01819739916663288 ) ) ;
#1495 = DIRECTION ( 'NONE',  ( -1.000000000000000000, 0.000000000000000000, 0.000000000000000000 ) ) ;
#1496 = AXIS2_PLACEMENT_3D ( 'NONE', #1797, #106, #1615 ) ;
#1497 = CARTESIAN_POINT ( 'NONE',  ( 5.318028168634377339E-20, -15.00000000000000888, 4.999999999999992006 ) ) ;
#1498 = PLANE ( 'NONE',  #1592 ) ;
#1499 = ORIENTED_EDGE ( 'NONE', *, *, #971, .F. ) ;
#1500 = CARTESIAN_POINT ( 'NONE',  ( -23.56064982129542784, -4.792651215521970265, 0.1277511577827948608 ) ) ;
#1501 = DIRECTION ( 'NONE',  ( 0.000000000000000000, 0.000000000000000000, 1.000000000000000000 ) ) ;
#1502 = DIRECTION ( 'NONE',  ( 0.3646086289470893416, -0.9311608602692252878, -1.156482317317872711E-15 ) ) ;
#1503 = CARTESIAN_POINT ( 'NONE',  ( -7.088346473553151839, 16.65246694370439684, 14.91802237258280783 ) ) ;
#1504 = CARTESIAN_POINT ( 'NONE',  ( 10.14485851892503732, -16.19405481134006664, 13.24999999999999822 ) ) ;
#1505 = CARTESIAN_POINT ( 'NONE',  ( -7.629767206526721246, 22.80044688267335928, 0.1277511577816395905 ) ) ;
#1506 = CARTESIAN_POINT ( 'NONE',  ( 14.80523611038192300, -15.99390458005316518, 15.59999999999999964 ) ) ;
#1507 = DIRECTION ( 'NONE',  ( 1.000000000000000000, 0.000000000000000000, 0.000000000000000000 ) ) ;
#1508 = B_SPLINE_CURVE_WITH_KNOTS ( 'NONE', 3,
 ( #2415, #212, #385, #1125 ),
 .UNSPECIFIED., .F., .F.,
 ( 4, 4 ),
 ( 2.710505431213761085E-19, 0.0002347465933272200429 ),
 .UNSPECIFIED. ) ;
#1509 = CARTESIAN_POINT ( 'NONE',  ( -6.754998149518656625, 3.899999999999936851, -23.48087594184809390 ) ) ;
#1510 = EDGE_CURVE ( 'NONE', #126, #855, #1066, .T. ) ;
#1511 = DIRECTION ( 'NONE',  ( 0.000000000000000000, 0.000000000000000000, -1.000000000000000000 ) ) ;
#1512 = ORIENTED_EDGE ( 'NONE', *, *, #2027, .F. ) ;
#1513 = AXIS2_PLACEMENT_3D ( 'NONE', #2103, #239, #658 ) ;
#1514 = CARTESIAN_POINT ( 'NONE',  ( 0.000000000000000000, -23.39999999999999858, 4.999999999999993783 ) ) ;
#1515 = PRODUCT_DEFINITION ( 'UNKNOWN', '', #669, #1307 ) ;
#1516 = DIRECTION ( 'NONE',  ( 0.000000000000000000, 0.000000000000000000, 1.000000000000000000 ) ) ;
#1517 = CARTESIAN_POINT ( 'NONE',  ( -17.96563264570526997, -2.187545354929039565, 14.91802237258279895 ) ) ;
#1518 = CARTESIAN_POINT ( 'NONE',  ( -23.85154593492808672, -5.101910525290967335, 0.000000000000000000 ) ) ;
#1519 = VECTOR ( 'NONE', #1921, 1000.000000000000000 ) ;
#1520 = CARTESIAN_POINT ( 'NONE',  ( 14.31383692833889398, -17.41112963059645224, 14.10000000000000142 ) ) ;
#1521 = CARTESIAN_POINT ( 'NONE',  ( 0.000000000000000000, -4.053854842863084146E-14, 5.600000000000000533 ) ) ;
#1522 = DIRECTION ( 'NONE',  ( 0.000000000000000000, 0.000000000000000000, 1.000000000000000000 ) ) ;
#1523 = AXIS2_PLACEMENT_3D ( 'NONE', #1017, #2147, #1850 ) ;
#1524 = AXIS2_PLACEMENT_3D ( 'NONE', #862, #889, #519 ) ;
#1525 = FACE_OUTER_BOUND ( 'NONE', #1316, .T. ) ;
#1526 = ORIENTED_EDGE ( 'NONE', *, *, #540, .F. ) ;
#1527 = EDGE_CURVE ( 'NONE', #2224, #855, #2161, .T. ) ;
#1528 = AXIS2_PLACEMENT_3D ( 'NONE', #1443, #1456, #1495 ) ;
#1529 = DIRECTION ( 'NONE',  ( -0.000000000000000000, 1.000000000000000000, -0.000000000000000000 ) ) ;
#1530 = DIRECTION ( 'NONE',  ( 0.000000000000000000, 0.000000000000000000, 1.000000000000000000 ) ) ;
#1531 = CARTESIAN_POINT ( 'NONE',  ( 50.82971878428875812, 29.34655182294209297, 14.09999999999999964 ) ) ;
#1532 = EDGE_CURVE ( 'NONE', #232, #920, #103, .T. ) ;
#1533 = CARTESIAN_POINT ( 'NONE',  ( 0.000000000000000000, -23.39999999999999858, -23.48087594184809390 ) ) ;
#1534 = LINE ( 'NONE', #1926, #2192 ) ;
#1535 = CARTESIAN_POINT ( 'NONE',  ( 13.50999629903731858, -7.799999999999999822, 2.000000000000000000 ) ) ;
#1536 = ORIENTED_EDGE ( 'NONE', *, *, #1448, .T. ) ;
#1537 = CARTESIAN_POINT ( 'NONE',  ( -8.499235551412839484, -13.84095648859882388, 14.03562922388612932 ) ) ;
#1538 = CARTESIAN_POINT ( 'NONE',  ( -3.446557713299054360, -13.11492878664546780, 12.92852614363752295 ) ) ;
#1539 = ORIENTED_EDGE ( 'NONE', *, *, #2200, .F. ) ;
#1540 = TOROIDAL_SURFACE ( 'NONE', #859, 6.775999999999998913, 1.500000000000000000 ) ;
#1541 = CARTESIAN_POINT ( 'NONE',  ( -8.220783231969612359, 19.64662039646646718, 14.01819739916663288 ) ) ;
#1542 = CARTESIAN_POINT ( 'NONE',  ( 7.629767206527019674, 22.80044688267273045, 0.1277511577822772193 ) ) ;
#1543 = CARTESIAN_POINT ( 'NONE',  ( 10.25510552423951260, -16.20939764842231767, 15.31682349245356889 ) ) ;
#1544 = B_SPLINE_CURVE_WITH_KNOTS ( 'NONE', 3,
 ( #551, #2390, #2038, #1296, #711, #1802 ),
 .UNSPECIFIED., .F., .F.,
 ( 4, 2, 4 ),
 ( 0.000000000000000000, 0.002212699261864729382, 0.004425398523729458765 ),
 .UNSPECIFIED. ) ;
#1545 = EDGE_CURVE ( 'NONE', #1711, #219, #1957, .T. ) ;
#1546 = CYLINDRICAL_SURFACE ( 'NONE', #579, 43.69310364588417883 ) ;
#1547 = LINE ( 'NONE', #2096, #447 ) ;
#1548 = CARTESIAN_POINT ( 'NONE',  ( -6.840057292697112601, -13.54418459072721603, 13.57931697367342849 ) ) ;
#1549 = AXIS2_PLACEMENT_3D ( 'NONE', #1927, #991, #1743 ) ;
#1550 = CARTESIAN_POINT ( 'NONE',  ( -10.11386522333608440, -14.20245507805586094, 14.59999999999999432 ) ) ;
#1551 = ORIENTED_EDGE ( 'NONE', *, *, #224, .T. ) ;
#1552 = UNCERTAINTY_MEASURE_WITH_UNIT (LENGTH_MEASURE( 1.000000000000000082E-05 ), #2396, 'distance_accuracy_value', 'NONE');
#1553 = CARTESIAN_POINT ( 'NONE',  ( 16.11858428704210411, -9.306068977079394955, 0.000000000000000000 ) ) ;
#1554 = CARTESIAN_POINT ( 'NONE',  ( 19.87361878885899102, -3.757901251526106101, 15.50376164703297022 ) ) ;
#1555 = CARTESIAN_POINT ( 'NONE',  ( -22.23539903284994423, -3.690581590270962220, 14.10000000000000142 ) ) ;
#1556 = CIRCLE ( 'NONE', #1905, 1.499999999999999556 ) ;
#1557 = CARTESIAN_POINT ( 'NONE',  ( 7.088346473553308158, 16.65246694370433289, 14.91802237258279717 ) ) ;
#1558 = CARTESIAN_POINT ( 'NONE',  ( 23.56064982129587904, -4.792651215522585773, 0.1277511577821133504 ) ) ;
#1559 = ORIENTED_EDGE ( 'NONE', *, *, #1786, .F. ) ;
#1560 = EDGE_CURVE ( 'NONE', #1913, #1077, #1627, .T. ) ;
#1561 = FACE_OUTER_BOUND ( 'NONE', #1904, .T. ) ;
#1562 = ADVANCED_FACE ( 'NONE', ( #951 ), #1161, .F. ) ;
#1563 = AXIS2_PLACEMENT_3D ( 'NONE', #1710, #2062, #534 ) ;
#1564 = CARTESIAN_POINT ( 'NONE',  ( -21.64978161204587437, -3.200484227809462734, 1.583224814494605726 ) ) ;
#1565 = ORIENTED_EDGE ( 'NONE', *, *, #784, .F. ) ;
#1566 = CIRCLE ( 'NONE', #818, 3.000000000000000444 ) ;
#1567 = CARTESIAN_POINT ( 'NONE',  ( -7.921562104510758040, 21.10171122086756768, 14.10000000000000142 ) ) ;
#1568 = B_SPLINE_CURVE_WITH_KNOTS ( 'NONE', 3,
 ( #1820, #1061, #144, #2382 ),
 .UNSPECIFIED., .F., .F.,
 ( 4, 4 ),
 ( 0.000000000000000000, 0.0002347465933263528438 ),
 .UNSPECIFIED. ) ;
#1569 = FACE_OUTER_BOUND ( 'NONE', #2202, .T. ) ;
#1570 = AXIS2_PLACEMENT_3D ( 'NONE', #272, #424, #990 ) ;
#1571 = AXIS2_PLACEMENT_3D ( 'NONE', #1509, #2260, #396 ) ;
#1572 = AXIS2_PLACEMENT_3D ( 'NONE', #622, #2326, #1373 ) ;
#1573 = CARTESIAN_POINT ( 'NONE',  ( -21.66784670585577999, -3.199353355945611987, 14.09999999703028806 ) ) ;
#1574 = DIRECTION ( 'NONE',  ( 0.000000000000000000, 0.000000000000000000, 1.000000000000000000 ) ) ;
#1575 = VERTEX_POINT ( 'NONE', #159 ) ;
#1576 = EDGE_CURVE ( 'NONE', #1815, #2160, #390, .T. ) ;
#1577 = DIRECTION ( 'NONE',  ( 0.000000000000000000, -1.000000000000000000, 0.000000000000000000 ) ) ;
#1578 = VERTEX_POINT ( 'NONE', #14 ) ;
#1579 = CARTESIAN_POINT ( 'NONE',  ( -16.13801079263330251, 2.746256004707367193, 4.462032954852201527 ) ) ;
#1580 = ORIENTED_EDGE ( 'NONE', *, *, #2015, .T. ) ;
#1581 = ADVANCED_FACE ( 'NONE', ( #2078 ), #1492, .T. ) ;
#1582 = CYLINDRICAL_SURFACE ( 'NONE', #936, 1.499999999999999556 ) ;
#1583 = DIRECTION ( 'NONE',  ( -0.8180353879512299864, -0.5751678920623791713, 2.312964634635741083E-15 ) ) ;
#1584 = AXIS2_PLACEMENT_3D ( 'NONE', #1742, #1924, #50 ) ;
#1585 = CARTESIAN_POINT ( 'NONE',  ( 6.448509616839274372, 20.81866287064399046, 15.59999999999999964 ) ) ;
#1586 = CARTESIAN_POINT ( 'NONE',  ( 10.87728617215192273, -14.46492158877525114, 14.91802237258280073 ) ) ;
#1587 = ORIENTED_EDGE ( 'NONE', *, *, #1854, .F. ) ;
#1588 = DIRECTION ( 'NONE',  ( 0.000000000000000000, 0.000000000000000000, 1.000000000000000000 ) ) ;
#1589 = ORIENTED_EDGE ( 'NONE', *, *, #17, .F. ) ;
#1590 = DIRECTION ( 'NONE',  ( 1.000000000000000000, -1.776356839400250859E-15, 0.000000000000000000 ) ) ;
#1591 = ORIENTED_EDGE ( 'NONE', *, *, #1242, .F. ) ;
#1592 = AXIS2_PLACEMENT_3D ( 'NONE', #2423, #1634, #315 ) ;
#1593 = EDGE_CURVE ( 'NONE', #813, #168, #32, .T. ) ;
#1594 = DIRECTION ( 'NONE',  ( 0.000000000000000000, 0.000000000000000000, 1.000000000000000000 ) ) ;
#1595 = LINE ( 'NONE', #2327, #1158 ) ;
#1596 = VERTEX_POINT ( 'NONE', #927 ) ;
#1597 = VERTEX_POINT ( 'NONE', #2229 ) ;
#1598 = FACE_OUTER_BOUND ( 'NONE', #305, .T. ) ;
#1599 = ORIENTED_EDGE ( 'NONE', *, *, #1688, .T. ) ;
#1600 = EDGE_CURVE ( 'NONE', #292, #1420, #1508, .T. ) ;
#1601 = CARTESIAN_POINT ( 'NONE',  ( -14.31383692833905918, -17.41112963059632079, 14.10000000000000142 ) ) ;
#1602 = CARTESIAN_POINT ( 'NONE',  ( 0.8760996839180595908, -15.00660084580596632, 11.36737373506145232 ) ) ;
#1603 = AXIS2_PLACEMENT_3D ( 'NONE', #1118, #1057, #468 ) ;
#1604 = CARTESIAN_POINT ( 'NONE',  ( 8.272046476623350131, 19.41532390117769680, 15.62971774664670832 ) ) ;
#1605 = CARTESIAN_POINT ( 'NONE',  ( 12.81639751629283275, 7.801119160204394554, 5.000175788451776349 ) ) ;
#1606 = CARTESIAN_POINT ( 'NONE',  ( 2.176543184649778695, -13.06428741311197861, 12.85377355919668041 ) ) ;
#1607 = ORIENTED_EDGE ( 'NONE', *, *, #998, .T. ) ;
#1608 = AXIS2_PLACEMENT_3D ( 'NONE', #1353, #810, #2085 ) ;
#1609 = DIRECTION ( 'NONE',  ( -0.2679781372447981314, 0.9003904716952810805, 0.3427604359303415560 ) ) ;
#1610 = EDGE_LOOP ( 'NONE', ( #2226, #1035, #134, #1589, #285 ) ) ;
#1611 = CARTESIAN_POINT ( 'NONE',  ( -7.629767206526715029, 22.80044688267335928, 15.59999999999999964 ) ) ;
#1612 = ORIENTED_EDGE ( 'NONE', *, *, #178, .T. ) ;
#1613 = LINE ( 'NONE', #2355, #1009 ) ;
#1614 = CARTESIAN_POINT ( 'NONE',  ( 2.030894709242157870, -15.04507249041310146, 13.53128656930891083 ) ) ;
#1615 = DIRECTION ( 'NONE',  ( 1.000000000000000000, 0.000000000000000000, 0.000000000000000000 ) ) ;
#1616 = CARTESIAN_POINT ( 'NONE',  ( -13.43414739887982634, 6.744575840382754706, 11.36737373506146831 ) ) ;
#1617 = CARTESIAN_POINT ( 'NONE',  ( 14.80599252089858275, 4.560944010336751120, 11.51528950071442026 ) ) ;
#1618 = ORIENTED_EDGE ( 'NONE', *, *, #1679, .T. ) ;
#1619 = MECHANICAL_DESIGN_GEOMETRIC_PRESENTATION_REPRESENTATION (  '', ( #522 ), #163 ) ;
#1620 = CARTESIAN_POINT ( 'NONE',  ( -16.34415709020239404, -18.10508943653382019, 0.000000000000000000 ) ) ;
#1621 = DIRECTION ( 'NONE',  ( 1.000000000000000000, 0.000000000000000000, 0.000000000000000000 ) ) ;
#1622 = VERTEX_POINT ( 'NONE', #961 ) ;
#1623 = DIRECTION ( 'NONE',  ( -0.000000000000000000, -0.000000000000000000, -1.000000000000000000 ) ) ;
#1624 = ORIENTED_EDGE ( 'NONE', *, *, #805, .T. ) ;
#1625 = DIRECTION ( 'NONE',  ( 0.4999999999999919509, 0.8660254037844432595, 0.000000000000000000 ) ) ;
#1626 = CARTESIAN_POINT ( 'NONE',  ( -1.607164535689060259, -14.99979225931952698, 13.45913010817536559 ) ) ;
#1627 = B_SPLINE_CURVE_WITH_KNOTS ( 'NONE', 3,
 ( #2090, #356, #730, #200 ),
 .UNSPECIFIED., .F., .F.,
 ( 4, 4 ),
 ( 0.000000000000000000, 0.0002347465933284426977 ),
 .UNSPECIFIED. ) ;
#1628 = DIRECTION ( 'NONE',  ( -0.6457719531911754185, -0.6822711103604602867, 0.3427604359303438319 ) ) ;
#1629 = CARTESIAN_POINT ( 'NONE',  ( -13.61814935458840381, 2.853203562816528205, 13.08797904038974202 ) ) ;
#1630 = PRESENTATION_STYLE_ASSIGNMENT (( #2232 ) ) ;
#1631 = ORIENTED_EDGE ( 'NONE', *, *, #1679, .F. ) ;
#1632 = CYLINDRICAL_SURFACE ( 'NONE', #149, 43.69310364588417883 ) ;
#1633 = EDGE_CURVE ( 'NONE', #2228, #1383, #1722, .T. ) ;
#1634 = DIRECTION ( 'NONE',  ( 0.000000000000000000, 0.000000000000000000, 1.000000000000000000 ) ) ;
#1635 = EDGE_LOOP ( 'NONE', ( #1001, #1828, #1956, #318 ) ) ;
#1636 = ADVANCED_FACE ( 'NONE', ( #1345 ), #1674, .T. ) ;
#1637 = CARTESIAN_POINT ( 'NONE',  ( 0.000000000000000000, -7.799999999999999822, -23.48087594184809390 ) ) ;
#1638 = CARTESIAN_POINT ( 'NONE',  ( -14.85353846390678534, 4.535998259400287225, 11.56110320910270239 ) ) ;
#1639 = PRODUCT ( 'Walker_Handle_Adjustment_Knob', 'Walker_Handle_Adjustment_Knob', '', ( #853 ) ) ;
#1640 = CARTESIAN_POINT ( 'NONE',  ( 8.952033597435537615, 16.88273260085804495, 13.24999999999999822 ) ) ;
#1641 = CARTESIAN_POINT ( 'NONE',  ( 9.280021444792316387, 10.36706151217389582, 13.08797904036658011 ) ) ;
#1642 = VECTOR ( 'NONE', #1143, 1000.000000000000000 ) ;
#1643 = EDGE_LOOP ( 'NONE', ( #1499, #1434, #2203, #47, #1667 ) ) ;
#1644 = AXIS2_PLACEMENT_3D ( 'NONE', #2344, #1421, #2165 ) ;
#1645 = AXIS2_PLACEMENT_3D ( 'NONE', #1713, #754, #2262 ) ;
#1646 = DIRECTION ( 'NONE',  ( -1.000000000000000000, 0.000000000000000000, 0.000000000000000000 ) ) ;
#1647 = ORIENTED_EDGE ( 'NONE', *, *, #915, .F. ) ;
#1648 = ORIENTED_EDGE ( 'NONE', *, *, #2383, .T. ) ;
#1649 = EDGE_CURVE ( 'NONE', #677, #1578, #1308, .T. ) ;
#1650 = ADVANCED_FACE ( 'NONE', ( #592 ), #2242, .T. ) ;
#1651 = DIRECTION ( 'NONE',  ( 1.000000000000000000, 0.000000000000000000, 0.000000000000000000 ) ) ;
#1652 = DIRECTION ( 'NONE',  ( -0.000000000000000000, -0.000000000000000000, -1.000000000000000000 ) ) ;
#1653 = CARTESIAN_POINT ( 'NONE',  ( -10.02212781532621833, 13.70869961581398222, 12.19104136019251428 ) ) ;
#1654 = CARTESIAN_POINT ( 'NONE',  ( 12.20298133645301419, 8.920060154668878027, 13.50426539354332789 ) ) ;
#1655 = ORIENTED_EDGE ( 'NONE', *, *, #17, .T. ) ;
#1656 = CARTESIAN_POINT ( 'NONE',  ( 13.85705213179255679, 5.998376192063687995, 11.35677528017998306 ) ) ;
#1657 = ADVANCED_FACE ( 'NONE', ( #558 ), #506, .T. ) ;
#1658 = EDGE_LOOP ( 'NONE', ( #1024, #638, #2320, #246 ) ) ;
#1659 = ORIENTED_EDGE ( 'NONE', *, *, #764, .F. ) ;
#1660 = AXIS2_PLACEMENT_3D ( 'NONE', #326, #1264, #2199 ) ;
#1661 = VERTEX_POINT ( 'NONE', #815 ) ;
#1662 = DIRECTION ( 'NONE',  ( -0.6457719531911707556, 0.6822711103604641725, -0.3427604359303446646 ) ) ;
#1663 = ADVANCED_FACE ( 'NONE', ( #789 ), #215, .T. ) ;
#1664 = DIRECTION ( 'NONE',  ( 0.000000000000000000, 1.000000000000000000, 0.000000000000000000 ) ) ;
#1665 = CARTESIAN_POINT ( 'NONE',  ( -14.13001310962616408, 5.631390860627790040, 11.43867204266897630 ) ) ;
#1666 = CARTESIAN_POINT ( 'NONE',  ( 17.97307697993199938, 0.5326143675660157673, 12.66446531977241108 ) ) ;
#1667 = ORIENTED_EDGE ( 'NONE', *, *, #277, .T. ) ;
#1668 = AXIS2_PLACEMENT_3D ( 'NONE', #363, #1106, #2237 ) ;
#1669 = CARTESIAN_POINT ( 'NONE',  ( 16.35066516935696157, 2.494742155994345900, 11.99232289405335372 ) ) ;
#1670 = CYLINDRICAL_SURFACE ( 'NONE', #2035, 1.500000000000001332 ) ;
#1671 = EDGE_LOOP ( 'NONE', ( #1362, #1901, #76, #301, #275, #398 ) ) ;
#1672 = CARTESIAN_POINT ( 'NONE',  ( 0.000000000000000000, 0.000000000000000000, -16.00000000000000000 ) ) ;
#1673 = EDGE_CURVE ( 'NONE', #1064, #1107, #1209, .T. ) ;
#1674 = SPHERICAL_SURFACE ( 'NONE', #902, 1.500000000000000000 ) ;
#1675 = CYLINDRICAL_SURFACE ( 'NONE', #537, 28.48087594184808680 ) ;
#1676 = CARTESIAN_POINT ( 'NONE',  ( 14.31383692833889043, -17.41112963059645580, 14.10000000000000142 ) ) ;
#1677 = CIRCLE ( 'NONE', #1563, 21.79449471770339031 ) ;
#1678 = LINE ( 'NONE', #1716, #1137 ) ;
#1679 = EDGE_CURVE ( 'NONE', #668, #478, #1204, .T. ) ;
#1680 = DIRECTION ( 'NONE',  ( -0.1498200950274181098, -0.9887132744764659531, 0.000000000000000000 ) ) ;
#1681 = ORIENTED_EDGE ( 'NONE', *, *, #1271, .T. ) ;
#1682 = ORIENTED_EDGE ( 'NONE', *, *, #1965, .T. ) ;
#1683 = B_SPLINE_CURVE_WITH_KNOTS ( 'NONE', 3,
 ( #2159, #1940, #288, #1037, #857, #676 ),
 .UNSPECIFIED., .F., .F.,
 ( 4, 2, 4 ),
 ( 0.000000000000000000, 0.002560188084791268325, 0.005120376169582536649 ),
 .UNSPECIFIED. ) ;
#1684 = AXIS2_PLACEMENT_3D ( 'NONE', #595, #1349, #229 ) ;
#1685 = CARTESIAN_POINT ( 'NONE',  ( 7.944050328528199145, -15.69573881718929975, 14.57952999531480387 ) ) ;
#1686 = AXIS2_PLACEMENT_3D ( 'NONE', #873, #477, #1621 ) ;
#1687 = DIRECTION ( 'NONE',  ( -0.7262662530249722748, -0.6874135070807577685, 0.000000000000000000 ) ) ;
#1688 = EDGE_CURVE ( 'NONE', #1029, #1575, #1205, .T. ) ;
#1689 = CARTESIAN_POINT ( 'NONE',  ( 16.47779555818882713, -16.61105437674623886, 14.09999999999999964 ) ) ;
#1690 = CARTESIAN_POINT ( 'NONE',  ( -6.865491027363329835, -15.53449109903831626, 12.19218607115149311 ) ) ;
#1691 = FACE_OUTER_BOUND ( 'NONE', #2088, .T. ) ;
#1692 = CARTESIAN_POINT ( 'NONE',  ( 5.318028168634377339E-20, -15.00000000000000888, 4.999999999999992006 ) ) ;
#1693 = DIRECTION ( 'NONE',  ( 0.000000000000000000, 0.000000000000000000, 1.000000000000000000 ) ) ;
#1694 = DIRECTION ( 'NONE',  ( -1.000000000000000000, 0.000000000000000000, 0.000000000000000000 ) ) ;
#1695 = ADVANCED_FACE ( 'NONE', ( #2333 ), #2312, .F. ) ;
#1696 = LINE ( 'NONE', #10, #626 ) ;
#1697 = AXIS2_PLACEMENT_3D ( 'NONE', #2092, #413, #389 ) ;
#1698 = FACE_OUTER_BOUND ( 'NONE', #1706, .T. ) ;
#1699 = AXIS2_PLACEMENT_3D ( 'NONE', #1988, #1050, #1187 ) ;
#1700 = CARTESIAN_POINT ( 'NONE',  ( 6.754998149518602446, 3.900000000000030997, -23.48087594184809390 ) ) ;
#1701 = CARTESIAN_POINT ( 'NONE',  ( 10.14485851892503732, -16.19405481134006664, 13.24999999999999822 ) ) ;
#1702 = DIRECTION ( 'NONE',  ( -0.000000000000000000, -0.000000000000000000, -1.000000000000000000 ) ) ;
#1703 = CARTESIAN_POINT ( 'NONE',  ( 0.000000000000000000, 0.000000000000000000, -16.00000000000000000 ) ) ;
#1704 = CARTESIAN_POINT ( 'NONE',  ( 2.879389145307556852, -15.08909307821691748, 4.863161167407678676 ) ) ;
#1705 = FACE_OUTER_BOUND ( 'NONE', #1201, .T. ) ;
#1706 = EDGE_LOOP ( 'NONE', ( #2177, #714, #2201, #441, #1655 ) ) ;
#1707 = EDGE_CURVE ( 'NONE', #848, #1861, #1199, .T. ) ;
#1708 = CARTESIAN_POINT ( 'NONE',  ( -5.992150055234718664, -13.41767521361811966, 13.38688393585947800 ) ) ;
#1709 = VERTEX_POINT ( 'NONE', #38 ) ;
#1710 = CARTESIAN_POINT ( 'NONE',  ( 0.000000000000000000, -4.053854842863084146E-14, 15.59999999999999964 ) ) ;
#1711 = VERTEX_POINT ( 'NONE', #225 ) ;
#1712 = EDGE_CURVE ( 'NONE', #2185, #1226, #909, .T. ) ;
#1713 = CARTESIAN_POINT ( 'NONE',  ( 6.146697294812327073, 22.57571674013159324, 14.09999999999999964 ) ) ;
#1714 = CARTESIAN_POINT ( 'NONE',  ( 16.11858428704209700, -18.06740847609200884, 0.000000000000000000 ) ) ;
#1715 = CARTESIAN_POINT ( 'NONE',  ( -16.47779555818969044, -16.61105437674636320, 0.000000000000000000 ) ) ;
#1716 = CARTESIAN_POINT ( 'NONE',  ( 0.000000000000000000, -7.799999999999999822, 2.000000000000000000 ) ) ;
#1717 = CARTESIAN_POINT ( 'NONE',  ( 7.083413677527627961, -15.55570187672367410, 4.141850044726544056 ) ) ;
#1718 = CARTESIAN_POINT ( 'NONE',  ( 0.000000000000000000, -4.053854842863084146E-14, 14.60000000000000142 ) ) ;
#1719 = EDGE_LOOP ( 'NONE', ( #1094, #1018, #1027, #752 ) ) ;
#1720 = DIRECTION ( 'NONE',  ( 0.5000000000000041078, -0.8660254037844362651, 0.000000000000000000 ) ) ;
#1721 = AXIS2_PLACEMENT_3D ( 'NONE', #860, #1793, #877 ) ;
#1722 = CIRCLE ( 'NONE', #1645, 1.499999999999999556 ) ;
#1723 = DIRECTION ( 'NONE',  ( 1.000000000000000000, 1.156482317317871764E-14, 0.000000000000000000 ) ) ;
#1724 = VERTEX_POINT ( 'NONE', #2299 ) ;
#1725 = ADVANCED_FACE ( 'NONE', ( #837 ), #1582, .T. ) ;
#1726 = CARTESIAN_POINT ( 'NONE',  ( 15.27796650462832062, -8.820738074117205230, 0.5770469812361000983 ) ) ;
#1727 = DIRECTION ( 'NONE',  ( -0.000000000000000000, 1.000000000000000000, -0.000000000000000000 ) ) ;
#1728 = CARTESIAN_POINT ( 'NONE',  ( 13.48820396992787352, -17.12485515373596812, 15.65801098479076892 ) ) ;
#1729 = DIRECTION ( 'NONE',  ( 0.1498200950274219123, -0.9887132744764652870, 0.000000000000000000 ) ) ;
#1730 = CARTESIAN_POINT ( 'NONE',  ( 7.629767206527020562, 22.80044688267272690, 15.59999999999999964 ) ) ;
#1731 = CARTESIAN_POINT ( 'NONE',  ( -6.754998149518656625, 3.899999999999936851, -23.48087594184809390 ) ) ;
#1732 = ORIENTED_EDGE ( 'NONE', *, *, #199, .T. ) ;
#1733 = DIRECTION ( 'NONE',  ( 0.4999999999999920064, 0.8660254037844432595, 0.000000000000000000 ) ) ;
#1734 = ORIENTED_EDGE ( 'NONE', *, *, #293, .T. ) ;
#1735 = CARTESIAN_POINT ( 'NONE',  ( -14.80523611038207576, -15.99390458005301952, 15.59999999999999964 ) ) ;
#1736 = ORIENTED_EDGE ( 'NONE', *, *, #1016, .T. ) ;
#1737 = TOROIDAL_SURFACE ( 'NONE', #1584, 6.775999999999998913, 1.500000000000000000 ) ;
#1738 =( BOUNDED_SURFACE ( )  B_SPLINE_SURFACE ( 3, 2, ( 
 ( #1601, #2009, #281 ),
 ( #1411, #2394, #1086 ),
 ( #308, #1795, #716 ),
 ( #1060, #2204, #1461 ),
 ( #2216, #1809, #1219 ),
 ( #879, #1072, #481 ) ),
 .UNSPECIFIED., .F., .F., .T. ) 
 B_SPLINE_SURFACE_WITH_KNOTS ( ( 4, 2, 4 ),
 ( 3, 3 ),
 ( 0.000000000000000000, 0.002285904447502925402, 0.004571808895005850804 ),
 ( 0.000000000000000000, 1.000000000000000000 ),
 .UNSPECIFIED. ) 
 GEOMETRIC_REPRESENTATION_ITEM ( )  RATIONAL_B_SPLINE_SURFACE ( (
 ( 1.000000000000000000, 0.7071067811865475727, 1.000000000000000000),
 ( 1.000000000000000000, 0.6936903029070550231, 1.000000000000000000),
 ( 1.000000000000000000, 0.6779932647252912004, 1.000000000000000000),
 ( 1.000000000000000000, 0.6415396523194608625, 1.000000000000000000),
 ( 1.000000000000000000, 0.6207803180370676799, 1.000000000000000000),
 ( 1.000000000000000000, 0.5972222662749416822, 1.000000000000000000) ) ) 
 REPRESENTATION_ITEM ( '' )  SURFACE ( )  );
#1739 = DIRECTION ( 'NONE',  ( -1.000000000000000000, 9.630221786776689439E-17, 0.000000000000000000 ) ) ;
#1740 = EDGE_CURVE ( 'NONE', #1724, #1288, #2322, .T. ) ;
#1741 = CARTESIAN_POINT ( 'NONE',  ( 20.54885197445458900, -4.289920834062752597, 15.60000000000000142 ) ) ;
#1742 = CARTESIAN_POINT ( 'NONE',  ( -17.08148506424426927, -9.862000000000010758, 14.09999999999999964 ) ) ;
#1743 = DIRECTION ( 'NONE',  ( 1.000000000000000000, 0.000000000000000000, 0.000000000000000000 ) ) ;
#1744 = ADVANCED_FACE ( 'NONE', ( #1934 ), #2138, .F. ) ;
#1745 = DIRECTION ( 'NONE',  ( 0.000000000000000000, 0.000000000000000000, 1.000000000000000000 ) ) ;
#1746 = DIRECTION ( 'NONE',  ( -0.000000000000000000, -0.000000000000000000, -1.000000000000000000 ) ) ;
#1747 = ORIENTED_EDGE ( 'NONE', *, *, #784, .T. ) ;
#1748 = DIRECTION ( 'NONE',  ( 0.9071276999427441146, -0.4208554811293148123, 1.156482317317871528E-15 ) ) ;
#1749 = CARTESIAN_POINT ( 'NONE',  ( 0.000000000000000000, -4.053854842863084146E-14, 50.60000000000000142 ) ) ;
#1750 = EDGE_CURVE ( 'NONE', #1993, #327, #1207, .T. ) ;
#1751 = CARTESIAN_POINT ( 'NONE',  ( 7.813406703833848610, 21.58854798037785372, 0.8979269163658264441 ) ) ;
#1752 = APPLICATION_PROTOCOL_DEFINITION ( 'draft international standard', 'automotive_design', 1998, #1386 ) ;
#1753 = CARTESIAN_POINT ( 'NONE',  ( 8.513449530324905368, -13.82042321564241760, 13.99966169486834033 ) ) ;
#1754 = CARTESIAN_POINT ( 'NONE',  ( -23.56064982129541718, -4.792651215521977370, 14.09999999999999964 ) ) ;
#1755 = ORIENTED_EDGE ( 'NONE', *, *, #1888, .F. ) ;
#1756 =( BOUNDED_SURFACE ( )  B_SPLINE_SURFACE ( 3, 2, ( 
 ( #461, #2120, #659 ),
 ( #437, #1948, #472 ),
 ( #1221, #1937, #59 ),
 ( #1975, #251, #999 ),
 ( #1573, #695, #731 ),
 ( #160, #334, #2387 ) ),
 .UNSPECIFIED., .F., .F., .F. ) 
 B_SPLINE_SURFACE_WITH_KNOTS ( ( 4, 2, 4 ),
 ( 3, 3 ),
 ( -8.673617379884035472E-19, 0.002285904447502930172, 0.004571808895005861212 ),
 ( 0.000000000000000000, 1.000000000000000000 ),
 .UNSPECIFIED. ) 
 GEOMETRIC_REPRESENTATION_ITEM ( )  RATIONAL_B_SPLINE_SURFACE ( (
 ( 1.000000000000000000, 0.5972222662749406830, 1.000000000000000000),
 ( 1.000000000000000000, 0.6207803180369394491, 1.000000000000000000),
 ( 1.000000000000000000, 0.6415396523196302825, 1.000000000000000000),
 ( 1.000000000000000000, 0.6779932647251224465, 1.000000000000000000),
 ( 1.000000000000000000, 0.6936903029071819216, 1.000000000000000000),
 ( 1.000000000000000000, 0.7071067811865475727, 1.000000000000000000) ) ) 
 REPRESENTATION_ITEM ( '' )  SURFACE ( )  );
#1757 = CARTESIAN_POINT ( 'NONE',  ( -8.663376921179752443, 17.82371056961484257, 2.782658149052070318 ) ) ;
#1758 = VERTEX_POINT ( 'NONE', #117 ) ;
#1759 = AXIS2_PLACEMENT_3D ( 'NONE', #2381, #705, #2022 ) ;
#1760 = EDGE_CURVE ( 'NONE', #1241, #2185, #146, .T. ) ;
#1761 = CARTESIAN_POINT ( 'NONE',  ( 10.49313516921104750, -14.73504714348305455, 13.24999999999999822 ) ) ;
#1762 = CARTESIAN_POINT ( 'NONE',  ( -16.47779555818981478, -16.61105437674641294, 14.09999999999999964 ) ) ;
#1763 = VECTOR ( 'NONE', #124, 1000.000000000000000 ) ;
#1764 = CARTESIAN_POINT ( 'NONE',  ( 11.63295700729943505, 10.02776806711992741, 4.864349658396116105 ) ) ;
#1765 = CARTESIAN_POINT ( 'NONE',  ( -1.066854937725736363E-13, 15.60000000000006182, 2.000000000000000000 ) ) ;
#1766 = EDGE_LOOP ( 'NONE', ( #2349, #697, #2426, #1465 ) ) ;
#1767 = CARTESIAN_POINT ( 'NONE',  ( -2.706168622523819067E-13, -58.69310364588419304, 14.09999999999999964 ) ) ;
#1768 = VERTEX_POINT ( 'NONE', #294 ) ;
#1769 = AXIS2_PLACEMENT_3D ( 'NONE', #637, #651, #1418 ) ;
#1770 = CARTESIAN_POINT ( 'NONE',  ( 17.08148506424427993, -9.861999999999985889, 14.09999999999999964 ) ) ;
#1771 = ORIENTED_EDGE ( 'NONE', *, *, #947, .T. ) ;
#1772 = DIRECTION ( 'NONE',  ( -0.4999999999999920064, -0.8660254037844432595, 0.000000000000000000 ) ) ;
#1773 = DIRECTION ( 'NONE',  ( -0.000000000000000000, -0.000000000000000000, -1.000000000000000000 ) ) ;
#1774 = CIRCLE ( 'NONE', #1025, 1.499999999999999556 ) ;
#1775 = CARTESIAN_POINT ( 'NONE',  ( 9.932691710506890814, 13.90483618824242917, 4.143911978496283233 ) ) ;
#1776 = DIRECTION ( 'NONE',  ( 0.8660254037844432595, -0.4999999999999919509, -0.000000000000000000 ) ) ;
#1777 = CARTESIAN_POINT ( 'NONE',  ( 9.280021444866022762, 10.36706151219774164, 13.08797904039134608 ) ) ;
#1778 = ORIENTED_EDGE ( 'NONE', *, *, #1059, .T. ) ;
#1779 = LINE ( 'NONE', #1952, #1958 ) ;
#1780 = ORIENTED_EDGE ( 'NONE', *, *, #2039, .T. ) ;
#1781 = ADVANCED_FACE ( 'NONE', ( #331 ), #1738, .T. ) ;
#1782 = CARTESIAN_POINT ( 'NONE',  ( -9.798130005207305260, -16.09013608974698428, 3.299574030206184005 ) ) ;
#1783 = ORIENTED_EDGE ( 'NONE', *, *, #2067, .F. ) ;
#1784 = AXIS2_PLACEMENT_3D ( 'NONE', #2155, #485, #623 ) ;
#1785 = DIRECTION ( 'NONE',  ( -1.000000000000000000, 0.000000000000000000, 0.000000000000000000 ) ) ;
#1786 = EDGE_CURVE ( 'NONE', #1051, #1596, #2142, .T. ) ;
#1787 = DIRECTION ( 'NONE',  ( 0.000000000000000000, 0.000000000000000000, 1.000000000000000000 ) ) ;
#1788 = CARTESIAN_POINT ( 'NONE',  ( 9.035158673013144792, 16.53139867046106204, 3.299190039461220803 ) ) ;
#1789 = CARTESIAN_POINT ( 'NONE',  ( 6.868988063213769202, -13.52340375747224677, 13.54701092373943894 ) ) ;
#1790 = ORIENTED_EDGE ( 'NONE', *, *, #1300, .F. ) ;
#1791 = FACE_OUTER_BOUND ( 'NONE', #97, .T. ) ;
#1792 = ORIENTED_EDGE ( 'NONE', *, *, #255, .T. ) ;
#1793 = DIRECTION ( 'NONE',  ( -9.630221786776690671E-17, -1.000000000000000000, 0.000000000000000000 ) ) ;
#1794 = ORIENTED_EDGE ( 'NONE', *, *, #1994, .F. ) ;
#1795 = CARTESIAN_POINT ( 'NONE',  ( -12.67814048281119454, -16.87146434062765366, 15.62971774664478097 ) ) ;
#1796 = CARTESIAN_POINT ( 'NONE',  ( 9.473232249229363688, -16.03373231776656382, 15.14248214374213930 ) ) ;
#1797 = CARTESIAN_POINT ( 'NONE',  ( 0.000000000000000000, 0.000000000000000000, -16.00000000000000000 ) ) ;
#1798 = CARTESIAN_POINT ( 'NONE',  ( 13.07882892657970508, 3.575947140876260200, 12.92798988031006502 ) ) ;
#1799 = CARTESIAN_POINT ( 'NONE',  ( 3.478519992577854048, -13.14245561056750944, 12.97104858416515505 ) ) ;
#1800 = ORIENTED_EDGE ( 'NONE', *, *, #1451, .T. ) ;
#1801 = CIRCLE ( 'NONE', #939, 45.19310364588418594 ) ;
#1802 = CARTESIAN_POINT ( 'NONE',  ( -14.31383692833905918, -17.41112963059632079, 14.10000000000000142 ) ) ;
#1803 = DIRECTION ( 'NONE',  ( 0.000000000000000000, 0.000000000000000000, 1.000000000000000000 ) ) ;
#1804 = ORIENTED_EDGE ( 'NONE', *, *, #814, .F. ) ;
#1805 = CARTESIAN_POINT ( 'NONE',  ( -50.82971878428847390, 29.34655182294255837, 14.09999999999999964 ) ) ;
#1806 = ORIENTED_EDGE ( 'NONE', *, *, #643, .F. ) ;
#1807 = AXIS2_PLACEMENT_3D ( 'NONE', #1214, #256, #1002 ) ;
#1808 = AXIS2_PLACEMENT_3D ( 'NONE', #189, #2254, #580 ) ;
#1809 = CARTESIAN_POINT ( 'NONE',  ( -10.25510552423567923, -16.20939764843209829, 15.31682349245698305 ) ) ;
#1810 = CARTESIAN_POINT ( 'NONE',  ( -9.186830853595406410, 16.09382789989903628, 12.93936984553590719 ) ) ;
#1811 = CYLINDRICAL_SURFACE ( 'NONE', #113, 1.500000000000001332 ) ;
#1812 = CARTESIAN_POINT ( 'NONE',  ( 1.953814564322491206E-15, -13.01204819277109337, 12.77558193667740838 ) ) ;
#1813 = VERTEX_POINT ( 'NONE', #670 ) ;
#1814 = FACE_OUTER_BOUND ( 'NONE', #2040, .T. ) ;
#1815 = VERTEX_POINT ( 'NONE', #1972 ) ;
#1816 = EDGE_CURVE ( 'NONE', #923, #1029, #2072, .T. ) ;
#1817 = ORIENTED_EDGE ( 'NONE', *, *, #1156, .T. ) ;
#1818 = AXIS2_PLACEMENT_3D ( 'NONE', #1132, #1873, #1694 ) ;
#1819 = CARTESIAN_POINT ( 'NONE',  ( -16.11858428704209700, -9.306068977079529958, 0.000000000000000000 ) ) ;
#1820 = CARTESIAN_POINT ( 'NONE',  ( -7.629767206526721246, 22.80044688267335928, 0.1277511577816395905 ) ) ;
#1821 = LINE ( 'NONE', #535, #911 ) ;
#1822 = CARTESIAN_POINT ( 'NONE',  ( 10.83775175884155573, 7.265721058874292204, 12.78542046756754047 ) ) ;
#1823 = CARTESIAN_POINT ( 'NONE',  ( 16.23623770751037299, -0.4400756559713301375, 14.03562922388713652 ) ) ;
#1824 = ORIENTED_EDGE ( 'NONE', *, *, #1424, .T. ) ;
#1825 = ADVANCED_FACE ( 'NONE', ( #143 ), #1229, .F. ) ;
#1826 = CARTESIAN_POINT ( 'NONE',  ( 12.55735524251732471, 8.263268084093764898, 11.36740749794684824 ) ) ;
#1827 = ORIENTED_EDGE ( 'NONE', *, *, #435, .F. ) ;
#1828 = ORIENTED_EDGE ( 'NONE', *, *, #386, .F. ) ;
#1829 = ORIENTED_EDGE ( 'NONE', *, *, #224, .F. ) ;
#1830 = CARTESIAN_POINT ( 'NONE',  ( -1.094232828847234385E-13, 16.63646527064427616, 1.108164978114394517 ) ) ;
#1831 = CARTESIAN_POINT ( 'NONE',  ( 0.8734231343710892048, -13.01862887247273015, 12.78542046755677575 ) ) ;
#1832 = CARTESIAN_POINT ( 'NONE',  ( 7.091397582406963274, 16.63680955683152973, 14.91173822923006753 ) ) ;
#1833 = CARTESIAN_POINT ( 'NONE',  ( 7.242754282035736679, 15.86009175288883100, 14.60000000000000142 ) ) ;
#1834 = CARTESIAN_POINT ( 'NONE',  ( 14.61612262233564863, 1.519483435684610750, 13.38688393585789171 ) ) ;
#1835 = ORIENTED_EDGE ( 'NONE', *, *, #1124, .F. ) ;
#1836 = AXIS2_PLACEMENT_3D ( 'NONE', #1672, #186, #383 ) ;
#1837 = CARTESIAN_POINT ( 'NONE',  ( 0.000000000000000000, -4.053854842863084146E-14, 50.60000000000000142 ) ) ;
#1838 = CIRCLE ( 'NONE', #1490, 1.500000000000000888 ) ;
#1839 = ORIENTED_EDGE ( 'NONE', *, *, #1325, .F. ) ;
#1840 = ORIENTED_EDGE ( 'NONE', *, *, #2361, .T. ) ;
#1841 = AXIS2_PLACEMENT_3D ( 'NONE', #944, #2069, #402 ) ;
#1842 = ORIENTED_EDGE ( 'NONE', *, *, #2275, .T. ) ;
#1843 = DIRECTION ( 'NONE',  ( -0.000000000000000000, -0.000000000000000000, -1.000000000000000000 ) ) ;
#1844 = AXIS2_PLACEMENT_3D ( 'NONE', #2218, #881, #1074 ) ;
#1845 = CARTESIAN_POINT ( 'NONE',  ( -22.62449285300134605, -5.964662363384680255, 15.59999999999999964 ) ) ;
#1846 = CARTESIAN_POINT ( 'NONE',  ( -12.12428161803644855, 8.999642902135477129, 11.35679086005460015 ) ) ;
#1847 = CARTESIAN_POINT ( 'NONE',  ( 10.99554383561570781, 11.37286931893939723, 11.68127825442432943 ) ) ;
#1848 = VERTEX_POINT ( 'NONE', #1819 ) ;
#1849 = DIRECTION ( 'NONE',  ( 1.000000000000000000, 0.000000000000000000, 0.000000000000000000 ) ) ;
#1850 = DIRECTION ( 'NONE',  ( 1.000000000000000000, 0.000000000000000000, 0.000000000000000000 ) ) ;
#1851 = ORIENTED_EDGE ( 'NONE', *, *, #2157, .F. ) ;
#1852 = ORIENTED_EDGE ( 'NONE', *, *, #957, .F. ) ;
#1853 = CIRCLE ( 'NONE', #520, 8.275999999999998025 ) ;
#1854 = EDGE_CURVE ( 'NONE', #2189, #24, #1329, .T. ) ;
#1855 = CARTESIAN_POINT ( 'NONE',  ( 17.08148506424427993, -9.861999999999985889, 15.59999999999999964 ) ) ;
#1856 = CARTESIAN_POINT ( 'NONE',  ( 0.000000000000000000, 0.000000000000000000, 0.000000000000000000 ) ) ;
#1857 = FACE_OUTER_BOUND ( 'NONE', #443, .T. ) ;
#1858 = AXIS2_PLACEMENT_3D ( 'NONE', #1210, #298, #1196 ) ;
#1859 = DIRECTION ( 'NONE',  ( -0.4208554811292202213, 0.9071276999427879684, 0.000000000000000000 ) ) ;
#1860 = PLANE ( 'NONE',  #63 ) ;
#1861 = VERTEX_POINT ( 'NONE', #1435 ) ;
#1862 = ORIENTED_EDGE ( 'NONE', *, *, #174, .T. ) ;
#1863 = EDGE_CURVE ( 'NONE', #2328, #9, #266, .T. ) ;
#1864 = ORIENTED_EDGE ( 'NONE', *, *, #1917, .T. ) ;
#1865 = B_SPLINE_CURVE_WITH_KNOTS ( 'NONE', 3,
 ( #806, #1557, #2129, #82, #829, #1585 ),
 .UNSPECIFIED., .F., .F.,
 ( 4, 2, 4 ),
 ( 0.000000000000000000, 0.002560188084791266156, 0.005120376169582532312 ),
 .UNSPECIFIED. ) ;
#1866 = AXIS2_PLACEMENT_3D ( 'NONE', #1493, #1868, #190 ) ;
#1867 = DIRECTION ( 'NONE',  ( 1.000000000000000000, 8.384357061270214723E-16, 0.000000000000000000 ) ) ;
#1868 = DIRECTION ( 'NONE',  ( -0.1886989001490002593, 0.9820349917811268536, 0.000000000000000000 ) ) ;
#1869 = CARTESIAN_POINT ( 'NONE',  ( 0.000000000000000000, -7.799999999999999822, -23.48087594184809390 ) ) ;
#1870 = VECTOR ( 'NONE', #1872, 1000.000000000000000 ) ;
#1871 = CARTESIAN_POINT ( 'NONE',  ( -11.71117489321745353, 5.752907813629184020, 12.78542046756754225 ) ) ;
#1872 = DIRECTION ( 'NONE',  ( 0.4999999999999920064, 0.8660254037844432595, 0.000000000000000000 ) ) ;
#1873 = DIRECTION ( 'NONE',  ( 0.000000000000000000, 0.000000000000000000, 1.000000000000000000 ) ) ;
#1874 = PRODUCT_RELATED_PRODUCT_CATEGORY ( 'part', '', ( #1639 ) ) ;
#1875 = AXIS2_PLACEMENT_3D ( 'NONE', #1491, #959, #2240 ) ;
#1876 = AXIS2_PLACEMENT_3D ( 'NONE', #1356, #1368, #444 ) ;
#1877 = AXIS2_PLACEMENT_3D ( 'NONE', #885, #872, #2212 ) ;
#1878 = PLANE ( 'NONE',  #2004 ) ;
#1879 =( GEOMETRIC_REPRESENTATION_CONTEXT ( 3 ) GLOBAL_UNCERTAINTY_ASSIGNED_CONTEXT ( ( #2116 ) ) GLOBAL_UNIT_ASSIGNED_CONTEXT ( ( #242, #252, #1949 ) ) REPRESENTATION_CONTEXT ( 'NONE', 'WORKASPACE' ) );
#1880 = CARTESIAN_POINT ( 'NONE',  ( 0.000000000000000000, 0.000000000000000000, 2.000000000000000000 ) ) ;
#1881 = DIRECTION ( 'NONE',  ( -0.000000000000000000, -0.000000000000000000, -1.000000000000000000 ) ) ;
#1882 = CARTESIAN_POINT ( 'NONE',  ( -1.733779902113423921, -14.99974726372950151, 11.35677528017995463 ) ) ;
#1883 = CARTESIAN_POINT ( 'NONE',  ( 17.08148506424427993, -9.861999999999985889, 14.09999999999999964 ) ) ;
#1884 = ADVANCED_FACE ( 'NONE', ( #1044 ), #2384, .T. ) ;
#1885 = DIRECTION ( 'NONE',  ( -0.9071276999427878573, -0.4208554811292198883, 0.000000000000000000 ) ) ;
#1886 = CARTESIAN_POINT ( 'NONE',  ( 14.79045472802388694, -17.56124570361462034, 0.8973013191563097291 ) ) ;
#1887 = DIRECTION ( 'NONE',  ( 0.000000000000000000, 0.000000000000000000, 1.000000000000000000 ) ) ;
#1888 = EDGE_CURVE ( 'NONE', #635, #183, #1613, .T. ) ;
#1889 = DIRECTION ( 'NONE',  ( 0.000000000000000000, 0.000000000000000000, 1.000000000000000000 ) ) ;
#1890 = ORIENTED_EDGE ( 'NONE', *, *, #1527, .T. ) ;
#1891 = CARTESIAN_POINT ( 'NONE',  ( 16.47779555818899766, -16.61105437674630636, 15.59999999999999964 ) ) ;
#1892 = ORIENTED_EDGE ( 'NONE', *, *, #1707, .T. ) ;
#1893 =( BOUNDED_SURFACE ( )  B_SPLINE_SURFACE ( 3, 2, ( 
 ( #1640, #2346, #2011 ),
 ( #851, #1452, #1832 ),
 ( #1425, #344, #891 ),
 ( #150, #1604, #2208 ),
 ( #2386, #1245, #523 ),
 ( #672, #2182, #2024 ) ),
 .UNSPECIFIED., .F., .F., .F. ) 
 B_SPLINE_SURFACE_WITH_KNOTS ( ( 4, 2, 4 ),
 ( 3, 3 ),
 ( 0.000000000000000000, 0.002285904447502933642, 0.004571808895005867283 ),
 ( 0.000000000000000000, 1.000000000000000000 ),
 .UNSPECIFIED. ) 
 GEOMETRIC_REPRESENTATION_ITEM ( )  RATIONAL_B_SPLINE_SURFACE ( (
 ( 1.000000000000000000, 0.5972222662749410160, 1.000000000000000000),
 ( 1.000000000000000000, 0.6207803180370969898, 1.000000000000000000),
 ( 1.000000000000000000, 0.6415396523194186740, 1.000000000000000000),
 ( 1.000000000000000000, 0.6779932647253338329, 1.000000000000000000),
 ( 1.000000000000000000, 0.6936903029070230486, 1.000000000000000000),
 ( 1.000000000000000000, 0.7071067811865475727, 1.000000000000000000) ) ) 
 REPRESENTATION_ITEM ( '' )  SURFACE ( )  );
#1894 = DIRECTION ( 'NONE',  ( 1.000000000000000000, 0.000000000000000000, 0.000000000000000000 ) ) ;
#1895 = CARTESIAN_POINT ( 'NONE',  ( -8.063556119776707831, 20.36273981454488435, 14.10000000000000320 ) ) ;
#1896 = CARTESIAN_POINT ( 'NONE',  ( 13.98960640974822667, -15.65086741145639238, 15.60000000000000142 ) ) ;
#1897 = CARTESIAN_POINT ( 'NONE',  ( -15.14737001624722978, 0.8114897527883623285, 13.54754284088660476 ) ) ;
#1898 = CIRCLE ( 'NONE', #925, 1.500000000000000000 ) ;
#1899 = LINE ( 'NONE', #782, #1870 ) ;
#1900 = CARTESIAN_POINT ( 'NONE',  ( -16.11858428704211477, -18.06740847609189871, 0.000000000000000000 ) ) ;
#1901 = ORIENTED_EDGE ( 'NONE', *, *, #675, .T. ) ;
#1902 = CYLINDRICAL_SURFACE ( 'NONE', #1056, 28.48087594184809390 ) ;
#1903 = CARTESIAN_POINT ( 'NONE',  ( -1.731526373945605046, -13.01204819277107916, 12.77558193667740483 ) ) ;
#1904 = EDGE_LOOP ( 'NONE', ( #1038, #1237, #2050, #264, #914, #2052, #1612, #299, #2097, #1460 ) ) ;
#1905 = AXIS2_PLACEMENT_3D ( 'NONE', #952, #1530, #2263 ) ;
#1906 = CARTESIAN_POINT ( 'NONE',  ( -6.754998149518655737, 3.899999999999936851, 2.000000000000000000 ) ) ;
#1907 = CARTESIAN_POINT ( 'NONE',  ( -6.557469020854330033, 19.95487204073354448, 15.60000000000000142 ) ) ;
#1908 = PLANE ( 'NONE',  #355 ) ;
#1909 = EDGE_CURVE ( 'NONE', #1069, #628, #1250, .T. ) ;
#1910 = LINE ( 'NONE', #392, #1173 ) ;
#1911 = CARTESIAN_POINT ( 'NONE',  ( 13.59852892777673361, -17.14968797479034635, 1.582110524338093072 ) ) ;
#1912 = CARTESIAN_POINT ( 'NONE',  ( 0.000000000000000000, 0.000000000000000000, -16.00000000000000000 ) ) ;
#1913 = VERTEX_POINT ( 'NONE', #1257 ) ;
#1914 = DIRECTION ( 'NONE',  ( 1.000000000000000000, 0.000000000000000000, 0.000000000000000000 ) ) ;
#1915 = ORIENTED_EDGE ( 'NONE', *, *, #729, .T. ) ;
#1916 = AXIS2_PLACEMENT_3D ( 'NONE', #545, #753, #1147 ) ;
#1917 = EDGE_CURVE ( 'NONE', #162, #327, #582, .T. ) ;
#1918 = AXIS2_PLACEMENT_3D ( 'NONE', #1165, #1859, #1885 ) ;
#1919 = CARTESIAN_POINT ( 'NONE',  ( -18.83419054521372260, -0.4410223971772202489, 3.299190039461524115 ) ) ;
#1920 = AXIS2_PLACEMENT_3D ( 'NONE', #2363, #1609, #2350 ) ;
#1921 = DIRECTION ( 'NONE',  ( 0.4999999999999920064, 0.8660254037844432595, 0.000000000000000000 ) ) ;
#1922 = ADVANCED_FACE ( 'NONE', ( #1525 ), #172, .T. ) ;
#1923 = DIRECTION ( 'NONE',  ( -1.000000000000000000, 0.000000000000000000, 0.000000000000000000 ) ) ;
#1924 = DIRECTION ( 'NONE',  ( 0.000000000000000000, 0.000000000000000000, 1.000000000000000000 ) ) ;
#1925 = CARTESIAN_POINT ( 'NONE',  ( -6.448509616839069203, 20.81866287064405086, 14.09999999999999964 ) ) ;
#1926 = CARTESIAN_POINT ( 'NONE',  ( 6.754998149518604222, 3.900000000000031442, 2.000000000000000000 ) ) ;
#1927 = CARTESIAN_POINT ( 'NONE',  ( -2.706168622523819067E-13, -58.69310364588419304, 14.09999999999999964 ) ) ;
#1928 = ORIENTED_EDGE ( 'NONE', *, *, #712, .T. ) ;
#1929 = LINE ( 'NONE', #1363, #454 ) ;
#1930 = DIRECTION ( 'NONE',  ( -0.000000000000000000, -0.000000000000000000, -1.000000000000000000 ) ) ;
#1931 = ORIENTED_EDGE ( 'NONE', *, *, #255, .F. ) ;
#1932 = EDGE_CURVE ( 'NONE', #183, #1069, #388, .T. ) ;
#1933 = AXIS2_PLACEMENT_3D ( 'NONE', #1715, #2244, #778 ) ;
#1934 = FACE_OUTER_BOUND ( 'NONE', #2281, .T. ) ;
#1935 = CARTESIAN_POINT ( 'NONE',  ( 3.000000000000000444, 0.000000000000000000, -16.00000000000000000 ) ) ;
#1936 = ADVANCED_FACE ( 'NONE', ( #949 ), #2403, .T. ) ;
#1937 = CARTESIAN_POINT ( 'NONE',  ( -19.74899534228484654, -1.378021385897900242, 15.46336778086343067 ) ) ;
#1938 = CARTESIAN_POINT ( 'NONE',  ( 9.149003380050658052, 16.22092594266586474, 15.14248214374215351 ) ) ;
#1939 = ORIENTED_EDGE ( 'NONE', *, *, #533, .T. ) ;
#1940 = CARTESIAN_POINT ( 'NONE',  ( 20.56016062697032609, -4.298501263777281700, 15.60000000000000142 ) ) ;
#1941 = ORIENTED_EDGE ( 'NONE', *, *, #22, .T. ) ;
#1942 = ADVANCED_FACE ( 'NONE', ( #728 ), #2043, .F. ) ;
#1943 = CARTESIAN_POINT ( 'NONE',  ( -14.90147046113174945, 4.471885245558219424, 4.783339098383999399 ) ) ;
#1944 = ORIENTED_EDGE ( 'NONE', *, *, #1545, .T. ) ;
#1945 = DIRECTION ( 'NONE',  ( 0.000000000000000000, 0.3557728295082902004, -0.9345724657744123309 ) ) ;
#1946 = SPHERICAL_SURFACE ( 'NONE', #2227, 40.00000000000000711 ) ;
#1947 = EDGE_CURVE ( 'NONE', #9, #1661, #2417, .T. ) ;
#1948 = CARTESIAN_POINT ( 'NONE',  ( -19.16530290570043960, -0.7764830782670713027, 15.31682349245116548 ) ) ;
#1949 =( NAMED_UNIT ( * ) SI_UNIT ( $, .STERADIAN. ) SOLID_ANGLE_UNIT ( ) );
#1950 = CARTESIAN_POINT ( 'NONE',  ( 0.8678194897587520051, -13.01851440691314821, 12.78524926006642737 ) ) ;
#1951 = EDGE_LOOP ( 'NONE', ( #799, #377, #1410 ) ) ;
#1952 = CARTESIAN_POINT ( 'NONE',  ( 6.754998149518604222, 3.900000000000031442, 2.000000000000000000 ) ) ;
#1953 = ORIENTED_EDGE ( 'NONE', *, *, #173, .T. ) ;
#1954 = VECTOR ( 'NONE', #1776, 1000.000000000000114 ) ;
#1955 = DIRECTION ( 'NONE',  ( 1.000000000000000000, 0.000000000000000000, 0.000000000000000000 ) ) ;
#1956 = ORIENTED_EDGE ( 'NONE', *, *, #2015, .F. ) ;
#1957 = CIRCLE ( 'NONE', #147, 1.499999999999999556 ) ;
#1958 = VECTOR ( 'NONE', #64, 999.9999999999998863 ) ;
#1959 = CARTESIAN_POINT ( 'NONE',  ( -6.754998149518655737, 3.899999999999936851, 2.000000000000000000 ) ) ;
#1960 = CARTESIAN_POINT ( 'NONE',  ( 21.25374572722124356, -4.824758290590957621, 15.60000000000000142 ) ) ;
#1961 = CIRCLE ( 'NONE', #1918, 1.499999999999999778 ) ;
#1962 = DIRECTION ( 'NONE',  ( 1.000000000000000000, 0.000000000000000000, 0.000000000000000000 ) ) ;
#1963 = FACE_OUTER_BOUND ( 'NONE', #1469, .T. ) ;
#1964 = ORIENTED_EDGE ( 'NONE', *, *, #1318, .T. ) ;
#1965 = EDGE_CURVE ( 'NONE', #24, #1226, #209, .T. ) ;
#1966 = CARTESIAN_POINT ( 'NONE',  ( 20.07904028091923365, -1.701889518593902473, 13.72530323526759588 ) ) ;
#1967 = EDGE_LOOP ( 'NONE', ( #1265, #2136, #439, #1302, #1734 ) ) ;
#1968 = AXIS2_PLACEMENT_3D ( 'NONE', #2357, #1628, #1437 ) ;
#1969 = ADVANCED_FACE ( 'NONE', ( #1698 ), #576, .T. ) ;
#1970 = DIRECTION ( 'NONE',  ( -0.8660254037844432595, 0.4999999999999920064, 0.000000000000000000 ) ) ;
#1971 = ORIENTED_EDGE ( 'NONE', *, *, #823, .T. ) ;
#1972 = CARTESIAN_POINT ( 'NONE',  ( -21.25374572722128264, -4.824758290590770216, 15.59999999999999964 ) ) ;
#1973 = CYLINDRICAL_SURFACE ( 'NONE', #1164, 8.275999999999998025 ) ;
#1974 = AXIS2_PLACEMENT_3D ( 'NONE', #2028, #2048, #1481 ) ;
#1975 = CARTESIAN_POINT ( 'NONE',  ( -21.12486397783549208, -2.703903080343139642, 14.01819739916663288 ) ) ;
#1976 = DIRECTION ( 'NONE',  ( 1.000000000000000000, 0.000000000000000000, 0.000000000000000000 ) ) ;
#1977 = EDGE_LOOP ( 'NONE', ( #2019, #1842, #738, #1780 ) ) ;
#1978 = DIRECTION ( 'NONE',  ( -1.000000000000000000, 0.000000000000000000, 0.000000000000000000 ) ) ;
#1979 = ORIENTED_EDGE ( 'NONE', *, *, #165, .T. ) ;
#1980 = CARTESIAN_POINT ( 'NONE',  ( 5.318028168634377339E-20, -15.00000000000000888, 4.999999999999992006 ) ) ;
#1981 = ORIENTED_EDGE ( 'NONE', *, *, #1760, .F. ) ;
#1982 = EDGE_CURVE ( 'NONE', #44, #61, #1566, .T. ) ;
#1983 = AXIS2_PLACEMENT_3D ( 'NONE', #1167, #807, #1351 ) ;
#1984 = CARTESIAN_POINT ( 'NONE',  ( 16.47779555818899766, -16.61105437674630636, 0.000000000000000000 ) ) ;
#1985 = DIRECTION ( 'NONE',  ( -0.5000000000000039968, 0.8660254037844363761, 0.000000000000000000 ) ) ;
#1986 = FACE_OUTER_BOUND ( 'NONE', #2042, .T. ) ;
#1987 = CARTESIAN_POINT ( 'NONE',  ( -11.46714092364905646, 10.31222266960337031, 13.59712873492151353 ) ) ;
#1988 = CARTESIAN_POINT ( 'NONE',  ( 0.000000000000000000, -7.799999999999999822, -23.48087594184809390 ) ) ;
#1989 = ORIENTED_EDGE ( 'NONE', *, *, #380, .F. ) ;
#1990 = DIRECTION ( 'NONE',  ( 0.000000000000000000, 0.000000000000000000, 1.000000000000000000 ) ) ;
#1991 = ORIENTED_EDGE ( 'NONE', *, *, #986, .T. ) ;
#1992 = CARTESIAN_POINT ( 'NONE',  ( -13.11670498909958482, -7.118799469012896175, 1.999999999999998224 ) ) ;
#1993 = VERTEX_POINT ( 'NONE', #342 ) ;
#1994 = EDGE_CURVE ( 'NONE', #2410, #668, #1446, .T. ) ;
#1995 = AXIS2_PLACEMENT_3D ( 'NONE', #222, #247, #972 ) ;
#1996 = DIRECTION ( 'NONE',  ( 1.000000000000000000, 0.000000000000000000, 0.000000000000000000 ) ) ;
#1997 = CARTESIAN_POINT ( 'NONE',  ( -15.35037581653297600, 3.831241843854723772, 11.68218437571299617 ) ) ;
#1998 = AXIS2_PLACEMENT_3D ( 'NONE', #1984, #2369, #904 ) ;
#1999 = ADVANCED_FACE ( 'NONE', ( #1123 ), #2252, .T. ) ;
#2000 = CARTESIAN_POINT ( 'NONE',  ( -7.921562104510764257, 21.10171122086756768, 14.10000000000000142 ) ) ;
#2001 = CARTESIAN_POINT ( 'NONE',  ( -10.49902773440920356, 12.51396537849819346, 14.01968792470116476 ) ) ;
#2002 = CARTESIAN_POINT ( 'NONE',  ( 16.57873801943356895, 2.202181707033313174, 14.19637716834007968 ) ) ;
#2003 = EDGE_LOOP ( 'NONE', ( #1618, #1829, #2374, #348, #1852 ) ) ;
#2004 = AXIS2_PLACEMENT_3D ( 'NONE', #771, #1889, #948 ) ;
#2005 = CARTESIAN_POINT ( 'NONE',  ( 13.11670498909967719, -7.118799469012702552, 2.000000000000000000 ) ) ;
#2006 = EDGE_LOOP ( 'NONE', ( #335, #1536, #1385, #1806, #2392 ) ) ;
#2007 = LINE ( 'NONE', #304, #935 ) ;
#2008 = ORIENTED_EDGE ( 'NONE', *, *, #1863, .F. ) ;
#2009 = CARTESIAN_POINT ( 'NONE',  ( -14.31383692833905918, -17.41112963059631724, 15.60000000000000142 ) ) ;
#2010 = CARTESIAN_POINT ( 'NONE',  ( 18.62223562928003417, -0.1871936248993979202, 15.14248214374214108 ) ) ;
#2011 = CARTESIAN_POINT ( 'NONE',  ( 7.242754282035735791, 15.86009175288883100, 14.59999999999999787 ) ) ;
#2012 = CARTESIAN_POINT ( 'NONE',  ( -8.623972567098572739, 11.89819177792826466, 13.38688393585731617 ) ) ;
#2013 = CARTESIAN_POINT ( 'NONE',  ( 13.07882892656834706, 3.575947140878092512, 12.92798988030587992 ) ) ;
#2014 = ORIENTED_EDGE ( 'NONE', *, *, #712, .F. ) ;
#2015 = EDGE_CURVE ( 'NONE', #1815, #491, #228, .T. ) ;
#2016 = CIRCLE ( 'NONE', #950, 28.48087594184808680 ) ;
#2017 = DIRECTION ( 'NONE',  ( 1.000000000000000000, 0.000000000000000000, 0.000000000000000000 ) ) ;
#2018 = ORIENTED_EDGE ( 'NONE', *, *, #116, .F. ) ;
#2019 = ORIENTED_EDGE ( 'NONE', *, *, #561, .F. ) ;
#2020 = EDGE_CURVE ( 'NONE', #2189, #1399, #1095, .T. ) ;
#2021 = AXIS2_PLACEMENT_3D ( 'NONE', #1324, #1887, #2071 ) ;
#2022 = DIRECTION ( 'NONE',  ( 1.000000000000000000, 0.000000000000000000, 0.000000000000000000 ) ) ;
#2023 = CARTESIAN_POINT ( 'NONE',  ( 6.404433408875584988, -15.44042979298698803, 14.16628264099018075 ) ) ;
#2024 = CARTESIAN_POINT ( 'NONE',  ( 6.448509616839282366, 20.81866287064399401, 15.60000000000000142 ) ) ;
#2025 = CARTESIAN_POINT ( 'NONE',  ( -15.16556525851989079, 4.090210453118085177, 13.74510026568844800 ) ) ;
#2026 = ORIENTED_EDGE ( 'NONE', *, *, #1348, .F. ) ;
#2027 = EDGE_CURVE ( 'NONE', #56, #1815, #1677, .T. ) ;
#2028 = CARTESIAN_POINT ( 'NONE',  ( 50.82971878428875812, 29.34655182294209297, 15.59999999999999964 ) ) ;
#2029 = DIRECTION ( 'NONE',  ( 0.000000000000000000, 0.000000000000000000, 1.000000000000000000 ) ) ;
#2030 = EDGE_LOOP ( 'NONE', ( #1416, #1892, #1851, #1928 ) ) ;
#2031 = AXIS2_PLACEMENT_3D ( 'NONE', #648, #283, #2302 ) ;
#2032 = DIRECTION ( 'NONE',  ( 0.6544355370857801724, 0.7561178002131986320, 0.000000000000000000 ) ) ;
#2033 = CARTESIAN_POINT ( 'NONE',  ( 6.754998149518609551, 3.900000000000018119, 2.000000000000000000 ) ) ;
#2034 = CARTESIAN_POINT ( 'NONE',  ( 15.14963657540142172, 0.8484289164815107531, 13.57931697364637103 ) ) ;
#2035 = AXIS2_PLACEMENT_3D ( 'NONE', #504, #2331, #736 ) ;
#2036 = CARTESIAN_POINT ( 'NONE',  ( 18.09570130793337839, 0.3881503453297505679, 14.86213305669129170 ) ) ;
#2037 = VERTEX_POINT ( 'NONE', #23 ) ;
#2038 = CARTESIAN_POINT ( 'NONE',  ( -11.51339969799652607, -16.53801420759010554, 13.72530323526760299 ) ) ;
#2039 = EDGE_CURVE ( 'NONE', #162, #210, #2146, .T. ) ;
#2040 = EDGE_LOOP ( 'NONE', ( #2175, #588, #185, #1792, #1778, #2304, #2397, #1003 ) ) ;
#2041 = ORIENTED_EDGE ( 'NONE', *, *, #764, .T. ) ;
#2042 = EDGE_LOOP ( 'NONE', ( #1827, #2248, #1268, #1931, #1015 ) ) ;
#2043 = CYLINDRICAL_SURFACE ( 'NONE', #1836, 3.000000000000000444 ) ;
#2044 = DIRECTION ( 'NONE',  ( 0.000000000000000000, 0.000000000000000000, 1.000000000000000000 ) ) ;
#2045 = CARTESIAN_POINT ( 'NONE',  ( -7.921562104510764257, 21.10171122086756768, 14.10000000000000142 ) ) ;
#2046 = FACE_OUTER_BOUND ( 'NONE', #602, .T. ) ;
#2047 = ORIENTED_EDGE ( 'NONE', *, *, #446, .F. ) ;
#2048 = DIRECTION ( 'NONE',  ( -0.000000000000000000, -0.000000000000000000, -1.000000000000000000 ) ) ;
#2049 = FACE_OUTER_BOUND ( 'NONE', #500, .T. ) ;
#2050 = ORIENTED_EDGE ( 'NONE', *, *, #1242, .T. ) ;
#2051 = ORIENTED_EDGE ( 'NONE', *, *, #611, .T. ) ;
#2052 = ORIENTED_EDGE ( 'NONE', *, *, #2307, .T. ) ;
#2053 = CARTESIAN_POINT ( 'NONE',  ( 10.14485851892503732, -16.19405481134006664, 13.24999999999999822 ) ) ;
#2054 = DIRECTION ( 'NONE',  ( 1.000000000000000000, 0.000000000000000000, 0.000000000000000000 ) ) ;
#2055 = CARTESIAN_POINT ( 'NONE',  ( 3.000000000000000444, 0.000000000000000000, 0.000000000000000000 ) ) ;
#2056 = CARTESIAN_POINT ( 'NONE',  ( -6.754998149518656625, 3.899999999999936851, 1.999999999999998224 ) ) ;
#2057 = CARTESIAN_POINT ( 'NONE',  ( -11.48843625533923074, 6.125663118986990341, 12.77567319099121157 ) ) ;
#2058 = DIRECTION ( 'NONE',  ( 1.000000000000000000, 0.000000000000000000, 0.000000000000000000 ) ) ;
#2059 = DIRECTION ( 'NONE',  ( 0.5000000000000039968, -0.8660254037844363761, 0.000000000000000000 ) ) ;
#2060 = CARTESIAN_POINT ( 'NONE',  ( 4.338127909725015385, -13.22026507501693082, 13.08797904039105475 ) ) ;
#2061 = EDGE_LOOP ( 'NONE', ( #31, #313, #1736, #1484 ) ) ;
#2062 = DIRECTION ( 'NONE',  ( -0.000000000000000000, -0.000000000000000000, -1.000000000000000000 ) ) ;
#2063 = EDGE_CURVE ( 'NONE', #2379, #549, #1171, .T. ) ;
#2064 = CARTESIAN_POINT ( 'NONE',  ( 0.000000000000000000, 0.000000000000000000, 2.000000000000000000 ) ) ;
#2065 = CARTESIAN_POINT ( 'NONE',  ( 0.8775224578476616966, -15.00662268641259622, 11.36740749794683225 ) ) ;
#2066 = CARTESIAN_POINT ( 'NONE',  ( -17.08148506424426927, -9.862000000000010758, 15.59999999999999964 ) ) ;
#2067 = EDGE_CURVE ( 'NONE', #99, #923, #302, .T. ) ;
#2068 = TOROIDAL_SURFACE ( 'NONE', #1289, 45.19310364588417883, 1.500000000000000000 ) ;
#2069 = DIRECTION ( 'NONE',  ( -0.9448167003621991133, -0.3275994546953437947, 0.000000000000000000 ) ) ;
#2070 = CARTESIAN_POINT ( 'NONE',  ( 0.000000000000000000, 0.000000000000000000, -16.00000000000000000 ) ) ;
#2071 = DIRECTION ( 'NONE',  ( 1.000000000000000000, 0.000000000000000000, 0.000000000000000000 ) ) ;
#2072 = CIRCLE ( 'NONE', #702, 7.799999999999998046 ) ;
#2073 = CIRCLE ( 'NONE', #1684, 28.48087594184808680 ) ;
#2074 = CARTESIAN_POINT ( 'NONE',  ( -9.342383331374225719, -16.00249764792328833, 12.93864622256514174 ) ) ;
#2075 = DIRECTION ( 'NONE',  ( -0.7561178002132049603, -0.6544355370857730669, 0.000000000000000000 ) ) ;
#2076 = EDGE_LOOP ( 'NONE', ( #1839, #259, #831, #1223, #112, #382 ) ) ;
#2077 = EDGE_CURVE ( 'NONE', #1070, #1622, #1008, .T. ) ;
#2078 = FACE_OUTER_BOUND ( 'NONE', #140, .T. ) ;
#2079 = CARTESIAN_POINT ( 'NONE',  ( -9.639543207008165027, 14.73752452675429403, 14.61786672777905771 ) ) ;
#2080 = CARTESIAN_POINT ( 'NONE',  ( 13.60464463486055209, -17.16522901460545114, 14.09999999703028806 ) ) ;
#2081 = CARTESIAN_POINT ( 'NONE',  ( -17.35661950537171805, -1.657636674832832169, 14.59999999999999432 ) ) ;
#2082 = EDGE_CURVE ( 'NONE', #591, #1241, #2124, .T. ) ;
#2083 = DIRECTION ( 'NONE',  ( -0.7813407652418059568, 0.6241046455293770556, -0.000000000000000000 ) ) ;
#2084 = EDGE_LOOP ( 'NONE', ( #2148, #1599, #1817, #1681, #122 ) ) ;
#2085 = DIRECTION ( 'NONE',  ( 1.000000000000000000, 0.000000000000000000, -0.000000000000000000 ) ) ;
#2086 = EDGE_LOOP ( 'NONE', ( #257, #1235, #960, #102 ) ) ;
#2087 = CARTESIAN_POINT ( 'NONE',  ( -22.60293433374298999, -4.027665294568599563, 0.8979269163662997322 ) ) ;
#2088 = EDGE_LOOP ( 'NONE', ( #1989, #995, #339 ) ) ;
#2089 = EDGE_CURVE ( 'NONE', #1102, #329, #555, .T. ) ;
#2090 = CARTESIAN_POINT ( 'NONE',  ( -23.70612686436718519, -4.925399227573233674, 0.000000000000000000 ) ) ;
#2091 = LINE ( 'NONE', #2127, #2297 ) ;
#2092 = CARTESIAN_POINT ( 'NONE',  ( -22.62449285300134605, -5.964662363384680255, 0.000000000000000000 ) ) ;
#2093 = FACE_OUTER_BOUND ( 'NONE', #1291, .T. ) ;
#2094 = AXIS2_PLACEMENT_3D ( 'NONE', #1093, #1252, #1277 ) ;
#2095 = PLANE ( 'NONE',  #817 ) ;
#2096 = CARTESIAN_POINT ( 'NONE',  ( -15.93088261476905920, -18.00779566715019797, 15.59999999999999964 ) ) ;
#2097 = ORIENTED_EDGE ( 'NONE', *, *, #78, .F. ) ;
#2098 = EDGE_CURVE ( 'NONE', #1861, #2037, #2109, .T. ) ;
#2099 = CARTESIAN_POINT ( 'NONE',  ( -7.943299025562973625, -15.71685156152685181, 14.61786672777765794 ) ) ;
#2100 = CARTESIAN_POINT ( 'NONE',  ( -10.11386522333608440, -14.20245507805586094, 14.59999999999999432 ) ) ;
#2101 = CIRCLE ( 'NONE', #1866, 1.500000000000000000 ) ;
#2102 = CARTESIAN_POINT ( 'NONE',  ( -8.272046476621847333, 19.41532390117534845, 15.62971774664543112 ) ) ;
#2103 = CARTESIAN_POINT ( 'NONE',  ( 0.000000000000000000, 0.000000000000000000, 2.000000000000000000 ) ) ;
#2104 = CARTESIAN_POINT ( 'NONE',  ( 10.82779345581921326, -16.35707677306432828, 13.51497314393783000 ) ) ;
#2105 = DIRECTION ( 'NONE',  ( 0.000000000000000000, 0.000000000000000000, 1.000000000000000000 ) ) ;
#2106 = DIRECTION ( 'NONE',  ( 0.000000000000000000, 0.000000000000000000, 1.000000000000000000 ) ) ;
#2107 = CARTESIAN_POINT ( 'NONE',  ( -16.11858428704211477, -18.06740847609189871, 0.000000000000000000 ) ) ;
#2108 = ORIENTED_EDGE ( 'NONE', *, *, #584, .T. ) ;
#2109 = CIRCLE ( 'NONE', #619, 45.19310364588417883 ) ;
#2110 = ADVANCED_FACE ( 'NONE', ( #994 ), #835, .T. ) ;
#2111 = CARTESIAN_POINT ( 'NONE',  ( 16.47779555818882358, -16.61105437674629570, 14.09999999999999964 ) ) ;
#2112 = TOROIDAL_SURFACE ( 'NONE', #1402, 6.775999999999998913, 1.500000000000000000 ) ;
#2113 = CIRCLE ( 'NONE', #1877, 6.776000000000000689 ) ;
#2114 = CARTESIAN_POINT ( 'NONE',  ( -10.87728617215206128, -14.46492158877514100, 14.91802237258280961 ) ) ;
#2115 = EDGE_CURVE ( 'NONE', #750, #1077, #378, .T. ) ;
#2116 = UNCERTAINTY_MEASURE_WITH_UNIT (LENGTH_MEASURE( 1.000000000000000082E-05 ), #242, 'distance_accuracy_value', 'NONE');
#2117 = DIRECTION ( 'NONE',  ( 1.000000000000000000, 0.000000000000000000, -0.000000000000000000 ) ) ;
#2118 = CARTESIAN_POINT ( 'NONE',  ( 18.57599295421210073, -2.701472989433476357, 15.15991411330331395 ) ) ;
#2119 = FACE_OUTER_BOUND ( 'NONE', #1643, .T. ) ;
#2120 = CARTESIAN_POINT ( 'NONE',  ( -18.62223562928005194, -0.1871936248992403240, 15.14248214374214996 ) ) ;
#2121 = SPHERICAL_SURFACE ( 'NONE', #1784, 1.500000000000000000 ) ;
#2122 = VERTEX_POINT ( 'NONE', #2309 ) ;
#2123 = CARTESIAN_POINT ( 'NONE',  ( -8.525280917232645805, -15.83144843257725753, 12.66446531977239331 ) ) ;
#2124 = LINE ( 'NONE', #34, #701 ) ;
#2125 = EDGE_CURVE ( 'NONE', #1383, #1711, #629, .T. ) ;
#2126 = CARTESIAN_POINT ( 'NONE',  ( 13.50999629903731858, -7.799999999999999822, 1.591824240121521905 ) ) ;
#2127 = CARTESIAN_POINT ( 'NONE',  ( -1.066854937725736363E-13, 15.60000000000006182, 2.000000000000000000 ) ) ;
#2128 = EDGE_CURVE ( 'NONE', #56, #1102, #1459, .T. ) ;
#2129 = CARTESIAN_POINT ( 'NONE',  ( 6.944558157888403471, 17.46065387662472546, 15.16607557296030073 ) ) ;
#2130 = CARTESIAN_POINT ( 'NONE',  ( 14.80523611038192300, -15.99390458005316518, 15.59999999999999964 ) ) ;
#2131 = VERTEX_POINT ( 'NONE', #432 ) ;
#2132 = VECTOR ( 'NONE', #2059, 999.9999999999998863 ) ;
#2133 = DIRECTION ( 'NONE',  ( 0.000000000000000000, 0.000000000000000000, -1.000000000000000000 ) ) ;
#2134 = ORIENTED_EDGE ( 'NONE', *, *, #838, .T. ) ;
#2135 = FACE_OUTER_BOUND ( 'NONE', #1364, .T. ) ;
#2136 = ORIENTED_EDGE ( 'NONE', *, *, #1947, .T. ) ;
#2137 = ADVANCED_FACE ( 'NONE', ( #1387 ), #2068, .T. ) ;
#2138 = PLANE ( 'NONE',  #777 ) ;
#2139 = DIRECTION ( 'NONE',  ( -0.5000000000000039968, 0.8660254037844363761, 0.000000000000000000 ) ) ;
#2140 = CARTESIAN_POINT ( 'NONE',  ( 21.25374572722124356, -4.824758290590956733, 15.59999999999999964 ) ) ;
#2141 = ORIENTED_EDGE ( 'NONE', *, *, #476, .T. ) ;
#2142 =( BOUNDED_CURVE ( )  B_SPLINE_CURVE ( 3, ( #1449, #1830, #92, #849 ),
 .UNSPECIFIED., .F., .T. ) 
 B_SPLINE_CURVE_WITH_KNOTS ( ( 4, 4 ),
 ( 2.065025558426496488, 2.172374291723879303 ),
 .UNSPECIFIED. ) 
 CURVE ( )  GEOMETRIC_REPRESENTATION_ITEM ( )  RATIONAL_B_SPLINE_CURVE ( ( 1.000000000000000000, 0.9990399179828610698, 0.9990399179828610698, 1.000000000000000000 ) ) 
 REPRESENTATION_ITEM ( '' )  );
#2143 = ADVANCED_FACE ( 'NONE', ( #2135 ), #2112, .T. ) ;
#2144 = CARTESIAN_POINT ( 'NONE',  ( 19.57854428263809154, -1.197553030490952519, 13.51442608680185309 ) ) ;
#2145 = ORIENTED_EDGE ( 'NONE', *, *, #614, .F. ) ;
#2146 = CIRCLE ( 'NONE', #2231, 1.500000000000000666 ) ;
#2147 = DIRECTION ( 'NONE',  ( 0.000000000000000000, 0.000000000000000000, 1.000000000000000000 ) ) ;
#2148 = ORIENTED_EDGE ( 'NONE', *, *, #1301, .F. ) ;
#2149 = AXIS2_PLACEMENT_3D ( 'NONE', #1319, #940, #917 ) ;
#2150 = CIRCLE ( 'NONE', #1571, 28.48087594184808680 ) ;
#2151 = DIRECTION ( 'NONE',  ( -0.9137500904359634468, 0.2181193613348187677, -0.3427604359303442205 ) ) ;
#2152 = CARTESIAN_POINT ( 'NONE',  ( 20.08070120031359806, -1.703536360513849157, 13.72592699711987052 ) ) ;
#2153 = CIRCLE ( 'NONE', #1332, 17.43559577416271011 ) ;
#2154 = DIRECTION ( 'NONE',  ( -0.000000000000000000, -0.000000000000000000, -1.000000000000000000 ) ) ;
#2155 = CARTESIAN_POINT ( 'NONE',  ( -6.146697294812021539, 22.57571674013223628, 14.09999999999999964 ) ) ;
#2156 = ORIENTED_EDGE ( 'NONE', *, *, #2298, .T. ) ;
#2157 = EDGE_CURVE ( 'NONE', #2343, #1861, #1049, .T. ) ;
#2158 =( BOUNDED_SURFACE ( )  B_SPLINE_SURFACE ( 3, 2, ( 
 ( #1412, #1796, #118 ),
 ( #1315, #1685, #2425 ),
 ( #2250, #2023, #2345 ),
 ( #2060, #890, #1270 ),
 ( #332, #1087, #2166 ),
 ( #850, #1614, #482 ),
 ( #682, #751, #105 ),
 ( #1831, #1230, #1602 ),
 ( #493, #863, #1422 ),
 ( #880, #1626, #693 ),
 ( #1436, #1258, #196 ),
 ( #1708, #785, #430 ),
 ( #1548, #2294, #21 ),
 ( #1537, #2099, #2123 ),
 ( #1169, #2282, #2074 ),
 ( #2305, #797, #1178 ) ),
 .UNSPECIFIED., .F., .F., .T. ) 
 B_SPLINE_SURFACE_WITH_KNOTS ( ( 4, 2, 2, 2, 2, 2, 2, 4 ),
 ( 3, 3 ),
 ( -6.938893903907228378E-18, 0.005374201112677123165, 0.008061301669015688218, 0.009404851947184971611, 0.01074840222535425327, 0.01612260333803138337, 0.01880970389436995016, 0.02149680445070851348 ),
 ( 0.000000000000000000, 1.000000000000000000 ),
 .UNSPECIFIED. ) 
 GEOMETRIC_REPRESENTATION_ITEM ( )  RATIONAL_B_SPLINE_SURFACE ( (
 ( 1.000000000000000000, 0.5972222662749414601, 1.000000000000000000),
 ( 1.000000000000000000, 0.5920335732819220764, 1.000000000000000000),
 ( 1.000000000000000000, 0.5879321939133921315, 1.000000000000000000),
 ( 1.000000000000000000, 0.5837221556560787672, 1.000000000000000000),
 ( 1.000000000000000000, 0.5826425775082374470, 1.000000000000000000),
 ( 1.000000000000000000, 0.5815510026400324550, 1.000000000000000000),
 ( 1.000000000000000000, 0.5812753269679822310, 1.000000000000000000),
 ( 1.000000000000000000, 0.5809098566768109428, 1.000000000000000000),
 ( 1.000000000000000000, 0.5808187222232346070, 1.000000000000000000),
 ( 1.000000000000000000, 0.5808144886414073893, 1.000000000000000000),
 ( 1.000000000000000000, 0.5822556318260480035, 1.000000000000000000),
 ( 1.000000000000000000, 0.5864608274066446247, 1.000000000000000000),
 ( 1.000000000000000000, 0.5882110602758261475, 1.000000000000000000),
 ( 1.000000000000000000, 0.5922921910092360243, 1.000000000000000000),
 ( 1.000000000000000000, 0.5946267845653101514, 1.000000000000000000),
 ( 1.000000000000000000, 0.5972222662749419042, 1.000000000000000000) ) ) 
 REPRESENTATION_ITEM ( '' )  SURFACE ( )  );
#2159 = CARTESIAN_POINT ( 'NONE',  ( 21.25374572722124356, -4.824758290590956733, 15.59999999999999964 ) ) ;
#2160 = VERTEX_POINT ( 'NONE', #1216 ) ;
#2161 = CIRCLE ( 'NONE', #779, 43.69310364588418594 ) ;
#2162 = CYLINDRICAL_SURFACE ( 'NONE', #2414, 43.69310364588418594 ) ;
#2163 = ORIENTED_EDGE ( 'NONE', *, *, #957, .T. ) ;
#2164 = EDGE_CURVE ( 'NONE', #183, #855, #464, .T. ) ;
#2165 = DIRECTION ( 'NONE',  ( 0.000000000000000000, 0.000000000000000000, -1.000000000000000000 ) ) ;
#2166 = CARTESIAN_POINT ( 'NONE',  ( 3.493217771479888434, -15.13114162312350963, 11.56048299694667847 ) ) ;
#2167 = AXIS2_PLACEMENT_3D ( 'NONE', #1531, #40, #421 ) ;
#2168 = CARTESIAN_POINT ( 'NONE',  ( 0.000000000000000000, 0.000000000000000000, -16.00000000000000000 ) ) ;
#2169 = CARTESIAN_POINT ( 'NONE',  ( -15.34696566193096778, 3.835985630597676721, 11.68127825441732703 ) ) ;
#2170 = DIRECTION ( 'NONE',  ( -0.000000000000000000, -0.000000000000000000, -1.000000000000000000 ) ) ;
#2171 = ORIENTED_EDGE ( 'NONE', *, *, #1424, .F. ) ;
#2172 = ADVANCED_FACE ( 'NONE', ( #166 ), #1860, .F. ) ;
#2173 = DIRECTION ( 'NONE',  ( -1.224646799147353207E-16, 1.000000000000000000, 0.000000000000000000 ) ) ;
#2174 = ADVANCED_FACE ( 'NONE', ( #2049 ), #291, .F. ) ;
#2175 = ORIENTED_EDGE ( 'NONE', *, *, #2200, .T. ) ;
#2176 = CARTESIAN_POINT ( 'NONE',  ( 16.34415709020155205, -18.10508943653371716, 0.000000000000000000 ) ) ;
#2177 = ORIENTED_EDGE ( 'NONE', *, *, #2217, .T. ) ;
#2178 = AXIS2_PLACEMENT_3D ( 'NONE', #96, #462, #854 ) ;
#2179 = EDGE_CURVE ( 'NONE', #327, #292, #2007, .T. ) ;
#2180 = DIRECTION ( 'NONE',  ( 0.000000000000000000, 0.000000000000000000, 1.000000000000000000 ) ) ;
#2181 = CARTESIAN_POINT ( 'NONE',  ( 19.09689211636058914, -0.6886777895180827835, 13.24999999999999112 ) ) ;
#2182 = CARTESIAN_POINT ( 'NONE',  ( 7.921562104510972979, 21.10171122086749307, 15.60000000000000142 ) ) ;
#2183 = CARTESIAN_POINT ( 'NONE',  ( -13.21072619264124270, 7.118473430617731523, 11.35726093568061223 ) ) ;
#2184 = CARTESIAN_POINT ( 'NONE',  ( 12.58880776652690336, 8.206837710979351996, 13.46844905912583101 ) ) ;
#2185 = VERTEX_POINT ( 'NONE', #362 ) ;
#2186 = AXIS2_PLACEMENT_3D ( 'NONE', #471, #70, #828 ) ;
#2187 = CARTESIAN_POINT ( 'NONE',  ( 19.09689211636059269, -0.6886777895180843378, 13.24999999999999289 ) ) ;
#2188 = DIRECTION ( 'NONE',  ( 1.000000000000000000, 0.000000000000000000, 0.000000000000000000 ) ) ;
#2189 = VERTEX_POINT ( 'NONE', #2176 ) ;
#2190 = DIRECTION ( 'NONE',  ( 1.000000000000000000, -2.724916044912819859E-15, 0.000000000000000000 ) ) ;
#2191 = ORIENTED_EDGE ( 'NONE', *, *, #2307, .F. ) ;
#2192 = VECTOR ( 'NONE', #415, 999.9999999999998863 ) ;
#2193 = ADVANCED_FACE ( 'NONE', ( #1598 ), #2162, .F. ) ;
#2194 = CARTESIAN_POINT ( 'NONE',  ( -20.26499444855597076, 11.69999999999981100, -23.48087594184809390 ) ) ;
#2195 = CARTESIAN_POINT ( 'NONE',  ( 17.95359850534959278, -2.177074323706748249, 14.91173822923265746 ) ) ;
#2196 = AXIS2_PLACEMENT_3D ( 'NONE', #1099, #1843, #1867 ) ;
#2197 = DIRECTION ( 'NONE',  ( 1.000000000000000000, 0.000000000000000000, 0.000000000000000000 ) ) ;
#2198 = ORIENTED_EDGE ( 'NONE', *, *, #1043, .F. ) ;
#2199 = DIRECTION ( 'NONE',  ( 1.000000000000000000, 0.000000000000000000, 0.000000000000000000 ) ) ;
#2200 = EDGE_CURVE ( 'NONE', #1430, #1188, #341, .T. ) ;
#2201 = ORIENTED_EDGE ( 'NONE', *, *, #2207, .T. ) ;
#2202 = EDGE_LOOP ( 'NONE', ( #517, #796, #529, #1445 ) ) ;
#2203 = ORIENTED_EDGE ( 'NONE', *, *, #1909, .F. ) ;
#2204 = CARTESIAN_POINT ( 'NONE',  ( -11.06789919828809765, -16.41412097269106241, 15.46336778086409147 ) ) ;
#2205 = PLANE ( 'NONE',  #1472 ) ;
#2206 = EDGE_CURVE ( 'NONE', #2037, #2367, #856, .T. ) ;
#2207 = EDGE_CURVE ( 'NONE', #168, #2189, #922, .T. ) ;
#2208 = CARTESIAN_POINT ( 'NONE',  ( 6.682371445696962731, 19.09000936204327203, 15.50376164703331128 ) ) ;
#2209 = CARTESIAN_POINT ( 'NONE',  ( -13.82648936545719565, 6.108061761943800683, 13.50426539354371869 ) ) ;
#2210 = CARTESIAN_POINT ( 'NONE',  ( 13.79378341589591805, 6.108050813689940739, 13.45913010817538158 ) ) ;
#2211 = ORIENTED_EDGE ( 'NONE', *, *, #947, .F. ) ;
#2212 = DIRECTION ( 'NONE',  ( 1.000000000000000000, 0.000000000000000000, 0.000000000000000000 ) ) ;
#2213 = ORIENTED_EDGE ( 'NONE', *, *, #2407, .T. ) ;
#2214 = VERTEX_POINT ( 'NONE', #2366 ) ;
#2215 = CIRCLE ( 'NONE', #1389, 28.48087594184809390 ) ;
#2216 = CARTESIAN_POINT ( 'NONE',  ( -10.82779345581843522, -16.35707677306400498, 13.51497314394012861 ) ) ;
#2217 = EDGE_CURVE ( 'NONE', #1993, #2328, #384, .T. ) ;
#2218 = CARTESIAN_POINT ( 'NONE',  ( 17.08148506424427993, -9.861999999999985889, 14.09999999999999964 ) ) ;
#2219 = FACE_OUTER_BOUND ( 'NONE', #686, .T. ) ;
#2220 = CARTESIAN_POINT ( 'NONE',  ( 15.14963657546173792, 0.8484289165464290461, 13.57931697367245505 ) ) ;
#2221 = ORIENTED_EDGE ( 'NONE', *, *, #2378, .T. ) ;
#2222 = B_SPLINE_CURVE_WITH_KNOTS ( 'NONE', 3,
 ( #2255, #400, #39, #1335, #1895, #2045 ),
 .UNSPECIFIED., .F., .F.,
 ( 4, 2, 4 ),
 ( 0.000000000000000000, 0.002212699261864737622, 0.004425398523729475245 ),
 .UNSPECIFIED. ) ;
#2223 = CARTESIAN_POINT ( 'NONE',  ( 17.97521715859289770, 0.5301931539028701401, 12.66549443185198420 ) ) ;
#2224 = VERTEX_POINT ( 'NONE', #1409 ) ;
#2225 = ADVANCED_FACE ( 'NONE', ( #1105 ), #1670, .T. ) ;
#2226 = ORIENTED_EDGE ( 'NONE', *, *, #1600, .F. ) ;
#2227 = AXIS2_PLACEMENT_3D ( 'NONE', #1749, #790, #617 ) ;
#2228 = VERTEX_POINT ( 'NONE', #1255 ) ;
#2229 = CARTESIAN_POINT ( 'NONE',  ( 7.921562104510965874, 21.10171122086748952, 14.09999999999999964 ) ) ;
#2230 = CARTESIAN_POINT ( 'NONE',  ( 3.498479507790808185, -15.13154077553268984, 11.56110320910268463 ) ) ;
#2231 = AXIS2_PLACEMENT_3D ( 'NONE', #937, #1280, #2032 ) ;
#2232 = SURFACE_STYLE_USAGE ( .BOTH. , #1101 ) ;
#2233 = ORIENTED_EDGE ( 'NONE', *, *, #2179, .T. ) ;
#2234 = CIRCLE ( 'NONE', #1841, 1.500000000000001554 ) ;
#2235 = CARTESIAN_POINT ( 'NONE',  ( -14.40760155355538252, -8.318232635322161173, 1.108164978114480448 ) ) ;
#2236 = CARTESIAN_POINT ( 'NONE',  ( -5.686764503976486473, -15.34863357762853830, 4.462684986477613691 ) ) ;
#2237 = DIRECTION ( 'NONE',  ( -0.3275994546953524544, -0.9448167003621961157, 0.000000000000000000 ) ) ;
#2238 = EDGE_LOOP ( 'NONE', ( #115, #1840, #1539, #1804 ) ) ;
#2239 = ORIENTED_EDGE ( 'NONE', *, *, #1300, .T. ) ;
#2240 = DIRECTION ( 'NONE',  ( -1.000000000000000000, 0.000000000000000000, 0.000000000000000000 ) ) ;
#2241 = AXIS2_PLACEMENT_3D ( 'NONE', #488, #300, #1588 ) ;
#2242 = PLANE ( 'NONE',  #429 ) ;
#2243 = CARTESIAN_POINT ( 'NONE',  ( -9.149003380050501733, 16.22092594266595356, 15.14248214374214285 ) ) ;
#2244 = DIRECTION ( 'NONE',  ( -0.000000000000000000, -0.000000000000000000, -1.000000000000000000 ) ) ;
#2245 = CARTESIAN_POINT ( 'NONE',  ( -9.636275529878954416, 9.538624531730700795, 12.92798988031005258 ) ) ;
#2246 = CARTESIAN_POINT ( 'NONE',  ( 0.7249882599773548320, -15.00452391150064102, 4.993061202426673617 ) ) ;
#2247 = CARTESIAN_POINT ( 'NONE',  ( -15.99267809206866886, -18.03199252208118253, 0.08605214280631842683 ) ) ;
#2248 = ORIENTED_EDGE ( 'NONE', *, *, #838, .F. ) ;
#2249 = EDGE_CURVE ( 'NONE', #2214, #677, #1111, .T. ) ;
#2250 = CARTESIAN_POINT ( 'NONE',  ( 6.870914267332858039, -13.52375211083607631, 13.54754284083759330 ) ) ;
#2251 = VERTEX_POINT ( 'NONE', #1992 ) ;
#2252 = PLANE ( 'NONE',  #1135 ) ;
#2253 = EDGE_CURVE ( 'NONE', #1188, #750, #1298, .T. ) ;
#2254 = DIRECTION ( 'NONE',  ( 0.000000000000000000, 0.000000000000000000, 1.000000000000000000 ) ) ;
#2255 = CARTESIAN_POINT ( 'NONE',  ( -8.952033597435374190, 16.88273260085812666, 13.25000000000000178 ) ) ;
#2256 = CARTESIAN_POINT ( 'NONE',  ( 10.11386522333594762, -14.20245507805595864, 14.59999999999999787 ) ) ;
#2257 = CARTESIAN_POINT ( 'NONE',  ( 10.14485851892503732, -16.19405481134006664, 13.24999999999999822 ) ) ;
#2258 = CARTESIAN_POINT ( 'NONE',  ( 6.146697294812321744, 22.57571674013161456, 15.59999999999999964 ) ) ;
#2259 = CARTESIAN_POINT ( 'NONE',  ( 6.754998149518605999, 3.900000000000032774, -23.48087594184809390 ) ) ;
#2260 = DIRECTION ( 'NONE',  ( 0.8660254037844432595, -0.4999999999999919509, 0.000000000000000000 ) ) ;
#2261 = DIRECTION ( 'NONE',  ( -1.000000000000000000, 0.000000000000000000, -0.000000000000000000 ) ) ;
#2262 = DIRECTION ( 'NONE',  ( 1.000000000000000000, 0.000000000000000000, 0.000000000000000000 ) ) ;
#2263 = DIRECTION ( 'NONE',  ( 1.000000000000000000, 0.000000000000000000, 0.000000000000000000 ) ) ;
#2264 = AXIS2_PLACEMENT_3D ( 'NONE', #369, #2075, #397 ) ;
#2265 = CARTESIAN_POINT ( 'NONE',  ( -12.16907635835051948, 5.012127012597341391, 12.82458267205339375 ) ) ;
#2266 = CARTESIAN_POINT ( 'NONE',  ( 22.62449285300181145, -5.964662363385300203, 14.09999999999999964 ) ) ;
#2267 = CARTESIAN_POINT ( 'NONE',  ( 0.000000000000000000, -7.799999999999999822, 2.000000000000000000 ) ) ;
#2268 = EDGE_LOOP ( 'NONE', ( #689, #127, #985, #1944, #1083 ) ) ;
#2269 = AXIS2_PLACEMENT_3D ( 'NONE', #1891, #1501, #1 ) ;
#2270 = ADVANCED_FACE ( 'NONE', ( #490 ), #1240, .F. ) ;
#2271 = CYLINDRICAL_SURFACE ( 'NONE', #33, 1.499999999999999556 ) ;
#2272 = CARTESIAN_POINT ( 'NONE',  ( -7.813368866754469622, 21.58879768000884525, 0.8977682293643257649 ) ) ;
#2273 = EDGE_LOOP ( 'NONE', ( #1964, #2171, #109, #1468 ) ) ;
#2274 = CARTESIAN_POINT ( 'NONE',  ( -16.47779555818981478, -16.61105437674641294, 14.09999999999999964 ) ) ;
#2275 = EDGE_CURVE ( 'NONE', #1661, #327, #1439, .T. ) ;
#2276 = CARTESIAN_POINT ( 'NONE',  ( 50.82971878428875812, 29.34655182294209297, 15.59999999999999964 ) ) ;
#2277 = DIRECTION ( 'NONE',  ( -0.000000000000000000, -0.000000000000000000, -1.000000000000000000 ) ) ;
#2278 = CARTESIAN_POINT ( 'NONE',  ( -7.477380356989045573, 15.07176221051890153, 14.29989889265403313 ) ) ;
#2279 = DIRECTION ( 'NONE',  ( -0.8660254037844362651, -0.5000000000000039968, 0.000000000000000000 ) ) ;
#2280 = DIRECTION ( 'NONE',  ( 0.000000000000000000, 0.000000000000000000, 1.000000000000000000 ) ) ;
#2281 = EDGE_LOOP ( 'NONE', ( #655, #1800, #652 ) ) ;
#2282 = CARTESIAN_POINT ( 'NONE',  ( -8.711702594421165458, -15.86541220463896096, 14.86213305669857654 ) ) ;
#2283 = CIRCLE ( 'NONE', #205, 1.499999999999999778 ) ;
#2284 = CARTESIAN_POINT ( 'NONE',  ( 1.953814564322491206E-15, -13.01204819277109337, 12.77558193667740838 ) ) ;
#2285 = ORIENTED_EDGE ( 'NONE', *, *, #603, .F. ) ;
#2286 = CARTESIAN_POINT ( 'NONE',  ( -6.448509616839069203, 20.81866287064405086, 15.60000000000000142 ) ) ;
#2287 = CARTESIAN_POINT ( 'NONE',  ( 6.754998149518602446, 3.900000000000030109, 2.000000000000000000 ) ) ;
#2288 = CARTESIAN_POINT ( 'NONE',  ( -19.09689211636061046, -0.6886777895179184705, 13.25000000000000178 ) ) ;
#2289 = EDGE_CURVE ( 'NONE', #1622, #848, #563, .T. ) ;
#2290 = CARTESIAN_POINT ( 'NONE',  ( -13.61814935453466902, 2.853203562767648638, 13.08797904036657656 ) ) ;
#2291 = TOROIDAL_SURFACE ( 'NONE', #330, 21.79449471770339031, 10.00000000000000000 ) ;
#2292 = CARTESIAN_POINT ( 'NONE',  ( 50.82971878428875812, 29.34655182294209297, 15.59999999999999964 ) ) ;
#2293 = CARTESIAN_POINT ( 'NONE',  ( 8.952033597435534062, 16.88273260085804495, 13.24999999999999822 ) ) ;
#2294 = CARTESIAN_POINT ( 'NONE',  ( -6.382223707678952529, -15.45869914103561094, 14.19637716834014896 ) ) ;
#2295 = CARTESIAN_POINT ( 'NONE',  ( -13.34983147426101979, 6.886011050773353404, 4.993406680186932789 ) ) ;
#2296 = EDGE_LOOP ( 'NONE', ( #1979, #88, #2351, #691 ) ) ;
#2297 = VECTOR ( 'NONE', #1773, 1000.000000000000000 ) ;
#2298 = EDGE_CURVE ( 'NONE', #1288, #2251, #1899, .T. ) ;
#2299 = CARTESIAN_POINT ( 'NONE',  ( -12.72341367916206067, -7.799999999999999822, 2.000000000000000000 ) ) ;
#2300 = CARTESIAN_POINT ( 'NONE',  ( 19.74899534228477549, -1.378021385898034579, 15.46336778086342179 ) ) ;
#2301 = DIRECTION ( 'NONE',  ( -0.6241046455293827178, 0.7813407652418012939, 0.000000000000000000 ) ) ;
#2302 = DIRECTION ( 'NONE',  ( 0.8180353879511547133, -0.5751678920624863078, 0.000000000000000000 ) ) ;
#2303 = FACE_OUTER_BOUND ( 'NONE', #1719, .T. ) ;
#2304 = ORIENTED_EDGE ( 'NONE', *, *, #386, .T. ) ;
#2305 = CARTESIAN_POINT ( 'NONE',  ( -10.11386522333608617, -14.20245507805586094, 14.59999999999999609 ) ) ;
#2306 = AXIS2_PLACEMENT_3D ( 'NONE', #80, #1594, #1651 ) ;
#2307 = EDGE_CURVE ( 'NONE', #542, #924, #663, .T. ) ;
#2308 = AXIS2_PLACEMENT_3D ( 'NONE', #1533, #571, #966 ) ;
#2309 = CARTESIAN_POINT ( 'NONE',  ( 7.799999999999998046, 0.000000000000000000, -16.00000000000000000 ) ) ;
#2310 = ORIENTED_EDGE ( 'NONE', *, *, #2249, .F. ) ;
#2311 = CIRCLE ( 'NONE', #148, 40.00000000000000711 ) ;
#2312 = PLANE ( 'NONE',  #459 ) ;
#2313 = FACE_OUTER_BOUND ( 'NONE', #84, .T. ) ;
#2314 = CARTESIAN_POINT ( 'NONE',  ( 10.44733286168843733, 12.60279931061488945, 4.462032954852024780 ) ) ;
#2315 = CARTESIAN_POINT ( 'NONE',  ( 23.56064982129587548, -4.792651215522583996, 14.09999999999999964 ) ) ;
#2316 = EDGE_LOOP ( 'NONE', ( #125, #254 ) ) ;
#2317 = FACE_OUTER_BOUND ( 'NONE', #351, .T. ) ;
#2318 = EDGE_CURVE ( 'NONE', #1249, #628, #974, .T. ) ;
#2319 = DIRECTION ( 'NONE',  ( -0.000000000000000000, -0.000000000000000000, -1.000000000000000000 ) ) ;
#2320 = ORIENTED_EDGE ( 'NONE', *, *, #2206, .T. ) ;
#2321 = CIRCLE ( 'NONE', #1267, 8.275999999999998025 ) ;
#2322 = LINE ( 'NONE', #1390, #901 ) ;
#2323 = EDGE_CURVE ( 'NONE', #677, #73, #170, .T. ) ;
#2324 = CARTESIAN_POINT ( 'NONE',  ( -17.08148506424426927, -9.862000000000010758, 15.59999999999999964 ) ) ;
#2325 = CARTESIAN_POINT ( 'NONE',  ( 19.76747460357714914, -1.409150788505350249, 2.782658149052395391 ) ) ;
#2326 = DIRECTION ( 'NONE',  ( 0.000000000000000000, 0.000000000000000000, 1.000000000000000000 ) ) ;
#2327 = CARTESIAN_POINT ( 'NONE',  ( 6.754998149518602446, 3.900000000000030109, 2.000000000000000000 ) ) ;
#2328 = VERTEX_POINT ( 'NONE', #1131 ) ;
#2329 = FACE_BOUND ( 'NONE', #2316, .T. ) ;
#2330 = ORIENTED_EDGE ( 'NONE', *, *, #2323, .F. ) ;
#2331 = DIRECTION ( 'NONE',  ( 0.000000000000000000, 0.000000000000000000, 1.000000000000000000 ) ) ;
#2332 = ORIENTED_EDGE ( 'NONE', *, *, #2082, .F. ) ;
#2333 = FACE_OUTER_BOUND ( 'NONE', #577, .T. ) ;
#2334 = CARTESIAN_POINT ( 'NONE',  ( 7.619824558939299664, 22.86606176331886431, 0.08605214280651288239 ) ) ;
#2335 = AXIS2_PLACEMENT_3D ( 'NONE', #261, #282, #1583 ) ;
#2336 = DIRECTION ( 'NONE',  ( 0.9820349917811249663, -0.1886989001490095574, 0.000000000000000000 ) ) ;
#2337 = FACE_OUTER_BOUND ( 'NONE', #349, .T. ) ;
#2338 = ORIENTED_EDGE ( 'NONE', *, *, #136, .T. ) ;
#2339 = CARTESIAN_POINT ( 'NONE',  ( 0.000000000000000000, -7.799999999999999822, 2.000000000000000000 ) ) ;
#2340 = ADVANCED_FACE ( 'NONE', ( #794 ), #2095, .F. ) ;
#2341 = AXIS2_PLACEMENT_3D ( 'NONE', #1166, #748, #2058 ) ;
#2342 = CARTESIAN_POINT ( 'NONE',  ( 0.000000000000000000, -4.053854842863084146E-14, 15.59999999999999964 ) ) ;
#2343 = VERTEX_POINT ( 'NONE', #2258 ) ;
#2344 = CARTESIAN_POINT ( 'NONE',  ( 23.85748506424427973, -9.861999999999985889, 14.09999999999999964 ) ) ;
#2345 = CARTESIAN_POINT ( 'NONE',  ( 6.891969746323947987, -15.51327200227356329, 12.15807569733338589 ) ) ;
#2346 = CARTESIAN_POINT ( 'NONE',  ( 9.149003380050658052, 16.22092594266586119, 15.14248214374214818 ) ) ;
#2347 = CARTESIAN_POINT ( 'NONE',  ( 11.32350145602774205, 10.66910935030509222, 4.783339098383889265 ) ) ;
#2348 = DIRECTION ( 'NONE',  ( 0.5000000000000039968, -0.8660254037844363761, 0.000000000000000000 ) ) ;
#2349 = ORIENTED_EDGE ( 'NONE', *, *, #1982, .F. ) ;
#2350 = DIRECTION ( 'NONE',  ( 0.000000000000000000, -0.3557728295082878689, 0.9345724657744132191 ) ) ;
#2351 = ORIENTED_EDGE ( 'NONE', *, *, #735, .F. ) ;
#2352 = TOROIDAL_SURFACE ( 'NONE', #1182, 45.19310364588418594, 1.500000000000000000 ) ;
#2353 = DIRECTION ( 'NONE',  ( -0.000000000000000000, -0.000000000000000000, -1.000000000000000000 ) ) ;
#2354 = ORIENTED_EDGE ( 'NONE', *, *, #1510, .F. ) ;
#2355 = CARTESIAN_POINT ( 'NONE',  ( -16.34415709020239404, -18.10508943653382019, 15.59999999999999964 ) ) ;
#2356 = CARTESIAN_POINT ( 'NONE',  ( -13.43487770036498752, 6.743354602318902380, 11.36740749794684291 ) ) ;
#2357 = CARTESIAN_POINT ( 'NONE',  ( -18.00749273682315632, -1.719798050139061729, 13.25000000000000178 ) ) ;
#2358 = CARTESIAN_POINT ( 'NONE',  ( -11.48843625536002655, 6.125663118995851697, 12.77567319099893517 ) ) ;
#2359 = CARTESIAN_POINT ( 'NONE',  ( 12.13179870663244131, 5.010720790838887773, 12.77522010614983294 ) ) ;
#2360 = ORIENTED_EDGE ( 'NONE', *, *, #2164, .F. ) ;
#2361 = EDGE_CURVE ( 'NONE', #1861, #1188, #544, .T. ) ;
#2362 = CARTESIAN_POINT ( 'NONE',  ( -16.11858428704209700, -9.306068977079529958, 0.000000000000000000 ) ) ;
#2363 = CARTESIAN_POINT ( 'NONE',  ( 7.514357567612076849, 16.45484519362216247, 13.24999999999999822 ) ) ;
#2364 = EDGE_LOOP ( 'NONE', ( #463, #1122, #505, #206, #480 ) ) ;
#2365 = EDGE_CURVE ( 'NONE', #924, #1470, #1534, .T. ) ;
#2366 = CARTESIAN_POINT ( 'NONE',  ( -15.93088261476905920, -18.00779566715020152, 0.1277511577820390487 ) ) ;
#2367 = VERTEX_POINT ( 'NONE', #6 ) ;
#2368 = B_SPLINE_CURVE_WITH_KNOTS ( 'NONE', 3,
 ( #164, #1467, #347, #1081, #515, #336, #1091, #1826, #921, #1656, #111, #1669, #1276, #2223, #135, #2398 ),
 .UNSPECIFIED., .F., .F.,
 ( 4, 2, 2, 2, 2, 2, 2, 4 ),
 ( 0.000000000000000000, 0.005201826538995056592, 0.007802739808492584021, 0.009103196443241343833, 0.01040365307799010625, 0.01560547961698515763, 0.01820639288648268420, 0.02080730615598021596 ),
 .UNSPECIFIED. ) ;
#2369 = DIRECTION ( 'NONE',  ( -0.000000000000000000, -0.000000000000000000, -1.000000000000000000 ) ) ;
#2370 = CARTESIAN_POINT ( 'NONE',  ( -10.02051841294870727, 13.71293518866989913, 12.19218607115149133 ) ) ;
#2371 = CARTESIAN_POINT ( 'NONE',  ( 22.23539903284991226, -3.690581590271158507, 14.10000000000000142 ) ) ;
#2372 = CARTESIAN_POINT ( 'NONE',  ( -17.56493371113423763, 0.9681200151433454471, 14.57952999527223703 ) ) ;
#2373 = CARTESIAN_POINT ( 'NONE',  ( 7.799999999999998046, 0.000000000000000000, -16.00000000000000000 ) ) ;
#2374 = ORIENTED_EDGE ( 'NONE', *, *, #2089, .F. ) ;
#2375 = DIRECTION ( 'NONE',  ( -1.000000000000000000, 0.000000000000000000, 0.000000000000000000 ) ) ;
#2376 = CARTESIAN_POINT ( 'NONE',  ( -3.000000000000000444, 3.673940397442060361E-16, -16.00000000000000000 ) ) ;
#2377 = ORIENTED_EDGE ( 'NONE', *, *, #1545, .F. ) ;
#2378 = EDGE_CURVE ( 'NONE', #1711, #1622, #1485, .T. ) ;
#2379 = VERTEX_POINT ( 'NONE', #769 ) ;
#2380 = AXIS2_PLACEMENT_3D ( 'NONE', #2266, #2083, #1312 ) ;
#2381 = CARTESIAN_POINT ( 'NONE',  ( 50.82971878428875812, 29.34655182294209297, 14.09999999999999964 ) ) ;
#2382 = CARTESIAN_POINT ( 'NONE',  ( -7.587542577324816406, 22.99280770366490501, 0.000000000000000000 ) ) ;
#2383 = EDGE_CURVE ( 'NONE', #450, #2228, #967, .T. ) ;
#2384 = TOROIDAL_SURFACE ( 'NONE', #1524, 21.79449471770339031, 10.00000000000000000 ) ;
#2385 = AXIS2_PLACEMENT_3D ( 'NONE', #1700, #2, #1150 ) ;
#2386 = CARTESIAN_POINT ( 'NONE',  ( 8.063202070995703963, 20.36458237055156317, 14.09999999703028806 ) ) ;
#2387 = CARTESIAN_POINT ( 'NONE',  ( -21.25374572722128264, -4.824758290590773768, 15.60000000000000142 ) ) ;
#2388 =( NAMED_UNIT ( * ) PLANE_ANGLE_UNIT ( ) SI_UNIT ( $, .RADIAN. ) );
#2389 = VERTEX_POINT ( 'NONE', #1506 ) ;
#2390 = CARTESIAN_POINT ( 'NONE',  ( -10.82638348810336559, -16.35674020263766693, 13.51442608680185664 ) ) ;
#2391 = EDGE_LOOP ( 'NONE', ( #2332, #821, #1981 ) ) ;
#2392 = ORIENTED_EDGE ( 'NONE', *, *, #2067, .T. ) ;
#2393 = ADVANCED_FACE ( 'NONE', ( #1176 ), #1546, .F. ) ;
#2394 = CARTESIAN_POINT ( 'NONE',  ( -13.48820396992459081, -17.12485515374705258, 15.65801098479072451 ) ) ;
#2395 = CARTESIAN_POINT ( 'NONE',  ( 16.23623770757065898, -0.4400756559063882523, 14.03562922391321521 ) ) ;
#2396 =( LENGTH_UNIT ( ) NAMED_UNIT ( * ) SI_UNIT ( .MILLI., .METRE. ) );
#2397 = ORIENTED_EDGE ( 'NONE', *, *, #1080, .T. ) ;
#2398 = CARTESIAN_POINT ( 'NONE',  ( 19.09689211636059269, -0.6886777895180843378, 13.24999999999999289 ) ) ;
#2399 = ORIENTED_EDGE ( 'NONE', *, *, #993, .F. ) ;
#2400 = ORIENTED_EDGE ( 'NONE', *, *, #269, .F. ) ;
#2401 = ORIENTED_EDGE ( 'NONE', *, *, #22, .F. ) ;
#2402 = AXIS2_PLACEMENT_3D ( 'NONE', #83, #1222, #1415 ) ;
#2403 = SPHERICAL_SURFACE ( 'NONE', #1442, 1.500000000000000000 ) ;
#2404 = DIRECTION ( 'NONE',  ( 1.000000000000000000, 0.000000000000000000, 0.000000000000000000 ) ) ;
#2405 = CARTESIAN_POINT ( 'NONE',  ( -9.636275529878245649, 9.538624531721058730, 12.92798988030701679 ) ) ;
#2406 = EDGE_LOOP ( 'NONE', ( #1790, #1551, #1054, #913, #2108, #1108 ) ) ;
#2407 = EDGE_CURVE ( 'NONE', #99, #1724, #425, .T. ) ;
#2408 = CARTESIAN_POINT ( 'NONE',  ( 0.000000000000000000, 19.72400000000000020, 14.09999999999999964 ) ) ;
#2409 = CARTESIAN_POINT ( 'NONE',  ( -13.59535175639457627, -17.14860244681994317, 1.583915757781152456 ) ) ;
#2410 = VERTEX_POINT ( 'NONE', #1520 ) ;
#2411 = ORIENTED_EDGE ( 'NONE', *, *, #2027, .T. ) ;
#2412 = VECTOR ( 'NONE', #2154, 1000.000000000000000 ) ;
#2413 = DIRECTION ( 'NONE',  ( 0.000000000000000000, 1.000000000000000000, 0.000000000000000000 ) ) ;
#2414 = AXIS2_PLACEMENT_3D ( 'NONE', #181, #1623, #1419 ) ;
#2415 = CARTESIAN_POINT ( 'NONE',  ( 23.56064982129587904, -4.792651215522585773, 0.1277511577821133504 ) ) ;
#2416 = CARTESIAN_POINT ( 'NONE',  ( -7.242754282035580360, 15.86009175288890027, 14.59999999999999076 ) ) ;
#2417 = CIRCLE ( 'NONE', #1367, 6.776000000000000689 ) ;
#2418 = CARTESIAN_POINT ( 'NONE',  ( -19.09689211636061046, -0.6886777895179184705, 13.25000000000000178 ) ) ;
#2419 = EDGE_CURVE ( 'NONE', #1913, #1848, #19, .T. ) ;
#2420 = CIRCLE ( 'NONE', #267, 1.500000000000000000 ) ;
#2421 = CARTESIAN_POINT ( 'NONE',  ( 6.146697294812328849, 22.57571674013159679, 15.59999999999999964 ) ) ;
#2422 = CARTESIAN_POINT ( 'NONE',  ( -7.511572993685817836E-16, -7.800000000000000711, 2.000000000000000000 ) ) ;
#2423 = CARTESIAN_POINT ( 'NONE',  ( -25.41485939214423695, 24.53527591147128106, 0.000000000000000000 ) ) ;
#2424 = ORIENTED_EDGE ( 'NONE', *, *, #380, .T. ) ;
#2425 = CARTESIAN_POINT ( 'NONE',  ( 8.540562097668212616, -15.81109658845297794, 12.62754617401749613 ) ) ;
#2426 = ORIENTED_EDGE ( 'NONE', *, *, #1532, .T. ) ;
ENDSEC;
END-ISO-10303-21;
