ISO-10303-21;
HEADER;
FILE_DESCRIPTION (( 'STEP AP214' ),
    '1' );
FILE_NAME ('Walker_Rear_Wheel_Mount.STEP',
    '2026-08-11T21:06:34',
    ( '' ),
    ( '' ),
    'SwSTEP 2.0',
    'SolidWorks 2023',
    '' );
FILE_SCHEMA (( 'AUTOMOTIVE_DESIGN' ));
ENDSEC;

DATA;
#1 = CARTESIAN_POINT ( 'NONE',  ( 12.80042200311958034, 282.3995133656736130, 0.3754762498804646853 ) ) ;
#2 = VECTOR ( 'NONE', #1640, 1000.000000000000000 ) ;
#3 = VECTOR ( 'NONE', #994, 1000.000000000000000 ) ;
#4 = CARTESIAN_POINT ( 'NONE',  ( -13.52048488750492794, 82.07641088874065360, 21.39897387036284826 ) ) ;
#5 = CARTESIAN_POINT ( 'NONE',  ( -8.084804152814800915, 298.4787272615852771, -9.926691988927567323 ) ) ;
#6 = CARTESIAN_POINT ( 'NONE',  ( 21.67190579977700793, 81.76573922623136070, -9.574457300735049969 ) ) ;
#7 = DIRECTION ( 'NONE',  ( 0.000000000000000000, 0.000000000000000000, -1.000000000000000000 ) ) ;
#8 = CIRCLE ( 'NONE', #3038, 4.749999999999999112 ) ;
#9 = VECTOR ( 'NONE', #1960, 1000.000000000000000 ) ;
#10 = DIRECTION ( 'NONE',  ( 0.000000000000000000, 0.000000000000000000, -1.000000000000000000 ) ) ;
#11 = CARTESIAN_POINT ( 'NONE',  ( -14.33847875787743931, 81.88559906473265926, -20.73065363175990328 ) ) ;
#12 = ORIENTED_EDGE ( 'NONE', *, *, #422, .T. ) ;
#13 = DIRECTION ( 'NONE',  ( -0.000000000000000000, 1.000000000000000000, 0.000000000000000000 ) ) ;
#14 = EDGE_CURVE ( 'NONE', #72, #2002, #3385, .T. ) ;
#15 = CARTESIAN_POINT ( 'NONE',  ( 21.34666390965026039, 84.04565491311605285, 7.434964614767911151 ) ) ;
#16 = CARTESIAN_POINT ( 'NONE',  ( -32.50000000000000711, 72.76598128423228218, 27.02378468505230913 ) ) ;
#17 = CARTESIAN_POINT ( 'NONE',  ( 14.33847875787733628, 81.88559906473268768, 20.73065363175989972 ) ) ;
#18 = CARTESIAN_POINT ( 'NONE',  ( -10.40989842392085052, 285.2639255903820867, -7.472956644885200284 ) ) ;
#19 = ORIENTED_EDGE ( 'NONE', *, *, #2120, .T. ) ;
#20 = CARTESIAN_POINT ( 'NONE',  ( 9.963933929613668639, 82.50000000000001421, 23.55760644547853389 ) ) ;
#21 = EDGE_CURVE ( 'NONE', #3148, #2862, #1002, .T. ) ;
#22 = FACE_OUTER_BOUND ( 'NONE', #1925, .T. ) ;
#23 = CARTESIAN_POINT ( 'NONE',  ( 7.366304785440383363, 289.7953822610030556, 10.46971470278099581 ) ) ;
#24 = AXIS2_PLACEMENT_3D ( 'NONE', #108, #2295, #2551 ) ;
#25 = DIRECTION ( 'NONE',  ( 0.000000000000000000, 0.000000000000000000, 1.000000000000000000 ) ) ;
#26 = CARTESIAN_POINT ( 'NONE',  ( 13.50000000000000355, 293.5000000000000568, 10.09999999999999787 ) ) ;
#27 = CARTESIAN_POINT ( 'NONE',  ( 23.12378953274158278, 81.71166159275580299, -5.163133339759338192 ) ) ;
#28 = CYLINDRICAL_SURFACE ( 'NONE', #1812, 10.00000000000000178 ) ;
#29 = EDGE_CURVE ( 'NONE', #1200, #1494, #2848, .T. ) ;
#30 = PLANE ( 'NONE',  #1787 ) ;
#31 = DIRECTION ( 'NONE',  ( 0.000000000000000000, 0.000000000000000000, 1.000000000000000000 ) ) ;
#32 = VERTEX_POINT ( 'NONE', #1867 ) ;
#33 = FACE_BOUND ( 'NONE', #2554, .T. ) ;
#34 = CARTESIAN_POINT ( 'NONE',  ( 22.53502504687398655, 83.99430289250065584, -1.769781716161280327 ) ) ;
#35 = FACE_OUTER_BOUND ( 'NONE', #185, .T. ) ;
#36 = ADVANCED_FACE ( 'NONE', ( #421 ), #1590, .T. ) ;
#37 = CARTESIAN_POINT ( 'NONE',  ( 20.52818379739033716, 84.08454962467538962, 9.494140917234211940 ) ) ;
#38 = CIRCLE ( 'NONE', #1813, 19.00000000000000000 ) ;
#39 = ORIENTED_EDGE ( 'NONE', *, *, #3061, .T. ) ;
#40 = CARTESIAN_POINT ( 'NONE',  ( -21.88018864017565335, 81.65241896162355317, 9.485381717037622451 ) ) ;
#41 = AXIS2_PLACEMENT_3D ( 'NONE', #2535, #66, #1700 ) ;
#42 = CARTESIAN_POINT ( 'NONE',  ( 32.50000000000000000, 61.04654175236676394, -9.374955920457598069 ) ) ;
#43 = ADVANCED_FACE ( 'NONE', ( #3273 ), #1852, .T. ) ;
#44 = CYLINDRICAL_SURFACE ( 'NONE', #3513, 3.000000000000000888 ) ;
#45 = CARTESIAN_POINT ( 'NONE',  ( -10.20677783067507782, 301.4732521262127989, -7.730094380096181439 ) ) ;
#46 = CARTESIAN_POINT ( 'NONE',  ( 17.29340931746204291, 81.96680446829253697, -16.18430073281853154 ) ) ;
#47 = AXIS2_PLACEMENT_3D ( 'NONE', #1537, #125, #3256 ) ;
#48 = CYLINDRICAL_SURFACE ( 'NONE', #3525, 11.09999999999999787 ) ;
#49 = ORIENTED_EDGE ( 'NONE', *, *, #913, .T. ) ;
#50 = CYLINDRICAL_SURFACE ( 'NONE', #3607, 12.80000000000000071 ) ;
#51 = CARTESIAN_POINT ( 'NONE',  ( 9.000000000000001776, 82.50000000000001421, 23.96580897862619963 ) ) ;
#52 = CARTESIAN_POINT ( 'NONE',  ( 20.87500500947488646, 82.55155855852467539, 8.706260570636423779 ) ) ;
#53 = CLOSED_SHELL ( 'NONE', ( #59, #1832, #164, #2243, #667, #1454, #2274, #601, #2400, #3220, #2227, #2941, #3451, #2741, #2060, #2634, #515, #2499 ) ) ;
#54 = CARTESIAN_POINT ( 'NONE',  ( -11.25934096102093385, 284.2179507862296077, 6.097433337216042304 ) ) ;
#55 = ORIENTED_EDGE ( 'NONE', *, *, #306, .T. ) ;
#56 = CARTESIAN_POINT ( 'NONE',  ( -22.82761379601561202, 81.65224762677810588, -6.696060121138687649 ) ) ;
#57 = CARTESIAN_POINT ( 'NONE',  ( 32.49999999999999289, 59.80368359681965984, -13.63567350229997110 ) ) ;
#58 = CARTESIAN_POINT ( 'NONE',  ( 0.000000000000000000, 93.50000000000001421, 0.000000000000000000 ) ) ;
#59 = ADVANCED_FACE ( 'NONE', ( #1555 ), #3561, .T. ) ;
#60 = CYLINDRICAL_SURFACE ( 'NONE', #472, 10.00000000000000178 ) ;
#61 = DIRECTION ( 'NONE',  ( 0.000000000000000000, 0.000000000000000000, 1.000000000000000000 ) ) ;
#62 = CARTESIAN_POINT ( 'NONE',  ( 20.58850480611957678, 81.80975291590161191, -11.71874074142118971 ) ) ;
#63 = PRODUCT_DEFINITION_FORMATION_WITH_SPECIFIED_SOURCE ( 'ANY', '', #3363, .NOT_KNOWN. ) ;
#64 = CARTESIAN_POINT ( 'NONE',  ( -22.59854476332795059, 83.99172341541601838, -1.805107710621106198 ) ) ;
#65 = ORIENTED_EDGE ( 'NONE', *, *, #1869, .F. ) ;
#66 = DIRECTION ( 'NONE',  ( -1.000000000000000000, 0.000000000000000000, 0.000000000000000000 ) ) ;
#67 = ORIENTED_EDGE ( 'NONE', *, *, #2394, .T. ) ;
#68 = CARTESIAN_POINT ( 'NONE',  ( 14.87781205265444662, 81.80594964824008741, -19.91391067526386038 ) ) ;
#69 = CARTESIAN_POINT ( 'NONE',  ( -32.50000000000000000, 59.00000000000001421, 26.20889317180618505 ) ) ;
#70 = CARTESIAN_POINT ( 'NONE',  ( 17.72542223907383274, 84.25327642080479507, 14.02743876779229026 ) ) ;
#71 = CARTESIAN_POINT ( 'NONE',  ( -6.374166612193317150, 293.1023755829672837, -11.10000000000000142 ) ) ;
#72 = VERTEX_POINT ( 'NONE', #2159 ) ;
#73 = CARTESIAN_POINT ( 'NONE',  ( -23.71851738453679914, 81.65319206227002269, 1.965867456620449483 ) ) ;
#74 = FACE_OUTER_BOUND ( 'NONE', #1834, .T. ) ;
#75 = CARTESIAN_POINT ( 'NONE',  ( -12.44475996241179061, 304.1887240732541500, -3.091387723490532924 ) ) ;
#76 = CARTESIAN_POINT ( 'NONE',  ( 32.50000000000000000, 59.20821440427627635, -17.16451039407849777 ) ) ;
#77 = CARTESIAN_POINT ( 'NONE',  ( -14.65790826315506301, 84.55065323622297058, 17.20768074124312719 ) ) ;
#78 = EDGE_LOOP ( 'NONE', ( #636, #964, #1119, #592, #2626 ) ) ;
#79 = CARTESIAN_POINT ( 'NONE',  ( -18.49571653057699550, 82.54275238382059854, -12.99518474738245288 ) ) ;
#80 = EDGE_CURVE ( 'NONE', #2598, #1069, #663, .T. ) ;
#81 = EDGE_LOOP ( 'NONE', ( #1569, #1205, #690, #1316 ) ) ;
#82 = CARTESIAN_POINT ( 'NONE',  ( 17.44140014757006441, 84.27419760631568124, 14.37895309412678202 ) ) ;
#83 = CARTESIAN_POINT ( 'NONE',  ( 7.945312499999999112, 85.50000000000001421, -21.15731573894344208 ) ) ;
#84 = CARTESIAN_POINT ( 'NONE',  ( 21.50520982444284357, 82.55266197248984383, -7.006500422400160133 ) ) ;
#85 = VERTEX_POINT ( 'NONE', #2683 ) ;
#86 = CARTESIAN_POINT ( 'NONE',  ( -11.43062461317744294, 284.0111172269359372, -5.770959405553941934 ) ) ;
#87 = ORIENTED_EDGE ( 'NONE', *, *, #2775, .T. ) ;
#88 = CARTESIAN_POINT ( 'NONE',  ( -19.14684002598547963, 81.66420138532537010, 14.58025353599535556 ) ) ;
#89 = AXIS2_PLACEMENT_3D ( 'NONE', #1613, #1035, #199 ) ;
#90 = DIRECTION ( 'NONE',  ( -1.000000000000000000, 0.000000000000000000, 0.000000000000000000 ) ) ;
#91 = CYLINDRICAL_SURFACE ( 'NONE', #1037, 5.000000000000000888 ) ;
#92 = AXIS2_PLACEMENT_3D ( 'NONE', #3404, #344, #902 ) ;
#93 = CARTESIAN_POINT ( 'NONE',  ( -10.93474033505068554, 302.3855141636776693, 6.662199804136886172 ) ) ;
#94 = CARTESIAN_POINT ( 'NONE',  ( -17.72107511780627931, 84.25359140452417250, -14.03292568967134990 ) ) ;
#95 = ORIENTED_EDGE ( 'NONE', *, *, #149, .T. ) ;
#96 = CARTESIAN_POINT ( 'NONE',  ( -17.72542223907383274, 84.25327642080479507, -14.02743876779228493 ) ) ;
#97 = ORIENTED_EDGE ( 'NONE', *, *, #3198, .T. ) ;
#98 = CARTESIAN_POINT ( 'NONE',  ( 22.82761379601561558, 81.65224762677812009, 6.696060121138692978 ) ) ;
#99 = CARTESIAN_POINT ( 'NONE',  ( 9.639824946731501143, 300.7338323444687376, 8.426030288164572113 ) ) ;
#100 = EDGE_CURVE ( 'NONE', #187, #1742, #2907, .T. ) ;
#101 = CARTESIAN_POINT ( 'NONE',  ( 22.15975238304358541, 81.65227358508967370, -8.723559317175185512 ) ) ;
#102 = ORIENTED_EDGE ( 'NONE', *, *, #877, .T. ) ;
#103 = CARTESIAN_POINT ( 'NONE',  ( 32.50000000000000000, -62.77999999999998693, -19.00000000000000000 ) ) ;
#104 = CARTESIAN_POINT ( 'NONE',  ( 12.53309020034597232, 441.9952125876194486, 2.602684777851051123 ) ) ;
#105 = CARTESIAN_POINT ( 'NONE',  ( -23.70776596955030513, 81.65317522541376150, -0.9415375934161207550 ) ) ;
#106 = AXIS2_PLACEMENT_3D ( 'NONE', #3292, #736, #456 ) ;
#107 = CARTESIAN_POINT ( 'NONE',  ( 12.44550007833761462, 85.02233812214142006, -18.89128830663107905 ) ) ;
#108 = CARTESIAN_POINT ( 'NONE',  ( 0.000000000000000000, 135.5000000000000000, 0.000000000000000000 ) ) ;
#109 = CIRCLE ( 'NONE', #2070, 10.09999999999999787 ) ;
#110 = CARTESIAN_POINT ( 'NONE',  ( -32.50000000000000000, -62.77999999999998693, -7.903034951608021219E-15 ) ) ;
#111 = VECTOR ( 'NONE', #3260, 1000.000000000000000 ) ;
#112 = CARTESIAN_POINT ( 'NONE',  ( -22.33944803151431202, 84.00232917925072229, 3.535069573961455269 ) ) ;
#113 = UNCERTAINTY_MEASURE_WITH_UNIT (LENGTH_MEASURE( 1.000000000000000082E-05 ), #2051, 'distance_accuracy_value', 'NONE');
#114 = ORIENTED_EDGE ( 'NONE', *, *, #3638, .F. ) ;
#115 = STYLED_ITEM ( 'NONE', ( #3393 ), #3055 ) ;
#116 = CARTESIAN_POINT ( 'NONE',  ( -22.46446543553421904, 81.65218430313410636, -7.848725184101410512 ) ) ;
#117 = EDGE_LOOP ( 'NONE', ( #1643, #3250, #802, #3649 ) ) ;
#118 = CARTESIAN_POINT ( 'NONE',  ( 19.14684002598547963, 81.66420138532537010, -14.58025353599535734 ) ) ;
#119 = DIRECTION ( 'NONE',  ( 1.000000000000000000, 0.000000000000000000, 0.000000000000000000 ) ) ;
#120 = CARTESIAN_POINT ( 'NONE',  ( 23.61519013406132927, 81.65303774182332575, -2.340648401605446516 ) ) ;
#121 = VECTOR ( 'NONE', #1760, 1000.000000000000000 ) ;
#122 = CARTESIAN_POINT ( 'NONE',  ( 32.50000000000000000, 59.20534834687040870, 17.19077977036717897 ) ) ;
#123 = EDGE_CURVE ( 'NONE', #1221, #32, #423, .T. ) ;
#124 = ORIENTED_EDGE ( 'NONE', *, *, #2099, .F. ) ;
#125 = DIRECTION ( 'NONE',  ( 1.000000000000000000, 0.000000000000000000, 0.000000000000000000 ) ) ;
#126 = DIRECTION ( 'NONE',  ( 1.000000000000000000, 0.000000000000000000, 0.000000000000000000 ) ) ;
#127 =( BOUNDED_SURFACE ( )  B_SPLINE_SURFACE ( 3, 2, ( 
 ( #2750, #2228, #243 ),
 ( #524, #3337, #4 ),
 ( #1417, #1117, #2776 ),
 ( #541, #1675, #782 ),
 ( #1396, #2209, #2249 ),
 ( #1922, #3641, #1141 ) ),
 .UNSPECIFIED., .F., .F., .F. ) 
 B_SPLINE_SURFACE_WITH_KNOTS ( ( 4, 2, 4 ),
 ( 3, 3 ),
 ( -1.908195823574487804E-17, 0.003434621168004717891, 0.006869242336009454865 ),
 ( 0.000000000000000000, 1.000000000000000000 ),
 .UNSPECIFIED. ) 
 GEOMETRIC_REPRESENTATION_ITEM ( )  RATIONAL_B_SPLINE_SURFACE ( (
 ( 1.000000000000000000, 0.7527563931194948266, 1.000000000000000000),
 ( 1.000000000000000000, 0.7432568518614723896, 1.000000000000000000),
 ( 1.000000000000000000, 0.7344079208050976471, 1.000000000000000000),
 ( 1.000000000000000000, 0.7188833650209963677, 1.000000000000000000),
 ( 1.000000000000000000, 0.7122074525477922746, 1.000000000000000000),
 ( 1.000000000000000000, 0.7071067811865475727, 1.000000000000000000) ) ) 
 REPRESENTATION_ITEM ( '' )  SURFACE ( )  );
#128 = CARTESIAN_POINT ( 'NONE',  ( 7.895007009778116647, 288.8340321424847730, -10.07770033493559758 ) ) ;
#129 =( GEOMETRIC_REPRESENTATION_CONTEXT ( 3 ) GLOBAL_UNCERTAINTY_ASSIGNED_CONTEXT ( ( #113 ) ) GLOBAL_UNIT_ASSIGNED_CONTEXT ( ( #2051, #1757, #3311 ) ) REPRESENTATION_CONTEXT ( 'NONE', 'WORKASPACE' ) );
#130 = EDGE_CURVE ( 'NONE', #329, #1494, #1289, .T. ) ;
#131 = CARTESIAN_POINT ( 'NONE',  ( -32.50000000000000000, 82.50000000000001421, 27.60000000000001918 ) ) ;
#132 = DIRECTION ( 'NONE',  ( 0.000000000000000000, 0.000000000000000000, -1.000000000000000000 ) ) ;
#133 = CARTESIAN_POINT ( 'NONE',  ( -22.60035453518466397, 83.99165011887257037, 0.4283863188178488324 ) ) ;
#134 = EDGE_LOOP ( 'NONE', ( #2505, #745, #2662, #3177, #395, #2638 ) ) ;
#135 = CARTESIAN_POINT ( 'NONE',  ( -22.59923326223713858, 83.99169553088046314, -1.796658609074420765 ) ) ;
#136 = VERTEX_POINT ( 'NONE', #1348 ) ;
#137 = CARTESIAN_POINT ( 'NONE',  ( 14.33847875787743575, 81.88559906473265926, 20.73065363175990328 ) ) ;
#138 = CARTESIAN_POINT ( 'NONE',  ( -12.44347218424182522, 443.5000000000000000, 3.000000000000000888 ) ) ;
#139 = EDGE_CURVE ( 'NONE', #2067, #2564, #1888, .T. ) ;
#140 = CARTESIAN_POINT ( 'NONE',  ( 20.31648125186936227, 82.55023657806457038, -9.909556055354704185 ) ) ;
#141 = AXIS2_PLACEMENT_3D ( 'NONE', #2214, #2802, #3316 ) ;
#142 = DIRECTION ( 'NONE',  ( 0.000000000000000000, -0.000000000000000000, 1.000000000000000000 ) ) ;
#143 = VERTEX_POINT ( 'NONE', #1684 ) ;
#144 = EDGE_CURVE ( 'NONE', #1250, #1606, #2290, .T. ) ;
#145 = LINE ( 'NONE', #730, #1113 ) ;
#146 = CARTESIAN_POINT ( 'NONE',  ( -9.000000000000001776, 59.00000000000001421, 27.60000000000001918 ) ) ;
#147 = CARTESIAN_POINT ( 'NONE',  ( -6.410268340838596757, 292.7208315972485480, 11.07948649034880262 ) ) ;
#148 = DIRECTION ( 'NONE',  ( 0.000000000000000000, -0.000000000000000000, 1.000000000000000000 ) ) ;
#149 = EDGE_CURVE ( 'NONE', #2411, #1452, #1092, .T. ) ;
#150 = CARTESIAN_POINT ( 'NONE',  ( -17.92089779380438230, 81.93353343043158077, -15.51059846219991734 ) ) ;
#151 = ORIENTED_EDGE ( 'NONE', *, *, #3161, .T. ) ;
#152 = CARTESIAN_POINT ( 'NONE',  ( -17.67283729619747135, 81.68338401954352435, -16.58438563941237121 ) ) ;
#153 = ORIENTED_EDGE ( 'NONE', *, *, #569, .T. ) ;
#154 = CARTESIAN_POINT ( 'NONE',  ( -8.500000000000003553, 73.50000000000002842, -27.06723568281936565 ) ) ;
#155 = CARTESIAN_POINT ( 'NONE',  ( -12.44347218424182344, 443.3010876587531470, 3.000000000000000888 ) ) ;
#156 = CARTESIAN_POINT ( 'NONE',  ( 13.43880839817658313, 84.76282946064952739, -18.17060059765649171 ) ) ;
#157 = CARTESIAN_POINT ( 'NONE',  ( -32.50000000000000711, 63.33717727525563390, 0.8527262698972208899 ) ) ;
#158 = EDGE_LOOP ( 'NONE', ( #3654, #296, #661, #205 ) ) ;
#159 = CARTESIAN_POINT ( 'NONE',  ( 9.000000000000001776, 59.00000000000001421, 20.73065363175990328 ) ) ;
#160 = DIRECTION ( 'NONE',  ( 0.000000000000000000, 0.000000000000000000, 1.000000000000000000 ) ) ;
#161 = AXIS2_PLACEMENT_3D ( 'NONE', #678, #402, #2643 ) ;
#162 = LINE ( 'NONE', #2412, #3392 ) ;
#163 = VECTOR ( 'NONE', #1572, 1000.000000000000227 ) ;
#164 = ADVANCED_FACE ( 'NONE', ( #3094 ), #535, .F. ) ;
#165 = DIRECTION ( 'NONE',  ( 0.000000000000000000, 0.000000000000000000, -1.000000000000000000 ) ) ;
#166 = VERTEX_POINT ( 'NONE', #1389 ) ;
#167 = CARTESIAN_POINT ( 'NONE',  ( -16.07884838591844101, 81.72916015998245598, 18.48197833155980518 ) ) ;
#168 = VERTEX_POINT ( 'NONE', #3669 ) ;
#169 = CARTESIAN_POINT ( 'NONE',  ( 23.44008858825280583, 81.65279966873949036, 3.859182256423603796 ) ) ;
#170 = CARTESIAN_POINT ( 'NONE',  ( 6.659986623377841752, 295.4386812371414521, -10.93105562519298424 ) ) ;
#171 = AXIS2_PLACEMENT_3D ( 'NONE', #2942, #1523, #2586 ) ;
#172 = CARTESIAN_POINT ( 'NONE',  ( 17.75522986040019902, 84.24939667661378451, -14.01123633116005252 ) ) ;
#173 = CARTESIAN_POINT ( 'NONE',  ( 1.567547902908612184E-15, 163.5000000000000284, -12.80000000000000071 ) ) ;
#174 = ORIENTED_EDGE ( 'NONE', *, *, #3566, .F. ) ;
#175 = CARTESIAN_POINT ( 'NONE',  ( 4.996495225174104604, 84.08844462421582477, -22.39398488411775290 ) ) ;
#176 = CARTESIAN_POINT ( 'NONE',  ( -32.50000000000000000, -62.77999999999998693, 19.00000000000000000 ) ) ;
#177 = CARTESIAN_POINT ( 'NONE',  ( 12.44347218424182522, 443.3010342257348384, 3.000000000000000888 ) ) ;
#178 = CARTESIAN_POINT ( 'NONE',  ( -32.50000000000000000, 61.74831217120990345, 7.274168642870677992 ) ) ;
#179 = CARTESIAN_POINT ( 'NONE',  ( -23.50000000000000711, -62.77999999999998693, -10.00000000000000888 ) ) ;
#180 = PLANE ( 'NONE',  #3454 ) ;
#181 = EDGE_CURVE ( 'NONE', #1008, #2218, #3138, .T. ) ;
#182 = DIRECTION ( 'NONE',  ( 0.000000000000000000, 1.000000000000000000, 0.000000000000000000 ) ) ;
#183 = EDGE_CURVE ( 'NONE', #1452, #2598, #3509, .T. ) ;
#184 = CARTESIAN_POINT ( 'NONE',  ( -32.49999999999716493, 78.05519630742813320, -17.91829382349689581 ) ) ;
#185 = EDGE_LOOP ( 'NONE', ( #3449, #655, #1252, #401 ) ) ;
#186 = CARTESIAN_POINT ( 'NONE',  ( -15.22487946637539835, 81.77693736227075760, 19.48363802136622525 ) ) ;
#187 = VERTEX_POINT ( 'NONE', #3124 ) ;
#188 = CARTESIAN_POINT ( 'NONE',  ( 14.26953624017271949, 82.15311281879598937, 18.84614498141772643 ) ) ;
#189 = CARTESIAN_POINT ( 'NONE',  ( 13.70484636096485609, 84.70704009557898928, -17.97079553554770115 ) ) ;
#190 = B_SPLINE_CURVE_WITH_KNOTS ( 'NONE', 3,
 ( #3445, #1449, #1429, #622, #1761, #347, #1481, #2055, #1169, #2334, #3483, #3195, #1565, #2952, #2640, #2695, #1254, #2406, #1282, #1532, #695, #1010, #3569, #3215, #659, #416, #3518, #726, #155, #138 ),
 .UNSPECIFIED., .F., .F.,
 ( 4, 2, 2, 2, 2, 2, 2, 2, 2, 2, 2, 2, 2, 2, 4 ),
 ( 0.009412137072675748339, 0.01058833824859261794, 0.01117643883655105273, 0.01176453942450948753, 0.01235264001246792233, 0.01294074060042635539, 0.01411694177634316080, 0.01470504236430156264, 0.01529314295225996448, 0.01588124354021836632, 0.01646934412817676815, 0.01705744471613517346, 0.01764554530409357530, 0.01823364589205197714, 0.01882174648001037898 ),
 .UNSPECIFIED. ) ;
#191 = EDGE_CURVE ( 'NONE', #1620, #1404, #2281, .T. ) ;
#192 = CARTESIAN_POINT ( 'NONE',  ( -32.50000000000000711, 62.89388634936086930, -3.555756973873339888 ) ) ;
#193 = ORIENTED_EDGE ( 'NONE', *, *, #2650, .T. ) ;
#194 = DIRECTION ( 'NONE',  ( 0.000000000000000000, 0.000000000000000000, -1.000000000000000000 ) ) ;
#195 = CARTESIAN_POINT ( 'NONE',  ( -9.829540451004188384, 85.43319338672834817, 20.37523856190239968 ) ) ;
#196 = CARTESIAN_POINT ( 'NONE',  ( 0.000000000000000000, 94.50000000000001421, 0.000000000000000000 ) ) ;
#197 = CARTESIAN_POINT ( 'NONE',  ( -32.50000000000000000, 74.63626175003925312, 0.7872525520510353925 ) ) ;
#198 = ORIENTED_EDGE ( 'NONE', *, *, #808, .F. ) ;
#199 = DIRECTION ( 'NONE',  ( 0.000000000000000000, 0.000000000000000000, 1.000000000000000000 ) ) ;
#200 = CARTESIAN_POINT ( 'NONE',  ( -32.50000000000000000, 80.49755778677076989, 20.73065363175991749 ) ) ;
#201 = CARTESIAN_POINT ( 'NONE',  ( -15.35086904657157802, 82.08111588026382321, -18.00132096459676490 ) ) ;
#202 = VECTOR ( 'NONE', #3679, 1000.000000000000000 ) ;
#203 = LINE ( 'NONE', #1619, #1610 ) ;
#204 = VECTOR ( 'NONE', #1987, 1000.000000000000000 ) ;
#205 = ORIENTED_EDGE ( 'NONE', *, *, #1342, .T. ) ;
#206 = CARTESIAN_POINT ( 'NONE',  ( -13.95050036115770986, 82.42240659503599431, 17.78375247039810958 ) ) ;
#207 = ORIENTED_EDGE ( 'NONE', *, *, #3585, .F. ) ;
#208 = CARTESIAN_POINT ( 'NONE',  ( 17.92089779380482639, 81.93353343043327186, 15.51059846219573934 ) ) ;
#209 = FACE_OUTER_BOUND ( 'NONE', #3281, .T. ) ;
#210 = CARTESIAN_POINT ( 'NONE',  ( 14.65733408192888199, 84.55075630787452212, -17.20812183878869561 ) ) ;
#211 = CARTESIAN_POINT ( 'NONE',  ( -32.50000000000000000, 59.33306920625479108, 16.26369140502991328 ) ) ;
#212 = ORIENTED_EDGE ( 'NONE', *, *, #2120, .F. ) ;
#213 = CARTESIAN_POINT ( 'NONE',  ( 4.242474553367392431, 82.50000000000001421, -25.24601769911504690 ) ) ;
#214 = EDGE_CURVE ( 'NONE', #3371, #2072, #242, .T. ) ;
#215 = CARTESIAN_POINT ( 'NONE',  ( -7.945312500000015099, 82.50000000000001421, -21.15731573894343853 ) ) ;
#216 = DIRECTION ( 'NONE',  ( -0.9361644132275860342, 5.413287949999814445E-16, -0.3515624999999999445 ) ) ;
#217 = CARTESIAN_POINT ( 'NONE',  ( -32.50000000000000000, 61.04356751056858599, 9.384090260331594990 ) ) ;
#218 = ORIENTED_EDGE ( 'NONE', *, *, #3355, .F. ) ;
#219 = CARTESIAN_POINT ( 'NONE',  ( 0.000000000000000000, 93.50000000000001421, -13.99999999999999822 ) ) ;
#220 = CARTESIAN_POINT ( 'NONE',  ( -11.73395044957695887, 82.35015211408314428, 20.41776972926280820 ) ) ;
#221 = CARTESIAN_POINT ( 'NONE',  ( 10.21400394031366332, 285.5175192340564081, 7.720498552082175614 ) ) ;
#222 = CARTESIAN_POINT ( 'NONE',  ( -32.50000000000000000, 82.50000000000001421, 27.60000000000001918 ) ) ;
#223 = CARTESIAN_POINT ( 'NONE',  ( -32.50000000000000000, 75.85412361609444076, -12.10341353797714525 ) ) ;
#224 = AXIS2_PLACEMENT_3D ( 'NONE', #2624, #2261, #3406 ) ;
#225 = CARTESIAN_POINT ( 'NONE',  ( -32.50000000000000000, -62.77999999999998693, -19.00000000000000000 ) ) ;
#226 = ORIENTED_EDGE ( 'NONE', *, *, #627, .F. ) ;
#227 = CARTESIAN_POINT ( 'NONE',  ( -13.34949912778600911, 84.78347191907899116, 18.23631360459675577 ) ) ;
#228 = ORIENTED_EDGE ( 'NONE', *, *, #2116, .T. ) ;
#229 = CARTESIAN_POINT ( 'NONE',  ( 20.13015422137856802, 81.82941338585665392, 12.48318752179021729 ) ) ;
#230 = CARTESIAN_POINT ( 'NONE',  ( 11.86823099048810271, 303.5115531982402786, -4.807935933519749128 ) ) ;
#231 = CARTESIAN_POINT ( 'NONE',  ( 13.00105126093329666, 82.27609808552234938, -18.49165021983127843 ) ) ;
#232 = FACE_OUTER_BOUND ( 'NONE', #2065, .T. ) ;
#233 = ORIENTED_EDGE ( 'NONE', *, *, #1129, .T. ) ;
#234 = DIRECTION ( 'NONE',  ( 0.000000000000000000, -0.000000000000000000, 1.000000000000000000 ) ) ;
#235 = CARTESIAN_POINT ( 'NONE',  ( -32.50000000000000000, -62.77999999999998693, -7.688332605047083519E-15 ) ) ;
#236 = CARTESIAN_POINT ( 'NONE',  ( -4.971975801645493576, 85.07674235877064461, -22.06952795477708662 ) ) ;
#237 = CARTESIAN_POINT ( 'NONE',  ( -32.50000000000141398, 75.82739107362147024, 11.99118561915876136 ) ) ;
#238 = VERTEX_POINT ( 'NONE', #889 ) ;
#239 = CARTESIAN_POINT ( 'NONE',  ( 0.000000000000000000, 138.5000000000000000, 0.000000000000000000 ) ) ;
#240 = EDGE_CURVE ( 'NONE', #3624, #1563, #3574, .T. ) ;
#241 = CARTESIAN_POINT ( 'NONE',  ( 6.651996164095314690, 291.5669250130128489, 10.93673631612111841 ) ) ;
#242 =( BOUNDED_CURVE ( )  B_SPLINE_CURVE ( 3, ( #2610, #317, #16, #69 ),
 .UNSPECIFIED., .F., .T. ) 
 B_SPLINE_CURVE_WITH_KNOTS ( ( 4, 4 ),
 ( 3.141592653589793116, 4.712388980384689674 ),
 .UNSPECIFIED. ) 
 CURVE ( )  GEOMETRIC_REPRESENTATION_ITEM ( )  RATIONAL_B_SPLINE_CURVE ( ( 1.000000000000000000, 0.8047378541243649375, 0.8047378541243649375, 1.000000000000000000 ) ) 
 REPRESENTATION_ITEM ( '' )  );
#243 = CARTESIAN_POINT ( 'NONE',  ( -14.33847875787733095, 81.88559906473268768, 20.73065363175991038 ) ) ;
#244 = AXIS2_PLACEMENT_3D ( 'NONE', #2031, #338, #895 ) ;
#245 = CARTESIAN_POINT ( 'NONE',  ( -19.70625123526897582, 82.54845741104638535, 11.10060698996089990 ) ) ;
#246 = ORIENTED_EDGE ( 'NONE', *, *, #681, .F. ) ;
#247 = CARTESIAN_POINT ( 'NONE',  ( 12.47534321208589780, 82.28845541040026035, 20.01074211974432515 ) ) ;
#248 = DIRECTION ( 'NONE',  ( 0.000000000000000000, 0.000000000000000000, -1.000000000000000000 ) ) ;
#249 = CARTESIAN_POINT ( 'NONE',  ( -32.50000000000000000, -62.77999999999998693, 9.999999999999994671 ) ) ;
#250 = CARTESIAN_POINT ( 'NONE',  ( -12.79536226579304881, 446.4803854724620464, -0.3948456192475774951 ) ) ;
#251 = VERTEX_POINT ( 'NONE', #1496 ) ;
#252 = CARTESIAN_POINT ( 'NONE',  ( -14.50000000000000000, 293.5000000000000568, 10.09999999999999787 ) ) ;
#253 = ADVANCED_FACE ( 'NONE', ( #3424, #2595 ), #1186, .F. ) ;
#254 = DIRECTION ( 'NONE',  ( -0.000000000000000000, 0.9982525060048217380, 0.05909259052616661761 ) ) ;
#255 = DIRECTION ( 'NONE',  ( 0.000000000000000000, 0.000000000000000000, 1.000000000000000000 ) ) ;
#256 = CARTESIAN_POINT ( 'NONE',  ( -22.32400226369612994, 81.74076935737826943, 7.932619630503959129 ) ) ;
#257 = ADVANCED_FACE ( 'NONE', ( #2578 ), #2317, .F. ) ;
#258 = ORIENTED_EDGE ( 'NONE', *, *, #2308, .T. ) ;
#259 = CARTESIAN_POINT ( 'NONE',  ( 9.621876590790842343, 82.54006276596689418, 20.47170682558726540 ) ) ;
#260 = DIRECTION ( 'NONE',  ( 0.000000000000000000, 0.000000000000000000, 1.000000000000000000 ) ) ;
#261 = CARTESIAN_POINT ( 'NONE',  ( 10.39895022012957249, 285.2825409629202795, 7.470211948727614626 ) ) ;
#262 = EDGE_CURVE ( 'NONE', #2733, #2698, #3447, .T. ) ;
#263 = CYLINDRICAL_SURFACE ( 'NONE', #3527, 23.50000000000000000 ) ;
#264 = CARTESIAN_POINT ( 'NONE',  ( -10.39430914995507926, 301.7115983365843590, -7.476730829865952721 ) ) ;
#265 = VERTEX_POINT ( 'NONE', #3181 ) ;
#266 = CARTESIAN_POINT ( 'NONE',  ( 32.50000000000000000, 74.65032234329947869, -1.617860150574288669 ) ) ;
#267 = LINE ( 'NONE', #2943, #3598 ) ;
#268 = EDGE_CURVE ( 'NONE', #1212, #2149, #640, .T. ) ;
#269 = LINE ( 'NONE', #1738, #938 ) ;
#270 = CARTESIAN_POINT ( 'NONE',  ( -12.77765961200464062, 446.4034461260088733, 0.7804211576928250516 ) ) ;
#271 = ORIENTED_EDGE ( 'NONE', *, *, #80, .F. ) ;
#272 = DIRECTION ( 'NONE',  ( 0.000000000000000000, -0.000000000000000000, 1.000000000000000000 ) ) ;
#273 = CARTESIAN_POINT ( 'NONE',  ( 0.000000000000000000, 163.5000000000000284, 0.000000000000000000 ) ) ;
#274 = DIRECTION ( 'NONE',  ( 0.000000000000000000, -0.9982525060048217380, -0.05909259052616661761 ) ) ;
#275 = CARTESIAN_POINT ( 'NONE',  ( 13.25983199483500030, 84.80716490278365427, 18.30128015928803720 ) ) ;
#276 = ORIENTED_EDGE ( 'NONE', *, *, #280, .F. ) ;
#277 = DIRECTION ( 'NONE',  ( 0.1193418607020716449, 0.000000000000000000, 0.9928532219236474443 ) ) ;
#278 = CARTESIAN_POINT ( 'NONE',  ( 32.50000000000000000, 59.00000000000001421, 20.73065363175990328 ) ) ;
#279 = DIRECTION ( 'NONE',  ( 0.000000000000000000, 0.000000000000000000, 1.000000000000000000 ) ) ;
#280 = EDGE_CURVE ( 'NONE', #1580, #2192, #2713, .T. ) ;
#281 = DIRECTION ( 'NONE',  ( -1.000000000000000000, 0.000000000000000000, 0.000000000000000000 ) ) ;
#282 = CARTESIAN_POINT ( 'NONE',  ( -8.468560514335472078, 299.0803390704187450, -9.601393380517659892 ) ) ;
#283 = CARTESIAN_POINT ( 'NONE',  ( 17.99297359910039162, 81.92981961682049530, -15.42865422810558940 ) ) ;
#284 = CARTESIAN_POINT ( 'NONE',  ( 0.000000000000000000, 453.5000000000000000, 0.000000000000000000 ) ) ;
#285 = VECTOR ( 'NONE', #2255, 1000.000000000000000 ) ;
#286 = DIRECTION ( 'NONE',  ( 0.1283090787574820146, 0.000000000000000000, -0.9917342286663328732 ) ) ;
#287 = CARTESIAN_POINT ( 'NONE',  ( -12.77765711287935702, 446.4034330276240894, -0.7801777243700370734 ) ) ;
#288 = ORIENTED_EDGE ( 'NONE', *, *, #3153, .F. ) ;
#289 = CARTESIAN_POINT ( 'NONE',  ( -14.33847875787733450, 81.88559906473268768, -20.73065363175990328 ) ) ;
#290 = AXIS2_PLACEMENT_3D ( 'NONE', #869, #2025, #588 ) ;
#291 = CARTESIAN_POINT ( 'NONE',  ( 22.33944803151431913, 84.00232917925073650, -3.535069573961459266 ) ) ;
#292 = DIRECTION ( 'NONE',  ( 0.000000000000000000, 0.000000000000000000, -1.000000000000000000 ) ) ;
#293 = CARTESIAN_POINT ( 'NONE',  ( 12.86548542198928580, 82.22920132796777182, 18.58699619981427631 ) ) ;
#294 = VECTOR ( 'NONE', #1769, 1000.000000000000000 ) ;
#295 = CARTESIAN_POINT ( 'NONE',  ( -12.42782075160890365, 282.8311463514017987, 3.086970586831557117 ) ) ;
#296 = ORIENTED_EDGE ( 'NONE', *, *, #2548, .F. ) ;
#297 = DIRECTION ( 'NONE',  ( 0.000000000000000000, 0.05909259052616662455, -0.9982525060048218490 ) ) ;
#298 = AXIS2_PLACEMENT_3D ( 'NONE', #1871, #1593, #703 ) ;
#299 = CIRCLE ( 'NONE', #996, 10.09999999999999787 ) ;
#300 = CARTESIAN_POINT ( 'NONE',  ( 32.50000000000000711, 61.89210062104797316, -6.844507024962666719 ) ) ;
#301 = CARTESIAN_POINT ( 'NONE',  ( 7.046768322433411669, 290.4802830943713730, 10.68739577070014235 ) ) ;
#302 = ADVANCED_FACE ( 'NONE', ( #35 ), #1985, .F. ) ;
#303 = AXIS2_PLACEMENT_3D ( 'NONE', #1378, #3621, #2469 ) ;
#304 = AXIS2_PLACEMENT_3D ( 'NONE', #1009, #2347, #2135 ) ;
#305 = CARTESIAN_POINT ( 'NONE',  ( -9.000000000000001776, 82.50000000000001421, -27.59999999999998721 ) ) ;
#306 = EDGE_CURVE ( 'NONE', #714, #1048, #701, .T. ) ;
#307 = CARTESIAN_POINT ( 'NONE',  ( 12.66948218875750953, 445.8847630175304175, -1.830562526645087784 ) ) ;
#308 = CARTESIAN_POINT ( 'NONE',  ( 32.50000000000000000, 62.55982747491374596, -4.733368740472023717 ) ) ;
#309 = DIRECTION ( 'NONE',  ( 0.000000000000000000, 0.000000000000000000, 1.000000000000000000 ) ) ;
#310 = VECTOR ( 'NONE', #2037, 1000.000000000000000 ) ;
#311 = AXIS2_PLACEMENT_3D ( 'NONE', #1038, #2746, #2467 ) ;
#312 = DIRECTION ( 'NONE',  ( -0.000000000000000000, -1.000000000000000000, -0.000000000000000000 ) ) ;
#313 = CARTESIAN_POINT ( 'NONE',  ( -12.79998143673662092, 446.4999207967369443, 0.1976552266103994149 ) ) ;
#314 = ORIENTED_EDGE ( 'NONE', *, *, #971, .T. ) ;
#315 = CARTESIAN_POINT ( 'NONE',  ( 9.000000000000001776, 82.50000000000001421, 27.60000000000001918 ) ) ;
#316 = CARTESIAN_POINT ( 'NONE',  ( 14.98669883980971207, 84.50915206709434813, 16.92199059052376597 ) ) ;
#317 = CARTESIAN_POINT ( 'NONE',  ( -22.76598128423227507, 82.50000000000001421, 27.60000000000001918 ) ) ;
#318 = EDGE_CURVE ( 'NONE', #3082, #1930, #190, .T. ) ;
#319 = CARTESIAN_POINT ( 'NONE',  ( 19.62954875755190542, 81.66070986816718857, 13.82094924443143924 ) ) ;
#320 = CARTESIAN_POINT ( 'NONE',  ( -7.542700072150512192, 289.4587132449241835, -10.34403031288789698 ) ) ;
#321 = EDGE_LOOP ( 'NONE', ( #892, #821, #1648, #3346 ) ) ;
#322 = DIRECTION ( 'NONE',  ( -0.000000000000000000, -1.000000000000000000, -0.000000000000000000 ) ) ;
#323 = CARTESIAN_POINT ( 'NONE',  ( 32.49999999999999289, 59.04329281344291758, -18.93706135001898261 ) ) ;
#324 = LINE ( 'NONE', #614, #2718 ) ;
#325 = CARTESIAN_POINT ( 'NONE',  ( -6.374166612193320702, 293.5000000000001137, -11.09999999999999787 ) ) ;
#326 = CARTESIAN_POINT ( 'NONE',  ( 23.59110255941649825, 81.69536437593846756, 2.226297185429985337 ) ) ;
#327 = AXIS2_PLACEMENT_3D ( 'NONE', #3056, #815, #2286 ) ;
#328 = CARTESIAN_POINT ( 'NONE',  ( 8.499999999999984013, 73.50000000000002842, 27.06723568281939407 ) ) ;
#329 = VERTEX_POINT ( 'NONE', #2136 ) ;
#330 = CARTESIAN_POINT ( 'NONE',  ( -13.96844220707789930, 84.65772592785761219, -17.76771738331968109 ) ) ;
#331 = CARTESIAN_POINT ( 'NONE',  ( 20.33419735105012549, 84.09477258874778727, -9.873031016024256701 ) ) ;
#332 = DIRECTION ( 'NONE',  ( 1.000000000000000000, -0.000000000000000000, 0.000000000000000000 ) ) ;
#333 = CARTESIAN_POINT ( 'NONE',  ( 19.70244282774048727, 82.54844431240110225, 11.10734707851962888 ) ) ;
#334 = EDGE_CURVE ( 'NONE', #2522, #3201, #2678, .T. ) ;
#335 = CARTESIAN_POINT ( 'NONE',  ( -7.047739813455593527, 290.4779733779947151, -10.68676343419405228 ) ) ;
#336 = ORIENTED_EDGE ( 'NONE', *, *, #1720, .T. ) ;
#337 = CARTESIAN_POINT ( 'NONE',  ( -14.58940481695189284, 81.83946171038726902, -20.30821737369787172 ) ) ;
#338 = DIRECTION ( 'NONE',  ( -0.000000000000000000, 1.000000000000000000, 0.000000000000000000 ) ) ;
#339 = DIRECTION ( 'NONE',  ( -0.7957189293075782599, -0.1856157922427378315, 0.5765224741601163716 ) ) ;
#340 = CARTESIAN_POINT ( 'NONE',  ( 12.77784614960775400, 446.4042619184587011, 0.7770377782783263187 ) ) ;
#341 = CARTESIAN_POINT ( 'NONE',  ( 15.40234082250326431, 82.07783453147797559, -17.95863079760880154 ) ) ;
#342 = CARTESIAN_POINT ( 'NONE',  ( -21.75088640613596525, 84.02748836613925221, -6.153001368004249017 ) ) ;
#343 = ORIENTED_EDGE ( 'NONE', *, *, #1351, .T. ) ;
#344 = DIRECTION ( 'NONE',  ( 0.000000000000000000, 1.000000000000000000, -0.000000000000000000 ) ) ;
#345 = ORIENTED_EDGE ( 'NONE', *, *, #2282, .F. ) ;
#346 = CARTESIAN_POINT ( 'NONE',  ( 20.52428710473289541, 84.08514574907324857, -9.471650175185432730 ) ) ;
#347 = CARTESIAN_POINT ( 'NONE',  ( -12.57647203510058276, 441.6686832137360170, -2.384261789184599856 ) ) ;
#348 = CARTESIAN_POINT ( 'NONE',  ( 14.78563890881551757, 81.81641873207438209, 20.03903140517846282 ) ) ;
#349 = CARTESIAN_POINT ( 'NONE',  ( -6.902256878864189815, 290.8300971252764953, -10.78054586557246530 ) ) ;
#350 = ORIENTED_EDGE ( 'NONE', *, *, #3114, .F. ) ;
#351 = CARTESIAN_POINT ( 'NONE',  ( -15.49316578524177324, 81.75728919096980007, -19.15821867064412842 ) ) ;
#352 = CARTESIAN_POINT ( 'NONE',  ( 32.49999999999999289, 62.65995908639139600, 4.409745375444972026 ) ) ;
#353 = CARTESIAN_POINT ( 'NONE',  ( 20.00000000000000000, 443.5000000000000568, 0.000000000000000000 ) ) ;
#354 = EDGE_CURVE ( 'NONE', #2691, #901, #2091, .T. ) ;
#355 = CARTESIAN_POINT ( 'NONE',  ( 13.50000000000000355, 293.5000000000000568, 0.000000000000000000 ) ) ;
#356 = CARTESIAN_POINT ( 'NONE',  ( 32.49999999999999289, 78.34907826650942297, -18.38756158255738171 ) ) ;
#357 =( GEOMETRIC_REPRESENTATION_CONTEXT ( 3 ) GLOBAL_UNCERTAINTY_ASSIGNED_CONTEXT ( ( #2673 ) ) GLOBAL_UNIT_ASSIGNED_CONTEXT ( ( #3489, #2340, #1195 ) ) REPRESENTATION_CONTEXT ( 'NONE', 'WORKASPACE' ) );
#358 = CARTESIAN_POINT ( 'NONE',  ( -22.49576434573209127, 83.99590192328875560, 2.213029668273344353 ) ) ;
#359 = ORIENTED_EDGE ( 'NONE', *, *, #1188, .T. ) ;
#360 = CARTESIAN_POINT ( 'NONE',  ( -21.34269286566992818, 82.55237875397986613, -7.446455392773625448 ) ) ;
#361 = VERTEX_POINT ( 'NONE', #1550 ) ;
#362 = VECTOR ( 'NONE', #410, 1000.000000000000000 ) ;
#363 = CARTESIAN_POINT ( 'NONE',  ( 16.57498303866001876, 84.34310308246217858, 15.38885512411996714 ) ) ;
#364 = CARTESIAN_POINT ( 'NONE',  ( -23.49999999999999289, 58.50000000000004974, -26.17929515418500941 ) ) ;
#365 = CARTESIAN_POINT ( 'NONE',  ( 22.33679834677708342, 82.55363007408574560, -3.552448713052585916 ) ) ;
#366 = ORIENTED_EDGE ( 'NONE', *, *, #3506, .T. ) ;
#367 = CARTESIAN_POINT ( 'NONE',  ( -6.716471684416702281, 291.3762533761702684, -10.89652870908041216 ) ) ;
#368 = EDGE_LOOP ( 'NONE', ( #1358, #1622, #1089, #1923 ) ) ;
#369 = DIRECTION ( 'NONE',  ( 0.000000000000000000, -0.000000000000000000, 1.000000000000000000 ) ) ;
#370 = CARTESIAN_POINT ( 'NONE',  ( 4.242474553367392431, 82.50000000000001421, -25.24601769911504690 ) ) ;
#371 = DIRECTION ( 'NONE',  ( 0.000000000000000000, 0.000000000000000000, -1.000000000000000000 ) ) ;
#372 = CARTESIAN_POINT ( 'NONE',  ( -32.50000000000000000, 59.00000000000003553, -26.20889317180615663 ) ) ;
#373 = EDGE_CURVE ( 'NONE', #3614, #3043, #3037, .T. ) ;
#374 = CARTESIAN_POINT ( 'NONE',  ( -6.651996164095313802, 295.4330749869872648, 10.93673631612111308 ) ) ;
#375 = CARTESIAN_POINT ( 'NONE',  ( -21.77132521999917714, 84.02653441661077238, 6.128065790908892474 ) ) ;
#376 = EDGE_LOOP ( 'NONE', ( #1028, #1147, #1314, #1299, #3000 ) ) ;
#377 = CARTESIAN_POINT ( 'NONE',  ( -17.39782712488754512, 82.53416757489638655, -14.43199749287975386 ) ) ;
#378 = VERTEX_POINT ( 'NONE', #3233 ) ;
#379 = CARTESIAN_POINT ( 'NONE',  ( 23.72129354658147093, 81.65319632618250978, 0.4556976267325224539 ) ) ;
#380 = CARTESIAN_POINT ( 'NONE',  ( 9.050352208996095271, 299.9280695565180963, 9.055638405708606342 ) ) ;
#381 = ADVANCED_BREP_SHAPE_REPRESENTATION ( 'Walker_Rear_Wheel_Mount', ( #3055, #2996, #1729, #3519 ), #357 ) ;
#382 = CARTESIAN_POINT ( 'NONE',  ( 22.18006093140144941, 82.55348441719375785, -4.426219024451356177 ) ) ;
#383 = ORIENTED_EDGE ( 'NONE', *, *, #2019, .F. ) ;
#384 = DIRECTION ( 'NONE',  ( 0.000000000000000000, 0.000000000000000000, -1.000000000000000000 ) ) ;
#385 = CARTESIAN_POINT ( 'NONE',  ( 12.47989573729925716, 442.5302290921368922, 2.845728413703372262 ) ) ;
#386 = CARTESIAN_POINT ( 'NONE',  ( -14.33847875787743931, 81.88559906473265926, -20.73065363175990328 ) ) ;
#387 = AXIS2_PLACEMENT_3D ( 'NONE', #1999, #2254, #309 ) ;
#388 = AXIS2_PLACEMENT_3D ( 'NONE', #755, #3562, #3618 ) ;
#389 = CARTESIAN_POINT ( 'NONE',  ( 26.00000000000000000, 49.22000000000001307, 4.749999999999999112 ) ) ;
#390 = LINE ( 'NONE', #2531, #202 ) ;
#391 = AXIS2_PLACEMENT_3D ( 'NONE', #2177, #512, #234 ) ;
#392 = CARTESIAN_POINT ( 'NONE',  ( -12.70932652842725652, 304.4953359999539089, -1.570149042448855337 ) ) ;
#393 = EDGE_CURVE ( 'NONE', #1265, #804, #2361, .T. ) ;
#394 = LINE ( 'NONE', #3247, #362 ) ;
#395 = ORIENTED_EDGE ( 'NONE', *, *, #1080, .F. ) ;
#396 = CARTESIAN_POINT ( 'NONE',  ( -18.23100420885663908, 82.54108600540591567, -13.36400746594173761 ) ) ;
#397 = ORIENTED_EDGE ( 'NONE', *, *, #903, .F. ) ;
#398 = PLANE ( 'NONE',  #1434 ) ;
#399 = CARTESIAN_POINT ( 'NONE',  ( 12.44749568064239220, 85.02181081795424689, 18.88984243229553428 ) ) ;
#400 = CARTESIAN_POINT ( 'NONE',  ( 21.03747531482578736, 82.55184435684400057, -8.269677740697064294 ) ) ;
#401 = ORIENTED_EDGE ( 'NONE', *, *, #1822, .F. ) ;
#402 = DIRECTION ( 'NONE',  ( 0.000000000000000000, -1.000000000000000000, -0.000000000000000000 ) ) ;
#403 = DIRECTION ( 'NONE',  ( 0.000000000000000000, 0.000000000000000000, -1.000000000000000000 ) ) ;
#404 = CARTESIAN_POINT ( 'NONE',  ( 6.374166612193317150, 293.1023081360791025, -11.10000000000000142 ) ) ;
#405 = CARTESIAN_POINT ( 'NONE',  ( 9.963933929611906493, 82.50000000000001421, -23.55760644547640936 ) ) ;
#406 = FACE_OUTER_BOUND ( 'NONE', #2134, .T. ) ;
#407 = EDGE_CURVE ( 'NONE', #2277, #3005, #2820, .T. ) ;
#408 = CARTESIAN_POINT ( 'NONE',  ( 0.000000000000000000, 453.5000000000000000, 0.000000000000000000 ) ) ;
#409 = AXIS2_PLACEMENT_3D ( 'NONE', #1891, #1274, #1260 ) ;
#410 = DIRECTION ( 'NONE',  ( -1.000000000000000000, 0.000000000000000000, 0.000000000000000000 ) ) ;
#411 = ADVANCED_FACE ( 'NONE', ( #3646 ), #2686, .F. ) ;
#412 = VECTOR ( 'NONE', #3608, 1000.000000000000000 ) ;
#413 = CARTESIAN_POINT ( 'NONE',  ( -21.99802099760769281, 81.65232342275605504, -9.186213703516571627 ) ) ;
#414 = EDGE_LOOP ( 'NONE', ( #2676, #909, #1084, #1469 ) ) ;
#415 = FACE_OUTER_BOUND ( 'NONE', #2753, .T. ) ;
#416 = CARTESIAN_POINT ( 'NONE',  ( -12.48013710326629067, 442.5273212197078578, 2.844661558933144985 ) ) ;
#417 = CARTESIAN_POINT ( 'NONE',  ( 22.18227267903519362, 84.00883887380398107, -4.414827596220097128 ) ) ;
#418 = CARTESIAN_POINT ( 'NONE',  ( -14.33847875787735582, 81.88559906473267347, 20.73065363175990328 ) ) ;
#419 = EDGE_LOOP ( 'NONE', ( #999, #3084, #1726, #991 ) ) ;
#420 = CARTESIAN_POINT ( 'NONE',  ( 9.000000000000001776, 82.50000000000001421, -27.59999999999998721 ) ) ;
#421 = FACE_OUTER_BOUND ( 'NONE', #1386, .T. ) ;
#422 = EDGE_CURVE ( 'NONE', #2698, #2733, #2880, .T. ) ;
#423 = B_SPLINE_CURVE_WITH_KNOTS ( 'NONE', 3,
 ( #3007, #177, #1307, #2939, #385, #2644, #104, #1238, #1371, #1325, #2201, #3109, #1969, #1609, #2742, #2501, #1912, #2826, #1109, #2221, #471, #1407, #550, #2762, #813, #3612, #493, #3369, #3075, #1632, #770, #2789, #3325, #2520 ),
 .UNSPECIFIED., .F., .F.,
 ( 4, 2, 2, 2, 2, 2, 2, 2, 2, 2, 2, 2, 2, 2, 2, 2, 4 ),
 ( 5.628001472949081626E-17, 0.0005882585670422870719, 0.001176517134084517982, 0.001764775701126748784, 0.002353034268168979586, 0.002941292835211210387, 0.003529551402253441189, 0.004117809969295672425, 0.004706068536337902793, 0.005294327103380133161, 0.005882585670422364396, 0.006470844237464595632, 0.007059102804506826000, 0.007647361371549056368, 0.008235619938591287603, 0.008823878505633517971, 0.009412137072675748339 ),
 .UNSPECIFIED. ) ;
#424 = VECTOR ( 'NONE', #596, 1000.000000000000227 ) ;
#425 = CARTESIAN_POINT ( 'NONE',  ( 13.52048488749972677, 82.07641088874187574, -21.39897387035944831 ) ) ;
#426 = CARTESIAN_POINT ( 'NONE',  ( 32.50000000000000000, -62.77999999999998693, -7.688332605047083519E-15 ) ) ;
#427 = DIRECTION ( 'NONE',  ( 0.000000000000000000, -0.000000000000000000, 1.000000000000000000 ) ) ;
#428 = CARTESIAN_POINT ( 'NONE',  ( -32.50000000000000000, 62.87816009342790835, -3.548875213247625560 ) ) ;
#429 = CARTESIAN_POINT ( 'NONE',  ( -22.33807767468396932, 84.00238595540052700, 3.543724870883691480 ) ) ;
#430 = ORIENTED_EDGE ( 'NONE', *, *, #2653, .F. ) ;
#431 = CARTESIAN_POINT ( 'NONE',  ( -14.50000000000000000, 293.5000000000000568, 0.000000000000000000 ) ) ;
#432 = CARTESIAN_POINT ( 'NONE',  ( 12.11170436457964783, 303.7990149197112260, 4.156526267101904537 ) ) ;
#433 = CARTESIAN_POINT ( 'NONE',  ( 21.34269286566992463, 82.55237875397988034, 7.446455392772755921 ) ) ;
#434 = AXIS2_PLACEMENT_3D ( 'NONE', #3103, #1927, #248 ) ;
#435 = CARTESIAN_POINT ( 'NONE',  ( -32.50000000000000000, 61.29629688517417918, -8.625081042278653243 ) ) ;
#436 = EDGE_LOOP ( 'NONE', ( #1173, #1988, #1783, #1219 ) ) ;
#437 = DIRECTION ( 'NONE',  ( -0.000000000000000000, -1.000000000000000000, -0.000000000000000000 ) ) ;
#438 = DIRECTION ( 'NONE',  ( 0.000000000000000000, 0.000000000000000000, -1.000000000000000000 ) ) ;
#439 = DIRECTION ( 'NONE',  ( 0.000000000000000000, -0.000000000000000000, 1.000000000000000000 ) ) ;
#440 = CARTESIAN_POINT ( 'NONE',  ( 26.00000000000000000, 49.22000000000001307, 0.000000000000000000 ) ) ;
#441 = CARTESIAN_POINT ( 'NONE',  ( -32.50000000000000000, 76.52862236662700468, -14.50328976630724753 ) ) ;
#442 = ORIENTED_EDGE ( 'NONE', *, *, #144, .T. ) ;
#443 = CARTESIAN_POINT ( 'NONE',  ( -21.76454136896081692, 82.55299887504015999, 6.152656590498525979 ) ) ;
#444 = ORIENTED_EDGE ( 'NONE', *, *, #1075, .F. ) ;
#445 = CARTESIAN_POINT ( 'NONE',  ( 17.39807820608675115, 81.68866999810406071, -16.92737471837193652 ) ) ;
#446 = CARTESIAN_POINT ( 'NONE',  ( 7.536038451030353968, 297.5288369209784491, 10.34886660930284563 ) ) ;
#447 = CARTESIAN_POINT ( 'NONE',  ( 14.51073623806994561, 82.46487624674620065, -17.33374070777390941 ) ) ;
#448 = CARTESIAN_POINT ( 'NONE',  ( -9.000000000000001776, 82.50000000000001421, 23.96580897862619963 ) ) ;
#449 = ORIENTED_EDGE ( 'NONE', *, *, #2684, .T. ) ;
#450 = LINE ( 'NONE', #699, #2703 ) ;
#451 = ORIENTED_EDGE ( 'NONE', *, *, #2483, .F. ) ;
#452 = CARTESIAN_POINT ( 'NONE',  ( -23.12378953274207305, 81.71166159275585983, 5.163133339759120588 ) ) ;
#453 = CARTESIAN_POINT ( 'NONE',  ( -9.000000000000001776, 82.50000000000001421, 23.96580897862619963 ) ) ;
#454 = CARTESIAN_POINT ( 'NONE',  ( -14.50000000000000000, 293.5000000000000568, -3.000000000000001776 ) ) ;
#455 = CLOSED_SHELL ( 'NONE', ( #302, #2898, #1745, #3070, #257, #481, #1570 ) ) ;
#456 = DIRECTION ( 'NONE',  ( 0.000000000000000000, 0.000000000000000000, 1.000000000000000000 ) ) ;
#457 = ADVANCED_FACE ( 'NONE', ( #209 ), #1065, .T. ) ;
#458 = CARTESIAN_POINT ( 'NONE',  ( -32.50000000000000000, 59.32455630853624484, -16.32142386146660940 ) ) ;
#459 = AXIS2_PLACEMENT_3D ( 'NONE', #1115, #2248, #2208 ) ;
#460 = EDGE_LOOP ( 'NONE', ( #1500, #3339 ) ) ;
#461 = CARTESIAN_POINT ( 'NONE',  ( -22.18227267903509059, 84.00883887380398107, 4.414827596220511907 ) ) ;
#462 = ORIENTED_EDGE ( 'NONE', *, *, #916, .F. ) ;
#463 = CARTESIAN_POINT ( 'NONE',  ( 32.50000000000000711, 75.38895389384376244, 9.832416033600834382 ) ) ;
#464 = CARTESIAN_POINT ( 'NONE',  ( 10.40989842392083453, 301.7360744096180269, -7.472956644885220712 ) ) ;
#465 = CIRCLE ( 'NONE', #2547, 2.999999999999999112 ) ;
#466 = CARTESIAN_POINT ( 'NONE',  ( 13.61647480926183817, 84.72455951502314520, -18.03784662899631286 ) ) ;
#467 = CARTESIAN_POINT ( 'NONE',  ( -32.50000000000000000, 60.25669793376216177, 11.91990312821288178 ) ) ;
#468 = EDGE_LOOP ( 'NONE', ( #2829, #1825, #1498, #1793 ) ) ;
#469 = DIRECTION ( 'NONE',  ( 0.000000000000000000, 0.000000000000000000, -1.000000000000000000 ) ) ;
#470 = DIRECTION ( 'NONE',  ( 0.000000000000000000, 0.000000000000000000, 1.000000000000000000 ) ) ;
#471 = CARTESIAN_POINT ( 'NONE',  ( 12.76468833781738610, 440.6534751174415874, -0.9675470945724925498 ) ) ;
#472 = AXIS2_PLACEMENT_3D ( 'NONE', #878, #3473, #25 ) ;
#473 = VECTOR ( 'NONE', #1794, 1000.000000000000000 ) ;
#474 = CARTESIAN_POINT ( 'NONE',  ( -32.49999999999999289, 74.85591546728994672, 5.570370242376443848 ) ) ;
#475 = PLANE ( 'NONE',  #2722 ) ;
#476 = DIRECTION ( 'NONE',  ( -0.000000000000000000, -1.000000000000000000, -0.000000000000000000 ) ) ;
#477 = AXIS2_PLACEMENT_3D ( 'NONE', #618, #3664, #1104 ) ;
#478 = TOROIDAL_SURFACE ( 'NONE', #3642, 25.60000000000000142, 3.000000000000000000 ) ;
#479 = CARTESIAN_POINT ( 'NONE',  ( -13.53144103269272236, 82.07385517026511934, -21.39002244219636140 ) ) ;
#480 = CARTESIAN_POINT ( 'NONE',  ( -19.38421676153109274, 81.86289556792029032, -13.61119244172005338 ) ) ;
#481 = ADVANCED_FACE ( 'NONE', ( #742 ), #1602, .F. ) ;
#482 = ORIENTED_EDGE ( 'NONE', *, *, #149, .F. ) ;
#483 = CARTESIAN_POINT ( 'NONE',  ( -22.62718540164075165, 81.65213907538283422, 7.379876748763304128 ) ) ;
#484 = VERTEX_POINT ( 'NONE', #528 ) ;
#485 = CARTESIAN_POINT ( 'NONE',  ( 32.50000000000558487, 77.42965606987408478, 16.73708841675018988 ) ) ;
#486 = CARTESIAN_POINT ( 'NONE',  ( 9.254672478253919365, 300.2218307206425152, -8.859189858815021523 ) ) ;
#487 = CARTESIAN_POINT ( 'NONE',  ( 16.07884838591851207, 81.72916015998262651, -18.48197833155897385 ) ) ;
#488 = CARTESIAN_POINT ( 'NONE',  ( -32.49999999999999289, 59.20534834687038028, -17.19077977036718607 ) ) ;
#489 = ORIENTED_EDGE ( 'NONE', *, *, #2225, .F. ) ;
#490 = CARTESIAN_POINT ( 'NONE',  ( 4.702279184145997881, 82.61345447552153587, -24.31136467593332995 ) ) ;
#491 = CARTESIAN_POINT ( 'NONE',  ( -12.66725484797083645, 82.22935656266349724, -22.00266744913029271 ) ) ;
#492 = ADVANCED_FACE ( 'NONE', ( #1103 ), #1663, .T. ) ;
#493 = CARTESIAN_POINT ( 'NONE',  ( 12.57642153898272142, 441.6690939253786041, -2.384506315233993590 ) ) ;
#494 = CARTESIAN_POINT ( 'NONE',  ( -32.50000000000000000, 62.99971524002710765, 3.021961572606011170 ) ) ;
#495 = EDGE_LOOP ( 'NONE', ( #1345, #3143 ) ) ;
#496 = AXIS2_PLACEMENT_3D ( 'NONE', #1135, #3637, #3410 ) ;
#497 = CARTESIAN_POINT ( 'NONE',  ( -206.4886203175368564, -62.77999999999998693, 19.00000000000000000 ) ) ;
#498 = FACE_OUTER_BOUND ( 'NONE', #835, .T. ) ;
#499 = CARTESIAN_POINT ( 'NONE',  ( 9.000000000000001776, 82.50000000000001421, 27.60000000000001918 ) ) ;
#500 = CARTESIAN_POINT ( 'NONE',  ( 23.49999999999999289, -62.77999999999998693, -19.00000000000000711 ) ) ;
#501 = CARTESIAN_POINT ( 'NONE',  ( -32.50000000000000000, 76.24543564359633763, -13.62324192865668415 ) ) ;
#502 = DIRECTION ( 'NONE',  ( 0.000000000000000000, 1.000000000000000000, -0.000000000000000000 ) ) ;
#503 = AXIS2_PLACEMENT_3D ( 'NONE', #1558, #2689, #2327 ) ;
#504 = EDGE_LOOP ( 'NONE', ( #1682, #3271, #2396, #246 ) ) ;
#505 = CARTESIAN_POINT ( 'NONE',  ( -14.51073623807077340, 82.46487624674618644, 17.33374070777307452 ) ) ;
#506 = ORIENTED_EDGE ( 'NONE', *, *, #1995, .T. ) ;
#507 = CARTESIAN_POINT ( 'NONE',  ( 19.38421676153317819, 81.86289556792014821, 13.61119244171740483 ) ) ;
#508 = CYLINDRICAL_SURFACE ( 'NONE', #914, 10.00000000000000178 ) ;
#509 = CARTESIAN_POINT ( 'NONE',  ( 9.977445110680852380, 82.50000000000001421, -23.55188478991912504 ) ) ;
#510 = DIRECTION ( 'NONE',  ( 0.000000000000000000, 1.000000000000000000, 0.000000000000000000 ) ) ;
#511 = EDGE_LOOP ( 'NONE', ( #3320, #532, #1061, #1641, #2156 ) ) ;
#512 = DIRECTION ( 'NONE',  ( -0.000000000000000000, 1.000000000000000000, 0.000000000000000000 ) ) ;
#513 = CARTESIAN_POINT ( 'NONE',  ( -12.06599619814192970, 82.35946485859250288, -19.13914664098885154 ) ) ;
#514 = CARTESIAN_POINT ( 'NONE',  ( -4.626928646894085340, 82.56856522020629541, -24.50659013856009949 ) ) ;
#515 = ADVANCED_FACE ( 'NONE', ( #3020 ), #1094, .T. ) ;
#516 = CARTESIAN_POINT ( 'NONE',  ( -32.50000000000000000, 62.30222994677085779, 5.583660882822506721 ) ) ;
#517 = ORIENTED_EDGE ( 'NONE', *, *, #2259, .T. ) ;
#518 = CARTESIAN_POINT ( 'NONE',  ( -206.4886203175368564, -62.77999999999998693, -19.00000000000000000 ) ) ;
#519 = AXIS2_PLACEMENT_3D ( 'NONE', #159, #384, #1571 ) ;
#520 =( LENGTH_UNIT ( ) NAMED_UNIT ( * ) SI_UNIT ( .MILLI., .METRE. ) );
#521 = CARTESIAN_POINT ( 'NONE',  ( 12.65874540053689223, 282.5631134411464132, 1.934716568567505401 ) ) ;
#522 = ADVANCED_FACE ( 'NONE', ( #1382 ), #508, .F. ) ;
#523 = CLOSED_SHELL ( 'NONE', ( #2509, #2617, #2559, #1098, #711, #3615, #2164, #1295, #411, #554, #3446, #2215, #3172, #1071, #1057, #3335, #857, #778, #2152, #43, #924, #942, #1506, #2077, #883, #2766, #1502, #2581, #3663, #2113, #2288, #3490, #3011, #36, #3530, #3036, #2332, #1012, #1839, #2666, #1566, #2905, #457, #2968, #1401, #522, #685, #492, #2036, #3046, #1036, #1533, #253, #2731, #580, #2233, #2892 ) ) ;
#524 = CARTESIAN_POINT ( 'NONE',  ( -12.44550007833516858, 85.02233812211498787, 18.89128830663284830 ) ) ;
#525 = VERTEX_POINT ( 'NONE', #1679 ) ;
#526 = VERTEX_POINT ( 'NONE', #545 ) ;
#527 = CARTESIAN_POINT ( 'NONE',  ( 32.50000000000000000, 59.00000000000001421, 20.73065363176069908 ) ) ;
#528 = CARTESIAN_POINT ( 'NONE',  ( -23.49999999999999289, 58.50000000000004974, 26.17929515418504138 ) ) ;
#529 = EDGE_CURVE ( 'NONE', #1125, #2411, #2381, .T. ) ;
#530 = DIRECTION ( 'NONE',  ( 0.000000000000000000, 0.000000000000000000, -1.000000000000000000 ) ) ;
#531 = CARTESIAN_POINT ( 'NONE',  ( -12.44347218424182522, 443.5000000000000000, 3.000000000000000888 ) ) ;
#532 = ORIENTED_EDGE ( 'NONE', *, *, #2705, .T. ) ;
#533 = FACE_OUTER_BOUND ( 'NONE', #2974, .T. ) ;
#534 = CARTESIAN_POINT ( 'NONE',  ( -9.825821371353198330, 85.43354054881129400, -20.37703791990957924 ) ) ;
#535 = CYLINDRICAL_SURFACE ( 'NONE', #2960, 3.000000000000000888 ) ;
#536 = CARTESIAN_POINT ( 'NONE',  ( -32.50000000000000000, 59.64427836891182011, 14.52391263930879539 ) ) ;
#537 = EDGE_LOOP ( 'NONE', ( #1807, #1001 ) ) ;
#538 = EDGE_CURVE ( 'NONE', #2564, #698, #1559, .T. ) ;
#539 = CARTESIAN_POINT ( 'NONE',  ( 10.88898670397601265, 82.44106426055623160, 23.08195445789398548 ) ) ;
#540 = DIRECTION ( 'NONE',  ( 1.000000000000000000, 0.000000000000000000, 0.000000000000000000 ) ) ;
#541 = CARTESIAN_POINT ( 'NONE',  ( -9.825821371356338929, 85.43354054880336435, 20.37703791990788105 ) ) ;
#542 = LINE ( 'NONE', #1159, #682 ) ;
#543 = ORIENTED_EDGE ( 'NONE', *, *, #573, .F. ) ;
#544 = CARTESIAN_POINT ( 'NONE',  ( 21.59126685463816031, 81.76890013683592429, 9.754730143375919482 ) ) ;
#545 = CARTESIAN_POINT ( 'NONE',  ( 9.000000000000001776, 82.50000000000001421, 23.96580897862619963 ) ) ;
#546 = DIRECTION ( 'NONE',  ( 0.000000000000000000, 0.000000000000000000, -1.000000000000000000 ) ) ;
#547 = CARTESIAN_POINT ( 'NONE',  ( 0.000000000000000000, 93.50000000000001421, 0.000000000000000000 ) ) ;
#548 = ORIENTED_EDGE ( 'NONE', *, *, #1804, .F. ) ;
#549 = FACE_OUTER_BOUND ( 'NONE', #2441, .T. ) ;
#550 = CARTESIAN_POINT ( 'NONE',  ( 12.71212256696034615, 440.8981982392910481, -1.506212134722004992 ) ) ;
#551 = CARTESIAN_POINT ( 'NONE',  ( 14.51840617641606279, 81.85074906607852085, 20.41856709978079820 ) ) ;
#552 = VERTEX_POINT ( 'NONE', #560 ) ;
#553 = CARTESIAN_POINT ( 'NONE',  ( 14.33847875787745885, 81.88559906473265926, 20.73065363175980735 ) ) ;
#554 = ADVANCED_FACE ( 'NONE', ( #2080 ), #1697, .T. ) ;
#555 = FILL_AREA_STYLE_COLOUR ( '', #3328 ) ;
#556 = CARTESIAN_POINT ( 'NONE',  ( 0.000000000000000000, 143.5000000000000568, 0.000000000000000000 ) ) ;
#557 = DIRECTION ( 'NONE',  ( 0.000000000000000000, 1.000000000000000000, -0.000000000000000000 ) ) ;
#558 = CARTESIAN_POINT ( 'NONE',  ( 0.000000000000000000, 163.5000000000000284, 0.000000000000000000 ) ) ;
#559 = CARTESIAN_POINT ( 'NONE',  ( 23.29530728151920727, 81.70565352039156437, 4.343592867369539867 ) ) ;
#560 = CARTESIAN_POINT ( 'NONE',  ( 1.567547902908612184E-15, 143.5000000000000568, -12.80000000000000071 ) ) ;
#561 = AXIS2_PLACEMENT_3D ( 'NONE', #2098, #3242, #7 ) ;
#562 = CYLINDRICAL_SURFACE ( 'NONE', #1139, 13.99999999999999822 ) ;
#563 = CARTESIAN_POINT ( 'NONE',  ( -12.44347218424182344, 443.5000000000000568, -3.000000000000000888 ) ) ;
#564 = ORIENTED_EDGE ( 'NONE', *, *, #1447, .F. ) ;
#565 = DIRECTION ( 'NONE',  ( 1.000000000000000000, -0.000000000000000000, -0.000000000000000000 ) ) ;
#566 = CARTESIAN_POINT ( 'NONE',  ( 13.96664972746054012, 84.65803951169303332, 17.76912036426144326 ) ) ;
#567 = VECTOR ( 'NONE', #920, 1000.000000000000000 ) ;
#568 = CARTESIAN_POINT ( 'NONE',  ( 16.51066016612064402, 82.52367857402765594, 15.45937173071188653 ) ) ;
#569 = EDGE_CURVE ( 'NONE', #3691, #1404, #1625, .T. ) ;
#570 = CYLINDRICAL_SURFACE ( 'NONE', #1531, 2.649999999999999467 ) ;
#571 = ORIENTED_EDGE ( 'NONE', *, *, #3278, .T. ) ;
#572 = CARTESIAN_POINT ( 'NONE',  ( 12.44550007833163896, 85.02233812210921826, 18.89128830663541336 ) ) ;
#573 = EDGE_CURVE ( 'NONE', #1221, #1930, #3137, .T. ) ;
#574 = CARTESIAN_POINT ( 'NONE',  ( -23.08041821518946435, 81.71319790293708252, -5.355332116104750462 ) ) ;
#575 = DIRECTION ( 'NONE',  ( 0.000000000000000000, 0.000000000000000000, 1.000000000000000000 ) ) ;
#576 = CARTESIAN_POINT ( 'NONE',  ( 9.256466753600886221, 286.7755221743827292, 8.857545259079866895 ) ) ;
#577 = CARTESIAN_POINT ( 'NONE',  ( 12.73157744404795189, 446.1941680716356018, -1.334332535754516824 ) ) ;
#578 = CARTESIAN_POINT ( 'NONE',  ( 32.50000000000000000, 59.64427836891181300, -14.52391263930880427 ) ) ;
#579 = DIRECTION ( 'NONE',  ( 0.000000000000000000, 0.000000000000000000, -1.000000000000000000 ) ) ;
#580 = ADVANCED_FACE ( 'NONE', ( #861 ), #3439, .F. ) ;
#581 = AXIS2_PLACEMENT_3D ( 'NONE', #1275, #182, #780 ) ;
#582 = DIRECTION ( 'NONE',  ( -0.000000000000000000, 1.000000000000000000, -0.000000000000000000 ) ) ;
#583 = CARTESIAN_POINT ( 'NONE',  ( -12.71233843901510063, 446.1029046665255464, 1.504584624812492999 ) ) ;
#584 = VERTEX_POINT ( 'NONE', #2631 ) ;
#585 = CYLINDRICAL_SURFACE ( 'NONE', #2464, 11.09999999999999787 ) ;
#586 = ORIENTED_EDGE ( 'NONE', *, *, #1177, .T. ) ;
#587 = CARTESIAN_POINT ( 'NONE',  ( 14.65312053833040373, 84.55134416721880086, 17.21166761767363695 ) ) ;
#588 = DIRECTION ( 'NONE',  ( 0.000000000000000000, 0.000000000000000000, 1.000000000000000000 ) ) ;
#589 = CARTESIAN_POINT ( 'NONE',  ( 14.50931202231467410, 82.46478507996039298, 17.33490820556065515 ) ) ;
#590 = CIRCLE ( 'NONE', #1421, 10.00000000000000178 ) ;
#591 = CARTESIAN_POINT ( 'NONE',  ( -9.248059511403768695, 286.7971118082784301, 8.854242299272593542 ) ) ;
#592 = ORIENTED_EDGE ( 'NONE', *, *, #1488, .T. ) ;
#593 = CYLINDRICAL_SURFACE ( 'NONE', #3207, 5.000000000000000888 ) ;
#594 = AXIS2_PLACEMENT_3D ( 'NONE', #239, #1706, #1916 ) ;
#595 = CIRCLE ( 'NONE', #717, 12.80000000000000071 ) ;
#596 = DIRECTION ( 'NONE',  ( 0.000000000000000000, -0.9982525060048217380, 0.05909259052616638169 ) ) ;
#597 = CARTESIAN_POINT ( 'NONE',  ( 6.123233995736768255E-16, 94.50000000000001421, -22.59999999999998366 ) ) ;
#598 = CIRCLE ( 'NONE', #773, 10.00000000000000178 ) ;
#599 = CARTESIAN_POINT ( 'NONE',  ( 12.60004359545411035, 445.4848191182858841, 2.257968435596078738 ) ) ;
#600 = CARTESIAN_POINT ( 'NONE',  ( 32.50000000000000000, 63.31016529407875026, 0.9098694959533963900 ) ) ;
#601 = ADVANCED_FACE ( 'NONE', ( #2379, #970, #1420 ), #648, .T. ) ;
#602 = CIRCLE ( 'NONE', #962, 19.00000000000000000 ) ;
#603 = CARTESIAN_POINT ( 'NONE',  ( 0.000000000000000000, 93.50000000000001421, 0.000000000000000000 ) ) ;
#604 = DIRECTION ( 'NONE',  ( 1.000000000000000000, 0.000000000000000000, 0.000000000000000000 ) ) ;
#605 = ORIENTED_EDGE ( 'NONE', *, *, #306, .F. ) ;
#606 = CARTESIAN_POINT ( 'NONE',  ( -14.69689542022951301, 81.82635454143635911, -20.15847067730716446 ) ) ;
#607 = ORIENTED_EDGE ( 'NONE', *, *, #3134, .T. ) ;
#608 = CARTESIAN_POINT ( 'NONE',  ( 21.51413139322609780, 84.03785167017802848, -6.978835729612692163 ) ) ;
#609 = CARTESIAN_POINT ( 'NONE',  ( 0.000000000000000000, 93.50000000000001421, 0.000000000000000000 ) ) ;
#610 = CARTESIAN_POINT ( 'NONE',  ( 16.57922582569863579, 84.34273272231608587, 15.38430780172714485 ) ) ;
#611 = CARTESIAN_POINT ( 'NONE',  ( -9.639824946731517130, 286.2661676555313193, 8.426030288164547244 ) ) ;
#612 = EDGE_LOOP ( 'NONE', ( #218, #3329 ) ) ;
#613 = DIRECTION ( 'NONE',  ( 0.000000000000000000, 0.000000000000000000, 1.000000000000000000 ) ) ;
#614 = CARTESIAN_POINT ( 'NONE',  ( 23.49999999999998224, 58.50000000000002132, -27.06723568281937986 ) ) ;
#615 = AXIS2_PLACEMENT_3D ( 'NONE', #2474, #3045, #3068 ) ;
#616 = CARTESIAN_POINT ( 'NONE',  ( 12.53317290881813051, 445.0054884537315729, -2.602293213052672805 ) ) ;
#617 = CARTESIAN_POINT ( 'NONE',  ( 32.50000000000281375, 76.50034892668487885, -14.41957391271745870 ) ) ;
#618 = CARTESIAN_POINT ( 'NONE',  ( -9.000000000000015987, 85.50000000000001421, -23.96580897862618897 ) ) ;
#619 = ORIENTED_EDGE ( 'NONE', *, *, #139, .F. ) ;
#620 = CARTESIAN_POINT ( 'NONE',  ( -15.22459673661391832, 81.77696063423746864, -19.48398572026953346 ) ) ;
#621 = CARTESIAN_POINT ( 'NONE',  ( 1.714505518806294441E-15, 163.5000000000000284, 13.99999999999999822 ) ) ;
#622 = CARTESIAN_POINT ( 'NONE',  ( -12.51306863534650127, 442.1698750843339099, -2.696108870961721138 ) ) ;
#623 =( BOUNDED_CURVE ( )  B_SPLINE_CURVE ( 3, ( #420, #2426, #3555, #3272 ),
 .UNSPECIFIED., .F., .T. ) 
 B_SPLINE_CURVE_WITH_KNOTS ( ( 4, 4 ),
 ( 3.141592653589793116, 4.712388980384688786 ),
 .UNSPECIFIED. ) 
 CURVE ( )  GEOMETRIC_REPRESENTATION_ITEM ( )  RATIONAL_B_SPLINE_CURVE ( ( 1.000000000000000000, 0.8047378541243652705, 0.8047378541243652705, 1.000000000000000000 ) ) 
 REPRESENTATION_ITEM ( '' )  );
#624 = CARTESIAN_POINT ( 'NONE',  ( 15.96490769096499029, 84.39712905278453547, 16.02070380064975552 ) ) ;
#625 = ORIENTED_EDGE ( 'NONE', *, *, #1513, .F. ) ;
#626 = CARTESIAN_POINT ( 'NONE',  ( -23.49331113267302840, 81.65275192240702040, 3.878941992704750596 ) ) ;
#627 = EDGE_CURVE ( 'NONE', #1272, #901, #2291, .T. ) ;
#628 = LINE ( 'NONE', #2888, #1715 ) ;
#629 = CARTESIAN_POINT ( 'NONE',  ( -23.49999999999999289, -62.77999999999998693, 19.00000000000000000 ) ) ;
#630 = CARTESIAN_POINT ( 'NONE',  ( 0.000000000000000000, 107.7000000000000171, -22.60000000000000142 ) ) ;
#631 = CARTESIAN_POINT ( 'NONE',  ( 32.50000000000000000, 78.03041453456003751, -17.87662737358197163 ) ) ;
#632 = MECHANICAL_DESIGN_GEOMETRIC_PRESENTATION_REPRESENTATION (  '', ( #1283 ), #3258 ) ;
#633 = CARTESIAN_POINT ( 'NONE',  ( -14.65312053833039840, 84.55134416721880086, -17.21166761767363695 ) ) ;
#634 = ORIENTED_EDGE ( 'NONE', *, *, #3276, .T. ) ;
#635 = CARTESIAN_POINT ( 'NONE',  ( -21.75313150646318405, 84.02738957106828366, -6.145059853110872439 ) ) ;
#636 = ORIENTED_EDGE ( 'NONE', *, *, #1921, .T. ) ;
#637 = CARTESIAN_POINT ( 'NONE',  ( 13.96648773041601643, 84.65806087767900578, -17.76925420771906516 ) ) ;
#638 = CARTESIAN_POINT ( 'NONE',  ( 23.49999999999999289, -62.77999999999998693, -7.903034951608021219E-15 ) ) ;
#639 = CARTESIAN_POINT ( 'NONE',  ( 21.87004454079620430, 84.02228567935881642, 5.714776675651791926 ) ) ;
#640 = CIRCLE ( 'NONE', #224, 10.00000000000000178 ) ;
#641 = CARTESIAN_POINT ( 'NONE',  ( -11.27030672832264813, 284.2046549254826573, -6.077188019647151052 ) ) ;
#642 = ORIENTED_EDGE ( 'NONE', *, *, #1576, .F. ) ;
#643 =( BOUNDED_SURFACE ( )  B_SPLINE_SURFACE ( 3, 2, ( 
 ( #3274, #1819, #3307 ),
 ( #107, #702, #425 ),
 ( #733, #2958, #683 ),
 ( #1556, #2446, #1870 ),
 ( #2667, #3543, #405 ),
 ( #1540, #718, #1259 ) ),
 .UNSPECIFIED., .F., .F., .F. ) 
 B_SPLINE_SURFACE_WITH_KNOTS ( ( 4, 2, 4 ),
 ( 3, 3 ),
 ( -1.734723475976807094E-18, 0.003434621168004726131, 0.006869242336009453997 ),
 ( 0.000000000000000000, 1.000000000000000000 ),
 .UNSPECIFIED. ) 
 GEOMETRIC_REPRESENTATION_ITEM ( )  RATIONAL_B_SPLINE_SURFACE ( (
 ( 1.000000000000000000, 0.7527563931194949376, 1.000000000000000000),
 ( 1.000000000000000000, 0.7432568518608996255, 1.000000000000000000),
 ( 1.000000000000000000, 0.7344079208058603703, 1.000000000000000000),
 ( 1.000000000000000000, 0.7188833650202338665, 1.000000000000000000),
 ( 1.000000000000000000, 0.7122074525483654828, 1.000000000000000000),
 ( 1.000000000000000000, 0.7071067811865475727, 1.000000000000000000) ) ) 
 REPRESENTATION_ITEM ( '' )  SURFACE ( )  );
#644 = CARTESIAN_POINT ( 'NONE',  ( -32.50000000000000000, 82.50000000000001421, 27.60000000000001918 ) ) ;
#645 = VECTOR ( 'NONE', #1690, 1000.000000000000000 ) ;
#646 = EDGE_CURVE ( 'NONE', #758, #2529, #267, .T. ) ;
#647 = CARTESIAN_POINT ( 'NONE',  ( 45.00000000000000000, -62.77999999999998693, -7.688332605047083519E-15 ) ) ;
#648 = CYLINDRICAL_SURFACE ( 'NONE', #2632, 12.80000000000000071 ) ;
#649 = CIRCLE ( 'NONE', #3693, 3.000000000000000444 ) ;
#650 = DIRECTION ( 'NONE',  ( 0.000000000000000000, 0.000000000000000000, 1.000000000000000000 ) ) ;
#651 = CARTESIAN_POINT ( 'NONE',  ( -12.80042200311958034, 304.6004866343266144, 0.3754762498804622983 ) ) ;
#652 = CARTESIAN_POINT ( 'NONE',  ( 32.50000000000000711, 79.91760251572247853, -20.27547069688163361 ) ) ;
#653 = AXIS2_PLACEMENT_3D ( 'NONE', #2761, #3027, #2740 ) ;
#654 = CARTESIAN_POINT ( 'NONE',  ( -21.34666390965026395, 84.04565491311606706, -7.434964614767915592 ) ) ;
#655 = ORIENTED_EDGE ( 'NONE', *, *, #2137, .T. ) ;
#656 = CARTESIAN_POINT ( 'NONE',  ( -23.71998452268163859, 81.65319431554144103, -1.892403445727137701 ) ) ;
#657 = ORIENTED_EDGE ( 'NONE', *, *, #2184, .F. ) ;
#658 = CARTESIAN_POINT ( 'NONE',  ( 18.58147036190286272, 81.66952447955713978, 15.38463552967743020 ) ) ;
#659 = CARTESIAN_POINT ( 'NONE',  ( -12.51343697044579351, 442.1664383378986258, 2.694404700091685534 ) ) ;
#660 = CARTESIAN_POINT ( 'NONE',  ( 23.70770894763318282, 81.65317518141442577, -0.9340102723983489952 ) ) ;
#661 = ORIENTED_EDGE ( 'NONE', *, *, #681, .T. ) ;
#662 = CARTESIAN_POINT ( 'NONE',  ( -8.463184654744672741, 287.9178582097448498, 9.618126307498494398 ) ) ;
#663 = LINE ( 'NONE', #1799, #163 ) ;
#664 = CARTESIAN_POINT ( 'NONE',  ( 23.49999999999999289, 58.50000000000004974, -26.17929515418500941 ) ) ;
#665 = FACE_OUTER_BOUND ( 'NONE', #436, .T. ) ;
#666 = CARTESIAN_POINT ( 'NONE',  ( 0.000000000000000000, 138.5000000000000000, 0.000000000000000000 ) ) ;
#667 = ADVANCED_FACE ( 'NONE', ( #1144 ), #1442, .T. ) ;
#668 = CARTESIAN_POINT ( 'NONE',  ( -10.75895270863872000, 302.1685368276355348, 6.941697836474971517 ) ) ;
#669 = EDGE_CURVE ( 'NONE', #2708, #3390, #1517, .T. ) ;
#670 = CARTESIAN_POINT ( 'NONE',  ( -13.61512475727542615, 84.72385564874485908, 18.03988781745132286 ) ) ;
#671 = CARTESIAN_POINT ( 'NONE',  ( -23.72094466751925523, 81.65319579036540176, 0.4603682271530020742 ) ) ;
#672 = AXIS2_PLACEMENT_3D ( 'NONE', #1936, #2830, #1352 ) ;
#673 = ORIENTED_EDGE ( 'NONE', *, *, #1735, .F. ) ;
#674 = CARTESIAN_POINT ( 'NONE',  ( 14.58940481695189106, 81.83946171038726902, 20.30821737369787883 ) ) ;
#675 = CARTESIAN_POINT ( 'NONE',  ( 7.362191100795634213, 297.1965180314971349, 10.47260960362895510 ) ) ;
#676 = CARTESIAN_POINT ( 'NONE',  ( 22.53403699759888568, 82.55380427482779737, -1.782596755989277693 ) ) ;
#677 = ORIENTED_EDGE ( 'NONE', *, *, #1198, .F. ) ;
#678 = CARTESIAN_POINT ( 'NONE',  ( 0.000000000000000000, 82.50000000000001421, 0.000000000000000000 ) ) ;
#679 = CARTESIAN_POINT ( 'NONE',  ( 32.50000000000000000, -62.77999999999998693, -7.688332605047083519E-15 ) ) ;
#680 = CARTESIAN_POINT ( 'NONE',  ( 6.650952559517973484, 291.5701670313687828, -10.93738117413959721 ) ) ;
#681 = EDGE_CURVE ( 'NONE', #3128, #1014, #390, .T. ) ;
#682 = VECTOR ( 'NONE', #1694, 1000.000000000000000 ) ;
#683 = CARTESIAN_POINT ( 'NONE',  ( 12.66725484796976176, 82.22935656266362514, -22.00266744913233552 ) ) ;
#684 = CARTESIAN_POINT ( 'NONE',  ( 23.49999999999999289, 58.50000000000004974, 26.17929515418504138 ) ) ;
#685 = ADVANCED_FACE ( 'NONE', ( #3205 ), #91, .T. ) ;
#686 = CIRCLE ( 'NONE', #1695, 10.00000000000000178 ) ;
#687 = CARTESIAN_POINT ( 'NONE',  ( -7.538652571060699081, 297.5336886283553213, 10.34695796798488843 ) ) ;
#688 = B_SPLINE_CURVE_WITH_KNOTS ( 'NONE', 3,
 ( #3069, #509, #1646, #2783, #1365, #3586 ),
 .UNSPECIFIED., .F., .F.,
 ( 4, 2, 4 ),
 ( 0.000000000000000000, 0.003136202882305397406, 0.006272405764610794812 ),
 .UNSPECIFIED. ) ;
#689 = CARTESIAN_POINT ( 'NONE',  ( -15.96086653761142848, 84.39752908390049413, -16.02468002838966044 ) ) ;
#690 = ORIENTED_EDGE ( 'NONE', *, *, #529, .F. ) ;
#691 = CARTESIAN_POINT ( 'NONE',  ( -18.26599969817191038, 84.21562001935456010, -13.31588851575435051 ) ) ;
#692 = EDGE_CURVE ( 'NONE', #1546, #2817, #3126, .T. ) ;
#693 = VERTEX_POINT ( 'NONE', #3226 ) ;
#694 = CARTESIAN_POINT ( 'NONE',  ( -14.33847875787735582, 81.88559906473267347, 20.73065363175990328 ) ) ;
#695 = CARTESIAN_POINT ( 'NONE',  ( -12.64632795164764900, 441.2399073059734178, 1.982399909924272841 ) ) ;
#696 = CARTESIAN_POINT ( 'NONE',  ( 20.52039639628570100, 84.08534116311091111, -9.480077539138338949 ) ) ;
#697 = CARTESIAN_POINT ( 'NONE',  ( 32.50000000000000711, 63.24428779711261939, -1.723111310670558005 ) ) ;
#698 = VERTEX_POINT ( 'NONE', #3399 ) ;
#699 = CARTESIAN_POINT ( 'NONE',  ( 4.750000000000000000, 107.7000000000000171, -41.43781760380762336 ) ) ;
#700 = ORIENTED_EDGE ( 'NONE', *, *, #1342, .F. ) ;
#701 = CIRCLE ( 'NONE', #2787, 3.000000000000001776 ) ;
#702 = CARTESIAN_POINT ( 'NONE',  ( 12.06599619815011692, 82.35946485860198152, -19.13914664099445417 ) ) ;
#703 = DIRECTION ( 'NONE',  ( 0.000000000000000000, 0.000000000000000000, 1.000000000000000000 ) ) ;
#704 = DIRECTION ( 'NONE',  ( 1.000000000000000000, 0.000000000000000000, 0.000000000000000000 ) ) ;
#705 = CARTESIAN_POINT ( 'NONE',  ( -32.50000000000000000, 59.04217738519091085, -18.96027714884197124 ) ) ;
#706 = CIRCLE ( 'NONE', #3224, 11.09999999999999787 ) ;
#707 = CARTESIAN_POINT ( 'NONE',  ( -20.88499796450915014, 84.06721676844230728, -8.681710458008021547 ) ) ;
#708 = ORIENTED_EDGE ( 'NONE', *, *, #3408, .F. ) ;
#709 = CARTESIAN_POINT ( 'NONE',  ( 15.02915755526699115, 81.79244827313040389, 19.72387343395016046 ) ) ;
#710 = CARTESIAN_POINT ( 'NONE',  ( 12.71269925502697085, 304.4992333491734371, -1.542475560867532458 ) ) ;
#711 = ADVANCED_FACE ( 'NONE', ( #843 ), #28, .F. ) ;
#712 = CARTESIAN_POINT ( 'NONE',  ( 20.83345954406438949, 81.65451926203790833, -11.75285681120857717 ) ) ;
#713 = PLANE ( 'NONE',  #1067 ) ;
#714 = VERTEX_POINT ( 'NONE', #454 ) ;
#715 = DIRECTION ( 'NONE',  ( -0.000000000000000000, -1.000000000000000000, -0.000000000000000000 ) ) ;
#716 = DIRECTION ( 'NONE',  ( 0.000000000000000000, 0.000000000000000000, -1.000000000000000000 ) ) ;
#717 = AXIS2_PLACEMENT_3D ( 'NONE', #3695, #3412, #575 ) ;
#718 = CARTESIAN_POINT ( 'NONE',  ( 7.945312500000000888, 82.50000000000001421, -21.15731573894343853 ) ) ;
#719 = PLANE ( 'NONE',  #1541 ) ;
#720 = CARTESIAN_POINT ( 'NONE',  ( 23.49999999999998224, 49.22000000000001307, -4.749999999999999112 ) ) ;
#721 = CARTESIAN_POINT ( 'NONE',  ( -32.50000000000000000, 60.49372069316948597, -11.16071398445546059 ) ) ;
#722 = EDGE_LOOP ( 'NONE', ( #3286, #919, #625, #2409 ) ) ;
#723 = CARTESIAN_POINT ( 'NONE',  ( -20.52039639628569390, 84.08534116311442119, 9.480077539138351383 ) ) ;
#724 = ORIENTED_EDGE ( 'NONE', *, *, #268, .F. ) ;
#725 = CARTESIAN_POINT ( 'NONE',  ( 17.39703151455105967, 81.68870366906048730, 16.92847155197493336 ) ) ;
#726 = CARTESIAN_POINT ( 'NONE',  ( -12.44824239160826806, 443.1049622755870701, 2.980409570408497633 ) ) ;
#727 = DIRECTION ( 'NONE',  ( 0.000000000000000000, 0.000000000000000000, -1.000000000000000000 ) ) ;
#728 = CARTESIAN_POINT ( 'NONE',  ( -32.50000000000000000, 59.80368359681967405, 13.63567350229997466 ) ) ;
#729 = ORIENTED_EDGE ( 'NONE', *, *, #925, .T. ) ;
#730 = CARTESIAN_POINT ( 'NONE',  ( -9.000000000000001776, 82.50000000000001421, 27.60000000000001918 ) ) ;
#731 = ORIENTED_EDGE ( 'NONE', *, *, #2235, .T. ) ;
#732 = CARTESIAN_POINT ( 'NONE',  ( -13.81244543979285844, 82.18579008307141009, 19.16615617954223083 ) ) ;
#733 = CARTESIAN_POINT ( 'NONE',  ( 11.59610859118094517, 85.19480633694701055, -19.42422985738970453 ) ) ;
#734 = EDGE_CURVE ( 'NONE', #2002, #72, #2763, .T. ) ;
#735 = CARTESIAN_POINT ( 'NONE',  ( 8.499999999999923617, 73.50000000000002842, -27.06723568281936920 ) ) ;
#736 = DIRECTION ( 'NONE',  ( -1.000000000000000000, 0.000000000000000000, 0.000000000000000000 ) ) ;
#737 = CARTESIAN_POINT ( 'NONE',  ( -11.39240755470373934, 82.37991774586821236, -20.58833247155765633 ) ) ;
#738 = VERTEX_POINT ( 'NONE', #3010 ) ;
#739 = CARTESIAN_POINT ( 'NONE',  ( -14.65733408192887666, 84.55075630787452212, 17.20812183878869916 ) ) ;
#740 = ORIENTED_EDGE ( 'NONE', *, *, #1075, .T. ) ;
#741 = CARTESIAN_POINT ( 'NONE',  ( 32.50000000000000000, 62.87816009342790835, 3.548875213248006144 ) ) ;
#742 = FACE_OUTER_BOUND ( 'NONE', #3590, .T. ) ;
#743 = CARTESIAN_POINT ( 'NONE',  ( 16.52183775230719220, 82.52386665250583064, -15.44793754879398051 ) ) ;
#744 = CARTESIAN_POINT ( 'NONE',  ( -4.969314170668528874, 94.50000000000001421, -22.04690265486726020 ) ) ;
#745 = ORIENTED_EDGE ( 'NONE', *, *, #1953, .T. ) ;
#746 = CARTESIAN_POINT ( 'NONE',  ( 4.971915590589489398, 85.08070464062264193, -22.06899592006902466 ) ) ;
#747 = DIRECTION ( 'NONE',  ( 0.000000000000000000, 0.000000000000000000, -1.000000000000000000 ) ) ;
#748 = CARTESIAN_POINT ( 'NONE',  ( -4.969314170668528874, 85.50000000000001421, -22.04690265486726020 ) ) ;
#749 = CARTESIAN_POINT ( 'NONE',  ( -32.50000000000000000, 63.22675625138500521, 1.726224084819881988 ) ) ;
#750 = CARTESIAN_POINT ( 'NONE',  ( -6.897516007522399129, 290.8424478015394357, 10.78356629175874559 ) ) ;
#751 = DIRECTION ( 'NONE',  ( 0.000000000000000000, 0.000000000000000000, -1.000000000000000000 ) ) ;
#752 = CIRCLE ( 'NONE', #2175, 4.749999999999999112 ) ;
#753 = EDGE_CURVE ( 'NONE', #1183, #758, #2129, .T. ) ;
#754 = AXIS2_PLACEMENT_3D ( 'NONE', #679, #3573, #2720 ) ;
#755 = CARTESIAN_POINT ( 'NONE',  ( 26.00000000000000000, 49.22000000000001307, 0.000000000000000000 ) ) ;
#756 = CARTESIAN_POINT ( 'NONE',  ( -19.01267297777312848, 81.88027218947920005, -14.12026506337664244 ) ) ;
#757 = CARTESIAN_POINT ( 'NONE',  ( -206.4886203175368564, -62.77999999999998693, 19.00000000000000000 ) ) ;
#758 = VERTEX_POINT ( 'NONE', #3275 ) ;
#759 = CARTESIAN_POINT ( 'NONE',  ( -21.44064907808464682, 81.65310473521063273, 10.47465143320850878 ) ) ;
#760 = ORIENTED_EDGE ( 'NONE', *, *, #1472, .T. ) ;
#761 = CARTESIAN_POINT ( 'NONE',  ( 32.50000000000000000, 80.49755778677098306, 20.73065363176008091 ) ) ;
#762 = CARTESIAN_POINT ( 'NONE',  ( 12.52241521464561913, 304.2787995159139314, -2.678795279852544731 ) ) ;
#763 = AXIS2_PLACEMENT_3D ( 'NONE', #497, #297, #2793 ) ;
#764 = AXIS2_PLACEMENT_3D ( 'NONE', #1242, #1592, #3558 ) ;
#765 = CARTESIAN_POINT ( 'NONE',  ( 15.97169705550997421, 84.39642217607456587, -16.01416303098211458 ) ) ;
#766 = CARTESIAN_POINT ( 'NONE',  ( -32.49999999999999289, 59.21001530479665576, 17.14979763967917137 ) ) ;
#767 = EDGE_LOOP ( 'NONE', ( #3582, #65 ) ) ;
#768 = FACE_OUTER_BOUND ( 'NONE', #2435, .T. ) ;
#769 = CARTESIAN_POINT ( 'NONE',  ( -11.59610859118263981, 85.19480633694699634, -19.42422985738879149 ) ) ;
#770 = CARTESIAN_POINT ( 'NONE',  ( 12.46649608624489147, 442.7185196586061693, -2.903110348560279608 ) ) ;
#771 = CIRCLE ( 'NONE', #1686, 25.60000000000000142 ) ;
#772 = VECTOR ( 'NONE', #819, 1000.000000000000000 ) ;
#773 = AXIS2_PLACEMENT_3D ( 'NONE', #235, #1608, #1388 ) ;
#774 = CARTESIAN_POINT ( 'NONE',  ( -20.58850480611980771, 81.80975291590206666, 11.71874074141906874 ) ) ;
#775 = ORIENTED_EDGE ( 'NONE', *, *, #1513, .T. ) ;
#776 = PLANE ( 'NONE',  #763 ) ;
#777 = DIRECTION ( 'NONE',  ( 0.000000000000000000, 0.000000000000000000, -1.000000000000000000 ) ) ;
#778 = ADVANCED_FACE ( 'NONE', ( #3290, #2745 ), #2702, .F. ) ;
#779 = CARTESIAN_POINT ( 'NONE',  ( 12.11941043114852690, 283.1919216148723990, 4.134277794249435090 ) ) ;
#780 = DIRECTION ( 'NONE',  ( 0.000000000000000000, -0.000000000000000000, 1.000000000000000000 ) ) ;
#781 = CARTESIAN_POINT ( 'NONE',  ( -32.50000000000000000, 77.12095714753451148, -16.06376871385126037 ) ) ;
#782 = CARTESIAN_POINT ( 'NONE',  ( -10.88898670397983537, 82.44106426055577685, 23.08195445789401035 ) ) ;
#783 = ORIENTED_EDGE ( 'NONE', *, *, #1276, .T. ) ;
#784 = CARTESIAN_POINT ( 'NONE',  ( -19.25341632924352453, 82.54685420319864875, 11.86834826137039123 ) ) ;
#785 = ORIENTED_EDGE ( 'NONE', *, *, #2587, .T. ) ;
#786 = CARTESIAN_POINT ( 'NONE',  ( 32.50000000000000000, 61.85932481108988412, 6.943429878751747886 ) ) ;
#787 = EDGE_CURVE ( 'NONE', #1069, #2982, #1408, .T. ) ;
#788 = CARTESIAN_POINT ( 'NONE',  ( -9.000000000000001776, 82.50000000000001421, -27.59999999999998721 ) ) ;
#789 = DIRECTION ( 'NONE',  ( 1.000000000000000000, 0.000000000000000000, 0.000000000000000000 ) ) ;
#790 = ORIENTED_EDGE ( 'NONE', *, *, #130, .F. ) ;
#791 = FACE_OUTER_BOUND ( 'NONE', #1339, .T. ) ;
#792 = CARTESIAN_POINT ( 'NONE',  ( -12.86548542198940304, 82.22920132796777182, -18.58699619981419815 ) ) ;
#793 = CARTESIAN_POINT ( 'NONE',  ( -4.999205116280595718, 83.56687845530329639, -22.75379029619862337 ) ) ;
#794 = CARTESIAN_POINT ( 'NONE',  ( -23.60229193708538276, 81.69498230156622753, 2.092008082251774148 ) ) ;
#795 = ORIENTED_EDGE ( 'NONE', *, *, #2992, .T. ) ;
#796 = AXIS2_PLACEMENT_3D ( 'NONE', #644, #946, #369 ) ;
#797 = CARTESIAN_POINT ( 'NONE',  ( -14.87781205265443951, 81.80594964824007320, 19.91391067526385328 ) ) ;
#798 = EDGE_CURVE ( 'NONE', #2212, #1620, #1692, .T. ) ;
#799 = CYLINDRICAL_SURFACE ( 'NONE', #2671, 2.649999999999999467 ) ;
#800 = CARTESIAN_POINT ( 'NONE',  ( 10.93034346981782789, 284.6199101353735728, -6.669230374853914789 ) ) ;
#801 = LINE ( 'NONE', #1081, #2725 ) ;
#802 = ORIENTED_EDGE ( 'NONE', *, *, #3278, .F. ) ;
#803 = CARTESIAN_POINT ( 'NONE',  ( -15.97169705551083929, 84.39642217607456587, 16.01416303098130811 ) ) ;
#804 = VERTEX_POINT ( 'NONE', #1328 ) ;
#805 = CARTESIAN_POINT ( 'NONE',  ( 32.49999999999999289, 79.31116348496335888, 19.65812500949530062 ) ) ;
#806 = DIRECTION ( 'NONE',  ( 0.000000000000000000, 0.000000000000000000, 1.000000000000000000 ) ) ;
#807 = DIRECTION ( 'NONE',  ( 1.000000000000000000, 0.000000000000000000, 0.000000000000000000 ) ) ;
#808 = EDGE_CURVE ( 'NONE', #955, #1947, #2160, .T. ) ;
#809 = CARTESIAN_POINT ( 'NONE',  ( 0.000000000000000000, 138.5000000000000000, 0.000000000000000000 ) ) ;
#810 = ORIENTED_EDGE ( 'NONE', *, *, #1595, .T. ) ;
#811 = CARTESIAN_POINT ( 'NONE',  ( 20.00000000000000000, 293.5000000000000568, -3.000000000000000888 ) ) ;
#812 = DIRECTION ( 'NONE',  ( 0.000000000000000000, 1.000000000000000000, 0.000000000000000000 ) ) ;
#813 = CARTESIAN_POINT ( 'NONE',  ( 12.64629002986672113, 441.2400289027400504, -1.982735769188646691 ) ) ;
#814 = CARTESIAN_POINT ( 'NONE',  ( -15.99863918791998074, 82.04080418955105358, 17.44964779905069463 ) ) ;
#815 = DIRECTION ( 'NONE',  ( -1.000000000000000000, -0.000000000000000000, 0.000000000000000000 ) ) ;
#816 = VECTOR ( 'NONE', #1798, 1000.000000000000227 ) ;
#817 = DIRECTION ( 'NONE',  ( -1.000000000000000000, 0.000000000000000000, 0.000000000000000000 ) ) ;
#818 = CARTESIAN_POINT ( 'NONE',  ( 10.75622437990586278, 284.8348371367043796, -6.945991915934439653 ) ) ;
#819 = DIRECTION ( 'NONE',  ( 1.000000000000000000, -0.000000000000000000, -0.000000000000000000 ) ) ;
#820 = CARTESIAN_POINT ( 'NONE',  ( -10.75622437990586633, 302.1651628632955067, -6.945991915934440541 ) ) ;
#821 = ORIENTED_EDGE ( 'NONE', *, *, #3327, .T. ) ;
#822 = CARTESIAN_POINT ( 'NONE',  ( 12.88166887069961497, 82.25592106909483903, 19.77167775394058324 ) ) ;
#823 = DIRECTION ( 'NONE',  ( -1.000000000000000000, 0.000000000000000000, 0.000000000000000000 ) ) ;
#824 = FACE_OUTER_BOUND ( 'NONE', #414, .T. ) ;
#825 = CARTESIAN_POINT ( 'NONE',  ( -12.57633725224845911, 445.3303807988349377, 2.384965270307624063 ) ) ;
#826 = VERTEX_POINT ( 'NONE', #3616 ) ;
#827 = CARTESIAN_POINT ( 'NONE',  ( 20.00000000000000000, 443.5000000000000568, 0.000000000000000000 ) ) ;
#828 = EDGE_CURVE ( 'NONE', #2218, #3501, #2970, .T. ) ;
#829 = DIRECTION ( 'NONE',  ( 0.000000000000000000, -1.000000000000000000, -0.000000000000000000 ) ) ;
#830 = CARTESIAN_POINT ( 'NONE',  ( -4.941491408618923664, 83.01923959370127193, -23.38504553960061827 ) ) ;
#831 = CIRCLE ( 'NONE', #2250, 12.80000000000000071 ) ;
#832 = B_SPLINE_CURVE_WITH_KNOTS ( 'NONE', 3,
 ( #2717, #3630, #746, #1107, #3302, #175, #1049, #3050, #1369, #2498, #1883, #1306, #3366, #490, #3025, #1323, #2806, #213 ),
 .UNSPECIFIED., .F., .F.,
 ( 4, 2, 2, 2, 2, 2, 2, 2, 4 ),
 ( 1.972007561908693274E-07, 0.0006259017192096787878, 0.001251606237663166867, 0.001877310756116654837, 0.002503015274570142591, 0.003128719793023630562, 0.003754424311477118532, 0.004380128829930606503, 0.005005833348384094474 ),
 .UNSPECIFIED. ) ;
#833 = CARTESIAN_POINT ( 'NONE',  ( 18.26599969817191038, 84.21562001935456010, 13.31588851575435939 ) ) ;
#834 = AXIS2_PLACEMENT_3D ( 'NONE', #2489, #502, #3116 ) ;
#835 = EDGE_LOOP ( 'NONE', ( #3024, #2478, #2044, #3602 ) ) ;
#836 = DIRECTION ( 'NONE',  ( 0.000000000000000000, 0.000000000000000000, 1.000000000000000000 ) ) ;
#837 = CARTESIAN_POINT ( 'NONE',  ( 0.000000000000000000, 135.5000000000000000, 0.000000000000000000 ) ) ;
#838 = AXIS2_PLACEMENT_3D ( 'NONE', #1965, #3104, #546 ) ;
#839 = CARTESIAN_POINT ( 'NONE',  ( 6.383144769919748995, 293.1094641957978979, 11.09485877617028926 ) ) ;
#840 = CARTESIAN_POINT ( 'NONE',  ( 1.567547902908612184E-15, 453.5000000000000000, 12.80000000000000071 ) ) ;
#841 = CARTESIAN_POINT ( 'NONE',  ( 12.64632795164764900, 445.7600926940266959, 1.982399909924272841 ) ) ;
#842 = CARTESIAN_POINT ( 'NONE',  ( 32.50000000000000000, 61.32472750409371542, -8.539929602746166637 ) ) ;
#843 = FACE_OUTER_BOUND ( 'NONE', #1718, .T. ) ;
#844 = EDGE_CURVE ( 'NONE', #3229, #2237, #2764, .T. ) ;
#845 = LINE ( 'NONE', #3139, #310 ) ;
#846 = CARTESIAN_POINT ( 'NONE',  ( -12.46634459647175319, 444.2788476449700852, 2.903756706594462500 ) ) ;
#847 = ORIENTED_EDGE ( 'NONE', *, *, #903, .T. ) ;
#848 = FACE_OUTER_BOUND ( 'NONE', #1286, .T. ) ;
#849 = CARTESIAN_POINT ( 'NONE',  ( 10.90778202995541335, 82.43952153070881650, 23.07171090743577224 ) ) ;
#850 = CARTESIAN_POINT ( 'NONE',  ( -14.50000000000000000, 293.5000000000000568, 0.000000000000000000 ) ) ;
#851 = EDGE_CURVE ( 'NONE', #1048, #714, #1243, .T. ) ;
#852 = CARTESIAN_POINT ( 'NONE',  ( 13.75624733017019174, 82.40473736484874223, 17.93490522369628337 ) ) ;
#853 = DIRECTION ( 'NONE',  ( -0.000000000000000000, -1.000000000000000000, -0.000000000000000000 ) ) ;
#854 = CARTESIAN_POINT ( 'NONE',  ( -14.50000000000000000, 293.5000000000000568, 3.000000000000001776 ) ) ;
#855 = CARTESIAN_POINT ( 'NONE',  ( -32.50000000000000000, 63.14844132594654980, -2.244457463458123136 ) ) ;
#856 = DIRECTION ( 'NONE',  ( 0.000000000000000000, 0.000000000000000000, -1.000000000000000000 ) ) ;
#857 = ADVANCED_FACE ( 'NONE', ( #406 ), #719, .T. ) ;
#858 = CARTESIAN_POINT ( 'NONE',  ( 6.446106648468020950, 292.5210082316277749, 11.05845163536017850 ) ) ;
#859 = CARTESIAN_POINT ( 'NONE',  ( 12.64604728676424905, 445.7585647068142976, -1.984220401984240212 ) ) ;
#860 = CARTESIAN_POINT ( 'NONE',  ( 14.30936540787782896, 82.15032663388819856, -18.81730949575722533 ) ) ;
#861 = FACE_OUTER_BOUND ( 'NONE', #1484, .T. ) ;
#862 = CIRCLE ( 'NONE', #1522, 13.99999999999999822 ) ;
#863 = DIRECTION ( 'NONE',  ( 0.000000000000000000, 1.000000000000000000, 0.000000000000000000 ) ) ;
#864 = DIRECTION ( 'NONE',  ( 0.000000000000000000, 0.000000000000000000, -1.000000000000000000 ) ) ;
#865 = VERTEX_POINT ( 'NONE', #1855 ) ;
#866 = DIRECTION ( 'NONE',  ( 1.000000000000000000, 0.000000000000000000, 0.000000000000000000 ) ) ;
#867 = ORIENTED_EDGE ( 'NONE', *, *, #1650, .T. ) ;
#868 = CARTESIAN_POINT ( 'NONE',  ( 22.49576434573209838, 83.99590192328878402, -2.213029668273347017 ) ) ;
#869 = CARTESIAN_POINT ( 'NONE',  ( 0.000000000000000000, 94.50000000000001421, 0.000000000000000000 ) ) ;
#870 = CIRCLE ( 'NONE', #92, 22.60000000000000142 ) ;
#871 = CARTESIAN_POINT ( 'NONE',  ( 15.22459673661391832, 81.77696063423746864, 19.48398572026953346 ) ) ;
#872 = CARTESIAN_POINT ( 'NONE',  ( -9.050352208996086389, 287.0719304434821879, 9.055638405708609895 ) ) ;
#873 = ORIENTED_EDGE ( 'NONE', *, *, #2259, .F. ) ;
#874 = CARTESIAN_POINT ( 'NONE',  ( -18.58774850022748737, 81.66943964550186763, 15.37618329095970360 ) ) ;
#875 = CARTESIAN_POINT ( 'NONE',  ( 1.714505518806294441E-15, 93.50000000000001421, 13.99999999999999822 ) ) ;
#876 = CARTESIAN_POINT ( 'NONE',  ( -8.907702929592124619, 85.50000000000001421, -20.79590445196982529 ) ) ;
#877 = EDGE_CURVE ( 'NONE', #72, #1212, #2994, .T. ) ;
#878 = CARTESIAN_POINT ( 'NONE',  ( 45.00000000000000000, -62.77999999999998693, -7.688332605047083519E-15 ) ) ;
#879 = CARTESIAN_POINT ( 'NONE',  ( -6.549632655289645555, 295.0521634745058464, -10.99766886184779402 ) ) ;
#880 = CARTESIAN_POINT ( 'NONE',  ( 23.08041821519000791, 81.71319790293688357, 5.355332116103731721 ) ) ;
#881 = DIRECTION ( 'NONE',  ( 1.000000000000000000, 0.000000000000000000, 0.000000000000000000 ) ) ;
#882 = AXIS2_PLACEMENT_3D ( 'NONE', #2216, #807, #2153 ) ;
#883 = ADVANCED_FACE ( 'NONE', ( #2724, #3544, #1557 ), #180, .F. ) ;
#884 = CARTESIAN_POINT ( 'NONE',  ( -8.500000000000003553, 58.50000000000002132, -65.00000000000000000 ) ) ;
#885 = DIRECTION ( 'NONE',  ( 0.000000000000000000, 0.000000000000000000, -1.000000000000000000 ) ) ;
#886 = ORIENTED_EDGE ( 'NONE', *, *, #753, .T. ) ;
#887 = CARTESIAN_POINT ( 'NONE',  ( -13.34393984792001220, 82.34726557703129401, -18.24372985907589850 ) ) ;
#888 = CARTESIAN_POINT ( 'NONE',  ( 14.33847875787743575, 81.88559906473265926, 20.73065363175990328 ) ) ;
#889 = CARTESIAN_POINT ( 'NONE',  ( 3.245314017740484483E-16, 94.50000000000001421, -31.48781760380762407 ) ) ;
#890 = CARTESIAN_POINT ( 'NONE',  ( 14.65599988520071939, 84.55094798485347951, 17.20923447834896436 ) ) ;
#891 = CARTESIAN_POINT ( 'NONE',  ( -8.084490668836561866, 288.4992314182885025, -9.934090828804958306 ) ) ;
#892 = ORIENTED_EDGE ( 'NONE', *, *, #798, .F. ) ;
#893 = CARTESIAN_POINT ( 'NONE',  ( -15.49408417008458727, 81.75723297370471698, 19.15713813491736062 ) ) ;
#894 = AXIS2_PLACEMENT_3D ( 'NONE', #1088, #3648, #3665 ) ;
#895 = DIRECTION ( 'NONE',  ( 0.000000000000000000, 0.000000000000000000, 1.000000000000000000 ) ) ;
#896 = DIRECTION ( 'NONE',  ( 1.000000000000000000, -0.000000000000000000, -0.000000000000000000 ) ) ;
#897 = APPLICATION_PROTOCOL_DEFINITION ( 'draft international standard', 'automotive_design', 1998, #1949 ) ;
#898 = CARTESIAN_POINT ( 'NONE',  ( -11.42865363442861515, 302.9888605447831651, -5.802589486471954494 ) ) ;
#899 = CARTESIAN_POINT ( 'NONE',  ( 32.50000000000000000, 74.75665384039648131, 4.190031098822782241 ) ) ;
#900 = CARTESIAN_POINT ( 'NONE',  ( -26.00000000000000000, 49.22000000000001307, 0.000000000000000000 ) ) ;
#901 = VERTEX_POINT ( 'NONE', #2687 ) ;
#902 = DIRECTION ( 'NONE',  ( 0.000000000000000000, 0.000000000000000000, 1.000000000000000000 ) ) ;
#903 = EDGE_CURVE ( 'NONE', #2058, #2052, #3634, .T. ) ;
#904 = ORIENTED_EDGE ( 'NONE', *, *, #1650, .F. ) ;
#905 = CARTESIAN_POINT ( 'NONE',  ( 18.26170771422679451, 84.21590702493190861, 13.32176933079538905 ) ) ;
#906 = DIRECTION ( 'NONE',  ( 0.000000000000000000, -0.000000000000000000, 1.000000000000000000 ) ) ;
#907 = CARTESIAN_POINT ( 'NONE',  ( 13.44988752453267544, 82.36362742713625096, 18.16533710498723408 ) ) ;
#908 = CARTESIAN_POINT ( 'NONE',  ( -9.653183322497461916, 286.2439070608103862, -8.427758774130911235 ) ) ;
#909 = ORIENTED_EDGE ( 'NONE', *, *, #965, .F. ) ;
#910 = CARTESIAN_POINT ( 'NONE',  ( -22.55193120207050228, 81.65211836780886756, -7.623519278678402955 ) ) ;
#911 = CARTESIAN_POINT ( 'NONE',  ( 32.50000000000000711, 63.21627237075021100, 1.806526248293472747 ) ) ;
#912 = DIRECTION ( 'NONE',  ( 0.5867182298600183143, 0.000000000000000000, 0.8097911574905759524 ) ) ;
#913 = EDGE_CURVE ( 'NONE', #2606, #2067, #2399, .T. ) ;
#914 = AXIS2_PLACEMENT_3D ( 'NONE', #2232, #823, #1964 ) ;
#915 = CARTESIAN_POINT ( 'NONE',  ( -32.50000000000000000, 72.76598128423228218, -27.02378468505227715 ) ) ;
#916 = EDGE_CURVE ( 'NONE', #2385, #361, #2852, .T. ) ;
#917 = CARTESIAN_POINT ( 'NONE',  ( 14.50000000000000000, 293.5000000000000568, 3.000000000000001776 ) ) ;
#918 = CARTESIAN_POINT ( 'NONE',  ( 32.50000000000000000, 59.83501019173380087, -13.65622053278650760 ) ) ;
#919 = ORIENTED_EDGE ( 'NONE', *, *, #2012, .F. ) ;
#920 = DIRECTION ( 'NONE',  ( 1.000000000000000000, -0.000000000000000000, -0.000000000000000000 ) ) ;
#921 = ORIENTED_EDGE ( 'NONE', *, *, #139, .T. ) ;
#922 = CARTESIAN_POINT ( 'NONE',  ( 15.49408417008459438, 81.75723297370471698, -19.15713813491736062 ) ) ;
#923 = DIRECTION ( 'NONE',  ( -1.000000000000000000, -0.000000000000000000, -0.000000000000000000 ) ) ;
#924 = ADVANCED_FACE ( 'NONE', ( #2224 ), #1673, .F. ) ;
#925 = EDGE_CURVE ( 'NONE', #1536, #1125, #2523, .T. ) ;
#926 = CARTESIAN_POINT ( 'NONE',  ( 22.53434116738644022, 83.99433074688232637, -1.778468360581862084 ) ) ;
#927 = LINE ( 'NONE', #3428, #950 ) ;
#928 = ORIENTED_EDGE ( 'NONE', *, *, #123, .T. ) ;
#929 = CARTESIAN_POINT ( 'NONE',  ( -18.58147036190286627, 81.66952447955713978, -15.38463552967742309 ) ) ;
#930 = CARTESIAN_POINT ( 'NONE',  ( -32.50000000000000000, -62.77999999999998693, 19.00000000000000000 ) ) ;
#931 = CARTESIAN_POINT ( 'NONE',  ( -7.898330669738386156, 298.1715081860029386, 10.07507788604514865 ) ) ;
#932 = CARTESIAN_POINT ( 'NONE',  ( 12.90277423813673252, 82.25425306879095899, -19.75899238422968907 ) ) ;
#933 = CARTESIAN_POINT ( 'NONE',  ( -19.26844944284909644, 84.15228899369674309, -11.84412899516791384 ) ) ;
#934 = ORIENTED_EDGE ( 'NONE', *, *, #2019, .T. ) ;
#935 = CARTESIAN_POINT ( 'NONE',  ( -18.82420106699553131, 81.66778934339424723, -15.02703053545842771 ) ) ;
#936 = ORIENTED_EDGE ( 'NONE', *, *, #2684, .F. ) ;
#937 = CARTESIAN_POINT ( 'NONE',  ( 23.65188156673481146, 81.65309179638208548, 1.916343381545025704 ) ) ;
#938 = VECTOR ( 'NONE', #582, 1000.000000000000000 ) ;
#939 = CARTESIAN_POINT ( 'NONE',  ( 12.42782075160891253, 304.1688536485983718, 3.086970586831518037 ) ) ;
#940 = CARTESIAN_POINT ( 'NONE',  ( 22.87006831576469068, 81.65228900944543966, 6.486493342172111376 ) ) ;
#941 = AXIS2_PLACEMENT_3D ( 'NONE', #2372, #716, #3287 ) ;
#942 = ADVANCED_FACE ( 'NONE', ( #2847 ), #776, .F. ) ;
#943 = ORIENTED_EDGE ( 'NONE', *, *, #1763, .T. ) ;
#944 = CARTESIAN_POINT ( 'NONE',  ( -7.042406880266098845, 290.4903683913528880, 10.69027198192059736 ) ) ;
#945 = ORIENTED_EDGE ( 'NONE', *, *, #1995, .F. ) ;
#946 = DIRECTION ( 'NONE',  ( -0.000000000000000000, 1.000000000000000000, 0.000000000000000000 ) ) ;
#947 = AXIS2_PLACEMENT_3D ( 'NONE', #556, #2833, #279 ) ;
#948 = CARTESIAN_POINT ( 'NONE',  ( 0.000000000000000000, 143.5000000000000568, 0.000000000000000000 ) ) ;
#949 = DIRECTION ( 'NONE',  ( -0.000000000000000000, -1.000000000000000000, -0.000000000000000000 ) ) ;
#950 = VECTOR ( 'NONE', #1451, 1000.000000000000000 ) ;
#951 = DIRECTION ( 'NONE',  ( 1.000000000000000000, -0.000000000000000000, -0.000000000000000000 ) ) ;
#952 = CIRCLE ( 'NONE', #1133, 2.999999999999998224 ) ;
#953 = AXIS2_PLACEMENT_3D ( 'NONE', #1406, #2788, #747 ) ;
#954 = CARTESIAN_POINT ( 'NONE',  ( -20.88192165767506481, 84.06736481235721214, -8.689095664128940300 ) ) ;
#955 = VERTEX_POINT ( 'NONE', #1393 ) ;
#956 = CARTESIAN_POINT ( 'NONE',  ( -17.05574965296612433, 81.69468539416912733, -17.33722898433430615 ) ) ;
#957 = ORIENTED_EDGE ( 'NONE', *, *, #913, .F. ) ;
#958 = CIRCLE ( 'NONE', #1436, 14.00000000000000000 ) ;
#959 = CARTESIAN_POINT ( 'NONE',  ( 20.17700854842526326, 81.65699030566014471, -12.94407942817556645 ) ) ;
#960 = CARTESIAN_POINT ( 'NONE',  ( -14.50000000000000000, 293.5000000000000568, 11.09999999999999787 ) ) ;
#961 = EDGE_CURVE ( 'NONE', #693, #2606, #1156, .T. ) ;
#962 = AXIS2_PLACEMENT_3D ( 'NONE', #1146, #2276, #864 ) ;
#963 = CARTESIAN_POINT ( 'NONE',  ( 22.88590621487347221, 81.65228162028502368, -6.477023939698745458 ) ) ;
#964 = ORIENTED_EDGE ( 'NONE', *, *, #1691, .T. ) ;
#965 = EDGE_CURVE ( 'NONE', #1620, #2212, #2186, .T. ) ;
#966 = DIRECTION ( 'NONE',  ( 0.000000000000000000, 0.000000000000000000, 1.000000000000000000 ) ) ;
#967 = DIRECTION ( 'NONE',  ( 0.000000000000000000, 0.000000000000000000, 1.000000000000000000 ) ) ;
#968 = CARTESIAN_POINT ( 'NONE',  ( 6.549632655289646443, 291.9478365254941536, -10.99766886184779402 ) ) ;
#969 = FACE_OUTER_BOUND ( 'NONE', #81, .T. ) ;
#970 = FACE_BOUND ( 'NONE', #1748, .T. ) ;
#971 = EDGE_CURVE ( 'NONE', #3312, #1200, #2660, .T. ) ;
#972 = CARTESIAN_POINT ( 'NONE',  ( -10.21400394031366332, 301.4824807659436487, 7.720498552082178279 ) ) ;
#973 = CARTESIAN_POINT ( 'NONE',  ( -20.88165658374848022, 84.06753570185588842, 8.655341502043052415 ) ) ;
#974 = ORIENTED_EDGE ( 'NONE', *, *, #268, .T. ) ;
#975 = CARTESIAN_POINT ( 'NONE',  ( -20.52818379738999255, 84.08454962467540383, -9.494140917234885180 ) ) ;
#976 = CIRCLE ( 'NONE', #1803, 12.80000000000000071 ) ;
#977 = ORIENTED_EDGE ( 'NONE', *, *, #1351, .F. ) ;
#978 = CARTESIAN_POINT ( 'NONE',  ( 0.000000000000000000, 107.7000000000000171, -41.43781760380762336 ) ) ;
#979 = CARTESIAN_POINT ( 'NONE',  ( 8.907702929592115737, 85.50000000000001421, 20.79590445196982529 ) ) ;
#980 = CARTESIAN_POINT ( 'NONE',  ( 21.99111045666052533, 81.65237931905400615, -9.168198555460669752 ) ) ;
#981 = LINE ( 'NONE', #3170, #424 ) ;
#982 = ORIENTED_EDGE ( 'NONE', *, *, #100, .F. ) ;
#983 = LINE ( 'NONE', #176, #3557 ) ;
#984 = EDGE_LOOP ( 'NONE', ( #2257, #2223, #207, #1166, #873 ) ) ;
#985 = AXIS2_PLACEMENT_3D ( 'NONE', #2575, #272, #1199 ) ;
#986 = PLANE ( 'NONE',  #1293 ) ;
#987 = CARTESIAN_POINT ( 'NONE',  ( 7.154018198598327771, 107.7000000000000171, -21.43781760380762336 ) ) ;
#988 = EDGE_CURVE ( 'NONE', #3222, #3314, #976, .T. ) ;
#989 = CARTESIAN_POINT ( 'NONE',  ( -6.550984290665463838, 295.0588235990693420, 10.99687131885925062 ) ) ;
#990 = CARTESIAN_POINT ( 'NONE',  ( -17.44140014757006441, 84.27419760631569545, -14.37895309412678557 ) ) ;
#991 = ORIENTED_EDGE ( 'NONE', *, *, #2650, .F. ) ;
#992 = CARTESIAN_POINT ( 'NONE',  ( -23.65479987696926756, 81.65309611412180857, 1.873515681236787023 ) ) ;
#993 = EDGE_LOOP ( 'NONE', ( #2791, #3541, #87, #2512 ) ) ;
#994 = DIRECTION ( 'NONE',  ( -0.000000000000000000, 0.000000000000000000, -1.000000000000000000 ) ) ;
#995 = CARTESIAN_POINT ( 'NONE',  ( 6.374166612193318038, 293.5000000000000568, 11.09999999999999787 ) ) ;
#996 = AXIS2_PLACEMENT_3D ( 'NONE', #1499, #3503, #1172 ) ;
#997 = CARTESIAN_POINT ( 'NONE',  ( 22.60018995809166142, 82.55385887901451269, -0.4380699637225310417 ) ) ;
#998 = CARTESIAN_POINT ( 'NONE',  ( -32.50000000000000711, 63.33414408582163446, -0.4699883243163778257 ) ) ;
#999 = ORIENTED_EDGE ( 'NONE', *, *, #1617, .T. ) ;
#1000 = CARTESIAN_POINT ( 'NONE',  ( 2.767701766073018529E-15, 138.5000000000000000, 22.60000000000000142 ) ) ;
#1001 = ORIENTED_EDGE ( 'NONE', *, *, #1198, .T. ) ;
#1002 = CIRCLE ( 'NONE', #941, 23.50000000000000000 ) ;
#1003 = DIRECTION ( 'NONE',  ( -1.000000000000000000, 0.000000000000000000, 0.000000000000000000 ) ) ;
#1004 = DIRECTION ( 'NONE',  ( -1.000000000000000000, -0.000000000000000000, -0.000000000000000000 ) ) ;
#1005 = CARTESIAN_POINT ( 'NONE',  ( 0.000000000000000000, 107.7000000000000171, -34.13781760380762620 ) ) ;
#1006 = ORIENTED_EDGE ( 'NONE', *, *, #262, .T. ) ;
#1007 = CARTESIAN_POINT ( 'NONE',  ( -21.87004454079625759, 84.02228567936231229, -5.714776675651581428 ) ) ;
#1008 = VERTEX_POINT ( 'NONE', #1656 ) ;
#1009 = CARTESIAN_POINT ( 'NONE',  ( -23.50000000000000355, 73.50000000000002842, -65.00000000000000000 ) ) ;
#1010 = CARTESIAN_POINT ( 'NONE',  ( -12.60004359545411035, 441.5151808817144570, 2.257968435596078738 ) ) ;
#1011 = CARTESIAN_POINT ( 'NONE',  ( 0.000000000000000000, 93.50000000000001421, 14.00000000000000000 ) ) ;
#1012 = ADVANCED_FACE ( 'NONE', ( #2484 ), #1503, .F. ) ;
#1013 = DIRECTION ( 'NONE',  ( 0.000000000000000000, 1.000000000000000000, -0.000000000000000000 ) ) ;
#1014 = VERTEX_POINT ( 'NONE', #219 ) ;
#1015 = FILL_AREA_STYLE_COLOUR ( '', #1770 ) ;
#1016 = ORIENTED_EDGE ( 'NONE', *, *, #1319, .F. ) ;
#1017 = CARTESIAN_POINT ( 'NONE',  ( -23.49999999999999289, 58.50000000000004974, -26.17929515418500941 ) ) ;
#1018 = CARTESIAN_POINT ( 'NONE',  ( 23.49999999999999289, 58.50000000000004974, -26.17929515418500941 ) ) ;
#1019 = CARTESIAN_POINT ( 'NONE',  ( 45.00000000000000000, -62.77999999999998693, 9.999999999999994671 ) ) ;
#1020 = CARTESIAN_POINT ( 'NONE',  ( -21.59126685463932205, 81.76890013683546954, -9.754730143375056173 ) ) ;
#1021 = ORIENTED_EDGE ( 'NONE', *, *, #646, .T. ) ;
#1022 = CARTESIAN_POINT ( 'NONE',  ( -15.88345023610540174, 82.51472306165075565, 16.10325433684125684 ) ) ;
#1023 = ORIENTED_EDGE ( 'NONE', *, *, #2792, .F. ) ;
#1024 = CARTESIAN_POINT ( 'NONE',  ( 32.50000000000000711, 74.86987644938736253, 5.736260104504992796 ) ) ;
#1025 = CARTESIAN_POINT ( 'NONE',  ( 0.000000000000000000, 93.50000000000001421, 0.000000000000000000 ) ) ;
#1026 = PLANE ( 'NONE',  #882 ) ;
#1027 = CARTESIAN_POINT ( 'NONE',  ( 0.000000000000000000, 107.7000000000000171, -34.13781760380762620 ) ) ;
#1028 = ORIENTED_EDGE ( 'NONE', *, *, #1853, .F. ) ;
#1029 = PLANE ( 'NONE',  #391 ) ;
#1030 = EDGE_CURVE ( 'NONE', #3614, #526, #3239, .T. ) ;
#1031 = CARTESIAN_POINT ( 'NONE',  ( 0.000000000000000000, 143.5000000000000568, -12.80000000000000071 ) ) ;
#1032 = DIRECTION ( 'NONE',  ( 0.000000000000000000, -1.000000000000000000, -0.000000000000000000 ) ) ;
#1033 = CARTESIAN_POINT ( 'NONE',  ( -32.50000000000000000, 61.32472750409371542, 8.539929602746937576 ) ) ;
#1034 = DIRECTION ( 'NONE',  ( 0.000000000000000000, -0.000000000000000000, 1.000000000000000000 ) ) ;
#1035 = DIRECTION ( 'NONE',  ( 0.000000000000000000, 1.000000000000000000, 0.000000000000000000 ) ) ;
#1036 = ADVANCED_FACE ( 'NONE', ( #2541 ), #3692, .T. ) ;
#1037 = AXIS2_PLACEMENT_3D ( 'NONE', #2273, #949, #3417 ) ;
#1038 = CARTESIAN_POINT ( 'NONE',  ( 0.000000000000000000, 163.5000000000000284, 0.000000000000000000 ) ) ;
#1039 = FACE_OUTER_BOUND ( 'NONE', #2716, .T. ) ;
#1040 = FACE_OUTER_BOUND ( 'NONE', #3018, .T. ) ;
#1041 = ORIENTED_EDGE ( 'NONE', *, *, #1617, .F. ) ;
#1042 = CARTESIAN_POINT ( 'NONE',  ( -21.63177570882577427, 81.65279513554001767, 10.04310770499728100 ) ) ;
#1043 = ORIENTED_EDGE ( 'NONE', *, *, #2812, .T. ) ;
#1044 = CARTESIAN_POINT ( 'NONE',  ( 32.50000000000000000, 60.25031225096932275, 12.01167749073347224 ) ) ;
#1045 = CARTESIAN_POINT ( 'NONE',  ( 0.000000000000000000, 143.5000000000000568, 0.000000000000000000 ) ) ;
#1046 = CARTESIAN_POINT ( 'NONE',  ( 18.85414306905122572, 81.66658209938469781, -15.00295121729807768 ) ) ;
#1047 = LINE ( 'NONE', #744, #2084 ) ;
#1048 = VERTEX_POINT ( 'NONE', #854 ) ;
#1049 = CARTESIAN_POINT ( 'NONE',  ( 5.000561511783862656, 83.90856547671837973, -22.49938770413110589 ) ) ;
#1050 = CARTESIAN_POINT ( 'NONE',  ( 9.000000000000001776, 82.50000000000001421, 27.60000000000001918 ) ) ;
#1051 = DIRECTION ( 'NONE',  ( 0.000000000000000000, 1.000000000000000000, -0.000000000000000000 ) ) ;
#1052 = CARTESIAN_POINT ( 'NONE',  ( -32.50000000000000000, 75.70416325386261747, 11.45056125814574521 ) ) ;
#1053 = EDGE_CURVE ( 'NONE', #2058, #3383, #1359, .T. ) ;
#1054 = ORIENTED_EDGE ( 'NONE', *, *, #3243, .F. ) ;
#1055 = CARTESIAN_POINT ( 'NONE',  ( 32.50000000000000000, 59.00000000000004974, 26.20889317180618505 ) ) ;
#1056 = CARTESIAN_POINT ( 'NONE',  ( -10.90778202995541868, 82.43952153070881650, -23.07171090743576514 ) ) ;
#1057 = ADVANCED_FACE ( 'NONE', ( #2322 ), #2030, .T. ) ;
#1058 = LINE ( 'NONE', #1019, #1937 ) ;
#1059 = CARTESIAN_POINT ( 'NONE',  ( -32.50000000000000711, 80.49755778677101148, -20.73065363176009157 ) ) ;
#1060 = CARTESIAN_POINT ( 'NONE',  ( -4.969314170668537756, 94.50000000000001421, -22.04690265486725664 ) ) ;
#1061 = ORIENTED_EDGE ( 'NONE', *, *, #21, .T. ) ;
#1062 = CARTESIAN_POINT ( 'NONE',  ( -23.45765157640146725, 81.65282241532459295, 3.734756230429361779 ) ) ;
#1063 = ORIENTED_EDGE ( 'NONE', *, *, #3092, .F. ) ;
#1064 = CARTESIAN_POINT ( 'NONE',  ( 32.50000000000000000, 75.85412361609172649, 12.10341353797897668 ) ) ;
#1065 = PLANE ( 'NONE',  #1750 ) ;
#1066 = CARTESIAN_POINT ( 'NONE',  ( 12.86548542198927336, 82.22920132796778603, -18.58699619981428341 ) ) ;
#1067 = AXIS2_PLACEMENT_3D ( 'NONE', #2476, #1068, #142 ) ;
#1068 = DIRECTION ( 'NONE',  ( 0.000000000000000000, 1.000000000000000000, 0.000000000000000000 ) ) ;
#1069 = VERTEX_POINT ( 'NONE', #664 ) ;
#1070 = LINE ( 'NONE', #2479, #2162 ) ;
#1071 = ADVANCED_FACE ( 'NONE', ( #2886 ), #2579, .F. ) ;
#1072 = CARTESIAN_POINT ( 'NONE',  ( -8.907702929592112184, 85.50000000000001421, 20.79590445196982884 ) ) ;
#1073 = CARTESIAN_POINT ( 'NONE',  ( -9.000000000000000000, 85.50000000000001421, 23.96580897862619963 ) ) ;
#1074 = CARTESIAN_POINT ( 'NONE',  ( -23.59110255941658707, 81.69536437593826861, -2.226297185427927872 ) ) ;
#1075 = EDGE_CURVE ( 'NONE', #3609, #1250, #771, .T. ) ;
#1076 = EDGE_LOOP ( 'NONE', ( #3016, #2470 ) ) ;
#1077 = CARTESIAN_POINT ( 'NONE',  ( -14.33847875787735582, 81.88559906473267347, 20.73065363175990328 ) ) ;
#1078 = PRESENTATION_LAYER_ASSIGNMENT (  '', '', ( #115 ) ) ;
#1079 = LINE ( 'NONE', #499, #645 ) ;
#1080 = EDGE_CURVE ( 'NONE', #3579, #1350, #1501, .T. ) ;
#1081 = CARTESIAN_POINT ( 'NONE',  ( -23.49999999999999289, -62.77999999999998693, 19.00000000000000000 ) ) ;
#1082 = ORIENTED_EDGE ( 'NONE', *, *, #2992, .F. ) ;
#1083 = CARTESIAN_POINT ( 'NONE',  ( -13.11965189542451604, 82.30290073438381171, 18.40680395196197594 ) ) ;
#1084 = ORIENTED_EDGE ( 'NONE', *, *, #191, .T. ) ;
#1085 = LINE ( 'NONE', #1943, #2556 ) ;
#1086 = DIRECTION ( 'NONE',  ( -0.000000000000000000, 1.000000000000000000, -0.000000000000000000 ) ) ;
#1087 = CARTESIAN_POINT ( 'NONE',  ( 15.74228115571427544, 81.74351963294466827, -18.86795957490072695 ) ) ;
#1088 = CARTESIAN_POINT ( 'NONE',  ( -206.4886203175368564, -62.77999999999998693, -7.903034951608021219E-15 ) ) ;
#1089 = ORIENTED_EDGE ( 'NONE', *, *, #130, .T. ) ;
#1090 = DIRECTION ( 'NONE',  ( 1.000000000000000000, 0.000000000000000000, 0.000000000000000000 ) ) ;
#1091 = FACE_OUTER_BOUND ( 'NONE', #3486, .T. ) ;
#1092 = LINE ( 'NONE', #1951, #3261 ) ;
#1093 = CARTESIAN_POINT ( 'NONE',  ( -32.50000000000000000, 60.51697861683526014, 11.08170961162677060 ) ) ;
#1094 = TOROIDAL_SURFACE ( 'NONE', #434, 10.09999999999999787, 1.000000000000000000 ) ;
#1095 = ORIENTED_EDGE ( 'NONE', *, *, #2944, .T. ) ;
#1096 = CARTESIAN_POINT ( 'NONE',  ( -206.4886203175368564, 73.50000000000002842, 27.06723568281940118 ) ) ;
#1097 = CARTESIAN_POINT ( 'NONE',  ( 9.648350420176909026, 286.2503685214907136, 8.433103326252801679 ) ) ;
#1098 = ADVANCED_FACE ( 'NONE', ( #1800 ), #593, .T. ) ;
#1099 = CARTESIAN_POINT ( 'NONE',  ( 0.000000000000000000, 107.7000000000000171, 0.000000000000000000 ) ) ;
#1100 = CARTESIAN_POINT ( 'NONE',  ( -14.86662266132223031, 82.47992833715964878, 17.02900580435115430 ) ) ;
#1101 = VERTEX_POINT ( 'NONE', #2584 ) ;
#1102 = CARTESIAN_POINT ( 'NONE',  ( 11.39240755470804345, 82.37991774586841132, 20.58833247155856228 ) ) ;
#1103 = FACE_OUTER_BOUND ( 'NONE', #2472, .T. ) ;
#1104 = DIRECTION ( 'NONE',  ( 0.3515625000000007772, 0.000000000000000000, 0.9361644132275854790 ) ) ;
#1105 = CARTESIAN_POINT ( 'NONE',  ( -12.64624049517948201, 445.7596142839701656, 1.982964868130481895 ) ) ;
#1106 = ORIENTED_EDGE ( 'NONE', *, *, #3173, .T. ) ;
#1107 = CARTESIAN_POINT ( 'NONE',  ( 4.980437880273617779, 84.67242591190483836, -22.15598593086953372 ) ) ;
#1108 = CARTESIAN_POINT ( 'NONE',  ( 0.000000000000000000, 82.50000000000001421, 0.000000000000000000 ) ) ;
#1109 = CARTESIAN_POINT ( 'NONE',  ( 12.79536226579304881, 440.5196145275380104, -0.3948456192475774951 ) ) ;
#1110 = CARTESIAN_POINT ( 'NONE',  ( -32.50000000000000000, 78.34907826650940876, 18.38756158255878503 ) ) ;
#1111 = ORIENTED_EDGE ( 'NONE', *, *, #214, .F. ) ;
#1112 = CARTESIAN_POINT ( 'NONE',  ( 12.66725484797181345, 82.22935656266338356, 22.00266744913426464 ) ) ;
#1113 = VECTOR ( 'NONE', #2094, 1000.000000000000000 ) ;
#1114 = SURFACE_STYLE_FILL_AREA ( #3034 ) ;
#1115 = CARTESIAN_POINT ( 'NONE',  ( -26.00000000000000000, 49.22000000000001307, 0.000000000000000000 ) ) ;
#1116 = AXIS2_PLACEMENT_3D ( 'NONE', #850, #923, #1723 ) ;
#1117 = CARTESIAN_POINT ( 'NONE',  ( -11.26172974211350208, 82.44744646330077842, 19.61897956483048233 ) ) ;
#1118 = CARTESIAN_POINT ( 'NONE',  ( 12.46322608467098902, 444.2882809849010641, -2.920882474571685261 ) ) ;
#1119 = ORIENTED_EDGE ( 'NONE', *, *, #29, .T. ) ;
#1120 = CARTESIAN_POINT ( 'NONE',  ( 23.66871672031411222, 81.69272146477904073, 1.140362761161089811 ) ) ;
#1121 = CARTESIAN_POINT ( 'NONE',  ( 20.00000000000000000, 443.5000000000000568, 3.000000000000000888 ) ) ;
#1122 = AXIS2_PLACEMENT_3D ( 'NONE', #597, #2339, #1504 ) ;
#1123 = DIRECTION ( 'NONE',  ( 0.000000000000000000, 0.000000000000000000, -1.000000000000000000 ) ) ;
#1124 = CARTESIAN_POINT ( 'NONE',  ( -12.53330884651036925, 445.0065420571336290, -2.601618429279025868 ) ) ;
#1125 = VERTEX_POINT ( 'NONE', #3450 ) ;
#1126 = CARTESIAN_POINT ( 'NONE',  ( -13.50000000000000178, 293.5000000000000568, -11.09999999999999787 ) ) ;
#1127 = CARTESIAN_POINT ( 'NONE',  ( -9.000000000000014211, 82.50000000000001421, -23.96580897862619253 ) ) ;
#1128 = CARTESIAN_POINT ( 'NONE',  ( -4.993522466067545018, 83.41059241624417098, -22.89957671853095178 ) ) ;
#1129 = EDGE_CURVE ( 'NONE', #804, #1265, #2203, .T. ) ;
#1130 = CARTESIAN_POINT ( 'NONE',  ( 14.69689542022961959, 81.82635454143634490, 20.15847067730694064 ) ) ;
#1131 = AXIS2_PLACEMENT_3D ( 'NONE', #1239, #2940, #3430 ) ;
#1132 = DIRECTION ( 'NONE',  ( -1.000000000000000000, 0.000000000000000000, 0.000000000000000000 ) ) ;
#1133 = AXIS2_PLACEMENT_3D ( 'NONE', #1336, #2815, #3063 ) ;
#1134 = ORIENTED_EDGE ( 'NONE', *, *, #1276, .F. ) ;
#1135 = CARTESIAN_POINT ( 'NONE',  ( -9.944700057472660504, 107.7000000000000171, -1.286630294700760846 ) ) ;
#1136 = CIRCLE ( 'NONE', #2377, 12.80000000000000071 ) ;
#1137 = CARTESIAN_POINT ( 'NONE',  ( -32.50000000000000000, 62.53101861213558266, -4.831661535221654091 ) ) ;
#1138 = CARTESIAN_POINT ( 'NONE',  ( 32.50000000000000000, 61.32762188612996823, -8.531271849462374490 ) ) ;
#1139 = AXIS2_PLACEMENT_3D ( 'NONE', #1698, #312, #10 ) ;
#1140 = CARTESIAN_POINT ( 'NONE',  ( 12.43509426638062543, 282.8226776083525920, 3.057559434404059751 ) ) ;
#1141 = CARTESIAN_POINT ( 'NONE',  ( -9.000000000000000000, 82.50000000000001421, 23.96580897862619608 ) ) ;
#1142 = CARTESIAN_POINT ( 'NONE',  ( -12.86548542198926448, 82.22920132796777182, 18.58699619981429052 ) ) ;
#1143 = CARTESIAN_POINT ( 'NONE',  ( 32.50000000000000000, 62.99971524002710765, -3.021961572606102209 ) ) ;
#1144 = FACE_OUTER_BOUND ( 'NONE', #2751, .T. ) ;
#1145 = CYLINDRICAL_SURFACE ( 'NONE', #2561, 14.00000000000000000 ) ;
#1146 = CARTESIAN_POINT ( 'NONE',  ( 32.50000000000000000, -62.77999999999998693, -7.903034951608021219E-15 ) ) ;
#1147 = ORIENTED_EDGE ( 'NONE', *, *, #538, .F. ) ;
#1148 = FACE_OUTER_BOUND ( 'NONE', #1514, .T. ) ;
#1149 = CARTESIAN_POINT ( 'NONE',  ( 17.76173342945933697, 84.24893421547484706, -14.00298599896491503 ) ) ;
#1150 = CARTESIAN_POINT ( 'NONE',  ( -17.28679656440359835, 73.50000000000000000, -27.06723568281937276 ) ) ;
#1151 = CARTESIAN_POINT ( 'NONE',  ( 19.72188957931575004, 84.12699938448093917, 11.07213227869938343 ) ) ;
#1152 = B_SPLINE_CURVE_WITH_KNOTS ( 'NONE', 3,
 ( #888, #2881, #1464, #849, #2557, #51 ),
 .UNSPECIFIED., .F., .F.,
 ( 4, 2, 4 ),
 ( 3.898306166456212538E-17, 0.003136202882305472433, 0.006272405764610905834 ),
 .UNSPECIFIED. ) ;
#1153 = EDGE_CURVE ( 'NONE', #2385, #238, #1918, .T. ) ;
#1154 = CARTESIAN_POINT ( 'NONE',  ( -13.50000000000000178, 293.5000000000000568, -10.09999999999999787 ) ) ;
#1155 = ORIENTED_EDGE ( 'NONE', *, *, #262, .F. ) ;
#1156 = LINE ( 'NONE', #2266, #1721 ) ;
#1157 = CARTESIAN_POINT ( 'NONE',  ( 14.50000000000000000, 293.5000000000000568, -3.000000000000001776 ) ) ;
#1158 = CYLINDRICAL_SURFACE ( 'NONE', #1597, 10.00000000000000178 ) ;
#1159 = CARTESIAN_POINT ( 'NONE',  ( -206.4886203175368564, 73.50000000000002842, -27.06723568281936920 ) ) ;
#1160 = CARTESIAN_POINT ( 'NONE',  ( 32.50000000000000000, 62.16663987816598791, -6.007039703432316635 ) ) ;
#1161 = DIRECTION ( 'NONE',  ( -1.000000000000000000, 0.000000000000000000, 0.000000000000000000 ) ) ;
#1162 = AXIS2_PLACEMENT_3D ( 'NONE', #426, #1004, #3032 ) ;
#1163 = VECTOR ( 'NONE', #951, 1000.000000000000000 ) ;
#1164 = CARTESIAN_POINT ( 'NONE',  ( -14.50000000000000000, 293.5000000000000568, 0.000000000000000000 ) ) ;
#1165 = CARTESIAN_POINT ( 'NONE',  ( -32.50000000000000000, 82.50000000000001421, -27.59999999999998721 ) ) ;
#1166 = ORIENTED_EDGE ( 'NONE', *, *, #2545, .F. ) ;
#1167 = CARTESIAN_POINT ( 'NONE',  ( 0.000000000000000000, 85.50000000000001421, 0.000000000000000000 ) ) ;
#1168 = CARTESIAN_POINT ( 'NONE',  ( 14.13987701956195941, 84.62949618290706155, 17.63158355890623241 ) ) ;
#1169 = CARTESIAN_POINT ( 'NONE',  ( -12.66948218875750953, 441.1152369824696393, -1.830562526645087784 ) ) ;
#1170 = AXIS2_PLACEMENT_3D ( 'NONE', #1346, #3073, #2458 ) ;
#1171 = CARTESIAN_POINT ( 'NONE',  ( 13.34959472667061675, 84.78344665878123010, 18.23624434030825725 ) ) ;
#1172 = DIRECTION ( 'NONE',  ( 0.000000000000000000, 0.000000000000000000, -1.000000000000000000 ) ) ;
#1173 = ORIENTED_EDGE ( 'NONE', *, *, #877, .F. ) ;
#1174 = CARTESIAN_POINT ( 'NONE',  ( -20.64827659225615974, 81.65513781236140289, -12.10559329040225585 ) ) ;
#1175 = CARTESIAN_POINT ( 'NONE',  ( 32.50000000000000000, 62.17580254757286440, -6.001505203558678225 ) ) ;
#1176 = DIRECTION ( 'NONE',  ( 0.000000000000000000, 0.000000000000000000, 1.000000000000000000 ) ) ;
#1177 = EDGE_CURVE ( 'NONE', #265, #738, #1079, .T. ) ;
#1178 = DIRECTION ( 'NONE',  ( 0.000000000000000000, -0.000000000000000000, 1.000000000000000000 ) ) ;
#1179 = CARTESIAN_POINT ( 'NONE',  ( 12.59956867378219769, 445.4818509835866394, -2.260644115594971471 ) ) ;
#1180 = CARTESIAN_POINT ( 'NONE',  ( 32.49999999999712941, 77.09262926023575346, -15.99771720543283848 ) ) ;
#1181 = FACE_OUTER_BOUND ( 'NONE', #993, .T. ) ;
#1182 = B_SPLINE_CURVE_WITH_KNOTS ( 'NONE', 3,
 ( #325, #2835, #2549, #879, #2016, #1397, #3377, #2874, #5, #282, #1457, #2310, #2589, #45, #264, #820, #3456, #898, #1961, #1246, #75, #1508, #392, #2401, #1196, #651, #1489, #3245, #2979, #2382, #1208, #2928, #3227, #2945, #1525, #93, #668, #3474, #972, #2341, #3545, #3262, #3491, #2100, #931, #687, #2618, #3512, #2062, #374, #989, #1226, #1544, #3208, #1789, #2359 ),
 .UNSPECIFIED., .F., .F.,
 ( 4, 2, 2, 2, 2, 2, 2, 2, 2, 2, 2, 2, 2, 2, 2, 2, 2, 2, 2, 2, 2, 2, 2, 2, 2, 2, 2, 4 ),
 ( 5.642519773394816582E-17, 0.001172094199124036097, 0.002344188398248015816, 0.004688376796495976120, 0.005860470995620025228, 0.007032565194744073468, 0.009376753592992056324, 0.01054884779211610196, 0.01172094199124014413, 0.01406513038948831520, 0.01640931878773648628, 0.01758141298686057355, 0.01875350718598465735, 0.01992560138510874809, 0.02109769558423283536, 0.02226978978335691917, 0.02344188398248100991, 0.02578607238072925037, 0.02695816657985336540, 0.02813026077897748042, 0.03047444917722582150, 0.03164654337634993653, 0.03281863757547404808, 0.03399073177459815964, 0.03516282597372227120, 0.03633492017284638276, 0.03692096727240844201, 0.03750701437197049432 ),
 .UNSPECIFIED. ) ;
#1183 = VERTEX_POINT ( 'NONE', #2525 ) ;
#1184 = CARTESIAN_POINT ( 'NONE',  ( -206.4886203175368564, -62.77999999999998693, 19.00000000000000000 ) ) ;
#1185 = CARTESIAN_POINT ( 'NONE',  ( 15.97809452759638482, 84.39576141263363240, -16.00797759605051596 ) ) ;
#1186 = PLANE ( 'NONE',  #290 ) ;
#1187 = CARTESIAN_POINT ( 'NONE',  ( 13.95018745218371414, 82.42237428240940744, 17.78399180080529973 ) ) ;
#1188 = EDGE_CURVE ( 'NONE', #1101, #1865, #3511, .T. ) ;
#1189 = CARTESIAN_POINT ( 'NONE',  ( -12.52241521464561913, 282.7212004840861823, -2.678795279852532740 ) ) ;
#1190 = EDGE_LOOP ( 'NONE', ( #3629, #506, #3660, #3049, #124 ) ) ;
#1191 = CARTESIAN_POINT ( 'NONE',  ( -16.76810685694048075, 81.70200704160467353, -17.67764835400745937 ) ) ;
#1192 = AXIS2_PLACEMENT_3D ( 'NONE', #809, #2516, #3088 ) ;
#1193 = CARTESIAN_POINT ( 'NONE',  ( 32.49999999999999289, 63.33717727525560548, -0.8527262698972251087 ) ) ;
#1194 = CARTESIAN_POINT ( 'NONE',  ( 23.49999999999998224, -62.77999999999998693, -7.688332605047083519E-15 ) ) ;
#1195 =( NAMED_UNIT ( * ) SI_UNIT ( $, .STERADIAN. ) SOLID_ANGLE_UNIT ( ) );
#1196 = CARTESIAN_POINT ( 'NONE',  ( -12.79956241947783369, 304.5994954025406400, -0.4037174037156386341 ) ) ;
#1197 = CARTESIAN_POINT ( 'NONE',  ( 32.50000000000000000, 77.40185458456748790, -16.67912275639185182 ) ) ;
#1198 = EDGE_CURVE ( 'NONE', #1940, #378, #2366, .T. ) ;
#1199 = DIRECTION ( 'NONE',  ( 1.000000000000000000, 0.000000000000000000, 0.000000000000000000 ) ) ;
#1200 = VERTEX_POINT ( 'NONE', #1975 ) ;
#1201 = CARTESIAN_POINT ( 'NONE',  ( 13.43876464956034056, 84.75988502281721537, 18.17163802937158223 ) ) ;
#1202 = CARTESIAN_POINT ( 'NONE',  ( -14.50000000000000000, 293.5000000000000568, 0.000000000000000000 ) ) ;
#1203 = CARTESIAN_POINT ( 'NONE',  ( 19.27792140458995718, 84.15175690914330175, -11.82819497175434265 ) ) ;
#1204 = CARTESIAN_POINT ( 'NONE',  ( -12.79846926282374753, 282.4017651754628560, 0.8107753311004890495 ) ) ;
#1205 = ORIENTED_EDGE ( 'NONE', *, *, #1240, .F. ) ;
#1206 = CARTESIAN_POINT ( 'NONE',  ( -23.72129354658147804, 81.65319632618250978, -0.4556976267325177909 ) ) ;
#1207 = CARTESIAN_POINT ( 'NONE',  ( -9.829540451004202595, 85.43319338672837659, -20.37523856190239613 ) ) ;
#1208 = CARTESIAN_POINT ( 'NONE',  ( -12.43509426638063076, 304.1773223916475786, 3.057559434404046428 ) ) ;
#1209 = CARTESIAN_POINT ( 'NONE',  ( 32.50000000000000000, 59.33102570659320918, -16.27704688820163881 ) ) ;
#1210 = EDGE_CURVE ( 'NONE', #1742, #187, #1892, .T. ) ;
#1211 = CARTESIAN_POINT ( 'NONE',  ( 8.499999999999923617, 73.50000000000002842, -27.06723568281936920 ) ) ;
#1212 = VERTEX_POINT ( 'NONE', #1415 ) ;
#1213 = CARTESIAN_POINT ( 'NONE',  ( -16.07637843889870410, 81.72927129763708365, -18.48482532625228458 ) ) ;
#1214 = ORIENTED_EDGE ( 'NONE', *, *, #3243, .T. ) ;
#1215 = CARTESIAN_POINT ( 'NONE',  ( 19.28293034154751595, 84.15146741464695879, -11.82001253432094856 ) ) ;
#1216 = CARTESIAN_POINT ( 'NONE',  ( 8.076150097369723113, 298.4872643800953824, 9.940797862091377723 ) ) ;
#1217 = AXIS2_PLACEMENT_3D ( 'NONE', #2413, #1574, #2447 ) ;
#1218 = CARTESIAN_POINT ( 'NONE',  ( 21.04600349439704488, 84.05969287903926102, -8.247805432724966579 ) ) ;
#1219 = ORIENTED_EDGE ( 'NONE', *, *, #1335, .T. ) ;
#1220 = CARTESIAN_POINT ( 'NONE',  ( -6.374166612193320702, 293.5000000000001137, -11.09999999999999787 ) ) ;
#1221 = VERTEX_POINT ( 'NONE', #2544 ) ;
#1222 = CARTESIAN_POINT ( 'NONE',  ( -20.17278833489267242, 81.65700843414042254, -12.95145359846797817 ) ) ;
#1223 = DIRECTION ( 'NONE',  ( 0.000000000000000000, 0.000000000000000000, -1.000000000000000000 ) ) ;
#1224 = CARTESIAN_POINT ( 'NONE',  ( -23.50000000000000355, 49.22000000000001307, 0.000000000000000000 ) ) ;
#1225 = EDGE_CURVE ( 'NONE', #2192, #1580, #109, .T. ) ;
#1226 = CARTESIAN_POINT ( 'NONE',  ( -6.446106648468020950, 294.4789917683724525, 11.05845163536017495 ) ) ;
#1227 = CARTESIAN_POINT ( 'NONE',  ( -19.71812988722335547, 84.12720620034352237, -11.07881756433668308 ) ) ;
#1228 = EDGE_CURVE ( 'NONE', #1101, #2168, #2616, .T. ) ;
#1229 = ORIENTED_EDGE ( 'NONE', *, *, #1030, .T. ) ;
#1230 = CARTESIAN_POINT ( 'NONE',  ( -19.72188957931609465, 84.12699938448095338, -11.07213227869870664 ) ) ;
#1231 = ORIENTED_EDGE ( 'NONE', *, *, #646, .F. ) ;
#1232 = CARTESIAN_POINT ( 'NONE',  ( 20.64827659225616330, 81.65513781236144553, 12.10559329040226295 ) ) ;
#1233 = CIRCLE ( 'NONE', #3507, 5.000000000000000888 ) ;
#1234 = CARTESIAN_POINT ( 'NONE',  ( 11.71961036614497154, 303.3350929367188087, 5.158822061750138133 ) ) ;
#1235 = CARTESIAN_POINT ( 'NONE',  ( 21.75313150646325866, 84.02738957106475937, 6.145059853110630854 ) ) ;
#1236 = ORIENTED_EDGE ( 'NONE', *, *, #3057, .T. ) ;
#1237 =( NAMED_UNIT ( * ) SI_UNIT ( $, .STERADIAN. ) SOLID_ANGLE_UNIT ( ) );
#1238 = CARTESIAN_POINT ( 'NONE',  ( 12.57633725224845911, 441.6696192011651760, 2.384965270307624063 ) ) ;
#1239 = CARTESIAN_POINT ( 'NONE',  ( 0.000000000000000000, 85.50000000000001421, 0.000000000000000000 ) ) ;
#1240 = EDGE_CURVE ( 'NONE', #2411, #1069, #324, .T. ) ;
#1241 = VECTOR ( 'NONE', #1355, 1000.000000000000000 ) ;
#1242 = CARTESIAN_POINT ( 'NONE',  ( 8.499999999999984013, 58.50000000000002132, -65.00000000000000000 ) ) ;
#1243 = CIRCLE ( 'NONE', #1427, 3.000000000000001776 ) ;
#1244 = DIRECTION ( 'NONE',  ( -1.000000000000000000, 0.000000000000000000, 0.000000000000000000 ) ) ;
#1245 = AXIS2_PLACEMENT_3D ( 'NONE', #3673, #1615, #1394 ) ;
#1246 = CARTESIAN_POINT ( 'NONE',  ( -12.24212896428585573, 303.9530189917788334, -3.808315447434883705 ) ) ;
#1247 = AXIS2_PLACEMENT_3D ( 'NONE', #2602, #1178, #2889 ) ;
#1248 = VECTOR ( 'NONE', #3603, 1000.000000000000000 ) ;
#1249 = CARTESIAN_POINT ( 'NONE',  ( -21.51413139322610135, 84.03785167017804270, 6.978835729612693051 ) ) ;
#1250 = VERTEX_POINT ( 'NONE', #3453 ) ;
#1251 = CARTESIAN_POINT ( 'NONE',  ( -21.74882127989111069, 82.55297021807047031, -6.160393036621226059 ) ) ;
#1252 = ORIENTED_EDGE ( 'NONE', *, *, #1869, .T. ) ;
#1253 = CARTESIAN_POINT ( 'NONE',  ( 22.55193120207048807, 81.65211836780883914, 7.623519278678401179 ) ) ;
#1254 = CARTESIAN_POINT ( 'NONE',  ( -12.76460195003826392, 440.6538736401989240, 0.9684889756884640377 ) ) ;
#1255 =( GEOMETRIC_REPRESENTATION_CONTEXT ( 3 ) GLOBAL_UNCERTAINTY_ASSIGNED_CONTEXT ( ( #2086 ) ) GLOBAL_UNIT_ASSIGNED_CONTEXT ( ( #520, #1657, #1689 ) ) REPRESENTATION_CONTEXT ( 'NONE', 'WORKASPACE' ) );
#1256 = CARTESIAN_POINT ( 'NONE',  ( 21.76454136896257552, 82.55299887504715173, -6.152656590499335998 ) ) ;
#1257 = CARTESIAN_POINT ( 'NONE',  ( 32.50000000000001421, 59.04258587439571215, 18.95398942956625987 ) ) ;
#1258 = EDGE_LOOP ( 'NONE', ( #2353, #977, #3677, #886 ) ) ;
#1259 = CARTESIAN_POINT ( 'NONE',  ( 9.000000000000001776, 82.50000000000001421, -23.96580897862619608 ) ) ;
#1260 = DIRECTION ( 'NONE',  ( 0.5867182298599600276, 0.000000000000000000, -0.8097911574906181409 ) ) ;
#1261 = LINE ( 'NONE', #1840, #2946 ) ;
#1262 = SURFACE_SIDE_STYLE ('',( #3210 ) ) ;
#1263 = ORIENTED_EDGE ( 'NONE', *, *, #2812, .F. ) ;
#1264 = CARTESIAN_POINT ( 'NONE',  ( -20.82966901135538151, 81.65453139252788617, -11.76013705846603408 ) ) ;
#1265 = VERTEX_POINT ( 'NONE', #2289 ) ;
#1266 = FACE_BOUND ( 'NONE', #3265, .T. ) ;
#1267 = DIRECTION ( 'NONE',  ( 1.000000000000000000, 0.000000000000000000, 0.000000000000000000 ) ) ;
#1268 = CARTESIAN_POINT ( 'NONE',  ( 21.44064907808380127, 81.65310473521142853, -10.47465143320768988 ) ) ;
#1269 = CARTESIAN_POINT ( 'NONE',  ( 0.000000000000000000, 163.5000000000000284, 12.80000000000000071 ) ) ;
#1270 = EDGE_LOOP ( 'NONE', ( #700, #708 ) ) ;
#1271 = DIRECTION ( 'NONE',  ( -0.000000000000000000, -1.000000000000000000, -0.000000000000000000 ) ) ;
#1272 = VERTEX_POINT ( 'NONE', #370 ) ;
#1273 = CARTESIAN_POINT ( 'NONE',  ( -6.549975065901469939, 291.9450927480331757, 10.99747187891145650 ) ) ;
#1274 = DIRECTION ( 'NONE',  ( 0.7957189293076221137, 0.1856157922427214557, 0.5765224741600610825 ) ) ;
#1275 = CARTESIAN_POINT ( 'NONE',  ( 0.000000000000000000, 138.5000000000000000, 0.000000000000000000 ) ) ;
#1276 = EDGE_CURVE ( 'NONE', #3579, #1845, #3151, .T. ) ;
#1277 = CARTESIAN_POINT ( 'NONE',  ( -22.25340257492832663, 81.74341465970432807, -8.128404057151339401 ) ) ;
#1278 = ORIENTED_EDGE ( 'NONE', *, *, #3388, .F. ) ;
#1279 = CARTESIAN_POINT ( 'NONE',  ( -20.37816241114346028, 81.65607385433223442, -12.59328005989348931 ) ) ;
#1280 = VERTEX_POINT ( 'NONE', #930 ) ;
#1281 = CARTESIAN_POINT ( 'NONE',  ( 21.88054377315224741, 81.65247693561070719, 9.447952595378614760 ) ) ;
#1282 = CARTESIAN_POINT ( 'NONE',  ( -12.71254762933989646, 440.8960935567750994, 1.502770312846462231 ) ) ;
#1283 = STYLED_ITEM ( 'NONE', ( #3523 ), #1729 ) ;
#1284 = CARTESIAN_POINT ( 'NONE',  ( 6.123233995736768255E-16, 82.50000000000001421, -22.59999999999998366 ) ) ;
#1285 = CARTESIAN_POINT ( 'NONE',  ( -32.50000000000000000, 59.00000000000001421, 20.73065363175990328 ) ) ;
#1286 = EDGE_LOOP ( 'NONE', ( #2230, #1827, #1445, #2404 ) ) ;
#1287 = DIRECTION ( 'NONE',  ( -0.000000000000000000, 1.000000000000000000, -0.000000000000000000 ) ) ;
#1288 = CARTESIAN_POINT ( 'NONE',  ( 0.000000000000000000, 143.5000000000000568, 0.000000000000000000 ) ) ;
#1289 = CIRCLE ( 'NONE', #1416, 3.000000000000001332 ) ;
#1290 = CARTESIAN_POINT ( 'NONE',  ( -23.49999999999999289, -62.77999999999998693, -7.903034951608021219E-15 ) ) ;
#1291 = CARTESIAN_POINT ( 'NONE',  ( 23.49999999999997513, 67.28679656440360191, -26.69943867327829068 ) ) ;
#1292 = LINE ( 'NONE', #2995, #2014 ) ;
#1293 = AXIS2_PLACEMENT_3D ( 'NONE', #2428, #1003, #2114 ) ;
#1294 = CARTESIAN_POINT ( 'NONE',  ( -32.50000000000000711, 75.09882034479008439, -7.889321780211719037 ) ) ;
#1295 = ADVANCED_FACE ( 'NONE', ( #74 ), #2906, .F. ) ;
#1296 = ORIENTED_EDGE ( 'NONE', *, *, #1889, .F. ) ;
#1297 = VECTOR ( 'NONE', #1939, 1000.000000000000000 ) ;
#1298 = CARTESIAN_POINT ( 'NONE',  ( -14.78549936617252847, 81.81643337128114979, 20.03921569369650868 ) ) ;
#1299 = ORIENTED_EDGE ( 'NONE', *, *, #2146, .T. ) ;
#1300 = CARTESIAN_POINT ( 'NONE',  ( 22.25340257492951324, 81.74341465970385912, 8.128404057150460105 ) ) ;
#1301 = DIRECTION ( 'NONE',  ( 0.000000000000000000, -0.000000000000000000, 1.000000000000000000 ) ) ;
#1302 = CARTESIAN_POINT ( 'NONE',  ( 13.96847866228426938, 84.65771786593165871, -17.76769055599969249 ) ) ;
#1303 = CIRCLE ( 'NONE', #2380, 4.749999999999999112 ) ;
#1304 = CARTESIAN_POINT ( 'NONE',  ( -32.50000000000000000, 61.04654175236675684, 9.374955920457596292 ) ) ;
#1305 = ORIENTED_EDGE ( 'NONE', *, *, #2831, .T. ) ;
#1306 = CARTESIAN_POINT ( 'NONE',  ( 4.871170489341153598, 82.82019029806210142, -23.74262900425998524 ) ) ;
#1307 = CARTESIAN_POINT ( 'NONE',  ( 12.44824263271366327, 443.1055374555108983, 2.980403658258866439 ) ) ;
#1308 = CARTESIAN_POINT ( 'NONE',  ( -32.49999999999712941, 77.09262926024146623, 15.99771720543273901 ) ) ;
#1309 = FACE_OUTER_BOUND ( 'NONE', #1843, .T. ) ;
#1310 = CARTESIAN_POINT ( 'NONE',  ( 23.49999999999998224, 50.00000000000002842, -65.00000000000000000 ) ) ;
#1311 = PLANE ( 'NONE',  #311 ) ;
#1312 = FACE_BOUND ( 'NONE', #1780, .T. ) ;
#1313 = CARTESIAN_POINT ( 'NONE',  ( -32.50000000000000000, 61.01664110721463175, -9.467236850916782132 ) ) ;
#1314 = ORIENTED_EDGE ( 'NONE', *, *, #2792, .T. ) ;
#1315 = CARTESIAN_POINT ( 'NONE',  ( -13.70484636096492359, 84.70704009557987035, 17.97079553554765141 ) ) ;
#1316 = ORIENTED_EDGE ( 'NONE', *, *, #2944, .F. ) ;
#1317 = CARTESIAN_POINT ( 'NONE',  ( 13.77879906672785282, 82.18824760315372657, 19.18908773085221497 ) ) ;
#1318 = CARTESIAN_POINT ( 'NONE',  ( 11.27030672832264990, 302.7953450745174564, -6.077188019647151940 ) ) ;
#1319 = EDGE_CURVE ( 'NONE', #698, #3495, #3689, .T. ) ;
#1320 = CARTESIAN_POINT ( 'NONE',  ( 14.42764904390956104, 81.86479848719611141, -20.55749670187438483 ) ) ;
#1321 = LINE ( 'NONE', #2456, #412 ) ;
#1322 = ORIENTED_EDGE ( 'NONE', *, *, #3322, .F. ) ;
#1323 = CARTESIAN_POINT ( 'NONE',  ( 4.454108798819904180, 82.51255862780067218, -24.88119602466517222 ) ) ;
#1324 = CARTESIAN_POINT ( 'NONE',  ( -7.945312499999999112, 85.50000000000001421, 21.15731573894344208 ) ) ;
#1325 = CARTESIAN_POINT ( 'NONE',  ( 12.64624049517948201, 441.2403857160300049, 1.982964868130481895 ) ) ;
#1326 = CARTESIAN_POINT ( 'NONE',  ( -32.50000000000000000, 75.36519091648462165, 9.693490842497354265 ) ) ;
#1327 = ORIENTED_EDGE ( 'NONE', *, *, #2483, .T. ) ;
#1328 = CARTESIAN_POINT ( 'NONE',  ( 6.374166612193322479, 293.5000000000000000, -11.09999999999999787 ) ) ;
#1329 = AXIS2_PLACEMENT_3D ( 'NONE', #3510, #881, #2018 ) ;
#1330 = AXIS2_PLACEMENT_3D ( 'NONE', #355, #2540, #3690 ) ;
#1331 = CARTESIAN_POINT ( 'NONE',  ( 13.25983199483500030, 84.80716490278365427, 18.30128015928804075 ) ) ;
#1332 = DIRECTION ( 'NONE',  ( 0.000000000000000000, 1.000000000000000000, 0.000000000000000000 ) ) ;
#1333 = VECTOR ( 'NONE', #1387, 1000.000000000000000 ) ;
#1334 = CARTESIAN_POINT ( 'NONE',  ( -32.50000000000000000, 59.00000000000001421, 20.73065363175990328 ) ) ;
#1335 = EDGE_CURVE ( 'NONE', #2149, #1212, #590, .T. ) ;
#1336 = CARTESIAN_POINT ( 'NONE',  ( 9.000000000000001776, 85.50000000000001421, -23.96580897862619963 ) ) ;
#1337 = ORIENTED_EDGE ( 'NONE', *, *, #393, .T. ) ;
#1338 = CARTESIAN_POINT ( 'NONE',  ( -13.75629023257173955, 82.40474596168685650, 17.93487452193837584 ) ) ;
#1339 = EDGE_LOOP ( 'NONE', ( #740, #2798, #2321, #1677 ) ) ;
#1340 = CARTESIAN_POINT ( 'NONE',  ( 32.50000000000000000, 59.00000000014653523, 19.85086131804982301 ) ) ;
#1341 = CARTESIAN_POINT ( 'NONE',  ( 0.000000000000000000, 93.50000000000001421, 0.000000000000000000 ) ) ;
#1342 = EDGE_CURVE ( 'NONE', #1014, #3162, #1594, .T. ) ;
#1343 = CARTESIAN_POINT ( 'NONE',  ( 14.86662266132134569, 82.47992833715964878, -17.02900580435028388 ) ) ;
#1344 = CARTESIAN_POINT ( 'NONE',  ( -32.50000000000000000, 59.04329281344293179, 18.93706135001897906 ) ) ;
#1345 = ORIENTED_EDGE ( 'NONE', *, *, #280, .T. ) ;
#1346 = CARTESIAN_POINT ( 'NONE',  ( 0.000000000000000000, 138.5000000000000000, 0.000000000000000000 ) ) ;
#1347 = DIRECTION ( 'NONE',  ( -0.000000000000000000, 1.000000000000000000, -0.000000000000000000 ) ) ;
#1348 = CARTESIAN_POINT ( 'NONE',  ( 32.50000000000000000, 59.00000000000001421, 20.73065363175990328 ) ) ;
#1349 = CARTESIAN_POINT ( 'NONE',  ( -32.50000000000000000, 77.40185458456763001, 16.67912275639342923 ) ) ;
#1350 = VERTEX_POINT ( 'NONE', #3472 ) ;
#1351 = EDGE_CURVE ( 'NONE', #826, #3064, #628, .T. ) ;
#1352 = DIRECTION ( 'NONE',  ( 0.3515624999999998335, 0.000000000000000000, 0.9361644132275857011 ) ) ;
#1353 = AXIS2_PLACEMENT_3D ( 'NONE', #638, #332, #2558 ) ;
#1354 = CARTESIAN_POINT ( 'NONE',  ( -32.50000000000000000, 59.00000000018498270, 19.84210478218126994 ) ) ;
#1355 = DIRECTION ( 'NONE',  ( -0.000000000000000000, -1.000000000000000000, -0.000000000000000000 ) ) ;
#1356 = FACE_OUTER_BOUND ( 'NONE', #1791, .T. ) ;
#1357 = DIRECTION ( 'NONE',  ( 0.000000000000000000, 0.9982525060048217380, 0.05909259052616661761 ) ) ;
#1358 = ORIENTED_EDGE ( 'NONE', *, *, #971, .F. ) ;
#1359 = B_SPLINE_CURVE_WITH_KNOTS ( 'NONE', 3,
 ( #1077, #2206, #3351, #797, #3202, #893, #2076, #1521, #2645, #874, #88, #2045, #1784, #3186, #40, #2599, #2614, #626, #73, #1206, #105, #1485, #2922, #2338, #3223, #56, #910, #1766, #2871, #2629, #1470, #1174, #1222, #3470, #929, #3505, #1191, #2902, #351, #3487, #2059, #337, #3169, #386 ),
 .UNSPECIFIED., .F., .F.,
 ( 4, 2, 2, 2, 2, 2, 2, 2, 2, 2, 2, 2, 2, 2, 2, 2, 2, 2, 2, 2, 2, 4 ),
 ( 2.221529986854170961E-17, 0.0007327561780064839993, 0.001465512356012945664, 0.002931024712025871812, 0.005862049424051724543, 0.008793074136077577707, 0.01172409884810343000, 0.01465512356012928230, 0.01758614827215513113, 0.02344819769620682531, 0.02491371005221974799, 0.02637922240823267067, 0.02931024712025851950, 0.03224127183228436833, 0.03370678418829729101, 0.03517229654431021368, 0.03810332125633605210, 0.04103434596836189746, 0.04396537068038773588, 0.04543088303640065856, 0.04616363921440711643, 0.04689639539241357430 ),
 .UNSPECIFIED. ) ;
#1360 = CARTESIAN_POINT ( 'NONE',  ( -22.15975238304523387, 81.65227358508846578, 8.723559317175327621 ) ) ;
#1361 = ORIENTED_EDGE ( 'NONE', *, *, #2012, .T. ) ;
#1362 = CARTESIAN_POINT ( 'NONE',  ( 20.50463143314594561, 81.81330533026756768, 11.86424310114989744 ) ) ;
#1363 = CARTESIAN_POINT ( 'NONE',  ( 10.77079438685646906, 302.1853046543836285, -6.948244395711177468 ) ) ;
#1364 = VECTOR ( 'NONE', #2978, 1000.000000000000000 ) ;
#1365 = CARTESIAN_POINT ( 'NONE',  ( 13.53144103269263887, 82.07385517026517618, -21.39002244219642890 ) ) ;
#1366 = MECHANICAL_DESIGN_GEOMETRIC_PRESENTATION_REPRESENTATION (  '', ( #115 ), #1255 ) ;
#1367 = CARTESIAN_POINT ( 'NONE',  ( -12.80001844966934144, 446.5000787185953754, -0.1952435851260650168 ) ) ;
#1368 = VERTEX_POINT ( 'NONE', #3508 ) ;
#1369 = CARTESIAN_POINT ( 'NONE',  ( 4.993813151986958410, 83.41589066567230759, -22.89431931911009954 ) ) ;
#1370 = LINE ( 'NONE', #1050, #1905 ) ;
#1371 = CARTESIAN_POINT ( 'NONE',  ( 12.59990814514266511, 441.5160283982788201, 2.258730409793234362 ) ) ;
#1372 = CARTESIAN_POINT ( 'NONE',  ( -32.50000000000000000, 63.33430108156134963, -0.4659419449858760442 ) ) ;
#1373 = ORIENTED_EDGE ( 'NONE', *, *, #3161, .F. ) ;
#1374 = DIRECTION ( 'NONE',  ( 0.000000000000000000, 0.000000000000000000, 1.000000000000000000 ) ) ;
#1375 = EDGE_CURVE ( 'NONE', #3383, #166, #465, .T. ) ;
#1376 = FACE_OUTER_BOUND ( 'NONE', #368, .T. ) ;
#1377 = CARTESIAN_POINT ( 'NONE',  ( 11.42865363442861515, 284.0111394552167212, -5.802589486471955382 ) ) ;
#1378 = CARTESIAN_POINT ( 'NONE',  ( -9.000000000000001776, 59.00000000000001421, -20.73065363175990328 ) ) ;
#1379 = CARTESIAN_POINT ( 'NONE',  ( -19.39446453331128239, 81.66214825324119886, 14.20768670392444477 ) ) ;
#1380 = ORIENTED_EDGE ( 'NONE', *, *, #925, .F. ) ;
#1381 = CARTESIAN_POINT ( 'NONE',  ( 32.50000000000000000, 75.49784015979784613, 10.43336510314975563 ) ) ;
#1382 = FACE_OUTER_BOUND ( 'NONE', #2087, .T. ) ;
#1383 =( BOUNDED_SURFACE ( )  B_SPLINE_SURFACE ( 3, 2, ( 
 ( #1932, #215, #1127 ),
 ( #2480, #3686, #2807 ),
 ( #534, #3051, #2825 ),
 ( #769, #1669, #491 ),
 ( #2178, #513, #1631 ),
 ( #1968, #792, #3631 ) ),
 .UNSPECIFIED., .F., .F., .F. ) 
 B_SPLINE_SURFACE_WITH_KNOTS ( ( 4, 2, 4 ),
 ( 3, 3 ),
 ( 8.673617379884035472E-19, 0.003434621168004807663, 0.006869242336009614459 ),
 ( 0.000000000000000000, 1.000000000000000000 ),
 .UNSPECIFIED. ) 
 GEOMETRIC_REPRESENTATION_ITEM ( )  RATIONAL_B_SPLINE_SURFACE ( (
 ( 1.000000000000000000, 0.7071067811865480168, 1.000000000000000000),
 ( 1.000000000000000000, 0.7122074525480333040, 1.000000000000000000),
 ( 1.000000000000000000, 0.7188833650206778447, 1.000000000000000000),
 ( 1.000000000000000000, 0.7344079208054148378, 1.000000000000000000),
 ( 1.000000000000000000, 0.7432568518612381325, 1.000000000000000000),
 ( 1.000000000000000000, 0.7527563931194963809, 1.000000000000000000) ) ) 
 REPRESENTATION_ITEM ( '' )  SURFACE ( )  );
#1384 = DIRECTION ( 'NONE',  ( 0.000000000000000000, 0.000000000000000000, 1.000000000000000000 ) ) ;
#1385 = CARTESIAN_POINT ( 'NONE',  ( -8.500000000000063949, 73.50000000000002842, 27.06723568281940118 ) ) ;
#1386 = EDGE_LOOP ( 'NONE', ( #366, #1687, #3357, #114, #3671 ) ) ;
#1387 = DIRECTION ( 'NONE',  ( -0.000000000000000000, 1.000000000000000000, -0.000000000000000000 ) ) ;
#1388 = DIRECTION ( 'NONE',  ( 0.000000000000000000, 0.000000000000000000, -1.000000000000000000 ) ) ;
#1389 = CARTESIAN_POINT ( 'NONE',  ( -13.25983199483500030, 84.80716490278365427, -18.30128015928804430 ) ) ;
#1390 = CARTESIAN_POINT ( 'NONE',  ( -32.50000000000000000, 62.90163326126618415, 3.451177540711202418 ) ) ;
#1391 = AXIS2_PLACEMENT_3D ( 'NONE', #2819, #2357, #579 ) ;
#1392 = ORIENTED_EDGE ( 'NONE', *, *, #2926, .T. ) ;
#1393 = CARTESIAN_POINT ( 'NONE',  ( 0.000000000000000000, 138.5000000000000000, 14.00000000000000000 ) ) ;
#1394 = DIRECTION ( 'NONE',  ( 0.000000000000000000, 0.000000000000000000, -1.000000000000000000 ) ) ;
#1395 = CARTESIAN_POINT ( 'NONE',  ( 10.75895270863872177, 284.8314631723644652, 6.941697836474973293 ) ) ;
#1396 = CARTESIAN_POINT ( 'NONE',  ( -8.904908764384872555, 85.49999999910572512, 20.79695375879220620 ) ) ;
#1397 = CARTESIAN_POINT ( 'NONE',  ( -7.023961515934663780, 296.5302436748160062, -10.70466590848106136 ) ) ;
#1398 = ORIENTED_EDGE ( 'NONE', *, *, #1990, .T. ) ;
#1399 = CARTESIAN_POINT ( 'NONE',  ( 32.50000000000000000, 62.90163326126618415, -3.451177540711007907 ) ) ;
#1400 = DIRECTION ( 'NONE',  ( 1.000000000000000000, -0.000000000000000000, 0.000000000000000000 ) ) ;
#1401 = ADVANCED_FACE ( 'NONE', ( #665 ), #1158, .F. ) ;
#1402 = LINE ( 'NONE', #2859, #1881 ) ;
#1403 = CARTESIAN_POINT ( 'NONE',  ( -12.71212256696034615, 446.1018017607091224, -1.506212134722004992 ) ) ;
#1404 = VERTEX_POINT ( 'NONE', #3188 ) ;
#1405 = CARTESIAN_POINT ( 'NONE',  ( -13.25983199483499853, 84.80716490278365427, -18.30128015928803720 ) ) ;
#1406 = CARTESIAN_POINT ( 'NONE',  ( 26.00000000000000000, 49.22000000000001307, 0.000000000000000000 ) ) ;
#1407 = CARTESIAN_POINT ( 'NONE',  ( 12.73185270568035854, 440.8045392110897183, -1.331669036467630463 ) ) ;
#1408 =( BOUNDED_CURVE ( )  B_SPLINE_CURVE ( 3, ( #1018, #1291, #2143, #735 ),
 .UNSPECIFIED., .F., .T. ) 
 B_SPLINE_CURVE_WITH_KNOTS ( ( 4, 4 ),
 ( 4.712388980384691450, 6.283185307179586232 ),
 .UNSPECIFIED. ) 
 CURVE ( )  GEOMETRIC_REPRESENTATION_ITEM ( )  RATIONAL_B_SPLINE_CURVE ( ( 1.000000000000000000, 0.8047378541243654926, 0.8047378541243654926, 1.000000000000000000 ) ) 
 REPRESENTATION_ITEM ( '' )  );
#1409 = CARTESIAN_POINT ( 'NONE',  ( 20.82966901135642956, 81.65453139252677772, 11.76013705846744806 ) ) ;
#1410 = ORIENTED_EDGE ( 'NONE', *, *, #2976, .T. ) ;
#1411 = CARTESIAN_POINT ( 'NONE',  ( 11.59610859118174808, 85.19480633694699634, 19.42422985738927466 ) ) ;
#1412 = CARTESIAN_POINT ( 'NONE',  ( -32.50000000000000000, 62.13623749105342142, -6.101040231720528340 ) ) ;
#1413 = CARTESIAN_POINT ( 'NONE',  ( 32.50000000000000711, 62.91984247356982252, -3.447189860250423177 ) ) ;
#1414 = VECTOR ( 'NONE', #286, 1000.000000000000000 ) ;
#1415 = CARTESIAN_POINT ( 'NONE',  ( 23.49999999999998224, -62.77999999999998693, -10.00000000000000888 ) ) ;
#1416 = AXIS2_PLACEMENT_3D ( 'NONE', #1073, #216, #2460 ) ;
#1417 = CARTESIAN_POINT ( 'NONE',  ( -11.59610859117935533, 85.19480633695495442, 19.42422985739056429 ) ) ;
#1418 = CARTESIAN_POINT ( 'NONE',  ( 12.51343697044579351, 444.8335616621016015, 2.694404700091685534 ) ) ;
#1419 = CARTESIAN_POINT ( 'NONE',  ( 32.50000000000000000, 74.65251952032411964, 1.722098344656917579 ) ) ;
#1420 = FACE_BOUND ( 'NONE', #612, .T. ) ;
#1421 = AXIS2_PLACEMENT_3D ( 'NONE', #1194, #3488, #1223 ) ;
#1422 = EDGE_CURVE ( 'NONE', #552, #1527, #2371, .T. ) ;
#1423 = DIRECTION ( 'NONE',  ( 0.000000000000000000, 1.000000000000000000, 0.000000000000000000 ) ) ;
#1424 = CARTESIAN_POINT ( 'NONE',  ( -12.73185270568035854, 446.1954607889103386, -1.331669036467630463 ) ) ;
#1425 = EDGE_LOOP ( 'NONE', ( #2759, #3469, #2674, #2810 ) ) ;
#1426 = CARTESIAN_POINT ( 'NONE',  ( -13.95018745218371414, 82.42237428240940744, -17.78399180080529973 ) ) ;
#1427 = AXIS2_PLACEMENT_3D ( 'NONE', #2165, #2466, #3576 ) ;
#1428 = CARTESIAN_POINT ( 'NONE',  ( 22.18398830692077084, 84.00876685150311118, -4.406183719624320538 ) ) ;
#1429 = CARTESIAN_POINT ( 'NONE',  ( -12.46322608467098902, 442.7117190150991064, -2.920882474571685261 ) ) ;
#1430 = DIRECTION ( 'NONE',  ( -1.000000000000000000, 0.000000000000000000, 0.000000000000000000 ) ) ;
#1431 = CARTESIAN_POINT ( 'NONE',  ( -7.536038451030355745, 289.4711630790217214, 10.34886660930284918 ) ) ;
#1432 = ORIENTED_EDGE ( 'NONE', *, *, #354, .T. ) ;
#1433 = DIRECTION ( 'NONE',  ( 0.000000000000000000, 1.000000000000000000, 0.000000000000000000 ) ) ;
#1434 = AXIS2_PLACEMENT_3D ( 'NONE', #431, #1828, #2966 ) ;
#1435 = CARTESIAN_POINT ( 'NONE',  ( 32.50000000000000000, 63.30988325232286940, 0.9136918077298702423 ) ) ;
#1436 = AXIS2_PLACEMENT_3D ( 'NONE', #1443, #863, #2572 ) ;
#1437 = CARTESIAN_POINT ( 'NONE',  ( 10.93474033505068732, 284.6144858363223875, 6.662199804136890613 ) ) ;
#1438 = CIRCLE ( 'NONE', #303, 23.50000000000000000 ) ;
#1439 = PRODUCT_CONTEXT ( 'NONE', #1756, 'mechanical' ) ;
#1440 = CARTESIAN_POINT ( 'NONE',  ( 12.48013710326629067, 444.4726787802923695, 2.844661558933144985 ) ) ;
#1441 = CARTESIAN_POINT ( 'NONE',  ( 32.50000000000000000, 62.30222994677239967, -5.583660882823077820 ) ) ;
#1442 = CYLINDRICAL_SURFACE ( 'NONE', #1329, 11.09999999999999787 ) ;
#1443 = CARTESIAN_POINT ( 'NONE',  ( 0.000000000000000000, 138.5000000000000000, 0.000000000000000000 ) ) ;
#1444 = CARTESIAN_POINT ( 'NONE',  ( -12.44347218424182522, 443.6989657742651048, 3.000000000000000888 ) ) ;
#1445 = ORIENTED_EDGE ( 'NONE', *, *, #100, .T. ) ;
#1446 = DIRECTION ( 'NONE',  ( -0.000000000000000000, -1.000000000000000000, -0.000000000000000000 ) ) ;
#1447 = EDGE_CURVE ( 'NONE', #32, #3082, #1473, .T. ) ;
#1448 = CARTESIAN_POINT ( 'NONE',  ( 21.49010425272626534, 84.03913316670836764, 7.009700742132196183 ) ) ;
#1449 = CARTESIAN_POINT ( 'NONE',  ( -12.44347218424182344, 443.1077284672566066, -3.000000000000000888 ) ) ;
#1450 = CARTESIAN_POINT ( 'NONE',  ( 17.44574888103756294, 84.27386840741299068, 14.37368289128522036 ) ) ;
#1451 = DIRECTION ( 'NONE',  ( -0.000000000000000000, -1.000000000000000000, -0.000000000000000000 ) ) ;
#1452 = VERTEX_POINT ( 'NONE', #2307 ) ;
#1453 = DIRECTION ( 'NONE',  ( 0.000000000000000000, 0.000000000000000000, -1.000000000000000000 ) ) ;
#1454 = ADVANCED_FACE ( 'NONE', ( #1731 ), #44, .F. ) ;
#1455 = CARTESIAN_POINT ( 'NONE',  ( 32.50000000000000711, 59.33306920625479819, -16.26369140502991328 ) ) ;
#1456 = DIRECTION ( 'NONE',  ( 0.000000000000000000, 0.000000000000000000, 1.000000000000000000 ) ) ;
#1457 = CARTESIAN_POINT ( 'NONE',  ( -8.663087878886299720, 299.3702518057103248, -9.426757149435603722 ) ) ;
#1458 = CARTESIAN_POINT ( 'NONE',  ( 32.50000000000000000, 74.92286183299947311, -6.311663187171513201 ) ) ;
#1459 = EDGE_CURVE ( 'NONE', #1815, #166, #1688, .T. ) ;
#1460 = VECTOR ( 'NONE', #1616, 1000.000000000000000 ) ;
#1461 = CARTESIAN_POINT ( 'NONE',  ( -26.00000000000000000, 49.22000000000001307, 0.000000000000000000 ) ) ;
#1462 = ORIENTED_EDGE ( 'NONE', *, *, #144, .F. ) ;
#1463 = CARTESIAN_POINT ( 'NONE',  ( -12.86548542198928047, 82.22920132796777182, -18.58699619981427986 ) ) ;
#1464 = CARTESIAN_POINT ( 'NONE',  ( 12.68481701338094858, 82.22655646970254395, 21.99082043798389918 ) ) ;
#1465 = CARTESIAN_POINT ( 'NONE',  ( 8.907702929592117513, 85.50000000000001421, -20.79590445196982529 ) ) ;
#1466 = EDGE_CURVE ( 'NONE', #1527, #552, #831, .T. ) ;
#1467 = CARTESIAN_POINT ( 'NONE',  ( 20.51519071768888125, 82.55081789412759008, 9.522396437816997405 ) ) ;
#1468 = CARTESIAN_POINT ( 'NONE',  ( -12.72519011453200299, 282.4860443152303446, 1.580529172311227804 ) ) ;
#1469 = ORIENTED_EDGE ( 'NONE', *, *, #569, .F. ) ;
#1470 = CARTESIAN_POINT ( 'NONE',  ( -21.29364474237208071, 81.65339725548331273, -10.79383690885959446 ) ) ;
#1471 = DIRECTION ( 'NONE',  ( 0.000000000000000000, 1.000000000000000000, -1.224646799147353207E-16 ) ) ;
#1472 = EDGE_CURVE ( 'NONE', #1845, #3622, #2911, .T. ) ;
#1473 = LINE ( 'NONE', #1801, #2854 ) ;
#1474 = DIRECTION ( 'NONE',  ( 0.000000000000000000, 0.000000000000000000, 1.000000000000000000 ) ) ;
#1475 = CARTESIAN_POINT ( 'NONE',  ( 21.31788627287377480, 81.77972263422402932, -10.33164098325185698 ) ) ;
#1476 = AXIS2_PLACEMENT_3D ( 'NONE', #3237, #2990, #1538 ) ;
#1477 = CARTESIAN_POINT ( 'NONE',  ( -13.43782568838468450, 84.76013312717660142, 18.17231833519340611 ) ) ;
#1478 = ORIENTED_EDGE ( 'NONE', *, *, #851, .T. ) ;
#1479 = FACE_OUTER_BOUND ( 'NONE', #511, .T. ) ;
#1480 = CARTESIAN_POINT ( 'NONE',  ( 14.45216088332268001, 81.85908065854516735, -20.50989740143276663 ) ) ;
#1481 = CARTESIAN_POINT ( 'NONE',  ( -12.59956867378219769, 441.5181490164135312, -2.260644115594971471 ) ) ;
#1482 = CARTESIAN_POINT ( 'NONE',  ( 14.86403504153155275, 82.47980844582558291, 17.03120829193975183 ) ) ;
#1483 = CARTESIAN_POINT ( 'NONE',  ( -6.516726488859599264, 292.1311123654611492, -11.01698364441529243 ) ) ;
#1484 = EDGE_LOOP ( 'NONE', ( #2132, #3193, #3397, #2592 ) ) ;
#1485 = CARTESIAN_POINT ( 'NONE',  ( -23.65188156673481146, 81.65309179638212811, -1.916343381545022151 ) ) ;
#1486 = CIRCLE ( 'NONE', #834, 22.60000000000000142 ) ;
#1487 = DIRECTION ( 'NONE',  ( -1.000000000000000000, 0.000000000000000000, 0.000000000000000000 ) ) ;
#1488 = EDGE_CURVE ( 'NONE', #1494, #3371, #162, .T. ) ;
#1489 = CARTESIAN_POINT ( 'NONE',  ( -12.78310312316653885, 304.5805299367837051, 0.7655433039461093658 ) ) ;
#1490 = CARTESIAN_POINT ( 'NONE',  ( 11.73395044958217781, 82.35015211408250480, -20.41776972926124145 ) ) ;
#1491 = CARTESIAN_POINT ( 'NONE',  ( -19.73028498808093545, 84.12653801580027846, 11.05717629905714361 ) ) ;
#1492 = ORIENTED_EDGE ( 'NONE', *, *, #1210, .T. ) ;
#1493 = CARTESIAN_POINT ( 'NONE',  ( -21.49265823878626591, 84.03901769301255342, -7.001866377368912708 ) ) ;
#1494 = VERTEX_POINT ( 'NONE', #453 ) ;
#1495 = CARTESIAN_POINT ( 'NONE',  ( 17.72107511780627220, 84.25359140452417250, 14.03292568967134812 ) ) ;
#1496 = CARTESIAN_POINT ( 'NONE',  ( 14.50000000000000000, 293.5000000000000568, 10.09999999999999787 ) ) ;
#1497 = CARTESIAN_POINT ( 'NONE',  ( 21.48688816184619554, 82.55260065120316426, 7.019689727638178667 ) ) ;
#1498 = ORIENTED_EDGE ( 'NONE', *, *, #407, .T. ) ;
#1499 = CARTESIAN_POINT ( 'NONE',  ( 14.50000000000000000, 293.5000000000000568, 0.000000000000000000 ) ) ;
#1500 = ORIENTED_EDGE ( 'NONE', *, *, #2831, .F. ) ;
#1501 = LINE ( 'NONE', #2305, #2658 ) ;
#1502 = ADVANCED_FACE ( 'NONE', ( #969 ), #3031, .F. ) ;
#1503 =( BOUNDED_SURFACE ( )  B_SPLINE_SURFACE ( 3, 2, ( 
 ( #2811, #2506, #2565 ),
 ( #1956, #3129, #20 ),
 ( #1635, #259, #539 ),
 ( #1411, #3672, #1112 ),
 ( #572, #2770, #2245 ),
 ( #1973, #3112, #553 ) ),
 .UNSPECIFIED., .F., .F., .F. ) 
 B_SPLINE_SURFACE_WITH_KNOTS ( ( 4, 2, 4 ),
 ( 3, 3 ),
 ( 0.000000000000000000, 0.003434621168004816337, 0.006869242336009632674 ),
 ( 0.000000000000000000, 1.000000000000000000 ),
 .UNSPECIFIED. ) 
 GEOMETRIC_REPRESENTATION_ITEM ( )  RATIONAL_B_SPLINE_SURFACE ( (
 ( 1.000000000000000000, 0.7071067811865475727, 1.000000000000000000),
 ( 1.000000000000000000, 0.7122074525478431228, 1.000000000000000000),
 ( 1.000000000000000000, 0.7188833650209318638, 1.000000000000000000),
 ( 1.000000000000000000, 0.7344079208051605967, 1.000000000000000000),
 ( 1.000000000000000000, 0.7432568518614296460, 1.000000000000000000),
 ( 1.000000000000000000, 0.7527563931194961588, 1.000000000000000000) ) ) 
 REPRESENTATION_ITEM ( '' )  SURFACE ( )  );
#1504 = DIRECTION ( 'NONE',  ( 0.000000000000000000, 0.000000000000000000, -1.000000000000000000 ) ) ;
#1505 = DIRECTION ( 'NONE',  ( -1.000000000000000000, 0.000000000000000000, 0.000000000000000000 ) ) ;
#1506 = ADVANCED_FACE ( 'NONE', ( #1573, #2142, #2376 ), #986, .F. ) ;
#1507 = CARTESIAN_POINT ( 'NONE',  ( 2.767701766073018529E-15, 135.5000000000000000, 22.60000000000000142 ) ) ;
#1508 = CARTESIAN_POINT ( 'NONE',  ( -12.65489440200274807, 304.4324308949964575, -1.959803515383243377 ) ) ;
#1509 = CARTESIAN_POINT ( 'NONE',  ( -13.43876464956034411, 84.75988502281724379, -18.17163802937158579 ) ) ;
#1510 = B_SPLINE_CURVE_WITH_KNOTS ( 'NONE', 3,
 ( #2977, #3009, #147, #1273, #3592, #750, #944, #2627, #1431, #2884, #662, #872, #591, #611, #2336, #1782, #3147, #54, #1725, #2352, #2074, #3221, #2845, #295, #3200, #1468, #1204, #2597, #2869, #2028, #2043, #1189, #3184, #1764, #2563, #3468, #1747, #86, #641, #2320, #18, #908, #2284, #2057, #891, #320, #2920, #335, #349, #367, #3167, #2900, #1483, #2612, #71, #1220 ),
 .UNSPECIFIED., .F., .F.,
 ( 4, 2, 2, 2, 2, 2, 2, 2, 2, 2, 2, 2, 2, 2, 2, 2, 2, 2, 2, 2, 2, 2, 2, 2, 2, 2, 2, 4 ),
 ( 0.03750701437197049432, 0.03867890978878726904, 0.03985080520560404377, 0.04102270062242081849, 0.04219459603923759322, 0.04453838687287114267, 0.04571028228968791740, 0.04688217770650469213, 0.04922596854013824158, 0.05039786395695501631, 0.05156975937377179103, 0.05274165479058856576, 0.05391355020740533355, 0.05625734104103888300, 0.05742923645785565079, 0.05860113187467241858, 0.05977302729148919330, 0.06094492270830595415, 0.06211681812512272888, 0.06328871354193950360, 0.06563250437557305306, 0.06797629520920658863, 0.07032008604284013809, 0.07149198145965690587, 0.07266387687647368754, 0.07324982458488199510, 0.07383577229329030267, 0.07500766771010676515 ),
 .UNSPECIFIED. ) ;
#1511 = ORIENTED_EDGE ( 'NONE', *, *, #3269, .F. ) ;
#1512 = CARTESIAN_POINT ( 'NONE',  ( -19.62954875755133344, 81.66070986816772859, -13.82094924443074291 ) ) ;
#1513 = EDGE_CURVE ( 'NONE', #1008, #3148, #649, .T. ) ;
#1514 = EDGE_LOOP ( 'NONE', ( #847, #1817, #3683, #1667 ) ) ;
#1515 = CARTESIAN_POINT ( 'NONE',  ( 23.27167659252978638, 81.65258518967138457, 4.813887572311927876 ) ) ;
#1516 = CARTESIAN_POINT ( 'NONE',  ( 6.374166612193322479, 293.8901751321211577, 11.09999999999999787 ) ) ;
#1517 = CIRCLE ( 'NONE', #3426, 4.749999999999999112 ) ;
#1518 = CARTESIAN_POINT ( 'NONE',  ( 23.30114417051554199, 81.65262035309760336, -4.654448296748965319 ) ) ;
#1519 = ORIENTED_EDGE ( 'NONE', *, *, #1335, .F. ) ;
#1520 = CARTESIAN_POINT ( 'NONE',  ( 13.50000000000000355, 293.5000000000000568, 0.000000000000000000 ) ) ;
#1521 = CARTESIAN_POINT ( 'NONE',  ( -16.76955594621869494, 81.70196519853736561, 17.67594980409178973 ) ) ;
#1522 = AXIS2_PLACEMENT_3D ( 'NONE', #2264, #1332, #2773 ) ;
#1523 = DIRECTION ( 'NONE',  ( 0.000000000000000000, 1.000000000000000000, 0.000000000000000000 ) ) ;
#1524 = CARTESIAN_POINT ( 'NONE',  ( 8.499999999999923617, 73.50000000000002842, 27.06723568281940118 ) ) ;
#1525 = CARTESIAN_POINT ( 'NONE',  ( -11.43761609779202715, 302.9997013127885452, 5.785736573715766440 ) ) ;
#1526 = CARTESIAN_POINT ( 'NONE',  ( -21.86795377668939722, 84.02237661407599489, -5.722770804765815456 ) ) ;
#1527 = VERTEX_POINT ( 'NONE', #3575 ) ;
#1528 = CARTESIAN_POINT ( 'NONE',  ( -19.70244282773878552, 82.54844431240113067, -11.10734707851690750 ) ) ;
#1529 = ORIENTED_EDGE ( 'NONE', *, *, #3291, .F. ) ;
#1530 = CARTESIAN_POINT ( 'NONE',  ( 14.45204011053217208, 81.85910883097696455, 20.51013192683287301 ) ) ;
#1531 = AXIS2_PLACEMENT_3D ( 'NONE', #1005, #853, #165 ) ;
#1532 = CARTESIAN_POINT ( 'NONE',  ( -12.66962056204188869, 441.1144713954874987, 1.829726934625320656 ) ) ;
#1533 = ADVANCED_FACE ( 'NONE', ( #2097, #3241 ), #475, .T. ) ;
#1534 = CARTESIAN_POINT ( 'NONE',  ( 20.86843788154112644, 82.55151790512009313, -8.687268844425963366 ) ) ;
#1535 = CARTESIAN_POINT ( 'NONE',  ( 32.50000000000000711, 62.14233030002573344, 6.103713788831814924 ) ) ;
#1536 = VERTEX_POINT ( 'NONE', #2128 ) ;
#1537 = CARTESIAN_POINT ( 'NONE',  ( 14.50000000000000000, 293.5000000000000568, 0.000000000000000000 ) ) ;
#1538 = DIRECTION ( 'NONE',  ( 0.000000000000000000, 0.000000000000000000, -1.000000000000000000 ) ) ;
#1539 = CARTESIAN_POINT ( 'NONE',  ( 6.411565576353787321, 292.7127918494841197, -11.07872895120230794 ) ) ;
#1540 = CARTESIAN_POINT ( 'NONE',  ( 7.945312500000000888, 85.50000000000001421, -21.15731573894343853 ) ) ;
#1541 = AXIS2_PLACEMENT_3D ( 'NONE', #131, #1542, #148 ) ;
#1542 = DIRECTION ( 'NONE',  ( -0.000000000000000000, 1.000000000000000000, 0.000000000000000000 ) ) ;
#1543 = CIRCLE ( 'NONE', #2325, 2.649999999999999467 ) ;
#1544 = CARTESIAN_POINT ( 'NONE',  ( -6.418993167705162151, 294.2819554639847297, 11.07415708439567936 ) ) ;
#1545 = SURFACE_STYLE_USAGE ( .BOTH. , #1262 ) ;
#1546 = VERTEX_POINT ( 'NONE', #179 ) ;
#1547 = CARTESIAN_POINT ( 'NONE',  ( -22.38946628810477080, 83.99991313734682308, -3.554170794651844822 ) ) ;
#1548 = ORIENTED_EDGE ( 'NONE', *, *, #2926, .F. ) ;
#1549 = CARTESIAN_POINT ( 'NONE',  ( 23.71851738453679204, 81.65319206226999427, -1.965867456620455034 ) ) ;
#1550 = CARTESIAN_POINT ( 'NONE',  ( 0.000000000000000000, 107.7000000000000171, -36.78781760380762478 ) ) ;
#1551 = CARTESIAN_POINT ( 'NONE',  ( 20.50823405828209545, 82.55071444392838487, -9.506517498004921407 ) ) ;
#1552 = CARTESIAN_POINT ( 'NONE',  ( -10.90778202995539559, 82.43952153070880229, 23.07171090743578290 ) ) ;
#1553 = ORIENTED_EDGE ( 'NONE', *, *, #1614, .T. ) ;
#1554 =( NAMED_UNIT ( * ) PLANE_ANGLE_UNIT ( ) SI_UNIT ( $, .RADIAN. ) );
#1555 = FACE_OUTER_BOUND ( 'NONE', #1425, .T. ) ;
#1556 = CARTESIAN_POINT ( 'NONE',  ( 9.825821371354736655, 85.43354054881130821, -20.37703791990874436 ) ) ;
#1557 = FACE_OUTER_BOUND ( 'NONE', #2105, .T. ) ;
#1558 = CARTESIAN_POINT ( 'NONE',  ( 0.000000000000000000, 85.50000000000001421, 0.000000000000000000 ) ) ;
#1559 = CIRCLE ( 'NONE', #1391, 5.000000000000000888 ) ;
#1560 = CARTESIAN_POINT ( 'NONE',  ( -32.50000000000000000, 74.93913151860988364, -6.477603110516189311 ) ) ;
#1561 = ORIENTED_EDGE ( 'NONE', *, *, #3435, .F. ) ;
#1562 = CARTESIAN_POINT ( 'NONE',  ( -22.33679834677708698, 82.55363007408573139, 3.552448713052564599 ) ) ;
#1563 = VERTEX_POINT ( 'NONE', #1017 ) ;
#1564 = CARTESIAN_POINT ( 'NONE',  ( 7.154018198598328659, 94.50000000000001421, -21.43781760380762691 ) ) ;
#1565 = CARTESIAN_POINT ( 'NONE',  ( -12.79996591800187034, 440.5001454165346217, -0.3969477843800137129 ) ) ;
#1566 = ADVANCED_FACE ( 'NONE', ( #1309 ), #643, .F. ) ;
#1567 = CARTESIAN_POINT ( 'NONE',  ( 20.33012754798171429, 84.09498141622269429, -9.881410696800115190 ) ) ;
#1568 = CARTESIAN_POINT ( 'NONE',  ( -32.50000000000000711, 61.89210062104799448, 6.844507024962665831 ) ) ;
#1569 = ORIENTED_EDGE ( 'NONE', *, *, #787, .F. ) ;
#1570 = ADVANCED_FACE ( 'NONE', ( #1837 ), #2685, .T. ) ;
#1571 = DIRECTION ( 'NONE',  ( -1.000000000000000000, 0.000000000000000000, 0.000000000000000000 ) ) ;
#1572 = DIRECTION ( 'NONE',  ( 0.000000000000000000, 0.9982525060048217380, -0.05909259052616638169 ) ) ;
#1573 = FACE_BOUND ( 'NONE', #460, .T. ) ;
#1574 = DIRECTION ( 'NONE',  ( 1.000000000000000000, 0.000000000000000000, 0.000000000000000000 ) ) ;
#1575 = EDGE_CURVE ( 'NONE', #3201, #1368, #1510, .T. ) ;
#1576 = EDGE_CURVE ( 'NONE', #1580, #2285, #1781, .T. ) ;
#1577 = DIRECTION ( 'NONE',  ( -1.000000000000000000, 0.000000000000000000, 0.000000000000000000 ) ) ;
#1578 = CARTESIAN_POINT ( 'NONE',  ( -17.22677825899066306, 81.97043663572431171, -16.25396705782462092 ) ) ;
#1579 = EDGE_CURVE ( 'NONE', #361, #168, #927, .T. ) ;
#1580 = VERTEX_POINT ( 'NONE', #2582 ) ;
#1581 = CARTESIAN_POINT ( 'NONE',  ( -19.72566309996269851, 84.12679177551969190, 11.06542675051133173 ) ) ;
#1582 = ORIENTED_EDGE ( 'NONE', *, *, #3506, .F. ) ;
#1583 = CARTESIAN_POINT ( 'NONE',  ( 19.13958352789785167, 81.66426372014279877, 14.59109985064498005 ) ) ;
#1584 = CARTESIAN_POINT ( 'NONE',  ( 9.248059511403752708, 300.2028881917216268, 8.854242299272611305 ) ) ;
#1585 = VECTOR ( 'NONE', #715, 1000.000000000000000 ) ;
#1586 = CARTESIAN_POINT ( 'NONE',  ( 15.05032019359060946, 81.79001033758169115, -19.69467092613410131 ) ) ;
#1587 = CARTESIAN_POINT ( 'NONE',  ( -32.50000000000000000, 59.00000000000001421, -20.73065363175990328 ) ) ;
#1588 = ORIENTED_EDGE ( 'NONE', *, *, #181, .F. ) ;
#1589 = DIRECTION ( 'NONE',  ( -0.000000000000000000, 1.000000000000000000, 0.000000000000000000 ) ) ;
#1590 = CYLINDRICAL_SURFACE ( 'NONE', #3317, 23.50000000000000000 ) ;
#1591 = CARTESIAN_POINT ( 'NONE',  ( -32.50000000000000000, 62.16663987816440340, 6.007039703432421440 ) ) ;
#1592 = DIRECTION ( 'NONE',  ( 0.000000000000000000, 0.000000000000000000, -1.000000000000000000 ) ) ;
#1593 = DIRECTION ( 'NONE',  ( 0.000000000000000000, 1.000000000000000000, 0.000000000000000000 ) ) ;
#1594 = CIRCLE ( 'NONE', #2851, 13.99999999999999822 ) ;
#1595 = EDGE_CURVE ( 'NONE', #3005, #251, #299, .T. ) ;
#1596 = LINE ( 'NONE', #1703, #2649 ) ;
#1597 = AXIS2_PLACEMENT_3D ( 'NONE', #647, #2047, #2630 ) ;
#1598 = CARTESIAN_POINT ( 'NONE',  ( -15.94194308240965441, 82.04423867003946214, -17.50003536366896739 ) ) ;
#1599 = EDGE_LOOP ( 'NONE', ( #1322, #462 ) ) ;
#1600 = CARTESIAN_POINT ( 'NONE',  ( -14.14225450905364312, 84.62910763992388752, 17.62968695987309786 ) ) ;
#1601 = EDGE_LOOP ( 'NONE', ( #548, #1327, #2628, #2988 ) ) ;
#1602 = CYLINDRICAL_SURFACE ( 'NONE', #2993, 12.80000000000000071 ) ;
#1603 = CIRCLE ( 'NONE', #953, 4.749999999999999112 ) ;
#1604 = CARTESIAN_POINT ( 'NONE',  ( 14.51826203279495253, 81.85077145458880921, -20.41878940690003574 ) ) ;
#1605 = DIRECTION ( 'NONE',  ( 0.000000000000000000, 0.000000000000000000, 1.000000000000000000 ) ) ;
#1606 = VERTEX_POINT ( 'NONE', #2303 ) ;
#1607 = CARTESIAN_POINT ( 'NONE',  ( 1.567547902908612184E-15, 143.5000000000000568, -12.80000000000000071 ) ) ;
#1608 = DIRECTION ( 'NONE',  ( -1.000000000000000000, -0.000000000000000000, -0.000000000000000000 ) ) ;
#1609 = CARTESIAN_POINT ( 'NONE',  ( 12.76445721859724181, 440.6545271986574903, 0.9702758627572295458 ) ) ;
#1610 = VECTOR ( 'NONE', #1659, 1000.000000000000000 ) ;
#1611 = CARTESIAN_POINT ( 'NONE',  ( -32.50000000000000000, 62.68170522179153181, 4.306748949587378306 ) ) ;
#1612 = CARTESIAN_POINT ( 'NONE',  ( 0.000000000000000000, 107.7000000000000171, 0.000000000000000000 ) ) ;
#1613 = CARTESIAN_POINT ( 'NONE',  ( 0.000000000000000000, 138.5000000000000000, 0.000000000000000000 ) ) ;
#1614 = EDGE_CURVE ( 'NONE', #3691, #3312, #3448, .T. ) ;
#1615 = DIRECTION ( 'NONE',  ( -1.000000000000000000, 0.000000000000000000, -0.000000000000000000 ) ) ;
#1616 = DIRECTION ( 'NONE',  ( 1.000000000000000000, 0.000000000000000000, 0.000000000000000000 ) ) ;
#1617 = EDGE_CURVE ( 'NONE', #2492, #3179, #1653, .T. ) ;
#1618 = CARTESIAN_POINT ( 'NONE',  ( -32.50000000000000000, 62.27209110426865379, -5.679112900867214542 ) ) ;
#1619 = CARTESIAN_POINT ( 'NONE',  ( 26.00000000000000000, 49.22000000000001307, -4.749999999999999112 ) ) ;
#1620 = VERTEX_POINT ( 'NONE', #2989 ) ;
#1621 = CARTESIAN_POINT ( 'NONE',  ( -16.52183775230714957, 82.52386665250584485, 15.44793754879314562 ) ) ;
#1622 = ORIENTED_EDGE ( 'NONE', *, *, #2308, .F. ) ;
#1623 = CARTESIAN_POINT ( 'NONE',  ( 17.22677825899281245, 81.97043663572357275, 16.25396705782289786 ) ) ;
#1624 = CARTESIAN_POINT ( 'NONE',  ( 7.368004629920880788, 297.2080319109303446, -10.46852697135841836 ) ) ;
#1625 = CIRCLE ( 'NONE', #24, 22.60000000000000142 ) ;
#1626 = CARTESIAN_POINT ( 'NONE',  ( 14.14225450905364845, 84.62910763992388752, -17.62968695987309786 ) ) ;
#1627 = EDGE_CURVE ( 'NONE', #143, #136, #3199, .T. ) ;
#1628 = CARTESIAN_POINT ( 'NONE',  ( -32.50000000000000000, 62.65995908639141021, -4.409745375444977356 ) ) ;
#1629 = VERTEX_POINT ( 'NONE', #103 ) ;
#1630 = CARTESIAN_POINT ( 'NONE',  ( 32.50000000000000000, 59.00000000000001421, -20.73065363175996367 ) ) ;
#1631 = CARTESIAN_POINT ( 'NONE',  ( -13.52048488749846022, 82.07641088874217417, -21.39897387036005938 ) ) ;
#1632 = CARTESIAN_POINT ( 'NONE',  ( 12.47980354518795387, 442.5314790493958981, -2.846125403206344551 ) ) ;
#1633 = CARTESIAN_POINT ( 'NONE',  ( -32.50000000000000000, 63.21674313208343676, -1.803159459142211762 ) ) ;
#1634 = ORIENTED_EDGE ( 'NONE', *, *, #2828, .F. ) ;
#1635 = CARTESIAN_POINT ( 'NONE',  ( 9.825821371354075850, 85.43354054881129400, 20.37703791990910318 ) ) ;
#1636 = CIRCLE ( 'NONE', #3076, 22.60000000000000142 ) ;
#1637 = DIRECTION ( 'NONE',  ( 0.000000000000000000, 0.000000000000000000, 1.000000000000000000 ) ) ;
#1638 = DIRECTION ( 'NONE',  ( 0.000000000000000000, 0.000000000000000000, -1.000000000000000000 ) ) ;
#1639 = DIRECTION ( 'NONE',  ( -1.000000000000000000, 0.000000000000000000, 0.000000000000000000 ) ) ;
#1640 = DIRECTION ( 'NONE',  ( -0.000000000000000000, -1.000000000000000000, -0.000000000000000000 ) ) ;
#1641 = ORIENTED_EDGE ( 'NONE', *, *, #2837, .F. ) ;
#1642 = CARTESIAN_POINT ( 'NONE',  ( -14.51826203279475358, 81.85077145458888026, 20.41878940689974797 ) ) ;
#1643 = ORIENTED_EDGE ( 'NONE', *, *, #3322, .T. ) ;
#1644 = CARTESIAN_POINT ( 'NONE',  ( 32.50000000000000000, 76.52862236662149087, 14.50328976630444267 ) ) ;
#1645 = CARTESIAN_POINT ( 'NONE',  ( 11.43062461317743939, 302.9888827730641765, -5.770959405553953481 ) ) ;
#1646 = CARTESIAN_POINT ( 'NONE',  ( 10.90778202995539559, 82.43952153070880229, -23.07171090743578290 ) ) ;
#1647 = DIRECTION ( 'NONE',  ( 0.1193418607020716449, 0.000000000000000000, 0.9928532219236474443 ) ) ;
#1648 = ORIENTED_EDGE ( 'NONE', *, *, #3061, .F. ) ;
#1649 = LINE ( 'NONE', #811, #3131 ) ;
#1650 = EDGE_CURVE ( 'NONE', #693, #2529, #450, .T. ) ;
#1651 = DIRECTION ( 'NONE',  ( -0.000000000000000000, -1.000000000000000000, -0.000000000000000000 ) ) ;
#1652 = CARTESIAN_POINT ( 'NONE',  ( -4.822046113693256864, 82.73673531995240182, -23.93683429960328723 ) ) ;
#1653 = CIRCLE ( 'NONE', #47, 3.000000000000001776 ) ;
#1654 = CARTESIAN_POINT ( 'NONE',  ( -32.49999999999711520, 76.21743215900764312, 13.52915016621190070 ) ) ;
#1655 = ORIENTED_EDGE ( 'NONE', *, *, #988, .T. ) ;
#1656 = CARTESIAN_POINT ( 'NONE',  ( 13.25983199483500030, 84.80716490278365427, -18.30128015928804430 ) ) ;
#1657 =( NAMED_UNIT ( * ) PLANE_ANGLE_UNIT ( ) SI_UNIT ( $, .RADIAN. ) );
#1658 = CARTESIAN_POINT ( 'NONE',  ( 11.43761609779203070, 284.0002986872114548, 5.785736573715769104 ) ) ;
#1659 = DIRECTION ( 'NONE',  ( -1.000000000000000000, 0.000000000000000000, 0.000000000000000000 ) ) ;
#1660 = CARTESIAN_POINT ( 'NONE',  ( -21.51133865856996863, 84.03797705783112804, 6.987455852122018918 ) ) ;
#1661 = VERTEX_POINT ( 'NONE', #2410 ) ;
#1662 = CARTESIAN_POINT ( 'NONE',  ( 32.50000000000000000, 60.49372069316948597, 11.16071398445622442 ) ) ;
#1663 = PLANE ( 'NONE',  #141 ) ;
#1664 = CARTESIAN_POINT ( 'NONE',  ( 17.06256962574807190, 81.69449280844263228, -17.32914228167647153 ) ) ;
#1665 = CIRCLE ( 'NONE', #1245, 4.749999999999999112 ) ;
#1666 = CARTESIAN_POINT ( 'NONE',  ( -12.79544268551378217, 446.4807327563282797, 0.3927961626098218639 ) ) ;
#1667 = ORIENTED_EDGE ( 'NONE', *, *, #1053, .F. ) ;
#1668 = FACE_BOUND ( 'NONE', #3255, .T. ) ;
#1669 = CARTESIAN_POINT ( 'NONE',  ( -11.26172974211715783, 82.44744646329294824, -19.61897956482471983 ) ) ;
#1670 = CARTESIAN_POINT ( 'NONE',  ( 20.00000000000000000, 293.5000000000000568, 0.000000000000000000 ) ) ;
#1671 = CARTESIAN_POINT ( 'NONE',  ( -23.29530728151910779, 81.70565352039176332, -4.343592867371586230 ) ) ;
#1672 = VERTEX_POINT ( 'NONE', #2127 ) ;
#1673 = PLANE ( 'NONE',  #2487 ) ;
#1674 = CARTESIAN_POINT ( 'NONE',  ( 12.23506990536587580, 283.0563138868217834, 3.779325802242485377 ) ) ;
#1675 = CARTESIAN_POINT ( 'NONE',  ( -9.621876590793890571, 82.54006276595889346, 20.47170682558524391 ) ) ;
#1676 = CARTESIAN_POINT ( 'NONE',  ( 12.44347218424182344, 443.6989123412469098, 3.000000000000000888 ) ) ;
#1677 = ORIENTED_EDGE ( 'NONE', *, *, #1732, .T. ) ;
#1678 = CARTESIAN_POINT ( 'NONE',  ( 32.50000000000000000, 74.93913151860992627, 6.477603110515723017 ) ) ;
#1679 = CARTESIAN_POINT ( 'NONE',  ( 0.000000000000000000, 453.5000000000000000, -12.80000000000000071 ) ) ;
#1680 = DIRECTION ( 'NONE',  ( 1.000000000000000000, -0.000000000000000000, -0.000000000000000000 ) ) ;
#1681 = CARTESIAN_POINT ( 'NONE',  ( -12.76468833781738610, 446.3465248825584695, -0.9675470945724925498 ) ) ;
#1682 = ORIENTED_EDGE ( 'NONE', *, *, #2369, .F. ) ;
#1683 = CARTESIAN_POINT ( 'NONE',  ( -13.00118903069665066, 82.27614574443370543, -18.49155332377040750 ) ) ;
#1684 = CARTESIAN_POINT ( 'NONE',  ( 14.33847875787743575, 81.88559906473265926, 20.73065363175990328 ) ) ;
#1685 = CARTESIAN_POINT ( 'NONE',  ( 20.88499796450857460, 84.06721676844230728, 8.681710458009566977 ) ) ;
#1686 = AXIS2_PLACEMENT_3D ( 'NONE', #3149, #2011, #1749 ) ;
#1687 = ORIENTED_EDGE ( 'NONE', *, *, #3092, .T. ) ;
#1688 = B_SPLINE_CURVE_WITH_KNOTS ( 'NONE', 3,
 ( #3434, #876, #1207, #3203, #2356, #1785 ),
 .UNSPECIFIED., .F., .F.,
 ( 4, 2, 4 ),
 ( 0.000000000000000000, 0.003036489632996192643, 0.006072979265992385287 ),
 .UNSPECIFIED. ) ;
#1689 =( NAMED_UNIT ( * ) SI_UNIT ( $, .STERADIAN. ) SOLID_ANGLE_UNIT ( ) );
#1690 = DIRECTION ( 'NONE',  ( -0.000000000000000000, -0.000000000000000000, -1.000000000000000000 ) ) ;
#1691 = EDGE_CURVE ( 'NONE', #526, #1200, #2899, .T. ) ;
#1692 = CIRCLE ( 'NONE', #89, 19.60000000000003340 ) ;
#1693 = DIRECTION ( 'NONE',  ( 0.000000000000000000, 0.000000000000000000, 1.000000000000000000 ) ) ;
#1694 = DIRECTION ( 'NONE',  ( -1.000000000000000000, -0.000000000000000000, 0.000000000000000000 ) ) ;
#1695 = AXIS2_PLACEMENT_3D ( 'NONE', #1741, #565, #3421 ) ;
#1696 = CARTESIAN_POINT ( 'NONE',  ( 32.50000000000142819, 75.82739107362147024, -11.99118561915949144 ) ) ;
#1697 = CYLINDRICAL_SURFACE ( 'NONE', #2747, 22.60000000000000142 ) ;
#1698 = CARTESIAN_POINT ( 'NONE',  ( 0.000000000000000000, 163.5000000000000284, 0.000000000000000000 ) ) ;
#1699 = EDGE_LOOP ( 'NONE', ( #810, #634 ) ) ;
#1700 = DIRECTION ( 'NONE',  ( 0.000000000000000000, 0.000000000000000000, 1.000000000000000000 ) ) ;
#1701 = CARTESIAN_POINT ( 'NONE',  ( 32.50000000000000000, -62.77999999999998693, 9.999999999999994671 ) ) ;
#1702 = CARTESIAN_POINT ( 'NONE',  ( 0.000000000000000000, 138.5000000000000000, -19.60000000000003340 ) ) ;
#1703 = CARTESIAN_POINT ( 'NONE',  ( 20.00000000000000000, 293.5000000000000568, 3.000000000000000888 ) ) ;
#1704 = CARTESIAN_POINT ( 'NONE',  ( 4.750000000000000000, 94.50000000000001421, -41.43781760380762336 ) ) ;
#1705 = VERTEX_POINT ( 'NONE', #3236 ) ;
#1706 = DIRECTION ( 'NONE',  ( 0.000000000000000000, 1.000000000000000000, 0.000000000000000000 ) ) ;
#1707 = CARTESIAN_POINT ( 'NONE',  ( -32.50000000000000000, 62.97913253426734315, -3.117130979971648674 ) ) ;
#1708 = CARTESIAN_POINT ( 'NONE',  ( 32.50000000000000711, 61.29629688517418629, 8.625081042278651466 ) ) ;
#1709 = CARTESIAN_POINT ( 'NONE',  ( 8.468946656007954488, 287.9190902581024147, 9.601043943762409327 ) ) ;
#1710 = AXIS2_PLACEMENT_3D ( 'NONE', #609, #3465, #906 ) ;
#1711 = EDGE_CURVE ( 'NONE', #2733, #1947, #1866, .T. ) ;
#1712 = CARTESIAN_POINT ( 'NONE',  ( 12.46651202677506021, 444.2818172914457477, 2.903042840519003409 ) ) ;
#1713 = CARTESIAN_POINT ( 'NONE',  ( 32.50000000000000000, 74.63626175003925312, -0.7872525520523510068 ) ) ;
#1714 = CARTESIAN_POINT ( 'NONE',  ( 26.00000000000000000, 49.22000000000001307, 0.000000000000000000 ) ) ;
#1715 = VECTOR ( 'NONE', #2078, 1000.000000000000000 ) ;
#1716 = CARTESIAN_POINT ( 'NONE',  ( -23.50000000000000355, 49.22000000000001307, 0.000000000000000000 ) ) ;
#1717 = CARTESIAN_POINT ( 'NONE',  ( -12.73189411103060920, 446.1956400042062683, 1.331043079976249155 ) ) ;
#1718 = EDGE_LOOP ( 'NONE', ( #731, #2805, #3481, #212 ) ) ;
#1719 = CARTESIAN_POINT ( 'NONE',  ( -14.50931202231467410, 82.46478507996039298, -17.33490820556065515 ) ) ;
#1720 = EDGE_CURVE ( 'NONE', #738, #1672, #623, .T. ) ;
#1721 = VECTOR ( 'NONE', #277, 999.9999999999998863 ) ;
#1722 = CARTESIAN_POINT ( 'NONE',  ( 18.52293972964661961, 84.19882538070808664, 12.95607338927697150 ) ) ;
#1723 = DIRECTION ( 'NONE',  ( 0.000000000000000000, 0.000000000000000000, -1.000000000000000000 ) ) ;
#1724 = DIRECTION ( 'NONE',  ( -1.000000000000000000, 0.000000000000000000, -0.000000000000000000 ) ) ;
#1725 = CARTESIAN_POINT ( 'NONE',  ( -11.41991209541770402, 284.0240209895385419, 5.792091153632250133 ) ) ;
#1726 = ORIENTED_EDGE ( 'NONE', *, *, #851, .F. ) ;
#1727 = CARTESIAN_POINT ( 'NONE',  ( 6.123233995736768255E-16, 94.50000000000001421, -22.59999999999998366 ) ) ;
#1728 = AXIS2_PLACEMENT_3D ( 'NONE', #1108, #829, #2459 ) ;
#1729 = MANIFOLD_SOLID_BREP ( 'Black Cylinder Main Frame', #53 ) ;
#1730 = FACE_OUTER_BOUND ( 'NONE', #2744, .T. ) ;
#1731 = FACE_OUTER_BOUND ( 'NONE', #2636, .T. ) ;
#1732 = EDGE_CURVE ( 'NONE', #2691, #3609, #145, .T. ) ;
#1733 = AXIS2_PLACEMENT_3D ( 'NONE', #1027, #3300, #1605 ) ;
#1734 = CARTESIAN_POINT ( 'NONE',  ( -22.76598128423226086, 82.50000000000001421, -27.59999999999999076 ) ) ;
#1735 = EDGE_CURVE ( 'NONE', #1606, #1815, #3080, .T. ) ;
#1736 = CARTESIAN_POINT ( 'NONE',  ( 12.78100217604110078, 446.4216307367097443, -0.7874093567433400054 ) ) ;
#1737 = CARTESIAN_POINT ( 'NONE',  ( 32.50000000000000000, 74.74758218810548271, -4.035819113021429594 ) ) ;
#1738 = CARTESIAN_POINT ( 'NONE',  ( 0.000000000000000000, 93.50000000000001421, 14.00000000000000000 ) ) ;
#1739 = CARTESIAN_POINT ( 'NONE',  ( 14.50000000000000000, 293.5000000000000568, 0.000000000000000000 ) ) ;
#1740 = ORIENTED_EDGE ( 'NONE', *, *, #3435, .T. ) ;
#1741 = CARTESIAN_POINT ( 'NONE',  ( -23.50000000000000711, -62.77999999999998693, -7.688332605047083519E-15 ) ) ;
#1742 = VERTEX_POINT ( 'NONE', #1031 ) ;
#1743 = CARTESIAN_POINT ( 'NONE',  ( 22.38815005250722479, 83.99996634573135168, 3.562424208216087518 ) ) ;
#1744 = DIRECTION ( 'NONE',  ( 0.000000000000000000, 0.000000000000000000, 1.000000000000000000 ) ) ;
#1745 = ADVANCED_FACE ( 'NONE', ( #2719 ), #1816, .T. ) ;
#1746 = CARTESIAN_POINT ( 'NONE',  ( 15.74094094408722277, 81.74359619941638755, 18.86953187907985452 ) ) ;
#1747 = CARTESIAN_POINT ( 'NONE',  ( -11.72965350088279202, 283.6529451872986556, -5.135988732187562356 ) ) ;
#1748 = EDGE_LOOP ( 'NONE', ( #2393, #2370 ) ) ;
#1749 = DIRECTION ( 'NONE',  ( 0.000000000000000000, 0.000000000000000000, 1.000000000000000000 ) ) ;
#1750 = AXIS2_PLACEMENT_3D ( 'NONE', #1341, #3604, #1301 ) ;
#1751 = CARTESIAN_POINT ( 'NONE',  ( -9.000000000000001776, 82.50000000000001421, -23.96580897862619253 ) ) ;
#1752 = CARTESIAN_POINT ( 'NONE',  ( -206.4886203175368564, -62.77999999999998693, -19.00000000000000000 ) ) ;
#1753 = FACE_OUTER_BOUND ( 'NONE', #3106, .T. ) ;
#1754 = CARTESIAN_POINT ( 'NONE',  ( 12.79544730335467584, 446.4807476848752685, 0.3920054068388725277 ) ) ;
#1755 = CARTESIAN_POINT ( 'NONE',  ( 15.99863918792335227, 82.04080418954961829, -17.44964779905044239 ) ) ;
#1756 = APPLICATION_CONTEXT ( 'automotive_design' ) ;
#1757 =( NAMED_UNIT ( * ) PLANE_ANGLE_UNIT ( ) SI_UNIT ( $, .RADIAN. ) );
#1758 = EDGE_LOOP ( 'NONE', ( #345, #3159, #67, #2252 ) ) ;
#1759 = CARTESIAN_POINT ( 'NONE',  ( -14.98993192685317410, 84.50875035656832779, -16.91913850615936710 ) ) ;
#1760 = DIRECTION ( 'NONE',  ( -0.000000000000000000, -1.000000000000000000, -0.000000000000000000 ) ) ;
#1761 = CARTESIAN_POINT ( 'NONE',  ( -12.53317290881813051, 441.9945115462685408, -2.602293213052672805 ) ) ;
#1762 = CARTESIAN_POINT ( 'NONE',  ( 13.11984005592475278, 82.30294373692235865, 18.40666876735116020 ) ) ;
#1763 = EDGE_CURVE ( 'NONE', #2072, #1280, #983, .T. ) ;
#1764 = CARTESIAN_POINT ( 'NONE',  ( -12.23538797186613536, 283.0559394222798346, -3.778529393034348871 ) ) ;
#1765 = ORIENTED_EDGE ( 'NONE', *, *, #2349, .F. ) ;
#1766 = CARTESIAN_POINT ( 'NONE',  ( -22.05840788994306578, 81.65233428481961653, -8.994388595785608231 ) ) ;
#1767 =( BOUNDED_SURFACE ( )  B_SPLINE_SURFACE ( 3, 2, ( 
 ( #527, #761, #2171 ),
 ( #1340, #3102, #1102 ),
 ( #2473, #2818, #3019 ),
 ( #2754, #805, #247 ),
 ( #2193, #2734, #822 ),
 ( #2150, #3379, #1317 ),
 ( #2453, #2213, #188 ),
 ( #1044, #485, #2513 ),
 ( #1662, #3315, #3044 ),
 ( #3085, #1644, #1623 ),
 ( #2801, #3625, #208 ),
 ( #3067, #1064, #3342 ),
 ( #786, #3583, #507 ),
 ( #1963, #1381, #229 ),
 ( #2780, #463, #1362 ),
 ( #2493, #3360, #3661 ),
 ( #3645, #2231, #544 ),
 ( #741, #1678, #1300 ),
 ( #2436, #1024, #1877 ),
 ( #2570, #899, #880 ),
 ( #1772, #2604, #559 ),
 ( #600, #1419, #326 ),
 ( #2294, #2035, #1120 ),
 ( #2272, #1713, #1978 ),
 ( #3175, #266, #3678 ),
 ( #3416, #2530, #2253 ),
 ( #2311, #1737, #27 ),
 ( #1143, #2875, #1998 ),
 ( #1399, #1458, #2050 ),
 ( #2856, #2550, #6 ),
 ( #308, #2590, #1475 ),
 ( #1441, #3190, #62 ),
 ( #1160, #3398, #3118 ),
 ( #3438, #3457, #2891 ),
 ( #2017, #1696, #3475 ),
 ( #842, #2328, #283 ),
 ( #3155, #617, #46 ),
 ( #3136, #1180, #1755 ),
 ( #2836, #1197, #341 ),
 ( #918, #631, #860 ),
 ( #578, #356, #2063 ),
 ( #1209, #2910, #932 ),
 ( #76, #3492, #2342 ),
 ( #3209, #652, #1490 ),
 ( #2619, #3589, #3610 ),
 ( #1630, #3667, #1910 ) ),
 .UNSPECIFIED., .F., .F., .F. ) 
 B_SPLINE_SURFACE_WITH_KNOTS ( ( 4, 2, 2, 2, 2, 2, 2, 2, 2, 2, 2, 2, 2, 2, 2, 2, 2, 2, 2, 2, 2, 2, 4 ),
 ( 3, 3 ),
 ( 0.03758660794668639005, 0.04021923344182460475, 0.04285185893696281945, 0.04548448443210104108, 0.04811710992723925578, 0.05074973542237747048, 0.05206604816994658130, 0.05338236091751569212, 0.05469867366508479600, 0.05601498641265390682, 0.05733129916022301764, 0.05864761190779212152, 0.05996392465536122540, 0.06128023740293033622, 0.06259655015049944704, 0.06391286289806855092, 0.06522917564563765480, 0.06654548839320677256, 0.06917811388834499420, 0.07181073938348320196, 0.07444336487862142360, 0.07707599037375964524, 0.07970861586889785300 ),
 ( 0.000000000000000000, 0.9382049631980804438 ),
 .UNSPECIFIED. ) 
 GEOMETRIC_REPRESENTATION_ITEM ( )  RATIONAL_B_SPLINE_SURFACE ( (
 ( 1.000000000000000000, 0.7252061284221533732, 0.9660382051858100727),
 ( 1.000000000000000000, 0.7297404963753337803, 0.9665986080548905068),
 ( 1.000000000000000000, 0.7347325479677971893, 0.9672155760786372847),
 ( 1.000000000000000000, 0.7456057254782755273, 0.9685593928874647318),
 ( 1.000000000000000000, 0.7514895837180948224, 0.9692865793603986369),
 ( 1.000000000000000000, 0.7643249786594715767, 0.9708729067659376266),
 ( 1.000000000000000000, 0.7712793261124770705, 0.9717323950795213605),
 ( 1.000000000000000000, 0.7863936184437114729, 0.9736003715812084902),
 ( 1.000000000000000000, 0.7945642815779846435, 0.9746101844393656455),
 ( 1.000000000000000000, 0.8120557328435468181, 0.9767719541887143198),
 ( 1.000000000000000000, 0.8213837813947739708, 0.9779248083957408078),
 ( 1.000000000000000000, 0.8358171275230059649, 0.9797086267060786113),
 ( 1.000000000000000000, 0.8406963078020914804, 0.9803116449558971768),
 ( 1.000000000000000000, 0.8504200659506596649, 0.9815134049411845529),
 ( 1.000000000000000000, 0.8552654542657851522, 0.9821122468396901173),
 ( 1.000000000000000000, 0.8646537408600639685, 0.9832725458708910793),
 ( 1.000000000000000000, 0.8691968077403298132, 0.9838340238410101524),
 ( 1.000000000000000000, 0.8775962088758978430, 0.9848721064455833174),
 ( 1.000000000000000000, 0.8814509922253751517, 0.9853485194034720118),
 ( 1.000000000000000000, 0.8879893572462863593, 0.9861565964176551846),
 ( 1.000000000000000000, 0.8906699930649799590, 0.9864878963957925961),
 ( 1.000000000000000000, 0.8943548527890630151, 0.9869433084803118650),
 ( 1.000000000000000000, 0.8953176217711744656, 0.9870622971696745296),
 ( 1.000000000000000000, 0.8953862450431937514, 0.9870707783249144107),
 ( 1.000000000000000000, 0.8944937265697422424, 0.9869604719010877103),
 ( 1.000000000000000000, 0.8910637868671895667, 0.9865365654007924867),
 ( 1.000000000000000000, 0.8885313410352969621, 0.9862235802340311164),
 ( 1.000000000000000000, 0.8822408300421581417, 0.9854461355173833592),
 ( 1.000000000000000000, 0.8784874747771762582, 0.9849822580639228109),
 ( 1.000000000000000000, 0.8702230319914849854, 0.9839608549717444586),
 ( 1.000000000000000000, 0.8657115786743176944, 0.9834032841242155154),
 ( 1.000000000000000000, 0.8563476843173151165, 0.9822459997314150204),
 ( 1.000000000000000000, 0.8514995839807021349, 0.9816468226539742936),
 ( 1.000000000000000000, 0.8417527771827495453, 0.9804422140844128997),
 ( 1.000000000000000000, 0.8368533028441640376, 0.9798366876902868672),
 ( 1.000000000000000000, 0.8223467717756288708, 0.9780438244477902554),
 ( 1.000000000000000000, 0.8129547825428514729, 0.9768830678072248919),
 ( 1.000000000000000000, 0.7953437176603384007, 0.9747065150021531066),
 ( 1.000000000000000000, 0.7871076518212155593, 0.9736886190188899226),
 ( 1.000000000000000000, 0.7718413060019769789, 0.9718018502154286420),
 ( 1.000000000000000000, 0.7648035384686633353, 0.9709320520079796069),
 ( 1.000000000000000000, 0.7517944834452149339, 0.9693242619401152282),
 ( 1.000000000000000000, 0.7458078572917542504, 0.9685843743731703537),
 ( 1.000000000000000000, 0.7347813744774505107, 0.9672216105505591077),
 ( 1.000000000000000000, 0.7297882465443877864, 0.9666045095017985478),
 ( 1.000000000000000000, 0.7252061284221571480, 0.9660382051858105168) ) ) 
 REPRESENTATION_ITEM ( '' )  SURFACE ( )  );
#1768 = CARTESIAN_POINT ( 'NONE',  ( 32.50000000000000000, 62.89388634936085509, 3.555756973873334559 ) ) ;
#1769 = DIRECTION ( 'NONE',  ( -1.000000000000000000, 0.000000000000000000, 0.000000000000000000 ) ) ;
#1770 = COLOUR_RGB ( '',0.7921568627450980005, 0.8196078431372548767, 0.9333333333333333481 ) ;
#1771 = DIRECTION ( 'NONE',  ( 1.000000000000000000, 0.000000000000000000, 0.000000000000000000 ) ) ;
#1772 = CARTESIAN_POINT ( 'NONE',  ( 32.50000000000000000, 63.21674313208343676, 1.803159459142211984 ) ) ;
#1773 = CARTESIAN_POINT ( 'NONE',  ( -18.52293972964661961, 84.19882538070805822, -12.95607338927697505 ) ) ;
#1774 = ORIENTED_EDGE ( 'NONE', *, *, #2615, .F. ) ;
#1775 = CARTESIAN_POINT ( 'NONE',  ( -22.58701278050865824, 83.99218943712331509, 0.8867554402970599936 ) ) ;
#1776 = EDGE_LOOP ( 'NONE', ( #1305, #2419, #1634, #1082 ) ) ;
#1777 = CARTESIAN_POINT ( 'NONE',  ( 22.60035453518466397, 83.99165011887257037, -0.4283863188178514969 ) ) ;
#1778 = DIRECTION ( 'NONE',  ( 0.000000000000000000, -0.7071067811865516806, -0.7071067811865434649 ) ) ;
#1779 = CARTESIAN_POINT ( 'NONE',  ( 19.39446453331025921, 81.66214825324249205, -14.20768670392225097 ) ) ;
#1780 = EDGE_LOOP ( 'NONE', ( #198, #1548 ) ) ;
#1781 = CIRCLE ( 'NONE', #1895, 1.000000000000000888 ) ;
#1782 = CARTESIAN_POINT ( 'NONE',  ( -10.39908115864941252, 285.2776095128322140, 7.487811560909490183 ) ) ;
#1783 = ORIENTED_EDGE ( 'NONE', *, *, #2526, .T. ) ;
#1784 = CARTESIAN_POINT ( 'NONE',  ( -20.64896591725823072, 81.65513978605029877, 12.10348892135138144 ) ) ;
#1785 = CARTESIAN_POINT ( 'NONE',  ( -13.25983199483500030, 84.80716490278365427, -18.30128015928804430 ) ) ;
#1786 = DIRECTION ( 'NONE',  ( 1.000000000000000000, -0.000000000000000000, -0.000000000000000000 ) ) ;
#1787 = AXIS2_PLACEMENT_3D ( 'NONE', #1461, #2591, #2552 ) ;
#1788 = FACE_OUTER_BOUND ( 'NONE', #1190, .T. ) ;
#1789 = CARTESIAN_POINT ( 'NONE',  ( -6.374166612193317150, 293.6951206577135167, 11.09999999999999964 ) ) ;
#1790 = CARTESIAN_POINT ( 'NONE',  ( -13.61612351593188208, 84.72365968609388176, -18.03912757114577659 ) ) ;
#1791 = EDGE_LOOP ( 'NONE', ( #359, #2244, #2693, #1858 ) ) ;
#1792 = CARTESIAN_POINT ( 'NONE',  ( -22.58695017980874198, 82.55384827225668687, 0.8888360568187144706 ) ) ;
#1793 = ORIENTED_EDGE ( 'NONE', *, *, #3276, .F. ) ;
#1794 = DIRECTION ( 'NONE',  ( 0.000000000000000000, -0.000000000000000000, -1.000000000000000000 ) ) ;
#1795 = CARTESIAN_POINT ( 'NONE',  ( 6.549975065901470828, 295.0549072519670517, 10.99747187891145650 ) ) ;
#1796 = CARTESIAN_POINT ( 'NONE',  ( 22.49490919431153202, 83.99593687209736004, -2.221707762029471400 ) ) ;
#1797 = ORIENTED_EDGE ( 'NONE', *, *, #3388, .T. ) ;
#1798 = DIRECTION ( 'NONE',  ( 0.000000000000000000, -0.9982525060048217380, 0.05909259052616638169 ) ) ;
#1799 = CARTESIAN_POINT ( 'NONE',  ( 23.49999999999999289, -62.77999999999998693, -19.00000000000000000 ) ) ;
#1800 = FACE_OUTER_BOUND ( 'NONE', #2147, .T. ) ;
#1801 = CARTESIAN_POINT ( 'NONE',  ( 20.00000000000000000, 443.5000000000000568, -3.000000000000000888 ) ) ;
#1802 = DIRECTION ( 'NONE',  ( 0.000000000000000000, 0.000000000000000000, 1.000000000000000000 ) ) ;
#1803 = AXIS2_PLACEMENT_3D ( 'NONE', #3097, #1433, #1374 ) ;
#1804 = EDGE_CURVE ( 'NONE', #1563, #1845, #2158, .T. ) ;
#1805 = DIRECTION ( 'NONE',  ( -0.7957189293076316616, 0.1856157922426792672, 0.5765224741600616376 ) ) ;
#1806 = CARTESIAN_POINT ( 'NONE',  ( -18.26170771422678740, 84.21590702493189440, -13.32176933079538905 ) ) ;
#1807 = ORIENTED_EDGE ( 'NONE', *, *, #2828, .T. ) ;
#1808 = CARTESIAN_POINT ( 'NONE',  ( -22.60018995809166142, 82.55385887901451269, 0.4380699637222346676 ) ) ;
#1809 = ORIENTED_EDGE ( 'NONE', *, *, #669, .T. ) ;
#1810 = PLANE ( 'NONE',  #2079 ) ;
#1811 = CARTESIAN_POINT ( 'NONE',  ( 10.39908115864941252, 301.7223904871680134, 7.487811560909488406 ) ) ;
#1812 = AXIS2_PLACEMENT_3D ( 'NONE', #1979, #1161, #3593 ) ;
#1813 = AXIS2_PLACEMENT_3D ( 'NONE', #110, #704, #132 ) ;
#1814 = CARTESIAN_POINT ( 'NONE',  ( 23.71998452268163859, 81.65319431554144103, 1.892403445728419786 ) ) ;
#1815 = VERTEX_POINT ( 'NONE', #2938 ) ;
#1816 = CYLINDRICAL_SURFACE ( 'NONE', #2415, 13.99999999999999822 ) ;
#1817 = ORIENTED_EDGE ( 'NONE', *, *, #2976, .F. ) ;
#1818 = CARTESIAN_POINT ( 'NONE',  ( 8.468560514335473854, 287.9196609295811982, -9.601393380517654563 ) ) ;
#1819 = CARTESIAN_POINT ( 'NONE',  ( 12.86548542198928047, 82.22920132796778603, -18.58699619981428341 ) ) ;
#1820 = CARTESIAN_POINT ( 'NONE',  ( 9.000000000000001776, 82.50000000000001421, 27.60000000000001918 ) ) ;
#1821 = LINE ( 'NONE', #2961, #1163 ) ;
#1822 = EDGE_CURVE ( 'NONE', #1527, #3222, #3108, .T. ) ;
#1823 = CARTESIAN_POINT ( 'NONE',  ( -13.96648773041601466, 84.65806087767902000, 17.76925420771906516 ) ) ;
#1824 = UNCERTAINTY_MEASURE_WITH_UNIT (LENGTH_MEASURE( 1.000000000000000082E-05 ), #2699, 'distance_accuracy_value', 'NONE');
#1825 = ORIENTED_EDGE ( 'NONE', *, *, #3173, .F. ) ;
#1826 = CARTESIAN_POINT ( 'NONE',  ( -17.44574888103799637, 84.27386840741299068, -14.37368289128471766 ) ) ;
#1827 = ORIENTED_EDGE ( 'NONE', *, *, #3566, .T. ) ;
#1828 = DIRECTION ( 'NONE',  ( 1.000000000000000000, 0.000000000000000000, 0.000000000000000000 ) ) ;
#1829 = CARTESIAN_POINT ( 'NONE',  ( 12.51528594069522526, 304.2705186166283511, 2.711964564944397527 ) ) ;
#1830 = AXIS2_PLACEMENT_3D ( 'NONE', #2041, #2843, #3145 ) ;
#1831 = CARTESIAN_POINT ( 'NONE',  ( 22.59922977111254383, 82.55385809993219937, 1.800752793527546247 ) ) ;
#1832 = ADVANCED_FACE ( 'NONE', ( #1911 ), #2195, .T. ) ;
#1833 = CARTESIAN_POINT ( 'NONE',  ( 32.50000000000000711, 59.00000000000002132, 19.84264646869864634 ) ) ;
#1834 = EDGE_LOOP ( 'NONE', ( #1155, #2870, #1392, #3564 ) ) ;
#1835 = FILL_AREA_STYLE ('',( #1015 ) ) ;
#1836 = ORIENTED_EDGE ( 'NONE', *, *, #1842, .F. ) ;
#1837 = FACE_OUTER_BOUND ( 'NONE', #1982, .T. ) ;
#1838 = VECTOR ( 'NONE', #2297, 1000.000000000000000 ) ;
#1839 = ADVANCED_FACE ( 'NONE', ( #1091 ), #1383, .F. ) ;
#1840 = CARTESIAN_POINT ( 'NONE',  ( -23.50000000000000355, 58.50000000000002132, 27.06723568281940828 ) ) ;
#1841 = CARTESIAN_POINT ( 'NONE',  ( -32.50000000000000000, 61.85932481108989833, -6.943429878751550710 ) ) ;
#1842 = EDGE_CURVE ( 'NONE', #2052, #329, #3196, .T. ) ;
#1843 = EDGE_LOOP ( 'NONE', ( #775, #2779, #1935, #1588 ) ) ;
#1844 = CARTESIAN_POINT ( 'NONE',  ( -22.60018909806403542, 83.99165681915557968, 0.4370762166464563503 ) ) ;
#1845 = VERTEX_POINT ( 'NONE', #2239 ) ;
#1846 = CARTESIAN_POINT ( 'NONE',  ( 22.05840788994306223, 81.65233428481961653, 8.994388595785608231 ) ) ;
#1847 = CARTESIAN_POINT ( 'NONE',  ( 12.66023203913942297, 304.4386064688849274, -1.924929005053428899 ) ) ;
#1848 = AXIS2_PLACEMENT_3D ( 'NONE', #2849, #2013, #2306 ) ;
#1849 = CARTESIAN_POINT ( 'NONE',  ( 21.63177570882732681, 81.65279513553880975, -10.04310770499790273 ) ) ;
#1850 = CARTESIAN_POINT ( 'NONE',  ( 2.767701766073018529E-15, 85.50000000000001421, 22.60000000000000142 ) ) ;
#1851 = EDGE_LOOP ( 'NONE', ( #233, #1337 ) ) ;
#1852 = CYLINDRICAL_SURFACE ( 'NONE', #1476, 19.00000000000000000 ) ;
#1853 = EDGE_CURVE ( 'NONE', #698, #901, #2200, .T. ) ;
#1854 = CARTESIAN_POINT ( 'NONE',  ( 0.000000000000000000, 143.5000000000000568, 0.000000000000000000 ) ) ;
#1855 = CARTESIAN_POINT ( 'NONE',  ( 1.567547902908612184E-15, 453.5000000000000000, 12.80000000000000071 ) ) ;
#1856 = CARTESIAN_POINT ( 'NONE',  ( 7.154018198598327771, 107.7000000000000171, -21.43781760380762336 ) ) ;
#1857 = CARTESIAN_POINT ( 'NONE',  ( -32.50000000000000000, 60.25031225096932275, -12.01167749073270485 ) ) ;
#1858 = ORIENTED_EDGE ( 'NONE', *, *, #1228, .F. ) ;
#1859 = CARTESIAN_POINT ( 'NONE',  ( -13.96847866228412727, 84.65771786592989656, 17.76769055599980618 ) ) ;
#1860 = ORIENTED_EDGE ( 'NONE', *, *, #1080, .T. ) ;
#1861 = CARTESIAN_POINT ( 'NONE',  ( 20.17278833489267598, 81.65700843414042254, 12.95145359846797817 ) ) ;
#1862 = CARTESIAN_POINT ( 'NONE',  ( 7.042406880266097957, 296.5096316086471688, 10.69027198192059736 ) ) ;
#1863 = FACE_OUTER_BOUND ( 'NONE', #2732, .T. ) ;
#1864 = CARTESIAN_POINT ( 'NONE',  ( -32.50000000000000000, 63.30988325232286940, -0.9136918077298729068 ) ) ;
#1865 = VERTEX_POINT ( 'NONE', #3367 ) ;
#1866 = LINE ( 'NONE', #2955, #3375 ) ;
#1867 = CARTESIAN_POINT ( 'NONE',  ( 12.44347218424182344, 443.5000000000000568, -3.000000000000000888 ) ) ;
#1868 = CARTESIAN_POINT ( 'NONE',  ( -32.50000000000000000, 59.33102570659321628, 16.27704688820162815 ) ) ;
#1869 = EDGE_CURVE ( 'NONE', #3314, #3222, #1136, .T. ) ;
#1870 = CARTESIAN_POINT ( 'NONE',  ( 10.88898670397792223, 82.44106426055601844, -23.08195445789599631 ) ) ;
#1871 = CARTESIAN_POINT ( 'NONE',  ( 0.000000000000000000, 138.5000000000000000, 0.000000000000000000 ) ) ;
#1872 = DIRECTION ( 'NONE',  ( -1.000000000000000000, -0.000000000000000000, -0.000000000000000000 ) ) ;
#1873 = CARTESIAN_POINT ( 'NONE',  ( -32.50000000000000000, 59.00000000014653523, -19.85086131805097764 ) ) ;
#1874 = ORIENTED_EDGE ( 'NONE', *, *, #1030, .F. ) ;
#1875 = CARTESIAN_POINT ( 'NONE',  ( -20.33012754798153665, 84.09498141621919842, 9.881410696800474014 ) ) ;
#1876 = ORIENTED_EDGE ( 'NONE', *, *, #1627, .T. ) ;
#1877 = CARTESIAN_POINT ( 'NONE',  ( 22.55939776112459327, 81.73207676523233545, 7.247097428352105020 ) ) ;
#1878 = CARTESIAN_POINT ( 'NONE',  ( 7.047739813455595304, 296.5220266220054555, -10.68676343419405583 ) ) ;
#1879 = FACE_OUTER_BOUND ( 'NONE', #3522, .T. ) ;
#1880 = CARTESIAN_POINT ( 'NONE',  ( -32.50000000000000000, 62.91984247356981541, 3.447189860250418292 ) ) ;
#1881 = VECTOR ( 'NONE', #2838, 1000.000000000000000 ) ;
#1882 = ORIENTED_EDGE ( 'NONE', *, *, #1896, .T. ) ;
#1883 = CARTESIAN_POINT ( 'NONE',  ( 4.942018456449542185, 83.02185005995220024, -23.38125319437196126 ) ) ;
#1884 = EDGE_CURVE ( 'NONE', #584, #3229, #3324, .T. ) ;
#1885 = DIRECTION ( 'NONE',  ( 0.000000000000000000, -0.000000000000000000, -1.000000000000000000 ) ) ;
#1886 = CARTESIAN_POINT ( 'NONE',  ( -4.986492436734504707, 84.46832474269409374, -22.22249222728274631 ) ) ;
#1887 = CARTESIAN_POINT ( 'NONE',  ( -32.50000000000000000, 74.71234962637656452, -3.382788354609576942 ) ) ;
#1888 = CIRCLE ( 'NONE', #2422, 22.60000000000000142 ) ;
#1889 = EDGE_CURVE ( 'NONE', #1865, #1101, #1603, .T. ) ;
#1890 = DIRECTION ( 'NONE',  ( 0.000000000000000000, 0.000000000000000000, 1.000000000000000000 ) ) ;
#1891 = CARTESIAN_POINT ( 'NONE',  ( -15.01998668441487439, 84.80716490278365427, 20.73065363175989617 ) ) ;
#1892 = CIRCLE ( 'NONE', #947, 12.80000000000000071 ) ;
#1893 = CARTESIAN_POINT ( 'NONE',  ( -14.33847875787743931, 81.88559906473265926, -20.73065363175990328 ) ) ;
#1894 = AXIS2_PLACEMENT_3D ( 'NONE', #3391, #3078, #836 ) ;
#1895 = AXIS2_PLACEMENT_3D ( 'NONE', #1154, #3485, #2009 ) ;
#1896 = EDGE_CURVE ( 'NONE', #2769, #3185, #598, .T. ) ;
#1897 = CARTESIAN_POINT ( 'NONE',  ( 14.50000000000000000, 293.5000000000000568, -10.09999999999999787 ) ) ;
#1898 = CARTESIAN_POINT ( 'NONE',  ( 7.945312499999999112, 85.50000000000001421, 21.15731573894344208 ) ) ;
#1899 = ORIENTED_EDGE ( 'NONE', *, *, #965, .T. ) ;
#1900 = CIRCLE ( 'NONE', #3033, 2.649999999999999467 ) ;
#1901 = CARTESIAN_POINT ( 'NONE',  ( -22.18006093140317248, 82.55348441720065011, 4.426219024452283435 ) ) ;
#1902 = ORIENTED_EDGE ( 'NONE', *, *, #3431, .T. ) ;
#1903 = DIRECTION ( 'NONE',  ( 1.000000000000000000, 0.000000000000000000, 0.000000000000000000 ) ) ;
#1904 = CARTESIAN_POINT ( 'NONE',  ( 0.000000000000000000, 85.50000000000001421, 0.000000000000000000 ) ) ;
#1905 = VECTOR ( 'NONE', #2500, 1000.000000000000000 ) ;
#1906 = CARTESIAN_POINT ( 'NONE',  ( 17.70989681387820269, 82.53780061141489455, -14.06908123844969971 ) ) ;
#1907 = VECTOR ( 'NONE', #3381, 1000.000000000000000 ) ;
#1908 = CARTESIAN_POINT ( 'NONE',  ( -32.50000000000000711, 62.69042177538310057, 4.301765811106470494 ) ) ;
#1909 = ORIENTED_EDGE ( 'NONE', *, *, #3597, .T. ) ;
#1910 = CARTESIAN_POINT ( 'NONE',  ( 11.08741933420236059, 82.40710747878084419, -20.73065363175991749 ) ) ;
#1911 = FACE_OUTER_BOUND ( 'NONE', #2181, .T. ) ;
#1912 = CARTESIAN_POINT ( 'NONE',  ( 12.79998143673662092, 440.5000792032631125, 0.1976552266103994149 ) ) ;
#1913 = AXIS2_PLACEMENT_3D ( 'NONE', #3433, #1471, #613 ) ;
#1914 = CARTESIAN_POINT ( 'NONE',  ( -17.29340931746536825, 81.96680446829114430, 16.18430073281827930 ) ) ;
#1915 = ORIENTED_EDGE ( 'NONE', *, *, #1053, .T. ) ;
#1916 = DIRECTION ( 'NONE',  ( 0.000000000000000000, 0.000000000000000000, 1.000000000000000000 ) ) ;
#1917 = SURFACE_STYLE_USAGE ( .BOTH. , #2207 ) ;
#1918 = LINE ( 'NONE', #3059, #1241 ) ;
#1919 = CARTESIAN_POINT ( 'NONE',  ( 13.50000000000000355, 293.5000000000000568, 0.000000000000000000 ) ) ;
#1920 = CARTESIAN_POINT ( 'NONE',  ( -32.50000000000000000, 80.21801671358414865, -20.52939040998420239 ) ) ;
#1921 = EDGE_CURVE ( 'NONE', #2237, #526, #1370, .T. ) ;
#1922 = CARTESIAN_POINT ( 'NONE',  ( -7.945312499999999112, 85.50000000000001421, 21.15731573894343853 ) ) ;
#1923 = ORIENTED_EDGE ( 'NONE', *, *, #29, .F. ) ;
#1924 = CARTESIAN_POINT ( 'NONE',  ( -20.86843788154111934, 82.55151790511662568, 8.687268844425974024 ) ) ;
#1925 = EDGE_LOOP ( 'NONE', ( #3533, #982 ) ) ;
#1926 = CARTESIAN_POINT ( 'NONE',  ( 32.50000000000000000, 59.00000000000001421, 0.000000000000000000 ) ) ;
#1927 = DIRECTION ( 'NONE',  ( 1.000000000000000000, 0.000000000000000000, 0.000000000000000000 ) ) ;
#1928 = CARTESIAN_POINT ( 'NONE',  ( 14.78549936617274696, 81.81643337128110716, -20.03921569369638789 ) ) ;
#1929 = LINE ( 'NONE', #3071, #3166 ) ;
#1930 = VERTEX_POINT ( 'NONE', #3651 ) ;
#1931 = LINE ( 'NONE', #1607, #1333 ) ;
#1932 = CARTESIAN_POINT ( 'NONE',  ( -7.945312500000015099, 85.50000000000001421, -21.15731573894343853 ) ) ;
#1933 = CARTESIAN_POINT ( 'NONE',  ( -4.980557396185215424, 84.66780088025268469, -22.15729017831533199 ) ) ;
#1934 = CARTESIAN_POINT ( 'NONE',  ( -32.50000000000000000, 74.74758218810828225, 4.035819113021440252 ) ) ;
#1935 = ORIENTED_EDGE ( 'NONE', *, *, #3546, .T. ) ;
#1936 = CARTESIAN_POINT ( 'NONE',  ( 9.000000000000000000, 85.50000000000001421, 23.96580897862619963 ) ) ;
#1937 = VECTOR ( 'NONE', #1132, 1000.000000000000000 ) ;
#1938 = CARTESIAN_POINT ( 'NONE',  ( 12.44475996241178883, 282.8112759267457932, -3.091387723490536477 ) ) ;
#1939 = DIRECTION ( 'NONE',  ( 1.000000000000000000, -0.000000000000000000, 0.000000000000000000 ) ) ;
#1940 = VERTEX_POINT ( 'NONE', #1950 ) ;
#1941 = CARTESIAN_POINT ( 'NONE',  ( -18.25723929398550283, 82.54146979288621822, 13.35070876781756333 ) ) ;
#1942 = EDGE_LOOP ( 'NONE', ( #174, #3041, #2965, #1492 ) ) ;
#1943 = CARTESIAN_POINT ( 'NONE',  ( -14.50000000000000000, 293.5000000000000568, -11.09999999999999787 ) ) ;
#1944 = CARTESIAN_POINT ( 'NONE',  ( 7.542700072150486434, 297.5412867550758733, -10.34403031288791830 ) ) ;
#1945 = CARTESIAN_POINT ( 'NONE',  ( 13.25983199483499675, 84.80716490278365427, -18.30128015928804075 ) ) ;
#1946 = CARTESIAN_POINT ( 'NONE',  ( -12.66949973213248626, 445.8848554897751910, -1.830440299409196836 ) ) ;
#1947 = VERTEX_POINT ( 'NONE', #2536 ) ;
#1948 = CARTESIAN_POINT ( 'NONE',  ( 32.50000000000000000, 0.000000000000000000, 0.000000000000000000 ) ) ;
#1949 = APPLICATION_CONTEXT ( 'automotive_design' ) ;
#1950 = CARTESIAN_POINT ( 'NONE',  ( -26.00000000000000000, 49.22000000000001307, -4.749999999999999112 ) ) ;
#1951 = CARTESIAN_POINT ( 'NONE',  ( 23.49999999999999289, -62.77999999999998693, 19.00000000000000000 ) ) ;
#1952 = AXIS2_PLACEMENT_3D ( 'NONE', #3006, #1589, #966 ) ;
#1953 = EDGE_CURVE ( 'NONE', #2072, #2998, #3093, .T. ) ;
#1954 = CARTESIAN_POINT ( 'NONE',  ( -32.50000000000000000, 63.31016529407875026, -0.9098694959533938365 ) ) ;
#1955 = ORIENTED_EDGE ( 'NONE', *, *, #2349, .T. ) ;
#1956 = CARTESIAN_POINT ( 'NONE',  ( 8.904908764386723519, 85.49999999910572512, 20.79695375879151698 ) ) ;
#1957 = AXIS2_PLACEMENT_3D ( 'NONE', #1520, #126, #438 ) ;
#1958 = DIRECTION ( 'NONE',  ( 0.000000000000000000, -1.000000000000000000, 0.000000000000000000 ) ) ;
#1959 = CARTESIAN_POINT ( 'NONE',  ( 12.78310312316653707, 282.4194700632164654, 0.7655433039461129185 ) ) ;
#1960 = DIRECTION ( 'NONE',  ( -0.000000000000000000, -1.000000000000000000, -0.000000000000000000 ) ) ;
#1961 = CARTESIAN_POINT ( 'NONE',  ( -11.72972420004382244, 303.3479599041313008, -5.175573235525151361 ) ) ;
#1962 = ORIENTED_EDGE ( 'NONE', *, *, #1188, .F. ) ;
#1963 = CARTESIAN_POINT ( 'NONE',  ( 32.50000000000000000, 62.13623749105341432, 6.101040231720339158 ) ) ;
#1964 = DIRECTION ( 'NONE',  ( 0.000000000000000000, 0.000000000000000000, 1.000000000000000000 ) ) ;
#1965 = CARTESIAN_POINT ( 'NONE',  ( 0.000000000000000000, 138.5000000000000000, 0.000000000000000000 ) ) ;
#1966 = CARTESIAN_POINT ( 'NONE',  ( -12.76445721859724181, 446.3454728013425665, 0.9702758627572295458 ) ) ;
#1967 = DIRECTION ( 'NONE',  ( -1.000000000000000000, 0.000000000000000000, 0.000000000000000000 ) ) ;
#1968 = CARTESIAN_POINT ( 'NONE',  ( -13.25983199483512287, 84.80716490278362585, -18.30128015928795548 ) ) ;
#1969 = CARTESIAN_POINT ( 'NONE',  ( 12.73189411103060920, 440.8043599957939023, 1.331043079976249155 ) ) ;
#1970 = CARTESIAN_POINT ( 'NONE',  ( 20.37816241114230564, 81.65607385433334287, 12.59328005989210020 ) ) ;
#1971 = EDGE_CURVE ( 'NONE', #1272, #265, #3035, .T. ) ;
#1972 = EDGE_LOOP ( 'NONE', ( #2298, #3111, #2490, #936 ) ) ;
#1973 = CARTESIAN_POINT ( 'NONE',  ( 13.25983199483512287, 84.80716490278362585, 18.30128015928795548 ) ) ;
#1974 = CARTESIAN_POINT ( 'NONE',  ( 0.000000000000000000, 85.50000000000001421, 0.000000000000000000 ) ) ;
#1975 = CARTESIAN_POINT ( 'NONE',  ( 0.000000000000000000, 82.50000000000001421, 25.60000000000000142 ) ) ;
#1976 = DIRECTION ( 'NONE',  ( 1.000000000000000000, 0.000000000000000000, 0.000000000000000000 ) ) ;
#1977 = CARTESIAN_POINT ( 'NONE',  ( 12.53318679682230297, 445.0056878469416120, 2.602253402499635992 ) ) ;
#1978 = CARTESIAN_POINT ( 'NONE',  ( 23.67423996244288631, 81.69253215006003188, -1.018883178363304998 ) ) ;
#1979 = CARTESIAN_POINT ( 'NONE',  ( 45.00000000000000000, -62.77999999999998693, -7.688332605047083519E-15 ) ) ;
#1980 = FACE_OUTER_BOUND ( 'NONE', #504, .T. ) ;
#1981 = CARTESIAN_POINT ( 'NONE',  ( -23.49999999999999289, 58.50000000000004974, 26.17929515418504138 ) ) ;
#1982 = EDGE_LOOP ( 'NONE', ( #3403, #2972 ) ) ;
#1983 = CARTESIAN_POINT ( 'NONE',  ( 13.50000000000000355, 293.5000000000000568, -11.09999999999999787 ) ) ;
#1984 = CARTESIAN_POINT ( 'NONE',  ( 15.81460146266857159, 81.74102258257596532, -18.78826205215501588 ) ) ;
#1985 = CYLINDRICAL_SURFACE ( 'NONE', #3204, 12.80000000000000071 ) ;
#1986 = CARTESIAN_POINT ( 'NONE',  ( 15.87648947583103798, 82.51454559308251646, 16.10988871017523394 ) ) ;
#1987 = DIRECTION ( 'NONE',  ( 0.1283090787574820146, 0.000000000000000000, -0.9917342286663328732 ) ) ;
#1988 = ORIENTED_EDGE ( 'NONE', *, *, #734, .F. ) ;
#1989 = DIRECTION ( 'NONE',  ( 0.000000000000000000, -0.9982525060048217380, 0.05909259052616638169 ) ) ;
#1990 = EDGE_CURVE ( 'NONE', #3043, #1008, #2646, .T. ) ;
#1991 = CARTESIAN_POINT ( 'NONE',  ( -22.55939776112511908, 81.73207676523215071, -7.247097428351088055 ) ) ;
#1992 = CARTESIAN_POINT ( 'NONE',  ( 32.50000000000000000, 59.00000000000001421, -20.73065363175990328 ) ) ;
#1993 = CARTESIAN_POINT ( 'NONE',  ( 12.79956241947783546, 282.4005045974593031, -0.4037174037156367468 ) ) ;
#1994 = CIRCLE ( 'NONE', #3246, 2.999999999999999556 ) ;
#1995 = EDGE_CURVE ( 'NONE', #143, #526, #1152, .T. ) ;
#1996 = CARTESIAN_POINT ( 'NONE',  ( 12.57672065836989894, 445.3330922309189077, 2.382979550099781019 ) ) ;
#1997 = AXIS2_PLACEMENT_3D ( 'NONE', #827, #1967, #3107 ) ;
#1998 = CARTESIAN_POINT ( 'NONE',  ( 22.62220403564427684, 81.72977251818680600, -7.047249333852642295 ) ) ;
#1999 = CARTESIAN_POINT ( 'NONE',  ( -23.50000000000000711, -62.77999999999998693, -7.688332605047083519E-15 ) ) ;
#2000 = FACE_OUTER_BOUND ( 'NONE', #2885, .T. ) ;
#2001 = CARTESIAN_POINT ( 'NONE',  ( -12.44825818180909849, 443.8953714918946503, -2.980342698969346227 ) ) ;
#2002 = VERTEX_POINT ( 'NONE', #1701 ) ;
#2003 = CARTESIAN_POINT ( 'NONE',  ( -13.61664007026186241, 84.72452572163550144, -18.03772196285256513 ) ) ;
#2004 = CARTESIAN_POINT ( 'NONE',  ( 13.61612351593188031, 84.72365968609386755, 18.03912757114577303 ) ) ;
#2005 = CARTESIAN_POINT ( 'NONE',  ( 0.000000000000000000, 143.5000000000000568, 0.000000000000000000 ) ) ;
#2006 = CARTESIAN_POINT ( 'NONE',  ( 17.67283729619766319, 81.68338401954395067, 16.58438563941076538 ) ) ;
#2007 = EDGE_CURVE ( 'NONE', #1661, #3162, #3423, .T. ) ;
#2008 =( BOUNDED_SURFACE ( )  B_SPLINE_SURFACE ( 3, 2, ( 
 ( #275, #293, #17 ),
 ( #1171, #2560, #3425 ),
 ( #3110, #1762, #551 ),
 ( #2538, #2302, #1130 ),
 ( #2042, #907, #348 ),
 ( #2283, #852, #3183 ),
 ( #2867, #1187, #871 ),
 ( #890, #589, #1746 ),
 ( #3688, #1482, #2611 ),
 ( #624, #1986, #3165 ),
 ( #610, #568, #2006 ),
 ( #1450, #3146, #2580 ),
 ( #70, #2027, #2319 ),
 ( #833, #2242, #2883 ),
 ( #2827, #3466, #319 ),
 ( #3389, #2844, #1970 ),
 ( #1151, #333, #1409 ),
 ( #37, #1467, #2596 ),
 ( #1685, #52, #2986 ),
 ( #3500, #433, #3552 ),
 ( #2391, #1497, #2071 ),
 ( #1235, #3234, #940 ),
 ( #639, #3217, #2350 ),
 ( #2918, #3268, #2092 ),
 ( #3520, #1831, #1814 ),
 ( #2696, #997, #2625 ),
 ( #2659, #3538, #660 ),
 ( #926, #676, #2969 ),
 ( #1796, #2936, #120 ),
 ( #2953, #365, #2109 ),
 ( #417, #382, #1518 ),
 ( #3253, #1256, #963 ),
 ( #2641, #84, #2679 ),
 ( #1218, #400, #101 ),
 ( #2367, #1534, #980 ),
 ( #696, #1551, #1849 ),
 ( #1567, #140, #1268 ),
 ( #2124, #2407, #712 ),
 ( #1203, #2335, #3484 ),
 ( #2056, #3197, #1779 ),
 ( #172, #1906, #1046 ),
 ( #2173, #743, #2455 ),
 ( #765, #3047, #1664 ),
 ( #3299, #1343, #487 ),
 ( #210, #447, #1087 ),
 ( #1626, #3570, #2757 ),
 ( #1302, #3606, #1586 ),
 ( #189, #3362, #1928 ),
 ( #466, #2475, #3627 ),
 ( #156, #3344, #1604 ),
 ( #2438, #231, #1320 ),
 ( #1945, #1066, #2736 ) ),
 .UNSPECIFIED., .F., .F., .F. ) 
 B_SPLINE_SURFACE_WITH_KNOTS ( ( 4, 2, 2, 2, 2, 2, 2, 2, 2, 2, 2, 2, 2, 2, 2, 2, 2, 2, 2, 2, 2, 2, 2, 2, 2, 4 ),
 ( 3, 3 ),
 ( 0.000000000000000000, 0.0003761606112650094243, 0.0007523212225300188486, 0.001504642445060037697, 0.003009284890120075395, 0.006018569780240150789, 0.007523212225300187836, 0.009027854670360225750, 0.01203713956048030158, 0.01504642445060037567, 0.01655106689566041359, 0.01805570934072045150, 0.02407427912096060316, 0.02557892156602063760, 0.02708356401108067552, 0.03009284890120075134, 0.03310213379132082717, 0.03460677623638086509, 0.03611141868144090300, 0.03912070357156097883, 0.04212998846168105466, 0.04513927335180113048, 0.04664391579686116840, 0.04739623701939119083, 0.04777239763065620204, 0.04814855824192120631 ),
 ( 0.000000000000000000, 1.000000000000000000 ),
 .UNSPECIFIED. ) 
 GEOMETRIC_REPRESENTATION_ITEM ( )  RATIONAL_B_SPLINE_SURFACE ( (
 ( 1.000000000000000000, 0.7527563931194951596, 1.000000000000000000),
 ( 1.000000000000000000, 0.7626827277358728674, 1.000000000000000000),
 ( 1.000000000000000000, 0.7693105458984572653, 1.000000000000000000),
 ( 1.000000000000000000, 0.7806931446718166079, 1.000000000000000000),
 ( 1.000000000000000000, 0.7853077211880972186, 1.000000000000000000),
 ( 1.000000000000000000, 0.7976361672214949960, 1.000000000000000000),
 ( 1.000000000000000000, 0.8038232089214577547, 1.000000000000000000),
 ( 1.000000000000000000, 0.8200079283947773190, 1.000000000000000000),
 ( 1.000000000000000000, 0.8275094974377803503, 1.000000000000000000),
 ( 1.000000000000000000, 0.8467219027616263993, 1.000000000000000000),
 ( 1.000000000000000000, 0.8548104825652604877, 1.000000000000000000),
 ( 1.000000000000000000, 0.8648820645784408567, 1.000000000000000000),
 ( 1.000000000000000000, 0.8678068999917686321, 1.000000000000000000),
 ( 1.000000000000000000, 0.8730644727829223184, 1.000000000000000000),
 ( 1.000000000000000000, 0.8753957326205589196, 1.000000000000000000),
 ( 1.000000000000000000, 0.8816616231576698270, 1.000000000000000000),
 ( 1.000000000000000000, 0.8849199903288755831, 1.000000000000000000),
 ( 1.000000000000000000, 0.8903636053239027959, 1.000000000000000000),
 ( 1.000000000000000000, 0.8925359431379299435, 1.000000000000000000),
 ( 1.000000000000000000, 0.8952282927424111136, 1.000000000000000000),
 ( 1.000000000000000000, 0.8960312847972751182, 1.000000000000000000),
 ( 1.000000000000000000, 0.8974582355586901983, 1.000000000000000000),
 ( 1.000000000000000000, 0.8980809520448600480, 1.000000000000000000),
 ( 1.000000000000000000, 0.9008014949960523321, 1.000000000000000000),
 ( 1.000000000000000000, 0.9017764914632261375, 1.000000000000000000),
 ( 1.000000000000000000, 0.9017811271060638401, 1.000000000000000000),
 ( 1.000000000000000000, 0.9017173778595877209, 1.000000000000000000),
 ( 1.000000000000000000, 0.9014607212658263258, 1.000000000000000000),
 ( 1.000000000000000000, 0.9012681228266303801, 1.000000000000000000),
 ( 1.000000000000000000, 0.9004929491908767458, 1.000000000000000000),
 ( 1.000000000000000000, 0.8997160629766501883, 1.000000000000000000),
 ( 1.000000000000000000, 0.8975514099443023808, 1.000000000000000000),
 ( 1.000000000000000000, 0.8961659169551140502, 1.000000000000000000),
 ( 1.000000000000000000, 0.8934702460655944423, 1.000000000000000000),
 ( 1.000000000000000000, 0.8924697469046647402, 1.000000000000000000),
 ( 1.000000000000000000, 0.8902486174946921960, 1.000000000000000000),
 ( 1.000000000000000000, 0.8890257057605293056, 1.000000000000000000),
 ( 1.000000000000000000, 0.8849469322331477983, 1.000000000000000000),
 ( 1.000000000000000000, 0.8817006288101111311, 1.000000000000000000),
 ( 1.000000000000000000, 0.8734352707371996205, 1.000000000000000000),
 ( 1.000000000000000000, 0.8684544296096121663, 1.000000000000000000),
 ( 1.000000000000000000, 0.8549618536786378620, 1.000000000000000000),
 ( 1.000000000000000000, 0.8468370479903829517, 1.000000000000000000),
 ( 1.000000000000000000, 0.8275671885913025161, 1.000000000000000000),
 ( 1.000000000000000000, 0.8200457687094745429, 1.000000000000000000),
 ( 1.000000000000000000, 0.8038341494749188243, 1.000000000000000000),
 ( 1.000000000000000000, 0.7976385190232510025, 1.000000000000000000),
 ( 1.000000000000000000, 0.7853008974449714463, 1.000000000000000000),
 ( 1.000000000000000000, 0.7806838446254568131, 1.000000000000000000),
 ( 1.000000000000000000, 0.7693000648808228092, 1.000000000000000000),
 ( 1.000000000000000000, 0.7626728765371070251, 1.000000000000000000),
 ( 1.000000000000000000, 0.7527563931194942715, 1.000000000000000000) ) ) 
 REPRESENTATION_ITEM ( '' )  SURFACE ( )  );
#2009 = DIRECTION ( 'NONE',  ( 0.000000000000000000, 0.000000000000000000, -1.000000000000000000 ) ) ;
#2010 = ORIENTED_EDGE ( 'NONE', *, *, #2486, .T. ) ;
#2011 = DIRECTION ( 'NONE',  ( 0.000000000000000000, -1.000000000000000000, -0.000000000000000000 ) ) ;
#2012 = EDGE_CURVE ( 'NONE', #3148, #143, #2154, .T. ) ;
#2013 = DIRECTION ( 'NONE',  ( -1.000000000000000000, -0.000000000000000000, -0.000000000000000000 ) ) ;
#2014 = VECTOR ( 'NONE', #1639, 1000.000000000000000 ) ;
#2015 = DIRECTION ( 'NONE',  ( 0.000000000000000000, 0.000000000000000000, -1.000000000000000000 ) ) ;
#2016 = CARTESIAN_POINT ( 'NONE',  ( -6.650952559517974372, 295.4298329686313309, -10.93738117413959721 ) ) ;
#2017 = CARTESIAN_POINT ( 'NONE',  ( 32.50000000000000000, 61.74831217120990345, -7.274168642871057244 ) ) ;
#2018 = DIRECTION ( 'NONE',  ( 0.000000000000000000, 0.000000000000000000, -1.000000000000000000 ) ) ;
#2019 = EDGE_CURVE ( 'NONE', #1536, #3624, #2711, .T. ) ;
#2020 = LINE ( 'NONE', #2312, #1414 ) ;
#2021 = FACE_OUTER_BOUND ( 'NONE', #1699, .T. ) ;
#2022 = ORIENTED_EDGE ( 'NONE', *, *, #1129, .F. ) ;
#2023 = FACE_OUTER_BOUND ( 'NONE', #1972, .T. ) ;
#2024 = CARTESIAN_POINT ( 'NONE',  ( 20.88165658374848377, 84.06753570185591684, -8.655341502043054192 ) ) ;
#2025 = DIRECTION ( 'NONE',  ( 0.000000000000000000, 1.000000000000000000, -0.000000000000000000 ) ) ;
#2026 = VECTOR ( 'NONE', #3270, 1000.000000000000000 ) ;
#2027 = CARTESIAN_POINT ( 'NONE',  ( 17.68244716026639551, 82.53679320874543635, 14.08193831509365701 ) ) ;
#2028 = CARTESIAN_POINT ( 'NONE',  ( -12.71269925502696907, 282.5007666508266766, -1.542475560867529794 ) ) ;
#2029 = ORIENTED_EDGE ( 'NONE', *, *, #2526, .F. ) ;
#2030 = PLANE ( 'NONE',  #796 ) ;
#2031 = CARTESIAN_POINT ( 'NONE',  ( 0.000000000000000000, 85.50000000000001421, 0.000000000000000000 ) ) ;
#2032 = DIRECTION ( 'NONE',  ( -0.000000000000000000, 1.000000000000000000, -0.000000000000000000 ) ) ;
#2033 = AXIS2_PLACEMENT_3D ( 'NONE', #3254, #2287, #3187 ) ;
#2034 = CARTESIAN_POINT ( 'NONE',  ( 12.51306863534650127, 444.8301249156660333, -2.696108870961721138 ) ) ;
#2035 = CARTESIAN_POINT ( 'NONE',  ( 32.50000000000000000, 74.63735009234075335, 0.8811750542746200621 ) ) ;
#2036 = ADVANCED_FACE ( 'NONE', ( #415 ), #1810, .T. ) ;
#2037 = DIRECTION ( 'NONE',  ( 0.000000000000000000, -0.000000000000000000, 1.000000000000000000 ) ) ;
#2038 = ORIENTED_EDGE ( 'NONE', *, *, #3182, .F. ) ;
#2039 = FACE_BOUND ( 'NONE', #1851, .T. ) ;
#2040 = CARTESIAN_POINT ( 'NONE',  ( 20.88192165767507547, 84.06736481235722636, 8.689095664128938523 ) ) ;
#2041 = CARTESIAN_POINT ( 'NONE',  ( 0.000000000000000000, 93.50000000000001421, 0.000000000000000000 ) ) ;
#2042 = CARTESIAN_POINT ( 'NONE',  ( 13.70498527734017102, 84.70701348571903111, 17.97068914161023656 ) ) ;
#2043 = CARTESIAN_POINT ( 'NONE',  ( -12.66023203913941941, 282.5613935311151295, -1.924929005053417130 ) ) ;
#2044 = ORIENTED_EDGE ( 'NONE', *, *, #1579, .T. ) ;
#2045 = CARTESIAN_POINT ( 'NONE',  ( -20.17700854842526681, 81.65699030566015892, 12.94407942817556645 ) ) ;
#2046 = CARTESIAN_POINT ( 'NONE',  ( 32.50000000000000000, 63.14792151196342473, 2.247515446314644727 ) ) ;
#2047 = DIRECTION ( 'NONE',  ( -1.000000000000000000, 0.000000000000000000, 0.000000000000000000 ) ) ;
#2048 = DIRECTION ( 'NONE',  ( 0.000000000000000000, 0.000000000000000000, 1.000000000000000000 ) ) ;
#2049 = FACE_OUTER_BOUND ( 'NONE', #468, .T. ) ;
#2050 = CARTESIAN_POINT ( 'NONE',  ( 22.32400226369676588, 81.74076935737816996, -7.932619630502848018 ) ) ;
#2051 =( LENGTH_UNIT ( ) NAMED_UNIT ( * ) SI_UNIT ( .MILLI., .METRE. ) );
#2052 = VERTEX_POINT ( 'NONE', #2951 ) ;
#2053 = LINE ( 'NONE', #1184, #567 ) ;
#2054 = CARTESIAN_POINT ( 'NONE',  ( 19.71812988722336968, 84.12720620034355079, 11.07881756433668308 ) ) ;
#2055 = CARTESIAN_POINT ( 'NONE',  ( -12.64604728676424905, 441.2414352931858161, -1.984220401984240212 ) ) ;
#2056 = CARTESIAN_POINT ( 'NONE',  ( 18.29312634481713573, 84.21311334003682703, -13.30060068207220958 ) ) ;
#2057 = CARTESIAN_POINT ( 'NONE',  ( -8.472011715211827720, 287.9045529168877806, -9.610370707292982928 ) ) ;
#2058 = VERTEX_POINT ( 'NONE', #694 ) ;
#2059 = CARTESIAN_POINT ( 'NONE',  ( -14.87730593111983701, 81.80600090473461705, -19.91457081876890811 ) ) ;
#2060 = ADVANCED_FACE ( 'NONE', ( #2984, #1266 ), #398, .F. ) ;
#2061 = CARTESIAN_POINT ( 'NONE',  ( -15.01998668441478380, 84.80716490278189212, -20.73065363175996367 ) ) ;
#2062 = CARTESIAN_POINT ( 'NONE',  ( -6.899370661904292490, 296.1625253930288295, 10.78239021206131554 ) ) ;
#2063 = CARTESIAN_POINT ( 'NONE',  ( 13.81244543979495987, 82.18579008307145273, -19.16615617954069606 ) ) ;
#2064 = FILL_AREA_STYLE_COLOUR ( '', #2263 ) ;
#2065 = EDGE_LOOP ( 'NONE', ( #3235, #153, #1043, #517, #343, #3263, #1214, #2330, #3066, #1410, #2433, #258 ) ) ;
#2066 = CARTESIAN_POINT ( 'NONE',  ( -15.96490769096499385, 84.39712905278453547, -16.02070380064975197 ) ) ;
#2067 = VERTEX_POINT ( 'NONE', #1564 ) ;
#2068 = CARTESIAN_POINT ( 'NONE',  ( -32.50000000000000000, 59.00000000000001421, -27.59999999999998721 ) ) ;
#2069 = CARTESIAN_POINT ( 'NONE',  ( 12.78300253336518111, 304.5804136063969736, -0.7660283523580252441 ) ) ;
#2070 = AXIS2_PLACEMENT_3D ( 'NONE', #2269, #2873, #2015 ) ;
#2071 = CARTESIAN_POINT ( 'NONE',  ( 22.60842076545433343, 81.65219865556686329, 7.396236979495032671 ) ) ;
#2072 = VERTEX_POINT ( 'NONE', #2694 ) ;
#2073 = AXIS2_PLACEMENT_3D ( 'NONE', #1854, #2991, #439 ) ;
#2074 = CARTESIAN_POINT ( 'NONE',  ( -11.85842238013734118, 283.5000746479187796, 4.831967702535245657 ) ) ;
#2075 = ORIENTED_EDGE ( 'NONE', *, *, #181, .T. ) ;
#2076 = CARTESIAN_POINT ( 'NONE',  ( -15.81460146266856448, 81.74102258257599374, 18.78826205215500877 ) ) ;
#2077 = ADVANCED_FACE ( 'NONE', ( #2420 ), #3498, .F. ) ;
#2078 = DIRECTION ( 'NONE',  ( -0.000000000000000000, -1.000000000000000000, -0.000000000000000000 ) ) ;
#2079 = AXIS2_PLACEMENT_3D ( 'NONE', #978, #3282, #2656 ) ;
#2080 = FACE_OUTER_BOUND ( 'NONE', #2621, .T. ) ;
#2081 = CIRCLE ( 'NONE', #2729, 12.80000000000000071 ) ;
#2082 = EDGE_CURVE ( 'NONE', #1705, #1350, #3001, .T. ) ;
#2083 = DIRECTION ( 'NONE',  ( 0.000000000000000000, 1.000000000000000000, 0.000000000000000000 ) ) ;
#2084 = VECTOR ( 'NONE', #2697, 1000.000000000000000 ) ;
#2085 = CARTESIAN_POINT ( 'NONE',  ( -20.52428710473288831, 84.08514574907322014, 9.471650175185429177 ) ) ;
#2086 = UNCERTAINTY_MEASURE_WITH_UNIT (LENGTH_MEASURE( 1.000000000000000082E-05 ), #520, 'distance_accuracy_value', 'NONE');
#2087 = EDGE_LOOP ( 'NONE', ( #1774, #3478, #19, #1882 ) ) ;
#2088 = CARTESIAN_POINT ( 'NONE',  ( -22.98750842499330460, 81.65236472323330474, -6.030437335850830749 ) ) ;
#2089 = ORIENTED_EDGE ( 'NONE', *, *, #3556, .T. ) ;
#2090 = CARTESIAN_POINT ( 'NONE',  ( 15.49316578524176791, 81.75728919096980007, 19.15821867064412842 ) ) ;
#2091 = LINE ( 'NONE', #3002, #3289 ) ;
#2092 = CARTESIAN_POINT ( 'NONE',  ( 23.50927186337958119, 81.65278926182691066, 3.743426441327639687 ) ) ;
#2093 = ORIENTED_EDGE ( 'NONE', *, *, #2282, .T. ) ;
#2094 = DIRECTION ( 'NONE',  ( 0.000000000000000000, -0.000000000000000000, 1.000000000000000000 ) ) ;
#2095 = EDGE_LOOP ( 'NONE', ( #2121, #3089, #2497, #2574 ) ) ;
#2096 = CARTESIAN_POINT ( 'NONE',  ( 7.023961515934663780, 290.4697563251840506, -10.70466590848106136 ) ) ;
#2097 = FACE_BOUND ( 'NONE', #1599, .T. ) ;
#2098 = CARTESIAN_POINT ( 'NONE',  ( 6.123233995736768255E-16, 82.50000000000001421, -22.59999999999998366 ) ) ;
#2099 = EDGE_CURVE ( 'NONE', #136, #3229, #2934, .T. ) ;
#2100 = CARTESIAN_POINT ( 'NONE',  ( -8.085727234234576954, 298.4802089304909600, 9.925931561617900911 ) ) ;
#2101 = EDGE_CURVE ( 'NONE', #804, #2277, #1085, .T. ) ;
#2102 = CARTESIAN_POINT ( 'NONE',  ( -20.33419735105012549, 84.09477258874778727, 9.873031016024256701 ) ) ;
#2103 = EDGE_LOOP ( 'NONE', ( #489, #228, #193, #605 ) ) ;
#2104 = CARTESIAN_POINT ( 'NONE',  ( -20.87500500947489002, 82.55155855852467539, -8.706260570634663409 ) ) ;
#2105 = EDGE_LOOP ( 'NONE', ( #482, #2950, #271, #3554 ) ) ;
#2106 = CARTESIAN_POINT ( 'NONE',  ( 21.50049024273980791, 81.65283559469466468, -10.37410583503619677 ) ) ;
#2107 = CARTESIAN_POINT ( 'NONE',  ( 8.463184654744678070, 299.0821417902553208, 9.618126307498489069 ) ) ;
#2108 = CIRCLE ( 'NONE', #503, 22.60000000000000142 ) ;
#2109 = CARTESIAN_POINT ( 'NONE',  ( 23.45765157640147081, 81.65282241532460716, -3.734756230429326251 ) ) ;
#2110 = CARTESIAN_POINT ( 'NONE',  ( 32.50000000000002132, 60.23294182212373471, 12.00511015546317850 ) ) ;
#2111 = ORIENTED_EDGE ( 'NONE', *, *, #3153, .T. ) ;
#2112 = EDGE_LOOP ( 'NONE', ( #397, #1529, #790, #1836 ) ) ;
#2113 = ADVANCED_FACE ( 'NONE', ( #3297 ), #1767, .T. ) ;
#2114 = DIRECTION ( 'NONE',  ( 0.000000000000000000, 0.000000000000000000, 1.000000000000000000 ) ) ;
#2115 = CARTESIAN_POINT ( 'NONE',  ( -4.750000000000000000, 107.7000000000000171, -41.43781760380762336 ) ) ;
#2116 = EDGE_CURVE ( 'NONE', #3179, #2492, #3521, .T. ) ;
#2117 = FACE_OUTER_BOUND ( 'NONE', #2576, .T. ) ;
#2118 = ORIENTED_EDGE ( 'NONE', *, *, #3605, .T. ) ;
#2119 = CARTESIAN_POINT ( 'NONE',  ( -22.49490919431151781, 83.99593687209734583, 2.221707762029611732 ) ) ;
#2120 = EDGE_CURVE ( 'NONE', #2817, #2769, #1070, .T. ) ;
#2121 = ORIENTED_EDGE ( 'NONE', *, *, #2146, .F. ) ;
#2122 = CARTESIAN_POINT ( 'NONE',  ( 23.49331113267302484, 81.65275192240700619, -3.878941992704750596 ) ) ;
#2123 = CARTESIAN_POINT ( 'NONE',  ( 11.25934096102093385, 302.7820492137704491, 6.097433337216042304 ) ) ;
#2124 = CARTESIAN_POINT ( 'NONE',  ( 19.72566309996233969, 84.12679177551274279, -11.06542675051203162 ) ) ;
#2125 = CARTESIAN_POINT ( 'NONE',  ( 26.00000000000000000, 49.22000000000001307, -4.749999999999999112 ) ) ;
#2126 = ORIENTED_EDGE ( 'NONE', *, *, #828, .T. ) ;
#2127 = CARTESIAN_POINT ( 'NONE',  ( 32.50000000000000000, 59.00000000000003553, -26.20889317180615663 ) ) ;
#2128 = CARTESIAN_POINT ( 'NONE',  ( -8.500000000000063949, 73.50000000000002842, 27.06723568281940118 ) ) ;
#2129 = LINE ( 'NONE', #2115, #3244 ) ;
#2130 = FACE_OUTER_BOUND ( 'NONE', #1776, .T. ) ;
#2131 = CARTESIAN_POINT ( 'NONE',  ( -12.47534321208200048, 82.28845541040017508, -20.01074211974725614 ) ) ;
#2132 = ORIENTED_EDGE ( 'NONE', *, *, #3459, .F. ) ;
#2133 = CARTESIAN_POINT ( 'NONE',  ( -20.51519071769066116, 82.55081789412761850, -9.522396437819498516 ) ) ;
#2134 = EDGE_LOOP ( 'NONE', ( #2738, #226, #2823, #586 ) ) ;
#2135 = DIRECTION ( 'NONE',  ( 0.000000000000000000, -0.000000000000000000, 1.000000000000000000 ) ) ;
#2136 = CARTESIAN_POINT ( 'NONE',  ( -7.945312499999999112, 85.50000000000001421, 21.15731573894344208 ) ) ;
#2137 = EDGE_CURVE ( 'NONE', #552, #3314, #1931, .T. ) ;
#2138 = CARTESIAN_POINT ( 'NONE',  ( 1.714505518806294244E-15, 93.50000000000001421, -14.00000000000000000 ) ) ;
#2139 = CARTESIAN_POINT ( 'NONE',  ( -32.50000000000000000, 63.14792151196341052, -2.247515446314648724 ) ) ;
#2140 = ORIENTED_EDGE ( 'NONE', *, *, #2378, .F. ) ;
#2141 = SURFACE_STYLE_USAGE ( .BOTH. , #2663 ) ;
#2142 = FACE_BOUND ( 'NONE', #1076, .T. ) ;
#2143 = CARTESIAN_POINT ( 'NONE',  ( 17.28679656440354506, 73.50000000000001421, -27.06723568281937631 ) ) ;
#2144 = CYLINDRICAL_SURFACE ( 'NONE', #106, 3.000000000000000888 ) ;
#2145 = CARTESIAN_POINT ( 'NONE',  ( -13.77879906672572119, 82.18824760315345657, -19.18908773085536623 ) ) ;
#2146 = EDGE_CURVE ( 'NONE', #3501, #1272, #832, .T. ) ;
#2147 = EDGE_LOOP ( 'NONE', ( #1016, #2517, #3535, #442, #1054 ) ) ;
#2148 = CARTESIAN_POINT ( 'NONE',  ( -20.38369931047450123, 81.65605736601818876, 12.58295783814997648 ) ) ;
#2149 = VERTEX_POINT ( 'NONE', #3347 ) ;
#2150 = CARTESIAN_POINT ( 'NONE',  ( 32.50000000000000000, 59.63193391900082219, 14.58531122958376436 ) ) ;
#2151 = CARTESIAN_POINT ( 'NONE',  ( 6.374166612193322479, 293.5000000000000000, -11.09999999999999787 ) ) ;
#2152 = ADVANCED_FACE ( 'NONE', ( #1668, #768 ), #2157, .T. ) ;
#2153 = DIRECTION ( 'NONE',  ( 0.000000000000000000, 0.000000000000000000, -1.000000000000000000 ) ) ;
#2154 = B_SPLINE_CURVE_WITH_KNOTS ( 'NONE', 3,
 ( #2896, #1480, #2609, #68, #2333, #922, #1984, #2677, #445, #3550, #118, #959, #3517, #2106, #2388, #2405, #3568, #2122, #1549, #379, #3214, #937, #3536, #169, #1515, #98, #1253, #1846, #1281, #2639, #3251, #1232, #1861, #1583, #658, #725, #2364, #3266, #2090, #709, #3232, #674, #1530, #137 ),
 .UNSPECIFIED., .F., .F.,
 ( 4, 2, 2, 2, 2, 2, 2, 2, 2, 2, 2, 2, 2, 2, 2, 2, 2, 2, 2, 2, 2, 4 ),
 ( 2.221529986854170961E-17, 0.0007327561780064816141, 0.001465512356012940894, 0.002931024712025862271, 0.005862049424051708063, 0.008793074136077560360, 0.01172409884810341613, 0.01465512356012926842, 0.01758614827215511725, 0.02344819769620681837, 0.02491371005221974105, 0.02637922240823266373, 0.02931024712025851256, 0.03224127183228436139, 0.03370678418829728407, 0.03517229654431020675, 0.03810332125633605904, 0.04103434596836190440, 0.04396537068038775670, 0.04543088303640067244, 0.04616363921440712337, 0.04689639539241358124 ),
 .UNSPECIFIED. ) ;
#2155 = CARTESIAN_POINT ( 'NONE',  ( -32.50000000000000711, 61.32762188612997534, 8.531271849462372714 ) ) ;
#2156 = ORIENTED_EDGE ( 'NONE', *, *, #1720, .F. ) ;
#2157 = PLANE ( 'NONE',  #2768 ) ;
#2158 = LINE ( 'NONE', #3303, #816 ) ;
#2159 = CARTESIAN_POINT ( 'NONE',  ( 32.50000000000000000, -62.77999999999998693, -10.00000000000000888 ) ) ;
#2160 = CIRCLE ( 'NONE', #298, 14.00000000000000000 ) ;
#2161 = CARTESIAN_POINT ( 'NONE',  ( -23.67423996244287565, 81.69253215006004609, 1.018883178361170705 ) ) ;
#2162 = VECTOR ( 'NONE', #2219, 1000.000000000000000 ) ;
#2163 = DIRECTION ( 'NONE',  ( 0.5867182298599550316, 0.000000000000000000, -0.8097911574906218046 ) ) ;
#2164 = ADVANCED_FACE ( 'NONE', ( #3321 ), #2948, .T. ) ;
#2165 = CARTESIAN_POINT ( 'NONE',  ( -14.50000000000000000, 293.5000000000000568, 0.000000000000000000 ) ) ;
#2166 = CARTESIAN_POINT ( 'NONE',  ( -32.50000000000000000, 59.00000000000001421, 20.73065363175996723 ) ) ;
#2167 = CARTESIAN_POINT ( 'NONE',  ( -32.50000000000000000, 61.71825858050301150, -7.363890178749966431 ) ) ;
#2168 = VERTEX_POINT ( 'NONE', #3090 ) ;
#2169 = CARTESIAN_POINT ( 'NONE',  ( -17.68383967515958943, 81.68316456231012523, 16.57091994458670214 ) ) ;
#2170 = ORIENTED_EDGE ( 'NONE', *, *, #1576, .T. ) ;
#2171 = CARTESIAN_POINT ( 'NONE',  ( 11.08741933420210479, 82.40710747878087261, 20.73065363176002762 ) ) ;
#2172 = CARTESIAN_POINT ( 'NONE',  ( 6.411557283282586894, 294.2890397318069517, -11.07874289849076810 ) ) ;
#2173 = CARTESIAN_POINT ( 'NONE',  ( 16.59017882561813906, 84.34174222853215497, -15.37299246917390860 ) ) ;
#2174 = CARTESIAN_POINT ( 'NONE',  ( -32.50000000000001421, 59.00000000000004263, 19.83274762142504244 ) ) ;
#2175 = AXIS2_PLACEMENT_3D ( 'NONE', #3407, #1724, #2262 ) ;
#2176 = ORIENTED_EDGE ( 'NONE', *, *, #393, .F. ) ;
#2177 = CARTESIAN_POINT ( 'NONE',  ( -32.50000000000000000, 82.50000000000001421, 27.60000000000001918 ) ) ;
#2178 = CARTESIAN_POINT ( 'NONE',  ( -12.44550007833105632, 85.02233812210936037, -18.89128830663583614 ) ) ;
#2179 = CARTESIAN_POINT ( 'NONE',  ( -5.000632663507513342, 83.90274728353453781, -22.50316914483129338 ) ) ;
#2180 = CARTESIAN_POINT ( 'NONE',  ( -19.46490578375663816, 81.85918370845271852, 13.49624841352768279 ) ) ;
#2181 = EDGE_LOOP ( 'NONE', ( #3279, #2111, #657, #642 ) ) ;
#2182 = CARTESIAN_POINT ( 'NONE',  ( 32.49999999999998579, 72.76598128423229639, 27.02378468505231623 ) ) ;
#2183 = AXIS2_PLACEMENT_3D ( 'NONE', #3674, #540, #1638 ) ;
#2184 = EDGE_CURVE ( 'NONE', #2285, #2522, #3248, .T. ) ;
#2185 = CARTESIAN_POINT ( 'NONE',  ( -12.90277423813884639, 82.25425306879095899, 19.75899238422814008 ) ) ;
#2186 = CIRCLE ( 'NONE', #594, 19.60000000000003340 ) ;
#2187 = CARTESIAN_POINT ( 'NONE',  ( 6.550984290665463838, 291.9411764009309422, 10.99687131885925240 ) ) ;
#2188 = CIRCLE ( 'NONE', #1848, 10.00000000000000178 ) ;
#2189 = DIRECTION ( 'NONE',  ( 0.000000000000000000, 0.000000000000000000, -1.000000000000000000 ) ) ;
#2190 = ORIENTED_EDGE ( 'NONE', *, *, #334, .F. ) ;
#2191 = CARTESIAN_POINT ( 'NONE',  ( -21.76889832463757202, 84.02664077280738297, 6.136692076600253287 ) ) ;
#2192 = VERTEX_POINT ( 'NONE', #252 ) ;
#2193 = CARTESIAN_POINT ( 'NONE',  ( 32.50000000000000000, 59.32455630853624484, 16.32142386146660229 ) ) ;
#2194 = CARTESIAN_POINT ( 'NONE',  ( 9.653183322497431718, 300.7560929391896707, -8.427758774130934327 ) ) ;
#2195 = TOROIDAL_SURFACE ( 'NONE', #653, 10.09999999999999787, 1.000000000000000000 ) ;
#2196 = DIRECTION ( 'NONE',  ( 1.000000000000000000, 0.000000000000000000, 0.000000000000000000 ) ) ;
#2197 = CARTESIAN_POINT ( 'NONE',  ( -32.50000000000000000, 63.21627237075021100, -1.806526248293474746 ) ) ;
#2198 = ORIENTED_EDGE ( 'NONE', *, *, #3414, .F. ) ;
#2199 = CARTESIAN_POINT ( 'NONE',  ( -13.50000000000000178, 293.5000000000000568, 0.000000000000000000 ) ) ;
#2200 = LINE ( 'NONE', #3348, #2668 ) ;
#2201 = CARTESIAN_POINT ( 'NONE',  ( 12.66924540327475235, 441.1164431612907038, 1.832360333800252983 ) ) ;
#2202 = CIRCLE ( 'NONE', #2033, 11.09999999999999787 ) ;
#2203 = B_SPLINE_CURVE_WITH_KNOTS ( 'NONE', 3,
 ( #3238, #404, #1539, #968, #680, #2096, #2664, #128, #2373, #1818, #3524, #2957, #3354, #3115, #3640, #818, #800, #1377, #3413, #2226, #1938, #2567, #2814, #3657, #1993, #1, #1959, #3333, #521, #2772, #1140, #1674, #779, #3133, #1658, #1437, #1395, #261, #221, #1097, #576, #3099, #1709, #2794, #3079, #2850, #23, #301, #3394, #241, #2187, #858, #2508, #839, #2488, #3374 ),
 .UNSPECIFIED., .F., .F.,
 ( 4, 2, 2, 2, 2, 2, 2, 2, 2, 2, 2, 2, 2, 2, 2, 2, 2, 2, 2, 2, 2, 2, 2, 2, 2, 2, 2, 4 ),
 ( 5.642519773394816582E-17, 0.001172094199124036965, 0.002344188398248017551, 0.004688376796495976988, 0.005860470995620026095, 0.007032565194744075203, 0.009376753592992059794, 0.01054884779211610196, 0.01172094199124014413, 0.01406513038948831520, 0.01640931878773648628, 0.01758141298686057355, 0.01875350718598466082, 0.01992560138510874809, 0.02109769558423283536, 0.02226978978335692611, 0.02344188398248101338, 0.02578607238072925384, 0.02695816657985336887, 0.02813026077897748736, 0.03047444917722583191, 0.03164654337634994347, 0.03281863757547404808, 0.03399073177459815964, 0.03516282597372227120, 0.03633492017284637582, 0.03692096727240843507, 0.03750701437197048738 ),
 .UNSPECIFIED. ) ;
#2204 = CARTESIAN_POINT ( 'NONE',  ( -32.50000000000000000, 63.33602735329402122, 0.4163104110762601007 ) ) ;
#2205 = ORIENTED_EDGE ( 'NONE', *, *, #2101, .F. ) ;
#2206 = CARTESIAN_POINT ( 'NONE',  ( -14.45216088332268001, 81.85908065854518156, 20.50989740143277018 ) ) ;
#2207 = SURFACE_SIDE_STYLE ('',( #1114 ) ) ;
#2208 = DIRECTION ( 'NONE',  ( 0.000000000000000000, 0.000000000000000000, -1.000000000000000000 ) ) ;
#2209 = CARTESIAN_POINT ( 'NONE',  ( -8.790769404981825019, 82.54294144419336021, 20.83981708282021117 ) ) ;
#2210 = ORIENTED_EDGE ( 'NONE', *, *, #2394, .F. ) ;
#2211 = CARTESIAN_POINT ( 'NONE',  ( -16.59017882561782642, 84.34174222853215497, 15.37299246917427809 ) ) ;
#2212 = VERTEX_POINT ( 'NONE', #2442 ) ;
#2213 = CARTESIAN_POINT ( 'NONE',  ( 32.49999999999430145, 78.05519630743378912, 17.91829382349682831 ) ) ;
#2214 = CARTESIAN_POINT ( 'NONE',  ( 9.592271757159208434, 107.7000000000000171, -1.152999793505574910 ) ) ;
#2215 = ADVANCED_FACE ( 'NONE', ( #791 ), #1029, .T. ) ;
#2216 = CARTESIAN_POINT ( 'NONE',  ( 26.00000000000000000, 49.22000000000001307, 0.000000000000000000 ) ) ;
#2217 = CARTESIAN_POINT ( 'NONE',  ( -12.53309020034597232, 445.0047874123808356, 2.602684777851051123 ) ) ;
#2218 = VERTEX_POINT ( 'NONE', #2238 ) ;
#2219 = DIRECTION ( 'NONE',  ( -1.000000000000000000, 0.000000000000000000, 0.000000000000000000 ) ) ;
#2220 = CARTESIAN_POINT ( 'NONE',  ( -12.44749568064238687, 85.02181081795423268, 18.88984243229554139 ) ) ;
#2221 = CARTESIAN_POINT ( 'NONE',  ( 12.77765711287935702, 440.5965669723759675, -0.7801777243700370734 ) ) ;
#2222 = CARTESIAN_POINT ( 'NONE',  ( -32.50000000000282085, 76.50034892667936504, 14.41957391271764166 ) ) ;
#2223 = ORIENTED_EDGE ( 'NONE', *, *, #961, .F. ) ;
#2224 = FACE_OUTER_BOUND ( 'NONE', #2622, .T. ) ;
#2225 = EDGE_CURVE ( 'NONE', #3179, #714, #1649, .T. ) ;
#2226 = CARTESIAN_POINT ( 'NONE',  ( 12.24212896428585751, 283.0469810082211097, -3.808315447434883705 ) ) ;
#2227 = ADVANCED_FACE ( 'NONE', ( #533 ), #3384, .F. ) ;
#2228 = CARTESIAN_POINT ( 'NONE',  ( -12.86548542198927514, 82.22920132796777182, 18.58699619981428697 ) ) ;
#2229 = CARTESIAN_POINT ( 'NONE',  ( 12.44347218424182344, 443.5000000000000568, -3.000000000000000888 ) ) ;
#2230 = ORIENTED_EDGE ( 'NONE', *, *, #3198, .F. ) ;
#2231 = CARTESIAN_POINT ( 'NONE',  ( 32.50000000000000000, 75.09882034478999913, 7.889321780212241286 ) ) ;
#2232 = CARTESIAN_POINT ( 'NONE',  ( 45.00000000000000000, -62.77999999999998693, -7.688332605047083519E-15 ) ) ;
#2233 = ADVANCED_FACE ( 'NONE', ( #549 ), #3479, .F. ) ;
#2234 = LINE ( 'NONE', #328, #1907 ) ;
#2235 = EDGE_CURVE ( 'NONE', #2817, #1546, #686, .T. ) ;
#2236 = CARTESIAN_POINT ( 'NONE',  ( -12.59952986209202130, 445.4816585444249881, -2.260915722484581281 ) ) ;
#2237 = VERTEX_POINT ( 'NONE', #315 ) ;
#2238 = CARTESIAN_POINT ( 'NONE',  ( 7.945312499999999112, 85.50000000000001421, -21.15731573894344208 ) ) ;
#2239 = CARTESIAN_POINT ( 'NONE',  ( -23.49999999999999289, -62.77999999999998693, -19.00000000000000711 ) ) ;
#2240 = CARTESIAN_POINT ( 'NONE',  ( 13.25983199483500030, 84.80716490278365427, -18.30128015928804430 ) ) ;
#2241 = PRESENTATION_LAYER_ASSIGNMENT (  '', '', ( #1283 ) ) ;
#2242 = CARTESIAN_POINT ( 'NONE',  ( 18.23100420885664263, 82.54108600540590146, 13.36400746594218170 ) ) ;
#2243 = ADVANCED_FACE ( 'NONE', ( #2023 ), #585, .T. ) ;
#2244 = ORIENTED_EDGE ( 'NONE', *, *, #3459, .T. ) ;
#2245 = CARTESIAN_POINT ( 'NONE',  ( 13.52048488750055633, 82.07641088874167679, 21.39897387036068110 ) ) ;
#2246 = VECTOR ( 'NONE', #1778, 1000.000000000000000 ) ;
#2247 = DIRECTION ( 'NONE',  ( -0.000000000000000000, -1.000000000000000000, -0.000000000000000000 ) ) ;
#2248 = DIRECTION ( 'NONE',  ( 1.000000000000000000, 0.000000000000000000, 0.000000000000000000 ) ) ;
#2249 = CARTESIAN_POINT ( 'NONE',  ( -9.963933929613505214, 82.50000000000001421, 23.55760644548507088 ) ) ;
#2250 = AXIS2_PLACEMENT_3D ( 'NONE', #948, #2924, #3225 ) ;
#2251 = CARTESIAN_POINT ( 'NONE',  ( 12.80001697003157446, 446.5000724054728494, 0.1968230888061670292 ) ) ;
#2252 = ORIENTED_EDGE ( 'NONE', *, *, #3414, .T. ) ;
#2253 = CARTESIAN_POINT ( 'NONE',  ( 23.32689123964799194, 81.70454876487714557, -4.164099924972232358 ) ) ;
#2254 = DIRECTION ( 'NONE',  ( 1.000000000000000000, -0.000000000000000000, -0.000000000000000000 ) ) ;
#2255 = DIRECTION ( 'NONE',  ( -0.000000000000000000, -1.000000000000000000, -0.000000000000000000 ) ) ;
#2256 = CARTESIAN_POINT ( 'NONE',  ( -23.49999999999998579, 67.28679656440358769, 26.69943867327830489 ) ) ;
#2257 = ORIENTED_EDGE ( 'NONE', *, *, #3605, .F. ) ;
#2258 = CARTESIAN_POINT ( 'NONE',  ( -13.70498527734009997, 84.70701348571903111, -17.97068914161028630 ) ) ;
#2259 = EDGE_CURVE ( 'NONE', #2452, #826, #870, .T. ) ;
#2260 = CARTESIAN_POINT ( 'NONE',  ( 32.50000000000000000, -62.77999999999998693, 19.00000000000000000 ) ) ;
#2261 = DIRECTION ( 'NONE',  ( -1.000000000000000000, 0.000000000000000000, -0.000000000000000000 ) ) ;
#2262 = DIRECTION ( 'NONE',  ( 0.000000000000000000, 0.000000000000000000, -1.000000000000000000 ) ) ;
#2263 = COLOUR_RGB ( '',0.7921568627450980005, 0.8196078431372548767, 0.9333333333333333481 ) ;
#2264 = CARTESIAN_POINT ( 'NONE',  ( 0.000000000000000000, 163.5000000000000284, 0.000000000000000000 ) ) ;
#2265 = ORIENTED_EDGE ( 'NONE', *, *, #2369, .T. ) ;
#2266 = CARTESIAN_POINT ( 'NONE',  ( 9.592271757159208434, 107.7000000000000171, -1.152999793505574910 ) ) ;
#2267 = CARTESIAN_POINT ( 'NONE',  ( -32.50000000000000000, 62.65408831002379486, -4.406136319297882409 ) ) ;
#2268 = CARTESIAN_POINT ( 'NONE',  ( 32.50000000000000711, 59.78643426713281173, 13.71396640663126654 ) ) ;
#2269 = CARTESIAN_POINT ( 'NONE',  ( -14.50000000000000000, 293.5000000000000568, 0.000000000000000000 ) ) ;
#2270 = LINE ( 'NONE', #757, #772 ) ;
#2271 = CARTESIAN_POINT ( 'NONE',  ( -13.00105126093268559, 82.27609808552170989, 18.49165021983059631 ) ) ;
#2272 = CARTESIAN_POINT ( 'NONE',  ( 32.50000000000000000, 63.33602735329402122, -0.4163104110762600452 ) ) ;
#2273 = CARTESIAN_POINT ( 'NONE',  ( 6.123233995736768255E-16, 94.50000000000001421, -22.59999999999998366 ) ) ;
#2274 = ADVANCED_FACE ( 'NONE', ( #33, #2039, #848 ), #50, .T. ) ;
#2275 = DIRECTION ( 'NONE',  ( -0.000000000000000000, 1.000000000000000000, -0.000000000000000000 ) ) ;
#2276 = DIRECTION ( 'NONE',  ( -1.000000000000000000, -0.000000000000000000, -0.000000000000000000 ) ) ;
#2277 = VERTEX_POINT ( 'NONE', #1983 ) ;
#2278 = CARTESIAN_POINT ( 'NONE',  ( -14.14197304819916923, 84.62915610713842796, -17.62990695651732054 ) ) ;
#2279 = ORIENTED_EDGE ( 'NONE', *, *, #1488, .F. ) ;
#2280 = CARTESIAN_POINT ( 'NONE',  ( 14.14065180469660099, 84.62935933038011171, -17.63098421314690256 ) ) ;
#2281 = LINE ( 'NONE', #1702, #2246 ) ;
#2282 = EDGE_CURVE ( 'NONE', #1452, #584, #2053, .T. ) ;
#2283 = CARTESIAN_POINT ( 'NONE',  ( 13.96844220707776429, 84.65772592785761219, 17.76771738331978767 ) ) ;
#2284 = CARTESIAN_POINT ( 'NONE',  ( -9.254672478253921142, 286.7781692793575417, -8.859189858815021523 ) ) ;
#2285 = VERTEX_POINT ( 'NONE', #1126 ) ;
#2286 = DIRECTION ( 'NONE',  ( 0.000000000000000000, 0.000000000000000000, 1.000000000000000000 ) ) ;
#2287 = DIRECTION ( 'NONE',  ( 1.000000000000000000, 0.000000000000000000, 0.000000000000000000 ) ) ;
#2288 = ADVANCED_FACE ( 'NONE', ( #1479 ), #2863, .T. ) ;
#2289 = CARTESIAN_POINT ( 'NONE',  ( 6.374166612193318038, 293.5000000000000568, 11.09999999999999787 ) ) ;
#2290 = B_SPLINE_CURVE_WITH_KNOTS ( 'NONE', 3,
 ( #2537, #3052, #2481, #514, #3349, #1652, #3632, #830, #3687, #1128, #793, #2179, #3028, #1886, #1933, #236, #3304, #748 ),
 .UNSPECIFIED., .F., .F.,
 ( 4, 2, 2, 2, 2, 2, 2, 2, 4 ),
 ( 0.0004274486755647896336, 0.001053090854922756302, 0.001678733034280722753, 0.002304375213638689204, 0.002930017392996656089, 0.003555659572354622107, 0.004181301751712588992, 0.004806943931070555009, 0.005432586110428521894 ),
 .UNSPECIFIED. ) ;
#2291 = CIRCLE ( 'NONE', #561, 5.000000000000000888 ) ;
#2292 = CIRCLE ( 'NONE', #3427, 1.000000000000000888 ) ;
#2293 = CARTESIAN_POINT ( 'NONE',  ( 12.71211026924184573, 446.1017423423354558, -1.506316898211372601 ) ) ;
#2294 = CARTESIAN_POINT ( 'NONE',  ( 32.50000000000000000, 63.33430108156134963, 0.4659419449858722695 ) ) ;
#2295 = DIRECTION ( 'NONE',  ( 0.000000000000000000, -1.000000000000000000, 0.000000000000000000 ) ) ;
#2296 = DIRECTION ( 'NONE',  ( 1.000000000000000000, 0.000000000000000000, 0.000000000000000000 ) ) ;
#2297 = DIRECTION ( 'NONE',  ( 1.000000000000000000, 0.000000000000000000, 0.000000000000000000 ) ) ;
#2298 = ORIENTED_EDGE ( 'NONE', *, *, #2184, .T. ) ;
#2299 = CARTESIAN_POINT ( 'NONE',  ( -13.43895189488291919, 84.76279674972266776, -18.17049455516435685 ) ) ;
#2300 = CARTESIAN_POINT ( 'NONE',  ( 21.04937575914090786, 84.05953307268893582, -8.239191682863692634 ) ) ;
#2301 = DIRECTION ( 'NONE',  ( 1.000000000000000000, 0.000000000000000000, 0.000000000000000000 ) ) ;
#2302 = CARTESIAN_POINT ( 'NONE',  ( 13.34393984792012589, 82.34726557703126559, 18.24372985907590916 ) ) ;
#2303 = CARTESIAN_POINT ( 'NONE',  ( -4.969314170668528874, 85.50000000000001421, -22.04690265486726020 ) ) ;
#2304 = ORIENTED_EDGE ( 'NONE', *, *, #1896, .F. ) ;
#2305 = CARTESIAN_POINT ( 'NONE',  ( -32.50000000000000000, -62.77999999999998693, -19.00000000000000000 ) ) ;
#2306 = DIRECTION ( 'NONE',  ( 0.000000000000000000, 0.000000000000000000, -1.000000000000000000 ) ) ;
#2307 = CARTESIAN_POINT ( 'NONE',  ( 23.49999999999999289, -62.77999999999998693, 19.00000000000000000 ) ) ;
#2308 = EDGE_CURVE ( 'NONE', #329, #3312, #1636, .T. ) ;
#2309 = SHAPE_DEFINITION_REPRESENTATION ( #2795, #381 ) ;
#2310 = CARTESIAN_POINT ( 'NONE',  ( -9.247572828703848558, 300.2119789840801900, -8.866440355903048243 ) ) ;
#2311 = CARTESIAN_POINT ( 'NONE',  ( 32.50000000000000000, 63.16231489012046296, -2.159489437453927962 ) ) ;
#2312 = CARTESIAN_POINT ( 'NONE',  ( -9.944700057472660504, 94.50000000000001421, -1.286630294700760846 ) ) ;
#2313 = ORIENTED_EDGE ( 'NONE', *, *, #2903, .T. ) ;
#2314 = CARTESIAN_POINT ( 'NONE',  ( -13.34959472667069491, 84.78344665878118747, -18.23624434030820041 ) ) ;
#2315 = ORIENTED_EDGE ( 'NONE', *, *, #1953, .F. ) ;
#2316 = CARTESIAN_POINT ( 'NONE',  ( 13.43782568838468450, 84.76013312717658721, -18.17231833519339546 ) ) ;
#2317 = PLANE ( 'NONE',  #1710 ) ;
#2318 = MECHANICAL_DESIGN_GEOMETRIC_PRESENTATION_REPRESENTATION (  '', ( #2923 ), #129 ) ;
#2319 = CARTESIAN_POINT ( 'NONE',  ( 18.82420106699558815, 81.66778934339436091, 15.02703053545802803 ) ) ;
#2320 = CARTESIAN_POINT ( 'NONE',  ( -10.77079438685647084, 284.8146953456164852, -6.948244395711180132 ) ) ;
#2321 = ORIENTED_EDGE ( 'NONE', *, *, #354, .F. ) ;
#2322 = FACE_OUTER_BOUND ( 'NONE', #78, .T. ) ;
#2323 = CARTESIAN_POINT ( 'NONE',  ( -9.977445110680877249, 82.50000000000001421, -23.55188478991911438 ) ) ;
#2324 = CARTESIAN_POINT ( 'NONE',  ( 0.000000000000000000, 93.50000000000001421, 0.000000000000000000 ) ) ;
#2325 = AXIS2_PLACEMENT_3D ( 'NONE', #3571, #1013, #2971 ) ;
#2326 = APPLICATION_PROTOCOL_DEFINITION ( 'draft international standard', 'automotive_design', 1998, #1756 ) ;
#2327 = DIRECTION ( 'NONE',  ( 0.000000000000000000, 0.000000000000000000, 1.000000000000000000 ) ) ;
#2328 = CARTESIAN_POINT ( 'NONE',  ( 32.49999999999710809, 76.21743215900760049, -13.52915016621040145 ) ) ;
#2329 = CARTESIAN_POINT ( 'NONE',  ( -14.14065180469660454, 84.62935933038011171, 17.63098421314690256 ) ) ;
#2330 = ORIENTED_EDGE ( 'NONE', *, *, #1735, .T. ) ;
#2331 = CARTESIAN_POINT ( 'NONE',  ( -13.44988752453256353, 82.36362742713625096, -18.16533710498701026 ) ) ;
#2332 = ADVANCED_FACE ( 'NONE', ( #1148 ), #3436, .F. ) ;
#2333 = CARTESIAN_POINT ( 'NONE',  ( 15.02977555046263447, 81.79239478376383943, -19.72310061126676217 ) ) ;
#2334 = CARTESIAN_POINT ( 'NONE',  ( -12.71211026924184573, 440.8982576576646011, -1.506316898211372601 ) ) ;
#2335 = CARTESIAN_POINT ( 'NONE',  ( 19.25341632924529378, 82.54685420319172806, -11.86834826137293675 ) ) ;
#2336 = CARTESIAN_POINT ( 'NONE',  ( -9.832840688397768147, 286.0114113413652035, 8.200444910220172190 ) ) ;
#2337 = ORIENTED_EDGE ( 'NONE', *, *, #3638, .T. ) ;
#2338 = CARTESIAN_POINT ( 'NONE',  ( -23.44008858825280228, 81.65279966873950457, -3.859182256423596691 ) ) ;
#2339 = DIRECTION ( 'NONE',  ( 0.000000000000000000, 1.000000000000000000, -0.000000000000000000 ) ) ;
#2340 =( NAMED_UNIT ( * ) PLANE_ANGLE_UNIT ( ) SI_UNIT ( $, .RADIAN. ) );
#2341 = CARTESIAN_POINT ( 'NONE',  ( -9.648350420176909026, 300.7496314785093432, 8.433103326252798126 ) ) ;
#2342 = CARTESIAN_POINT ( 'NONE',  ( 12.48923501929909996, 82.28731964562742007, -20.00285581161022108 ) ) ;
#2343 = CARTESIAN_POINT ( 'NONE',  ( -21.04937575914090786, 84.05953307268892161, 8.239191682863689081 ) ) ;
#2344 = ORIENTED_EDGE ( 'NONE', *, *, #80, .T. ) ;
#2345 = CARTESIAN_POINT ( 'NONE',  ( -19.27240935500574892, 84.15205916843690659, -11.83769431629831459 ) ) ;
#2346 = ORIENTED_EDGE ( 'NONE', *, *, #240, .T. ) ;
#2347 = DIRECTION ( 'NONE',  ( -0.000000000000000000, 1.000000000000000000, 0.000000000000000000 ) ) ;
#2348 = CARTESIAN_POINT ( 'NONE',  ( 9.832840688397777029, 300.9885886586349102, 8.200444910220172190 ) ) ;
#2349 = EDGE_CURVE ( 'NONE', #32, #1221, #3502, .T. ) ;
#2350 = CARTESIAN_POINT ( 'NONE',  ( 22.98750842499495661, 81.65236472323198313, 6.030437335851211778 ) ) ;
#2351 = ORIENTED_EDGE ( 'NONE', *, *, #3680, .T. ) ;
#2352 = CARTESIAN_POINT ( 'NONE',  ( -11.71961036614496443, 283.6649070632814755, 5.158822061750146126 ) ) ;
#2353 = ORIENTED_EDGE ( 'NONE', *, *, #2782, .F. ) ;
#2354 = DIRECTION ( 'NONE',  ( 0.000000000000000000, 0.9982525060048217380, -0.05909259052616638169 ) ) ;
#2355 = EDGE_CURVE ( 'NONE', #85, #251, #2292, .T. ) ;
#2356 = CARTESIAN_POINT ( 'NONE',  ( -12.44749568064239575, 85.02181081795426110, -18.88984243229553073 ) ) ;
#2357 = DIRECTION ( 'NONE',  ( 0.000000000000000000, 1.000000000000000000, -0.000000000000000000 ) ) ;
#2358 = CIRCLE ( 'NONE', #3310, 11.09999999999999787 ) ;
#2359 = CARTESIAN_POINT ( 'NONE',  ( -6.374166612193316261, 293.5000000000000568, 11.09999999999999787 ) ) ;
#2360 = CARTESIAN_POINT ( 'NONE',  ( -21.49010425272626534, 84.03913316670836764, -7.009700742132198847 ) ) ;
#2361 = B_SPLINE_CURVE_WITH_KNOTS ( 'NONE', 3,
 ( #995, #1516, #3283, #1795, #2657, #2935, #1862, #675, #446, #1216, #2107, #380, #1584, #99, #2348, #1811, #2389, #2123, #3267, #1234, #3499, #432, #2712, #939, #1829, #3252, #2985, #2967, #2069, #710, #1847, #762, #2735, #2781, #2454, #230, #3361, #1645, #1318, #1363, #464, #2194, #486, #2494, #3662, #1944, #1624, #1878, #2514, #3086, #170, #3584, #3380, #2172, #2437, #2151 ),
 .UNSPECIFIED., .F., .F.,
 ( 4, 2, 2, 2, 2, 2, 2, 2, 2, 2, 2, 2, 2, 2, 2, 2, 2, 2, 2, 2, 2, 2, 2, 2, 2, 2, 2, 4 ),
 ( 0.03750701437197048738, 0.03867890978878726904, 0.03985080520560405071, 0.04102270062242083237, 0.04219459603923761404, 0.04453838687287117737, 0.04571028228968795903, 0.04688217770650474070, 0.04922596854013830403, 0.05039786395695509263, 0.05156975937377187430, 0.05274165479058865597, 0.05391355020740544457, 0.05625734104103900790, 0.05742923645785578957, 0.05860113187467257123, 0.05977302729148935290, 0.06094492270830613456, 0.06211681812512291623, 0.06328871354193969789, 0.06563250437557326122, 0.06797629520920683843, 0.07032008604284040176, 0.07149198145965711404, 0.07266387687647382632, 0.07324982458488210613, 0.07383577229329038594, 0.07500766771010679290 ),
 .UNSPECIFIED. ) ;
#2362 = CARTESIAN_POINT ( 'NONE',  ( -21.48688816184619554, 82.55260065119963997, -7.019689727638175114 ) ) ;
#2363 = ORIENTED_EDGE ( 'NONE', *, *, #3291, .T. ) ;
#2364 = CARTESIAN_POINT ( 'NONE',  ( 16.76810685694048431, 81.70200704160467353, 17.67764835400745937 ) ) ;
#2365 = CARTESIAN_POINT ( 'NONE',  ( 7.945312499999999112, 85.50000000000001421, 21.15731573894344208 ) ) ;
#2366 = CIRCLE ( 'NONE', #459, 4.749999999999999112 ) ;
#2367 = CARTESIAN_POINT ( 'NONE',  ( 20.87811843833975445, 84.06770643431661938, -8.663873780441875283 ) ) ;
#2368 = VECTOR ( 'NONE', #3372, 1000.000000000000000 ) ;
#2369 = EDGE_CURVE ( 'NONE', #1661, #3128, #2765, .T. ) ;
#2370 = ORIENTED_EDGE ( 'NONE', *, *, #1575, .T. ) ;
#2371 = CIRCLE ( 'NONE', #171, 12.80000000000000071 ) ;
#2372 = CARTESIAN_POINT ( 'NONE',  ( 9.000000000000001776, 59.00000000000001421, -20.73065363175990328 ) ) ;
#2373 = CARTESIAN_POINT ( 'NONE',  ( 8.084804152814799139, 288.5212727384149503, -9.926691988927570875 ) ) ;
#2374 = CIRCLE ( 'NONE', #2860, 22.60000000000000142 ) ;
#2375 = B_SPLINE_CURVE_WITH_KNOTS ( 'NONE', 3,
 ( #1285, #2174, #1344, #766, #211, #728, #467, #1304, #2155, #1568, #3628, #1908, #1880, #2408, #157, #998, #1864, #2197, #2139, #192, #1628, #2715, #2424, #435, #2440, #2987, #3048, #2758, #488, #3023, #3345, #1587 ),
 .UNSPECIFIED., .F., .F.,
 ( 4, 2, 2, 2, 2, 2, 2, 2, 2, 2, 2, 2, 2, 2, 2, 4 ),
 ( 0.000000000000000000, 0.002690184254644749275, 0.005380368509289498551, 0.01076073701857899710, 0.01345092127322374161, 0.01614110552786848438, 0.01883128978251323235, 0.02152147403715797339, 0.02286656616448034737, 0.02421165829180272483, 0.02690184254644746586, 0.02959202680109221731, 0.03228221105573696181, 0.03766257956502645776, 0.04035276381967119880, 0.04304294807431593983 ),
 .UNSPECIFIED. ) ;
#2376 = FACE_OUTER_BOUND ( 'NONE', #1601, .T. ) ;
#2377 = AXIS2_PLACEMENT_3D ( 'NONE', #273, #812, #470 ) ;
#2378 = EDGE_CURVE ( 'NONE', #2982, #3624, #542, .T. ) ;
#2379 = FACE_OUTER_BOUND ( 'NONE', #1942, .T. ) ;
#2380 = AXIS2_PLACEMENT_3D ( 'NONE', #1716, #1680, #3401 ) ;
#2381 =( BOUNDED_CURVE ( )  B_SPLINE_CURVE ( 3, ( #1524, #3529, #2648, #684 ),
 .UNSPECIFIED., .F., .T. ) 
 B_SPLINE_CURVE_WITH_KNOTS ( ( 4, 4 ),
 ( 3.141592653589789119, 4.712388980384687898 ),
 .UNSPECIFIED. ) 
 CURVE ( )  GEOMETRIC_REPRESENTATION_ITEM ( )  RATIONAL_B_SPLINE_CURVE ( ( 1.000000000000000000, 0.8047378541243644934, 0.8047378541243644934, 1.000000000000000000 ) ) 
 REPRESENTATION_ITEM ( '' )  );
#2382 = CARTESIAN_POINT ( 'NONE',  ( -12.52027109943178473, 304.2763092424488036, 2.688824076252807505 ) ) ;
#2383 = CIRCLE ( 'NONE', #1913, 1.000000000000000888 ) ;
#2384 = PRESENTATION_STYLE_ASSIGNMENT (( #1545 ) ) ;
#2385 = VERTEX_POINT ( 'NONE', #3437 ) ;
#2386 = CARTESIAN_POINT ( 'NONE',  ( -23.70770894763199976, 81.65317518141534947, 0.9340102723985151956 ) ) ;
#2387 = ORIENTED_EDGE ( 'NONE', *, *, #2099, .T. ) ;
#2388 = CARTESIAN_POINT ( 'NONE',  ( 21.88018864017564979, 81.65241896162355317, -9.485381717037622451 ) ) ;
#2389 = CARTESIAN_POINT ( 'NONE',  ( 10.75961085784827809, 302.1714439820401026, 6.965384619742317263 ) ) ;
#2390 = EDGE_CURVE ( 'NONE', #1368, #3201, #1182, .T. ) ;
#2391 = CARTESIAN_POINT ( 'NONE',  ( 21.49265823878618775, 84.03901769301604929, 7.001866377369159622 ) ) ;
#2392 = CARTESIAN_POINT ( 'NONE',  ( 32.50000000000000000, 59.32528570379483313, 16.31665892055920253 ) ) ;
#2393 = ORIENTED_EDGE ( 'NONE', *, *, #2390, .T. ) ;
#2394 = EDGE_CURVE ( 'NONE', #2598, #1629, #1821, .T. ) ;
#2395 = DIRECTION ( 'NONE',  ( 0.000000000000000000, 0.000000000000000000, -1.000000000000000000 ) ) ;
#2396 = ORIENTED_EDGE ( 'NONE', *, *, #3408, .T. ) ;
#2397 = DIRECTION ( 'NONE',  ( -1.000000000000000000, 0.000000000000000000, 0.000000000000000000 ) ) ;
#2398 = VECTOR ( 'NONE', #1267, 1000.000000000000000 ) ;
#2399 = LINE ( 'NONE', #987, #111 ) ;
#2400 = ADVANCED_FACE ( 'NONE', ( #2117 ), #2633, .T. ) ;
#2401 = CARTESIAN_POINT ( 'NONE',  ( -12.78138283833978406, 304.5785459427627302, -0.7928439704513657871 ) ) ;
#2402 = EDGE_LOOP ( 'NONE', ( #3600, #430 ) ) ;
#2403 = CARTESIAN_POINT ( 'NONE',  ( -21.86639940665231308, 82.55311778598286310, -5.728843300648472692 ) ) ;
#2404 = ORIENTED_EDGE ( 'NONE', *, *, #3476, .F. ) ;
#2405 = CARTESIAN_POINT ( 'NONE',  ( 22.54138939068807446, 81.65211651557525840, -7.656705271013435343 ) ) ;
#2406 = CARTESIAN_POINT ( 'NONE',  ( -12.73195737179279163, 440.8040565973702769, 1.330524453665496765 ) ) ;
#2407 = CARTESIAN_POINT ( 'NONE',  ( 19.70625123527081612, 82.54845741103244450, -11.10060698996244000 ) ) ;
#2408 = CARTESIAN_POINT ( 'NONE',  ( -32.50000000000001421, 63.24428779711261939, 1.723111310670555341 ) ) ;
#2409 = ORIENTED_EDGE ( 'NONE', *, *, #1990, .F. ) ;
#2410 = CARTESIAN_POINT ( 'NONE',  ( 1.714505518806294441E-15, 163.5000000000000284, 13.99999999999999822 ) ) ;
#2411 = VERTEX_POINT ( 'NONE', #3531 ) ;
#2412 = CARTESIAN_POINT ( 'NONE',  ( -9.000000000000001776, 82.50000000000001421, 27.60000000000001918 ) ) ;
#2413 = CARTESIAN_POINT ( 'NONE',  ( -32.50000000000000000, 0.000000000000000000, 0.000000000000000000 ) ) ;
#2414 = EDGE_CURVE ( 'NONE', #3043, #143, #1994, .T. ) ;
#2415 = AXIS2_PLACEMENT_3D ( 'NONE', #2682, #1271, #2395 ) ;
#2416 = CARTESIAN_POINT ( 'NONE',  ( -21.23514872185575797, 81.78305033586850925, -10.50009230667763838 ) ) ;
#2417 = ORIENTED_EDGE ( 'NONE', *, *, #3134, .F. ) ;
#2418 = CARTESIAN_POINT ( 'NONE',  ( -18.54326686735017304, 81.67095652384466575, -15.42007395617287280 ) ) ;
#2419 = ORIENTED_EDGE ( 'NONE', *, *, #3306, .T. ) ;
#2420 = FACE_OUTER_BOUND ( 'NONE', #3636, .T. ) ;
#2421 = CARTESIAN_POINT ( 'NONE',  ( 9.829540451004191937, 85.43319338672836238, 20.37523856190239968 ) ) ;
#2422 = AXIS2_PLACEMENT_3D ( 'NONE', #196, #1051, #3652 ) ;
#2423 = DIRECTION ( 'NONE',  ( 0.000000000000000000, 1.000000000000000000, -0.000000000000000000 ) ) ;
#2424 = CARTESIAN_POINT ( 'NONE',  ( -32.50000000000000000, 61.85882675447783186, -6.943749519222025768 ) ) ;
#2425 = ORIENTED_EDGE ( 'NONE', *, *, #2548, .T. ) ;
#2426 = CARTESIAN_POINT ( 'NONE',  ( 22.76598128423226086, 82.50000000000001421, -27.59999999999999076 ) ) ;
#2427 = DIRECTION ( 'NONE',  ( -1.000000000000000000, 0.000000000000000000, 0.000000000000000000 ) ) ;
#2428 = CARTESIAN_POINT ( 'NONE',  ( -23.50000000000000355, 50.00000000000002842, -65.00000000000000000 ) ) ;
#2429 = DIRECTION ( 'NONE',  ( -0.000000000000000000, 1.000000000000000000, 0.000000000000000000 ) ) ;
#2430 = DIRECTION ( 'NONE',  ( 0.000000000000000000, 0.000000000000000000, 1.000000000000000000 ) ) ;
#2431 = CONICAL_SURFACE ( 'NONE', #838, 19.60000000000003340, 0.7853981633974425058 ) ;
#2432 = CARTESIAN_POINT ( 'NONE',  ( -32.49999999999720046, 79.31116348496300361, -19.65812500949679631 ) ) ;
#2433 = ORIENTED_EDGE ( 'NONE', *, *, #1842, .T. ) ;
#2434 = CARTESIAN_POINT ( 'NONE',  ( -13.34373851775188768, 82.34723145290470825, 18.24387783964136744 ) ) ;
#2435 = EDGE_LOOP ( 'NONE', ( #1373, #3542, #3257, #2387, #2933, #2198 ) ) ;
#2436 = CARTESIAN_POINT ( 'NONE',  ( 32.50000000000000000, 62.97913253426734315, 3.117130979972036808 ) ) ;
#2437 = CARTESIAN_POINT ( 'NONE',  ( 6.374166612193314485, 293.8976244170329437, -11.09999999999999787 ) ) ;
#2438 = CARTESIAN_POINT ( 'NONE',  ( 13.34949912778592029, 84.78347191907880642, -18.23631360459681616 ) ) ;
#2439 = EDGE_CURVE ( 'NONE', #1280, #3579, #38, .T. ) ;
#2440 = CARTESIAN_POINT ( 'NONE',  ( -32.50000000000000000, 61.01695508972613169, -9.466288049086994505 ) ) ;
#2441 = EDGE_LOOP ( 'NONE', ( #3054, #1809, #795, #677 ) ) ;
#2442 = CARTESIAN_POINT ( 'NONE',  ( 2.584004746200917385E-15, 138.5000000000000000, 19.60000000000003340 ) ) ;
#2443 = DIRECTION ( 'NONE',  ( 0.000000000000000000, -0.9982525060048217380, -0.05909259052616661761 ) ) ;
#2444 = CARTESIAN_POINT ( 'NONE',  ( 0.000000000000000000, 82.50000000000001421, 0.000000000000000000 ) ) ;
#2445 = CARTESIAN_POINT ( 'NONE',  ( -32.50000000000000000, 62.55982747491528784, 4.733368740472604586 ) ) ;
#2446 = CARTESIAN_POINT ( 'NONE',  ( 9.621876590787989514, 82.54006276597499436, -20.47170682558168764 ) ) ;
#2447 = DIRECTION ( 'NONE',  ( 0.000000000000000000, 0.000000000000000000, -1.000000000000000000 ) ) ;
#2448 = CARTESIAN_POINT ( 'NONE',  ( -12.48923501930426383, 82.28731964562676637, 20.00285581160866499 ) ) ;
#2449 = CARTESIAN_POINT ( 'NONE',  ( -32.50000000000000000, 59.00000000000001421, -20.73065363176069908 ) ) ;
#2450 = EDGE_LOOP ( 'NONE', ( #760, #3572, #3072, #783 ) ) ;
#2451 = CARTESIAN_POINT ( 'NONE',  ( -13.43880839817668971, 84.76282946065042267, 18.17060059765641000 ) ) ;
#2452 = VERTEX_POINT ( 'NONE', #630 ) ;
#2453 = CARTESIAN_POINT ( 'NONE',  ( 32.50000000000000000, 59.81955507859277787, 13.72384139199536612 ) ) ;
#2454 = CARTESIAN_POINT ( 'NONE',  ( 12.12109121604800599, 303.8100505753060929, -4.129201195952619585 ) ) ;
#2455 = CARTESIAN_POINT ( 'NONE',  ( 17.68383967516088617, 81.68316456230907363, -16.57091994458811257 ) ) ;
#2456 = CARTESIAN_POINT ( 'NONE',  ( 2.400307726328816240E-15, 138.5000000000000000, 19.60000000000003340 ) ) ;
#2457 = ORIENTED_EDGE ( 'NONE', *, *, #844, .T. ) ;
#2458 = DIRECTION ( 'NONE',  ( 0.000000000000000000, 0.000000000000000000, -1.000000000000000000 ) ) ;
#2459 = DIRECTION ( 'NONE',  ( 0.000000000000000000, 0.000000000000000000, 1.000000000000000000 ) ) ;
#2460 = DIRECTION ( 'NONE',  ( -0.3515624999999998335, 0.000000000000000000, 0.9361644132275857011 ) ) ;
#2461 = AXIS2_PLACEMENT_3D ( 'NONE', #1714, #1244, #1802 ) ;
#2462 = AXIS2_PLACEMENT_3D ( 'NONE', #408, #2083, #2651 ) ;
#2463 = CARTESIAN_POINT ( 'NONE',  ( -32.50000000000000000, 60.27127277608257572, 11.93509623916440887 ) ) ;
#2464 = AXIS2_PLACEMENT_3D ( 'NONE', #2607, #866, #2593 ) ;
#2465 = ORIENTED_EDGE ( 'NONE', *, *, #240, .F. ) ;
#2466 = DIRECTION ( 'NONE',  ( 1.000000000000000000, 0.000000000000000000, 0.000000000000000000 ) ) ;
#2467 = DIRECTION ( 'NONE',  ( 0.000000000000000000, -0.000000000000000000, 1.000000000000000000 ) ) ;
#2468 = CARTESIAN_POINT ( 'NONE',  ( -32.50000000000000000, 75.38895389384376244, -9.832416033601198535 ) ) ;
#2469 = DIRECTION ( 'NONE',  ( -1.000000000000000000, 0.000000000000000000, 0.000000000000000000 ) ) ;
#2470 = ORIENTED_EDGE ( 'NONE', *, *, #692, .F. ) ;
#2471 = CARTESIAN_POINT ( 'NONE',  ( -13.44972273019341458, 82.36360387043490050, 18.16546026011524972 ) ) ;
#2472 = EDGE_LOOP ( 'NONE', ( #1561, #904, #2608, #49 ) ) ;
#2473 = CARTESIAN_POINT ( 'NONE',  ( 32.50000000000000000, 59.04217738518783420, 18.96027714884350601 ) ) ;
#2474 = CARTESIAN_POINT ( 'NONE',  ( 13.50000000000000355, 293.5000000000000568, -10.09999999999999787 ) ) ;
#2475 = CARTESIAN_POINT ( 'NONE',  ( 13.34373851775188768, 82.34723145290561774, -18.24387783964115428 ) ) ;
#2476 = CARTESIAN_POINT ( 'NONE',  ( 0.000000000000000000, 143.5000000000000568, 0.000000000000000000 ) ) ;
#2477 = VECTOR ( 'NONE', #2196, 1000.000000000000000 ) ;
#2478 = ORIENTED_EDGE ( 'NONE', *, *, #916, .T. ) ;
#2479 = CARTESIAN_POINT ( 'NONE',  ( 45.00000000000000000, -62.77999999999998693, 9.999999999999994671 ) ) ;
#2480 = CARTESIAN_POINT ( 'NONE',  ( -8.904908764387441167, 85.49999999910572512, -20.79695375879124697 ) ) ;
#2481 = CARTESIAN_POINT ( 'NONE',  ( -4.451951283131699633, 82.51207508962512804, -24.88553810568229352 ) ) ;
#2482 = CARTESIAN_POINT ( 'NONE',  ( -15.40234082250329273, 82.07783453147764874, 17.95863079761025460 ) ) ;
#2483 = EDGE_CURVE ( 'NONE', #1563, #484, #1261, .T. ) ;
#2484 = FACE_OUTER_BOUND ( 'NONE', #3296, .T. ) ;
#2485 = CARTESIAN_POINT ( 'NONE',  ( -32.50000000000000711, 79.30018154801234687, 19.64617888724968608 ) ) ;
#2486 = EDGE_CURVE ( 'NONE', #3312, #3614, #2108, .T. ) ;
#2487 = AXIS2_PLACEMENT_3D ( 'NONE', #518, #3655, #1989 ) ;
#2488 = CARTESIAN_POINT ( 'NONE',  ( 6.374166612193318038, 293.3048793422865401, 11.09999999999999964 ) ) ;
#2489 = CARTESIAN_POINT ( 'NONE',  ( 0.000000000000000000, 94.50000000000001421, 0.000000000000000000 ) ) ;
#2490 = ORIENTED_EDGE ( 'NONE', *, *, #2390, .F. ) ;
#2491 = CARTESIAN_POINT ( 'NONE',  ( -13.61647480926173337, 84.72455951502224991, 18.03784662899639102 ) ) ;
#2492 = VERTEX_POINT ( 'NONE', #917 ) ;
#2493 = CARTESIAN_POINT ( 'NONE',  ( 32.50000000000000000, 62.53101861213558266, 4.831661535221654979 ) ) ;
#2494 = CARTESIAN_POINT ( 'NONE',  ( 8.472011715211827720, 299.0954470831122194, -9.610370707292984704 ) ) ;
#2495 = CARTESIAN_POINT ( 'NONE',  ( -23.50000000000000355, 49.22000000000001307, -4.749999999999999112 ) ) ;
#2496 = CYLINDRICAL_SURFACE ( 'NONE', #1192, 22.60000000000000142 ) ;
#2497 = ORIENTED_EDGE ( 'NONE', *, *, #3546, .F. ) ;
#2498 = CARTESIAN_POINT ( 'NONE',  ( 4.965398729434173042, 83.14286820443668091, -23.20795486369700455 ) ) ;
#2499 = ADVANCED_FACE ( 'NONE', ( #2049 ), #2588, .T. ) ;
#2500 = DIRECTION ( 'NONE',  ( -0.000000000000000000, -0.000000000000000000, -1.000000000000000000 ) ) ;
#2501 = CARTESIAN_POINT ( 'NONE',  ( 12.79544268551378217, 440.5192672436717203, 0.3927961626098218639 ) ) ;
#2502 = TOROIDAL_SURFACE ( 'NONE', #244, 25.60000000000000142, 3.000000000000000000 ) ;
#2503 = CARTESIAN_POINT ( 'NONE',  ( -32.50000000000000000, 61.88968391167349381, 6.852294343640552121 ) ) ;
#2504 = EDGE_CURVE ( 'NONE', #3371, #2237, #2909, .T. ) ;
#2505 = ORIENTED_EDGE ( 'NONE', *, *, #1763, .F. ) ;
#2506 = CARTESIAN_POINT ( 'NONE',  ( 7.945312500000000000, 82.50000000000001421, 21.15731573894344208 ) ) ;
#2507 = CARTESIAN_POINT ( 'NONE',  ( -32.50000000000000711, 79.91760251572803497, 20.27547069688309378 ) ) ;
#2508 = CARTESIAN_POINT ( 'NONE',  ( 6.418993167705163927, 292.7180445360153271, 11.07415708439568292 ) ) ;
#2509 = ADVANCED_FACE ( 'NONE', ( #2130 ), #2728, .F. ) ;
#2510 = LINE ( 'NONE', #3356, #1297 ) ;
#2511 = CARTESIAN_POINT ( 'NONE',  ( -18.85414306905250470, 81.66658209938364621, 15.00295121729950942 ) ) ;
#2512 = ORIENTED_EDGE ( 'NONE', *, *, #808, .T. ) ;
#2513 = CARTESIAN_POINT ( 'NONE',  ( 15.35086904657255147, 82.08111588026314109, 18.00132096459674003 ) ) ;
#2514 = CARTESIAN_POINT ( 'NONE',  ( 6.902256878864189815, 296.1699028747234479, -10.78054586557246530 ) ) ;
#2515 = FACE_OUTER_BOUND ( 'NONE', #537, .T. ) ;
#2516 = DIRECTION ( 'NONE',  ( -0.000000000000000000, -1.000000000000000000, -0.000000000000000000 ) ) ;
#2517 = ORIENTED_EDGE ( 'NONE', *, *, #1853, .T. ) ;
#2518 = DIRECTION ( 'NONE',  ( 0.000000000000000000, 0.000000000000000000, -1.000000000000000000 ) ) ;
#2519 = CARTESIAN_POINT ( 'NONE',  ( -13.25983199483499497, 84.80716490278365427, 18.30128015928804430 ) ) ;
#2520 = CARTESIAN_POINT ( 'NONE',  ( 12.44347218424182344, 443.5000000000000568, -3.000000000000000888 ) ) ;
#2521 = CARTESIAN_POINT ( 'NONE',  ( -32.50000000000000000, 75.47315821977485939, 10.30141262005660607 ) ) ;
#2522 = VERTEX_POINT ( 'NONE', #2704 ) ;
#2523 = LINE ( 'NONE', #1096, #2368 ) ;
#2524 = FACE_BOUND ( 'NONE', #767, .T. ) ;
#2525 = CARTESIAN_POINT ( 'NONE',  ( -4.750000000000000000, 107.7000000000000171, -41.43781760380762336 ) ) ;
#2526 = EDGE_CURVE ( 'NONE', #2002, #2149, #1058, .T. ) ;
#2527 = CARTESIAN_POINT ( 'NONE',  ( 0.000000000000000000, 453.5000000000000000, -12.80000000000000071 ) ) ;
#2528 = CARTESIAN_POINT ( 'NONE',  ( -14.42764904390861780, 81.86479848719632457, 20.55749670187399758 ) ) ;
#2529 = VERTEX_POINT ( 'NONE', #1704 ) ;
#2530 = CARTESIAN_POINT ( 'NONE',  ( 32.50000000000000000, 74.70589080920996139, -3.240812013554536186 ) ) ;
#2531 = CARTESIAN_POINT ( 'NONE',  ( 0.000000000000000000, 163.5000000000000284, -13.99999999999999822 ) ) ;
#2532 = CARTESIAN_POINT ( 'NONE',  ( -23.50000000000000711, -62.77999999999998693, 9.999999999999994671 ) ) ;
#2533 = CYLINDRICAL_SURFACE ( 'NONE', #894, 19.00000000000000000 ) ;
#2534 = ORIENTED_EDGE ( 'NONE', *, *, #798, .T. ) ;
#2535 = CARTESIAN_POINT ( 'NONE',  ( 26.00000000000000000, 49.22000000000001307, 0.000000000000000000 ) ) ;
#2536 = CARTESIAN_POINT ( 'NONE',  ( 1.714505518806294244E-15, 138.5000000000000000, -14.00000000000000000 ) ) ;
#2537 = CARTESIAN_POINT ( 'NONE',  ( -4.242474553367390655, 82.50000000000001421, -25.24601769911504690 ) ) ;
#2538 = CARTESIAN_POINT ( 'NONE',  ( 13.61664007026175582, 84.72452572163548723, 18.03772196285264329 ) ) ;
#2539 = AXIS2_PLACEMENT_3D ( 'NONE', #3022, #3284, #530 ) ;
#2540 = DIRECTION ( 'NONE',  ( 1.000000000000000000, 0.000000000000000000, 0.000000000000000000 ) ) ;
#2541 = FACE_OUTER_BOUND ( 'NONE', #1258, .T. ) ;
#2542 =( BOUNDED_SURFACE ( )  B_SPLINE_SURFACE ( 3, 2, ( 
 ( #2449, #1059, #2997 ),
 ( #1873, #1920, #737 ),
 ( #705, #3014, #2730 ),
 ( #3620, #2432, #2131 ),
 ( #458, #2749, #3596 ),
 ( #3336, #2774, #2145 ),
 ( #3293, #184, #2981 ),
 ( #1857, #3062, #201 ),
 ( #721, #781, #1598 ),
 ( #1313, #441, #1578 ),
 ( #2690, #501, #150 ),
 ( #2167, #223, #756 ),
 ( #1841, #3039, #480 ),
 ( #1412, #3578, #2706 ),
 ( #1618, #2468, #3694 ),
 ( #1137, #3563, #2416 ),
 ( #2267, #1294, #1020 ),
 ( #428, #1560, #1277 ),
 ( #1707, #3411, #1991 ),
 ( #855, #3130, #574 ),
 ( #1633, #1887, #1671 ),
 ( #1954, #3370, #1074 ),
 ( #1372, #3029, #3008 ),
 ( #2204, #197, #2161 ),
 ( #3305, #2743, #794 ),
 ( #749, #3350, #3591 ),
 ( #2809, #1934, #452 ),
 ( #494, #474, #3053 ),
 ( #1390, #3326, #256 ),
 ( #1611, #3613, #3077 ),
 ( #2445, #3288, #2790 ),
 ( #516, #1326, #774 ),
 ( #1591, #2521, #2721 ),
 ( #2503, #1052, #2180 ),
 ( #178, #237, #2767 ),
 ( #1033, #1654, #3653 ),
 ( #217, #2222, #1914 ),
 ( #1093, #1308, #814 ),
 ( #2463, #1349, #2482 ),
 ( #3633, #3670, #3095 ),
 ( #536, #1110, #732 ),
 ( #1868, #2771, #2185 ),
 ( #3058, #2485, #2448 ),
 ( #3113, #2507, #220 ),
 ( #1354, #3352, #3331 ),
 ( #2166, #200, #3639 ) ),
 .UNSPECIFIED., .F., .F., .F. ) 
 B_SPLINE_SURFACE_WITH_KNOTS ( ( 4, 2, 2, 2, 2, 2, 2, 2, 2, 2, 2, 2, 2, 2, 2, 2, 2, 2, 2, 2, 2, 2, 4 ),
 ( 3, 3 ),
 ( 0.03758660794668639699, 0.04021923344182461169, 0.04285185893696283332, 0.04548448443210104802, 0.04811710992723926272, 0.05074973542237748436, 0.05206604816994658824, 0.05338236091751569906, 0.05469867366508480988, 0.05601498641265391376, 0.05733129916022302458, 0.05864761190779213540, 0.05996392465536123928, 0.06128023740293035010, 0.06259655015049946092, 0.06391286289806856480, 0.06522917564563768256, 0.06654548839320678644, 0.06917811388834499420, 0.07181073938348321584, 0.07444336487862143747, 0.07707599037375964524, 0.07970861586889786687 ),
 ( 0.000000000000000000, 0.9382049631980808879 ),
 .UNSPECIFIED. ) 
 GEOMETRIC_REPRESENTATION_ITEM ( )  RATIONAL_B_SPLINE_SURFACE ( (
 ( 1.000000000000000000, 0.7252061284221531512, 0.9660382051858102948),
 ( 1.000000000000000000, 0.7297404963752985863, 0.9665986080548862880),
 ( 1.000000000000000000, 0.7347325479678431526, 0.9672155760786431689),
 ( 1.000000000000000000, 0.7456057254782291199, 0.9685593928874594027),
 ( 1.000000000000000000, 0.7514895837180946003, 0.9692865793603988589),
 ( 1.000000000000000000, 0.7643249786594713546, 0.9708729067659378487),
 ( 1.000000000000000000, 0.7712793261124768485, 0.9717323950795215826),
 ( 1.000000000000000000, 0.7863936184437112509, 0.9736003715812087123),
 ( 1.000000000000000000, 0.7945642815780307178, 0.9746101844393715297),
 ( 1.000000000000000000, 0.8120557328435006328, 0.9767719541887087686),
 ( 1.000000000000000000, 0.8213837813947737487, 0.9779248083957409188),
 ( 1.000000000000000000, 0.8358171275230059649, 0.9797086267060786113),
 ( 1.000000000000000000, 0.8406963078020456281, 0.9803116449558917367),
 ( 1.000000000000000000, 0.8504200659507059612, 0.9815134049411905481),
 ( 1.000000000000000000, 0.8552654542657851522, 0.9821122468396902283),
 ( 1.000000000000000000, 0.8646537408600639685, 0.9832725458708910793),
 ( 1.000000000000000000, 0.8691968077403758874, 0.9838340238410161476),
 ( 1.000000000000000000, 0.8775962088758516577, 0.9848721064455776553),
 ( 1.000000000000000000, 0.8814509922253519481, 0.9853485194034692363),
 ( 1.000000000000000000, 0.8879893572463094520, 0.9861565964176581822),
 ( 1.000000000000000000, 0.8906699930649799590, 0.9864878963957927072),
 ( 1.000000000000000000, 0.8943548527890629041, 0.9869433084803119760),
 ( 1.000000000000000000, 0.8953176217711743545, 0.9870622971696746406),
 ( 1.000000000000000000, 0.8953862450431937514, 0.9870707783249144107),
 ( 1.000000000000000000, 0.8944937265697422424, 0.9869604719010877103),
 ( 1.000000000000000000, 0.8910637868671895667, 0.9865365654007924867),
 ( 1.000000000000000000, 0.8885313410352968511, 0.9862235802340312274),
 ( 1.000000000000000000, 0.8822408300421580307, 0.9854461355173834702),
 ( 1.000000000000000000, 0.8784874747771762582, 0.9849822580639229219),
 ( 1.000000000000000000, 0.8702230319914849854, 0.9839608549717446806),
 ( 1.000000000000000000, 0.8657115786743176944, 0.9834032841242156264),
 ( 1.000000000000000000, 0.8563476843173150055, 0.9822459997314152425),
 ( 1.000000000000000000, 0.8514995839806774880, 0.9816468226539714070),
 ( 1.000000000000000000, 0.8417527771827713057, 0.9804422140844157862),
 ( 1.000000000000000000, 0.8368533028441638155, 0.9798366876902870892),
 ( 1.000000000000000000, 0.8223467717756288708, 0.9780438244477904774),
 ( 1.000000000000000000, 0.8129547825428976582, 0.9768830678072307760),
 ( 1.000000000000000000, 0.7953437176602918823, 0.9747065150021476665),
 ( 1.000000000000000000, 0.7871076518212617446, 0.9736886190188958068),
 ( 1.000000000000000000, 0.7718413060019306826, 0.9718018502154229799),
 ( 1.000000000000000000, 0.7648035384686634464, 0.9709320520079798289),
 ( 1.000000000000000000, 0.7517944834452150449, 0.9693242619401154503),
 ( 1.000000000000000000, 0.7458078572918475091, 0.9685843743731821220),
 ( 1.000000000000000000, 0.7347813744773569189, 0.9672216105505477834),
 ( 1.000000000000000000, 0.7297882465444586186, 0.9666045095018074296),
 ( 1.000000000000000000, 0.7252061284221571480, 0.9660382051858107388) ) ) 
 REPRESENTATION_ITEM ( '' )  SURFACE ( )  );
#2543 = CARTESIAN_POINT ( 'NONE',  ( -32.50000000000000000, -62.77999999999998693, -10.00000000000000888 ) ) ;
#2544 = CARTESIAN_POINT ( 'NONE',  ( 12.44347218424182522, 443.5000000000001137, 3.000000000000000888 ) ) ;
#2545 = EDGE_CURVE ( 'NONE', #826, #1183, #3595, .T. ) ;
#2546 = FACE_OUTER_BOUND ( 'NONE', #2613, .T. ) ;
#2547 = AXIS2_PLACEMENT_3D ( 'NONE', #2061, #339, #912 ) ;
#2548 = EDGE_CURVE ( 'NONE', #3128, #1661, #862, .T. ) ;
#2549 = CARTESIAN_POINT ( 'NONE',  ( -6.411565576353786433, 294.2872081505158803, -11.07872895120230794 ) ) ;
#2550 = CARTESIAN_POINT ( 'NONE',  ( 32.50000000000000000, 75.07874818002119355, -7.729589114318988763 ) ) ;
#2551 = DIRECTION ( 'NONE',  ( 0.000000000000000000, 0.000000000000000000, 1.000000000000000000 ) ) ;
#2552 = DIRECTION ( 'NONE',  ( 0.000000000000000000, 0.000000000000000000, -1.000000000000000000 ) ) ;
#2553 = CARTESIAN_POINT ( 'NONE',  ( -12.64629002986672113, 445.7599710972601201, -1.982735769188646691 ) ) ;
#2554 = EDGE_LOOP ( 'NONE', ( #2894, #1765 ) ) ;
#2555 = CARTESIAN_POINT ( 'NONE',  ( -14.65599988520071939, 84.55094798485347951, -17.20923447834896436 ) ) ;
#2556 = VECTOR ( 'NONE', #1903, 1000.000000000000000 ) ;
#2557 = CARTESIAN_POINT ( 'NONE',  ( 9.977445110680859486, 82.50000000000001421, 23.55188478991912149 ) ) ;
#2558 = DIRECTION ( 'NONE',  ( 0.000000000000000000, 0.000000000000000000, -1.000000000000000000 ) ) ;
#2559 = ADVANCED_FACE ( 'NONE', ( #3334 ), #570, .F. ) ;
#2560 = CARTESIAN_POINT ( 'NONE',  ( 13.00118903069633980, 82.27614574443383333, 18.49155332376995275 ) ) ;
#2561 = AXIS2_PLACEMENT_3D ( 'NONE', #603, #2275, #3418 ) ;
#2562 = CIRCLE ( 'NONE', #1733, 2.649999999999999467 ) ;
#2563 = CARTESIAN_POINT ( 'NONE',  ( -12.12109121604800777, 283.1899494246941344, -4.129201195952620473 ) ) ;
#2564 = VERTEX_POINT ( 'NONE', #3277 ) ;
#2565 = CARTESIAN_POINT ( 'NONE',  ( 9.000000000000000000, 82.50000000000001421, 23.96580897862619963 ) ) ;
#2566 = CARTESIAN_POINT ( 'NONE',  ( -6.374166612193316261, 293.5000000000000568, 11.09999999999999787 ) ) ;
#2567 = CARTESIAN_POINT ( 'NONE',  ( 12.65489440200273918, 282.5675691050036562, -1.959803515383246486 ) ) ;
#2568 = CARTESIAN_POINT ( 'NONE',  ( 0.000000000000000000, 0.000000000000000000, 0.000000000000000000 ) ) ;
#2569 = CARTESIAN_POINT ( 'NONE',  ( 12.44824239160826806, 443.8950377244130436, 2.980409570408497633 ) ) ;
#2570 = CARTESIAN_POINT ( 'NONE',  ( 32.50000000000000000, 63.14844132594654980, 2.244457463457737667 ) ) ;
#2571 = DIRECTION ( 'NONE',  ( 0.000000000000000000, 0.000000000000000000, 1.000000000000000000 ) ) ;
#2572 = DIRECTION ( 'NONE',  ( 0.000000000000000000, 0.000000000000000000, 1.000000000000000000 ) ) ;
#2573 = CARTESIAN_POINT ( 'NONE',  ( -12.47980354518795387, 444.4685209506041019, -2.846125403206344551 ) ) ;
#2574 = ORIENTED_EDGE ( 'NONE', *, *, #1971, .F. ) ;
#2575 = CARTESIAN_POINT ( 'NONE',  ( 9.000000000000001776, 59.00000000000001421, 0.000000000000000000 ) ) ;
#2576 = EDGE_LOOP ( 'NONE', ( #2800, #97 ) ) ;
#2577 = CARTESIAN_POINT ( 'NONE',  ( 22.59854476332795059, 83.99172341541603259, 1.805107710621101091 ) ) ;
#2578 = FACE_OUTER_BOUND ( 'NONE', #1270, .T. ) ;
#2579 = TOROIDAL_SURFACE ( 'NONE', #1131, 25.60000000000000142, 3.000000000000000000 ) ;
#2580 = CARTESIAN_POINT ( 'NONE',  ( 18.54326686735007357, 81.67095652384443838, 15.42007395617367571 ) ) ;
#2581 = ADVANCED_FACE ( 'NONE', ( #1039, #1312 ), #3127, .T. ) ;
#2582 = CARTESIAN_POINT ( 'NONE',  ( -14.50000000000000000, 293.5000000000000568, -10.09999999999999787 ) ) ;
#2583 = VERTEX_POINT ( 'NONE', #720 ) ;
#2584 = CARTESIAN_POINT ( 'NONE',  ( 26.00000000000000000, 49.22000000000001307, 4.749999999999999112 ) ) ;
#2585 = CARTESIAN_POINT ( 'NONE',  ( 32.49999999999999289, 60.25669793376214045, -11.91990312821288001 ) ) ;
#2586 = DIRECTION ( 'NONE',  ( 0.000000000000000000, 0.000000000000000000, 1.000000000000000000 ) ) ;
#2587 = EDGE_CURVE ( 'NONE', #85, #2277, #2358, .T. ) ;
#2588 = TOROIDAL_SURFACE ( 'NONE', #1330, 10.09999999999999787, 1.000000000000000000 ) ;
#2589 = CARTESIAN_POINT ( 'NONE',  ( -9.638245686490211739, 300.7362644400770932, -8.444815647879602594 ) ) ;
#2590 = CARTESIAN_POINT ( 'NONE',  ( 32.50000000000000711, 75.16807568659105243, -8.407346497262746965 ) ) ;
#2591 = DIRECTION ( 'NONE',  ( 1.000000000000000000, 0.000000000000000000, 0.000000000000000000 ) ) ;
#2592 = ORIENTED_EDGE ( 'NONE', *, *, #3015, .T. ) ;
#2593 = DIRECTION ( 'NONE',  ( 0.000000000000000000, 0.000000000000000000, -1.000000000000000000 ) ) ;
#2594 = CARTESIAN_POINT ( 'NONE',  ( 19.73028498808093545, 84.12653801580027846, -11.05717629905713828 ) ) ;
#2595 = FACE_OUTER_BOUND ( 'NONE', #3497, .T. ) ;
#2596 = CARTESIAN_POINT ( 'NONE',  ( 21.63959821760730762, 81.65263798677182194, 10.05653314344445626 ) ) ;
#2597 = CARTESIAN_POINT ( 'NONE',  ( -12.80073008974466298, 282.3991580941906250, -0.3685813298946619132 ) ) ;
#2598 = VERTEX_POINT ( 'NONE', #500 ) ;
#2599 = CARTESIAN_POINT ( 'NONE',  ( -22.54138939068808511, 81.65211651557527262, 7.656705271013434455 ) ) ;
#2600 = CARTESIAN_POINT ( 'NONE',  ( 13.50000000000000355, 293.5000000000000568, 0.000000000000000000 ) ) ;
#2601 = DIRECTION ( 'NONE',  ( 0.000000000000000000, -0.000000000000000000, -1.000000000000000000 ) ) ;
#2602 = CARTESIAN_POINT ( 'NONE',  ( 9.000000000000001776, 59.00000000000001421, 0.000000000000000000 ) ) ;
#2603 = DIRECTION ( 'NONE',  ( 0.000000000000000000, 1.000000000000000000, 0.000000000000000000 ) ) ;
#2604 = CARTESIAN_POINT ( 'NONE',  ( 32.50000000000000000, 74.71234962637363708, 3.382788354608216252 ) ) ;
#2605 = CARTESIAN_POINT ( 'NONE',  ( -14.13987701956195941, 84.62949618290707576, -17.63158355890623596 ) ) ;
#2606 = VERTEX_POINT ( 'NONE', #1856 ) ;
#2607 = CARTESIAN_POINT ( 'NONE',  ( -14.50000000000000000, 293.5000000000000568, 0.000000000000000000 ) ) ;
#2608 = ORIENTED_EDGE ( 'NONE', *, *, #961, .T. ) ;
#2609 = CARTESIAN_POINT ( 'NONE',  ( 14.58966507536401913, 81.83942391580819731, -20.30782973228395250 ) ) ;
#2610 = CARTESIAN_POINT ( 'NONE',  ( -9.000000000000001776, 82.50000000000001421, 27.60000000000001918 ) ) ;
#2611 = CARTESIAN_POINT ( 'NONE',  ( 16.07637843889863660, 81.72927129763689891, 18.48482532625311237 ) ) ;
#2612 = CARTESIAN_POINT ( 'NONE',  ( -6.411557283282586894, 292.7109602681932756, -11.07874289849077343 ) ) ;
#2613 = EDGE_LOOP ( 'NONE', ( #2279, #2363, #2777, #2315, #1111 ) ) ;
#2614 = CARTESIAN_POINT ( 'NONE',  ( -22.82319819461825716, 81.65224515274105954, 6.712523340136689498 ) ) ;
#2615 = EDGE_CURVE ( 'NONE', #1546, #3185, #1292, .T. ) ;
#2616 = LINE ( 'NONE', #389, #294 ) ;
#2617 = ADVANCED_FACE ( 'NONE', ( #1356 ), #3012, .F. ) ;
#2618 = CARTESIAN_POINT ( 'NONE',  ( -7.366304785440383363, 297.2046177389970580, 10.46971470278099048 ) ) ;
#2619 = CARTESIAN_POINT ( 'NONE',  ( 32.50000000000000000, 59.00000000018498270, -19.84210478218131257 ) ) ;
#2620 = CARTESIAN_POINT ( 'NONE',  ( -19.28293034154751950, 84.15146741464694458, 11.82001253432093613 ) ) ;
#2621 = EDGE_LOOP ( 'NONE', ( #39, #1553, #2010, #2901, #1398, #2075, #2126, #1023, #619, #957, #2118, #1263 ) ) ;
#2622 = EDGE_LOOP ( 'NONE', ( #1432, #1902, #336, #151, #2210, #2344, #3359, #3549, #2346, #2840, #1134, #1860, #2337 ) ) ;
#2623 = CARTESIAN_POINT ( 'NONE',  ( 19.26844944284910355, 84.15228899369677151, 11.84412899516791917 ) ) ;
#2624 = CARTESIAN_POINT ( 'NONE',  ( 23.49999999999998224, -62.77999999999998693, -7.688332605047083519E-15 ) ) ;
#2625 = CARTESIAN_POINT ( 'NONE',  ( 23.72094466751925879, 81.65319579036540176, -0.4603682271533135473 ) ) ;
#2626 = ORIENTED_EDGE ( 'NONE', *, *, #2504, .T. ) ;
#2627 = CARTESIAN_POINT ( 'NONE',  ( -7.362191100795635101, 289.8034819685028651, 10.47260960362895332 ) ) ;
#2628 = ORIENTED_EDGE ( 'NONE', *, *, #3526, .F. ) ;
#2629 = CARTESIAN_POINT ( 'NONE',  ( -21.49795907561232156, 81.65300851145977390, -10.34825920023116197 ) ) ;
#2630 = DIRECTION ( 'NONE',  ( 0.000000000000000000, 0.000000000000000000, 1.000000000000000000 ) ) ;
#2631 = CARTESIAN_POINT ( 'NONE',  ( 32.50000000000000000, -62.77999999999998693, 19.00000000000000355 ) ) ;
#2632 = AXIS2_PLACEMENT_3D ( 'NONE', #284, #2925, #3119 ) ;
#2633 = PLANE ( 'NONE',  #2462 ) ;
#2634 = ADVANCED_FACE ( 'NONE', ( #3577 ), #2144, .F. ) ;
#2635 = CARTESIAN_POINT ( 'NONE',  ( -18.29899310329797046, 84.21272548613933395, 13.29251482127935091 ) ) ;
#2636 = EDGE_LOOP ( 'NONE', ( #928, #3294, #3567, #543 ) ) ;
#2637 = CARTESIAN_POINT ( 'NONE',  ( -19.36721559262550585, 81.66266215635967285, -14.22773963247447604 ) ) ;
#2638 = ORIENTED_EDGE ( 'NONE', *, *, #2439, .F. ) ;
#2639 = CARTESIAN_POINT ( 'NONE',  ( 21.49795907561232156, 81.65300851145978811, 10.34825920023117263 ) ) ;
#2640 = CARTESIAN_POINT ( 'NONE',  ( -12.79544730335467584, 440.5192523151247315, 0.3920054068388725277 ) ) ;
#2641 = CARTESIAN_POINT ( 'NONE',  ( 21.51133865856996508, 84.03797705783114225, -6.987455852122010924 ) ) ;
#2642 = EDGE_LOOP ( 'NONE', ( #3685, #314, #2931, #1874 ) ) ;
#2643 = DIRECTION ( 'NONE',  ( -7.105427357601001859E-15, 0.000000000000000000, 1.000000000000000000 ) ) ;
#2644 = CARTESIAN_POINT ( 'NONE',  ( 12.51333493480598591, 442.1672550166993005, 2.694887127095110468 ) ) ;
#2645 = CARTESIAN_POINT ( 'NONE',  ( -17.39807820608675115, 81.68866999810407492, 16.92737471837194008 ) ) ;
#2646 = B_SPLINE_CURVE_WITH_KNOTS ( 'NONE', 3,
 ( #3611, #1201, #2004, #566, #1168, #587, #316, #3144, #363, #82, #1495, #905, #1722, #2623, #2054, #2865, #2040, #15, #1448, #3464, #3163, #1743, #2577, #1777, #2842, #34, #868, #291, #1428, #2915, #608, #2300, #2024, #346, #331, #2594, #1215, #3194, #1149, #3482, #1185, #3444, #3180, #2280, #637, #3405, #2316, #3123 ),
 .UNSPECIFIED., .F., .F.,
 ( 4, 2, 2, 2, 2, 2, 2, 2, 2, 2, 2, 2, 2, 2, 2, 2, 2, 2, 2, 2, 2, 2, 2, 4 ),
 ( 0.000000000000000000, 0.0006639948464648800673, 0.001327989692929760135, 0.002655979385859520269, 0.005311958771719037069, 0.006639948464648796553, 0.007967938157578555169, 0.01062391754343808628, 0.01327989692929761566, 0.01460788662222737774, 0.01593587631515714156, 0.02124783508687618297, 0.02257582477980593985, 0.02390381447273570020, 0.02655979385859522438, 0.02921577324445474161, 0.03054376293738450196, 0.03187175263031426231, 0.03452773201617377608, 0.03718371140203328290, 0.03983969078789279666, 0.04116768048082255355, 0.04183167532728742505, 0.04249567017375229655 ),
 .UNSPECIFIED. ) ;
#2647 = DIRECTION ( 'NONE',  ( 0.000000000000000000, 1.000000000000000000, 0.000000000000000000 ) ) ;
#2648 = CARTESIAN_POINT ( 'NONE',  ( 23.49999999999996447, 67.28679656440364454, 26.69943867327831200 ) ) ;
#2649 = VECTOR ( 'NONE', #1430, 1000.000000000000000 ) ;
#2650 = EDGE_CURVE ( 'NONE', #2492, #1048, #1596, .T. ) ;
#2651 = DIRECTION ( 'NONE',  ( 0.000000000000000000, -0.000000000000000000, 1.000000000000000000 ) ) ;
#2652 = CARTESIAN_POINT ( 'NONE',  ( -22.53502504687397945, 83.99430289250065584, 1.769781716161276774 ) ) ;
#2653 = EDGE_CURVE ( 'NONE', #2583, #2168, #752, .T. ) ;
#2654 = CARTESIAN_POINT ( 'NONE',  ( -21.34934898495797384, 84.04553168153263698, -7.427254340066273386 ) ) ;
#2655 = EDGE_LOOP ( 'NONE', ( #2304, #350 ) ) ;
#2656 = DIRECTION ( 'NONE',  ( -1.000000000000000000, 0.000000000000000000, -0.000000000000000000 ) ) ;
#2657 = CARTESIAN_POINT ( 'NONE',  ( 6.651438322761102917, 295.4309294070499732, 10.93706529564892804 ) ) ;
#2658 = VECTOR ( 'NONE', #2354, 1000.000000000000227 ) ;
#2659 = CARTESIAN_POINT ( 'NONE',  ( 22.58701278050867245, 83.99218943711981922, -0.8867554402968308436 ) ) ;
#2660 = CIRCLE ( 'NONE', #327, 2.999999999999999112 ) ;
#2661 = CARTESIAN_POINT ( 'NONE',  ( 32.50000000000000000, 61.85882675447784607, 6.943749519222017774 ) ) ;
#2662 = ORIENTED_EDGE ( 'NONE', *, *, #3269, .T. ) ;
#2663 = SURFACE_SIDE_STYLE ('',( #2973 ) ) ;
#2664 = CARTESIAN_POINT ( 'NONE',  ( 7.353432607838410462, 289.7954821407233226, -10.48674152360044687 ) ) ;
#2665 = PRESENTATION_LAYER_ASSIGNMENT (  '', '', ( #2923 ) ) ;
#2666 = ADVANCED_FACE ( 'NONE', ( #3125 ), #2008, .F. ) ;
#2667 = CARTESIAN_POINT ( 'NONE',  ( 8.904908764386137321, 85.49999999910572512, -20.79695375879173369 ) ) ;
#2668 = VECTOR ( 'NONE', #1651, 1000.000000000000000 ) ;
#2669 = DIRECTION ( 'NONE',  ( 1.000000000000000000, -0.000000000000000000, 0.000000000000000000 ) ) ;
#2670 = DIRECTION ( 'NONE',  ( 0.5867182298599563639, 0.000000000000000000, 0.8097911574906208054 ) ) ;
#2671 = AXIS2_PLACEMENT_3D ( 'NONE', #3594, #2247, #777 ) ;
#2672 = CARTESIAN_POINT ( 'NONE',  ( -13.25983199483499497, 84.80716490278365427, 18.30128015928804430 ) ) ;
#2673 = UNCERTAINTY_MEASURE_WITH_UNIT (LENGTH_MEASURE( 1.000000000000000082E-05 ), #3489, 'distance_accuracy_value', 'NONE');
#2674 = ORIENTED_EDGE ( 'NONE', *, *, #1595, .F. ) ;
#2675 = CARTESIAN_POINT ( 'NONE',  ( -22.38757097225122905, 82.55372733878687086, -3.566424620864141914 ) ) ;
#2676 = ORIENTED_EDGE ( 'NONE', *, *, #3327, .F. ) ;
#2677 = CARTESIAN_POINT ( 'NONE',  ( 16.76955594621869849, 81.70196519853732298, -17.67594980409178618 ) ) ;
#2678 = LINE ( 'NONE', #960, #2398 ) ;
#2679 = CARTESIAN_POINT ( 'NONE',  ( 22.62718540164404146, 81.65213907538046101, -7.379876748763559036 ) ) ;
#2680 = LINE ( 'NONE', #2125, #2026 ) ;
#2681 = EDGE_LOOP ( 'NONE', ( #1962, #1296 ) ) ;
#2682 = CARTESIAN_POINT ( 'NONE',  ( 0.000000000000000000, 163.5000000000000284, 0.000000000000000000 ) ) ;
#2683 = CARTESIAN_POINT ( 'NONE',  ( 13.50000000000000355, 293.5000000000000568, 11.09999999999999787 ) ) ;
#2684 = EDGE_CURVE ( 'NONE', #2285, #1368, #3318, .T. ) ;
#2685 = PLANE ( 'NONE',  #2073 ) ;
#2686 = TOROIDAL_SURFACE ( 'NONE', #3539, 25.60000000000000142, 3.000000000000000000 ) ;
#2687 = CARTESIAN_POINT ( 'NONE',  ( -5.551115123125782702E-14, 82.50000000000001421, -27.59999999999998721 ) ) ;
#2688 = PRODUCT_RELATED_PRODUCT_CATEGORY ( 'part', '', ( #3363 ) ) ;
#2689 = DIRECTION ( 'NONE',  ( -0.000000000000000000, 1.000000000000000000, 0.000000000000000000 ) ) ;
#2690 = CARTESIAN_POINT ( 'NONE',  ( -32.50000000000000000, 61.29613235602109000, -8.625572912254988012 ) ) ;
#2691 = VERTEX_POINT ( 'NONE', #788 ) ;
#2692 = CARTESIAN_POINT ( 'NONE',  ( -18.52715550353835283, 84.19855364981047785, -12.95004637891181964 ) ) ;
#2693 = ORIENTED_EDGE ( 'NONE', *, *, #2653, .T. ) ;
#2694 = CARTESIAN_POINT ( 'NONE',  ( -32.50000000000000000, 59.00000000000001421, 26.20889317180618505 ) ) ;
#2695 = CARTESIAN_POINT ( 'NONE',  ( -12.77784614960775400, 440.5957380815416400, 0.7770377782783263187 ) ) ;
#2696 = CARTESIAN_POINT ( 'NONE',  ( 22.60018909806403542, 83.99165681915557968, -0.4370762166467517806 ) ) ;
#2697 = DIRECTION ( 'NONE',  ( -0.000000000000000000, -1.000000000000000000, -0.000000000000000000 ) ) ;
#2698 = VERTEX_POINT ( 'NONE', #1011 ) ;
#2699 =( LENGTH_UNIT ( ) NAMED_UNIT ( * ) SI_UNIT ( .MILLI., .METRE. ) );
#2700 = DIRECTION ( 'NONE',  ( 0.000000000000000000, 1.000000000000000000, 0.000000000000000000 ) ) ;
#2701 = CARTESIAN_POINT ( 'NONE',  ( 15.01998668441486728, 84.80716490278365427, -20.73065363175991038 ) ) ;
#2702 = PLANE ( 'NONE',  #1217 ) ;
#2703 = VECTOR ( 'NONE', #437, 1000.000000000000000 ) ;
#2704 = CARTESIAN_POINT ( 'NONE',  ( -13.50000000000000178, 293.5000000000000568, 11.09999999999999787 ) ) ;
#2705 = EDGE_CURVE ( 'NONE', #265, #3148, #688, .T. ) ;
#2706 = CARTESIAN_POINT ( 'NONE',  ( -20.13015422138066413, 81.82941338585648339, -12.48318752178756164 ) ) ;
#2707 = PRODUCT_DEFINITION_CONTEXT ( 'detailed design', #1949, 'design' ) ;
#2708 = VERTEX_POINT ( 'NONE', #2495 ) ;
#2709 = CARTESIAN_POINT ( 'NONE',  ( -20.83345954406268774, 81.65451926203947153, 11.75285681120695536 ) ) ;
#2710 = ORIENTED_EDGE ( 'NONE', *, *, #2116, .F. ) ;
#2711 = LINE ( 'NONE', #154, #3 ) ;
#2712 = CARTESIAN_POINT ( 'NONE',  ( 12.22618707047070785, 303.9332813545515819, 3.807947709191784380 ) ) ;
#2713 = CIRCLE ( 'NONE', #1116, 10.09999999999999787 ) ;
#2714 = CARTESIAN_POINT ( 'NONE',  ( -14.50000000000000000, 293.5000000000000568, -11.09999999999999787 ) ) ;
#2715 = CARTESIAN_POINT ( 'NONE',  ( -32.50000000000000711, 62.14233030002574765, -6.103713788831819365 ) ) ;
#2716 = EDGE_LOOP ( 'NONE', ( #1899, #2534 ) ) ;
#2717 = CARTESIAN_POINT ( 'NONE',  ( 4.969314170668535091, 85.50000000000001421, -22.04690265486725664 ) ) ;
#2718 = VECTOR ( 'NONE', #2601, 1000.000000000000000 ) ;
#2719 = FACE_OUTER_BOUND ( 'NONE', #158, .T. ) ;
#2720 = DIRECTION ( 'NONE',  ( 0.000000000000000000, 0.000000000000000000, -1.000000000000000000 ) ) ;
#2721 = CARTESIAN_POINT ( 'NONE',  ( -20.21340752353087211, 81.82578856882557261, 12.34849867734585160 ) ) ;
#2722 = AXIS2_PLACEMENT_3D ( 'NONE', #1612, #3528, #2723 ) ;
#2723 = DIRECTION ( 'NONE',  ( 0.000000000000000000, 0.000000000000000000, 1.000000000000000000 ) ) ;
#2724 = FACE_BOUND ( 'NONE', #2402, .T. ) ;
#2725 = VECTOR ( 'NONE', #1357, 1000.000000000000227 ) ;
#2726 = B_SPLINE_CURVE_WITH_KNOTS ( 'NONE', 3,
 ( #1893, #479, #3617, #1056, #2323, #1751 ),
 .UNSPECIFIED., .F., .F.,
 ( 4, 2, 4 ),
 ( 3.898306166456212538E-17, 0.003136202882305471132, 0.006272405764610903232 ),
 .UNSPECIFIED. ) ;
#2727 = VECTOR ( 'NONE', #1347, 1000.000000000000000 ) ;
#2728 = CYLINDRICAL_SURFACE ( 'NONE', #388, 4.749999999999999112 ) ;
#2729 = AXIS2_PLACEMENT_3D ( 'NONE', #2876, #1423, #1384 ) ;
#2730 = CARTESIAN_POINT ( 'NONE',  ( -11.73066829467669692, 82.35044555213794126, -20.41931158514330846 ) ) ;
#2731 = ADVANCED_FACE ( 'NONE', ( #3647 ), #1026, .F. ) ;
#2732 = EDGE_LOOP ( 'NONE', ( #2465, #383, #1278, #451 ) ) ;
#2733 = VERTEX_POINT ( 'NONE', #2138 ) ;
#2734 = CARTESIAN_POINT ( 'NONE',  ( 32.50000000000000000, 78.99986528727401947, 19.29312247952357495 ) ) ;
#2735 = CARTESIAN_POINT ( 'NONE',  ( 12.43648486626563709, 304.1789436911082589, -3.052187308678299349 ) ) ;
#2736 = CARTESIAN_POINT ( 'NONE',  ( 14.33847875787733273, 81.88559906473268768, -20.73065363175991394 ) ) ;
#2737 = CARTESIAN_POINT ( 'NONE',  ( -12.68481701338090772, 82.22655646970251553, 21.99082043798392050 ) ) ;
#2738 = ORIENTED_EDGE ( 'NONE', *, *, #3431, .F. ) ;
#2739 = CARTESIAN_POINT ( 'NONE',  ( 14.50000000000000000, 293.5000000000000568, 0.000000000000000000 ) ) ;
#2740 = DIRECTION ( 'NONE',  ( 0.000000000000000000, 0.000000000000000000, -1.000000000000000000 ) ) ;
#2741 = ADVANCED_FACE ( 'NONE', ( #1879 ), #3087, .T. ) ;
#2742 = CARTESIAN_POINT ( 'NONE',  ( 12.77765961200464062, 440.5965538739912972, 0.7804211576928250516 ) ) ;
#2743 = CARTESIAN_POINT ( 'NONE',  ( -32.50000000000000000, 74.65032234329947869, 1.617860150572880684 ) ) ;
#2744 = EDGE_LOOP ( 'NONE', ( #1462, #444, #2313, #673 ) ) ;
#2745 = FACE_OUTER_BOUND ( 'NONE', #134, .T. ) ;
#2746 = DIRECTION ( 'NONE',  ( 0.000000000000000000, 1.000000000000000000, 0.000000000000000000 ) ) ;
#2747 = AXIS2_PLACEMENT_3D ( 'NONE', #666, #2858, #371 ) ;
#2748 = CARTESIAN_POINT ( 'NONE',  ( -9.944700057472660504, 107.7000000000000171, -1.286630294700760846 ) ) ;
#2749 = CARTESIAN_POINT ( 'NONE',  ( -32.50000000000000000, 78.99986528727400525, -19.29312247951934012 ) ) ;
#2750 = CARTESIAN_POINT ( 'NONE',  ( -13.25983199483499497, 84.80716490278365427, 18.30128015928804430 ) ) ;
#2751 = EDGE_LOOP ( 'NONE', ( #2176, #1909, #785, #2205 ) ) ;
#2752 = CARTESIAN_POINT ( 'NONE',  ( -17.06256962574819980, 81.69449280844301597, 17.32914228167482662 ) ) ;
#2753 = EDGE_LOOP ( 'NONE', ( #1231, #2921, #2878, #867 ) ) ;
#2754 = CARTESIAN_POINT ( 'NONE',  ( 32.50000000000000000, 59.20469144523217864, 17.19604561224218031 ) ) ;
#2755 = DIRECTION ( 'NONE',  ( 0.000000000000000000, 0.000000000000000000, 1.000000000000000000 ) ) ;
#2756 = EDGE_CURVE ( 'NONE', #901, #1250, #1233, .T. ) ;
#2757 = CARTESIAN_POINT ( 'NONE',  ( 15.22487946637542677, 81.77693736227084287, -19.48363802136579537 ) ) ;
#2758 = CARTESIAN_POINT ( 'NONE',  ( -32.50000000000000000, 59.32528570379482602, -16.31665892055922029 ) ) ;
#2759 = ORIENTED_EDGE ( 'NONE', *, *, #2587, .F. ) ;
#2760 = DIRECTION ( 'NONE',  ( 1.000000000000000000, 0.000000000000000000, 0.000000000000000000 ) ) ;
#2761 = CARTESIAN_POINT ( 'NONE',  ( -13.50000000000000178, 293.5000000000000568, 0.000000000000000000 ) ) ;
#2762 = CARTESIAN_POINT ( 'NONE',  ( 12.66949973213248626, 441.1151445102249795, -1.830440299409196836 ) ) ;
#2763 = CIRCLE ( 'NONE', #1162, 10.00000000000000178 ) ;
#2764 =( BOUNDED_CURVE ( )  B_SPLINE_CURVE ( 3, ( #1055, #2182, #3330, #1820 ),
 .UNSPECIFIED., .F., .T. ) 
 B_SPLINE_CURVE_WITH_KNOTS ( ( 4, 4 ),
 ( 4.712388980384691450, 6.283185307179586232 ),
 .UNSPECIFIED. ) 
 CURVE ( )  GEOMETRIC_REPRESENTATION_ITEM ( )  RATIONAL_B_SPLINE_CURVE ( ( 1.000000000000000000, 0.8047378541243654926, 0.8047378541243654926, 1.000000000000000000 ) ) 
 REPRESENTATION_ITEM ( '' )  );
#2765 = CIRCLE ( 'NONE', #3599, 13.99999999999999822 ) ;
#2766 = ADVANCED_FACE ( 'NONE', ( #1863 ), #3003, .F. ) ;
#2767 = CARTESIAN_POINT ( 'NONE',  ( -19.09141745241537436, 81.87654571314426732, 14.01426526382467408 ) ) ;
#2768 = AXIS2_PLACEMENT_3D ( 'NONE', #1948, #2760, #469 ) ;
#2769 = VERTEX_POINT ( 'NONE', #249 ) ;
#2770 = CARTESIAN_POINT ( 'NONE',  ( 12.06599619814504720, 82.35946485859251709, 19.13914664098880891 ) ) ;
#2771 = CARTESIAN_POINT ( 'NONE',  ( -32.49999999999999289, 78.98405037177188603, 19.27386096793882331 ) ) ;
#2772 = CARTESIAN_POINT ( 'NONE',  ( 12.52027109943178473, 282.7236907575513669, 2.688824076252810169 ) ) ;
#2773 = DIRECTION ( 'NONE',  ( 0.000000000000000000, 0.000000000000000000, 1.000000000000000000 ) ) ;
#2774 = CARTESIAN_POINT ( 'NONE',  ( -32.50000000000000000, 78.37143493538600580, -18.42136927401351798 ) ) ;
#2775 = EDGE_CURVE ( 'NONE', #2698, #955, #269, .T. ) ;
#2776 = CARTESIAN_POINT ( 'NONE',  ( -12.66725484796785928, 82.22935656266386673, 22.00266744913431793 ) ) ;
#2777 = ORIENTED_EDGE ( 'NONE', *, *, #3057, .F. ) ;
#2778 = CARTESIAN_POINT ( 'NONE',  ( -20.50823405828208479, 82.55071444393188074, 9.506517498004935618 ) ) ;
#2779 = ORIENTED_EDGE ( 'NONE', *, *, #2705, .F. ) ;
#2780 = CARTESIAN_POINT ( 'NONE',  ( 32.50000000000000000, 62.27209110426865379, 5.679112900867212765 ) ) ;
#2781 = CARTESIAN_POINT ( 'NONE',  ( 12.23538797186613358, 303.9440605777204496, -3.778529393034366191 ) ) ;
#2782 = EDGE_CURVE ( 'NONE', #3064, #758, #2020, .T. ) ;
#2783 = CARTESIAN_POINT ( 'NONE',  ( 12.68481701338090772, 82.22655646970251553, -21.99082043798392050 ) ) ;
#2784 = CARTESIAN_POINT ( 'NONE',  ( -12.47989573729925716, 444.4697709078632215, 2.845728413703372262 ) ) ;
#2785 = ORIENTED_EDGE ( 'NONE', *, *, #1459, .F. ) ;
#2786 = DIRECTION ( 'NONE',  ( -1.000000000000000000, 0.000000000000000000, 0.000000000000000000 ) ) ;
#2787 = AXIS2_PLACEMENT_3D ( 'NONE', #1202, #2301, #292 ) ;
#2788 = DIRECTION ( 'NONE',  ( 1.000000000000000000, 0.000000000000000000, 0.000000000000000000 ) ) ;
#2789 = CARTESIAN_POINT ( 'NONE',  ( 12.44825818180909849, 443.1046285081054634, -2.980342698969346227 ) ) ;
#2790 = CARTESIAN_POINT ( 'NONE',  ( -21.31788627287352256, 81.77972263422357457, 10.33164098325398683 ) ) ;
#2791 = ORIENTED_EDGE ( 'NONE', *, *, #1711, .F. ) ;
#2792 = EDGE_CURVE ( 'NONE', #2564, #3501, #1402, .T. ) ;
#2793 = DIRECTION ( 'NONE',  ( 0.000000000000000000, 0.9982525060048217380, 0.05909259052616661761 ) ) ;
#2794 = CARTESIAN_POINT ( 'NONE',  ( 8.085727234234580507, 288.5197910695090400, 9.925931561617902688 ) ) ;
#2795 = PRODUCT_DEFINITION_SHAPE ( 'NONE', 'NONE',  #3368 ) ;
#2796 = AXIS2_PLACEMENT_3D ( 'NONE', #1739, #604, #885 ) ;
#2797 = CARTESIAN_POINT ( 'NONE',  ( -9.000000000000001776, 59.00000000000001421, 27.60000000000001918 ) ) ;
#2798 = ORIENTED_EDGE ( 'NONE', *, *, #2756, .F. ) ;
#2799 = CARTESIAN_POINT ( 'NONE',  ( -21.03747531482575184, 82.55184435684049049, 8.269677740697167323 ) ) ;
#2800 = ORIENTED_EDGE ( 'NONE', *, *, #2868, .T. ) ;
#2801 = CARTESIAN_POINT ( 'NONE',  ( 32.50000000000000000, 61.29613235601801335, 8.625572912253060665 ) ) ;
#2802 = DIRECTION ( 'NONE',  ( 0.9928532219236473333, 0.000000000000000000, -0.1193418607020716310 ) ) ;
#2803 = CARTESIAN_POINT ( 'NONE',  ( 0.000000000000000000, 138.5000000000000000, -22.60000000000000142 ) ) ;
#2804 = CARTESIAN_POINT ( 'NONE',  ( -12.51333493480598591, 444.8327449833009268, 2.694887127095110468 ) ) ;
#2805 = ORIENTED_EDGE ( 'NONE', *, *, #2615, .T. ) ;
#2806 = CARTESIAN_POINT ( 'NONE',  ( 4.353974148730351601, 82.50000000000002842, -25.06724557820432508 ) ) ;
#2807 = CARTESIAN_POINT ( 'NONE',  ( -9.963933929614286811, 82.50000000000001421, -23.55760644547870086 ) ) ;
#2808 = DIRECTION ( 'NONE',  ( -1.000000000000000000, 0.000000000000000000, 0.000000000000000000 ) ) ;
#2809 = CARTESIAN_POINT ( 'NONE',  ( -32.50000000000000000, 63.16231489012046296, 2.159489437454025662 ) ) ;
#2810 = ORIENTED_EDGE ( 'NONE', *, *, #407, .F. ) ;
#2811 = CARTESIAN_POINT ( 'NONE',  ( 7.945312499999999112, 85.50000000000001421, 21.15731573894344208 ) ) ;
#2812 = EDGE_CURVE ( 'NONE', #1404, #2452, #3460, .T. ) ;
#2813 = CARTESIAN_POINT ( 'NONE',  ( -7.345981801401673117, 94.50000000000001421, -21.37279933404783705 ) ) ;
#2814 = CARTESIAN_POINT ( 'NONE',  ( 12.70932652842725830, 282.5046640000462617, -1.570149042448849341 ) ) ;
#2815 = DIRECTION ( 'NONE',  ( -0.9361644132275855901, -0.000000000000000000, -0.3515625000000003886 ) ) ;
#2816 = CARTESIAN_POINT ( 'NONE',  ( -13.25983199483499320, 84.80716490278365427, 18.30128015928804430 ) ) ;
#2817 = VERTEX_POINT ( 'NONE', #2532 ) ;
#2818 = CARTESIAN_POINT ( 'NONE',  ( 32.49999999999999289, 79.92055635285434789, 20.27769929978695984 ) ) ;
#2819 = CARTESIAN_POINT ( 'NONE',  ( 6.123233995736768255E-16, 94.50000000000001421, -22.59999999999998366 ) ) ;
#2820 = CIRCLE ( 'NONE', #615, 1.000000000000000888 ) ;
#2821 = CARTESIAN_POINT ( 'NONE',  ( -13.25983199483500030, 84.80716490278365427, -18.30128015928804430 ) ) ;
#2822 = CARTESIAN_POINT ( 'NONE',  ( -9.000000000000001776, 82.50000000000001421, 27.60000000000001918 ) ) ;
#2823 = ORIENTED_EDGE ( 'NONE', *, *, #1971, .T. ) ;
#2824 = CARTESIAN_POINT ( 'NONE',  ( -15.05028357404335004, 81.79001542446789585, -19.69472404724207237 ) ) ;
#2825 = CARTESIAN_POINT ( 'NONE',  ( -10.88898670397700030, 82.44106426055611792, -23.08195445789795031 ) ) ;
#2826 = CARTESIAN_POINT ( 'NONE',  ( 12.80001844966934144, 440.4999212814047382, -0.1952435851260650168 ) ) ;
#2827 = CARTESIAN_POINT ( 'NONE',  ( 18.52715550353821783, 84.19855364981047785, 12.95004637891202215 ) ) ;
#2828 = EDGE_CURVE ( 'NONE', #378, #1940, #8, .T. ) ;
#2829 = ORIENTED_EDGE ( 'NONE', *, *, #2355, .F. ) ;
#2830 = DIRECTION ( 'NONE',  ( -0.9361644132275860342, -5.413287949999814445E-16, 0.3515624999999999445 ) ) ;
#2831 = EDGE_CURVE ( 'NONE', #3390, #2708, #1303, .T. ) ;
#2832 = FACE_OUTER_BOUND ( 'NONE', #3168, .T. ) ;
#2833 = DIRECTION ( 'NONE',  ( 0.000000000000000000, 1.000000000000000000, 0.000000000000000000 ) ) ;
#2834 = CARTESIAN_POINT ( 'NONE',  ( -9.000000000000001776, 82.50000000000001421, -23.96580897862619253 ) ) ;
#2835 = CARTESIAN_POINT ( 'NONE',  ( -6.374166612193317150, 293.8976918639211249, -11.09999999999999964 ) ) ;
#2836 = CARTESIAN_POINT ( 'NONE',  ( 32.50000000000000000, 60.27127277608256861, -11.93509623916288298 ) ) ;
#2837 = EDGE_CURVE ( 'NONE', #1672, #2862, #845, .T. ) ;
#2838 = DIRECTION ( 'NONE',  ( -0.000000000000000000, -1.000000000000000000, -0.000000000000000000 ) ) ;
#2839 = CARTESIAN_POINT ( 'NONE',  ( -12.66924540327475235, 445.8835568387094668, 1.832360333800252983 ) ) ;
#2840 = ORIENTED_EDGE ( 'NONE', *, *, #1804, .T. ) ;
#2841 = DIRECTION ( 'NONE',  ( 0.000000000000000000, 0.000000000000000000, 1.000000000000000000 ) ) ;
#2842 = CARTESIAN_POINT ( 'NONE',  ( 22.58735288728627211, 83.99217566342980490, -0.8780493900101141724 ) ) ;
#2843 = DIRECTION ( 'NONE',  ( 0.000000000000000000, 1.000000000000000000, 0.000000000000000000 ) ) ;
#2844 = CARTESIAN_POINT ( 'NONE',  ( 19.24781077750972358, 82.54683623229693978, 11.87795801605872015 ) ) ;
#2845 = CARTESIAN_POINT ( 'NONE',  ( -12.22618707047069719, 283.0667186454484749, 3.807947709191821239 ) ) ;
#2846 = ORIENTED_EDGE ( 'NONE', *, *, #373, .F. ) ;
#2847 = FACE_OUTER_BOUND ( 'NONE', #2937, .T. ) ;
#2848 = CIRCLE ( 'NONE', #3091, 25.60000000000000142 ) ;
#2849 = CARTESIAN_POINT ( 'NONE',  ( -32.50000000000000000, -62.77999999999998693, -7.688332605047083519E-15 ) ) ;
#2850 = CARTESIAN_POINT ( 'NONE',  ( 7.538652571060700858, 289.4663113716447356, 10.34695796798488487 ) ) ;
#2851 = AXIS2_PLACEMENT_3D ( 'NONE', #2324, #2647, #1456 ) ;
#2852 = CIRCLE ( 'NONE', #1894, 2.649999999999999467 ) ;
#2853 = CARTESIAN_POINT ( 'NONE',  ( 0.000000000000000000, 94.50000000000001421, -34.13781760380762620 ) ) ;
#2854 = VECTOR ( 'NONE', #90, 1000.000000000000000 ) ;
#2855 = CARTESIAN_POINT ( 'NONE',  ( 12.57647203510058276, 445.3313167862643240, -2.384261789184599856 ) ) ;
#2856 = CARTESIAN_POINT ( 'NONE',  ( 32.50000000000000000, 62.68170522179153181, -4.306748949587566599 ) ) ;
#2857 = AXIS2_PLACEMENT_3D ( 'NONE', #3656, #3373, #817 ) ;
#2858 = DIRECTION ( 'NONE',  ( -0.000000000000000000, -1.000000000000000000, -0.000000000000000000 ) ) ;
#2859 = CARTESIAN_POINT ( 'NONE',  ( 4.969314170668535091, 94.50000000000001421, -22.04690265486725664 ) ) ;
#2860 = AXIS2_PLACEMENT_3D ( 'NONE', #1099, #557, #1693 ) ;
#2861 = CARTESIAN_POINT ( 'NONE',  ( -12.59990814514266511, 445.4839716017213505, 2.258730409793234362 ) ) ;
#2862 = VERTEX_POINT ( 'NONE', #3176 ) ;
#2863 = CYLINDRICAL_SURFACE ( 'NONE', #985, 23.50000000000000000 ) ;
#2864 = VECTOR ( 'NONE', #1885, 1000.000000000000000 ) ;
#2865 = CARTESIAN_POINT ( 'NONE',  ( 20.52486573945440895, 84.08471551555560097, 9.501301555609995120 ) ) ;
#2866 = DIRECTION ( 'NONE',  ( -0.000000000000000000, 1.000000000000000000, -0.000000000000000000 ) ) ;
#2867 = CARTESIAN_POINT ( 'NONE',  ( 14.14197304819916923, 84.62915610713842796, 17.62990695651732054 ) ) ;
#2868 = EDGE_CURVE ( 'NONE', #525, #865, #2081, .T. ) ;
#2869 = CARTESIAN_POINT ( 'NONE',  ( -12.78300253336517756, 282.4195863936031969, -0.7660283523580203591 ) ) ;
#2870 = ORIENTED_EDGE ( 'NONE', *, *, #1711, .T. ) ;
#2871 = CARTESIAN_POINT ( 'NONE',  ( -21.88054377315224386, 81.65247693561070719, -9.447952595378607654 ) ) ;
#2872 = DIRECTION ( 'NONE',  ( -1.000000000000000000, -0.000000000000000000, -0.000000000000000000 ) ) ;
#2873 = DIRECTION ( 'NONE',  ( -1.000000000000000000, -0.000000000000000000, -0.000000000000000000 ) ) ;
#2874 = CARTESIAN_POINT ( 'NONE',  ( -7.895007009778118423, 298.1659678575152839, -10.07770033493560113 ) ) ;
#2875 = CARTESIAN_POINT ( 'NONE',  ( 32.50000000000000711, 74.85591546729277468, -5.570370242376447401 ) ) ;
#2876 = CARTESIAN_POINT ( 'NONE',  ( 0.000000000000000000, 453.5000000000000000, 0.000000000000000000 ) ) ;
#2877 = PLANE ( 'NONE',  #2796 ) ;
#2878 = ORIENTED_EDGE ( 'NONE', *, *, #3585, .T. ) ;
#2879 = CARTESIAN_POINT ( 'NONE',  ( -14.78563890881541987, 81.81641873207442472, -20.03903140517824610 ) ) ;
#2880 = CIRCLE ( 'NONE', #3353, 14.00000000000000000 ) ;
#2881 = CARTESIAN_POINT ( 'NONE',  ( 13.53144103269271703, 82.07385517026511934, 21.39002244219636495 ) ) ;
#2882 = CARTESIAN_POINT ( 'NONE',  ( 9.829540451004191937, 85.43319338672834817, -20.37523856190240323 ) ) ;
#2883 = CARTESIAN_POINT ( 'NONE',  ( 19.36721559262544901, 81.66266215635955916, 14.22773963247488460 ) ) ;
#2884 = CARTESIAN_POINT ( 'NONE',  ( -8.076150097369726666, 288.5127356199047313, 9.940797862091377723 ) ) ;
#2885 = EDGE_LOOP ( 'NONE', ( #3422, #2022, #3231, #1106 ) ) ;
#2886 = FACE_OUTER_BOUND ( 'NONE', #2095, .T. ) ;
#2887 = CARTESIAN_POINT ( 'NONE',  ( 32.50000000000000000, 59.21001530479664865, -17.14979763967917137 ) ) ;
#2888 = CARTESIAN_POINT ( 'NONE',  ( -7.345981801401672229, 107.7000000000000171, -21.37279933404783705 ) ) ;
#2889 = DIRECTION ( 'NONE',  ( 1.000000000000000000, 0.000000000000000000, 0.000000000000000000 ) ) ;
#2890 = CARTESIAN_POINT ( 'NONE',  ( 12.73195737179279163, 446.1959434026296663, 1.330524453665496765 ) ) ;
#2891 = CARTESIAN_POINT ( 'NONE',  ( 19.46490578375487956, 81.85918370845327274, -13.49624841352841287 ) ) ;
#2892 = ADVANCED_FACE ( 'NONE', ( #2515 ), #30, .T. ) ;
#2893 = CARTESIAN_POINT ( 'NONE',  ( -16.57498303866002232, 84.34310308246216437, -15.38885512411997603 ) ) ;
#2894 = ORIENTED_EDGE ( 'NONE', *, *, #123, .F. ) ;
#2895 = CARTESIAN_POINT ( 'NONE',  ( -14.86403504153244803, 82.47980844582556870, -17.03120829193885655 ) ) ;
#2896 = CARTESIAN_POINT ( 'NONE',  ( 14.33847875787735582, 81.88559906473267347, -20.73065363175990328 ) ) ;
#2897 = CARTESIAN_POINT ( 'NONE',  ( 11.59945861771217501, 85.19419956839173835, -19.42222365509019610 ) ) ;
#2898 = ADVANCED_FACE ( 'NONE', ( #1980 ), #562, .T. ) ;
#2899 = CIRCLE ( 'NONE', #161, 25.60000000000000142 ) ;
#2900 = CARTESIAN_POINT ( 'NONE',  ( -6.560137069166365187, 291.9384426101091776, -10.99126928695608107 ) ) ;
#2901 = ORIENTED_EDGE ( 'NONE', *, *, #373, .T. ) ;
#2902 = CARTESIAN_POINT ( 'NONE',  ( -15.81352803881387281, 81.74107522210850618, -18.78950700050545564 ) ) ;
#2903 = EDGE_CURVE ( 'NONE', #3609, #1815, #3400, .T. ) ;
#2904 = CARTESIAN_POINT ( 'NONE',  ( 32.50000000000001421, 62.69042177538308636, -4.301765811106473159 ) ) ;
#2905 = ADVANCED_FACE ( 'NONE', ( #1181 ), #1145, .F. ) ;
#2906 = CYLINDRICAL_SURFACE ( 'NONE', #3323, 14.00000000000000000 ) ;
#2907 = CIRCLE ( 'NONE', #3021, 12.80000000000000071 ) ;
#2908 =( BOUNDED_CURVE ( )  B_SPLINE_CURVE ( 3, ( #1981, #2256, #3105, #1385 ),
 .UNSPECIFIED., .F., .T. ) 
 B_SPLINE_CURVE_WITH_KNOTS ( ( 4, 4 ),
 ( 1.570796326794898556, 3.141592653589789119 ),
 .UNSPECIFIED. ) 
 CURVE ( )  GEOMETRIC_REPRESENTATION_ITEM ( )  RATIONAL_B_SPLINE_CURVE ( ( 1.000000000000000000, 0.8047378541243663808, 0.8047378541243663808, 1.000000000000000000 ) ) 
 REPRESENTATION_ITEM ( '' )  );
#2909 = LINE ( 'NONE', #222, #1460 ) ;
#2910 = CARTESIAN_POINT ( 'NONE',  ( 32.49999999999999289, 78.98405037177188603, -19.27386096794026571 ) ) ;
#2911 = CIRCLE ( 'NONE', #3030, 19.00000000000000000 ) ;
#2912 = CARTESIAN_POINT ( 'NONE',  ( -22.58735288728627211, 83.99217566342980490, 0.8780493900101102867 ) ) ;
#2913 = ORIENTED_EDGE ( 'NONE', *, *, #14, .T. ) ;
#2914 = CARTESIAN_POINT ( 'NONE',  ( -23.61519013406132572, 81.65303774182331153, 2.340648401605481155 ) ) ;
#2915 = CARTESIAN_POINT ( 'NONE',  ( 21.77132521999917714, 84.02653441661078659, -6.128065790908895139 ) ) ;
#2916 = CARTESIAN_POINT ( 'NONE',  ( -23.49999999999998579, 67.28679656440358769, -26.69943867327828713 ) ) ;
#2917 = B_SPLINE_CURVE_WITH_KNOTS ( 'NONE', 3,
 ( #1992, #3132, #323, #2887, #1455, #57, #2585, #42, #1138, #300, #1175, #2904, #1413, #697, #1193, #3471, #1435, #911, #2046, #1768, #352, #1535, #2661, #1708, #3540, #2110, #2268, #2392, #122, #1257, #1833, #278 ),
 .UNSPECIFIED., .F., .F.,
 ( 4, 2, 2, 2, 2, 2, 2, 2, 2, 2, 2, 2, 2, 2, 2, 4 ),
 ( 0.000000000000000000, 0.002690184254644754479, 0.005380368509289508959, 0.01076073701857900577, 0.01345092127322375201, 0.01614110552786849825, 0.01883128978251324276, 0.02152147403715799073, 0.02286656616448036125, 0.02421165829180273524, 0.02690184254644747627, 0.02959202680109222772, 0.03228221105573697569, 0.03766257956502646470, 0.04035276381967120574, 0.04304294807431593983 ),
 .UNSPECIFIED. ) ;
#2918 = CARTESIAN_POINT ( 'NONE',  ( 22.38946628810496620, 83.99991313736079235, 3.554170794651023702 ) ) ;
#2919 = ORIENTED_EDGE ( 'NONE', *, *, #14, .F. ) ;
#2920 = CARTESIAN_POINT ( 'NONE',  ( -7.368004629920880788, 289.7919680890697123, -10.46852697135841659 ) ) ;
#2921 = ORIENTED_EDGE ( 'NONE', *, *, #753, .F. ) ;
#2922 = CARTESIAN_POINT ( 'NONE',  ( -23.60934131210413511, 81.65302919633467127, -2.405949947101711839 ) ) ;
#2923 = STYLED_ITEM ( 'NONE', ( #2384 ), #2996 ) ;
#2924 = DIRECTION ( 'NONE',  ( 0.000000000000000000, 1.000000000000000000, 0.000000000000000000 ) ) ;
#2925 = DIRECTION ( 'NONE',  ( -0.000000000000000000, -1.000000000000000000, -0.000000000000000000 ) ) ;
#2926 = EDGE_CURVE ( 'NONE', #1947, #955, #958, .T. ) ;
#2927 = CARTESIAN_POINT ( 'NONE',  ( -8.500000000000063949, 73.50000000000002842, -27.06723568281936920 ) ) ;
#2928 = CARTESIAN_POINT ( 'NONE',  ( -12.23506990536588113, 303.9436861131782734, 3.779325802242474719 ) ) ;
#2929 = CARTESIAN_POINT ( 'NONE',  ( -14.98669883980971740, 84.50915206709436234, -16.92199059052376953 ) ) ;
#2930 =( BOUNDED_CURVE ( )  B_SPLINE_CURVE ( 3, ( #372, #915, #1734, #305 ),
 .UNSPECIFIED., .F., .T. ) 
 B_SPLINE_CURVE_WITH_KNOTS ( ( 4, 4 ),
 ( 4.712388980384690562, 6.283185307179586232 ),
 .UNSPECIFIED. ) 
 CURVE ( )  GEOMETRIC_REPRESENTATION_ITEM ( )  RATIONAL_B_SPLINE_CURVE ( ( 1.000000000000000000, 0.8047378541243652705, 0.8047378541243652705, 1.000000000000000000 ) ) 
 REPRESENTATION_ITEM ( '' )  );
#2931 = ORIENTED_EDGE ( 'NONE', *, *, #1691, .F. ) ;
#2932 = CARTESIAN_POINT ( 'NONE',  ( -16.51066016612064402, 82.52367857402762752, -15.45937173071364867 ) ) ;
#2933 = ORIENTED_EDGE ( 'NONE', *, *, #1884, .F. ) ;
#2934 = LINE ( 'NONE', #1926, #1248 ) ;
#2935 = CARTESIAN_POINT ( 'NONE',  ( 6.897516007522400017, 296.1575521984606780, 10.78356629175874737 ) ) ;
#2936 = CARTESIAN_POINT ( 'NONE',  ( 22.49441215758865198, 82.55377093139746592, -2.226926815412737959 ) ) ;
#2937 = EDGE_LOOP ( 'NONE', ( #3588, #2457, #3141, #3211, #943, #2956, #3504, #1797, #729, #3516, #95, #2093 ) ) ;
#2938 = CARTESIAN_POINT ( 'NONE',  ( -7.945312500000015099, 85.50000000000001421, -21.15731573894343498 ) ) ;
#2939 = CARTESIAN_POINT ( 'NONE',  ( 12.46634459647175319, 442.7211523550299148, 2.903756706594462500 ) ) ;
#2940 = DIRECTION ( 'NONE',  ( -0.000000000000000000, 1.000000000000000000, 0.000000000000000000 ) ) ;
#2941 = ADVANCED_FACE ( 'NONE', ( #2000 ), #48, .T. ) ;
#2942 = CARTESIAN_POINT ( 'NONE',  ( 0.000000000000000000, 143.5000000000000568, 0.000000000000000000 ) ) ;
#2943 = CARTESIAN_POINT ( 'NONE',  ( 0.000000000000000000, 94.50000000000001421, -41.43781760380762336 ) ) ;
#2944 = EDGE_CURVE ( 'NONE', #2982, #1125, #2234, .T. ) ;
#2945 = CARTESIAN_POINT ( 'NONE',  ( -11.73781855967380139, 303.3575792018650645, 5.156846301258188880 ) ) ;
#2946 = VECTOR ( 'NONE', #427, 1000.000000000000000 ) ;
#2947 = CARTESIAN_POINT ( 'NONE',  ( -14.99508142988857529, 84.50809103995281646, 16.91467545574333897 ) ) ;
#2948 = CONICAL_SURFACE ( 'NONE', #1170, 19.60000000000003340, 0.7853981633974425058 ) ;
#2949 = CARTESIAN_POINT ( 'NONE',  ( -15.87648947582936820, 82.51454559308253067, -16.10988871017690371 ) ) ;
#2950 = ORIENTED_EDGE ( 'NONE', *, *, #1240, .T. ) ;
#2951 = CARTESIAN_POINT ( 'NONE',  ( -13.25983199483499497, 84.80716490278365427, 18.30128015928804430 ) ) ;
#2952 = CARTESIAN_POINT ( 'NONE',  ( -12.80001697003157446, 440.4999275945275485, 0.1968230888061670292 ) ) ;
#2953 = CARTESIAN_POINT ( 'NONE',  ( 22.33807767468394800, 84.00238595540054121, -3.543724870883873113 ) ) ;
#2954 = ORIENTED_EDGE ( 'NONE', *, *, #538, .T. ) ;
#2955 = CARTESIAN_POINT ( 'NONE',  ( 1.714505518806294244E-15, 93.50000000000001421, -14.00000000000000000 ) ) ;
#2956 = ORIENTED_EDGE ( 'NONE', *, *, #3560, .T. ) ;
#2957 = CARTESIAN_POINT ( 'NONE',  ( 9.247572828703852110, 286.7880210159197532, -8.866440355903050019 ) ) ;
#2958 = CARTESIAN_POINT ( 'NONE',  ( 11.26172974211756461, 82.44744646328508964, -19.61897956483485217 ) ) ;
#2959 = DIRECTION ( 'NONE',  ( 0.000000000000000000, 0.000000000000000000, 1.000000000000000000 ) ) ;
#2960 = AXIS2_PLACEMENT_3D ( 'NONE', #1670, #2808, #255 ) ;
#2961 = CARTESIAN_POINT ( 'NONE',  ( -206.4886203175368564, -62.77999999999998693, -19.00000000000000000 ) ) ;
#2962 = CARTESIAN_POINT ( 'NONE',  ( -17.76173342945933697, 84.24893421547484706, 14.00298599896490970 ) ) ;
#2963 = ORIENTED_EDGE ( 'NONE', *, *, #1319, .T. ) ;
#2964 = CARTESIAN_POINT ( 'NONE',  ( -17.68244716026639551, 82.53679320874546477, -14.08193831509409222 ) ) ;
#2965 = ORIENTED_EDGE ( 'NONE', *, *, #3476, .T. ) ;
#2966 = DIRECTION ( 'NONE',  ( 0.000000000000000000, 0.000000000000000000, -1.000000000000000000 ) ) ;
#2967 = CARTESIAN_POINT ( 'NONE',  ( 12.80073008974466653, 304.6008419058096024, -0.3685813298946705174 ) ) ;
#2968 = ADVANCED_FACE ( 'NONE', ( #824 ), #2431, .T. ) ;
#2969 = CARTESIAN_POINT ( 'NONE',  ( 23.65479987696808450, 81.65309611412276070, -1.873515681236936015 ) ) ;
#2970 = CIRCLE ( 'NONE', #3152, 22.60000000000000142 ) ;
#2971 = DIRECTION ( 'NONE',  ( 0.000000000000000000, 0.000000000000000000, 1.000000000000000000 ) ) ;
#2972 = ORIENTED_EDGE ( 'NONE', *, *, #1422, .T. ) ;
#2973 = SURFACE_STYLE_FILL_AREA ( #1835 ) ;
#2974 = EDGE_LOOP ( 'NONE', ( #564, #1955, #3420, #3409 ) ) ;
#2975 = CIRCLE ( 'NONE', #3458, 13.99999999999999822 ) ;
#2976 = EDGE_CURVE ( 'NONE', #166, #2052, #3240, .T. ) ;
#2977 = CARTESIAN_POINT ( 'NONE',  ( -6.374166612193316261, 293.5000000000000568, 11.09999999999999787 ) ) ;
#2978 = DIRECTION ( 'NONE',  ( -1.000000000000000000, 0.000000000000000000, 0.000000000000000000 ) ) ;
#2979 = CARTESIAN_POINT ( 'NONE',  ( -12.65874540053689223, 304.4368865588537005, 1.934716568567501183 ) ) ;
#2980 = AXIS2_PLACEMENT_3D ( 'NONE', #3004, #789, #3553 ) ;
#2981 = CARTESIAN_POINT ( 'NONE',  ( -14.26953624017365740, 82.15311281879530725, -18.84614498141770511 ) ) ;
#2982 = VERTEX_POINT ( 'NONE', #1211 ) ;
#2983 = CARTESIAN_POINT ( 'NONE',  ( -21.63959821760835567, 81.65263798677072771, -10.05653314344586491 ) ) ;
#2984 = FACE_OUTER_BOUND ( 'NONE', #495, .T. ) ;
#2985 = CARTESIAN_POINT ( 'NONE',  ( 12.79846926282374575, 304.5982348245372577, 0.8107753311004817220 ) ) ;
#2986 = CARTESIAN_POINT ( 'NONE',  ( 21.99802099760758978, 81.65232342275591293, 9.186213703517417173 ) ) ;
#2987 = CARTESIAN_POINT ( 'NONE',  ( -32.50000000000000000, 60.23294182212369918, -12.00511015546318738 ) ) ;
#2988 = ORIENTED_EDGE ( 'NONE', *, *, #1472, .F. ) ;
#2989 = CARTESIAN_POINT ( 'NONE',  ( 0.000000000000000000, 138.5000000000000000, -19.60000000000003340 ) ) ;
#2990 = DIRECTION ( 'NONE',  ( 1.000000000000000000, -0.000000000000000000, -0.000000000000000000 ) ) ;
#2991 = DIRECTION ( 'NONE',  ( 0.000000000000000000, 1.000000000000000000, 0.000000000000000000 ) ) ;
#2992 = EDGE_CURVE ( 'NONE', #3390, #378, #394, .T. ) ;
#2993 = AXIS2_PLACEMENT_3D ( 'NONE', #1045, #1086, #3343 ) ;
#2994 = LINE ( 'NONE', #3559, #1364 ) ;
#2995 = CARTESIAN_POINT ( 'NONE',  ( 45.00000000000000000, -62.77999999999998693, -10.00000000000000888 ) ) ;
#2996 = MANIFOLD_SOLID_BREP ( 'Copper Cylinder', #455 ) ;
#2997 = CARTESIAN_POINT ( 'NONE',  ( -11.08741933420208525, 82.40710747878087261, -20.73065363176003473 ) ) ;
#2998 = VERTEX_POINT ( 'NONE', #1334 ) ;
#2999 = CARTESIAN_POINT ( 'NONE',  ( -23.30114417051550291, 81.65262035309754651, 4.654448296749396086 ) ) ;
#3000 = ORIENTED_EDGE ( 'NONE', *, *, #627, .T. ) ;
#3001 = LINE ( 'NONE', #2068, #473 ) ;
#3002 = CARTESIAN_POINT ( 'NONE',  ( -32.50000000000000000, 82.50000000000001421, -27.59999999999998721 ) ) ;
#3003 = CYLINDRICAL_SURFACE ( 'NONE', #3013, 15.00000000000000000 ) ;
#3004 = CARTESIAN_POINT ( 'NONE',  ( 14.50000000000000000, 293.5000000000000568, 0.000000000000000000 ) ) ;
#3005 = VERTEX_POINT ( 'NONE', #1897 ) ;
#3006 = CARTESIAN_POINT ( 'NONE',  ( 0.000000000000000000, 85.50000000000001421, 0.000000000000000000 ) ) ;
#3007 = CARTESIAN_POINT ( 'NONE',  ( 12.44347218424182522, 443.5000000000001137, 3.000000000000000888 ) ) ;
#3008 = CARTESIAN_POINT ( 'NONE',  ( -23.66871672031410512, 81.69272146477904073, -1.140362761158985494 ) ) ;
#3009 = CARTESIAN_POINT ( 'NONE',  ( -6.374166612193321590, 293.1098248678788991, 11.09999999999999609 ) ) ;
#3010 = CARTESIAN_POINT ( 'NONE',  ( 9.000000000000001776, 82.50000000000001421, -27.59999999999998721 ) ) ;
#3011 = ADVANCED_FACE ( 'NONE', ( #1040 ), #2542, .T. ) ;
#3012 = CYLINDRICAL_SURFACE ( 'NONE', #3619, 4.749999999999999112 ) ;
#3013 = AXIS2_PLACEMENT_3D ( 'NONE', #884, #1123, #3120 ) ;
#3014 = CARTESIAN_POINT ( 'NONE',  ( -32.50000000000284217, 79.92055635285468895, -20.27769929978540020 ) ) ;
#3015 = EDGE_CURVE ( 'NONE', #2168, #2583, #1665, .T. ) ;
#3016 = ORIENTED_EDGE ( 'NONE', *, *, #2235, .F. ) ;
#3017 = CARTESIAN_POINT ( 'NONE',  ( -15.74228115571430919, 81.74351963294481038, 18.86795957489988496 ) ) ;
#3018 = EDGE_LOOP ( 'NONE', ( #1236, #1915, #1582, #1511 ) ) ;
#3019 = CARTESIAN_POINT ( 'NONE',  ( 11.73066829467282979, 82.35044555213782758, 20.41931158514623590 ) ) ;
#3020 = FACE_OUTER_BOUND ( 'NONE', #3644, .T. ) ;
#3021 = AXIS2_PLACEMENT_3D ( 'NONE', #1288, #2700, #160 ) ;
#3022 = CARTESIAN_POINT ( 'NONE',  ( -14.50000000000000000, 293.5000000000000568, 0.000000000000000000 ) ) ;
#3023 = CARTESIAN_POINT ( 'NONE',  ( -32.50000000000000711, 59.04258587439569084, -18.95398942956627053 ) ) ;
#3024 = ORIENTED_EDGE ( 'NONE', *, *, #1153, .F. ) ;
#3025 = CARTESIAN_POINT ( 'NONE',  ( 4.627594468109065495, 82.56899666667469262, -24.50481230923139364 ) ) ;
#3026 = VECTOR ( 'NONE', #896, 1000.000000000000000 ) ;
#3027 = DIRECTION ( 'NONE',  ( 1.000000000000000000, 0.000000000000000000, 0.000000000000000000 ) ) ;
#3028 = CARTESIAN_POINT ( 'NONE',  ( -4.996630543033449001, 84.08293718455439603, -22.39677068002464821 ) ) ;
#3029 = CARTESIAN_POINT ( 'NONE',  ( -32.50000000000000000, 74.63735009234075335, -0.8811750542733246538 ) ) ;
#3030 = AXIS2_PLACEMENT_3D ( 'NONE', #1290, #2397, #1890 ) ;
#3031 = CYLINDRICAL_SURFACE ( 'NONE', #764, 15.00000000000000000 ) ;
#3032 = DIRECTION ( 'NONE',  ( 0.000000000000000000, 0.000000000000000000, -1.000000000000000000 ) ) ;
#3033 = AXIS2_PLACEMENT_3D ( 'NONE', #2853, #3206, #2048 ) ;
#3034 = FILL_AREA_STYLE ('',( #555 ) ) ;
#3035 = CIRCLE ( 'NONE', #1728, 25.60000000000000142 ) ;
#3036 = ADVANCED_FACE ( 'NONE', ( #1376 ), #478, .F. ) ;
#3037 = B_SPLINE_CURVE_WITH_KNOTS ( 'NONE', 3,
 ( #2365, #979, #2421, #3537, #399, #3551 ),
 .UNSPECIFIED., .F., .F.,
 ( 4, 2, 4 ),
 ( 0.000000000000000000, 0.003036489632996202184, 0.006072979265992404369 ),
 .UNSPECIFIED. ) ;
#3038 = AXIS2_PLACEMENT_3D ( 'NONE', #900, #3157, #3681 ) ;
#3039 = CARTESIAN_POINT ( 'NONE',  ( -32.50000000000000000, 75.73033407520404126, -11.56917675111892763 ) ) ;
#3040 = LINE ( 'NONE', #2527, #9 ) ;
#3041 = ORIENTED_EDGE ( 'NONE', *, *, #2868, .F. ) ;
#3042 = CARTESIAN_POINT ( 'NONE',  ( -17.75522986040050100, 84.24939667661378451, 14.01123633115970080 ) ) ;
#3043 = VERTEX_POINT ( 'NONE', #1331 ) ;
#3044 = CARTESIAN_POINT ( 'NONE',  ( 15.94194308240752456, 82.04423867004018689, 17.50003536367068691 ) ) ;
#3045 = DIRECTION ( 'NONE',  ( 0.000000000000000000, -1.000000000000000000, 0.000000000000000000 ) ) ;
#3046 = ADVANCED_FACE ( 'NONE', ( #498 ), #799, .F. ) ;
#3047 = CARTESIAN_POINT ( 'NONE',  ( 15.88345023610708573, 82.51472306165074144, -16.10325433684301899 ) ) ;
#3048 = CARTESIAN_POINT ( 'NONE',  ( -32.50000000000000000, 59.78643426713279041, -13.71396640663127542 ) ) ;
#3049 = ORIENTED_EDGE ( 'NONE', *, *, #844, .F. ) ;
#3050 = CARTESIAN_POINT ( 'NONE',  ( 4.999315098163830129, 83.57084148547610880, -22.75028910966960893 ) ) ;
#3051 = CARTESIAN_POINT ( 'NONE',  ( -9.621876590789552708, 82.54006276596692260, -20.47170682559142563 ) ) ;
#3052 = CARTESIAN_POINT ( 'NONE',  ( -4.352944110164391311, 82.49999999999998579, -25.06889708356141355 ) ) ;
#3053 = CARTESIAN_POINT ( 'NONE',  ( -22.62220403564377946, 81.72977251818677757, 7.047249333852873221 ) ) ;
#3054 = ORIENTED_EDGE ( 'NONE', *, *, #3306, .F. ) ;
#3055 = MANIFOLD_SOLID_BREP ( 'Plastic Wheel Mount', #523 ) ;
#3056 = CARTESIAN_POINT ( 'NONE',  ( 0.000000000000000000, 85.50000000000001421, 25.60000000000000142 ) ) ;
#3057 = EDGE_CURVE ( 'NONE', #2998, #2058, #3338, .T. ) ;
#3058 = CARTESIAN_POINT ( 'NONE',  ( -32.50000000000000000, 59.20821440427627635, 17.16451039407850487 ) ) ;
#3059 = CARTESIAN_POINT ( 'NONE',  ( 3.245314017740484976E-16, 107.7000000000000171, -31.48781760380762407 ) ) ;
#3060 = DIRECTION ( 'NONE',  ( 0.000000000000000000, 0.000000000000000000, -1.000000000000000000 ) ) ;
#3061 = EDGE_CURVE ( 'NONE', #1404, #3691, #3635, .T. ) ;
#3062 = CARTESIAN_POINT ( 'NONE',  ( -32.50000000000278533, 77.42965606987968386, -16.73708841675014014 ) ) ;
#3063 = DIRECTION ( 'NONE',  ( -0.3515625000000007772, 0.000000000000000000, 0.9361644132275854790 ) ) ;
#3064 = VERTEX_POINT ( 'NONE', #2813 ) ;
#3065 = CARTESIAN_POINT ( 'NONE',  ( -21.99111045666206365, 81.65237931905281243, 9.168198555461314569 ) ) ;
#3066 = ORIENTED_EDGE ( 'NONE', *, *, #1459, .T. ) ;
#3067 = CARTESIAN_POINT ( 'NONE',  ( 32.50000000000000000, 61.71825858050455338, 7.363890178750923887 ) ) ;
#3068 = DIRECTION ( 'NONE',  ( 0.000000000000000000, 0.000000000000000000, -1.000000000000000000 ) ) ;
#3069 = CARTESIAN_POINT ( 'NONE',  ( 9.000000000000001776, 82.50000000000001421, -23.96580897862619963 ) ) ;
#3070 = ADVANCED_FACE ( 'NONE', ( #2524, #2832 ), #1311, .T. ) ;
#3071 = CARTESIAN_POINT ( 'NONE',  ( 9.592271757159208434, 94.50000000000001421, -1.152999793505574910 ) ) ;
#3072 = ORIENTED_EDGE ( 'NONE', *, *, #2439, .T. ) ;
#3073 = DIRECTION ( 'NONE',  ( 0.000000000000000000, -1.000000000000000000, 0.000000000000000000 ) ) ;
#3074 = CARTESIAN_POINT ( 'NONE',  ( 0.000000000000000000, 143.5000000000000568, 12.80000000000000071 ) ) ;
#3075 = CARTESIAN_POINT ( 'NONE',  ( 12.51313426951949737, 442.1691861316111272, -2.695811026433245772 ) ) ;
#3076 = AXIS2_PLACEMENT_3D ( 'NONE', #1167, #13, #2841 ) ;
#3077 = CARTESIAN_POINT ( 'NONE',  ( -21.67190579977763321, 81.76573922623126123, 9.574457300733941523 ) ) ;
#3078 = DIRECTION ( 'NONE',  ( 0.000000000000000000, 1.000000000000000000, -0.000000000000000000 ) ) ;
#3079 = CARTESIAN_POINT ( 'NONE',  ( 7.898330669738385268, 288.8284918139971182, 10.07507788604515042 ) ) ;
#3080 = CIRCLE ( 'NONE', #1952, 22.60000000000000142 ) ;
#3081 = LINE ( 'NONE', #3658, #3216 ) ;
#3082 = VERTEX_POINT ( 'NONE', #3309 ) ;
#3083 = CARTESIAN_POINT ( 'NONE',  ( -18.29312634481646072, 84.21311334003682703, 13.30060068207321677 ) ) ;
#3084 = ORIENTED_EDGE ( 'NONE', *, *, #2225, .T. ) ;
#3085 = CARTESIAN_POINT ( 'NONE',  ( 32.50000000000000000, 61.01664110721463175, 9.467236850916011193 ) ) ;
#3086 = CARTESIAN_POINT ( 'NONE',  ( 6.716471684416703170, 295.6237466238298452, -10.89652870908041393 ) ) ;
#3087 = CYLINDRICAL_SURFACE ( 'NONE', #2539, 11.09999999999999787 ) ;
#3088 = DIRECTION ( 'NONE',  ( 0.000000000000000000, 0.000000000000000000, -1.000000000000000000 ) ) ;
#3089 = ORIENTED_EDGE ( 'NONE', *, *, #828, .F. ) ;
#3090 = CARTESIAN_POINT ( 'NONE',  ( 23.49999999999998224, 49.22000000000001307, 4.749999999999999112 ) ) ;
#3091 = AXIS2_PLACEMENT_3D ( 'NONE', #2444, #1032, #967 ) ;
#3092 = EDGE_CURVE ( 'NONE', #3383, #3609, #2726, .T. ) ;
#3093 = LINE ( 'NONE', #3668, #2864 ) ;
#3094 = FACE_OUTER_BOUND ( 'NONE', #419, .T. ) ;
#3095 = CARTESIAN_POINT ( 'NONE',  ( -14.30936540787777034, 82.15032663388853962, 18.81730949575576872 ) ) ;
#3096 = EDGE_LOOP ( 'NONE', ( #3463, #1361, #1876, #2038 ) ) ;
#3097 = CARTESIAN_POINT ( 'NONE',  ( 0.000000000000000000, 163.5000000000000284, 0.000000000000000000 ) ) ;
#3098 = DIRECTION ( 'NONE',  ( -0.000000000000000000, 1.000000000000000000, 0.000000000000000000 ) ) ;
#3099 = CARTESIAN_POINT ( 'NONE',  ( 8.665359722011251264, 287.6263243681210042, 9.424760584886863413 ) ) ;
#3100 = CARTESIAN_POINT ( 'NONE',  ( 12.76460195003826392, 446.3461263598012465, 0.9684889756884640377 ) ) ;
#3101 = EDGE_LOOP ( 'NONE', ( #1519, #724 ) ) ;
#3102 = CARTESIAN_POINT ( 'NONE',  ( 32.50000000000000000, 80.21801671358645081, 20.52939040997785725 ) ) ;
#3103 = CARTESIAN_POINT ( 'NONE',  ( -13.50000000000000178, 293.5000000000000568, 0.000000000000000000 ) ) ;
#3104 = DIRECTION ( 'NONE',  ( 0.000000000000000000, -1.000000000000000000, 0.000000000000000000 ) ) ;
#3105 = CARTESIAN_POINT ( 'NONE',  ( -17.28679656440360191, 73.49999999999998579, 27.06723568281939052 ) ) ;
#3106 = EDGE_LOOP ( 'NONE', ( #2919, #102, #974, #2029 ) ) ;
#3107 = DIRECTION ( 'NONE',  ( 0.000000000000000000, 0.000000000000000000, 1.000000000000000000 ) ) ;
#3108 = LINE ( 'NONE', #3074, #2727 ) ;
#3109 = CARTESIAN_POINT ( 'NONE',  ( 12.71233843901510063, 440.8970953334745673, 1.504584624812492999 ) ) ;
#3110 = CARTESIAN_POINT ( 'NONE',  ( 13.43895189488302400, 84.76279674972265354, 18.17049455516427869 ) ) ;
#3111 = ORIENTED_EDGE ( 'NONE', *, *, #334, .T. ) ;
#3112 = CARTESIAN_POINT ( 'NONE',  ( 12.86548542198940126, 82.22920132796775761, 18.58699619981420170 ) ) ;
#3113 = CARTESIAN_POINT ( 'NONE',  ( -32.50000000000000000, 59.04241663382989458, 18.95112143501551216 ) ) ;
#3114 = EDGE_CURVE ( 'NONE', #3185, #2769, #2188, .T. ) ;
#3115 = CARTESIAN_POINT ( 'NONE',  ( 10.20677783067507960, 285.5267478737873716, -7.730094380096181439 ) ) ;
#3116 = DIRECTION ( 'NONE',  ( 0.000000000000000000, 0.000000000000000000, 1.000000000000000000 ) ) ;
#3117 = DIRECTION ( 'NONE',  ( 0.000000000000000000, 1.000000000000000000, -1.224646799147353207E-16 ) ) ;
#3118 = CARTESIAN_POINT ( 'NONE',  ( 20.21340752353283321, 81.82578856882500418, -12.34849867734482665 ) ) ;
#3119 = DIRECTION ( 'NONE',  ( 0.000000000000000000, 0.000000000000000000, -1.000000000000000000 ) ) ;
#3120 = DIRECTION ( 'NONE',  ( -1.000000000000000000, 0.000000000000000000, 0.000000000000000000 ) ) ;
#3121 = CARTESIAN_POINT ( 'NONE',  ( -23.50000000000000355, 49.22000000000001307, 4.749999999999999112 ) ) ;
#3122 = CARTESIAN_POINT ( 'NONE',  ( -14.42774106626899666, 81.86477702132101797, -20.55731800721508407 ) ) ;
#3123 = CARTESIAN_POINT ( 'NONE',  ( 13.25983199483500030, 84.80716490278365427, -18.30128015928804430 ) ) ;
#3124 = CARTESIAN_POINT ( 'NONE',  ( 1.567547902908612184E-15, 143.5000000000000568, 12.80000000000000071 ) ) ;
#3125 = FACE_OUTER_BOUND ( 'NONE', #722, .T. ) ;
#3126 = CIRCLE ( 'NONE', #387, 10.00000000000000178 ) ;
#3127 = PLANE ( 'NONE',  #581 ) ;
#3128 = VERTEX_POINT ( 'NONE', #3150 ) ;
#3129 = CARTESIAN_POINT ( 'NONE',  ( 8.790769404981983115, 82.54294144419337442, 20.83981708281415735 ) ) ;
#3130 = CARTESIAN_POINT ( 'NONE',  ( -32.49999999999999289, 74.75665384039649553, -4.190031098823906675 ) ) ;
#3131 = VECTOR ( 'NONE', #2786, 1000.000000000000000 ) ;
#3132 = CARTESIAN_POINT ( 'NONE',  ( 32.50000000000001421, 59.00000000000003553, -19.83274762142504244 ) ) ;
#3133 = CARTESIAN_POINT ( 'NONE',  ( 11.73781855967379606, 283.6424207981350492, 5.156846301258195986 ) ) ;
#3134 = EDGE_CURVE ( 'NONE', #2522, #2285, #2202, .T. ) ;
#3135 = CARTESIAN_POINT ( 'NONE',  ( 12.79996591800187034, 446.4998545834656056, -0.3969477843800137129 ) ) ;
#3136 = CARTESIAN_POINT ( 'NONE',  ( 32.50000000000000000, 60.51697861683526725, -11.08170961162831780 ) ) ;
#3137 = LINE ( 'NONE', #1121, #3480 ) ;
#3138 = B_SPLINE_CURVE_WITH_KNOTS ( 'NONE', 3,
 ( #2240, #3387, #2897, #2882, #1465, #83 ),
 .UNSPECIFIED., .F., .F.,
 ( 4, 2, 4 ),
 ( 0.000000000000000000, 0.003036489632996201317, 0.006072979265992402634 ),
 .UNSPECIFIED. ) ;
#3139 = CARTESIAN_POINT ( 'NONE',  ( 32.50000000000000000, 59.00000000000001421, 0.000000000000000000 ) ) ;
#3140 = LINE ( 'NONE', #1165, #1838 ) ;
#3141 = ORIENTED_EDGE ( 'NONE', *, *, #2504, .F. ) ;
#3142 = DIRECTION ( 'NONE',  ( 0.000000000000000000, 0.000000000000000000, -1.000000000000000000 ) ) ;
#3143 = ORIENTED_EDGE ( 'NONE', *, *, #1225, .T. ) ;
#3144 = CARTESIAN_POINT ( 'NONE',  ( 15.96086653761142493, 84.39752908390052255, 16.02468002838966399 ) ) ;
#3145 = DIRECTION ( 'NONE',  ( 0.000000000000000000, 0.000000000000000000, 1.000000000000000000 ) ) ;
#3146 = CARTESIAN_POINT ( 'NONE',  ( 17.39782712488754512, 82.53416757489637234, 14.43199749288062250 ) ) ;
#3147 = CARTESIAN_POINT ( 'NONE',  ( -10.75961085784827986, 284.8285560179599543, 6.965384619742313710 ) ) ;
#3148 = VERTEX_POINT ( 'NONE', #3452 ) ;
#3149 = CARTESIAN_POINT ( 'NONE',  ( 0.000000000000000000, 82.50000000000001421, 0.000000000000000000 ) ) ;
#3150 = CARTESIAN_POINT ( 'NONE',  ( 0.000000000000000000, 163.5000000000000284, -13.99999999999999822 ) ) ;
#3151 = LINE ( 'NONE', #1752, #3026 ) ;
#3152 = AXIS2_PLACEMENT_3D ( 'NONE', #3308, #2429, #2959 ) ;
#3153 = EDGE_CURVE ( 'NONE', #2192, #2522, #2383, .T. ) ;
#3154 = CARTESIAN_POINT ( 'NONE',  ( 12.66962056204188869, 445.8855286045127855, 1.829726934625320656 ) ) ;
#3155 = CARTESIAN_POINT ( 'NONE',  ( 32.50000000000000000, 61.04356751056859309, -9.384090260330056665 ) ) ;
#3156 = CIRCLE ( 'NONE', #2980, 10.09999999999999787 ) ;
#3157 = DIRECTION ( 'NONE',  ( 1.000000000000000000, 0.000000000000000000, 0.000000000000000000 ) ) ;
#3158 = FACE_BOUND ( 'NONE', #3365, .T. ) ;
#3159 = ORIENTED_EDGE ( 'NONE', *, *, #183, .T. ) ;
#3160 = CARTESIAN_POINT ( 'NONE',  ( 0.000000000000000000, 453.5000000000000000, 0.000000000000000000 ) ) ;
#3161 = EDGE_CURVE ( 'NONE', #1672, #1629, #981, .T. ) ;
#3162 = VERTEX_POINT ( 'NONE', #875 ) ;
#3163 = CARTESIAN_POINT ( 'NONE',  ( 21.86795377668939366, 84.02237661407595226, 5.722770804765808350 ) ) ;
#3164 = CARTESIAN_POINT ( 'NONE',  ( -8.500000000000063949, 73.50000000000002842, -27.06723568281936920 ) ) ;
#3165 = CARTESIAN_POINT ( 'NONE',  ( 17.05574965296625223, 81.69468539416952524, 17.33722898433267190 ) ) ;
#3166 = VECTOR ( 'NONE', #1647, 999.9999999999998863 ) ;
#3167 = CARTESIAN_POINT ( 'NONE',  ( -6.659986623377837311, 291.5613187628587184, -10.93105562519298068 ) ) ;
#3168 = EDGE_LOOP ( 'NONE', ( #2425, #2265 ) ) ;
#3169 = CARTESIAN_POINT ( 'NONE',  ( -14.45204011053217386, 81.85910883097697877, -20.51013192683287656 ) ) ;
#3170 = CARTESIAN_POINT ( 'NONE',  ( 32.50000000000000000, -62.77999999999998693, -19.00000000000000000 ) ) ;
#3171 = DIRECTION ( 'NONE',  ( 0.000000000000000000, 0.000000000000000000, 1.000000000000000000 ) ) ;
#3172 = ADVANCED_FACE ( 'NONE', ( #1730 ), #2502, .F. ) ;
#3173 = EDGE_CURVE ( 'NONE', #2277, #85, #706, .T. ) ;
#3174 = CARTESIAN_POINT ( 'NONE',  ( 12.44347218424182522, 443.5000000000001137, 3.000000000000000888 ) ) ;
#3175 = CARTESIAN_POINT ( 'NONE',  ( 32.50000000000000000, 63.31365195433048854, -0.8546393228730150282 ) ) ;
#3176 = CARTESIAN_POINT ( 'NONE',  ( 32.50000000000000000, 59.00000000000001421, -20.73065363175990328 ) ) ;
#3177 = ORIENTED_EDGE ( 'NONE', *, *, #2082, .T. ) ;
#3178 = CARTESIAN_POINT ( 'NONE',  ( -15.74094094408722277, 81.74359619941638755, -18.86953187907985452 ) ) ;
#3179 = VERTEX_POINT ( 'NONE', #1157 ) ;
#3180 = CARTESIAN_POINT ( 'NONE',  ( 14.65790826315506834, 84.55065323622299900, -17.20768074124313429 ) ) ;
#3181 = CARTESIAN_POINT ( 'NONE',  ( 9.000000000000001776, 82.50000000000001421, -23.96580897862619963 ) ) ;
#3182 = EDGE_CURVE ( 'NONE', #2862, #136, #2917, .T. ) ;
#3183 = CARTESIAN_POINT ( 'NONE',  ( 15.05028357404315820, 81.79001542446799533, 19.69472404724164605 ) ) ;
#3184 = CARTESIAN_POINT ( 'NONE',  ( -12.43648486626563887, 282.8210563088919116, -3.052187308678280253 ) ) ;
#3185 = VERTEX_POINT ( 'NONE', #2543 ) ;
#3186 = CARTESIAN_POINT ( 'NONE',  ( -21.50049024273981146, 81.65283559469466468, 10.37410583503619321 ) ) ;
#3187 = DIRECTION ( 'NONE',  ( 0.000000000000000000, 0.000000000000000000, -1.000000000000000000 ) ) ;
#3188 = CARTESIAN_POINT ( 'NONE',  ( 0.000000000000000000, 135.5000000000000000, -22.60000000000000142 ) ) ;
#3189 = CARTESIAN_POINT ( 'NONE',  ( 15.01998668441486728, 84.80716490278365427, 20.73065363175990328 ) ) ;
#3190 = CARTESIAN_POINT ( 'NONE',  ( 32.50000000000000000, 75.36519091648469271, -9.693490842499183913 ) ) ;
#3191 = CARTESIAN_POINT ( 'NONE',  ( -22.18398830692076729, 84.00876685150309697, 4.406183719624316986 ) ) ;
#3192 = ORIENTED_EDGE ( 'NONE', *, *, #1822, .T. ) ;
#3193 = ORIENTED_EDGE ( 'NONE', *, *, #1889, .T. ) ;
#3194 = CARTESIAN_POINT ( 'NONE',  ( 18.29899310329797757, 84.21272548613934816, -13.29251482127934914 ) ) ;
#3195 = CARTESIAN_POINT ( 'NONE',  ( -12.78100217604110078, 440.5783692632901420, -0.7874093567433400054 ) ) ;
#3196 = B_SPLINE_CURVE_WITH_KNOTS ( 'NONE', 3,
 ( #2519, #2220, #3386, #195, #1072, #1324 ),
 .UNSPECIFIED., .F., .F.,
 ( 4, 2, 4 ),
 ( 0.000000000000000000, 0.003036489632996199148, 0.006072979265992398297 ),
 .UNSPECIFIED. ) ;
#3197 = CARTESIAN_POINT ( 'NONE',  ( 18.25723929398378331, 82.54146979289319574, -13.35070876781488636 ) ) ;
#3198 = EDGE_CURVE ( 'NONE', #865, #525, #595, .T. ) ;
#3199 = CIRCLE ( 'NONE', #519, 23.50000000000000000 ) ;
#3200 = CARTESIAN_POINT ( 'NONE',  ( -12.51528594069521461, 282.7294813833717626, 2.711964564944417511 ) ) ;
#3201 = VERTEX_POINT ( 'NONE', #2566 ) ;
#3202 = CARTESIAN_POINT ( 'NONE',  ( -15.02977555046263447, 81.79239478376383943, 19.72310061126675862 ) ) ;
#3203 = CARTESIAN_POINT ( 'NONE',  ( -11.59945861771218034, 85.19419956839170993, -19.42222365509019610 ) ) ;
#3204 = AXIS2_PLACEMENT_3D ( 'NONE', #2005, #2866, #1744 ) ;
#3205 = FACE_OUTER_BOUND ( 'NONE', #376, .T. ) ;
#3206 = DIRECTION ( 'NONE',  ( 0.000000000000000000, 1.000000000000000000, -0.000000000000000000 ) ) ;
#3207 = AXIS2_PLACEMENT_3D ( 'NONE', #1727, #322, #1453 ) ;
#3208 = CARTESIAN_POINT ( 'NONE',  ( -6.383144769919748107, 293.8905358042023295, 11.09485877617028216 ) ) ;
#3209 = CARTESIAN_POINT ( 'NONE',  ( 32.50000000000000000, 59.04241663382989458, -18.95112143501550506 ) ) ;
#3210 = SURFACE_STYLE_FILL_AREA ( #3477 ) ;
#3211 = ORIENTED_EDGE ( 'NONE', *, *, #214, .T. ) ;
#3212 = CARTESIAN_POINT ( 'NONE',  ( -23.50927186338618924, 81.65278926182162422, -3.743426441329144705 ) ) ;
#3213 = ORIENTED_EDGE ( 'NONE', *, *, #1375, .T. ) ;
#3214 = CARTESIAN_POINT ( 'NONE',  ( 23.70776596955031224, 81.65317522541376150, 0.9415375934161243077 ) ) ;
#3215 = CARTESIAN_POINT ( 'NONE',  ( -12.53318679682230297, 441.9943121530583880, 2.602253402499635992 ) ) ;
#3216 = VECTOR ( 'NONE', #1976, 1000.000000000000000 ) ;
#3217 = CARTESIAN_POINT ( 'NONE',  ( 21.86639940665144266, 82.55311778597938144, 5.728843300648681414 ) ) ;
#3218 = VECTOR ( 'NONE', #254, 1000.000000000000227 ) ;
#3219 = EDGE_LOOP ( 'NONE', ( #571, #2351 ) ) ;
#3220 = ADVANCED_FACE ( 'NONE', ( #22 ), #713, .F. ) ;
#3221 = CARTESIAN_POINT ( 'NONE',  ( -12.11170436457964961, 283.2009850802888877, 4.156526267101908090 ) ) ;
#3222 = VERTEX_POINT ( 'NONE', #1269 ) ;
#3223 = CARTESIAN_POINT ( 'NONE',  ( -23.27167659252977927, 81.65258518967139878, -4.813887572311923435 ) ) ;
#3224 = AXIS2_PLACEMENT_3D ( 'NONE', #2600, #2872, #856 ) ;
#3225 = DIRECTION ( 'NONE',  ( 0.000000000000000000, 0.000000000000000000, 1.000000000000000000 ) ) ;
#3226 = CARTESIAN_POINT ( 'NONE',  ( 4.750000000000000000, 107.7000000000000171, -41.43781760380762336 ) ) ;
#3227 = CARTESIAN_POINT ( 'NONE',  ( -12.11941043114853045, 303.8080783851277147, 4.134277794249435090 ) ) ;
#3228 = CARTESIAN_POINT ( 'NONE',  ( -16.59742095561065511, 84.34111578564966294, 15.36516869183794043 ) ) ;
#3229 = VERTEX_POINT ( 'NONE', #3319 ) ;
#3230 = CARTESIAN_POINT ( 'NONE',  ( -22.59922977111254383, 82.55385809993219937, -1.800752793526325668 ) ) ;
#3231 = ORIENTED_EDGE ( 'NONE', *, *, #2101, .T. ) ;
#3232 = CARTESIAN_POINT ( 'NONE',  ( 14.87730593111983701, 81.80600090473463126, 19.91457081876892232 ) ) ;
#3233 = CARTESIAN_POINT ( 'NONE',  ( -26.00000000000000000, 49.22000000000001307, 4.749999999999999112 ) ) ;
#3234 = CARTESIAN_POINT ( 'NONE',  ( 21.74882127989111069, 82.55297021806693181, 6.160393036621229612 ) ) ;
#3235 = ORIENTED_EDGE ( 'NONE', *, *, #1614, .F. ) ;
#3236 = CARTESIAN_POINT ( 'NONE',  ( -32.50000000000000000, 59.00000000000001421, -20.73065363175990328 ) ) ;
#3237 = CARTESIAN_POINT ( 'NONE',  ( -206.4886203175368564, -62.77999999999998693, -7.903034951608021219E-15 ) ) ;
#3238 = CARTESIAN_POINT ( 'NONE',  ( 6.374166612193322479, 293.5000000000000000, -11.09999999999999787 ) ) ;
#3239 = CIRCLE ( 'NONE', #672, 3.000000000000001332 ) ;
#3240 = B_SPLINE_CURVE_WITH_KNOTS ( 'NONE', 3,
 ( #2821, #1509, #1790, #3493, #2605, #633, #2929, #689, #2893, #990, #94, #1806, #1773, #933, #1227, #3514, #954, #654, #2360, #342, #1526, #3547, #64, #133, #2912, #2652, #358, #112, #3191, #375, #1249, #2343, #973, #2085, #2102, #1491, #2620, #2635, #2962, #3228, #3532, #2947, #77, #2329, #1823, #670, #1477, #2672 ),
 .UNSPECIFIED., .F., .F.,
 ( 4, 2, 2, 2, 2, 2, 2, 2, 2, 2, 2, 2, 2, 2, 2, 2, 2, 2, 2, 2, 2, 2, 2, 4 ),
 ( 0.000000000000000000, 0.0006639948464648772484, 0.001327989692929754497, 0.002655979385859508993, 0.005311958771719017987, 0.006639948464648774001, 0.007967938157578529149, 0.01062391754343804985, 0.01327989692929757229, 0.01460788662222733264, 0.01593587631515709299, 0.02124783508687613440, 0.02257582477980589475, 0.02390381447273565163, 0.02655979385859517233, 0.02921577324445468957, 0.03054376293738445339, 0.03187175263031422068, 0.03452773201617373444, 0.03718371140203325514, 0.03983969078789277585, 0.04116768048082253273, 0.04183167532728741117, 0.04249567017375229655 ),
 .UNSPECIFIED. ) ;
#3241 = FACE_OUTER_BOUND ( 'NONE', #984, .T. ) ;
#3242 = DIRECTION ( 'NONE',  ( 0.000000000000000000, 1.000000000000000000, -0.000000000000000000 ) ) ;
#3243 = EDGE_CURVE ( 'NONE', #3495, #1606, #1047, .T. ) ;
#3244 = VECTOR ( 'NONE', #476, 1000.000000000000000 ) ;
#3245 = CARTESIAN_POINT ( 'NONE',  ( -12.71226536419607456, 304.4987321502157442, 1.546638716050900975 ) ) ;
#3246 = AXIS2_PLACEMENT_3D ( 'NONE', #3189, #1805, #2670 ) ;
#3247 = CARTESIAN_POINT ( 'NONE',  ( 26.00000000000000000, 49.22000000000001307, 4.749999999999999112 ) ) ;
#3248 = CIRCLE ( 'NONE', #3432, 11.09999999999999787 ) ;
#3249 = CARTESIAN_POINT ( 'NONE',  ( -22.53403699759889989, 82.55380427482076300, 1.782596755989135584 ) ) ;
#3250 = ORIENTED_EDGE ( 'NONE', *, *, #1153, .T. ) ;
#3251 = CARTESIAN_POINT ( 'NONE',  ( 21.29364474237207716, 81.65339725548332694, 10.79383690885959801 ) ) ;
#3252 = CARTESIAN_POINT ( 'NONE',  ( 12.72519011453200477, 304.5139556847697691, 1.580529172311212038 ) ) ;
#3253 = CARTESIAN_POINT ( 'NONE',  ( 21.76889832463747965, 84.02664077280738297, -6.136692076600657408 ) ) ;
#3254 = CARTESIAN_POINT ( 'NONE',  ( -13.50000000000000178, 293.5000000000000568, 0.000000000000000000 ) ) ;
#3255 = EDGE_LOOP ( 'NONE', ( #3442, #2913 ) ) ;
#3256 = DIRECTION ( 'NONE',  ( 0.000000000000000000, 0.000000000000000000, -1.000000000000000000 ) ) ;
#3257 = ORIENTED_EDGE ( 'NONE', *, *, #3182, .T. ) ;
#3258 =( GEOMETRIC_REPRESENTATION_CONTEXT ( 3 ) GLOBAL_UNCERTAINTY_ASSIGNED_CONTEXT ( ( #1824 ) ) GLOBAL_UNIT_ASSIGNED_CONTEXT ( ( #2699, #1554, #1237 ) ) REPRESENTATION_CONTEXT ( 'NONE', 'WORKASPACE' ) );
#3259 = DIRECTION ( 'NONE',  ( 0.7957189293076262215, -0.1856157922427173201, 0.5765224741600568636 ) ) ;
#3260 = DIRECTION ( 'NONE',  ( -0.000000000000000000, -1.000000000000000000, -0.000000000000000000 ) ) ;
#3261 = VECTOR ( 'NONE', #274, 1000.000000000000227 ) ;
#3262 = CARTESIAN_POINT ( 'NONE',  ( -8.665359722011245935, 299.3736756318791095, 9.424760584886858084 ) ) ;
#3263 = ORIENTED_EDGE ( 'NONE', *, *, #3556, .F. ) ;
#3264 = CARTESIAN_POINT ( 'NONE',  ( -22.49441215758865198, 82.55377093139746592, 2.226926815412756167 ) ) ;
#3265 = EDGE_LOOP ( 'NONE', ( #1478, #55 ) ) ;
#3266 = CARTESIAN_POINT ( 'NONE',  ( 15.81352803881386215, 81.74107522210847776, 18.78950700050545564 ) ) ;
#3267 = CARTESIAN_POINT ( 'NONE',  ( 11.41991209541771291, 302.9759790104615718, 5.792091153632240363 ) ) ;
#3268 = CARTESIAN_POINT ( 'NONE',  ( 22.38757097225477111, 82.55372733880082592, 3.566424620863060113 ) ) ;
#3269 = EDGE_CURVE ( 'NONE', #2998, #1705, #2375, .T. ) ;
#3270 = DIRECTION ( 'NONE',  ( -1.000000000000000000, 0.000000000000000000, 0.000000000000000000 ) ) ;
#3271 = ORIENTED_EDGE ( 'NONE', *, *, #2007, .T. ) ;
#3272 = CARTESIAN_POINT ( 'NONE',  ( 32.50000000000000000, 59.00000000000003553, -26.20889317180615663 ) ) ;
#3273 = FACE_OUTER_BOUND ( 'NONE', #2450, .T. ) ;
#3274 = CARTESIAN_POINT ( 'NONE',  ( 13.25983199483499853, 84.80716490278365427, -18.30128015928804430 ) ) ;
#3275 = CARTESIAN_POINT ( 'NONE',  ( -4.750000000000000000, 94.50000000000001421, -41.43781760380762336 ) ) ;
#3276 = EDGE_CURVE ( 'NONE', #251, #3005, #3156, .T. ) ;
#3277 = CARTESIAN_POINT ( 'NONE',  ( 4.969314170668538644, 94.50000000000001421, -22.04690265486725664 ) ) ;
#3278 = EDGE_CURVE ( 'NONE', #168, #238, #1543, .T. ) ;
#3279 = ORIENTED_EDGE ( 'NONE', *, *, #1225, .F. ) ;
#3280 = CARTESIAN_POINT ( 'NONE',  ( -21.50520982444271567, 82.55266197249686400, 7.006500422400539385 ) ) ;
#3281 = EDGE_LOOP ( 'NONE', ( #12, #1006 ) ) ;
#3282 = DIRECTION ( 'NONE',  ( 0.000000000000000000, 0.000000000000000000, -1.000000000000000000 ) ) ;
#3283 = CARTESIAN_POINT ( 'NONE',  ( 6.410268340838597645, 294.2791684027515089, 11.07948649034880084 ) ) ;
#3284 = DIRECTION ( 'NONE',  ( 1.000000000000000000, 0.000000000000000000, 0.000000000000000000 ) ) ;
#3285 = CARTESIAN_POINT ( 'NONE',  ( -13.53144103269263887, 82.07385517026517618, 21.39002244219642890 ) ) ;
#3286 = ORIENTED_EDGE ( 'NONE', *, *, #2414, .T. ) ;
#3287 = DIRECTION ( 'NONE',  ( 1.000000000000000000, 0.000000000000000000, 0.000000000000000000 ) ) ;
#3288 = CARTESIAN_POINT ( 'NONE',  ( -32.50000000000000000, 75.16807568659116612, 8.407346497264569507 ) ) ;
#3289 = VECTOR ( 'NONE', #119, 1000.000000000000000 ) ;
#3290 = FACE_BOUND ( 'NONE', #2655, .T. ) ;
#3291 = EDGE_CURVE ( 'NONE', #1494, #2058, #3494, .T. ) ;
#3292 = CARTESIAN_POINT ( 'NONE',  ( 20.00000000000000000, 293.5000000000000568, 0.000000000000000000 ) ) ;
#3293 = CARTESIAN_POINT ( 'NONE',  ( -32.50000000000000000, 59.81955507859277787, -13.72384139199612463 ) ) ;
#3294 = ORIENTED_EDGE ( 'NONE', *, *, #1447, .T. ) ;
#3295 = CARTESIAN_POINT ( 'NONE',  ( -17.70989681387815295, 82.53780061141486613, 14.06908123845062875 ) ) ;
#3296 = EDGE_LOOP ( 'NONE', ( #1229, #945, #3378, #2846 ) ) ;
#3297 = FACE_OUTER_BOUND ( 'NONE', #3096, .T. ) ;
#3298 = DIRECTION ( 'NONE',  ( 0.000000000000000000, 1.000000000000000000, 0.000000000000000000 ) ) ;
#3299 = CARTESIAN_POINT ( 'NONE',  ( 14.99239078866266084, 84.50843395952701087, -16.91701361186389363 ) ) ;
#3300 = DIRECTION ( 'NONE',  ( 0.000000000000000000, 1.000000000000000000, -0.000000000000000000 ) ) ;
#3301 = ORIENTED_EDGE ( 'NONE', *, *, #1466, .F. ) ;
#3302 = CARTESIAN_POINT ( 'NONE',  ( 4.986445499276486615, 84.46973882566761915, -22.22215340956298490 ) ) ;
#3303 = CARTESIAN_POINT ( 'NONE',  ( -23.49999999999999289, -62.77999999999998693, -19.00000000000000000 ) ) ;
#3304 = CARTESIAN_POINT ( 'NONE',  ( -4.969314170668535091, 85.28821542749606976, -22.04690265486723177 ) ) ;
#3305 = CARTESIAN_POINT ( 'NONE',  ( -32.50000000000000000, 63.31365195433048854, 0.8546393228729252112 ) ) ;
#3306 = EDGE_CURVE ( 'NONE', #2708, #1940, #2680, .T. ) ;
#3307 = CARTESIAN_POINT ( 'NONE',  ( 14.33847875787733450, 81.88559906473268768, -20.73065363175990683 ) ) ;
#3308 = CARTESIAN_POINT ( 'NONE',  ( 0.000000000000000000, 85.50000000000001421, 0.000000000000000000 ) ) ;
#3309 = CARTESIAN_POINT ( 'NONE',  ( -12.44347218424182344, 443.5000000000000568, -3.000000000000000888 ) ) ;
#3310 = AXIS2_PLACEMENT_3D ( 'NONE', #1919, #1872, #3060 ) ;
#3311 =( NAMED_UNIT ( * ) SI_UNIT ( $, .STERADIAN. ) SOLID_ANGLE_UNIT ( ) );
#3312 = VERTEX_POINT ( 'NONE', #1850 ) ;
#3313 = CARTESIAN_POINT ( 'NONE',  ( -21.04600349439704843, 84.05969287903924680, 8.247805432724975461 ) ) ;
#3314 = VERTEX_POINT ( 'NONE', #173 ) ;
#3315 = CARTESIAN_POINT ( 'NONE',  ( 32.50000000000000711, 77.12095714754018161, 16.06376871385419491 ) ) ;
#3316 = DIRECTION ( 'NONE',  ( -0.1193418607020716310, 0.000000000000000000, -0.9928532219236473333 ) ) ;
#3317 = AXIS2_PLACEMENT_3D ( 'NONE', #146, #403, #2427 ) ;
#3318 = LINE ( 'NONE', #2714, #2477 ) ;
#3319 = CARTESIAN_POINT ( 'NONE',  ( 32.50000000000000000, 59.00000000000004974, 26.20889317180618505 ) ) ;
#3320 = ORIENTED_EDGE ( 'NONE', *, *, #1177, .F. ) ;
#3321 = FACE_OUTER_BOUND ( 'NONE', #321, .T. ) ;
#3322 = EDGE_CURVE ( 'NONE', #361, #2385, #2562, .T. ) ;
#3323 = AXIS2_PLACEMENT_3D ( 'NONE', #58, #2032, #3171 ) ;
#3324 = LINE ( 'NONE', #2260, #3218 ) ;
#3325 = CARTESIAN_POINT ( 'NONE',  ( 12.44347218424182699, 443.3038115464701718, -3.000000000000001776 ) ) ;
#3326 = CARTESIAN_POINT ( 'NONE',  ( -32.50000000000000000, 74.92286183299948732, 6.311663187172061207 ) ) ;
#3327 = EDGE_CURVE ( 'NONE', #2212, #3691, #1321, .T. ) ;
#3328 = COLOUR_RGB ( '',0.7921568627450980005, 0.8196078431372548767, 0.9333333333333333481 ) ;
#3329 = ORIENTED_EDGE ( 'NONE', *, *, #318, .F. ) ;
#3330 = CARTESIAN_POINT ( 'NONE',  ( 22.76598128423225376, 82.50000000000000000, 27.60000000000001563 ) ) ;
#3331 = CARTESIAN_POINT ( 'NONE',  ( -11.39566802555895464, 82.37962984484516937, 20.58681388698164483 ) ) ;
#3332 = AXIS2_PLACEMENT_3D ( 'NONE', #2739, #3650, #194 ) ;
#3333 = CARTESIAN_POINT ( 'NONE',  ( 12.71226536419607989, 282.5012678497844831, 1.546638716050904971 ) ) ;
#3334 = FACE_OUTER_BOUND ( 'NONE', #117, .T. ) ;
#3335 = ADVANCED_FACE ( 'NONE', ( #3382 ), #2533, .T. ) ;
#3336 = CARTESIAN_POINT ( 'NONE',  ( -32.50000000000000000, 59.63193391900082219, -14.58531122958376791 ) ) ;
#3337 = CARTESIAN_POINT ( 'NONE',  ( -12.06599619813756874, 82.35946485857192556, 19.13914664097671192 ) ) ;
#3338 = CIRCLE ( 'NONE', #2857, 23.50000000000000000 ) ;
#3339 = ORIENTED_EDGE ( 'NONE', *, *, #669, .F. ) ;
#3340 = CARTESIAN_POINT ( 'NONE',  ( -22.88590621487350063, 81.65228162028508052, 6.477023939698326238 ) ) ;
#3341 = ORIENTED_EDGE ( 'NONE', *, *, #2137, .F. ) ;
#3342 = CARTESIAN_POINT ( 'NONE',  ( 19.01267297777292598, 81.88027218947833319, 14.12026506337871012 ) ) ;
#3343 = DIRECTION ( 'NONE',  ( 0.000000000000000000, 0.000000000000000000, 1.000000000000000000 ) ) ;
#3344 = CARTESIAN_POINT ( 'NONE',  ( 13.11965189542451427, 82.30290073438290221, -18.40680395196220331 ) ) ;
#3345 = CARTESIAN_POINT ( 'NONE',  ( -32.49999999999999289, 59.00000000000001421, -19.84264646869864634 ) ) ;
#3346 = ORIENTED_EDGE ( 'NONE', *, *, #191, .F. ) ;
#3347 = CARTESIAN_POINT ( 'NONE',  ( 23.49999999999998224, -62.77999999999998693, 9.999999999999994671 ) ) ;
#3348 = CARTESIAN_POINT ( 'NONE',  ( 6.123233995736768255E-16, 94.50000000000001421, -27.59999999999998721 ) ) ;
#3349 = CARTESIAN_POINT ( 'NONE',  ( -4.701147250014548362, 82.61286456412322821, -24.31419637173245007 ) ) ;
#3350 = CARTESIAN_POINT ( 'NONE',  ( -32.50000000000000000, 74.70589080920996139, 3.240812013555970150 ) ) ;
#3351 = CARTESIAN_POINT ( 'NONE',  ( -14.58966507536402091, 81.83942391580821152, 20.30782973228395605 ) ) ;
#3352 = CARTESIAN_POINT ( 'NONE',  ( -32.49999999998878764, 80.21507276646839557, 20.52731921037265650 ) ) ;
#3353 = AXIS2_PLACEMENT_3D ( 'NONE', #1025, #3298, #2755 ) ;
#3354 = CARTESIAN_POINT ( 'NONE',  ( 9.638245686490211739, 286.2637355599230773, -8.444815647879600817 ) ) ;
#3355 = EDGE_CURVE ( 'NONE', #1930, #3082, #3580, .T. ) ;
#3356 = CARTESIAN_POINT ( 'NONE',  ( 0.000000000000000000, 107.7000000000000171, -41.43781760380762336 ) ) ;
#3357 = ORIENTED_EDGE ( 'NONE', *, *, #1732, .F. ) ;
#3358 = CARTESIAN_POINT ( 'NONE',  ( -20.31648125187021492, 82.55023657805757864, 9.909556055355634996 ) ) ;
#3359 = ORIENTED_EDGE ( 'NONE', *, *, #787, .T. ) ;
#3360 = CARTESIAN_POINT ( 'NONE',  ( 32.50000000000000000, 75.18957649048496705, 8.560307224667518256 ) ) ;
#3361 = CARTESIAN_POINT ( 'NONE',  ( 11.72965350088278669, 303.3470548127014013, -5.135988732187573902 ) ) ;
#3362 = CARTESIAN_POINT ( 'NONE',  ( 13.44972273019375919, 82.36360387043401943, -18.16546026011590342 ) ) ;
#3363 = PRODUCT ( 'Walker_Rear_Wheel_Mount', 'Walker_Rear_Wheel_Mount', '', ( #1439 ) ) ;
#3364 = CARTESIAN_POINT ( 'NONE',  ( -12.46649608624489147, 444.2814803413938876, -2.903110348560279608 ) ) ;
#3365 = EDGE_LOOP ( 'NONE', ( #1041, #2710 ) ) ;
#3366 = CARTESIAN_POINT ( 'NONE',  ( 4.824209726791123920, 82.73953754656885451, -23.92936040696984890 ) ) ;
#3367 = CARTESIAN_POINT ( 'NONE',  ( 26.00000000000000000, 49.22000000000001307, -4.749999999999999112 ) ) ;
#3368 = PRODUCT_DEFINITION ( 'UNKNOWN', '', #63, #2707 ) ;
#3369 = CARTESIAN_POINT ( 'NONE',  ( 12.53330884651036925, 441.9934579428664279, -2.601618429279025868 ) ) ;
#3370 = CARTESIAN_POINT ( 'NONE',  ( -32.49999999999999289, 74.65251952032120641, -1.722098344655555335 ) ) ;
#3371 = VERTEX_POINT ( 'NONE', #2822 ) ;
#3372 = DIRECTION ( 'NONE',  ( 1.000000000000000000, 0.000000000000000000, 0.000000000000000000 ) ) ;
#3373 = DIRECTION ( 'NONE',  ( 0.000000000000000000, 0.000000000000000000, -1.000000000000000000 ) ) ;
#3374 = CARTESIAN_POINT ( 'NONE',  ( 6.374166612193318038, 293.5000000000000568, 11.09999999999999787 ) ) ;
#3375 = VECTOR ( 'NONE', #1287, 1000.000000000000000 ) ;
#3376 = FACE_OUTER_BOUND ( 'NONE', #2112, .T. ) ;
#3377 = CARTESIAN_POINT ( 'NONE',  ( -7.353432607838412238, 297.2045178592767343, -10.48674152360044687 ) ) ;
#3378 = ORIENTED_EDGE ( 'NONE', *, *, #2414, .F. ) ;
#3379 = CARTESIAN_POINT ( 'NONE',  ( 32.50000000000000711, 78.37143493538597738, 18.42136927400932223 ) ) ;
#3380 = CARTESIAN_POINT ( 'NONE',  ( 6.516726488859600153, 294.8688876345389644, -11.01698364441529421 ) ) ;
#3381 = DIRECTION ( 'NONE',  ( 0.000000000000000000, -0.000000000000000000, 1.000000000000000000 ) ) ;
#3382 = FACE_OUTER_BOUND ( 'NONE', #1758, .T. ) ;
#3383 = VERTEX_POINT ( 'NONE', #11 ) ;
#3384 = CYLINDRICAL_SURFACE ( 'NONE', #1997, 3.000000000000000888 ) ;
#3385 = CIRCLE ( 'NONE', #754, 10.00000000000000178 ) ;
#3386 = CARTESIAN_POINT ( 'NONE',  ( -11.59945861771217146, 85.19419956839173835, 19.42222365509019966 ) ) ;
#3387 = CARTESIAN_POINT ( 'NONE',  ( 12.44749568064239043, 85.02181081795423268, -18.88984243229554139 ) ) ;
#3388 = EDGE_CURVE ( 'NONE', #484, #1536, #2908, .T. ) ;
#3389 = CARTESIAN_POINT ( 'NONE',  ( 19.27240935500601537, 84.15205916843690659, 11.83769431629791669 ) ) ;
#3390 = VERTEX_POINT ( 'NONE', #3121 ) ;
#3391 = CARTESIAN_POINT ( 'NONE',  ( 0.000000000000000000, 107.7000000000000171, -34.13781760380762620 ) ) ;
#3392 = VECTOR ( 'NONE', #1034, 1000.000000000000000 ) ;
#3393 = PRESENTATION_STYLE_ASSIGNMENT (( #1917 ) ) ;
#3394 = CARTESIAN_POINT ( 'NONE',  ( 6.899370661904292490, 290.8374746069714547, 10.78239021206131554 ) ) ;
#3395 = LINE ( 'NONE', #840, #2 ) ;
#3396 = CARTESIAN_POINT ( 'NONE',  ( 12.71254762933989646, 446.1039064432250711, 1.502770312846462231 ) ) ;
#3397 = ORIENTED_EDGE ( 'NONE', *, *, #1228, .T. ) ;
#3398 = CARTESIAN_POINT ( 'NONE',  ( 32.50000000000000000, 75.47315821977498729, -10.30141262005647995 ) ) ;
#3399 = CARTESIAN_POINT ( 'NONE',  ( 6.123233995736768255E-16, 94.50000000000001421, -27.59999999999998721 ) ) ;
#3400 = CIRCLE ( 'NONE', #477, 2.999999999999998224 ) ;
#3401 = DIRECTION ( 'NONE',  ( 0.000000000000000000, 0.000000000000000000, 1.000000000000000000 ) ) ;
#3402 = CARTESIAN_POINT ( 'NONE',  ( -12.44347218424182699, 443.6961884535299987, -3.000000000000001776 ) ) ;
#3403 = ORIENTED_EDGE ( 'NONE', *, *, #1466, .T. ) ;
#3404 = CARTESIAN_POINT ( 'NONE',  ( 0.000000000000000000, 107.7000000000000171, 0.000000000000000000 ) ) ;
#3405 = CARTESIAN_POINT ( 'NONE',  ( 13.61512475727542970, 84.72385564874484487, -18.03988781745132641 ) ) ;
#3406 = DIRECTION ( 'NONE',  ( 0.000000000000000000, 0.000000000000000000, -1.000000000000000000 ) ) ;
#3407 = CARTESIAN_POINT ( 'NONE',  ( 23.49999999999998224, 49.22000000000001307, 0.000000000000000000 ) ) ;
#3408 = EDGE_CURVE ( 'NONE', #3162, #1014, #2975, .T. ) ;
#3409 = ORIENTED_EDGE ( 'NONE', *, *, #3355, .T. ) ;
#3410 = DIRECTION ( 'NONE',  ( -0.1283090787574819869, 0.000000000000000000, 0.9917342286663328732 ) ) ;
#3411 = CARTESIAN_POINT ( 'NONE',  ( -32.50000000000000000, 74.86987644938734832, -5.736260104503897672 ) ) ;
#3412 = DIRECTION ( 'NONE',  ( 0.000000000000000000, 1.000000000000000000, 0.000000000000000000 ) ) ;
#3413 = CARTESIAN_POINT ( 'NONE',  ( 11.72972420004382244, 283.6520400958689265, -5.175573235525152249 ) ) ;
#3414 = EDGE_CURVE ( 'NONE', #1629, #584, #602, .T. ) ;
#3415 = CARTESIAN_POINT ( 'NONE',  ( 12.44347218424182344, 443.8922715327436208, -3.000000000000000888 ) ) ;
#3416 = CARTESIAN_POINT ( 'NONE',  ( 32.50000000000000000, 63.22675625138500521, -1.726224084819781401 ) ) ;
#3417 = DIRECTION ( 'NONE',  ( 0.000000000000000000, 0.000000000000000000, -1.000000000000000000 ) ) ;
#3418 = DIRECTION ( 'NONE',  ( 0.000000000000000000, 0.000000000000000000, 1.000000000000000000 ) ) ;
#3419 = CARTESIAN_POINT ( 'NONE',  ( -12.44824263271366327, 443.8944625444893290, 2.980403658258866439 ) ) ;
#3420 = ORIENTED_EDGE ( 'NONE', *, *, #573, .T. ) ;
#3421 = DIRECTION ( 'NONE',  ( 0.000000000000000000, 0.000000000000000000, 1.000000000000000000 ) ) ;
#3422 = ORIENTED_EDGE ( 'NONE', *, *, #3597, .F. ) ;
#3423 = LINE ( 'NONE', #621, #121 ) ;
#3424 = FACE_BOUND ( 'NONE', #3219, .T. ) ;
#3425 = CARTESIAN_POINT ( 'NONE',  ( 14.42774106626934305, 81.86477702132093270, 20.55731800721506985 ) ) ;
#3426 = AXIS2_PLACEMENT_3D ( 'NONE', #1224, #1786, #2571 ) ;
#3427 = AXIS2_PLACEMENT_3D ( 'NONE', #26, #3117, #1474 ) ;
#3428 = CARTESIAN_POINT ( 'NONE',  ( 0.000000000000000000, 107.7000000000000171, -36.78781760380762478 ) ) ;
#3429 = ORIENTED_EDGE ( 'NONE', *, *, #1575, .F. ) ;
#3430 = DIRECTION ( 'NONE',  ( 0.000000000000000000, 0.000000000000000000, 1.000000000000000000 ) ) ;
#3431 = EDGE_CURVE ( 'NONE', #901, #738, #3140, .T. ) ;
#3432 = AXIS2_PLACEMENT_3D ( 'NONE', #2199, #1090, #2518 ) ;
#3433 = CARTESIAN_POINT ( 'NONE',  ( -13.50000000000000178, 293.5000000000000568, 10.09999999999999787 ) ) ;
#3434 = CARTESIAN_POINT ( 'NONE',  ( -7.945312500000015099, 85.50000000000001421, -21.15731573894343498 ) ) ;
#3435 = EDGE_CURVE ( 'NONE', #2529, #2067, #1929, .T. ) ;
#3436 =( BOUNDED_SURFACE ( )  B_SPLINE_SURFACE ( 3, 2, ( 
 ( #1405, #1463, #289 ),
 ( #2314, #1683, #3122 ),
 ( #2299, #3462, #3443 ),
 ( #2003, #887, #606 ),
 ( #2258, #2331, #2879 ),
 ( #330, #3684, #2824 ),
 ( #2278, #1426, #620 ),
 ( #2555, #1719, #3178 ),
 ( #1759, #2895, #1213 ),
 ( #2066, #2949, #956 ),
 ( #3534, #2932, #152 ),
 ( #1826, #377, #2418 ),
 ( #96, #2964, #935 ),
 ( #691, #396, #2637 ),
 ( #2692, #79, #1512 ),
 ( #2345, #3496, #1279 ),
 ( #1230, #1528, #1264 ),
 ( #975, #2133, #2983 ),
 ( #707, #2104, #413 ),
 ( #2654, #360, #116 ),
 ( #1493, #2362, #3515 ),
 ( #635, #1251, #3565 ),
 ( #1007, #2403, #2088 ),
 ( #1547, #2675, #3212 ),
 ( #135, #3230, #656 ),
 ( #1844, #1808, #671 ),
 ( #1775, #1792, #2386 ),
 ( #3548, #3249, #992 ),
 ( #2119, #3264, #2914 ),
 ( #429, #1562, #1062 ),
 ( #461, #1901, #2999 ),
 ( #2191, #443, #3340 ),
 ( #1660, #3280, #483 ),
 ( #3313, #2799, #1360 ),
 ( #3601, #1924, #3065 ),
 ( #723, #2778, #1042 ),
 ( #1875, #3358, #759 ),
 ( #1581, #245, #2709 ),
 ( #3581, #784, #2148 ),
 ( #3083, #1941, #1379 ),
 ( #3042, #3295, #2511 ),
 ( #2211, #1621, #2169 ),
 ( #803, #1022, #2752 ),
 ( #3659, #1100, #167 ),
 ( #739, #505, #3017 ),
 ( #1600, #206, #186 ),
 ( #1859, #1338, #3643 ),
 ( #1315, #2471, #1298 ),
 ( #2491, #2434, #3623 ),
 ( #2451, #1083, #1642 ),
 ( #227, #2271, #2528 ),
 ( #2816, #1142, #3676 ) ),
 .UNSPECIFIED., .F., .F., .T. ) 
 B_SPLINE_SURFACE_WITH_KNOTS ( ( 4, 2, 2, 2, 2, 2, 2, 2, 2, 2, 2, 2, 2, 2, 2, 2, 2, 2, 2, 2, 2, 2, 2, 2, 2, 4 ),
 ( 3, 3 ),
 ( 0.000000000000000000, 0.0003761606112650095870, 0.0007523212225300191739, 0.001504642445060038348, 0.003009284890120076696, 0.006018569780240153391, 0.007523212225300192173, 0.009027854670360230954, 0.01203713956048030678, 0.01504642445060038435, 0.01655106689566042399, 0.01805570934072046191, 0.02407427912096061356, 0.02557892156602065148, 0.02708356401108068939, 0.03009284890120076869, 0.03310213379132084799, 0.03460677623638088590, 0.03611141868144092382, 0.03912070357156099965, 0.04212998846168107547, 0.04513927335180115130, 0.04664391579686118922, 0.04739623701939120470, 0.04777239763065621592, 0.04814855824192122713 ),
 ( 0.000000000000000000, 1.000000000000000000 ),
 .UNSPECIFIED. ) 
 GEOMETRIC_REPRESENTATION_ITEM ( )  RATIONAL_B_SPLINE_SURFACE ( (
 ( 1.000000000000000000, 0.7527563931194948266, 1.000000000000000000),
 ( 1.000000000000000000, 0.7626827277358537716, 1.000000000000000000),
 ( 1.000000000000000000, 0.7693105458984842437, 1.000000000000000000),
 ( 1.000000000000000000, 0.7806931446717871870, 1.000000000000000000),
 ( 1.000000000000000000, 0.7853077211881041020, 1.000000000000000000),
 ( 1.000000000000000000, 0.7976361672214808962, 1.000000000000000000),
 ( 1.000000000000000000, 0.8038232089214577547, 1.000000000000000000),
 ( 1.000000000000000000, 0.8200079283947773190, 1.000000000000000000),
 ( 1.000000000000000000, 0.8275094974378082169, 1.000000000000000000),
 ( 1.000000000000000000, 0.8467219027615706661, 1.000000000000000000),
 ( 1.000000000000000000, 0.8548104825652605987, 1.000000000000000000),
 ( 1.000000000000000000, 0.8648820645784409678, 1.000000000000000000),
 ( 1.000000000000000000, 0.8678068999917685211, 1.000000000000000000),
 ( 1.000000000000000000, 0.8730644727829222074, 1.000000000000000000),
 ( 1.000000000000000000, 0.8753957326206149858, 1.000000000000000000),
 ( 1.000000000000000000, 0.8816616231575574725, 1.000000000000000000),
 ( 1.000000000000000000, 0.8849199903289870495, 1.000000000000000000),
 ( 1.000000000000000000, 0.8903636053237913295, 1.000000000000000000),
 ( 1.000000000000000000, 0.8925359431379296105, 1.000000000000000000),
 ( 1.000000000000000000, 0.8952282927424107806, 1.000000000000000000),
 ( 1.000000000000000000, 0.8960312847972748962, 1.000000000000000000),
 ( 1.000000000000000000, 0.8974582355586899762, 1.000000000000000000),
 ( 1.000000000000000000, 0.8980809520448320704, 1.000000000000000000),
 ( 1.000000000000000000, 0.9008014949961641316, 1.000000000000000000),
 ( 1.000000000000000000, 0.9017764914632261375, 1.000000000000000000),
 ( 1.000000000000000000, 0.9017811271060638401, 1.000000000000000000),
 ( 1.000000000000000000, 0.9017173778595037881, 1.000000000000000000),
 ( 1.000000000000000000, 0.9014607212659109248, 1.000000000000000000),
 ( 1.000000000000000000, 0.9012681228266022915, 1.000000000000000000),
 ( 1.000000000000000000, 0.9004929491909323680, 1.000000000000000000),
 ( 1.000000000000000000, 0.8997160629767058104, 1.000000000000000000),
 ( 1.000000000000000000, 0.8975514099442467586, 1.000000000000000000),
 ( 1.000000000000000000, 0.8961659169555084015, 1.000000000000000000),
 ( 1.000000000000000000, 0.8934702460653972667, 1.000000000000000000),
 ( 1.000000000000000000, 0.8924697469046647402, 1.000000000000000000),
 ( 1.000000000000000000, 0.8902486174946921960, 1.000000000000000000),
 ( 1.000000000000000000, 0.8890257057606412161, 1.000000000000000000),
 ( 1.000000000000000000, 0.8849469322329253096, 1.000000000000000000),
 ( 1.000000000000000000, 0.8817006288101668643, 1.000000000000000000),
 ( 1.000000000000000000, 0.8734352707371438873, 1.000000000000000000),
 ( 1.000000000000000000, 0.8684544296096685656, 1.000000000000000000),
 ( 1.000000000000000000, 0.8549618536785814626, 1.000000000000000000),
 ( 1.000000000000000000, 0.8468370479903269965, 1.000000000000000000),
 ( 1.000000000000000000, 0.8275671885913304937, 1.000000000000000000),
 ( 1.000000000000000000, 0.8200457687095300541, 1.000000000000000000),
 ( 1.000000000000000000, 0.8038341494748902916, 1.000000000000000000),
 ( 1.000000000000000000, 0.7976385190234056566, 1.000000000000000000),
 ( 1.000000000000000000, 0.7853008974448940638, 1.000000000000000000),
 ( 1.000000000000000000, 0.7806838446254643626, 1.000000000000000000),
 ( 1.000000000000000000, 0.7693000648808160369, 1.000000000000000000),
 ( 1.000000000000000000, 0.7626728765371121321, 1.000000000000000000),
 ( 1.000000000000000000, 0.7527563931194938274, 1.000000000000000000) ) ) 
 REPRESENTATION_ITEM ( '' )  SURFACE ( )  );
#3437 = CARTESIAN_POINT ( 'NONE',  ( 3.245314017740484483E-16, 107.7000000000000171, -31.48781760380762407 ) ) ;
#3438 = CARTESIAN_POINT ( 'NONE',  ( 32.50000000000000000, 61.88968391167198035, -6.852294343640447316 ) ) ;
#3439 = CYLINDRICAL_SURFACE ( 'NONE', #2461, 4.749999999999999112 ) ;
#3440 = DIRECTION ( 'NONE',  ( 0.000000000000000000, 0.000000000000000000, -1.000000000000000000 ) ) ;
#3441 = CARTESIAN_POINT ( 'NONE',  ( -12.51313426951949737, 444.8308138683890434, -2.695811026433245772 ) ) ;
#3442 = ORIENTED_EDGE ( 'NONE', *, *, #734, .T. ) ;
#3443 = CARTESIAN_POINT ( 'NONE',  ( -14.51840617641617115, 81.85074906607853507, -20.41856709978057438 ) ) ;
#3444 = CARTESIAN_POINT ( 'NONE',  ( 14.99508142988858594, 84.50809103995283067, -16.91467545574333897 ) ) ;
#3445 = CARTESIAN_POINT ( 'NONE',  ( -12.44347218424182344, 443.5000000000000568, -3.000000000000000888 ) ) ;
#3446 = ADVANCED_FACE ( 'NONE', ( #232 ), #2496, .T. ) ;
#3447 = CIRCLE ( 'NONE', #1830, 14.00000000000000000 ) ;
#3448 = LINE ( 'NONE', #1000, #1585 ) ;
#3449 = ORIENTED_EDGE ( 'NONE', *, *, #1422, .F. ) ;
#3450 = CARTESIAN_POINT ( 'NONE',  ( 8.499999999999923617, 73.50000000000002842, 27.06723568281940118 ) ) ;
#3451 = ADVANCED_FACE ( 'NONE', ( #2021, #3158 ), #2877, .T. ) ;
#3452 = CARTESIAN_POINT ( 'NONE',  ( 14.33847875787735582, 81.88559906473267347, -20.73065363175990328 ) ) ;
#3453 = CARTESIAN_POINT ( 'NONE',  ( -4.242474553367390655, 82.50000000000001421, -25.24601769911504690 ) ) ;
#3454 = AXIS2_PLACEMENT_3D ( 'NONE', #1310, #2669, #751 ) ;
#3455 = CYLINDRICAL_SURFACE ( 'NONE', #1247, 23.50000000000000000 ) ;
#3456 = CARTESIAN_POINT ( 'NONE',  ( -10.93034346981782612, 302.3800898646264272, -6.669230374853914789 ) ) ;
#3457 = CARTESIAN_POINT ( 'NONE',  ( 32.50000000000000000, 75.70416325386246115, -11.45056125814560843 ) ) ;
#3458 = AXIS2_PLACEMENT_3D ( 'NONE', #547, #510, #31 ) ;
#3459 = EDGE_CURVE ( 'NONE', #1865, #2583, #203, .T. ) ;
#3460 = LINE ( 'NONE', #2803, #285 ) ;
#3461 = ORIENTED_EDGE ( 'NONE', *, *, #2903, .F. ) ;
#3462 = CARTESIAN_POINT ( 'NONE',  ( -13.11984005592485758, 82.30294373692241550, -18.40666876735114599 ) ) ;
#3463 = ORIENTED_EDGE ( 'NONE', *, *, #21, .F. ) ;
#3464 = CARTESIAN_POINT ( 'NONE',  ( 21.75088640613595459, 84.02748836613923800, 6.153001368004246352 ) ) ;
#3465 = DIRECTION ( 'NONE',  ( 0.000000000000000000, 1.000000000000000000, 0.000000000000000000 ) ) ;
#3466 = CARTESIAN_POINT ( 'NONE',  ( 18.49571653057785880, 82.54275238382061275, 12.99518474738379936 ) ) ;
#3467 = AXIS2_PLACEMENT_3D ( 'NONE', #837, #1958, #260 ) ;
#3468 = CARTESIAN_POINT ( 'NONE',  ( -11.86823099048809915, 283.4884468017598351, -4.807935933519750016 ) ) ;
#3469 = ORIENTED_EDGE ( 'NONE', *, *, #2355, .T. ) ;
#3470 = CARTESIAN_POINT ( 'NONE',  ( -19.13958352789785522, 81.66426372014279877, -14.59109985064497472 ) ) ;
#3471 = CARTESIAN_POINT ( 'NONE',  ( 32.50000000000000711, 63.33414408582164867, 0.4699883243163742175 ) ) ;
#3472 = CARTESIAN_POINT ( 'NONE',  ( -32.50000000000000000, 59.00000000000003553, -26.20889317180615663 ) ) ;
#3473 = DIRECTION ( 'NONE',  ( -1.000000000000000000, 0.000000000000000000, 0.000000000000000000 ) ) ;
#3474 = CARTESIAN_POINT ( 'NONE',  ( -10.39895022012957249, 301.7174590370797205, 7.470211948727611073 ) ) ;
#3475 = CARTESIAN_POINT ( 'NONE',  ( 19.09141745241531041, 81.87654571314408258, -14.01426526382537574 ) ) ;
#3476 = EDGE_CURVE ( 'NONE', #525, #1742, #3040, .T. ) ;
#3477 = FILL_AREA_STYLE ('',( #2064 ) ) ;
#3478 = ORIENTED_EDGE ( 'NONE', *, *, #692, .T. ) ;
#3479 = CYLINDRICAL_SURFACE ( 'NONE', #41, 4.749999999999999112 ) ;
#3480 = VECTOR ( 'NONE', #1505, 1000.000000000000000 ) ;
#3481 = ORIENTED_EDGE ( 'NONE', *, *, #3114, .T. ) ;
#3482 = CARTESIAN_POINT ( 'NONE',  ( 16.59742095561066222, 84.34111578564963452, -15.36516869183793155 ) ) ;
#3483 = CARTESIAN_POINT ( 'NONE',  ( -12.73157744404795189, 440.8058319283645119, -1.334332535754516824 ) ) ;
#3484 = CARTESIAN_POINT ( 'NONE',  ( 20.38369931047553507, 81.65605736601689557, -12.58295783815215074 ) ) ;
#3485 = DIRECTION ( 'NONE',  ( 0.000000000000000000, -1.000000000000000000, 0.000000000000000000 ) ) ;
#3486 = EDGE_LOOP ( 'NONE', ( #3213, #2785, #3461, #1063 ) ) ;
#3487 = CARTESIAN_POINT ( 'NONE',  ( -15.02915755526698938, 81.79244827313038968, -19.72387343395015336 ) ) ;
#3488 = DIRECTION ( 'NONE',  ( -1.000000000000000000, 0.000000000000000000, -0.000000000000000000 ) ) ;
#3489 =( LENGTH_UNIT ( ) NAMED_UNIT ( * ) SI_UNIT ( .MILLI., .METRE. ) );
#3490 = ADVANCED_FACE ( 'NONE', ( #2546 ), #263, .T. ) ;
#3491 = CARTESIAN_POINT ( 'NONE',  ( -8.468946656007952711, 299.0809097418976990, 9.601043943762405775 ) ) ;
#3492 = CARTESIAN_POINT ( 'NONE',  ( 32.50000000000000000, 79.30018154801770436, -19.64617888725103612 ) ) ;
#3493 = CARTESIAN_POINT ( 'NONE',  ( -13.96664972746054190, 84.65803951169304753, -17.76912036426145391 ) ) ;
#3494 = B_SPLINE_CURVE_WITH_KNOTS ( 'NONE', 3,
 ( #448, #3587, #1552, #2737, #3285, #418 ),
 .UNSPECIFIED., .F., .F.,
 ( 4, 2, 4 ),
 ( 0.000000000000000000, 0.003136202882305397406, 0.006272405764610794812 ),
 .UNSPECIFIED. ) ;
#3495 = VERTEX_POINT ( 'NONE', #1060 ) ;
#3496 = CARTESIAN_POINT ( 'NONE',  ( -19.24781077751153902, 82.54683623229691136, -11.87795801606124257 ) ) ;
#3497 = EDGE_LOOP ( 'NONE', ( #921, #2954, #2963, #2089, #3666, #1021, #1740 ) ) ;
#3498 = PLANE ( 'NONE',  #304 ) ;
#3499 = CARTESIAN_POINT ( 'NONE',  ( 11.85842238013734118, 303.4999253520813909, 4.831967702535242992 ) ) ;
#3500 = CARTESIAN_POINT ( 'NONE',  ( 21.34934898495825450, 84.04553168153263698, 7.427254340065507776 ) ) ;
#3501 = VERTEX_POINT ( 'NONE', #3675 ) ;
#3502 = B_SPLINE_CURVE_WITH_KNOTS ( 'NONE', 3,
 ( #2229, #3415, #1118, #2034, #616, #2855, #1179, #859, #307, #2293, #577, #1736, #3135, #2251, #1754, #340, #3100, #2890, #3396, #3154, #841, #599, #1996, #1977, #1418, #1440, #1712, #2569, #1676, #3174 ),
 .UNSPECIFIED., .F., .F.,
 ( 4, 2, 2, 2, 2, 2, 2, 2, 2, 2, 2, 2, 2, 2, 4 ),
 ( 0.009412137072675748339, 0.01058833824859261794, 0.01117643883655105273, 0.01176453942450948753, 0.01235264001246792233, 0.01294074060042635539, 0.01411694177634316080, 0.01470504236430156264, 0.01529314295225996448, 0.01588124354021836632, 0.01646934412817676815, 0.01705744471613517346, 0.01764554530409357530, 0.01823364589205197714, 0.01882174648001037898 ),
 .UNSPECIFIED. ) ;
#3503 = DIRECTION ( 'NONE',  ( 1.000000000000000000, 0.000000000000000000, 0.000000000000000000 ) ) ;
#3504 = ORIENTED_EDGE ( 'NONE', *, *, #3526, .T. ) ;
#3505 = CARTESIAN_POINT ( 'NONE',  ( -17.39703151455105967, 81.68870366906048730, -16.92847155197492270 ) ) ;
#3506 = EDGE_CURVE ( 'NONE', #1705, #3383, #1438, .T. ) ;
#3507 = AXIS2_PLACEMENT_3D ( 'NONE', #1284, #2423, #727 ) ;
#3508 = CARTESIAN_POINT ( 'NONE',  ( -6.374166612193320702, 293.5000000000001137, -11.09999999999999787 ) ) ;
#3509 = CIRCLE ( 'NONE', #1353, 19.00000000000000000 ) ;
#3510 = CARTESIAN_POINT ( 'NONE',  ( -14.50000000000000000, 293.5000000000000568, 0.000000000000000000 ) ) ;
#3511 = CIRCLE ( 'NONE', #2183, 4.749999999999999112 ) ;
#3512 = CARTESIAN_POINT ( 'NONE',  ( -7.046768322433416998, 296.5197169056288544, 10.68739577070014235 ) ) ;
#3513 = AXIS2_PLACEMENT_3D ( 'NONE', #353, #1487, #1176 ) ;
#3514 = CARTESIAN_POINT ( 'NONE',  ( -20.52486573945440895, 84.08471551555560097, -9.501301555609998672 ) ) ;
#3515 = CARTESIAN_POINT ( 'NONE',  ( -22.60842076545655033, 81.65219865556515799, -7.396236979495412811 ) ) ;
#3516 = ORIENTED_EDGE ( 'NONE', *, *, #529, .T. ) ;
#3517 = CARTESIAN_POINT ( 'NONE',  ( 20.64896591725822717, 81.65513978605028456, -12.10348892135138321 ) ) ;
#3518 = CARTESIAN_POINT ( 'NONE',  ( -12.46651202677506021, 442.7181827085545365, 2.903042840519003409 ) ) ;
#3519 = AXIS2_PLACEMENT_3D ( 'NONE', #2568, #650, #1771 ) ;
#3520 = CARTESIAN_POINT ( 'NONE',  ( 22.59923326223713858, 83.99169553088046314, 1.796658609075637125 ) ) ;
#3521 = CIRCLE ( 'NONE', #3332, 3.000000000000001776 ) ;
#3522 = EDGE_LOOP ( 'NONE', ( #2190, #607, #449, #3429 ) ) ;
#3523 = PRESENTATION_STYLE_ASSIGNMENT (( #2141 ) ) ;
#3524 = CARTESIAN_POINT ( 'NONE',  ( 8.663087878886301496, 287.6297481942898457, -9.426757149435603722 ) ) ;
#3525 = AXIS2_PLACEMENT_3D ( 'NONE', #1164, #2296, #3440 ) ;
#3526 = EDGE_CURVE ( 'NONE', #3622, #484, #801, .T. ) ;
#3527 = AXIS2_PLACEMENT_3D ( 'NONE', #2797, #2189, #281 ) ;
#3528 = DIRECTION ( 'NONE',  ( 0.000000000000000000, 1.000000000000000000, -0.000000000000000000 ) ) ;
#3529 = CARTESIAN_POINT ( 'NONE',  ( 17.28679656440350954, 73.50000000000007105, 27.06723568281939762 ) ) ;
#3530 = ADVANCED_FACE ( 'NONE', ( #3376 ), #127, .F. ) ;
#3531 = CARTESIAN_POINT ( 'NONE',  ( 23.49999999999999289, 58.50000000000004974, 26.17929515418504138 ) ) ;
#3532 = CARTESIAN_POINT ( 'NONE',  ( -15.97809452759638127, 84.39576141263366083, 16.00797759605051951 ) ) ;
#3533 = ORIENTED_EDGE ( 'NONE', *, *, #1210, .F. ) ;
#3534 = CARTESIAN_POINT ( 'NONE',  ( -16.57922582569777603, 84.34273272231608587, -15.38430780172815204 ) ) ;
#3535 = ORIENTED_EDGE ( 'NONE', *, *, #2756, .T. ) ;
#3536 = CARTESIAN_POINT ( 'NONE',  ( 23.60934131210413156, 81.65302919633468548, 2.405949947101719832 ) ) ;
#3537 = CARTESIAN_POINT ( 'NONE',  ( 11.59945861771217324, 85.19419956839176677, 19.42222365509018900 ) ) ;
#3538 = CARTESIAN_POINT ( 'NONE',  ( 22.58695017980873843, 82.55384827224970934, -0.8888360568186385313 ) ) ;
#3539 = AXIS2_PLACEMENT_3D ( 'NONE', #1904, #3626, #806 ) ;
#3540 = CARTESIAN_POINT ( 'NONE',  ( 32.50000000000000000, 61.01695508972612458, 9.466288049086978518 ) ) ;
#3541 = ORIENTED_EDGE ( 'NONE', *, *, #422, .F. ) ;
#3542 = ORIENTED_EDGE ( 'NONE', *, *, #2837, .T. ) ;
#3543 = CARTESIAN_POINT ( 'NONE',  ( 8.790769404979881685, 82.54294144419344548, -20.83981708281182321 ) ) ;
#3544 = FACE_BOUND ( 'NONE', #3101, .T. ) ;
#3545 = CARTESIAN_POINT ( 'NONE',  ( -9.256466753600884445, 300.2244778256173845, 8.857545259079868671 ) ) ;
#3546 = EDGE_CURVE ( 'NONE', #265, #2218, #952, .T. ) ;
#3547 = CARTESIAN_POINT ( 'NONE',  ( -22.38815005250723189, 83.99996634573132326, -3.562424208216082189 ) ) ;
#3548 = CARTESIAN_POINT ( 'NONE',  ( -22.53434116738645443, 83.99433074687880207, 1.778468360581649144 ) ) ;
#3549 = ORIENTED_EDGE ( 'NONE', *, *, #2378, .T. ) ;
#3550 = CARTESIAN_POINT ( 'NONE',  ( 18.58774850022748737, 81.66943964550185342, -15.37618329095970005 ) ) ;
#3551 = CARTESIAN_POINT ( 'NONE',  ( 13.25983199483500030, 84.80716490278365427, 18.30128015928804075 ) ) ;
#3552 = CARTESIAN_POINT ( 'NONE',  ( 22.46446543553426523, 81.65218430313417741, 7.848725184100992180 ) ) ;
#3553 = DIRECTION ( 'NONE',  ( 0.000000000000000000, 0.000000000000000000, -1.000000000000000000 ) ) ;
#3554 = ORIENTED_EDGE ( 'NONE', *, *, #183, .F. ) ;
#3555 = CARTESIAN_POINT ( 'NONE',  ( 32.49999999999999289, 72.76598128423229639, -27.02378468505227715 ) ) ;
#3556 = EDGE_CURVE ( 'NONE', #3495, #3064, #1486, .T. ) ;
#3557 = VECTOR ( 'NONE', #2443, 1000.000000000000227 ) ;
#3558 = DIRECTION ( 'NONE',  ( -1.000000000000000000, 0.000000000000000000, 0.000000000000000000 ) ) ;
#3559 = CARTESIAN_POINT ( 'NONE',  ( 45.00000000000000000, -62.77999999999998693, -10.00000000000000888 ) ) ;
#3560 = EDGE_CURVE ( 'NONE', #1280, #3622, #2270, .T. ) ;
#3561 = TOROIDAL_SURFACE ( 'NONE', #1957, 10.09999999999999787, 1.000000000000000000 ) ;
#3562 = DIRECTION ( 'NONE',  ( -1.000000000000000000, 0.000000000000000000, 0.000000000000000000 ) ) ;
#3563 = CARTESIAN_POINT ( 'NONE',  ( -32.50000000000000000, 75.18957649048496705, -8.560307224667164760 ) ) ;
#3564 = ORIENTED_EDGE ( 'NONE', *, *, #2775, .F. ) ;
#3565 = CARTESIAN_POINT ( 'NONE',  ( -22.87006831576247734, 81.65228900944717338, -6.486493342171723242 ) ) ;
#3566 = EDGE_CURVE ( 'NONE', #865, #187, #3395, .T. ) ;
#3567 = ORIENTED_EDGE ( 'NONE', *, *, #318, .T. ) ;
#3568 = CARTESIAN_POINT ( 'NONE',  ( 22.82319819461825716, 81.65224515274104533, -6.712523340136689498 ) ) ;
#3569 = CARTESIAN_POINT ( 'NONE',  ( -12.57672065836989894, 441.6669077690813765, 2.382979550099781019 ) ) ;
#3570 = CARTESIAN_POINT ( 'NONE',  ( 13.95050036115815928, 82.42240659503602274, -17.78375247039766194 ) ) ;
#3571 = CARTESIAN_POINT ( 'NONE',  ( 0.000000000000000000, 94.50000000000001421, -34.13781760380762620 ) ) ;
#3572 = ORIENTED_EDGE ( 'NONE', *, *, #3560, .F. ) ;
#3573 = DIRECTION ( 'NONE',  ( -1.000000000000000000, -0.000000000000000000, -0.000000000000000000 ) ) ;
#3574 =( BOUNDED_CURVE ( )  B_SPLINE_CURVE ( 3, ( #3164, #1150, #2916, #364 ),
 .UNSPECIFIED., .F., .T. ) 
 B_SPLINE_CURVE_WITH_KNOTS ( ( 4, 4 ),
 ( 3.932039878880762484E-15, 1.570796326794894782 ),
 .UNSPECIFIED. ) 
 CURVE ( )  GEOMETRIC_REPRESENTATION_ITEM ( )  RATIONAL_B_SPLINE_CURVE ( ( 1.000000000000000000, 0.8047378541243663808, 0.8047378541243663808, 1.000000000000000000 ) ) 
 REPRESENTATION_ITEM ( '' )  );
#3575 = CARTESIAN_POINT ( 'NONE',  ( 0.000000000000000000, 143.5000000000000568, 12.80000000000000071 ) ) ;
#3576 = DIRECTION ( 'NONE',  ( 0.000000000000000000, 0.000000000000000000, -1.000000000000000000 ) ) ;
#3577 = FACE_OUTER_BOUND ( 'NONE', #2103, .T. ) ;
#3578 = CARTESIAN_POINT ( 'NONE',  ( -32.50000000000000000, 75.49784015979794560, -10.43336510314804144 ) ) ;
#3579 = VERTEX_POINT ( 'NONE', #225 ) ;
#3580 = B_SPLINE_CURVE_WITH_KNOTS ( 'NONE', 3,
 ( #531, #1444, #3419, #846, #2784, #2804, #2217, #825, #2861, #1105, #2839, #583, #1717, #1966, #270, #1666, #313, #1367, #250, #287, #1681, #1424, #1403, #1946, #2553, #2236, #3682, #1124, #3441, #2573, #3364, #2001, #3402, #563 ),
 .UNSPECIFIED., .F., .F.,
 ( 4, 2, 2, 2, 2, 2, 2, 2, 2, 2, 2, 2, 2, 2, 2, 2, 4 ),
 ( 5.628001472949081626E-17, 0.0005882585670422870719, 0.001176517134084517982, 0.001764775701126748784, 0.002353034268168979586, 0.002941292835211210387, 0.003529551402253441189, 0.004117809969295672425, 0.004706068536337902793, 0.005294327103380133161, 0.005882585670422364396, 0.006470844237464595632, 0.007059102804506826000, 0.007647361371549056368, 0.008235619938591287603, 0.008823878505633517971, 0.009412137072675748339 ),
 .UNSPECIFIED. ) ;
#3581 = CARTESIAN_POINT ( 'NONE',  ( -19.27792140459062153, 84.15175690914330175, 11.82819497175335144 ) ) ;
#3582 = ORIENTED_EDGE ( 'NONE', *, *, #988, .F. ) ;
#3583 = CARTESIAN_POINT ( 'NONE',  ( 32.50000000000000711, 75.73033407520408389, 11.56917675111714594 ) ) ;
#3584 = CARTESIAN_POINT ( 'NONE',  ( 6.560137069166369628, 295.0615573898911066, -10.99126928695608818 ) ) ;
#3585 = EDGE_CURVE ( 'NONE', #1183, #693, #2510, .T. ) ;
#3586 = CARTESIAN_POINT ( 'NONE',  ( 14.33847875787735582, 81.88559906473267347, -20.73065363175990328 ) ) ;
#3587 = CARTESIAN_POINT ( 'NONE',  ( -9.977445110680852380, 82.50000000000001421, 23.55188478991912504 ) ) ;
#3588 = ORIENTED_EDGE ( 'NONE', *, *, #1884, .T. ) ;
#3589 = CARTESIAN_POINT ( 'NONE',  ( 32.49999999999159428, 80.21507276647014351, -20.52731921037910467 ) ) ;
#3590 = EDGE_LOOP ( 'NONE', ( #3341, #3301, #3192, #1655 ) ) ;
#3591 = CARTESIAN_POINT ( 'NONE',  ( -23.32689123964789601, 81.70454876487698925, 4.164099924974337341 ) ) ;
#3592 = CARTESIAN_POINT ( 'NONE',  ( -6.651438322761102029, 291.5690705929501974, 10.93706529564892804 ) ) ;
#3593 = DIRECTION ( 'NONE',  ( 0.000000000000000000, 0.000000000000000000, 1.000000000000000000 ) ) ;
#3594 = CARTESIAN_POINT ( 'NONE',  ( 0.000000000000000000, 107.7000000000000171, -34.13781760380762620 ) ) ;
#3595 = LINE ( 'NONE', #2748, #204 ) ;
#3596 = CARTESIAN_POINT ( 'NONE',  ( -12.88166887070169331, 82.25592106909506640, -19.77167775393745686 ) ) ;
#3597 = EDGE_CURVE ( 'NONE', #1265, #85, #3081, .T. ) ;
#3598 = VECTOR ( 'NONE', #1400, 1000.000000000000000 ) ;
#3599 = AXIS2_PLACEMENT_3D ( 'NONE', #558, #2603, #61 ) ;
#3600 = ORIENTED_EDGE ( 'NONE', *, *, #3015, .F. ) ;
#3601 = CARTESIAN_POINT ( 'NONE',  ( -20.87811843833974734, 84.06770643431313772, 8.663873780441887718 ) ) ;
#3602 = ORIENTED_EDGE ( 'NONE', *, *, #3680, .F. ) ;
#3603 = DIRECTION ( 'NONE',  ( 0.000000000000000000, -0.000000000000000000, 1.000000000000000000 ) ) ;
#3604 = DIRECTION ( 'NONE',  ( 0.000000000000000000, 1.000000000000000000, 0.000000000000000000 ) ) ;
#3605 = EDGE_CURVE ( 'NONE', #2606, #2452, #2374, .T. ) ;
#3606 = CARTESIAN_POINT ( 'NONE',  ( 13.75629023257113026, 82.40474596168864707, -17.93487452193703291 ) ) ;
#3607 = AXIS2_PLACEMENT_3D ( 'NONE', #3160, #1446, #3142 ) ;
#3608 = DIRECTION ( 'NONE',  ( 8.659560562354883554E-17, -0.7071067811865516806, 0.7071067811865434649 ) ) ;
#3609 = VERTEX_POINT ( 'NONE', #2834 ) ;
#3610 = CARTESIAN_POINT ( 'NONE',  ( 11.39566802555786751, 82.37962984484536832, -20.58681388698927961 ) ) ;
#3611 = CARTESIAN_POINT ( 'NONE',  ( 13.25983199483500030, 84.80716490278365427, 18.30128015928804075 ) ) ;
#3612 = CARTESIAN_POINT ( 'NONE',  ( 12.59952986209202130, 441.5183414555750687, -2.260915722484581281 ) ) ;
#3613 = CARTESIAN_POINT ( 'NONE',  ( -32.50000000000000000, 75.07874818002120776, 7.729589114318444310 ) ) ;
#3614 = VERTEX_POINT ( 'NONE', #1898 ) ;
#3615 = ADVANCED_FACE ( 'NONE', ( #1753 ), #60, .F. ) ;
#3616 = CARTESIAN_POINT ( 'NONE',  ( -7.345981801401674005, 107.7000000000000171, -21.37279933404783705 ) ) ;
#3617 = CARTESIAN_POINT ( 'NONE',  ( -12.68481701338095213, 82.22655646970254395, -21.99082043798389563 ) ) ;
#3618 = DIRECTION ( 'NONE',  ( 0.000000000000000000, 0.000000000000000000, 1.000000000000000000 ) ) ;
#3619 = AXIS2_PLACEMENT_3D ( 'NONE', #440, #1577, #2430 ) ;
#3620 = CARTESIAN_POINT ( 'NONE',  ( -32.50000000000000000, 59.20469144522910909, -17.19604561224372219 ) ) ;
#3621 = DIRECTION ( 'NONE',  ( 0.000000000000000000, -0.000000000000000000, -1.000000000000000000 ) ) ;
#3622 = VERTEX_POINT ( 'NONE', #629 ) ;
#3623 = CARTESIAN_POINT ( 'NONE',  ( -14.69672941418296475, 81.82637454644856234, 20.15870034478600559 ) ) ;
#3624 = VERTEX_POINT ( 'NONE', #2927 ) ;
#3625 = CARTESIAN_POINT ( 'NONE',  ( 32.50000000000000000, 76.24543564360185144, 13.62324192865292716 ) ) ;
#3626 = DIRECTION ( 'NONE',  ( -0.000000000000000000, 1.000000000000000000, 0.000000000000000000 ) ) ;
#3627 = CARTESIAN_POINT ( 'NONE',  ( 14.69672941418276224, 81.82637454644863340, -20.15870034478573203 ) ) ;
#3628 = CARTESIAN_POINT ( 'NONE',  ( -32.50000000000000711, 62.17580254757287861, 6.001505203558676449 ) ) ;
#3629 = ORIENTED_EDGE ( 'NONE', *, *, #1627, .F. ) ;
#3630 = CARTESIAN_POINT ( 'NONE',  ( 4.969314170668538644, 85.28847242328454570, -22.04690265486725309 ) ) ;
#3631 = CARTESIAN_POINT ( 'NONE',  ( -14.33847875787746062, 81.88559906473265926, -20.73065363175980735 ) ) ;
#3632 = CARTESIAN_POINT ( 'NONE',  ( -4.869460448791988583, 82.81646832003488612, -23.75021249269513746 ) ) ;
#3633 = CARTESIAN_POINT ( 'NONE',  ( -32.50000000000000000, 59.83501019173380087, 13.65622053278495862 ) ) ;
#3634 = CIRCLE ( 'NONE', #409, 3.000000000000001332 ) ;
#3635 = CIRCLE ( 'NONE', #3467, 22.60000000000000142 ) ;
#3636 = EDGE_LOOP ( 'NONE', ( #1380, #934, #2140, #1095 ) ) ;
#3637 = DIRECTION ( 'NONE',  ( -0.9917342286663329842, 0.000000000000000000, -0.1283090787574820146 ) ) ;
#3638 = EDGE_CURVE ( 'NONE', #1350, #2691, #2930, .T. ) ;
#3639 = CARTESIAN_POINT ( 'NONE',  ( -11.08741933420234638, 82.40710747878085840, 20.73065363175991394 ) ) ;
#3640 = CARTESIAN_POINT ( 'NONE',  ( 10.39430914995507749, 285.2884016634156978, -7.476730829865951833 ) ) ;
#3641 = CARTESIAN_POINT ( 'NONE',  ( -7.945312500000000000, 82.50000000000001421, 21.15731573894343853 ) ) ;
#3642 = AXIS2_PLACEMENT_3D ( 'NONE', #1974, #3098, #1637 ) ;
#3643 = CARTESIAN_POINT ( 'NONE',  ( -15.05032019359104112, 81.79001033758160588, 19.69467092613387393 ) ) ;
#3644 = EDGE_LOOP ( 'NONE', ( #288, #276, #2170, #2417 ) ) ;
#3645 = CARTESIAN_POINT ( 'NONE',  ( 32.50000000000000000, 62.65408831002379486, 4.406136319297494275 ) ) ;
#3646 = FACE_OUTER_BOUND ( 'NONE', #2642, .T. ) ;
#3647 = FACE_OUTER_BOUND ( 'NONE', #2681, .T. ) ;
#3648 = DIRECTION ( 'NONE',  ( 1.000000000000000000, -0.000000000000000000, -0.000000000000000000 ) ) ;
#3649 = ORIENTED_EDGE ( 'NONE', *, *, #1579, .F. ) ;
#3650 = DIRECTION ( 'NONE',  ( 1.000000000000000000, 0.000000000000000000, 0.000000000000000000 ) ) ;
#3651 = CARTESIAN_POINT ( 'NONE',  ( -12.44347218424182522, 443.5000000000000000, 3.000000000000000888 ) ) ;
#3652 = DIRECTION ( 'NONE',  ( 0.000000000000000000, 0.000000000000000000, 1.000000000000000000 ) ) ;
#3653 = CARTESIAN_POINT ( 'NONE',  ( -17.99297359910024241, 81.92981961682009739, 15.42865422810700160 ) ) ;
#3654 = ORIENTED_EDGE ( 'NONE', *, *, #2007, .F. ) ;
#3655 = DIRECTION ( 'NONE',  ( 0.000000000000000000, 0.05909259052616638863, 0.9982525060048218490 ) ) ;
#3656 = CARTESIAN_POINT ( 'NONE',  ( -9.000000000000001776, 59.00000000000001421, 20.73065363175990328 ) ) ;
#3657 = CARTESIAN_POINT ( 'NONE',  ( 12.78138283833978228, 282.4214540572372698, -0.7928439704513606801 ) ) ;
#3658 = CARTESIAN_POINT ( 'NONE',  ( -14.50000000000000000, 293.5000000000000568, 11.09999999999999787 ) ) ;
#3659 = CARTESIAN_POINT ( 'NONE',  ( -14.99239078866221675, 84.50843395952701087, 16.91701361186429864 ) ) ;
#3660 = ORIENTED_EDGE ( 'NONE', *, *, #1921, .F. ) ;
#3661 = CARTESIAN_POINT ( 'NONE',  ( 21.23514872185470637, 81.78305033586910611, 10.50009230667751581 ) ) ;
#3662 = CARTESIAN_POINT ( 'NONE',  ( 8.084490668836536997, 298.5007685817114975, -9.934090828804983175 ) ) ;
#3663 = ADVANCED_FACE ( 'NONE', ( #1788 ), #3455, .T. ) ;
#3664 = DIRECTION ( 'NONE',  ( -0.9361644132275854790, -5.413287949999811487E-16, 0.3515625000000007772 ) ) ;
#3665 = DIRECTION ( 'NONE',  ( 0.000000000000000000, 0.000000000000000000, -1.000000000000000000 ) ) ;
#3666 = ORIENTED_EDGE ( 'NONE', *, *, #2782, .T. ) ;
#3667 = CARTESIAN_POINT ( 'NONE',  ( 32.50000000000000711, 80.49755778677074147, -20.73065363175991749 ) ) ;
#3668 = CARTESIAN_POINT ( 'NONE',  ( -32.50000000000000000, 59.00000000000001421, -27.59999999999998721 ) ) ;
#3669 = CARTESIAN_POINT ( 'NONE',  ( 0.000000000000000000, 94.50000000000001421, -36.78781760380762478 ) ) ;
#3670 = CARTESIAN_POINT ( 'NONE',  ( -32.50000000000000000, 78.03041453455996646, 17.87662737358042619 ) ) ;
#3671 = ORIENTED_EDGE ( 'NONE', *, *, #2082, .F. ) ;
#3672 = CARTESIAN_POINT ( 'NONE',  ( 11.26172974211645084, 82.44744646329291982, 19.61897956482850702 ) ) ;
#3673 = CARTESIAN_POINT ( 'NONE',  ( 23.49999999999998224, 49.22000000000001307, 0.000000000000000000 ) ) ;
#3674 = CARTESIAN_POINT ( 'NONE',  ( 26.00000000000000000, 49.22000000000001307, 0.000000000000000000 ) ) ;
#3675 = CARTESIAN_POINT ( 'NONE',  ( 4.969314170668535091, 85.50000000000001421, -22.04690265486725664 ) ) ;
#3676 = CARTESIAN_POINT ( 'NONE',  ( -14.33847875787732917, 81.88559906473268768, 20.73065363175992459 ) ) ;
#3677 = ORIENTED_EDGE ( 'NONE', *, *, #2545, .T. ) ;
#3678 = CARTESIAN_POINT ( 'NONE',  ( 23.60229193708529749, 81.69498230156607121, -2.092008082253855594 ) ) ;
#3679 = DIRECTION ( 'NONE',  ( -0.000000000000000000, -1.000000000000000000, -0.000000000000000000 ) ) ;
#3680 = EDGE_CURVE ( 'NONE', #238, #168, #1900, .T. ) ;
#3681 = DIRECTION ( 'NONE',  ( 0.000000000000000000, 0.000000000000000000, -1.000000000000000000 ) ) ;
#3682 = CARTESIAN_POINT ( 'NONE',  ( -12.57642153898272142, 445.3309060746215664, -2.384506315233993590 ) ) ;
#3683 = ORIENTED_EDGE ( 'NONE', *, *, #1375, .F. ) ;
#3684 = CARTESIAN_POINT ( 'NONE',  ( -13.75624733017041201, 82.40473736484874223, -17.93490522369671325 ) ) ;
#3685 = ORIENTED_EDGE ( 'NONE', *, *, #2486, .F. ) ;
#3686 = CARTESIAN_POINT ( 'NONE',  ( -8.790769404982750501, 82.54294144422536306, -20.83981708281624989 ) ) ;
#3687 = CARTESIAN_POINT ( 'NONE',  ( -4.964607469640291093, 83.13786668200548036, -23.21456122705461667 ) ) ;
#3688 = CARTESIAN_POINT ( 'NONE',  ( 14.98993192685317055, 84.50875035656832779, 16.91913850615937065 ) ) ;
#3689 = CIRCLE ( 'NONE', #1122, 5.000000000000000888 ) ;
#3690 = DIRECTION ( 'NONE',  ( 0.000000000000000000, 0.000000000000000000, -1.000000000000000000 ) ) ;
#3691 = VERTEX_POINT ( 'NONE', #1507 ) ;
#3692 = PLANE ( 'NONE',  #496 ) ;
#3693 = AXIS2_PLACEMENT_3D ( 'NONE', #2701, #3259, #2163 ) ;
#3694 = CARTESIAN_POINT ( 'NONE',  ( -20.50463143314486558, 81.81330533026817875, -11.86424310114978375 ) ) ;
#3695 = CARTESIAN_POINT ( 'NONE',  ( 0.000000000000000000, 453.5000000000000000, 0.000000000000000000 ) ) ;
ENDSEC;
END-ISO-10303-21;
