ISO-10303-21;
HEADER;
FILE_DESCRIPTION (( 'STEP AP214' ),
    '1' );
FILE_NAME ('Walker_Rear_Plastic_Tubing_Connector.STEP',
    '2026-08-11T21:06:04',
    ( '' ),
    ( '' ),
    'SwSTEP 2.0',
    'SolidWorks 2023',
    '' );
FILE_SCHEMA (( 'AUTOMOTIVE_DESIGN' ));
ENDSEC;

DATA;
#1 = CARTESIAN_POINT ( 'NONE',  ( 7.134734421745835498, -4.913683146362341603, 14.47121066329025396 ) ) ;
#2 = CARTESIAN_POINT ( 'NONE',  ( 13.48454432145659077, 65.76336002578081263, -56.47307686710112762 ) ) ;
#3 = DIRECTION ( 'NONE',  ( -0.000000000000000000, -0.000000000000000000, 1.000000000000000000 ) ) ;
#4 = VERTEX_POINT ( 'NONE', #1779 ) ;
#5 = CARTESIAN_POINT ( 'NONE',  ( -11.41691514921991057, 68.00000000000001421, -22.55149404820242509 ) ) ;
#6 = CIRCLE ( 'NONE', #1128, 2.000000000000000444 ) ;
#7 = EDGE_CURVE ( 'NONE', #573, #1425, #935, .T. ) ;
#8 = CARTESIAN_POINT ( 'NONE',  ( 15.29824396568058198, 16.00707476889018821, -20.21117194649236737 ) ) ;
#9 = CARTESIAN_POINT ( 'NONE',  ( -13.80465418284332202, 63.80368350211075068, -63.72142376070142689 ) ) ;
#10 = FACE_OUTER_BOUND ( 'NONE', #58, .T. ) ;
#11 = CARTESIAN_POINT ( 'NONE',  ( -13.96995136306161633, 39.93679006831351330, -66.76429620148618937 ) ) ;
#12 = CARTESIAN_POINT ( 'NONE',  ( 14.54132208148414840, 58.57202895297481149, -67.91709376481895788 ) ) ;
#13 = CARTESIAN_POINT ( 'NONE',  ( 16.10000000000000142, 66.00945887516776622, -13.39525228719947947 ) ) ;
#14 = ADVANCED_FACE ( 'NONE', ( #250 ), #1296, .T. ) ;
#15 = ADVANCED_FACE ( 'NONE', ( #607 ), #1805, .T. ) ;
#16 = ORIENTED_EDGE ( 'NONE', *, *, #45, .F. ) ;
#17 = CARTESIAN_POINT ( 'NONE',  ( -13.04938549862236563, 68.00000000000000000, -16.94546232760762550 ) ) ;
#18 = ORIENTED_EDGE ( 'NONE', *, *, #1663, .F. ) ;
#19 = CARTESIAN_POINT ( 'NONE',  ( 15.26674118677993519, 15.66500799892554419, -18.71006673469752002 ) ) ;
#20 = CARTESIAN_POINT ( 'NONE',  ( 13.86879156674633684, 66.21027911104734187, -20.00340887669143441 ) ) ;
#21 = CARTESIAN_POINT ( 'NONE',  ( -12.40573857903804011, 50.20000000000002416, -70.00000000000001421 ) ) ;
#22 =( BOUNDED_SURFACE ( )  B_SPLINE_SURFACE ( 3, 2, ( 
 ( #2026, #1137, #1506 ),
 ( #136, #979, #845 ),
 ( #988, #1839, #1861 ),
 ( #1169, #835, #2201 ),
 ( #1541, #2064, #126 ),
 ( #298, #274, #651 ) ),
 .UNSPECIFIED., .F., .F., .F. ) 
 B_SPLINE_SURFACE_WITH_KNOTS ( ( 4, 2, 4 ),
 ( 3, 3 ),
 ( -1.691355389077386917E-16, 0.002246450429528098081, 0.004492900859056365298 ),
 ( 0.000000000000000000, 1.000000000000000000 ),
 .UNSPECIFIED. ) 
 GEOMETRIC_REPRESENTATION_ITEM ( )  RATIONAL_B_SPLINE_SURFACE ( (
 ( 1.000000000000000000, 0.7750552716395530117, 1.000000000000000000),
 ( 1.000000000000000000, 0.7695659559156939888, 1.000000000000000000),
 ( 1.000000000000000000, 0.7637514329847483463, 1.000000000000000000),
 ( 1.000000000000000000, 0.7514963072582370174, 1.000000000000000000),
 ( 1.000000000000000000, 0.7450556168171694749, 1.000000000000000000),
 ( 1.000000000000000000, 0.7382931740662780351, 1.000000000000000000) ) ) 
 REPRESENTATION_ITEM ( '' )  SURFACE ( )  );
#23 = CARTESIAN_POINT ( 'NONE',  ( 13.90269714502555942, 63.15879204779147216, -64.41371110857615179 ) ) ;
#24 = CARTESIAN_POINT ( 'NONE',  ( -16.05320448334938277, 68.00000000000000000, -13.82676051197064560 ) ) ;
#25 = VERTEX_POINT ( 'NONE', #1126 ) ;
#26 = LINE ( 'NONE', #726, #1714 ) ;
#27 = ORIENTED_EDGE ( 'NONE', *, *, #1323, .F. ) ;
#28 = DIRECTION ( 'NONE',  ( -0.05153452173301221323, -0.4940879408111522042, 0.8678832293659931585 ) ) ;
#29 = CARTESIAN_POINT ( 'NONE',  ( 14.36123689624528943, 66.14954117071496853, -18.73447777240247092 ) ) ;
#30 = CARTESIAN_POINT ( 'NONE',  ( 14.93138852239576941, 55.28762362845157696, -67.25599287933766846 ) ) ;
#31 = CARTESIAN_POINT ( 'NONE',  ( 13.02650181060697143, 54.80750208726458794, -69.40319309602016062 ) ) ;
#32 = CARTESIAN_POINT ( 'NONE',  ( 13.11599414025318922, 53.83524708345605347, -69.63162350871749595 ) ) ;
#33 = ORIENTED_EDGE ( 'NONE', *, *, #2155, .F. ) ;
#34 = CARTESIAN_POINT ( 'NONE',  ( 14.23898118994135942, 60.95537124877923674, -22.07825390241971775 ) ) ;
#35 = ORIENTED_EDGE ( 'NONE', *, *, #951, .T. ) ;
#36 = AXIS2_PLACEMENT_3D ( 'NONE', #1878, #486, #1172 ) ;
#37 = CARTESIAN_POINT ( 'NONE',  ( -16.10000000000000142, 34.73112368633794489, -61.00646725949880533 ) ) ;
#38 = EDGE_CURVE ( 'NONE', #195, #727, #90, .T. ) ;
#39 =( LENGTH_UNIT ( ) NAMED_UNIT ( * ) SI_UNIT ( .MILLI., .METRE. ) );
#40 = CARTESIAN_POINT ( 'NONE',  ( -13.83267092257953657, 68.00000000000000000, -19.48032229807819249 ) ) ;
#41 = CARTESIAN_POINT ( 'NONE',  ( 14.27253732747864667, 60.58452816689644749, -64.37166330933555969 ) ) ;
#42 = CARTESIAN_POINT ( 'NONE',  ( -16.04524709872022115, 38.80756139911077440, -65.88576640277575791 ) ) ;
#43 = CARTESIAN_POINT ( 'NONE',  ( 14.69412697529861411, 57.32656836857650262, -66.42682279996965633 ) ) ;
#44 = CARTESIAN_POINT ( 'NONE',  ( 13.83915327093604297, 19.76644641827467552, -34.72047369223081859 ) ) ;
#45 = EDGE_CURVE ( 'NONE', #989, #573, #1369, .T. ) ;
#46 = ORIENTED_EDGE ( 'NONE', *, *, #1110, .T. ) ;
#47 = CARTESIAN_POINT ( 'NONE',  ( 14.00971328273570116, 38.67723818295006311, -65.85832250013753253 ) ) ;
#48 = EDGE_LOOP ( 'NONE', ( #1781, #826, #1568, #1238, #1791 ) ) ;
#49 = CARTESIAN_POINT ( 'NONE',  ( 16.10000000000000142, 9.462022299199249531, -12.57789864646925793 ) ) ;
#50 = CARTESIAN_POINT ( 'NONE',  ( -16.10000000002749942, 17.78929597919948691, -15.89499845255929600 ) ) ;
#51 = CARTESIAN_POINT ( 'NONE',  ( 13.38899058876078740, 66.33304423243711767, -23.09189103561073608 ) ) ;
#52 = CARTESIAN_POINT ( 'NONE',  ( 15.62683228689798121, 47.55395677907291940, -67.75848117267258885 ) ) ;
#53 = CARTESIAN_POINT ( 'NONE',  ( 13.80462397499579197, 63.79978038024250964, -63.69550188882130470 ) ) ;
#54 = CARTESIAN_POINT ( 'NONE',  ( -16.10000000000000142, 10.16794026332120815, -13.81786892657609656 ) ) ;
#55 = AXIS2_PLACEMENT_3D ( 'NONE', #673, #178, #888 ) ;
#56 = ORIENTED_EDGE ( 'NONE', *, *, #7, .T. ) ;
#57 = CARTESIAN_POINT ( 'NONE',  ( 13.55474722707503510, 48.25102317194986767, -69.89732138295153163 ) ) ;
#58 = EDGE_LOOP ( 'NONE', ( #1092, #1342, #334, #2099, #56 ) ) ;
#59 = CARTESIAN_POINT ( 'NONE',  ( 16.09999999995381259, 61.12384981766041392, -15.72886354160773870 ) ) ;
#60 = CARTESIAN_POINT ( 'NONE',  ( -14.09999999999999964, 68.00000000000000000, 0.000000000000000000 ) ) ;
#61 = CARTESIAN_POINT ( 'NONE',  ( -13.38899058876078740, 66.33304423243711767, -23.09189103561073964 ) ) ;
#62 = CARTESIAN_POINT ( 'NONE',  ( 13.38899058876075365, 66.33304423243716030, -53.07960921871629267 ) ) ;
#63 = CARTESIAN_POINT ( 'NONE',  ( -15.95416054818467799, 41.63403043538511383, -67.83423734632272328 ) ) ;
#64 = CARTESIAN_POINT ( 'NONE',  ( 14.05403707193546836, 36.69409436322414564, -63.80468806505493262 ) ) ;
#65 = CARTESIAN_POINT ( 'NONE',  ( -16.10000000000000142, 34.00000000000000711, -16.10000000000000142 ) ) ;
#66 = EDGE_LOOP ( 'NONE', ( #784, #1807, #207, #1380, #926, #360 ) ) ;
#67 = CARTESIAN_POINT ( 'NONE',  ( 13.86645717285705892, 42.64390740400380508, -68.33556242706109174 ) ) ;
#68 = ORIENTED_EDGE ( 'NONE', *, *, #1992, .F. ) ;
#69 = CARTESIAN_POINT ( 'NONE',  ( 16.10000000000005826, 34.83166134048543228, -57.12553429268445626 ) ) ;
#70 = EDGE_CURVE ( 'NONE', #1060, #1951, #771, .T. ) ;
#71 = FACE_OUTER_BOUND ( 'NONE', #217, .T. ) ;
#72 = CARTESIAN_POINT ( 'NONE',  ( 15.56456621113686900, 48.41620392008039175, -67.88733462378954187 ) ) ;
#73 =( GEOMETRIC_REPRESENTATION_CONTEXT ( 3 ) GLOBAL_UNCERTAINTY_ASSIGNED_CONTEXT ( ( #1245 ) ) GLOBAL_UNIT_ASSIGNED_CONTEXT ( ( #39, #1783, #1613 ) ) REPRESENTATION_CONTEXT ( 'NONE', 'WORKASPACE' ) );
#74 = CARTESIAN_POINT ( 'NONE',  ( -16.04808135308969952, 38.52330258916714456, -62.82764542130393437 ) ) ;
#75 = CARTESIAN_POINT ( 'NONE',  ( 16.03607794486866922, 39.19275065659182644, -66.22324208217126795 ) ) ;
#76 = CARTESIAN_POINT ( 'NONE',  ( -0.9228533099710797272, -7.463843432161006319, 13.11050929668802745 ) ) ;
#77 = ORIENTED_EDGE ( 'NONE', *, *, #349, .F. ) ;
#78 = CARTESIAN_POINT ( 'NONE',  ( 16.10000000000000142, -2.400807746576830048, 9.431161645793167736 ) ) ;
#79 = VERTEX_POINT ( 'NONE', #1460 ) ;
#80 = CARTESIAN_POINT ( 'NONE',  ( 16.10000000000000142, 34.00000000000000711, -55.67973856209148664 ) ) ;
#81 = DIRECTION ( 'NONE',  ( 0.000000000000000000, -0.8690379951495552646, -0.4947453516572354326 ) ) ;
#82 = CARTESIAN_POINT ( 'NONE',  ( -16.10000000000000142, 39.36802411980406902, -15.60065431585802465 ) ) ;
#83 = CARTESIAN_POINT ( 'NONE',  ( -14.21604536412727704, 61.00746853194497277, -66.35320962688443558 ) ) ;
#84 = CARTESIAN_POINT ( 'NONE',  ( 14.02387539161589558, 38.05342269135675082, -65.22070628358207500 ) ) ;
#85 = CARTESIAN_POINT ( 'NONE',  ( -14.78673187327839678, 66.10726408790304731, -17.93041003683637769 ) ) ;
#86 = CIRCLE ( 'NONE', #1509, 2.000000000000001776 ) ;
#87 = B_SPLINE_CURVE_WITH_KNOTS ( 'NONE', 3,
 ( #1684, #1888, #1879, #839, #681, #1016 ),
 .UNSPECIFIED., .F., .F.,
 ( 4, 2, 4 ),
 ( 0.000000000000000000, 0.001726005744195620783, 0.003452011488391241566 ),
 .UNSPECIFIED. ) ;
#88 = VECTOR ( 'NONE', #1803, 1000.000000000000000 ) ;
#89 = CARTESIAN_POINT ( 'NONE',  ( -11.41691514921990880, 66.00000000000001421, -23.09189103561073253 ) ) ;
#90 = LINE ( 'NONE', #1284, #1911 ) ;
#91 = CARTESIAN_POINT ( 'NONE',  ( 16.10000000000005826, 27.27061440268817094, -43.98108612692068675 ) ) ;
#92 = B_SPLINE_CURVE_WITH_KNOTS ( 'NONE', 3,
 ( #894, #206, #1738, #1579, #2086, #1216, #2097, #359 ),
 .UNSPECIFIED., .F., .F.,
 ( 4, 2, 2, 4 ),
 ( 1.879854447495784678E-15, 0.002581959743885983184, 0.003872939615828036291, 0.005163919487770088530 ),
 .UNSPECIFIED. ) ;
#93 = ORIENTED_EDGE ( 'NONE', *, *, #1151, .T. ) ;
#94 = CARTESIAN_POINT ( 'NONE',  ( 25.40000000000000924, -7.230139534883728736, 12.69999999999999929 ) ) ;
#95 = CARTESIAN_POINT ( 'NONE',  ( 14.09999999818539962, 68.00000000000000000, -13.65853406414326443 ) ) ;
#96 = CARTESIAN_POINT ( 'NONE',  ( -16.10000000000000142, 55.46877955268518434, -14.06345617085280253 ) ) ;
#97 = CARTESIAN_POINT ( 'NONE',  ( -15.91774266612054234, 42.50701857891395008, -68.28256745266429562 ) ) ;
#98 = CARTESIAN_POINT ( 'NONE',  ( 13.90986249930290519, 41.58737099701610163, -67.78532807302072172 ) ) ;
#99 = CARTESIAN_POINT ( 'NONE',  ( -4.646987885518965911, -8.804944634527185343, 15.46620176816830750 ) ) ;
#100 = CARTESIAN_POINT ( 'NONE',  ( -16.03248268024438161, 8.759587303173852035, -15.38652998515530612 ) ) ;
#101 = CARTESIAN_POINT ( 'NONE',  ( -16.10000000000000142, 0.000000000000000000, 0.000000000000000000 ) ) ;
#102 = CARTESIAN_POINT ( 'NONE',  ( 12.85125624435845815, -5.590376178248706474, 9.819696718328687624 ) ) ;
#103 =( BOUNDED_SURFACE ( )  B_SPLINE_SURFACE ( 3, 2, ( 
 ( #1295, #978, #1136 ),
 ( #434, #100, #1125 ),
 ( #263, #1677, #1491 ),
 ( #957, #446, #824 ),
 ( #114, #815, #640 ),
 ( #2152, #2174, #1505 ) ),
 .UNSPECIFIED., .F., .F., .F. ) 
 B_SPLINE_SURFACE_WITH_KNOTS ( ( 4, 2, 4 ),
 ( 3, 3 ),
 ( -1.616870699827632762E-15, 0.001726005744194492129, 0.003452011488390601020 ),
 ( 0.000000000000000000, 1.000000000000000000 ),
 .UNSPECIFIED. ) 
 GEOMETRIC_REPRESENTATION_ITEM ( )  RATIONAL_B_SPLINE_SURFACE ( (
 ( 1.000000000000000000, 0.7071067811868302355, 1.000000000000000000),
 ( 1.000000000000000000, 0.7192470966845577740, 1.000000000000000000),
 ( 1.000000000000000000, 0.7309405897004305208, 1.000000000000000000),
 ( 1.000000000000000000, 0.7535562414817039700, 1.000000000000000000),
 ( 1.000000000000000000, 0.7644782092367530257, 1.000000000000000000),
 ( 1.000000000000000000, 0.7750552716395685549, 1.000000000000000000) ) ) 
 REPRESENTATION_ITEM ( '' )  SURFACE ( )  );
#104 = EDGE_LOOP ( 'NONE', ( #654, #483, #507, #748, #1856, #1117, #836 ) ) ;
#105 = CARTESIAN_POINT ( 'NONE',  ( -13.63796903266739591, 64.82537746326542560, -58.95804892765214333 ) ) ;
#106 = EDGE_CURVE ( 'NONE', #1350, #725, #1261, .T. ) ;
#107 = CARTESIAN_POINT ( 'NONE',  ( 15.65884666701611927, 66.06440255563278185, -15.93826213093680444 ) ) ;
#108 = ADVANCED_BREP_SHAPE_REPRESENTATION ( 'Walker_Rear_Plastic_Tubing_Connector', ( #1076, #371 ), #73 ) ;
#109 = CARTESIAN_POINT ( 'NONE',  ( 16.09999999999918074, 10.44365153973978622, -14.44098246121288653 ) ) ;
#110 = CARTESIAN_POINT ( 'NONE',  ( -15.81004334623606056, 44.61512658505338180, -66.94467576702939482 ) ) ;
#111 = ORIENTED_EDGE ( 'NONE', *, *, #1921, .T. ) ;
#112 = CARTESIAN_POINT ( 'NONE',  ( 16.08235644679641041, 37.03944233268996555, -64.19520259626371228 ) ) ;
#113 = CARTESIAN_POINT ( 'NONE',  ( -14.10000000000000320, 0.5633193585380955604, -0.9894907033144701991 ) ) ;
#114 = CARTESIAN_POINT ( 'NONE',  ( -15.68564851264314264, 11.52418931074439357, -16.88186872224746082 ) ) ;
#115 = CARTESIAN_POINT ( 'NONE',  ( 11.41691514921991768, 68.00000000000000000, -23.09189103561073253 ) ) ;
#116 = EDGE_LOOP ( 'NONE', ( #1160, #1000, #2165 ) ) ;
#117 = CARTESIAN_POINT ( 'NONE',  ( -14.22847511324862246, 60.89565390610016493, -64.08598489724055014 ) ) ;
#118 = CARTESIAN_POINT ( 'NONE',  ( -11.68230396065178134, 66.18555320787589835, -60.11519449428381279 ) ) ;
#119 = CARTESIAN_POINT ( 'NONE',  ( -13.06316394552849225, 12.32663800895383233, -21.65218277716562412 ) ) ;
#120 = B_SPLINE_CURVE_WITH_KNOTS ( 'NONE', 3,
 ( #597, #1820, #764, #1276, #255, #1648 ),
 .UNSPECIFIED., .F., .F.,
 ( 4, 2, 4 ),
 ( 4.958184441954699727E-16, 0.001910249508634342258, 0.003820499017268188385 ),
 .UNSPECIFIED. ) ;
#121 = CARTESIAN_POINT ( 'NONE',  ( -15.62862100983120683, 47.54800774562396271, -67.77520823142589279 ) ) ;
#122 = EDGE_LOOP ( 'NONE', ( #1231, #928, #1737, #860, #948, #609, #1645, #323, #497, #1635, #35 ) ) ;
#123 = DIRECTION ( 'NONE',  ( 0.000000000000000000, 0.000000000000000000, 1.000000000000000000 ) ) ;
#124 = CARTESIAN_POINT ( 'NONE',  ( -3.344319072065742748, 64.20820742283446236, -63.18324409264587871 ) ) ;
#125 = DIRECTION ( 'NONE',  ( 0.000000000000000000, -0.1736481776669307198, 0.9848077530122080203 ) ) ;
#126 = CARTESIAN_POINT ( 'NONE',  ( 15.01544185776695528, 13.50315763839788374, -20.12147945483263456 ) ) ;
#127 = VERTEX_POINT ( 'NONE', #400 ) ;
#128 = CARTESIAN_POINT ( 'NONE',  ( -16.03324959587967058, 39.13361171120095605, -63.45894678722024906 ) ) ;
#129 = PLANE ( 'NONE',  #296 ) ;
#130 = CYLINDRICAL_SURFACE ( 'NONE', #1178, 2.000000000000000000 ) ;
#131 = CARTESIAN_POINT ( 'NONE',  ( -13.74162961795977722, 45.17292135600590086, -69.28232459563827206 ) ) ;
#132 = CARTESIAN_POINT ( 'NONE',  ( 13.38899058876077319, 66.33304423243711767, -23.09189103561073253 ) ) ;
#133 = CARTESIAN_POINT ( 'NONE',  ( -4.543240783589395981, -7.053864959186311623, 12.39036737111973530 ) ) ;
#134 = UNCERTAINTY_MEASURE_WITH_UNIT (LENGTH_MEASURE( 1.000000000000000082E-05 ), #1318, 'distance_accuracy_value', 'NONE');
#135 = CARTESIAN_POINT ( 'NONE',  ( 11.78926592208199864, 65.42463835512694459, -61.47296612868553467 ) ) ;
#136 = CARTESIAN_POINT ( 'NONE',  ( 13.37973294823650505, 10.47973371488770766, -18.40802899265405301 ) ) ;
#137 = EDGE_CURVE ( 'NONE', #1139, #1152, #1214, .T. ) ;
#138 = ORIENTED_EDGE ( 'NONE', *, *, #1490, .F. ) ;
#139 = CARTESIAN_POINT ( 'NONE',  ( -13.73675046844797087, 64.20244724717414897, -60.09768963373947770 ) ) ;
#140 = CARTESIAN_POINT ( 'NONE',  ( -15.59925303979129296, 19.60588247073249235, -19.41170617198947923 ) ) ;
#141 = CARTESIAN_POINT ( 'NONE',  ( -15.18790322341059706, 52.99411789803571082, -20.42171048566052249 ) ) ;
#142 = CARTESIAN_POINT ( 'NONE',  ( -11.66079034705068374, 66.33671307228766523, -59.77538868662423965 ) ) ;
#143 = VERTEX_POINT ( 'NONE', #115 ) ;
#144 = CARTESIAN_POINT ( 'NONE',  ( 14.36334866571149149, 66.14932212326185379, -18.73022728314209218 ) ) ;
#145 = CARTESIAN_POINT ( 'NONE',  ( -12.19871708834948087, 56.36196446903457513, -68.90106383565012038 ) ) ;
#146 = FACE_OUTER_BOUND ( 'NONE', #1793, .T. ) ;
#147 = AXIS2_PLACEMENT_3D ( 'NONE', #1644, #515, #505 ) ;
#148 = CARTESIAN_POINT ( 'NONE',  ( 12.40573857903804011, 50.20000000000002416, -70.00000000000001421 ) ) ;
#149 = DIRECTION ( 'NONE',  ( 0.000000000000000000, 0.9848077530122081313, 0.1736481776669307475 ) ) ;
#150 = AXIS2_PLACEMENT_3D ( 'NONE', #2109, #904, #1930 ) ;
#151 = ORIENTED_EDGE ( 'NONE', *, *, #1461, .F. ) ;
#152 = CARTESIAN_POINT ( 'NONE',  ( -15.56755572196662385, 48.39603437515936690, -67.90272087184284544 ) ) ;
#153 = CARTESIAN_POINT ( 'NONE',  ( 15.99997576839917457, 26.80157175654626300, -17.77521949376604482 ) ) ;
#154 = CARTESIAN_POINT ( 'NONE',  ( -13.83915327150137742, 19.76644641823911996, -34.72047369216836898 ) ) ;
#155 = CARTESIAN_POINT ( 'NONE',  ( -13.10747498698244762, 68.00000000000002842, -52.20000000000001705 ) ) ;
#156 = CARTESIAN_POINT ( 'NONE',  ( 0.000000000000000000, 68.00000000000000000, 0.000000000000000000 ) ) ;
#157 = CARTESIAN_POINT ( 'NONE',  ( -12.64916390070203711, 54.06480951773617250, -69.57709517058711413 ) ) ;
#158 = DIRECTION ( 'NONE',  ( 1.000000000000000000, 0.000000000000000000, 0.000000000000000000 ) ) ;
#159 = CARTESIAN_POINT ( 'NONE',  ( 13.12146098170458330, 67.92132712333257416, -54.12509630946199479 ) ) ;
#160 = CARTESIAN_POINT ( 'NONE',  ( 15.74074341045830039, 19.85266595068245365, -34.87192140030812482 ) ) ;
#161 = EDGE_LOOP ( 'NONE', ( #945, #1129, #151, #16 ) ) ;
#162 = CARTESIAN_POINT ( 'NONE',  ( -15.03260229018335536, 13.15365528116378968, -19.58555607076094063 ) ) ;
#163 = AXIS2_PLACEMENT_3D ( 'NONE', #1959, #433, #1078 ) ;
#164 = CARTESIAN_POINT ( 'NONE',  ( -16.09999999999999787, 34.00000000000002842, -16.09999999999999787 ) ) ;
#165 = CARTESIAN_POINT ( 'NONE',  ( -16.09999999999999787, 34.00000000000000711, -16.10000000000000142 ) ) ;
#166 = CARTESIAN_POINT ( 'NONE',  ( -13.73341769383473299, 64.22359250534223918, -60.06121075798174047 ) ) ;
#167 = CARTESIAN_POINT ( 'NONE',  ( 13.59999126281577553, 10.11972020562325980, -17.77565232196895550 ) ) ;
#168 = DIRECTION ( 'NONE',  ( 1.000000000000000000, 0.000000000000000000, 0.000000000000000000 ) ) ;
#169 = CARTESIAN_POINT ( 'NONE',  ( -15.15544311807925126, 53.33218658191030670, -18.83213581964972860 ) ) ;
#170 = CARTESIAN_POINT ( 'NONE',  ( 13.10747498698243163, 68.00000000000002842, -52.20000000000001705 ) ) ;
#171 = CARTESIAN_POINT ( 'NONE',  ( -15.54270274539947394, 66.07379010508402928, -16.37346010273710917 ) ) ;
#172 = EDGE_CURVE ( 'NONE', #1275, #299, #1009, .T. ) ;
#173 = ORIENTED_EDGE ( 'NONE', *, *, #311, .F. ) ;
#174 = CARTESIAN_POINT ( 'NONE',  ( -15.17257246202470888, 12.46391939937219107, -18.52414441742697804 ) ) ;
#175 = CARTESIAN_POINT ( 'NONE',  ( 16.09999999995783426, 39.63447434567359551, -16.47193354235423968 ) ) ;
#176 = CARTESIAN_POINT ( 'NONE',  ( -13.38708134394022409, 66.38532063312200648, -59.67002127000654355 ) ) ;
#177 = EDGE_CURVE ( 'NONE', #1152, #1524, #676, .T. ) ;
#178 = DIRECTION ( 'NONE',  ( -0.000000000000000000, -0.000000000000000000, 1.000000000000000000 ) ) ;
#179 = CARTESIAN_POINT ( 'NONE',  ( -13.81532843438267655, 63.82457287091151699, -22.63815462174705573 ) ) ;
#180 = CARTESIAN_POINT ( 'NONE',  ( 13.32179487114634142, 66.76879003140348345, -58.77776600663287354 ) ) ;
#181 = CARTESIAN_POINT ( 'NONE',  ( -15.47601902273247454, 68.00000000000000000, -16.34714612205186413 ) ) ;
#182 = ORIENTED_EDGE ( 'NONE', *, *, #652, .T. ) ;
#183 = CARTESIAN_POINT ( 'NONE',  ( 14.09999999999999964, 68.00000000000000000, -12.73755880477108526 ) ) ;
#184 = VECTOR ( 'NONE', #2200, 1000.000000000000000 ) ;
#185 = ORIENTED_EDGE ( 'NONE', *, *, #1461, .T. ) ;
#186 = CARTESIAN_POINT ( 'NONE',  ( -13.43748638665605810, 66.04464257887016743, -55.22091347534524886 ) ) ;
#187 = CARTESIAN_POINT ( 'NONE',  ( 8.259588770539361136, -7.463843432159581681, 13.11050929668552634 ) ) ;
#188 = CARTESIAN_POINT ( 'NONE',  ( -14.07522934476522458, 35.51193564335981989, -62.37799153041138567 ) ) ;
#189 = CARTESIAN_POINT ( 'NONE',  ( -13.41593770714623446, 50.19999999998707096, -70.00000000000000000 ) ) ;
#190 = B_SPLINE_CURVE_WITH_KNOTS ( 'NONE', 3,
 ( #2231, #188, #1376, #2104, #695, #11, #2253, #375, #1913, #1936, #1189, #705, #1891, #1064, #1235, #330, #2072, #1763, #342, #1019 ),
 .UNSPECIFIED., .F., .F.,
 ( 4, 2, 2, 2, 2, 2, 2, 2, 2, 4 ),
 ( 0.000000000000000000, 0.004667590004296138205, 0.007001385006444206874, 0.009335180008592276410, 0.01166897501074034595, 0.01283587251181438071, 0.01400277001288841375, 0.01633656501503646247, 0.01750346251611048509, 0.01867036001718450772 ),
 .UNSPECIFIED. ) ;
#191 = CARTESIAN_POINT ( 'NONE',  ( 11.86213069717478774, 64.89813801186620879, -62.28774675915543213 ) ) ;
#192 = CARTESIAN_POINT ( 'NONE',  ( 16.07175540006895886, 66.01885119152358072, -13.82912658275809648 ) ) ;
#193 = ORIENTED_EDGE ( 'NONE', *, *, #281, .T. ) ;
#194 = CARTESIAN_POINT ( 'NONE',  ( -11.41691514921988571, 68.00000000000000000, -23.09189103561073608 ) ) ;
#195 = VERTEX_POINT ( 'NONE', #1341 ) ;
#196 = CARTESIAN_POINT ( 'NONE',  ( 13.73883509397294489, 64.31489486769098107, -20.06284411532593026 ) ) ;
#197 = VECTOR ( 'NONE', #1673, 1000.000000000000000 ) ;
#198 = B_SPLINE_CURVE_WITH_KNOTS ( 'NONE', 3,
 ( #1770, #1394, #1205, #1024, #549, #1940 ),
 .UNSPECIFIED., .F., .F.,
 ( 4, 2, 4 ),
 ( 0.002012190941947089844, 0.01808918519399644112, 0.03416617944604578849 ),
 .UNSPECIFIED. ) ;
#199 = CARTESIAN_POINT ( 'NONE',  ( 13.13478692259275782, 67.99999999997733369, -22.15363150520284208 ) ) ;
#200 = CARTESIAN_POINT ( 'NONE',  ( 15.78770151595042925, 45.03764023710334641, -67.11809480367234926 ) ) ;
#201 = CARTESIAN_POINT ( 'NONE',  ( 12.09032484848303746, 63.17992600020813398, -64.39417335681552856 ) ) ;
#202 = CARTESIAN_POINT ( 'NONE',  ( 14.86224350415690054, 55.91737130017145319, -69.08622694249297069 ) ) ;
#203 = CARTESIAN_POINT ( 'NONE',  ( -15.83010907079771634, 68.00000000000000000, -15.11061022794032738 ) ) ;
#204 = ORIENTED_EDGE ( 'NONE', *, *, #209, .F. ) ;
#205 = EDGE_CURVE ( 'NONE', #736, #1472, #86, .T. ) ;
#206 = CARTESIAN_POINT ( 'NONE',  ( -16.09999999999984155, 66.01891802942198240, -13.83167951752632163 ) ) ;
#207 = ORIENTED_EDGE ( 'NONE', *, *, #546, .T. ) ;
#208 = CARTESIAN_POINT ( 'NONE',  ( -14.78673187327839678, 66.10726408790304731, -17.93041003683637769 ) ) ;
#209 = EDGE_CURVE ( 'NONE', #782, #1487, #553, .T. ) ;
#210 = CARTESIAN_POINT ( 'NONE',  ( 13.39426044091406176, 66.30183953051077594, -22.18488850114804833 ) ) ;
#211 = CARTESIAN_POINT ( 'NONE',  ( 14.50896108200390167, 58.80841312312593061, -65.61852262278968340 ) ) ;
#212 = CARTESIAN_POINT ( 'NONE',  ( 12.52769619118831912, 59.59099016845446073, -67.33247583928520896 ) ) ;
#213 = CARTESIAN_POINT ( 'NONE',  ( 15.62622303855028960, 47.56271978195563577, -67.76008174046934585 ) ) ;
#214 = FACE_OUTER_BOUND ( 'NONE', #881, .T. ) ;
#215 = DIRECTION ( 'NONE',  ( -0.000000000000000000, -1.000000000000000000, -0.000000000000000000 ) ) ;
#216 = CARTESIAN_POINT ( 'NONE',  ( -13.04938549862236563, 68.00000000000000000, -16.94546232760762550 ) ) ;
#217 = EDGE_LOOP ( 'NONE', ( #93, #346, #1578, #559 ) ) ;
#218 = COLOUR_RGB ( '',0.7921568627450980005, 0.8196078431372548767, 0.9333333333333333481 ) ;
#219 = CARTESIAN_POINT ( 'NONE',  ( 15.75225497902062166, 20.56736364240520132, -19.22744506330276337 ) ) ;
#220 = VECTOR ( 'NONE', #1595, 1000.000000000000114 ) ;
#221 = CARTESIAN_POINT ( 'NONE',  ( 13.51796280870919098, 66.26709399806775025, -21.29980782487017166 ) ) ;
#222 = CARTESIAN_POINT ( 'NONE',  ( 12.32657366090159101, 49.83309741784847802, -70.00000000000004263 ) ) ;
#223 = CARTESIAN_POINT ( 'NONE',  ( -16.10655386427955804, 34.73748502361406310, -61.01764117709985413 ) ) ;
#224 = CARTESIAN_POINT ( 'NONE',  ( 15.65116746429117711, 47.20825430835613190, -69.75426711410202074 ) ) ;
#225 = CARTESIAN_POINT ( 'NONE',  ( -16.10000000000000142, 18.10752933895652461, -14.62375159101288524 ) ) ;
#226 = VERTEX_POINT ( 'NONE', #1668 ) ;
#227 = CARTESIAN_POINT ( 'NONE',  ( 14.08413564946906327, 34.73112368633794489, -61.00646725949880533 ) ) ;
#228 = ORIENTED_EDGE ( 'NONE', *, *, #828, .T. ) ;
#229 = CARTESIAN_POINT ( 'NONE',  ( 1.555301434917138433E-15, -7.230139534883717189, 12.69999999999999929 ) ) ;
#230 = CARTESIAN_POINT ( 'NONE',  ( -11.41691515002639257, 68.00000000000000000, -22.01446476484801096 ) ) ;
#231 = CARTESIAN_POINT ( 'NONE',  ( 11.88478315066384994, 48.38331654926398073, -69.91054512402874366 ) ) ;
#232 = CARTESIAN_POINT ( 'NONE',  ( -14.07085397309592345, 35.76912689943987544, -62.66575829708909140 ) ) ;
#233 = VECTOR ( 'NONE', #2187, 1000.000000000000000 ) ;
#234 = CARTESIAN_POINT ( 'NONE',  ( 14.04756431360769930, 37.01788296288406599, -64.17133660889659552 ) ) ;
#235 = DIRECTION ( 'NONE',  ( 0.05153452173342681908, -0.4940879408111406024, 0.8678832293659751729 ) ) ;
#236 =( BOUNDED_SURFACE ( )  B_SPLINE_SURFACE ( 3, 2, ( 
 ( #1814, #1293, #247 ),
 ( #943, #1642, #76 ),
 ( #793, #2117, #1158 ),
 ( #457, #99, #2220 ),
 ( #662, #295, #133 ),
 ( #272, #2024, #1352 ),
 ( #1135, #1304, #2211 ),
 ( #469, #1858, #987 ),
 ( #1489, #445, #2184 ),
 ( #801, #2048, #1837 ),
 ( #1146, #1849, #1315 ),
 ( #285, #2003, #976 ),
 ( #649, #2013, #1007 ),
 ( #996, #1676, #492 ),
 ( #628, #1328, #967 ),
 ( #479, #1688, #113 ) ),
 .UNSPECIFIED., .F., .F., .F. ) 
 B_SPLINE_SURFACE_WITH_KNOTS ( ( 4, 2, 2, 2, 2, 2, 2, 4 ),
 ( 3, 3 ),
 ( -0.000000000000000000, 0.1963495408493620697, 0.3926990816987241395, 0.5890486225480862092, 0.7853981633974482790, 0.9817477042468103487, 1.178097245096172418, 1.570796326794896558 ),
 ( 0.000000000000000000, 1.000000000000000000 ),
 .UNSPECIFIED. ) 
 GEOMETRIC_REPRESENTATION_ITEM ( )  RATIONAL_B_SPLINE_SURFACE ( (
 ( 1.000000000000000000, 0.5026204573745305382, 1.000000000000000000),
 ( 1.000000000000000000, 0.5026159357365316271, 1.000000000000000000),
 ( 1.000000000000000000, 0.5042138444302726175, 1.000000000000000000),
 ( 1.000000000000000000, 0.5104398319999297051, 1.000000000000000000),
 ( 1.000000000000000000, 0.5150698635456782970, 1.000000000000000000),
 ( 1.000000000000000000, 0.5269617058405673404, 1.000000000000000000),
 ( 1.000000000000000000, 0.5342198999644726110, 1.000000000000000000),
 ( 1.000000000000000000, 0.5508001683006927829, 1.000000000000000000),
 ( 1.000000000000000000, 0.5601191689731025436, 1.000000000000000000),
 ( 1.000000000000000000, 0.5801985120988392142, 1.000000000000000000),
 ( 1.000000000000000000, 0.5909569791970424868, 1.000000000000000000),
 ( 1.000000000000000000, 0.6133139286093561848, 1.000000000000000000),
 ( 1.000000000000000000, 0.6249115936496081325, 1.000000000000000000),
 ( 1.000000000000000000, 0.6601535607438352438, 1.000000000000000000),
 ( 1.000000000000000000, 0.6842279894891368786, 1.000000000000000000),
 ( 1.000000000000000000, 0.7071067811865475727, 1.000000000000000000) ) ) 
 REPRESENTATION_ITEM ( '' )  SURFACE ( )  );
#237 = EDGE_CURVE ( 'NONE', #1425, #264, #1815, .T. ) ;
#238 = CARTESIAN_POINT ( 'NONE',  ( 0.000000000000000000, 68.00000000000000000, 0.000000000000000000 ) ) ;
#239 = CARTESIAN_POINT ( 'NONE',  ( 11.41691514921988571, 68.00000000000001421, -52.20000000000000995 ) ) ;
#240 = ORIENTED_EDGE ( 'NONE', *, *, #172, .F. ) ;
#241 = CARTESIAN_POINT ( 'NONE',  ( 16.10000000000000142, 60.83265613872499955, -13.52539398905702939 ) ) ;
#242 = CARTESIAN_POINT ( 'NONE',  ( 15.11353270288708650, 68.00000000000000000, -17.12283487127539416 ) ) ;
#243 = CARTESIAN_POINT ( 'NONE',  ( 9.043294745101082555, 43.66059714083662868, -68.76604940220262563 ) ) ;
#244 = CARTESIAN_POINT ( 'NONE',  ( 13.07973052680276815, 54.23589457541411463, -69.54627423742303449 ) ) ;
#245 = EDGE_CURVE ( 'NONE', #817, #1425, #1147, .T. ) ;
#246 = DIRECTION ( 'NONE',  ( 0.000000000000000000, 0.000000000000000000, -1.000000000000000000 ) ) ;
#247 = CARTESIAN_POINT ( 'NONE',  ( 0.000000000000000000, -7.463843432159581681, 13.11050929668552634 ) ) ;
#248 =( BOUNDED_SURFACE ( )  B_SPLINE_SURFACE ( 3, 2, ( 
 ( #1008, #170, #650 ),
 ( #1366, #1527, #1021 ),
 ( #1721, #159, #2222 ),
 ( #664, #834, #1340 ),
 ( #2, #698, #1915 ),
 ( #1043, #180, #1516 ),
 ( #482, #1168, #493 ),
 ( #308, #1700, #135 ),
 ( #1354, #2050, #191 ),
 ( #890, #878, #1586 ),
 ( #901, #53, #2106 ),
 ( #1802, #23, #2094 ),
 ( #1926, #720, #759 ),
 ( #1445, #398, #366 ),
 ( #1269, #2139, #544 ),
 ( #1937, #1576, #1608 ),
 ( #409, #1410, #1089 ),
 ( #1617, #12, #1236 ),
 ( #43, #579, #377 ),
 ( #1066, #1766, #1947 ),
 ( #1789, #202, #569 ),
 ( #1596, #732, #707 ),
 ( #743, #1434, #32 ),
 ( #1100, #1970, #2128 ),
 ( #1401, #535, #1227 ),
 ( #1056, #1421, #1756 ),
 ( #2116, #911, #557 ),
 ( #1259, #1248, #388 ),
 ( #1077, #1958, #1777 ),
 ( #213, #224, #922 ),
 ( #1980, #2012, #284 ),
 ( #942, #1824, #592 ),
 ( #261, #271, #792 ),
 ( #933, #1665, #1675 ),
 ( #614, #1145, #1630 ),
 ( #1848, #2183, #98 ),
 ( #1813, #780, #1303 ),
 ( #813, #2172, #1468 ),
 ( #1134, #75, #604 ),
 ( #966, #2162, #84 ),
 ( #975, #2002, #955 ),
 ( #468, #112, #234 ),
 ( #1502, #432, #64 ),
 ( #1123, #800, #1476 ),
 ( #1488, #1652, #444 ),
 ( #1836, #627, #1292 ) ),
 .UNSPECIFIED., .F., .F., .F. ) 
 B_SPLINE_SURFACE_WITH_KNOTS ( ( 4, 2, 2, 2, 2, 2, 2, 2, 2, 2, 2, 2, 2, 2, 2, 2, 2, 2, 2, 2, 2, 2, 4 ),
 ( 3, 3 ),
 ( 0.000000000000000000, 0.002584982166373610626, 0.005169964332747221253, 0.007754946499120831879, 0.01033992866549444251, 0.01163241974868124695, 0.01292491083186805313, 0.01550989299824166376, 0.01680238408142847167, 0.01809487516461527612, 0.02067985733098888501, 0.02197234841417568946, 0.02326483949736249390, 0.02584982166373610626, 0.02714231274692291418, 0.02843480383010971863, 0.03101978599648332752, 0.03231227707967013196, 0.03360476816285694335, 0.03618975032923055224, 0.03748224141241735669, 0.03877473249560416113, 0.04135971466197777002 ),
 ( 0.000000000000000000, 1.000000000000000000 ),
 .UNSPECIFIED. ) 
 GEOMETRIC_REPRESENTATION_ITEM ( )  RATIONAL_B_SPLINE_SURFACE ( (
 ( 1.000000000000000000, 0.7637152991195600427, 1.000000000000000000),
 ( 1.000000000000000000, 0.7637148323212059609, 1.000000000000000000),
 ( 1.000000000000000000, 0.7633427167983423134, 1.000000000000000000),
 ( 1.000000000000000000, 0.7619008049183203513, 1.000000000000000000),
 ( 1.000000000000000000, 0.7608312644531645130, 1.000000000000000000),
 ( 1.000000000000000000, 0.7580176169739829550, 1.000000000000000000),
 ( 1.000000000000000000, 0.7563073825382872206, 1.000000000000000000),
 ( 1.000000000000000000, 0.7523986969250219259, 1.000000000000000000),
 ( 1.000000000000000000, 0.7501971731647895103, 1.000000000000000000),
 ( 1.000000000000000000, 0.7465864872508979344, 1.000000000000000000),
 ( 1.000000000000000000, 0.7453399366696252804, 1.000000000000000000),
 ( 1.000000000000000000, 0.7428000381915681460, 1.000000000000000000),
 ( 1.000000000000000000, 0.7415031113633767657, 1.000000000000000000),
 ( 1.000000000000000000, 0.7375535596574632757, 1.000000000000000000),
 ( 1.000000000000000000, 0.7348422010546185046, 1.000000000000000000),
 ( 1.000000000000000000, 0.7307415256288043448, 1.000000000000000000),
 ( 1.000000000000000000, 0.7293736086666807727, 1.000000000000000000),
 ( 1.000000000000000000, 0.7266890800152084884, 1.000000000000000000),
 ( 1.000000000000000000, 0.7253667135445672765, 1.000000000000000000),
 ( 1.000000000000000000, 0.7214774805438392002, 1.000000000000000000),
 ( 1.000000000000000000, 0.7189884565700357388, 1.000000000000000000),
 ( 1.000000000000000000, 0.7154810342470635520, 1.000000000000000000),
 ( 1.000000000000000000, 0.7143489658646973162, 1.000000000000000000),
 ( 1.000000000000000000, 0.7122103100499188599, 1.000000000000000000),
 ( 1.000000000000000000, 0.7111981172192248790, 1.000000000000000000),
 ( 1.000000000000000000, 0.7083384096389858664, 1.000000000000000000),
 ( 1.000000000000000000, 0.7066678485102406704, 1.000000000000000000),
 ( 1.000000000000000000, 0.7045359087265792297, 1.000000000000000000),
 ( 1.000000000000000000, 0.7038857303501208085, 1.000000000000000000),
 ( 1.000000000000000000, 0.7027315653077784718, 1.000000000000000000),
 ( 1.000000000000000000, 0.7022247791907917369, 1.000000000000000000),
 ( 1.000000000000000000, 0.7009034518521084500, 1.000000000000000000),
 ( 1.000000000000000000, 0.7002879788914141423, 1.000000000000000000),
 ( 1.000000000000000000, 0.6997167785866831302, 1.000000000000000000),
 ( 1.000000000000000000, 0.6995848753876435788, 1.000000000000000000),
 ( 1.000000000000000000, 0.6994319515910983887, 1.000000000000000000),
 ( 1.000000000000000000, 0.6994101317314448396, 1.000000000000000000),
 ( 1.000000000000000000, 0.6994839994544905792, 1.000000000000000000),
 ( 1.000000000000000000, 0.6997187871365575518, 1.000000000000000000),
 ( 1.000000000000000000, 0.7002589007189485848, 1.000000000000000000),
 ( 1.000000000000000000, 0.7004713005623505184, 1.000000000000000000),
 ( 1.000000000000000000, 0.7009393231045953909, 1.000000000000000000),
 ( 1.000000000000000000, 0.7011940703667447483, 1.000000000000000000),
 ( 1.000000000000000000, 0.7019949948752816082, 1.000000000000000000),
 ( 1.000000000000000000, 0.7025776997338846197, 1.000000000000000000),
 ( 1.000000000000000000, 0.7031477454581704922, 1.000000000000000000) ) ) 
 REPRESENTATION_ITEM ( '' )  SURFACE ( )  );
#249 = DIRECTION ( 'NONE',  ( 0.000000000000000000, -0.8690379951495553756, -0.4947453516572354326 ) ) ;
#250 = FACE_OUTER_BOUND ( 'NONE', #2028, .T. ) ;
#251 = CARTESIAN_POINT ( 'NONE',  ( 9.431161645793171289, -5.725767441860470264, 16.10000000000000142 ) ) ;
#252 = ADVANCED_FACE ( 'NONE', ( #816 ), #2236, .F. ) ;
#253 =( BOUNDED_SURFACE ( )  B_SPLINE_SURFACE ( 3, 2, ( 
 ( #471, #545, #1757 ),
 ( #1237, #1577, #1203 ),
 ( #171, #181, #688 ),
 ( #1044, #203, #1192 ),
 ( #1938, #902, #699 ),
 ( #367, #24, #1906 ),
 ( #1553, #378, #1916 ),
 ( #879, #858, #891 ) ),
 .UNSPECIFIED., .F., .F., .F. ) 
 B_SPLINE_SURFACE_WITH_KNOTS ( ( 4, 2, 2, 4 ),
 ( 3, 3 ),
 ( -4.770489558936219510E-18, 0.002069610091721298464, 0.003104415137581950299, 0.004139220183442602133 ),
 ( 0.000000000000000000, 1.000000000000000000 ),
 .UNSPECIFIED. ) 
 GEOMETRIC_REPRESENTATION_ITEM ( )  RATIONAL_B_SPLINE_SURFACE ( (
 ( 1.000000000000000000, 0.7258209296897797369, 1.000000000000000000),
 ( 1.000000000000000000, 0.7230117324898213127, 1.000000000000000000),
 ( 1.000000000000000000, 0.7200398529499343336, 1.000000000000000000),
 ( 1.000000000000000000, 0.7153289071077081340, 1.000000000000000000),
 ( 1.000000000000000000, 0.7137069250560482692, 1.000000000000000000),
 ( 1.000000000000000000, 0.7104327237048061461, 1.000000000000000000),
 ( 1.000000000000000000, 0.7087785415875738071, 1.000000000000000000),
 ( 1.000000000000000000, 0.7071067811865573427, 1.000000000000000000) ) ) 
 REPRESENTATION_ITEM ( '' )  SURFACE ( )  );
#254 = ORIENTED_EDGE ( 'NONE', *, *, #1872, .T. ) ;
#255 = CARTESIAN_POINT ( 'NONE',  ( 15.01555401747638818, 13.50423297116660848, -20.12312311786691765 ) ) ;
#256 = AXIS2_PLACEMENT_3D ( 'NONE', #2071, #306, #1548 ) ;
#257 = CARTESIAN_POINT ( 'NONE',  ( -12.35918855632267110, 61.02707242847402824, -66.34049194742577527 ) ) ;
#258 = CARTESIAN_POINT ( 'NONE',  ( 14.09999999942960613, 8.717533655923796587, -15.31266124202299928 ) ) ;
#259 = CARTESIAN_POINT ( 'NONE',  ( -13.43366026739728802, 49.96906515739439669, -70.00515163595491686 ) ) ;
#260 = ORIENTED_EDGE ( 'NONE', *, *, #1634, .T. ) ;
#261 = CARTESIAN_POINT ( 'NONE',  ( 15.78773123105984766, 45.03727875771994604, -67.11810796610654961 ) ) ;
#262 = CARTESIAN_POINT ( 'NONE',  ( -14.09999999999999964, 0.000000000000000000, 0.000000000000000000 ) ) ;
#263 = CARTESIAN_POINT ( 'NONE',  ( -16.04782204164208181, 10.71656927149487259, -15.05762704919772865 ) ) ;
#264 = VERTEX_POINT ( 'NONE', #1367 ) ;
#265 = CARTESIAN_POINT ( 'NONE',  ( 13.76109837291332383, 44.82303531934915952, -69.18618951354650903 ) ) ;
#266 = ORIENTED_EDGE ( 'NONE', *, *, #762, .T. ) ;
#267 = CARTESIAN_POINT ( 'NONE',  ( -13.06316394552849225, 12.32663800895383233, -21.65218277716562412 ) ) ;
#268 = CARTESIAN_POINT ( 'NONE',  ( 13.22195118742971154, 68.00000000000000000, -16.64107421436246526 ) ) ;
#269 = FACE_OUTER_BOUND ( 'NONE', #1724, .T. ) ;
#270 = CARTESIAN_POINT ( 'NONE',  ( -14.86291758649605832, 55.89598245967866319, -69.07231061813402562 ) ) ;
#271 = CARTESIAN_POINT ( 'NONE',  ( 15.82682856614679778, 44.35815948024107058, -69.04327139461513241 ) ) ;
#272 = CARTESIAN_POINT ( 'NONE',  ( -7.134734421745740462, -4.913683146361628395, 14.47121066329029482 ) ) ;
#273 = CIRCLE ( 'NONE', #1768, 2.000000000000000444 ) ;
#274 = CARTESIAN_POINT ( 'NONE',  ( 14.88786915399412969, 12.28005257424167063, -21.57035378645390011 ) ) ;
#275 = CARTESIAN_POINT ( 'NONE',  ( 13.73301474056180460, -1.537773519972223779, 2.701154467271463577 ) ) ;
#276 = ADVANCED_FACE ( 'NONE', ( #1701 ), #22, .T. ) ;
#277 = ORIENTED_EDGE ( 'NONE', *, *, #1430, .F. ) ;
#278 = CARTESIAN_POINT ( 'NONE',  ( -14.27448302877488828, 60.56495255901396746, -64.36518850577752460 ) ) ;
#279 = CARTESIAN_POINT ( 'NONE',  ( -15.05237293715450519, 13.85723487347903848, -20.66269207384861417 ) ) ;
#280 = LINE ( 'NONE', #973, #197 ) ;
#281 = EDGE_CURVE ( 'NONE', #127, #1102, #598, .T. ) ;
#282 = CARTESIAN_POINT ( 'NONE',  ( -12.66296475258860355, 58.39059385685941095, -68.03309621657041362 ) ) ;
#283 = EDGE_LOOP ( 'NONE', ( #1949, #620 ) ) ;
#284 = CARTESIAN_POINT ( 'NONE',  ( 13.66027743867373800, 46.59419739706963526, -69.63769676557568289 ) ) ;
#285 = CARTESIAN_POINT ( 'NONE',  ( -13.97208874387724364, -1.721422695540232084, 8.068525854432294864 ) ) ;
#286 = SURFACE_SIDE_STYLE ('',( #460 ) ) ;
#287 = CARTESIAN_POINT ( 'NONE',  ( 0.000000000000000000, 68.00000000000000000, 0.000000000000000000 ) ) ;
#288 = CARTESIAN_POINT ( 'NONE',  ( 13.97208874387819932, -1.721422695540230974, 8.068525854430861344 ) ) ;
#289 = EDGE_LOOP ( 'NONE', ( #2033, #1706, #1272, #870, #895 ) ) ;
#290 = CARTESIAN_POINT ( 'NONE',  ( -13.45323779530526309, 65.95047520810486219, -55.66604508767007786 ) ) ;
#291 = CARTESIAN_POINT ( 'NONE',  ( -11.41691514921987505, 68.00000000000002842, -53.37928057047266606 ) ) ;
#292 = CARTESIAN_POINT ( 'NONE',  ( -16.09999999999999787, 66.19174014764783465, -12.93783806639345357 ) ) ;
#293 = CARTESIAN_POINT ( 'NONE',  ( -14.41023645888174265, 59.56306866231412300, -65.12364969587370922 ) ) ;
#294 = CARTESIAN_POINT ( 'NONE',  ( -13.38899058876076609, 66.33304423243713188, -23.09189103561073964 ) ) ;
#295 = CARTESIAN_POINT ( 'NONE',  ( -5.750358847416610963, -8.593401109658508119, 15.09461796222450758 ) ) ;
#296 = AXIS2_PLACEMENT_3D ( 'NONE', #2216, #325, #1683 ) ;
#297 = DIRECTION ( 'NONE',  ( -0.000000000000000000, -0.000000000000000000, 1.000000000000000000 ) ) ;
#298 = CARTESIAN_POINT ( 'NONE',  ( 13.06316394552827020, 12.32663800895383588, -21.65218277716562767 ) ) ;
#299 = VERTEX_POINT ( 'NONE', #2038 ) ;
#300 = CARTESIAN_POINT ( 'NONE',  ( -14.79364690403616578, 56.48892329784808197, -66.79904903482652401 ) ) ;
#301 = CARTESIAN_POINT ( 'NONE',  ( 16.09999999999999787, 34.00000000000000711, -16.09999999999999787 ) ) ;
#302 = CARTESIAN_POINT ( 'NONE',  ( 15.84062381681069098, 11.25682628729915358, -16.27804342186974651 ) ) ;
#303 = CARTESIAN_POINT ( 'NONE',  ( -15.19322341713531088, 52.76329330898319370, -67.84480580351552703 ) ) ;
#304 = ORIENTED_EDGE ( 'NONE', *, *, #137, .T. ) ;
#305 = EDGE_CURVE ( 'NONE', #1152, #1481, #786, .T. ) ;
#306 = DIRECTION ( 'NONE',  ( 0.000000000000000000, 0.000000000000000000, -1.000000000000000000 ) ) ;
#307 = CARTESIAN_POINT ( 'NONE',  ( 0.000000000000000000, 64.56956952125935345, -62.70502126479024696 ) ) ;
#308 = CARTESIAN_POINT ( 'NONE',  ( 13.76521665159808450, 64.02325726748669865, -60.43105982210519045 ) ) ;
#309 = CARTESIAN_POINT ( 'NONE',  ( 0.000000000000000000, 45.16004142455949477, -25.76450257854152071 ) ) ;
#310 = VECTOR ( 'NONE', #1159, 1000.000000000000000 ) ;
#311 = EDGE_CURVE ( 'NONE', #1581, #1139, #1068, .T. ) ;
#312 = VECTOR ( 'NONE', #2213, 1000.000000000000000 ) ;
#313 = ORIENTED_EDGE ( 'NONE', *, *, #2090, .F. ) ;
#314 = CARTESIAN_POINT ( 'NONE',  ( 13.22755448025923641, 10.84383873890978833, -19.04759255609153001 ) ) ;
#315 = CARTESIAN_POINT ( 'NONE',  ( 16.10000000000000142, 10.16794026330392064, -13.81786892657430776 ) ) ;
#316 = CARTESIAN_POINT ( 'NONE',  ( -14.88786915399334632, 12.28005257423908247, -21.57035378644934909 ) ) ;
#317 = CARTESIAN_POINT ( 'NONE',  ( -11.86551920272813554, 64.86889473594347066, -62.29466268373814586 ) ) ;
#318 = ORIENTED_EDGE ( 'NONE', *, *, #2205, .F. ) ;
#319 = CARTESIAN_POINT ( 'NONE',  ( 13.04938549862189845, 68.00000000000000000, -16.94546232760799498 ) ) ;
#320 = CARTESIAN_POINT ( 'NONE',  ( -11.97634385059323670, 57.01867494742923270, -68.64380693902775477 ) ) ;
#321 = CARTESIAN_POINT ( 'NONE',  ( 9.521735639071469137, 60.87946775010449585, -66.44578233460440231 ) ) ;
#322 = DIRECTION ( 'NONE',  ( 0.000000000000000000, -0.8690379951495553756, -0.4947453516572354326 ) ) ;
#323 = ORIENTED_EDGE ( 'NONE', *, *, #644, .T. ) ;
#324 = CARTESIAN_POINT ( 'NONE',  ( -25.40000000000000924, 7.230139534883726959, -12.69999999999999929 ) ) ;
#325 = DIRECTION ( 'NONE',  ( 0.000000000000000000, -0.8690379951495552646, -0.4947453516572354881 ) ) ;
#326 = CARTESIAN_POINT ( 'NONE',  ( -15.87271764928780193, 44.85601539737849208, -18.62683701154481142 ) ) ;
#327 = CARTESIAN_POINT ( 'NONE',  ( -13.50913968456561953, 65.61369059585067021, -56.90929921164984506 ) ) ;
#328 =( BOUNDED_SURFACE ( )  B_SPLINE_SURFACE ( 3, 2, ( 
 ( #509, #316, #850 ),
 ( #1373, #2241, #154 ),
 ( #2228, #1716, #499 ),
 ( #2069, #669, #1359 ) ),
 .UNSPECIFIED., .F., .F., .F. ) 
 B_SPLINE_SURFACE_WITH_KNOTS ( ( 4, 4 ),
 ( 3, 3 ),
 ( 1.466869784561495749, 1.583645941507516142 ),
 ( 0.000000000000000000, 1.000000000000000000 ),
 .UNSPECIFIED. ) 
 GEOMETRIC_REPRESENTATION_ITEM ( )  RATIONAL_B_SPLINE_SURFACE ( (
 ( 1.000000000000000000, 0.7382931740663175590, 1.000000000000000000),
 ( 1.000000000000000000, 0.7269003795070101415, 1.000000000000000000),
 ( 1.000000000000000000, 0.7151740495720128044, 1.000000000000000000),
 ( 1.000000000000000000, 0.7031477454581711584, 1.000000000000000000) ) ) 
 REPRESENTATION_ITEM ( '' )  SURFACE ( )  );
#329 = CARTESIAN_POINT ( 'NONE',  ( 15.85305883961764550, 17.77430881691804387, -17.18136828263936877 ) ) ;
#330 = CARTESIAN_POINT ( 'NONE',  ( -13.55523372815713046, 48.24370075519146894, -69.89645532524968985 ) ) ;
#331 = CARTESIAN_POINT ( 'NONE',  ( 10.60226114878470938, -6.949299199105996472, 12.20669385463893697 ) ) ;
#332 = CARTESIAN_POINT ( 'NONE',  ( 13.59999126281577908, 11.85779619592237033, -16.78616161865448220 ) ) ;
#333 = CARTESIAN_POINT ( 'NONE',  ( -13.04938549862236563, 68.00000000000000000, -16.94546232760762550 ) ) ;
#334 = ORIENTED_EDGE ( 'NONE', *, *, #1953, .T. ) ;
#335 = CARTESIAN_POINT ( 'NONE',  ( -15.47498907851974970, 11.78849805910957471, -17.47867945910308407 ) ) ;
#336 = FACE_OUTER_BOUND ( 'NONE', #2237, .T. ) ;
#337 = FACE_OUTER_BOUND ( 'NONE', #1229, .T. ) ;
#338 = B_SPLINE_CURVE_WITH_KNOTS ( 'NONE', 3,
 ( #167, #2047, #986, #2081, #491, #1890 ),
 .UNSPECIFIED., .F., .F.,
 ( 4, 2, 4 ),
 ( 0.000000000000000000, 0.001726005744195551828, 0.003452011488391103656 ),
 .UNSPECIFIED. ) ;
#339 = CARTESIAN_POINT ( 'NONE',  ( -14.08818056342543912, 61.88582916879577311, -63.17488743127935891 ) ) ;
#340 = ADVANCED_FACE ( 'NONE', ( #1330 ), #253, .T. ) ;
#341 = CARTESIAN_POINT ( 'NONE',  ( 1.555301434917138630E-15, 32.65298296130445266, -27.96983443491154375 ) ) ;
#342 = CARTESIAN_POINT ( 'NONE',  ( -13.44529495616368209, 49.80907577556070720, -69.99999999999974420 ) ) ;
#343 = CARTESIAN_POINT ( 'NONE',  ( 4.174449352141478720, -5.469031874354505440, 15.58506804401298140 ) ) ;
#344 = CARTESIAN_POINT ( 'NONE',  ( 6.382155615915942271, 63.16263469322883140, -64.40958373570785511 ) ) ;
#345 = CARTESIAN_POINT ( 'NONE',  ( 15.87458496548095255, 66.04677880252519628, -15.12127954858164181 ) ) ;
#346 = ORIENTED_EDGE ( 'NONE', *, *, #348, .F. ) ;
#347 = CARTESIAN_POINT ( 'NONE',  ( -13.37973294822898573, 10.47973371488690830, -18.40802899265264614 ) ) ;
#348 = EDGE_CURVE ( 'NONE', #1102, #893, #1368, .T. ) ;
#349 = EDGE_CURVE ( 'NONE', #989, #437, #603, .T. ) ;
#350 = CARTESIAN_POINT ( 'NONE',  ( 16.09999999992828279, 39.53558009752715918, -16.91856767539460549 ) ) ;
#351 = CARTESIAN_POINT ( 'NONE',  ( -13.90283821296949895, 63.16445843945982119, -64.43564046275223234 ) ) ;
#352 = CARTESIAN_POINT ( 'NONE',  ( 13.10747498698246183, 68.00000000000001421, -23.09189103561073253 ) ) ;
#353 = CARTESIAN_POINT ( 'NONE',  ( -16.10000000000000142, 68.00000000000001421, -52.20000000000000995 ) ) ;
#354 = CARTESIAN_POINT ( 'NONE',  ( 16.10000000000000497, 0.5633193585380972257, -0.9894907033144743069 ) ) ;
#355 = ADVANCED_FACE ( 'NONE', ( #2247 ), #1379, .T. ) ;
#356 = DIRECTION ( 'NONE',  ( 0.2897073335022396501, -0.4735283362209225522, 0.8317695448325016505 ) ) ;
#357 = FACE_OUTER_BOUND ( 'NONE', #48, .T. ) ;
#358 = ORIENTED_EDGE ( 'NONE', *, *, #1014, .T. ) ;
#359 = CARTESIAN_POINT ( 'NONE',  ( -14.78673187327839678, 66.10726408790304731, -17.93041003683637769 ) ) ;
#360 = ORIENTED_EDGE ( 'NONE', *, *, #2133, .T. ) ;
#361 = CARTESIAN_POINT ( 'NONE',  ( 0.000000000000000000, -5.725767441860471152, 14.09999999999999787 ) ) ;
#362 = CARTESIAN_POINT ( 'NONE',  ( -11.79231789416655829, 65.40052929884647881, -61.47483673751485611 ) ) ;
#363 = FACE_OUTER_BOUND ( 'NONE', #1048, .T. ) ;
#364 = CARTESIAN_POINT ( 'NONE',  ( 15.87131290807960582, 43.42902244228694286, -66.43577730183245933 ) ) ;
#365 = CARTESIAN_POINT ( 'NONE',  ( -2.859934511434403501E-14, -5.725767441860471152, 16.09999999999999787 ) ) ;
#366 = CARTESIAN_POINT ( 'NONE',  ( 12.28592702675701709, 61.63473145475050785, -65.87551830604967051 ) ) ;
#367 = CARTESIAN_POINT ( 'NONE',  ( -16.07176656242484469, 66.01884789924665142, -13.82897447400981683 ) ) ;
#368 = B_SPLINE_CURVE_WITH_KNOTS ( 'NONE', 3,
 ( #530, #2088, #520, #1739, #1952, #1206 ),
 .UNSPECIFIED., .F., .F.,
 ( 4, 2, 4 ),
 ( -8.812873584952143294E-05, 0.01598901628831455798, 0.03206616131247863599 ),
 .UNSPECIFIED. ) ;
#369 = EDGE_LOOP ( 'NONE', ( #936, #1395, #660, #1598, #1622, #2156, #1702, #379, #414, #254, #1761 ) ) ;
#370 = CARTESIAN_POINT ( 'NONE',  ( -14.89380643379064395, 10.99416582197747161, -19.31164748141507914 ) ) ;
#371 = AXIS2_PLACEMENT_3D ( 'NONE', #1096, #1797, #716 ) ;
#372 = VERTEX_POINT ( 'NONE', #333 ) ;
#373 = CARTESIAN_POINT ( 'NONE',  ( 13.35630453994362554, 66.52599789211208758, -23.12686264835365435 ) ) ;
#374 = LINE ( 'NONE', #1223, #2111 ) ;
#375 = CARTESIAN_POINT ( 'NONE',  ( -13.89671021782366367, 41.92751287734019172, -67.98007409816200663 ) ) ;
#376 = CARTESIAN_POINT ( 'NONE',  ( -13.99397484614653742, 39.15050436767138109, -66.16374385057822849 ) ) ;
#377 = CARTESIAN_POINT ( 'NONE',  ( 12.70860807085983168, 57.95797757678380435, -68.22768644555574724 ) ) ;
#378 = CARTESIAN_POINT ( 'NONE',  ( -16.09056537948797327, 68.00000000000001421, -13.39413319030854232 ) ) ;
#379 = ORIENTED_EDGE ( 'NONE', *, *, #2233, .T. ) ;
#380 = CARTESIAN_POINT ( 'NONE',  ( 13.38899058876077319, 66.33304423243711767, -23.09189103561073253 ) ) ;
#381 = ADVANCED_FACE ( 'NONE', ( #1565 ), #536, .T. ) ;
#382 = ORIENTED_EDGE ( 'NONE', *, *, #683, .T. ) ;
#383 = CARTESIAN_POINT ( 'NONE',  ( 15.84038699423836505, 19.07597286684601912, -17.04892928836603971 ) ) ;
#384 = DIRECTION ( 'NONE',  ( 0.000000000000000000, 1.000000000000000000, 0.000000000000000000 ) ) ;
#385 = CARTESIAN_POINT ( 'NONE',  ( -16.10000000000000142, 2.301395348837209642, 0.000000000000000000 ) ) ;
#386 = CARTESIAN_POINT ( 'NONE',  ( 13.48563654223237762, 65.75680111095620362, -56.49710437584896994 ) ) ;
#387 = CARTESIAN_POINT ( 'NONE',  ( -16.03509559676200880, 39.19225609785439701, -66.19692347682062916 ) ) ;
#388 = CARTESIAN_POINT ( 'NONE',  ( 13.53628267759304471, 48.52679761472116127, -69.92789306521908088 ) ) ;
#389 = CARTESIAN_POINT ( 'NONE',  ( -15.40231337549210444, 17.21229367229884133, -19.94506976330357517 ) ) ;
#390 = ORIENTED_EDGE ( 'NONE', *, *, #1430, .T. ) ;
#391 = CARTESIAN_POINT ( 'NONE',  ( -16.08397053914262287, 36.49489819885704378, -60.01697655618433913 ) ) ;
#392 = VERTEX_POINT ( 'NONE', #708 ) ;
#393 = CARTESIAN_POINT ( 'NONE',  ( 15.05237293715522462, 13.85723487348591654, -20.66269207384712914 ) ) ;
#394 = CARTESIAN_POINT ( 'NONE',  ( -14.08413564946904906, 34.73112368633794489, -61.00646725949880533 ) ) ;
#395 = CARTESIAN_POINT ( 'NONE',  ( -15.05237293715450519, 13.85723487347903848, -20.66269207384861417 ) ) ;
#396 = CARTESIAN_POINT ( 'NONE',  ( 6.894980563224828884, 41.73002483193688050, -67.86210955045855542 ) ) ;
#397 = CARTESIAN_POINT ( 'NONE',  ( 11.89307599978734054, 64.66700413640279521, -62.58676458470836934 ) ) ;
#398 = CARTESIAN_POINT ( 'NONE',  ( 14.10714984168911634, 61.78093522350945221, -65.75310336055035521 ) ) ;
#399 = CARTESIAN_POINT ( 'NONE',  ( -13.59999126281572224, 10.11972020562333441, -17.77565232196908340 ) ) ;
#400 = CARTESIAN_POINT ( 'NONE',  ( 13.04938549862189845, 68.00000000000000000, -16.94546232760799498 ) ) ;
#401 = CARTESIAN_POINT ( 'NONE',  ( 11.55837021664551045, 68.00000000000001421, -20.95509025221083022 ) ) ;
#402 = ORIENTED_EDGE ( 'NONE', *, *, #2160, .T. ) ;
#403 = AXIS2_PLACEMENT_3D ( 'NONE', #2243, #502, #1362 ) ;
#404 = CARTESIAN_POINT ( 'NONE',  ( 16.10000000010227339, 44.84699172666401523, -15.96242654697488561 ) ) ;
#405 = CARTESIAN_POINT ( 'NONE',  ( 15.59933348473419912, 68.00000000000000000, -15.91928621855602621 ) ) ;
#406 = CARTESIAN_POINT ( 'NONE',  ( 5.047768367633258535, 40.61016727095855572, -67.19974306258134789 ) ) ;
#407 = ADVANCED_FACE ( 'NONE', ( #1597 ), #721, .F. ) ;
#408 = CARTESIAN_POINT ( 'NONE',  ( 12.03924536333293993, 63.57166305439510268, -63.96357984373992878 ) ) ;
#409 = CARTESIAN_POINT ( 'NONE',  ( 14.55154553796467631, 58.47582521833019342, -65.81783633945906331 ) ) ;
#410 = CARTESIAN_POINT ( 'NONE',  ( 0.000000000000000000, 68.00000000000000000, 0.000000000000000000 ) ) ;
#411 = ORIENTED_EDGE ( 'NONE', *, *, #762, .F. ) ;
#412 = APPLICATION_CONTEXT ( 'automotive_design' ) ;
#413 = CARTESIAN_POINT ( 'NONE',  ( 11.96806766460075977, 68.00000000000000000, -19.41131557562869503 ) ) ;
#414 = ORIENTED_EDGE ( 'NONE', *, *, #311, .T. ) ;
#415 = CARTESIAN_POINT ( 'NONE',  ( 15.98811897198835652, 44.89617822117310908, -16.82452320072696850 ) ) ;
#416 = EDGE_CURVE ( 'NONE', #539, #372, #273, .T. ) ;
#417 = ADVANCED_FACE ( 'NONE', ( #357 ), #1800, .T. ) ;
#418 = APPLICATION_PROTOCOL_DEFINITION ( 'draft international standard', 'automotive_design', 1998, #412 ) ;
#419 = CARTESIAN_POINT ( 'NONE',  ( 16.10000000000000142, 66.00000000000000000, -12.95883793322946254 ) ) ;
#420 = CARTESIAN_POINT ( 'NONE',  ( 14.09255092689345545, 61.85572876068347625, -63.20572063071036695 ) ) ;
#421 = CARTESIAN_POINT ( 'NONE',  ( -16.03342998096540839, 39.12671503342956214, -63.45218204034319598 ) ) ;
#422 = CARTESIAN_POINT ( 'NONE',  ( -14.09999999999999964, 66.00000000000000000, -12.95883793323135080 ) ) ;
#423 = FACE_OUTER_BOUND ( 'NONE', #2118, .T. ) ;
#424 = CARTESIAN_POINT ( 'NONE',  ( 1.555301434917138433E-15, -7.230139534883717189, 12.69999999999999929 ) ) ;
#425 = CARTESIAN_POINT ( 'NONE',  ( 14.09999999999999964, 66.00000000000000000, 0.000000000000000000 ) ) ;
#426 = CARTESIAN_POINT ( 'NONE',  ( 16.10000000000000142, 34.00000000000000711, -55.67973856209148664 ) ) ;
#427 = ORIENTED_EDGE ( 'NONE', *, *, #1832, .T. ) ;
#428 = CARTESIAN_POINT ( 'NONE',  ( -13.42435026221357752, 66.30081207309649471, -22.18664774368438231 ) ) ;
#429 = CARTESIAN_POINT ( 'NONE',  ( 13.04938549862216846, 68.00000000000000000, -16.94546232760751892 ) ) ;
#430 = CARTESIAN_POINT ( 'NONE',  ( -16.10000000000000142, 35.34809472127474805, -16.41371692261413529 ) ) ;
#431 = CARTESIAN_POINT ( 'NONE',  ( -14.78886637727182318, 56.52989047147461577, -66.78219077870414822 ) ) ;
#432 = CARTESIAN_POINT ( 'NONE',  ( 16.08741979227436047, 36.71305902481939398, -63.82688197358783810 ) ) ;
#433 = DIRECTION ( 'NONE',  ( 0.000000000000000000, 1.000000000000000000, 0.000000000000000000 ) ) ;
#434 = CARTESIAN_POINT ( 'NONE',  ( -16.09999999999918430, 10.44365153973606475, -14.44098246121019713 ) ) ;
#435 = ORIENTED_EDGE ( 'NONE', *, *, #758, .T. ) ;
#436 = CARTESIAN_POINT ( 'NONE',  ( -15.83688366851589180, 21.37874237494635921, -33.73840318828946749 ) ) ;
#437 = VERTEX_POINT ( 'NONE', #399 ) ;
#438 = CARTESIAN_POINT ( 'NONE',  ( -13.22755448025919023, 10.84383873890984340, -19.04759255609162949 ) ) ;
#439 = AXIS2_PLACEMENT_3D ( 'NONE', #2196, #456, #637 ) ;
#440 = CARTESIAN_POINT ( 'NONE',  ( 15.52053392838412371, 66.07334985413706363, -16.35350843230466822 ) ) ;
#441 = CARTESIAN_POINT ( 'NONE',  ( -16.10000000010229471, 44.84715210524247198, -15.96242454269040500 ) ) ;
#442 = AXIS2_PLACEMENT_3D ( 'NONE', #1047, #1747, #1725 ) ;
#443 = CARTESIAN_POINT ( 'NONE',  ( -15.85029663239484421, 43.88192353402125434, -68.84866640361939005 ) ) ;
#444 = CARTESIAN_POINT ( 'NONE',  ( 14.07857899355250453, 35.21827336009532416, -61.86216317337002124 ) ) ;
#445 = CARTESIAN_POINT ( 'NONE',  ( -11.41419107070635697, -6.521951184013944136, 11.45604170394550003 ) ) ;
#446 = CARTESIAN_POINT ( 'NONE',  ( -15.60842303015443910, 9.727989830343480193, -17.08756383597701500 ) ) ;
#447 = CARTESIAN_POINT ( 'NONE',  ( -16.04750421902502211, 10.71782069204419408, -15.06045436855131925 ) ) ;
#448 = B_SPLINE_CURVE_WITH_KNOTS ( 'NONE', 3,
 ( #1040, #1741, #908, #2091 ),
 .UNSPECIFIED., .F., .F.,
 ( 4, 4 ),
 ( -9.056899396487923910E-05, 0.02217712767213546321 ),
 .UNSPECIFIED. ) ;
#449 = CARTESIAN_POINT ( 'NONE',  ( 8.068525854498542316, -4.664830171214141785, 13.97208874383297328 ) ) ;
#450 = ORIENTED_EDGE ( 'NONE', *, *, #7, .F. ) ;
#451 = CARTESIAN_POINT ( 'NONE',  ( 16.09465677286168983, 35.66330551630931467, -58.57130018349388934 ) ) ;
#452 = EDGE_CURVE ( 'NONE', #817, #79, #1991, .T. ) ;
#453 = CARTESIAN_POINT ( 'NONE',  ( 0.000000000000000000, 66.00000000000000000, 16.10000000000000142 ) ) ;
#454 = CARTESIAN_POINT ( 'NONE',  ( 14.09999999999999964, 8.429864273023129684, -14.80735962990172894 ) ) ;
#455 = CARTESIAN_POINT ( 'NONE',  ( -13.46959502195069547, 49.47765830494797967, -69.99205664777134928 ) ) ;
#456 = DIRECTION ( 'NONE',  ( 0.000000000000000000, 0.000000000000000000, 1.000000000000000000 ) ) ;
#457 = CARTESIAN_POINT ( 'NONE',  ( -4.174449352141321512, -5.469031874354386424, 15.58506804401301338 ) ) ;
#458 = VECTOR ( 'NONE', #2153, 1000.000000000000114 ) ;
#459 = AXIS2_PLACEMENT_3D ( 'NONE', #685, #719, #2061 ) ;
#460 = SURFACE_STYLE_FILL_AREA ( #606 ) ;
#461 = DIRECTION ( 'NONE',  ( 0.006357508579646374731, -0.4947353532683367305, 0.8690204326200356988 ) ) ;
#462 = CYLINDRICAL_SURFACE ( 'NONE', #773, 194.1666666666656624 ) ;
#463 = EDGE_LOOP ( 'NONE', ( #2134, #411, #1590, #313, #2017 ) ) ;
#464 = CARTESIAN_POINT ( 'NONE',  ( -15.71205091124638287, 46.27523379497065292, -67.47780568730182438 ) ) ;
#465 = CARTESIAN_POINT ( 'NONE',  ( 0.000000000000000000, 68.00000000000000000, 14.09999999999999964 ) ) ;
#466 = CARTESIAN_POINT ( 'NONE',  ( -16.10000000005540954, 61.12477900263156982, -15.72884623452077690 ) ) ;
#467 = CARTESIAN_POINT ( 'NONE',  ( -15.71180098847509221, 46.27923255125094926, -67.47889827014142838 ) ) ;
#468 = CARTESIAN_POINT ( 'NONE',  ( 16.04701858222715316, 38.54584385123118295, -62.82624260796598747 ) ) ;
#469 = CARTESIAN_POINT ( 'NONE',  ( -9.820835648732062495, -4.081062998052949808, 12.80123277230937440 ) ) ;
#470 = CARTESIAN_POINT ( 'NONE',  ( 14.09999999999999964, 68.00000000000000000, 0.000000000000000000 ) ) ;
#471 = CARTESIAN_POINT ( 'NONE',  ( -14.78673187327770933, 66.10726408790294784, -17.93041003683760337 ) ) ;
#472 = ORIENTED_EDGE ( 'NONE', *, *, #1865, .F. ) ;
#473 = CARTESIAN_POINT ( 'NONE',  ( -15.87390205178895464, 43.40251240157988377, -66.44296224095390357 ) ) ;
#474 = CARTESIAN_POINT ( 'NONE',  ( -11.89447461022666097, 64.65672535377152030, -62.60131884136809077 ) ) ;
#475 = CARTESIAN_POINT ( 'NONE',  ( -16.02970840901867433, 39.39545270087492668, -17.35359604241632425 ) ) ;
#476 = CARTESIAN_POINT ( 'NONE',  ( -15.56666520123274289, 48.40824883595546879, -67.90443212817984886 ) ) ;
#477 = ORIENTED_EDGE ( 'NONE', *, *, #924, .T. ) ;
#478 = CARTESIAN_POINT ( 'NONE',  ( 14.10000000000000320, -4.138883736875940578, 7.270098067224885163 ) ) ;
#479 = CARTESIAN_POINT ( 'NONE',  ( -16.10000000000000142, 2.301395348837206534, 9.858406733136192443E-16 ) ) ;
#480 = VECTOR ( 'NONE', #297, 1000.000000000000000 ) ;
#481 = ADVANCED_FACE ( 'NONE', ( #214 ), #2130, .T. ) ;
#482 = CARTESIAN_POINT ( 'NONE',  ( 13.63483235007669947, 64.84481656803257010, -58.91660842397584474 ) ) ;
#483 = ORIENTED_EDGE ( 'NONE', *, *, #1085, .T. ) ;
#484 = CARTESIAN_POINT ( 'NONE',  ( 13.04966844608705578, 11.57954090547955239, -20.33987985848122548 ) ) ;
#485 =( BOUNDED_SURFACE ( )  B_SPLINE_SURFACE ( 3, 2, ( 
 ( #1408, #352, #51 ),
 ( #1243, #199, #210 ),
 ( #2103, #898, #221 ),
 ( #1752, #1086, #20 ),
 ( #1912, #2123, #1256 ),
 ( #754, #1955, #29 ),
 ( #542, #1573, #740 ),
 ( #1944, #1593, #1614 ) ),
 .UNSPECIFIED., .F., .F., .F. ) 
 B_SPLINE_SURFACE_WITH_KNOTS ( ( 4, 2, 2, 4 ),
 ( 3, 3 ),
 ( 0.000000000000000000, 0.003187040510026366118, 0.004780560765039548743, 0.006374081020052732235 ),
 ( 0.000000000000000000, 1.000000000000000000 ),
 .UNSPECIFIED. ) 
 GEOMETRIC_REPRESENTATION_ITEM ( )  RATIONAL_B_SPLINE_SURFACE ( (
 ( 1.000000000000000000, 0.7637152991195597096, 1.000000000000000000),
 ( 1.000000000000000000, 0.7586039535784210308, 1.000000000000000000),
 ( 1.000000000000000000, 0.7528703221968632286, 1.000000000000000000),
 ( 1.000000000000000000, 0.7433571371785557824, 1.000000000000000000),
 ( 1.000000000000000000, 0.7400274556787576063, 1.000000000000000000),
 ( 1.000000000000000000, 0.7330739257198042313, 1.000000000000000000),
 ( 1.000000000000000000, 0.7294963005405904477, 1.000000000000000000),
 ( 1.000000000000000000, 0.7258209296897869534, 1.000000000000000000) ) ) 
 REPRESENTATION_ITEM ( '' )  SURFACE ( )  );
#486 = DIRECTION ( 'NONE',  ( 0.000000000000000000, 1.000000000000000000, 0.000000000000000000 ) ) ;
#487 = CARTESIAN_POINT ( 'NONE',  ( -14.23911796620969028, 60.95444243547170515, -22.07807248048695925 ) ) ;
#488 = CARTESIAN_POINT ( 'NONE',  ( -13.38899058876077142, 66.33304423243713188, -52.20000000000000995 ) ) ;
#489 =( BOUNDED_SURFACE ( )  B_SPLINE_SURFACE ( 3, 2, ( 
 ( #1695, #2010, #1301 ),
 ( #1164, #1867, #820 ),
 ( #302, #634, #964 ),
 ( #612, #1334, #1845 ),
 ( #109, #2217, #258 ),
 ( #992, #656, #454 ) ),
 .UNSPECIFIED., .F., .F., .T. ) 
 B_SPLINE_SURFACE_WITH_KNOTS ( ( 4, 2, 4 ),
 ( 3, 3 ),
 ( 0.000000000000000000, 0.001726005744195560068, 0.003452011488391120136 ),
 ( 0.000000000000000000, 1.000000000000000000 ),
 .UNSPECIFIED. ) 
 GEOMETRIC_REPRESENTATION_ITEM ( )  RATIONAL_B_SPLINE_SURFACE ( (
 ( 1.000000000000000000, 0.7750552716395698871, 1.000000000000000000),
 ( 1.000000000000000000, 0.7644782092365604020, 1.000000000000000000),
 ( 1.000000000000000000, 0.7535562414819677590, 1.000000000000000000),
 ( 1.000000000000000000, 0.7309405897001953756, 1.000000000000000000),
 ( 1.000000000000000000, 0.7192470966848683034, 1.000000000000000000),
 ( 1.000000000000000000, 0.7071067811868303465, 1.000000000000000000) ) ) 
 REPRESENTATION_ITEM ( '' )  SURFACE ( )  );
#490 = ORIENTED_EDGE ( 'NONE', *, *, #1634, .F. ) ;
#491 = CARTESIAN_POINT ( 'NONE',  ( 14.09999999999934950, 8.717542490247158327, -15.31267675982955545 ) ) ;
#492 = CARTESIAN_POINT ( 'NONE',  ( -13.73301474055929994, -1.537773519972559955, 2.701154467272055104 ) ) ;
#493 = CARTESIAN_POINT ( 'NONE',  ( 11.66022463494034156, 66.34065889895553880, -59.76681202196272125 ) ) ;
#494 = CARTESIAN_POINT ( 'NONE',  ( -16.10000000000000142, -2.400807746576830048, 9.431161645793165960 ) ) ;
#495 = B_SPLINE_CURVE_WITH_KNOTS ( 'NONE', 3,
 ( #2244, #1399, #2092, #1387, #533, #1200, #1029, #1561, #2082, #523, #1224, #364, #2114, #200, #577, #1978, #52, #72, #1810, #555, #1257, #940, #899, #909, #755, #30, #1775, #1454, #1443, #1604, #211, #1267, #41, #420, #741, #2146, #1967, #1466, #1244, #386, #1121, #1626, #62, #1639 ),
 .UNSPECIFIED., .F., .F.,
 ( 4, 2, 2, 2, 2, 2, 2, 2, 2, 2, 2, 2, 2, 2, 2, 2, 2, 2, 2, 2, 2, 4 ),
 ( 0.000000000000000000, 0.002614396772636996217, 0.003921595158955495410, 0.005228793545273995036, 0.007843190317910994289, 0.009150388704229503456, 0.01045758709054801089, 0.01307198386318502402, 0.01437918224950351931, 0.01568638063582201633, 0.01830077740845902773, 0.01960797579477752822, 0.02091517418109603565, 0.02352957095373302276, 0.02483676934005150938, 0.02614396772636999253, 0.02875836449900694494, 0.03137276127164390083, 0.03398715804428083936, 0.03660155481691777790, 0.03921595158955472338, 0.04183034836219166192 ),
 .UNSPECIFIED. ) ;
#496 = VECTOR ( 'NONE', #1270, 1000.000000000000114 ) ;
#497 = ORIENTED_EDGE ( 'NONE', *, *, #977, .T. ) ;
#498 = CARTESIAN_POINT ( 'NONE',  ( -13.02400239984421226, 11.95117614150605156, -20.99267050999836570 ) ) ;
#499 = CARTESIAN_POINT ( 'NONE',  ( -14.18025037140547084, 27.25156624072765155, -47.86835573330426286 ) ) ;
#500 = CARTESIAN_POINT ( 'NONE',  ( -13.66673386427121351, 64.67755105721863629, -62.56806564269035675 ) ) ;
#501 =( BOUNDED_SURFACE ( )  B_SPLINE_SURFACE ( 3, 2, ( 
 ( #419, #1966, #1672 ),
 ( #576, #1649, #95 ),
 ( #1844, #2179, #930 ),
 ( #107, #405, #1278 ),
 ( #440, #1498, #1977 ),
 ( #1108, #242, #1473 ),
 ( #797, #1638, #268 ),
 ( #2169, #1465, #429 ) ),
 .UNSPECIFIED., .F., .F., .T. ) 
 B_SPLINE_SURFACE_WITH_KNOTS ( ( 4, 2, 2, 4 ),
 ( 3, 3 ),
 ( 0.000000000000000000, 0.002069579222119216459, 0.003104368833178824689, 0.004139158444238432918 ),
 ( 0.000000000000000000, 1.000000000000000000 ),
 .UNSPECIFIED. ) 
 GEOMETRIC_REPRESENTATION_ITEM ( )  RATIONAL_B_SPLINE_SURFACE ( (
 ( 1.000000000000000000, 0.7071067811865475727, 1.000000000000000000),
 ( 1.000000000000000000, 0.7104499134645223535, 1.000000000000000000),
 ( 1.000000000000000000, 0.7136896473484531933, 1.000000000000000000),
 ( 1.000000000000000000, 0.7184031650052580265, 1.000000000000000000),
 ( 1.000000000000000000, 0.7199581389598992409, 1.000000000000000000),
 ( 1.000000000000000000, 0.7229636818877640536, 1.000000000000000000),
 ( 1.000000000000000000, 0.7244167187791175078, 1.000000000000000000),
 ( 1.000000000000000000, 0.7258209296897797369, 1.000000000000000000) ) ) 
 REPRESENTATION_ITEM ( '' )  SURFACE ( )  );
#502 = DIRECTION ( 'NONE',  ( 4.951200291925799072E-18, 0.4947453516572355992, -0.8690379951495552646 ) ) ;
#503 = CYLINDRICAL_SURFACE ( 'NONE', #1551, 12.69999999999999929 ) ;
#504 = B_SPLINE_CURVE_WITH_KNOTS ( 'NONE', 3,
 ( #584, #1829, #1633, #946, #57, #2154, #1996, #265, #959, #67, #2166, #1093, #47, #1806, #1656, #227 ),
 .UNSPECIFIED., .F., .F.,
 ( 4, 2, 2, 2, 2, 2, 2, 4 ),
 ( 0.02791481409657320389, 0.02908082308036922387, 0.03024683206416524731, 0.03257885003175731153, 0.03491086799934937229, 0.03724288596694143999, 0.04190692190212556845, 0.04657095783730969690 ),
 .UNSPECIFIED. ) ;
#505 = DIRECTION ( 'NONE',  ( -1.000000000000000000, 0.000000000000000000, 3.469446951953614189E-15 ) ) ;
#506 = CARTESIAN_POINT ( 'NONE',  ( 16.13402965403680511, 27.36454633866980046, -48.06680933605786521 ) ) ;
#507 = ORIENTED_EDGE ( 'NONE', *, *, #2198, .T. ) ;
#508 = CARTESIAN_POINT ( 'NONE',  ( -11.41691514921988571, 68.00000000000001421, -52.20000000000000995 ) ) ;
#509 = CARTESIAN_POINT ( 'NONE',  ( -15.05237293715502034, 13.85723487348336924, -20.66269207384609174 ) ) ;
#510 = CARTESIAN_POINT ( 'NONE',  ( -12.28783688941857122, 61.61311139210810239, -65.86812815603661875 ) ) ;
#511 = CARTESIAN_POINT ( 'NONE',  ( 15.34748699881645351, 9.640296346384504389, -17.58964171949872579 ) ) ;
#512 = LINE ( 'NONE', #353, #791 ) ;
#513 = DIRECTION ( 'NONE',  ( -0.000000000000000000, -0.000000000000000000, 1.000000000000000000 ) ) ;
#514 = AXIS2_PLACEMENT_3D ( 'NONE', #1329, #125, #2025 ) ;
#515 = DIRECTION ( 'NONE',  ( -3.469446951953613794E-15, 0.000000000000000000, -1.000000000000000000 ) ) ;
#516 = DIRECTION ( 'NONE',  ( 0.000000000000000000, -0.8690379951495608157, -0.4947453516572256627 ) ) ;
#517 = ORIENTED_EDGE ( 'NONE', *, *, #1252, .F. ) ;
#518 = CARTESIAN_POINT ( 'NONE',  ( -11.59448992670726675, 67.99999999999998579, -20.94414760661478780 ) ) ;
#519 = EDGE_CURVE ( 'NONE', #1403, #25, #2239, .T. ) ;
#520 = CARTESIAN_POINT ( 'NONE',  ( 16.10000000000000142, 44.67205589596278514, -15.10753165199977666 ) ) ;
#521 = CARTESIAN_POINT ( 'NONE',  ( -9.962541224107994253, 44.78393897253716460, -69.16658176184731133 ) ) ;
#522 = CARTESIAN_POINT ( 'NONE',  ( 16.10000000008245991, 17.78929597917883498, -15.89499845295749481 ) ) ;
#523 = CARTESIAN_POINT ( 'NONE',  ( 15.92410016945728479, 42.27122535519694679, -65.82357338587112849 ) ) ;
#524 = CARTESIAN_POINT ( 'NONE',  ( 6.248432009106698715, -6.651759136661599570, 11.68405403907060780 ) ) ;
#525 = CARTESIAN_POINT ( 'NONE',  ( 12.21192486181374548, 56.34303143573821870, -68.91314354298667411 ) ) ;
#526 = DIRECTION ( 'NONE',  ( 0.000000000000000000, 0.9848077530122081313, 0.1736481776669307475 ) ) ;
#527 = ORIENTED_EDGE ( 'NONE', *, *, #106, .F. ) ;
#528 = DIRECTION ( 'NONE',  ( -2.036448964637926627E-13, -0.4947453516572358767, 0.8690379951495551536 ) ) ;
#529 = EDGE_LOOP ( 'NONE', ( #738, #1658, #1686 ) ) ;
#530 = CARTESIAN_POINT ( 'NONE',  ( 16.10000000000000142, 34.00000000000000711, -16.10000000000000142 ) ) ;
#531 = CARTESIAN_POINT ( 'NONE',  ( -13.84226354832917316, 63.52482266108915354, -61.16043092145689997 ) ) ;
#532 = PLANE ( 'NONE',  #697 ) ;
#533 = CARTESIAN_POINT ( 'NONE',  ( 16.04688358921379887, 38.55163967565756167, -62.83257545386241816 ) ) ;
#534 = CARTESIAN_POINT ( 'NONE',  ( 0.9228533099710908294, -7.463843432161006319, 13.11050929668802745 ) ) ;
#535 = CARTESIAN_POINT ( 'NONE',  ( 15.20960215959184758, 52.58145693816980071, -69.84764924833218913 ) ) ;
#536 = CYLINDRICAL_SURFACE ( 'NONE', #859, 194.1666666666656624 ) ;
#537 = ORIENTED_EDGE ( 'NONE', *, *, #2105, .F. ) ;
#538 = CARTESIAN_POINT ( 'NONE',  ( 14.09999999999999964, 68.00000000000000000, -12.95883793322946431 ) ) ;
#539 = VERTEX_POINT ( 'NONE', #934 ) ;
#540 = CARTESIAN_POINT ( 'NONE',  ( 14.21458007992875139, 61.13029673790189378, -22.11303397570367935 ) ) ;
#541 = CARTESIAN_POINT ( 'NONE',  ( -5.682886826963201798, 40.94949447236837869, -67.41414986856810287 ) ) ;
#542 = CARTESIAN_POINT ( 'NONE',  ( 12.78265829573780188, 68.00000000000000000, -17.41594165683936879 ) ) ;
#543 = CARTESIAN_POINT ( 'NONE',  ( -12.71250561577507199, 52.12859523933871486, -69.92249147440615786 ) ) ;
#544 = CARTESIAN_POINT ( 'NONE',  ( 12.37824061610703730, 60.87630333269854077, -66.47616298417881353 ) ) ;
#545 = CARTESIAN_POINT ( 'NONE',  ( -14.69829735986350983, 68.00000000000000000, -17.88027416717173423 ) ) ;
#546 = EDGE_CURVE ( 'NONE', #1481, #817, #1660, .T. ) ;
#547 = CIRCLE ( 'NONE', #403, 1.999999999999999778 ) ;
#548 = ORIENTED_EDGE ( 'NONE', *, *, #848, .F. ) ;
#549 = CARTESIAN_POINT ( 'NONE',  ( -16.10000000000000142, 39.33596140347302139, -15.60363686162424557 ) ) ;
#550 = EDGE_LOOP ( 'NONE', ( #304, #68, #1819, #671 ) ) ;
#551 = CARTESIAN_POINT ( 'NONE',  ( 16.09999999999999787, 34.00000000000000711, -16.09999999999999787 ) ) ;
#552 = CARTESIAN_POINT ( 'NONE',  ( -1.876534781112590089, 39.58015638462702412, -66.48524212852491644 ) ) ;
#553 = B_SPLINE_CURVE_WITH_KNOTS ( 'NONE', 3,
 ( #968, #1874, #825, #1690 ),
 .UNSPECIFIED., .F., .F.,
 ( 4, 4 ),
 ( 0.002456779018835151835, 0.02639784028092201362 ),
 .UNSPECIFIED. ) ;
#554 = CARTESIAN_POINT ( 'NONE',  ( -14.33583674693198873, 66.14989424711359334, -18.72110006095163115 ) ) ;
#555 = CARTESIAN_POINT ( 'NONE',  ( 15.42855191934119929, 50.15719359287280099, -68.02212089850463883 ) ) ;
#556 = CARTESIAN_POINT ( 'NONE',  ( 11.58509346219382863, 66.86030192089687318, -58.49408884172920153 ) ) ;
#557 = CARTESIAN_POINT ( 'NONE',  ( 13.43383812817301326, 49.98648156878169146, -70.02542018846436633 ) ) ;
#558 = CARTESIAN_POINT ( 'NONE',  ( 13.06316394552775506, 12.32663800895167583, -21.65218277716183337 ) ) ;
#559 = ORIENTED_EDGE ( 'NONE', *, *, #1353, .F. ) ;
#560 = CARTESIAN_POINT ( 'NONE',  ( -13.22755448036289216, 10.84383873891639816, -19.04759255610314028 ) ) ;
#561 = VERTEX_POINT ( 'NONE', #1283 ) ;
#562 = LINE ( 'NONE', #37, #2148 ) ;
#563 = CLOSED_SHELL ( 'NONE', ( #1051, #481, #252, #1045, #581, #1899, #1218, #1345, #1554, #717, #15, #1416, #689, #355, #381, #1567, #1619, #1010, #1691, #2199, #1294, #919, #1796, #407, #1988, #1217, #340, #1592, #1451, #1247, #711, #1485, #2189, #1382, #984, #883, #1868, #1182, #1080, #417, #2027, #276, #657, #855, #14 ) ) ;
#564 = CARTESIAN_POINT ( 'NONE',  ( -16.09999999998606768, 25.94613804852492933, -15.99778167738396206 ) ) ;
#565 = VECTOR ( 'NONE', #1549, 1000.000000000000000 ) ;
#566 = CARTESIAN_POINT ( 'NONE',  ( -11.56261697860328219, 68.00000000000000000, -20.93049527963445655 ) ) ;
#567 = CARTESIAN_POINT ( 'NONE',  ( 3.686157543959789340, 40.05385431529350626, -66.82581397016153346 ) ) ;
#568 = CARTESIAN_POINT ( 'NONE',  ( -15.90979752328148322, 42.62381184229965214, -66.04301937151757329 ) ) ;
#569 = CARTESIAN_POINT ( 'NONE',  ( 12.93921943383168660, 55.72762546447466292, -69.14802914794655919 ) ) ;
#570 = DIRECTION ( 'NONE',  ( 0.000000000000000000, 0.000000000000000000, 1.000000000000000000 ) ) ;
#571 = CARTESIAN_POINT ( 'NONE',  ( -16.09999999999947562, 10.44450963088191031, -14.44292176604438538 ) ) ;
#572 = CARTESIAN_POINT ( 'NONE',  ( 12.78265641634190253, 68.00000000000000000, -17.41594497330794056 ) ) ;
#573 = VERTEX_POINT ( 'NONE', #2151 ) ;
#574 = CARTESIAN_POINT ( 'NONE',  ( 16.10000000000000142, 34.00000000000002842, -16.10000000000000142 ) ) ;
#575 = EDGE_CURVE ( 'NONE', #1403, #631, #2147, .T. ) ;
#576 = CARTESIAN_POINT ( 'NONE',  ( 16.10000000000000142, 66.01891173278544045, -13.83138900273963401 ) ) ;
#577 = CARTESIAN_POINT ( 'NONE',  ( 15.73913963293599849, 45.86247381674574086, -67.38177909253347764 ) ) ;
#578 = CARTESIAN_POINT ( 'NONE',  ( 11.94049210729254540, 64.31619594500548942, -63.05892239692910550 ) ) ;
#579 = CARTESIAN_POINT ( 'NONE',  ( 14.59549689452689591, 58.14236229332370698, -68.13843130432643136 ) ) ;
#580 = FACE_OUTER_BOUND ( 'NONE', #2085, .T. ) ;
#581 = ADVANCED_FACE ( 'NONE', ( #580 ), #744, .F. ) ;
#582 = ORIENTED_EDGE ( 'NONE', *, *, #1490, .T. ) ;
#583 = EDGE_CURVE ( 'NONE', #299, #1863, #677, .T. ) ;
#584 = CARTESIAN_POINT ( 'NONE',  ( 13.41593770714448475, 50.20000000001029861, -70.00000000000001421 ) ) ;
#585 = VERTEX_POINT ( 'NONE', #1790 ) ;
#586 = CIRCLE ( 'NONE', #1680, 2.000000000000000000 ) ;
#587 = CARTESIAN_POINT ( 'NONE',  ( -13.54842095441114580, 66.26568616379479693, -21.28971608951405869 ) ) ;
#588 = APPLICATION_PROTOCOL_DEFINITION ( 'draft international standard', 'automotive_design', 1998, #1119 ) ;
#589 = CARTESIAN_POINT ( 'NONE',  ( -14.09999999999999964, 10.16794026332393130, -13.81786892658442767 ) ) ;
#590 = CARTESIAN_POINT ( 'NONE',  ( 4.035441934054943225, 40.18294369483922424, -66.91488630291961215 ) ) ;
#591 = CARTESIAN_POINT ( 'NONE',  ( 12.69761896015029734, 58.06143198051850618, -68.18047551798709094 ) ) ;
#592 = CARTESIAN_POINT ( 'NONE',  ( 13.74273120984342533, 45.17832583880279884, -69.30447637949305317 ) ) ;
#593 = CARTESIAN_POINT ( 'NONE',  ( -15.22876875634304383, 60.76257058696427293, -17.73275740925695487 ) ) ;
#594 = EDGE_LOOP ( 'NONE', ( #1711, #1610, #1414, #472 ) ) ;
#595 = DIRECTION ( 'NONE',  ( 0.000000000000000000, 0.8690379951495552646, 0.4947453516572354326 ) ) ;
#596 = ORIENTED_EDGE ( 'NONE', *, *, #1423, .F. ) ;
#597 = CARTESIAN_POINT ( 'NONE',  ( 15.47498907851992556, 11.78849805910944504, -17.47867945910257248 ) ) ;
#598 = CIRCLE ( 'NONE', #1765, 2.000000000000000444 ) ;
#599 = CARTESIAN_POINT ( 'NONE',  ( -13.02757473649715614, 54.79622791934105663, -69.40636803403594968 ) ) ;
#600 = CARTESIAN_POINT ( 'NONE',  ( 12.01082013076511856, 48.74281873104779805, -69.94397623891735805 ) ) ;
#601 = PRODUCT_DEFINITION_SHAPE ( 'NONE', 'NONE',  #1546 ) ;
#602 = CARTESIAN_POINT ( 'NONE',  ( 0.000000000000000000, -7.463843432159581681, 13.11050929668552634 ) ) ;
#603 = CIRCLE ( 'NONE', #1034, 1.999999999999999112 ) ;
#604 = CARTESIAN_POINT ( 'NONE',  ( 13.99474998767381706, 39.15087596549312110, -66.18961714353636694 ) ) ;
#605 = CARTESIAN_POINT ( 'NONE',  ( -16.10000000000000142, 39.35526775482980355, -16.45589550956093916 ) ) ;
#606 = FILL_AREA_STYLE ('',( #706 ) ) ;
#607 = FACE_OUTER_BOUND ( 'NONE', #66, .T. ) ;
#608 = CARTESIAN_POINT ( 'NONE',  ( 16.10000000000000142, 34.00000000000000711, -16.10000000000000142 ) ) ;
#609 = ORIENTED_EDGE ( 'NONE', *, *, #1360, .T. ) ;
#610 = CARTESIAN_POINT ( 'NONE',  ( 0.000000000000000000, 7.230139534883731400, -12.69999999999999929 ) ) ;
#611 = CARTESIAN_POINT ( 'NONE',  ( -13.32820149112872343, 51.36830470661676884, -70.00000000000083844 ) ) ;
#612 = CARTESIAN_POINT ( 'NONE',  ( 16.04782204164229498, 10.71656927149584249, -15.05762704919688488 ) ) ;
#613 = CARTESIAN_POINT ( 'NONE',  ( -14.10911451677466211, 61.76095087107523085, -65.74457555750480253 ) ) ;
#614 = CARTESIAN_POINT ( 'NONE',  ( 15.87154039604197031, 43.42437343836107289, -66.43358475490197179 ) ) ;
#615 = CARTESIAN_POINT ( 'NONE',  ( -12.52967612803093544, 55.00684961940970652, -69.34551682044443055 ) ) ;
#616 = EDGE_CURVE ( 'NONE', #631, #573, #713, .T. ) ;
#617 = LINE ( 'NONE', #1860, #480 ) ;
#618 = ORIENTED_EDGE ( 'NONE', *, *, #1795, .T. ) ;
#619 = CARTESIAN_POINT ( 'NONE',  ( -13.27538338805432971, 67.00223110922304670, -20.28149661315901398 ) ) ;
#620 = ORIENTED_EDGE ( 'NONE', *, *, #1832, .F. ) ;
#621 = CARTESIAN_POINT ( 'NONE',  ( 16.10000000000000142, 34.00000000000004263, -16.10000000000000142 ) ) ;
#622 =( GEOMETRIC_REPRESENTATION_CONTEXT ( 3 ) GLOBAL_UNCERTAINTY_ASSIGNED_CONTEXT ( ( #134 ) ) GLOBAL_UNIT_ASSIGNED_CONTEXT ( ( #1318, #1993, #2186 ) ) REPRESENTATION_CONTEXT ( 'NONE', 'WORKASPACE' ) );
#623 = DIRECTION ( 'NONE',  ( 0.000000000000000000, -0.4947453516572355436, 0.8690379951495553756 ) ) ;
#624 = CARTESIAN_POINT ( 'NONE',  ( -15.98755001776283891, 40.74354385505199616, -17.66532564324974430 ) ) ;
#625 = CARTESIAN_POINT ( 'NONE',  ( -14.75723836353373386, 56.81050527333027844, -68.73540471851023881 ) ) ;
#626 = ORIENTED_EDGE ( 'NONE', *, *, #1787, .T. ) ;
#627 = CARTESIAN_POINT ( 'NONE',  ( 16.10655386427958291, 34.73748502361407731, -61.01764117709985413 ) ) ;
#628 = CARTESIAN_POINT ( 'NONE',  ( -16.10000000000000142, 1.250452749199438163, 2.107865044641958896 ) ) ;
#629 = CARTESIAN_POINT ( 'NONE',  ( -13.38899058876078030, 66.33304423243713188, -76.09999999999999432 ) ) ;
#630 = CARTESIAN_POINT ( 'NONE',  ( 14.47121066323233052, -1.255851525254032097, 7.134734421885687183 ) ) ;
#631 = VERTEX_POINT ( 'NONE', #1971 ) ;
#632 = CARTESIAN_POINT ( 'NONE',  ( -16.07833575060221065, 36.93339215670637543, -60.77927325231226519 ) ) ;
#633 = CARTESIAN_POINT ( 'NONE',  ( 16.04750421902333812, 10.71782069205207755, -15.06045436856912545 ) ) ;
#634 = CARTESIAN_POINT ( 'NONE',  ( 15.60842303015241228, 9.727989830343108935, -17.08756383597821227 ) ) ;
#635 = CARTESIAN_POINT ( 'NONE',  ( -15.42672524850489246, 50.16148310475573169, -68.00457280035584517 ) ) ;
#636 = EDGE_LOOP ( 'NONE', ( #1513, #2076, #1427, #173 ) ) ;
#637 = DIRECTION ( 'NONE',  ( 1.000000000000000000, 0.000000000000000000, 0.000000000000000000 ) ) ;
#638 = CARTESIAN_POINT ( 'NONE',  ( -10.39631420695745412, 59.92014641953804244, -67.13261348740410028 ) ) ;
#639 = B_SPLINE_CURVE_WITH_KNOTS ( 'NONE', 3,
 ( #380, #1070, #34, #737, #2119, #1426, #1127, #927, #747, #783, #1297, #608 ),
 .UNSPECIFIED., .F., .F.,
 ( 4, 2, 2, 2, 2, 4 ),
 ( 0.001716393950637708395, 0.01002112996575698495, 0.01832586598087625890, 0.02663060199599553285, 0.03078297000355516289, 0.03493533801111479292 ),
 .UNSPECIFIED. ) ;
#640 = CARTESIAN_POINT ( 'NONE',  ( -13.76852037019898134, 9.844258388668697179, -17.29179373826608312 ) ) ;
#641 = DIRECTION ( 'NONE',  ( 0.000000000000000000, 0.000000000000000000, 1.000000000000000000 ) ) ;
#642 = EDGE_LOOP ( 'NONE', ( #1748, #582, #1012, #402, #1204, #1518, #382 ) ) ;
#643 = CARTESIAN_POINT ( 'NONE',  ( -15.35392446548215339, 51.01057332345571638, -67.99307854702436771 ) ) ;
#644 = EDGE_CURVE ( 'NONE', #561, #1895, #2140, .T. ) ;
#645 =( BOUNDED_SURFACE ( )  B_SPLINE_SURFACE ( 3, 2, ( 
 ( #1185, #301, #2043 ),
 ( #829, #1887, #1015 ),
 ( #153, #1220, #1037 ),
 ( #1601, #906, #383 ),
 ( #8, #19, #2121 ),
 ( #2100, #1254, #2250 ) ),
 .UNSPECIFIED., .F., .F., .F. ) 
 B_SPLINE_SURFACE_WITH_KNOTS ( ( 4, 2, 4 ),
 ( 3, 3 ),
 ( -9.036961342284588624E-05, 0.01153650974271262265, 0.02316338909884809241 ),
 ( 0.000000000000000000, 0.7073219034078535028 ),
 .UNSPECIFIED. ) 
 GEOMETRIC_REPRESENTATION_ITEM ( )  RATIONAL_B_SPLINE_SURFACE ( (
 ( 1.000000000000000000, 1.000000000000000000, 1.000000000000000000),
 ( 1.000000000000000000, 0.9999969026102942804, 0.9999981869237530852),
 ( 1.000000000000000000, 0.9980544302242786436, 0.9988611486825094143),
 ( 1.000000000000000000, 0.9901963318398122604, 0.9942613621265103951),
 ( 1.000000000000000000, 0.9842773255990281411, 0.9907966351659709403),
 ( 1.000000000000000000, 0.9762744406903317573, 0.9861120969213245102) ) ) 
 REPRESENTATION_ITEM ( '' )  SURFACE ( )  );
#646 = CARTESIAN_POINT ( 'NONE',  ( -14.18030485126575613, 27.24732662522131577, -47.86090869626290356 ) ) ;
#647 = CARTESIAN_POINT ( 'NONE',  ( -15.06890085360190490, 54.01001568382811513, -69.61624596590938552 ) ) ;
#648 = CARTESIAN_POINT ( 'NONE',  ( 16.09999999999999787, 34.00000000000000000, -16.10000000000000142 ) ) ;
#649 = CARTESIAN_POINT ( 'NONE',  ( -14.47121066323263072, -1.255851525253907752, 7.134734421884965982 ) ) ;
#650 = CARTESIAN_POINT ( 'NONE',  ( 11.41691514921987327, 68.00000000000001421, -52.20000000000000995 ) ) ;
#651 = CARTESIAN_POINT ( 'NONE',  ( 15.05237293715560476, 13.85723487348613681, -20.66269207385048645 ) ) ;
#652 = EDGE_CURVE ( 'NONE', #585, #1917, #1101, .T. ) ;
#653 = EDGE_CURVE ( 'NONE', #631, #539, #1222, .T. ) ;
#654 = ORIENTED_EDGE ( 'NONE', *, *, #745, .T. ) ;
#655 = CARTESIAN_POINT ( 'NONE',  ( -11.41691514921988571, 68.00000000000001421, -52.20000000000000995 ) ) ;
#656 = CARTESIAN_POINT ( 'NONE',  ( 16.09999999999839915, 8.429864273024241683, -14.80735962990368471 ) ) ;
#657 = ADVANCED_FACE ( 'NONE', ( #423 ), #236, .T. ) ;
#658 = CARTESIAN_POINT ( 'NONE',  ( -13.48835150664128690, 65.73927232472456694, -56.49122214171971024 ) ) ;
#659 = CIRCLE ( 'NONE', #1054, 2.000000000000000000 ) ;
#660 = ORIENTED_EDGE ( 'NONE', *, *, #757, .F. ) ;
#661 = CARTESIAN_POINT ( 'NONE',  ( 16.10000000000000142, 18.01206246755645424, -14.61493705767805906 ) ) ;
#662 = CARTESIAN_POINT ( 'NONE',  ( -5.187672100410152254, -5.315788968887491528, 15.27771028357313554 ) ) ;
#663 = CIRCLE ( 'NONE', #442, 12.70000000000000462 ) ;
#664 = CARTESIAN_POINT ( 'NONE',  ( 13.44909770535505977, 65.97541704742383217, -55.63529379796487717 ) ) ;
#665 = CARTESIAN_POINT ( 'NONE',  ( 0.000000000000000000, -5.725767441860470264, 16.09999999999999787 ) ) ;
#666 = VERTEX_POINT ( 'NONE', #1666 ) ;
#667 = CARTESIAN_POINT ( 'NONE',  ( -13.04966844598330766, 11.57954090547306691, -20.33987985846983904 ) ) ;
#668 = CARTESIAN_POINT ( 'NONE',  ( -15.48384150524405634, 11.64490756125036697, -17.44090364190337894 ) ) ;
#669 = CARTESIAN_POINT ( 'NONE',  ( -16.10655386427961844, 34.73748502361409152, -61.01764117709988255 ) ) ;
#670 = CARTESIAN_POINT ( 'NONE',  ( -11.75779450725318576, 65.64800773753901808, -61.05630072737081093 ) ) ;
#671 = ORIENTED_EDGE ( 'NONE', *, *, #1872, .F. ) ;
#672 = CARTESIAN_POINT ( 'NONE',  ( 0.000000000000000000, 68.00000000000000000, 0.000000000000000000 ) ) ;
#673 = CARTESIAN_POINT ( 'NONE',  ( -11.41691514921988571, 66.00000000000000000, -76.09999999999999432 ) ) ;
#674 = CARTESIAN_POINT ( 'NONE',  ( 12.23642554588179898, -3.459498685839342169, 6.076733802740664991 ) ) ;
#675 = FACE_OUTER_BOUND ( 'NONE', #463, .T. ) ;
#676 = LINE ( 'NONE', #1181, #312 ) ;
#677 = CIRCLE ( 'NONE', #2164, 2.000000000000000000 ) ;
#678 = ORIENTED_EDGE ( 'NONE', *, *, #1726, .F. ) ;
#679 = CARTESIAN_POINT ( 'NONE',  ( -15.78696465716372366, 45.02888353135088551, -67.09622507938584590 ) ) ;
#680 = CARTESIAN_POINT ( 'NONE',  ( -15.99997576838936908, 26.80157175636876232, -17.77521949378011001 ) ) ;
#681 = CARTESIAN_POINT ( 'NONE',  ( -13.76852658116925454, 9.844248239036829773, -17.29177591007285741 ) ) ;
#682 = CARTESIAN_POINT ( 'NONE',  ( -11.60847951640671560, 47.68562843649729643, -69.82501479971298863 ) ) ;
#683 = EDGE_CURVE ( 'NONE', #1951, #2225, #1636, .T. ) ;
#684 = CARTESIAN_POINT ( 'NONE',  ( 13.39426548374769688, 66.30180967006765513, -22.18402064939107632 ) ) ;
#685 = CARTESIAN_POINT ( 'NONE',  ( 16.10000000000000142, 50.20000000000002416, -52.20000000000001705 ) ) ;
#686 = CARTESIAN_POINT ( 'NONE',  ( 11.41419107070583472, -6.521951184011435032, 11.45604170394196686 ) ) ;
#687 = CARTESIAN_POINT ( 'NONE',  ( 2.435195827154466031, 64.38372803895481411, -62.95562974217958185 ) ) ;
#688 = CARTESIAN_POINT ( 'NONE',  ( -13.65416219675801557, 68.00000000000000000, -15.69698455669786163 ) ) ;
#689 = ADVANCED_FACE ( 'NONE', ( #1903 ), #1574, .F. ) ;
#690 = ORIENTED_EDGE ( 'NONE', *, *, #1804, .T. ) ;
#691 = CARTESIAN_POINT ( 'NONE',  ( 0.000000000000000000, 7.230139534883731400, -12.69999999999999929 ) ) ;
#692 = CARTESIAN_POINT ( 'NONE',  ( 14.08413564946906327, 34.73112368633794489, -61.00646725949880533 ) ) ;
#693 = CARTESIAN_POINT ( 'NONE',  ( -10.38250362190912490, 45.38338908438655750, -69.34850383614163150 ) ) ;
#694 = DIRECTION ( 'NONE',  ( 0.000000000000000000, 1.000000000000000000, 0.000000000000000000 ) ) ;
#695 = CARTESIAN_POINT ( 'NONE',  ( -14.00738441420419989, 38.69844071946727126, -65.80758377019539296 ) ) ;
#696 = CARTESIAN_POINT ( 'NONE',  ( 5.187672100410100740, -5.315788968886769439, 15.27771028357316041 ) ) ;
#697 = AXIS2_PLACEMENT_3D ( 'NONE', #1784, #704, #1209 ) ;
#698 = CARTESIAN_POINT ( 'NONE',  ( 13.21581438257911678, 67.38419546919780601, -56.94163839084758649 ) ) ;
#699 = CARTESIAN_POINT ( 'NONE',  ( -13.98748082692239336, 68.00000000000000000, -14.34832794073168927 ) ) ;
#700 = VERTEX_POINT ( 'NONE', #1731 ) ;
#701 = CARTESIAN_POINT ( 'NONE',  ( 14.09999999999999964, 10.16794026332223666, -13.81786892658725208 ) ) ;
#702 = CARTESIAN_POINT ( 'NONE',  ( 14.18030485126575613, 27.24732662522134774, -47.86090869626296751 ) ) ;
#703 = CARTESIAN_POINT ( 'NONE',  ( -11.51525260699248143, 67.33795738746992754, -57.03441481791444545 ) ) ;
#704 = DIRECTION ( 'NONE',  ( -1.000000000000000000, -0.000000000000000000, 0.000000000000000000 ) ) ;
#705 = CARTESIAN_POINT ( 'NONE',  ( -13.76014863156219015, 44.82443787169954419, -69.17340216107496076 ) ) ;
#706 = FILL_AREA_STYLE_COLOUR ( '', #218 ) ;
#707 = CARTESIAN_POINT ( 'NONE',  ( 13.07225538641622720, 54.31470654539976550, -69.52474455407738674 ) ) ;
#708 = CARTESIAN_POINT ( 'NONE',  ( -14.09999999999999964, 68.00000000000000000, -12.95883793323135080 ) ) ;
#709 = B_SPLINE_CURVE_WITH_KNOTS ( 'NONE', 3,
 ( #840, #851, #1535, #1198, #2242, #682, #1374, #1901, #2251, #693, #521, #1207, #1910, #1740, #1242, #541, #1073, #938, #752, #552, #1808, #1934, #1773, #929 ),
 .UNSPECIFIED., .F., .F.,
 ( 4, 2, 2, 2, 2, 2, 2, 2, 2, 2, 2, 4 ),
 ( 0.02329467916987533471, 0.02441880247471716475, 0.02554292577955899479, 0.02666704908440082136, 0.02779117238924265140, 0.03003941899892630107, 0.03228766560860994728, 0.03453591221829359348, 0.03678415882797723968, 0.03903240543766088588, 0.04015652874250271592, 0.04128065204734454596 ),
 .UNSPECIFIED. ) ;
#710 = EDGE_LOOP ( 'NONE', ( #1005, #318, #1495, #796 ) ) ;
#711 = ADVANCED_FACE ( 'NONE', ( #875 ), #1052, .T. ) ;
#712 = LINE ( 'NONE', #183, #1308 ) ;
#713 = B_SPLINE_CURVE_WITH_KNOTS ( 'NONE', 3,
 ( #1618, #1446, #225, #54 ),
 .UNSPECIFIED., .F., .F.,
 ( 4, 4 ),
 ( -8.812873578014654788E-05, 0.02385305776347622017 ),
 .UNSPECIFIED. ) ;
#714 = ORIENTED_EDGE ( 'NONE', *, *, #2019, .F. ) ;
#715 = CARTESIAN_POINT ( 'NONE',  ( 13.83959387965572674, 19.77067075503599725, -34.72789389160732298 ) ) ;
#716 = DIRECTION ( 'NONE',  ( 1.000000000000000000, 0.000000000000000000, 0.000000000000000000 ) ) ;
#717 = ADVANCED_FACE ( 'NONE', ( #1409 ), #503, .F. ) ;
#718 = CARTESIAN_POINT ( 'NONE',  ( -13.04938549862189490, 68.00000000000000000, -16.94546232760799498 ) ) ;
#719 = DIRECTION ( 'NONE',  ( -1.000000000000000000, -0.000000000000000000, 0.000000000000000000 ) ) ;
#720 = CARTESIAN_POINT ( 'NONE',  ( 13.95298285012298933, 62.82477361718187581, -64.75859516058677912 ) ) ;
#721 = CYLINDRICAL_SURFACE ( 'NONE', #1734, 12.70000000000000462 ) ;
#722 =( BOUNDED_SURFACE ( )  B_SPLINE_SURFACE ( 3, 2, ( 
 ( #1197, #1728, #165 ),
 ( #1003, #1186, #1533 ),
 ( #326, #863, #1704 ),
 ( #141, #169, #1669 ),
 ( #1042, #1914, #1850 ),
 ( #1679, #1575, #1377 ),
 ( #179, #1320, #867 ),
 ( #1388, #619, #2015 ) ),
 .UNSPECIFIED., .F., .F., .T. ) 
 B_SPLINE_SURFACE_WITH_KNOTS ( ( 4, 2, 2, 4 ),
 ( 3, 3 ),
 ( -9.036961342279148639E-05, 0.01744435209907676046, 0.02621171295532653822, 0.03497907381157631251 ),
 ( 0.000000000000000000, 0.7060219374324145925 ),
 .UNSPECIFIED. ) 
 GEOMETRIC_REPRESENTATION_ITEM ( )  RATIONAL_B_SPLINE_SURFACE ( (
 ( 1.000000000000000000, 1.000000000000000000, 1.000000000000000000),
 ( 1.000000000000000000, 0.9999833505006349155, 0.9999902108248677202),
 ( 1.000000000000000000, 0.9956038066586044843, 0.9974152311976480778),
 ( 1.000000000000000000, 0.9821048123418810727, 0.9894784148059657669),
 ( 1.000000000000000000, 0.9764458185713537075, 0.9861511747564821739),
 ( 1.000000000000000000, 0.9626955488176878184, 0.9780666194325535745),
 ( 1.000000000000000000, 0.9546008412614445104, 0.9733072865436824816),
 ( 1.000000000000000000, 0.9451734079906352060, 0.9677643694078068570) ) ) 
 REPRESENTATION_ITEM ( '' )  SURFACE ( )  );
#723 = B_SPLINE_CURVE_WITH_KNOTS ( 'NONE', 3,
 ( #827, #1184, #484, #314, #1371, #1001 ),
 .UNSPECIFIED., .F., .F.,
 ( 4, 2, 4 ),
 ( 0.000000000000000000, 0.002246450429528233823, 0.004492900859056467647 ),
 .UNSPECIFIED. ) ;
#724 =( BOUNDED_SURFACE ( )  B_SPLINE_SURFACE ( 3, 2, ( 
 ( #1348, #788, #292 ),
 ( #1499, #466, #1834 ),
 ( #798, #2180, #96 ),
 ( #1822, #441, #1650 ),
 ( #2031, #1325, #82 ),
 ( #1484, #1854, #1142 ) ),
 .UNSPECIFIED., .F., .F., .F. ) 
 B_SPLINE_SURFACE_WITH_KNOTS ( ( 4, 2, 4 ),
 ( 3, 3 ),
 ( 0.03202682274700240084, 0.04818970987433682240, 0.06435259700167124397 ),
 ( 0.000000000000000000, 1.000000000000000000 ),
 .UNSPECIFIED. ) 
 GEOMETRIC_REPRESENTATION_ITEM ( )  RATIONAL_B_SPLINE_SURFACE ( (
 ( 1.000000000000000000, 0.9652388917853216288, 1.000000000000000000),
 ( 1.000000000000000000, 0.9771984549575969403, 1.000000000000000000),
 ( 1.000000000000000000, 0.9858160903820248899, 1.000000000000000000),
 ( 1.000000000000000000, 0.9972152679034623768, 1.000000000000000000),
 ( 1.000000000000000000, 0.9999915814652670099, 1.000000000000000000),
 ( 1.000000000000000000, 1.000000000000000000, 1.000000000000000000) ) ) 
 REPRESENTATION_ITEM ( '' )  SURFACE ( )  );
#725 = VERTEX_POINT ( 'NONE', #1585 ) ;
#726 = CARTESIAN_POINT ( 'NONE',  ( 16.10000000000000142, 66.00000000000000000, 0.000000000000000000 ) ) ;
#727 = VERTEX_POINT ( 'NONE', #1210 ) ;
#728 = CARTESIAN_POINT ( 'NONE',  ( 14.90065435413905703, 55.71966550306499499, -21.00595496697193809 ) ) ;
#729 = DIRECTION ( 'NONE',  ( -0.000000000000000000, -0.000000000000000000, 1.000000000000000000 ) ) ;
#730 = CARTESIAN_POINT ( 'NONE',  ( 1.515319063696614288, 39.52308048434043997, -66.44239688501153296 ) ) ;
#731 = CARTESIAN_POINT ( 'NONE',  ( -16.08397053914262287, 36.49489819885703668, -60.01697655618433203 ) ) ;
#732 = CARTESIAN_POINT ( 'NONE',  ( 15.01533099348828060, 54.50516158891771568, -69.47959839830981821 ) ) ;
#733 = CARTESIAN_POINT ( 'NONE',  ( 16.10000000000000142, 66.00000000000000000, -12.95883793322946964 ) ) ;
#734 = VECTOR ( 'NONE', #1842, 1000.000000000000114 ) ;
#735 =( BOUNDED_SURFACE ( )  B_SPLINE_SURFACE ( 3, 2, ( 
 ( #373, #1396, #1772 ),
 ( #1241, #196, #1061 ),
 ( #540, #1557, #1782 ),
 ( #728, #885, #1383 ),
 ( #2079, #1415, #896 ),
 ( #739, #1909, #1942 ),
 ( #1232, #350, #175 ),
 ( #1591, #1933, #551 ) ),
 .UNSPECIFIED., .F., .F., .F. ) 
 B_SPLINE_SURFACE_WITH_KNOTS ( ( 4, 2, 2, 4 ),
 ( 3, 3 ),
 ( 0.03608687365687167359, 0.04484266923470073274, 0.05359846481252978495, 0.07111005596818789631 ),
 ( 0.000000000000000000, 0.7060236634023682178 ),
 .UNSPECIFIED. ) 
 GEOMETRIC_REPRESENTATION_ITEM ( )  RATIONAL_B_SPLINE_SURFACE ( (
 ( 1.000000000000000000, 0.9451747469450685335, 0.9677653459077462106),
 ( 1.000000000000000000, 0.9545813766828590285, 0.9732959990078382528),
 ( 1.000000000000000000, 0.9626684005168635316, 0.9780507862892349191),
 ( 1.000000000000000000, 0.9764161383539381456, 0.9861338055009307713),
 ( 1.000000000000000000, 0.9820809447818270588, 0.9894644435833416241),
 ( 1.000000000000000000, 0.9955956206610406811, 0.9974104333938929035),
 ( 1.000000000000000000, 0.9999840136230842003, 0.9999906007669576713),
 ( 1.000000000000000000, 1.000000000000000000, 1.000000000000000000) ) ) 
 REPRESENTATION_ITEM ( '' )  SURFACE ( )  );
#736 = VERTEX_POINT ( 'NONE', #1753 ) ;
#737 = CARTESIAN_POINT ( 'NONE',  ( 14.91700648428903264, 55.57211472884262093, -20.97469002721546971 ) ) ;
#738 = ORIENTED_EDGE ( 'NONE', *, *, #1423, .T. ) ;
#739 = CARTESIAN_POINT ( 'NONE',  ( 15.87229490777748708, 44.86480017267366094, -18.62886724974195829 ) ) ;
#740 = CARTESIAN_POINT ( 'NONE',  ( 14.56100258874600328, 66.12860580308827707, -18.32624907566951933 ) ) ;
#741 = CARTESIAN_POINT ( 'NONE',  ( 14.00569507738239139, 62.44643502275341973, -62.56890857799564287 ) ) ;
#742 = CARTESIAN_POINT ( 'NONE',  ( 13.41593770714448475, 50.20000000001029861, -70.00000000000001421 ) ) ;
#743 = CARTESIAN_POINT ( 'NONE',  ( 15.10575296911526344, 53.62897926585249309, -67.67301412562194685 ) ) ;
#744 = CYLINDRICAL_SURFACE ( 'NONE', #1071, 12.69999999999999929 ) ;
#745 = EDGE_CURVE ( 'NONE', #2230, #1069, #190, .T. ) ;
#746 = EDGE_LOOP ( 'NONE', ( #1082, #1370, #490 ) ) ;
#747 = CARTESIAN_POINT ( 'NONE',  ( 16.02967528677298503, 39.39677601064703794, -17.35390262475853973 ) ) ;
#748 = ORIENTED_EDGE ( 'NONE', *, *, #789, .T. ) ;
#749 = CARTESIAN_POINT ( 'NONE',  ( 16.10000000002805720, 39.40820104230125764, -16.03135998929414185 ) ) ;
#750 = AXIS2_PLACEMENT_3D ( 'NONE', #238, #215, #1479 ) ;
#751 = B_SPLINE_CURVE_WITH_KNOTS ( 'NONE', 3,
 ( #216, #1973, #1818, #1621, #1285, #1611, #761, #1437 ),
 .UNSPECIFIED., .F., .F.,
 ( 4, 2, 2, 4 ),
 ( 3.675813143522355665E-17, 0.002069610091721320582, 0.003104415137581962442, 0.004139220183442603868 ),
 .UNSPECIFIED. ) ;
#752 = CARTESIAN_POINT ( 'NONE',  ( -2.983989654438075956, 39.81227261652355764, -66.65586400561439007 ) ) ;
#753 = AXIS2_PLACEMENT_3D ( 'NONE', #2062, #2188, #1550 ) ;
#754 = CARTESIAN_POINT ( 'NONE',  ( 12.54703377259231445, 68.00000000000000000, -17.90138883878037745 ) ) ;
#755 = CARTESIAN_POINT ( 'NONE',  ( 15.06520278502962817, 54.02385807113677174, -67.58632140264981558 ) ) ;
#756 = CARTESIAN_POINT ( 'NONE',  ( 11.48504801838528699, 67.54269452008821872, -56.25082430668766875 ) ) ;
#757 = EDGE_CURVE ( 'NONE', #1863, #2143, #512, .T. ) ;
#758 = EDGE_CURVE ( 'NONE', #226, #1104, #1719, .T. ) ;
#759 = CARTESIAN_POINT ( 'NONE',  ( 12.15258724944200885, 62.69419706120138613, -64.88732678270751819 ) ) ;
#760 = EDGE_LOOP ( 'NONE', ( #960, #2214, #548 ) ) ;
#761 = CARTESIAN_POINT ( 'NONE',  ( -14.09999999999991793, 68.00000000000000000, -13.30872779258602101 ) ) ;
#762 = EDGE_CURVE ( 'NONE', #1472, #4, #495, .T. ) ;
#763 = ORIENTED_EDGE ( 'NONE', *, *, #2133, .F. ) ;
#764 = CARTESIAN_POINT ( 'NONE',  ( 15.17207277028520984, 12.46554457897568824, -18.52665139536285110 ) ) ;
#765 = CARTESIAN_POINT ( 'NONE',  ( -16.10000000000000142, 34.00000000000002132, -16.09999999999999432 ) ) ;
#766 = CARTESIAN_POINT ( 'NONE',  ( -13.52164173990097318, 66.26625576240402893, -21.27916629250071523 ) ) ;
#767 = CARTESIAN_POINT ( 'NONE',  ( -15.47498907851990957, 11.78849805910977899, -17.47867945910302367 ) ) ;
#768 = CARTESIAN_POINT ( 'NONE',  ( -15.87414750730302337, 43.39764095823857559, -66.44077751173691126 ) ) ;
#769 = DIRECTION ( 'NONE',  ( -1.000000000000000000, 0.000000000000000000, 0.000000000000000000 ) ) ;
#770 = CARTESIAN_POINT ( 'NONE',  ( -15.99177839926363021, 44.71011997569176089, -16.81208573995166589 ) ) ;
#771 = LINE ( 'NONE', #914, #2016 ) ;
#772 = CARTESIAN_POINT ( 'NONE',  ( -16.08397053914262287, 36.49489819885704378, -60.01697655618433913 ) ) ;
#773 = AXIS2_PLACEMENT_3D ( 'NONE', #2073, #513, #158 ) ;
#774 = ORIENTED_EDGE ( 'NONE', *, *, #644, .F. ) ;
#775 = AXIS2_PLACEMENT_3D ( 'NONE', #2023, #2150, #1157 ) ;
#776 = CARTESIAN_POINT ( 'NONE',  ( -13.04966844608701315, 11.57954090547958437, -20.33987985848128233 ) ) ;
#777 = CARTESIAN_POINT ( 'NONE',  ( -15.47498907851990957, 11.78849805910977899, -17.47867945910302367 ) ) ;
#778 = CARTESIAN_POINT ( 'NONE',  ( 0.7606462784660998899, 39.44356549576126270, -66.38243971008093069 ) ) ;
#779 = CARTESIAN_POINT ( 'NONE',  ( 12.24760137635962032, 61.94798368968971403, -65.62275122821625928 ) ) ;
#780 = CARTESIAN_POINT ( 'NONE',  ( 15.96860622119402429, 41.22868116681011941, -67.58185674023108902 ) ) ;
#781 = CARTESIAN_POINT ( 'NONE',  ( -13.06316394552789539, 14.06471399925295707, -20.66269207385117923 ) ) ;
#782 = VERTEX_POINT ( 'NONE', #1594 ) ;
#783 = CARTESIAN_POINT ( 'NONE',  ( 16.08593366734048402, 36.69869126781130575, -16.72801669172569916 ) ) ;
#784 = ORIENTED_EDGE ( 'NONE', *, *, #177, .F. ) ;
#785 = CARTESIAN_POINT ( 'NONE',  ( 16.10000000000000142, 34.00000000000003553, -16.10000000000000142 ) ) ;
#786 = CIRCLE ( 'NONE', #2054, 16.10000000000000142 ) ;
#787 = CARTESIAN_POINT ( 'NONE',  ( -11.41691514921990347, 68.00000000000000000, -23.09189103561073608 ) ) ;
#788 = CARTESIAN_POINT ( 'NONE',  ( -16.09999999999999432, 66.48684985740497666, -15.62952810994553587 ) ) ;
#789 = EDGE_CURVE ( 'NONE', #725, #195, #802, .T. ) ;
#790 = CARTESIAN_POINT ( 'NONE',  ( -13.20256360513163152, 52.87002628877525012, -69.82516096845253628 ) ) ;
#791 = VECTOR ( 'NONE', #168, 1000.000000000000000 ) ;
#792 = CARTESIAN_POINT ( 'NONE',  ( 13.79094773336405844, 44.25569005583606952, -69.00647606286584335 ) ) ;
#793 = CARTESIAN_POINT ( 'NONE',  ( -2.107459016778009619, -5.674023645004799832, 15.99621798497100400 ) ) ;
#794 = SURFACE_STYLE_USAGE ( .BOTH. , #286 ) ;
#795 = CARTESIAN_POINT ( 'NONE',  ( -15.47498907851990957, 11.78849805910977899, -17.47867945910302367 ) ) ;
#796 = ORIENTED_EDGE ( 'NONE', *, *, #452, .F. ) ;
#797 = CARTESIAN_POINT ( 'NONE',  ( 15.00243894435229741, 66.09911093988370112, -17.55081287200391671 ) ) ;
#798 = CARTESIAN_POINT ( 'NONE',  ( -15.53601757487395396, 55.80502890385088932, -17.47191426549218818 ) ) ;
#799 = CARTESIAN_POINT ( 'NONE',  ( -13.32123199621286069, 51.42602090659614333, -69.96430993940498411 ) ) ;
#800 = CARTESIAN_POINT ( 'NONE',  ( 16.09975719891494705, 35.78302750861475801, -62.68587714403184208 ) ) ;
#801 = CARTESIAN_POINT ( 'NONE',  ( -12.12952766932035331, -3.003168554789420686, 10.63931068488647647 ) ) ;
#802 = B_SPLINE_CURVE_WITH_KNOTS ( 'NONE', 3,
 ( #1109, #1432, #778, #730, #2124, #2137, #1418, #567, #590, #406, #1956, #396, #1098, #1087, #243, #1785, #1279, #1799, #2159, #231, #600, #1290, #222, #1987 ),
 .UNSPECIFIED., .F., .F.,
 ( 4, 2, 2, 2, 2, 2, 2, 2, 2, 2, 2, 4 ),
 ( 0.04128065204734454596, 0.04240492963835600787, 0.04352920722936746284, 0.04465348482037892475, 0.04577776241139038665, 0.04802631759341330353, 0.05027487277543622041, 0.05252342795745913728, 0.05477198313948206110, 0.05702053832150498491, 0.05814481591251644682, 0.05926909350352791567 ),
 .UNSPECIFIED. ) ;
#803 = PRESENTATION_STYLE_ASSIGNMENT (( #794 ) ) ;
#804 = DIRECTION ( 'NONE',  ( -0.000000000000000000, -1.000000000000000000, -0.000000000000000000 ) ) ;
#805 = CARTESIAN_POINT ( 'NONE',  ( 8.812791321951301882, -7.713728160723476002, 13.54944080519219263 ) ) ;
#806 = ORIENTED_EDGE ( 'NONE', *, *, #1208, .F. ) ;
#807 = CARTESIAN_POINT ( 'NONE',  ( -15.90951576575691817, 42.63008266123721768, -66.04638179194951420 ) ) ;
#808 = AXIS2_PLACEMENT_3D ( 'NONE', #332, #356, #2037 ) ;
#809 =( BOUNDED_CURVE ( )  B_SPLINE_CURVE ( 3, ( #2136, #1935, #1774, #887 ),
 .UNSPECIFIED., .F., .F. ) 
 B_SPLINE_CURVE_WITH_KNOTS ( ( 4, 4 ),
 ( 0.000000000000000000, 1.570796326794896780 ),
 .UNSPECIFIED. ) 
 CURVE ( )  GEOMETRIC_REPRESENTATION_ITEM ( )  RATIONAL_B_SPLINE_CURVE ( ( 1.000000000000000000, 0.8047378541243649375, 0.8047378541243649375, 1.000000000000000000 ) ) 
 REPRESENTATION_ITEM ( '' )  );
#810 = CARTESIAN_POINT ( 'NONE',  ( 16.08397053914266550, 36.49489819885703668, -60.01697655618433203 ) ) ;
#811 = CARTESIAN_POINT ( 'NONE',  ( -13.79020388324278379, 44.24609368324376391, -68.98178574690250286 ) ) ;
#812 = ORIENTED_EDGE ( 'NONE', *, *, #2065, .F. ) ;
#813 = CARTESIAN_POINT ( 'NONE',  ( 15.96947518837361990, 41.15657574568274413, -65.13297105628831218 ) ) ;
#814 = CARTESIAN_POINT ( 'NONE',  ( -0.9891558657130776755, 64.56956952125933924, -62.70502126479026117 ) ) ;
#815 = CARTESIAN_POINT ( 'NONE',  ( -15.41023822053919901, 10.04194383666441759, -17.63903533400831591 ) ) ;
#816 = FACE_OUTER_BOUND ( 'NONE', #289, .T. ) ;
#817 = VERTEX_POINT ( 'NONE', #921 ) ;
#818 = CARTESIAN_POINT ( 'NONE',  ( -14.36809519089451648, 59.87811815898972867, -64.89838913274708432 ) ) ;
#819 = CARTESIAN_POINT ( 'NONE',  ( -15.26674118556537962, 15.66500798480319645, -18.71006667313865535 ) ) ;
#820 = CARTESIAN_POINT ( 'NONE',  ( 13.76852037020889163, 9.844258388670318993, -17.29179373826893240 ) ) ;
#821 = CARTESIAN_POINT ( 'NONE',  ( -13.11851907687039720, 53.82246521671360284, -69.65473014310377664 ) ) ;
#822 = FACE_OUTER_BOUND ( 'NONE', #550, .T. ) ;
#823 = CARTESIAN_POINT ( 'NONE',  ( -4.693048370379234946, 63.83244422495153003, -63.64725122889124265 ) ) ;
#824 = CARTESIAN_POINT ( 'NONE',  ( -13.89249905330095736, 9.565548787105139894, -16.80223030414708774 ) ) ;
#825 = CARTESIAN_POINT ( 'NONE',  ( 16.10000000000000142, 26.05395132788030566, -15.36084065334400961 ) ) ;
#826 = ORIENTED_EDGE ( 'NONE', *, *, #1755, .F. ) ;
#827 = CARTESIAN_POINT ( 'NONE',  ( 13.06316394552793270, 12.32663800895378436, -21.65218277716554240 ) ) ;
#828 = EDGE_CURVE ( 'NONE', #989, #631, #1424, .T. ) ;
#829 = CARTESIAN_POINT ( 'NONE',  ( 16.09999999999999787, 30.39912867807920804, -16.93796359109897409 ) ) ;
#830 = DIRECTION ( 'NONE',  ( 1.000000000000000000, 0.000000000000000000, 0.000000000000000000 ) ) ;
#831 = CARTESIAN_POINT ( 'NONE',  ( -13.57215877858226882, 48.01424752323793399, -69.89233492894555866 ) ) ;
#832 = CARTESIAN_POINT ( 'NONE',  ( 16.10000000000000142, 25.88682999960739295, -16.63917764842646463 ) ) ;
#833 = CARTESIAN_POINT ( 'NONE',  ( -5.121483034572712256, 63.68139271559206094, -63.82574439831212487 ) ) ;
#834 = CARTESIAN_POINT ( 'NONE',  ( 13.17557875189055139, 67.61371120880444607, -56.01056013940991818 ) ) ;
#835 = CARTESIAN_POINT ( 'NONE',  ( 14.80428950684893685, 11.63691560640237199, -20.44066058314276901 ) ) ;
#836 = ORIENTED_EDGE ( 'NONE', *, *, #1629, .F. ) ;
#837 = CARTESIAN_POINT ( 'NONE',  ( -15.05237293715549995, 13.85723487348819560, -20.66269207385001749 ) ) ;
#838 = CARTESIAN_POINT ( 'NONE',  ( -14.85642902062924975, 12.05675436528502331, -19.14358154497156761 ) ) ;
#839 = CARTESIAN_POINT ( 'NONE',  ( -13.89249905344989067, 9.565548787116060936, -16.80223030416627594 ) ) ;
#840 = CARTESIAN_POINT ( 'NONE',  ( -12.40573857903804011, 50.20000000000002416, -70.00000000000001421 ) ) ;
#841 = ORIENTED_EDGE ( 'NONE', *, *, #653, .F. ) ;
#842 = CARTESIAN_POINT ( 'NONE',  ( -12.68464099085879404, 53.58442042603971345, -69.67701025793120095 ) ) ;
#843 = CARTESIAN_POINT ( 'NONE',  ( 15.94412557392558938, -1.825639923325968583, 3.206802152902410885 ) ) ;
#844 = CARTESIAN_POINT ( 'NONE',  ( 5.139904348951810142, 63.67450751087548610, -63.83372707418828895 ) ) ;
#845 = CARTESIAN_POINT ( 'NONE',  ( 15.29534549407782151, 12.12364938110137125, -17.99860352396916952 ) ) ;
#846 = ORIENTED_EDGE ( 'NONE', *, *, #1150, .F. ) ;
#847 = CARTESIAN_POINT ( 'NONE',  ( -16.04794956427623021, 38.52911629355405410, -62.83412012392567192 ) ) ;
#848 = EDGE_CURVE ( 'NONE', #631, #1275, #1723, .T. ) ;
#849 = CARTESIAN_POINT ( 'NONE',  ( 16.09999999999934062, 10.44450963088095463, -14.44292176604131583 ) ) ;
#850 = CARTESIAN_POINT ( 'NONE',  ( -13.06316394552767335, 12.32663800895095285, -21.65218277716056505 ) ) ;
#851 = CARTESIAN_POINT ( 'NONE',  ( -12.32556970375250316, 49.82844441650598810, -70.00000000000002842 ) ) ;
#852 = DIRECTION ( 'NONE',  ( 0.000000000000000000, 1.000000000000000000, 0.000000000000000000 ) ) ;
#853 = CARTESIAN_POINT ( 'NONE',  ( -12.69532093994328648, 53.34087987020724597, -69.72242163970288686 ) ) ;
#854 = CARTESIAN_POINT ( 'NONE',  ( 14.09999999999447695, -0.4876232410995280930, 0.8565277519313536647 ) ) ;
#855 = ADVANCED_FACE ( 'NONE', ( #269 ), #489, .T. ) ;
#856 = B_SPLINE_CURVE_WITH_KNOTS ( 'NONE', 3,
 ( #1028, #1166, #1514, #1870, #1560, #1882, #2210, #319 ),
 .UNSPECIFIED., .F., .F.,
 ( 4, 2, 2, 4 ),
 ( 0.000000000000000000, 0.002069579222119217327, 0.003104368833178825123, 0.004139158444238432918 ),
 .UNSPECIFIED. ) ;
#857 = CARTESIAN_POINT ( 'NONE',  ( 11.12055198804036671, 58.81554699462515856, -67.78222009942143700 ) ) ;
#858 = CARTESIAN_POINT ( 'NONE',  ( -16.09999999999994458, 68.00000000000000000, -12.95883793323181443 ) ) ;
#859 = AXIS2_PLACEMENT_3D ( 'NONE', #1390, #3, #1767 ) ;
#860 = ORIENTED_EDGE ( 'NONE', *, *, #1317, .T. ) ;
#861 = DIRECTION ( 'NONE',  ( 0.000000000000000000, -0.000000000000000000, -1.000000000000000000 ) ) ;
#862 = CARTESIAN_POINT ( 'NONE',  ( -15.84038701511870251, 19.07597284595268405, -17.04892919458796996 ) ) ;
#863 = CARTESIAN_POINT ( 'NONE',  ( -15.85981048120022230, 45.10345937176258957, -17.74187078042506727 ) ) ;
#864 = CARTESIAN_POINT ( 'NONE',  ( -11.41691514927447848, 68.00000000000001421, -53.18479634284512514 ) ) ;
#865 = CARTESIAN_POINT ( 'NONE',  ( 16.09999999997213749, 25.94613804851970329, -15.99778167755315827 ) ) ;
#866 = CARTESIAN_POINT ( 'NONE',  ( -12.61340132176636786, 51.16244647651083000, -69.99999999999998579 ) ) ;
#867 = CARTESIAN_POINT ( 'NONE',  ( -14.94182865827949414, 64.89084400846377321, -17.80440511722462915 ) ) ;
#868 = CARTESIAN_POINT ( 'NONE',  ( 7.148078123467374034, 62.74952137185428569, -64.84105784915706749 ) ) ;
#869 = DIRECTION ( 'NONE',  ( -0.000000000000000000, -0.000000000000000000, 1.000000000000000000 ) ) ;
#870 = ORIENTED_EDGE ( 'NONE', *, *, #683, .F. ) ;
#871 = CARTESIAN_POINT ( 'NONE',  ( -15.29534549365421725, 12.12364937935647724, -17.99860352494149041 ) ) ;
#872 = CARTESIAN_POINT ( 'NONE',  ( 13.06316394552793447, 14.06471399925289667, -20.66269207385107265 ) ) ;
#873 = CARTESIAN_POINT ( 'NONE',  ( -11.60484591683373878, 66.72456749015454136, -58.88787584632668626 ) ) ;
#874 = DIRECTION ( 'NONE',  ( 0.000000000000000000, 0.000000000000000000, 1.000000000000000000 ) ) ;
#875 = FACE_OUTER_BOUND ( 'NONE', #1250, .T. ) ;
#876 = CARTESIAN_POINT ( 'NONE',  ( 16.10000000000000142, 1.250452749199112201, 2.107865044643019825 ) ) ;
#877 = AXIS2_PLACEMENT_3D ( 'NONE', #1333, #2056, #2030 ) ;
#878 = CARTESIAN_POINT ( 'NONE',  ( 13.75668339330090006, 64.10775510082575579, -63.32106406234836271 ) ) ;
#879 = CARTESIAN_POINT ( 'NONE',  ( -16.10000000000000142, 66.00000000000005684, -12.95883793323181621 ) ) ;
#880 =( BOUNDED_CURVE ( )  B_SPLINE_CURVE ( 3, ( #80, #69, #451, #1985 ),
 .UNSPECIFIED., .F., .F. ) 
 B_SPLINE_CURVE_WITH_KNOTS ( ( 4, 4 ),
 ( 1.570796326794896558, 1.583645941507516142 ),
 .UNSPECIFIED. ) 
 CURVE ( )  GEOMETRIC_REPRESENTATION_ITEM ( )  RATIONAL_B_SPLINE_CURVE ( ( 1.000000000000000000, 0.9999862406641414347, 0.9999862406641414347, 1.000000000000000000 ) ) 
 REPRESENTATION_ITEM ( '' )  );
#881 = EDGE_LOOP ( 'NONE', ( #2052, #1746, #1298, #358 ) ) ;
#882 = CYLINDRICAL_SURFACE ( 'NONE', #1346, 17.79999999999999005 ) ;
#883 = ADVANCED_FACE ( 'NONE', ( #1999 ), #130, .T. ) ;
#884 = ORIENTED_EDGE ( 'NONE', *, *, #1628, .T. ) ;
#885 = CARTESIAN_POINT ( 'NONE',  ( 14.85759629834567264, 56.10369627591066433, -19.17718378251283440 ) ) ;
#886 = CARTESIAN_POINT ( 'NONE',  ( -13.12146456855283638, 67.92131350240639165, -54.12814090521040811 ) ) ;
#887 = CARTESIAN_POINT ( 'NONE',  ( -14.09999999999999964, 0.5633193585380991131, -0.9894907033144708652 ) ) ;
#888 = DIRECTION ( 'NONE',  ( 1.000000000000000000, 0.000000000000000000, 0.000000000000000000 ) ) ;
#889 = CARTESIAN_POINT ( 'NONE',  ( 1.182064894488328299, -9.165767441865273923, 16.10000000000319886 ) ) ;
#890 = CARTESIAN_POINT ( 'NONE',  ( 13.96028316172741235, 62.74749324129554395, -62.18660746762706992 ) ) ;
#891 = CARTESIAN_POINT ( 'NONE',  ( -14.09999999999999964, 68.00000000000000000, -12.95883793323134903 ) ) ;
#892 = AXIS2_PLACEMENT_3D ( 'NONE', #309, #999, #149 ) ;
#893 = VERTEX_POINT ( 'NONE', #1511 ) ;
#894 = CARTESIAN_POINT ( 'NONE',  ( -16.10000000000000142, 66.00000000000014211, -12.95883793322944122 ) ) ;
#895 = ORIENTED_EDGE ( 'NONE', *, *, #70, .F. ) ;
#896 = CARTESIAN_POINT ( 'NONE',  ( 15.62783201518652021, 53.69708840974485753, -17.31761563460263886 ) ) ;
#897 = B_SPLINE_CURVE_WITH_KNOTS ( 'NONE', 3,
 ( #1455, #1957, #1801, #756, #1444, #1811, #556, #2149, #1433, #397, #578, #408, #201, #779, #1616, #212, #2138, #591, #1281, #1268, #31, #244, #1968, #1627, #742 ),
 .UNSPECIFIED., .F., .F.,
 ( 4, 2, 2, 2, 2, 2, 2, 2, 2, 1, 2, 2, 4 ),
 ( 0.000000000000000000, 0.003489351762071659594, 0.005234027643107479200, 0.006978703524143299239, 0.01046805528621492024, 0.01221273116725074201, 0.01395740704828656552, 0.01744675881035822468, 0.01919143469139405339, 0.02093611057242988557, 0.02268078645346571429, 0.02442546233450154300, 0.02791481409657320389 ),
 .UNSPECIFIED. ) ;
#898 = CARTESIAN_POINT ( 'NONE',  ( 13.28944660560019031, 68.00000000000000000, -21.24923579385763972 ) ) ;
#899 = CARTESIAN_POINT ( 'NONE',  ( 15.19399486368448571, 52.74021913762745584, -67.83059538894343632 ) ) ;
#900 = LINE ( 'NONE', #2115, #220 ) ;
#901 = CARTESIAN_POINT ( 'NONE',  ( 14.00231995434067223, 62.46553294407424772, -62.51935162980463900 ) ) ;
#902 = CARTESIAN_POINT ( 'NONE',  ( -15.92311664469091070, 67.99999999999998579, -14.68467935536528124 ) ) ;
#903 = ORIENTED_EDGE ( 'NONE', *, *, #519, .F. ) ;
#904 = DIRECTION ( 'NONE',  ( 0.000000000000000000, -0.1736481776669307198, 0.9848077530122080203 ) ) ;
#905 = ORIENTED_EDGE ( 'NONE', *, *, #924, .F. ) ;
#906 = CARTESIAN_POINT ( 'NONE',  ( 15.58066203818251338, 19.33677553135655458, -18.21719955147176151 ) ) ;
#907 = CARTESIAN_POINT ( 'NONE',  ( -15.85305883971970964, 17.77430881690840536, -17.18136828238794322 ) ) ;
#908 = CARTESIAN_POINT ( 'NONE',  ( 15.89350531277191791, 19.18844558875329298, -17.08603333093084942 ) ) ;
#909 = CARTESIAN_POINT ( 'NONE',  ( 15.10915112859841969, 53.59547212000241956, -67.67984248851104212 ) ) ;
#910 = CARTESIAN_POINT ( 'NONE',  ( -16.00390098854311205, 40.11704869455043365, -64.31981385880536095 ) ) ;
#911 = CARTESIAN_POINT ( 'NONE',  ( 15.42950945669326757, 50.15179130519166506, -70.02779958076801847 ) ) ;
#912 = DIRECTION ( 'NONE',  ( 0.000000000000000000, -0.8690379951495561528, -0.4947453516572341559 ) ) ;
#913 = STYLED_ITEM ( 'NONE', ( #803 ), #1076 ) ;
#914 = CARTESIAN_POINT ( 'NONE',  ( 0.000000000000000000, 57.66709988781454399, -23.55917072217150121 ) ) ;
#915 = DIRECTION ( 'NONE',  ( -0.000000000000000000, 0.000000000000000000, -1.000000000000000000 ) ) ;
#916 = CIRCLE ( 'NONE', #949, 2.000000000000000444 ) ;
#917 = EDGE_LOOP ( 'NONE', ( #1588, #1035 ) ) ;
#918 = CARTESIAN_POINT ( 'NONE',  ( -13.59999126281572224, 10.11972020562333441, -17.77565232196908340 ) ) ;
#919 = ADVANCED_FACE ( 'NONE', ( #1132 ), #724, .T. ) ;
#920 = FACE_OUTER_BOUND ( 'NONE', #116, .T. ) ;
#921 = CARTESIAN_POINT ( 'NONE',  ( -16.10000000000000142, 66.00000000000000000, 0.000000000000000000 ) ) ;
#922 = CARTESIAN_POINT ( 'NONE',  ( 13.63110314461085437, 47.07150123177740397, -69.72971234041139610 ) ) ;
#923 = CARTESIAN_POINT ( 'NONE',  ( 15.05237293715510560, 13.85723487348409755, -20.66269207384736362 ) ) ;
#924 = EDGE_CURVE ( 'NONE', #1647, #1487, #280, .T. ) ;
#925 = B_SPLINE_CURVE_WITH_KNOTS ( 'NONE', 3,
 ( #2132, #572, #1273, #1962, #413, #401, #1983, #1792 ),
 .UNSPECIFIED., .F., .F.,
 ( 4, 2, 2, 4 ),
 ( 0.000000000000000000, 0.001618805280710023005, 0.003237610561420046010, 0.006475221122840090285 ),
 .UNSPECIFIED. ) ;
#926 = ORIENTED_EDGE ( 'NONE', *, *, #237, .T. ) ;
#927 = CARTESIAN_POINT ( 'NONE',  ( 15.98749155134242272, 40.74528967612712194, -17.66572879471313229 ) ) ;
#928 = ORIENTED_EDGE ( 'NONE', *, *, #1657, .T. ) ;
#929 = CARTESIAN_POINT ( 'NONE',  ( 1.555300499311904004E-15, 39.42345252245742415, -66.36707536735336532 ) ) ;
#930 = CARTESIAN_POINT ( 'NONE',  ( 14.01077985065730580, 68.00000000000000000, -14.34322640394788451 ) ) ;
#931 = CARTESIAN_POINT ( 'NONE',  ( -16.10000000000000142, 34.00000000000000711, -16.10000000000000142 ) ) ;
#932 = CARTESIAN_POINT ( 'NONE',  ( -16.07158834354397570, 37.69276294278172657, -64.90396260005057627 ) ) ;
#933 = CARTESIAN_POINT ( 'NONE',  ( 15.85167095125664893, 43.82529620423075301, -66.61839866578019098 ) ) ;
#934 = CARTESIAN_POINT ( 'NONE',  ( -14.78673187327839678, 66.10726408790304731, -17.93041003683637769 ) ) ;
#935 = LINE ( 'NONE', #1447, #458 ) ;
#936 = ORIENTED_EDGE ( 'NONE', *, *, #2127, .T. ) ;
#937 = CARTESIAN_POINT ( 'NONE',  ( 15.22876924723642844, 60.76256465154398256, -17.73275718975860471 ) ) ;
#938 = CARTESIAN_POINT ( 'NONE',  ( -3.685965220385298835, 40.03639299115585715, -66.81701899894173380 ) ) ;
#939 = CARTESIAN_POINT ( 'NONE',  ( -14.09999999999999964, 2.301395348837210086, 2.682019925469397737E-16 ) ) ;
#940 = CARTESIAN_POINT ( 'NONE',  ( 15.23509839418658451, 52.31143068329192403, -67.88838673341712138 ) ) ;
#941 = CARTESIAN_POINT ( 'NONE',  ( -14.08413564946904906, 34.73112368633793778, -61.00646725949880533 ) ) ;
#942 = CARTESIAN_POINT ( 'NONE',  ( 15.73901288761539519, 45.86477112537281187, -67.38262510096784297 ) ) ;
#943 = CARTESIAN_POINT ( 'NONE',  ( -1.053754488690477276, -5.725767441862072538, 16.09999999999999787 ) ) ;
#944 = PRODUCT ( 'Walker_Rear_Plastic_Tubing_Connector', 'Walker_Rear_Plastic_Tubing_Connector', '', ( #1976 ) ) ;
#945 = ORIENTED_EDGE ( 'NONE', *, *, #349, .T. ) ;
#946 = CARTESIAN_POINT ( 'NONE',  ( 13.52814554580023554, 48.64318024644021676, -69.93609145047447839 ) ) ;
#947 = CIRCLE ( 'NONE', #1786, 2.000000000000000000 ) ;
#948 = ORIENTED_EDGE ( 'NONE', *, *, #2155, .T. ) ;
#949 = AXIS2_PLACEMENT_3D ( 'NONE', #701, #528, #1908 ) ;
#950 = CARTESIAN_POINT ( 'NONE',  ( 16.10000000000000142, 66.48689080733667822, -15.62952735145641014 ) ) ;
#951 = EDGE_CURVE ( 'NONE', #25, #2230, #1179, .T. ) ;
#952 = CARTESIAN_POINT ( 'NONE',  ( -13.39423839050243004, 66.30197009897879923, -22.18868371391107175 ) ) ;
#953 = CARTESIAN_POINT ( 'NONE',  ( 11.41691514921988571, 66.00000000000000000, -76.09999999999999432 ) ) ;
#954 = CARTESIAN_POINT ( 'NONE',  ( -14.92799217405463708, 55.30556233640007946, -67.23170474022929000 ) ) ;
#955 = CARTESIAN_POINT ( 'NONE',  ( 14.03247962902163515, 37.69790878287491864, -64.87985902849135300 ) ) ;
#956 = CARTESIAN_POINT ( 'NONE',  ( -15.05237293715450519, 13.85723487347903848, -20.66269207384861417 ) ) ;
#957 = CARTESIAN_POINT ( 'NONE',  ( -15.84062381681115816, 11.25682628729945733, -16.27804342186739106 ) ) ;
#958 = ORIENTED_EDGE ( 'NONE', *, *, #1464, .T. ) ;
#959 = CARTESIAN_POINT ( 'NONE',  ( 13.79880063503458132, 44.08730483437527425, -68.93576613032705325 ) ) ;
#960 = ORIENTED_EDGE ( 'NONE', *, *, #653, .T. ) ;
#961 = CARTESIAN_POINT ( 'NONE',  ( 15.53603698207048645, 55.80465122128781275, -17.47189315708419954 ) ) ;
#962 =( BOUNDED_SURFACE ( )  B_SPLINE_SURFACE ( 3, 2, ( 
 ( #1703, #1153, #837 ),
 ( #498, #1530, #2226 ),
 ( #667, #1357, #162 ),
 ( #560, #370, #174 ),
 ( #347, #1413, #871 ),
 ( #1896, #1036, #335 ) ),
 .UNSPECIFIED., .F., .F., .F. ) 
 B_SPLINE_SURFACE_WITH_KNOTS ( ( 4, 2, 4 ),
 ( 3, 3 ),
 ( -8.239936510889833698E-17, 0.002246450429528386045, 0.004492900859056854490 ),
 ( 0.000000000000000000, 1.000000000000000000 ),
 .UNSPECIFIED. ) 
 GEOMETRIC_REPRESENTATION_ITEM ( )  RATIONAL_B_SPLINE_SURFACE ( (
 ( 1.000000000000000000, 0.7382931740659356423, 1.000000000000000000),
 ( 1.000000000000000000, 0.7450556168185323846, 1.000000000000000000),
 ( 1.000000000000000000, 0.7514963072571646530, 1.000000000000000000),
 ( 1.000000000000000000, 0.7637514329842537419, 1.000000000000000000),
 ( 1.000000000000000000, 0.7695659559163117169, 1.000000000000000000),
 ( 1.000000000000000000, 0.7750552716395530117, 1.000000000000000000) ) ) 
 REPRESENTATION_ITEM ( '' )  SURFACE ( )  );
#963 = CARTESIAN_POINT ( 'NONE',  ( -12.24908254195770674, 61.92802209901527988, -65.60270523184200897 ) ) ;
#964 = CARTESIAN_POINT ( 'NONE',  ( 13.89249905330139967, 9.565548787105214501, -16.80223030414721919 ) ) ;
#965 = CARTESIAN_POINT ( 'NONE',  ( -15.16542687023541980, 53.05438094745752409, -69.79749258054964400 ) ) ;
#966 = CARTESIAN_POINT ( 'NONE',  ( 16.02308311465401403, 39.47459736111291306, -63.75770557749009271 ) ) ;
#967 = CARTESIAN_POINT ( 'NONE',  ( -14.09999999999447695, -0.4876232410992809019, 0.8565277519309202336 ) ) ;
#968 = CARTESIAN_POINT ( 'NONE',  ( 16.10000000000000142, 10.16794026330392064, -13.81786892657430776 ) ) ;
#969 = CARTESIAN_POINT ( 'NONE',  ( 16.23384546938208217, -0.6388079133531547882, 1.122089063488570293 ) ) ;
#970 = ORIENTED_EDGE ( 'NONE', *, *, #1316, .F. ) ;
#971 = CARTESIAN_POINT ( 'NONE',  ( -15.99379362896581291, 40.45516941498313201, -64.61531082950365601 ) ) ;
#972 = CARTESIAN_POINT ( 'NONE',  ( -15.29475299134564992, 12.12475477857222472, -18.00031834378239992 ) ) ;
#973 = CARTESIAN_POINT ( 'NONE',  ( 16.10000000000000142, 34.00000000000000711, -76.09999999999999432 ) ) ;
#974 = CARTESIAN_POINT ( 'NONE',  ( -14.64800861812332577, 57.71457268891407466, -66.25409664173498925 ) ) ;
#975 = CARTESIAN_POINT ( 'NONE',  ( 16.03177690186927151, 39.15574451444827275, -63.45515576679411396 ) ) ;
#976 = CARTESIAN_POINT ( 'NONE',  ( -12.23642554588002795, -3.459498685839343501, 6.076733802740668544 ) ) ;
#977 = EDGE_CURVE ( 'NONE', #1895, #437, #87, .T. ) ;
#978 = CARTESIAN_POINT ( 'NONE',  ( -16.09999999999839915, 8.429864273024243460, -14.80735962990368826 ) ) ;
#979 = CARTESIAN_POINT ( 'NONE',  ( 14.99511752275520138, 10.67371660477894935, -18.74876691199011347 ) ) ;
#980 = CARTESIAN_POINT ( 'NONE',  ( 12.80123277226376999, -2.595092011013729216, 9.820835648800319007 ) ) ;
#981 = EDGE_LOOP ( 'NONE', ( #1974, #2046, #77, #1286 ) ) ;
#982 = CARTESIAN_POINT ( 'NONE',  ( -14.00704361768351269, 62.43727139628820311, -62.57884403669768147 ) ) ;
#983 = CARTESIAN_POINT ( 'NONE',  ( -11.50689256177546937, 67.39496725307705560, -56.83858090317716005 ) ) ;
#984 = ADVANCED_FACE ( 'NONE', ( #337 ), #328, .T. ) ;
#985 = CARTESIAN_POINT ( 'NONE',  ( -15.78697963916620495, 45.02867197579448089, -67.09619184266790626 ) ) ;
#986 = CARTESIAN_POINT ( 'NONE',  ( 13.89249905344990488, 9.565548787116011198, -16.80223030416619068 ) ) ;
#987 = CARTESIAN_POINT ( 'NONE',  ( -8.600856065038772869, -5.819138988352503539, 10.22152681777603433 ) ) ;
#988 = CARTESIAN_POINT ( 'NONE',  ( 13.22755448035191073, 10.84383873891495575, -19.04759255610059654 ) ) ;
#989 = VERTEX_POINT ( 'NONE', #1026 ) ;
#990 = CARTESIAN_POINT ( 'NONE',  ( -15.96944328607731478, 41.15721399731160091, -65.13324970848464091 ) ) ;
#991 = CARTESIAN_POINT ( 'NONE',  ( -16.09999999999999076, 30.39912867824030585, -16.93796359122049111 ) ) ;
#992 = CARTESIAN_POINT ( 'NONE',  ( 16.10000000000000142, 10.16794026332196133, -13.81786892659000365 ) ) ;
#993 = CARTESIAN_POINT ( 'NONE',  ( -12.98559777486885025, 55.23549274428550859, -69.27985004254918522 ) ) ;
#994 = ORIENTED_EDGE ( 'NONE', *, *, #652, .F. ) ;
#995 = CYLINDRICAL_SURFACE ( 'NONE', #256, 2.000000000000000000 ) ;
#996 = CARTESIAN_POINT ( 'NONE',  ( -15.68096009382990985, 0.2003024703268856954, 4.214140939463881352 ) ) ;
#997 = AXIS2_PLACEMENT_3D ( 'NONE', #1470, #1994, #2141 ) ;
#998 = CARTESIAN_POINT ( 'NONE',  ( 9.214213829451502136, 61.17948435317472899, -66.21514715400979867 ) ) ;
#999 = DIRECTION ( 'NONE',  ( 0.000000000000000000, 0.1736481776669307198, -0.9848077530122080203 ) ) ;
#1000 = ORIENTED_EDGE ( 'NONE', *, *, #45, .T. ) ;
#1001 = CARTESIAN_POINT ( 'NONE',  ( 13.59999126281577553, 10.11972020562325980, -17.77565232196895550 ) ) ;
#1002 = CARTESIAN_POINT ( 'NONE',  ( 16.10000000000000142, 2.301395348837209198, 0.000000000000000000 ) ) ;
#1003 = CARTESIAN_POINT ( 'NONE',  ( -16.10000000000000497, 39.43310992469174181, -17.36434629155169418 ) ) ;
#1004 = CARTESIAN_POINT ( 'NONE',  ( -11.47976111710110736, 67.57843241727675831, -56.08216907985085697 ) ) ;
#1005 = ORIENTED_EDGE ( 'NONE', *, *, #1014, .F. ) ;
#1006 = DIRECTION ( 'NONE',  ( -1.000000000000000000, 0.000000000000000000, 0.000000000000000000 ) ) ;
#1007 = CARTESIAN_POINT ( 'NONE',  ( -12.67354474233407480, -2.993927515552851304, 5.258941305913904962 ) ) ;
#1008 = CARTESIAN_POINT ( 'NONE',  ( 13.38899058876075721, 66.33304423243713188, -52.20000000000000995 ) ) ;
#1009 = LINE ( 'NONE', #629, #233 ) ;
#1010 = ADVANCED_FACE ( 'NONE', ( #2057 ), #722, .F. ) ;
#1011 = B_SPLINE_CURVE_WITH_KNOTS ( 'NONE', 3,
 ( #1310, #1013, #1332, #1161, #290, #2018, #1682, #1852, #105, #139, #1864, #2215, #1171, #982, #1876, #117, #278, #818, #1671, #1519, #1343, #300, #2042, #1195, #1508, #1497, #2204, #1322, #643, #1712, #2191, #152, #2053, #464, #2029, #679, #1543, #473, #807, #990, #971, #128, #847, #2238, #632, #1693 ),
 .UNSPECIFIED., .F., .F.,
 ( 4, 2, 2, 2, 2, 2, 2, 2, 2, 2, 2, 2, 2, 2, 2, 2, 2, 2, 2, 2, 2, 2, 4 ),
 ( 0.000000000000000000, 0.002615087097489504631, 0.003922630646234245670, 0.005230174194978988444, 0.007845261292468439299, 0.009152804841213163858, 0.01046034838995789015, 0.01307543548744734274, 0.01438297903619205342, 0.01569052258493676758, 0.01830560968242618894, 0.01961315323117092044, 0.02092069677991564500, 0.02353578387740509759, 0.02484332742614981521, 0.02615087097489453283, 0.02876595807238396113, 0.03007350162112867181, 0.03138104516987337556, 0.03399613226736283855, 0.03661121936485229461, 0.03922630646234175761, 0.04184139355983122754 ),
 .UNSPECIFIED. ) ;
#1012 = ORIENTED_EDGE ( 'NONE', *, *, #757, .T. ) ;
#1013 = CARTESIAN_POINT ( 'NONE',  ( -13.38899058876077142, 66.33304423243713188, -53.07960684045546174 ) ) ;
#1014 = EDGE_CURVE ( 'NONE', #700, #817, #1843, .T. ) ;
#1015 = CARTESIAN_POINT ( 'NONE',  ( 16.09999999999442721, 30.26795350894543901, -16.34525292506272010 ) ) ;
#1016 = CARTESIAN_POINT ( 'NONE',  ( -13.59999126281572224, 10.11972020562333441, -17.77565232196908340 ) ) ;
#1017 = CARTESIAN_POINT ( 'NONE',  ( -13.10747498704689207, 67.99999999946018647, -53.16899924263444888 ) ) ;
#1018 = CARTESIAN_POINT ( 'NONE',  ( 13.51817497196044826, 66.26699587433625993, -21.29717038552553632 ) ) ;
#1019 = CARTESIAN_POINT ( 'NONE',  ( -13.41593770714623446, 50.19999999998707096, -70.00000000000000000 ) ) ;
#1020 = CARTESIAN_POINT ( 'NONE',  ( 8.600856065038779974, -5.819138988352531072, 10.22152681777608407 ) ) ;
#1021 = CARTESIAN_POINT ( 'NONE',  ( 11.41691514934952423, 68.00000000000001421, -53.18478267421867400 ) ) ;
#1022 = DIRECTION ( 'NONE',  ( -0.2897073335021716489, -0.4735283362209233848, 0.8317695448325249652 ) ) ;
#1023 = ORIENTED_EDGE ( 'NONE', *, *, #1360, .F. ) ;
#1024 = CARTESIAN_POINT ( 'NONE',  ( -16.10000000000000142, 44.67202909809577704, -15.10753413800194878 ) ) ;
#1025 = CARTESIAN_POINT ( 'NONE',  ( -16.09999999999048015, 30.33354666973498226, -16.64160836205347849 ) ) ;
#1026 = CARTESIAN_POINT ( 'NONE',  ( -15.47498907851990957, 11.78849805910977899, -17.47867945910302367 ) ) ;
#1027 = CARTESIAN_POINT ( 'NONE',  ( -14.05660824818849086, 62.12306008395659518, -65.42680151408855238 ) ) ;
#1028 = CARTESIAN_POINT ( 'NONE',  ( 14.09999999999999964, 68.00000000000000000, -12.95883793322946431 ) ) ;
#1029 = CARTESIAN_POINT ( 'NONE',  ( 16.02288049550703519, 39.48178997196145446, -63.76434468630611008 ) ) ;
#1030 = CARTESIAN_POINT ( 'NONE',  ( 16.10000000000000142, 2.301395348837208310, -2.957522019940857141E-15 ) ) ;
#1031 = CARTESIAN_POINT ( 'NONE',  ( 8.563794613985017179, 61.74521166126015004, -65.75291533607655481 ) ) ;
#1032 = DIRECTION ( 'NONE',  ( 1.000000000000000000, 0.000000000000000000, 0.000000000000000000 ) ) ;
#1033 =( BOUNDED_CURVE ( )  B_SPLINE_CURVE ( 3, ( #1103, #2176, #91, #426 ),
 .UNSPECIFIED., .F., .F. ) 
 B_SPLINE_CURVE_WITH_KNOTS ( ( 4, 4 ),
 ( 1.466869784561501522, 1.570796326794896558 ),
 .UNSPECIFIED. ) 
 CURVE ( )  GEOMETRIC_REPRESENTATION_ITEM ( )  RATIONAL_B_SPLINE_CURVE ( ( 1.000000000000000000, 0.9991001419939556927, 0.9991001419939556927, 1.000000000000000000 ) ) 
 REPRESENTATION_ITEM ( '' )  );
#1034 = AXIS2_PLACEMENT_3D ( 'NONE', #1587, #1022, #516 ) ;
#1035 = ORIENTED_EDGE ( 'NONE', *, *, #1113, .F. ) ;
#1036 = CARTESIAN_POINT ( 'NONE',  ( -15.16064092042740619, 10.35343294332077768, -18.18617714717292699 ) ) ;
#1037 = CARTESIAN_POINT ( 'NONE',  ( 16.04742615118642490, 26.53074869374238531, -16.59084422754119714 ) ) ;
#1038 = B_SPLINE_CURVE_WITH_KNOTS ( 'NONE', 3,
 ( #1625, #611, #1131, #2158, #599, #1289, #1986, #1120, #1833, #1821, #257, #963, #1661, #1483, #1372, #1163, #474, #1154, #118, #1900, #1853, #983, #1510, #2068, #291, #508 ),
 .UNSPECIFIED., .F., .F.,
 ( 4, 2, 2, 2, 2, 2, 2, 2, 2, 2, 2, 2, 4 ),
 ( 0.01867036001718450772, 0.02215771576920934002, 0.02390139364522177179, 0.02564507152123420008, 0.02913242727325907749, 0.03087610514927150926, 0.03261978302528394102, 0.03436346090129638320, 0.03610713877730881843, 0.03959449452933372360, 0.04133817240534617271, 0.04308185028135862876, 0.04656920603338353393 ),
 .UNSPECIFIED. ) ;
#1039 = CARTESIAN_POINT ( 'NONE',  ( -11.41691514921988748, 68.00000000000001421, -52.20000000000000995 ) ) ;
#1040 = CARTESIAN_POINT ( 'NONE',  ( 16.10000000000000142, 34.00000000000000711, -16.10000000000000142 ) ) ;
#1041 = CARTESIAN_POINT ( 'NONE',  ( 1.555301434917138433E-15, 68.00000000000000000, 12.69999999999999929 ) ) ;
#1042 = CARTESIAN_POINT ( 'NONE',  ( -14.90214223205321531, 55.70667258412940726, -21.00322345957424730 ) ) ;
#1043 = CARTESIAN_POINT ( 'NONE',  ( 13.57797414494817723, 65.19469697450213630, -58.12388843702382246 ) ) ;
#1044 = CARTESIAN_POINT ( 'NONE',  ( -15.87465358563808593, 66.04677191782496948, -15.12096065317568794 ) ) ;
#1045 = ADVANCED_FACE ( 'NONE', ( #146 ), #462, .T. ) ;
#1046 = ORIENTED_EDGE ( 'NONE', *, *, #1755, .T. ) ;
#1047 = CARTESIAN_POINT ( 'NONE',  ( 0.000000000000000000, 45.16004142455949477, -25.76450257854152071 ) ) ;
#1048 = EDGE_LOOP ( 'NONE', ( #2001, #1183, #1306, #678 ) ) ;
#1049 = DIRECTION ( 'NONE',  ( 0.000000000000000000, 0.000000000000000000, -1.000000000000000000 ) ) ;
#1050 = CARTESIAN_POINT ( 'NONE',  ( -11.53582665779031657, 67.19793652288898045, -57.50541303594503972 ) ) ;
#1051 = ADVANCED_FACE ( 'NONE', ( #1190 ), #1580, .T. ) ;
#1052 = CYLINDRICAL_SURFACE ( 'NONE', #55, 2.000000000000000000 ) ;
#1053 = CARTESIAN_POINT ( 'NONE',  ( -2.504663143554353723E-14, -7.463843432159581681, 13.11050929668552634 ) ) ;
#1054 = AXIS2_PLACEMENT_3D ( 'NONE', #1398, #1442, #874 ) ;
#1055 = AXIS2_PLACEMENT_3D ( 'NONE', #1277, #384, #1233 ) ;
#1056 = CARTESIAN_POINT ( 'NONE',  ( 15.35233907279961585, 51.04506684998013810, -68.00913037466796141 ) ) ;
#1057 = CARTESIAN_POINT ( 'NONE',  ( 15.95931080307204297, 66.03750481316296828, -14.69184304397600016 ) ) ;
#1058 = ORIENTED_EDGE ( 'NONE', *, *, #1953, .F. ) ;
#1059 = CARTESIAN_POINT ( 'NONE',  ( -12.51651780005166792, 68.00000000000000000, -17.88538609778048283 ) ) ;
#1060 = VERTEX_POINT ( 'NONE', #1754 ) ;
#1061 = CARTESIAN_POINT ( 'NONE',  ( 14.94138748472679090, 64.89647695622991819, -17.80453181794587181 ) ) ;
#1062 = CARTESIAN_POINT ( 'NONE',  ( -16.09999999999999432, 25.88682999961621434, -16.63917764841652769 ) ) ;
#1063 = CARTESIAN_POINT ( 'NONE',  ( -14.78673187327770222, 66.10726408790299047, -17.93041003683760692 ) ) ;
#1064 = CARTESIAN_POINT ( 'NONE',  ( -13.67708834391098449, 46.32406634015782743, -69.59029075413005216 ) ) ;
#1065 = CARTESIAN_POINT ( 'NONE',  ( -13.96966344668689963, 39.93109431778926677, -66.74740774651176878 ) ) ;
#1066 = CARTESIAN_POINT ( 'NONE',  ( 14.83492503795280726, 56.14276436734448339, -66.95522108227547164 ) ) ;
#1067 = CARTESIAN_POINT ( 'NONE',  ( 15.21799486147705061, 66.09096350502072426, -17.17148170499713089 ) ) ;
#1068 = CIRCLE ( 'NONE', #1144, 14.09999999999999964 ) ;
#1069 = VERTEX_POINT ( 'NONE', #189 ) ;
#1070 = CARTESIAN_POINT ( 'NONE',  ( 13.84303773460677611, 63.64446674780644031, -22.60370640664411823 ) ) ;
#1071 = AXIS2_PLACEMENT_3D ( 'NONE', #410, #1825, #1090 ) ;
#1072 = ORIENTED_EDGE ( 'NONE', *, *, #1559, .F. ) ;
#1073 = CARTESIAN_POINT ( 'NONE',  ( -5.033840368115602537, 40.60337121225400381, -67.19536154135184347 ) ) ;
#1074 = CARTESIAN_POINT ( 'NONE',  ( -16.10000000000000142, 26.59456076217823295, -16.59214390031056752 ) ) ;
#1075 = CARTESIAN_POINT ( 'NONE',  ( -15.95474911967226284, 41.51802814435619382, -65.35667667460390362 ) ) ;
#1076 = MANIFOLD_SOLID_BREP ( 'Fillet3', #563 ) ;
#1077 = CARTESIAN_POINT ( 'NONE',  ( 15.56364196807112421, 48.42866827733519841, -67.88889903084732680 ) ) ;
#1078 = DIRECTION ( 'NONE',  ( 0.000000000000000000, 0.000000000000000000, 1.000000000000000000 ) ) ;
#1079 = ORIENTED_EDGE ( 'NONE', *, *, #172, .T. ) ;
#1080 = ADVANCED_FACE ( 'NONE', ( #1827 ), #103, .T. ) ;
#1081 = LINE ( 'NONE', #1780, #2224 ) ;
#1082 = ORIENTED_EDGE ( 'NONE', *, *, #1795, .F. ) ;
#1083 = DIRECTION ( 'NONE',  ( 1.000000000000000000, -0.000000000000000000, 0.000000000000000000 ) ) ;
#1084 = CARTESIAN_POINT ( 'NONE',  ( -16.10000000000000142, 34.00000000000002842, -16.09999999999999432 ) ) ;
#1085 = EDGE_CURVE ( 'NONE', #1069, #2225, #1114, .T. ) ;
#1086 = CARTESIAN_POINT ( 'NONE',  ( 13.68855792254706216, 68.00000000000000000, -19.94454877043611418 ) ) ;
#1087 = CARTESIAN_POINT ( 'NONE',  ( 8.545771989300602556, 43.13856918755865166, -68.54808291737350601 ) ) ;
#1088 = CARTESIAN_POINT ( 'NONE',  ( -16.09975935638068734, 35.78159350927933957, -62.68338051141060419 ) ) ;
#1089 = CARTESIAN_POINT ( 'NONE',  ( 12.56749528352111156, 59.23937367777487140, -67.54161309137762714 ) ) ;
#1090 = DIRECTION ( 'NONE',  ( 0.000000000000000000, 0.000000000000000000, -1.000000000000000000 ) ) ;
#1091 = AXIS2_PLACEMENT_3D ( 'NONE', #672, #694, #123 ) ;
#1092 = ORIENTED_EDGE ( 'NONE', *, *, #245, .F. ) ;
#1093 = CARTESIAN_POINT ( 'NONE',  ( 13.97375635733554056, 39.91075684292528791, -66.80840689831731538 ) ) ;
#1094 = ORIENTED_EDGE ( 'NONE', *, *, #1921, .F. ) ;
#1095 = CARTESIAN_POINT ( 'NONE',  ( 25.40000000000000924, 7.230139534883731400, -12.70000000000000462 ) ) ;
#1096 = CARTESIAN_POINT ( 'NONE',  ( 0.000000000000000000, 0.000000000000000000, 0.000000000000000000 ) ) ;
#1097 = CARTESIAN_POINT ( 'NONE',  ( 16.10000000000000142, 34.00000000000000711, -16.10000000000000142 ) ) ;
#1098 = CARTESIAN_POINT ( 'NONE',  ( 7.473125812502047438, 42.17383493170103037, -68.09667557977557806 ) ) ;
#1099 = CARTESIAN_POINT ( 'NONE',  ( -14.07857899082682707, 35.21827360294646780, -61.86216359994678271 ) ) ;
#1100 = CARTESIAN_POINT ( 'NONE',  ( 15.19106536552449960, 52.77044338143581825, -67.82612401644448141 ) ) ;
#1101 = LINE ( 'NONE', #1631, #88 ) ;
#1102 = VERTEX_POINT ( 'NONE', #1654 ) ;
#1103 = CARTESIAN_POINT ( 'NONE',  ( 15.05237293715522462, 13.85723487348591654, -20.66269207384712914 ) ) ;
#1104 = VERTEX_POINT ( 'NONE', #424 ) ;
#1105 = CARTESIAN_POINT ( 'NONE',  ( -13.39162859376864745, 66.31742365000756934, -22.63785988782164438 ) ) ;
#1106 =( BOUNDED_CURVE ( )  B_SPLINE_CURVE ( 3, ( #610, #1095, #94, #229 ),
 .UNSPECIFIED., .F., .F. ) 
 B_SPLINE_CURVE_WITH_KNOTS ( ( 4, 4 ),
 ( 3.141592653589793116, 6.283185307179586232 ),
 .UNSPECIFIED. ) 
 CURVE ( )  GEOMETRIC_REPRESENTATION_ITEM ( )  RATIONAL_B_SPLINE_CURVE ( ( 1.000000000000000000, 0.3333333333333333703, 0.3333333333333333703, 1.000000000000000000 ) ) 
 REPRESENTATION_ITEM ( '' )  );
#1107 = SHAPE_DEFINITION_REPRESENTATION ( #601, #108 ) ;
#1108 = CARTESIAN_POINT ( 'NONE',  ( 15.19222666151090984, 66.09069690801960917, -17.15945587552348428 ) ) ;
#1109 = CARTESIAN_POINT ( 'NONE',  ( 1.555300499311904004E-15, 39.42345252245742415, -66.36707536735336532 ) ) ;
#1110 = EDGE_CURVE ( 'NONE', #1275, #2195, #1162, .T. ) ;
#1111 = CARTESIAN_POINT ( 'NONE',  ( -15.96830695180049808, 41.15864101983511603, -65.11286755034187479 ) ) ;
#1112 = DIRECTION ( 'NONE',  ( 0.000000000000000000, 0.000000000000000000, -1.000000000000000000 ) ) ;
#1113 = EDGE_CURVE ( 'NONE', #1350, #1060, #1385, .T. ) ;
#1114 = LINE ( 'NONE', #1838, #184 ) ;
#1115 = DIRECTION ( 'NONE',  ( 0.000000000000000000, 0.000000000000000000, -1.000000000000000000 ) ) ;
#1116 = CARTESIAN_POINT ( 'NONE',  ( 0.000000000000000000, -5.725767441860470264, 16.09999999999999787 ) ) ;
#1117 = ORIENTED_EDGE ( 'NONE', *, *, #2090, .T. ) ;
#1118 = CARTESIAN_POINT ( 'NONE',  ( 15.19607340247039495, 61.26476239916012645, -17.75805455214437600 ) ) ;
#1119 = APPLICATION_CONTEXT ( 'automotive_design' ) ;
#1120 = CARTESIAN_POINT ( 'NONE',  ( -12.69791084682394278, 58.07590528515211048, -68.20485902816831469 ) ) ;
#1121 = CARTESIAN_POINT ( 'NONE',  ( 13.44979681721484255, 65.97123700533646229, -55.65505479929627342 ) ) ;
#1122 = CARTESIAN_POINT ( 'NONE',  ( -14.36250083317239756, 59.91967340102920048, -64.86780427982529318 ) ) ;
#1123 = CARTESIAN_POINT ( 'NONE',  ( 16.07053799680662820, 37.42713707429539483, -61.49203320762223512 ) ) ;
#1124 = CARTESIAN_POINT ( 'NONE',  ( -16.10000000000000142, 34.00000000000000711, -16.10000000000000142 ) ) ;
#1125 = CARTESIAN_POINT ( 'NONE',  ( -14.09999999942960613, 8.717533655922611757, -15.31266124202091738 ) ) ;
#1126 = CARTESIAN_POINT ( 'NONE',  ( -13.06316394552849225, 12.32663800895383233, -21.65218277716562412 ) ) ;
#1127 = CARTESIAN_POINT ( 'NONE',  ( 15.81875281840070713, 44.78989322588492428, -18.59498732956800993 ) ) ;
#1128 = AXIS2_PLACEMENT_3D ( 'NONE', #939, #623, #81 ) ;
#1129 = ORIENTED_EDGE ( 'NONE', *, *, #977, .F. ) ;
#1130 = CARTESIAN_POINT ( 'NONE',  ( -13.38899058876076609, 66.33304423243713188, -23.09189103561073964 ) ) ;
#1131 = CARTESIAN_POINT ( 'NONE',  ( -13.23309885048134760, 52.52175503936254586, -69.88608258572476473 ) ) ;
#1132 = FACE_OUTER_BOUND ( 'NONE', #1681, .T. ) ;
#1133 = CARTESIAN_POINT ( 'NONE',  ( -14.97399948631313471, 54.88482975254782303, -67.36076576799715099 ) ) ;
#1134 = CARTESIAN_POINT ( 'NONE',  ( 15.99365458431299380, 40.45887981008556267, -64.61775004890003515 ) ) ;
#1135 = CARTESIAN_POINT ( 'NONE',  ( -8.068525854499139172, -4.664830171214264354, 13.97208874383257360 ) ) ;
#1136 = CARTESIAN_POINT ( 'NONE',  ( -14.09999999999999964, 8.429864273023133237, -14.80735962990173959 ) ) ;
#1137 = CARTESIAN_POINT ( 'NONE',  ( 15.16064092042739908, 10.35343294332078479, -18.18617714717293410 ) ) ;
#1138 = CARTESIAN_POINT ( 'NONE',  ( 7.066224506114029857, -6.402906161512897931, 11.24693484252672704 ) ) ;
#1139 = VERTEX_POINT ( 'NONE', #470 ) ;
#1140 = CARTESIAN_POINT ( 'NONE',  ( 16.10000000000000853, 39.44821284017167784, -16.46207236278991815 ) ) ;
#1141 = EDGE_CURVE ( 'NONE', #1863, #2195, #617, .T. ) ;
#1142 = CARTESIAN_POINT ( 'NONE',  ( -16.10000000000000142, 34.00000000000000000, -16.09999999999999432 ) ) ;
#1143 = CARTESIAN_POINT ( 'NONE',  ( -15.73789983082597743, 45.85992395994076531, -67.36296228160983901 ) ) ;
#1144 = AXIS2_PLACEMENT_3D ( 'NONE', #287, #1678, #641 ) ;
#1145 = CARTESIAN_POINT ( 'NONE',  ( 15.91473047372502059, 42.53766547399803954, -68.27423762456783152 ) ) ;
#1146 = CARTESIAN_POINT ( 'NONE',  ( -12.80123277226472212, -2.595092011013731437, 9.820835648798890816 ) ) ;
#1147 = LINE ( 'NONE', #101, #310 ) ;
#1148 = B_SPLINE_CURVE_WITH_KNOTS ( 'NONE', 3,
 ( #315, #849, #633, #2206, #1694, #2240 ),
 .UNSPECIFIED., .F., .F.,
 ( 4, 2, 4 ),
 ( 1.902034903192037705E-14, 0.002025980008328393239, 0.004051960016637771306 ),
 .UNSPECIFIED. ) ;
#1149 = CARTESIAN_POINT ( 'NONE',  ( 12.67354474233283135, -2.993927515553004959, 5.258941305914174080 ) ) ;
#1150 = EDGE_CURVE ( 'NONE', #2066, #2230, #2185, .T. ) ;
#1151 = EDGE_CURVE ( 'NONE', #1984, #893, #1344, .T. ) ;
#1152 = VERTEX_POINT ( 'NONE', #2074 ) ;
#1153 = CARTESIAN_POINT ( 'NONE',  ( -14.88786915399570177, 12.28005257424189800, -21.57035378645430512 ) ) ;
#1154 = CARTESIAN_POINT ( 'NONE',  ( -11.76009964186019197, 65.63721479856098995, -61.13922623272282664 ) ) ;
#1155 = EDGE_CURVE ( 'NONE', #195, #1951, #1563, .T. ) ;
#1156 = CARTESIAN_POINT ( 'NONE',  ( -15.65405762489253405, 47.19102836600080764, -69.77160704044740669 ) ) ;
#1157 = DIRECTION ( 'NONE',  ( 0.000000000000000000, 0.000000000000000000, -1.000000000000000000 ) ) ;
#1158 = CARTESIAN_POINT ( 'NONE',  ( -1.845662865625575355, -7.412099635303727396, 13.01961945743708959 ) ) ;
#1159 = DIRECTION ( 'NONE',  ( -0.000000000000000000, -1.000000000000000000, -0.000000000000000000 ) ) ;
#1160 = ORIENTED_EDGE ( 'NONE', *, *, #828, .F. ) ;
#1161 = CARTESIAN_POINT ( 'NONE',  ( -13.43806095840478143, 66.04121060873725924, -55.23866401907584844 ) ) ;
#1162 = CIRCLE ( 'NONE', #1458, 2.000000000000001776 ) ;
#1163 = CARTESIAN_POINT ( 'NONE',  ( -11.94178237971629031, 64.30654839298040315, -63.07119392924835921 ) ) ;
#1164 = CARTESIAN_POINT ( 'NONE',  ( 15.68564851264699378, 11.52418931076359954, -16.88186872223893431 ) ) ;
#1165 = CARTESIAN_POINT ( 'NONE',  ( -15.35184995675363240, 51.03419144483146397, -67.99216936726129745 ) ) ;
#1166 = CARTESIAN_POINT ( 'NONE',  ( 14.10000000000000497, 68.00000000000002842, -13.65862888969675915 ) ) ;
#1167 = CARTESIAN_POINT ( 'NONE',  ( -8.558208501289033876, 61.74965929825632571, -65.74909876552803212 ) ) ;
#1168 = CARTESIAN_POINT ( 'NONE',  ( 13.38643135953456387, 66.38916235523933551, -59.66152637012294946 ) ) ;
#1169 = CARTESIAN_POINT ( 'NONE',  ( 13.04966844599434950, 11.57954090547442760, -20.33987985847222291 ) ) ;
#1170 = ORIENTED_EDGE ( 'NONE', *, *, #1961, .F. ) ;
#1171 = CARTESIAN_POINT ( 'NONE',  ( -13.88564965238722060, 63.24168667841982483, -61.55452056161912111 ) ) ;
#1172 = DIRECTION ( 'NONE',  ( 0.000000000000000000, 0.000000000000000000, 1.000000000000000000 ) ) ;
#1173 = CARTESIAN_POINT ( 'NONE',  ( -13.53803676804256106, 65.47416212930879453, -61.35384391738054433 ) ) ;
#1174 = EDGE_LOOP ( 'NONE', ( #193, #27, #806, #1393 ) ) ;
#1175 = EDGE_CURVE ( 'NONE', #1462, #1620, #1751, .T. ) ;
#1176 = DIRECTION ( 'NONE',  ( 0.000000000000000000, -0.000000000000000000, 1.000000000000000000 ) ) ;
#1177 = CARTESIAN_POINT ( 'NONE',  ( -11.53371053772701416, 58.05769724017858380, -68.17769183844525571 ) ) ;
#1178 = AXIS2_PLACEMENT_3D ( 'NONE', #953, #1662, #830 ) ;
#1179 =( BOUNDED_CURVE ( )  B_SPLINE_CURVE ( 3, ( #119, #2207, #646, #1545 ),
 .UNSPECIFIED., .F., .F. ) 
 B_SPLINE_CURVE_WITH_KNOTS ( ( 4, 4 ),
 ( 1.466869784561511070, 1.583645941507516142 ),
 .UNSPECIFIED. ) 
 CURVE ( )  GEOMETRIC_REPRESENTATION_ITEM ( )  RATIONAL_B_SPLINE_CURVE ( ( 1.000000000000000000, 0.9988639335725151280, 0.9988639335725151280, 1.000000000000000000 ) ) 
 REPRESENTATION_ITEM ( '' )  );
#1180 = CARTESIAN_POINT ( 'NONE',  ( 11.54463693093442522, 58.03588673396843944, -68.18849937723442167 ) ) ;
#1181 = CARTESIAN_POINT ( 'NONE',  ( 16.10000000000000142, 0.000000000000000000, 0.000000000000000000 ) ) ;
#1182 = ADVANCED_FACE ( 'NONE', ( #675 ), #248, .T. ) ;
#1183 = ORIENTED_EDGE ( 'NONE', *, *, #1928, .F. ) ;
#1184 = CARTESIAN_POINT ( 'NONE',  ( 13.02400065538264329, 11.95115942232305706, -20.99264114215241861 ) ) ;
#1185 = CARTESIAN_POINT ( 'NONE',  ( 16.09999999999999787, 34.00000000000000711, -16.09999999999999787 ) ) ;
#1186 = CARTESIAN_POINT ( 'NONE',  ( -16.10000000000000142, 39.53184305559039302, -16.91801621849464254 ) ) ;
#1187 = CARTESIAN_POINT ( 'NONE',  ( -14.22303938419950597, 60.93447559945492031, -64.05218784135702492 ) ) ;
#1188 = DIRECTION ( 'NONE',  ( -1.000000000000000000, 0.000000000000000000, 0.000000000000000000 ) ) ;
#1189 = CARTESIAN_POINT ( 'NONE',  ( -13.79818066388380515, 44.08389359846439248, -68.92083405820112318 ) ) ;
#1190 = FACE_OUTER_BOUND ( 'NONE', #2096, .T. ) ;
#1191 = CARTESIAN_POINT ( 'NONE',  ( 12.56079834564304676, 54.99174111363556960, -69.36925235226266295 ) ) ;
#1192 = CARTESIAN_POINT ( 'NONE',  ( -13.91972286829125416, 68.00000000000000000, -14.69262589343444425 ) ) ;
#1193 =( BOUNDED_SURFACE ( )  B_SPLINE_SURFACE ( 3, 2, ( 
 ( #718, #1234, #1063 ),
 ( #2113, #1417, #554 ),
 ( #1603, #40, #1431 ),
 ( #566, #1798, #766 ),
 ( #230, #1300, #952 ),
 ( #787, #2145, #61 ) ),
 .UNSPECIFIED., .F., .F., .F. ) 
 B_SPLINE_SURFACE_WITH_KNOTS ( ( 4, 2, 4 ),
 ( 3, 3 ),
 ( -5.368969158148217957E-16, 0.003189317941969527660, 0.006378635883939592216 ),
 ( 0.000000000000000000, 1.000000000000000000 ),
 .UNSPECIFIED. ) 
 GEOMETRIC_REPRESENTATION_ITEM ( )  RATIONAL_B_SPLINE_SURFACE ( (
 ( 1.000000000000000000, 0.7258209296897869534, 1.000000000000000000),
 ( 1.000000000000000000, 0.7331615487980106538, 1.000000000000000000),
 ( 1.000000000000000000, 0.7400135977127574316, 1.000000000000000000),
 ( 1.000000000000000000, 0.7527312770524562380, 1.000000000000000000),
 ( 1.000000000000000000, 0.7586363010762782189, 1.000000000000000000),
 ( 1.000000000000000000, 0.7637152991195597096, 1.000000000000000000) ) ) 
 REPRESENTATION_ITEM ( '' )  SURFACE ( )  );
#1194 = ORIENTED_EDGE ( 'NONE', *, *, #575, .F. ) ;
#1195 = CARTESIAN_POINT ( 'NONE',  ( -14.93226512231642644, 55.26680478766971305, -67.24408373961576046 ) ) ;
#1196 = CARTESIAN_POINT ( 'NONE',  ( -16.09999999999999787, 34.00000000000000711, -16.09999999999999787 ) ) ;
#1197 = CARTESIAN_POINT ( 'NONE',  ( -16.09999999999999787, 34.00000000000002842, -16.09999999999999787 ) ) ;
#1198 = CARTESIAN_POINT ( 'NONE',  ( -12.00881804409910103, 48.73699292308327813, -69.94346214601343092 ) ) ;
#1199 = DIRECTION ( 'NONE',  ( 0.000000000000000000, 0.000000000000000000, -1.000000000000000000 ) ) ;
#1200 = CARTESIAN_POINT ( 'NONE',  ( 16.03159588105360811, 39.16258584776099383, -63.46184656788285139 ) ) ;
#1201 = CARTESIAN_POINT ( 'NONE',  ( 10.62275404580167404, -4.741244545089720930, 8.328166480345498002 ) ) ;
#1202 = CARTESIAN_POINT ( 'NONE',  ( 12.68283132924261558, 52.11251380390663712, -69.90352888731214875 ) ) ;
#1203 = CARTESIAN_POINT ( 'NONE',  ( -13.39447174588707767, 68.00000000000000000, -16.33676570464569267 ) ) ;
#1204 = ORIENTED_EDGE ( 'NONE', *, *, #38, .F. ) ;
#1205 = CARTESIAN_POINT ( 'NONE',  ( -16.10000000000000142, 55.34035505386805198, -14.07612001905144261 ) ) ;
#1206 = CARTESIAN_POINT ( 'NONE',  ( 16.10000000000000142, 66.00000000000000000, -12.95883793322946964 ) ) ;
#1207 = CARTESIAN_POINT ( 'NONE',  ( -9.039074775420903762, 43.65586594604715032, -68.76420608476436769 ) ) ;
#1208 = EDGE_CURVE ( 'NONE', #143, #1219, #947, .T. ) ;
#1209 = DIRECTION ( 'NONE',  ( 0.000000000000000000, 0.000000000000000000, 1.000000000000000000 ) ) ;
#1210 = CARTESIAN_POINT ( 'NONE',  ( 13.41593770714448475, 50.20000000001029861, -70.00000000000001421 ) ) ;
#1211 = CARTESIAN_POINT ( 'NONE',  ( 2.107459016777895044, -5.674023645004677263, 15.99621798497102887 ) ) ;
#1212 = CARTESIAN_POINT ( 'NONE',  ( 0.9875823223768406267, 64.54588516463854830, -62.73763303810550696 ) ) ;
#1213 = DIRECTION ( 'NONE',  ( -0.8699252130684199669, 0.000000000000000000, -0.4931836611931343373 ) ) ;
#1214 = CIRCLE ( 'NONE', #1288, 2.000000000000000000 ) ;
#1215 = ORIENTED_EDGE ( 'NONE', *, *, #1520, .T. ) ;
#1216 = CARTESIAN_POINT ( 'NONE',  ( -15.19211084333701045, 66.09070215736156229, -17.15969999692856618 ) ) ;
#1217 = ADVANCED_FACE ( 'NONE', ( #1314 ), #1456, .T. ) ;
#1218 = ADVANCED_FACE ( 'NONE', ( #1990 ), #1327, .T. ) ;
#1219 = VERTEX_POINT ( 'NONE', #1282 ) ;
#1220 = CARTESIAN_POINT ( 'NONE',  ( 15.99544627803386376, 26.65601876929476433, -17.18484509058924203 ) ) ;
#1221 = CARTESIAN_POINT ( 'NONE',  ( -13.32281914218982699, 66.76277043605243477, -58.79171637408828843 ) ) ;
#1222 = B_SPLINE_CURVE_WITH_KNOTS ( 'NONE', 3,
 ( #65, #605, #770, #1457, #593, #85 ),
 .UNSPECIFIED., .F., .F.,
 ( 4, 2, 4 ),
 ( -9.056895144985441324E-05, 0.01601067279278205191, 0.03211191453701395943 ),
 .UNSPECIFIED. ) ;
#1223 = CARTESIAN_POINT ( 'NONE',  ( 13.38899058876078030, 66.33304423243713188, -76.09999999999999432 ) ) ;
#1224 = CARTESIAN_POINT ( 'NONE',  ( 15.90760774080980688, 42.65027478435649755, -66.03750288560483739 ) ) ;
#1225 = CARTESIAN_POINT ( 'NONE',  ( 2.356472470470599045, -9.092820327026375438, 15.97186577050840839 ) ) ;
#1226 = EDGE_CURVE ( 'NONE', #79, #392, #2039, .T. ) ;
#1227 = CARTESIAN_POINT ( 'NONE',  ( 13.24133215199788260, 52.39804345065108038, -69.87038194231672605 ) ) ;
#1228 = CARTESIAN_POINT ( 'NONE',  ( 16.10655386427961844, 34.73748502361413415, -61.01764117709998203 ) ) ;
#1229 = EDGE_LOOP ( 'NONE', ( #2177, #1253, #903, #812 ) ) ;
#1230 = PLANE ( 'NONE',  #150 ) ;
#1231 = ORIENTED_EDGE ( 'NONE', *, *, #1629, .T. ) ;
#1232 = CARTESIAN_POINT ( 'NONE',  ( 16.09999999999999787, 39.43678286926149212, -17.36520102697425472 ) ) ;
#1233 = DIRECTION ( 'NONE',  ( 0.000000000000000000, 0.000000000000000000, 1.000000000000000000 ) ) ;
#1234 = CARTESIAN_POINT ( 'NONE',  ( -14.69829735986345831, 68.00000000000001421, -17.88027416717174489 ) ) ;
#1235 = CARTESIAN_POINT ( 'NONE',  ( -13.63097417216349072, 47.08563848760255155, -69.74272794138022391 ) ) ;
#1236 = CARTESIAN_POINT ( 'NONE',  ( 12.66175199899575965, 58.39028728888865771, -68.01121636236273105 ) ) ;
#1237 = CARTESIAN_POINT ( 'NONE',  ( -15.21808905703521120, 66.09095994478067837, -17.17131594145044104 ) ) ;
#1238 = ORIENTED_EDGE ( 'NONE', *, *, #1699, .F. ) ;
#1239 = DIRECTION ( 'NONE',  ( 0.000000000000000000, 0.000000000000000000, 1.000000000000000000 ) ) ;
#1240 = ORIENTED_EDGE ( 'NONE', *, *, #745, .F. ) ;
#1241 = CARTESIAN_POINT ( 'NONE',  ( 13.81438354603492868, 63.83009768686015661, -22.63915014444835094 ) ) ;
#1242 = CARTESIAN_POINT ( 'NONE',  ( -6.894279814011147423, 41.72950544774567305, -67.86183037771205306 ) ) ;
#1243 = CARTESIAN_POINT ( 'NONE',  ( 11.41691515087246422, 68.00000000000000000, -22.00996527784482026 ) ) ;
#1244 = CARTESIAN_POINT ( 'NONE',  ( 13.58005049747715454, 65.18196725098469813, -58.15568458603995339 ) ) ;
#1245 = UNCERTAINTY_MEASURE_WITH_UNIT (LENGTH_MEASURE( 1.000000000000000082E-05 ), #39, 'distance_accuracy_value', 'NONE');
#1246 = CARTESIAN_POINT ( 'NONE',  ( -16.08344078461328408, 37.01427110585508728, -64.19715468880315257 ) ) ;
#1247 = ADVANCED_FACE ( 'NONE', ( #822 ), #995, .T. ) ;
#1248 = CARTESIAN_POINT ( 'NONE',  ( 15.54502761348855344, 48.67931338019957366, -69.94242913861384636 ) ) ;
#1249 = DIRECTION ( 'NONE',  ( -0.000000000000000000, -1.000000000000000000, -0.000000000000000000 ) ) ;
#1250 = EDGE_LOOP ( 'NONE', ( #46, #1919, #1655, #240 ) ) ;
#1251 = CARTESIAN_POINT ( 'NONE',  ( -16.18114063462675034, 28.93321252999150417, -46.87141799294679601 ) ) ;
#1252 = EDGE_CURVE ( 'NONE', #585, #226, #2036, .T. ) ;
#1253 = ORIENTED_EDGE ( 'NONE', *, *, #951, .F. ) ;
#1254 = CARTESIAN_POINT ( 'NONE',  ( 14.85642902229967000, 12.05675438022032786, -19.14358162029078869 ) ) ;
#1255 = CARTESIAN_POINT ( 'NONE',  ( -16.09999999999999787, 18.01206246759558027, -14.61493705747171390 ) ) ;
#1256 = CARTESIAN_POINT ( 'NONE',  ( 14.01394148078826163, 66.19051418904174966, -19.57581885984540904 ) ) ;
#1257 = CARTESIAN_POINT ( 'NONE',  ( 15.35438793076762032, 51.02162690004284684, -68.00990464998223217 ) ) ;
#1258 = CARTESIAN_POINT ( 'NONE',  ( -13.91175669036453577, 41.56472754737058750, -67.79530030459713430 ) ) ;
#1259 = CARTESIAN_POINT ( 'NONE',  ( 15.53041571500397566, 48.86794408793603850, -67.93599496788868919 ) ) ;
#1260 = DIRECTION ( 'NONE',  ( 0.000000000000000000, 0.000000000000000000, -1.000000000000000000 ) ) ;
#1261 = LINE ( 'NONE', #1960, #2202 ) ;
#1262 = CYLINDRICAL_SURFACE ( 'NONE', #1607, 2.000000000000000444 ) ;
#1263 = ORIENTED_EDGE ( 'NONE', *, *, #237, .F. ) ;
#1264 = CARTESIAN_POINT ( 'NONE',  ( 16.10000000000000142, 44.73608890250849157, -15.10158352551684757 ) ) ;
#1265 =( BOUNDED_CURVE ( )  B_SPLINE_CURVE ( 3, ( #1116, #251, #78, #1471 ),
 .UNSPECIFIED., .F., .T. ) 
 B_SPLINE_CURVE_WITH_KNOTS ( ( 4, 4 ),
 ( 0.000000000000000000, 1.570796326794896780 ),
 .UNSPECIFIED. ) 
 CURVE ( )  GEOMETRIC_REPRESENTATION_ITEM ( )  RATIONAL_B_SPLINE_CURVE ( ( 1.000000000000000000, 0.8047378541243649375, 0.8047378541243649375, 1.000000000000000000 ) ) 
 REPRESENTATION_ITEM ( '' )  );
#1266 = CARTESIAN_POINT ( 'NONE',  ( -15.01555401747634377, 13.50423297116835286, -20.12312311786519459 ) ) ;
#1267 = CARTESIAN_POINT ( 'NONE',  ( 14.36588550862395408, 59.90267530390642037, -64.90250197110907493 ) ) ;
#1268 = CARTESIAN_POINT ( 'NONE',  ( 12.91889545558955099, 55.92176459419655998, -69.06535911600170152 ) ) ;
#1269 = CARTESIAN_POINT ( 'NONE',  ( 14.36032117750938397, 59.94395253455348893, -64.87209972773902678 ) ) ;
#1270 = DIRECTION ( 'NONE',  ( 0.000000000000000000, 0.4947453516572354881, -0.8690379951495552646 ) ) ;
#1271 = CIRCLE ( 'NONE', #1932, 1.999999999999999778 ) ;
#1272 = ORIENTED_EDGE ( 'NONE', *, *, #2198, .F. ) ;
#1273 = CARTESIAN_POINT ( 'NONE',  ( 12.54703377271896514, 68.00000000000000000, -17.90138883884114662 ) ) ;
#1274 = PRODUCT_RELATED_PRODUCT_CATEGORY ( 'part', '', ( #944 ) ) ;
#1275 = VERTEX_POINT ( 'NONE', #294 ) ;
#1276 = CARTESIAN_POINT ( 'NONE',  ( 15.03244309319490846, 13.15528088552662389, -19.58805158781391142 ) ) ;
#1277 = CARTESIAN_POINT ( 'NONE',  ( 0.000000000000000000, 68.00000000000000000, 0.000000000000000000 ) ) ;
#1278 = CARTESIAN_POINT ( 'NONE',  ( 13.74707733337966076, 68.00000000000000000, -15.34800651437195285 ) ) ;
#1279 = CARTESIAN_POINT ( 'NONE',  ( 10.39150555999442815, 45.39721477375066883, -69.35230999081959169 ) ) ;
#1280 = EDGE_CURVE ( 'NONE', #1524, #1449, #547, .T. ) ;
#1281 = CARTESIAN_POINT ( 'NONE',  ( 12.80957151956903495, 57.01360551238064289, -68.67477942692835313 ) ) ;
#1282 = CARTESIAN_POINT ( 'NONE',  ( 13.38899058876077319, 66.33304423243711767, -23.09189103561073253 ) ) ;
#1283 = CARTESIAN_POINT ( 'NONE',  ( -14.09999999999999964, 0.5633193585380991131, -0.9894907033144708652 ) ) ;
#1284 = CARTESIAN_POINT ( 'NONE',  ( -16.10000000000000142, 50.20000000000002416, -70.00000000000000000 ) ) ;
#1285 = CARTESIAN_POINT ( 'NONE',  ( -13.98748082703296092, 68.00000000000000000, -14.34832794074187312 ) ) ;
#1286 = ORIENTED_EDGE ( 'NONE', *, *, #1464, .F. ) ;
#1287 = CARTESIAN_POINT ( 'NONE',  ( -13.37972172779185875, 10.47975205286419964, -18.40806120396896262 ) ) ;
#1288 = AXIS2_PLACEMENT_3D ( 'NONE', #425, #1115, #1355 ) ;
#1289 = CARTESIAN_POINT ( 'NONE',  ( -12.91911987663571360, 55.91960280002140138, -69.06625494350218730 ) ) ;
#1290 = CARTESIAN_POINT ( 'NONE',  ( 12.23177734093999014, 49.46827229967927053, -69.98866618356846914 ) ) ;
#1291 = CARTESIAN_POINT ( 'NONE',  ( -13.35955622330063264, 50.94211575481278942, -69.99117814781629932 ) ) ;
#1292 = CARTESIAN_POINT ( 'NONE',  ( 14.08413564946907393, 34.73112368633793778, -61.00646725949880533 ) ) ;
#1293 = CARTESIAN_POINT ( 'NONE',  ( 0.000000000000000000, -9.165767441860468878, 16.09999999999999787 ) ) ;
#1294 = ADVANCED_FACE ( 'NONE', ( #2060 ), #1504, .T. ) ;
#1295 = CARTESIAN_POINT ( 'NONE',  ( -16.10000000000000142, 10.16794026332196488, -13.81786892659000898 ) ) ;
#1296 = CYLINDRICAL_SURFACE ( 'NONE', #997, 2.000000000000001776 ) ;
#1297 = CARTESIAN_POINT ( 'NONE',  ( 16.10000000000000142, 35.34810104278833620, -16.41371839375818098 ) ) ;
#1298 = ORIENTED_EDGE ( 'NONE', *, *, #2233, .F. ) ;
#1299 = CARTESIAN_POINT ( 'NONE',  ( 15.55602394244501419, 55.41502175188925605, -17.45009283841310221 ) ) ;
#1300 = CARTESIAN_POINT ( 'NONE',  ( -13.13467340912085213, 67.99999999997743316, -22.15753114887920106 ) ) ;
#1301 = CARTESIAN_POINT ( 'NONE',  ( 13.59999126281576665, 10.11972020562325980, -17.77565232196895195 ) ) ;
#1302 = CARTESIAN_POINT ( 'NONE',  ( -14.83552413450421170, 56.12713518793835732, -66.94262910716848580 ) ) ;
#1303 = CARTESIAN_POINT ( 'NONE',  ( 13.92619552180576115, 41.16412602232196605, -67.54369724053486834 ) ) ;
#1304 = CARTESIAN_POINT ( 'NONE',  ( -8.812791321954627222, -7.713728160724966365, 13.54944080519056371 ) ) ;
#1305 = DIRECTION ( 'NONE',  ( -0.006357508579648166701, -0.4947353532683357868, 0.8690204326200362539 ) ) ;
#1306 = ORIENTED_EDGE ( 'NONE', *, *, #1110, .F. ) ;
#1307 = CARTESIAN_POINT ( 'NONE',  ( 15.68096009383052802, 0.2003024703271635842, 4.214140939462376778 ) ) ;
#1308 = VECTOR ( 'NONE', #861, 1000.000000000000000 ) ;
#1309 = ORIENTED_EDGE ( 'NONE', *, *, #2019, .T. ) ;
#1310 = CARTESIAN_POINT ( 'NONE',  ( -13.38899058876076964, 66.33304423243713188, -52.20000000000000995 ) ) ;
#1311 = CARTESIAN_POINT ( 'NONE',  ( 13.59999126281577553, 10.11972020562325980, -17.77565232196895550 ) ) ;
#1312 = CARTESIAN_POINT ( 'NONE',  ( -13.84311614761651477, 63.64400243599560270, -22.60362209816114643 ) ) ;
#1313 = CARTESIAN_POINT ( 'NONE',  ( -14.55290721869114279, 58.47307270927711897, -65.83997804731137649 ) ) ;
#1314 = FACE_OUTER_BOUND ( 'NONE', #710, .T. ) ;
#1315 = CARTESIAN_POINT ( 'NONE',  ( -11.21101752105175819, -4.333168001312841078, 7.611365361783168026 ) ) ;
#1316 = EDGE_CURVE ( 'NONE', #2143, #4, #586, .T. ) ;
#1317 = EDGE_CURVE ( 'NONE', #1462, #1356, #338, .T. ) ;
#1318 =( LENGTH_UNIT ( ) NAMED_UNIT ( * ) SI_UNIT ( .MILLI., .METRE. ) );
#1319 = CARTESIAN_POINT ( 'NONE',  ( 14.08413564946906327, 36.46919967663706075, -60.01697655618433203 ) ) ;
#1320 = CARTESIAN_POINT ( 'NONE',  ( -13.73978021641127256, 64.30945014600152376, -20.06241314245909990 ) ) ;
#1321 = EDGE_LOOP ( 'NONE', ( #204, #1215, #596 ) ) ;
#1322 = CARTESIAN_POINT ( 'NONE',  ( -15.31541063817828530, 51.44285337127668356, -67.96998424288732110 ) ) ;
#1323 = EDGE_CURVE ( 'NONE', #1219, #1102, #1995, .T. ) ;
#1324 = CARTESIAN_POINT ( 'NONE',  ( -16.04742615533815453, 26.53074868360699767, -16.59084417971753922 ) ) ;
#1325 = CARTESIAN_POINT ( 'NONE',  ( -16.10000000000000142, 39.40819912859734586, -16.03136004397020997 ) ) ;
#1326 = CARTESIAN_POINT ( 'NONE',  ( -15.34474872971639137, 51.11620656230240911, -69.98401591836170610 ) ) ;
#1327 = CYLINDRICAL_SURFACE ( 'NONE', #775, 17.79999999999999005 ) ;
#1328 = CARTESIAN_POINT ( 'NONE',  ( -16.23384546938314088, -0.6388079133535873311, 1.122089063488556970 ) ) ;
#1329 = CARTESIAN_POINT ( 'NONE',  ( 0.000000000000000000, 45.16004142455949477, -25.76450257854152071 ) ) ;
#1330 = FACE_OUTER_BOUND ( 'NONE', #1941, .T. ) ;
#1331 = ORIENTED_EDGE ( 'NONE', *, *, #1520, .F. ) ;
#1332 = CARTESIAN_POINT ( 'NONE',  ( -13.40147933778304967, 66.25934364475575933, -53.94911992699522330 ) ) ;
#1333 = CARTESIAN_POINT ( 'NONE',  ( 0.000000000000000000, 66.00000000000000000, 0.000000000000000000 ) ) ;
#1334 = CARTESIAN_POINT ( 'NONE',  ( 15.92074889104113211, 9.087375947296356671, -15.96230252180351705 ) ) ;
#1335 = CARTESIAN_POINT ( 'NONE',  ( -15.10830418435416256, 53.61751548209817031, -67.69352450926379561 ) ) ;
#1336 = ORIENTED_EDGE ( 'NONE', *, *, #789, .F. ) ;
#1337 = CARTESIAN_POINT ( 'NONE',  ( 14.09999999999999964, 8.429864273023126131, -14.80735962990172361 ) ) ;
#1338 = CARTESIAN_POINT ( 'NONE',  ( -9.207605165353552223, 61.18563594497181413, -66.21030014483540072 ) ) ;
#1339 =( BOUNDED_CURVE ( )  B_SPLINE_CURVE ( 3, ( #2144, #2008, #324, #1886 ),
 .UNSPECIFIED., .F., .T. ) 
 B_SPLINE_CURVE_WITH_KNOTS ( ( 4, 4 ),
 ( 0.000000000000000000, 3.141592653589793116 ),
 .UNSPECIFIED. ) 
 CURVE ( )  GEOMETRIC_REPRESENTATION_ITEM ( )  RATIONAL_B_SPLINE_CURVE ( ( 1.000000000000000000, 0.3333333333333333703, 0.3333333333333333703, 1.000000000000000000 ) ) 
 REPRESENTATION_ITEM ( '' )  );
#1340 = CARTESIAN_POINT ( 'NONE',  ( 11.47640313670687817, 67.60125355739018005, -56.07014111416081903 ) ) ;
#1341 = CARTESIAN_POINT ( 'NONE',  ( 12.40573857903804011, 50.20000000000002416, -70.00000000000001421 ) ) ;
#1342 = ORIENTED_EDGE ( 'NONE', *, *, #452, .T. ) ;
#1343 = CARTESIAN_POINT ( 'NONE',  ( -14.65320759501035752, 57.67225418027019401, -66.27555797572310325 ) ) ;
#1344 = CIRCLE ( 'NONE', #147, 2.000000000000000000 ) ;
#1345 = ADVANCED_FACE ( 'NONE', ( #1351, #2219 ), #1902, .T. ) ;
#1346 = AXIS2_PLACEMENT_3D ( 'NONE', #1404, #1759, #1569 ) ;
#1347 = FACE_OUTER_BOUND ( 'NONE', #529, .T. ) ;
#1348 = CARTESIAN_POINT ( 'NONE',  ( -14.73372236429911375, 66.74163938751017611, -17.95345856262321860 ) ) ;
#1349 = CARTESIAN_POINT ( 'NONE',  ( -13.24363954224936712, 67.22265542685445894, -57.42553771160580567 ) ) ;
#1350 = VERTEX_POINT ( 'NONE', #341 ) ;
#1351 = FACE_OUTER_BOUND ( 'NONE', #369, .T. ) ;
#1352 = CARTESIAN_POINT ( 'NONE',  ( -6.248432009106136498, -6.651759136661028471, 11.68405403906960416 ) ) ;
#1353 = EDGE_CURVE ( 'NONE', #1984, #127, #856, .T. ) ;
#1354 = CARTESIAN_POINT ( 'NONE',  ( 13.83883977634443774, 63.55105033222585575, -61.15429206727294797 ) ) ;
#1355 = DIRECTION ( 'NONE',  ( -1.000000000000000000, 0.000000000000000000, 0.000000000000000000 ) ) ;
#1356 = VERTEX_POINT ( 'NONE', #1337 ) ;
#1357 = CARTESIAN_POINT ( 'NONE',  ( -14.80428950684373746, 11.63691560640133815, -20.44066058313917367 ) ) ;
#1358 = FACE_OUTER_BOUND ( 'NONE', #636, .T. ) ;
#1359 = CARTESIAN_POINT ( 'NONE',  ( -14.08413564946911478, 34.73112368633795199, -61.00646725949882665 ) ) ;
#1360 = EDGE_CURVE ( 'NONE', #1449, #2167, #1429, .T. ) ;
#1361 = CARTESIAN_POINT ( 'NONE',  ( -11.46491141957053372, 67.67843850185721521, -55.60330758615263136 ) ) ;
#1362 = DIRECTION ( 'NONE',  ( 0.000000000000000000, 0.8690379951495551536, 0.4947453516572357102 ) ) ;
#1363 = DIRECTION ( 'NONE',  ( 0.000000000000000000, 0.000000000000000000, -1.000000000000000000 ) ) ;
#1364 = CARTESIAN_POINT ( 'NONE',  ( 9.820835648732677114, -4.081062998053066160, 12.80123277230895873 ) ) ;
#1365 = AXIS2_PLACEMENT_3D ( 'NONE', #1469, #1249, #570 ) ;
#1366 = CARTESIAN_POINT ( 'NONE',  ( 13.38899058886602234, 66.33304423181382958, -53.07413293554395750 ) ) ;
#1367 = CARTESIAN_POINT ( 'NONE',  ( 0.000000000000000000, -5.725767441860470264, 16.09999999999999787 ) ) ;
#1368 = B_SPLINE_CURVE_WITH_KNOTS ( 'NONE', 3,
 ( #1927, #1067, #2075, #345, #1057, #192, #13, #733 ),
 .UNSPECIFIED., .F., .F.,
 ( 4, 2, 2, 4 ),
 ( 9.218549712188289239E-17, 0.002581997501923065114, 0.003872996252884549316, 0.005163995003846033084 ),
 .UNSPECIFIED. ) ;
#1369 = B_SPLINE_CURVE_WITH_KNOTS ( 'NONE', 3,
 ( #795, #1436, #2175, #447, #571, #1632 ),
 .UNSPECIFIED., .F., .F.,
 ( 4, 2, 4 ),
 ( 3.878959614448864246E-18, 0.002025980008324404676, 0.004051960016648810219 ),
 .UNSPECIFIED. ) ;
#1370 = ORIENTED_EDGE ( 'NONE', *, *, #348, .T. ) ;
#1371 = CARTESIAN_POINT ( 'NONE',  ( 13.37972172779188718, 10.47975205286413392, -18.40806120396884893 ) ) ;
#1372 = CARTESIAN_POINT ( 'NONE',  ( -12.03977455154696941, 63.56759159789414326, -63.96796753406190561 ) ) ;
#1373 = CARTESIAN_POINT ( 'NONE',  ( -15.83643849418750449, 21.37447425990782790, -33.73098331416263562 ) ) ;
#1374 = CARTESIAN_POINT ( 'NONE',  ( -11.45689488086653895, 47.34337079048260222, -69.77260676377618154 ) ) ;
#1375 = CARTESIAN_POINT ( 'NONE',  ( 16.09999999999999787, 34.00000000000000000, -16.10000000000000142 ) ) ;
#1376 = CARTESIAN_POINT ( 'NONE',  ( -14.06086671495125806, 36.45460944142891435, -63.61692519608182295 ) ) ;
#1377 = CARTESIAN_POINT ( 'NONE',  ( -15.13978538042505662, 62.09350836585323918, -17.70450527678708497 ) ) ;
#1378 = CARTESIAN_POINT ( 'NONE',  ( 0.000000000000000000, 64.56956952125935345, -62.70502126479024696 ) ) ;
#1379 = CYLINDRICAL_SURFACE ( 'NONE', #1438, 194.1666666666656624 ) ;
#1380 = ORIENTED_EDGE ( 'NONE', *, *, #245, .T. ) ;
#1381 = CARTESIAN_POINT ( 'NONE',  ( -12.11384606924386631, 68.00000000000001421, -18.87081627207697565 ) ) ;
#1382 = ADVANCED_FACE ( 'NONE', ( #2034 ), #485, .T. ) ;
#1383 = CARTESIAN_POINT ( 'NONE',  ( 15.48183113723907667, 56.50866536511416172, -17.46146507714772866 ) ) ;
#1384 = CARTESIAN_POINT ( 'NONE',  ( -11.41691514921988571, 68.00000000000000000, -23.09189103561073608 ) ) ;
#1385 = CIRCLE ( 'NONE', #514, 12.70000000000000462 ) ;
#1386 = CARTESIAN_POINT ( 'NONE',  ( 16.10000000000000142, 10.02503006831850207, -13.80335538987077548 ) ) ;
#1387 = CARTESIAN_POINT ( 'NONE',  ( 16.05344607834718218, 38.26062335150584204, -62.50678710138014793 ) ) ;
#1388 = CARTESIAN_POINT ( 'NONE',  ( -13.35623282379908083, 66.52641995528402674, -23.12693900305352912 ) ) ;
#1389 = CARTESIAN_POINT ( 'NONE',  ( 10.10217315516340086, 60.24263397420658350, -66.90166142347733569 ) ) ;
#1390 = CARTESIAN_POINT ( 'NONE',  ( 178.0666666666656397, 34.00000000000000711, -76.09999999999999432 ) ) ;
#1391 = EDGE_CURVE ( 'NONE', #1481, #1581, #659, .T. ) ;
#1392 = EDGE_CURVE ( 'NONE', #2167, #561, #809, .T. ) ;
#1393 = ORIENTED_EDGE ( 'NONE', *, *, #2127, .F. ) ;
#1394 = CARTESIAN_POINT ( 'NONE',  ( -16.09999999999999787, 60.67277582665807500, -13.54167948929332255 ) ) ;
#1395 = ORIENTED_EDGE ( 'NONE', *, *, #2098, .T. ) ;
#1396 = CARTESIAN_POINT ( 'NONE',  ( 13.27545644526882285, 67.00180750602088153, -20.28145468811716512 ) ) ;
#1397 = CARTESIAN_POINT ( 'NONE',  ( -14.00218554453482156, 62.47000718884806503, -62.54131631226339749 ) ) ;
#1398 = CARTESIAN_POINT ( 'NONE',  ( 0.000000000000000000, 66.00000000000000000, 14.09999999999999964 ) ) ;
#1399 = CARTESIAN_POINT ( 'NONE',  ( 16.07833592778474241, 36.93337836852839473, -60.77924928235255919 ) ) ;
#1400 = CARTESIAN_POINT ( 'NONE',  ( 1.845662865625655513, -7.412099635303951217, 13.01961945743748217 ) ) ;
#1401 = CARTESIAN_POINT ( 'NONE',  ( 15.23239545279336227, 52.33998196186301044, -67.88494576899920219 ) ) ;
#1402 = CARTESIAN_POINT ( 'NONE',  ( 0.000000000000000000, 45.16004142455949477, -25.76450257854152071 ) ) ;
#1403 = VERTEX_POINT ( 'NONE', #395 ) ;
#1404 = CARTESIAN_POINT ( 'NONE',  ( -16.10000000000000142, 50.20000000000002416, -52.20000000000001705 ) ) ;
#1405 = EDGE_LOOP ( 'NONE', ( #714, #2087, #618 ) ) ;
#1406 = CARTESIAN_POINT ( 'NONE',  ( 16.10000000000000142, 27.28508133321860640, -17.66263768868443051 ) ) ;
#1407 = CARTESIAN_POINT ( 'NONE',  ( -16.10000000000000142, 26.00626250455945510, -15.35640453134707428 ) ) ;
#1408 = CARTESIAN_POINT ( 'NONE',  ( 11.41691514921990347, 68.00000000000000000, -23.09189103561073608 ) ) ;
#1409 = FACE_OUTER_BOUND ( 'NONE', #2190, .T. ) ;
#1410 = CARTESIAN_POINT ( 'NONE',  ( 14.43233326904580238, 59.41465198846104556, -67.43830257620578550 ) ) ;
#1411 = CARTESIAN_POINT ( 'NONE',  ( 14.08413564946911478, 34.73112368633800173, -61.00646725949891191 ) ) ;
#1412 = EDGE_LOOP ( 'NONE', ( #1881, #277, #970, #1963 ) ) ;
#1413 = CARTESIAN_POINT ( 'NONE',  ( -14.99511752108860385, 10.67371660456880633, -18.74876691161458098 ) ) ;
#1414 = ORIENTED_EDGE ( 'NONE', *, *, #1175, .F. ) ;
#1415 = CARTESIAN_POINT ( 'NONE',  ( 15.15419699985627311, 53.34482190696651571, -18.83374557451252684 ) ) ;
#1416 = ADVANCED_FACE ( 'NONE', ( #10 ), #532, .T. ) ;
#1417 = CARTESIAN_POINT ( 'NONE',  ( -14.21476505615578390, 68.00000000000001421, -18.65184071292216572 ) ) ;
#1418 = CARTESIAN_POINT ( 'NONE',  ( 2.977006636704088383, 39.83030155032675168, -66.66817405922066087 ) ) ;
#1419 = AXIS2_PLACEMENT_3D ( 'NONE', #872, #28, #2112 ) ;
#1420 = CARTESIAN_POINT ( 'NONE',  ( -16.07835603794366008, 36.93181341482475943, -60.77652869853566386 ) ) ;
#1421 = CARTESIAN_POINT ( 'NONE',  ( 15.34561334607750283, 51.12691944251515253, -70.00351362111813103 ) ) ;
#1422 = CARTESIAN_POINT ( 'NONE',  ( 16.08397053914268682, 36.49489819885710062, -60.01697655618443861 ) ) ;
#1423 = EDGE_CURVE ( 'NONE', #1487, #1620, #448, .T. ) ;
#1424 = B_SPLINE_CURVE_WITH_KNOTS ( 'NONE', 3,
 ( #767, #1945, #1074, #1615 ),
 .UNSPECIFIED., .F., .F.,
 ( 4, 4 ),
 ( 0.001790443294658216082, 0.02405576648804614789 ),
 .UNSPECIFIED. ) ;
#1425 = VERTEX_POINT ( 'NONE', #385 ) ;
#1426 = CARTESIAN_POINT ( 'NONE',  ( 15.65004860769372819, 47.48503592215134006, -19.20625213230529837 ) ) ;
#1427 = ORIENTED_EDGE ( 'NONE', *, *, #137, .F. ) ;
#1428 = DIRECTION ( 'NONE',  ( 1.000000000000000000, 0.000000000000000000, 0.000000000000000000 ) ) ;
#1429 =( BOUNDED_CURVE ( )  B_SPLINE_CURVE ( 3, ( #1537, #478, #187, #1584 ),
 .UNSPECIFIED., .F., .T. ) 
 B_SPLINE_CURVE_WITH_KNOTS ( ( 4, 4 ),
 ( 4.712388980384689674, 6.283185307179586232 ),
 .UNSPECIFIED. ) 
 CURVE ( )  GEOMETRIC_REPRESENTATION_ITEM ( )  RATIONAL_B_SPLINE_CURVE ( ( 1.000000000000000000, 0.8047378541243649375, 0.8047378541243649375, 1.000000000000000000 ) ) 
 REPRESENTATION_ITEM ( '' )  );
#1430 = EDGE_CURVE ( 'NONE', #4, #1219, #374, .T. ) ;
#1431 = CARTESIAN_POINT ( 'NONE',  ( -13.99357990361917992, 66.19031875987160163, -19.54950700026329358 ) ) ;
#1432 = CARTESIAN_POINT ( 'NONE',  ( 0.3780527455541532467, 39.42345252245741705, -66.36707536735335111 ) ) ;
#1433 = CARTESIAN_POINT ( 'NONE',  ( 11.75984840929209696, 65.63889822882808289, -61.13514243665290593 ) ) ;
#1434 = CARTESIAN_POINT ( 'NONE',  ( 15.06567065853326959, 54.02456350200952784, -69.59220745325616519 ) ) ;
#1435 = CARTESIAN_POINT ( 'NONE',  ( -16.10000000000000142, 66.00000000000000000, -52.20000000000001705 ) ) ;
#1436 = CARTESIAN_POINT ( 'NONE',  ( -15.68500333295546767, 11.52499880074432426, -16.88369655480275711 ) ) ;
#1437 = CARTESIAN_POINT ( 'NONE',  ( -14.09999999999999964, 68.00000000000000000, -12.95883793323135080 ) ) ;
#1438 = AXIS2_PLACEMENT_3D ( 'NONE', #1736, #869, #1032 ) ;
#1439 = EDGE_LOOP ( 'NONE', ( #905, #1046, #266, #390, #1309 ) ) ;
#1440 = LINE ( 'NONE', #49, #734 ) ;
#1441 = CARTESIAN_POINT ( 'NONE',  ( -15.34748699881755485, 9.640296346402237759, -17.58964171949782695 ) ) ;
#1442 = DIRECTION ( 'NONE',  ( -1.000000000000000000, 0.000000000000000000, 0.000000000000000000 ) ) ;
#1443 = CARTESIAN_POINT ( 'NONE',  ( 14.65195733244218168, 57.67220914475021232, -66.25614519851846751 ) ) ;
#1444 = CARTESIAN_POINT ( 'NONE',  ( 11.50601070572319173, 67.40094913477773275, -56.81634541565266971 ) ) ;
#1445 = CARTESIAN_POINT ( 'NONE',  ( 14.26704682241895661, 60.62417055109130359, -64.33894321550666007 ) ) ;
#1446 = CARTESIAN_POINT ( 'NONE',  ( -16.10000000000000142, 26.05390976163656802, -15.36083678646134487 ) ) ;
#1447 = CARTESIAN_POINT ( 'NONE',  ( -16.10000000000000142, 36.46919967663706075, -60.01697655618433203 ) ) ;
#1448 = CARTESIAN_POINT ( 'NONE',  ( 13.06316394552793270, 12.32663800895378436, -21.65218277716554240 ) ) ;
#1449 = VERTEX_POINT ( 'NONE', #1923 ) ;
#1450 = CARTESIAN_POINT ( 'NONE',  ( 16.10000000000000142, 39.36802590758104259, -15.60065414939296957 ) ) ;
#1451 = ADVANCED_FACE ( 'NONE', ( #363 ), #1193, .T. ) ;
#1452 = B_SPLINE_CURVE_WITH_KNOTS ( 'NONE', 3,
 ( #918, #1287, #438, #776, #2178, #267 ),
 .UNSPECIFIED., .F., .F.,
 ( 4, 2, 4 ),
 ( 3.878959614448864246E-18, 0.002246450429528170940, 0.004492900859056337542 ),
 .UNSPECIFIED. ) ;
#1453 = DIRECTION ( 'NONE',  ( 2.039695435832141831E-13, -0.4947453516579449206, 0.8690379951491512545 ) ) ;
#1454 = CARTESIAN_POINT ( 'NONE',  ( 14.69917134743927534, 57.28483707065352348, -66.44670738507078056 ) ) ;
#1455 = CARTESIAN_POINT ( 'NONE',  ( 11.41691514921988571, 68.00000000000001421, -52.20000000000000995 ) ) ;
#1456 = CYLINDRICAL_SURFACE ( 'NONE', #439, 2.000000000000000000 ) ;
#1457 = CARTESIAN_POINT ( 'NONE',  ( -15.55602321461640081, 55.41503362914914277, -17.45009346291351449 ) ) ;
#1458 = AXIS2_PLACEMENT_3D ( 'NONE', #89, #1816, #1478 ) ;
#1459 = EDGE_CURVE ( 'NONE', #1425, #561, #6, .T. ) ;
#1460 = CARTESIAN_POINT ( 'NONE',  ( -16.10000000000000142, 66.00000000000014211, -12.95883793322944122 ) ) ;
#1461 = EDGE_CURVE ( 'NONE', #573, #1895, #1271, .T. ) ;
#1462 = VERTEX_POINT ( 'NONE', #1311 ) ;
#1463 = CARTESIAN_POINT ( 'NONE',  ( 14.78673187327821381, 66.10726408790317521, -17.93041003683789469 ) ) ;
#1464 = EDGE_CURVE ( 'NONE', #1403, #989, #2182, .T. ) ;
#1465 = CARTESIAN_POINT ( 'NONE',  ( 14.69829735986350627, 68.00000000000000000, -17.88027416717174134 ) ) ;
#1466 = CARTESIAN_POINT ( 'NONE',  ( 13.63738994433031948, 64.82896347943150772, -58.95036313434345487 ) ) ;
#1467 = CARTESIAN_POINT ( 'NONE',  ( -15.99287137530354030, 40.45854653209460139, -64.59478386729981025 ) ) ;
#1468 = CARTESIAN_POINT ( 'NONE',  ( 13.97081965002636395, 39.92879158255191641, -66.77005600003137431 ) ) ;
#1469 = CARTESIAN_POINT ( 'NONE',  ( 0.000000000000000000, 66.00000000000000000, 0.000000000000000000 ) ) ;
#1470 = CARTESIAN_POINT ( 'NONE',  ( 14.09999999999999964, 36.46919967663706075, -60.01697655618433203 ) ) ;
#1471 = CARTESIAN_POINT ( 'NONE',  ( 16.10000000000000142, 2.301395348837209198, 0.000000000000000000 ) ) ;
#1472 = VERTEX_POINT ( 'NONE', #810 ) ;
#1473 = CARTESIAN_POINT ( 'NONE',  ( 13.37378132929901575, 68.00000000000000000, -16.32725525086132734 ) ) ;
#1474 = CARTESIAN_POINT ( 'NONE',  ( -13.38899058876076609, 66.33304423243713188, -23.09189103561073964 ) ) ;
#1475 = CARTESIAN_POINT ( 'NONE',  ( -12.38039782025806268, 60.84923263323467069, -66.47132380901497584 ) ) ;
#1476 = CARTESIAN_POINT ( 'NONE',  ( 14.07084146815691739, 35.77054952091387463, -62.66823994272631637 ) ) ;
#1477 = CARTESIAN_POINT ( 'NONE',  ( -12.26385805967179898, 56.13987589945930523, -68.98136221845913951 ) ) ;
#1478 = DIRECTION ( 'NONE',  ( 0.000000000000000000, 1.000000000000000000, -1.734723475976805517E-15 ) ) ;
#1479 = DIRECTION ( 'NONE',  ( 0.000000000000000000, 0.000000000000000000, -1.000000000000000000 ) ) ;
#1480 = DIRECTION ( 'NONE',  ( 0.000000000000000000, 0.4947453516572355436, -0.8690379951495553756 ) ) ;
#1481 = VERTEX_POINT ( 'NONE', #453 ) ;
#1482 = CARTESIAN_POINT ( 'NONE',  ( -13.64012506356505838, 66.24717522214854171, -20.84445744451606330 ) ) ;
#1483 = CARTESIAN_POINT ( 'NONE',  ( -12.09059847253660891, 63.17780127524181921, -64.39638097167403430 ) ) ;
#1484 = CARTESIAN_POINT ( 'NONE',  ( -16.10000000000000142, 34.00000000000000000, -16.09999999999999787 ) ) ;
#1485 = ADVANCED_FACE ( 'NONE', ( #71 ), #501, .T. ) ;
#1486 = CARTESIAN_POINT ( 'NONE',  ( -14.54302375849580997, 58.57065479388755591, -67.93981917135099025 ) ) ;
#1487 = VERTEX_POINT ( 'NONE', #1097 ) ;
#1488 = CARTESIAN_POINT ( 'NONE',  ( 16.07835604083867764, 36.93181318953901382, -60.77652830713143572 ) ) ;
#1489 = CARTESIAN_POINT ( 'NONE',  ( -10.63931068488648002, -3.746163233517484148, 12.12952766932034976 ) ) ;
#1490 = EDGE_CURVE ( 'NONE', #1069, #1863, #1038, .T. ) ;
#1491 = CARTESIAN_POINT ( 'NONE',  ( -14.05825763346163804, 9.002197496708957303, -15.81268351137601513 ) ) ;
#1492 = DIRECTION ( 'NONE',  ( -0.4931836611929003578, 0.000000000000000000, -0.8699252130685527495 ) ) ;
#1493 = CARTESIAN_POINT ( 'NONE',  ( 3.655884215229199263, -7.207107864653452545, 12.65954404330466154 ) ) ;
#1494 = PRESENTATION_LAYER_ASSIGNMENT (  '', '', ( #913 ) ) ;
#1495 = ORIENTED_EDGE ( 'NONE', *, *, #1226, .F. ) ;
#1496 = CIRCLE ( 'NONE', #1055, 14.09999999999999964 ) ;
#1497 = CARTESIAN_POINT ( 'NONE',  ( -15.11168142398236469, 53.58410707961095198, -67.70015855437239338 ) ) ;
#1498 = CARTESIAN_POINT ( 'NONE',  ( 15.45407149256136847, 68.00000000000000000, -16.32919619572547631 ) ) ;
#1499 = CARTESIAN_POINT ( 'NONE',  ( -15.19599180521042392, 61.26572174068149934, -17.75808830693407714 ) ) ;
#1500 = CARTESIAN_POINT ( 'NONE',  ( -13.63347641570652868, 47.05509763496218056, -69.74675357712946777 ) ) ;
#1501 = ORIENTED_EDGE ( 'NONE', *, *, #1992, .T. ) ;
#1502 = CARTESIAN_POINT ( 'NONE',  ( 16.05355870671917273, 38.25544475790077570, -62.50079052963864967 ) ) ;
#1503 = CARTESIAN_POINT ( 'NONE',  ( -1.947033741658332096, 64.47692388967378463, -62.83463907462945031 ) ) ;
#1504 =( BOUNDED_SURFACE ( )  B_SPLINE_SURFACE ( 3, 2, ( 
 ( #1730, #1375, #648 ),
 ( #2252, #865, #832 ),
 ( #661, #522, #329 ),
 ( #1386, #1697, #511 ) ),
 .UNSPECIFIED., .F., .F., .F. ) 
 B_SPLINE_SURFACE_WITH_KNOTS ( ( 4, 4 ),
 ( 3, 3 ),
 ( -8.812873579390297280E-05, 0.02399677786660422626 ),
 ( 0.000000000000000000, 1.000000000000000000 ),
 .UNSPECIFIED. ) 
 GEOMETRIC_REPRESENTATION_ITEM ( )  RATIONAL_B_SPLINE_SURFACE ( (
 ( 1.000000000000000000, 1.000000000000000000, 1.000000000000000000),
 ( 1.000000000000000000, 0.9999751530454233928, 1.000000000000000000),
 ( 1.000000000000000000, 0.9938643435042781027, 1.000000000000000000),
 ( 1.000000000000000000, 0.9810068042275867928, 1.000000000000000000) ) ) 
 REPRESENTATION_ITEM ( '' )  SURFACE ( )  );
#1505 = CARTESIAN_POINT ( 'NONE',  ( -13.59999126281577375, 10.11972020562325802, -17.77565232196894840 ) ) ;
#1506 = CARTESIAN_POINT ( 'NONE',  ( 15.47498907851974437, 11.78849805910957826, -17.47867945910308762 ) ) ;
#1507 = EDGE_LOOP ( 'NONE', ( #1997, #138, #1240, #846, #1851 ) ) ;
#1508 = CARTESIAN_POINT ( 'NONE',  ( -14.97806627736894747, 54.84717657582701378, -67.37165378860883891 ) ) ;
#1509 = AXIS2_PLACEMENT_3D ( 'NONE', #1319, #461, #322 ) ;
#1510 = CARTESIAN_POINT ( 'NONE',  ( -11.48553447011120632, 67.53941014816714983, -56.26542930320721325 ) ) ;
#1511 = CARTESIAN_POINT ( 'NONE',  ( 16.10000000000000142, 66.00000000000000000, -12.95883793322946964 ) ) ;
#1512 = CARTESIAN_POINT ( 'NONE',  ( -13.81303002418639991, 43.78499967157046058, -68.81109042121863695 ) ) ;
#1513 = ORIENTED_EDGE ( 'NONE', *, *, #1391, .F. ) ;
#1514 = CARTESIAN_POINT ( 'NONE',  ( 14.01077985017962391, 67.99999999999998579, -14.34322640386679026 ) ) ;
#1515 = CARTESIAN_POINT ( 'NONE',  ( -7.149886965829730379, 62.74826809879699141, -64.84220858612563632 ) ) ;
#1516 = CARTESIAN_POINT ( 'NONE',  ( 11.60395209362008018, 66.73076785416330381, -58.87374773294993702 ) ) ;
#1517 = CARTESIAN_POINT ( 'NONE',  ( 13.04938549862189845, 66.00000000000000000, -16.94546232760799498 ) ) ;
#1518 = ORIENTED_EDGE ( 'NONE', *, *, #1155, .T. ) ;
#1519 = CARTESIAN_POINT ( 'NONE',  ( -14.55831097938714080, 58.43051405359978645, -65.86457211404696466 ) ) ;
#1520 = EDGE_CURVE ( 'NONE', #782, #1620, #1148, .T. ) ;
#1521 = CARTESIAN_POINT ( 'NONE',  ( -15.68477292223717789, 15.34022499782883209, -17.26232964639527978 ) ) ;
#1522 = CARTESIAN_POINT ( 'NONE',  ( -16.08593373282332095, 36.69842277719171619, -16.72795401728386366 ) ) ;
#1523 = CARTESIAN_POINT ( 'NONE',  ( -15.42904038107687903, 50.13525405551327907, -70.00743832354382334 ) ) ;
#1524 = VERTEX_POINT ( 'NONE', #1002 ) ;
#1525 = CARTESIAN_POINT ( 'NONE',  ( 14.01775233507431828, 66.19003501239241416, -19.56573620439099059 ) ) ;
#1526 = CARTESIAN_POINT ( 'NONE',  ( -8.218163028240040191, 62.01263854332182035, -65.51963543789494793 ) ) ;
#1527 = CARTESIAN_POINT ( 'NONE',  ( 13.10747498712648706, 67.99999999932067851, -53.16898495545897418 ) ) ;
#1528 = DIRECTION ( 'NONE',  ( -0.8699252130685527495, 0.000000000000000000, 0.4931836611929001357 ) ) ;
#1529 = ORIENTED_EDGE ( 'NONE', *, *, #1317, .F. ) ;
#1530 = CARTESIAN_POINT ( 'NONE',  ( -14.81796398732624453, 11.95983313817148641, -21.00787683584685084 ) ) ;
#1531 = CIRCLE ( 'NONE', #1826, 2.000000000000000000 ) ;
#1532 = CARTESIAN_POINT ( 'NONE',  ( -16.09999999999999787, 34.00000000000001421, -16.09999999999999787 ) ) ;
#1533 = CARTESIAN_POINT ( 'NONE',  ( -16.09999999999999787, 39.63066994044667979, -16.47168454930858061 ) ) ;
#1534 = B_SPLINE_CURVE_WITH_KNOTS ( 'NONE', 3,
 ( #1463, #937, #1299, #2135, #1975, #2157 ),
 .UNSPECIFIED., .F., .F.,
 ( 4, 2, 4 ),
 ( 0.001900026295399372253, 0.01799493075430803543, 0.03408983521321670013 ),
 .UNSPECIFIED. ) ;
#1535 = CARTESIAN_POINT ( 'NONE',  ( -12.22918765613684577, 49.45903769072765499, -69.98824930931536414 ) ) ;
#1536 = ORIENTED_EDGE ( 'NONE', *, *, #1961, .T. ) ;
#1537 = CARTESIAN_POINT ( 'NONE',  ( 14.09999999999999964, 0.5633193585380991131, -0.9894907033144708652 ) ) ;
#1538 = CARTESIAN_POINT ( 'NONE',  ( 0.000000000000000000, 68.00000000000000000, 0.000000000000000000 ) ) ;
#1539 = CARTESIAN_POINT ( 'NONE',  ( 13.47917560025892669, -5.090936679261494291, 8.942413284649806116 ) ) ;
#1540 = CARTESIAN_POINT ( 'NONE',  ( 3.363913039464976329, 64.20372341862100996, -63.18896913493959744 ) ) ;
#1541 = CARTESIAN_POINT ( 'NONE',  ( 13.02400239943294302, 11.95117614151526375, -20.99267051001454121 ) ) ;
#1542 = ORIENTED_EDGE ( 'NONE', *, *, #1113, .T. ) ;
#1543 = CARTESIAN_POINT ( 'NONE',  ( -15.80995741015229328, 44.61665335612535443, -66.94522300301456141 ) ) ;
#1544 = CARTESIAN_POINT ( 'NONE',  ( -15.99544627779129513, 26.65601876330696030, -17.18484506677153689 ) ) ;
#1545 = CARTESIAN_POINT ( 'NONE',  ( -14.08413564946904906, 34.73112368633794489, -61.00646725949880533 ) ) ;
#1546 = PRODUCT_DEFINITION ( 'UNKNOWN', '', #1643, #2234 ) ;
#1547 = CARTESIAN_POINT ( 'NONE',  ( -12.24237288406286339, 61.98071475624541904, -65.55246478333077675 ) ) ;
#1548 = DIRECTION ( 'NONE',  ( -1.000000000000000000, 0.000000000000000000, 0.000000000000000000 ) ) ;
#1549 = DIRECTION ( 'NONE',  ( -0.000000000000000000, -1.000000000000000000, -0.000000000000000000 ) ) ;
#1550 = DIRECTION ( 'NONE',  ( 1.000000000000000000, 0.000000000000000000, 0.000000000000000000 ) ) ;
#1551 = AXIS2_PLACEMENT_3D ( 'NONE', #1538, #1924, #1363 ) ;
#1552 = CARTESIAN_POINT ( 'NONE',  ( 12.50795933485379408, 50.67375858070914774, -70.00000000000001421 ) ) ;
#1553 = CARTESIAN_POINT ( 'NONE',  ( -16.09999999999989839, 66.00945690927461840, -13.39516158491932174 ) ) ;
#1554 = ADVANCED_FACE ( 'NONE', ( #1727, #2227 ), #129, .T. ) ;
#1555 = ORIENTED_EDGE ( 'NONE', *, *, #1392, .F. ) ;
#1556 = CARTESIAN_POINT ( 'NONE',  ( -14.09999999999999964, 8.429864273023133237, -14.80735962990173782 ) ) ;
#1557 = CARTESIAN_POINT ( 'NONE',  ( 14.15173797975119641, 61.58079819126267296, -19.79129852667639966 ) ) ;
#1558 = CARTESIAN_POINT ( 'NONE',  ( -13.76830038738836315, 64.00163436885610224, -60.43272025021712324 ) ) ;
#1559 = EDGE_CURVE ( 'NONE', #226, #585, #1572, .T. ) ;
#1560 = CARTESIAN_POINT ( 'NONE',  ( 13.63642714270630307, 67.99999999999998579, -15.68098434016508236 ) ) ;
#1561 = CARTESIAN_POINT ( 'NONE',  ( 15.99339347022667823, 40.46676750698568981, -64.62392125986328040 ) ) ;
#1562 = CARTESIAN_POINT ( 'NONE',  ( 14.10000000000000320, 0.5633193585380972257, -0.9894907033144737518 ) ) ;
#1563 = B_SPLINE_CURVE_WITH_KNOTS ( 'NONE', 3,
 ( #148, #1552, #2063, #1202, #2246, #1709, #1191, #525, #2235, #1905, #1180, #857, #1744, #1884, #1389, #321, #998, #1031, #1564, #868, #344, #844, #1873, #1735, #1540, #687, #1893, #1212, #2212, #1378 ),
 .UNSPECIFIED., .F., .F.,
 ( 4, 2, 2, 2, 2, 2, 2, 2, 2, 2, 2, 2, 2, 2, 4 ),
 ( 0.05926909350352791567, 0.06072080352616451848, 0.06217251354880112824, 0.06507593359407431999, 0.06652764361671092974, 0.06797935363934752562, 0.06943106366198413537, 0.07088277368462073125, 0.07233448370725734100, 0.07378619372989395075, 0.07668961377516717026, 0.07814132379780378002, 0.07959303382044040365, 0.08104474384307702728, 0.08249645386571363703 ),
 .UNSPECIFIED. ) ;
#1564 = CARTESIAN_POINT ( 'NONE',  ( 8.219173470102594692, 62.01193889892704192, -65.52027803764268299 ) ) ;
#1565 = FACE_OUTER_BOUND ( 'NONE', #2209, .T. ) ;
#1566 = B_SPLINE_CURVE_WITH_KNOTS ( 'NONE', 3,
 ( #194, #5, #2249, #518, #1599, #1381, #1059, #17 ),
 .UNSPECIFIED., .F., .F.,
 ( 4, 2, 2, 4 ),
 ( 3.469446951953614189E-18, 0.001616286142149298390, 0.003232572284298593310, 0.006465144568597172743 ),
 .UNSPECIFIED. ) ;
#1567 = ADVANCED_FACE ( 'NONE', ( #336 ), #2040, .F. ) ;
#1568 = ORIENTED_EDGE ( 'NONE', *, *, #2059, .F. ) ;
#1569 = DIRECTION ( 'NONE',  ( 0.000000000000000000, 0.000000000000000000, -1.000000000000000000 ) ) ;
#1570 = CARTESIAN_POINT ( 'NONE',  ( 13.06316394552793270, 12.32663800895378436, -21.65218277716554240 ) ) ;
#1571 = CARTESIAN_POINT ( 'NONE',  ( -13.88134811701691795, 63.26989543372980762, -61.51634318690005898 ) ) ;
#1572 = CIRCLE ( 'NONE', #36, 12.69999999999999929 ) ;
#1573 = CARTESIAN_POINT ( 'NONE',  ( 14.45501374242458326, 68.00000000000000000, -18.26847883894701852 ) ) ;
#1574 = PLANE ( 'NONE',  #459 ) ;
#1575 = CARTESIAN_POINT ( 'NONE',  ( -14.15311386595133847, 61.57139621476038371, -19.79034565594869832 ) ) ;
#1576 = CARTESIAN_POINT ( 'NONE',  ( 14.37729703998981456, 59.82930413910700906, -67.17982977769018760 ) ) ;
#1577 = CARTESIAN_POINT ( 'NONE',  ( -15.13972459639717805, 68.00000000000001421, -17.13318511380186493 ) ) ;
#1578 = ORIENTED_EDGE ( 'NONE', *, *, #281, .F. ) ;
#1579 = CARTESIAN_POINT ( 'NONE',  ( -15.65872843528159919, 66.06441091155981837, -15.93864974962473724 ) ) ;
#1580 =( BOUNDED_SURFACE ( )  B_SPLINE_SURFACE ( 3, 2, ( 
 ( #1030, #354, #1562 ),
 ( #876, #969, #854 ),
 ( #1307, #843, #275 ),
 ( #630, #2245, #1149 ),
 ( #288, #1743, #674 ),
 ( #980, #1539, #1840 ),
 ( #2006, #102, #1201 ),
 ( #1892, #686, #2232 ),
 ( #1364, #331, #1020 ),
 ( #449, #805, #1138 ),
 ( #1, #1720, #524 ),
 ( #696, #1904, #2083 ),
 ( #343, #1732, #1493 ),
 ( #1211, #1225, #1400 ),
 ( #1925, #889, #534 ),
 ( #365, #2093, #1053 ) ),
 .UNSPECIFIED., .F., .F., .F. ) 
 B_SPLINE_SURFACE_WITH_KNOTS ( ( 4, 2, 2, 2, 2, 2, 2, 4 ),
 ( 3, 3 ),
 ( 4.712388980384689674, 5.105088062083414258, 5.301437602932775661, 5.497787143782137953, 5.694136684631500245, 5.890486225480861648, 6.086835766330223940, 6.283185307179586232 ),
 ( 0.000000000000000000, 1.000000000000000000 ),
 .UNSPECIFIED. ) 
 GEOMETRIC_REPRESENTATION_ITEM ( )  RATIONAL_B_SPLINE_SURFACE ( (
 ( 1.000000000000000000, 0.7071067811865475727, 1.000000000000000000),
 ( 1.000000000000000000, 0.6842279894891615255, 1.000000000000000000),
 ( 1.000000000000000000, 0.6601535607438029363, 1.000000000000000000),
 ( 1.000000000000000000, 0.6249115936496248969, 1.000000000000000000),
 ( 1.000000000000000000, 0.6133139286095833365, 1.000000000000000000),
 ( 1.000000000000000000, 0.5909569791968162233, 1.000000000000000000),
 ( 1.000000000000000000, 0.5801985120987336320, 1.000000000000000000),
 ( 1.000000000000000000, 0.5601191689732090140, 1.000000000000000000),
 ( 1.000000000000000000, 0.5508001683003966864, 1.000000000000000000),
 ( 1.000000000000000000, 0.5342198999647682633, 1.000000000000000000),
 ( 1.000000000000000000, 0.5269617058404293397, 1.000000000000000000),
 ( 1.000000000000000000, 0.5150698635458167418, 1.000000000000000000),
 ( 1.000000000000000000, 0.5104398320000289591, 1.000000000000000000),
 ( 1.000000000000000000, 0.5042138444301731415, 1.000000000000000000),
 ( 1.000000000000000000, 0.5026159357366071223, 1.000000000000000000),
 ( 1.000000000000000000, 0.5026204573745305382, 1.000000000000000000) ) ) 
 REPRESENTATION_ITEM ( '' )  SURFACE ( )  );
#1581 = VERTEX_POINT ( 'NONE', #465 ) ;
#1582 = CARTESIAN_POINT ( 'NONE',  ( 16.10000000000000142, 34.00000000000000711, -55.67973856209148664 ) ) ;
#1583 = CARTESIAN_POINT ( 'NONE',  ( -13.49835008381801948, 65.71548159927174027, -60.93831784561224651 ) ) ;
#1584 = CARTESIAN_POINT ( 'NONE',  ( 0.000000000000000000, -7.463843432159581681, 13.11050929668552634 ) ) ;
#1585 = CARTESIAN_POINT ( 'NONE',  ( 1.555300499311904004E-15, 39.42345252245742415, -66.36707536735336532 ) ) ;
#1586 = CARTESIAN_POINT ( 'NONE',  ( 11.98232316345919379, 64.00218953606758987, -63.45073499526347405 ) ) ;
#1587 = CARTESIAN_POINT ( 'NONE',  ( -13.59999126281572757, 11.85779619592246092, -16.78616161865463141 ) ) ;
#1588 = ORIENTED_EDGE ( 'NONE', *, *, #1965, .F. ) ;
#1589 = FACE_OUTER_BOUND ( 'NONE', #917, .T. ) ;
#1590 = ORIENTED_EDGE ( 'NONE', *, *, #205, .F. ) ;
#1591 = CARTESIAN_POINT ( 'NONE',  ( 16.09999999999999787, 34.00000000000000711, -16.09999999999999787 ) ) ;
#1592 = ADVANCED_FACE ( 'NONE', ( #1358 ), #2221, .T. ) ;
#1593 = CARTESIAN_POINT ( 'NONE',  ( 14.69829735986344588, 68.00000000000001421, -17.88027416717174845 ) ) ;
#1594 = CARTESIAN_POINT ( 'NONE',  ( 16.10000000000000142, 10.16794026330392064, -13.81786892657430776 ) ) ;
#1595 = DIRECTION ( 'NONE',  ( -0.000000000000000000, -0.4947453516572354881, 0.8690379951495552646 ) ) ;
#1596 = CARTESIAN_POINT ( 'NONE',  ( 15.06155899843559531, 54.05899623749191107, -67.57814404226429872 ) ) ;
#1597 = FACE_OUTER_BOUND ( 'NONE', #1931, .T. ) ;
#1598 = ORIENTED_EDGE ( 'NONE', *, *, #1141, .T. ) ;
#1599 = CARTESIAN_POINT ( 'NONE',  ( -11.70042425101540040, 68.00000000000000000, -20.41557552765821981 ) ) ;
#1600 = ORIENTED_EDGE ( 'NONE', *, *, #70, .T. ) ;
#1601 = CARTESIAN_POINT ( 'NONE',  ( 15.59925303978192446, 19.60588247056242039, -19.41170617200173965 ) ) ;
#1602 = CARTESIAN_POINT ( 'NONE',  ( -16.10000000000000853, 9.825142300152293728, -15.77051418304792740 ) ) ;
#1603 = CARTESIAN_POINT ( 'NONE',  ( -12.11384606891318860, 68.00000000000000000, -18.87081627196113942 ) ) ;
#1604 = CARTESIAN_POINT ( 'NONE',  ( 14.55694207862951295, 58.43331487624522680, -65.84250817590145743 ) ) ;
#1605 = MECHANICAL_DESIGN_GEOMETRIC_PRESENTATION_REPRESENTATION (  '', ( #913 ), #622 ) ;
#1606 = CARTESIAN_POINT ( 'NONE',  ( -13.95624526610862581, 40.33180305415226741, -67.02207878532523466 ) ) ;
#1607 = AXIS2_PLACEMENT_3D ( 'NONE', #2142, #1480, #595 ) ;
#1608 = CARTESIAN_POINT ( 'NONE',  ( 12.51989642771907896, 59.65783971540697905, -67.28732376925503900 ) ) ;
#1609 = CARTESIAN_POINT ( 'NONE',  ( 14.88786915399343869, 12.28005257423980368, -21.57035378645062451 ) ) ;
#1610 = ORIENTED_EDGE ( 'NONE', *, *, #1733, .F. ) ;
#1611 = CARTESIAN_POINT ( 'NONE',  ( -14.07741324993930832, 68.00000000000001421, -13.65659634578823223 ) ) ;
#1612 = ORIENTED_EDGE ( 'NONE', *, *, #758, .F. ) ;
#1613 =( NAMED_UNIT ( * ) SI_UNIT ( $, .STERADIAN. ) SOLID_ANGLE_UNIT ( ) );
#1614 = CARTESIAN_POINT ( 'NONE',  ( 14.78673187327769156, 66.10726408790299047, -17.93041003683761048 ) ) ;
#1615 = CARTESIAN_POINT ( 'NONE',  ( -16.10000000000000142, 34.00000000000000711, -16.10000000000000142 ) ) ;
#1616 = CARTESIAN_POINT ( 'NONE',  ( 12.35780445776044800, 61.05159466132838020, -66.35814178444553590 ) ) ;
#1617 = CARTESIAN_POINT ( 'NONE',  ( 14.64678324272236054, 57.71429773465885660, -66.23467519813070226 ) ) ;
#1618 = CARTESIAN_POINT ( 'NONE',  ( -16.10000000000000142, 34.00000000000000711, -16.10000000000000142 ) ) ;
#1619 = ADVANCED_FACE ( 'NONE', ( #1347 ), #645, .F. ) ;
#1620 = VERTEX_POINT ( 'NONE', #1762 ) ;
#1621 = CARTESIAN_POINT ( 'NONE',  ( -13.91972286850540286, 68.00000000000002842, -14.69262589351204973 ) ) ;
#1622 = ORIENTED_EDGE ( 'NONE', *, *, #1928, .T. ) ;
#1623 = CARTESIAN_POINT ( 'NONE',  ( -14.33729899456939094, 66.14975599804557760, -18.71853586241792655 ) ) ;
#1624 = CARTESIAN_POINT ( 'NONE',  ( -16.10000000000000142, 34.00000000000002842, -16.09999999999999432 ) ) ;
#1625 = CARTESIAN_POINT ( 'NONE',  ( -13.41593770714623446, 50.19999999998707096, -70.00000000000000000 ) ) ;
#1626 = CARTESIAN_POINT ( 'NONE',  ( 13.40147651445149890, 66.25935411317389878, -53.94630638602199468 ) ) ;
#1627 = CARTESIAN_POINT ( 'NONE',  ( 13.32870573527291214, 51.36159013840496357, -69.99999999999933209 ) ) ;
#1628 = EDGE_CURVE ( 'NONE', #1487, #666, #2102, .T. ) ;
#1629 = EDGE_CURVE ( 'NONE', #2230, #736, #562, .T. ) ;
#1630 = CARTESIAN_POINT ( 'NONE',  ( 13.87389362797556025, 42.45733611254691908, -68.23530434424795033 ) ) ;
#1631 = CARTESIAN_POINT ( 'NONE',  ( 0.000000000000000000, 68.00000000000000000, -12.69999999999999929 ) ) ;
#1632 = CARTESIAN_POINT ( 'NONE',  ( -16.10000000000000142, 10.16794026332120815, -13.81786892657609656 ) ) ;
#1633 = CARTESIAN_POINT ( 'NONE',  ( 13.47336271891922799, 49.42285108769743829, -69.98731759576959632 ) ) ;
#1634 = EDGE_CURVE ( 'NONE', #1487, #893, #368, .T. ) ;
#1635 = ORIENTED_EDGE ( 'NONE', *, *, #1760, .T. ) ;
#1636 = B_SPLINE_CURVE_WITH_KNOTS ( 'NONE', 3,
 ( #307, #814, #1503, #124, #1698, #823, #833, #2197, #1515, #1526, #1167, #1338, #2035, #638, #1871, #1177, #1883, #320, #1708, #145, #1477, #2173, #615, #1742, #157, #842, #853, #543, #866, #21 ),
 .UNSPECIFIED., .F., .F.,
 ( 4, 2, 2, 2, 2, 2, 2, 2, 2, 2, 2, 2, 2, 2, 4 ),
 ( 0.000000000000000000, 0.002911834896234401227, 0.004367752344351598370, 0.005823669792468796381, 0.008735504688703177659, 0.01019142213682038695, 0.01164733958493759450, 0.01455917448117200093, 0.01601509192928921368, 0.01674305065334781573, 0.01747100937740642471, 0.01892692682552364267, 0.01965488554958225512, 0.02038284427364086757, 0.02329467916987533471 ),
 .UNSPECIFIED. ) ;
#1637 = CARTESIAN_POINT ( 'NONE',  ( -13.99487252593081088, 66.19014299330235929, -19.54570601250453876 ) ) ;
#1638 = CARTESIAN_POINT ( 'NONE',  ( 14.91861416440729116, 68.00000000000001421, -17.50740122489617434 ) ) ;
#1639 = CARTESIAN_POINT ( 'NONE',  ( 13.38899058876078740, 66.33304423243713188, -52.20000000000000995 ) ) ;
#1640 = CARTESIAN_POINT ( 'NONE',  ( -16.07055063189800492, 37.42586115546959036, -61.48983039853487043 ) ) ;
#1641 = CARTESIAN_POINT ( 'NONE',  ( 11.41691514921991768, 66.00000000000000000, -23.09189103561073253 ) ) ;
#1642 = CARTESIAN_POINT ( 'NONE',  ( -1.182064894488082940, -9.165767441865272147, 16.10000000000319886 ) ) ;
#1643 = PRODUCT_DEFINITION_FORMATION_WITH_SPECIFIED_SOURCE ( 'ANY', '', #944, .NOT_KNOWN. ) ;
#1644 = CARTESIAN_POINT ( 'NONE',  ( 14.09999999999999964, 66.00000000000000000, -12.95883793322946431 ) ) ;
#1645 = ORIENTED_EDGE ( 'NONE', *, *, #1392, .T. ) ;
#1646 = FACE_OUTER_BOUND ( 'NONE', #1758, .T. ) ;
#1647 = VERTEX_POINT ( 'NONE', #1582 ) ;
#1648 = CARTESIAN_POINT ( 'NONE',  ( 15.05237293715522462, 13.85723487348591654, -20.66269207384712914 ) ) ;
#1649 = CARTESIAN_POINT ( 'NONE',  ( 16.08117705086310067, 68.00000000000001421, -13.82729257858483685 ) ) ;
#1650 = CARTESIAN_POINT ( 'NONE',  ( -16.10000000000000142, 44.73624638088137573, -15.10156896952445038 ) ) ;
#1651 = CARTESIAN_POINT ( 'NONE',  ( -14.43418458649160030, 59.40998353064415483, -67.46451251728596787 ) ) ;
#1652 = CARTESIAN_POINT ( 'NONE',  ( 16.10421713501123619, 35.22738918129002883, -61.87673665789078825 ) ) ;
#1653 = CARTESIAN_POINT ( 'NONE',  ( -16.10000000000000142, 30.64123392886376607, -16.88162293717245177 ) ) ;
#1654 = CARTESIAN_POINT ( 'NONE',  ( 14.78673187327821381, 66.10726408790317521, -17.93041003683789469 ) ) ;
#1655 = ORIENTED_EDGE ( 'NONE', *, *, #583, .F. ) ;
#1656 = CARTESIAN_POINT ( 'NONE',  ( 14.07523656257931854, 35.51130286065870933, -62.37688002484981098 ) ) ;
#1657 = EDGE_CURVE ( 'NONE', #736, #2120, #1812, .T. ) ;
#1658 = ORIENTED_EDGE ( 'NONE', *, *, #1733, .T. ) ;
#1659 = CARTESIAN_POINT ( 'NONE',  ( 16.10000000000000142, 66.19178056422136081, -12.93783363522697805 ) ) ;
#1660 = CIRCLE ( 'NONE', #1365, 16.10000000000000142 ) ;
#1661 = CARTESIAN_POINT ( 'NONE',  ( -12.19525199622735023, 62.35801618295406712, -65.21374954580369376 ) ) ;
#1662 = DIRECTION ( 'NONE',  ( -0.000000000000000000, -0.000000000000000000, 1.000000000000000000 ) ) ;
#1663 = EDGE_CURVE ( 'NONE', #264, #2167, #1531, .T. ) ;
#1664 = CARTESIAN_POINT ( 'NONE',  ( -14.70388232509693971, 57.25816582681412825, -68.54927170905405376 ) ) ;
#1665 = CARTESIAN_POINT ( 'NONE',  ( 15.89409092996543649, 42.99020985949549356, -68.48222797832747233 ) ) ;
#1666 = CARTESIAN_POINT ( 'NONE',  ( 15.05237293715522462, 13.85723487348591654, -20.66269207384712914 ) ) ;
#1667 =( BOUNDED_CURVE ( )  B_SPLINE_CURVE ( 3, ( #772, #1251, #436, #1950 ),
 .UNSPECIFIED., .F., .F. ) 
 B_SPLINE_CURVE_WITH_KNOTS ( ( 4, 4 ),
 ( 4.699539365672070090, 4.816315522618090483 ),
 .UNSPECIFIED. ) 
 CURVE ( )  GEOMETRIC_REPRESENTATION_ITEM ( )  RATIONAL_B_SPLINE_CURVE ( ( 1.000000000000000000, 0.9988639335725149060, 0.9988639335725149060, 1.000000000000000000 ) ) 
 REPRESENTATION_ITEM ( '' )  );
#1668 = CARTESIAN_POINT ( 'NONE',  ( 1.555301434917138433E-15, 68.00000000000000000, 12.69999999999999929 ) ) ;
#1669 = CARTESIAN_POINT ( 'NONE',  ( -15.62844495697309988, 53.68421055558546584, -17.31693808484556385 ) ) ;
#1670 = ORIENTED_EDGE ( 'NONE', *, *, #1280, .T. ) ;
#1671 = CARTESIAN_POINT ( 'NONE',  ( -14.41581306475422508, 59.52104694743032098, -65.15281019848730182 ) ) ;
#1672 = CARTESIAN_POINT ( 'NONE',  ( 14.09999999999999964, 68.00000000000000000, -12.95883793322946431 ) ) ;
#1673 = DIRECTION ( 'NONE',  ( -0.000000000000000000, -0.000000000000000000, 1.000000000000000000 ) ) ;
#1674 = CARTESIAN_POINT ( 'NONE',  ( -12.94006435764565843, 55.70460031811531820, -69.13445217581205782 ) ) ;
#1675 = CARTESIAN_POINT ( 'NONE',  ( 13.85422884705609725, 42.90435617521143286, -68.44351242105034316 ) ) ;
#1676 = CARTESIAN_POINT ( 'NONE',  ( -15.94412557392155172, -1.825639923326397351, 3.206802152902316294 ) ) ;
#1677 = CARTESIAN_POINT ( 'NONE',  ( -15.92074889103932733, 9.087375947295392109, -15.96230252180372133 ) ) ;
#1678 = DIRECTION ( 'NONE',  ( 0.000000000000000000, 1.000000000000000000, 0.000000000000000000 ) ) ;
#1679 = CARTESIAN_POINT ( 'NONE',  ( -14.21592081672374519, 61.12097699489403624, -22.11119974886825190 ) ) ;
#1680 = AXIS2_PLACEMENT_3D ( 'NONE', #1707, #1199, #1188 ) ;
#1681 = EDGE_LOOP ( 'NONE', ( #1058, #1536, #841 ) ) ;
#1682 = CARTESIAN_POINT ( 'NONE',  ( -13.51050740484204660, 65.60540789610691093, -56.93566860374792782 ) ) ;
#1683 = DIRECTION ( 'NONE',  ( 0.000000000000000000, 0.4947453516572354881, -0.8690379951495552646 ) ) ;
#1684 = CARTESIAN_POINT ( 'NONE',  ( -14.09999999999999964, 8.429864273023133237, -14.80735962990173782 ) ) ;
#1685 = CARTESIAN_POINT ( 'NONE',  ( -15.74480188189319563, 45.76032110878684733, -69.44484206788679614 ) ) ;
#1686 = ORIENTED_EDGE ( 'NONE', *, *, #1628, .F. ) ;
#1687 = CARTESIAN_POINT ( 'NONE',  ( 14.78673187327821381, 66.10726408790317521, -17.93041003683789469 ) ) ;
#1688 = CARTESIAN_POINT ( 'NONE',  ( -16.10000000000000497, 0.5633193585380955604, -0.9894907033144701991 ) ) ;
#1689 = CARTESIAN_POINT ( 'NONE',  ( -14.08413564946907748, 36.46919967663705364, -60.01697655618433913 ) ) ;
#1690 = CARTESIAN_POINT ( 'NONE',  ( 16.10000000000000142, 34.00000000000000711, -16.10000000000000142 ) ) ;
#1691 = ADVANCED_FACE ( 'NONE', ( #1749 ), #735, .F. ) ;
#1692 = ORIENTED_EDGE ( 'NONE', *, *, #1226, .T. ) ;
#1693 = CARTESIAN_POINT ( 'NONE',  ( -16.08397053914262287, 36.49489819885704378, -60.01697655618433913 ) ) ;
#1694 = CARTESIAN_POINT ( 'NONE',  ( 15.68500333295409455, 11.52499880074717353, -16.88369655480676101 ) ) ;
#1695 = CARTESIAN_POINT ( 'NONE',  ( 15.47498907851971062, 11.78849805910949833, -17.47867945910315868 ) ) ;
#1696 = CARTESIAN_POINT ( 'NONE',  ( -12.42764174860264070, 60.45162619576402818, -66.75955472076724107 ) ) ;
#1697 = CARTESIAN_POINT ( 'NONE',  ( 16.09999999999998721, 9.825142300134707796, -15.77051418304765384 ) ) ;
#1698 = CARTESIAN_POINT ( 'NONE',  ( -3.805843448680602314, 64.09571195851778214, -63.32619815613905701 ) ) ;
#1699 = EDGE_CURVE ( 'NONE', #2120, #666, #1713, .T. ) ;
#1700 = CARTESIAN_POINT ( 'NONE',  ( 13.53463972349945443, 65.49708834335639551, -61.35304493200280262 ) ) ;
#1701 = FACE_OUTER_BOUND ( 'NONE', #594, .T. ) ;
#1702 = ORIENTED_EDGE ( 'NONE', *, *, #2205, .T. ) ;
#1703 = CARTESIAN_POINT ( 'NONE',  ( -13.06316394552794691, 12.32663800895379858, -21.65218277716556727 ) ) ;
#1704 = CARTESIAN_POINT ( 'NONE',  ( -15.97872892352084406, 45.28065652989308632, -16.84465178742537717 ) ) ;
#1705 = CARTESIAN_POINT ( 'NONE',  ( -11.90420118365136304, 64.58465648646756563, -62.69562713468128123 ) ) ;
#1706 = ORIENTED_EDGE ( 'NONE', *, *, #106, .T. ) ;
#1707 = CARTESIAN_POINT ( 'NONE',  ( 11.41691514921988571, 66.00000000000000000, -52.20000000000000995 ) ) ;
#1708 = CARTESIAN_POINT ( 'NONE',  ( -12.05506547173510334, 56.80117476041782254, -68.73238733947786727 ) ) ;
#1709 = CARTESIAN_POINT ( 'NONE',  ( 12.68624514426888794, 54.05675168993269608, -69.60505121340729318 ) ) ;
#1710 = CARTESIAN_POINT ( 'NONE',  ( -16.10000000000000142, 2.301395348837209642, 0.000000000000000000 ) ) ;
#1711 = ORIENTED_EDGE ( 'NONE', *, *, #1699, .T. ) ;
#1712 = CARTESIAN_POINT ( 'NONE',  ( -15.42839416622864412, 50.14144082715953488, -68.00425459502892522 ) ) ;
#1713 = CIRCLE ( 'NONE', #1419, 2.000000000000000444 ) ;
#1714 = VECTOR ( 'NONE', #1239, 1000.000000000000000 ) ;
#1715 = CARTESIAN_POINT ( 'NONE',  ( -15.29824396566126943, 16.00707476871598800, -20.21117194632492087 ) ) ;
#1716 = CARTESIAN_POINT ( 'NONE',  ( -16.13402965411157197, 27.36454633854192053, -48.06680933619963270 ) ) ;
#1717 = CARTESIAN_POINT ( 'NONE',  ( -12.10890316714773896, 63.04145305384638220, -64.56411368834363884 ) ) ;
#1718 = CARTESIAN_POINT ( 'NONE',  ( 13.87092644226731153, 66.20996556668271182, -19.99645557398749673 ) ) ;
#1719 = LINE ( 'NONE', #1041, #565 ) ;
#1720 = CARTESIAN_POINT ( 'NONE',  ( 7.836973842762128051, -8.045085169712210771, 14.13148130300626804 ) ) ;
#1721 = CARTESIAN_POINT ( 'NONE',  ( 13.40132329094712027, 66.26025604280806647, -53.93583724092425058 ) ) ;
#1722 = CARTESIAN_POINT ( 'NONE',  ( 15.83643849419073746, 21.37447425993904560, -33.73098331414534101 ) ) ;
#1723 = B_SPLINE_CURVE_WITH_KNOTS ( 'NONE', 3,
 ( #931, #430, #1522, #475, #624, #2044, #2170, #2021, #2193, #487, #1312, #1474 ),
 .UNSPECIFIED., .F., .F.,
 ( 4, 2, 2, 2, 2, 4 ),
 ( -8.813001957580213197E-05, 0.004064218516667254637, 0.008216567052910312557, 0.01652126412539640238, 0.02482596119788249220, 0.03313065827036858202 ),
 .UNSPECIFIED. ) ;
#1724 = EDGE_LOOP ( 'NONE', ( #1828, #1331, #1094, #1529 ) ) ;
#1725 = DIRECTION ( 'NONE',  ( 0.000000000000000000, -0.9848077530122081313, -0.1736481776669307475 ) ) ;
#1726 = EDGE_CURVE ( 'NONE', #539, #1275, #2049, .T. ) ;
#1727 = FACE_OUTER_BOUND ( 'NONE', #122, .T. ) ;
#1728 = CARTESIAN_POINT ( 'NONE',  ( -16.09999999999999787, 34.00000000000001421, -16.09999999999999787 ) ) ;
#1729 = CARTESIAN_POINT ( 'NONE',  ( -13.22006042861262287, 67.35851623910691899, -56.96081862168892940 ) ) ;
#1730 = CARTESIAN_POINT ( 'NONE',  ( 16.09999999999999787, 33.99999999999999289, -16.10000000000000142 ) ) ;
#1731 = CARTESIAN_POINT ( 'NONE',  ( -14.09999999999999964, 68.00000000000000000, 0.000000000000000000 ) ) ;
#1732 = CARTESIAN_POINT ( 'NONE',  ( 4.646987885519224371, -8.804944634526579605, 15.46620176816704806 ) ) ;
#1733 = EDGE_CURVE ( 'NONE', #1620, #666, #120, .T. ) ;
#1734 = AXIS2_PLACEMENT_3D ( 'NONE', #1402, #2084, #526 ) ;
#1735 = CARTESIAN_POINT ( 'NONE',  ( 3.817937295882199766, 64.09259483683877079, -63.33011226859185427 ) ) ;
#1736 = CARTESIAN_POINT ( 'NONE',  ( -178.0666666666656397, 34.00000000000000711, -76.09999999999999432 ) ) ;
#1737 = ORIENTED_EDGE ( 'NONE', *, *, #1865, .T. ) ;
#1738 = CARTESIAN_POINT ( 'NONE',  ( -15.98843167184530856, 66.03737836834275754, -14.68552480622624756 ) ) ;
#1739 = CARTESIAN_POINT ( 'NONE',  ( 16.10000000000000142, 55.34041126362117780, -14.07611447987320474 ) ) ;
#1740 = CARTESIAN_POINT ( 'NONE',  ( -7.462249083772134917, 42.16516044151154574, -68.09222944277144052 ) ) ;
#1741 = CARTESIAN_POINT ( 'NONE',  ( 16.09999999999999787, 26.59377134589730218, -16.59219636215753368 ) ) ;
#1742 = CARTESIAN_POINT ( 'NONE',  ( -12.62440957222637117, 54.30228851642944932, -69.52252483051799459 ) ) ;
#1743 = CARTESIAN_POINT ( 'NONE',  ( 14.53523158493855050, -4.038913513457854876, 7.094496776090831958 ) ) ;
#1744 = CARTESIAN_POINT ( 'NONE',  ( 10.88515627663293905, 59.19130365704156560, -67.56791182278841745 ) ) ;
#1745 = CARTESIAN_POINT ( 'NONE',  ( -13.04938549862216490, 66.00000000000004263, -16.94546232760751892 ) ) ;
#1746 = ORIENTED_EDGE ( 'NONE', *, *, #1391, .T. ) ;
#1747 = DIRECTION ( 'NONE',  ( 0.000000000000000000, -0.1736481776669307198, 0.9848077530122080203 ) ) ;
#1748 = ORIENTED_EDGE ( 'NONE', *, *, #1085, .F. ) ;
#1749 = FACE_OUTER_BOUND ( 'NONE', #1405, .T. ) ;
#1750 = CARTESIAN_POINT ( 'NONE',  ( -13.17941414606063155, 67.59164350013500666, -56.02205239573272877 ) ) ;
#1751 = CIRCLE ( 'NONE', #808, 2.000000000000000444 ) ;
#1752 = CARTESIAN_POINT ( 'NONE',  ( 11.96806766466501415, 68.00000000000000000, -19.41131557563992871 ) ) ;
#1753 = CARTESIAN_POINT ( 'NONE',  ( 14.08413564946906327, 34.73112368633794489, -61.00646725949880533 ) ) ;
#1754 = CARTESIAN_POINT ( 'NONE',  ( 0.000000000000000000, 57.66709988781454399, -23.55917072217150121 ) ) ;
#1755 = EDGE_CURVE ( 'NONE', #1647, #1472, #880, .T. ) ;
#1756 = CARTESIAN_POINT ( 'NONE',  ( 13.36004030122265007, 50.95424159226448069, -70.01028611824382608 ) ) ;
#1757 = CARTESIAN_POINT ( 'NONE',  ( -13.04938549862216846, 68.00000000000000000, -16.94546232760751536 ) ) ;
#1758 = EDGE_LOOP ( 'NONE', ( #185, #774, #1769, #450 ) ) ;
#1759 = DIRECTION ( 'NONE',  ( 1.000000000000000000, 0.000000000000000000, 0.000000000000000000 ) ) ;
#1760 = EDGE_CURVE ( 'NONE', #437, #25, #1452, .T. ) ;
#1761 = ORIENTED_EDGE ( 'NONE', *, *, #1353, .T. ) ;
#1762 = CARTESIAN_POINT ( 'NONE',  ( 15.47498907851992556, 11.78849805910944504, -17.47867945910257248 ) ) ;
#1763 = CARTESIAN_POINT ( 'NONE',  ( -13.47392913882617371, 49.41500251794327880, -69.98700615646390588 ) ) ;
#1764 = CARTESIAN_POINT ( 'NONE',  ( -16.10421713317920833, 35.22738957595719000, -61.87673734972280215 ) ) ;
#1765 = AXIS2_PLACEMENT_3D ( 'NONE', #1517, #1492, #1528 ) ;
#1766 = CARTESIAN_POINT ( 'NONE',  ( 14.75686480708113812, 56.82616454070193868, -68.75039645305278668 ) ) ;
#1767 = DIRECTION ( 'NONE',  ( 1.000000000000000000, 0.000000000000000000, 0.000000000000000000 ) ) ;
#1768 = AXIS2_PLACEMENT_3D ( 'NONE', #1745, #2095, #1213 ) ;
#1769 = ORIENTED_EDGE ( 'NONE', *, *, #1459, .F. ) ;
#1770 = CARTESIAN_POINT ( 'NONE',  ( -16.10000000000000142, 66.00000000000014211, -12.95883793322944122 ) ) ;
#1771 = ORIENTED_EDGE ( 'NONE', *, *, #1559, .T. ) ;
#1772 = CARTESIAN_POINT ( 'NONE',  ( 14.72308165050747775, 67.66204946699467371, -17.87360513272444607 ) ) ;
#1773 = CARTESIAN_POINT ( 'NONE',  ( -0.3780008648527189430, 39.42345252245741705, -66.36707536735335111 ) ) ;
#1774 = CARTESIAN_POINT ( 'NONE',  ( -14.10000000000000320, -4.138883736875940578, 7.270098067224885163 ) ) ;
#1775 = CARTESIAN_POINT ( 'NONE',  ( 14.83953166669657087, 56.10255826788906575, -66.97044385977363845 ) ) ;
#1776 = CARTESIAN_POINT ( 'NONE',  ( -14.00489084955943930, 38.76974179256769304, -65.85396751193655973 ) ) ;
#1777 = CARTESIAN_POINT ( 'NONE',  ( 13.56916668597669151, 48.03701475105789598, -69.87483561714790881 ) ) ;
#1778 = DIRECTION ( 'NONE',  ( -0.000000000000000000, -0.000000000000000000, -1.000000000000000000 ) ) ;
#1779 = CARTESIAN_POINT ( 'NONE',  ( 13.38899058876078740, 66.33304423243713188, -52.20000000000000995 ) ) ;
#1780 = CARTESIAN_POINT ( 'NONE',  ( 11.41691514921988571, 68.00000000000000000, 0.000000000000000000 ) ) ;
#1781 = ORIENTED_EDGE ( 'NONE', *, *, #205, .T. ) ;
#1782 = CARTESIAN_POINT ( 'NONE',  ( 15.13912850617263040, 62.10313066901764500, -17.70485407899163732 ) ) ;
#1783 =( NAMED_UNIT ( * ) PLANE_ANGLE_UNIT ( ) SI_UNIT ( $, .RADIAN. ) );
#1784 = CARTESIAN_POINT ( 'NONE',  ( -16.10000000000000142, 50.20000000000002416, -52.20000000000001705 ) ) ;
#1785 = CARTESIAN_POINT ( 'NONE',  ( 9.965074971950102167, 44.78746098902941952, -69.16768116170779024 ) ) ;
#1786 = AXIS2_PLACEMENT_3D ( 'NONE', #1641, #246, #769 ) ;
#1787 = EDGE_CURVE ( 'NONE', #1524, #782, #1440, .T. ) ;
#1788 = CARTESIAN_POINT ( 'NONE',  ( -16.01182167277684343, 39.98136217451023100, -66.78303252225212816 ) ) ;
#1789 = CARTESIAN_POINT ( 'NONE',  ( 14.92713845652319016, 55.32621309947907662, -67.24375621021306415 ) ) ;
#1790 = CARTESIAN_POINT ( 'NONE',  ( 0.000000000000000000, 68.00000000000000000, -12.69999999999999929 ) ) ;
#1791 = ORIENTED_EDGE ( 'NONE', *, *, #1657, .F. ) ;
#1792 = CARTESIAN_POINT ( 'NONE',  ( 11.41691514921991768, 68.00000000000000000, -23.09189103561073253 ) ) ;
#1793 = EDGE_LOOP ( 'NONE', ( #2110, #477, #884 ) ) ;
#1794 = FACE_OUTER_BOUND ( 'NONE', #746, .T. ) ;
#1795 = EDGE_CURVE ( 'NONE', #1102, #1487, #1534, .T. ) ;
#1796 = ADVANCED_FACE ( 'NONE', ( #1794 ), #1969, .T. ) ;
#1797 = DIRECTION ( 'NONE',  ( 0.000000000000000000, 0.000000000000000000, 1.000000000000000000 ) ) ;
#1798 = CARTESIAN_POINT ( 'NONE',  ( -13.29386169875000512, 68.00000000000000000, -21.22820675680608815 ) ) ;
#1799 = CARTESIAN_POINT ( 'NONE',  ( 11.14232650315700646, 46.67002043205985728, -69.65874360315120839 ) ) ;
#1800 =( BOUNDED_SURFACE ( )  B_SPLINE_SURFACE ( 3, 2, ( 
 ( #1422, #1228, #1411 ),
 ( #2107, #506, #1894 ),
 ( #1722, #160, #44 ),
 ( #923, #1609, #558 ) ),
 .UNSPECIFIED., .F., .F., .T. ) 
 B_SPLINE_SURFACE_WITH_KNOTS ( ( 4, 4 ),
 ( 3, 3 ),
 ( 4.699539365672070090, 4.816315522618085154 ),
 ( 0.000000000000000000, 1.000000000000000000 ),
 .UNSPECIFIED. ) 
 GEOMETRIC_REPRESENTATION_ITEM ( )  RATIONAL_B_SPLINE_SURFACE ( (
 ( 1.000000000000000000, 0.7031477454581711584, 1.000000000000000000),
 ( 1.000000000000000000, 0.7151740495720123603, 1.000000000000000000),
 ( 1.000000000000000000, 0.7269003795070081431, 1.000000000000000000),
 ( 1.000000000000000000, 0.7382931740663165598, 1.000000000000000000) ) ) 
 REPRESENTATION_ITEM ( '' )  SURFACE ( )  );
#1801 = CARTESIAN_POINT ( 'NONE',  ( 11.43440900156621609, 67.88384519490733737, -54.53977397317552089 ) ) ;
#1802 = CARTESIAN_POINT ( 'NONE',  ( 14.08827792271869228, 61.87937332977760008, -63.15642705362422049 ) ) ;
#1803 = DIRECTION ( 'NONE',  ( -0.000000000000000000, -1.000000000000000000, -0.000000000000000000 ) ) ;
#1804 = EDGE_CURVE ( 'NONE', #1917, #1104, #1106, .T. ) ;
#1805 = CYLINDRICAL_SURFACE ( 'NONE', #750, 16.10000000000000142 ) ;
#1806 = CARTESIAN_POINT ( 'NONE',  ( 14.06087591549239590, 36.45669170498157285, -63.62126483881294803 ) ) ;
#1807 = ORIENTED_EDGE ( 'NONE', *, *, #305, .T. ) ;
#1808 = CARTESIAN_POINT ( 'NONE',  ( -1.502730437267429942, 39.52142543643411443, -66.44115319075713444 ) ) ;
#1809 = DIRECTION ( 'NONE',  ( 0.000000000000000000, -0.8690379951491511434, -0.4947453516579454202 ) ) ;
#1810 = CARTESIAN_POINT ( 'NONE',  ( 15.53151889362514204, 48.85351847904339451, -67.93459196499459551 ) ) ;
#1811 = CARTESIAN_POINT ( 'NONE',  ( 11.55597976465204724, 67.06013552033319058, -57.93751918252370814 ) ) ;
#1812 =( BOUNDED_CURVE ( )  B_SPLINE_CURVE ( 3, ( #692, #702, #715, #1570 ),
 .UNSPECIFIED., .F., .F. ) 
 B_SPLINE_CURVE_WITH_KNOTS ( ( 4, 4 ),
 ( 4.699539365672070090, 4.816315522618075384 ),
 .UNSPECIFIED. ) 
 CURVE ( )  GEOMETRIC_REPRESENTATION_ITEM ( )  RATIONAL_B_SPLINE_CURVE ( ( 1.000000000000000000, 0.9988639335725151280, 0.9988639335725151280, 1.000000000000000000 ) ) 
 REPRESENTATION_ITEM ( '' )  );
#1813 = CARTESIAN_POINT ( 'NONE',  ( 15.92438662874820210, 42.26452087341397146, -65.81968631459173480 ) ) ;
#1814 = CARTESIAN_POINT ( 'NONE',  ( 0.000000000000000000, -5.725767441860471152, 16.09999999999999787 ) ) ;
#1815 =( BOUNDED_CURVE ( )  B_SPLINE_CURVE ( 3, ( #1710, #494, #2223, #665 ),
 .UNSPECIFIED., .F., .F. ) 
 B_SPLINE_CURVE_WITH_KNOTS ( ( 4, 4 ),
 ( 4.712388980384689674, 6.283185307179586232 ),
 .UNSPECIFIED. ) 
 CURVE ( )  GEOMETRIC_REPRESENTATION_ITEM ( )  RATIONAL_B_SPLINE_CURVE ( ( 1.000000000000000000, 0.8047378541243649375, 0.8047378541243649375, 1.000000000000000000 ) ) 
 REPRESENTATION_ITEM ( '' )  );
#1816 = DIRECTION ( 'NONE',  ( -2.929602169183993228E-16, -1.734723475976817941E-15, -1.000000000000000000 ) ) ;
#1817 = ORIENTED_EDGE ( 'NONE', *, *, #1663, .T. ) ;
#1818 = CARTESIAN_POINT ( 'NONE',  ( -13.65416219632971995, 67.99999999999997158, -15.69698455654259028 ) ) ;
#1819 = ORIENTED_EDGE ( 'NONE', *, *, #1151, .F. ) ;
#1820 = CARTESIAN_POINT ( 'NONE',  ( 15.29475299134577959, 12.12475477857319639, -18.00031834378208728 ) ) ;
#1821 = CARTESIAN_POINT ( 'NONE',  ( -12.41576047296698704, 60.55349982275896537, -66.69086316013628846 ) ) ;
#1822 = CARTESIAN_POINT ( 'NONE',  ( -15.98811610456189136, 44.89633800772091377, -16.82453398868556604 ) ) ;
#1823 = CARTESIAN_POINT ( 'NONE',  ( -13.71579960491881423, 45.64044120944415539, -69.41293602587880684 ) ) ;
#1824 = CARTESIAN_POINT ( 'NONE',  ( 15.77457049862731431, 45.29177341099866538, -69.33842646250714381 ) ) ;
#1825 = DIRECTION ( 'NONE',  ( -0.000000000000000000, -1.000000000000000000, -0.000000000000000000 ) ) ;
#1826 = AXIS2_PLACEMENT_3D ( 'NONE', #361, #1083, #1049 ) ;
#1827 = FACE_OUTER_BOUND ( 'NONE', #161, .T. ) ;
#1828 = ORIENTED_EDGE ( 'NONE', *, *, #1175, .T. ) ;
#1829 = CARTESIAN_POINT ( 'NONE',  ( 13.44508732283589225, 49.81184064285425706, -70.00000000000029843 ) ) ;
#1830 = ORIENTED_EDGE ( 'NONE', *, *, #848, .T. ) ;
#1831 = CARTESIAN_POINT ( 'NONE',  ( 14.73371887717342865, 66.74168069501986622, -17.95346003639432908 ) ) ;
#1832 = EDGE_CURVE ( 'NONE', #1104, #1917, #1339, .T. ) ;
#1833 = CARTESIAN_POINT ( 'NONE',  ( -12.58505860285873190, 59.09748820609502928, -67.66075672291158583 ) ) ;
#1834 = CARTESIAN_POINT ( 'NONE',  ( -16.09999999999999787, 60.83359669179115770, -13.52529061129816057 ) ) ;
#1835 = CARTESIAN_POINT ( 'NONE',  ( -15.31312686521999211, 51.46819566093655851, -67.96832005854415115 ) ) ;
#1836 = CARTESIAN_POINT ( 'NONE',  ( 16.08397053914264774, 36.49489819885703668, -60.01697655618433203 ) ) ;
#1837 = CARTESIAN_POINT ( 'NONE',  ( -10.62275404580149640, -4.741244545088811435, 8.328166480343895728 ) ) ;
#1838 = CARTESIAN_POINT ( 'NONE',  ( -16.10000000000000142, 50.20000000000002416, -70.00000000000000000 ) ) ;
#1839 = CARTESIAN_POINT ( 'NONE',  ( 14.89380643377768898, 10.99416582197438785, -19.31164748140789200 ) ) ;
#1840 = CARTESIAN_POINT ( 'NONE',  ( 11.21101752104998894, -4.333168001312839301, 7.611365361783164474 ) ) ;
#1841 = ORIENTED_EDGE ( 'NONE', *, *, #1787, .F. ) ;
#1842 = DIRECTION ( 'NONE',  ( 0.000000000000000000, 0.4947453516572354881, -0.8690379951495552646 ) ) ;
#1843 = CIRCLE ( 'NONE', #753, 2.000000000000000000 ) ;
#1844 = CARTESIAN_POINT ( 'NONE',  ( 15.98847481273854854, 66.03737215358393087, -14.68523725417116665 ) ) ;
#1845 = CARTESIAN_POINT ( 'NONE',  ( 14.05825763346099144, 9.002197496709575475, -15.81268351137710404 ) ) ;
#1846 = CARTESIAN_POINT ( 'NONE',  ( -15.46303399877368356, 49.72075077323316350, -67.99294915913802129 ) ) ;
#1847 = ORIENTED_EDGE ( 'NONE', *, *, #575, .T. ) ;
#1848 = CARTESIAN_POINT ( 'NONE',  ( 15.90788361807720896, 42.64412026958822111, -66.03416761548255920 ) ) ;
#1849 = CARTESIAN_POINT ( 'NONE',  ( -13.47917560026003692, -5.090936679259036701, 8.942413284647647842 ) ) ;
#1850 = CARTESIAN_POINT ( 'NONE',  ( -15.48257882695043897, 56.49523238512554713, -17.46082963076792893 ) ) ;
#1851 = ORIENTED_EDGE ( 'NONE', *, *, #1859, .F. ) ;
#1852 = CARTESIAN_POINT ( 'NONE',  ( -13.58093381704066260, 65.17652369206280127, -58.16776805925573512 ) ) ;
#1853 = CARTESIAN_POINT ( 'NONE',  ( -11.55706716927614153, 67.05268476002973443, -57.95937045246919439 ) ) ;
#1854 = CARTESIAN_POINT ( 'NONE',  ( -16.10000000000000142, 34.00000000000000000, -16.09999999999999787 ) ) ;
#1855 = CARTESIAN_POINT ( 'NONE',  ( -15.46975923465736713, 49.63948417316401418, -69.99874095290556397 ) ) ;
#1856 = ORIENTED_EDGE ( 'NONE', *, *, #38, .T. ) ;
#1857 = CARTESIAN_POINT ( 'NONE',  ( 14.56207417067823329, 66.12850448967148509, -18.32436994881181747 ) ) ;
#1858 = CARTESIAN_POINT ( 'NONE',  ( -10.60226114878050474, -6.949299199104966185, 12.20669385464127110 ) ) ;
#1859 = EDGE_CURVE ( 'NONE', #299, #2066, #1011, .T. ) ;
#1860 = CARTESIAN_POINT ( 'NONE',  ( -11.41691514921988571, 68.00000000000000000, -23.38966514247696438 ) ) ;
#1861 = CARTESIAN_POINT ( 'NONE',  ( 15.17257246202443177, 12.46391939936637883, -18.52414441742311269 ) ) ;
#1862 = AXIS2_PLACEMENT_3D ( 'NONE', #1689, #1305, #249 ) ;
#1863 = VERTEX_POINT ( 'NONE', #655 ) ;
#1864 = CARTESIAN_POINT ( 'NONE',  ( -13.77189009570495415, 63.97868720577412915, -60.46990125349293521 ) ) ;
#1865 = EDGE_CURVE ( 'NONE', #2120, #1462, #723, .T. ) ;
#1866 = CARTESIAN_POINT ( 'NONE',  ( -16.09999999999442011, 30.26795350369833670, -16.34525290122042662 ) ) ;
#1867 = CARTESIAN_POINT ( 'NONE',  ( 15.41023822056211756, 10.04194383666822965, -17.63903533401514423 ) ) ;
#1868 = ADVANCED_FACE ( 'NONE', ( #2067 ), #962, .T. ) ;
#1869 = CARTESIAN_POINT ( 'NONE',  ( -15.30102370299588266, 51.60351622316586884, -69.95217756645647000 ) ) ;
#1870 = CARTESIAN_POINT ( 'NONE',  ( 13.74707733361849726, 67.99999999999998579, -15.34800651441249819 ) ) ;
#1871 = CARTESIAN_POINT ( 'NONE',  ( -10.90036002939327808, 59.21678827338254081, -67.57197771412339193 ) ) ;
#1872 = EDGE_CURVE ( 'NONE', #1139, #1984, #712, .T. ) ;
#1873 = CARTESIAN_POINT ( 'NONE',  ( 4.707366322504356937, 63.82770974120990815, -63.65290869697953724 ) ) ;
#1874 = CARTESIAN_POINT ( 'NONE',  ( 16.10000000000000142, 18.10752949239304144, -14.62375160658707607 ) ) ;
#1875 = ORIENTED_EDGE ( 'NONE', *, *, #416, .F. ) ;
#1876 = CARTESIAN_POINT ( 'NONE',  ( -14.09332959944081765, 61.85037713306599017, -63.21124897504137863 ) ) ;
#1877 = VECTOR ( 'NONE', #1778, 1000.000000000000000 ) ;
#1878 = CARTESIAN_POINT ( 'NONE',  ( 0.000000000000000000, 68.00000000000000000, 0.000000000000000000 ) ) ;
#1879 = CARTESIAN_POINT ( 'NONE',  ( -14.05825763331254130, 9.002197496698817858, -15.81268351135820360 ) ) ;
#1880 = CARTESIAN_POINT ( 'NONE',  ( -13.57887727073237372, 65.18913600062104763, -58.13642912208372593 ) ) ;
#1881 = ORIENTED_EDGE ( 'NONE', *, *, #1208, .T. ) ;
#1882 = CARTESIAN_POINT ( 'NONE',  ( 13.37378132920972185, 68.00000000000002842, -16.32725525082111062 ) ) ;
#1883 = CARTESIAN_POINT ( 'NONE',  ( -11.72413996642703360, 57.65385985720323703, -68.37072762667274617 ) ) ;
#1884 = CARTESIAN_POINT ( 'NONE',  ( 10.37509047243078797, 59.90583228585980180, -67.12692449518283411 ) ) ;
#1885 = ORIENTED_EDGE ( 'NONE', *, *, #1859, .T. ) ;
#1886 = CARTESIAN_POINT ( 'NONE',  ( 0.000000000000000000, 7.230139534883731400, -12.69999999999999929 ) ) ;
#1887 = CARTESIAN_POINT ( 'NONE',  ( 16.09999999999048015, 30.33354667228164203, -16.64160837390646464 ) ) ;
#1888 = CARTESIAN_POINT ( 'NONE',  ( -14.09999999999934239, 8.717542490247176090, -15.31267675982958920 ) ) ;
#1889 = CARTESIAN_POINT ( 'NONE',  ( -13.62221373096147481, 64.95532536566398107, -62.16884589175107578 ) ) ;
#1890 = CARTESIAN_POINT ( 'NONE',  ( 14.09999999999999964, 8.429864273023126131, -14.80735962990172361 ) ) ;
#1891 = CARTESIAN_POINT ( 'NONE',  ( -13.74014805095541547, 45.19737972679524773, -69.28698507532241990 ) ) ;
#1892 = CARTESIAN_POINT ( 'NONE',  ( 10.63931068488813025, -3.746163233516450308, 12.12952766931870485 ) ) ;
#1893 = CARTESIAN_POINT ( 'NONE',  ( 1.960505370205318121, 64.45262189666921415, -62.86343754487058533 ) ) ;
#1894 = CARTESIAN_POINT ( 'NONE',  ( 14.18025037141301858, 27.25156624070029210, -47.86835573325620885 ) ) ;
#1895 = VERTEX_POINT ( 'NONE', #1556 ) ;
#1896 = CARTESIAN_POINT ( 'NONE',  ( -13.59999126281572579, 10.11972020562333796, -17.77565232196909051 ) ) ;
#1897 =( BOUNDED_SURFACE ( )  B_SPLINE_SURFACE ( 3, 2, ( 
 ( #731, #223, #941 ),
 ( #1420, #1764, #1099 ),
 ( #1640, #1088, #232 ),
 ( #74, #1246, #2161 ),
 ( #421, #932, #1946 ),
 ( #910, #42, #1776 ),
 ( #1467, #387, #376 ),
 ( #1111, #1788, #1065 ),
 ( #1075, #2125, #1606 ),
 ( #568, #63, #1258 ),
 ( #768, #97, #2181 ),
 ( #110, #443, #1512 ),
 ( #985, #2194, #811 ),
 ( #1143, #2218, #131 ),
 ( #467, #1685, #1823 ),
 ( #121, #1156, #1500 ),
 ( #476, #2000, #831 ),
 ( #1846, #1855, #455 ),
 ( #635, #1523, #259 ),
 ( #1165, #1326, #1291 ),
 ( #1835, #1869, #799 ),
 ( #303, #965, #790 ),
 ( #1335, #647, #821 ),
 ( #1133, #2011, #993 ),
 ( #954, #270, #1674 ),
 ( #1302, #625, #1989 ),
 ( #431, #1664, #2208 ),
 ( #974, #1486, #282 ),
 ( #1313, #1651, #2022 ),
 ( #293, #2032, #1696 ),
 ( #1122, #83, #1475 ),
 ( #2171, #613, #510 ),
 ( #1187, #1027, #1547 ),
 ( #339, #351, #1717 ),
 ( #1397, #9, #2089 ),
 ( #1571, #500, #1705 ),
 ( #531, #1889, #317 ),
 ( #1558, #1173, #362 ),
 ( #166, #1583, #670 ),
 ( #2070, #176, #142 ),
 ( #1880, #1221, #873 ),
 ( #327, #1349, #1050 ),
 ( #658, #1729, #703 ),
 ( #1922, #1750, #1004 ),
 ( #186, #2045, #1361 ),
 ( #2080, #886, #2229 ),
 ( #2058, #1017, #864 ),
 ( #488, #155, #1039 ) ),
 .UNSPECIFIED., .F., .F., .F. ) 
 B_SPLINE_SURFACE_WITH_KNOTS ( ( 4, 2, 2, 2, 2, 2, 2, 2, 2, 2, 2, 2, 2, 2, 2, 2, 2, 2, 2, 2, 2, 2, 2, 4 ),
 ( 3, 3 ),
 ( 0.000000000000000000, 0.002585004079831517386, 0.005170008159663034772, 0.006462510199578793899, 0.007755012239494552158, 0.01034001631932606954, 0.01163251835924182867, 0.01292502039915758780, 0.01551002447898910432, 0.01680252651890486171, 0.01809502855882062083, 0.02068003263865213909, 0.02197253467856789821, 0.02326503671848365734, 0.02585004079831517559, 0.02714254283823093472, 0.02843504487814669385, 0.03102004895797820863, 0.03231255099789396429, 0.03360505303780972342, 0.03619005711764124167, 0.03748255915755700080, 0.03877506119747275992, 0.04136006527730427818 ),
 ( 0.000000000000000000, 1.000000000000000000 ),
 .UNSPECIFIED. ) 
 GEOMETRIC_REPRESENTATION_ITEM ( )  RATIONAL_B_SPLINE_SURFACE ( (
 ( 1.000000000000000000, 0.7031477454581702702, 1.000000000000000000),
 ( 1.000000000000000000, 0.7025776322530324913, 1.000000000000000000),
 ( 1.000000000000000000, 0.7019968283729163261, 1.000000000000000000),
 ( 1.000000000000000000, 0.7009344731175337628, 1.000000000000000000),
 ( 1.000000000000000000, 0.7004522176286828161, 1.000000000000000000),
 ( 1.000000000000000000, 0.6999051955481648823, 1.000000000000000000),
 ( 1.000000000000000000, 0.6997543415840175030, 1.000000000000000000),
 ( 1.000000000000000000, 0.6995322930739018563, 1.000000000000000000),
 ( 1.000000000000000000, 0.6994606391697735237, 1.000000000000000000),
 ( 1.000000000000000000, 0.6993847267953693381, 1.000000000000000000),
 ( 1.000000000000000000, 0.6995190077897404102, 1.000000000000000000),
 ( 1.000000000000000000, 0.7000871997153818027, 1.000000000000000000),
 ( 1.000000000000000000, 0.7003375882547179243, 1.000000000000000000),
 ( 1.000000000000000000, 0.7009614531912747859, 1.000000000000000000),
 ( 1.000000000000000000, 0.7013356066879273820, 1.000000000000000000),
 ( 1.000000000000000000, 0.7026531378919167459, 1.000000000000000000),
 ( 1.000000000000000000, 0.7037915039842600473, 1.000000000000000000),
 ( 1.000000000000000000, 0.7059226623715864068, 1.000000000000000000),
 ( 1.000000000000000000, 0.7067036486802553696, 1.000000000000000000),
 ( 1.000000000000000000, 0.7083775810392878292, 1.000000000000000000),
 ( 1.000000000000000000, 0.7092736640566035256, 1.000000000000000000),
 ( 1.000000000000000000, 0.7121313647908285027, 1.000000000000000000),
 ( 1.000000000000000000, 0.7142625794978352261, 1.000000000000000000),
 ( 1.000000000000000000, 0.7177651058271162787, 1.000000000000000000),
 ( 1.000000000000000000, 0.7189860244572682246, 1.000000000000000000),
 ( 1.000000000000000000, 0.7214759101449931267, 1.000000000000000000),
 ( 1.000000000000000000, 0.7227499276199076395, 1.000000000000000000),
 ( 1.000000000000000000, 0.7266402770794724297, 1.000000000000000000),
 ( 1.000000000000000000, 0.7293251868554745387, 1.000000000000000000),
 ( 1.000000000000000000, 0.7334118518386741892, 1.000000000000000000),
 ( 1.000000000000000000, 0.7347891581790316762, 1.000000000000000000),
 ( 1.000000000000000000, 0.7375029987743589865, 1.000000000000000000),
 ( 1.000000000000000000, 0.7388437179801229382, 1.000000000000000000),
 ( 1.000000000000000000, 0.7427968937696024510, 1.000000000000000000),
 ( 1.000000000000000000, 0.7453408669286981647, 1.000000000000000000),
 ( 1.000000000000000000, 0.7489332437980733559, 1.000000000000000000),
 ( 1.000000000000000000, 0.7500984402798084316, 1.000000000000000000),
 ( 1.000000000000000000, 0.7523077723616312662, 1.000000000000000000),
 ( 1.000000000000000000, 0.7533519945032530751, 1.000000000000000000),
 ( 1.000000000000000000, 0.7562902031010747539, 1.000000000000000000),
 ( 1.000000000000000000, 0.7579904560986898687, 1.000000000000000000),
 ( 1.000000000000000000, 0.7600905551382585168, 1.000000000000000000),
 ( 1.000000000000000000, 0.7607171325146228069, 1.000000000000000000),
 ( 1.000000000000000000, 0.7617985162720944947, 1.000000000000000000),
 ( 1.000000000000000000, 0.7622512554995088951, 1.000000000000000000),
 ( 1.000000000000000000, 0.7633426286897636581, 1.000000000000000000),
 ( 1.000000000000000000, 0.7637148587623273643, 1.000000000000000000),
 ( 1.000000000000000000, 0.7637152991195600427, 1.000000000000000000) ) ) 
 REPRESENTATION_ITEM ( '' )  SURFACE ( )  );
#1898 = VECTOR ( 'NONE', #1943, 1000.000000000000000 ) ;
#1899 = ADVANCED_FACE ( 'NONE', ( #2077 ), #882, .T. ) ;
#1900 = CARTESIAN_POINT ( 'NONE',  ( -11.58583881963324203, 66.85515553319221738, -58.50736458247185112 ) ) ;
#1901 = CARTESIAN_POINT ( 'NONE',  ( -11.12693543522415318, 46.67082484190559200, -69.64997884292326091 ) ) ;
#1902 = PLANE ( 'NONE',  #2004 ) ;
#1903 = FACE_OUTER_BOUND ( 'NONE', #1939, .T. ) ;
#1904 = CARTESIAN_POINT ( 'NONE',  ( 5.750358847417035513, -8.593401109655214754, 15.09461796222246655 ) ) ;
#1905 = CARTESIAN_POINT ( 'NONE',  ( 11.73446401416709151, 57.63045416508719399, -68.38145527183156958 ) ) ;
#1906 = CARTESIAN_POINT ( 'NONE',  ( -14.07741325004986876, 68.00000000000000000, -13.65659634579842674 ) ) ;
#1907 = ORIENTED_EDGE ( 'NONE', *, *, #209, .T. ) ;
#1908 = DIRECTION ( 'NONE',  ( 0.000000000000000000, -0.8690379951495550426, -0.4947453516572357657 ) ) ;
#1909 = CARTESIAN_POINT ( 'NONE',  ( 15.85936175349789146, 45.11248246462307776, -17.74318261727750823 ) ) ;
#1910 = CARTESIAN_POINT ( 'NONE',  ( -8.533184656057208883, 43.12616420547160345, -68.54265738931069052 ) ) ;
#1911 = VECTOR ( 'NONE', #2005, 1000.000000000000000 ) ;
#1912 = CARTESIAN_POINT ( 'NONE',  ( 12.13833730945649947, 68.00000000000000000, -18.90236058936861951 ) ) ;
#1913 = CARTESIAN_POINT ( 'NONE',  ( -13.86724645012435175, 42.62619975489646151, -68.32749268436090517 ) ) ;
#1914 = CARTESIAN_POINT ( 'NONE',  ( -14.85912882758074005, 56.09054314931793783, -19.17561934321565786 ) ) ;
#1915 = CARTESIAN_POINT ( 'NONE',  ( 11.51148463750841877, 67.36481464377808948, -57.01397267296299276 ) ) ;
#1916 = CARTESIAN_POINT ( 'NONE',  ( -14.09999999952323435, 68.00000000000000000, -13.30872458459934293 ) ) ;
#1917 = VERTEX_POINT ( 'NONE', #691 ) ;
#1918 = CARTESIAN_POINT ( 'NONE',  ( 0.000000000000000000, 64.56956952125935345, -62.70502126479024696 ) ) ;
#1919 = ORIENTED_EDGE ( 'NONE', *, *, #1141, .F. ) ;
#1920 = CARTESIAN_POINT ( 'NONE',  ( 16.10000000000000142, 34.00000000000000711, -16.10000000000000142 ) ) ;
#1921 = EDGE_CURVE ( 'NONE', #1356, #782, #916, .T. ) ;
#1922 = CARTESIAN_POINT ( 'NONE',  ( -13.45249063435527148, 65.95494925337516179, -55.64597030685847301 ) ) ;
#1923 = CARTESIAN_POINT ( 'NONE',  ( 14.09999999999999964, 0.5633193585380991131, -0.9894907033144708652 ) ) ;
#1924 = DIRECTION ( 'NONE',  ( -0.000000000000000000, -1.000000000000000000, -0.000000000000000000 ) ) ;
#1925 = CARTESIAN_POINT ( 'NONE',  ( 1.053754488690645807, -5.725767441862072538, 16.10000000000000142 ) ) ;
#1926 = CARTESIAN_POINT ( 'NONE',  ( 14.13231929363518802, 61.57438267076589966, -63.46178444755965131 ) ) ;
#1927 = CARTESIAN_POINT ( 'NONE',  ( 14.78673187327821381, 66.10726408790317521, -17.93041003683789469 ) ) ;
#1928 = EDGE_CURVE ( 'NONE', #2195, #372, #1566, .T. ) ;
#1929 = ORIENTED_EDGE ( 'NONE', *, *, #177, .T. ) ;
#1930 = DIRECTION ( 'NONE',  ( 0.000000000000000000, -0.9848077530122080203, -0.1736481776669307198 ) ) ;
#1931 = EDGE_LOOP ( 'NONE', ( #527, #1542, #1600, #2041, #1336 ) ) ;
#1932 = AXIS2_PLACEMENT_3D ( 'NONE', #589, #1453, #1809 ) ;
#1933 = CARTESIAN_POINT ( 'NONE',  ( 16.09999999999999787, 34.00000000000000711, -16.09999999999999787 ) ) ;
#1934 = CARTESIAN_POINT ( 'NONE',  ( -0.7541242666077294654, 39.44321547831075492, -66.38217140166464958 ) ) ;
#1935 = CARTESIAN_POINT ( 'NONE',  ( -8.259588770539361136, -7.463843432159581681, 13.11050929668552634 ) ) ;
#1936 = CARTESIAN_POINT ( 'NONE',  ( -13.81626903625030067, 43.71505315969817218, -68.78131726032860627 ) ) ;
#1937 = CARTESIAN_POINT ( 'NONE',  ( 14.50345129084207940, 58.85113848778271972, -65.59211885125645836 ) ) ;
#1938 = CARTESIAN_POINT ( 'NONE',  ( -15.95935103379048137, 66.03749957909872137, -14.69160081570683296 ) ) ;
#1939 = EDGE_LOOP ( 'NONE', ( #1929, #626, #1907, #260, #1501 ) ) ;
#1940 = CARTESIAN_POINT ( 'NONE',  ( -16.10000000000000142, 34.00000000000000711, -16.10000000000000142 ) ) ;
#1941 = EDGE_LOOP ( 'NONE', ( #1692, #537, #1875, #1170 ) ) ;
#1942 = CARTESIAN_POINT ( 'NONE',  ( 15.97850337402983634, 45.28980864233331971, -16.84523834171411849 ) ) ;
#1943 = DIRECTION ( 'NONE',  ( 0.000000000000000000, -0.000000000000000000, 1.000000000000000000 ) ) ;
#1944 = CARTESIAN_POINT ( 'NONE',  ( 13.04938549862188957, 68.00000000000000000, -16.94546232760799143 ) ) ;
#1945 = CARTESIAN_POINT ( 'NONE',  ( -15.89350549496925602, 19.18844881025484383, -17.08603315999581795 ) ) ;
#1946 = CARTESIAN_POINT ( 'NONE',  ( -14.03411568082407790, 37.66554155054997466, -64.87650888065722654 ) ) ;
#1947 = CARTESIAN_POINT ( 'NONE',  ( 12.84795585295689513, 56.63806216202123522, -68.82297058632039466 ) ) ;
#1948 = CARTESIAN_POINT ( 'NONE',  ( -16.01292595518581763, 27.28393006984796187, -17.66295071912360015 ) ) ;
#1949 = ORIENTED_EDGE ( 'NONE', *, *, #1804, .F. ) ;
#1950 = CARTESIAN_POINT ( 'NONE',  ( -15.05237293715450519, 13.85723487347903848, -20.66269207384861417 ) ) ;
#1951 = VERTEX_POINT ( 'NONE', #1918 ) ;
#1952 = CARTESIAN_POINT ( 'NONE',  ( 16.10000000000000142, 60.67270018797309916, -13.54168776477929370 ) ) ;
#1953 = EDGE_CURVE ( 'NONE', #79, #631, #198, .T. ) ;
#1954 = CARTESIAN_POINT ( 'NONE',  ( -16.09999999999999787, 10.02503006833590149, -13.80335538987253940 ) ) ;
#1955 = CARTESIAN_POINT ( 'NONE',  ( 14.23605260085843760, 68.00000000000000000, -18.67376345581379127 ) ) ;
#1956 = CARTESIAN_POINT ( 'NONE',  ( 5.683935052156494194, 40.95010134400760649, -67.41451707324425513 ) ) ;
#1957 = CARTESIAN_POINT ( 'NONE',  ( 11.41691514921987149, 68.00000000000002842, -53.37990023004131501 ) ) ;
#1958 = CARTESIAN_POINT ( 'NONE',  ( 15.58196133385142979, 48.18446757938098557, -69.89300549076604341 ) ) ;
#1959 = CARTESIAN_POINT ( 'NONE',  ( 0.000000000000000000, 66.00000000000000000, 0.000000000000000000 ) ) ;
#1960 = CARTESIAN_POINT ( 'NONE',  ( 1.555301434917138630E-15, 32.65298296130445266, -27.96983443491154375 ) ) ;
#1961 = EDGE_CURVE ( 'NONE', #79, #539, #92, .T. ) ;
#1962 = CARTESIAN_POINT ( 'NONE',  ( 12.13833730932986299, 68.00000000000000000, -18.90236058930786101 ) ) ;
#1963 = ORIENTED_EDGE ( 'NONE', *, *, #2098, .F. ) ;
#1964 = CARTESIAN_POINT ( 'NONE',  ( 16.10000000000000142, 55.46840824119107793, -14.06349276244722724 ) ) ;
#1965 = EDGE_CURVE ( 'NONE', #1060, #1350, #663, .T. ) ;
#1966 = CARTESIAN_POINT ( 'NONE',  ( 16.10000000000000142, 68.00000000000001421, -12.95883793322946431 ) ) ;
#1967 = CARTESIAN_POINT ( 'NONE',  ( 13.76877039668981872, 64.00058994485699770, -60.46809687065704253 ) ) ;
#1968 = CARTESIAN_POINT ( 'NONE',  ( 13.23364028494451894, 52.51580309305561656, -69.88738973984463598 ) ) ;
#1969 =( BOUNDED_SURFACE ( )  B_SPLINE_SURFACE ( 3, 2, ( 
 ( #574, #785, #621 ),
 ( #1140, #749, #1450 ),
 ( #415, #404, #1264 ),
 ( #961, #2168, #1964 ),
 ( #1118, #59, #241 ),
 ( #1831, #950, #1659 ) ),
 .UNSPECIFIED., .F., .F., .F. ) 
 B_SPLINE_SURFACE_WITH_KNOTS ( ( 4, 2, 4 ),
 ( 3, 3 ),
 ( -8.812873584970718388E-05, 0.01608547915845937037, 0.03225908705276844812 ),
 ( 0.000000000000000000, 1.000000000000000000 ),
 .UNSPECIFIED. ) 
 GEOMETRIC_REPRESENTATION_ITEM ( )  RATIONAL_B_SPLINE_SURFACE ( (
 ( 1.000000000000000000, 1.000000000000000000, 1.000000000000000000),
 ( 1.000000000000000000, 0.9999915596219992597, 1.000000000000000000),
 ( 1.000000000000000000, 0.9972153385891213695, 1.000000000000000000),
 ( 1.000000000000000000, 0.9858165813269157418, 1.000000000000000000),
 ( 1.000000000000000000, 0.9772002855688596279, 1.000000000000000000),
 ( 1.000000000000000000, 0.9652388014676324124, 1.000000000000000000) ) ) 
 REPRESENTATION_ITEM ( '' )  SURFACE ( )  );
#1970 = CARTESIAN_POINT ( 'NONE',  ( 15.16269704155002884, 53.06373112669315617, -69.77596461207953382 ) ) ;
#1971 = CARTESIAN_POINT ( 'NONE',  ( -16.10000000000000142, 34.00000000000000711, -16.10000000000000142 ) ) ;
#1972 = ORIENTED_EDGE ( 'NONE', *, *, #1459, .T. ) ;
#1973 = CARTESIAN_POINT ( 'NONE',  ( -13.39451882268680194, 67.99999999999998579, -16.33668266984759398 ) ) ;
#1974 = ORIENTED_EDGE ( 'NONE', *, *, #519, .T. ) ;
#1975 = CARTESIAN_POINT ( 'NONE',  ( 16.09999999999999787, 39.35315997347126427, -16.45575546770333730 ) ) ;
#1976 = PRODUCT_CONTEXT ( 'NONE', #1119, 'mechanical' ) ;
#1977 = CARTESIAN_POINT ( 'NONE',  ( 13.63642714261701094, 68.00000000000000000, -15.68098434012487097 ) ) ;
#1978 = CARTESIAN_POINT ( 'NONE',  ( 15.65617539771454325, 47.12758568645299562, -67.67691673538803343 ) ) ;
#1979 = FACE_OUTER_BOUND ( 'NONE', #1507, .T. ) ;
#1980 = CARTESIAN_POINT ( 'NONE',  ( 15.65570096797782185, 47.13463614644962263, -67.67840499412793065 ) ) ;
#1981 = CARTESIAN_POINT ( 'NONE',  ( -15.66415323971725648, 20.57006009056089368, -19.19449024592401543 ) ) ;
#1982 = DIRECTION ( 'NONE',  ( 0.000000000000000000, 0.1736481776669307198, -0.9848077530122080203 ) ) ;
#1983 = CARTESIAN_POINT ( 'NONE',  ( 11.41691514921991590, 68.00000000000001421, -22.00978666710733478 ) ) ;
#1984 = VERTEX_POINT ( 'NONE', #538 ) ;
#1985 = CARTESIAN_POINT ( 'NONE',  ( 16.08397053914266550, 36.49489819885703668, -60.01697655618433203 ) ) ;
#1986 = CARTESIAN_POINT ( 'NONE',  ( -12.86418675699322911, 56.46816542112632220, -68.86992655642055183 ) ) ;
#1987 = CARTESIAN_POINT ( 'NONE',  ( 12.40573857903804011, 50.20000000000002416, -70.00000000000001421 ) ) ;
#1988 = ADVANCED_FACE ( 'NONE', ( #1589 ), #1230, .F. ) ;
#1989 = CARTESIAN_POINT ( 'NONE',  ( -12.84854877863618938, 56.62063597085121813, -68.80878469024366950 ) ) ;
#1990 = FACE_OUTER_BOUND ( 'NONE', #642, .T. ) ;
#1991 = LINE ( 'NONE', #1435, #1877 ) ;
#1992 = EDGE_CURVE ( 'NONE', #893, #1152, #26, .T. ) ;
#1993 =( NAMED_UNIT ( * ) PLANE_ANGLE_UNIT ( ) SI_UNIT ( $, .RADIAN. ) );
#1994 = DIRECTION ( 'NONE',  ( 0.000000000000000000, -0.4947453516572355436, 0.8690379951495553756 ) ) ;
#1995 = B_SPLINE_CURVE_WITH_KNOTS ( 'NONE', 3,
 ( #132, #684, #1018, #1718, #1525, #144, #1857, #1687 ),
 .UNSPECIFIED., .F., .F.,
 ( 4, 2, 2, 4 ),
 ( 3.469446951953613804E-18, 0.002686744245001061130, 0.004030116367501591045, 0.005373488490002121393 ),
 .UNSPECIFIED. ) ;
#1996 = CARTESIAN_POINT ( 'NONE',  ( 13.67720937668448578, 46.32192922880227570, -69.58973692902414143 ) ) ;
#1997 = ORIENTED_EDGE ( 'NONE', *, *, #583, .T. ) ;
#1998 = CARTESIAN_POINT ( 'NONE',  ( -15.03244309319501681, 13.15528088552567709, -19.58805158781245126 ) ) ;
#1999 = FACE_OUTER_BOUND ( 'NONE', #1412, .T. ) ;
#2000 = CARTESIAN_POINT ( 'NONE',  ( -15.58562850212376638, 48.16023393905695116, -69.91099533998315962 ) ) ;
#2001 = ORIENTED_EDGE ( 'NONE', *, *, #416, .T. ) ;
#2002 = CARTESIAN_POINT ( 'NONE',  ( 16.06983179602435285, 37.72537326636621202, -64.90707030994072113 ) ) ;
#2003 = CARTESIAN_POINT ( 'NONE',  ( -14.53523158493787548, -4.038913513459842619, 7.094496776092240609 ) ) ;
#2004 = AXIS2_PLACEMENT_3D ( 'NONE', #156, #852, #1176 ) ;
#2005 = DIRECTION ( 'NONE',  ( 1.000000000000000000, 0.000000000000000000, 0.000000000000000000 ) ) ;
#2006 = CARTESIAN_POINT ( 'NONE',  ( 12.12952766931877058, -3.003168554790421663, 10.63931068488805565 ) ) ;
#2007 = EDGE_LOOP ( 'NONE', ( #517, #1072 ) ) ;
#2008 = CARTESIAN_POINT ( 'NONE',  ( -25.40000000000000924, -7.230139534883728736, 12.69999999999999929 ) ) ;
#2009 = CARTESIAN_POINT ( 'NONE',  ( -15.17207277028540524, 12.46554457897510382, -18.52665139536193806 ) ) ;
#2010 = CARTESIAN_POINT ( 'NONE',  ( 15.16064092042731382, 10.35343294332076702, -18.18617714717290923 ) ) ;
#2011 = CARTESIAN_POINT ( 'NONE',  ( -14.91545131860324602, 55.42700436879271564, -69.22343224678243701 ) ) ;
#2012 = CARTESIAN_POINT ( 'NONE',  ( 15.68355881011804343, 46.72549848480197454, -69.66497953757651374 ) ) ;
#2013 = CARTESIAN_POINT ( 'NONE',  ( -14.96894741959557962, -3.489585103254801091, 6.129581676468504270 ) ) ;
#2014 = DIRECTION ( 'NONE',  ( 0.000000000000000000, 0.000000000000000000, 1.000000000000000000 ) ) ;
#2015 = CARTESIAN_POINT ( 'NONE',  ( -14.72304036594429100, 67.66248175544970422, -17.87362750579345061 ) ) ;
#2016 = VECTOR ( 'NONE', #2131, 1000.000000000000000 ) ;
#2017 = ORIENTED_EDGE ( 'NONE', *, *, #2160, .F. ) ;
#2018 = CARTESIAN_POINT ( 'NONE',  ( -13.48950400018458673, 65.73232028387990056, -56.51578987705868684 ) ) ;
#2019 = EDGE_CURVE ( 'NONE', #1219, #1487, #639, .T. ) ;
#2020 = CARTESIAN_POINT ( 'NONE',  ( -14.89687809647896799, 12.41841440287719678, -20.96839445234385124 ) ) ;
#2021 = CARTESIAN_POINT ( 'NONE',  ( -15.19943951530398252, 52.87393304328614363, -20.39561885704235777 ) ) ;
#2022 = CARTESIAN_POINT ( 'NONE',  ( -12.56884293827298649, 59.23630469055230208, -67.56655754677225900 ) ) ;
#2023 = CARTESIAN_POINT ( 'NONE',  ( -16.10000000000000142, 50.20000000000002416, -52.20000000000001705 ) ) ;
#2024 = CARTESIAN_POINT ( 'NONE',  ( -7.836973842761951303, -8.045085169709148332, 14.13148130300453609 ) ) ;
#2025 = DIRECTION ( 'NONE',  ( 0.000000000000000000, -0.9848077530122081313, -0.1736481776669307475 ) ) ;
#2026 = CARTESIAN_POINT ( 'NONE',  ( 13.59999126281572046, 10.11972020562333974, -17.77565232196909406 ) ) ;
#2027 = ADVANCED_FACE ( 'NONE', ( #1646 ), #1262, .T. ) ;
#2028 = EDGE_LOOP ( 'NONE', ( #1670, #33, #111, #1841 ) ) ;
#2029 = CARTESIAN_POINT ( 'NONE',  ( -15.73805177427165702, 45.85739260597700451, -67.36218446418646977 ) ) ;
#2030 = DIRECTION ( 'NONE',  ( 0.000000000000000000, 0.000000000000000000, 1.000000000000000000 ) ) ;
#2031 = CARTESIAN_POINT ( 'NONE',  ( -16.10000000000000142, 39.44821102762810483, -16.46207228252727717 ) ) ;
#2032 = CARTESIAN_POINT ( 'NONE',  ( -14.27064879959411670, 60.61465459838252201, -66.64469597193208017 ) ) ;
#2033 = ORIENTED_EDGE ( 'NONE', *, *, #1965, .T. ) ;
#2034 = FACE_OUTER_BOUND ( 'NONE', #1174, .T. ) ;
#2035 = CARTESIAN_POINT ( 'NONE',  ( -9.517765415925735439, 60.88370696523262637, -66.44269825125863349 ) ) ;
#2036 = CIRCLE ( 'NONE', #1091, 12.69999999999999929 ) ;
#2037 = DIRECTION ( 'NONE',  ( 0.000000000000000000, -0.8690379951495550426, -0.4947453516572357657 ) ) ;
#2038 = CARTESIAN_POINT ( 'NONE',  ( -13.38899058876076964, 66.33304423243713188, -52.20000000000000995 ) ) ;
#2039 = CIRCLE ( 'NONE', #2078, 2.000000000000000000 ) ;
#2040 =( BOUNDED_SURFACE ( )  B_SPLINE_SURFACE ( 3, 2, ( 
 ( #1196, #1532, #164 ),
 ( #1866, #1025, #991 ),
 ( #1324, #1544, #680 ),
 ( #862, #2192, #140 ),
 ( #1521, #819, #1715 ),
 ( #668, #838, #2020 ) ),
 .UNSPECIFIED., .F., .F., .F. ) 
 B_SPLINE_SURFACE_WITH_KNOTS ( ( 4, 2, 4 ),
 ( 3, 3 ),
 ( -9.036961342287503772E-05, 0.01153650974271666803, 0.02316338909885621092 ),
 ( 0.2926780680897220210, 1.000000000000000000 ),
 .UNSPECIFIED. ) 
 GEOMETRIC_REPRESENTATION_ITEM ( )  RATIONAL_B_SPLINE_SURFACE ( (
 ( 1.000000000000000000, 1.000000000000000000, 1.000000000000000000),
 ( 0.9999981869237906107, 0.9999969026100570257, 1.000000000000000000),
 ( 0.9988611487476120043, 0.9980544301460285705, 1.000000000000000000),
 ( 0.9942613624540289630, 0.9901963314446031728, 1.000000000000000000),
 ( 0.9907966356914380546, 0.9842773249655649703, 1.000000000000000000),
 ( 0.9861120977141559774, 0.9762744397342637548, 1.000000000000000000) ) ) 
 REPRESENTATION_ITEM ( '' )  SURFACE ( )  );
#2041 = ORIENTED_EDGE ( 'NONE', *, *, #1155, .F. ) ;
#2042 = CARTESIAN_POINT ( 'NONE',  ( -14.84014661310003724, 56.08678446063670009, -66.95796901649896427 ) ) ;
#2043 = CARTESIAN_POINT ( 'NONE',  ( 16.09999999999999787, 34.00000000000000711, -16.09999999999999787 ) ) ;
#2044 = CARTESIAN_POINT ( 'NONE',  ( -15.81889403302022146, 44.78719638111827095, -18.59437180630534669 ) ) ;
#2045 = CARTESIAN_POINT ( 'NONE',  ( -13.16240667772865791, 67.68858040047038571, -55.55016263489497419 ) ) ;
#2046 = ORIENTED_EDGE ( 'NONE', *, *, #1760, .F. ) ;
#2047 = CARTESIAN_POINT ( 'NONE',  ( 13.76852658116929007, 9.844248239036764048, -17.29177591007273307 ) ) ;
#2048 = CARTESIAN_POINT ( 'NONE',  ( -12.85125624435763037, -5.590376178246496686, 9.819696718325651830 ) ) ;
#2049 = B_SPLINE_CURVE_WITH_KNOTS ( 'NONE', 3,
 ( #208, #1623, #1637, #1482, #587, #428, #1105, #1130 ),
 .UNSPECIFIED., .F., .F.,
 ( 4, 2, 2, 4 ),
 ( 1.385666231234832946E-15, 0.002685938445465921656, 0.004028907668198188595, 0.005371876890930455534 ),
 .UNSPECIFIED. ) ;
#2050 = CARTESIAN_POINT ( 'NONE',  ( 13.61851845168362729, 64.98278364272159990, -62.16322567104457875 ) ) ;
#2051 = CARTESIAN_POINT ( 'NONE',  ( 0.000000000000000000, 66.00000000000000000, 0.000000000000000000 ) ) ;
#2052 = ORIENTED_EDGE ( 'NONE', *, *, #546, .F. ) ;
#2053 = CARTESIAN_POINT ( 'NONE',  ( -15.62921526172228504, 47.53931291083046062, -67.77349194065814686 ) ) ;
#2054 = AXIS2_PLACEMENT_3D ( 'NONE', #2051, #804, #2014 ) ;
#2055 = AXIS2_PLACEMENT_3D ( 'NONE', #781, #235, #912 ) ;
#2056 = DIRECTION ( 'NONE',  ( 0.000000000000000000, 1.000000000000000000, 0.000000000000000000 ) ) ;
#2057 = FACE_OUTER_BOUND ( 'NONE', #760, .T. ) ;
#2058 = CARTESIAN_POINT ( 'NONE',  ( -13.38899058883994897, 66.33304423196830157, -53.07414506836264678 ) ) ;
#2059 = EDGE_CURVE ( 'NONE', #666, #1647, #1033, .T. ) ;
#2060 = FACE_OUTER_BOUND ( 'NONE', #1321, .T. ) ;
#2061 = DIRECTION ( 'NONE',  ( 0.000000000000000000, 0.000000000000000000, 1.000000000000000000 ) ) ;
#2062 = CARTESIAN_POINT ( 'NONE',  ( -14.09999999999999964, 66.00000000000000000, 0.000000000000000000 ) ) ;
#2063 = CARTESIAN_POINT ( 'NONE',  ( 12.58415562189867920, 51.15097555273120378, -69.98112171973795625 ) ) ;
#2064 = CARTESIAN_POINT ( 'NONE',  ( 14.81796398897638767, 11.95983313808360826, -21.00787683568720254 ) ) ;
#2065 = EDGE_CURVE ( 'NONE', #2066, #1403, #1667, .T. ) ;
#2066 = VERTEX_POINT ( 'NONE', #391 ) ;
#2067 = FACE_OUTER_BOUND ( 'NONE', #981, .T. ) ;
#2068 = CARTESIAN_POINT ( 'NONE',  ( -11.43439528205831657, 67.88395179914523681, -54.54292287292140173 ) ) ;
#2069 = CARTESIAN_POINT ( 'NONE',  ( -16.08397053914268682, 36.49489819885705089, -60.01697655618435334 ) ) ;
#2070 = CARTESIAN_POINT ( 'NONE',  ( -13.63540394989685822, 64.84127764030715468, -58.92422141850734363 ) ) ;
#2071 = CARTESIAN_POINT ( 'NONE',  ( 14.09999999999999964, 66.00000000000000000, -52.20000000000001705 ) ) ;
#2072 = CARTESIAN_POINT ( 'NONE',  ( -13.52889140842521165, 48.63234723246648628, -69.93517053364203662 ) ) ;
#2073 = CARTESIAN_POINT ( 'NONE',  ( -178.0666666666656397, 34.00000000000000711, -76.09999999999999432 ) ) ;
#2074 = CARTESIAN_POINT ( 'NONE',  ( 16.10000000000000142, 66.00000000000000000, 0.000000000000000000 ) ) ;
#2075 = CARTESIAN_POINT ( 'NONE',  ( 15.54256467833443622, 66.07379874192145053, -16.37386101260763738 ) ) ;
#2076 = ORIENTED_EDGE ( 'NONE', *, *, #305, .F. ) ;
#2077 = FACE_OUTER_BOUND ( 'NONE', #104, .T. ) ;
#2078 = AXIS2_PLACEMENT_3D ( 'NONE', #422, #1112, #1006 ) ;
#2079 = CARTESIAN_POINT ( 'NONE',  ( 15.18669864119685009, 53.00654638171408806, -20.42440509683891747 ) ) ;
#2080 = CARTESIAN_POINT ( 'NONE',  ( -13.40132611046371736, 66.26024530711767113, -53.93857361634336200 ) ) ;
#2081 = CARTESIAN_POINT ( 'NONE',  ( 14.05825763331254130, 9.002197496698782331, -15.81268351135815386 ) ) ;
#2082 = CARTESIAN_POINT ( 'NONE',  ( 15.96918332542458430, 41.16440721126010516, -65.13835428522648385 ) ) ;
#2083 = CARTESIAN_POINT ( 'NONE',  ( 4.543240783588871068, -7.053864959185734307, 12.39036737111871744 ) ) ;
#2084 = DIRECTION ( 'NONE',  ( 0.000000000000000000, 0.1736481776669307198, -0.9848077530122080203 ) ) ;
#2085 = EDGE_LOOP ( 'NONE', ( #2248, #435, #427, #994 ) ) ;
#2086 = CARTESIAN_POINT ( 'NONE',  ( -15.52038537358069803, 66.07335857299729298, -16.35391327643510451 ) ) ;
#2087 = ORIENTED_EDGE ( 'NONE', *, *, #1323, .T. ) ;
#2088 = CARTESIAN_POINT ( 'NONE',  ( 16.09999999999999787, 39.33601144380472903, -15.60363219592814055 ) ) ;
#2089 = CARTESIAN_POINT ( 'NONE',  ( -12.02379393371844607, 63.69279869267167982, -63.85034369341782678 ) ) ;
#2090 = EDGE_CURVE ( 'NONE', #727, #736, #504, .T. ) ;
#2091 = CARTESIAN_POINT ( 'NONE',  ( 15.47498907851992556, 11.78849805910944504, -17.47867945910257248 ) ) ;
#2092 = CARTESIAN_POINT ( 'NONE',  ( 16.07048624850149565, 37.43028549546861683, -61.49648040602485821 ) ) ;
#2093 = CARTESIAN_POINT ( 'NONE',  ( -3.207816234862549365E-14, -9.165767441860468878, 16.09999999999999787 ) ) ;
#2094 = CARTESIAN_POINT ( 'NONE',  ( 12.10899952348297148, 63.03425493534474100, -64.54331655401657031 ) ) ;
#2095 = DIRECTION ( 'NONE',  ( 0.4931836611931346148, 2.364616964493883319E-15, -0.8699252130684198558 ) ) ;
#2096 = EDGE_LOOP ( 'NONE', ( #763, #1817, #1023, #2203 ) ) ;
#2097 = CARTESIAN_POINT ( 'NONE',  ( -15.00236481553578827, 66.09911374172560272, -17.55094332247599809 ) ) ;
#2098 = EDGE_CURVE ( 'NONE', #143, #2143, #1081, .T. ) ;
#2099 = ORIENTED_EDGE ( 'NONE', *, *, #616, .T. ) ;
#2100 = CARTESIAN_POINT ( 'NONE',  ( 14.89687809647979755, 12.41841440288466636, -20.96839445234227739 ) ) ;
#2101 = CARTESIAN_POINT ( 'NONE',  ( -12.40573857903804011, 50.20000000000002416, -70.00000000000001421 ) ) ;
#2102 = B_SPLINE_CURVE_WITH_KNOTS ( 'NONE', 3,
 ( #1920, #1406, #219, #393 ),
 .UNSPECIFIED., .F., .F.,
 ( 4, 4 ),
 ( -8.813001957591213784E-05, 0.02059489933787621296 ),
 .UNSPECIFIED. ) ;
#2103 = CARTESIAN_POINT ( 'NONE',  ( 11.55837021651708696, 68.00000000000000000, -20.95509025218837351 ) ) ;
#2104 = CARTESIAN_POINT ( 'NONE',  ( -14.02294335854992369, 38.10424967784992134, -65.28217526940194659 ) ) ;
#2105 = EDGE_CURVE ( 'NONE', #372, #392, #751, .T. ) ;
#2106 = CARTESIAN_POINT ( 'NONE',  ( 12.02392695913457743, 63.68781000846853146, -63.82559867161846512 ) ) ;
#2107 = CARTESIAN_POINT ( 'NONE',  ( 16.18108558911259820, 28.93749612025954576, -46.87886476956074944 ) ) ;
#2108 = ORIENTED_EDGE ( 'NONE', *, *, #2065, .T. ) ;
#2109 = CARTESIAN_POINT ( 'NONE',  ( 0.000000000000000000, 45.16004142455949477, -25.76450257854152071 ) ) ;
#2110 = ORIENTED_EDGE ( 'NONE', *, *, #2059, .T. ) ;
#2111 = VECTOR ( 'NONE', #729, 1000.000000000000000 ) ;
#2112 = DIRECTION ( 'NONE',  ( 0.000000000000000000, -0.8690379951495550426, -0.4947453516572357657 ) ) ;
#2113 = CARTESIAN_POINT ( 'NONE',  ( -12.51659519387580666, 68.00000000000000000, -17.88524958534581799 ) ) ;
#2114 = CARTESIAN_POINT ( 'NONE',  ( 15.85148396891127653, 43.82894087793651750, -66.61998210858851621 ) ) ;
#2115 = CARTESIAN_POINT ( 'NONE',  ( 14.09999999999999964, -7.610779000145269102E-15, 1.336860690384993534E-14 ) ) ;
#2116 = CARTESIAN_POINT ( 'NONE',  ( 15.42690496037657333, 50.17710351287879433, -68.02256398774285628 ) ) ;
#2117 = CARTESIAN_POINT ( 'NONE',  ( -2.356472470471266512, -9.092820327025711080, 15.97186577050704415 ) ) ;
#2118 = EDGE_LOOP ( 'NONE', ( #18, #1263, #1972, #1555 ) ) ;
#2119 = CARTESIAN_POINT ( 'NONE',  ( 15.19919527568362128, 52.87640268138304123, -20.39615294393026801 ) ) ;
#2120 = VERTEX_POINT ( 'NONE', #1448 ) ;
#2121 = CARTESIAN_POINT ( 'NONE',  ( 15.68477288872840703, 15.34022502388608977, -17.26232976234085825 ) ) ;
#2122 = LINE ( 'NONE', #60, #1898 ) ;
#2123 = CARTESIAN_POINT ( 'NONE',  ( 13.85183279917815113, 68.00000000000000000, -19.51452236718422384 ) ) ;
#2124 = CARTESIAN_POINT ( 'NONE',  ( 1.886405311161610587, 39.58201292288403295, -66.48661735685811891 ) ) ;
#2125 = CARTESIAN_POINT ( 'NONE',  ( -15.99868062351024456, 40.38658176841624226, -67.05869562932167582 ) ) ;
#2126 =( BOUNDED_SURFACE ( )  B_SPLINE_SURFACE ( 3, 2, ( 
 ( #765, #1084, #1624 ),
 ( #1062, #564, #1407 ),
 ( #907, #50, #1255 ),
 ( #1441, #1602, #1954 ) ),
 .UNSPECIFIED., .F., .F., .T. ) 
 B_SPLINE_SURFACE_WITH_KNOTS ( ( 4, 4 ),
 ( 3, 3 ),
 ( -8.812873578015280914E-05, 0.02399677786660051396 ),
 ( 0.000000000000000000, 1.000000000000000000 ),
 .UNSPECIFIED. ) 
 GEOMETRIC_REPRESENTATION_ITEM ( )  RATIONAL_B_SPLINE_SURFACE ( (
 ( 1.000000000000000000, 1.000000000000000000, 1.000000000000000000),
 ( 1.000000000000000000, 0.9999751530454247250, 1.000000000000000000),
 ( 1.000000000000000000, 0.9938643435042860963, 1.000000000000000000),
 ( 1.000000000000000000, 0.9810068042276148814, 1.000000000000000000) ) ) 
 REPRESENTATION_ITEM ( '' )  SURFACE ( )  );
#2127 = EDGE_CURVE ( 'NONE', #127, #143, #925, .T. ) ;
#2128 = CARTESIAN_POINT ( 'NONE',  ( 13.20042778235595193, 52.87799846222530675, -69.80411439816745656 ) ) ;
#2129 = CARTESIAN_POINT ( 'NONE',  ( -11.41691514921988571, 66.00000000000001421, -52.20000000000000995 ) ) ;
#2130 = TOROIDAL_SURFACE ( 'NONE', #163, 14.09999999999999964, 2.000000000000000000 ) ;
#2131 = DIRECTION ( 'NONE',  ( 0.000000000000000000, 0.1736481776669307198, -0.9848077530122080203 ) ) ;
#2132 = CARTESIAN_POINT ( 'NONE',  ( 13.04938549862189845, 68.00000000000000000, -16.94546232760799498 ) ) ;
#2133 = EDGE_CURVE ( 'NONE', #264, #1524, #1265, .T. ) ;
#2134 = ORIENTED_EDGE ( 'NONE', *, *, #1316, .T. ) ;
#2135 = CARTESIAN_POINT ( 'NONE',  ( 15.99177912318641326, 44.71009618870088786, -16.81208423887956371 ) ) ;
#2136 = CARTESIAN_POINT ( 'NONE',  ( 0.000000000000000000, -7.463843432159581681, 13.11050929668552634 ) ) ;
#2137 = CARTESIAN_POINT ( 'NONE',  ( 2.617248929203023433, 39.73562171573949087, -66.59950944285873220 ) ) ;
#2138 = CARTESIAN_POINT ( 'NONE',  ( 12.58480298214488968, 59.08703117318798803, -67.63367705675123887 ) ) ;
#2139 = CARTESIAN_POINT ( 'NONE',  ( 14.21384630723061981, 61.03254283933195268, -66.35891674986257271 ) ) ;
#2140 = LINE ( 'NONE', #262, #496 ) ;
#2141 = DIRECTION ( 'NONE',  ( 0.000000000000000000, -0.8690379951495553756, -0.4947453516572354326 ) ) ;
#2142 = CARTESIAN_POINT ( 'NONE',  ( -14.09999999999999964, 1.738075990299110973, 0.9894907033144710873 ) ) ;
#2143 = VERTEX_POINT ( 'NONE', #239 ) ;
#2144 = CARTESIAN_POINT ( 'NONE',  ( 1.555301434917138433E-15, -7.230139534883717189, 12.69999999999999929 ) ) ;
#2145 = CARTESIAN_POINT ( 'NONE',  ( -13.10747498698246183, 68.00000000000001421, -23.09189103561073608 ) ) ;
#2146 = CARTESIAN_POINT ( 'NONE',  ( 13.84288376715867130, 63.52484146828938094, -61.19218536077452342 ) ) ;
#2147 = B_SPLINE_CURVE_WITH_KNOTS ( 'NONE', 3,
 ( #956, #389, #1981, #1948, #1653, #1124 ),
 .UNSPECIFIED., .F., .F.,
 ( 4, 2, 4 ),
 ( 0.001920520093852840860, 0.01226605973507741316, 0.02261159937630198569 ),
 .UNSPECIFIED. ) ;
#2148 = VECTOR ( 'NONE', #1428, 1000.000000000000000 ) ;
#2149 = CARTESIAN_POINT ( 'NONE',  ( 11.68202430158808625, 66.18754854665233722, -60.11221519174717542 ) ) ;
#2150 = DIRECTION ( 'NONE',  ( 1.000000000000000000, 0.000000000000000000, 0.000000000000000000 ) ) ;
#2151 = CARTESIAN_POINT ( 'NONE',  ( -16.10000000000000142, 10.16794026332120815, -13.81786892657609656 ) ) ;
#2152 = CARTESIAN_POINT ( 'NONE',  ( -15.47498907851971595, 11.78849805910950899, -17.47867945910315868 ) ) ;
#2153 = DIRECTION ( 'NONE',  ( -0.000000000000000000, -0.4947453516572354881, 0.8690379951495552646 ) ) ;
#2154 = CARTESIAN_POINT ( 'NONE',  ( 13.63102499792311129, 47.08509152670328746, -69.74286534275348970 ) ) ;
#2155 = EDGE_CURVE ( 'NONE', #1356, #1449, #900, .T. ) ;
#2156 = ORIENTED_EDGE ( 'NONE', *, *, #2105, .T. ) ;
#2157 = CARTESIAN_POINT ( 'NONE',  ( 16.10000000000000142, 34.00000000000000711, -16.10000000000000142 ) ) ;
#2158 = CARTESIAN_POINT ( 'NONE',  ( -13.08025208506284365, 54.23011508751853427, -69.54748363032307168 ) ) ;
#2159 = CARTESIAN_POINT ( 'NONE',  ( 11.46995349581902524, 47.33582565850719703, -69.78213567071065881 ) ) ;
#2160 = EDGE_CURVE ( 'NONE', #2143, #727, #897, .T. ) ;
#2161 = CARTESIAN_POINT ( 'NONE',  ( -14.04861613736830250, 36.99274995157753665, -64.17291699361538804 ) ) ;
#2162 = CARTESIAN_POINT ( 'NONE',  ( 16.06237247753357167, 38.08417044020792730, -65.24952385127329535 ) ) ;
#2163 = DIRECTION ( 'NONE',  ( -1.000000000000000000, 0.000000000000000000, 0.000000000000000000 ) ) ;
#2164 = AXIS2_PLACEMENT_3D ( 'NONE', #2129, #1260, #2163 ) ;
#2165 = ORIENTED_EDGE ( 'NONE', *, *, #616, .F. ) ;
#2166 = CARTESIAN_POINT ( 'NONE',  ( 13.89643421468883489, 41.93439807867581948, -67.98380005230855261 ) ) ;
#2167 = VERTEX_POINT ( 'NONE', #602 ) ;
#2168 = CARTESIAN_POINT ( 'NONE',  ( 16.09999999989650732, 55.67216132718521493, -15.81154735174490789 ) ) ;
#2169 = CARTESIAN_POINT ( 'NONE',  ( 14.78673187327770755, 66.10726408790294784, -17.93041003683760692 ) ) ;
#2170 = CARTESIAN_POINT ( 'NONE',  ( -15.65025415182242874, 47.48212653354174506, -19.20559903093704790 ) ) ;
#2171 = CARTESIAN_POINT ( 'NONE',  ( -14.26897656212099363, 60.60477997777180548, -64.33238341949017070 ) ) ;
#2172 = CARTESIAN_POINT ( 'NONE',  ( 16.01327204953662076, 39.97887658398360600, -66.80595946472325863 ) ) ;
#2173 = CARTESIAN_POINT ( 'NONE',  ( -12.43929530105192427, 55.46607552280451614, -69.20980373256968221 ) ) ;
#2174 = CARTESIAN_POINT ( 'NONE',  ( -15.16064092042732092, 10.35343294332077235, -18.18617714717290923 ) ) ;
#2175 = CARTESIAN_POINT ( 'NONE',  ( -15.83998625850315634, 11.25806401344252450, -16.28083897135096691 ) ) ;
#2176 = CARTESIAN_POINT ( 'NONE',  ( 15.75047645749372194, 20.55031204263459799, -32.29822438083046876 ) ) ;
#2177 = ORIENTED_EDGE ( 'NONE', *, *, #1150, .T. ) ;
#2178 = CARTESIAN_POINT ( 'NONE',  ( -13.02400065538260776, 11.95115942232302331, -20.99264114215236177 ) ) ;
#2179 = CARTESIAN_POINT ( 'NONE',  ( 15.95270814473846777, 68.00000000000000000, -14.67671038272169248 ) ) ;
#2180 = CARTESIAN_POINT ( 'NONE',  ( -16.09999999989652864, 55.67253784991788024, -15.81154187011589407 ) ) ;
#2181 = CARTESIAN_POINT ( 'NONE',  ( -13.87647388496689693, 42.42752998557545396, -68.24340757624395337 ) ) ;
#2182 = B_SPLINE_CURVE_WITH_KNOTS ( 'NONE', 3,
 ( #279, #1266, #1998, #2009, #972, #777 ),
 .UNSPECIFIED., .F., .F.,
 ( 4, 2, 4 ),
 ( 5.923871382408959835E-15, 0.001910249508638782933, 0.003820499017271642220 ),
 .UNSPECIFIED. ) ;
#2183 = CARTESIAN_POINT ( 'NONE',  ( 15.95197447060574447, 41.65698379487735536, -67.82395067408508282 ) ) ;
#2184 = CARTESIAN_POINT ( 'NONE',  ( -9.317657183659147080, -5.484239223816316233, 9.633263342487795811 ) ) ;
#2185 = CIRCLE ( 'NONE', #1862, 2.000000000000001776 ) ;
#2186 =( NAMED_UNIT ( * ) SI_UNIT ( $, .STERADIAN. ) SOLID_ANGLE_UNIT ( ) );
#2187 = DIRECTION ( 'NONE',  ( 0.000000000000000000, 0.000000000000000000, -1.000000000000000000 ) ) ;
#2188 = DIRECTION ( 'NONE',  ( 0.000000000000000000, -0.000000000000000000, 1.000000000000000000 ) ) ;
#2189 = ADVANCED_FACE ( 'NONE', ( #1979 ), #1897, .T. ) ;
#2190 = EDGE_LOOP ( 'NONE', ( #1612, #1771, #182, #690 ) ) ;
#2191 = CARTESIAN_POINT ( 'NONE',  ( -15.46450277498108861, 49.70260358434020276, -67.99215679197844509 ) ) ;
#2192 = CARTESIAN_POINT ( 'NONE',  ( -15.58066203748566991, 19.33677552050844994, -18.21719950284368039 ) ) ;
#2193 = CARTESIAN_POINT ( 'NONE',  ( -14.91722097855052631, 55.57025450966149549, -20.97429969475584244 ) ) ;
#2194 = CARTESIAN_POINT ( 'NONE',  ( -15.82577661375256817, 44.34874817101078293, -69.01836062146509221 ) ) ;
#2195 = VERTEX_POINT ( 'NONE', #1384 ) ;
#2196 = CARTESIAN_POINT ( 'NONE',  ( -14.09999999999999964, 66.00000000000000000, 0.000000000000000000 ) ) ;
#2197 = CARTESIAN_POINT ( 'NONE',  ( -6.367210872539687649, 63.17016029669515831, -64.40157659262315804 ) ) ;
#2198 = EDGE_CURVE ( 'NONE', #2225, #725, #709, .T. ) ;
#2199 = ADVANCED_FACE ( 'NONE', ( #920 ), #2126, .T. ) ;
#2200 = DIRECTION ( 'NONE',  ( 1.000000000000000000, 0.000000000000000000, 0.000000000000000000 ) ) ;
#2201 = CARTESIAN_POINT ( 'NONE',  ( 15.03260229018263416, 13.15365528115973603, -19.58555607076664984 ) ) ;
#2202 = VECTOR ( 'NONE', #1982, 1000.000000000000000 ) ;
#2203 = ORIENTED_EDGE ( 'NONE', *, *, #1280, .F. ) ;
#2204 = CARTESIAN_POINT ( 'NONE',  ( -15.19615064346884559, 52.73296393770589674, -67.84913503552628811 ) ) ;
#2205 = EDGE_CURVE ( 'NONE', #392, #700, #2122, .T. ) ;
#2206 = CARTESIAN_POINT ( 'NONE',  ( 15.83998625850039232, 11.25806401344623531, -16.28083897135934421 ) ) ;
#2207 = CARTESIAN_POINT ( 'NONE',  ( -13.83959387965572496, 19.77067075503598303, -34.72789389160729456 ) ) ;
#2208 = CARTESIAN_POINT ( 'NONE',  ( -12.80237161627437636, 57.06969925042027114, -68.62803771275119402 ) ) ;
#2209 = EDGE_LOOP ( 'NONE', ( #1830, #1079, #1885, #2108, #1847 ) ) ;
#2210 = CARTESIAN_POINT ( 'NONE',  ( 13.22195278011934860, 67.99999999999998579, -16.64107140605536372 ) ) ;
#2211 = CARTESIAN_POINT ( 'NONE',  ( -7.066224506114018311, -6.402906161512933458, 11.24693484252678921 ) ) ;
#2212 = CARTESIAN_POINT ( 'NONE',  ( 0.4931486623992513141, 64.56956952125935345, -62.70502126479024696 ) ) ;
#2213 = DIRECTION ( 'NONE',  ( -0.000000000000000000, -1.000000000000000000, -0.000000000000000000 ) ) ;
#2214 = ORIENTED_EDGE ( 'NONE', *, *, #1726, .T. ) ;
#2215 = CARTESIAN_POINT ( 'NONE',  ( -13.84635945678969371, 63.49820251115105663, -61.19866423712917225 ) ) ;
#2216 = CARTESIAN_POINT ( 'NONE',  ( -16.10000000000000142, 0.000000000000000000, 0.000000000000000000 ) ) ;
#2217 = CARTESIAN_POINT ( 'NONE',  ( 16.03248268024441359, 8.759587303175903727, -15.38652998515764203 ) ) ;
#2218 = CARTESIAN_POINT ( 'NONE',  ( -15.77306615123121070, 45.28713030257028294, -69.31607411969143584 ) ) ;
#2219 = FACE_BOUND ( 'NONE', #2007, .T. ) ;
#2220 = CARTESIAN_POINT ( 'NONE',  ( -3.655884215229242340, -7.207107864653679918, 12.65954404330506122 ) ) ;
#2221 = TOROIDAL_SURFACE ( 'NONE', #877, 14.09999999999999964, 2.000000000000000000 ) ;
#2222 = CARTESIAN_POINT ( 'NONE',  ( 11.42912081929004309, 67.91884277009748416, -54.15556347395477843 ) ) ;
#2223 = CARTESIAN_POINT ( 'NONE',  ( -9.431161645793171289, -5.725767441860470264, 16.10000000000000142 ) ) ;
#2224 = VECTOR ( 'NONE', #915, 1000.000000000000000 ) ;
#2225 = VERTEX_POINT ( 'NONE', #2101 ) ;
#2226 = CARTESIAN_POINT ( 'NONE',  ( -15.01544185757355088, 13.50315763654412038, -20.12147945605961041 ) ) ;
#2227 = FACE_BOUND ( 'NONE', #283, .T. ) ;
#2228 = CARTESIAN_POINT ( 'NONE',  ( -16.18108558911343309, 28.93749612019429307, -46.87886476959720028 ) ) ;
#2229 = CARTESIAN_POINT ( 'NONE',  ( -11.42912360978042052, 67.91883079997251116, -54.15864622599869449 ) ) ;
#2230 = VERTEX_POINT ( 'NONE', #394 ) ;
#2231 = CARTESIAN_POINT ( 'NONE',  ( -14.08413564946904906, 34.73112368633794489, -61.00646725949880533 ) ) ;
#2232 = CARTESIAN_POINT ( 'NONE',  ( 9.317657183659028064, -5.484239223815372100, 9.633263342486140246 ) ) ;
#2233 = EDGE_CURVE ( 'NONE', #700, #1581, #1496, .T. ) ;
#2234 = PRODUCT_DEFINITION_CONTEXT ( 'detailed design', #412, 'design' ) ;
#2235 = CARTESIAN_POINT ( 'NONE',  ( 12.06777277171129903, 56.78567088775194094, -68.74327908160788070 ) ) ;
#2236 = CYLINDRICAL_SURFACE ( 'NONE', #892, 12.70000000000000462 ) ;
#2237 = EDGE_LOOP ( 'NONE', ( #1194, #958, #228 ) ) ;
#2238 = CARTESIAN_POINT ( 'NONE',  ( -16.07049877341612998, 37.42901207007226105, -61.49427887216092614 ) ) ;
#2239 = CIRCLE ( 'NONE', #2055, 2.000000000000000000 ) ;
#2240 = CARTESIAN_POINT ( 'NONE',  ( 15.47498907851992556, 11.78849805910944504, -17.47867945910257248 ) ) ;
#2241 = CARTESIAN_POINT ( 'NONE',  ( -15.74074341102971175, 19.85266595067294659, -34.87192140021806352 ) ) ;
#2242 = CARTESIAN_POINT ( 'NONE',  ( -11.88443976793213075, 48.38244026200209191, -69.91044007494626555 ) ) ;
#2243 = CARTESIAN_POINT ( 'NONE',  ( 14.09999999999999964, 2.301395348837209198, 8.033241872714621799E-17 ) ) ;
#2244 = CARTESIAN_POINT ( 'NONE',  ( 16.08397053914266550, 36.49489819885703668, -60.01697655618433203 ) ) ;
#2245 = CARTESIAN_POINT ( 'NONE',  ( 14.96894741959347819, -3.489585103254965404, 6.129581676468343510 ) ) ;
#2246 = CARTESIAN_POINT ( 'NONE',  ( 12.70529430234667068, 52.59869612782829762, -69.84451309107521411 ) ) ;
#2247 = FACE_OUTER_BOUND ( 'NONE', #1439, .T. ) ;
#2248 = ORIENTED_EDGE ( 'NONE', *, *, #1252, .T. ) ;
#2249 = CARTESIAN_POINT ( 'NONE',  ( -11.45267084311000794, 68.00000000000000000, -22.01388473395899936 ) ) ;
#2250 = CARTESIAN_POINT ( 'NONE',  ( 15.48384145518416943, 11.64490759411877896, -17.44090377775711076 ) ) ;
#2251 = CARTESIAN_POINT ( 'NONE',  ( -10.94838278899197803, 46.34054639477753312, -69.57965330499366985 ) ) ;
#2252 = CARTESIAN_POINT ( 'NONE',  ( 16.09999999999999787, 26.00626250453464650, -15.35640453161715868 ) ) ;
#2253 = CARTESIAN_POINT ( 'NONE',  ( -13.94806472833527344, 40.58280629929171823, -67.19847882490466873 ) ) ;
ENDSEC;
END-ISO-10303-21;
