ISO-10303-21;
HEADER;
FILE_DESCRIPTION (( 'STEP AP214' ),
    '1' );
FILE_NAME ('Walker_Double_3_Star_Spoke_Onshape.STEP',
    '2026-08-11T21:03:37',
    ( '' ),
    ( '' ),
    'SwSTEP 2.0',
    'SolidWorks 2023',
    '' );
FILE_SCHEMA (( 'AUTOMOTIVE_DESIGN' ));
ENDSEC;

DATA;
#1 = ORIENTED_EDGE ( 'NONE', *, *, #1879, .F. ) ;
#2 = EDGE_CURVE ( 'NONE', #3423, #5188, #2087, .T. ) ;
#3 = EDGE_LOOP ( 'NONE', ( #4433, #1328, #3494, #5133 ) ) ;
#4 = AXIS2_PLACEMENT_3D ( 'NONE', #3297, #161, #4251 ) ;
#5 = ORIENTED_EDGE ( 'NONE', *, *, #1056, .F. ) ;
#6 = ADVANCED_FACE ( 'NONE', ( #5854 ), #5976, .T. ) ;
#7 = LINE ( 'NONE', #1851, #3142 ) ;
#8 = VECTOR ( 'NONE', #432, 999.9999999999998863 ) ;
#9 = CARTESIAN_POINT ( 'NONE',  ( -77.50000000000000000, 9.491012693391988181E-15, 3.700000000000001954 ) ) ;
#10 = EDGE_LOOP ( 'NONE', ( #2298, #3274, #1417, #503 ) ) ;
#11 = CARTESIAN_POINT ( 'NONE',  ( 0.000000000000000000, 0.000000000000000000, -2.700000000000000178 ) ) ;
#12 = CIRCLE ( 'NONE', #2119, 10.00000000000000000 ) ;
#13 = LINE ( 'NONE', #5913, #2714 ) ;
#14 = DIRECTION ( 'NONE',  ( -0.9183859878646963848, 0.3773831369225131294, -0.1189501797405514427 ) ) ;
#15 = LINE ( 'NONE', #3289, #5348 ) ;
#16 = EDGE_CURVE ( 'NONE', #4810, #1060, #338, .T. ) ;
#17 = DIRECTION ( 'NONE',  ( 0.6109919333986548740, 0.7916368216055729157, 0.000000000000000000 ) ) ;
#18 = ORIENTED_EDGE ( 'NONE', *, *, #5012, .F. ) ;
#19 = CARTESIAN_POINT ( 'NONE',  ( 1.606200838410910103, -11.66789116403066018, -11.58000000000000007 ) ) ;
#20 = CARTESIAN_POINT ( 'NONE',  ( -62.76044472552499798, 21.09274496687764966, 11.58000000000000007 ) ) ;
#21 = ORIENTED_EDGE ( 'NONE', *, *, #4365, .F. ) ;
#22 = CARTESIAN_POINT ( 'NONE',  ( 92.50000000000000000, 0.000000000000000000, -16.00000000000000000 ) ) ;
#23 = LINE ( 'NONE', #378, #5739 ) ;
#24 = ORIENTED_EDGE ( 'NONE', *, *, #5175, .F. ) ;
#25 = CARTESIAN_POINT ( 'NONE',  ( 21.06311949677307283, -62.54874097105918196, -2.700000000000001066 ) ) ;
#26 = DIRECTION ( 'NONE',  ( -0.9910735647809234550, 0.1333161250278182830, 0.000000000000000000 ) ) ;
#27 = DIRECTION ( 'NONE',  ( 0.000000000000000000, 0.000000000000000000, 1.000000000000000000 ) ) ;
#28 = CARTESIAN_POINT ( 'NONE',  ( 74.43604214391356777, 17.65008866690260092, -2.700000000000001066 ) ) ;
#29 = CARTESIAN_POINT ( 'NONE',  ( 43.31760852752729818, 17.76077607306564943, -7.382251208476880322 ) ) ;
#30 = VERTEX_POINT ( 'NONE', #400 ) ;
#31 = ORIENTED_EDGE ( 'NONE', *, *, #2416, .F. ) ;
#32 = VECTOR ( 'NONE', #3563, 1000.000000000000000 ) ;
#33 = VERTEX_POINT ( 'NONE', #1767 ) ;
#34 = CIRCLE ( 'NONE', #4579, 92.50000000000000000 ) ;
#35 = AXIS2_PLACEMENT_3D ( 'NONE', #804, #4501, #868 ) ;
#36 = ORIENTED_EDGE ( 'NONE', *, *, #1040, .F. ) ;
#37 = EDGE_CURVE ( 'NONE', #5967, #5473, #1706, .T. ) ;
#38 = CARTESIAN_POINT ( 'NONE',  ( -61.35888044854205958, 20.51681422486344175, 1.951545083318394491 ) ) ;
#39 = DIRECTION ( 'NONE',  ( 0.01585797703437279160, -0.1178883786667998951, -0.9929002239599357127 ) ) ;
#40 = VERTEX_POINT ( 'NONE', #4591 ) ;
#41 = PLANE ( 'NONE',  #437 ) ;
#42 = VECTOR ( 'NONE', #3882, 1000.000000000000114 ) ;
#43 = CARTESIAN_POINT ( 'NONE',  ( -18.72510752109569765, -45.16793378999580000, 7.329082498301850102 ) ) ;
#44 = DIRECTION ( 'NONE',  ( 0.000000000000000000, 0.000000000000000000, -1.000000000000000000 ) ) ;
#45 = CARTESIAN_POINT ( 'NONE',  ( -42.55200767510905990, 48.67797649267546234, -1.870514131426946225 ) ) ;
#46 = DIRECTION ( 'NONE',  ( 1.000000000000000000, 0.000000000000000000, 0.000000000000000000 ) ) ;
#47 = AXIS2_PLACEMENT_3D ( 'NONE', #4057, #427, #917 ) ;
#48 = CARTESIAN_POINT ( 'NONE',  ( 0.000000000000000000, 0.000000000000000000, 11.58000000000000007 ) ) ;
#49 = EDGE_LOOP ( 'NONE', ( #621, #3261, #2965, #3360 ) ) ;
#50 = EDGE_CURVE ( 'NONE', #4400, #1619, #3065, .T. ) ;
#51 = AXIS2_PLACEMENT_3D ( 'NONE', #5102, #3576, #5431 ) ;
#52 = DIRECTION ( 'NONE',  ( 0.000000000000000000, 0.000000000000000000, 1.000000000000000000 ) ) ;
#53 = EDGE_CURVE ( 'NONE', #3009, #1535, #5142, .T. ) ;
#54 = EDGE_LOOP ( 'NONE', ( #1568, #278, #3283, #1196 ) ) ;
#55 = AXIS2_PLACEMENT_3D ( 'NONE', #3189, #4491, #334 ) ;
#56 = ADVANCED_FACE ( 'NONE', ( #307 ), #4531, .T. ) ;
#57 = CARTESIAN_POINT ( 'NONE',  ( -2.329778827326864921, 22.42745397154639875, -11.57032204158815958 ) ) ;
#58 = EDGE_LOOP ( 'NONE', ( #1507, #1894, #5272, #4082, #4186, #325, #4165, #1896, #195 ) ) ;
#59 = CARTESIAN_POINT ( 'NONE',  ( -18.13347889190709950, -13.14123956586396069, 11.58000000000000007 ) ) ;
#60 = DIRECTION ( 'NONE',  ( -0.9249529466333913374, -0.3800816313822686365, 0.000000000000000000 ) ) ;
#61 = CARTESIAN_POINT ( 'NONE',  ( 72.64436784101742717, 23.98011303098784097, -2.700000000000001066 ) ) ;
#62 = ADVANCED_FACE ( 'NONE', ( #2682 ), #5437, .F. ) ;
#63 = FACE_OUTER_BOUND ( 'NONE', #211, .T. ) ;
#64 = VERTEX_POINT ( 'NONE', #2243 ) ;
#65 = VERTEX_POINT ( 'NONE', #3137 ) ;
#66 = CARTESIAN_POINT ( 'NONE',  ( -4.475989276010962747, 8.942344211728537218, 11.58000000000000007 ) ) ;
#67 = ORIENTED_EDGE ( 'NONE', *, *, #3647, .F. ) ;
#68 = CARTESIAN_POINT ( 'NONE',  ( -18.25785546790195113, -13.23137463543736025, -11.12841576485195993 ) ) ;
#69 = CARTESIAN_POINT ( 'NONE',  ( 19.38420463070664823, -11.19147576156525936, 11.35262636160330096 ) ) ;
#70 = ORIENTED_EDGE ( 'NONE', *, *, #121, .T. ) ;
#71 = CARTESIAN_POINT ( 'NONE',  ( 1.098614904710434072E-14, 22.38295152313055070, 11.35262636160330096 ) ) ;
#72 = DIRECTION ( 'NONE',  ( 0.000000000000000000, 0.000000000000000000, 1.000000000000000000 ) ) ;
#73 = CARTESIAN_POINT ( 'NONE',  ( 14.69037456587059864, -71.36007333919378937, 11.58000000000000007 ) ) ;
#74 = LINE ( 'NONE', #1473, #1718 ) ;
#75 = ORIENTED_EDGE ( 'NONE', *, *, #1608, .T. ) ;
#76 = VECTOR ( 'NONE', #5182, 1000.000000000000000 ) ;
#77 = SURFACE_SIDE_STYLE ('',( #988 ) ) ;
#78 = ADVANCED_FACE ( 'NONE', ( #894 ), #4993, .F. ) ;
#79 = ADVANCED_FACE ( 'NONE', ( #3644 ), #5398, .F. ) ;
#80 = AXIS2_PLACEMENT_3D ( 'NONE', #4372, #4239, #5273 ) ;
#81 = EDGE_LOOP ( 'NONE', ( #3279, #4063, #3158, #3146, #4944, #3756, #1176, #4609, #3117, #759 ) ) ;
#82 = CARTESIAN_POINT ( 'NONE',  ( 2.313907855301844840, 22.27467316231244965, -11.58000000000000007 ) ) ;
#83 = LINE ( 'NONE', #5178, #4861 ) ;
#84 = VERTEX_POINT ( 'NONE', #864 ) ;
#85 = CARTESIAN_POINT ( 'NONE',  ( 0.000000000000000000, 0.000000000000000000, -2.700000000000000178 ) ) ;
#86 = DIRECTION ( 'NONE',  ( -0.9249529466333910044, 0.3800816313822695247, 0.000000000000000000 ) ) ;
#87 = DIRECTION ( 'NONE',  ( -0.000000000000000000, -0.000000000000000000, -1.000000000000000000 ) ) ;
#88 = CARTESIAN_POINT ( 'NONE',  ( -65.84531535217739417, 13.50365958609459938, 11.58000000000000007 ) ) ;
#89 = ORIENTED_EDGE ( 'NONE', *, *, #2184, .F. ) ;
#90 = ORIENTED_EDGE ( 'NONE', *, *, #1345, .T. ) ;
#91 = ADVANCED_FACE ( 'NONE', ( #5049 ), #4818, .F. ) ;
#92 = LINE ( 'NONE', #3309, #1720 ) ;
#93 = ORIENTED_EDGE ( 'NONE', *, *, #3490, .F. ) ;
#94 = DIRECTION ( 'NONE',  ( 0.000000000000000000, 0.000000000000000000, 1.000000000000000000 ) ) ;
#95 = DIRECTION ( 'NONE',  ( 1.000000000000000000, 0.000000000000000000, 0.000000000000000000 ) ) ;
#96 = CARTESIAN_POINT ( 'NONE',  ( 51.00918070920749869, 7.407195675112490107, -7.001388294073090712 ) ) ;
#97 = EDGE_LOOP ( 'NONE', ( #31, #3044, #3694, #3696 ) ) ;
#98 = PLANE ( 'NONE',  #136 ) ;
#99 = LINE ( 'NONE', #4741, #3056 ) ;
#100 = CARTESIAN_POINT ( 'NONE',  ( -62.76044472552499798, 21.09274496687764966, 11.58000000000000007 ) ) ;
#101 = DIRECTION ( 'NONE',  ( 0.000000000000000000, 0.000000000000000000, 1.000000000000000000 ) ) ;
#102 = ORIENTED_EDGE ( 'NONE', *, *, #5014, .F. ) ;
#103 = FILL_AREA_STYLE_COLOUR ( '', #5130 ) ;
#104 = ORIENTED_EDGE ( 'NONE', *, *, #3379, .T. ) ;
#105 = DIRECTION ( 'NONE',  ( -1.000000000000000000, 0.000000000000000000, 0.000000000000000000 ) ) ;
#106 = VERTEX_POINT ( 'NONE', #4621 ) ;
#107 = DIRECTION ( 'NONE',  ( 0.000000000000000000, 0.000000000000000000, 1.000000000000000000 ) ) ;
#108 = CARTESIAN_POINT ( 'NONE',  ( -10.29381714761439959, -4.598039668054499707, 11.58000000000000007 ) ) ;
#109 = CARTESIAN_POINT ( 'NONE',  ( 0.000000000000000000, 0.000000000000000000, 15.00000000000000355 ) ) ;
#110 = ORIENTED_EDGE ( 'NONE', *, *, #3262, .F. ) ;
#111 =( BOUNDED_CURVE ( )  B_SPLINE_CURVE ( 3, ( #5763, #3822, #2862, #1072 ),
 .UNSPECIFIED., .F., .T. ) 
 B_SPLINE_CURVE_WITH_KNOTS ( ( 4, 4 ),
 ( 6.128960532666360983, 6.211694164932889173 ),
 .UNSPECIFIED. ) 
 CURVE ( )  GEOMETRIC_REPRESENTATION_ITEM ( )  RATIONAL_B_SPLINE_CURVE ( ( 1.000000000000000000, 0.9994296768433472700, 0.9994296768433472700, 1.000000000000000000 ) ) 
 REPRESENTATION_ITEM ( '' )  );
#112 = EDGE_CURVE ( 'NONE', #133, #837, #559, .T. ) ;
#113 = ORIENTED_EDGE ( 'NONE', *, *, #1694, .F. ) ;
#114 = CARTESIAN_POINT ( 'NONE',  ( -9.128927733950970236, -6.615687317718689897, -11.58000000000000007 ) ) ;
#115 = ORIENTED_EDGE ( 'NONE', *, *, #5337, .T. ) ;
#116 = DIRECTION ( 'NONE',  ( 1.000000000000000000, 0.000000000000000000, 0.000000000000000000 ) ) ;
#117 = EDGE_CURVE ( 'NONE', #1725, #932, #5078, .T. ) ;
#118 = CARTESIAN_POINT ( 'NONE',  ( 12.88488006795826912, -63.19991982300554412, -1.200000000000000622 ) ) ;
#119 = ORIENTED_EDGE ( 'NONE', *, *, #5242, .F. ) ;
#120 = VECTOR ( 'NONE', #1675, 1000.000000000000000 ) ;
#121 = EDGE_CURVE ( 'NONE', #3235, #4671, #3648, .T. ) ;
#122 = VECTOR ( 'NONE', #902, 1000.000000000000000 ) ;
#123 = EDGE_CURVE ( 'NONE', #2357, #510, #5173, .T. ) ;
#124 = CIRCLE ( 'NONE', #4371, 66.00000000000000000 ) ;
#125 = CIRCLE ( 'NONE', #2244, 10.00000000000000000 ) ;
#126 = LINE ( 'NONE', #4301, #3781 ) ;
#127 = CARTESIAN_POINT ( 'NONE',  ( -44.61716992170384799, 50.27188602213590229, -2.700000000000001066 ) ) ;
#128 = FACE_OUTER_BOUND ( 'NONE', #3619, .T. ) ;
#129 = DIRECTION ( 'NONE',  ( 0.000000000000000000, 0.000000000000000000, -1.000000000000000000 ) ) ;
#130 = CARTESIAN_POINT ( 'NONE',  ( -74.67592367876652304, 17.76587069514967254, 2.725829105101462702 ) ) ;
#131 = ORIENTED_EDGE ( 'NONE', *, *, #462, .T. ) ;
#132 = FACE_OUTER_BOUND ( 'NONE', #1755, .T. ) ;
#133 = VERTEX_POINT ( 'NONE', #1946 ) ;
#134 = CARTESIAN_POINT ( 'NONE',  ( -37.04008753396534814, 28.63376137949524747, -7.382251208476880322 ) ) ;
#135 = VERTEX_POINT ( 'NONE', #2401 ) ;
#136 = AXIS2_PLACEMENT_3D ( 'NONE', #1999, #4740, #4272 ) ;
#137 = CARTESIAN_POINT ( 'NONE',  ( -75.25514278654111422, 18.04543853741262183, -3.171953955625718802 ) ) ;
#138 = CARTESIAN_POINT ( 'NONE',  ( 9.259791655096590191, -36.25097201019460158, 11.58000000000000007 ) ) ;
#139 = ORIENTED_EDGE ( 'NONE', *, *, #527, .F. ) ;
#140 = ORIENTED_EDGE ( 'NONE', *, *, #1959, .T. ) ;
#141 = DIRECTION ( 'NONE',  ( 0.000000000000000000, 0.000000000000000000, 1.000000000000000000 ) ) ;
#142 = FACE_OUTER_BOUND ( 'NONE', #5159, .T. ) ;
#143 = ORIENTED_EDGE ( 'NONE', *, *, #1595, .T. ) ;
#144 = CARTESIAN_POINT ( 'NONE',  ( 21.95226649703413813, -73.55418230445455663, 2.725829105101463590 ) ) ;
#145 = VECTOR ( 'NONE', #3824, 1000.000000000000000 ) ;
#146 =( BOUNDED_CURVE ( )  B_SPLINE_CURVE ( 3, ( #370, #2679, #304, #2146 ),
 .UNSPECIFIED., .F., .T. ) 
 B_SPLINE_CURVE_WITH_KNOTS ( ( 4, 4 ),
 ( 0.9379332943783541543, 1.570796326794897002 ),
 .UNSPECIFIED. ) 
 CURVE ( )  GEOMETRIC_REPRESENTATION_ITEM ( )  RATIONAL_B_SPLINE_CURVE ( ( 1.000000000000000000, 0.9669012650407979859, 0.9669012650407979859, 1.000000000000000000 ) ) 
 REPRESENTATION_ITEM ( '' )  );
#147 = DIRECTION ( 'NONE',  ( -0.2804078471310355591, -0.9598809505700891531, 0.000000000000000000 ) ) ;
#148 = EDGE_CURVE ( 'NONE', #622, #5195, #587, .T. ) ;
#149 = CARTESIAN_POINT ( 'NONE',  ( 53.34974655856343873, 56.21436241866535255, 3.816639643088844736 ) ) ;
#150 = ORIENTED_EDGE ( 'NONE', *, *, #4642, .F. ) ;
#151 = EDGE_CURVE ( 'NONE', #3143, #3844, #74, .T. ) ;
#152 = CARTESIAN_POINT ( 'NONE',  ( 42.59035630309701759, 48.70757428514551179, 1.958466337067093166 ) ) ;
#153 = CARTESIAN_POINT ( 'NONE',  ( 64.51547898972513906, 12.95720327612543699, 2.700000000000002398 ) ) ;
#154 = AXIS2_PLACEMENT_3D ( 'NONE', #3367, #4273, #2398 ) ;
#155 = PLANE ( 'NONE',  #365 ) ;
#156 = EDGE_CURVE ( 'NONE', #5490, #3375, #2702, .T. ) ;
#157 = ORIENTED_EDGE ( 'NONE', *, *, #2828, .F. ) ;
#158 = EDGE_CURVE ( 'NONE', #2728, #5747, #1416, .T. ) ;
#159 = DIRECTION ( 'NONE',  ( 0.9183859878646967179, 0.3773831369225122967, 0.1189501797405513595 ) ) ;
#160 = ORIENTED_EDGE ( 'NONE', *, *, #4978, .F. ) ;
#161 = DIRECTION ( 'NONE',  ( 0.000000000000000000, 0.000000000000000000, 1.000000000000000000 ) ) ;
#162 = ORIENTED_EDGE ( 'NONE', *, *, #4075, .F. ) ;
#163 = CARTESIAN_POINT ( 'NONE',  ( 2.329778827326880020, 22.42745397154639875, 11.58000000000000007 ) ) ;
#164 = DIRECTION ( 'NONE',  ( 0.000000000000000000, 0.000000000000000000, 1.000000000000000000 ) ) ;
#165 = ORIENTED_EDGE ( 'NONE', *, *, #834, .F. ) ;
#166 = VECTOR ( 'NONE', #647, 1000.000000000000114 ) ;
#167 = ADVANCED_FACE ( 'NONE', ( #4656 ), #2344, .F. ) ;
#168 = EDGE_LOOP ( 'NONE', ( #4807, #817 ) ) ;
#169 = CARTESIAN_POINT ( 'NONE',  ( 49.32471779618448693, 43.55696874806058361, -2.690307872283306256 ) ) ;
#170 = EDGE_CURVE ( 'NONE', #3217, #5058, #1911, .T. ) ;
#171 = DIRECTION ( 'NONE',  ( 0.000000000000000000, 0.000000000000000000, -1.000000000000000000 ) ) ;
#172 = ORIENTED_EDGE ( 'NONE', *, *, #179, .F. ) ;
#173 = CARTESIAN_POINT ( 'NONE',  ( 1.387778780781445991E-14, 28.88952088593959999, 10.87636315201899961 ) ) ;
#174 = AXIS2_PLACEMENT_3D ( 'NONE', #4463, #2583, #3556 ) ;
#175 = CARTESIAN_POINT ( 'NONE',  ( -20.58763429522879917, -9.196079336109010072, -11.12841576485195993 ) ) ;
#176 = VERTEX_POINT ( 'NONE', #5535 ) ;
#177 = EDGE_CURVE ( 'NONE', #3249, #3105, #5600, .T. ) ;
#178 = B_SPLINE_CURVE_WITH_KNOTS ( 'NONE', 3,
 ( #4131, #5081, #3679, #2311, #927, #3263, #2777, #5630, #536, #4714 ),
 .UNSPECIFIED., .F., .F.,
 ( 4, 2, 2, 2, 4 ),
 ( 2.168404344971008868E-18, 0.0003951855715451778220, 0.0007903711430903534755, 0.001185556714635529075, 0.001580742286180704783 ),
 .UNSPECIFIED. ) ;
#179 = EDGE_CURVE ( 'NONE', #4640, #3474, #986, .T. ) ;
#180 = VECTOR ( 'NONE', #5403, 1000.000000000000114 ) ;
#181 = CARTESIAN_POINT ( 'NONE',  ( 22.37586229906959190, -6.290523000010771248, -10.79796036138131399 ) ) ;
#182 = CARTESIAN_POINT ( 'NONE',  ( 15.79203733971025869, -75.87398471585106563, -3.730156933474061187 ) ) ;
#183 = CARTESIAN_POINT ( 'NONE',  ( 61.17517611784168707, 20.44132644793515752, -1.299151729025848745 ) ) ;
#184 = EDGE_LOOP ( 'NONE', ( #3384, #1601, #5365, #4732 ) ) ;
#185 = AXIS2_PLACEMENT_3D ( 'NONE', #4617, #2469, #461 ) ;
#186 = CARTESIAN_POINT ( 'NONE',  ( -13.11336938590016032, -64.89851196855261151, -5.076071568124019606 ) ) ;
#187 = CARTESIAN_POINT ( 'NONE',  ( 89.50000000000000000, 0.000000000000000000, -4.000000000000000000 ) ) ;
#188 = CARTESIAN_POINT ( 'NONE',  ( 15.67427426556866266, -75.39146675051644308, 2.826194432022893110 ) ) ;
#189 = CIRCLE ( 'NONE', #4447, 10.00000000000000000 ) ;
#190 = ADVANCED_FACE ( 'NONE', ( #3348 ), #5201, .T. ) ;
#191 = EDGE_LOOP ( 'NONE', ( #2815, #5067, #1867, #4615, #5320, #4546, #5752, #394, #4211 ) ) ;
#192 = DIRECTION ( 'NONE',  ( -0.9910735647809233440, 0.1333161250278182552, 0.000000000000000000 ) ) ;
#193 = CARTESIAN_POINT ( 'NONE',  ( -16.35785556581524958, -27.56975627347355129, 11.58000000000000007 ) ) ;
#194 = VERTEX_POINT ( 'NONE', #4223 ) ;
#195 = ORIENTED_EDGE ( 'NONE', *, *, #407, .T. ) ;
#196 = CARTESIAN_POINT ( 'NONE',  ( -20.15764278328349945, -9.843526137346842120, -11.20554402546023276 ) ) ;
#197 = CYLINDRICAL_SURFACE ( 'NONE', #4476, 10.00000000000000000 ) ;
#198 = VERTEX_POINT ( 'NONE', #3318 ) ;
#199 = DIRECTION ( 'NONE',  ( 0.000000000000000000, 0.000000000000000000, 1.000000000000000000 ) ) ;
#200 = DIRECTION ( 'NONE',  ( 0.000000000000000000, 0.000000000000000000, 1.000000000000000000 ) ) ;
#201 = CARTESIAN_POINT ( 'NONE',  ( -48.29029604988339486, 42.75859337507043989, -1.299151729025849411 ) ) ;
#202 = CARTESIAN_POINT ( 'NONE',  ( 57.81277958042414866, 51.61329787162704008, 3.730156933474054082 ) ) ;
#203 = CARTESIAN_POINT ( 'NONE',  ( 48.29029604988343038, 42.75859337507041857, 1.299151729025848301 ) ) ;
#204 = ORIENTED_EDGE ( 'NONE', *, *, #2475, .T. ) ;
#205 = EDGE_CURVE ( 'NONE', #5814, #3947, #649, .T. ) ;
#206 = DIRECTION ( 'NONE',  ( -0.1100233192535945564, 0.04521077836900300184, -0.9929002239599357127 ) ) ;
#207 = CARTESIAN_POINT ( 'NONE',  ( 52.92599791683954180, 55.92600350625949801, -2.823807413761371787 ) ) ;
#208 = CARTESIAN_POINT ( 'NONE',  ( 64.33165850652169127, 12.88166776981482187, 2.660999025887021752 ) ) ;
#209 = CARTESIAN_POINT ( 'NONE',  ( 57.28051757697097202, 51.10438254720224904, -2.699999999999999734 ) ) ;
#211 = EDGE_LOOP ( 'NONE', ( #4404, #5372, #4502, #93, #942, #3697 ) ) ;
#210 = TOROIDAL_SURFACE ( 'NONE', #4369, 97.70000000000000284, 5.000000000000000000 ) ;
#212 = CARTESIAN_POINT ( 'NONE',  ( 0.000000000000000000, 0.000000000000000000, 4.000000000000000000 ) ) ;
#213 = AXIS2_PLACEMENT_3D ( 'NONE', #4245, #1446, #1073 ) ;
#214 = VECTOR ( 'NONE', #3408, 1000.000000000000000 ) ;
#215 = DIRECTION ( 'NONE',  ( -0.1333161250278181442, 0.9910735647809234550, 0.000000000000000000 ) ) ;
#216 = CARTESIAN_POINT ( 'NONE',  ( -20.92922221243138736, -61.55334706143794676, -2.334806074537966847 ) ) ;
#217 = EDGE_CURVE ( 'NONE', #895, #5129, #3910, .T. ) ;
#218 = ORIENTED_EDGE ( 'NONE', *, *, #3136, .F. ) ;
#219 = ADVANCED_FACE ( 'NONE', ( #2003 ), #5692, .F. ) ;
#220 = CARTESIAN_POINT ( 'NONE',  ( -56.38898827513899903, 53.20810650225745775, -3.748451753904312511 ) ) ;
#221 = CARTESIAN_POINT ( 'NONE',  ( 75.35793919139113939, 18.09505459584463694, -3.700000000000000178 ) ) ;
#222 = B_SPLINE_CURVE_WITH_KNOTS ( 'NONE', 3,
 ( #4855, #1584, #5708, #2516, #2058, #694, #209, #2999 ),
 .UNSPECIFIED., .F., .F.,
 ( 4, 2, 2, 4 ),
 ( 6.505213034913026604E-18, 0.0003906555602599906963, 0.0007813111205199748874, 0.001562622241039953678 ),
 .UNSPECIFIED. ) ;
#223 = EDGE_CURVE ( 'NONE', #455, #1338, #1530, .T. ) ;
#224 = EDGE_LOOP ( 'NONE', ( #2985, #3015, #4608, #1529 ) ) ;
#225 = ADVANCED_FACE ( 'NONE', ( #5287 ), #5256, .T. ) ;
#226 = CIRCLE ( 'NONE', #709, 77.50000000000000000 ) ;
#227 = ORIENTED_EDGE ( 'NONE', *, *, #3395, .T. ) ;
#228 = CARTESIAN_POINT ( 'NONE',  ( 0.000000000000000000, 0.000000000000000000, -2.700000000000000178 ) ) ;
#229 = DIRECTION ( 'NONE',  ( 1.000000000000000000, 0.000000000000000000, 0.000000000000000000 ) ) ;
#230 = ORIENTED_EDGE ( 'NONE', *, *, #4088, .F. ) ;
#231 = CARTESIAN_POINT ( 'NONE',  ( 43.47900669398617168, 49.39344210436042459, -2.700000000000001510 ) ) ;
#232 = DIRECTION ( 'NONE',  ( -0.1323696103975913474, -0.9840371644317505995, 0.1189501797405513456 ) ) ;
#233 = CARTESIAN_POINT ( 'NONE',  ( -48.88143132478010244, 43.21483653437264394, -2.510770646708688325 ) ) ;
#234 = FACE_OUTER_BOUND ( 'NONE', #5855, .T. ) ;
#235 = AXIS2_PLACEMENT_3D ( 'NONE', #2825, #1910, #5621 ) ;
#236 = CARTESIAN_POINT ( 'NONE',  ( -26.76436684515885034, 26.14470081216209962, 11.58000000000000007 ) ) ;
#237 = ORIENTED_EDGE ( 'NONE', *, *, #5373, .T. ) ;
#238 = ADVANCED_FACE ( 'NONE', ( #2032 ), #155, .T. ) ;
#239 = VECTOR ( 'NONE', #4756, 1000.000000000000114 ) ;
#240 = FACE_OUTER_BOUND ( 'NONE', #1628, .T. ) ;
#241 = DIRECTION ( 'NONE',  ( 1.000000000000000000, 0.000000000000000000, 0.000000000000000000 ) ) ;
#242 = CARTESIAN_POINT ( 'NONE',  ( 13.08529901606909895, -64.68983652522287287, 2.700000000000001066 ) ) ;
#243 = DIRECTION ( 'NONE',  ( 1.000000000000000000, 0.000000000000000000, 0.000000000000000000 ) ) ;
#244 = ORIENTED_EDGE ( 'NONE', *, *, #3990, .T. ) ;
#245 = CARTESIAN_POINT ( 'NONE',  ( -42.58930887129656639, 48.70676586850369461, 1.956216145883734159 ) ) ;
#246 = CARTESIAN_POINT ( 'NONE',  ( -64.07851401838307481, 12.77764564590323282, 2.550567172170616903 ) ) ;
#247 = CARTESIAN_POINT ( 'NONE',  ( 0.000000000000000000, 0.000000000000000000, 20.00000000000000000 ) ) ;
#248 = ORIENTED_EDGE ( 'NONE', *, *, #495, .F. ) ;
#249 = EDGE_CURVE ( 'NONE', #1516, #4862, #1614, .T. ) ;
#250 = EDGE_CURVE ( 'NONE', #4596, #1654, #1075, .T. ) ;
#251 = LINE ( 'NONE', #5721, #214 ) ;
#252 = ORIENTED_EDGE ( 'NONE', *, *, #151, .F. ) ;
#253 = ORIENTED_EDGE ( 'NONE', *, *, #3995, .F. ) ;
#254 = LINE ( 'NONE', #4931, #1252 ) ;
#255 = CARTESIAN_POINT ( 'NONE',  ( -21.94246284174699468, -73.42179231088161373, 2.700000000000000622 ) ) ;
#256 = ORIENTED_EDGE ( 'NONE', *, *, #4212, .T. ) ;
#257 = DIRECTION ( 'NONE',  ( 0.000000000000000000, 0.000000000000000000, 1.000000000000000000 ) ) ;
#258 = CARTESIAN_POINT ( 'NONE',  ( 5.740178428435150693, 22.52332668258215875, 10.79796036138131932 ) ) ;
#259 = DIRECTION ( 'NONE',  ( -0.000000000000000000, -0.000000000000000000, -1.000000000000000000 ) ) ;
#260 = CARTESIAN_POINT ( 'NONE',  ( -48.41095224613417258, 42.85171683852210833, -1.865393831290128368 ) ) ;
#261 = VECTOR ( 'NONE', #1203, 1000.000000000000000 ) ;
#262 = CARTESIAN_POINT ( 'NONE',  ( -21.06311949677307283, -62.54874097105918196, 2.700000000000001066 ) ) ;
#263 = CYLINDRICAL_SURFACE ( 'NONE', #1538, 26.76213688802224411 ) ;
#264 = ORIENTED_EDGE ( 'NONE', *, *, #4018, .T. ) ;
#265 = ADVANCED_FACE ( 'NONE', ( #4857 ), #2292, .T. ) ;
#266 = ORIENTED_EDGE ( 'NONE', *, *, #4471, .T. ) ;
#267 = VECTOR ( 'NONE', #2629, 999.9999999999998863 ) ;
#268 = CARTESIAN_POINT ( 'NONE',  ( 0.000000000000000000, 0.000000000000000000, 16.00000000000000000 ) ) ;
#269 = CYLINDRICAL_SURFACE ( 'NONE', #5367, 26.76213688802224411 ) ;
#270 = DIRECTION ( 'NONE',  ( 0.7916368216055729157, -0.6109919333986548740, 0.000000000000000000 ) ) ;
#271 = EDGE_CURVE ( 'NONE', #3960, #3109, #730, .T. ) ;
#272 = ORIENTED_EDGE ( 'NONE', *, *, #5138, .T. ) ;
#273 = FACE_OUTER_BOUND ( 'NONE', #4636, .T. ) ;
#274 = VECTOR ( 'NONE', #5034, 1000.000000000000000 ) ;
#275 = CARTESIAN_POINT ( 'NONE',  ( 20.58763429522879917, -9.196079336109010072, 11.12841576485195993 ) ) ;
#276 = CARTESIAN_POINT ( 'NONE',  ( -57.08957099096645038, 50.92181147668848240, -2.700000000000001066 ) ) ;
#277 = VECTOR ( 'NONE', #565, 1000.000000000000000 ) ;
#278 = ORIENTED_EDGE ( 'NONE', *, *, #1641, .T. ) ;
#279 = DIRECTION ( 'NONE',  ( 0.4078420590987375527, 0.9130524929214650642, 0.000000000000000000 ) ) ;
#280 = CARTESIAN_POINT ( 'NONE',  ( 75.16975625611219414, 18.00422558751171564, -3.080606740574596714 ) ) ;
#281 = AXIS2_PLACEMENT_3D ( 'NONE', #4486, #2996, #3453 ) ;
#282 = ADVANCED_FACE ( 'NONE', ( #4334 ), #724, .T. ) ;
#283 = ORIENTED_EDGE ( 'NONE', *, *, #2582, .F. ) ;
#284 = DIRECTION ( 'NONE',  ( 1.000000000000000000, 0.000000000000000000, 0.000000000000000000 ) ) ;
#285 = VECTOR ( 'NONE', #3954, 1000.000000000000000 ) ;
#286 = CARTESIAN_POINT ( 'NONE',  ( -21.06311949677307283, -62.54874097105918196, 2.700000000000001066 ) ) ;
#287 = ORIENTED_EDGE ( 'NONE', *, *, #629, .F. ) ;
#288 = DIRECTION ( 'NONE',  ( 1.000000000000000000, 0.000000000000000000, 0.000000000000000000 ) ) ;
#289 = DIRECTION ( 'NONE',  ( 1.224646799147353207E-16, 1.000000000000000000, -0.000000000000000000 ) ) ;
#290 = CARTESIAN_POINT ( 'NONE',  ( 0.000000000000000000, 0.000000000000000000, 1.200000000000000178 ) ) ;
#291 = LINE ( 'NONE', #1576, #2858 ) ;
#292 = CARTESIAN_POINT ( 'NONE',  ( 48.29029604988337354, 42.75859337507038305, 1.199999999999999289 ) ) ;
#293 = UNCERTAINTY_MEASURE_WITH_UNIT (LENGTH_MEASURE( 1.000000000000000082E-05 ), #4797, 'distance_accuracy_value', 'NONE');
#294 = ORIENTED_EDGE ( 'NONE', *, *, #871, .F. ) ;
#295 = VERTEX_POINT ( 'NONE', #186 ) ;
#296 = EDGE_CURVE ( 'NONE', #2390, #5384, #3881, .T. ) ;
#297 = DIRECTION ( 'NONE',  ( 1.000000000000000000, 0.000000000000000000, 0.000000000000000000 ) ) ;
#298 = CARTESIAN_POINT ( 'NONE',  ( 70.93349997486149050, 23.48032107784040079, -4.061698908049449663 ) ) ;
#299 = CARTESIAN_POINT ( 'NONE',  ( -89.50000000000000000, 1.096058885236880996E-14, 4.000000000000000000 ) ) ;
#300 = EDGE_CURVE ( 'NONE', #2556, #3028, #2543, .T. ) ;
#301 = ORIENTED_EDGE ( 'NONE', *, *, #2642, .T. ) ;
#302 = CARTESIAN_POINT ( 'NONE',  ( 53.83497994417569998, 47.80997698972180387, 4.385798943796000771 ) ) ;
#303 = ADVANCED_FACE ( 'NONE', ( #4364 ), #5192, .T. ) ;
#304 = CARTESIAN_POINT ( 'NONE',  ( -26.74405476411228832, -2.563829000765906141, -10.14422924628220457 ) ) ;
#305 = CARTESIAN_POINT ( 'NONE',  ( 0.000000000000000000, 0.000000000000000000, 1.200000000000000178 ) ) ;
#306 = CIRCLE ( 'NONE', #2237, 77.50000000000000000 ) ;
#307 = FACE_OUTER_BOUND ( 'NONE', #49, .T. ) ;
#308 = CIRCLE ( 'NONE', #2141, 66.00000000000000000 ) ;
#309 = ORIENTED_EDGE ( 'NONE', *, *, #5338, .T. ) ;
#310 = CARTESIAN_POINT ( 'NONE',  ( 57.81277958042414866, 51.61329787162703298, -16.00000000000000000 ) ) ;
#311 = DIRECTION ( 'NONE',  ( -0.000000000000000000, -0.000000000000000000, -1.000000000000000000 ) ) ;
#312 = TOROIDAL_SURFACE ( 'NONE', #5262, 76.50000000000000000, 1.000000000000000000 ) ;
#313 = CARTESIAN_POINT ( 'NONE',  ( 20.58763429522879917, -9.196079336109010072, -11.12841576485195993 ) ) ;
#314 = FACE_BOUND ( 'NONE', #5447, .T. ) ;
#315 = ORIENTED_EDGE ( 'NONE', *, *, #3702, .T. ) ;
#316 = CARTESIAN_POINT ( 'NONE',  ( 42.49017369915893028, 48.63025251182412489, -1.687485246541772677 ) ) ;
#317 = DIRECTION ( 'NONE',  ( 1.000000000000000000, 0.000000000000000000, 0.000000000000000000 ) ) ;
#318 = CARTESIAN_POINT ( 'NONE',  ( -53.25537958910055636, 56.15014614986355923, 3.171953955625722354 ) ) ;
#319 = DIRECTION ( 'NONE',  ( 0.000000000000000000, 0.000000000000000000, -1.000000000000000000 ) ) ;
#320 = FACE_OUTER_BOUND ( 'NONE', #2641, .T. ) ;
#321 = CARTESIAN_POINT ( 'NONE',  ( 51.66231831176899902, 55.06607561347569657, -4.060724579254965327 ) ) ;
#322 = VERTEX_POINT ( 'NONE', #4767 ) ;
#323 = VECTOR ( 'NONE', #2704, 1000.000000000000227 ) ;
#324 = EDGE_LOOP ( 'NONE', ( #4415, #2821, #3934, #899 ) ) ;
#325 = ORIENTED_EDGE ( 'NONE', *, *, #3702, .F. ) ;
#326 = AXIS2_PLACEMENT_3D ( 'NONE', #1491, #5702, #2881 ) ;
#327 = EDGE_CURVE ( 'NONE', #5011, #4577, #3553, .T. ) ;
#328 = LINE ( 'NONE', #2170, #1074 ) ;
#329 = LINE ( 'NONE', #298, #1785 ) ;
#330 = DIRECTION ( 'NONE',  ( 0.000000000000000000, 0.000000000000000000, 1.000000000000000000 ) ) ;
#331 = CARTESIAN_POINT ( 'NONE',  ( 63.28658662012545477, 12.45222686804897627, -1.400051709518746135 ) ) ;
#332 = ORIENTED_EDGE ( 'NONE', *, *, #2103, .T. ) ;
#333 = ADVANCED_FACE ( 'NONE', ( #2609 ), #3996, .F. ) ;
#334 = DIRECTION ( 'NONE',  ( 1.000000000000000000, 0.000000000000000000, -0.000000000000000000 ) ) ;
#335 = CARTESIAN_POINT ( 'NONE',  ( -63.77137334938120006, 12.65143541330385268, 2.334806074537963738 ) ) ;
#336 = FACE_OUTER_BOUND ( 'NONE', #5906, .T. ) ;
#337 = EDGE_CURVE ( 'NONE', #510, #2827, #4343, .T. ) ;
#338 = LINE ( 'NONE', #5504, #1233 ) ;
#339 = ORIENTED_EDGE ( 'NONE', *, *, #1615, .T. ) ;
#340 = EDGE_CURVE ( 'NONE', #2525, #880, #2236, .T. ) ;
#341 = CIRCLE ( 'NONE', #4309, 102.7000000000000171 ) ;
#342 = DIRECTION ( 'NONE',  ( 0.000000000000000000, 0.000000000000000000, -1.000000000000000000 ) ) ;
#343 = DIRECTION ( 'NONE',  ( 1.000000000000000000, 9.769962616701377556E-15, 0.000000000000000000 ) ) ;
#344 = EDGE_LOOP ( 'NONE', ( #560, #5785, #2727, #4750, #5918, #3865, #3222, #5565, #3775 ) ) ;
#345 = DIRECTION ( 'NONE',  ( 0.000000000000000000, 0.000000000000000000, 1.000000000000000000 ) ) ;
#346 = DIRECTION ( 'NONE',  ( -0.000000000000000000, -0.000000000000000000, -1.000000000000000000 ) ) ;
#347 = ORIENTED_EDGE ( 'NONE', *, *, #2404, .F. ) ;
#348 = CARTESIAN_POINT ( 'NONE',  ( 92.50000000000000000, 0.000000000000000000, -20.00000000000000000 ) ) ;
#349 = CARTESIAN_POINT ( 'NONE',  ( 0.000000000000000000, 0.000000000000000000, -3.700000000000000178 ) ) ;
#350 = ADVANCED_FACE ( 'NONE', ( #1734 ), #1795, .T. ) ;
#351 = CARTESIAN_POINT ( 'NONE',  ( -13.08529901606909895, -64.68983652522287287, 2.700000000000001066 ) ) ;
#352 = CARTESIAN_POINT ( 'NONE',  ( 15.55479685005096080, -74.90192450767632693, -2.700000000000001066 ) ) ;
#353 = CARTESIAN_POINT ( 'NONE',  ( -75.35793919139108255, 18.09505459584467957, 3.700000000000001954 ) ) ;
#354 = DIRECTION ( 'NONE',  ( -0.000000000000000000, -0.000000000000000000, -1.000000000000000000 ) ) ;
#355 = ORIENTED_EDGE ( 'NONE', *, *, #2644, .F. ) ;
#356 = VERTEX_POINT ( 'NONE', #5496 ) ;
#357 = ORIENTED_EDGE ( 'NONE', *, *, #2828, .T. ) ;
#358 = ORIENTED_EDGE ( 'NONE', *, *, #1102, .F. ) ;
#359 = VECTOR ( 'NONE', #3208, 1000.000000000000000 ) ;
#360 = DIRECTION ( 'NONE',  ( 0.000000000000000000, 0.000000000000000000, 1.000000000000000000 ) ) ;
#361 = CARTESIAN_POINT ( 'NONE',  ( -12.54516341247451905, 0.4582833856134559958, 11.58000000000000007 ) ) ;
#362 = CARTESIAN_POINT ( 'NONE',  ( -48.29029604988339486, 42.75859337507043989, -2.700000000000000178 ) ) ;
#363 = CARTESIAN_POINT ( 'NONE',  ( 74.43604214391356777, 17.65008866690260092, 2.700000000000001066 ) ) ;
#364 = ORIENTED_EDGE ( 'NONE', *, *, #652, .F. ) ;
#365 = AXIS2_PLACEMENT_3D ( 'NONE', #3489, #3371, #5230 ) ;
#366 = CIRCLE ( 'NONE', #2976, 76.50000000000000000 ) ;
#367 = EDGE_CURVE ( 'NONE', #2186, #106, #2733, .T. ) ;
#368 = FACE_BOUND ( 'NONE', #5670, .T. ) ;
#369 = DIRECTION ( 'NONE',  ( 0.000000000000000000, 0.000000000000000000, 1.000000000000000000 ) ) ;
#370 = CARTESIAN_POINT ( 'NONE',  ( -19.38420463070664823, -11.19147576156525936, -11.35262636160330096 ) ) ;
#371 = TOROIDAL_SURFACE ( 'NONE', #2314, 76.50000000000000000, 1.000000000000000000 ) ;
#372 = FACE_OUTER_BOUND ( 'NONE', #2835, .T. ) ;
#373 = DIRECTION ( 'NONE',  ( -0.4999999999999997780, 0.8660254037844388186, 0.000000000000000000 ) ) ;
#374 = ORIENTED_EDGE ( 'NONE', *, *, #1309, .F. ) ;
#375 = LINE ( 'NONE', #310, #2301 ) ;
#376 = CARTESIAN_POINT ( 'NONE',  ( -97.70000000000000284, 1.227096092745648204E-14, 20.00000000000000000 ) ) ;
#377 = CARTESIAN_POINT ( 'NONE',  ( 0.000000000000000000, 0.000000000000000000, -2.700000000000000178 ) ) ;
#378 = CARTESIAN_POINT ( 'NONE',  ( 102.7000000000000171, 0.000000000000000000, -20.00000000000000000 ) ) ;
#379 = VERTEX_POINT ( 'NONE', #1248 ) ;
#380 = CARTESIAN_POINT ( 'NONE',  ( 20.88664214265675412, -61.23680634641665677, -1.956216145883734159 ) ) ;
#381 = DIRECTION ( 'NONE',  ( 1.000000000000000000, 0.000000000000000000, -0.000000000000000000 ) ) ;
#382 = CARTESIAN_POINT ( 'NONE',  ( -74.89633872697808670, 17.87225696349558035, -2.823807413761369123 ) ) ;
#383 = CARTESIAN_POINT ( 'NONE',  ( -61.17517611784167286, 20.44132644793519304, -1.200000000000000622 ) ) ;
#384 = CARTESIAN_POINT ( 'NONE',  ( 52.50344623654228116, 55.63845912034692276, 2.700000000000001066 ) ) ;
#385 = B_SPLINE_CURVE_WITH_KNOTS ( 'NONE', 3,
 ( #4674, #1518, #1938, #4761, #5222, #604, #38, #2448, #4296, #1881, #5134, #4216, #3391, #523 ),
 .UNSPECIFIED., .F., .F.,
 ( 4, 2, 2, 2, 2, 2, 4 ),
 ( 8.673617379884035472E-19, 0.0002932293124433523260, 0.0005864586248867037846, 0.0008796879373300551348, 0.001172917249773406051, 0.001759375874660109836, 0.002345834499546813404 ),
 .UNSPECIFIED. ) ;
#386 = CARTESIAN_POINT ( 'NONE',  ( -12.98443059676850453, -63.93997956779031000, -2.510770646708685216 ) ) ;
#387 = VERTEX_POINT ( 'NONE', #5821 ) ;
#388 = ORIENTED_EDGE ( 'NONE', *, *, #3152, .T. ) ;
#389 = VECTOR ( 'NONE', #5578, 1000.000000000000000 ) ;
#390 = VERTEX_POINT ( 'NONE', #858 ) ;
#391 = ORIENTED_EDGE ( 'NONE', *, *, #2973, .T. ) ;
#392 = DIRECTION ( 'NONE',  ( 0.09416534221922179260, -0.07267760029779705977, -0.9929002239599357127 ) ) ;
#393 = PLANE ( 'NONE',  #3245 ) ;
#394 = ORIENTED_EDGE ( 'NONE', *, *, #1710, .F. ) ;
#395 = DIRECTION ( 'NONE',  ( 0.000000000000000000, 0.000000000000000000, 1.000000000000000000 ) ) ;
#396 = AXIS2_PLACEMENT_3D ( 'NONE', #4570, #5032, #2321 ) ;
#397 = CARTESIAN_POINT ( 'NONE',  ( -71.83530578497160946, 16.39480851055949984, 11.58000000000000007 ) ) ;
#398 = CARTESIAN_POINT ( 'NONE',  ( -43.63723890728325472, 49.51556705268238545, -2.700000000000001066 ) ) ;
#399 = LINE ( 'NONE', #1380, #5068 ) ;
#400 = CARTESIAN_POINT ( 'NONE',  ( 32.05503709188110406, -0.3814403346959289731, 9.456346035045680054 ) ) ;
#401 = VERTEX_POINT ( 'NONE', #1702 ) ;
#402 = CARTESIAN_POINT ( 'NONE',  ( 15.79203733971025869, -75.87398471585106563, -3.730156933474061187 ) ) ;
#403 = CARTESIAN_POINT ( 'NONE',  ( 0.000000000000000000, 0.000000000000000000, -16.00000000000000000 ) ) ;
#404 = VECTOR ( 'NONE', #501, 1000.000000000000114 ) ;
#405 = VECTOR ( 'NONE', #632, 1000.000000000000114 ) ;
#406 = ADVANCED_FACE ( 'NONE', ( #273 ), #5376, .T. ) ;
#407 = EDGE_CURVE ( 'NONE', #2083, #3085, #5017, .T. ) ;
#408 = DIRECTION ( 'NONE',  ( 1.000000000000000000, 0.000000000000000000, 0.000000000000000000 ) ) ;
#409 = VECTOR ( 'NONE', #4230, 1000.000000000000114 ) ;
#410 = DIRECTION ( 'NONE',  ( 0.000000000000000000, 0.000000000000000000, 1.000000000000000000 ) ) ;
#411 = ORIENTED_EDGE ( 'NONE', *, *, #1884, .F. ) ;
#412 = DIRECTION ( 'NONE',  ( 1.000000000000000000, 0.000000000000000000, 0.000000000000000000 ) ) ;
#413 = CARTESIAN_POINT ( 'NONE',  ( -21.22814543047354974, -63.77554560823040219, -2.700000000000001066 ) ) ;
#414 = PLANE ( 'NONE',  #4915 ) ;
#415 = CIRCLE ( 'NONE', #1186, 89.50000000000000000 ) ;
#416 = CARTESIAN_POINT ( 'NONE',  ( 15.76206942278128587, -75.75119530663009471, -3.196159497463321397 ) ) ;
#417 = DIRECTION ( 'NONE',  ( 0.000000000000000000, 0.000000000000000000, -1.000000000000000000 ) ) ;
#418 = EDGE_CURVE ( 'NONE', #1060, #2259, #3097, .T. ) ;
#419 = CARTESIAN_POINT ( 'NONE',  ( -12.88618076445770200, -63.20958921533238595, -1.396641109845309092 ) ) ;
#420 = ORIENTED_EDGE ( 'NONE', *, *, #3666, .F. ) ;
#421 = EDGE_LOOP ( 'NONE', ( #2004, #1354, #624, #1316 ) ) ;
#422 = VERTEX_POINT ( 'NONE', #1349 ) ;
#423 = EDGE_CURVE ( 'NONE', #837, #2332, #795, .T. ) ;
#424 = ORIENTED_EDGE ( 'NONE', *, *, #1855, .F. ) ;
#425 = ADVANCED_FACE ( 'NONE', ( #5466 ), #2643, .T. ) ;
#426 = CARTESIAN_POINT ( 'NONE',  ( 1.554077693883270328, 22.37879379940902425, -11.50031736591962428 ) ) ;
#427 = DIRECTION ( 'NONE',  ( 0.000000000000000000, 0.000000000000000000, 1.000000000000000000 ) ) ;
#428 = VERTEX_POINT ( 'NONE', #2175 ) ;
#429 = CARTESIAN_POINT ( 'NONE',  ( 49.48039228947092738, 43.67711962664280634, -2.700000000000001066 ) ) ;
#430 = VECTOR ( 'NONE', #5072, 1000.000000000000000 ) ;
#431 = ADVANCED_FACE ( 'NONE', ( #4029 ), #2676, .T. ) ;
#432 = DIRECTION ( 'NONE',  ( 0.2354353266877395323, -0.9646638016993202003, 0.1182960550417982287 ) ) ;
#433 = CARTESIAN_POINT ( 'NONE',  ( 43.63723890728325472, 49.51556705268237124, -2.700000000000001066 ) ) ;
#434 = DIRECTION ( 'NONE',  ( -0.000000000000000000, -0.000000000000000000, -1.000000000000000000 ) ) ;
#435 = CARTESIAN_POINT ( 'NONE',  ( 20.15764278328349235, -9.843526137346845672, 11.50031736591962250 ) ) ;
#436 = ORIENTED_EDGE ( 'NONE', *, *, #2334, .T. ) ;
#437 = AXIS2_PLACEMENT_3D ( 'NONE', #1058, #2906, #3285 ) ;
#438 = CARTESIAN_POINT ( 'NONE',  ( -61.71910332277120403, 20.66483699531524110, -2.393957509419891938 ) ) ;
#439 = CARTESIAN_POINT ( 'NONE',  ( -49.48039228947092028, 43.67711962664282765, 2.700000000000001066 ) ) ;
#440 = ADVANCED_FACE ( 'NONE', ( #4522, #368 ), #5912, .T. ) ;
#441 = ORIENTED_EDGE ( 'NONE', *, *, #4201, .F. ) ;
#442 = LINE ( 'NONE', #930, #5523 ) ;
#443 = EDGE_CURVE ( 'NONE', #2220, #3249, #3703, .T. ) ;
#444 = CARTESIAN_POINT ( 'NONE',  ( -54.45444904472720538, 48.40227423474970436, 11.58000000000000007 ) ) ;
#445 = ORIENTED_EDGE ( 'NONE', *, *, #786, .F. ) ;
#446 = CARTESIAN_POINT ( 'NONE',  ( 69.14482361059779691, 22.95779910444414895, 11.58000000000000007 ) ) ;
#447 = CARTESIAN_POINT ( 'NONE',  ( 13.83122605146200002, -10.02341889911700079, 11.58000000000000007 ) ) ;
#448 = DIRECTION ( 'NONE',  ( -0.000000000000000000, -0.000000000000000000, -1.000000000000000000 ) ) ;
#449 = DIRECTION ( 'NONE',  ( 1.000000000000000000, 0.000000000000000000, 0.000000000000000000 ) ) ;
#450 = LINE ( 'NONE', #3597, #1467 ) ;
#451 = CARTESIAN_POINT ( 'NONE',  ( -21.01032777624637404, -62.15628673011573824, -2.661871636317874934 ) ) ;
#452 = ORIENTED_EDGE ( 'NONE', *, *, #2056, .T. ) ;
#453 = CIRCLE ( 'NONE', #2474, 66.00000000000000000 ) ;
#454 = ORIENTED_EDGE ( 'NONE', *, *, #3918, .F. ) ;
#455 = VERTEX_POINT ( 'NONE', #5245 ) ;
#456 = ORIENTED_EDGE ( 'NONE', *, *, #37, .T. ) ;
#457 = PLANE ( 'NONE',  #2153 ) ;
#458 = ADVANCED_FACE ( 'NONE', ( #1410 ), #829, .F. ) ;
#459 = FACE_OUTER_BOUND ( 'NONE', #1562, .T. ) ;
#460 = VERTEX_POINT ( 'NONE', #4123 ) ;
#461 = DIRECTION ( 'NONE',  ( 1.000000000000000000, 0.000000000000000000, 0.000000000000000000 ) ) ;
#462 = EDGE_CURVE ( 'NONE', #4420, #3622, #3627, .T. ) ;
#463 = CLOSED_SHELL ( 'NONE', ( #2489, #5842, #4912, #3718, #4443, #3676, #3447, #2616, #537, #440, #5420, #3077, #4537, #3823 ) ) ;
#464 = LINE ( 'NONE', #43, #2512 ) ;
#465 = CARTESIAN_POINT ( 'NONE',  ( 20.96183012831495773, -61.79575467288077562, 2.505111542034143213 ) ) ;
#466 = CIRCLE ( 'NONE', #5399, 66.00000000000000000 ) ;
#467 = CARTESIAN_POINT ( 'NONE',  ( 65.84531535217739417, 13.50365958609456030, -2.700000000000001066 ) ) ;
#468 = DIRECTION ( 'NONE',  ( -0.9099532226527546896, -0.4064576778305258320, -0.08232428995431867458 ) ) ;
#469 = VERTEX_POINT ( 'NONE', #950 ) ;
#470 = LINE ( 'NONE', #5980, #959 ) ;
#471 = PLANE ( 'NONE',  #2610 ) ;
#472 = ORIENTED_EDGE ( 'NONE', *, *, #3848, .T. ) ;
#473 = CARTESIAN_POINT ( 'NONE',  ( -9.301589737437078398, 7.224956311659050279, -11.58000000000000007 ) ) ;
#474 = ADVANCED_FACE ( 'NONE', ( #1823, #3253 ), #3736, .F. ) ;
#475 = LINE ( 'NONE', #2656, #1284 ) ;
#476 = ORIENTED_EDGE ( 'NONE', *, *, #2213, .T. ) ;
#477 = VECTOR ( 'NONE', #2271, 1000.000000000000000 ) ;
#478 = CARTESIAN_POINT ( 'NONE',  ( 21.03647229573894251, -62.35064538048589355, -2.700000000000000622 ) ) ;
#479 = CARTESIAN_POINT ( 'NONE',  ( -49.17285531410669819, 43.43976001167663270, 2.652328933398603983 ) ) ;
#480 = FACE_OUTER_BOUND ( 'NONE', #1247, .T. ) ;
#481 = ADVANCED_FACE ( 'NONE', ( #4292 ), #41, .T. ) ;
#482 = DIRECTION ( 'NONE',  ( 0.1333161250278182552, -0.9910735647809233440, 0.000000000000000000 ) ) ;
#483 = CARTESIAN_POINT ( 'NONE',  ( -73.48349421396879677, 24.22524511697254113, -3.196159497463320953 ) ) ;
#484 = CARTESIAN_POINT ( 'NONE',  ( -20.93973444580688437, -61.63149512194515012, -2.397610250402977705 ) ) ;
#485 = VERTEX_POINT ( 'NONE', #631 ) ;
#486 = ORIENTED_EDGE ( 'NONE', *, *, #3528, .T. ) ;
#487 = ORIENTED_EDGE ( 'NONE', *, *, #4201, .T. ) ;
#488 = ORIENTED_EDGE ( 'NONE', *, *, #5640, .T. ) ;
#489 = VECTOR ( 'NONE', #5330, 1000.000000000000227 ) ;
#490 = CARTESIAN_POINT ( 'NONE',  ( 16.35785556581524958, -27.56975627347355129, -9.456346035045680054 ) ) ;
#491 = AXIS2_PLACEMENT_3D ( 'NONE', #1721, #2255, #2754 ) ;
#492 = DIRECTION ( 'NONE',  ( 1.000000000000000000, 0.000000000000000000, 0.000000000000000000 ) ) ;
#493 = ORIENTED_EDGE ( 'NONE', *, *, #4317, .F. ) ;
#494 = CARTESIAN_POINT ( 'NONE',  ( 21.93259590737125819, -73.28854778724955565, -2.700000000000001066 ) ) ;
#495 = EDGE_CURVE ( 'NONE', #5524, #4545, #5566, .T. ) ;
#496 = MECHANICAL_DESIGN_GEOMETRIC_PRESENTATION_REPRESENTATION (  '', ( #586 ), #3392 ) ;
#497 = EDGE_CURVE ( 'NONE', #1057, #723, #5160, .T. ) ;
#498 = CARTESIAN_POINT ( 'NONE',  ( -13.11336938590015322, -64.89851196855261151, -2.700000000000001066 ) ) ;
#499 = CARTESIAN_POINT ( 'NONE',  ( -5.740178428435142699, 22.52332668258216231, -10.79796036138131754 ) ) ;
#500 = DIRECTION ( 'NONE',  ( 0.000000000000000000, 0.000000000000000000, 1.000000000000000000 ) ) ;
#501 = DIRECTION ( 'NONE',  ( 0.8097278303719936954, 0.5868056243093309199, 0.000000000000000000 ) ) ;
#502 = CARTESIAN_POINT ( 'NONE',  ( 0.000000000000000000, 0.000000000000000000, 3.700000000000001954 ) ) ;
#503 = ORIENTED_EDGE ( 'NONE', *, *, #4560, .F. ) ;
#504 = ADVANCED_FACE ( 'NONE', ( #1377 ), #2768, .T. ) ;
#505 = CARTESIAN_POINT ( 'NONE',  ( 0.000000000000000000, 0.000000000000000000, -2.700000000000000178 ) ) ;
#506 = PRODUCT_DEFINITION_FORMATION_WITH_SPECIFIED_SOURCE ( 'ANY', '', #4357, .NOT_KNOWN. ) ;
#507 = ORIENTED_EDGE ( 'NONE', *, *, #4792, .T. ) ;
#508 = CARTESIAN_POINT ( 'NONE',  ( -42.88110197258254885, -24.00193188609835104, 11.58000000000000007 ) ) ;
#509 = CARTESIAN_POINT ( 'NONE',  ( -12.96327785837815583, -63.78272987397404137, 2.393957509419883056 ) ) ;
#510 = VERTEX_POINT ( 'NONE', #494 ) ;
#511 = FACE_OUTER_BOUND ( 'NONE', #1870, .T. ) ;
#512 = CARTESIAN_POINT ( 'NONE',  ( -21.22814543047354974, -63.77554560823040219, 5.079798781868669622 ) ) ;
#513 = CARTESIAN_POINT ( 'NONE',  ( 0.000000000000000000, 0.000000000000000000, -3.700000000000000178 ) ) ;
#514 = AXIS2_PLACEMENT_3D ( 'NONE', #2685, #3646, #3589 ) ;
#515 = CARTESIAN_POINT ( 'NONE',  ( 56.38898827513906298, 53.20810650225737959, 3.748451753904308514 ) ) ;
#516 = EDGE_LOOP ( 'NONE', ( #3989, #4432, #856, #5613 ) ) ;
#517 = VECTOR ( 'NONE', #4072, 1000.000000000000114 ) ;
#518 = ORIENTED_EDGE ( 'NONE', *, *, #926, .F. ) ;
#519 = CIRCLE ( 'NONE', #4865, 77.50000000000000000 ) ;
#520 = FACE_OUTER_BOUND ( 'NONE', #191, .T. ) ;
#521 = ORIENTED_EDGE ( 'NONE', *, *, #3432, .T. ) ;
#522 = B_SPLINE_CURVE_WITH_KNOTS ( 'NONE', 3,
 ( #5089, #4139, #1332, #1806, #933, #4174, #380, #4539, #5031, #3687, #5512, #4630, #478, #25 ),
 .UNSPECIFIED., .F., .F.,
 ( 4, 2, 2, 2, 2, 2, 4 ),
 ( 4.336808689942017736E-18, 0.0002956823241114721096, 0.0005913646482229398824, 0.0008870469723344076010, 0.001182729296445875428, 0.001774093944668795036, 0.002365458592891714860 ),
 .UNSPECIFIED. ) ;
#523 = CARTESIAN_POINT ( 'NONE',  ( -62.56569130554001390, 21.01271689858011982, 2.700000000000001066 ) ) ;
#524 = CARTESIAN_POINT ( 'NONE',  ( 12.98505048769440684, -63.94458784386780792, -2.502543056173716085 ) ) ;
#525 = EDGE_LOOP ( 'NONE', ( #4951, #3731, #5305, #4646, #5073, #2871 ) ) ;
#526 = VECTOR ( 'NONE', #4920, 1000.000000000000114 ) ;
#527 = EDGE_CURVE ( 'NONE', #734, #820, #4305, .T. ) ;
#528 = ADVANCED_FACE ( 'NONE', ( #3670 ), #4215, .T. ) ;
#529 = CARTESIAN_POINT ( 'NONE',  ( 17.88507778065337916, -75.43834959110196792, -3.748451753904301853 ) ) ;
#530 = FACE_OUTER_BOUND ( 'NONE', #5459, .T. ) ;
#531 = DIRECTION ( 'NONE',  ( 1.000000000000000000, 0.000000000000000000, 0.000000000000000000 ) ) ;
#532 = AXIS2_PLACEMENT_3D ( 'NONE', #4765, #3768, #1010 ) ;
#533 = DIRECTION ( 'NONE',  ( 0.5625899340260928083, 0.8267360921917685790, 0.000000000000000000 ) ) ;
#534 = ORIENTED_EDGE ( 'NONE', *, *, #4571, .T. ) ;
#535 = TOROIDAL_SURFACE ( 'NONE', #3909, 76.50000000000000000, 1.000000000000000000 ) ;
#536 = CARTESIAN_POINT ( 'NONE',  ( -21.94245904566720995, -73.42174104806554169, -2.700000000000000178 ) ) ;
#537 = ADVANCED_FACE ( 'NONE', ( #4783 ), #5696, .F. ) ;
#538 = VERTEX_POINT ( 'NONE', #4319 ) ;
#539 = FACE_OUTER_BOUND ( 'NONE', #344, .T. ) ;
#540 = DIRECTION ( 'NONE',  ( 0.000000000000000000, 0.000000000000000000, 1.000000000000000000 ) ) ;
#541 = ORIENTED_EDGE ( 'NONE', *, *, #2956, .T. ) ;
#542 = LINE ( 'NONE', #1926, #4863 ) ;
#543 = CARTESIAN_POINT ( 'NONE',  ( -15.79203733971027823, -75.87398471585102300, -3.435809613773170845 ) ) ;
#544 = CARTESIAN_POINT ( 'NONE',  ( 72.89557346346613542, 24.05349716027617646, -2.725960673943541135 ) ) ;
#545 = CARTESIAN_POINT ( 'NONE',  ( -54.90046165998757743, 54.74266988163410019, 3.777295774188605737 ) ) ;
#546 = VERTEX_POINT ( 'NONE', #4378 ) ;
#547 = ORIENTED_EDGE ( 'NONE', *, *, #2056, .F. ) ;
#548 = ADVANCED_FACE ( 'NONE', ( #2557 ), #4346, .F. ) ;
#549 = DIRECTION ( 'NONE',  ( 1.000000000000000000, 0.000000000000000000, 0.000000000000000000 ) ) ;
#550 = ORIENTED_EDGE ( 'NONE', *, *, #926, .T. ) ;
#551 = DIRECTION ( 'NONE',  ( 1.000000000000000000, 0.000000000000000000, 0.000000000000000000 ) ) ;
#552 = DIRECTION ( 'NONE',  ( 1.000000000000000000, 0.000000000000000000, 0.000000000000000000 ) ) ;
#553 = CARTESIAN_POINT ( 'NONE',  ( 18.97925227407845483, -11.85487130695233660, 11.28032816047816844 ) ) ;
#554 = VERTEX_POINT ( 'NONE', #4896 ) ;
#555 = B_SPLINE_CURVE_WITH_KNOTS ( 'NONE', 3,
 ( #4726, #571, #2490, #188, #3433, #2287, #1131, #3693 ),
 .UNSPECIFIED., .F., .F.,
 ( 4, 2, 2, 4 ),
 ( 0.000000000000000000, 0.0003906557361646314304, 0.0007813114723292628608, 0.001562622944658523987 ),
 .UNSPECIFIED. ) ;
#556 = CARTESIAN_POINT ( 'NONE',  ( 43.47895629198421119, 49.39340320367291071, 2.700000000000001066 ) ) ;
#557 = CARTESIAN_POINT ( 'NONE',  ( 63.43201109040874996, 12.51198468611891812, 1.869831954299019827 ) ) ;
#558 = CARTESIAN_POINT ( 'NONE',  ( -42.90457322591776546, 48.95008953954140196, -2.397610250402974152 ) ) ;
#559 = LINE ( 'NONE', #4164, #2694 ) ;
#560 = ORIENTED_EDGE ( 'NONE', *, *, #5658, .F. ) ;
#561 = VECTOR ( 'NONE', #4293, 1000.000000000000114 ) ;
#562 = CARTESIAN_POINT ( 'NONE',  ( -62.47398277570593450, 20.97503203281707584, -2.700000000000000622 ) ) ;
#563 = CIRCLE ( 'NONE', #1348, 77.50000000000000000 ) ;
#564 = ORIENTED_EDGE ( 'NONE', *, *, #1676, .F. ) ;
#565 = DIRECTION ( 'NONE',  ( -0.9531410217267549667, 0.2784389269897900032, 0.1182960550417982010 ) ) ;
#566 = CARTESIAN_POINT ( 'NONE',  ( -12.92521316789120434, -63.49975653908809647, 2.123422862775892206 ) ) ;
#567 = ORIENTED_EDGE ( 'NONE', *, *, #4850, .F. ) ;
#568 = LINE ( 'NONE', #1051, #409 ) ;
#569 = CARTESIAN_POINT ( 'NONE',  ( -15.79203733971028178, -75.87398471585103721, -3.700000000000000178 ) ) ;
#570 = CARTESIAN_POINT ( 'NONE',  ( -18.25785546790195113, -13.23137463543736025, 11.58000000000000007 ) ) ;
#571 = CARTESIAN_POINT ( 'NONE',  ( 15.58611611522515794, -75.03025088007943566, 2.700000000000000622 ) ) ;
#572 = ORIENTED_EDGE ( 'NONE', *, *, #4664, .T. ) ;
#573 = ORIENTED_EDGE ( 'NONE', *, *, #4580, .T. ) ;
#574 = CARTESIAN_POINT ( 'NONE',  ( -57.72142479118753755, 51.52595018965757845, 3.196159497463322285 ) ) ;
#575 = ORIENTED_EDGE ( 'NONE', *, *, #4189, .T. ) ;
#576 = CARTESIAN_POINT ( 'NONE',  ( 21.99276139380508255, -74.10103130783325298, 3.080606740574601154 ) ) ;
#577 =( BOUNDED_CURVE ( )  B_SPLINE_CURVE ( 3, ( #4618, #3706, #832, #1412 ),
 .UNSPECIFIED., .F., .F. ) 
 B_SPLINE_CURVE_WITH_KNOTS ( ( 4, 4 ),
 ( 0.9379332943783540433, 1.570796326794895670 ),
 .UNSPECIFIED. ) 
 CURVE ( )  GEOMETRIC_REPRESENTATION_ITEM ( )  RATIONAL_B_SPLINE_CURVE ( ( 1.000000000000000000, 0.9669012650407982079, 0.9669012650407982079, 1.000000000000000000 ) ) 
 REPRESENTATION_ITEM ( '' )  );
#578 = CARTESIAN_POINT ( 'NONE',  ( 20.58763429522879917, -9.196079336109010072, 11.57032204158815958 ) ) ;
#579 = CARTESIAN_POINT ( 'NONE',  ( 13.05908254957310355, -64.49494302002443646, -2.690307872283300927 ) ) ;
#580 = EDGE_LOOP ( 'NONE', ( #294, #2732, #5657, #476, #5235 ) ) ;
#581 = AXIS2_PLACEMENT_3D ( 'NONE', #268, #360, #3513 ) ;
#582 = DIRECTION ( 'NONE',  ( 0.07332666917523428252, -0.9902140555233037711, -0.1187405736543211687 ) ) ;
#583 = CARTESIAN_POINT ( 'NONE',  ( 92.50000000000000000, 0.000000000000000000, -16.00000000000000000 ) ) ;
#584 = CARTESIAN_POINT ( 'NONE',  ( 61.17517611784165865, 20.44132644793514331, -1.200000000000000622 ) ) ;
#585 = CARTESIAN_POINT ( 'NONE',  ( -43.03577832858820784, 49.05135473737517060, -2.505111542034141436 ) ) ;
#586 = STYLED_ITEM ( 'NONE', ( #1204 ), #3767 ) ;
#587 = LINE ( 'NONE', #957, #4421 ) ;
#588 = ORIENTED_EDGE ( 'NONE', *, *, #794, .T. ) ;
#589 = CARTESIAN_POINT ( 'NONE',  ( 49.48039228947092738, 43.67711962664280634, -2.700000000000001066 ) ) ;
#590 = AXIS2_PLACEMENT_3D ( 'NONE', #673, #732, #5852 ) ;
#591 = VERTEX_POINT ( 'NONE', #4405 ) ;
#592 = PLANE ( 'NONE',  #3093 ) ;
#593 = ORIENTED_EDGE ( 'NONE', *, *, #2109, .F. ) ;
#594 = PLANE ( 'NONE',  #5020 ) ;
#595 = DIRECTION ( 'NONE',  ( 0.000000000000000000, 0.000000000000000000, -1.000000000000000000 ) ) ;
#596 = EDGE_CURVE ( 'NONE', #3947, #688, #254, .T. ) ;
#597 = VERTEX_POINT ( 'NONE', #2526 ) ;
#598 = ORIENTED_EDGE ( 'NONE', *, *, #5851, .T. ) ;
#599 = CARTESIAN_POINT ( 'NONE',  ( 48.29029604988340907, 42.75859337507042568, -1.398311155798740657 ) ) ;
#600 = CARTESIAN_POINT ( 'NONE',  ( -57.81277958042407761, 51.61329787162706850, 3.567906166261297418 ) ) ;
#601 = EDGE_LOOP ( 'NONE', ( #1649, #1049 ) ) ;
#602 = DIRECTION ( 'NONE',  ( 0.000000000000000000, 0.000000000000000000, 1.000000000000000000 ) ) ;
#603 = ADVANCED_FACE ( 'NONE', ( #740 ), #3529, .T. ) ;
#604 = CARTESIAN_POINT ( 'NONE',  ( -61.31615150100462586, 20.49925604728653283, 1.865393831290124815 ) ) ;
#605 = EDGE_CURVE ( 'NONE', #2876, #2994, #3774, .T. ) ;
#606 = DIRECTION ( 'NONE',  ( 0.000000000000000000, 0.000000000000000000, 1.000000000000000000 ) ) ;
#607 = VERTEX_POINT ( 'NONE', #5321 ) ;
#608 = CIRCLE ( 'NONE', #2427, 94.50000000000000000 ) ;
#609 = EDGE_CURVE ( 'NONE', #3474, #2386, #1548, .T. ) ;
#610 = AXIS2_PLACEMENT_3D ( 'NONE', #3527, #706, #4373 ) ;
#611 = AXIS2_PLACEMENT_3D ( 'NONE', #3345, #500, #531 ) ;
#612 =( BOUNDED_CURVE ( )  B_SPLINE_CURVE ( 3, ( #1388, #4466, #3828, #5685 ),
 .UNSPECIFIED., .F., .T. ) 
 B_SPLINE_CURVE_WITH_KNOTS ( ( 4, 4 ),
 ( 3.992427501872510831, 4.079525947968146937 ),
 .UNSPECIFIED. ) 
 CURVE ( )  GEOMETRIC_REPRESENTATION_ITEM ( )  RATIONAL_B_SPLINE_CURVE ( ( 1.000000000000000000, 0.9993679216300043189, 0.9993679216300043189, 1.000000000000000000 ) ) 
 REPRESENTATION_ITEM ( '' )  );
#613 = CARTESIAN_POINT ( 'NONE',  ( 37.04008753396534814, 28.63376137949520128, -7.382251208476880322 ) ) ;
#614 = CARTESIAN_POINT ( 'NONE',  ( 42.67950881470412128, 48.77638294076577097, 2.121878349923646212 ) ) ;
#615 = CARTESIAN_POINT ( 'NONE',  ( 63.63967785839795255, 12.59731910691136392, 2.196394173759315116 ) ) ;
#616 = CARTESIAN_POINT ( 'NONE',  ( 0.000000000000000000, 0.000000000000000000, -1.200000000000000178 ) ) ;
#617 = VERTEX_POINT ( 'NONE', #1652 ) ;
#618 = CARTESIAN_POINT ( 'NONE',  ( -92.50000000000000000, 1.132798289211301698E-14, -16.00000000000000000 ) ) ;
#619 = EDGE_CURVE ( 'NONE', #1028, #2067, #3088, .T. ) ;
#620 = EDGE_CURVE ( 'NONE', #1372, #4849, #2021, .T. ) ;
#621 = ORIENTED_EDGE ( 'NONE', *, *, #1971, .F. ) ;
#622 = VERTEX_POINT ( 'NONE', #1199 ) ;
#623 = CARTESIAN_POINT ( 'NONE',  ( 53.17699486230706185, 56.09680572032150536, 3.080606740574609592 ) ) ;
#624 = ORIENTED_EDGE ( 'NONE', *, *, #5098, .F. ) ;
#625 = VECTOR ( 'NONE', #5370, 1000.000000000000000 ) ;
#626 = CARTESIAN_POINT ( 'NONE',  ( 1.098614904710434072E-14, 22.38295152313055070, 11.35262636160330096 ) ) ;
#627 = FACE_OUTER_BOUND ( 'NONE', #1786, .T. ) ;
#628 = VERTEX_POINT ( 'NONE', #5753 ) ;
#629 = EDGE_CURVE ( 'NONE', #4092, #1404, #3574, .T. ) ;
#630 = EDGE_LOOP ( 'NONE', ( #2024, #3510, #1001, #1331 ) ) ;
#631 = CARTESIAN_POINT ( 'NONE',  ( -53.34974655856334635, 56.21436241866536676, -3.816639643088859390 ) ) ;
#632 = DIRECTION ( 'NONE',  ( 0.9910735647809233440, 0.1333161250278182552, 0.000000000000000000 ) ) ;
#633 = ORIENTED_EDGE ( 'NONE', *, *, #5123, .T. ) ;
#634 = CARTESIAN_POINT ( 'NONE',  ( 0.000000000000000000, 0.000000000000000000, -3.700000000000000178 ) ) ;
#635 = DIRECTION ( 'NONE',  ( 1.000000000000000000, 0.000000000000000000, 0.000000000000000000 ) ) ;
#636 = DIRECTION ( 'NONE',  ( 0.000000000000000000, 0.000000000000000000, -1.000000000000000000 ) ) ;
#637 = ORIENTED_EDGE ( 'NONE', *, *, #4471, .F. ) ;
#638 = EDGE_CURVE ( 'NONE', #356, #3960, #4052, .T. ) ;
#639 = LINE ( 'NONE', #20, #4249 ) ;
#640 = CARTESIAN_POINT ( 'NONE',  ( 42.42723811148027124, 48.58167829780843050, 1.199999999999999289 ) ) ;
#641 = DIRECTION ( 'NONE',  ( 1.000000000000000000, 0.000000000000000000, 0.000000000000000000 ) ) ;
#642 = DIRECTION ( 'NONE',  ( 1.000000000000000000, 0.000000000000000000, 0.000000000000000000 ) ) ;
#643 = VECTOR ( 'NONE', #5309, 1000.000000000000114 ) ;
#644 = CARTESIAN_POINT ( 'NONE',  ( 15.79203733971028178, -75.87398471585103721, -16.00000000000000000 ) ) ;
#645 = CARTESIAN_POINT ( 'NONE',  ( 0.000000000000000000, 0.000000000000000000, -2.700000000000000178 ) ) ;
#646 = ORIENTED_EDGE ( 'NONE', *, *, #1311, .F. ) ;
#647 = DIRECTION ( 'NONE',  ( 0.7916368216055729157, -0.6109919333986548740, 0.000000000000000000 ) ) ;
#648 = CARTESIAN_POINT ( 'NONE',  ( 74.89625217335515117, 17.87221518723283964, -2.823892647829970404 ) ) ;
#649 = CIRCLE ( 'NONE', #5212, 10.00000000000000000 ) ;
#650 = ORIENTED_EDGE ( 'NONE', *, *, #2774, .T. ) ;
#651 = AXIS2_PLACEMENT_3D ( 'NONE', #2878, #1963, #2018 ) ;
#652 = EDGE_CURVE ( 'NONE', #2121, #3804, #5375, .T. ) ;
#653 = CARTESIAN_POINT ( 'NONE',  ( 1.146903615784844084E-14, 22.38295152313055070, -11.35262636160330096 ) ) ;
#654 = DIRECTION ( 'NONE',  ( 0.000000000000000000, 0.000000000000000000, -1.000000000000000000 ) ) ;
#655 = EDGE_LOOP ( 'NONE', ( #4009, #2201, #5039, #3938 ) ) ;
#656 = DIRECTION ( 'NONE',  ( -0.000000000000000000, -0.000000000000000000, -1.000000000000000000 ) ) ;
#657 = FACE_OUTER_BOUND ( 'NONE', #3353, .T. ) ;
#658 = CARTESIAN_POINT ( 'NONE',  ( 1.164889413663440010, 11.21372698577319937, 11.58000000000000007 ) ) ;
#659 = VECTOR ( 'NONE', #1355, 1000.000000000000114 ) ;
#660 = LINE ( 'NONE', #5094, #2995 ) ;
#661 = FACE_OUTER_BOUND ( 'NONE', #3156, .T. ) ;
#662 = VERTEX_POINT ( 'NONE', #2621 ) ;
#663 = ORIENTED_EDGE ( 'NONE', *, *, #4189, .F. ) ;
#664 = FACE_OUTER_BOUND ( 'NONE', #324, .T. ) ;
#665 = DIRECTION ( 'NONE',  ( -0.8599849567173972753, -0.4965125462598181105, -0.1179032044787942241 ) ) ;
#666 = CARTESIAN_POINT ( 'NONE',  ( 63.29591997895575872, 12.45606213152201747, 1.398257396422227572 ) ) ;
#667 = VERTEX_POINT ( 'NONE', #3922 ) ;
#668 = AXIS2_PLACEMENT_3D ( 'NONE', #4808, #2126, #4467 ) ;
#669 = EDGE_CURVE ( 'NONE', #4727, #65, #2809, .T. ) ;
#670 = DIRECTION ( 'NONE',  ( 1.000000000000000000, 0.000000000000000000, 0.000000000000000000 ) ) ;
#671 = EDGE_CURVE ( 'NONE', #3143, #3375, #3324, .T. ) ;
#672 = LINE ( 'NONE', #4397, #806 ) ;
#673 = CARTESIAN_POINT ( 'NONE',  ( 0.000000000000000000, 0.000000000000000000, 1.200000000000000178 ) ) ;
#674 = AXIS2_PLACEMENT_3D ( 'NONE', #1763, #5567, #2678 ) ;
#675 = ORIENTED_EDGE ( 'NONE', *, *, #4712, .F. ) ;
#676 = PLANE ( 'NONE',  #80 ) ;
#677 = CARTESIAN_POINT ( 'NONE',  ( -69.14482361059779691, 22.95779910444420224, 11.58000000000000007 ) ) ;
#678 = VERTEX_POINT ( 'NONE', #653 ) ;
#679 = VERTEX_POINT ( 'NONE', #4136 ) ;
#680 = CARTESIAN_POINT ( 'NONE',  ( -63.36012091727118190, 12.48244357877299038, -1.687485246541770234 ) ) ;
#681 = DIRECTION ( 'NONE',  ( -0.9005852208758914346, 0.4346794910505001885, 0.000000000000000000 ) ) ;
#682 = EDGE_LOOP ( 'NONE', ( #3439, #1369, #2726, #5683, #782 ) ) ;
#683 = CARTESIAN_POINT ( 'NONE',  ( 21.93259590737125819, -73.28854778724955565, 2.700000000000001066 ) ) ;
#684 = CARTESIAN_POINT ( 'NONE',  ( 21.71933223215994957, -70.40860395368841296, 2.700000000000001066 ) ) ;
#685 = CARTESIAN_POINT ( 'NONE',  ( -53.34974655856341030, 56.21436241866536676, -3.700000000000000178 ) ) ;
#686 = DIRECTION ( 'NONE',  ( 0.000000000000000000, 0.000000000000000000, 1.000000000000000000 ) ) ;
#687 = DIRECTION ( 'NONE',  ( 0.000000000000000000, 0.000000000000000000, 1.000000000000000000 ) ) ;
#688 = VERTEX_POINT ( 'NONE', #1390 ) ;
#689 = ORIENTED_EDGE ( 'NONE', *, *, #3107, .T. ) ;
#690 = DIRECTION ( 'NONE',  ( 0.000000000000000000, 0.000000000000000000, 1.000000000000000000 ) ) ;
#691 = CARTESIAN_POINT ( 'NONE',  ( -42.22683373955619857, -25.13515770747824973, 11.58000000000000007 ) ) ;
#692 = DIRECTION ( 'NONE',  ( 0.000000000000000000, 0.000000000000000000, 1.000000000000000000 ) ) ;
#693 = CIRCLE ( 'NONE', #5557, 76.50000000000000000 ) ;
#694 = CARTESIAN_POINT ( 'NONE',  ( 57.46772382408825308, 51.28337734181079810, -2.808589616950106116 ) ) ;
#696 = EDGE_LOOP ( 'NONE', ( #3442, #5364, #1409, #2711 ) ) ;
#695 = VECTOR ( 'NONE', #712, 1000.000000000000114 ) ;
#697 = EDGE_CURVE ( 'NONE', #1338, #5114, #3620, .T. ) ;
#698 = DIRECTION ( 'NONE',  ( 1.000000000000000000, 8.881784197001252323E-16, 0.000000000000000000 ) ) ;
#699 = VECTOR ( 'NONE', #1299, 1000.000000000000000 ) ;
#700 = EDGE_CURVE ( 'NONE', #2749, #2445, #4597, .T. ) ;
#701 = VECTOR ( 'NONE', #3725, 1000.000000000000000 ) ;
#702 = CARTESIAN_POINT ( 'NONE',  ( -92.50000000000000000, 1.132798289211301698E-14, 18.00000000000000711 ) ) ;
#703 = CARTESIAN_POINT ( 'NONE',  ( -20.90183232406902292, -61.34973032495851442, -2.121878349923657758 ) ) ;
#704 = ORIENTED_EDGE ( 'NONE', *, *, #1615, .F. ) ;
#705 = ORIENTED_EDGE ( 'NONE', *, *, #1884, .T. ) ;
#706 = DIRECTION ( 'NONE',  ( -0.000000000000000000, -0.000000000000000000, -1.000000000000000000 ) ) ;
#707 = ADVANCED_FACE ( 'NONE', ( #807 ), #3202, .F. ) ;
#708 = ORIENTED_EDGE ( 'NONE', *, *, #5533, .F. ) ;
#709 = AXIS2_PLACEMENT_3D ( 'NONE', #5527, #1374, #4026 ) ;
#710 = EDGE_LOOP ( 'NONE', ( #4356, #3946, #2361, #4368 ) ) ;
#711 = CARTESIAN_POINT ( 'NONE',  ( -63.57963242463748799, 12.57264523944193613, -2.119518888567656134 ) ) ;
#712 = DIRECTION ( 'NONE',  ( 0.7227807943210246000, 0.6910773642369345549, -0.000000000000000000 ) ) ;
#713 = ORIENTED_EDGE ( 'NONE', *, *, #1311, .T. ) ;
#714 = CARTESIAN_POINT ( 'NONE',  ( 42.58930887129657350, 48.70676586850369461, -1.956216145883735935 ) ) ;
#715 = DIRECTION ( 'NONE',  ( -0.000000000000000000, -0.000000000000000000, -1.000000000000000000 ) ) ;
#716 = CARTESIAN_POINT ( 'NONE',  ( 1.764922373677384915, 16.98990257560970107, -11.58000000000000007 ) ) ;
#717 = EDGE_CURVE ( 'NONE', #4592, #538, #3932, .T. ) ;
#718 = CARTESIAN_POINT ( 'NONE',  ( -48.35118318550988192, 42.80558657662475497, -1.683730925045512805 ) ) ;
#719 = DIRECTION ( 'NONE',  ( 1.000000000000000000, 0.000000000000000000, 0.000000000000000000 ) ) ;
#720 = AXIS2_PLACEMENT_3D ( 'NONE', #1007, #2473, #552 ) ;
#721 = CARTESIAN_POINT ( 'NONE',  ( 25.01905899038484904, -14.44476044296981954, 10.87636315201899961 ) ) ;
#722 = ORIENTED_EDGE ( 'NONE', *, *, #2567, .F. ) ;
#723 = VERTEX_POINT ( 'NONE', #1835 ) ;
#724 = TOROIDAL_SURFACE ( 'NONE', #3912, 66.00000000000000000, 1.500000000000000000 ) ;
#725 = CARTESIAN_POINT ( 'NONE',  ( -15.79203733971025869, -75.87398471585106563, -3.730156933474061187 ) ) ;
#726 = CARTESIAN_POINT ( 'NONE',  ( 0.000000000000000000, 0.000000000000000000, 2.700000000000000178 ) ) ;
#727 = CARTESIAN_POINT ( 'NONE',  ( -44.61716992170384799, 50.27188602213590229, 5.079798781868669622 ) ) ;
#728 = EDGE_LOOP ( 'NONE', ( #1295, #4802, #2960, #3903, #1683, #4676, #1812, #5841, #3633 ) ) ;
#729 =( BOUNDED_CURVE ( )  B_SPLINE_CURVE ( 3, ( #4337, #5095, #545, #2385 ),
 .UNSPECIFIED., .F., .F. ) 
 B_SPLINE_CURVE_WITH_KNOTS ( ( 4, 4 ),
 ( 3.213083795836489731, 3.295817428103017921 ),
 .UNSPECIFIED. ) 
 CURVE ( )  GEOMETRIC_REPRESENTATION_ITEM ( )  RATIONAL_B_SPLINE_CURVE ( ( 1.000000000000000000, 0.9994296768433472700, 0.9994296768433472700, 1.000000000000000000 ) ) 
 REPRESENTATION_ITEM ( '' )  );
#730 = LINE ( 'NONE', #2483, #1892 ) ;
#731 = FACE_OUTER_BOUND ( 'NONE', #2402, .T. ) ;
#732 = DIRECTION ( 'NONE',  ( 0.000000000000000000, 0.000000000000000000, 1.000000000000000000 ) ) ;
#733 = EDGE_LOOP ( 'NONE', ( #1324, #4285 ) ) ;
#734 = VERTEX_POINT ( 'NONE', #1265 ) ;
#735 = CARTESIAN_POINT ( 'NONE',  ( -57.81277958042404919, 51.61329787162705429, -3.700000000000000178 ) ) ;
#736 = CARTESIAN_POINT ( 'NONE',  ( -50.11597355281160304, 54.01379544312889891, 2.700000000000001066 ) ) ;
#737 = ORIENTED_EDGE ( 'NONE', *, *, #5100, .T. ) ;
#738 = ADVANCED_FACE ( 'NONE', ( #3717 ), #4039, .F. ) ;
#739 = ORIENTED_EDGE ( 'NONE', *, *, #2929, .T. ) ;
#740 = FACE_OUTER_BOUND ( 'NONE', #5941, .T. ) ;
#741 = DIRECTION ( 'NONE',  ( 0.000000000000000000, 0.000000000000000000, 1.000000000000000000 ) ) ;
#742 = EDGE_LOOP ( 'NONE', ( #4321, #2291, #964, #3086, #4842, #852, #5176, #452, #5008, #1453, #1969, #2200, #339, #980, #2088, #2857, #4173, #5438, #4456, #1228 ) ) ;
#743 = CARTESIAN_POINT ( 'NONE',  ( 42.42723811148027124, 48.58167829780843050, -1.200000000000000622 ) ) ;
#744 = CARTESIAN_POINT ( 'NONE',  ( -89.50000000000000000, 1.096058885236880996E-14, -4.000000000000000000 ) ) ;
#745 = ADVANCED_FACE ( 'NONE', ( #5479 ), #3684, .F. ) ;
#746 = CARTESIAN_POINT ( 'NONE',  ( 20.58763429522879917, -9.196079336109010072, 11.58000000000000007 ) ) ;
#747 = CLOSED_SHELL ( 'NONE', ( #5280, #303, #5295, #219, #3035, #5288, #4943, #1733, #265, #5048, #1318, #1076, #4787, #2423, #2033, #6, #4666, #5964, #3836, #350, #1503, #5624, #5779, #4120, #3004, #3451, #4287, #190, #3070, #4819, #4459, #949, #3347, #3257, #5502, #2681, #238, #5228, #167, #2797, #3452, #1222, #2619, #914, #2860, #5428, #5411, #2902, #5558, #4028, #3827, #5719, #2669, #4523, #1048, #1791, #5277, #5238, #3248, #1435, #4649, #892, #2755, #4142, #4413, #791, #5754, #859, #333, #4068, #62, #4105, #548, #5112, #1067, #225, #3314, #1553, #3404, #2550, #2005, #1506, #431, #3916, #4451, #4985, #1824, #3554, #5642, #5562, #3001, #2762, #504, #785, #603, #2572, #1778, #2897, #2263, #2760, #2966, #3478, #78, #4918, #4322, #1260, #981, #4307, #5052, #738, #1188, #5563, #1353, #2063, #481, #4746, #5620, #1079, #745, #707, #802, #425, #4157, #5541, #1748, #5118, #56, #2769, #2031, #3373, #528, #3131, #4403, #282, #2145, #4796, #2124, #5811, #1191, #2112, #4335, #474, #3587, #3306, #5987, #4363, #989, #79, #779, #3682, #458, #1863, #1942, #91, #2951, #3198, #406, #4332, #1557 ) ) ;
#748 = LINE ( 'NONE', #658, #1559 ) ;
#749 = VECTOR ( 'NONE', #3359, 1000.000000000000000 ) ;
#750 = FACE_OUTER_BOUND ( 'NONE', #1805, .T. ) ;
#751 = EDGE_CURVE ( 'NONE', #133, #3130, #900, .T. ) ;
#752 = VERTEX_POINT ( 'NONE', #1803 ) ;
#753 = CIRCLE ( 'NONE', #1045, 92.50000000000000000 ) ;
#754 = ORIENTED_EDGE ( 'NONE', *, *, #205, .F. ) ;
#755 = AXIS2_PLACEMENT_3D ( 'NONE', #3616, #5888, #5920 ) ;
#756 = CARTESIAN_POINT ( 'NONE',  ( 56.38898827513902745, 53.20810650225742222, -3.748451753904306738 ) ) ;
#757 = DIRECTION ( 'NONE',  ( 0.5000000000000004441, 0.8660254037844384856, 0.000000000000000000 ) ) ;
#758 = CARTESIAN_POINT ( 'NONE',  ( -64.70035840405633110, 13.03317391837682848, 2.700000000000001066 ) ) ;
#759 = ORIENTED_EDGE ( 'NONE', *, *, #2404, .T. ) ;
#760 = CARTESIAN_POINT ( 'NONE',  ( 21.93259590737125819, -73.28854778724955565, -2.700000000000001066 ) ) ;
#761 = CARTESIAN_POINT ( 'NONE',  ( -63.58134113877313354, 12.57334738419277187, 2.121878349923654650 ) ) ;
#762 =( BOUNDED_CURVE ( )  B_SPLINE_CURVE ( 3, ( #5916, #4590, #956, #2709 ),
 .UNSPECIFIED., .F., .F. ) 
 B_SPLINE_CURVE_WITH_KNOTS ( ( 4, 4 ),
 ( 2.987367879076567423, 3.070101511343096501 ),
 .UNSPECIFIED. ) 
 CURVE ( )  GEOMETRIC_REPRESENTATION_ITEM ( )  RATIONAL_B_SPLINE_CURVE ( ( 1.000000000000000000, 0.9994296768433472700, 0.9994296768433472700, 1.000000000000000000 ) ) 
 REPRESENTATION_ITEM ( '' )  );
#763 = LINE ( 'NONE', #4496, #1095 ) ;
#764 = DIRECTION ( 'NONE',  ( 0.000000000000000000, 0.000000000000000000, 1.000000000000000000 ) ) ;
#765 = VECTOR ( 'NONE', #4227, 1000.000000000000000 ) ;
#766 = EDGE_LOOP ( 'NONE', ( #1462, #2274, #3157, #4180, #5733, #5961, #5491, #445, #2371 ) ) ;
#767 = CARTESIAN_POINT ( 'NONE',  ( 13.08529901606909895, -64.68983652522287287, -2.700000000000001066 ) ) ;
#768 = DIRECTION ( 'NONE',  ( 0.000000000000000000, 0.000000000000000000, 1.000000000000000000 ) ) ;
#769 = AXIS2_PLACEMENT_3D ( 'NONE', #2596, #4444, #3984 ) ;
#770 = CARTESIAN_POINT ( 'NONE',  ( -63.28658662012541214, 12.45222686804901535, -1.299991467882824603 ) ) ;
#771 = EDGE_CURVE ( 'NONE', #4515, #1080, #5544, .T. ) ;
#772 = VECTOR ( 'NONE', #3484, 1000.000000000000000 ) ;
#773 = CARTESIAN_POINT ( 'NONE',  ( -20.91024056303460910, -61.41223726748638967, 2.196394173759312007 ) ) ;
#774 = ORIENTED_EDGE ( 'NONE', *, *, #5165, .T. ) ;
#775 = LINE ( 'NONE', #3532, #3229 ) ;
#776 = CARTESIAN_POINT ( 'NONE',  ( -73.60481692013433985, 24.26068684422401489, -16.00000000000000000 ) ) ;
#777 = CARTESIAN_POINT ( 'NONE',  ( -52.61390591173491060, 55.71362639798982030, 2.700000000000000622 ) ) ;
#778 = CARTESIAN_POINT ( 'NONE',  ( -48.29029604988339486, 42.75859337507043989, -1.200000000000000622 ) ) ;
#779 = ADVANCED_FACE ( 'NONE', ( #3106 ), #3863, .F. ) ;
#780 = DIRECTION ( 'NONE',  ( -0.9531410217267549667, 0.2784389269897900032, -0.1182960550417982010 ) ) ;
#781 = CARTESIAN_POINT ( 'NONE',  ( -13.08529901606909895, -64.68983652522287287, -2.700000000000001066 ) ) ;
#782 = ORIENTED_EDGE ( 'NONE', *, *, #4917, .T. ) ;
#783 = ORIENTED_EDGE ( 'NONE', *, *, #2319, .T. ) ;
#784 = ORIENTED_EDGE ( 'NONE', *, *, #3043, .F. ) ;
#785 = ADVANCED_FACE ( 'NONE', ( #4069 ), #5923, .F. ) ;
#786 = EDGE_CURVE ( 'NONE', #2556, #1991, #3172, .T. ) ;
#787 = CARTESIAN_POINT ( 'NONE',  ( 0.000000000000000000, 0.000000000000000000, 3.700000000000001954 ) ) ;
#788 = CARTESIAN_POINT ( 'NONE',  ( 53.34974655856339609, 56.21436241866533834, -3.700000000000000178 ) ) ;
#789 = DIRECTION ( 'NONE',  ( 1.000000000000000000, 8.881784197001252323E-15, 0.000000000000000000 ) ) ;
#790 = AXIS2_PLACEMENT_3D ( 'NONE', #2029, #3427, #642 ) ;
#791 = ADVANCED_FACE ( 'NONE', ( #4566 ), #2248, .T. ) ;
#792 = CARTESIAN_POINT ( 'NONE',  ( 44.61716992170389773, 50.27188602213580282, 11.58000000000000007 ) ) ;
#793 = ORIENTED_EDGE ( 'NONE', *, *, #1971, .T. ) ;
#794 = EDGE_CURVE ( 'NONE', #2386, #2477, #442, .T. ) ;
#795 = LINE ( 'NONE', #3061, #4113 ) ;
#796 = CARTESIAN_POINT ( 'NONE',  ( -10.90779057584800071, 4.442934852371620558, 11.58000000000000007 ) ) ;
#797 = AXIS2_PLACEMENT_3D ( 'NONE', #5325, #4600, #2320 ) ;
#798 = EDGE_CURVE ( 'NONE', #2666, #3552, #4627, .T. ) ;
#799 = DIRECTION ( 'NONE',  ( 0.9972694250765917756, 0.07384912868412259190, 0.000000000000000000 ) ) ;
#800 = AXIS2_PLACEMENT_3D ( 'NONE', #839, #4535, #2618 ) ;
#801 = EDGE_LOOP ( 'NONE', ( #2463, #5353, #2850 ) ) ;
#802 = ADVANCED_FACE ( 'NONE', ( #4171 ), #1454, .F. ) ;
#803 = LINE ( 'NONE', #2183, #2801 ) ;
#804 = CARTESIAN_POINT ( 'NONE',  ( 97.70000000000000284, 0.000000000000000000, 15.00000000000000355 ) ) ;
#805 = EDGE_CURVE ( 'NONE', #379, #932, #2869, .T. ) ;
#806 = VECTOR ( 'NONE', #159, 999.9999999999998863 ) ;
#807 = FACE_OUTER_BOUND ( 'NONE', #525, .T. ) ;
#808 = CARTESIAN_POINT ( 'NONE',  ( 75.25514278654111422, 18.04543853741256854, 3.171953955625715693 ) ) ;
#809 = VERTEX_POINT ( 'NONE', #991 ) ;
#810 = DIRECTION ( 'NONE',  ( 1.000000000000000000, 0.000000000000000000, 0.000000000000000000 ) ) ;
#811 = CARTESIAN_POINT ( 'NONE',  ( 73.60481692013439670, 24.26068684422399713, 3.730156933474066960 ) ) ;
#812 = CARTESIAN_POINT ( 'NONE',  ( -9.259791655096590191, -36.25097201019460158, -2.700000000000001066 ) ) ;
#813 = LINE ( 'NONE', #908, #4375 ) ;
#814 = CARTESIAN_POINT ( 'NONE',  ( -20.44738674720894878, -9.133433596448460534, 11.58000000000000007 ) ) ;
#815 = EDGE_CURVE ( 'NONE', #1535, #3669, #5985, .T. ) ;
#816 = LINE ( 'NONE', #3212, #2889 ) ;
#817 = ORIENTED_EDGE ( 'NONE', *, *, #2511, .T. ) ;
#818 = VECTOR ( 'NONE', #982, 1000.000000000000114 ) ;
#819 = EDGE_LOOP ( 'NONE', ( #140, #4276, #2508, #1114 ) ) ;
#820 = VERTEX_POINT ( 'NONE', #2407 ) ;
#821 = EDGE_LOOP ( 'NONE', ( #1207, #903, #3831, #4122, #1340, #3809, #1136, #1935, #5354 ) ) ;
#822 = B_SPLINE_CURVE_WITH_KNOTS ( 'NONE', 3,
 ( #1973, #556, #1035, #4329, #1525, #3366, #1071, #2916, #614, #152, #1555, #2944, #5254, #640 ),
 .UNSPECIFIED., .F., .F.,
 ( 4, 2, 2, 2, 2, 2, 4 ),
 ( 6.992893892674702526E-18, 0.0005913705691810089904, 0.0008870558537714963009, 0.001182741138361983720, 0.001478426422952470922, 0.001774111707542958341, 0.002365482276723928842 ),
 .UNSPECIFIED. ) ;
#823 = AXIS2_PLACEMENT_3D ( 'NONE', #2022, #1605, #4323 ) ;
#824 = CARTESIAN_POINT ( 'NONE',  ( 50.11597355281160304, 54.01379544312889891, -2.700000000000001066 ) ) ;
#825 = DIRECTION ( 'NONE',  ( 0.9130524929214650642, 0.4078420590987375527, 0.000000000000000000 ) ) ;
#826 = DIRECTION ( 'NONE',  ( 0.000000000000000000, 0.000000000000000000, 1.000000000000000000 ) ) ;
#827 = LINE ( 'NONE', #792, #1883 ) ;
#828 = VERTEX_POINT ( 'NONE', #1897 ) ;
#829 = TOROIDAL_SURFACE ( 'NONE', #4995, 76.50000000000000000, 1.000000000000000000 ) ;
#830 = CARTESIAN_POINT ( 'NONE',  ( 22.00819263282770066, -74.30941701451000370, -3.432597709076180781 ) ) ;
#831 = EDGE_CURVE ( 'NONE', #4071, #2315, #1536, .T. ) ;
#832 = CARTESIAN_POINT ( 'NONE',  ( 11.15168633643356344, 24.44294532630649286, -10.14422924628220279 ) ) ;
#833 = LINE ( 'NONE', #1321, #526 ) ;
#834 = EDGE_CURVE ( 'NONE', #2445, #5870, #2841, .T. ) ;
#835 = CARTESIAN_POINT ( 'NONE',  ( 1.164889413663440010, 11.21372698577319937, 11.58000000000000007 ) ) ;
#836 = DIRECTION ( 'NONE',  ( -0.6109919333986542078, 0.7916368216055734708, 0.000000000000000000 ) ) ;
#837 = VERTEX_POINT ( 'NONE', #82 ) ;
#838 = CARTESIAN_POINT ( 'NONE',  ( 2.329778827326880020, 22.42745397154639875, 11.58000000000000007 ) ) ;
#839 = CARTESIAN_POINT ( 'NONE',  ( 0.000000000000000000, 0.000000000000000000, 11.58000000000000007 ) ) ;
#840 = DIRECTION ( 'NONE',  ( 0.000000000000000000, 0.000000000000000000, 1.000000000000000000 ) ) ;
#841 = CARTESIAN_POINT ( 'NONE',  ( 74.89633872697808670, 17.87225696349553061, 2.823807413761371343 ) ) ;
#842 = ORIENTED_EDGE ( 'NONE', *, *, #1929, .T. ) ;
#843 = LINE ( 'NONE', #2221, #517 ) ;
#844 = DIRECTION ( 'NONE',  ( 0.000000000000000000, 0.000000000000000000, -1.000000000000000000 ) ) ;
#845 = CARTESIAN_POINT ( 'NONE',  ( -57.81277958042404919, 51.61329787162705429, -16.00000000000000000 ) ) ;
#846 = PLANE ( 'NONE',  #3873 ) ;
#847 = CARTESIAN_POINT ( 'NONE',  ( -89.50000000000000000, 1.096058885236880996E-14, 16.00000000000000000 ) ) ;
#848 = CARTESIAN_POINT ( 'NONE',  ( -2.329778827326864921, 22.42745397154639875, -11.12841576485195993 ) ) ;
#849 = ORIENTED_EDGE ( 'NONE', *, *, #5710, .F. ) ;
#850 = VERTEX_POINT ( 'NONE', #963 ) ;
#851 = EDGE_LOOP ( 'NONE', ( #4838, #488, #663 ) ) ;
#852 = ORIENTED_EDGE ( 'NONE', *, *, #3955, .T. ) ;
#853 = VECTOR ( 'NONE', #1621, 1000.000000000000114 ) ;
#854 = CARTESIAN_POINT ( 'NONE',  ( -12.06469719579430055, -5.389055924913559892, -11.89949358244657951 ) ) ;
#855 = CARTESIAN_POINT ( 'NONE',  ( -1.164889413663430018, 11.21372698577319937, 11.58000000000000007 ) ) ;
#856 = ORIENTED_EDGE ( 'NONE', *, *, #669, .T. ) ;
#857 = CIRCLE ( 'NONE', #4240, 64.50000000000000000 ) ;
#858 = CARTESIAN_POINT ( 'NONE',  ( -12.54516341247454037, 0.4582833856134589934, -11.58000000000000007 ) ) ;
#859 = ADVANCED_FACE ( 'NONE', ( #1982 ), #2011, .F. ) ;
#860 = DIRECTION ( 'NONE',  ( -0.4346794910504998555, -0.9005852208758916566, 0.000000000000000000 ) ) ;
#861 = CARTESIAN_POINT ( 'NONE',  ( -64.33408720131298253, 12.88266576899070870, 2.661871636317873158 ) ) ;
#862 = EDGE_CURVE ( 'NONE', #5813, #3307, #5569, .T. ) ;
#863 = CARTESIAN_POINT ( 'NONE',  ( 20.15764278328349235, -9.843526137346852778, -11.50031736591962073 ) ) ;
#864 = CARTESIAN_POINT ( 'NONE',  ( 5.506302618736156340, -8.347492525956484499, 11.58000000000000007 ) ) ;
#865 = VERTEX_POINT ( 'NONE', #1508 ) ;
#866 = EDGE_CURVE ( 'NONE', #390, #1714, #5688, .T. ) ;
#867 = CARTESIAN_POINT ( 'NONE',  ( -50.11597355281160304, 54.01379544312889891, -2.700000000000001066 ) ) ;
#868 = DIRECTION ( 'NONE',  ( 0.000000000000000000, 0.000000000000000000, -1.000000000000000000 ) ) ;
#869 = DIRECTION ( 'NONE',  ( 0.6109919333986548740, 0.7916368216055729157, 0.000000000000000000 ) ) ;
#870 = CARTESIAN_POINT ( 'NONE',  ( -3.363100945443819878, 32.37465753010864944, 10.30230857362398034 ) ) ;
#871 = EDGE_CURVE ( 'NONE', #5294, #2259, #4203, .T. ) ;
#872 = ORIENTED_EDGE ( 'NONE', *, *, #3838, .F. ) ;
#873 = DIRECTION ( 'NONE',  ( -0.000000000000000000, -0.000000000000000000, -1.000000000000000000 ) ) ;
#874 = TOROIDAL_SURFACE ( 'NONE', #2026, 66.00000000000000000, 1.500000000000000000 ) ;
#875 = CARTESIAN_POINT ( 'NONE',  ( 9.128927733950970236, -6.615687317718689897, 11.58000000000000007 ) ) ;
#876 = FACE_OUTER_BOUND ( 'NONE', #4130, .T. ) ;
#877 = DIRECTION ( 'NONE',  ( 0.7916368216055734708, 0.6109919333986543188, 0.000000000000000000 ) ) ;
#878 = CARTESIAN_POINT ( 'NONE',  ( -26.76436684515885034, 26.14470081216209962, 11.58000000000000007 ) ) ;
#879 = ORIENTED_EDGE ( 'NONE', *, *, #3819, .F. ) ;
#880 = VERTEX_POINT ( 'NONE', #3749 ) ;
#881 = TOROIDAL_SURFACE ( 'NONE', #5716, 76.50000000000000000, 1.000000000000000000 ) ;
#882 = VERTEX_POINT ( 'NONE', #5632 ) ;
#883 = VERTEX_POINT ( 'NONE', #3352 ) ;
#884 = B_SPLINE_CURVE_WITH_KNOTS ( 'NONE', 3,
 ( #4723, #2464, #2925, #3270, #4286, #1902, #2436, #5665, #4667, #3331, #4779, #4314, #3753, #4207 ),
 .UNSPECIFIED., .F., .F.,
 ( 4, 2, 2, 2, 2, 2, 4 ),
 ( 5.421010862427522170E-18, 0.0002932293124433618127, 0.0005864586248867182045, 0.0008796879373300745420, 0.001172917249773430554, 0.001759375874660112438, 0.002345834499546794322 ),
 .UNSPECIFIED. ) ;
#885 = CARTESIAN_POINT ( 'NONE',  ( 15.79203733971026224, -75.87398471585105142, 3.730156933474070069 ) ) ;
#886 = CARTESIAN_POINT ( 'NONE',  ( 63.47717483920219195, 12.53054337213990976, -1.958466337067102714 ) ) ;
#887 = VERTEX_POINT ( 'NONE', #1923 ) ;
#888 = VECTOR ( 'NONE', #4114, 1000.000000000000114 ) ;
#889 = CARTESIAN_POINT ( 'NONE',  ( -6.277520993561950036, -46.39453745256089690, 7.382251208476880322 ) ) ;
#890 = CARTESIAN_POINT ( 'NONE',  ( 0.000000000000000000, 0.000000000000000000, 41.10000000000000142 ) ) ;
#891 = DIRECTION ( 'NONE',  ( 0.07332666917523428252, -0.9902140555233037711, 0.1187405736543211687 ) ) ;
#892 = ADVANCED_FACE ( 'NONE', ( #539 ), #5604, .F. ) ;
#893 = DIRECTION ( 'NONE',  ( 0.1323696103975913474, -0.9840371644317505995, -0.1189501797405513456 ) ) ;
#894 = FACE_OUTER_BOUND ( 'NONE', #851, .T. ) ;
#895 = VERTEX_POINT ( 'NONE', #4749 ) ;
#896 = DIRECTION ( 'NONE',  ( -0.7177056950390153789, 0.6862248747095311963, 0.1182960550417982565 ) ) ;
#897 = CARTESIAN_POINT ( 'NONE',  ( -0.6542682330263199786, 49.13708959357669670, 11.58000000000000007 ) ) ;
#898 = VECTOR ( 'NONE', #5933, 1000.000000000000114 ) ;
#899 = ORIENTED_EDGE ( 'NONE', *, *, #2607, .T. ) ;
#900 = LINE ( 'NONE', #3650, #4159 ) ;
#901 = VECTOR ( 'NONE', #3475, 1000.000000000000000 ) ;
#902 = DIRECTION ( 'NONE',  ( -0.07332666917523428252, -0.9902140555233037711, -0.1187405736543211687 ) ) ;
#903 = ORIENTED_EDGE ( 'NONE', *, *, #2601, .T. ) ;
#904 = CARTESIAN_POINT ( 'NONE',  ( -53.34974655856341030, 56.21436241866536676, -3.700000000000000178 ) ) ;
#905 = EDGE_CURVE ( 'NONE', #2848, #5787, #2313, .T. ) ;
#906 = CARTESIAN_POINT ( 'NONE',  ( -74.55636875348193371, 17.70816591289180764, -2.700000000000000622 ) ) ;
#907 = VECTOR ( 'NONE', #595, 1000.000000000000000 ) ;
#908 = CARTESIAN_POINT ( 'NONE',  ( 9.259791655096590191, -36.25097201019460158, 11.58000000000000007 ) ) ;
#909 = FACE_OUTER_BOUND ( 'NONE', #5146, .T. ) ;
#910 = FACE_OUTER_BOUND ( 'NONE', #1389, .T. ) ;
#911 = ORIENTED_EDGE ( 'NONE', *, *, #1226, .F. ) ;
#912 = ORIENTED_EDGE ( 'NONE', *, *, #2148, .T. ) ;
#913 = ORIENTED_EDGE ( 'NONE', *, *, #5083, .T. ) ;
#914 = ADVANCED_FACE ( 'NONE', ( #1047 ), #592, .T. ) ;
#915 = EDGE_LOOP ( 'NONE', ( #708, #4532, #1816, #3837, #3570, #5829 ) ) ;
#916 = LINE ( 'NONE', #2335, #4395 ) ;
#917 = DIRECTION ( 'NONE',  ( 1.000000000000000000, 0.000000000000000000, 0.000000000000000000 ) ) ;
#918 = ORIENTED_EDGE ( 'NONE', *, *, #5373, .F. ) ;
#919 = CARTESIAN_POINT ( 'NONE',  ( 48.52979571303173145, 42.94344122226699056, -2.123422862775901532 ) ) ;
#920 = VECTOR ( 'NONE', #4391, 1000.000000000000000 ) ;
#921 = PLANE ( 'NONE',  #5905 ) ;
#922 = LINE ( 'NONE', #3192, #1250 ) ;
#923 = DIRECTION ( 'NONE',  ( 0.8208871926799786722, 0.5586097860423019368, -0.1187405736543211549 ) ) ;
#924 = CARTESIAN_POINT ( 'NONE',  ( -18.60356508940022735, -12.53526766206210397, -11.50031736591962428 ) ) ;
#925 = VERTEX_POINT ( 'NONE', #2922 ) ;
#926 = EDGE_CURVE ( 'NONE', #809, #2578, #612, .T. ) ;
#927 = CARTESIAN_POINT ( 'NONE',  ( -21.99276139380508255, -74.10103130783325298, -3.080606740574599822 ) ) ;
#928 = CARTESIAN_POINT ( 'NONE',  ( 19.38420463070664823, -11.19147576156525936, -11.35262636160330096 ) ) ;
#929 = EDGE_LOOP ( 'NONE', ( #2699, #650, #2125, #3866, #2264, #2128, #5907, #5190, #1591, #5668 ) ) ;
#930 = CARTESIAN_POINT ( 'NONE',  ( -54.45444904472720538, 48.40227423474970436, -2.700000000000001066 ) ) ;
#931 = PLANE ( 'NONE',  #4677 ) ;
#932 = VERTEX_POINT ( 'NONE', #2544 ) ;
#933 = CARTESIAN_POINT ( 'NONE',  ( 20.86994721811225517, -61.11269609059711883, -1.687485246541780448 ) ) ;
#934 = CARTESIAN_POINT ( 'NONE',  ( 20.44738674720894878, -9.133433596448460534, -11.58000000000000007 ) ) ;
#935 = DIRECTION ( 'NONE',  ( 1.000000000000000000, 0.000000000000000000, 0.000000000000000000 ) ) ;
#936 = DIRECTION ( 'NONE',  ( -0.3800816313822695247, -0.9249529466333910044, 0.000000000000000000 ) ) ;
#937 = CARTESIAN_POINT ( 'NONE',  ( -21.22814543047354974, -63.77554560823040219, 2.700000000000001066 ) ) ;
#938 = CARTESIAN_POINT ( 'NONE',  ( -72.64436784101741296, 23.98011303098789071, -2.700000000000001066 ) ) ;
#939 = EDGE_CURVE ( 'NONE', #3378, #2261, #1561, .T. ) ;
#940 = FACE_OUTER_BOUND ( 'NONE', #2328, .T. ) ;
#941 = ORIENTED_EDGE ( 'NONE', *, *, #3876, .F. ) ;
#942 = ORIENTED_EDGE ( 'NONE', *, *, #1249, .T. ) ;
#943 = ORIENTED_EDGE ( 'NONE', *, *, #4664, .F. ) ;
#944 = EDGE_CURVE ( 'NONE', #5747, #538, #2459, .T. ) ;
#945 = VERTEX_POINT ( 'NONE', #702 ) ;
#946 = DIRECTION ( 'NONE',  ( -0.1323696103975913474, -0.9840371644317505995, -0.1189501797405513456 ) ) ;
#947 = FACE_OUTER_BOUND ( 'NONE', #5286, .T. ) ;
#948 = ORIENTED_EDGE ( 'NONE', *, *, #5345, .F. ) ;
#949 = ADVANCED_FACE ( 'NONE', ( #5715 ), #2008, .F. ) ;
#950 = CARTESIAN_POINT ( 'NONE',  ( 22.00819263282773264, -74.30941701450998949, 3.816639643088854950 ) ) ;
#951 = AXIS2_PLACEMENT_3D ( 'NONE', #3196, #2710, #4097 ) ;
#952 = FACE_OUTER_BOUND ( 'NONE', #5725, .T. ) ;
#953 = CARTESIAN_POINT ( 'NONE',  ( 20.85934850864511958, -61.03390516585745473, 1.199999999999999289 ) ) ;
#954 = CARTESIAN_POINT ( 'NONE',  ( 97.70000000000000284, 0.000000000000000000, -20.00000000000000000 ) ) ;
#955 = VECTOR ( 'NONE', #4074, 1000.000000000000227 ) ;
#956 = CARTESIAN_POINT ( 'NONE',  ( -74.27406605579241727, 22.23024308884460964, 3.748451753904313843 ) ) ;
#957 = CARTESIAN_POINT ( 'NONE',  ( -22.00819263282770422, -74.30941701451001791, -16.00000000000000000 ) ) ;
#958 = ORIENTED_EDGE ( 'NONE', *, *, #2706, .F. ) ;
#959 = VECTOR ( 'NONE', #1895, 1000.000000000000000 ) ;
#960 = LINE ( 'NONE', #2810, #2587 ) ;
#961 = DIRECTION ( 'NONE',  ( 1.000000000000000000, 0.000000000000000000, 0.000000000000000000 ) ) ;
#962 = ORIENTED_EDGE ( 'NONE', *, *, #5497, .F. ) ;
#963 = CARTESIAN_POINT ( 'NONE',  ( 18.25785546790195113, -13.23137463543739933, 11.12841576485195993 ) ) ;
#964 = ORIENTED_EDGE ( 'NONE', *, *, #3848, .F. ) ;
#965 = CIRCLE ( 'NONE', #2307, 2.000000000000001776 ) ;
#966 = CARTESIAN_POINT ( 'NONE',  ( -15.79203733971028178, -75.87398471585103721, 3.700000000000001954 ) ) ;
#967 = CARTESIAN_POINT ( 'NONE',  ( -5.740178428435138258, 22.52332668258216231, 10.79796036138131754 ) ) ;
#968 = CARTESIAN_POINT ( 'NONE',  ( 9.128927733950970236, -6.615687317718689897, 11.58000000000000007 ) ) ;
#969 = AXIS2_PLACEMENT_3D ( 'NONE', #1712, #1166, #5413 ) ;
#970 = CARTESIAN_POINT ( 'NONE',  ( 54.90046165998758454, 54.74266988163409309, 3.777295774188603072 ) ) ;
#971 = ORIENTED_EDGE ( 'NONE', *, *, #1122, .F. ) ;
#972 = EDGE_CURVE ( 'NONE', #5575, #1947, #3911, .T. ) ;
#973 = ORIENTED_EDGE ( 'NONE', *, *, #4265, .T. ) ;
#974 = ORIENTED_EDGE ( 'NONE', *, *, #4479, .F. ) ;
#975 = ORIENTED_EDGE ( 'NONE', *, *, #1251, .T. ) ;
#976 = EDGE_CURVE ( 'NONE', #322, #1436, #672, .T. ) ;
#977 = CARTESIAN_POINT ( 'NONE',  ( 26.76436684515885034, 26.14470081216209962, 2.700000000000001066 ) ) ;
#978 = VECTOR ( 'NONE', #1444, 1000.000000000000114 ) ;
#979 = DIRECTION ( 'NONE',  ( 0.000000000000000000, 0.000000000000000000, 1.000000000000000000 ) ) ;
#980 = ORIENTED_EDGE ( 'NONE', *, *, #223, .T. ) ;
#981 = ADVANCED_FACE ( 'NONE', ( #4830 ), #4771, .T. ) ;
#982 = DIRECTION ( 'NONE',  ( 0.9910735647809233440, 0.1333161250278182552, 0.000000000000000000 ) ) ;
#983 = CARTESIAN_POINT ( 'NONE',  ( 20.88681853610517436, -61.23811765728547130, 1.958466337067105822 ) ) ;
#984 = CARTESIAN_POINT ( 'NONE',  ( -65.84531535217739417, 13.50365958609459938, 5.079798781868669622 ) ) ;
#985 = CARTESIAN_POINT ( 'NONE',  ( 61.45500888092294645, 20.55631531682112723, 2.123422862775901976 ) ) ;
#986 = LINE ( 'NONE', #1501, #3278 ) ;
#987 = ORIENTED_EDGE ( 'NONE', *, *, #4713, .F. ) ;
#988 = SURFACE_STYLE_FILL_AREA ( #2743 ) ;
#989 = ADVANCED_FACE ( 'NONE', ( #3801 ), #312, .F. ) ;
#990 = ORIENTED_EDGE ( 'NONE', *, *, #5349, .T. ) ;
#991 = CARTESIAN_POINT ( 'NONE',  ( 2.329778827326880020, 22.42745397154639875, 11.57032204158815958 ) ) ;
#992 = CARTESIAN_POINT ( 'NONE',  ( -43.63723890728325472, 49.51556705268238545, 2.700000000000001066 ) ) ;
#993 = ORIENTED_EDGE ( 'NONE', *, *, #4017, .F. ) ;
#994 = CARTESIAN_POINT ( 'NONE',  ( -48.52979571303173145, 42.94344122226699767, 2.123422862775891318 ) ) ;
#995 = DIRECTION ( 'NONE',  ( 1.000000000000000000, 0.000000000000000000, -0.000000000000000000 ) ) ;
#996 = LINE ( 'NONE', #1025, #4679 ) ;
#997 = AXIS2_PLACEMENT_3D ( 'NONE', #3977, #4406, #229 ) ;
#998 = CARTESIAN_POINT ( 'NONE',  ( 0.000000000000000000, 0.000000000000000000, -1.200000000000000178 ) ) ;
#999 = ORIENTED_EDGE ( 'NONE', *, *, #3308, .T. ) ;
#1000 = CIRCLE ( 'NONE', #5166, 77.50000000000000000 ) ;
#1001 = ORIENTED_EDGE ( 'NONE', *, *, #5341, .F. ) ;
#1002 = CIRCLE ( 'NONE', #610, 89.50000000000000000 ) ;
#1003 = DIRECTION ( 'NONE',  ( 1.000000000000000000, 0.000000000000000000, 0.000000000000000000 ) ) ;
#1004 = ORIENTED_EDGE ( 'NONE', *, *, #2303, .T. ) ;
#1005 = EDGE_CURVE ( 'NONE', #40, #5560, #1157, .T. ) ;
#1006 =( BOUNDED_CURVE ( )  B_SPLINE_CURVE ( 3, ( #1344, #426, #5013, #4119 ),
 .UNSPECIFIED., .F., .F. ) 
 B_SPLINE_CURVE_WITH_KNOTS ( ( 4, 4 ),
 ( 0.8508348482827177151, 0.9379332943783535992 ),
 .UNSPECIFIED. ) 
 CURVE ( )  GEOMETRIC_REPRESENTATION_ITEM ( )  RATIONAL_B_SPLINE_CURVE ( ( 1.000000000000000000, 0.9993679216300043189, 0.9993679216300043189, 1.000000000000000000 ) ) 
 REPRESENTATION_ITEM ( '' )  );
#1007 = CARTESIAN_POINT ( 'NONE',  ( 0.000000000000000000, 0.000000000000000000, 2.700000000000000178 ) ) ;
#1008 = DIRECTION ( 'NONE',  ( -0.000000000000000000, -0.000000000000000000, -1.000000000000000000 ) ) ;
#1009 = EDGE_LOOP ( 'NONE', ( #675, #4446, #4021, #4377 ) ) ;
#1010 = DIRECTION ( 'NONE',  ( 1.000000000000000000, 0.000000000000000000, 0.000000000000000000 ) ) ;
#1011 = DIRECTION ( 'NONE',  ( 0.8599849567173972753, -0.4965125462598181105, 0.1179032044787942241 ) ) ;
#1012 = LINE ( 'NONE', #5171, #3793 ) ;
#1013 = VECTOR ( 'NONE', #5625, 1000.000000000000114 ) ;
#1014 = DIRECTION ( 'NONE',  ( -0.9598809505700891531, 0.2804078471310355591, 0.000000000000000000 ) ) ;
#1015 = ORIENTED_EDGE ( 'NONE', *, *, #4610, .F. ) ;
#1016 = VECTOR ( 'NONE', #1236, 1000.000000000000227 ) ;
#1017 =( LENGTH_UNIT ( ) NAMED_UNIT ( * ) SI_UNIT ( .MILLI., .METRE. ) );
#1018 = ORIENTED_EDGE ( 'NONE', *, *, #443, .F. ) ;
#1019 = CARTESIAN_POINT ( 'NONE',  ( 19.38420463070664823, -11.19147576156525936, 11.35262636160330096 ) ) ;
#1020 = VECTOR ( 'NONE', #2800, 1000.000000000000114 ) ;
#1021 = CARTESIAN_POINT ( 'NONE',  ( -1.554077693883261224, 22.37879379940902425, 11.50031736591962783 ) ) ;
#1022 = ORIENTED_EDGE ( 'NONE', *, *, #2633, .T. ) ;
#1023 = CYLINDRICAL_SURFACE ( 'NONE', #3802, 26.76213688802224766 ) ;
#1024 = CARTESIAN_POINT ( 'NONE',  ( -15.58611611522515794, -75.03025088007940724, -2.700000000000000622 ) ) ;
#1025 = CARTESIAN_POINT ( 'NONE',  ( 19.38420463070670152, -11.19147576156515989, -1.734723475976804925E-15 ) ) ;
#1026 = CARTESIAN_POINT ( 'NONE',  ( -15.79203733971027290, -75.87398471585103721, 3.730156933474070513 ) ) ;
#1027 = VERTEX_POINT ( 'NONE', #1078 ) ;
#1028 = VERTEX_POINT ( 'NONE', #5203 ) ;
#1029 = PLANE ( 'NONE',  #1957 ) ;
#1030 = VERTEX_POINT ( 'NONE', #4280 ) ;
#1031 = CARTESIAN_POINT ( 'NONE',  ( 0.000000000000000000, 0.000000000000000000, 41.10000000000000142 ) ) ;
#1032 = CARTESIAN_POINT ( 'NONE',  ( 44.61716992170389773, 50.27188602213580282, 5.079798781868669622 ) ) ;
#1033 = CARTESIAN_POINT ( 'NONE',  ( 65.84531535217739417, 13.50365958609454076, -5.079798781868669622 ) ) ;
#1034 = VERTEX_POINT ( 'NONE', #618 ) ;
#1035 = CARTESIAN_POINT ( 'NONE',  ( 43.32375942506661914, 49.27362096112504020, 2.661871636317873158 ) ) ;
#1036 = CARTESIAN_POINT ( 'NONE',  ( 63.36012091727118190, 12.48244357877293886, 1.687485246541786443 ) ) ;
#1037 = CARTESIAN_POINT ( 'NONE',  ( -18.13347889190709950, -13.14123956586396069, -11.58000000000000007 ) ) ;
#1038 = DIRECTION ( 'NONE',  ( 0.000000000000000000, 0.000000000000000000, 1.000000000000000000 ) ) ;
#1039 = VERTEX_POINT ( 'NONE', #4366 ) ;
#1040 = EDGE_CURVE ( 'NONE', #1907, #4806, #2920, .T. ) ;
#1041 = VECTOR ( 'NONE', #3230, 1000.000000000000114 ) ;
#1042 = EDGE_CURVE ( 'NONE', #2037, #1057, #4685, .T. ) ;
#1043 = VECTOR ( 'NONE', #4012, 1000.000000000000000 ) ;
#1044 = CARTESIAN_POINT ( 'NONE',  ( 9.259791655096590191, -36.25097201019460158, -11.58000000000000007 ) ) ;
#1045 = AXIS2_PLACEMENT_3D ( 'NONE', #4901, #1688, #4439 ) ;
#1046 = EDGE_LOOP ( 'NONE', ( #521, #5065, #4956, #3039 ) ) ;
#1047 = FACE_OUTER_BOUND ( 'NONE', #766, .T. ) ;
#1048 = ADVANCED_FACE ( 'NONE', ( #2488 ), #2893, .F. ) ;
#1049 = ORIENTED_EDGE ( 'NONE', *, *, #4894, .T. ) ;
#1050 = AXIS2_PLACEMENT_3D ( 'NONE', #1418, #3199, #2837 ) ;
#1051 = CARTESIAN_POINT ( 'NONE',  ( 26.76436684515885034, 26.14470081216209962, -11.58000000000000007 ) ) ;
#1052 = CARTESIAN_POINT ( 'NONE',  ( -75.35793919139108255, 18.09505459584467957, -3.700000000000000178 ) ) ;
#1053 = CARTESIAN_POINT ( 'NONE',  ( 73.50038156023941838, 24.23017837917410588, -3.176862691940916417 ) ) ;
#1054 = EDGE_CURVE ( 'NONE', #1760, #2067, #2358, .T. ) ;
#1055 = ORIENTED_EDGE ( 'NONE', *, *, #4000, .T. ) ;
#1056 = EDGE_CURVE ( 'NONE', #628, #4448, #4745, .T. ) ;
#1057 = VERTEX_POINT ( 'NONE', #589 ) ;
#1058 = CARTESIAN_POINT ( 'NONE',  ( 0.000000000000000000, 0.000000000000000000, 2.700000000000000178 ) ) ;
#1059 = DIRECTION ( 'NONE',  ( 0.000000000000000000, 0.000000000000000000, 1.000000000000000000 ) ) ;
#1060 = VERTEX_POINT ( 'NONE', #3462 ) ;
#1061 = CARTESIAN_POINT ( 'NONE',  ( 0.000000000000000000, 0.000000000000000000, -4.000000000000000000 ) ) ;
#1062 = CARTESIAN_POINT ( 'NONE',  ( 9.982291894747126193, -0.5948516857720450579, -11.58000000000000007 ) ) ;
#1063 = CARTESIAN_POINT ( 'NONE',  ( 0.7769935733767516783, 22.36395026766172478, -11.28032816047816844 ) ) ;
#1064 = ORIENTED_EDGE ( 'NONE', *, *, #1855, .T. ) ;
#1065 = EDGE_CURVE ( 'NONE', #1625, #1725, #2060, .T. ) ;
#1066 = VECTOR ( 'NONE', #2316, 1000.000000000000000 ) ;
#1067 = ADVANCED_FACE ( 'NONE', ( #132 ), #3970, .F. ) ;
#1068 = EDGE_CURVE ( 'NONE', #1535, #895, #4559, .T. ) ;
#1069 = TOROIDAL_SURFACE ( 'NONE', #769, 89.50000000000000000, 12.00000000000000000 ) ;
#1070 = CARTESIAN_POINT ( 'NONE',  ( 0.000000000000000000, 0.000000000000000000, 1.200000000000000178 ) ) ;
#1071 = CARTESIAN_POINT ( 'NONE',  ( 42.84215113694980204, 48.90191164813410296, 2.334806074537963294 ) ) ;
#1072 = CARTESIAN_POINT ( 'NONE',  ( -73.60481692013436827, 24.26068684422402910, -3.730156933474064740 ) ) ;
#1073 = DIRECTION ( 'NONE',  ( 1.000000000000000000, -1.776356839400250465E-15, 0.000000000000000000 ) ) ;
#1074 = VECTOR ( 'NONE', #4909, 1000.000000000000114 ) ;
#1075 = LINE ( 'NONE', #644, #3761 ) ;
#1076 = ADVANCED_FACE ( 'NONE', ( #1704 ), #4886, .T. ) ;
#1077 = ORIENTED_EDGE ( 'NONE', *, *, #4270, .F. ) ;
#1078 = CARTESIAN_POINT ( 'NONE',  ( 49.64707533962490515, 43.80576700167494408, 2.700000000000001066 ) ) ;
#1079 = ADVANCED_FACE ( 'NONE', ( #731 ), #5881, .T. ) ;
#1080 = VERTEX_POINT ( 'NONE', #3997 ) ;
#1081 = CARTESIAN_POINT ( 'NONE',  ( 76.50000000000000000, 0.000000000000000000, -3.700000000000000178 ) ) ;
#1082 = ORIENTED_EDGE ( 'NONE', *, *, #3414, .T. ) ;
#1083 = CARTESIAN_POINT ( 'NONE',  ( -15.69718152606585093, 27.95119660816945029, 9.456346035045680054 ) ) ;
#1084 = DIRECTION ( 'NONE',  ( 0.000000000000000000, 0.000000000000000000, -1.000000000000000000 ) ) ;
#1085 = EDGE_LOOP ( 'NONE', ( #2337, #5555, #5761, #1988 ) ) ;
#1086 = ORIENTED_EDGE ( 'NONE', *, *, #4902, .T. ) ;
#1087 = DIRECTION ( 'NONE',  ( 0.000000000000000000, 0.000000000000000000, 1.000000000000000000 ) ) ;
#1088 = EDGE_CURVE ( 'NONE', #3105, #538, #5187, .T. ) ;
#1089 = CARTESIAN_POINT ( 'NONE',  ( -57.46772382408818203, 51.28337734181083363, 2.808589616950111001 ) ) ;
#1090 = ORIENTED_EDGE ( 'NONE', *, *, #1317, .F. ) ;
#1091 = DIRECTION ( 'NONE',  ( 1.000000000000000000, 0.000000000000000000, 0.000000000000000000 ) ) ;
#1092 = DIRECTION ( 'NONE',  ( 0.000000000000000000, 0.000000000000000000, -1.000000000000000000 ) ) ;
#1093 = CARTESIAN_POINT ( 'NONE',  ( 48.74878930968363733, 43.11246231548609131, 2.399134474172376130 ) ) ;
#1094 = ORIENTED_EDGE ( 'NONE', *, *, #4718, .T. ) ;
#1095 = VECTOR ( 'NONE', #2178, 1000.000000000000000 ) ;
#1096 = VECTOR ( 'NONE', #2465, 1000.000000000000000 ) ;
#1097 = B_SPLINE_CURVE_WITH_KNOTS ( 'NONE', 3,
 ( #3368, #2341, #3317, #3708, #585, #558, #1527, #4221, #2426, #3796, #45, #1917, #4742, #5229 ),
 .UNSPECIFIED., .F., .F.,
 ( 4, 2, 2, 2, 2, 2, 4 ),
 ( 9.898949898072313973E-18, 0.0005913705691809986904, 0.0008870558537714857842, 0.001182741138361972878, 0.001478426422952460080, 0.001774111707542947065, 0.002365482276723925373 ),
 .UNSPECIFIED. ) ;
#1098 = FACE_BOUND ( 'NONE', #733, .T. ) ;
#1099 = CARTESIAN_POINT ( 'NONE',  ( 63.83593270965534572, 12.67796414329304611, 2.402804332918571539 ) ) ;
#1100 = VECTOR ( 'NONE', #5260, 1000.000000000000000 ) ;
#1101 = DIRECTION ( 'NONE',  ( 0.000000000000000000, 0.000000000000000000, 1.000000000000000000 ) ) ;
#1102 = EDGE_CURVE ( 'NONE', #5948, #4782, #833, .T. ) ;
#1103 = VECTOR ( 'NONE', #4983, 1000.000000000000000 ) ;
#1104 = EDGE_CURVE ( 'NONE', #3109, #2037, #2645, .T. ) ;
#1105 = ORIENTED_EDGE ( 'NONE', *, *, #2133, .T. ) ;
#1106 = ORIENTED_EDGE ( 'NONE', *, *, #2973, .F. ) ;
#1107 = B_SPLINE_CURVE_WITH_KNOTS ( 'NONE', 3,
 ( #5677, #2397, #3821, #5139, #3877, #5653, #5226, #2027 ),
 .UNSPECIFIED., .F., .F.,
 ( 4, 2, 2, 4 ),
 ( 2.168404344971008868E-18, 0.0003906555602599847874, 0.0007813111205199674064, 0.001562622241039959749 ),
 .UNSPECIFIED. ) ;
#1108 = CARTESIAN_POINT ( 'NONE',  ( 26.74405476411229188, -2.563829000765954547, 10.14422924628220102 ) ) ;
#1109 = CARTESIAN_POINT ( 'NONE',  ( -10.00000000000000000, 1.224646799147353256E-15, 41.10000000000000142 ) ) ;
#1110 = ORIENTED_EDGE ( 'NONE', *, *, #1563, .T. ) ;
#1111 = ORIENTED_EDGE ( 'NONE', *, *, #4650, .F. ) ;
#1112 = CARTESIAN_POINT ( 'NONE',  ( 48.69456572653161430, 43.07061209957690551, -2.330719158883123310 ) ) ;
#1113 = CARTESIAN_POINT ( 'NONE',  ( 92.50000000000000000, 0.000000000000000000, -18.00000000000000355 ) ) ;
#1114 = ORIENTED_EDGE ( 'NONE', *, *, #177, .F. ) ;
#1115 = FACE_OUTER_BOUND ( 'NONE', #5892, .T. ) ;
#1116 = CARTESIAN_POINT ( 'NONE',  ( -52.92591846072328821, 55.92594943675459973, -2.823892647829966851 ) ) ;
#1117 = EDGE_CURVE ( 'NONE', #1521, #4344, #2510, .T. ) ;
#1118 = LINE ( 'NONE', #2963, #5426 ) ;
#1119 = FACE_OUTER_BOUND ( 'NONE', #2169, .T. ) ;
#1120 = ORIENTED_EDGE ( 'NONE', *, *, #1774, .F. ) ;
#1121 = EDGE_CURVE ( 'NONE', #1753, #554, #4049, .T. ) ;
#1122 = EDGE_CURVE ( 'NONE', #3375, #1476, #146, .T. ) ;
#1123 = AXIS2_PLACEMENT_3D ( 'NONE', #3059, #2139, #1212 ) ;
#1124 = DIRECTION ( 'NONE',  ( -0.000000000000000000, -0.000000000000000000, -1.000000000000000000 ) ) ;
#1125 = DIRECTION ( 'NONE',  ( -0.000000000000000000, -0.000000000000000000, -1.000000000000000000 ) ) ;
#1126 = EDGE_CURVE ( 'NONE', #3804, #2329, #3133, .T. ) ;
#1127 = DIRECTION ( 'NONE',  ( 1.000000000000000000, 0.000000000000000000, 0.000000000000000000 ) ) ;
#1128 = ORIENTED_EDGE ( 'NONE', *, *, #3220, .F. ) ;
#1129 = DIRECTION ( 'NONE',  ( -0.000000000000000000, -0.000000000000000000, -1.000000000000000000 ) ) ;
#1130 = DIRECTION ( 'NONE',  ( 0.7227807943210246000, 0.6910773642369345549, 0.000000000000000000 ) ) ;
#1131 = CARTESIAN_POINT ( 'NONE',  ( 15.79203733971027823, -75.87398471585100879, 3.435809613773172178 ) ) ;
#1132 = ORIENTED_EDGE ( 'NONE', *, *, #5197, .F. ) ;
#1133 = VECTOR ( 'NONE', #4968, 1000.000000000000114 ) ;
#1134 = DIRECTION ( 'NONE',  ( 0.000000000000000000, 0.000000000000000000, -1.000000000000000000 ) ) ;
#1135 = DIRECTION ( 'NONE',  ( -0.000000000000000000, -0.000000000000000000, -1.000000000000000000 ) ) ;
#1136 = ORIENTED_EDGE ( 'NONE', *, *, #3548, .F. ) ;
#1137 = AXIS2_PLACEMENT_3D ( 'NONE', #4786, #3417, #2472 ) ;
#1138 = EDGE_LOOP ( 'NONE', ( #4291, #3465, #3915 ) ) ;
#1139 = CARTESIAN_POINT ( 'NONE',  ( 20.15764278328349590, -9.843526137346851002, -11.20554402546023276 ) ) ;
#1140 = CARTESIAN_POINT ( 'NONE',  ( -22.00819263282770066, -74.30941701451000370, 3.432597709076182557 ) ) ;
#1141 = ORIENTED_EDGE ( 'NONE', *, *, #2601, .F. ) ;
#1142 = CARTESIAN_POINT ( 'NONE',  ( 74.85877361847420275, 20.17385953622576622, 3.777295774188609734 ) ) ;
#1143 = CARTESIAN_POINT ( 'NONE',  ( 0.000000000000000000, 0.000000000000000000, -3.700000000000000178 ) ) ;
#1144 = CARTESIAN_POINT ( 'NONE',  ( -53.34974655856338188, 56.21436241866533834, -3.566356646465701719 ) ) ;
#1145 = CARTESIAN_POINT ( 'NONE',  ( 0.000000000000000000, 0.000000000000000000, 18.00000000000000711 ) ) ;
#1146 = EDGE_CURVE ( 'NONE', #2409, #2121, #1189, .T. ) ;
#1147 = CARTESIAN_POINT ( 'NONE',  ( 48.35118318550988192, 42.80558657662473365, 1.683730925045519466 ) ) ;
#1148 = VERTEX_POINT ( 'NONE', #3036 ) ;
#1149 = EDGE_CURVE ( 'NONE', #887, #5948, #2575, .T. ) ;
#1150 = VERTEX_POINT ( 'NONE', #433 ) ;
#1151 = DIRECTION ( 'NONE',  ( 0.8267360921917691341, 0.5625899340260920312, -0.000000000000000000 ) ) ;
#1152 = CARTESIAN_POINT ( 'NONE',  ( 0.000000000000000000, 0.000000000000000000, -1.200000000000000178 ) ) ;
#1153 = DIRECTION ( 'NONE',  ( 0.1323696103975913474, -0.9840371644317505995, 0.1189501797405513456 ) ) ;
#1154 = ORIENTED_EDGE ( 'NONE', *, *, #3560, .T. ) ;
#1155 = CARTESIAN_POINT ( 'NONE',  ( -42.43522622649330600, 48.58784359192166846, 1.398257396422219134 ) ) ;
#1156 = EDGE_CURVE ( 'NONE', #3652, #3645, #3738, .T. ) ;
#1157 = LINE ( 'NONE', #4799, #5460 ) ;
#1158 = DIRECTION ( 'NONE',  ( 1.000000000000000000, 0.000000000000000000, 0.000000000000000000 ) ) ;
#1159 = VECTOR ( 'NONE', #5705, 1000.000000000000000 ) ;
#1160 = ORIENTED_EDGE ( 'NONE', *, *, #4957, .F. ) ;
#1161 = ORIENTED_EDGE ( 'NONE', *, *, #3238, .T. ) ;
#1162 = DIRECTION ( 'NONE',  ( -0.7860163774671047321, 0.6066540275092389134, -0.1189501797405513872 ) ) ;
#1163 = CARTESIAN_POINT ( 'NONE',  ( -26.74405476411228832, -2.563829000765911026, 10.14422924628220279 ) ) ;
#1164 = ORIENTED_EDGE ( 'NONE', *, *, #5617, .T. ) ;
#1165 = VERTEX_POINT ( 'NONE', #4589 ) ;
#1166 = DIRECTION ( 'NONE',  ( 0.000000000000000000, -1.000000000000000000, 0.000000000000000000 ) ) ;
#1167 = CARTESIAN_POINT ( 'NONE',  ( -71.83530578497160946, 16.39480851055949984, -2.700000000000001066 ) ) ;
#1168 = ORIENTED_EDGE ( 'NONE', *, *, #4612, .F. ) ;
#1169 = DIRECTION ( 'NONE',  ( -0.5000000000000002220, -0.8660254037844384856, 0.000000000000000000 ) ) ;
#1170 = DIRECTION ( 'NONE',  ( -0.09416534221922182035, -0.07267760029779701814, -0.9929002239599358237 ) ) ;
#1171 = TOROIDAL_SURFACE ( 'NONE', #611, 97.70000000000000284, 5.000000000000000000 ) ;
#1172 = CARTESIAN_POINT ( 'NONE',  ( 21.22814543047354974, -63.77554560823040219, 11.58000000000000007 ) ) ;
#1173 = DIRECTION ( 'NONE',  ( -0.9183859878646963848, 0.3773831369225131294, -0.1189501797405514427 ) ) ;
#1174 = CARTESIAN_POINT ( 'NONE',  ( 66.00000000000000000, 0.000000000000000000, 1.200000000000000178 ) ) ;
#1175 =( NAMED_UNIT ( * ) SI_UNIT ( $, .STERADIAN. ) SOLID_ANGLE_UNIT ( ) );
#1176 = ORIENTED_EDGE ( 'NONE', *, *, #3216, .F. ) ;
#1177 = ORIENTED_EDGE ( 'NONE', *, *, #2040, .F. ) ;
#1178 = LINE ( 'NONE', #5461, #1645 ) ;
#1179 = CARTESIAN_POINT ( 'NONE',  ( -11.10525951692319957, -39.72858842060290385, 11.58000000000000007 ) ) ;
#1180 = PLANE ( 'NONE',  #2957 ) ;
#1181 = TOROIDAL_SURFACE ( 'NONE', #1385, 66.00000000000000000, 1.500000000000000000 ) ;
#1183 = ORIENTED_EDGE ( 'NONE', *, *, #4526, .F. ) ;
#1182 = AXIS2_PLACEMENT_3D ( 'NONE', #5409, #2744, #3557 ) ;
#1184 = CARTESIAN_POINT ( 'NONE',  ( -42.89740537118769481, 48.94455732918899571, 2.402804332918570207 ) ) ;
#1185 = AXIS2_PLACEMENT_3D ( 'NONE', #5385, #4506, #288 ) ;
#1186 = AXIS2_PLACEMENT_3D ( 'NONE', #1565, #1135, #2123 ) ;
#1187 = CARTESIAN_POINT ( 'NONE',  ( 19.38420463070664823, -11.19147576156525936, -11.35262636160330096 ) ) ;
#1188 = ADVANCED_FACE ( 'NONE', ( #1471 ), #5568, .F. ) ;
#1189 =( BOUNDED_CURVE ( )  B_SPLINE_CURVE ( 3, ( #2117, #5469, #2085, #1187 ),
 .UNSPECIFIED., .F., .F. ) 
 B_SPLINE_CURVE_WITH_KNOTS ( ( 4, 4 ),
 ( 0.8508348482827173820, 0.9379332943783542653 ),
 .UNSPECIFIED. ) 
 CURVE ( )  GEOMETRIC_REPRESENTATION_ITEM ( )  RATIONAL_B_SPLINE_CURVE ( ( 1.000000000000000000, 0.9993679216300043189, 0.9993679216300043189, 1.000000000000000000 ) ) 
 REPRESENTATION_ITEM ( '' )  );
#1190 = DIRECTION ( 'NONE',  ( -0.000000000000000000, -0.000000000000000000, -1.000000000000000000 ) ) ;
#1191 = ADVANCED_FACE ( 'NONE', ( #3707 ), #1379, .F. ) ;
#1192 = EDGE_LOOP ( 'NONE', ( #5536, #256, #4785, #1663, #115 ) ) ;
#1193 = ORIENTED_EDGE ( 'NONE', *, *, #4166, .T. ) ;
#1194 = CARTESIAN_POINT ( 'NONE',  ( 57.45378830173279283, 51.27005307512530408, 2.826194432022897551 ) ) ;
#1195 = CARTESIAN_POINT ( 'NONE',  ( 75.35793919139112518, 18.09505459584462983, -3.566356646465701719 ) ) ;
#1196 = ORIENTED_EDGE ( 'NONE', *, *, #2511, .F. ) ;
#1197 = VECTOR ( 'NONE', #1940, 999.9999999999998863 ) ;
#1198 = ORIENTED_EDGE ( 'NONE', *, *, #5971, .T. ) ;
#1199 = CARTESIAN_POINT ( 'NONE',  ( -22.00819263282770422, -74.30941701451001791, 3.700000000000001954 ) ) ;
#1200 = CARTESIAN_POINT ( 'NONE',  ( 42.22683373955619857, -25.13515770747829947, 11.58000000000000007 ) ) ;
#1201 = VERTEX_POINT ( 'NONE', #398 ) ;
#1202 = DIRECTION ( 'NONE',  ( 0.3800816313822686365, -0.9249529466333913374, 0.000000000000000000 ) ) ;
#1203 = DIRECTION ( 'NONE',  ( 0.000000000000000000, 0.000000000000000000, -1.000000000000000000 ) ) ;
#1204 = PRESENTATION_STYLE_ASSIGNMENT (( #2102 ) ) ;
#1205 = CARTESIAN_POINT ( 'NONE',  ( 0.000000000000000000, 0.000000000000000000, 1.200000000000000178 ) ) ;
#1206 = CARTESIAN_POINT ( 'NONE',  ( 9.301589737437078398, 7.224956311659039621, -11.58000000000000007 ) ) ;
#1207 = ORIENTED_EDGE ( 'NONE', *, *, #1275, .T. ) ;
#1208 = ORIENTED_EDGE ( 'NONE', *, *, #5610, .F. ) ;
#1209 = EDGE_LOOP ( 'NONE', ( #5962, #4150, #227, #1238, #3512 ) ) ;
#1210 = LINE ( 'NONE', #5394, #1363 ) ;
#1211 = CARTESIAN_POINT ( 'NONE',  ( 52.50344623654228116, 55.63845912034692276, -2.700000000000001066 ) ) ;
#1212 = DIRECTION ( 'NONE',  ( 0.4999999999999997780, -0.8660254037844388186, 0.000000000000000000 ) ) ;
#1213 = VERTEX_POINT ( 'NONE', #3769 ) ;
#1214 = CARTESIAN_POINT ( 'NONE',  ( -53.83497994417569998, 47.80997698972189625, 4.385798943796000771 ) ) ;
#1215 = PRODUCT_DEFINITION_SHAPE ( 'NONE', 'NONE',  #4549 ) ;
#1216 = CARTESIAN_POINT ( 'NONE',  ( -19.75624584745519385, -10.50907896070932068, 11.42770624333799390 ) ) ;
#1218 = EDGE_CURVE ( 'NONE', #678, #1787, #3218, .T. ) ;
#1217 = CIRCLE ( 'NONE', #4313, 64.50000000000000000 ) ;
#1219 = FACE_OUTER_BOUND ( 'NONE', #742, .T. ) ;
#1220 = DIRECTION ( 'NONE',  ( 0.6109919333986548740, 0.7916368216055729157, 0.000000000000000000 ) ) ;
#1221 = ORIENTED_EDGE ( 'NONE', *, *, #1398, .F. ) ;
#1222 = ADVANCED_FACE ( 'NONE', ( #5047 ), #5170, .F. ) ;
#1223 = PLANE ( 'NONE',  #1967 ) ;
#1224 = CARTESIAN_POINT ( 'NONE',  ( 74.67592367876653725, 17.76587069514962636, -2.725829105101460925 ) ) ;
#1225 = DIRECTION ( 'NONE',  ( -0.01585797703437279160, 0.1178883786667998951, -0.9929002239599357127 ) ) ;
#1226 = EDGE_CURVE ( 'NONE', #3048, #2083, #922, .T. ) ;
#1227 = CARTESIAN_POINT ( 'NONE',  ( -20.85934850864513379, -61.03390516585749026, 1.299991467882823271 ) ) ;
#1228 = ORIENTED_EDGE ( 'NONE', *, *, #5990, .T. ) ;
#1229 = DIRECTION ( 'NONE',  ( -1.000000000000000000, 0.000000000000000000, 0.000000000000000000 ) ) ;
#1230 = DIRECTION ( 'NONE',  ( -0.8599849567173972753, -0.4965125462598181105, 0.1179032044787942241 ) ) ;
#1231 = EDGE_CURVE ( 'NONE', #1372, #945, #965, .T. ) ;
#1232 = PLANE ( 'NONE',  #4422 ) ;
#1233 = VECTOR ( 'NONE', #3550, 999.9999999999998863 ) ;
#1234 = LINE ( 'NONE', #5302, #5515 ) ;
#1235 = VECTOR ( 'NONE', #1515, 1000.000000000000114 ) ;
#1236 = DIRECTION ( 'NONE',  ( -0.8637146712084821099, -0.4986658979252460155, -0.07300197932680790869 ) ) ;
#1237 = CARTESIAN_POINT ( 'NONE',  ( -12.89127649243101637, -63.24747091408872279, -1.588432000007076184 ) ) ;
#1238 = ORIENTED_EDGE ( 'NONE', *, *, #1979, .F. ) ;
#1239 = ORIENTED_EDGE ( 'NONE', *, *, #652, .T. ) ;
#1240 = ORIENTED_EDGE ( 'NONE', *, *, #4828, .F. ) ;
#1241 =( GEOMETRIC_REPRESENTATION_CONTEXT ( 3 ) GLOBAL_UNCERTAINTY_ASSIGNED_CONTEXT ( ( #3082 ) ) GLOBAL_UNIT_ASSIGNED_CONTEXT ( ( #1017, #2275, #1175 ) ) REPRESENTATION_CONTEXT ( 'NONE', 'WORKASPACE' ) );
#1242 = B_SPLINE_CURVE_WITH_KNOTS ( 'NONE', 3,
 ( #5033, #906, #4541, #382, #5636, #137, #4752, #1052 ),
 .UNSPECIFIED., .F., .F.,
 ( 4, 2, 2, 4 ),
 ( 4.336808689942017736E-19, 0.0003951903511580837471, 0.0007903807023161670605, 0.001580761404632334772 ),
 .UNSPECIFIED. ) ;
#1243 = LINE ( 'NONE', #1728, #3675 ) ;
#1244 = CARTESIAN_POINT ( 'NONE',  ( -4.475989276010962747, 8.942344211728537218, -11.58000000000000007 ) ) ;
#1245 = FACE_OUTER_BOUND ( 'NONE', #5099, .T. ) ;
#1246 = CARTESIAN_POINT ( 'NONE',  ( 13.11336938590016032, -64.89851196855261151, 5.076071568124019606 ) ) ;
#1247 = EDGE_LOOP ( 'NONE', ( #1551, #2792, #21, #2422, #2746, #2793 ) ) ;
#1248 = CARTESIAN_POINT ( 'NONE',  ( -62.76044472552499798, 21.09274496687764966, -5.076071568124019606 ) ) ;
#1249 = EDGE_CURVE ( 'NONE', #1150, #1201, #5135, .T. ) ;
#1250 = VECTOR ( 'NONE', #5626, 999.9999999999998863 ) ;
#1251 = EDGE_CURVE ( 'NONE', #925, #1585, #5474, .T. ) ;
#1252 = VECTOR ( 'NONE', #3472, 1000.000000000000000 ) ;
#1253 = CARTESIAN_POINT ( 'NONE',  ( -42.88110197258254885, -24.00193188609835104, 11.58000000000000007 ) ) ;
#1254 = DIRECTION ( 'NONE',  ( 0.000000000000000000, 0.000000000000000000, 1.000000000000000000 ) ) ;
#1255 = EDGE_CURVE ( 'NONE', #3875, #4483, #2340, .T. ) ;
#1256 = ORIENTED_EDGE ( 'NONE', *, *, #1122, .T. ) ;
#1257 = AXIS2_PLACEMENT_3D ( 'NONE', #4962, #4536, #408 ) ;
#1258 = ORIENTED_EDGE ( 'NONE', *, *, #177, .T. ) ;
#1259 = VECTOR ( 'NONE', #2663, 1000.000000000000227 ) ;
#1260 = ADVANCED_FACE ( 'NONE', ( #530 ), #2367, .F. ) ;
#1261 = DIRECTION ( 'NONE',  ( -0.9910735647809233440, 0.1333161250278182552, 0.000000000000000000 ) ) ;
#1262 = CARTESIAN_POINT ( 'NONE',  ( -20.15764278328349235, -9.843526137346852778, -11.50031736591962073 ) ) ;
#1263 = VECTOR ( 'NONE', #4972, 1000.000000000000000 ) ;
#1264 = EDGE_LOOP ( 'NONE', ( #5840, #5279, #3252, #1821 ) ) ;
#1265 = CARTESIAN_POINT ( 'NONE',  ( 64.70035840405634531, 13.03317391837677519, 2.700000000000001066 ) ) ;
#1266 = AXIS2_PLACEMENT_3D ( 'NONE', #3090, #690, #297 ) ;
#1267 = ORIENTED_EDGE ( 'NONE', *, *, #1522, .F. ) ;
#1268 = CARTESIAN_POINT ( 'NONE',  ( -16.35785556581524958, -27.56975627347355129, 9.456346035045680054 ) ) ;
#1269 = CARTESIAN_POINT ( 'NONE',  ( -94.50000000000000000, 1.157291225194248886E-14, -18.00000000000000355 ) ) ;
#1270 = FACE_OUTER_BOUND ( 'NONE', #2700, .T. ) ;
#1271 = LINE ( 'NONE', #4971, #1768 ) ;
#1272 = CARTESIAN_POINT ( 'NONE',  ( 26.76436684515885034, 26.14470081216209962, 11.58000000000000007 ) ) ;
#1273 = VERTEX_POINT ( 'NONE', #1797 ) ;
#1274 = ORIENTED_EDGE ( 'NONE', *, *, #2829, .F. ) ;
#1275 = EDGE_CURVE ( 'NONE', #194, #3523, #3641, .T. ) ;
#1276 = ORIENTED_EDGE ( 'NONE', *, *, #4557, .T. ) ;
#1277 = ORIENTED_EDGE ( 'NONE', *, *, #16, .T. ) ;
#1278 = DIRECTION ( 'NONE',  ( -0.000000000000000000, -0.000000000000000000, -1.000000000000000000 ) ) ;
#1279 = LINE ( 'NONE', #3125, #3729 ) ;
#1280 = DIRECTION ( 'NONE',  ( 0.000000000000000000, 0.000000000000000000, -1.000000000000000000 ) ) ;
#1281 = CARTESIAN_POINT ( 'NONE',  ( 21.22814543047354974, -63.77554560823040219, -2.700000000000001066 ) ) ;
#1282 = ORIENTED_EDGE ( 'NONE', *, *, #1858, .T. ) ;
#1283 = CARTESIAN_POINT ( 'NONE',  ( 21.99976319744051168, -74.19558468727616685, -3.171953955625720134 ) ) ;
#1284 = VECTOR ( 'NONE', #410, 1000.000000000000000 ) ;
#1285 = CARTESIAN_POINT ( 'NONE',  ( -63.28658662012541214, 12.45222686804901713, 1.199999999999999289 ) ) ;
#1286 = CARTESIAN_POINT ( 'NONE',  ( 1.098614904710434072E-14, 22.38295152313055070, 11.35262636160330096 ) ) ;
#1287 = AXIS2_PLACEMENT_3D ( 'NONE', #1839, #5989, #5548 ) ;
#1288 = DIRECTION ( 'NONE',  ( 0.000000000000000000, 0.000000000000000000, -1.000000000000000000 ) ) ;
#1289 = VECTOR ( 'NONE', #936, 1000.000000000000000 ) ;
#1290 = ORIENTED_EDGE ( 'NONE', *, *, #5651, .T. ) ;
#1291 = EDGE_CURVE ( 'NONE', #4975, #2121, #2737, .T. ) ;
#1292 = DIRECTION ( 'NONE',  ( 0.8267360921917686900, -0.5625899340260928083, 0.000000000000000000 ) ) ;
#1293 = CARTESIAN_POINT ( 'NONE',  ( -18.60356508940022024, -12.53526766206211107, -11.20554402546022921 ) ) ;
#1294 = AXIS2_PLACEMENT_3D ( 'NONE', #645, #2062, #1589 ) ;
#1295 = ORIENTED_EDGE ( 'NONE', *, *, #5369, .F. ) ;
#1296 = CARTESIAN_POINT ( 'NONE',  ( -19.38420463070664823, -11.19147576156525936, 11.35262636160330096 ) ) ;
#1297 = LINE ( 'NONE', #3145, #3225 ) ;
#1298 = ORIENTED_EDGE ( 'NONE', *, *, #1149, .F. ) ;
#1299 = DIRECTION ( 'NONE',  ( -0.000000000000000000, -0.000000000000000000, -1.000000000000000000 ) ) ;
#1300 = LINE ( 'NONE', #2721, #2242 ) ;
#1301 = CARTESIAN_POINT ( 'NONE',  ( -1.164889413663430018, 11.21372698577319937, 11.58000000000000007 ) ) ;
#1302 = CARTESIAN_POINT ( 'NONE',  ( -19.38420463070664823, -11.19147576156525936, -11.35262636160330096 ) ) ;
#1303 = DIRECTION ( 'NONE',  ( 0.7860163774671053982, 0.6066540275092383583, 0.1189501797405514705 ) ) ;
#1304 = LINE ( 'NONE', #3569, #3409 ) ;
#1305 = ORIENTED_EDGE ( 'NONE', *, *, #2163, .T. ) ;
#1306 = AXIS2_PLACEMENT_3D ( 'NONE', #5790, #5762, #3906 ) ;
#1307 = ORIENTED_EDGE ( 'NONE', *, *, #1398, .T. ) ;
#1308 = EDGE_LOOP ( 'NONE', ( #2491, #4700, #1463, #2388, #4780 ) ) ;
#1309 = EDGE_CURVE ( 'NONE', #4260, #2037, #4885, .T. ) ;
#1310 = VERTEX_POINT ( 'NONE', #3907 ) ;
#1311 = EDGE_CURVE ( 'NONE', #3060, #1521, #453, .T. ) ;
#1312 = AXIS2_PLACEMENT_3D ( 'NONE', #2992, #2104, #3872 ) ;
#1313 = DIRECTION ( 'NONE',  ( 0.1323696103975913474, -0.9840371644317505995, 0.1189501797405513456 ) ) ;
#1314 = DIRECTION ( 'NONE',  ( 1.000000000000000000, 0.000000000000000000, 0.000000000000000000 ) ) ;
#1315 = LINE ( 'NONE', #2297, #2650 ) ;
#1316 = ORIENTED_EDGE ( 'NONE', *, *, #3525, .F. ) ;
#1317 = EDGE_CURVE ( 'NONE', #1405, #546, #4303, .T. ) ;
#1318 = ADVANCED_FACE ( 'NONE', ( #2969, #128 ), #1526, .T. ) ;
#1319 = DIRECTION ( 'NONE',  ( 0.7177056950390158230, 0.6862248747095306411, -0.1182960550417981455 ) ) ;
#1320 = CARTESIAN_POINT ( 'NONE',  ( 0.000000000000000000, 0.000000000000000000, -20.00000000000000000 ) ) ;
#1321 = CARTESIAN_POINT ( 'NONE',  ( -71.06066306985539427, 16.02091685283809852, 4.387264919198459623 ) ) ;
#1322 = DIRECTION ( 'NONE',  ( 1.000000000000000000, 0.000000000000000000, 0.000000000000000000 ) ) ;
#1323 = EDGE_CURVE ( 'NONE', #2521, #1760, #1519, .T. ) ;
#1324 = ORIENTED_EDGE ( 'NONE', *, *, #2941, .T. ) ;
#1325 = ORIENTED_EDGE ( 'NONE', *, *, #5542, .T. ) ;
#1326 = CARTESIAN_POINT ( 'NONE',  ( 1.554077693883276989, 22.37879379940902425, 11.20554402546023276 ) ) ;
#1327 = DIRECTION ( 'NONE',  ( 0.000000000000000000, 0.000000000000000000, -1.000000000000000000 ) ) ;
#1328 = ORIENTED_EDGE ( 'NONE', *, *, #1879, .T. ) ;
#1329 = DIRECTION ( 'NONE',  ( -0.5000000000000002220, -0.8660254037844384856, 0.000000000000000000 ) ) ;
#1330 = DIRECTION ( 'NONE',  ( 0.4999999999999997780, -0.8660254037844388186, 0.000000000000000000 ) ) ;
#1331 = ORIENTED_EDGE ( 'NONE', *, *, #1433, .T. ) ;
#1332 = CARTESIAN_POINT ( 'NONE',  ( 20.86069375246243496, -61.04390572344370014, -1.398257396422221799 ) ) ;
#1333 = DIRECTION ( 'NONE',  ( 0.000000000000000000, 0.000000000000000000, 1.000000000000000000 ) ) ;
#1334 = CARTESIAN_POINT ( 'NONE',  ( 0.000000000000000000, 0.000000000000000000, -2.700000000000000178 ) ) ;
#1335 = FACE_OUTER_BOUND ( 'NONE', #3, .T. ) ;
#1336 = PLANE ( 'NONE',  #4655 ) ;
#1337 = DIRECTION ( 'NONE',  ( 0.000000000000000000, 0.000000000000000000, -1.000000000000000000 ) ) ;
#1338 = VERTEX_POINT ( 'NONE', #4795 ) ;
#1339 = ORIENTED_EDGE ( 'NONE', *, *, #5444, .T. ) ;
#1340 = ORIENTED_EDGE ( 'NONE', *, *, #1710, .T. ) ;
#1341 = ORIENTED_EDGE ( 'NONE', *, *, #5449, .F. ) ;
#1342 = CIRCLE ( 'NONE', #1531, 64.50000000000000000 ) ;
#1343 = EDGE_CURVE ( 'NONE', #4448, #932, #111, .T. ) ;
#1344 = CARTESIAN_POINT ( 'NONE',  ( 2.329778827326880020, 22.42745397154639875, -11.57032204158815958 ) ) ;
#1345 = EDGE_CURVE ( 'NONE', #2450, #734, #4970, .T. ) ;
#1346 = LINE ( 'NONE', #855, #323 ) ;
#1347 = ORIENTED_EDGE ( 'NONE', *, *, #4814, .F. ) ;
#1348 = AXIS2_PLACEMENT_3D ( 'NONE', #349, #4935, #2159 ) ;
#1349 = CARTESIAN_POINT ( 'NONE',  ( -15.69718152606585093, 27.95119660816945029, 9.456346035045680054 ) ) ;
#1350 = DIRECTION ( 'NONE',  ( 1.000000000000000000, 0.000000000000000000, 0.000000000000000000 ) ) ;
#1351 = CARTESIAN_POINT ( 'NONE',  ( 21.06311949677307283, -62.54874097105918196, 2.700000000000001066 ) ) ;
#1352 = CARTESIAN_POINT ( 'NONE',  ( 0.000000000000000000, 0.000000000000000000, -1.200000000000000178 ) ) ;
#1353 = ADVANCED_FACE ( 'NONE', ( #2481 ), #4330, .F. ) ;
#1354 = ORIENTED_EDGE ( 'NONE', *, *, #4269, .F. ) ;
#1355 = DIRECTION ( 'NONE',  ( 0.9910735647809233440, 0.1333161250278182552, 0.000000000000000000 ) ) ;
#1356 = DIRECTION ( 'NONE',  ( -0.4999999999999997780, 0.8660254037844388186, 0.000000000000000000 ) ) ;
#1357 = EDGE_CURVE ( 'NONE', #30, #883, #99, .T. ) ;
#1358 =( BOUNDED_CURVE ( )  B_SPLINE_CURVE ( 3, ( #3991, #5845, #756, #2569 ),
 .UNSPECIFIED., .F., .T. ) 
 B_SPLINE_CURVE_WITH_KNOTS ( ( 4, 4 ),
 ( 6.128960532666360983, 6.211694164932889173 ),
 .UNSPECIFIED. ) 
 CURVE ( )  GEOMETRIC_REPRESENTATION_ITEM ( )  RATIONAL_B_SPLINE_CURVE ( ( 1.000000000000000000, 0.9994296768433472700, 0.9994296768433472700, 1.000000000000000000 ) ) 
 REPRESENTATION_ITEM ( '' )  );
#1359 = DIRECTION ( 'NONE',  ( 1.000000000000000000, 0.000000000000000000, -0.000000000000000000 ) ) ;
#1360 = CARTESIAN_POINT ( 'NONE',  ( -13.08529901606909895, -64.68983652522287287, 2.700000000000001066 ) ) ;
#1361 = ORIENTED_EDGE ( 'NONE', *, *, #5736, .T. ) ;
#1362 = CARTESIAN_POINT ( 'NONE',  ( -9.128927733950970236, -6.615687317718689897, 11.58000000000000007 ) ) ;
#1363 = VECTOR ( 'NONE', #4023, 1000.000000000000000 ) ;
#1364 = DIRECTION ( 'NONE',  ( -0.5868056243093321411, -0.8097278303719930292, 0.000000000000000000 ) ) ;
#1365 = DIRECTION ( 'NONE',  ( 0.000000000000000000, -1.000000000000000000, 0.000000000000000000 ) ) ;
#1366 = PLANE ( 'NONE',  #4942 ) ;
#1367 = LINE ( 'NONE', #5064, #5507 ) ;
#1368 = EDGE_LOOP ( 'NONE', ( #4416, #1082, #2174, #573, #90, #160, #1635, #4262, #1678, #3958 ) ) ;
#1369 = ORIENTED_EDGE ( 'NONE', *, *, #3759, .T. ) ;
#1370 = AXIS2_PLACEMENT_3D ( 'NONE', #5368, #1278, #4947 ) ;
#1371 = EDGE_LOOP ( 'NONE', ( #547, #1669, #1132, #456, #1276, #5215, #2466, #507, #3497 ) ) ;
#1372 = VERTEX_POINT ( 'NONE', #1944 ) ;
#1373 = LINE ( 'NONE', #3250, #2942 ) ;
#1374 = DIRECTION ( 'NONE',  ( -0.000000000000000000, -0.000000000000000000, -1.000000000000000000 ) ) ;
#1375 = ORIENTED_EDGE ( 'NONE', *, *, #5266, .T. ) ;
#1376 = CIRCLE ( 'NONE', #5825, 77.50000000000000000 ) ;
#1377 = FACE_OUTER_BOUND ( 'NONE', #2602, .T. ) ;
#1378 = DIRECTION ( 'NONE',  ( -0.000000000000000000, -0.000000000000000000, -1.000000000000000000 ) ) ;
#1379 = CYLINDRICAL_SURFACE ( 'NONE', #3571, 77.50000000000000000 ) ;
#1380 = CARTESIAN_POINT ( 'NONE',  ( 18.72510752109569765, -45.16793378999580000, 7.329082498301850102 ) ) ;
#1381 = DIRECTION ( 'NONE',  ( 1.000000000000000000, 0.000000000000000000, 0.000000000000000000 ) ) ;
#1382 = ORIENTED_EDGE ( 'NONE', *, *, #156, .F. ) ;
#1383 = EDGE_CURVE ( 'NONE', #3375, #3496, #3795, .T. ) ;
#1384 = DIRECTION ( 'NONE',  ( 1.000000000000000000, 0.000000000000000000, 0.000000000000000000 ) ) ;
#1385 = AXIS2_PLACEMENT_3D ( 'NONE', #305, #1254, #2520 ) ;
#1386 = EDGE_CURVE ( 'NONE', #546, #1148, #4949, .T. ) ;
#1387 = VECTOR ( 'NONE', #1802, 1000.000000000000000 ) ;
#1388 = CARTESIAN_POINT ( 'NONE',  ( 2.329778827326880020, 22.42745397154639875, 11.57032204158815958 ) ) ;
#1389 = EDGE_LOOP ( 'NONE', ( #5489, #5407, #2579, #1724 ) ) ;
#1390 = CARTESIAN_POINT ( 'NONE',  ( 10.00000000000000000, 0.000000000000000000, 41.10000000000000142 ) ) ;
#1391 = CIRCLE ( 'NONE', #213, 64.50000000000000000 ) ;
#1392 = CARTESIAN_POINT ( 'NONE',  ( 74.99825524820175815, 17.92144833433776085, 2.896738178340943382 ) ) ;
#1393 = ORIENTED_EDGE ( 'NONE', *, *, #4712, .T. ) ;
#1394 = CARTESIAN_POINT ( 'NONE',  ( -10.00000000000000000, 1.224646799147353256E-15, -41.10000000000000142 ) ) ;
#1395 = PLANE ( 'NONE',  #396 ) ;
#1396 = CYLINDRICAL_SURFACE ( 'NONE', #5214, 64.50000000000000000 ) ;
#1397 = CARTESIAN_POINT ( 'NONE',  ( 14.69037456587059864, -71.36007333919378937, 11.58000000000000007 ) ) ;
#1398 = EDGE_CURVE ( 'NONE', #3351, #3423, #1995, .T. ) ;
#1399 = CARTESIAN_POINT ( 'NONE',  ( 19.38420463070664823, -11.19147576156525936, 11.35262636160330096 ) ) ;
#1400 = DIRECTION ( 'NONE',  ( 0.8267360921917691341, 0.5625899340260920312, 0.000000000000000000 ) ) ;
#1401 = CARTESIAN_POINT ( 'NONE',  ( -21.06311949677307283, -62.54874097105918196, -2.700000000000001066 ) ) ;
#1402 = EDGE_LOOP ( 'NONE', ( #1486, #4586, #4848, #5336 ) ) ;
#1403 =( BOUNDED_CURVE ( )  B_SPLINE_CURVE ( 3, ( #2658, #2560, #4438, #1268 ),
 .UNSPECIFIED., .F., .F. ) 
 B_SPLINE_CURVE_WITH_KNOTS ( ( 4, 4 ),
 ( 4.079525947968146937, 4.712388980384691450 ),
 .UNSPECIFIED. ) 
 CURVE ( )  GEOMETRIC_REPRESENTATION_ITEM ( )  RATIONAL_B_SPLINE_CURVE ( ( 1.000000000000000000, 0.9669012650407978748, 0.9669012650407978748, 1.000000000000000000 ) ) 
 REPRESENTATION_ITEM ( '' )  );
#1404 = VERTEX_POINT ( 'NONE', #4854 ) ;
#1405 = VERTEX_POINT ( 'NONE', #242 ) ;
#1406 = ORIENTED_EDGE ( 'NONE', *, *, #5598, .T. ) ;
#1407 = PLANE ( 'NONE',  #1411 ) ;
#1408 = DIRECTION ( 'NONE',  ( 0.000000000000000000, 0.000000000000000000, -1.000000000000000000 ) ) ;
#1409 = ORIENTED_EDGE ( 'NONE', *, *, #327, .F. ) ;
#1410 = FACE_OUTER_BOUND ( 'NONE', #4748, .T. ) ;
#1411 = AXIS2_PLACEMENT_3D ( 'NONE', #4153, #392, #3606 ) ;
#1412 = CARTESIAN_POINT ( 'NONE',  ( 15.69718152606585093, 27.95119660816945029, -9.456346035045680054 ) ) ;
#1413 = CARTESIAN_POINT ( 'NONE',  ( 20.90183232406902292, -61.34973032495851442, 2.121878349923657314 ) ) ;
#1414 = DIRECTION ( 'NONE',  ( 1.000000000000000000, 0.000000000000000000, 0.000000000000000000 ) ) ;
#1415 = DIRECTION ( 'NONE',  ( 0.9946476834080687501, -0.1033246625494719656, 0.000000000000000000 ) ) ;
#1416 = LINE ( 'NONE', #3677, #5119 ) ;
#1417 = ORIENTED_EDGE ( 'NONE', *, *, #1676, .T. ) ;
#1418 = CARTESIAN_POINT ( 'NONE',  ( 0.000000000000000000, 0.000000000000000000, 1.200000000000000178 ) ) ;
#1419 = CARTESIAN_POINT ( 'NONE',  ( -5.506302618736159005, -8.347492525956482723, -11.58000000000000007 ) ) ;
#1420 = EDGE_CURVE ( 'NONE', #5833, #3351, #1217, .T. ) ;
#1421 = EDGE_CURVE ( 'NONE', #3516, #2406, #3964, .T. ) ;
#1422 = VERTEX_POINT ( 'NONE', #4911 ) ;
#1423 = CARTESIAN_POINT ( 'NONE',  ( 57.81277958042414866, 51.61329787162703298, -16.00000000000000000 ) ) ;
#1424 = CARTESIAN_POINT ( 'NONE',  ( 15.79203733971028178, -75.87398471585103721, -3.700000000000000178 ) ) ;
#1425 = VECTOR ( 'NONE', #692, 1000.000000000000000 ) ;
#1426 = ORIENTED_EDGE ( 'NONE', *, *, #4462, .F. ) ;
#1427 = PLANE ( 'NONE',  #3323 ) ;
#1428 = PLANE ( 'NONE',  #3365 ) ;
#1429 = LINE ( 'NONE', #1482, #3325 ) ;
#1430 = CARTESIAN_POINT ( 'NONE',  ( -17.88507778065336140, -75.43834959110196792, 3.748451753904303629 ) ) ;
#1431 = ORIENTED_EDGE ( 'NONE', *, *, #1826, .F. ) ;
#1432 = ORIENTED_EDGE ( 'NONE', *, *, #1674, .F. ) ;
#1433 = EDGE_CURVE ( 'NONE', #3457, #3009, #1730, .T. ) ;
#1434 = ORIENTED_EDGE ( 'NONE', *, *, #1042, .F. ) ;
#1435 = ADVANCED_FACE ( 'NONE', ( #1245 ), #1180, .F. ) ;
#1436 = VERTEX_POINT ( 'NONE', #4392 ) ;
#1437 = EDGE_CURVE ( 'NONE', #5871, #2214, #341, .T. ) ;
#1438 =( BOUNDED_CURVE ( )  B_SPLINE_CURVE ( 3, ( #3971, #1737, #5405, #1286 ),
 .UNSPECIFIED., .F., .F. ) 
 B_SPLINE_CURVE_WITH_KNOTS ( ( 4, 4 ),
 ( 2.165460851662905029, 2.252559297758541135 ),
 .UNSPECIFIED. ) 
 CURVE ( )  GEOMETRIC_REPRESENTATION_ITEM ( )  RATIONAL_B_SPLINE_CURVE ( ( 1.000000000000000000, 0.9993679216300043189, 0.9993679216300043189, 1.000000000000000000 ) ) 
 REPRESENTATION_ITEM ( '' )  );
#1439 = DIRECTION ( 'NONE',  ( 1.000000000000000000, 0.000000000000000000, 0.000000000000000000 ) ) ;
#1440 = CARTESIAN_POINT ( 'NONE',  ( -57.08957099096645038, 50.92181147668848240, 2.700000000000001066 ) ) ;
#1441 = ORIENTED_EDGE ( 'NONE', *, *, #5533, .T. ) ;
#1442 = DIRECTION ( 'NONE',  ( 0.000000000000000000, 0.000000000000000000, 1.000000000000000000 ) ) ;
#1443 = AXIS2_PLACEMENT_3D ( 'NONE', #502, #3710, #2775 ) ;
#1444 = DIRECTION ( 'NONE',  ( -0.9249529466333913374, -0.3800816313822686920, 0.000000000000000000 ) ) ;
#1445 = CARTESIAN_POINT ( 'NONE',  ( 0.000000000000000000, 0.000000000000000000, -2.700000000000000178 ) ) ;
#1446 = DIRECTION ( 'NONE',  ( -0.000000000000000000, -0.000000000000000000, -1.000000000000000000 ) ) ;
#1447 = VECTOR ( 'NONE', #3504, 1000.000000000000000 ) ;
#1448 = CARTESIAN_POINT ( 'NONE',  ( 61.17517611784165865, 20.44132644793514331, 1.199999999999999289 ) ) ;
#1449 = CARTESIAN_POINT ( 'NONE',  ( -10.33396539057179986, -4.615973075173899431, 12.27788935830150052 ) ) ;
#1450 = ORIENTED_EDGE ( 'NONE', *, *, #5360, .T. ) ;
#1451 = VECTOR ( 'NONE', #4847, 1000.000000000000114 ) ;
#1452 = CARTESIAN_POINT ( 'NONE',  ( -61.17517611784167286, 20.44132644793519304, -1.200000000000000622 ) ) ;
#1453 = ORIENTED_EDGE ( 'NONE', *, *, #2378, .T. ) ;
#1454 = PLANE ( 'NONE',  #4 ) ;
#1455 = EDGE_CURVE ( 'NONE', #4247, #2019, #4145, .T. ) ;
#1456 = CARTESIAN_POINT ( 'NONE',  ( -12.99655279218866077, -64.03009610414724762, 2.548498792587409412 ) ) ;
#1457 = VERTEX_POINT ( 'NONE', #3691 ) ;
#1458 = CARTESIAN_POINT ( 'NONE',  ( -48.29029604988338065, 42.75859337507043278, 1.398311155798741101 ) ) ;
#1459 = FACE_OUTER_BOUND ( 'NONE', #1846, .T. ) ;
#1460 = CARTESIAN_POINT ( 'NONE',  ( -18.60356508940021669, -12.53526766206210930, 11.50031736591962428 ) ) ;
#1461 = CARTESIAN_POINT ( 'NONE',  ( -22.00819263282772198, -74.30941701451001791, -3.816639643088847400 ) ) ;
#1462 = ORIENTED_EDGE ( 'NONE', *, *, #1742, .T. ) ;
#1463 = ORIENTED_EDGE ( 'NONE', *, *, #5022, .F. ) ;
#1464 = PLANE ( 'NONE',  #5069 ) ;
#1465 = ORIENTED_EDGE ( 'NONE', *, *, #5822, .T. ) ;
#1466 = PLANE ( 'NONE',  #1789 ) ;
#1467 = VECTOR ( 'NONE', #5454, 1000.000000000000114 ) ;
#1468 = CARTESIAN_POINT ( 'NONE',  ( -77.50000000000000000, 9.491012693391988181E-15, -4.000000000000000000 ) ) ;
#1469 = ORIENTED_EDGE ( 'NONE', *, *, #1959, .F. ) ;
#1470 = PLANE ( 'NONE',  #3904 ) ;
#1471 = FACE_OUTER_BOUND ( 'NONE', #3293, .T. ) ;
#1472 = LINE ( 'NONE', #100, #3887 ) ;
#1473 = CARTESIAN_POINT ( 'NONE',  ( -20.58763429522879917, -9.196079336109010072, 11.58000000000000007 ) ) ;
#1474 = ORIENTED_EDGE ( 'NONE', *, *, #2387, .F. ) ;
#1475 = CARTESIAN_POINT ( 'NONE',  ( -61.94996622904484695, 20.75970317241268859, -2.548498792587414741 ) ) ;
#1476 = VERTEX_POINT ( 'NONE', #1843 ) ;
#1477 = DIRECTION ( 'NONE',  ( 0.000000000000000000, 0.000000000000000000, -1.000000000000000000 ) ) ;
#1478 = CARTESIAN_POINT ( 'NONE',  ( -18.25785546790195113, -13.23137463543736025, 11.12841576485195993 ) ) ;
#1479 = ORIENTED_EDGE ( 'NONE', *, *, #2177, .F. ) ;
#1480 = FACE_OUTER_BOUND ( 'NONE', #5935, .T. ) ;
#1481 = CARTESIAN_POINT ( 'NONE',  ( -11.15168633643354390, 24.44294532630649996, 10.14422924628220102 ) ) ;
#1482 = CARTESIAN_POINT ( 'NONE',  ( -22.00819263282770422, -74.30941701451001791, -16.00000000000000000 ) ) ;
#1483 = VECTOR ( 'NONE', #2241, 1000.000000000000000 ) ;
#1484 = LINE ( 'NONE', #88, #4277 ) ;
#1485 = ORIENTED_EDGE ( 'NONE', *, *, #5734, .T. ) ;
#1486 = ORIENTED_EDGE ( 'NONE', *, *, #4530, .F. ) ;
#1487 = AXIS2_PLACEMENT_3D ( 'NONE', #5516, #1365, #3209 ) ;
#1488 = CARTESIAN_POINT ( 'NONE',  ( -57.28051757697091517, 51.10438254720227746, 2.700000000000001954 ) ) ;
#1489 = ORIENTED_EDGE ( 'NONE', *, *, #3967, .F. ) ;
#1490 = CARTESIAN_POINT ( 'NONE',  ( 0.000000000000000000, 0.000000000000000000, 3.700000000000001954 ) ) ;
#1491 = CARTESIAN_POINT ( 'NONE',  ( -43.31760852752729818, 17.76077607306569917, 7.382251208476880322 ) ) ;
#1492 = CARTESIAN_POINT ( 'NONE',  ( 0.000000000000000000, 0.000000000000000000, -2.700000000000000178 ) ) ;
#1493 = VERTEX_POINT ( 'NONE', #3937 ) ;
#1494 = EDGE_CURVE ( 'NONE', #2919, #194, #2571, .T. ) ;
#1495 = EDGE_CURVE ( 'NONE', #1543, #3060, #3577, .T. ) ;
#1496 = CARTESIAN_POINT ( 'NONE',  ( 1.606200838410914988, -11.66789116403066018, 11.58000000000000007 ) ) ;
#1497 = DIRECTION ( 'NONE',  ( 0.8637146712084821099, 0.4986658979252460155, -0.07300197932680790869 ) ) ;
#1498 = LINE ( 'NONE', #5597, #1766 ) ;
#1499 = EDGE_CURVE ( 'NONE', #428, #4325, #4488, .T. ) ;
#1500 = TOROIDAL_SURFACE ( 'NONE', #4879, 66.00000000000000000, 1.500000000000000000 ) ;
#1501 = CARTESIAN_POINT ( 'NONE',  ( -69.14482361059779691, 22.95779910444420224, -2.700000000000001066 ) ) ;
#1502 = ORIENTED_EDGE ( 'NONE', *, *, #1317, .T. ) ;
#1503 = ADVANCED_FACE ( 'NONE', ( #2637 ), #3486, .T. ) ;
#1504 = CIRCLE ( 'NONE', #3342, 5.000000000000004441 ) ;
#1505 = DIRECTION ( 'NONE',  ( 0.000000000000000000, 0.000000000000000000, 1.000000000000000000 ) ) ;
#1506 = ADVANCED_FACE ( 'NONE', ( #5371 ), #2111, .F. ) ;
#1507 = ORIENTED_EDGE ( 'NONE', *, *, #2042, .F. ) ;
#1508 = CARTESIAN_POINT ( 'NONE',  ( -53.34974655856341030, 56.21436241866536676, 3.700000000000001954 ) ) ;
#1509 = ORIENTED_EDGE ( 'NONE', *, *, #5570, .T. ) ;
#1510 = DIRECTION ( 'NONE',  ( 0.2371001562490649694, -0.9714852113679698364, 0.000000000000000000 ) ) ;
#1511 = DIRECTION ( 'NONE',  ( -0.3800816313822695247, -0.9249529466333910044, 0.000000000000000000 ) ) ;
#1512 = DIRECTION ( 'NONE',  ( 1.000000000000000000, 0.000000000000000000, 0.000000000000000000 ) ) ;
#1513 = ORIENTED_EDGE ( 'NONE', *, *, #671, .T. ) ;
#1514 = ORIENTED_EDGE ( 'NONE', *, *, #4764, .T. ) ;
#1515 = DIRECTION ( 'NONE',  ( 0.07384912868412257803, 0.9972694250765916646, -0.000000000000000000 ) ) ;
#1516 = VERTEX_POINT ( 'NONE', #727 ) ;
#1517 = CARTESIAN_POINT ( 'NONE',  ( 0.000000000000000000, 0.000000000000000000, -15.00000000000000000 ) ) ;
#1518 = CARTESIAN_POINT ( 'NONE',  ( -61.17517611784167997, 20.44132644793519304, 1.299151729025849189 ) ) ;
#1519 = CIRCLE ( 'NONE', #154, 77.50000000000000000 ) ;
#1520 = DIRECTION ( 'NONE',  ( 1.000000000000000000, 0.000000000000000000, 0.000000000000000000 ) ) ;
#1521 = VERTEX_POINT ( 'NONE', #758 ) ;
#1522 = EDGE_CURVE ( 'NONE', #3296, #1753, #3741, .T. ) ;
#1523 = EDGE_CURVE ( 'NONE', #1964, #4578, #5432, .T. ) ;
#1524 = CARTESIAN_POINT ( 'NONE',  ( 22.00819263282772198, -74.30941701451001791, -3.816639643088847400 ) ) ;
#1525 = CARTESIAN_POINT ( 'NONE',  ( 43.03577832858821495, 49.05135473737517771, 2.505111542034143657 ) ) ;
#1526 = CYLINDRICAL_SURFACE ( 'NONE', #4124, 10.00000000000000000 ) ;
#1527 = CARTESIAN_POINT ( 'NONE',  ( -42.84215113694978783, 48.90191164813413138, -2.334806074537967291 ) ) ;
#1528 = DIRECTION ( 'NONE',  ( 1.000000000000000000, 0.000000000000000000, 0.000000000000000000 ) ) ;
#1529 = ORIENTED_EDGE ( 'NONE', *, *, #3838, .T. ) ;
#1530 = CIRCLE ( 'NONE', #5602, 77.50000000000000000 ) ;
#1531 = AXIS2_PLACEMENT_3D ( 'NONE', #3112, #448, #1808 ) ;
#1532 = DIRECTION ( 'NONE',  ( -0.1033246625494713689, 0.9946476834080687501, 0.000000000000000000 ) ) ;
#1533 = EDGE_CURVE ( 'NONE', #5591, #2381, #5396, .T. ) ;
#1534 = TOROIDAL_SURFACE ( 'NONE', #4919, 89.50000000000000000, 12.00000000000000000 ) ;
#1535 = VERTEX_POINT ( 'NONE', #1399 ) ;
#1536 = LINE ( 'NONE', #5122, #1833 ) ;
#1537 = EDGE_LOOP ( 'NONE', ( #3732, #2822, #1106, #4214 ) ) ;
#1538 = AXIS2_PLACEMENT_3D ( 'NONE', #5784, #636, #4445 ) ;
#1539 = DIRECTION ( 'NONE',  ( 1.000000000000000000, 0.000000000000000000, 0.000000000000000000 ) ) ;
#1540 = CARTESIAN_POINT ( 'NONE',  ( 10.29381714761439959, -4.598039668054499707, 11.58000000000000007 ) ) ;
#1541 = EDGE_CURVE ( 'NONE', #4816, #1535, #2428, .T. ) ;
#1542 = ORIENTED_EDGE ( 'NONE', *, *, #4078, .F. ) ;
#1543 = VERTEX_POINT ( 'NONE', #937 ) ;
#1544 = CARTESIAN_POINT ( 'NONE',  ( 0.000000000000000000, 0.000000000000000000, -1.200000000000000178 ) ) ;
#1545 = LINE ( 'NONE', #3388, #2295 ) ;
#1546 = ORIENTED_EDGE ( 'NONE', *, *, #2101, .F. ) ;
#1547 = FACE_OUTER_BOUND ( 'NONE', #1537, .T. ) ;
#1548 = CIRCLE ( 'NONE', #3294, 76.50000000000000000 ) ;
#1549 = DIRECTION ( 'NONE',  ( 0.1029739367619113971, 0.9912714459880659357, 0.08232428995431868846 ) ) ;
#1550 = CARTESIAN_POINT ( 'NONE',  ( 49.48039228947092738, 43.67711962664280634, 2.700000000000001066 ) ) ;
#1551 = ORIENTED_EDGE ( 'NONE', *, *, #939, .F. ) ;
#1552 = VECTOR ( 'NONE', #3830, 1000.000000000000000 ) ;
#1553 = ADVANCED_FACE ( 'NONE', ( #4100 ), #1223, .T. ) ;
#1554 = AXIS2_PLACEMENT_3D ( 'NONE', #1782, #5518, #4014 ) ;
#1555 = CARTESIAN_POINT ( 'NONE',  ( 42.55200767510906701, 48.67797649267544813, 1.870514131426943782 ) ) ;
#1556 = DIRECTION ( 'NONE',  ( 0.000000000000000000, 0.000000000000000000, 1.000000000000000000 ) ) ;
#1557 = ADVANCED_FACE ( 'NONE', ( #4534 ), #1770, .T. ) ;
#1558 = DIRECTION ( 'NONE',  ( 0.000000000000000000, 0.000000000000000000, 1.000000000000000000 ) ) ;
#1559 = VECTOR ( 'NONE', #3899, 1000.000000000000000 ) ;
#1560 = CARTESIAN_POINT ( 'NONE',  ( 0.000000000000000000, 0.000000000000000000, 3.700000000000001954 ) ) ;
#1561 = LINE ( 'NONE', #5289, #1100 ) ;
#1562 = EDGE_LOOP ( 'NONE', ( #3319, #4883, #3817, #2615, #5546 ) ) ;
#1563 = EDGE_CURVE ( 'NONE', #3870, #3516, #5574, .T. ) ;
#1564 = CARTESIAN_POINT ( 'NONE',  ( -22.00819263282773264, -74.30941701450998949, 3.816639643088854950 ) ) ;
#1565 = CARTESIAN_POINT ( 'NONE',  ( 0.000000000000000000, 0.000000000000000000, 16.00000000000000000 ) ) ;
#1566 = ORIENTED_EDGE ( 'NONE', *, *, #3114, .F. ) ;
#1567 = EDGE_CURVE ( 'NONE', #1579, #3812, #803, .T. ) ;
#1568 = ORIENTED_EDGE ( 'NONE', *, *, #1595, .F. ) ;
#1569 = DIRECTION ( 'NONE',  ( 0.5868056243093309199, -0.8097278303719939174, 0.000000000000000000 ) ) ;
#1570 = DIRECTION ( 'NONE',  ( -0.000000000000000000, -0.000000000000000000, -1.000000000000000000 ) ) ;
#1571 = ORIENTED_EDGE ( 'NONE', *, *, #1421, .T. ) ;
#1572 = CARTESIAN_POINT ( 'NONE',  ( 73.51977952386930326, 17.20784226965210095, -4.060724579254965327 ) ) ;
#1573 = EDGE_CURVE ( 'NONE', #4941, #3171, #4004, .T. ) ;
#1574 = VECTOR ( 'NONE', #5581, 1000.000000000000114 ) ;
#1575 = CARTESIAN_POINT ( 'NONE',  ( -53.17699486230704764, 56.09680572032151247, -3.080606740574594493 ) ) ;
#1576 = CARTESIAN_POINT ( 'NONE',  ( 10.90779057584800071, 4.442934852371609900, 11.58000000000000007 ) ) ;
#1577 = VECTOR ( 'NONE', #5927, 1000.000000000000000 ) ;
#1578 = CARTESIAN_POINT ( 'NONE',  ( 36.02415850025544586, 10.10627119803250018, 11.58000000000000007 ) ) ;
#1579 = VERTEX_POINT ( 'NONE', #767 ) ;
#1580 = CIRCLE ( 'NONE', #514, 94.50000000000000000 ) ;
#1581 = CARTESIAN_POINT ( 'NONE',  ( 19.38420463070664823, -11.19147576156525936, -11.35262636160330096 ) ) ;
#1582 = CARTESIAN_POINT ( 'NONE',  ( 0.000000000000000000, 0.000000000000000000, -20.00000000000000000 ) ) ;
#1583 = CARTESIAN_POINT ( 'NONE',  ( 61.31615150100464717, 20.49925604728649020, -1.865393831290136140 ) ) ;
#1584 = CARTESIAN_POINT ( 'NONE',  ( 57.81277958042410603, 51.61329787162699745, -3.567906166261292977 ) ) ;
#1585 = VERTEX_POINT ( 'NONE', #2246 ) ;
#1586 = AXIS2_PLACEMENT_3D ( 'NONE', #2977, #5743, #1130 ) ;
#1587 =( BOUNDED_CURVE ( )  B_SPLINE_CURVE ( 3, ( #5638, #970, #515, #4147 ),
 .UNSPECIFIED., .F., .F. ) 
 B_SPLINE_CURVE_WITH_KNOTS ( ( 4, 4 ),
 ( 2.987367879076567867, 3.070101511343096945 ),
 .UNSPECIFIED. ) 
 CURVE ( )  GEOMETRIC_REPRESENTATION_ITEM ( )  RATIONAL_B_SPLINE_CURVE ( ( 1.000000000000000000, 0.9994296768433472700, 0.9994296768433472700, 1.000000000000000000 ) ) 
 REPRESENTATION_ITEM ( '' )  );
#1588 = DIRECTION ( 'NONE',  ( 0.000000000000000000, 0.000000000000000000, 1.000000000000000000 ) ) ;
#1589 = DIRECTION ( 'NONE',  ( 1.000000000000000000, 0.000000000000000000, 0.000000000000000000 ) ) ;
#1590 = VECTOR ( 'NONE', #4090, 1000.000000000000000 ) ;
#1591 = ORIENTED_EDGE ( 'NONE', *, *, #3272, .T. ) ;
#1592 = TOROIDAL_SURFACE ( 'NONE', #4991, 94.50000000000000000, 2.000000000000000000 ) ;
#1593 = EDGE_CURVE ( 'NONE', #4577, #1876, #4826, .T. ) ;
#1594 = DIRECTION ( 'NONE',  ( 0.000000000000000000, 0.000000000000000000, -1.000000000000000000 ) ) ;
#1595 = EDGE_CURVE ( 'NONE', #1034, #2235, #2122, .T. ) ;
#1596 = ORIENTED_EDGE ( 'NONE', *, *, #1437, .F. ) ;
#1597 = AXIS2_PLACEMENT_3D ( 'NONE', #1544, #1087, #2932 ) ;
#1598 = VERTEX_POINT ( 'NONE', #4996 ) ;
#1599 = DIRECTION ( 'NONE',  ( -0.000000000000000000, -0.000000000000000000, -1.000000000000000000 ) ) ;
#1600 = CARTESIAN_POINT ( 'NONE',  ( 26.35572538717334723, -19.09985961930015108, -10.30230857362398034 ) ) ;
#1601 = ORIENTED_EDGE ( 'NONE', *, *, #3190, .T. ) ;
#1602 = CARTESIAN_POINT ( 'NONE',  ( 22.00617302701296651, -74.28214396246964668, 3.435140078228479776 ) ) ;
#1603 = DIRECTION ( 'NONE',  ( 1.000000000000000000, 0.000000000000000000, 0.000000000000000000 ) ) ;
#1604 = CARTESIAN_POINT ( 'NONE',  ( 13.11336938590015322, -64.89851196855261151, -2.700000000000001066 ) ) ;
#1605 = DIRECTION ( 'NONE',  ( 0.5625899340260928083, 0.8267360921917685790, 0.000000000000000000 ) ) ;
#1606 = CARTESIAN_POINT ( 'NONE',  ( -1.164889413663430018, 11.21372698577319937, -11.58000000000000007 ) ) ;
#1607 = ORIENTED_EDGE ( 'NONE', *, *, #1323, .T. ) ;
#1608 = EDGE_CURVE ( 'NONE', #1850, #2578, #4720, .T. ) ;
#1609 = CYLINDRICAL_SURFACE ( 'NONE', #4659, 102.7000000000000171 ) ;
#1610 = CARTESIAN_POINT ( 'NONE',  ( 61.51853599170986087, 20.58241987488841573, -2.191727174860607974 ) ) ;
#1611 = CARTESIAN_POINT ( 'NONE',  ( -73.60481692013435406, 24.26068684422401844, 3.435809613773169513 ) ) ;
#1612 = EDGE_LOOP ( 'NONE', ( #4107, #3558, #4833, #3810, #2971, #2460, #941, #5202, #2537 ) ) ;
#1613 = B_SPLINE_CURVE_WITH_KNOTS ( 'NONE', 3,
 ( #1211, #3058, #5846, #207, #1698, #3091, #3543, #788 ),
 .UNSPECIFIED., .F., .F.,
 ( 4, 2, 2, 4 ),
 ( 8.673617379884035472E-19, 0.0003951903511580864034, 0.0007903807023161719394, 0.001580761404632334555 ),
 .UNSPECIFIED. ) ;
#1614 = LINE ( 'NONE', #2948, #3846 ) ;
#1615 = EDGE_CURVE ( 'NONE', #3085, #455, #375, .T. ) ;
#1616 = DIRECTION ( 'NONE',  ( -0.9946476834080688612, -0.1033246625494713827, 0.000000000000000000 ) ) ;
#1617 = LINE ( 'NONE', #2576, #2927 ) ;
#1618 = ORIENTED_EDGE ( 'NONE', *, *, #3967, .T. ) ;
#1619 = VERTEX_POINT ( 'NONE', #2617 ) ;
#1620 = VECTOR ( 'NONE', #60, 1000.000000000000000 ) ;
#1621 = DIRECTION ( 'NONE',  ( 0.7916368216055734708, 0.6109919333986542078, -0.000000000000000000 ) ) ;
#1622 = CARTESIAN_POINT ( 'NONE',  ( -22.37586229906957058, -6.290523000010747268, 10.79796036138132109 ) ) ;
#1623 = ORIENTED_EDGE ( 'NONE', *, *, #4638, .T. ) ;
#1624 = VECTOR ( 'NONE', #3926, 1000.000000000000114 ) ;
#1625 = VERTEX_POINT ( 'NONE', #735 ) ;
#1626 = CARTESIAN_POINT ( 'NONE',  ( -63.63967785839793123, 12.59731910691141366, -2.196394173759314228 ) ) ;
#1627 = FACE_OUTER_BOUND ( 'NONE', #5050, .T. ) ;
#1628 = EDGE_LOOP ( 'NONE', ( #3931, #4236, #5698, #3921 ) ) ;
#1629 = CYLINDRICAL_SURFACE ( 'NONE', #797, 26.76213688802224411 ) ;
#1630 = CARTESIAN_POINT ( 'NONE',  ( 37.04008753396534814, 28.63376137949524747, 7.382251208476880322 ) ) ;
#1631 = LINE ( 'NONE', #4903, #3280 ) ;
#1632 = FILL_AREA_STYLE_COLOUR ( '', #5045 ) ;
#1633 = CARTESIAN_POINT ( 'NONE',  ( -68.32214459953640073, 22.71747174902105115, 4.385798943796000771 ) ) ;
#1634 = CARTESIAN_POINT ( 'NONE',  ( 49.16741746380592559, 43.43556303324139378, 2.660291023826607759 ) ) ;
#1635 = ORIENTED_EDGE ( 'NONE', *, *, #3204, .F. ) ;
#1636 = ORIENTED_EDGE ( 'NONE', *, *, #1255, .T. ) ;
#1637 = DIRECTION ( 'NONE',  ( 0.000000000000000000, 0.000000000000000000, 1.000000000000000000 ) ) ;
#1638 = CARTESIAN_POINT ( 'NONE',  ( -15.59614842513940047, -6.966483676492729593, 11.58000000000000007 ) ) ;
#1639 = CARTESIAN_POINT ( 'NONE',  ( -11.10525951692319957, -39.72858842060290385, -11.58000000000000007 ) ) ;
#1640 = ORIENTED_EDGE ( 'NONE', *, *, #638, .F. ) ;
#1641 = EDGE_CURVE ( 'NONE', #1034, #2666, #1825, .T. ) ;
#1642 = AXIS2_PLACEMENT_3D ( 'NONE', #1070, #5253, #4328 ) ;
#1643 = CARTESIAN_POINT ( 'NONE',  ( 20.15764278328348880, -9.843526137346865212, 11.20554402546023631 ) ) ;
#1644 = CYLINDRICAL_SURFACE ( 'NONE', #5051, 77.50000000000000000 ) ;
#1645 = VECTOR ( 'NONE', #1313, 1000.000000000000227 ) ;
#1646 = VERTEX_POINT ( 'NONE', #5408 ) ;
#1647 = ORIENTED_EDGE ( 'NONE', *, *, #2211, .T. ) ;
#1648 = CYLINDRICAL_SURFACE ( 'NONE', #3803, 64.50000000000000000 ) ;
#1649 = ORIENTED_EDGE ( 'NONE', *, *, #3193, .T. ) ;
#1650 = AXIS2_PLACEMENT_3D ( 'NONE', #1845, #2790, #2327 ) ;
#1651 = ORIENTED_EDGE ( 'NONE', *, *, #3522, .T. ) ;
#1652 = CARTESIAN_POINT ( 'NONE',  ( -72.64436784101741296, 23.98011303098789071, 2.700000000000001066 ) ) ;
#1653 = FACE_OUTER_BOUND ( 'NONE', #1138, .T. ) ;
#1654 = VERTEX_POINT ( 'NONE', #402 ) ;
#1655 = DIRECTION ( 'NONE',  ( 0.000000000000000000, 0.000000000000000000, -1.000000000000000000 ) ) ;
#1656 = LINE ( 'NONE', #4967, #5978 ) ;
#1657 = DIRECTION ( 'NONE',  ( -0.7227807943210241559, 0.6910773642369349989, 0.000000000000000000 ) ) ;
#1658 =( NAMED_UNIT ( * ) PLANE_ANGLE_UNIT ( ) SI_UNIT ( $, .RADIAN. ) );
#1659 = DIRECTION ( 'NONE',  ( -1.000000000000000000, 1.224646799147352468E-16, 0.000000000000000000 ) ) ;
#1660 = DIRECTION ( 'NONE',  ( 0.000000000000000000, 0.000000000000000000, -1.000000000000000000 ) ) ;
#1661 = EDGE_LOOP ( 'NONE', ( #3095, #2923, #1849, #2030 ) ) ;
#1662 = ORIENTED_EDGE ( 'NONE', *, *, #5610, .T. ) ;
#1663 = ORIENTED_EDGE ( 'NONE', *, *, #4836, .T. ) ;
#1664 = CARTESIAN_POINT ( 'NONE',  ( 36.02415850025544586, 10.10627119803250018, 2.700000000000001066 ) ) ;
#1665 = CARTESIAN_POINT ( 'NONE',  ( -30.15717572388484768, 39.11154131515264964, -2.700000000000001066 ) ) ;
#1666 = DIRECTION ( 'NONE',  ( 0.000000000000000000, -1.000000000000000000, 0.000000000000000000 ) ) ;
#1667 = VECTOR ( 'NONE', #5315, 1000.000000000000114 ) ;
#1669 = ORIENTED_EDGE ( 'NONE', *, *, #367, .F. ) ;
#1668 = VECTOR ( 'NONE', #1059, 1000.000000000000000 ) ;
#1670 = EDGE_CURVE ( 'NONE', #3496, #5963, #5350, .T. ) ;
#1671 = DIRECTION ( 'NONE',  ( 1.000000000000000000, 0.000000000000000000, 0.000000000000000000 ) ) ;
#1672 = AXIS2_PLACEMENT_3D ( 'NONE', #4408, #257, #810 ) ;
#1673 = CARTESIAN_POINT ( 'NONE',  ( 19.38420463070664823, -11.19147576156525936, 11.35262636160330096 ) ) ;
#1674 = EDGE_CURVE ( 'NONE', #1457, #455, #2492, .T. ) ;
#1675 = DIRECTION ( 'NONE',  ( 0.000000000000000000, 0.000000000000000000, 1.000000000000000000 ) ) ;
#1676 = EDGE_CURVE ( 'NONE', #4849, #1886, #5701, .T. ) ;
#1677 = EDGE_CURVE ( 'NONE', #882, #2668, #4035, .T. ) ;
#1678 = ORIENTED_EDGE ( 'NONE', *, *, #1357, .T. ) ;
#1679 = ORIENTED_EDGE ( 'NONE', *, *, #2213, .F. ) ;
#1680 = CARTESIAN_POINT ( 'NONE',  ( 57.08957099096649301, 50.92181147668843266, 2.700000000000001066 ) ) ;
#1681 = CARTESIAN_POINT ( 'NONE',  ( 77.50000000000000000, 0.000000000000000000, 3.700000000000001954 ) ) ;
#1682 = AXIS2_PLACEMENT_3D ( 'NONE', #5283, #4822, #665 ) ;
#1683 = ORIENTED_EDGE ( 'NONE', *, *, #217, .F. ) ;
#1684 = DIRECTION ( 'NONE',  ( -0.000000000000000000, -0.000000000000000000, -1.000000000000000000 ) ) ;
#1685 = CARTESIAN_POINT ( 'NONE',  ( -20.85934850864511958, -61.03390516585745473, 1.199999999999999289 ) ) ;
#1686 = ORIENTED_EDGE ( 'NONE', *, *, #5204, .F. ) ;
#1687 = CARTESIAN_POINT ( 'NONE',  ( 42.42723811148030677, 48.58167829780847313, -1.299991467882823271 ) ) ;
#1688 = DIRECTION ( 'NONE',  ( 0.000000000000000000, 0.000000000000000000, 1.000000000000000000 ) ) ;
#1689 = CARTESIAN_POINT ( 'NONE',  ( -53.34974655856342451, 56.21436241866533834, 3.816639643088847844 ) ) ;
#1690 = CARTESIAN_POINT ( 'NONE',  ( -19.38420463070664823, -11.19147576156522028, -1.734723475976804925E-15 ) ) ;
#1691 = DIRECTION ( 'NONE',  ( 0.000000000000000000, 0.000000000000000000, -1.000000000000000000 ) ) ;
#1692 = ORIENTED_EDGE ( 'NONE', *, *, #123, .T. ) ;
#1693 = EDGE_CURVE ( 'NONE', #809, #1850, #5439, .T. ) ;
#1694 = EDGE_CURVE ( 'NONE', #1707, #4092, #178, .T. ) ;
#1695 = ORIENTED_EDGE ( 'NONE', *, *, #2484, .T. ) ;
#1696 = LINE ( 'NONE', #1664, #2116 ) ;
#1697 = EDGE_CURVE ( 'NONE', #3622, #3870, #3583, .T. ) ;
#1698 = CARTESIAN_POINT ( 'NONE',  ( 53.01955715424771398, 55.98967011728340282, -2.896738178340947378 ) ) ;
#1699 = CARTESIAN_POINT ( 'NONE',  ( -2.329778827326864921, 22.42745397154639875, 11.58000000000000007 ) ) ;
#1700 = ORIENTED_EDGE ( 'NONE', *, *, #2133, .F. ) ;
#1701 = EDGE_CURVE ( 'NONE', #198, #5815, #470, .T. ) ;
#1702 = CARTESIAN_POINT ( 'NONE',  ( -9.982291894747124417, -0.5948516857720523854, 11.58000000000000007 ) ) ;
#1703 = VECTOR ( 'NONE', #2285, 1000.000000000000000 ) ;
#1704 = FACE_OUTER_BOUND ( 'NONE', #3840, .T. ) ;
#1705 = CARTESIAN_POINT ( 'NONE',  ( -57.18504525685589357, 51.01309794215872984, -2.700000000000000622 ) ) ;
#1706 = LINE ( 'NONE', #5023, #2006 ) ;
#1707 = VERTEX_POINT ( 'NONE', #4167 ) ;
#1708 = CARTESIAN_POINT ( 'NONE',  ( 1.098614904710434072E-14, 22.38295152313055070, 11.35262636160330096 ) ) ;
#1709 = PLANE ( 'NONE',  #2928 ) ;
#1710 = EDGE_CURVE ( 'NONE', #1907, #1213, #5147, .T. ) ;
#1711 = VERTEX_POINT ( 'NONE', #3714 ) ;
#1712 = CARTESIAN_POINT ( 'NONE',  ( 94.50000000000000000, 0.000000000000000000, -18.00000000000000355 ) ) ;
#1713 = CARTESIAN_POINT ( 'NONE',  ( -21.93259590737125819, -73.28854778724955565, 2.700000000000001066 ) ) ;
#1714 = VERTEX_POINT ( 'NONE', #5577 ) ;
#1715 = CARTESIAN_POINT ( 'NONE',  ( 48.95017622202930596, 6.561109625699310222, 11.58000000000000007 ) ) ;
#1716 = DIRECTION ( 'NONE',  ( -0.2354353266877395323, -0.9646638016993202003, -0.1182960550417982287 ) ) ;
#1717 = CARTESIAN_POINT ( 'NONE',  ( -53.01955715424769977, 55.98967011728338861, 2.896738178340947822 ) ) ;
#1718 = VECTOR ( 'NONE', #2834, 1000.000000000000000 ) ;
#1719 = LINE ( 'NONE', #2788, #5803 ) ;
#1720 = VECTOR ( 'NONE', #1990, 1000.000000000000000 ) ;
#1721 = CARTESIAN_POINT ( 'NONE',  ( -6.277520993561950036, -46.39453745256089690, -7.382251208476880322 ) ) ;
#1722 = CARTESIAN_POINT ( 'NONE',  ( 92.50000000000000000, 0.000000000000000000, 18.00000000000000711 ) ) ;
#1723 = VERTEX_POINT ( 'NONE', #1921 ) ;
#1724 = ORIENTED_EDGE ( 'NONE', *, *, #3519, .F. ) ;
#1725 = VERTEX_POINT ( 'NONE', #3322 ) ;
#1726 = ORIENTED_EDGE ( 'NONE', *, *, #1697, .T. ) ;
#1727 = VECTOR ( 'NONE', #5857, 1000.000000000000000 ) ;
#1728 = CARTESIAN_POINT ( 'NONE',  ( 1.169432749000330007, 11.25746308765129911, 12.27788935830150052 ) ) ;
#1729 = CARTESIAN_POINT ( 'NONE',  ( -17.88507778065335430, -75.43834959110196792, -3.748451753904301853 ) ) ;
#1730 = LINE ( 'NONE', #4982, #2677 ) ;
#1731 = CARTESIAN_POINT ( 'NONE',  ( 52.50344623654228116, 55.63845912034692276, -2.700000000000001066 ) ) ;
#1732 = ORIENTED_EDGE ( 'NONE', *, *, #5444, .F. ) ;
#1733 = ADVANCED_FACE ( 'NONE', ( #4658 ), #5221, .T. ) ;
#1734 = FACE_OUTER_BOUND ( 'NONE', #1192, .T. ) ;
#1735 = AXIS2_PLACEMENT_3D ( 'NONE', #377, #345, #1359 ) ;
#1736 = CARTESIAN_POINT ( 'NONE',  ( 0.000000000000000000, 0.000000000000000000, 2.700000000000000178 ) ) ;
#1737 = CARTESIAN_POINT ( 'NONE',  ( -1.554077693883266331, 22.37879379940902425, 11.20554402546022921 ) ) ;
#1738 = ORIENTED_EDGE ( 'NONE', *, *, #3396, .F. ) ;
#1739 = CARTESIAN_POINT ( 'NONE',  ( 19.38420463070664823, -11.19147576156525936, 11.35262636160330096 ) ) ;
#1740 = CARTESIAN_POINT ( 'NONE',  ( 61.17517611784165865, 20.44132644793514331, -1.200000000000000622 ) ) ;
#1741 = CIRCLE ( 'NONE', #5144, 92.50000000000000000 ) ;
#1742 = EDGE_CURVE ( 'NONE', #3028, #3743, #960, .T. ) ;
#1743 = LINE ( 'NONE', #4504, #1574 ) ;
#1744 = ORIENTED_EDGE ( 'NONE', *, *, #700, .T. ) ;
#1745 = DIRECTION ( 'NONE',  ( -0.1031201821228870247, 0.9926792667920752988, -0.06288164533542682511 ) ) ;
#1746 = LINE ( 'NONE', #5864, #5650 ) ;
#1747 = FACE_OUTER_BOUND ( 'NONE', #5704, .T. ) ;
#1748 = ADVANCED_FACE ( 'NONE', ( #4200 ), #2374, .F. ) ;
#1749 = CARTESIAN_POINT ( 'NONE',  ( 18.79300049814440143, -45.67265094085200161, 11.58000000000000007 ) ) ;
#1750 = FACE_OUTER_BOUND ( 'NONE', #4581, .T. ) ;
#1751 = CARTESIAN_POINT ( 'NONE',  ( -12.89513380649623464, -63.27614622999892902, -1.683730925045514137 ) ) ;
#1752 = ORIENTED_EDGE ( 'NONE', *, *, #16, .F. ) ;
#1753 = VERTEX_POINT ( 'NONE', #3295 ) ;
#1754 = ORIENTED_EDGE ( 'NONE', *, *, #418, .F. ) ;
#1755 = EDGE_LOOP ( 'NONE', ( #2784, #3798, #973 ) ) ;
#1756 = MANIFOLD_SOLID_BREP ( 'Tire', #463 ) ;
#1757 = CARTESIAN_POINT ( 'NONE',  ( 0.000000000000000000, 0.000000000000000000, -11.58000000000000007 ) ) ;
#1758 = DIRECTION ( 'NONE',  ( 0.000000000000000000, 0.000000000000000000, 1.000000000000000000 ) ) ;
#1759 = DIRECTION ( 'NONE',  ( -0.000000000000000000, -0.000000000000000000, -1.000000000000000000 ) ) ;
#1760 = VERTEX_POINT ( 'NONE', #2964 ) ;
#1761 = CARTESIAN_POINT ( 'NONE',  ( 0.000000000000000000, 0.000000000000000000, 20.00000000000000000 ) ) ;
#1762 = VECTOR ( 'NONE', #4628, 1000.000000000000000 ) ;
#1763 = CARTESIAN_POINT ( 'NONE',  ( 43.31760852752729818, 17.76077607306564943, 7.382251208476880322 ) ) ;
#1764 = DIRECTION ( 'NONE',  ( 0.000000000000000000, 0.000000000000000000, 1.000000000000000000 ) ) ;
#1765 = DIRECTION ( 'NONE',  ( -0.000000000000000000, -0.000000000000000000, -1.000000000000000000 ) ) ;
#1766 = VECTOR ( 'NONE', #129, 1000.000000000000000 ) ;
#1767 = CARTESIAN_POINT ( 'NONE',  ( -57.81277958042404919, 51.61329787162705429, 3.700000000000001954 ) ) ;
#1768 = VECTOR ( 'NONE', #2225, 1000.000000000000114 ) ;
#1769 = ORIENTED_EDGE ( 'NONE', *, *, #3114, .T. ) ;
#1770 = PLANE ( 'NONE',  #2504 ) ;
#1771 = PLANE ( 'NONE',  #2346 ) ;
#1772 =( BOUNDED_CURVE ( )  B_SPLINE_CURVE ( 3, ( #3354, #3807, #5208, #5152 ),
 .UNSPECIFIED., .F., .T. ) 
 B_SPLINE_CURVE_WITH_KNOTS ( ( 4, 4 ),
 ( 5.307053505252698145, 5.394151951348334251 ),
 .UNSPECIFIED. ) 
 CURVE ( )  GEOMETRIC_REPRESENTATION_ITEM ( )  RATIONAL_B_SPLINE_CURVE ( ( 1.000000000000000000, 0.9993679216300043189, 0.9993679216300043189, 1.000000000000000000 ) ) 
 REPRESENTATION_ITEM ( '' )  );
#1773 = DIRECTION ( 'NONE',  ( 0.000000000000000000, 0.000000000000000000, -1.000000000000000000 ) ) ;
#1774 = EDGE_CURVE ( 'NONE', #5575, #3614, #2536, .T. ) ;
#1775 = CARTESIAN_POINT ( 'NONE',  ( 74.67433073872787475, 17.76510184135407755, 2.725244721246034008 ) ) ;
#1776 = ORIENTED_EDGE ( 'NONE', *, *, #1433, .F. ) ;
#1777 = FACE_OUTER_BOUND ( 'NONE', #2113, .T. ) ;
#1778 = ADVANCED_FACE ( 'NONE', ( #4414 ), #263, .F. ) ;
#1779 = FACE_OUTER_BOUND ( 'NONE', #2215, .T. ) ;
#1780 = DIRECTION ( 'NONE',  ( -0.000000000000000000, -0.000000000000000000, -1.000000000000000000 ) ) ;
#1781 = DIRECTION ( 'NONE',  ( 0.000000000000000000, 0.000000000000000000, 1.000000000000000000 ) ) ;
#1782 = CARTESIAN_POINT ( 'NONE',  ( 0.000000000000000000, 0.000000000000000000, -41.10000000000000142 ) ) ;
#1783 = CARTESIAN_POINT ( 'NONE',  ( -1.764922373677370038, 16.98990257560970107, -11.58000000000000007 ) ) ;
#1784 = VERTEX_POINT ( 'NONE', #4815 ) ;
#1785 = VECTOR ( 'NONE', #2138, 1000.000000000000000 ) ;
#1786 = EDGE_LOOP ( 'NONE', ( #3720, #5522, #849, #3662 ) ) ;
#1787 = VERTEX_POINT ( 'NONE', #2105 ) ;
#1788 = ORIENTED_EDGE ( 'NONE', *, *, #3152, .F. ) ;
#1789 = AXIS2_PLACEMENT_3D ( 'NONE', #3842, #147, #4736 ) ;
#1790 = DIRECTION ( 'NONE',  ( 0.8599849567173972753, -0.4965125462598181105, 0.1179032044787942241 ) ) ;
#1791 = ADVANCED_FACE ( 'NONE', ( #661 ), #4355, .F. ) ;
#1792 = CARTESIAN_POINT ( 'NONE',  ( 63.77137334938120006, 12.65143541330379762, -2.334806074537960630 ) ) ;
#1793 = ORIENTED_EDGE ( 'NONE', *, *, #5012, .T. ) ;
#1794 = AXIS2_PLACEMENT_3D ( 'NONE', #1887, #2338, #5969 ) ;
#1795 = PLANE ( 'NONE',  #5281 ) ;
#1796 = LINE ( 'NONE', #3255, #8 ) ;
#1797 = CARTESIAN_POINT ( 'NONE',  ( -12.88488006795826912, -63.19991982300554412, 1.199999999999999289 ) ) ;
#1798 = LINE ( 'NONE', #1830, #4860 ) ;
#1799 = DIRECTION ( 'NONE',  ( 0.000000000000000000, 0.000000000000000000, 1.000000000000000000 ) ) ;
#1800 = ORIENTED_EDGE ( 'NONE', *, *, #123, .F. ) ;
#1801 = DIRECTION ( 'NONE',  ( -0.000000000000000000, -0.000000000000000000, -1.000000000000000000 ) ) ;
#1802 = DIRECTION ( 'NONE',  ( 0.000000000000000000, 0.000000000000000000, 1.000000000000000000 ) ) ;
#1803 = CARTESIAN_POINT ( 'NONE',  ( 15.79203733971028178, -75.87398471585103721, 3.700000000000001954 ) ) ;
#1804 = DIRECTION ( 'NONE',  ( -1.000000000000000000, 1.224646799147352468E-16, 0.000000000000000000 ) ) ;
#1805 = EDGE_LOOP ( 'NONE', ( #1267, #441, #4048, #3920 ) ) ;
#1806 = CARTESIAN_POINT ( 'NONE',  ( 20.86595889824446814, -61.08304687608522698, -1.591486748875358126 ) ) ;
#1807 = DIRECTION ( 'NONE',  ( -0.1333161250278182552, -0.9910735647809233440, 0.000000000000000000 ) ) ;
#1808 = DIRECTION ( 'NONE',  ( 1.000000000000000000, 0.000000000000000000, 0.000000000000000000 ) ) ;
#1809 = DIRECTION ( 'NONE',  ( -0.1100233192535945842, -0.04521077836900292551, -0.9929002239599357127 ) ) ;
#1810 = LINE ( 'NONE', #3210, #4347 ) ;
#1811 = DIRECTION ( 'NONE',  ( 1.000000000000000000, 0.000000000000000000, 0.000000000000000000 ) ) ;
#1812 = ORIENTED_EDGE ( 'NONE', *, *, #5168, .T. ) ;
#1813 = EDGE_LOOP ( 'NONE', ( #971, #5877, #5131, #3573 ) ) ;
#1814 = ORIENTED_EDGE ( 'NONE', *, *, #2642, .F. ) ;
#1815 = AXIS2_PLACEMENT_3D ( 'NONE', #4683, #533, #2370 ) ;
#1816 = ORIENTED_EDGE ( 'NONE', *, *, #4774, .F. ) ;
#1817 = AXIS2_PLACEMENT_3D ( 'NONE', #2224, #4572, #3624 ) ;
#1818 = EDGE_CURVE ( 'NONE', #3988, #4727, #4921, .T. ) ;
#1819 = FACE_OUTER_BOUND ( 'NONE', #1371, .T. ) ;
#1820 = CARTESIAN_POINT ( 'NONE',  ( -48.29029604988339486, 42.75859337507043989, 1.199999999999999289 ) ) ;
#1821 = ORIENTED_EDGE ( 'NONE', *, *, #4290, .F. ) ;
#1822 = VECTOR ( 'NONE', #2593, 1000.000000000000000 ) ;
#1823 = FACE_BOUND ( 'NONE', #2495, .T. ) ;
#1824 = ADVANCED_FACE ( 'NONE', ( #2476 ), #3957, .F. ) ;
#1825 = CIRCLE ( 'NONE', #174, 92.50000000000000000 ) ;
#1826 = EDGE_CURVE ( 'NONE', #2930, #4576, #5619, .T. ) ;
#1827 = CARTESIAN_POINT ( 'NONE',  ( 72.64436784101742717, 23.98011303098784097, 2.700000000000001066 ) ) ;
#1828 = DIRECTION ( 'NONE',  ( 0.000000000000000000, 0.000000000000000000, 1.000000000000000000 ) ) ;
#1829 = EDGE_CURVE ( 'NONE', #607, #4577, #2565, .T. ) ;
#1830 = CARTESIAN_POINT ( 'NONE',  ( -61.17517611784167286, 20.44132644793519304, -2.700000000000000178 ) ) ;
#1831 = EDGE_LOOP ( 'NONE', ( #943, #4974, #4626, #5457, #2309 ) ) ;
#1832 = DIRECTION ( 'NONE',  ( 0.000000000000000000, 0.000000000000000000, 1.000000000000000000 ) ) ;
#1833 = VECTOR ( 'NONE', #2350, 1000.000000000000000 ) ;
#1834 = ORIENTED_EDGE ( 'NONE', *, *, #2343, .F. ) ;
#1835 = CARTESIAN_POINT ( 'NONE',  ( 48.29029604988337354, 42.75859337507038305, -1.200000000000000622 ) ) ;
#1836 = DIRECTION ( 'NONE',  ( 1.224646799147353207E-16, 1.000000000000000000, -0.000000000000000000 ) ) ;
#1837 = ORIENTED_EDGE ( 'NONE', *, *, #5537, .T. ) ;
#1838 = DIRECTION ( 'NONE',  ( 0.000000000000000000, 0.000000000000000000, 1.000000000000000000 ) ) ;
#1839 = CARTESIAN_POINT ( 'NONE',  ( 0.000000000000000000, 0.000000000000000000, 2.700000000000000178 ) ) ;
#1840 = AXIS2_PLACEMENT_3D ( 'NONE', #1205, #5389, #3420 ) ;
#1841 = DIRECTION ( 'NONE',  ( -0.1033246625494713689, 0.9946476834080687501, 0.000000000000000000 ) ) ;
#1842 = DIRECTION ( 'NONE',  ( 0.000000000000000000, 0.000000000000000000, 1.000000000000000000 ) ) ;
#1843 = CARTESIAN_POINT ( 'NONE',  ( -32.05503709188110406, -0.3814403346959049923, -9.456346035045680054 ) ) ;
#1844 = DIRECTION ( 'NONE',  ( 0.7227807943210246000, 0.6910773642369345549, 0.000000000000000000 ) ) ;
#1845 = CARTESIAN_POINT ( 'NONE',  ( 0.000000000000000000, 0.000000000000000000, -2.700000000000000178 ) ) ;
#1846 = EDGE_LOOP ( 'NONE', ( #3908, #4064, #1514, #252 ) ) ;
#1847 = ORIENTED_EDGE ( 'NONE', *, *, #1573, .F. ) ;
#1848 = AXIS2_PLACEMENT_3D ( 'NONE', #1757, #2076, #4874 ) ;
#1849 = ORIENTED_EDGE ( 'NONE', *, *, #4479, .T. ) ;
#1850 = VERTEX_POINT ( 'NONE', #5731 ) ;
#1851 = CARTESIAN_POINT ( 'NONE',  ( -36.02415850025544586, 10.10627119803251972, -11.58000000000000007 ) ) ;
#1852 = LINE ( 'NONE', #3700, #1590 ) ;
#1853 = ORIENTED_EDGE ( 'NONE', *, *, #3308, .F. ) ;
#1854 = CARTESIAN_POINT ( 'NONE',  ( 48.32195451862023816, 42.78302764656213242, -1.595345417121421416 ) ) ;
#1855 = EDGE_CURVE ( 'NONE', #4810, #4908, #3874, .T. ) ;
#1856 = DIRECTION ( 'NONE',  ( -0.9005852208758915456, 0.4346794910504998000, 0.000000000000000000 ) ) ;
#1857 = CARTESIAN_POINT ( 'NONE',  ( 20.86486909566974290, -61.07494527155377995, 1.598562257708773471 ) ) ;
#1858 = EDGE_CURVE ( 'NONE', #4562, #5294, #4426, .T. ) ;
#1859 = CARTESIAN_POINT ( 'NONE',  ( 2.329778827326880020, 22.42745397154639875, -11.12841576485195993 ) ) ;
#1860 = CARTESIAN_POINT ( 'NONE',  ( -73.60481692013433985, 24.26068684422401489, -16.00000000000000000 ) ) ;
#1861 = ORIENTED_EDGE ( 'NONE', *, *, #972, .T. ) ;
#1862 = CARTESIAN_POINT ( 'NONE',  ( -62.11819716158322535, 20.82883262112776634, -2.623587057957734725 ) ) ;
#1863 = ADVANCED_FACE ( 'NONE', ( #1119 ), #371, .F. ) ;
#1864 = CIRCLE ( 'NONE', #1672, 64.50000000000000000 ) ;
#1865 = EDGE_CURVE ( 'NONE', #3130, #1991, #3479, .T. ) ;
#1866 = CIRCLE ( 'NONE', #800, 10.00000000000000000 ) ;
#1867 = ORIENTED_EDGE ( 'NONE', *, *, #5724, .T. ) ;
#1868 = DIRECTION ( 'NONE',  ( 1.000000000000000000, 0.000000000000000000, 0.000000000000000000 ) ) ;
#1869 = CARTESIAN_POINT ( 'NONE',  ( 75.35793919139113939, 18.09505459584463694, 3.700000000000001954 ) ) ;
#1870 = EDGE_LOOP ( 'NONE', ( #1958, #2903, #5740, #2231, #4283, #774 ) ) ;
#1871 = CARTESIAN_POINT ( 'NONE',  ( 13.11336938590013901, -64.89851196855261151, 11.58000000000000007 ) ) ;
#1872 = DIRECTION ( 'NONE',  ( 0.5868056243093309199, -0.8097278303719939174, 0.000000000000000000 ) ) ;
#1873 = CARTESIAN_POINT ( 'NONE',  ( -15.61684714107700778, -75.15616702293456797, -2.725960673943545576 ) ) ;
#1874 = DIRECTION ( 'NONE',  ( 0.000000000000000000, 0.000000000000000000, 1.000000000000000000 ) ) ;
#1875 = DIRECTION ( 'NONE',  ( -0.2371001562490649694, -0.9714852113679698364, 0.000000000000000000 ) ) ;
#1876 = VERTEX_POINT ( 'NONE', #3025 ) ;
#1877 = ORIENTED_EDGE ( 'NONE', *, *, #4926, .F. ) ;
#1878 = ORIENTED_EDGE ( 'NONE', *, *, #2779, .F. ) ;
#1879 = EDGE_CURVE ( 'NONE', #1535, #198, #4876, .T. ) ;
#1880 = EDGE_LOOP ( 'NONE', ( #3758, #2528, #3246, #2014 ) ) ;
#1881 = CARTESIAN_POINT ( 'NONE',  ( -61.71088223975205267, 20.66145878817829740, 2.399134474172377018 ) ) ;
#1882 = EDGE_CURVE ( 'NONE', #1723, #3416, #2725, .T. ) ;
#1883 = VECTOR ( 'NONE', #2765, 1000.000000000000000 ) ;
#1884 = EDGE_CURVE ( 'NONE', #4260, #3772, #5036, .T. ) ;
#1885 = CARTESIAN_POINT ( 'NONE',  ( 6.277520993561950036, -46.39453745256089690, -7.382251208476880322 ) ) ;
#1886 = VERTEX_POINT ( 'NONE', #1722 ) ;
#1887 = CARTESIAN_POINT ( 'NONE',  ( 0.000000000000000000, 0.000000000000000000, 2.700000000000000178 ) ) ;
#1888 = CIRCLE ( 'NONE', #720, 66.00000000000000000 ) ;
#1889 = CYLINDRICAL_SURFACE ( 'NONE', #3301, 102.7000000000000171 ) ;
#1890 = CARTESIAN_POINT ( 'NONE',  ( 20.93973444580688437, -61.63149512194515012, 2.397610250402976817 ) ) ;
#1891 = EDGE_CURVE ( 'NONE', #469, #1310, #1367, .T. ) ;
#1892 = VECTOR ( 'NONE', #3459, 1000.000000000000000 ) ;
#1893 = CARTESIAN_POINT ( 'NONE',  ( 49.40485252140369710, 53.52988100184240494, 4.387264919198459623 ) ) ;
#1894 = ORIENTED_EDGE ( 'NONE', *, *, #2334, .F. ) ;
#1895 = DIRECTION ( 'NONE',  ( 0.3800816313822686365, -0.9249529466333913374, 0.000000000000000000 ) ) ;
#1896 = ORIENTED_EDGE ( 'NONE', *, *, #1226, .T. ) ;
#1897 = CARTESIAN_POINT ( 'NONE',  ( -16.35785556581524958, -27.56975627347355129, 9.456346035045680054 ) ) ;
#1898 = CARTESIAN_POINT ( 'NONE',  ( -3.363100945443819878, 32.37465753010864944, -10.30230857362398034 ) ) ;
#1899 = ORIENTED_EDGE ( 'NONE', *, *, #3999, .F. ) ;
#1900 = DIRECTION ( 'NONE',  ( -0.6109919333986542078, 0.7916368216055734708, 0.000000000000000000 ) ) ;
#1901 = EDGE_CURVE ( 'NONE', #1516, #607, #816, .T. ) ;
#1902 = CARTESIAN_POINT ( 'NONE',  ( 12.90519925487043906, -63.35097288580860209, 1.865393831290129034 ) ) ;
#1903 = DIRECTION ( 'NONE',  ( 0.000000000000000000, 0.000000000000000000, 1.000000000000000000 ) ) ;
#1904 = PLANE ( 'NONE',  #1650 ) ;
#1905 = ORIENTED_EDGE ( 'NONE', *, *, #1906, .F. ) ;
#1906 = EDGE_CURVE ( 'NONE', #3411, #5560, #5902, .T. ) ;
#1907 = VERTEX_POINT ( 'NONE', #2164 ) ;
#1908 = LINE ( 'NONE', #2389, #749 ) ;
#1909 = ORIENTED_EDGE ( 'NONE', *, *, #2779, .T. ) ;
#1910 = DIRECTION ( 'NONE',  ( -0.09416534221922179260, 0.07267760029779705977, -0.9929002239599357127 ) ) ;
#1911 = B_SPLINE_CURVE_WITH_KNOTS ( 'NONE', 3,
 ( #3771, #3260, #4198, #3292, #3742, #2429, #4275, #130, #5145, #1919 ),
 .UNSPECIFIED., .F., .F.,
 ( 4, 2, 2, 2, 4 ),
 ( 4.770489558936219510E-18, 0.0003951855715451747320, 0.0007903711430903446935, 0.001185556714635514763, 0.001580742286180684616 ),
 .UNSPECIFIED. ) ;
#1912 = CARTESIAN_POINT ( 'NONE',  ( 18.60356508940023446, -12.53526766206213061, 11.20554402546023098 ) ) ;
#1913 = ORIENTED_EDGE ( 'NONE', *, *, #3107, .F. ) ;
#1914 = VECTOR ( 'NONE', #232, 1000.000000000000227 ) ;
#1915 = DIRECTION ( 'NONE',  ( 0.1333161250278182552, -0.9910735647809233440, 0.000000000000000000 ) ) ;
#1916 = CARTESIAN_POINT ( 'NONE',  ( -0.6542682330263199786, 49.13708959357669670, 11.58000000000000007 ) ) ;
#1917 = CARTESIAN_POINT ( 'NONE',  ( -42.46001959207499965, 48.60697931926377180, -1.598562257708771250 ) ) ;
#1918 = AXIS2_PLACEMENT_3D ( 'NONE', #1490, #5300, #116 ) ;
#1919 = CARTESIAN_POINT ( 'NONE',  ( -74.43604214391355356, 17.65008866690265066, 2.700000000000001066 ) ) ;
#1920 = EDGE_LOOP ( 'NONE', ( #253, #2232, #4837, #1469, #1018, #1305, #783, #1700, #3896 ) ) ;
#1921 = CARTESIAN_POINT ( 'NONE',  ( -15.55479685005096080, -74.90192450767632693, -2.700000000000001066 ) ) ;
#1922 = ORIENTED_EDGE ( 'NONE', *, *, #620, .F. ) ;
#1923 = CARTESIAN_POINT ( 'NONE',  ( -32.05503709188110406, -0.3814403346959049923, 9.456346035045680054 ) ) ;
#1924 = CARTESIAN_POINT ( 'NONE',  ( -2.329778827326864921, 22.42745397154639875, 11.57032204158815958 ) ) ;
#1925 = ORIENTED_EDGE ( 'NONE', *, *, #4923, .T. ) ;
#1926 = CARTESIAN_POINT ( 'NONE',  ( 14.69037456587059864, -71.36007333919378937, -2.700000000000001066 ) ) ;
#1927 = CARTESIAN_POINT ( 'NONE',  ( 73.23455686045959112, 24.15252361194984942, -2.900370989810154398 ) ) ;
#1928 = EDGE_CURVE ( 'NONE', #4181, #1080, #1304, .T. ) ;
#1929 = EDGE_CURVE ( 'NONE', #4975, #5591, #5868, .T. ) ;
#1930 = CARTESIAN_POINT ( 'NONE',  ( -61.17517611784167286, 20.44132644793519304, 1.199999999999999289 ) ) ;
#1931 = ORIENTED_EDGE ( 'NONE', *, *, #5537, .F. ) ;
#1932 = ORIENTED_EDGE ( 'NONE', *, *, #1533, .T. ) ;
#1933 = DIRECTION ( 'NONE',  ( 0.9972694250765917756, 0.07384912868412259190, 0.000000000000000000 ) ) ;
#1934 = EDGE_CURVE ( 'NONE', #1493, #3603, #3986, .T. ) ;
#1935 = ORIENTED_EDGE ( 'NONE', *, *, #5584, .T. ) ;
#1936 = PLANE ( 'NONE',  #1137 ) ;
#1937 = EDGE_CURVE ( 'NONE', #3552, #2235, #34, .T. ) ;
#1938 = CARTESIAN_POINT ( 'NONE',  ( -61.18420040548554795, 20.44503470788747990, 1.396641109845307982 ) ) ;
#1939 = CIRCLE ( 'NONE', #2415, 97.70000000000000284 ) ;
#1940 = DIRECTION ( 'NONE',  ( 0.9183859878646969399, 0.3773831369225119081, 0.1189501797405513872 ) ) ;
#1941 = ORIENTED_EDGE ( 'NONE', *, *, #2813, .F. ) ;
#1942 = ADVANCED_FACE ( 'NONE', ( #910 ), #3211, .F. ) ;
#1943 = LINE ( 'NONE', #2830, #3520 ) ;
#1944 = CARTESIAN_POINT ( 'NONE',  ( -94.50000000000000000, 1.157291225194248886E-14, 20.00000000000000355 ) ) ;
#1945 = DIRECTION ( 'NONE',  ( 0.000000000000000000, 0.000000000000000000, -1.000000000000000000 ) ) ;
#1946 = CARTESIAN_POINT ( 'NONE',  ( 6.894258419918909459E-15, 19.27663904773739745, -11.58000000000000007 ) ) ;
#1947 = VERTEX_POINT ( 'NONE', #5390 ) ;
#1948 = VECTOR ( 'NONE', #1900, 1000.000000000000114 ) ;
#1949 = CARTESIAN_POINT ( 'NONE',  ( -20.15764278328349235, -9.843526137346845672, 11.20554402546023098 ) ) ;
#1950 = ORIENTED_EDGE ( 'NONE', *, *, #5497, .T. ) ;
#1951 = CARTESIAN_POINT ( 'NONE',  ( 53.24080994778349663, 56.14023157902919081, 3.191717587168802162 ) ) ;
#1952 = ORIENTED_EDGE ( 'NONE', *, *, #939, .T. ) ;
#1953 = CARTESIAN_POINT ( 'NONE',  ( -48.88511226346789584, 43.21767751370078514, 2.502543056173714753 ) ) ;
#1954 = LINE ( 'NONE', #2845, #2796 ) ;
#1955 = DIRECTION ( 'NONE',  ( -0.000000000000000000, -0.000000000000000000, -1.000000000000000000 ) ) ;
#1956 = VECTOR ( 'NONE', #1691, 1000.000000000000000 ) ;
#1957 = AXIS2_PLACEMENT_3D ( 'NONE', #4784, #4699, #1003 ) ;
#1958 = ORIENTED_EDGE ( 'NONE', *, *, #4526, .T. ) ;
#1959 = EDGE_CURVE ( 'NONE', #3249, #2728, #4512, .T. ) ;
#1960 = VECTOR ( 'NONE', #1202, 1000.000000000000000 ) ;
#1961 = ORIENTED_EDGE ( 'NONE', *, *, #4067, .F. ) ;
#1962 = VECTOR ( 'NONE', #2819, 1000.000000000000114 ) ;
#1963 = DIRECTION ( 'NONE',  ( -0.000000000000000000, -0.000000000000000000, -1.000000000000000000 ) ) ;
#1964 = VERTEX_POINT ( 'NONE', #848 ) ;
#1965 = CARTESIAN_POINT ( 'NONE',  ( 0.000000000000000000, 0.000000000000000000, -16.00000000000000000 ) ) ;
#1966 = FACE_OUTER_BOUND ( 'NONE', #2041, .T. ) ;
#1967 = AXIS2_PLACEMENT_3D ( 'NONE', #5950, #279, #3140 ) ;
#1968 = DIRECTION ( 'NONE',  ( 1.000000000000000000, 0.000000000000000000, 0.000000000000000000 ) ) ;
#1969 = ORIENTED_EDGE ( 'NONE', *, *, #5822, .F. ) ;
#1970 =( BOUNDED_CURVE ( )  B_SPLINE_CURVE ( 3, ( #5265, #1622, #1163, #3889 ),
 .UNSPECIFIED., .F., .T. ) 
 B_SPLINE_CURVE_WITH_KNOTS ( ( 4, 4 ),
 ( 4.079525947968146937, 4.712388980384689674 ),
 .UNSPECIFIED. ) 
 CURVE ( )  GEOMETRIC_REPRESENTATION_ITEM ( )  RATIONAL_B_SPLINE_CURVE ( ( 1.000000000000000000, 0.9669012650407979859, 0.9669012650407979859, 1.000000000000000000 ) ) 
 REPRESENTATION_ITEM ( '' )  );
#1971 = EDGE_CURVE ( 'NONE', #387, #1165, #4003, .T. ) ;
#1972 = DIRECTION ( 'NONE',  ( 0.000000000000000000, 0.000000000000000000, 1.000000000000000000 ) ) ;
#1973 = CARTESIAN_POINT ( 'NONE',  ( 43.63723890728325472, 49.51556705268237124, 2.700000000000001066 ) ) ;
#1974 = CARTESIAN_POINT ( 'NONE',  ( 61.86586192154862118, 20.72514303341769448, -2.510770646708688769 ) ) ;
#1975 = CARTESIAN_POINT ( 'NONE',  ( 102.7000000000000171, 0.000000000000000000, 15.00000000000000355 ) ) ;
#1976 = CIRCLE ( 'NONE', #5751, 77.50000000000000000 ) ;
#1977 = CARTESIAN_POINT ( 'NONE',  ( 0.000000000000000000, 0.000000000000000000, 1.200000000000000178 ) ) ;
#1978 = ORIENTED_EDGE ( 'NONE', *, *, #3414, .F. ) ;
#1979 = EDGE_CURVE ( 'NONE', #1646, #667, #4079, .T. ) ;
#1980 = CARTESIAN_POINT ( 'NONE',  ( 0.000000000000000000, 0.000000000000000000, -3.700000000000000178 ) ) ;
#1981 = EDGE_LOOP ( 'NONE', ( #5693, #287, #113, #1814, #2910 ) ) ;
#1982 = FACE_OUTER_BOUND ( 'NONE', #4629, .T. ) ;
#1983 = AXIS2_PLACEMENT_3D ( 'NONE', #11, #2269, #2017 ) ;
#1984 = EDGE_LOOP ( 'NONE', ( #5311, #987, #5631, #2262 ) ) ;
#1985 = CARTESIAN_POINT ( 'NONE',  ( 36.02415850025544586, 10.10627119803250018, -11.58000000000000007 ) ) ;
#1986 = CARTESIAN_POINT ( 'NONE',  ( -62.56569130554001390, 21.01271689858011982, 2.700000000000001066 ) ) ;
#1987 = ORIENTED_EDGE ( 'NONE', *, *, #1054, .T. ) ;
#1988 = ORIENTED_EDGE ( 'NONE', *, *, #5084, .F. ) ;
#1989 = CARTESIAN_POINT ( 'NONE',  ( 49.40190197346485945, 43.61654014294425963, -2.700000000000000622 ) ) ;
#1990 = DIRECTION ( 'NONE',  ( 0.000000000000000000, 0.000000000000000000, 1.000000000000000000 ) ) ;
#1991 = VERTEX_POINT ( 'NONE', #1783 ) ;
#1992 = EDGE_CURVE ( 'NONE', #5967, #4671, #3181, .T. ) ;
#1993 = FACE_OUTER_BOUND ( 'NONE', #81, .T. ) ;
#1994 = CARTESIAN_POINT ( 'NONE',  ( 0.000000000000000000, 0.000000000000000000, 3.700000000000001954 ) ) ;
#1995 = CIRCLE ( 'NONE', #3541, 1.500000000000000000 ) ;
#1996 = CARTESIAN_POINT ( 'NONE',  ( 0.6542682330263549506, 49.13708959357669670, 11.58000000000000007 ) ) ;
#1997 = ORIENTED_EDGE ( 'NONE', *, *, #3745, .T. ) ;
#1998 = DIRECTION ( 'NONE',  ( 0.7916368216055734708, 0.6109919333986542078, -0.000000000000000000 ) ) ;
#1999 = CARTESIAN_POINT ( 'NONE',  ( -43.31760852752724844, 17.76077607306569917, -7.382251208476880322 ) ) ;
#2000 = CARTESIAN_POINT ( 'NONE',  ( 61.24631699200612189, 20.47055965337419181, -1.683730925045521465 ) ) ;
#2001 = CARTESIAN_POINT ( 'NONE',  ( 0.000000000000000000, 0.000000000000000000, -3.700000000000000178 ) ) ;
#2002 = EDGE_CURVE ( 'NONE', #64, #2955, #5959, .T. ) ;
#2003 = FACE_OUTER_BOUND ( 'NONE', #2915, .T. ) ;
#2004 = ORIENTED_EDGE ( 'NONE', *, *, #4571, .F. ) ;
#2005 = ADVANCED_FACE ( 'NONE', ( #5587 ), #2036, .T. ) ;
#2006 = VECTOR ( 'NONE', #1220, 1000.000000000000114 ) ;
#2007 = AXIS2_PLACEMENT_3D ( 'NONE', #1301, #5929, #1841 ) ;
#2008 = PLANE ( 'NONE',  #1586 ) ;
#2009 = EDGE_CURVE ( 'NONE', #597, #4941, #4094, .T. ) ;
#2010 = ORIENTED_EDGE ( 'NONE', *, *, #1567, .T. ) ;
#2011 = CYLINDRICAL_SURFACE ( 'NONE', #3383, 26.76213688802224411 ) ;
#2012 = LINE ( 'NONE', #3407, #166 ) ;
#2013 = FACE_OUTER_BOUND ( 'NONE', #5792, .T. ) ;
#2014 = ORIENTED_EDGE ( 'NONE', *, *, #3995, .T. ) ;
#2015 = VECTOR ( 'NONE', #4193, 1000.000000000000000 ) ;
#2016 = VERTEX_POINT ( 'NONE', #1930 ) ;
#2017 = DIRECTION ( 'NONE',  ( 1.000000000000000000, 0.000000000000000000, 0.000000000000000000 ) ) ;
#2018 = DIRECTION ( 'NONE',  ( 1.000000000000000000, -1.776356839400250465E-15, 0.000000000000000000 ) ) ;
#2019 = VERTEX_POINT ( 'NONE', #1461 ) ;
#2020 = CARTESIAN_POINT ( 'NONE',  ( 15.69718152606585093, 27.95119660816945029, -9.456346035045680054 ) ) ;
#2021 = CIRCLE ( 'NONE', #668, 94.50000000000000000 ) ;
#2022 = CARTESIAN_POINT ( 'NONE',  ( -50.11597355281160304, 54.01379544312889891, 11.58000000000000007 ) ) ;
#2023 = DIRECTION ( 'NONE',  ( 0.7916368216055729157, -0.6109919333986548740, 0.000000000000000000 ) ) ;
#2024 = ORIENTED_EDGE ( 'NONE', *, *, #4814, .T. ) ;
#2025 = AXIS2_PLACEMENT_3D ( 'NONE', #5983, #4104, #5509 ) ;
#2026 = AXIS2_PLACEMENT_3D ( 'NONE', #4588, #369, #3640 ) ;
#2027 = CARTESIAN_POINT ( 'NONE',  ( 72.64436784101742717, 23.98011303098784097, 2.700000000000001066 ) ) ;
#2028 = DIRECTION ( 'NONE',  ( 0.000000000000000000, 0.000000000000000000, 1.000000000000000000 ) ) ;
#2029 = CARTESIAN_POINT ( 'NONE',  ( 0.000000000000000000, 0.000000000000000000, 0.000000000000000000 ) ) ;
#2030 = ORIENTED_EDGE ( 'NONE', *, *, #4037, .T. ) ;
#2031 = ADVANCED_FACE ( 'NONE', ( #940 ), #3981, .T. ) ;
#2032 = FACE_OUTER_BOUND ( 'NONE', #821, .T. ) ;
#2033 = ADVANCED_FACE ( 'NONE', ( #3304 ), #4179, .F. ) ;
#2034 = CARTESIAN_POINT ( 'NONE',  ( -73.51977952386930326, 17.20784226965214714, -4.060724579254965327 ) ) ;
#2035 =( BOUNDED_CURVE ( )  B_SPLINE_CURVE ( 3, ( #3699, #5493, #2265, #885 ),
 .UNSPECIFIED., .F., .F. ) 
 B_SPLINE_CURVE_WITH_KNOTS ( ( 4, 4 ),
 ( 2.987367879076567423, 3.070101511343096501 ),
 .UNSPECIFIED. ) 
 CURVE ( )  GEOMETRIC_REPRESENTATION_ITEM ( )  RATIONAL_B_SPLINE_CURVE ( ( 1.000000000000000000, 0.9994296768433472700, 0.9994296768433472700, 1.000000000000000000 ) ) 
 REPRESENTATION_ITEM ( '' )  );
#2036 = PLANE ( 'NONE',  #5344 ) ;
#2037 = VERTEX_POINT ( 'NONE', #2847 ) ;
#2038 = LINE ( 'NONE', #5317, #3170 ) ;
#2039 = LINE ( 'NONE', #5951, #1387 ) ;
#2040 = EDGE_CURVE ( 'NONE', #4611, #5195, #5115, .T. ) ;
#2041 = EDGE_LOOP ( 'NONE', ( #4790, #2288, #172, #3766, #3701 ) ) ;
#2042 = EDGE_CURVE ( 'NONE', #2517, #3085, #1587, .T. ) ;
#2043 = EDGE_LOOP ( 'NONE', ( #4362, #5162, #1015, #3155 ) ) ;
#2044 = CARTESIAN_POINT ( 'NONE',  ( -63.43201109040873575, 12.51198468611897319, -1.869831954299004950 ) ) ;
#2045 = CARTESIAN_POINT ( 'NONE',  ( -20.90158604219254812, -61.34789946273382100, 2.119518888567650805 ) ) ;
#2046 = ORIENTED_EDGE ( 'NONE', *, *, #5570, .F. ) ;
#2047 = DIRECTION ( 'NONE',  ( 1.000000000000000000, 0.000000000000000000, 0.000000000000000000 ) ) ;
#2048 = CARTESIAN_POINT ( 'NONE',  ( 18.25785546790195113, -13.23137463543739933, 11.57032204158815958 ) ) ;
#2049 = VECTOR ( 'NONE', #5894, 1000.000000000000000 ) ;
#2050 = DIRECTION ( 'NONE',  ( 1.000000000000000000, 0.000000000000000000, 0.000000000000000000 ) ) ;
#2051 = DIRECTION ( 'NONE',  ( 1.224646799147353207E-16, 1.000000000000000000, -0.000000000000000000 ) ) ;
#2052 = CIRCLE ( 'NONE', #5257, 12.00000000000000000 ) ;
#2053 = CARTESIAN_POINT ( 'NONE',  ( 48.58416647886602391, 42.98540503500383636, 2.191727174860608418 ) ) ;
#2054 = VERTEX_POINT ( 'NONE', #5553 ) ;
#2055 = ORIENTED_EDGE ( 'NONE', *, *, #619, .T. ) ;
#2056 = EDGE_CURVE ( 'NONE', #106, #4862, #729, .T. ) ;
#2057 = CARTESIAN_POINT ( 'NONE',  ( 61.35888044854207379, 20.51681422486340267, -1.951545083318397600 ) ) ;
#2058 = CARTESIAN_POINT ( 'NONE',  ( 57.66773452077833895, 51.47461494271802707, -3.085265855824335102 ) ) ;
#2059 = ORIENTED_EDGE ( 'NONE', *, *, #3698, .T. ) ;
#2060 = CIRCLE ( 'NONE', #2849, 77.50000000000000000 ) ;
#2061 = DIRECTION ( 'NONE',  ( 1.000000000000000000, 0.000000000000000000, 0.000000000000000000 ) ) ;
#2062 = DIRECTION ( 'NONE',  ( 0.000000000000000000, 0.000000000000000000, 1.000000000000000000 ) ) ;
#2063 = ADVANCED_FACE ( 'NONE', ( #63 ), #1904, .F. ) ;
#2064 = AXIS2_PLACEMENT_3D ( 'NONE', #3607, #4551, #4154 ) ;
#2065 = DIRECTION ( 'NONE',  ( 0.000000000000000000, 0.000000000000000000, 1.000000000000000000 ) ) ;
#2066 = ORIENTED_EDGE ( 'NONE', *, *, #5710, .T. ) ;
#2067 = VERTEX_POINT ( 'NONE', #3243 ) ;
#2068 = AXIS2_PLACEMENT_3D ( 'NONE', #5193, #4241, #95 ) ;
#2069 = CARTESIAN_POINT ( 'NONE',  ( -53.34974655856334635, 56.21436241866536676, -3.816639643088859390 ) ) ;
#2070 = EDGE_LOOP ( 'NONE', ( #2457, #3686, #4913, #550 ) ) ;
#2071 = VERTEX_POINT ( 'NONE', #3755 ) ;
#2072 = DIRECTION ( 'NONE',  ( 1.000000000000000000, 0.000000000000000000, 0.000000000000000000 ) ) ;
#2073 = ORIENTED_EDGE ( 'NONE', *, *, #1934, .F. ) ;
#2074 = LINE ( 'NONE', #5896, #1960 ) ;
#2075 = LINE ( 'NONE', #3021, #1447 ) ;
#2076 = DIRECTION ( 'NONE',  ( 0.000000000000000000, 0.000000000000000000, -1.000000000000000000 ) ) ;
#2077 = DIRECTION ( 'NONE',  ( 1.000000000000000000, 0.000000000000000000, 0.000000000000000000 ) ) ;
#2078 = EDGE_LOOP ( 'NONE', ( #2442, #5590, #5378, #3233, #4482 ) ) ;
#2079 = CARTESIAN_POINT ( 'NONE',  ( -10.00000000000000000, 1.224646799147353256E-15, -22.50000000000000000 ) ) ;
#2080 = DIRECTION ( 'NONE',  ( 1.000000000000000000, 0.000000000000000000, 0.000000000000000000 ) ) ;
#2081 = CARTESIAN_POINT ( 'NONE',  ( 0.000000000000000000, 0.000000000000000000, -15.00000000000000000 ) ) ;
#2082 =( NAMED_UNIT ( * ) SI_UNIT ( $, .STERADIAN. ) SOLID_ANGLE_UNIT ( ) );
#2083 = VERTEX_POINT ( 'NONE', #5746 ) ;
#2084 = CARTESIAN_POINT ( 'NONE',  ( -42.67804638244491855, 48.77525422329190263, 2.119518888567653470 ) ) ;
#2085 = CARTESIAN_POINT ( 'NONE',  ( 18.97925227407845483, -11.85487130695233482, -11.42770624333799390 ) ) ;
#2086 = DIRECTION ( 'NONE',  ( 0.000000000000000000, 0.000000000000000000, -1.000000000000000000 ) ) ;
#2087 = CIRCLE ( 'NONE', #3551, 66.00000000000000000 ) ;
#2088 = ORIENTED_EDGE ( 'NONE', *, *, #697, .T. ) ;
#2089 = VECTOR ( 'NONE', #5292, 1000.000000000000000 ) ;
#2090 = CARTESIAN_POINT ( 'NONE',  ( -1.554077693883255895, 22.37879379940902069, -11.50031736591962606 ) ) ;
#2091 = ORIENTED_EDGE ( 'NONE', *, *, #1343, .F. ) ;
#2092 = VECTOR ( 'NONE', #2853, 1000.000000000000000 ) ;
#2093 = VECTOR ( 'NONE', #5455, 1000.000000000000000 ) ;
#2094 = ORIENTED_EDGE ( 'NONE', *, *, #2184, .T. ) ;
#2095 = CARTESIAN_POINT ( 'NONE',  ( 1.164889413663440010, 11.21372698577319937, 11.58000000000000007 ) ) ;
#2096 = CARTESIAN_POINT ( 'NONE',  ( -21.03647229573893895, -62.35064538048587934, 2.700000000000000178 ) ) ;
#2097 = ORIENTED_EDGE ( 'NONE', *, *, #1345, .F. ) ;
#2098 = CARTESIAN_POINT ( 'NONE',  ( -63.28658662012541214, 12.45222686804901713, -2.700000000000000178 ) ) ;
#2099 = CARTESIAN_POINT ( 'NONE',  ( -18.25785546790195113, -13.23137463543736025, -11.57032204158815958 ) ) ;
#2100 = DIRECTION ( 'NONE',  ( 1.000000000000000000, 0.000000000000000000, 0.000000000000000000 ) ) ;
#2101 = EDGE_CURVE ( 'NONE', #5948, #4552, #1484, .T. ) ;
#2102 = SURFACE_STYLE_USAGE ( .BOTH. , #5328 ) ;
#2103 = EDGE_CURVE ( 'NONE', #1148, #752, #555, .T. ) ;
#2104 = DIRECTION ( 'NONE',  ( 0.000000000000000000, 0.000000000000000000, 1.000000000000000000 ) ) ;
#2105 = CARTESIAN_POINT ( 'NONE',  ( -15.69718152606585093, 27.95119660816945029, -9.456346035045680054 ) ) ;
#2106 = ORIENTED_EDGE ( 'NONE', *, *, #905, .T. ) ;
#2107 = CIRCLE ( 'NONE', #1848, 10.00000000000000000 ) ;
#2108 = ORIENTED_EDGE ( 'NONE', *, *, #4388, .F. ) ;
#2109 = EDGE_CURVE ( 'NONE', #3231, #5442, #4086, .T. ) ;
#2110 = LINE ( 'NONE', #1665, #4297 ) ;
#2111 = CYLINDRICAL_SURFACE ( 'NONE', #1123, 26.76213688802225477 ) ;
#2112 = ADVANCED_FACE ( 'NONE', ( #1219 ), #1644, .F. ) ;
#2113 = EDGE_LOOP ( 'NONE', ( #3609, #388, #1596, #4977 ) ) ;
#2114 = CARTESIAN_POINT ( 'NONE',  ( 0.000000000000000000, 0.000000000000000000, -4.000000000000000000 ) ) ;
#2115 = EDGE_CURVE ( 'NONE', #880, #2578, #1438, .T. ) ;
#2116 = VECTOR ( 'NONE', #5873, 1000.000000000000114 ) ;
#2117 = CARTESIAN_POINT ( 'NONE',  ( 18.25785546790195113, -13.23137463543739933, -11.57032204158815958 ) ) ;
#2118 = CARTESIAN_POINT ( 'NONE',  ( -57.53397744368187716, 51.34672487007903641, -2.900370989810157951 ) ) ;
#2119 = AXIS2_PLACEMENT_3D ( 'NONE', #2991, #319, #3446 ) ;
#2120 = EDGE_CURVE ( 'NONE', #4849, #1372, #608, .T. ) ;
#2121 = VERTEX_POINT ( 'NONE', #4399 ) ;
#2122 = LINE ( 'NONE', #3041, #1727 ) ;
#2123 = DIRECTION ( 'NONE',  ( 1.000000000000000000, 0.000000000000000000, 0.000000000000000000 ) ) ;
#2124 = ADVANCED_FACE ( 'NONE', ( #5884 ), #1181, .T. ) ;
#2125 = ORIENTED_EDGE ( 'NONE', *, *, #5859, .T. ) ;
#2126 = DIRECTION ( 'NONE',  ( -0.000000000000000000, -0.000000000000000000, -1.000000000000000000 ) ) ;
#2127 = DIRECTION ( 'NONE',  ( 0.000000000000000000, 0.000000000000000000, -1.000000000000000000 ) ) ;
#2128 = ORIENTED_EDGE ( 'NONE', *, *, #1829, .F. ) ;
#2129 = EDGE_CURVE ( 'NONE', #5397, #295, #3521, .T. ) ;
#2130 = LINE ( 'NONE', #3951, #4582 ) ;
#2131 = DIRECTION ( 'NONE',  ( 0.8081253717906038414, -0.5856443307573359069, 0.06288164533542668633 ) ) ;
#2132 = CARTESIAN_POINT ( 'NONE',  ( 0.000000000000000000, 0.000000000000000000, -1.200000000000000178 ) ) ;
#2133 = EDGE_CURVE ( 'NONE', #176, #5244, #3038, .T. ) ;
#2134 = DIRECTION ( 'NONE',  ( 0.000000000000000000, 0.000000000000000000, -1.000000000000000000 ) ) ;
#2135 = ORIENTED_EDGE ( 'NONE', *, *, #443, .T. ) ;
#2136 = ORIENTED_EDGE ( 'NONE', *, *, #3726, .F. ) ;
#2137 = CARTESIAN_POINT ( 'NONE',  ( 16.35785556581524958, -27.56975627347355129, 9.456346035045680054 ) ) ;
#2138 = DIRECTION ( 'NONE',  ( 0.9531410217267551888, 0.2784389269897890595, 0.1182960550417982287 ) ) ;
#2139 = DIRECTION ( 'NONE',  ( 0.000000000000000000, 0.000000000000000000, -1.000000000000000000 ) ) ;
#2140 = VECTOR ( 'NONE', #2756, 1000.000000000000114 ) ;
#2142 = ORIENTED_EDGE ( 'NONE', *, *, #2904, .T. ) ;
#2141 = AXIS2_PLACEMENT_3D ( 'NONE', #2152, #4464, #5440 ) ;
#2143 = DIRECTION ( 'NONE',  ( 0.1031201821228878435, 0.9926792667920752988, 0.06288164533542671408 ) ) ;
#2144 = AXIS2_PLACEMENT_3D ( 'NONE', #2001, #5310, #1127 ) ;
#2145 = ADVANCED_FACE ( 'NONE', ( #336 ), #4769, .T. ) ;
#2146 = CARTESIAN_POINT ( 'NONE',  ( -32.05503709188110406, -0.3814403346959049923, -9.456346035045680054 ) ) ;
#2147 = DIRECTION ( 'NONE',  ( -0.1323696103975913474, -0.9840371644317505995, 0.1189501797405513456 ) ) ;
#2148 = EDGE_CURVE ( 'NONE', #2759, #662, #693, .T. ) ;
#2149 = ORIENTED_EDGE ( 'NONE', *, *, #2577, .F. ) ;
#2150 = CIRCLE ( 'NONE', #532, 77.50000000000000000 ) ;
#2151 = CARTESIAN_POINT ( 'NONE',  ( 0.000000000000000000, 0.000000000000000000, 41.10000000000000142 ) ) ;
#2152 = CARTESIAN_POINT ( 'NONE',  ( 0.000000000000000000, 0.000000000000000000, 2.700000000000000178 ) ) ;
#2153 = AXIS2_PLACEMENT_3D ( 'NONE', #2703, #2233, #5071 ) ;
#2154 = ORIENTED_EDGE ( 'NONE', *, *, #1670, .F. ) ;
#2155 = CARTESIAN_POINT ( 'NONE',  ( 6.277520993561950036, -46.39453745256089690, 7.382251208476880322 ) ) ;
#2156 = CARTESIAN_POINT ( 'NONE',  ( 0.000000000000000000, 0.000000000000000000, 1.200000000000000178 ) ) ;
#2157 = ORIENTED_EDGE ( 'NONE', *, *, #1156, .T. ) ;
#2158 = FACE_OUTER_BOUND ( 'NONE', #2715, .T. ) ;
#2159 = DIRECTION ( 'NONE',  ( 1.000000000000000000, 0.000000000000000000, 0.000000000000000000 ) ) ;
#2160 = CARTESIAN_POINT ( 'NONE',  ( -53.34974655856341030, 56.21436241866536676, 3.700000000000001954 ) ) ;
#2161 = CARTESIAN_POINT ( 'NONE',  ( -52.61386341487381202, 55.71359747908024218, -2.700000000000001066 ) ) ;
#2162 = CARTESIAN_POINT ( 'NONE',  ( -15.69718152606585093, 27.95119660816945029, 11.58000000000000007 ) ) ;
#2163 = EDGE_CURVE ( 'NONE', #2220, #5524, #4031, .T. ) ;
#2164 = CARTESIAN_POINT ( 'NONE',  ( 5.875696652163679978, -11.09357190263673942, -11.58000000000000007 ) ) ;
#2165 = ORIENTED_EDGE ( 'NONE', *, *, #2289, .F. ) ;
#2166 = EDGE_LOOP ( 'NONE', ( #5156, #3695, #3034, #4878, #1502, #4672, #2198, #4866, #1375, #36, #4568, #4294 ) ) ;
#2167 = ORIENTED_EDGE ( 'NONE', *, *, #3377, .F. ) ;
#2168 = EDGE_CURVE ( 'NONE', #2071, #628, #1617, .T. ) ;
#2169 = EDGE_LOOP ( 'NONE', ( #2149, #2757, #1432, #5030 ) ) ;
#2170 = CARTESIAN_POINT ( 'NONE',  ( 12.06469719579430055, -5.389055924913559892, -11.89949358244657951 ) ) ;
#2171 = CARTESIAN_POINT ( 'NONE',  ( -49.64707533962490515, 43.80576700167500093, 11.58000000000000007 ) ) ;
#2172 = DIRECTION ( 'NONE',  ( 0.2371001562490649694, -0.9714852113679698364, 0.000000000000000000 ) ) ;
#2173 = CARTESIAN_POINT ( 'NONE',  ( 63.28658662012539793, 12.45222686804896561, -1.200000000000000622 ) ) ;
#2174 = ORIENTED_EDGE ( 'NONE', *, *, #2451, .T. ) ;
#2175 = CARTESIAN_POINT ( 'NONE',  ( -49.64707533962490515, 43.80576700167500093, 2.700000000000001066 ) ) ;
#2176 = CARTESIAN_POINT ( 'NONE',  ( -63.43236808503318969, 12.51213138233714872, 1.870514131426948223 ) ) ;
#2177 = EDGE_CURVE ( 'NONE', #2386, #1625, #4805, .T. ) ;
#2178 = DIRECTION ( 'NONE',  ( 0.000000000000000000, 0.000000000000000000, -1.000000000000000000 ) ) ;
#2179 = CARTESIAN_POINT ( 'NONE',  ( 0.000000000000000000, 0.000000000000000000, -1.200000000000000178 ) ) ;
#2180 = EDGE_CURVE ( 'NONE', #1760, #2848, #5824, .T. ) ;
#2181 = EDGE_LOOP ( 'NONE', ( #157, #2823, #3538, #5634, #5043, #3835, #5603, #1744, #4867 ) ) ;
#2182 = EDGE_CURVE ( 'NONE', #4515, #1148, #3969, .T. ) ;
#2183 = CARTESIAN_POINT ( 'NONE',  ( 9.259791655096590191, -36.25097201019460158, -2.700000000000001066 ) ) ;
#2184 = EDGE_CURVE ( 'NONE', #5582, #4247, #763, .T. ) ;
#2185 =( BOUNDED_CURVE ( )  B_SPLINE_CURVE ( 3, ( #5308, #1729, #4981, #5908 ),
 .UNSPECIFIED., .F., .T. ) 
 B_SPLINE_CURVE_WITH_KNOTS ( ( 4, 4 ),
 ( 0.07149114224669676776, 0.1542247745132256098 ),
 .UNSPECIFIED. ) 
 CURVE ( )  GEOMETRIC_REPRESENTATION_ITEM ( )  RATIONAL_B_SPLINE_CURVE ( ( 1.000000000000000000, 0.9994296768433472700, 0.9994296768433472700, 1.000000000000000000 ) ) 
 REPRESENTATION_ITEM ( '' )  );
#2186 = VERTEX_POINT ( 'NONE', #3228 ) ;
#2187 = CARTESIAN_POINT ( 'NONE',  ( -18.97925227407844062, -11.85487130695230640, 11.28032816047816489 ) ) ;
#2188 = DIRECTION ( 'NONE',  ( 0.6910773642369349989, 0.7227807943210241559, 0.000000000000000000 ) ) ;
#2189 = ORIENTED_EDGE ( 'NONE', *, *, #4650, .T. ) ;
#2190 = DIRECTION ( 'NONE',  ( 0.3800816313822686920, -0.9249529466333913374, 0.000000000000000000 ) ) ;
#2191 = DIRECTION ( 'NONE',  ( -0.000000000000000000, -0.000000000000000000, -1.000000000000000000 ) ) ;
#2192 = DIRECTION ( 'NONE',  ( 0.8097278303719929182, -0.5868056243093320301, 0.000000000000000000 ) ) ;
#2193 = AXIS2_PLACEMENT_3D ( 'NONE', #4798, #5766, #1528 ) ;
#2194 = DIRECTION ( 'NONE',  ( 0.9714852113679698364, 0.2371001562490649694, 0.000000000000000000 ) ) ;
#2195 = TOROIDAL_SURFACE ( 'NONE', #1817, 94.50000000000000000, 2.000000000000000000 ) ;
#2196 = DIRECTION ( 'NONE',  ( 0.8081253717906038414, -0.5856443307573359069, -0.06288164533542678347 ) ) ;
#2197 = CARTESIAN_POINT ( 'NONE',  ( 21.22814543047354974, -63.77554560823040219, 11.58000000000000007 ) ) ;
#2198 = ORIENTED_EDGE ( 'NONE', *, *, #700, .F. ) ;
#2199 = ORIENTED_EDGE ( 'NONE', *, *, #4791, .T. ) ;
#2200 = ORIENTED_EDGE ( 'NONE', *, *, #2042, .T. ) ;
#2201 = ORIENTED_EDGE ( 'NONE', *, *, #5919, .T. ) ;
#2202 = VECTOR ( 'NONE', #1292, 1000.000000000000000 ) ;
#2203 = CARTESIAN_POINT ( 'NONE',  ( -52.50344623654226694, 55.63845912034691565, 2.700000000000001066 ) ) ;
#2204 = LINE ( 'NONE', #854, #4781 ) ;
#2205 = CARTESIAN_POINT ( 'NONE',  ( 0.000000000000000000, 0.000000000000000000, 3.700000000000001954 ) ) ;
#2206 = ORIENTED_EDGE ( 'NONE', *, *, #1701, .F. ) ;
#2207 = DIRECTION ( 'NONE',  ( 0.000000000000000000, 0.9930250925196359990, 0.1179032044787941963 ) ) ;
#2208 = AXIS2_PLACEMENT_3D ( 'NONE', #5108, #1828, #3256 ) ;
#2209 = CARTESIAN_POINT ( 'NONE',  ( 75.35793919139113939, 18.09505459584463694, -16.00000000000000000 ) ) ;
#2210 = CARTESIAN_POINT ( 'NONE',  ( 20.58763429522879917, -9.196079336109010072, 11.58000000000000007 ) ) ;
#2211 = EDGE_CURVE ( 'NONE', #3669, #1493, #399, .T. ) ;
#2212 = DIRECTION ( 'NONE',  ( 0.000000000000000000, 0.000000000000000000, 1.000000000000000000 ) ) ;
#2213 = EDGE_CURVE ( 'NONE', #3924, #1060, #3258, .T. ) ;
#2214 = VERTEX_POINT ( 'NONE', #5110 ) ;
#2215 = EDGE_LOOP ( 'NONE', ( #1164, #4299, #3168, #1925, #633, #2010 ) ) ;
#2216 = CARTESIAN_POINT ( 'NONE',  ( -42.42723811148027835, 48.58167829780847313, -1.200000000000000622 ) ) ;
#2217 = AXIS2_PLACEMENT_3D ( 'NONE', #613, #5117, #4793 ) ;
#2218 = DIRECTION ( 'NONE',  ( 1.000000000000000000, 0.000000000000000000, 0.000000000000000000 ) ) ;
#2219 = CARTESIAN_POINT ( 'NONE',  ( -18.25785546790195113, -13.23137463543736025, 11.57032204158815958 ) ) ;
#2220 = VERTEX_POINT ( 'NONE', #5077 ) ;
#2221 = CARTESIAN_POINT ( 'NONE',  ( -18.79300049814440143, -45.67265094085200161, -2.700000000000001066 ) ) ;
#2222 = CARTESIAN_POINT ( 'NONE',  ( 9.301589737437078398, 7.224956311659050279, 11.58000000000000007 ) ) ;
#2223 = EDGE_CURVE ( 'NONE', #4243, #5011, #3642, .T. ) ;
#2224 = CARTESIAN_POINT ( 'NONE',  ( 0.000000000000000000, 0.000000000000000000, 18.00000000000000711 ) ) ;
#2225 = DIRECTION ( 'NONE',  ( -0.8069792858908440003, -0.5848137681575399371, 0.08232428995431868846 ) ) ;
#2226 = LINE ( 'NONE', #4077, #3959 ) ;
#2227 = CARTESIAN_POINT ( 'NONE',  ( -12.96209293006841001, -63.77392110366436384, -2.399134474172374354 ) ) ;
#2228 = ORIENTED_EDGE ( 'NONE', *, *, #3379, .F. ) ;
#2229 =( BOUNDED_CURVE ( )  B_SPLINE_CURVE ( 3, ( #3919, #2090, #5798, #3495 ),
 .UNSPECIFIED., .F., .F. ) 
 B_SPLINE_CURVE_WITH_KNOTS ( ( 4, 4 ),
 ( 0.8508348482827177151, 0.9379332943783540433 ),
 .UNSPECIFIED. ) 
 CURVE ( )  GEOMETRIC_REPRESENTATION_ITEM ( )  RATIONAL_B_SPLINE_CURVE ( ( 1.000000000000000000, 0.9993679216300043189, 0.9993679216300043189, 1.000000000000000000 ) ) 
 REPRESENTATION_ITEM ( '' )  );
#2230 = EDGE_LOOP ( 'NONE', ( #1, #5801, #1776, #2566 ) ) ;
#2231 = ORIENTED_EDGE ( 'NONE', *, *, #1829, .T. ) ;
#2232 = ORIENTED_EDGE ( 'NONE', *, *, #2924, .F. ) ;
#2233 = DIRECTION ( 'NONE',  ( -0.9910735647809234550, 0.1333161250278180610, 0.000000000000000000 ) ) ;
#2234 = DIRECTION ( 'NONE',  ( -0.2371001562490649694, -0.9714852113679698364, 0.000000000000000000 ) ) ;
#2235 = VERTEX_POINT ( 'NONE', #3613 ) ;
#2236 = LINE ( 'NONE', #4553, #3153 ) ;
#2237 = AXIS2_PLACEMENT_3D ( 'NONE', #4558, #4654, #5534 ) ;
#2238 = VECTOR ( 'NONE', #4719, 999.9999999999998863 ) ;
#2239 = PLANE ( 'NONE',  #674 ) ;
#2240 = CARTESIAN_POINT ( 'NONE',  ( 20.92922221243139091, -61.55334706143794676, 2.334806074537965959 ) ) ;
#2241 = DIRECTION ( 'NONE',  ( 0.000000000000000000, 0.000000000000000000, 1.000000000000000000 ) ) ;
#2242 = VECTOR ( 'NONE', #2751, 1000.000000000000000 ) ;
#2243 = CARTESIAN_POINT ( 'NONE',  ( 15.69718152606585093, 27.95119660816945029, 9.456346035045680054 ) ) ;
#2244 = AXIS2_PLACEMENT_3D ( 'NONE', #3783, #1874, #4288 ) ;
#2245 = ORIENTED_EDGE ( 'NONE', *, *, #1386, .T. ) ;
#2246 = CARTESIAN_POINT ( 'NONE',  ( 20.85934850864511958, -61.03390516585745473, 1.199999999999999289 ) ) ;
#2247 = CARTESIAN_POINT ( 'NONE',  ( -21.22814543047354974, -63.77554560823040219, -5.079798781868669622 ) ) ;
#2248 = PLANE ( 'NONE',  #2025 ) ;
#2249 = CARTESIAN_POINT ( 'NONE',  ( -65.84531535217739417, 13.50365958609458694, 2.700000000000001066 ) ) ;
#2250 = ORIENTED_EDGE ( 'NONE', *, *, #2782, .T. ) ;
#2251 = LINE ( 'NONE', #5547, #3123 ) ;
#2252 = DIRECTION ( 'NONE',  ( 1.000000000000000000, 0.000000000000000000, 0.000000000000000000 ) ) ;
#2253 = FACE_OUTER_BOUND ( 'NONE', #5986, .T. ) ;
#2254 = CARTESIAN_POINT ( 'NONE',  ( -15.78586959596078110, -75.84871323592064130, 3.438288436357173516 ) ) ;
#2255 = DIRECTION ( 'NONE',  ( -0.01585797703437279160, -0.1178883786667998951, -0.9929002239599357127 ) ) ;
#2256 = B_SPLINE_CURVE_WITH_KNOTS ( 'NONE', 3,
 ( #5021, #2306, #2772, #4620, #4162, #3740, #5599, #4992, #3290, #985, #5143, #2833, #4682, #1448 ),
 .UNSPECIFIED., .F., .F.,
 ( 4, 2, 2, 2, 2, 2, 4 ),
 ( 0.000000000000000000, 0.0002932297430756870219, 0.0005864594861513740438, 0.0008796892292270609573, 0.001172918972302748088, 0.001759378458454119963, 0.002345837944605491839 ),
 .UNSPECIFIED. ) ;
#2257 = EDGE_CURVE ( 'NONE', #33, #106, #5975, .T. ) ;
#2258 = CARTESIAN_POINT ( 'NONE',  ( -13.05886361622832048, -64.49331546709026952, -2.699999999999997957 ) ) ;
#2259 = VERTEX_POINT ( 'NONE', #4528 ) ;
#2260 = AXIS2_PLACEMENT_3D ( 'NONE', #1179, #5818, #4418 ) ;
#2261 = VERTEX_POINT ( 'NONE', #4096 ) ;
#2262 = ORIENTED_EDGE ( 'NONE', *, *, #4791, .F. ) ;
#2263 = ADVANCED_FACE ( 'NONE', ( #372 ), #5571, .T. ) ;
#2264 = ORIENTED_EDGE ( 'NONE', *, *, #327, .T. ) ;
#2265 = CARTESIAN_POINT ( 'NONE',  ( 17.88507778065336140, -75.43834959110196792, 3.748451753904304073 ) ) ;
#2266 = CARTESIAN_POINT ( 'NONE',  ( -57.08957099096645038, 50.92181147668848240, -2.700000000000001066 ) ) ;
#2267 = ORIENTED_EDGE ( 'NONE', *, *, #3777, .T. ) ;
#2268 = VECTOR ( 'NONE', #5849, 999.9999999999998863 ) ;
#2269 = DIRECTION ( 'NONE',  ( 0.000000000000000000, 0.000000000000000000, 1.000000000000000000 ) ) ;
#2270 = DIRECTION ( 'NONE',  ( 0.000000000000000000, 0.000000000000000000, 1.000000000000000000 ) ) ;
#2271 = DIRECTION ( 'NONE',  ( 0.000000000000000000, 0.000000000000000000, 1.000000000000000000 ) ) ;
#2272 = LINE ( 'NONE', #1893, #5649 ) ;
#2273 = CARTESIAN_POINT ( 'NONE',  ( 19.75624584745519385, -10.50907896070932068, 11.42770624333799390 ) ) ;
#2274 = ORIENTED_EDGE ( 'NONE', *, *, #5164, .T. ) ;
#2275 =( NAMED_UNIT ( * ) PLANE_ANGLE_UNIT ( ) SI_UNIT ( $, .RADIAN. ) );
#2276 = PLANE ( 'NONE',  #5346 ) ;
#2277 = ORIENTED_EDGE ( 'NONE', *, *, #5584, .F. ) ;
#2278 = DIRECTION ( 'NONE',  ( -0.6109919333986542078, 0.7916368216055734708, 0.000000000000000000 ) ) ;
#2279 = CARTESIAN_POINT ( 'NONE',  ( -48.95017622202930596, 6.561109625699350190, 11.58000000000000007 ) ) ;
#2280 = VERTEX_POINT ( 'NONE', #5503 ) ;
#2281 = DIRECTION ( 'NONE',  ( 0.9598809505700892641, 0.2804078471310350595, 0.000000000000000000 ) ) ;
#2282 = CARTESIAN_POINT ( 'NONE',  ( 16.63568387063442700, -16.23280368257134754, -10.79796036138131576 ) ) ;
#2283 = LINE ( 'NONE', #812, #1133 ) ;
#2284 = CARTESIAN_POINT ( 'NONE',  ( -15.76206942278128587, -75.75119530663009471, 3.196159497463323174 ) ) ;
#2285 = DIRECTION ( 'NONE',  ( -0.07332666917523428252, -0.9902140555233037711, 0.1187405736543211687 ) ) ;
#2286 = CARTESIAN_POINT ( 'NONE',  ( 44.61716992170389773, 50.27188602213587387, 2.700000000000001066 ) ) ;
#2287 = CARTESIAN_POINT ( 'NONE',  ( 15.76624076552645981, -75.76828680860370469, 3.176862691940915973 ) ) ;
#2288 = ORIENTED_EDGE ( 'NONE', *, *, #3370, .T. ) ;
#2289 = EDGE_CURVE ( 'NONE', #4782, #591, #762, .T. ) ;
#2290 = VERTEX_POINT ( 'NONE', #1859 ) ;
#2291 = ORIENTED_EDGE ( 'NONE', *, *, #3999, .T. ) ;
#2292 = TOROIDAL_SURFACE ( 'NONE', #4499, 66.00000000000000000, 1.500000000000000000 ) ;
#2293 = ORIENTED_EDGE ( 'NONE', *, *, #1694, .T. ) ;
#2294 = EDGE_CURVE ( 'NONE', #2016, #3870, #1798, .T. ) ;
#2295 = VECTOR ( 'NONE', #2933, 999.9999999999998863 ) ;
#2296 = CARTESIAN_POINT ( 'NONE',  ( 21.06311949677307283, -62.54874097105918196, -2.700000000000001066 ) ) ;
#2297 = CARTESIAN_POINT ( 'NONE',  ( 26.76436684515885034, 26.14470081216209962, -2.700000000000001066 ) ) ;
#2298 = ORIENTED_EDGE ( 'NONE', *, *, #1231, .F. ) ;
#2299 = TOROIDAL_SURFACE ( 'NONE', #3179, 94.50000000000000000, 2.000000000000000000 ) ;
#2300 = CARTESIAN_POINT ( 'NONE',  ( 48.44099324318143829, 42.87490273180823408, -1.956245244850347564 ) ) ;
#2301 = VECTOR ( 'NONE', #2684, 1000.000000000000000 ) ;
#2302 = EDGE_CURVE ( 'NONE', #752, #5495, #306, .T. ) ;
#2303 = EDGE_CURVE ( 'NONE', #622, #2430, #1376, .T. ) ;
#2304 = CARTESIAN_POINT ( 'NONE',  ( 0.000000000000000000, 0.000000000000000000, -20.00000000000000000 ) ) ;
#2305 = CARTESIAN_POINT ( 'NONE',  ( 20.91032211418081488, -61.41284351961958521, 2.197086435881100197 ) ) ;
#2306 = CARTESIAN_POINT ( 'NONE',  ( 62.47398277570594161, 20.97503203281703676, 2.700000000000000622 ) ) ;
#2307 = AXIS2_PLACEMENT_3D ( 'NONE', #5596, #4220, #3673 ) ;
#2308 = DIRECTION ( 'NONE',  ( -0.01585797703437279160, 0.1178883786667998951, -0.9929002239599357127 ) ) ;
#2309 = ORIENTED_EDGE ( 'NONE', *, *, #5463, .T. ) ;
#2310 = AXIS2_PLACEMENT_3D ( 'NONE', #2155, #1225, #2986 ) ;
#2311 = CARTESIAN_POINT ( 'NONE',  ( -21.99846174788886799, -74.17800972235437484, -3.191717587168790615 ) ) ;
#2312 = DIRECTION ( 'NONE',  ( 0.8599849567173972753, -0.4965125462598181105, -0.1179032044787942241 ) ) ;
#2313 = CIRCLE ( 'NONE', #5712, 1.000000000000000000 ) ;
#2314 = AXIS2_PLACEMENT_3D ( 'NONE', #3449, #687, #2077 ) ;
#2315 = VERTEX_POINT ( 'NONE', #467 ) ;
#2316 = DIRECTION ( 'NONE',  ( 0.000000000000000000, 0.000000000000000000, 1.000000000000000000 ) ) ;
#2317 = CARTESIAN_POINT ( 'NONE',  ( 0.000000000000000000, 0.000000000000000000, 18.00000000000000711 ) ) ;
#2318 = ORIENTED_EDGE ( 'NONE', *, *, #4300, .T. ) ;
#2319 = EDGE_CURVE ( 'NONE', #5524, #5244, #4196, .T. ) ;
#2320 = DIRECTION ( 'NONE',  ( -1.000000000000000000, 0.000000000000000000, 0.000000000000000000 ) ) ;
#2321 = DIRECTION ( 'NONE',  ( 1.000000000000000000, 0.000000000000000000, -0.000000000000000000 ) ) ;
#2322 = EDGE_CURVE ( 'NONE', #3351, #2879, #3704, .T. ) ;
#2323 = AXIS2_PLACEMENT_3D ( 'NONE', #3115, #4510, #1400 ) ;
#2324 = DIRECTION ( 'NONE',  ( 0.000000000000000000, 0.000000000000000000, 1.000000000000000000 ) ) ;
#2325 = CARTESIAN_POINT ( 'NONE',  ( -19.38420463070664823, -11.19147576156525936, 11.35262636160330096 ) ) ;
#2326 = CARTESIAN_POINT ( 'NONE',  ( -73.41219145080509634, 24.20441560233183509, -3.085265855824331993 ) ) ;
#2327 = DIRECTION ( 'NONE',  ( 1.000000000000000000, 0.000000000000000000, -0.000000000000000000 ) ) ;
#2328 = EDGE_LOOP ( 'NONE', ( #374, #2891, #3329, #1434 ) ) ;
#2329 = VERTEX_POINT ( 'NONE', #2342 ) ;
#2330 = AXIS2_PLACEMENT_3D ( 'NONE', #1749, #4603, #482 ) ;
#2331 = EDGE_CURVE ( 'NONE', #2329, #2121, #2665, .T. ) ;
#2332 = VERTEX_POINT ( 'NONE', #2738 ) ;
#2333 = ORIENTED_EDGE ( 'NONE', *, *, #4890, .T. ) ;
#2334 = EDGE_CURVE ( 'NONE', #2955, #2517, #2272, .T. ) ;
#2335 = CARTESIAN_POINT ( 'NONE',  ( -9.211909603325400653, -35.89501630170104818, 8.582007265856070433 ) ) ;
#2336 = CARTESIAN_POINT ( 'NONE',  ( -2.329778827326864921, 22.42745397154639875, 11.57032204158815958 ) ) ;
#2337 = ORIENTED_EDGE ( 'NONE', *, *, #4729, .F. ) ;
#2338 = DIRECTION ( 'NONE',  ( -0.000000000000000000, -0.000000000000000000, -1.000000000000000000 ) ) ;
#2339 = DIRECTION ( 'NONE',  ( 1.000000000000000000, 0.000000000000000000, 0.000000000000000000 ) ) ;
#2340 = LINE ( 'NONE', #4680, #2015 ) ;
#2341 = CARTESIAN_POINT ( 'NONE',  ( -43.47895629198421830, 49.39340320367291071, -2.700000000000000622 ) ) ;
#2342 = CARTESIAN_POINT ( 'NONE',  ( 20.58763429522879917, -9.196079336109010072, -11.57032204158815958 ) ) ;
#2343 = EDGE_CURVE ( 'NONE', #5137, #3772, #2256, .T. ) ;
#2344 = PLANE ( 'NONE',  #2486 ) ;
#2345 = EDGE_LOOP ( 'NONE', ( #2245, #332, #150, #165, #5982 ) ) ;
#2346 = AXIS2_PLACEMENT_3D ( 'NONE', #3200, #4595, #3617 ) ;
#2347 = AXIS2_PLACEMENT_3D ( 'NONE', #5635, #2899, #4253 ) ;
#2348 = VECTOR ( 'NONE', #1084, 1000.000000000000000 ) ;
#2349 = ORIENTED_EDGE ( 'NONE', *, *, #3565, .F. ) ;
#2350 = DIRECTION ( 'NONE',  ( -0.9005852208758917676, -0.4346794910504994114, 0.000000000000000000 ) ) ;
#2351 = DIRECTION ( 'NONE',  ( -0.7916368216055734708, -0.6109919333986542078, 0.000000000000000000 ) ) ;
#2352 = ORIENTED_EDGE ( 'NONE', *, *, #423, .T. ) ;
#2353 = LINE ( 'NONE', #3654, #2535 ) ;
#2354 = DIRECTION ( 'NONE',  ( -0.4078420590987375527, 0.9130524929214650642, 0.000000000000000000 ) ) ;
#2355 = DIRECTION ( 'NONE',  ( 0.000000000000000000, 0.000000000000000000, -1.000000000000000000 ) ) ;
#2356 = CARTESIAN_POINT ( 'NONE',  ( -19.95831195848662531, -74.91652941785987707, 3.777295774188597743 ) ) ;
#2357 = VERTEX_POINT ( 'NONE', #1281 ) ;
#2358 = CIRCLE ( 'NONE', #2646, 12.00000000000000000 ) ;
#2359 = ORIENTED_EDGE ( 'NONE', *, *, #1117, .F. ) ;
#2360 = DIRECTION ( 'NONE',  ( -0.9112455539134910465, -0.4070349360347395584, 0.06288164533542670021 ) ) ;
#2361 = ORIENTED_EDGE ( 'NONE', *, *, #5859, .F. ) ;
#2362 = EDGE_CURVE ( 'NONE', #3205, #5011, #3020, .T. ) ;
#2363 = DIRECTION ( 'NONE',  ( -0.8069792858908440003, 0.5848137681575399371, 0.08232428995431868846 ) ) ;
#2364 = AXIS2_PLACEMENT_3D ( 'NONE', #1582, #4244, #2424 ) ;
#2365 = ORIENTED_EDGE ( 'NONE', *, *, #5724, .F. ) ;
#2366 = CIRCLE ( 'NONE', #1312, 64.50000000000000000 ) ;
#2367 = CYLINDRICAL_SURFACE ( 'NONE', #5889, 26.76213688802225121 ) ;
#2368 = CARTESIAN_POINT ( 'NONE',  ( -36.02415850025544586, 10.10627119803251972, -2.700000000000001066 ) ) ;
#2369 = AXIS2_PLACEMENT_3D ( 'NONE', #212, #2574, #2061 ) ;
#2370 = DIRECTION ( 'NONE',  ( -0.8267360921917685790, 0.5625899340260928083, 0.000000000000000000 ) ) ;
#2371 = ORIENTED_EDGE ( 'NONE', *, *, #300, .T. ) ;
#2372 = EDGE_CURVE ( 'NONE', #5591, #2329, #2731, .T. ) ;
#2373 = EDGE_CURVE ( 'NONE', #1057, #3924, #1315, .T. ) ;
#2374 = CYLINDRICAL_SURFACE ( 'NONE', #2981, 64.50000000000000000 ) ;
#2375 = EDGE_CURVE ( 'NONE', #837, #4908, #5015, .T. ) ;
#2376 = ORIENTED_EDGE ( 'NONE', *, *, #5055, .T. ) ;
#2377 = CARTESIAN_POINT ( 'NONE',  ( 14.48716465536073983, -70.52744873874290477, 4.385798943796000771 ) ) ;
#2378 = EDGE_CURVE ( 'NONE', #865, #5813, #1976, .T. ) ;
#2379 = B_SPLINE_CURVE_WITH_KNOTS ( 'NONE', 3,
 ( #61, #4256, #544, #2846, #1927, #1053, #2901, #5666 ),
 .UNSPECIFIED., .F., .F.,
 ( 4, 2, 2, 4 ),
 ( 0.000000000000000000, 0.0003906557361646292620, 0.0007813114723292585240, 0.001562622944658514880 ),
 .UNSPECIFIED. ) ;
#2380 = CARTESIAN_POINT ( 'NONE',  ( -13.02080039972098824, -64.21035308978535738, 2.623587057957730728 ) ) ;
#2381 = VERTEX_POINT ( 'NONE', #3221 ) ;
#2382 = PLANE ( 'NONE',  #5742 ) ;
#2383 = LINE ( 'NONE', #4231, #3458 ) ;
#2384 = CARTESIAN_POINT ( 'NONE',  ( 18.25785546790195113, -13.23137463543739933, 11.58000000000000007 ) ) ;
#2385 = CARTESIAN_POINT ( 'NONE',  ( -53.34974655856342451, 56.21436241866533834, 3.816639643088847844 ) ) ;
#2386 = VERTEX_POINT ( 'NONE', #2266 ) ;
#2387 = EDGE_CURVE ( 'NONE', #1619, #5473, #1346, .T. ) ;
#2388 = ORIENTED_EDGE ( 'NONE', *, *, #1742, .F. ) ;
#2389 = CARTESIAN_POINT ( 'NONE',  ( 9.982291894747129746, -0.5948516857720490547, -22.50000000000000000 ) ) ;
#2390 = VERTEX_POINT ( 'NONE', #363 ) ;
#2391 = LINE ( 'NONE', #1572, #5506 ) ;
#2392 = CARTESIAN_POINT ( 'NONE',  ( 6.669466760310849729, 10.63528851702329980, 11.58000000000000007 ) ) ;
#2393 = CARTESIAN_POINT ( 'NONE',  ( 18.25785546790195113, -13.23137463543739933, 11.12841576485195993 ) ) ;
#2394 = ORIENTED_EDGE ( 'NONE', *, *, #3632, .F. ) ;
#2395 = AXIS2_PLACEMENT_3D ( 'NONE', #2493, #3436, #1594 ) ;
#2396 = B_SPLINE_CURVE_WITH_KNOTS ( 'NONE', 3,
 ( #743, #1687, #5416, #4472, #316, #5002, #714, #3018, #4010, #2529, #3925, #4381, #231, #4871 ),
 .UNSPECIFIED., .F., .F.,
 ( 4, 2, 2, 2, 2, 2, 4 ),
 ( 6.722053469410127491E-18, 0.0002956823241114685859, 0.0005913646482229304498, 0.0008870469723343923137, 0.001182729296445854178, 0.001774093944668787880, 0.002365458592891721799 ),
 .UNSPECIFIED. ) ;
#2397 = CARTESIAN_POINT ( 'NONE',  ( 73.60481692013435406, 24.26068684422395805, 3.567906166261294310 ) ) ;
#2398 = DIRECTION ( 'NONE',  ( 1.000000000000000000, 0.000000000000000000, 0.000000000000000000 ) ) ;
#2399 = DIRECTION ( 'NONE',  ( -0.8097278303719929182, 0.5868056243093320301, 0.000000000000000000 ) ) ;
#2400 = AXIS2_PLACEMENT_3D ( 'NONE', #744, #289, #2625 ) ;
#2401 = CARTESIAN_POINT ( 'NONE',  ( -97.70000000000000284, 1.227096092745648204E-14, -20.00000000000000000 ) ) ;
#2402 = EDGE_LOOP ( 'NONE', ( #913, #1406, #4205, #3326, #713, #3637 ) ) ;
#2403 = CARTESIAN_POINT ( 'NONE',  ( -61.35125157212345925, 20.51367936724138730, -1.956245244850351117 ) ) ;
#2404 = EDGE_CURVE ( 'NONE', #2955, #3335, #827, .T. ) ;
#2405 = EDGE_CURVE ( 'NONE', #4576, #5137, #4692, .T. ) ;
#2406 = VERTEX_POINT ( 'NONE', #1820 ) ;
#2407 = CARTESIAN_POINT ( 'NONE',  ( 66.00000000000000000, 0.000000000000000000, 2.700000000000000178 ) ) ;
#2408 = LINE ( 'NONE', #5124, #5922 ) ;
#2409 = VERTEX_POINT ( 'NONE', #4121 ) ;
#2410 = FACE_OUTER_BOUND ( 'NONE', #3601, .T. ) ;
#2411 = CARTESIAN_POINT ( 'NONE',  ( -15.70057941677770863, -75.49924848202888938, -2.900370989810150402 ) ) ;
#2412 = FACE_OUTER_BOUND ( 'NONE', #2166, .T. ) ;
#2413 = EDGE_LOOP ( 'NONE', ( #5010, #1307, #722, #2588 ) ) ;
#2414 = ORIENTED_EDGE ( 'NONE', *, *, #4017, .T. ) ;
#2415 = AXIS2_PLACEMENT_3D ( 'NONE', #2304, #1378, #3164 ) ;
#2416 = EDGE_CURVE ( 'NONE', #4975, #1039, #2674, .T. ) ;
#2417 = CARTESIAN_POINT ( 'NONE',  ( 1.734723475976804886E-14, 22.38295152313055070, -1.734723475976804925E-15 ) ) ;
#2418 = ORIENTED_EDGE ( 'NONE', *, *, #3087, .F. ) ;
#2419 = DIRECTION ( 'NONE',  ( -0.9130524929214650642, 0.4078420590987375527, 0.000000000000000000 ) ) ;
#2420 = FACE_OUTER_BOUND ( 'NONE', #5732, .T. ) ;
#2421 = CIRCLE ( 'NONE', #5718, 64.50000000000000000 ) ;
#2422 = ORIENTED_EDGE ( 'NONE', *, *, #2950, .F. ) ;
#2423 = ADVANCED_FACE ( 'NONE', ( #459 ), #393, .F. ) ;
#2424 = DIRECTION ( 'NONE',  ( 1.000000000000000000, 0.000000000000000000, -0.000000000000000000 ) ) ;
#2425 = CARTESIAN_POINT ( 'NONE',  ( 61.21955478293372721, 20.45956252738994152, -1.588432000007079958 ) ) ;
#2426 = CARTESIAN_POINT ( 'NONE',  ( -42.67950881470411417, 48.77638294076577097, -2.121878349923649321 ) ) ;
#2427 = AXIS2_PLACEMENT_3D ( 'NONE', #247, #1190, #1158 ) ;
#2428 =( BOUNDED_CURVE ( )  B_SPLINE_CURVE ( 3, ( #5551, #5093, #3241, #1739 ),
 .UNSPECIFIED., .F., .T. ) 
 B_SPLINE_CURVE_WITH_KNOTS ( ( 4, 4 ),
 ( 3.992427501872510387, 4.079525947968146937 ),
 .UNSPECIFIED. ) 
 CURVE ( )  GEOMETRIC_REPRESENTATION_ITEM ( )  RATIONAL_B_SPLINE_CURVE ( ( 1.000000000000000000, 0.9993679216300043189, 0.9993679216300043189, 1.000000000000000000 ) ) 
 REPRESENTATION_ITEM ( '' )  );
#2429 = CARTESIAN_POINT ( 'NONE',  ( -74.99895077017202993, 17.92178403731077196, 2.897352627531322167 ) ) ;
#2430 = VERTEX_POINT ( 'NONE', #9 ) ;
#2431 =( GEOMETRIC_REPRESENTATION_CONTEXT ( 3 ) GLOBAL_UNCERTAINTY_ASSIGNED_CONTEXT ( ( #293 ) ) GLOBAL_UNIT_ASSIGNED_CONTEXT ( ( #4797, #5764, #2082 ) ) REPRESENTATION_CONTEXT ( 'NONE', 'WORKASPACE' ) );
#2432 = DIRECTION ( 'NONE',  ( 0.000000000000000000, 0.000000000000000000, 1.000000000000000000 ) ) ;
#2433 = ORIENTED_EDGE ( 'NONE', *, *, #4265, .F. ) ;
#2434 = CARTESIAN_POINT ( 'NONE',  ( 52.61386341487381912, 55.71359747908023508, 2.700000000000003730 ) ) ;
#2435 = ORIENTED_EDGE ( 'NONE', *, *, #5651, .F. ) ;
#2436 = CARTESIAN_POINT ( 'NONE',  ( 12.91135790081339429, -63.39675632864147303, 1.951545083318391605 ) ) ;
#2437 = CARTESIAN_POINT ( 'NONE',  ( 10.00000000000000000, 0.000000000000000000, -41.10000000000000142 ) ) ;
#2438 = AXIS2_PLACEMENT_3D ( 'NONE', #835, #1415, #4062 ) ;
#2439 = AXIS2_PLACEMENT_3D ( 'NONE', #4101, #311, #343 ) ;
#2440 = ORIENTED_EDGE ( 'NONE', *, *, #2129, .F. ) ;
#2441 = AXIS2_PLACEMENT_3D ( 'NONE', #4540, #3688, #381 ) ;
#2442 = ORIENTED_EDGE ( 'NONE', *, *, #250, .F. ) ;
#2443 = DIRECTION ( 'NONE',  ( 1.000000000000000000, 0.000000000000000000, -0.000000000000000000 ) ) ;
#2444 = FACE_OUTER_BOUND ( 'NONE', #2729, .T. ) ;
#2445 = VERTEX_POINT ( 'NONE', #1246 ) ;
#2446 = CARTESIAN_POINT ( 'NONE',  ( 57.81277958042414866, 51.61329787162703298, -3.700000000000000178 ) ) ;
#2447 = EDGE_CURVE ( 'NONE', #3205, #3313, #1852, .T. ) ;
#2448 = CARTESIAN_POINT ( 'NONE',  ( -61.45981450622221587, 20.55829004419537753, 2.114575390835370161 ) ) ;
#2449 = CYLINDRICAL_SURFACE ( 'NONE', #4099, 26.76213688802224411 ) ;
#2450 = VERTEX_POINT ( 'NONE', #3187 ) ;
#2451 = EDGE_CURVE ( 'NONE', #5188, #5833, #4353, .T. ) ;
#2452 = LINE ( 'NONE', #4302, #1013 ) ;
#2453 = CARTESIAN_POINT ( 'NONE',  ( 63.99343524036179787, 12.74268507751530777, 2.513328204073536742 ) ) ;
#2454 = EDGE_CURVE ( 'NONE', #2280, #4117, #226, .T. ) ;
#2455 = VECTOR ( 'NONE', #3667, 1000.000000000000000 ) ;
#2456 = CARTESIAN_POINT ( 'NONE',  ( -42.42723811148027835, 48.58167829780847313, 1.199999999999999289 ) ) ;
#2457 = ORIENTED_EDGE ( 'NONE', *, *, #5312, .F. ) ;
#2458 = DIRECTION ( 'NONE',  ( -0.3800816313822695247, -0.9249529466333910044, 0.000000000000000000 ) ) ;
#2459 =( BOUNDED_CURVE ( )  B_SPLINE_CURVE ( 3, ( #4858, #1949, #3005, #3854 ),
 .UNSPECIFIED., .F., .F. ) 
 B_SPLINE_CURVE_WITH_KNOTS ( ( 4, 4 ),
 ( 2.165460851662905473, 2.252559297758540691 ),
 .UNSPECIFIED. ) 
 CURVE ( )  GEOMETRIC_REPRESENTATION_ITEM ( )  RATIONAL_B_SPLINE_CURVE ( ( 1.000000000000000000, 0.9993679216300043189, 0.9993679216300043189, 1.000000000000000000 ) ) 
 REPRESENTATION_ITEM ( '' )  );
#2460 = ORIENTED_EDGE ( 'NONE', *, *, #4278, .F. ) ;
#2461 = VERTEX_POINT ( 'NONE', #5876 ) ;
#2462 = CARTESIAN_POINT ( 'NONE',  ( 53.34974655856338899, 56.21436241866533834, 3.566356646465703051 ) ) ;
#2463 = ORIENTED_EDGE ( 'NONE', *, *, #717, .F. ) ;
#2464 = CARTESIAN_POINT ( 'NONE',  ( 12.88488006795827623, -63.19991982300558675, 1.299151729025848301 ) ) ;
#2465 = DIRECTION ( 'NONE',  ( 0.000000000000000000, 0.000000000000000000, -1.000000000000000000 ) ) ;
#2466 = ORIENTED_EDGE ( 'NONE', *, *, #5084, .T. ) ;
#2467 = VECTOR ( 'NONE', #1153, 1000.000000000000227 ) ;
#2468 = VERTEX_POINT ( 'NONE', #1731 ) ;
#2469 = DIRECTION ( 'NONE',  ( 0.000000000000000000, 0.000000000000000000, 1.000000000000000000 ) ) ;
#2470 = LINE ( 'NONE', #5217, #3800 ) ;
#2471 = VERTEX_POINT ( 'NONE', #1440 ) ;
#2472 = DIRECTION ( 'NONE',  ( -0.7916368216055729157, 0.6109919333986548740, 0.000000000000000000 ) ) ;
#2473 = DIRECTION ( 'NONE',  ( -0.000000000000000000, -0.000000000000000000, -1.000000000000000000 ) ) ;
#2475 = EDGE_CURVE ( 'NONE', #4483, #387, #5663, .T. ) ;
#2474 = AXIS2_PLACEMENT_3D ( 'NONE', #4823, #1125, #5707 ) ;
#2476 = FACE_OUTER_BOUND ( 'NONE', #3372, .T. ) ;
#2477 = VERTEX_POINT ( 'NONE', #2882 ) ;
#2478 = EDGE_CURVE ( 'NONE', #1521, #4552, #3734, .T. ) ;
#2479 = CARTESIAN_POINT ( 'NONE',  ( 92.50000000000000000, 0.000000000000000000, 16.00000000000000000 ) ) ;
#2480 = FACE_OUTER_BOUND ( 'NONE', #1612, .T. ) ;
#2481 = FACE_OUTER_BOUND ( 'NONE', #655, .T. ) ;
#2482 = APPLICATION_PROTOCOL_DEFINITION ( 'draft international standard', 'automotive_design', 1998, #5517 ) ;
#2483 = CARTESIAN_POINT ( 'NONE',  ( 69.14482361059779691, 22.95779910444414895, -2.700000000000001066 ) ) ;
#2484 = EDGE_CURVE ( 'NONE', #135, #5848, #5268, .T. ) ;
#2485 = EDGE_CURVE ( 'NONE', #2290, #678, #3860, .T. ) ;
#2486 = AXIS2_PLACEMENT_3D ( 'NONE', #5573, #2308, #5656 ) ;
#2487 = VECTOR ( 'NONE', #2851, 1000.000000000000000 ) ;
#2488 = FACE_OUTER_BOUND ( 'NONE', #4907, .T. ) ;
#2489 = ADVANCED_FACE ( 'NONE', ( #3251 ), #2545, .T. ) ;
#2490 = CARTESIAN_POINT ( 'NONE',  ( 15.61684714107701311, -75.15616702293458218, 2.725960673943548684 ) ) ;
#2491 = ORIENTED_EDGE ( 'NONE', *, *, #794, .F. ) ;
#2492 = B_SPLINE_CURVE_WITH_KNOTS ( 'NONE', 3,
 ( #1680, #3169, #3526, #1194, #4958, #3068, #5026, #4927 ),
 .UNSPECIFIED., .F., .F.,
 ( 4, 2, 2, 4 ),
 ( 0.000000000000000000, 0.0003906557361646277441, 0.0007813114723292554882, 0.001562622944658511627 ),
 .UNSPECIFIED. ) ;
#2493 = CARTESIAN_POINT ( 'NONE',  ( 97.70000000000000284, 0.000000000000000000, -15.00000000000000000 ) ) ;
#2494 = CARTESIAN_POINT ( 'NONE',  ( 74.43604214391356777, 17.65008866690260092, -2.700000000000001066 ) ) ;
#2495 = EDGE_LOOP ( 'NONE', ( #391, #2055 ) ) ;
#2496 = EDGE_CURVE ( 'NONE', #1579, #4483, #5237, .T. ) ;
#2497 = VECTOR ( 'NONE', #891, 1000.000000000000000 ) ;
#2498 = ORIENTED_EDGE ( 'NONE', *, *, #866, .T. ) ;
#2499 = CARTESIAN_POINT ( 'NONE',  ( -20.58763429522879917, -9.196079336109010072, -11.12841576485195993 ) ) ;
#2500 = CARTESIAN_POINT ( 'NONE',  ( 0.000000000000000000, 0.000000000000000000, -3.700000000000000178 ) ) ;
#2501 = ORIENTED_EDGE ( 'NONE', *, *, #5263, .T. ) ;
#2502 = DIRECTION ( 'NONE',  ( 1.000000000000000000, 0.000000000000000000, 0.000000000000000000 ) ) ;
#2503 = DIRECTION ( 'NONE',  ( -0.9972694250765917756, 0.07384912868412259190, 0.000000000000000000 ) ) ;
#2504 = AXIS2_PLACEMENT_3D ( 'NONE', #2151, #5379, #4430 ) ;
#2505 = LINE ( 'NONE', #3418, #285 ) ;
#2506 = LINE ( 'NONE', #3053, #2947 ) ;
#2507 = CARTESIAN_POINT ( 'NONE',  ( 0.000000000000000000, 0.000000000000000000, -18.00000000000000355 ) ) ;
#2508 = ORIENTED_EDGE ( 'NONE', *, *, #3006, .F. ) ;
#2509 = EDGE_LOOP ( 'NONE', ( #4744, #1077, #2905, #1732 ) ) ;
#2510 = B_SPLINE_CURVE_WITH_KNOTS ( 'NONE', 3,
 ( #3165, #5019, #861, #246, #3099, #4494, #335, #4953, #761, #5850, #2176, #3582, #4989, #1285 ),
 .UNSPECIFIED., .F., .F.,
 ( 4, 2, 2, 2, 2, 2, 4 ),
 ( 4.336808689942017736E-19, 0.0005913705691809850295, 0.0008870558537714765684, 0.001182741138361968324, 0.001478426422952459646, 0.001774111707542951402, 0.002365482276723934046 ),
 .UNSPECIFIED. ) ;
#2511 = EDGE_CURVE ( 'NONE', #2235, #3552, #3139, .T. ) ;
#2512 = VECTOR ( 'NONE', #5018, 1000.000000000000227 ) ;
#2513 = CARTESIAN_POINT ( 'NONE',  ( -43.31760852752724844, 17.76077607306569917, -7.382251208476880322 ) ) ;
#2514 = DIRECTION ( 'NONE',  ( 0.000000000000000000, 0.000000000000000000, 1.000000000000000000 ) ) ;
#2515 = CARTESIAN_POINT ( 'NONE',  ( 63.47595101395332762, 12.53004047791289821, 1.956216145883741486 ) ) ;
#2516 = CARTESIAN_POINT ( 'NONE',  ( 57.72142479118758018, 51.52595018965751450, -3.196159497463315180 ) ) ;
#2517 = VERTEX_POINT ( 'NONE', #149 ) ;
#2518 = DIRECTION ( 'NONE',  ( 1.000000000000000000, 0.000000000000000000, 0.000000000000000000 ) ) ;
#2519 = CARTESIAN_POINT ( 'NONE',  ( -1.164889413663430018, 11.21372698577319937, 11.58000000000000007 ) ) ;
#2520 = DIRECTION ( 'NONE',  ( 1.000000000000000000, 0.000000000000000000, 0.000000000000000000 ) ) ;
#2521 = VERTEX_POINT ( 'NONE', #1468 ) ;
#2522 = LINE ( 'NONE', #163, #3939 ) ;
#2523 = LINE ( 'NONE', #3974, #3608 ) ;
#2524 = ORIENTED_EDGE ( 'NONE', *, *, #2745, .F. ) ;
#2525 = VERTEX_POINT ( 'NONE', #2336 ) ;
#2526 = CARTESIAN_POINT ( 'NONE',  ( 73.60481692013441091, 24.26068684422398292, -3.730156933474059411 ) ) ;
#2527 = LINE ( 'NONE', #4809, #695 ) ;
#2528 = ORIENTED_EDGE ( 'NONE', *, *, #5658, .T. ) ;
#2529 = CARTESIAN_POINT ( 'NONE',  ( 42.89740537118769481, 48.94455732918896729, -2.402804332918563990 ) ) ;
#2530 = LINE ( 'NONE', #776, #5924 ) ;
#2531 = DIRECTION ( 'NONE',  ( 0.000000000000000000, 0.000000000000000000, 1.000000000000000000 ) ) ;
#2532 = CIRCLE ( 'NONE', #3321, 92.50000000000000000 ) ;
#2533 = CARTESIAN_POINT ( 'NONE',  ( -53.24080994778349663, 56.14023157902919792, -3.191717587168781289 ) ) ;
#2534 = LINE ( 'NONE', #1633, #5186 ) ;
#2535 = VECTOR ( 'NONE', #873, 1000.000000000000000 ) ;
#2536 = LINE ( 'NONE', #1578, #4333 ) ;
#2537 = ORIENTED_EDGE ( 'NONE', *, *, #2129, .T. ) ;
#2538 = ORIENTED_EDGE ( 'NONE', *, *, #1499, .T. ) ;
#2539 = CIRCLE ( 'NONE', #1487, 1.000000000000000000 ) ;
#2540 = CARTESIAN_POINT ( 'NONE',  ( 0.000000000000000000, 0.000000000000000000, -20.00000000000000000 ) ) ;
#2541 = DIRECTION ( 'NONE',  ( 0.000000000000000000, 0.000000000000000000, -1.000000000000000000 ) ) ;
#2542 = ORIENTED_EDGE ( 'NONE', *, *, #1891, .T. ) ;
#2543 = LINE ( 'NONE', #4884, #4398 ) ;
#2544 = CARTESIAN_POINT ( 'NONE',  ( -73.60481692013436827, 24.26068684422402910, -3.730156933474064740 ) ) ;
#2545 = TOROIDAL_SURFACE ( 'NONE', #3615, 97.70000000000000284, 5.000000000000000000 ) ;
#2546 = CARTESIAN_POINT ( 'NONE',  ( -20.86486909566974290, -61.07494527155377995, -1.598562257708774359 ) ) ;
#2547 = ORIENTED_EDGE ( 'NONE', *, *, #3012, .F. ) ;
#2548 = EDGE_CURVE ( 'NONE', #1535, #850, #4054, .T. ) ;
#2549 = VERTEX_POINT ( 'NONE', #1033 ) ;
#2550 = ADVANCED_FACE ( 'NONE', ( #947 ), #4185, .T. ) ;
#2551 = VECTOR ( 'NONE', #3536, 1000.000000000000000 ) ;
#2552 = CARTESIAN_POINT ( 'NONE',  ( -21.93259590737125819, -73.28854778724955565, -2.700000000000001066 ) ) ;
#2553 = EDGE_LOOP ( 'NONE', ( #472, #4461, #4050, #1546, #3017 ) ) ;
#2554 = VECTOR ( 'NONE', #3517, 1000.000000000000000 ) ;
#2555 = EDGE_CURVE ( 'NONE', #883, #2549, #4242, .T. ) ;
#2556 = VERTEX_POINT ( 'NONE', #5647 ) ;
#2557 = FACE_OUTER_BOUND ( 'NONE', #2230, .T. ) ;
#2558 = CARTESIAN_POINT ( 'NONE',  ( -21.00997772148991771, -62.15368441914043984, 2.660999025887019531 ) ) ;
#2559 = ORIENTED_EDGE ( 'NONE', *, *, #4449, .F. ) ;
#2560 = CARTESIAN_POINT ( 'NONE',  ( -16.63568387063443055, -16.23280368257132977, 10.79796036138131754 ) ) ;
#2561 = CARTESIAN_POINT ( 'NONE',  ( -20.85934850864511958, -61.03390516585745473, -1.200000000000000622 ) ) ;
#2562 = CARTESIAN_POINT ( 'NONE',  ( -52.50344623654226694, 55.63845912034691565, 2.700000000000001066 ) ) ;
#2563 = SURFACE_STYLE_FILL_AREA ( #3079 ) ;
#2564 = LINE ( 'NONE', #4385, #1016 ) ;
#2565 = LINE ( 'NONE', #4386, #4038 ) ;
#2566 = ORIENTED_EDGE ( 'NONE', *, *, #4638, .F. ) ;
#2567 = EDGE_CURVE ( 'NONE', #2931, #3423, #3424, .T. ) ;
#2568 = ORIENTED_EDGE ( 'NONE', *, *, #3548, .T. ) ;
#2569 = CARTESIAN_POINT ( 'NONE',  ( 57.81277958042410603, 51.61329787162705429, -3.730156933474068293 ) ) ;
#2570 = FACE_OUTER_BOUND ( 'NONE', #3394, .T. ) ;
#2571 = LINE ( 'NONE', #5819, #2467 ) ;
#2572 = ADVANCED_FACE ( 'NONE', ( #5674 ), #2449, .F. ) ;
#2573 = ORIENTED_EDGE ( 'NONE', *, *, #805, .F. ) ;
#2574 = DIRECTION ( 'NONE',  ( 0.000000000000000000, 0.000000000000000000, 1.000000000000000000 ) ) ;
#2575 = LINE ( 'NONE', #3612, #3084 ) ;
#2576 = CARTESIAN_POINT ( 'NONE',  ( -65.84531535217739417, 13.50365958609459938, 11.58000000000000007 ) ) ;
#2577 = EDGE_CURVE ( 'NONE', #1338, #3378, #1107, .T. ) ;
#2578 = VERTEX_POINT ( 'NONE', #71 ) ;
#2579 = ORIENTED_EDGE ( 'NONE', *, *, #4902, .F. ) ;
#2580 = VECTOR ( 'NONE', #1780, 1000.000000000000000 ) ;
#2581 =( BOUNDED_CURVE ( )  B_SPLINE_CURVE ( 3, ( #626, #967, #1481, #1083 ),
 .UNSPECIFIED., .F., .F. ) 
 B_SPLINE_CURVE_WITH_KNOTS ( ( 4, 4 ),
 ( 4.079525947968146937, 4.712388980384688786 ),
 .UNSPECIFIED. ) 
 CURVE ( )  GEOMETRIC_REPRESENTATION_ITEM ( )  RATIONAL_B_SPLINE_CURVE ( ( 1.000000000000000000, 0.9669012650407982079, 0.9669012650407982079, 1.000000000000000000 ) ) 
 REPRESENTATION_ITEM ( '' )  );
#2582 = EDGE_CURVE ( 'NONE', #925, #3603, #2885, .T. ) ;
#2583 = DIRECTION ( 'NONE',  ( 0.000000000000000000, 0.000000000000000000, 1.000000000000000000 ) ) ;
#2584 = DIRECTION ( 'NONE',  ( 0.8267360921917686900, -0.5625899340260928083, 0.000000000000000000 ) ) ;
#2585 = ORIENTED_EDGE ( 'NONE', *, *, #4258, .T. ) ;
#2586 = AXIS2_PLACEMENT_3D ( 'NONE', #1269, #4473, #5807 ) ;
#2587 = VECTOR ( 'NONE', #896, 999.9999999999998863 ) ;
#2588 = ORIENTED_EDGE ( 'NONE', *, *, #5781, .F. ) ;
#2589 = DIRECTION ( 'NONE',  ( 1.000000000000000000, 8.881784197001252323E-16, 0.000000000000000000 ) ) ;
#2590 = FACE_OUTER_BOUND ( 'NONE', #1046, .T. ) ;
#2591 = EDGE_LOOP ( 'NONE', ( #5332, #75, #518 ) ) ;
#2592 = DIRECTION ( 'NONE',  ( -0.000000000000000000, -0.000000000000000000, -1.000000000000000000 ) ) ;
#2593 = DIRECTION ( 'NONE',  ( 0.000000000000000000, 0.000000000000000000, 1.000000000000000000 ) ) ;
#2594 = CARTESIAN_POINT ( 'NONE',  ( 0.000000000000000000, 0.000000000000000000, 20.00000000000000000 ) ) ;
#2595 = CARTESIAN_POINT ( 'NONE',  ( 20.58763429522879917, -9.196079336109010072, -11.12841576485195993 ) ) ;
#2596 = CARTESIAN_POINT ( 'NONE',  ( 0.000000000000000000, 0.000000000000000000, 4.000000000000000000 ) ) ;
#2597 = DIRECTION ( 'NONE',  ( -0.9249529466333913374, -0.3800816313822686365, 0.000000000000000000 ) ) ;
#2598 = UNCERTAINTY_MEASURE_WITH_UNIT (LENGTH_MEASURE( 1.000000000000000082E-05 ), #4938, 'distance_accuracy_value', 'NONE');
#2599 = ORIENTED_EDGE ( 'NONE', *, *, #4764, .F. ) ;
#2600 = ORIENTED_EDGE ( 'NONE', *, *, #1042, .T. ) ;
#2601 = EDGE_CURVE ( 'NONE', #3523, #1654, #5333, .T. ) ;
#2602 = EDGE_LOOP ( 'NONE', ( #958, #4402, #4498, #264 ) ) ;
#2603 = CARTESIAN_POINT ( 'NONE',  ( 48.47913185913779444, 6.367548093133939879, 7.329082498301850102 ) ) ;
#2604 = CYLINDRICAL_SURFACE ( 'NONE', #2758, 26.76213688802224766 ) ;
#2605 = CARTESIAN_POINT ( 'NONE',  ( -26.76436684515885034, 26.14470081216209962, 2.700000000000001066 ) ) ;
#2606 = VECTOR ( 'NONE', #869, 1000.000000000000114 ) ;
#2607 = EDGE_CURVE ( 'NONE', #5869, #5490, #1943, .T. ) ;
#2608 = ORIENTED_EDGE ( 'NONE', *, *, #605, .F. ) ;
#2609 = FACE_OUTER_BOUND ( 'NONE', #5641, .T. ) ;
#2610 = AXIS2_PLACEMENT_3D ( 'NONE', #2513, #206, #2312 ) ;
#2611 = DIRECTION ( 'NONE',  ( 0.000000000000000000, 0.000000000000000000, 1.000000000000000000 ) ) ;
#2612 = CARTESIAN_POINT ( 'NONE',  ( -57.45378830173275020, 51.27005307512538224, -2.826194432022898884 ) ) ;
#2613 = CIRCLE ( 'NONE', #1266, 77.50000000000000000 ) ;
#2614 = CARTESIAN_POINT ( 'NONE',  ( 19.38420463070664823, -11.19147576156525936, 11.35262636160330096 ) ) ;
#2615 = ORIENTED_EDGE ( 'NONE', *, *, #3227, .F. ) ;
#2616 = ADVANCED_FACE ( 'NONE', ( #3794, #1098 ), #4219, .F. ) ;
#2617 = CARTESIAN_POINT ( 'NONE',  ( -2.313907855301829741, 22.27467316231244965, 11.58000000000000007 ) ) ;
#2618 = DIRECTION ( 'NONE',  ( 1.000000000000000000, 0.000000000000000000, 0.000000000000000000 ) ) ;
#2619 = ADVANCED_FACE ( 'NONE', ( #5169 ), #98, .T. ) ;
#2620 =( BOUNDED_CURVE ( )  B_SPLINE_CURVE ( 3, ( #3861, #220, #5264, #2069 ),
 .UNSPECIFIED., .F., .F. ) 
 B_SPLINE_CURVE_WITH_KNOTS ( ( 4, 4 ),
 ( 0.07149114224669722573, 0.1542247745132258874 ),
 .UNSPECIFIED. ) 
 CURVE ( )  GEOMETRIC_REPRESENTATION_ITEM ( )  RATIONAL_B_SPLINE_CURVE ( ( 1.000000000000000000, 0.9994296768433472700, 0.9994296768433472700, 1.000000000000000000 ) ) 
 REPRESENTATION_ITEM ( '' )  );
#2621 = CARTESIAN_POINT ( 'NONE',  ( 76.50000000000000000, 0.000000000000000000, 2.700000000000000178 ) ) ;
#2622 = CARTESIAN_POINT ( 'NONE',  ( -20.96122863062772979, -61.79128313234530623, 2.513328204073531413 ) ) ;
#2623 = ORIENTED_EDGE ( 'NONE', *, *, #3087, .T. ) ;
#2624 = CARTESIAN_POINT ( 'NONE',  ( 68.32214459953650021, 22.71747174902100141, 4.385798943796000771 ) ) ;
#2625 = DIRECTION ( 'NONE',  ( -1.000000000000000000, 1.224646799147353454E-16, 0.000000000000000000 ) ) ;
#2626 = CARTESIAN_POINT ( 'NONE',  ( -52.92599791683952049, 55.92600350625949801, 2.823807413761367791 ) ) ;
#2627 = CARTESIAN_POINT ( 'NONE',  ( -49.32341776066985517, 43.55596536975519939, -2.700000000000000622 ) ) ;
#2628 = CARTESIAN_POINT ( 'NONE',  ( 64.50000000000000000, 0.000000000000000000, -1.200000000000000178 ) ) ;
#2629 = DIRECTION ( 'NONE',  ( 0.8208871926799786722, 0.5586097860423019368, 0.1187405736543211549 ) ) ;
#2630 = ORIENTED_EDGE ( 'NONE', *, *, #112, .T. ) ;
#2631 = ORIENTED_EDGE ( 'NONE', *, *, #271, .T. ) ;
#2632 = ORIENTED_EDGE ( 'NONE', *, *, #5598, .F. ) ;
#2633 = EDGE_CURVE ( 'NONE', #2749, #5511, #3315, .T. ) ;
#2634 = AXIS2_PLACEMENT_3D ( 'NONE', #1715, #2190, #3501 ) ;
#2635 = DIRECTION ( 'NONE',  ( 0.000000000000000000, 0.000000000000000000, 1.000000000000000000 ) ) ;
#2636 = LINE ( 'NONE', #2171, #920 ) ;
#2637 = FACE_OUTER_BOUND ( 'NONE', #1209, .T. ) ;
#2638 = AXIS2_PLACEMENT_3D ( 'NONE', #3116, #5007, #1811 ) ;
#2639 = CARTESIAN_POINT ( 'NONE',  ( 64.07851401838311745, 12.77764564590318308, -2.550567172170623120 ) ) ;
#2641 = EDGE_LOOP ( 'NONE', ( #4238, #2433, #2599, #2154 ) ) ;
#2640 = AXIS2_PLACEMENT_3D ( 'NONE', #2500, #5383, #3923 ) ;
#2642 = EDGE_CURVE ( 'NONE', #3599, #1707, #2150, .T. ) ;
#2643 = PLANE ( 'NONE',  #55 ) ;
#2644 = EDGE_CURVE ( 'NONE', #1080, #4965, #2452, .T. ) ;
#2645 = LINE ( 'NONE', #4030, #180 ) ;
#2646 = AXIS2_PLACEMENT_3D ( 'NONE', #187, #4308, #5767 ) ;
#2647 = CARTESIAN_POINT ( 'NONE',  ( 77.50000000000000000, 0.000000000000000000, -16.00000000000000000 ) ) ;
#2648 = EDGE_LOOP ( 'NONE', ( #3562, #1094, #4027, #974 ) ) ;
#2649 = ORIENTED_EDGE ( 'NONE', *, *, #3560, .F. ) ;
#2650 = VECTOR ( 'NONE', #4520, 1000.000000000000114 ) ;
#2651 = CARTESIAN_POINT ( 'NONE',  ( 94.50000000000000000, 0.000000000000000000, 18.00000000000000711 ) ) ;
#2652 = CARTESIAN_POINT ( 'NONE',  ( -20.58763429522879917, -9.196079336109010072, -11.57032204158815958 ) ) ;
#2653 = CIRCLE ( 'NONE', #51, 94.50000000000000000 ) ;
#2654 = ORIENTED_EDGE ( 'NONE', *, *, #4212, .F. ) ;
#2655 = CARTESIAN_POINT ( 'NONE',  ( -14.69037456587059864, -71.36007333919378937, 2.700000000000001066 ) ) ;
#2656 = CARTESIAN_POINT ( 'NONE',  ( -53.34974655856341030, 56.21436241866536676, -16.00000000000000000 ) ) ;
#2657 = ORIENTED_EDGE ( 'NONE', *, *, #5400, .T. ) ;
#2658 = CARTESIAN_POINT ( 'NONE',  ( -19.38420463070664823, -11.19147576156525936, 11.35262636160330096 ) ) ;
#2659 = CARTESIAN_POINT ( 'NONE',  ( 0.000000000000000000, 0.000000000000000000, -16.00000000000000000 ) ) ;
#2660 = CARTESIAN_POINT ( 'NONE',  ( -15.61743474210980764, -75.15857463717898668, 2.699999999999994404 ) ) ;
#2661 = CARTESIAN_POINT ( 'NONE',  ( -36.02415850025544586, 10.10627119803251972, 2.700000000000001066 ) ) ;
#2662 = AXIS2_PLACEMENT_3D ( 'NONE', #1761, #3610, #2443 ) ;
#2663 = DIRECTION ( 'NONE',  ( -0.8637146712084821099, 0.4986658979252460155, 0.07300197932680790869 ) ) ;
#2664 = ORIENTED_EDGE ( 'NONE', *, *, #2555, .F. ) ;
#2665 =( BOUNDED_CURVE ( )  B_SPLINE_CURVE ( 3, ( #3135, #863, #3674, #3194 ),
 .UNSPECIFIED., .F., .F. ) 
 B_SPLINE_CURVE_WITH_KNOTS ( ( 4, 4 ),
 ( 0.8508348482827191583, 0.9379332943783544874 ),
 .UNSPECIFIED. ) 
 CURVE ( )  GEOMETRIC_REPRESENTATION_ITEM ( )  RATIONAL_B_SPLINE_CURVE ( ( 1.000000000000000000, 0.9993679216300043189, 0.9993679216300043189, 1.000000000000000000 ) ) 
 REPRESENTATION_ITEM ( '' )  );
#2666 = VERTEX_POINT ( 'NONE', #583 ) ;
#2667 = EDGE_LOOP ( 'NONE', ( #4817, #3539, #2394, #3885, #3593, #1111, #911, #4711, #3364, #5521, #1277, #1679 ) ) ;
#2668 = VERTEX_POINT ( 'NONE', #127 ) ;
#2669 = ADVANCED_FACE ( 'NONE', ( #4707 ), #1470, .F. ) ;
#2670 = CARTESIAN_POINT ( 'NONE',  ( 9.982291894747126193, -0.5948516857720450579, 11.58000000000000007 ) ) ;
#2671 = LINE ( 'NONE', #977, #5276 ) ;
#2672 = DIRECTION ( 'NONE',  ( 0.4346794910504994114, -0.9005852208758917676, 0.000000000000000000 ) ) ;
#2673 = EDGE_CURVE ( 'NONE', #1876, #3205, #822, .T. ) ;
#2674 = LINE ( 'NONE', #5966, #430 ) ;
#2675 = EDGE_LOOP ( 'NONE', ( #1738, #4233, #3010, #237 ) ) ;
#2676 = PLANE ( 'NONE',  #4887 ) ;
#2677 = VECTOR ( 'NONE', #4025, 999.9999999999998863 ) ;
#2678 = DIRECTION ( 'NONE',  ( -0.8599849567173972753, -0.4965125462598181105, 0.1179032044787942241 ) ) ;
#2679 = CARTESIAN_POINT ( 'NONE',  ( -22.37586229906957058, -6.290523000010746379, -10.79796036138132109 ) ) ;
#2680 = CARTESIAN_POINT ( 'NONE',  ( -42.42723811148027835, 48.58167829780847313, -2.700000000000000178 ) ) ;
#2681 = ADVANCED_FACE ( 'NONE', ( #2480 ), #4910, .T. ) ;
#2682 = FACE_OUTER_BOUND ( 'NONE', #3102, .T. ) ;
#2683 = ORIENTED_EDGE ( 'NONE', *, *, #407, .F. ) ;
#2684 = DIRECTION ( 'NONE',  ( -0.000000000000000000, -0.000000000000000000, -1.000000000000000000 ) ) ;
#2685 = CARTESIAN_POINT ( 'NONE',  ( 0.000000000000000000, 0.000000000000000000, -20.00000000000000000 ) ) ;
#2686 = AXIS2_PLACEMENT_3D ( 'NONE', #5060, #2324, #3177 ) ;
#2687 = ORIENTED_EDGE ( 'NONE', *, *, #4449, .T. ) ;
#2688 = DIRECTION ( 'NONE',  ( 0.1323696103975913474, -0.9840371644317505995, -0.1189501797405513456 ) ) ;
#2689 = FACE_OUTER_BOUND ( 'NONE', #2877, .T. ) ;
#2690 = ORIENTED_EDGE ( 'NONE', *, *, #2644, .T. ) ;
#2691 = CARTESIAN_POINT ( 'NONE',  ( 0.000000000000000000, 0.000000000000000000, 1.200000000000000178 ) ) ;
#2692 = DIRECTION ( 'NONE',  ( -0.5625899340260920312, 0.8267360921917691341, 0.000000000000000000 ) ) ;
#2693 = DIRECTION ( 'NONE',  ( 1.000000000000000000, 0.000000000000000000, 0.000000000000000000 ) ) ;
#2694 = VECTOR ( 'NONE', #17, 1000.000000000000114 ) ;
#2695 = CARTESIAN_POINT ( 'NONE',  ( -13.11336938590013901, -64.89851196855261151, 11.58000000000000007 ) ) ;
#2696 = AXIS2_PLACEMENT_3D ( 'NONE', #634, #4701, #5699 ) ;
#2697 = CARTESIAN_POINT ( 'NONE',  ( -12.90519925487043551, -63.35097288580860209, -1.865393831290128368 ) ) ;
#2698 = ORIENTED_EDGE ( 'NONE', *, *, #2115, .F. ) ;
#2699 = ORIENTED_EDGE ( 'NONE', *, *, #3052, .F. ) ;
#2700 = EDGE_LOOP ( 'NONE', ( #5773, #3735, #4688, #102 ) ) ;
#2701 = EDGE_LOOP ( 'NONE', ( #575, #4051, #5960, #4516 ) ) ;
#2702 =( BOUNDED_CURVE ( )  B_SPLINE_CURVE ( 3, ( #3797, #924, #4246, #2807 ),
 .UNSPECIFIED., .F., .F. ) 
 B_SPLINE_CURVE_WITH_KNOTS ( ( 4, 4 ),
 ( 0.8508348482827183812, 0.9379332943783541543 ),
 .UNSPECIFIED. ) 
 CURVE ( )  GEOMETRIC_REPRESENTATION_ITEM ( )  RATIONAL_B_SPLINE_CURVE ( ( 1.000000000000000000, 0.9993679216300043189, 0.9993679216300043189, 1.000000000000000000 ) ) 
 REPRESENTATION_ITEM ( '' )  );
#2703 = CARTESIAN_POINT ( 'NONE',  ( -9.259791655096590191, -36.25097201019460158, 11.58000000000000007 ) ) ;
#2704 = DIRECTION ( 'NONE',  ( 0.1033246625494713689, -0.9946476834080687501, 0.000000000000000000 ) ) ;
#2705 = ORIENTED_EDGE ( 'NONE', *, *, #2180, .T. ) ;
#2706 = EDGE_CURVE ( 'NONE', #5244, #4592, #3514, .T. ) ;
#2707 = CARTESIAN_POINT ( 'NONE',  ( 21.65581054845169717, -69.55079785468051057, 4.387264919198459623 ) ) ;
#2708 = CARTESIAN_POINT ( 'NONE',  ( -21.71933223215994957, -70.40860395368841296, 11.58000000000000007 ) ) ;
#2709 = CARTESIAN_POINT ( 'NONE',  ( -73.60481692013432564, 24.26068684422403621, 3.730156933474063408 ) ) ;
#2710 = DIRECTION ( 'NONE',  ( 0.000000000000000000, 0.000000000000000000, 1.000000000000000000 ) ) ;
#2711 = ORIENTED_EDGE ( 'NONE', *, *, #2362, .F. ) ;
#2712 = DIRECTION ( 'NONE',  ( 0.000000000000000000, 0.000000000000000000, -1.000000000000000000 ) ) ;
#2713 = FACE_OUTER_BOUND ( 'NONE', #54, .T. ) ;
#2714 = VECTOR ( 'NONE', #2270, 1000.000000000000000 ) ;
#2715 = EDGE_LOOP ( 'NONE', ( #4306, #4670, #3244 ) ) ;
#2716 = CARTESIAN_POINT ( 'NONE',  ( 9.211909603325400653, -35.89501630170104818, 8.582007265856070433 ) ) ;
#2717 = EDGE_CURVE ( 'NONE', #820, #925, #4789, .T. ) ;
#2718 = DIRECTION ( 'NONE',  ( 0.000000000000000000, 0.000000000000000000, 1.000000000000000000 ) ) ;
#2719 = ORIENTED_EDGE ( 'NONE', *, *, #1563, .F. ) ;
#2720 = CARTESIAN_POINT ( 'NONE',  ( 76.50000000000000000, 0.000000000000000000, -2.700000000000000178 ) ) ;
#2721 = CARTESIAN_POINT ( 'NONE',  ( -54.45444904472720538, 48.40227423474970436, 2.700000000000001066 ) ) ;
#2722 = DIRECTION ( 'NONE',  ( 0.000000000000000000, 0.000000000000000000, 1.000000000000000000 ) ) ;
#2723 = CARTESIAN_POINT ( 'NONE',  ( 15.78586959596078110, -75.84871323592064130, -3.438288436357172184 ) ) ;
#2724 = LINE ( 'NONE', #3151, #3098 ) ;
#2725 = LINE ( 'NONE', #5423, #4735 ) ;
#2726 = ORIENTED_EDGE ( 'NONE', *, *, #1677, .T. ) ;
#2727 = ORIENTED_EDGE ( 'NONE', *, *, #5196, .T. ) ;
#2728 = VERTEX_POINT ( 'NONE', #1638 ) ;
#2729 = EDGE_LOOP ( 'NONE', ( #4716, #1110, #1571, #1950 ) ) ;
#2730 = CARTESIAN_POINT ( 'NONE',  ( 0.000000000000000000, 0.000000000000000000, 2.700000000000000178 ) ) ;
#2731 = LINE ( 'NONE', #5433, #5180 ) ;
#2732 = ORIENTED_EDGE ( 'NONE', *, *, #5970, .T. ) ;
#2733 = LINE ( 'NONE', #1214, #2268 ) ;
#2734 = VECTOR ( 'NONE', #4859, 1000.000000000000000 ) ;
#2735 = CIRCLE ( 'NONE', #5441, 5.000000000000004441 ) ;
#2736 = DIRECTION ( 'NONE',  ( 0.000000000000000000, 0.000000000000000000, 1.000000000000000000 ) ) ;
#2737 = LINE ( 'NONE', #3455, #4022 ) ;
#2738 = CARTESIAN_POINT ( 'NONE',  ( 2.329778827326880020, 22.42745397154639875, -11.57032204158815958 ) ) ;
#2739 = VECTOR ( 'NONE', #5679, 1000.000000000000000 ) ;
#2740 = ORIENTED_EDGE ( 'NONE', *, *, #4435, .T. ) ;
#2741 = CIRCLE ( 'NONE', #3890, 77.50000000000000000 ) ;
#2742 = ORIENTED_EDGE ( 'NONE', *, *, #4365, .T. ) ;
#2743 = FILL_AREA_STYLE ('',( #103 ) ) ;
#2744 = DIRECTION ( 'NONE',  ( -0.000000000000000000, -0.000000000000000000, -1.000000000000000000 ) ) ;
#2745 = EDGE_CURVE ( 'NONE', #1436, #597, #329, .T. ) ;
#2746 = ORIENTED_EDGE ( 'NONE', *, *, #2405, .T. ) ;
#2747 = CARTESIAN_POINT ( 'NONE',  ( -42.22683373955619857, -25.13515770747824973, 11.58000000000000007 ) ) ;
#2748 = CARTESIAN_POINT ( 'NONE',  ( 0.000000000000000000, 0.000000000000000000, 3.700000000000001954 ) ) ;
#2749 = VERTEX_POINT ( 'NONE', #3485 ) ;
#2750 = LINE ( 'NONE', #3175, #1577 ) ;
#2751 = DIRECTION ( 'NONE',  ( 0.7227807943210241559, -0.6910773642369351100, 0.000000000000000000 ) ) ;
#2752 = PLANE ( 'NONE',  #2007 ) ;
#2753 = CARTESIAN_POINT ( 'NONE',  ( 12.88488006795826912, -63.19991982300554412, 1.199999999999999289 ) ) ;
#2754 = DIRECTION ( 'NONE',  ( 0.000000000000000000, 0.9930250925196359990, -0.1179032044787941963 ) ) ;
#2755 = ADVANCED_FACE ( 'NONE', ( #2570 ), #5395, .T. ) ;
#2756 = DIRECTION ( 'NONE',  ( 0.9910735647809233440, 0.1333161250278182552, 0.000000000000000000 ) ) ;
#2757 = ORIENTED_EDGE ( 'NONE', *, *, #223, .F. ) ;
#2758 = AXIS2_PLACEMENT_3D ( 'NONE', #691, #4853, #2968 ) ;
#2759 = VERTEX_POINT ( 'NONE', #4948 ) ;
#2760 = ADVANCED_FACE ( 'NONE', ( #2997 ), #269, .F. ) ;
#2761 = VERTEX_POINT ( 'NONE', #1244 ) ;
#2762 = ADVANCED_FACE ( 'NONE', ( #3992 ), #2604, .F. ) ;
#2763 = EDGE_LOOP ( 'NONE', ( #3066, #5070, #4899 ) ) ;
#2764 = CARTESIAN_POINT ( 'NONE',  ( 48.29029604988337354, 42.75859337507038305, 1.199999999999999289 ) ) ;
#2765 = DIRECTION ( 'NONE',  ( 0.000000000000000000, 0.000000000000000000, -1.000000000000000000 ) ) ;
#2766 = ORIENTED_EDGE ( 'NONE', *, *, #53, .T. ) ;
#2767 = AXIS2_PLACEMENT_3D ( 'NONE', #5726, #1569, #4587 ) ;
#2768 = PLANE ( 'NONE',  #2767 ) ;
#2769 = ADVANCED_FACE ( 'NONE', ( #3936 ), #1500, .T. ) ;
#2770 = CYLINDRICAL_SURFACE ( 'NONE', #3387, 26.76213688802224411 ) ;
#2771 = DIRECTION ( 'NONE',  ( 1.000000000000000000, 0.000000000000000000, 0.000000000000000000 ) ) ;
#2772 = CARTESIAN_POINT ( 'NONE',  ( 62.38380034575757094, 20.93797427196384930, 2.690307872283301815 ) ) ;
#2773 = EDGE_CURVE ( 'NONE', #2477, #3028, #2636, .T. ) ;
#2774 = EDGE_CURVE ( 'NONE', #2668, #1201, #2110, .T. ) ;
#2775 = DIRECTION ( 'NONE',  ( 1.000000000000000000, 0.000000000000000000, 0.000000000000000000 ) ) ;
#2776 = ORIENTED_EDGE ( 'NONE', *, *, #3856, .F. ) ;
#2777 = CARTESIAN_POINT ( 'NONE',  ( -21.97033371263182033, -73.79816462398747490, -2.823892647829971736 ) ) ;
#2778 = CARTESIAN_POINT ( 'NONE',  ( 18.60356508940022380, -12.53526766206215193, -11.20554402546023098 ) ) ;
#2779 = EDGE_CURVE ( 'NONE', #4505, #2409, #4453, .T. ) ;
#2780 = ORIENTED_EDGE ( 'NONE', *, *, #2180, .F. ) ;
#2781 = DIRECTION ( 'NONE',  ( 0.7227807943210241559, -0.6910773642369351100, 0.000000000000000000 ) ) ;
#2782 = EDGE_CURVE ( 'NONE', #2468, #40, #1613, .T. ) ;
#2783 = DIRECTION ( 'NONE',  ( 1.000000000000000000, 0.000000000000000000, 0.000000000000000000 ) ) ;
#2784 = ORIENTED_EDGE ( 'NONE', *, *, #671, .F. ) ;
#2785 = PLANE ( 'NONE',  #4190 ) ;
#2786 = CARTESIAN_POINT ( 'NONE',  ( -49.32471779618445851, 43.55696874806059782, 2.690307872283300927 ) ) ;
#2787 = CARTESIAN_POINT ( 'NONE',  ( 75.35793919139113939, 18.09505459584466536, -3.816639643088857614 ) ) ;
#2788 = CARTESIAN_POINT ( 'NONE',  ( -75.35793919139108255, 18.09505459584467957, -16.00000000000000000 ) ) ;
#2789 = CARTESIAN_POINT ( 'NONE',  ( -72.89795231908074413, 24.05419208997676961, -2.700000000000000178 ) ) ;
#2790 = DIRECTION ( 'NONE',  ( 0.000000000000000000, 0.000000000000000000, 1.000000000000000000 ) ) ;
#2791 = ORIENTED_EDGE ( 'NONE', *, *, #4235, .F. ) ;
#2792 = ORIENTED_EDGE ( 'NONE', *, *, #3643, .T. ) ;
#2793 = ORIENTED_EDGE ( 'NONE', *, *, #3638, .F. ) ;
#2794 = VECTOR ( 'NONE', #836, 1000.000000000000114 ) ;
#2795 = ORIENTED_EDGE ( 'NONE', *, *, #2009, .F. ) ;
#2796 = VECTOR ( 'NONE', #1511, 1000.000000000000000 ) ;
#2797 = ADVANCED_FACE ( 'NONE', ( #5874 ), #3425, .T. ) ;
#2798 = CARTESIAN_POINT ( 'NONE',  ( 12.99655279218866788, -64.03009610414724762, -2.548498792587409412 ) ) ;
#2799 = EDGE_LOOP ( 'NONE', ( #5224, #1640, #5667, #4393 ) ) ;
#2800 = DIRECTION ( 'NONE',  ( -0.8081253717906038414, -0.5856443307573359069, -0.06288164533542678347 ) ) ;
#2801 = VECTOR ( 'NONE', #3588, 1000.000000000000114 ) ;
#2802 = CARTESIAN_POINT ( 'NONE',  ( 0.000000000000000000, 0.000000000000000000, -2.700000000000000178 ) ) ;
#2803 = CARTESIAN_POINT ( 'NONE',  ( 21.01032777624637404, -62.15628673011573824, 2.661871636317874934 ) ) ;
#2804 = DIRECTION ( 'NONE',  ( 0.7227807943210246000, 0.6910773642369345549, -0.000000000000000000 ) ) ;
#2805 = DIRECTION ( 'NONE',  ( -0.000000000000000000, -0.000000000000000000, -1.000000000000000000 ) ) ;
#2806 = AXIS2_PLACEMENT_3D ( 'NONE', #4525, #2611, #3491 ) ;
#2807 = CARTESIAN_POINT ( 'NONE',  ( -19.38420463070664823, -11.19147576156525936, -11.35262636160330096 ) ) ;
#2808 = ORIENTED_EDGE ( 'NONE', *, *, #5337, .F. ) ;
#2809 = CIRCLE ( 'NONE', #969, 2.000000000000001776 ) ;
#2810 = CARTESIAN_POINT ( 'NONE',  ( -55.80130452985569889, 49.69005241865269795, -4.061698908049449663 ) ) ;
#2811 = EDGE_LOOP ( 'NONE', ( #1878, #2740, #5179, #2657 ) ) ;
#2812 = CARTESIAN_POINT ( 'NONE',  ( 52.50344623654228116, 55.63845912034692276, 2.700000000000001066 ) ) ;
#2813 = EDGE_CURVE ( 'NONE', #3652, #2019, #2185, .T. ) ;
#2814 = CARTESIAN_POINT ( 'NONE',  ( -0.7769935733767358021, 22.36395026766172833, 11.42770624333799745 ) ) ;
#2815 = ORIENTED_EDGE ( 'NONE', *, *, #3745, .F. ) ;
#2816 = CARTESIAN_POINT ( 'NONE',  ( 53.34974655856346004, 56.21436241866535255, -3.816639643088842959 ) ) ;
#2817 = VECTOR ( 'NONE', #2196, 1000.000000000000114 ) ;
#2818 = CARTESIAN_POINT ( 'NONE',  ( 0.000000000000000000, 0.000000000000000000, 2.700000000000000178 ) ) ;
#2819 = DIRECTION ( 'NONE',  ( -0.8097278303719929182, 0.5868056243093320301, 0.000000000000000000 ) ) ;
#2820 = CARTESIAN_POINT ( 'NONE',  ( 74.85877361847418854, 20.17385953622575201, -3.777295774188610178 ) ) ;
#2821 = ORIENTED_EDGE ( 'NONE', *, *, #1383, .T. ) ;
#2822 = ORIENTED_EDGE ( 'NONE', *, *, #5381, .T. ) ;
#2823 = ORIENTED_EDGE ( 'NONE', *, *, #3460, .F. ) ;
#2824 = EDGE_LOOP ( 'NONE', ( #3184, #3786, #689, #3119 ) ) ;
#2825 = CARTESIAN_POINT ( 'NONE',  ( -37.04008753396534814, 28.63376137949524747, -7.382251208476880322 ) ) ;
#2826 = CARTESIAN_POINT ( 'NONE',  ( 12.91025832894203695, -63.38858209904957164, -1.956245244850344900 ) ) ;
#2827 = VERTEX_POINT ( 'NONE', #3454 ) ;
#2828 = EDGE_CURVE ( 'NONE', #469, #5870, #2035, .T. ) ;
#2829 = EDGE_CURVE ( 'NONE', #176, #1598, #4613, .T. ) ;
#2830 = CARTESIAN_POINT ( 'NONE',  ( -10.34143706141036034, -7.494386636419180014, -12.18631237172819937 ) ) ;
#2831 = CARTESIAN_POINT ( 'NONE',  ( -15.79203733971028178, -75.87398471585103721, -16.00000000000000000 ) ) ;
#2832 = PLANE ( 'NONE',  #4773 ) ;
#2833 = CARTESIAN_POINT ( 'NONE',  ( 61.21216605204488559, 20.45652635036029565, 1.595345417121422305 ) ) ;
#2834 = DIRECTION ( 'NONE',  ( 0.000000000000000000, 0.000000000000000000, -1.000000000000000000 ) ) ;
#2835 = EDGE_LOOP ( 'NONE', ( #4888, #4778, #2352, #1686 ) ) ;
#2836 = AXIS2_PLACEMENT_3D ( 'NONE', #897, #1327, #1356 ) ;
#2837 = DIRECTION ( 'NONE',  ( 1.000000000000000000, 0.000000000000000000, 0.000000000000000000 ) ) ;
#2838 = CIRCLE ( 'NONE', #1287, 76.50000000000000000 ) ;
#2839 = CIRCLE ( 'NONE', #4091, 102.7000000000000171 ) ;
#2840 = ORIENTED_EDGE ( 'NONE', *, *, #5197, .T. ) ;
#2841 = LINE ( 'NONE', #2377, #5232 ) ;
#2842 = CARTESIAN_POINT ( 'NONE',  ( -12.88488006795827445, -63.19991982300557254, 1.398311155798734218 ) ) ;
#2843 = ORIENTED_EDGE ( 'NONE', *, *, #4125, .F. ) ;
#2844 = CARTESIAN_POINT ( 'NONE',  ( -48.44099324318140276, 42.87490273180824119, 1.956245244850343568 ) ) ;
#2845 = CARTESIAN_POINT ( 'NONE',  ( -10.90779057584800071, 4.442934852371624999, -11.58000000000000007 ) ) ;
#2846 = CARTESIAN_POINT ( 'NONE',  ( 73.12806256730144128, 24.12141367539107151, -2.826194432022888670 ) ) ;
#2847 = CARTESIAN_POINT ( 'NONE',  ( 62.56569130554002811, 21.01271689858008074, -2.700000000000001066 ) ) ;
#2848 = VERTEX_POINT ( 'NONE', #4089 ) ;
#2849 = AXIS2_PLACEMENT_3D ( 'NONE', #1980, #2432, #5314 ) ;
#2850 = ORIENTED_EDGE ( 'NONE', *, *, #4067, .T. ) ;
#2851 = DIRECTION ( 'NONE',  ( -0.000000000000000000, -0.000000000000000000, 1.000000000000000000 ) ) ;
#2852 = VERTEX_POINT ( 'NONE', #361 ) ;
#2853 = DIRECTION ( 'NONE',  ( 4.432325419681442010E-16, 0.9973317958504924752, -0.07300197932680792257 ) ) ;
#2854 = LINE ( 'NONE', #4788, #4210 ) ;
#2855 = AXIS2_PLACEMENT_3D ( 'NONE', #1885, #39, #3816 ) ;
#2856 = CARTESIAN_POINT ( 'NONE',  ( 13.02080039972099179, -64.21035308978534317, -2.623587057957731172 ) ) ;
#2857 = ORIENTED_EDGE ( 'NONE', *, *, #5369, .T. ) ;
#2858 = VECTOR ( 'NONE', #5329, 1000.000000000000000 ) ;
#2859 = EDGE_CURVE ( 'NONE', #597, #4562, #5462, .T. ) ;
#2860 = ADVANCED_FACE ( 'NONE', ( #1819 ), #4518, .F. ) ;
#2861 = CARTESIAN_POINT ( 'NONE',  ( 18.79300049814440143, -45.67265094085200161, 2.700000000000001066 ) ) ;
#2862 = CARTESIAN_POINT ( 'NONE',  ( -74.27406605579241727, 22.23024308884458833, -3.748451753904306738 ) ) ;
#2863 = CARTESIAN_POINT ( 'NONE',  ( -102.7000000000000171, 1.257712262724331991E-14, 15.00000000000000355 ) ) ;
#2864 = VECTOR ( 'NONE', #1319, 1000.000000000000000 ) ;
#2865 =( BOUNDED_CURVE ( )  B_SPLINE_CURVE ( 3, ( #2652, #1262, #4997, #3680 ),
 .UNSPECIFIED., .F., .F. ) 
 B_SPLINE_CURVE_WITH_KNOTS ( ( 4, 4 ),
 ( 0.8508348482827191583, 0.9379332943783544874 ),
 .UNSPECIFIED. ) 
 CURVE ( )  GEOMETRIC_REPRESENTATION_ITEM ( )  RATIONAL_B_SPLINE_CURVE ( ( 1.000000000000000000, 0.9993679216300043189, 0.9993679216300043189, 1.000000000000000000 ) ) 
 REPRESENTATION_ITEM ( '' )  );
#2866 = ORIENTED_EDGE ( 'NONE', *, *, #609, .F. ) ;
#2867 = EDGE_CURVE ( 'NONE', #2471, #617, #5844, .T. ) ;
#2868 = VERTEX_POINT ( 'NONE', #3635 ) ;
#2869 = LINE ( 'NONE', #4661, #277 ) ;
#2870 = CARTESIAN_POINT ( 'NONE',  ( -73.60481692013433985, 24.26068684422401489, 3.700000000000001954 ) ) ;
#2871 = ORIENTED_EDGE ( 'NONE', *, *, #5827, .F. ) ;
#2872 = CARTESIAN_POINT ( 'NONE',  ( -42.22683373955619857, -25.13515770747824973, 11.58000000000000007 ) ) ;
#2873 = CARTESIAN_POINT ( 'NONE',  ( 97.70000000000000284, 0.000000000000000000, 20.00000000000000000 ) ) ;
#2874 = LINE ( 'NONE', #3754, #701 ) ;
#2875 = CARTESIAN_POINT ( 'NONE',  ( 75.35793919139113939, 18.09505459584466536, -3.816639643088857614 ) ) ;
#2876 = VERTEX_POINT ( 'NONE', #4583 ) ;
#2877 = EDGE_LOOP ( 'NONE', ( #1788, #4776, #4976, #119 ) ) ;
#2878 = CARTESIAN_POINT ( 'NONE',  ( 0.000000000000000000, 0.000000000000000000, -2.700000000000000178 ) ) ;
#2879 = VERTEX_POINT ( 'NONE', #3160 ) ;
#2880 = LINE ( 'NONE', #3897, #3657 ) ;
#2881 = DIRECTION ( 'NONE',  ( 0.8599849567173972753, -0.4965125462598181105, 0.1179032044787942241 ) ) ;
#2882 = CARTESIAN_POINT ( 'NONE',  ( -49.64707533962490515, 43.80576700167500093, -2.700000000000001066 ) ) ;
#2883 = AXIS2_PLACEMENT_3D ( 'NONE', #5917, #4529, #373 ) ;
#2884 = AXIS2_PLACEMENT_3D ( 'NONE', #290, #200, #1603 ) ;
#2885 = LINE ( 'NONE', #2861, #4593 ) ;
#2886 = CARTESIAN_POINT ( 'NONE',  ( 0.000000000000000000, 0.000000000000000000, -2.700000000000000178 ) ) ;
#2887 = LINE ( 'NONE', #2368, #2739 ) ;
#2888 = TOROIDAL_SURFACE ( 'NONE', #1918, 76.50000000000000000, 1.000000000000000000 ) ;
#2889 = VECTOR ( 'NONE', #1337, 1000.000000000000000 ) ;
#2890 = DIRECTION ( 'NONE',  ( -0.9112455539134910465, -0.4070349360347395584, -0.06288164533542679735 ) ) ;
#2891 = ORIENTED_EDGE ( 'NONE', *, *, #5402, .F. ) ;
#2892 = EDGE_CURVE ( 'NONE', #2332, #678, #1006, .T. ) ;
#2893 = PLANE ( 'NONE',  #4484 ) ;
#2894 = TOROIDAL_SURFACE ( 'NONE', #3962, 97.70000000000000284, 5.000000000000000000 ) ;
#2895 = ORIENTED_EDGE ( 'NONE', *, *, #3726, .T. ) ;
#2896 = CARTESIAN_POINT ( 'NONE',  ( 52.92591846072329531, 55.92594943675459973, 2.823892647829977065 ) ) ;
#2897 = ADVANCED_FACE ( 'NONE', ( #3186 ), #1407, .F. ) ;
#2898 = EDGE_LOOP ( 'NONE', ( #89, #4020, #3299, #2980, #5800, #3902, #493, #4041, #3950, #5977 ) ) ;
#2899 = DIRECTION ( 'NONE',  ( 0.2804078471310350595, -0.9598809505700892641, 0.000000000000000000 ) ) ;
#2900 = LINE ( 'NONE', #1985, #1620 ) ;
#2901 = CARTESIAN_POINT ( 'NONE',  ( 73.60481692013438249, 24.26068684422397226, -3.435809613773159743 ) ) ;
#2902 = ADVANCED_FACE ( 'NONE', ( #5525 ), #457, .F. ) ;
#2903 = ORIENTED_EDGE ( 'NONE', *, *, #3519, .T. ) ;
#2904 = EDGE_CURVE ( 'NONE', #1714, #3143, #2204, .T. ) ;
#2905 = ORIENTED_EDGE ( 'NONE', *, *, #3845, .F. ) ;
#2906 = DIRECTION ( 'NONE',  ( 0.000000000000000000, 0.000000000000000000, 1.000000000000000000 ) ) ;
#2907 = ADVANCED_BREP_SHAPE_REPRESENTATION ( 'Walker_Double_3_Star_Spoke_Onshape', ( #1756, #3767, #790 ), #2431 ) ;
#2908 = CIRCLE ( 'NONE', #281, 76.50000000000000000 ) ;
#2909 = CARTESIAN_POINT ( 'NONE',  ( -20.85934850864511958, -61.03390516585745473, 1.199999999999999289 ) ) ;
#2910 = ORIENTED_EDGE ( 'NONE', *, *, #3663, .F. ) ;
#2911 = CARTESIAN_POINT ( 'NONE',  ( 5.506302618736159893, -8.347492525956489828, -22.50000000000000000 ) ) ;
#2912 = FACE_OUTER_BOUND ( 'NONE', #5037, .T. ) ;
#2913 = AXIS2_PLACEMENT_3D ( 'NONE', #787, #2635, #4980 ) ;
#2914 = CARTESIAN_POINT ( 'NONE',  ( 12.89021153342465986, -63.23955399692243873, -1.595345417121419862 ) ) ;
#2915 = EDGE_LOOP ( 'NONE', ( #4930, #2106, #4312, #2654 ) ) ;
#2916 = CARTESIAN_POINT ( 'NONE',  ( 42.72992154953870170, 48.81529191200591100, 2.197086435881096644 ) ) ;
#2917 = CARTESIAN_POINT ( 'NONE',  ( 63.57963242463748799, 12.57264523944188639, 2.119518888567658355 ) ) ;
#2918 = FACE_OUTER_BOUND ( 'NONE', #2345, .T. ) ;
#2919 = VERTEX_POINT ( 'NONE', #490 ) ;
#2920 = LINE ( 'NONE', #1044, #3713 ) ;
#2921 = ORIENTED_EDGE ( 'NONE', *, *, #862, .T. ) ;
#2922 = CARTESIAN_POINT ( 'NONE',  ( 21.06311949677307283, -62.54874097105918196, 2.700000000000001066 ) ) ;
#2923 = ORIENTED_EDGE ( 'NONE', *, *, #5242, .T. ) ;
#2924 = EDGE_CURVE ( 'NONE', #2852, #401, #1373, .T. ) ;
#2925 = CARTESIAN_POINT ( 'NONE',  ( 12.88618076445770555, -63.20958921533238595, 1.396641109845310202 ) ) ;
#2926 = CARTESIAN_POINT ( 'NONE',  ( 0.000000000000000000, 0.000000000000000000, 3.700000000000001954 ) ) ;
#2927 = VECTOR ( 'NONE', #2086, 1000.000000000000000 ) ;
#2928 = AXIS2_PLACEMENT_3D ( 'NONE', #3141, #5508, #4959 ) ;
#2929 = EDGE_CURVE ( 'NONE', #176, #4181, #916, .T. ) ;
#2930 = VERTEX_POINT ( 'NONE', #2764 ) ;
#2931 = VERTEX_POINT ( 'NONE', #2296 ) ;
#2932 = DIRECTION ( 'NONE',  ( 1.000000000000000000, 0.000000000000000000, 0.000000000000000000 ) ) ;
#2933 = DIRECTION ( 'NONE',  ( -0.9598809505700891531, 0.2804078471310355591, 0.000000000000000000 ) ) ;
#2934 = ORIENTED_EDGE ( 'NONE', *, *, #1865, .F. ) ;
#2935 = LINE ( 'NONE', #2911, #3461 ) ;
#2936 = AXIS2_PLACEMENT_3D ( 'NONE', #2519, #1616, #1532 ) ;
#2937 = PLANE ( 'NONE',  #326 ) ;
#2938 = EDGE_CURVE ( 'NONE', #390, #4663, #7, .T. ) ;
#2939 = DIRECTION ( 'NONE',  ( 0.6109919333986548740, 0.7916368216055729157, 0.000000000000000000 ) ) ;
#2940 = ORIENTED_EDGE ( 'NONE', *, *, #1937, .F. ) ;
#2941 = EDGE_CURVE ( 'NONE', #65, #5644, #2653, .T. ) ;
#2942 = VECTOR ( 'NONE', #3219, 1000.000000000000000 ) ;
#2943 = CARTESIAN_POINT ( 'NONE',  ( -48.29029604988339486, 42.75859337507043989, -1.200000000000000622 ) ) ;
#2944 = CARTESIAN_POINT ( 'NONE',  ( 42.46001959207499254, 48.60697931926375759, 1.598562257708767698 ) ) ;
#2945 = CARTESIAN_POINT ( 'NONE',  ( 64.70035840405634531, 13.03317391837677519, 2.700000000000001066 ) ) ;
#2946 = CARTESIAN_POINT ( 'NONE',  ( -73.23455686045959112, 24.15252361194990272, 2.900370989810159728 ) ) ;
#2947 = VECTOR ( 'NONE', #5275, 1000.000000000000000 ) ;
#2948 = CARTESIAN_POINT ( 'NONE',  ( -49.40485252140369710, 53.52988100184240494, 4.387264919198459623 ) ) ;
#2949 = EDGE_CURVE ( 'NONE', #5963, #1714, #1279, .T. ) ;
#2950 = EDGE_CURVE ( 'NONE', #4576, #1027, #2671, .T. ) ;
#2951 = ADVANCED_FACE ( 'NONE', ( #2912 ), #535, .F. ) ;
#2952 = ORIENTED_EDGE ( 'NONE', *, *, #1693, .F. ) ;
#2953 = CARTESIAN_POINT ( 'NONE',  ( 64.70035840405634531, 13.03317391837677519, -2.700000000000001066 ) ) ;
#2954 = DIRECTION ( 'NONE',  ( 1.000000000000000000, 0.000000000000000000, 0.000000000000000000 ) ) ;
#2955 = VERTEX_POINT ( 'NONE', #1032 ) ;
#2956 = EDGE_CURVE ( 'NONE', #4908, #2290, #3764, .T. ) ;
#2957 = AXIS2_PLACEMENT_3D ( 'NONE', #1639, #826, #5791 ) ;
#2958 = CARTESIAN_POINT ( 'NONE',  ( -63.99343524036179076, 12.74268507751535751, -2.513328204073531413 ) ) ;
#2959 = CARTESIAN_POINT ( 'NONE',  ( 1.606200838410914988, -11.66789116403066018, 11.58000000000000007 ) ) ;
#2960 = ORIENTED_EDGE ( 'NONE', *, *, #972, .F. ) ;
#2961 = CYLINDRICAL_SURFACE ( 'NONE', #4734, 77.50000000000000000 ) ;
#2962 = DIRECTION ( 'NONE',  ( 0.000000000000000000, 0.000000000000000000, 1.000000000000000000 ) ) ;
#2963 = CARTESIAN_POINT ( 'NONE',  ( 65.84531535217739417, 13.50365958609456030, 11.58000000000000007 ) ) ;
#2964 = CARTESIAN_POINT ( 'NONE',  ( 77.50000000000000000, 0.000000000000000000, -4.000000000000000000 ) ) ;
#2965 = ORIENTED_EDGE ( 'NONE', *, *, #2496, .F. ) ;
#2966 = ADVANCED_FACE ( 'NONE', ( #3339 ), #3281, .T. ) ;
#2967 = DIRECTION ( 'NONE',  ( 0.000000000000000000, 0.000000000000000000, -1.000000000000000000 ) ) ;
#2968 = DIRECTION ( 'NONE',  ( -0.5000000000000002220, -0.8660254037844384856, 0.000000000000000000 ) ) ;
#2969 = FACE_BOUND ( 'NONE', #5174, .T. ) ;
#2970 = APPLICATION_PROTOCOL_DEFINITION ( 'draft international standard', 'automotive_design', 1998, #4702 ) ;
#2971 = ORIENTED_EDGE ( 'NONE', *, *, #3891, .F. ) ;
#2972 = VECTOR ( 'NONE', #5361, 1000.000000000000000 ) ;
#2973 = EDGE_CURVE ( 'NONE', #2067, #1028, #3618, .T. ) ;
#2974 = CARTESIAN_POINT ( 'NONE',  ( -11.10525951692319957, -39.72858842060290385, 11.58000000000000007 ) ) ;
#2975 = AXIS2_PLACEMENT_3D ( 'NONE', #2974, #1101, #3940 ) ;
#2976 = AXIS2_PLACEMENT_3D ( 'NONE', #4044, #3596, #4110 ) ;
#2977 = CARTESIAN_POINT ( 'NONE',  ( 54.45444904472720538, 48.40227423474959778, 11.58000000000000007 ) ) ;
#2978 = CARTESIAN_POINT ( 'NONE',  ( -21.03646380775631641, -62.35058228072804098, -2.699999999999999734 ) ) ;
#2979 = ORIENTED_EDGE ( 'NONE', *, *, #1291, .F. ) ;
#2980 = ORIENTED_EDGE ( 'NONE', *, *, #4195, .T. ) ;
#2981 = AXIS2_PLACEMENT_3D ( 'NONE', #505, #52, #3744 ) ;
#2982 = FACE_OUTER_BOUND ( 'NONE', #5520, .T. ) ;
#2983 = CARTESIAN_POINT ( 'NONE',  ( -13.11336938590016032, -64.89851196855261151, 5.076071568124019606 ) ) ;
#2984 = ORIENTED_EDGE ( 'NONE', *, *, #4269, .T. ) ;
#2985 = ORIENTED_EDGE ( 'NONE', *, *, #4195, .F. ) ;
#2986 = DIRECTION ( 'NONE',  ( 0.000000000000000000, 0.9930250925196359990, 0.1179032044787941963 ) ) ;
#2987 = CARTESIAN_POINT ( 'NONE',  ( -22.00819263282770422, -74.30941701451001791, 3.700000000000001954 ) ) ;
#2988 = ORIENTED_EDGE ( 'NONE', *, *, #5684, .F. ) ;
#2989 = CARTESIAN_POINT ( 'NONE',  ( -5.875696652163679978, -11.09357190263673942, -11.58000000000000007 ) ) ;
#2990 = CARTESIAN_POINT ( 'NONE',  ( -75.35793919139111097, 18.09505459584468667, 3.816639643088854950 ) ) ;
#2991 = CARTESIAN_POINT ( 'NONE',  ( 0.000000000000000000, 0.000000000000000000, -11.58000000000000007 ) ) ;
#2992 = CARTESIAN_POINT ( 'NONE',  ( 0.000000000000000000, 0.000000000000000000, 1.200000000000000178 ) ) ;
#2993 = CARTESIAN_POINT ( 'NONE',  ( 48.44752254772869549, 42.87994210377804905, 1.951545083318398044 ) ) ;
#2994 = VERTEX_POINT ( 'NONE', #3362 ) ;
#2995 = VECTOR ( 'NONE', #1303, 999.9999999999998863 ) ;
#2996 = DIRECTION ( 'NONE',  ( 0.000000000000000000, 0.000000000000000000, 1.000000000000000000 ) ) ;
#2997 = FACE_OUTER_BOUND ( 'NONE', #2763, .T. ) ;
#2998 = DIRECTION ( 'NONE',  ( 0.1333161250278182552, 0.9910735647809233440, -0.000000000000000000 ) ) ;
#2999 = CARTESIAN_POINT ( 'NONE',  ( 57.08957099096649301, 50.92181147668843266, -2.700000000000001066 ) ) ;
#3000 = VERTEX_POINT ( 'NONE', #1062 ) ;
#3001 = ADVANCED_FACE ( 'NONE', ( #3814 ), #2937, .F. ) ;
#3002 = EDGE_CURVE ( 'NONE', #2016, #4019, #385, .T. ) ;
#3003 = CARTESIAN_POINT ( 'NONE',  ( -42.46649088612327461, 48.61197391824429559, 1.591486748875358348 ) ) ;
#3004 = ADVANCED_FACE ( 'NONE', ( #1966 ), #1466, .F. ) ;
#3005 = CARTESIAN_POINT ( 'NONE',  ( -19.75624584745518675, -10.50907896070933489, 11.28032816047816489 ) ) ;
#3006 = EDGE_CURVE ( 'NONE', #3105, #5747, #3733, .T. ) ;
#3007 = CARTESIAN_POINT ( 'NONE',  ( -9.576572811383780248, -38.60592666966630304, -8.254313061627300385 ) ) ;
#3008 = AXIS2_PLACEMENT_3D ( 'NONE', #5483, #26, #1807 ) ;
#3009 = VERTEX_POINT ( 'NONE', #578 ) ;
#3010 = ORIENTED_EDGE ( 'NONE', *, *, #5722, .T. ) ;
#3011 =( BOUNDED_CURVE ( )  B_SPLINE_CURVE ( 3, ( #5955, #2282, #4601, #4140 ),
 .UNSPECIFIED., .F., .F. ) 
 B_SPLINE_CURVE_WITH_KNOTS ( ( 4, 4 ),
 ( 0.9379332943783544874, 1.570796326794897890 ),
 .UNSPECIFIED. ) 
 CURVE ( )  GEOMETRIC_REPRESENTATION_ITEM ( )  RATIONAL_B_SPLINE_CURVE ( ( 1.000000000000000000, 0.9669012650407978748, 0.9669012650407978748, 1.000000000000000000 ) ) 
 REPRESENTATION_ITEM ( '' )  );
#3012 = EDGE_CURVE ( 'NONE', #850, #5511, #2854, .T. ) ;
#3013 = CARTESIAN_POINT ( 'NONE',  ( 42.88110197258254885, -24.00193188609835104, 11.58000000000000007 ) ) ;
#3014 = ORIENTED_EDGE ( 'NONE', *, *, #117, .T. ) ;
#3015 = ORIENTED_EDGE ( 'NONE', *, *, #4926, .T. ) ;
#3016 = CARTESIAN_POINT ( 'NONE',  ( -20.86595889824447525, -61.08304687608524830, 1.591486748875359014 ) ) ;
#3017 = ORIENTED_EDGE ( 'NONE', *, *, #1102, .T. ) ;
#3018 = CARTESIAN_POINT ( 'NONE',  ( 42.67804638244493987, 48.77525422329190974, -2.119518888567654358 ) ) ;
#3019 = LINE ( 'NONE', #5897, #1624 ) ;
#3020 = CIRCLE ( 'NONE', #47, 64.50000000000000000 ) ;
#3021 = CARTESIAN_POINT ( 'NONE',  ( 13.11336938590013901, -64.89851196855261151, 11.58000000000000007 ) ) ;
#3022 = TOROIDAL_SURFACE ( 'NONE', #2640, 76.50000000000000000, 1.000000000000000000 ) ;
#3023 = CARTESIAN_POINT ( 'NONE',  ( 0.000000000000000000, 0.000000000000000000, 20.00000000000000000 ) ) ;
#3024 = AXIS2_PLACEMENT_3D ( 'NONE', #5928, #5450, #2252 ) ;
#3025 = CARTESIAN_POINT ( 'NONE',  ( 43.63723890728325472, 49.51556705268237124, 2.700000000000001066 ) ) ;
#3026 = ORIENTED_EDGE ( 'NONE', *, *, #4774, .T. ) ;
#3027 = VECTOR ( 'NONE', #2584, 1000.000000000000000 ) ;
#3028 = VERTEX_POINT ( 'NONE', #4704 ) ;
#3029 = VECTOR ( 'NONE', #1280, 1000.000000000000000 ) ;
#3030 = CARTESIAN_POINT ( 'NONE',  ( -62.56569130554001390, 21.01271689858011982, -2.700000000000001066 ) ) ;
#3031 = CARTESIAN_POINT ( 'NONE',  ( -26.35572538717334723, -19.09985961930010134, 10.30230857362398034 ) ) ;
#3032 = CARTESIAN_POINT ( 'NONE',  ( 71.83530578497160946, 16.39480851055945010, 11.58000000000000007 ) ) ;
#3033 = FACE_OUTER_BOUND ( 'NONE', #1984, .T. ) ;
#3034 = ORIENTED_EDGE ( 'NONE', *, *, #1255, .F. ) ;
#3035 = ADVANCED_FACE ( 'NONE', ( #2420 ), #3790, .T. ) ;
#3036 = CARTESIAN_POINT ( 'NONE',  ( 15.55479685005096080, -74.90192450767632693, 2.700000000000001066 ) ) ;
#3037 = AXIS2_PLACEMENT_3D ( 'NONE', #1492, #606, #1968 ) ;
#3038 = LINE ( 'NONE', #3100, #1667 ) ;
#3039 = ORIENTED_EDGE ( 'NONE', *, *, #5722, .F. ) ;
#3040 = VERTEX_POINT ( 'NONE', #68 ) ;
#3041 = CARTESIAN_POINT ( 'NONE',  ( -92.50000000000000000, 1.132798289211301698E-14, -16.00000000000000000 ) ) ;
#3042 = FACE_OUTER_BOUND ( 'NONE', #1920, .T. ) ;
#3043 = EDGE_CURVE ( 'NONE', #4019, #4325, #1888, .T. ) ;
#3044 = ORIENTED_EDGE ( 'NONE', *, *, #1291, .T. ) ;
#3045 = ORIENTED_EDGE ( 'NONE', *, *, #3002, .F. ) ;
#3046 = CARTESIAN_POINT ( 'NONE',  ( 0.000000000000000000, 0.000000000000000000, -2.700000000000000178 ) ) ;
#3047 = DIRECTION ( 'NONE',  ( 1.000000000000000000, 0.000000000000000000, 0.000000000000000000 ) ) ;
#3048 = VERTEX_POINT ( 'NONE', #2392 ) ;
#3049 = LINE ( 'NONE', #2098, #699 ) ;
#3050 = LINE ( 'NONE', #4872, #1822 ) ;
#3051 = CARTESIAN_POINT ( 'NONE',  ( 5.506302618736159005, -8.347492525956482723, -11.58000000000000007 ) ) ;
#3052 = EDGE_CURVE ( 'NONE', #2668, #679, #5646, .T. ) ;
#3053 = CARTESIAN_POINT ( 'NONE',  ( -77.50000000000000000, 9.491012693391988181E-15, -16.00000000000000000 ) ) ;
#3054 = ORIENTED_EDGE ( 'NONE', *, *, #5402, .T. ) ;
#3055 = ORIENTED_EDGE ( 'NONE', *, *, #2163, .F. ) ;
#3056 = VECTOR ( 'NONE', #5738, 1000.000000000000000 ) ;
#3057 = FACE_OUTER_BOUND ( 'NONE', #2648, .T. ) ;
#3058 = CARTESIAN_POINT ( 'NONE',  ( 52.61390591173490350, 55.71362639798978478, -2.699999999999999289 ) ) ;
#3059 = CARTESIAN_POINT ( 'NONE',  ( 42.22683373955619857, -25.13515770747829947, 11.58000000000000007 ) ) ;
#3060 = VERTEX_POINT ( 'NONE', #262 ) ;
#3061 = CARTESIAN_POINT ( 'NONE',  ( 1.319610682216447950, 12.70314052502886071, -12.18631237172819937 ) ) ;
#3062 = EDGE_CURVE ( 'NONE', #2430, #1753, #2506, .T. ) ;
#3063 = DIRECTION ( 'NONE',  ( 1.000000000000000000, 0.000000000000000000, -0.000000000000000000 ) ) ;
#3064 = DIRECTION ( 'NONE',  ( 0.000000000000000000, 0.000000000000000000, 1.000000000000000000 ) ) ;
#3065 = LINE ( 'NONE', #4561, #2794 ) ;
#3066 = ORIENTED_EDGE ( 'NONE', *, *, #2485, .F. ) ;
#3067 = AXIS2_PLACEMENT_3D ( 'NONE', #2659, #27, #935 ) ;
#3068 = CARTESIAN_POINT ( 'NONE',  ( 57.73414079471299232, 51.53810842942955617, 3.176862691940929739 ) ) ;
#3069 = CARTESIAN_POINT ( 'NONE',  ( 74.55632246054105394, 17.70814356898525688, -2.700000000000000178 ) ) ;
#3070 = ADVANCED_FACE ( 'NONE', ( #4846 ), #5759, .T. ) ;
#3071 = VECTOR ( 'NONE', #2712, 1000.000000000000000 ) ;
#3072 = CARTESIAN_POINT ( 'NONE',  ( -63.47595101395331341, 12.53004047791294795, -1.956216145883737934 ) ) ;
#3073 = FACE_OUTER_BOUND ( 'NONE', #2799, .T. ) ;
#3074 = ORIENTED_EDGE ( 'NONE', *, *, #5990, .F. ) ;
#3075 = CARTESIAN_POINT ( 'NONE',  ( 0.000000000000000000, 0.000000000000000000, -11.58000000000000007 ) ) ;
#3076 = CARTESIAN_POINT ( 'NONE',  ( -13.83122605146200002, -10.02341889911700079, -11.58000000000000007 ) ) ;
#3077 = ADVANCED_FACE ( 'NONE', ( #4939 ), #1592, .T. ) ;
#3078 = LINE ( 'NONE', #4937, #1914 ) ;
#3079 = FILL_AREA_STYLE ('',( #1632 ) ) ;
#3080 = DIRECTION ( 'NONE',  ( 0.000000000000000000, 0.000000000000000000, -1.000000000000000000 ) ) ;
#3081 = CARTESIAN_POINT ( 'NONE',  ( -13.03259228256434810, -64.29801407875126529, -2.660291023826609980 ) ) ;
#3082 = UNCERTAINTY_MEASURE_WITH_UNIT (LENGTH_MEASURE( 1.000000000000000082E-05 ), #1017, 'distance_accuracy_value', 'NONE');
#3083 = EDGE_LOOP ( 'NONE', ( #4870, #2585, #104, #1800, #1426, #3247, #5805, #1978 ) ) ;
#3084 = VECTOR ( 'NONE', #14, 1000.000000000000000 ) ;
#3085 = VERTEX_POINT ( 'NONE', #202 ) ;
#3086 = ORIENTED_EDGE ( 'NONE', *, *, #2289, .T. ) ;
#3087 = EDGE_CURVE ( 'NONE', #2220, #538, #2564, .T. ) ;
#3088 = CIRCLE ( 'NONE', #4647, 89.50000000000000000 ) ;
#3089 = ORIENTED_EDGE ( 'NONE', *, *, #3382, .F. ) ;
#3090 = CARTESIAN_POINT ( 'NONE',  ( 0.000000000000000000, 0.000000000000000000, -3.700000000000000178 ) ) ;
#3091 = CARTESIAN_POINT ( 'NONE',  ( 53.25537958910057057, 56.15014614986353791, -3.171953955625718802 ) ) ;
#3092 = DIRECTION ( 'NONE',  ( 1.224646799147353207E-16, 1.000000000000000000, -0.000000000000000000 ) ) ;
#3093 = AXIS2_PLACEMENT_3D ( 'NONE', #134, #3376, #5236 ) ;
#3094 = CARTESIAN_POINT ( 'NONE',  ( 63.84430767172466403, 12.68140558240370730, -2.397610250402979482 ) ) ;
#3095 = ORIENTED_EDGE ( 'NONE', *, *, #4718, .F. ) ;
#3096 = AXIS2_PLACEMENT_3D ( 'NONE', #236, #2939, #5304 ) ;
#3097 = LINE ( 'NONE', #3968, #2554 ) ;
#3098 = VECTOR ( 'NONE', #5062, 1000.000000000000000 ) ;
#3099 = CARTESIAN_POINT ( 'NONE',  ( -63.99760845690316557, 12.74439993550563344, 2.505111542034142325 ) ) ;
#3100 = CARTESIAN_POINT ( 'NONE',  ( -1.606200838410914988, -11.66789116403066018, 11.58000000000000007 ) ) ;
#3101 = EDGE_LOOP ( 'NONE', ( #5261, #3118, #3074, #3590 ) ) ;
#3102 = EDGE_LOOP ( 'NONE', ( #2766, #4889, #1347 ) ) ;
#3103 = CARTESIAN_POINT ( 'NONE',  ( 0.7769935733767482366, 22.36395026766172123, 11.28032816047816844 ) ) ;
#3104 = CARTESIAN_POINT ( 'NONE',  ( -18.25785546790195113, -13.23137463543736025, -11.12841576485195993 ) ) ;
#3105 = VERTEX_POINT ( 'NONE', #3448 ) ;
#3106 = FACE_OUTER_BOUND ( 'NONE', #1981, .T. ) ;
#3107 = EDGE_CURVE ( 'NONE', #4945, #2450, #2366, .T. ) ;
#3108 = CARTESIAN_POINT ( 'NONE',  ( 4.475989276010975182, 8.942344211728530112, -22.50000000000000000 ) ) ;
#3109 = VERTEX_POINT ( 'NONE', #5303 ) ;
#3110 = CARTESIAN_POINT ( 'NONE',  ( 89.50000000000000000, 0.000000000000000000, 4.000000000000000000 ) ) ;
#3111 = CARTESIAN_POINT ( 'NONE',  ( 74.27406605579241727, 22.23024308884457056, 3.748451753904313843 ) ) ;
#3112 = CARTESIAN_POINT ( 'NONE',  ( 0.000000000000000000, 0.000000000000000000, -1.200000000000000178 ) ) ;
#3113 = CARTESIAN_POINT ( 'NONE',  ( -15.79203733971028178, -75.87398471585103721, 3.700000000000001954 ) ) ;
#3114 = EDGE_CURVE ( 'NONE', #2868, #591, #2534, .T. ) ;
#3115 = CARTESIAN_POINT ( 'NONE',  ( 50.11597355281160304, 54.01379544312889891, 11.58000000000000007 ) ) ;
#3116 = CARTESIAN_POINT ( 'NONE',  ( 0.000000000000000000, 0.000000000000000000, 3.700000000000001954 ) ) ;
#3117 = ORIENTED_EDGE ( 'NONE', *, *, #2002, .T. ) ;
#3118 = ORIENTED_EDGE ( 'NONE', *, *, #1522, .T. ) ;
#3119 = ORIENTED_EDGE ( 'NONE', *, *, #4580, .F. ) ;
#3120 = VECTOR ( 'NONE', #681, 1000.000000000000000 ) ;
#3121 = ORIENTED_EDGE ( 'NONE', *, *, #4511, .F. ) ;
#3122 = B_SPLINE_CURVE_WITH_KNOTS ( 'NONE', 3,
 ( #5608, #1024, #1873, #3833, #2411, #5690, #543, #569 ),
 .UNSPECIFIED., .F., .F.,
 ( 4, 2, 2, 4 ),
 ( 0.000000000000000000, 0.0003906557361646313220, 0.0007813114723292626440, 0.001562622944658522469 ),
 .UNSPECIFIED. ) ;
#3123 = VECTOR ( 'NONE', #5482, 1000.000000000000000 ) ;
#3124 = DIRECTION ( 'NONE',  ( 1.000000000000000000, 0.000000000000000000, 0.000000000000000000 ) ) ;
#3125 = CARTESIAN_POINT ( 'NONE',  ( -10.29381714761439959, -4.598039668054499707, -11.58000000000000007 ) ) ;
#3126 = CARTESIAN_POINT ( 'NONE',  ( 10.29381714761439959, -4.598039668054499707, -11.58000000000000007 ) ) ;
#3127 = EDGE_CURVE ( 'NONE', #3375, #538, #3956, .T. ) ;
#3128 = CARTESIAN_POINT ( 'NONE',  ( 1.164889413663440010, 11.21372698577319937, -11.58000000000000007 ) ) ;
#3130 = VERTEX_POINT ( 'NONE', #5730 ) ;
#3129 = AXIS2_PLACEMENT_3D ( 'NONE', #4401, #164, #5380 ) ;
#3131 = ADVANCED_FACE ( 'NONE', ( #234 ), #4697, .T. ) ;
#3132 = DIRECTION ( 'NONE',  ( 0.000000000000000000, 0.000000000000000000, -1.000000000000000000 ) ) ;
#3133 = LINE ( 'NONE', #2210, #4831 ) ;
#3134 = AXIS2_PLACEMENT_3D ( 'NONE', #1736, #1764, #3063 ) ;
#3135 = CARTESIAN_POINT ( 'NONE',  ( 20.58763429522879917, -9.196079336109010072, -11.57032204158815958 ) ) ;
#3136 = EDGE_CURVE ( 'NONE', #5575, #5129, #291, .T. ) ;
#3137 = CARTESIAN_POINT ( 'NONE',  ( 94.50000000000000000, 0.000000000000000000, -20.00000000000000355 ) ) ;
#3138 = ORIENTED_EDGE ( 'NONE', *, *, #3876, .T. ) ;
#3139 = CIRCLE ( 'NONE', #4988, 92.50000000000000000 ) ;
#3140 = DIRECTION ( 'NONE',  ( 0.9130524929214650642, -0.4078420590987375527, 0.000000000000000000 ) ) ;
#3141 = CARTESIAN_POINT ( 'NONE',  ( -71.83530578497160946, 16.39480851055949984, 11.58000000000000007 ) ) ;
#3142 = VECTOR ( 'NONE', #4184, 1000.000000000000000 ) ;
#3143 = VERTEX_POINT ( 'NONE', #175 ) ;
#3144 = CARTESIAN_POINT ( 'NONE',  ( 0.000000000000000000, 0.000000000000000000, -2.700000000000000178 ) ) ;
#3145 = CARTESIAN_POINT ( 'NONE',  ( 50.11597355281160304, 54.01379544312889891, 2.700000000000001066 ) ) ;
#3146 = ORIENTED_EDGE ( 'NONE', *, *, #5744, .T. ) ;
#3147 = LINE ( 'NONE', #2624, #32 ) ;
#3148 = PLANE ( 'NONE',  #2441 ) ;
#3149 = LINE ( 'NONE', #5004, #359 ) ;
#3150 = CARTESIAN_POINT ( 'NONE',  ( -16.63568387063442700, -16.23280368257134754, -10.79796036138131576 ) ) ;
#3151 = CARTESIAN_POINT ( 'NONE',  ( -4.475989276010964524, 8.942344211728540770, -22.50000000000000000 ) ) ;
#3152 = EDGE_CURVE ( 'NONE', #135, #2214, #1504, .T. ) ;
#3153 = VECTOR ( 'NONE', #3132, 1000.000000000000000 ) ;
#3154 = CARTESIAN_POINT ( 'NONE',  ( 1.606200838410910103, -11.66789116403066018, -11.58000000000000007 ) ) ;
#3155 = ORIENTED_EDGE ( 'NONE', *, *, #5734, .F. ) ;
#3156 = EDGE_LOOP ( 'NONE', ( #24, #5478, #5937, #1154, #110, #5543, #2840, #244, #2538, #1662, #4202, #4349 ) ) ;
#3157 = ORIENTED_EDGE ( 'NONE', *, *, #4917, .F. ) ;
#3158 = ORIENTED_EDGE ( 'NONE', *, *, #2447, .T. ) ;
#3159 = FACE_OUTER_BOUND ( 'NONE', #4698, .T. ) ;
#3160 = CARTESIAN_POINT ( 'NONE',  ( 20.85934850864511958, -61.03390516585745473, -1.200000000000000622 ) ) ;
#3161 = CARTESIAN_POINT ( 'NONE',  ( 64.51542009974055247, 12.95717907705509653, -2.700000000000000178 ) ) ;
#3162 = ORIENTED_EDGE ( 'NONE', *, *, #3638, .T. ) ;
#3163 = CARTESIAN_POINT ( 'NONE',  ( -43.47900669398615037, 49.39344210436041749, 2.700000000000000622 ) ) ;
#3164 = DIRECTION ( 'NONE',  ( 1.000000000000000000, 0.000000000000000000, 0.000000000000000000 ) ) ;
#3165 = CARTESIAN_POINT ( 'NONE',  ( -64.70035840405633110, 13.03317391837682848, 2.700000000000001066 ) ) ;
#3166 = CARTESIAN_POINT ( 'NONE',  ( -9.128927733950970236, -6.615687317718689897, 11.58000000000000007 ) ) ;
#3167 = DIRECTION ( 'NONE',  ( 1.000000000000000000, 0.000000000000000000, 0.000000000000000000 ) ) ;
#3168 = ORIENTED_EDGE ( 'NONE', *, *, #1882, .T. ) ;
#3169 = CARTESIAN_POINT ( 'NONE',  ( 57.18504525685596462, 51.01309794215866589, 2.699999999999999289 ) ) ;
#3170 = VECTOR ( 'NONE', #1162, 999.9999999999998863 ) ;
#3171 = VERTEX_POINT ( 'NONE', #4905 ) ;
#3172 = LINE ( 'NONE', #473, #2606 ) ;
#3173 = DIRECTION ( 'NONE',  ( 0.000000000000000000, 0.000000000000000000, 1.000000000000000000 ) ) ;
#3174 = ORIENTED_EDGE ( 'NONE', *, *, #3062, .T. ) ;
#3175 = CARTESIAN_POINT ( 'NONE',  ( -53.34974655856341030, 56.21436241866536676, -16.00000000000000000 ) ) ;
#3176 = PLANE ( 'NONE',  #3985 ) ;
#3177 = DIRECTION ( 'NONE',  ( 1.000000000000000000, 0.000000000000000000, -0.000000000000000000 ) ) ;
#3178 = PLANE ( 'NONE',  #4282 ) ;
#3179 = AXIS2_PLACEMENT_3D ( 'NONE', #3533, #5386, #317 ) ;
#3180 = CARTESIAN_POINT ( 'NONE',  ( -21.06311949677307283, -62.54874097105918196, -2.700000000000001066 ) ) ;
#3181 = LINE ( 'NONE', #878, #888 ) ;
#3182 = EDGE_LOOP ( 'NONE', ( #5618, #3138, #999, #3188 ) ) ;
#3183 = ORIENTED_EDGE ( 'NONE', *, *, #1641, .F. ) ;
#3184 = ORIENTED_EDGE ( 'NONE', *, *, #1420, .T. ) ;
#3185 = ORIENTED_EDGE ( 'NONE', *, *, #905, .F. ) ;
#3186 = FACE_OUTER_BOUND ( 'NONE', #2070, .T. ) ;
#3187 = CARTESIAN_POINT ( 'NONE',  ( 63.28658662012539793, 12.45222686804896561, 1.199999999999999289 ) ) ;
#3188 = ORIENTED_EDGE ( 'NONE', *, *, #2607, .F. ) ;
#3189 = CARTESIAN_POINT ( 'NONE',  ( 0.000000000000000000, 0.000000000000000000, 2.700000000000000178 ) ) ;
#3190 = EDGE_CURVE ( 'NONE', #820, #4945, #4103, .T. ) ;
#3191 = DIRECTION ( 'NONE',  ( 1.000000000000000000, 0.000000000000000000, 0.000000000000000000 ) ) ;
#3192 = CARTESIAN_POINT ( 'NONE',  ( 26.48004118486695191, 25.92525588469614917, 8.582007265856070433 ) ) ;
#3193 = EDGE_CURVE ( 'NONE', #5085, #4316, #3483, .T. ) ;
#3194 = CARTESIAN_POINT ( 'NONE',  ( 19.38420463070664823, -11.19147576156525936, -11.35262636160330096 ) ) ;
#3195 = VECTOR ( 'NONE', #5789, 999.9999999999998863 ) ;
#3196 = CARTESIAN_POINT ( 'NONE',  ( 0.000000000000000000, 0.000000000000000000, -3.700000000000000178 ) ) ;
#3197 = EDGE_LOOP ( 'NONE', ( #4407, #2776, #1022, #162, #2206, #1623, #3405, #218, #4998 ) ) ;
#3198 = ADVANCED_FACE ( 'NONE', ( #750 ), #1069, .T. ) ;
#3199 = DIRECTION ( 'NONE',  ( 0.000000000000000000, 0.000000000000000000, 1.000000000000000000 ) ) ;
#3200 = CARTESIAN_POINT ( 'NONE',  ( 37.04008753396534814, 28.63376137949524747, 7.382251208476880322 ) ) ;
#3201 = EDGE_CURVE ( 'NONE', #3772, #2930, #4060, .T. ) ;
#3202 = PLANE ( 'NONE',  #1735 ) ;
#3203 = CARTESIAN_POINT ( 'NONE',  ( -13.05908254957310355, -64.49494302002443646, 2.690307872283300927 ) ) ;
#3204 = EDGE_CURVE ( 'NONE', #1646, #5384, #1118, .T. ) ;
#3205 = VERTEX_POINT ( 'NONE', #4813 ) ;
#3206 = FACE_OUTER_BOUND ( 'NONE', #5016, .T. ) ;
#3207 = LINE ( 'NONE', #2222, #1948 ) ;
#3208 = DIRECTION ( 'NONE',  ( -0.1031201821228870247, 0.9926792667920752988, 0.06288164533542672796 ) ) ;
#3209 = DIRECTION ( 'NONE',  ( 0.000000000000000000, 0.000000000000000000, -1.000000000000000000 ) ) ;
#3210 = CARTESIAN_POINT ( 'NONE',  ( -15.13219544500569924, -73.17037349649309874, -4.061698908049449663 ) ) ;
#3211 = TOROIDAL_SURFACE ( 'NONE', #2638, 76.50000000000000000, 1.000000000000000000 ) ;
#3212 = CARTESIAN_POINT ( 'NONE',  ( -44.61716992170384799, 50.27188602213590229, 11.58000000000000007 ) ) ;
#3213 = ORIENTED_EDGE ( 'NONE', *, *, #596, .T. ) ;
#3214 = EDGE_LOOP ( 'NONE', ( #5425, #5157, #3357, #1090, #2984, #355 ) ) ;
#3215 = ORIENTED_EDGE ( 'NONE', *, *, #871, .T. ) ;
#3216 = EDGE_CURVE ( 'NONE', #5316, #3411, #660, .T. ) ;
#3217 = VERTEX_POINT ( 'NONE', #353 ) ;
#3218 =( BOUNDED_CURVE ( )  B_SPLINE_CURVE ( 3, ( #3226, #499, #4095, #3316 ),
 .UNSPECIFIED., .F., .T. ) 
 B_SPLINE_CURVE_WITH_KNOTS ( ( 4, 4 ),
 ( 0.9379332943783535992, 1.570796326794895892 ),
 .UNSPECIFIED. ) 
 CURVE ( )  GEOMETRIC_REPRESENTATION_ITEM ( )  RATIONAL_B_SPLINE_CURVE ( ( 1.000000000000000000, 0.9669012650407982079, 0.9669012650407982079, 1.000000000000000000 ) ) 
 REPRESENTATION_ITEM ( '' )  );
#3219 = DIRECTION ( 'NONE',  ( 0.9249529466333910044, -0.3800816313822695247, 0.000000000000000000 ) ) ;
#3220 = EDGE_CURVE ( 'NONE', #5815, #4816, #3242, .T. ) ;
#3221 = CARTESIAN_POINT ( 'NONE',  ( 15.59614842513934896, -6.966483676492719823, -11.58000000000000007 ) ) ;
#3222 = ORIENTED_EDGE ( 'NONE', *, *, #2949, .T. ) ;
#3223 = DIRECTION ( 'NONE',  ( 1.000000000000000000, 0.000000000000000000, 0.000000000000000000 ) ) ;
#3224 = VECTOR ( 'NONE', #4606, 1000.000000000000000 ) ;
#3225 = VECTOR ( 'NONE', #5057, 999.9999999999998863 ) ;
#3226 = CARTESIAN_POINT ( 'NONE',  ( 1.146903615784844084E-14, 22.38295152313055070, -11.35262636160330096 ) ) ;
#3227 = EDGE_CURVE ( 'NONE', #295, #3652, #1810, .T. ) ;
#3228 = CARTESIAN_POINT ( 'NONE',  ( -49.64707533962490515, 43.80576700167500093, 5.076071568124019606 ) ) ;
#3229 = VECTOR ( 'NONE', #1745, 1000.000000000000000 ) ;
#3230 = DIRECTION ( 'NONE',  ( 0.07384912868412257803, -0.9972694250765916646, 0.000000000000000000 ) ) ;
#3231 = VERTEX_POINT ( 'NONE', #3180 ) ;
#3232 = CARTESIAN_POINT ( 'NONE',  ( -61.45500888092293224, 20.55631531682117696, -2.123422862775901532 ) ) ;
#3233 = ORIENTED_EDGE ( 'NONE', *, *, #5794, .T. ) ;
#3234 = CARTESIAN_POINT ( 'NONE',  ( 75.35793919139113939, 18.09505459584462983, 3.432597709076183445 ) ) ;
#3235 = VERTEX_POINT ( 'NONE', #3658 ) ;
#3236 = DIRECTION ( 'NONE',  ( 0.2804078471310350595, -0.9598809505700892641, 0.000000000000000000 ) ) ;
#3237 = CARTESIAN_POINT ( 'NONE',  ( -49.48039228947092028, 43.67711962664282765, 2.700000000000001066 ) ) ;
#3238 = EDGE_CURVE ( 'NONE', #3947, #5814, #4163, .T. ) ;
#3239 = DIRECTION ( 'NONE',  ( 1.000000000000000000, 0.000000000000000000, 0.000000000000000000 ) ) ;
#3240 = CARTESIAN_POINT ( 'NONE',  ( -10.90779057584800071, 4.442934852371620558, 11.58000000000000007 ) ) ;
#3241 = CARTESIAN_POINT ( 'NONE',  ( 18.97925227407844773, -11.85487130695235258, 11.42770624333799567 ) ) ;
#3242 = LINE ( 'NONE', #5901, #2817 ) ;
#3243 = CARTESIAN_POINT ( 'NONE',  ( 89.50000000000000000, 0.000000000000000000, -16.00000000000000000 ) ) ;
#3244 = ORIENTED_EDGE ( 'NONE', *, *, #1088, .F. ) ;
#3245 = AXIS2_PLACEMENT_3D ( 'NONE', #4614, #5910, #2234 ) ;
#3246 = ORIENTED_EDGE ( 'NONE', *, *, #3493, .F. ) ;
#3247 = ORIENTED_EDGE ( 'NONE', *, *, #2567, .T. ) ;
#3248 = ADVANCED_FACE ( 'NONE', ( #5035 ), #1366, .F. ) ;
#3249 = VERTEX_POINT ( 'NONE', #814 ) ;
#3250 = CARTESIAN_POINT ( 'NONE',  ( -36.02415850025544586, 10.10627119803251972, 11.58000000000000007 ) ) ;
#3251 = FACE_OUTER_BOUND ( 'NONE', #1264, .T. ) ;
#3252 = ORIENTED_EDGE ( 'NONE', *, *, #3193, .F. ) ;
#3253 = FACE_OUTER_BOUND ( 'NONE', #3978, .T. ) ;
#3254 =( BOUNDED_CURVE ( )  B_SPLINE_CURVE ( 3, ( #5720, #5771, #1108, #3467 ),
 .UNSPECIFIED., .F., .F. ) 
 B_SPLINE_CURVE_WITH_KNOTS ( ( 4, 4 ),
 ( 4.079525947968146937, 4.712388980384688786 ),
 .UNSPECIFIED. ) 
 CURVE ( )  GEOMETRIC_REPRESENTATION_ITEM ( )  RATIONAL_B_SPLINE_CURVE ( ( 1.000000000000000000, 0.9669012650407982079, 0.9669012650407982079, 1.000000000000000000 ) ) 
 REPRESENTATION_ITEM ( '' )  );
#3255 = CARTESIAN_POINT ( 'NONE',  ( 15.13219544500569924, -73.17037349649309874, -4.061698908049449663 ) ) ;
#3256 = DIRECTION ( 'NONE',  ( 1.000000000000000000, 0.000000000000000000, -0.000000000000000000 ) ) ;
#3257 = ADVANCED_FACE ( 'NONE', ( #1750 ), #5867, .T. ) ;
#3258 = LINE ( 'NONE', #4128, #3799 ) ;
#3259 = VECTOR ( 'NONE', #270, 1000.000000000000114 ) ;
#3260 = CARTESIAN_POINT ( 'NONE',  ( -75.35793919139112518, 18.09505459584468312, 3.566356646465702607 ) ) ;
#3261 = ORIENTED_EDGE ( 'NONE', *, *, #2475, .F. ) ;
#3262 = EDGE_CURVE ( 'NONE', #4671, #2761, #2724, .T. ) ;
#3263 = CARTESIAN_POINT ( 'NONE',  ( -21.97875512763641837, -73.91188864280280768, -2.897352627531326164 ) ) ;
#3264 = CARTESIAN_POINT ( 'NONE',  ( -26.76436684515885034, 26.14470081216209962, -11.58000000000000007 ) ) ;
#3265 = ORIENTED_EDGE ( 'NONE', *, *, #4078, .T. ) ;
#3266 = CARTESIAN_POINT ( 'NONE',  ( 52.72365718173238491, 55.78831160930489830, 2.725829105101463590 ) ) ;
#3267 = CARTESIAN_POINT ( 'NONE',  ( -15.79203733971027290, -75.87398471585103721, 3.730156933474070513 ) ) ;
#3268 = ORIENTED_EDGE ( 'NONE', *, *, #4338, .T. ) ;
#3269 = LINE ( 'NONE', #4175, #5561 ) ;
#3270 = CARTESIAN_POINT ( 'NONE',  ( 12.89127649243101637, -63.24747091408872279, 1.588432000007076628 ) ) ;
#3271 = DIRECTION ( 'NONE',  ( 1.000000000000000000, 0.000000000000000000, 0.000000000000000000 ) ) ;
#3272 = EDGE_CURVE ( 'NONE', #422, #1787, #5006, .T. ) ;
#3273 = CARTESIAN_POINT ( 'NONE',  ( -22.00819263282773264, -74.30941701450998949, 3.816639643088854950 ) ) ;
#3274 = ORIENTED_EDGE ( 'NONE', *, *, #2120, .F. ) ;
#3275 = ORIENTED_EDGE ( 'NONE', *, *, #2706, .T. ) ;
#3276 = ORIENTED_EDGE ( 'NONE', *, *, #5781, .T. ) ;
#3277 = EDGE_CURVE ( 'NONE', #4400, #3305, #450, .T. ) ;
#3278 = VECTOR ( 'NONE', #1014, 999.9999999999998863 ) ;
#3279 = ORIENTED_EDGE ( 'NONE', *, *, #5165, .F. ) ;
#3280 = VECTOR ( 'NONE', #259, 1000.000000000000000 ) ;
#3281 = PLANE ( 'NONE',  #235 ) ;
#3282 = CARTESIAN_POINT ( 'NONE',  ( 0.000000000000000000, 0.000000000000000000, -20.00000000000000000 ) ) ;
#3283 = ORIENTED_EDGE ( 'NONE', *, *, #798, .T. ) ;
#3284 = EDGE_CURVE ( 'NONE', #4019, #1422, #4112, .T. ) ;
#3285 = DIRECTION ( 'NONE',  ( 1.000000000000000000, 0.000000000000000000, -0.000000000000000000 ) ) ;
#3286 = AXIS2_PLACEMENT_3D ( 'NONE', #2651, #4500, #342 ) ;
#3287 = DIRECTION ( 'NONE',  ( -0.000000000000000000, -0.000000000000000000, -1.000000000000000000 ) ) ;
#3288 = CARTESIAN_POINT ( 'NONE',  ( 0.000000000000000000, 0.000000000000000000, -16.00000000000000000 ) ) ;
#3289 = CARTESIAN_POINT ( 'NONE',  ( -9.259791655096590191, -36.25097201019460158, -11.58000000000000007 ) ) ;
#3290 = CARTESIAN_POINT ( 'NONE',  ( 61.64752709804482578, 20.63542489563897675, 2.330719158883124642 ) ) ;
#3291 =( BOUNDED_CURVE ( )  B_SPLINE_CURVE ( 3, ( #3564, #258, #4382, #5777 ),
 .UNSPECIFIED., .F., .F. ) 
 B_SPLINE_CURVE_WITH_KNOTS ( ( 4, 4 ),
 ( 4.079525947968146937, 4.712388980384688786 ),
 .UNSPECIFIED. ) 
 CURVE ( )  GEOMETRIC_REPRESENTATION_ITEM ( )  RATIONAL_B_SPLINE_CURVE ( ( 1.000000000000000000, 0.9669012650407982079, 0.9669012650407982079, 1.000000000000000000 ) ) 
 REPRESENTATION_ITEM ( '' )  );
#3292 = CARTESIAN_POINT ( 'NONE',  ( -75.23927169567240014, 18.03777814332519824, 3.191717587168794168 ) ) ;
#3293 = EDGE_LOOP ( 'NONE', ( #3500, #5001, #2631, #4370, #2600, #4080 ) ) ;
#3294 = AXIS2_PLACEMENT_3D ( 'NONE', #228, #5802, #284 ) ;
#3295 = CARTESIAN_POINT ( 'NONE',  ( -77.50000000000000000, 9.491012693391988181E-15, 4.000000000000000000 ) ) ;
#3296 = VERTEX_POINT ( 'NONE', #847 ) ;
#3297 = CARTESIAN_POINT ( 'NONE',  ( 0.000000000000000000, 0.000000000000000000, -2.700000000000000178 ) ) ;
#3298 = CARTESIAN_POINT ( 'NONE',  ( -12.95296137151320615, -63.70603699521586094, 2.330719158883114872 ) ) ;
#3299 = ORIENTED_EDGE ( 'NONE', *, *, #2109, .T. ) ;
#3300 = PLANE ( 'NONE',  #2347 ) ;
#3301 = AXIS2_PLACEMENT_3D ( 'NONE', #1320, #3737, #5468 ) ;
#3302 = CARTESIAN_POINT ( 'NONE',  ( 73.60481692013439670, 24.26068684422399713, 3.730156933474066960 ) ) ;
#3303 = DIRECTION ( 'NONE',  ( 0.000000000000000000, 0.000000000000000000, -1.000000000000000000 ) ) ;
#3304 = FACE_OUTER_BOUND ( 'NONE', #1831, .T. ) ;
#3305 = VERTEX_POINT ( 'NONE', #3692 ) ;
#3306 = ADVANCED_FACE ( 'NONE', ( #909 ), #881, .F. ) ;
#3307 = VERTEX_POINT ( 'NONE', #384 ) ;
#3308 = EDGE_CURVE ( 'NONE', #3040, #5490, #2226, .T. ) ;
#3309 = CARTESIAN_POINT ( 'NONE',  ( -102.7000000000000171, 1.257712262724331991E-14, -20.00000000000000000 ) ) ;
#3310 = ORIENTED_EDGE ( 'NONE', *, *, #3525, .T. ) ;
#3311 = DIRECTION ( 'NONE',  ( 0.000000000000000000, 0.000000000000000000, 1.000000000000000000 ) ) ;
#3312 = CARTESIAN_POINT ( 'NONE',  ( 0.000000000000000000, 0.000000000000000000, -1.200000000000000178 ) ) ;
#3313 = VERTEX_POINT ( 'NONE', #5932 ) ;
#3314 = ADVANCED_FACE ( 'NONE', ( #320 ), #3626, .T. ) ;
#3315 = LINE ( 'NONE', #1496, #818 ) ;
#3316 = CARTESIAN_POINT ( 'NONE',  ( -15.69718152606585093, 27.95119660816945029, -9.456346035045680054 ) ) ;
#3317 = CARTESIAN_POINT ( 'NONE',  ( -43.32375942506661914, 49.27362096112503309, -2.661871636317873158 ) ) ;
#3318 = CARTESIAN_POINT ( 'NONE',  ( 16.69405911492370009, -9.638319523868720040, 11.58000000000000007 ) ) ;
#3319 = ORIENTED_EDGE ( 'NONE', *, *, #1882, .F. ) ;
#3320 = VECTOR ( 'NONE', #2212, 1000.000000000000000 ) ;
#3321 = AXIS2_PLACEMENT_3D ( 'NONE', #2317, #2718, #4567 ) ;
#3322 = CARTESIAN_POINT ( 'NONE',  ( -73.60481692013433985, 24.26068684422401489, -3.700000000000000178 ) ) ;
#3323 = AXIS2_PLACEMENT_3D ( 'NONE', #3723, #2692, #5003 ) ;
#3324 =( BOUNDED_CURVE ( )  B_SPLINE_CURVE ( 3, ( #2499, #196, #5056, #5952 ),
 .UNSPECIFIED., .F., .F. ) 
 B_SPLINE_CURVE_WITH_KNOTS ( ( 4, 4 ),
 ( 5.307053505252698145, 5.394151951348333363 ),
 .UNSPECIFIED. ) 
 CURVE ( )  GEOMETRIC_REPRESENTATION_ITEM ( )  RATIONAL_B_SPLINE_CURVE ( ( 1.000000000000000000, 0.9993679216300043189, 0.9993679216300043189, 1.000000000000000000 ) ) 
 REPRESENTATION_ITEM ( '' )  );
#3325 = VECTOR ( 'NONE', #3332, 1000.000000000000000 ) ;
#3326 = ORIENTED_EDGE ( 'NONE', *, *, #1495, .T. ) ;
#3327 = CARTESIAN_POINT ( 'NONE',  ( 53.02019564253555473, 55.99010460549206414, 2.897352627531331937 ) ) ;
#3328 = DIRECTION ( 'NONE',  ( -0.1029739367619106061, 0.9912714459880660467, 0.08232428995431870233 ) ) ;
#3329 = ORIENTED_EDGE ( 'NONE', *, *, #497, .F. ) ;
#3330 = CARTESIAN_POINT ( 'NONE',  ( -48.69456572653160720, 43.07061209957691261, 2.330719158883113540 ) ) ;
#3331 = CARTESIAN_POINT ( 'NONE',  ( 12.96209293006841712, -63.77392110366437805, 2.399134474172376130 ) ) ;
#3332 = DIRECTION ( 'NONE',  ( 0.000000000000000000, 0.000000000000000000, 1.000000000000000000 ) ) ;
#3333 = DIRECTION ( 'NONE',  ( 0.000000000000000000, 0.000000000000000000, -1.000000000000000000 ) ) ;
#3334 = ORIENTED_EDGE ( 'NONE', *, *, #2120, .T. ) ;
#3335 = VERTEX_POINT ( 'NONE', #2286 ) ;
#3336 = LINE ( 'NONE', #4213, #4279 ) ;
#3337 = ORIENTED_EDGE ( 'NONE', *, *, #1901, .T. ) ;
#3338 = LINE ( 'NONE', #173, #2092 ) ;
#3339 = FACE_OUTER_BOUND ( 'NONE', #3880, .T. ) ;
#3340 = CARTESIAN_POINT ( 'NONE',  ( 13.08529901606909895, -64.68983652522287287, -2.700000000000001066 ) ) ;
#3341 = ORIENTED_EDGE ( 'NONE', *, *, #5211, .T. ) ;
#3342 = AXIS2_PLACEMENT_3D ( 'NONE', #3929, #2051, #1659 ) ;
#3343 = CARTESIAN_POINT ( 'NONE',  ( 19.95831195848662887, -74.91652941785987707, -3.777295774188596411 ) ) ;
#3344 = CARTESIAN_POINT ( 'NONE',  ( 61.45981450622223008, 20.55829004419533845, -2.114575390835373714 ) ) ;
#3345 = CARTESIAN_POINT ( 'NONE',  ( 0.000000000000000000, 0.000000000000000000, -15.00000000000000000 ) ) ;
#3346 = AXIS2_PLACEMENT_3D ( 'NONE', #889, #4987, #2207 ) ;
#3347 = ADVANCED_FACE ( 'NONE', ( #5486 ), #1336, .F. ) ;
#3348 = FACE_OUTER_BOUND ( 'NONE', #682, .T. ) ;
#3349 = ORIENTED_EDGE ( 'NONE', *, *, #2454, .F. ) ;
#3350 = DIRECTION ( 'NONE',  ( 0.9183859878646967179, 0.3773831369225122967, -0.1189501797405513595 ) ) ;
#3351 = VERTEX_POINT ( 'NONE', #2628 ) ;
#3352 = CARTESIAN_POINT ( 'NONE',  ( 32.05503709188110406, -0.3814403346959289731, -9.456346035045680054 ) ) ;
#3353 = EDGE_LOOP ( 'NONE', ( #4893, #139, #2097, #1913 ) ) ;
#3354 = CARTESIAN_POINT ( 'NONE',  ( -2.329778827326864921, 22.42745397154639875, -11.12841576485195993 ) ) ;
#3355 = CARTESIAN_POINT ( 'NONE',  ( 0.000000000000000000, 0.000000000000000000, -2.700000000000000178 ) ) ;
#3356 = DIRECTION ( 'NONE',  ( 1.000000000000000000, 0.000000000000000000, 0.000000000000000000 ) ) ;
#3357 = ORIENTED_EDGE ( 'NONE', *, *, #1386, .F. ) ;
#3358 = ORIENTED_EDGE ( 'NONE', *, *, #340, .F. ) ;
#3359 = DIRECTION ( 'NONE',  ( -0.000000000000000000, -0.000000000000000000, -1.000000000000000000 ) ) ;
#3360 = ORIENTED_EDGE ( 'NONE', *, *, #5123, .F. ) ;
#3361 = CARTESIAN_POINT ( 'NONE',  ( 21.97875512763641837, -73.91188864280280768, 2.897352627531328384 ) ) ;
#3362 = CARTESIAN_POINT ( 'NONE',  ( -64.70035840405633110, 13.03317391837682848, -2.700000000000001066 ) ) ;
#3363 = DIRECTION ( 'NONE',  ( -0.9249529466333910044, 0.3800816313822695247, 0.000000000000000000 ) ) ;
#3364 = ORIENTED_EDGE ( 'NONE', *, *, #4511, .T. ) ;
#3365 = AXIS2_PLACEMENT_3D ( 'NONE', #2818, #5153, #995 ) ;
#3366 = CARTESIAN_POINT ( 'NONE',  ( 42.90457322591775835, 48.95008953954138775, 2.397610250402975041 ) ) ;
#3367 = CARTESIAN_POINT ( 'NONE',  ( 0.000000000000000000, 0.000000000000000000, -4.000000000000000000 ) ) ;
#3368 = CARTESIAN_POINT ( 'NONE',  ( -43.63723890728325472, 49.51556705268238545, -2.700000000000001066 ) ) ;
#3369 = AXIS2_PLACEMENT_3D ( 'NONE', #1517, #4811, #1091 ) ;
#3370 = EDGE_CURVE ( 'NONE', #1725, #3474, #3463, .T. ) ;
#3371 = DIRECTION ( 'NONE',  ( 0.01585797703437279160, -0.1178883786667998951, -0.9929002239599357127 ) ) ;
#3372 = EDGE_LOOP ( 'NONE', ( #3450, #1618, #486, #4721 ) ) ;
#3373 = ADVANCED_FACE ( 'NONE', ( #4634 ), #874, .T. ) ;
#3374 = CARTESIAN_POINT ( 'NONE',  ( 35.69195078819235079, 9.969760417004879471, 8.582007265856070433 ) ) ;
#3375 = VERTEX_POINT ( 'NONE', #5943 ) ;
#3376 = DIRECTION ( 'NONE',  ( -0.09416534221922179260, 0.07267760029779705977, -0.9929002239599357127 ) ) ;
#3377 = EDGE_CURVE ( 'NONE', #678, #5316, #577, .T. ) ;
#3378 = VERTEX_POINT ( 'NONE', #1827 ) ;
#3379 = EDGE_CURVE ( 'NONE', #5787, #510, #5042, .T. ) ;
#3380 = CARTESIAN_POINT ( 'NONE',  ( 15.59614842513934896, -6.966483676492729593, 11.58000000000000007 ) ) ;
#3381 = DIRECTION ( 'NONE',  ( 0.4078420590987375527, 0.9130524929214650642, 0.000000000000000000 ) ) ;
#3382 = EDGE_CURVE ( 'NONE', #4170, #688, #189, .T. ) ;
#3383 = AXIS2_PLACEMENT_3D ( 'NONE', #508, #1477, #105 ) ;
#3384 = ORIENTED_EDGE ( 'NONE', *, *, #2717, .F. ) ;
#3385 = ORIENTED_EDGE ( 'NONE', *, *, #5853, .T. ) ;
#3386 = CARTESIAN_POINT ( 'NONE',  ( 48.95341343685618085, 43.27039293173457679, -2.548498792587411632 ) ) ;
#3387 = AXIS2_PLACEMENT_3D ( 'NONE', #4061, #5595, #1350 ) ;
#3388 = CARTESIAN_POINT ( 'NONE',  ( -69.14482361059779691, 22.95779910444420224, 2.700000000000001066 ) ) ;
#3389 = ORIENTED_EDGE ( 'NONE', *, *, #2387, .T. ) ;
#3390 = B_SPLINE_CURVE_WITH_KNOTS ( 'NONE', 3,
 ( #1713, #255, #3441, #3949, #5804, #4436, #1140, #2987 ),
 .UNSPECIFIED., .F., .F.,
 ( 4, 2, 2, 4 ),
 ( 0.000000000000000000, 0.0003951903511580932339, 0.0007903807023161864677, 0.001580761404632343011 ),
 .UNSPECIFIED. ) ;
#3391 = CARTESIAN_POINT ( 'NONE',  ( -62.38228137689815611, 20.93735009733511632, 2.699999999999997957 ) ) ;
#3392 =( GEOMETRIC_REPRESENTATION_CONTEXT ( 3 ) GLOBAL_UNCERTAINTY_ASSIGNED_CONTEXT ( ( #2598 ) ) GLOBAL_UNIT_ASSIGNED_CONTEXT ( ( #4938, #1658, #4904 ) ) REPRESENTATION_CONTEXT ( 'NONE', 'WORKASPACE' ) );
#3393 = DIRECTION ( 'NONE',  ( -0.000000000000000000, -0.000000000000000000, -1.000000000000000000 ) ) ;
#3394 = EDGE_LOOP ( 'NONE', ( #4218, #1168, #1325, #4229, #3716, #5904, #3389, #5243, #5391 ) ) ;
#3395 = EDGE_CURVE ( 'NONE', #2280, #667, #4192, .T. ) ;
#3396 = EDGE_CURVE ( 'NONE', #3988, #945, #13, .T. ) ;
#3397 = EDGE_CURVE ( 'NONE', #5554, #1654, #1796, .T. ) ;
#3398 = CARTESIAN_POINT ( 'NONE',  ( -16.69405911492370009, -9.638319523868720040, -11.58000000000000007 ) ) ;
#3399 = CARTESIAN_POINT ( 'NONE',  ( 22.00819263282772198, -74.30941701451001791, -3.816639643088847400 ) ) ;
#3400 = CARTESIAN_POINT ( 'NONE',  ( 63.28658662012545477, 12.45222686804897627, 1.299991467882823271 ) ) ;
#3401 = CARTESIAN_POINT ( 'NONE',  ( 10.32975257755262000, -4.614091296908509499, 12.05645558912031845 ) ) ;
#3402 = EDGE_CURVE ( 'NONE', #828, #5104, #464, .T. ) ;
#3403 = DIRECTION ( 'NONE',  ( 1.000000000000000000, 0.000000000000000000, 0.000000000000000000 ) ) ;
#3404 = ADVANCED_FACE ( 'NONE', ( #952 ), #2770, .F. ) ;
#3405 = ORIENTED_EDGE ( 'NONE', *, *, #5341, .T. ) ;
#3406 = VECTOR ( 'NONE', #1333, 1000.000000000000000 ) ;
#3407 = CARTESIAN_POINT ( 'NONE',  ( -26.76436684515885034, 26.14470081216209962, -2.700000000000001066 ) ) ;
#3408 = DIRECTION ( 'NONE',  ( 0.000000000000000000, 0.000000000000000000, -1.000000000000000000 ) ) ;
#3409 = VECTOR ( 'NONE', #2134, 1000.000000000000000 ) ;
#3410 = CIRCLE ( 'NONE', #1182, 76.50000000000000000 ) ;
#3411 = VERTEX_POINT ( 'NONE', #4651 ) ;
#3412 = ORIENTED_EDGE ( 'NONE', *, *, #4729, .T. ) ;
#3413 = CARTESIAN_POINT ( 'NONE',  ( -1.606200838410914988, -11.66789116403066018, 11.58000000000000007 ) ) ;
#3414 = EDGE_CURVE ( 'NONE', #2315, #5188, #4555, .T. ) ;
#3415 = CARTESIAN_POINT ( 'NONE',  ( -9.982291894747124417, -0.5948516857720523854, -11.58000000000000007 ) ) ;
#3416 = VERTEX_POINT ( 'NONE', #498 ) ;
#3417 = DIRECTION ( 'NONE',  ( 0.6109919333986548740, 0.7916368216055729157, 0.000000000000000000 ) ) ;
#3418 = CARTESIAN_POINT ( 'NONE',  ( 1.387778780781445991E-14, 28.88952088593959999, -10.87636315201899961 ) ) ;
#3419 = VECTOR ( 'NONE', #3350, 999.9999999999998863 ) ;
#3420 = DIRECTION ( 'NONE',  ( 1.000000000000000000, 0.000000000000000000, 0.000000000000000000 ) ) ;
#3421 = CARTESIAN_POINT ( 'NONE',  ( 0.000000000000000000, 0.000000000000000000, -3.700000000000000178 ) ) ;
#3422 = ORIENTED_EDGE ( 'NONE', *, *, #527, .T. ) ;
#3423 = VERTEX_POINT ( 'NONE', #4126 ) ;
#3424 = CIRCLE ( 'NONE', #3037, 66.00000000000000000 ) ;
#3425 = PLANE ( 'NONE',  #1682 ) ;
#3426 = DIRECTION ( 'NONE',  ( 0.8637146712084821099, -0.4986658979252460155, 0.07300197932680790869 ) ) ;
#3427 = DIRECTION ( 'NONE',  ( 0.000000000000000000, 0.000000000000000000, 1.000000000000000000 ) ) ;
#3428 = ORIENTED_EDGE ( 'NONE', *, *, #3216, .T. ) ;
#3429 = AXIS2_PLACEMENT_3D ( 'NONE', #4266, #3311, #635 ) ;
#3430 = DIRECTION ( 'NONE',  ( -0.7860163774671047321, 0.6066540275092389134, 0.1189501797405513872 ) ) ;
#3431 = CARTESIAN_POINT ( 'NONE',  ( -36.02415850025544586, 10.10627119803251972, 11.58000000000000007 ) ) ;
#3432 = EDGE_CURVE ( 'NONE', #4727, #3988, #1741, .T. ) ;
#3433 = CARTESIAN_POINT ( 'NONE',  ( 15.70057941677771218, -75.49924848202890360, 2.900370989810152178 ) ) ;
#3434 = ORIENTED_EDGE ( 'NONE', *, *, #3460, .T. ) ;
#3435 =( BOUNDED_CURVE ( )  B_SPLINE_CURVE ( 3, ( #1302, #3150, #5092, #5485 ),
 .UNSPECIFIED., .F., .T. ) 
 B_SPLINE_CURVE_WITH_KNOTS ( ( 4, 4 ),
 ( 0.9379332943783544874, 1.570796326794897890 ),
 .UNSPECIFIED. ) 
 CURVE ( )  GEOMETRIC_REPRESENTATION_ITEM ( )  RATIONAL_B_SPLINE_CURVE ( ( 1.000000000000000000, 0.9669012650407978748, 0.9669012650407978748, 1.000000000000000000 ) ) 
 REPRESENTATION_ITEM ( '' )  );
#3436 = DIRECTION ( 'NONE',  ( 0.000000000000000000, -1.000000000000000000, 0.000000000000000000 ) ) ;
#3437 = PLANE ( 'NONE',  #3129 ) ;
#3438 = ORIENTED_EDGE ( 'NONE', *, *, #669, .F. ) ;
#3439 = ORIENTED_EDGE ( 'NONE', *, *, #5788, .T. ) ;
#3440 = CARTESIAN_POINT ( 'NONE',  ( 19.38420463070664823, -11.19147576156525936, -11.35262636160330096 ) ) ;
#3441 = CARTESIAN_POINT ( 'NONE',  ( -21.95213587393353549, -73.55241835101656989, 2.725244721246032675 ) ) ;
#3442 = ORIENTED_EDGE ( 'NONE', *, *, #2673, .F. ) ;
#3443 = LINE ( 'NONE', #5191, #3941 ) ;
#3444 = CARTESIAN_POINT ( 'NONE',  ( -54.45444904472720538, 48.40227423474970436, 11.58000000000000007 ) ) ;
#3445 = EDGE_CURVE ( 'NONE', #5848, #135, #1939, .T. ) ;
#3446 = DIRECTION ( 'NONE',  ( -1.000000000000000000, 0.000000000000000000, 0.000000000000000000 ) ) ;
#3447 = ADVANCED_FACE ( 'NONE', ( #5075 ), #1889, .T. ) ;
#3448 = CARTESIAN_POINT ( 'NONE',  ( -20.58763429522879917, -9.196079336109010072, 11.57032204158815958 ) ) ;
#3449 = CARTESIAN_POINT ( 'NONE',  ( 0.000000000000000000, 0.000000000000000000, 3.700000000000001954 ) ) ;
#3450 = ORIENTED_EDGE ( 'NONE', *, *, #5168, .F. ) ;
#3451 = ADVANCED_FACE ( 'NONE', ( #4160 ), #921, .T. ) ;
#3452 = ADVANCED_FACE ( 'NONE', ( #5499 ), #2239, .F. ) ;
#3453 = DIRECTION ( 'NONE',  ( 1.000000000000000000, 0.000000000000000000, 0.000000000000000000 ) ) ;
#3454 = CARTESIAN_POINT ( 'NONE',  ( 22.00819263282770422, -74.30941701451001791, -3.700000000000000178 ) ) ;
#3455 = CARTESIAN_POINT ( 'NONE',  ( 25.01905899038484904, -14.44476044296980000, -10.87636315201899961 ) ) ;
#3456 = CARTESIAN_POINT ( 'NONE',  ( -73.12806256730142707, 24.12141367539111059, 2.826194432022900216 ) ) ;
#3457 = VERTEX_POINT ( 'NONE', #4524 ) ;
#3458 = VECTOR ( 'NONE', #86, 1000.000000000000000 ) ;
#3459 = DIRECTION ( 'NONE',  ( -0.9598809505700892641, -0.2804078471310350595, 0.000000000000000000 ) ) ;
#3460 = EDGE_CURVE ( 'NONE', #1493, #469, #3611, .T. ) ;
#3461 = VECTOR ( 'NONE', #656, 1000.000000000000000 ) ;
#3462 = CARTESIAN_POINT ( 'NONE',  ( 49.64707533962490515, 43.80576700167494408, -5.076071568124019606 ) ) ;
#3463 = B_SPLINE_CURVE_WITH_KNOTS ( 'NONE', 3,
 ( #4478, #3568, #5422, #483, #2326, #4178, #2789, #938 ),
 .UNSPECIFIED., .F., .F.,
 ( 4, 2, 2, 4 ),
 ( 2.168404344971008868E-18, 0.0003906555602599964968, 0.0007813111205199908251, 0.001562622241039950425 ),
 .UNSPECIFIED. ) ;
#3464 = CARTESIAN_POINT ( 'NONE',  ( -20.91032211418081488, -61.41284351961958521, -2.197086435881101529 ) ) ;
#3465 = ORIENTED_EDGE ( 'NONE', *, *, #1541, .F. ) ;
#3466 = PRODUCT_RELATED_PRODUCT_CATEGORY ( 'part', '', ( #4357 ) ) ;
#3467 = CARTESIAN_POINT ( 'NONE',  ( 32.05503709188110406, -0.3814403346959289731, 9.456346035045680054 ) ) ;
#3468 = CYLINDRICAL_SURFACE ( 'NONE', #5352, 26.76213688802224411 ) ;
#3469 = ORIENTED_EDGE ( 'NONE', *, *, #3565, .T. ) ;
#3470 =( BOUNDED_CURVE ( )  B_SPLINE_CURVE ( 3, ( #1924, #1021, #2814, #4662 ),
 .UNSPECIFIED., .F., .F. ) 
 B_SPLINE_CURVE_WITH_KNOTS ( ( 4, 4 ),
 ( 3.992427501872510831, 4.079525947968146937 ),
 .UNSPECIFIED. ) 
 CURVE ( )  GEOMETRIC_REPRESENTATION_ITEM ( )  RATIONAL_B_SPLINE_CURVE ( ( 1.000000000000000000, 0.9993679216300043189, 0.9993679216300043189, 1.000000000000000000 ) ) 
 REPRESENTATION_ITEM ( '' )  );
#3471 = ORIENTED_EDGE ( 'NONE', *, *, #205, .T. ) ;
#3472 = DIRECTION ( 'NONE',  ( 0.000000000000000000, 0.000000000000000000, 1.000000000000000000 ) ) ;
#3473 = FACE_OUTER_BOUND ( 'NONE', #5594, .T. ) ;
#3474 = VERTEX_POINT ( 'NONE', #4271 ) ;
#3475 = DIRECTION ( 'NONE',  ( 0.000000000000000000, 0.000000000000000000, 1.000000000000000000 ) ) ;
#3476 = FACE_OUTER_BOUND ( 'NONE', #5205, .T. ) ;
#3477 = CARTESIAN_POINT ( 'NONE',  ( -53.02019564253555473, 55.99010460549206414, -2.897352627531316838 ) ) ;
#3478 = ADVANCED_FACE ( 'NONE', ( #3905 ), #3849, .T. ) ;
#3479 = LINE ( 'NONE', #1606, #489 ) ;
#3480 = ORIENTED_EDGE ( 'NONE', *, *, #4278, .T. ) ;
#3481 = EDGE_CURVE ( 'NONE', #1947, #2261, #4739, .T. ) ;
#3482 = EDGE_LOOP ( 'NONE', ( #5415, #1695 ) ) ;
#3483 = CIRCLE ( 'NONE', #5627, 97.70000000000000284 ) ;
#3484 = DIRECTION ( 'NONE',  ( 0.000000000000000000, 0.000000000000000000, 1.000000000000000000 ) ) ;
#3485 = CARTESIAN_POINT ( 'NONE',  ( 5.875696652163679978, -11.09357190263673942, 11.58000000000000007 ) ) ;
#3486 = PLANE ( 'NONE',  #4800 ) ;
#3487 = CARTESIAN_POINT ( 'NONE',  ( -72.77116137208105329, 24.01715293792070938, 2.700000000000000622 ) ) ;
#3488 = ORIENTED_EDGE ( 'NONE', *, *, #3746, .F. ) ;
#3489 = CARTESIAN_POINT ( 'NONE',  ( 6.277520993561950036, -46.39453745256089690, -7.382251208476880322 ) ) ;
#3490 = EDGE_CURVE ( 'NONE', #1150, #4002, #126, .T. ) ;
#3491 = DIRECTION ( 'NONE',  ( 1.000000000000000000, 0.000000000000000000, 0.000000000000000000 ) ) ;
#3492 = CARTESIAN_POINT ( 'NONE',  ( 0.000000000000000000, 0.000000000000000000, 2.700000000000000178 ) ) ;
#3493 = EDGE_CURVE ( 'NONE', #401, #4663, #3820, .T. ) ;
#3494 = ORIENTED_EDGE ( 'NONE', *, *, #1701, .T. ) ;
#3495 = CARTESIAN_POINT ( 'NONE',  ( 1.146903615784844084E-14, 22.38295152313055070, -11.35262636160330096 ) ) ;
#3496 = VERTEX_POINT ( 'NONE', #3398 ) ;
#3497 = ORIENTED_EDGE ( 'NONE', *, *, #249, .T. ) ;
#3498 = CARTESIAN_POINT ( 'NONE',  ( 0.000000000000000000, 0.000000000000000000, -16.00000000000000000 ) ) ;
#3499 = CYLINDRICAL_SURFACE ( 'NONE', #5259, 26.76213688802225477 ) ;
#3500 = ORIENTED_EDGE ( 'NONE', *, *, #5887, .T. ) ;
#3501 = DIRECTION ( 'NONE',  ( 0.9249529466333913374, 0.3800816313822686920, 0.000000000000000000 ) ) ;
#3502 = DIRECTION ( 'NONE',  ( 1.000000000000000000, 4.440892098500626162E-15, 0.000000000000000000 ) ) ;
#3503 = AXIS2_PLACEMENT_3D ( 'NONE', #5377, #2065, #5796 ) ;
#3504 = DIRECTION ( 'NONE',  ( 0.000000000000000000, 0.000000000000000000, -1.000000000000000000 ) ) ;
#3505 = CIRCLE ( 'NONE', #4960, 77.50000000000000000 ) ;
#3506 = CARTESIAN_POINT ( 'NONE',  ( -57.81277958042407050, 51.61329787162711824, -3.730156933474056302 ) ) ;
#3507 = DIRECTION ( 'NONE',  ( 0.000000000000000000, -1.000000000000000000, 0.000000000000000000 ) ) ;
#3508 = CIRCLE ( 'NONE', #1185, 92.50000000000000000 ) ;
#3509 = CARTESIAN_POINT ( 'NONE',  ( 48.41095224613420811, 42.85171683852210123, 1.865393831290134141 ) ) ;
#3510 = ORIENTED_EDGE ( 'NONE', *, *, #217, .T. ) ;
#3511 = CIRCLE ( 'NONE', #5167, 77.50000000000000000 ) ;
#3512 = ORIENTED_EDGE ( 'NONE', *, *, #3204, .T. ) ;
#3513 = DIRECTION ( 'NONE',  ( 1.000000000000000000, 0.000000000000000000, -0.000000000000000000 ) ) ;
#3514 = LINE ( 'NONE', #3031, #4492 ) ;
#3515 = CARTESIAN_POINT ( 'NONE',  ( -18.79300049814440143, -45.67265094085200161, 2.700000000000001066 ) ) ;
#3516 = VERTEX_POINT ( 'NONE', #2943 ) ;
#3517 = DIRECTION ( 'NONE',  ( 0.7177056950390158230, 0.6862248747095306411, 0.1182960550417981455 ) ) ;
#3518 = CARTESIAN_POINT ( 'NONE',  ( -20.15764278328349235, -9.843526137346845672, 11.50031736591962250 ) ) ;
#3519 = EDGE_CURVE ( 'NONE', #3307, #3683, #4554, .T. ) ;
#3520 = VECTOR ( 'NONE', #4794, 1000.000000000000114 ) ;
#3521 = LINE ( 'NONE', #3007, #5816 ) ;
#3522 = EDGE_CURVE ( 'NONE', #2868, #1422, #639, .T. ) ;
#3523 = VERTEX_POINT ( 'NONE', #1524 ) ;
#3524 = ORIENTED_EDGE ( 'NONE', *, *, #976, .T. ) ;
#3525 = EDGE_CURVE ( 'NONE', #1273, #3875, #5234, .T. ) ;
#3526 = CARTESIAN_POINT ( 'NONE',  ( 57.27872632238914719, 51.10266986265832401, 2.725960673943552237 ) ) ;
#3527 = CARTESIAN_POINT ( 'NONE',  ( 0.000000000000000000, 0.000000000000000000, 16.00000000000000000 ) ) ;
#3528 = EDGE_CURVE ( 'NONE', #2121, #883, #4485, .T. ) ;
#3529 = PLANE ( 'NONE',  #3858 ) ;
#3530 = CARTESIAN_POINT ( 'NONE',  ( -63.28658662012541214, 12.45222686804901713, 1.199999999999999289 ) ) ;
#3531 = VERTEX_POINT ( 'NONE', #1419 ) ;
#3532 = CARTESIAN_POINT ( 'NONE',  ( -1.169432749000322014, 11.25746308765129911, 12.27788935830150052 ) ) ;
#3533 = CARTESIAN_POINT ( 'NONE',  ( 0.000000000000000000, 0.000000000000000000, -18.00000000000000355 ) ) ;
#3534 = CARTESIAN_POINT ( 'NONE',  ( -21.71933223215994957, -70.40860395368841296, 11.58000000000000007 ) ) ;
#3535 = CARTESIAN_POINT ( 'NONE',  ( -48.29801964102784950, 42.76455450744494868, -1.396641109845307982 ) ) ;
#3536 = DIRECTION ( 'NONE',  ( 0.000000000000000000, 0.000000000000000000, -1.000000000000000000 ) ) ;
#3537 = DIRECTION ( 'NONE',  ( 1.000000000000000000, 0.000000000000000000, 0.000000000000000000 ) ) ;
#3538 = ORIENTED_EDGE ( 'NONE', *, *, #2211, .F. ) ;
#3539 = ORIENTED_EDGE ( 'NONE', *, *, #497, .T. ) ;
#3540 = ORIENTED_EDGE ( 'NONE', *, *, #1126, .T. ) ;
#3541 = AXIS2_PLACEMENT_3D ( 'NONE', #5993, #1666, #2541 ) ;
#3542 = CARTESIAN_POINT ( 'NONE',  ( 21.22814543047354263, -63.77554560823040219, 2.700000000000001066 ) ) ;
#3543 = CARTESIAN_POINT ( 'NONE',  ( 53.34974655856339609, 56.21436241866534544, -3.432597709076184778 ) ) ;
#3544 = CARTESIAN_POINT ( 'NONE',  ( 14.69037456587059864, -71.36007333919378937, 2.700000000000001066 ) ) ;
#3545 = ORIENTED_EDGE ( 'NONE', *, *, #2745, .T. ) ;
#3546 = CARTESIAN_POINT ( 'NONE',  ( 22.00819263282770422, -74.30941701451001791, -3.700000000000000178 ) ) ;
#3547 = DIRECTION ( 'NONE',  ( -0.9972694250765917756, 0.07384912868412259190, 0.000000000000000000 ) ) ;
#3548 = EDGE_CURVE ( 'NONE', #2121, #4505, #5949, .T. ) ;
#3549 = CARTESIAN_POINT ( 'NONE',  ( -57.73414079471293547, 51.53810842942962012, -3.176862691940917749 ) ) ;
#3550 = DIRECTION ( 'NONE',  ( 0.7860163774671053982, 0.6066540275092383583, 0.1189501797405514705 ) ) ;
#3551 = AXIS2_PLACEMENT_3D ( 'NONE', #5947, #764, #4955 ) ;
#3552 = VERTEX_POINT ( 'NONE', #2479 ) ;
#3553 = B_SPLINE_CURVE_WITH_KNOTS ( 'NONE', 3,
 ( #2456, #5793, #1155, #3003, #4396, #5339, #245, #2084, #3853, #1184, #5044, #4093, #3163, #4952 ),
 .UNSPECIFIED., .F., .F.,
 ( 4, 2, 2, 2, 2, 2, 4 ),
 ( 8.673617379884035472E-19, 0.0002956823241114641407, 0.0005913646482229274141, 0.0008870469723343906874, 0.001182729296445853961, 0.001774093944668801541, 0.002365458592891749121 ),
 .UNSPECIFIED. ) ;
#3554 = ADVANCED_FACE ( 'NONE', ( #664 ), #471, .T. ) ;
#3555 = VECTOR ( 'NONE', #2360, 999.9999999999998863 ) ;
#3556 = DIRECTION ( 'NONE',  ( 1.000000000000000000, 0.000000000000000000, 0.000000000000000000 ) ) ;
#3557 = DIRECTION ( 'NONE',  ( 1.000000000000000000, 0.000000000000000000, 0.000000000000000000 ) ) ;
#3558 = ORIENTED_EDGE ( 'NONE', *, *, #2813, .T. ) ;
#3559 = CARTESIAN_POINT ( 'NONE',  ( -64.70035840405633110, 13.03317391837682848, -2.700000000000001066 ) ) ;
#3560 = EDGE_CURVE ( 'NONE', #2556, #2761, #4168, .T. ) ;
#3561 = DIRECTION ( 'NONE',  ( 1.000000000000000000, 0.000000000000000000, 0.000000000000000000 ) ) ;
#3562 = ORIENTED_EDGE ( 'NONE', *, *, #1437, .T. ) ;
#3563 = DIRECTION ( 'NONE',  ( 0.9531410217267551888, 0.2784389269897890595, -0.1182960550417982287 ) ) ;
#3564 = CARTESIAN_POINT ( 'NONE',  ( 1.098614904710434072E-14, 22.38295152313055070, 11.35262636160330096 ) ) ;
#3565 = EDGE_CURVE ( 'NONE', #5560, #2259, #1358, .T. ) ;
#3566 = LINE ( 'NONE', #5956, #955 ) ;
#3567 = DIRECTION ( 'NONE',  ( -0.000000000000000000, -0.000000000000000000, -1.000000000000000000 ) ) ;
#3568 = CARTESIAN_POINT ( 'NONE',  ( -73.60481692013435406, 24.26068684422402200, -3.567906166261292977 ) ) ;
#3569 = CARTESIAN_POINT ( 'NONE',  ( -13.11336938590013901, -64.89851196855261151, 11.58000000000000007 ) ) ;
#3570 = ORIENTED_EDGE ( 'NONE', *, *, #3043, .T. ) ;
#3571 = AXIS2_PLACEMENT_3D ( 'NONE', #3288, #5532, #2771 ) ;
#3572 = ORIENTED_EDGE ( 'NONE', *, *, #815, .T. ) ;
#3573 = ORIENTED_EDGE ( 'NONE', *, *, #5909, .T. ) ;
#3574 = CIRCLE ( 'NONE', #5410, 76.50000000000000000 ) ;
#3575 = ORIENTED_EDGE ( 'NONE', *, *, #1818, .F. ) ;
#3576 = DIRECTION ( 'NONE',  ( 0.000000000000000000, 0.000000000000000000, 1.000000000000000000 ) ) ;
#3577 = LINE ( 'NONE', #3515, #5856 ) ;
#3578 = DIRECTION ( 'NONE',  ( 0.9112455539134910465, -0.4070349360347395584, 0.06288164533542670021 ) ) ;
#3579 = ORIENTED_EDGE ( 'NONE', *, *, #1928, .T. ) ;
#3580 = DIRECTION ( 'NONE',  ( 0.8097278303719929182, -0.5868056243093320301, 0.000000000000000000 ) ) ;
#3581 = EDGE_CURVE ( 'NONE', #30, #1646, #3935, .T. ) ;
#3582 = CARTESIAN_POINT ( 'NONE',  ( -63.32488868774473190, 12.46796595229006321, 1.598562257708771472 ) ) ;
#3583 = B_SPLINE_CURVE_WITH_KNOTS ( 'NONE', 3,
 ( #5053, #562, #4623, #4248, #1862, #1475, #4687, #438, #5116, #3232, #2403, #5538, #4225, #1452 ),
 .UNSPECIFIED., .F., .F.,
 ( 4, 2, 2, 2, 2, 2, 4 ),
 ( 0.000000000000000000, 0.0002932297430756867509, 0.0005864594861513735017, 0.0008796892292270603068, 0.001172918972302747003, 0.001759378458454118012, 0.002345837944605488803 ),
 .UNSPECIFIED. ) ;
#3584 = CARTESIAN_POINT ( 'NONE',  ( -20.88681853610517436, -61.23811765728547130, -1.958466337067106267 ) ) ;
#3585 = EDGE_LOOP ( 'NONE', ( #1489, #3572, #1193, #2277 ) ) ;
#3586 = ORIENTED_EDGE ( 'NONE', *, *, #2478, .F. ) ;
#3587 = ADVANCED_FACE ( 'NONE', ( #3963, #5334 ), #4452, .T. ) ;
#3588 = DIRECTION ( 'NONE',  ( 0.1333161250278180332, -0.9910735647809233440, 0.000000000000000000 ) ) ;
#3589 = DIRECTION ( 'NONE',  ( 1.000000000000000000, 0.000000000000000000, 0.000000000000000000 ) ) ;
#3590 = ORIENTED_EDGE ( 'NONE', *, *, #5714, .F. ) ;
#3591 = CARTESIAN_POINT ( 'NONE',  ( -18.25785546790195113, -13.23137463543736025, 11.12841576485195993 ) ) ;
#3592 = LINE ( 'NONE', #5984, #122 ) ;
#3593 = ORIENTED_EDGE ( 'NONE', *, *, #2950, .T. ) ;
#3594 = DIRECTION ( 'NONE',  ( 0.000000000000000000, 0.000000000000000000, -1.000000000000000000 ) ) ;
#3595 = PLANE ( 'NONE',  #3763 ) ;
#3596 = DIRECTION ( 'NONE',  ( 0.000000000000000000, 0.000000000000000000, 1.000000000000000000 ) ) ;
#3597 = CARTESIAN_POINT ( 'NONE',  ( -9.301589737437078398, 7.224956311659050279, 11.58000000000000007 ) ) ;
#3598 = CARTESIAN_POINT ( 'NONE',  ( -12.92590581646923908, -63.50490569636547633, -2.114575390835367052 ) ) ;
#3599 = VERTEX_POINT ( 'NONE', #5430 ) ;
#3600 = ORIENTED_EDGE ( 'NONE', *, *, #5175, .T. ) ;
#3601 = EDGE_LOOP ( 'NONE', ( #4994, #4250, #4429, #2524, #993 ) ) ;
#3602 = TOROIDAL_SURFACE ( 'NONE', #4770, 66.00000000000000000, 1.500000000000000000 ) ;
#3603 = VERTEX_POINT ( 'NONE', #3542 ) ;
#3604 = TOROIDAL_SURFACE ( 'NONE', #2144, 76.50000000000000000, 1.000000000000000000 ) ;
#3605 = CARTESIAN_POINT ( 'NONE',  ( 0.000000000000000000, 0.000000000000000000, -18.00000000000000355 ) ) ;
#3606 = DIRECTION ( 'NONE',  ( 0.8599849567173972753, -0.4965125462598181105, 0.1179032044787942241 ) ) ;
#3607 = CARTESIAN_POINT ( 'NONE',  ( 0.000000000000000000, 0.000000000000000000, 2.700000000000000178 ) ) ;
#3609 = ORIENTED_EDGE ( 'NONE', *, *, #2484, .F. ) ;
#3608 = VECTOR ( 'NONE', #4804, 1000.000000000000000 ) ;
#3610 = DIRECTION ( 'NONE',  ( 0.000000000000000000, 0.000000000000000000, 1.000000000000000000 ) ) ;
#3611 = LINE ( 'NONE', #2707, #4840 ) ;
#3612 = CARTESIAN_POINT ( 'NONE',  ( -48.47913185913779444, 6.367548093133980736, 7.329082498301850102 ) ) ;
#3613 = CARTESIAN_POINT ( 'NONE',  ( -92.50000000000000000, 1.132798289211301698E-14, 16.00000000000000000 ) ) ;
#3614 = VERTEX_POINT ( 'NONE', #2670 ) ;
#3615 = AXIS2_PLACEMENT_3D ( 'NONE', #5593, #979, #3791 ) ;
#3616 = CARTESIAN_POINT ( 'NONE',  ( 0.000000000000000000, 0.000000000000000000, -1.200000000000000178 ) ) ;
#3617 = DIRECTION ( 'NONE',  ( -0.8599849567173972753, -0.4965125462598181105, 0.1179032044787942241 ) ) ;
#3618 = CIRCLE ( 'NONE', #2068, 89.50000000000000000 ) ;
#3619 = EDGE_LOOP ( 'NONE', ( #1161, #5872, #3660, #3966 ) ) ;
#3620 = LINE ( 'NONE', #4999, #5891 ) ;
#3621 = FACE_OUTER_BOUND ( 'NONE', #5723, .T. ) ;
#3622 = VERTEX_POINT ( 'NONE', #3030 ) ;
#3623 = FACE_OUTER_BOUND ( 'NONE', #2898, .T. ) ;
#3624 = DIRECTION ( 'NONE',  ( 1.000000000000000000, 0.000000000000000000, 0.000000000000000000 ) ) ;
#3625 = CARTESIAN_POINT ( 'NONE',  ( 15.79203733971028178, -75.87398471585103721, -3.700000000000000178 ) ) ;
#3626 = PLANE ( 'NONE',  #491 ) ;
#3627 = CIRCLE ( 'NONE', #1983, 66.00000000000000000 ) ;
#3628 = CARTESIAN_POINT ( 'NONE',  ( -12.88488006795827978, -63.19991982300558675, -1.299151729025848079 ) ) ;
#3629 = ORIENTED_EDGE ( 'NONE', *, *, #1891, .F. ) ;
#3630 = ORIENTED_EDGE ( 'NONE', *, *, #3377, .T. ) ;
#3631 = EDGE_LOOP ( 'NONE', ( #3545, #4183, #2808, #2664, #4148, #1239, #2059, #2365, #3524 ) ) ;
#3632 = EDGE_CURVE ( 'NONE', #2930, #723, #1210, .T. ) ;
#3633 = ORIENTED_EDGE ( 'NONE', *, *, #1979, .T. ) ;
#3634 = EDGE_CURVE ( 'NONE', #4002, #2468, #5817, .T. ) ;
#3635 = CARTESIAN_POINT ( 'NONE',  ( -62.76044472552499798, 21.09274496687764966, 5.076071568124019606 ) ) ;
#3636 = CARTESIAN_POINT ( 'NONE',  ( 63.64024366371952368, 12.59755160761363868, -2.197086435881094868 ) ) ;
#3637 = ORIENTED_EDGE ( 'NONE', *, *, #2478, .T. ) ;
#3638 = EDGE_CURVE ( 'NONE', #2261, #5137, #1696, .T. ) ;
#3639 = DIRECTION ( 'NONE',  ( 0.4346794910504994114, -0.9005852208758917676, 0.000000000000000000 ) ) ;
#3640 = DIRECTION ( 'NONE',  ( 1.000000000000000000, 0.000000000000000000, 0.000000000000000000 ) ) ;
#3641 = LINE ( 'NONE', #5500, #2497 ) ;
#3642 = LINE ( 'NONE', #2680, #3320 ) ;
#3643 = EDGE_CURVE ( 'NONE', #3378, #1457, #2908, .T. ) ;
#3644 = FACE_OUTER_BOUND ( 'NONE', #2509, .T. ) ;
#3645 = VERTEX_POINT ( 'NONE', #4880 ) ;
#3646 = DIRECTION ( 'NONE',  ( 0.000000000000000000, 0.000000000000000000, 1.000000000000000000 ) ) ;
#3647 = EDGE_CURVE ( 'NONE', #3305, #809, #1243, .T. ) ;
#3648 = CIRCLE ( 'NONE', #4326, 10.00000000000000000 ) ;
#3649 = VECTOR ( 'NONE', #4873, 1000.000000000000114 ) ;
#3650 = CARTESIAN_POINT ( 'NONE',  ( 9.301589737437078398, 7.224956311659039621, -11.58000000000000007 ) ) ;
#3651 = CARTESIAN_POINT ( 'NONE',  ( 73.60481692013435406, 24.26068684422396160, -3.700000000000000178 ) ) ;
#3652 = VERTEX_POINT ( 'NONE', #725 ) ;
#3653 = CARTESIAN_POINT ( 'NONE',  ( 63.28658662012539793, 12.45222686804896561, -1.200000000000000622 ) ) ;
#3654 = CARTESIAN_POINT ( 'NONE',  ( -75.35793919139108255, 18.09505459584467957, -16.00000000000000000 ) ) ;
#3655 = CARTESIAN_POINT ( 'NONE',  ( 22.00819263282770422, -74.30941701451001791, -16.00000000000000000 ) ) ;
#3656 = DIRECTION ( 'NONE',  ( -0.8599849567173972753, -0.4965125462598181105, 0.1179032044787942241 ) ) ;
#3657 = VECTOR ( 'NONE', #2419, 1000.000000000000000 ) ;
#3658 = CARTESIAN_POINT ( 'NONE',  ( 4.475989276010975182, 8.942344211728530112, 11.58000000000000007 ) ) ;
#3659 = CARTESIAN_POINT ( 'NONE',  ( 29.75402433804205060, 38.80038569686185213, 7.329082498301850102 ) ) ;
#3660 = ORIENTED_EDGE ( 'NONE', *, *, #5338, .F. ) ;
#3661 = AXIS2_PLACEMENT_3D ( 'NONE', #5703, #1660, #5251 ) ;
#3662 = ORIENTED_EDGE ( 'NONE', *, *, #5680, .T. ) ;
#3663 = EDGE_CURVE ( 'NONE', #2054, #3599, #2613, .T. ) ;
#3664 = ORIENTED_EDGE ( 'NONE', *, *, #2938, .F. ) ;
#3665 = ORIENTED_EDGE ( 'NONE', *, *, #3201, .T. ) ;
#3666 = EDGE_CURVE ( 'NONE', #1760, #2521, #3681, .T. ) ;
#3667 = DIRECTION ( 'NONE',  ( 0.000000000000000000, 0.000000000000000000, 1.000000000000000000 ) ) ;
#3668 = CARTESIAN_POINT ( 'NONE',  ( 63.32488868774474611, 12.46796595229001348, -1.598562257708770806 ) ) ;
#3669 = VERTEX_POINT ( 'NONE', #2137 ) ;
#3670 = FACE_OUTER_BOUND ( 'NONE', #5728, .T. ) ;
#3671 = VECTOR ( 'NONE', #4503, 1000.000000000000114 ) ;
#3672 = DIRECTION ( 'NONE',  ( 1.000000000000000000, 0.000000000000000000, 0.000000000000000000 ) ) ;
#3673 = DIRECTION ( 'NONE',  ( -1.000000000000000000, 1.224646799147349509E-16, 0.000000000000000000 ) ) ;
#3674 = CARTESIAN_POINT ( 'NONE',  ( 19.75624584745518320, -10.50907896070934022, -11.42770624333799390 ) ) ;
#3675 = VECTOR ( 'NONE', #4852, 999.9999999999998863 ) ;
#3676 = ADVANCED_FACE ( 'NONE', ( #3057 ), #1609, .T. ) ;
#3677 = CARTESIAN_POINT ( 'NONE',  ( -10.32975257755262000, -4.614091296908509499, 12.05645558912031845 ) ) ;
#3678 = ORIENTED_EDGE ( 'NONE', *, *, #3747, .F. ) ;
#3679 = CARTESIAN_POINT ( 'NONE',  ( -22.00617302701296651, -74.28214396246964668, -3.435140078228478000 ) ) ;
#3680 = CARTESIAN_POINT ( 'NONE',  ( -19.38420463070664823, -11.19147576156525936, -11.35262636160330096 ) ) ;
#3681 = CIRCLE ( 'NONE', #1370, 77.50000000000000000 ) ;
#3682 = ADVANCED_FACE ( 'NONE', ( #240 ), #4751, .F. ) ;
#3683 = VERTEX_POINT ( 'NONE', #2203 ) ;
#3684 = CYLINDRICAL_SURFACE ( 'NONE', #1257, 64.50000000000000000 ) ;
#3685 = CARTESIAN_POINT ( 'NONE',  ( 74.43604214391356777, 17.65008866690260092, 2.700000000000001066 ) ) ;
#3686 = ORIENTED_EDGE ( 'NONE', *, *, #3277, .T. ) ;
#3687 = CARTESIAN_POINT ( 'NONE',  ( 20.93852733846763670, -61.62252147248203471, -2.402804332918566654 ) ) ;
#3688 = DIRECTION ( 'NONE',  ( 0.000000000000000000, 0.000000000000000000, 1.000000000000000000 ) ) ;
#3689 = DIRECTION ( 'NONE',  ( -0.9249529466333913374, -0.3800816313822686920, 0.000000000000000000 ) ) ;
#3690 = CARTESIAN_POINT ( 'NONE',  ( 49.64707533962491226, 43.80576700167497251, -2.700000000000001066 ) ) ;
#3691 = CARTESIAN_POINT ( 'NONE',  ( 57.08957099096649301, 50.92181147668843266, 2.700000000000001066 ) ) ;
#3692 = CARTESIAN_POINT ( 'NONE',  ( 2.313907855301844840, 22.27467316231244965, 11.58000000000000007 ) ) ;
#3693 = CARTESIAN_POINT ( 'NONE',  ( 15.79203733971028178, -75.87398471585103721, 3.700000000000001954 ) ) ;
#3694 = ORIENTED_EDGE ( 'NONE', *, *, #1146, .F. ) ;
#3695 = ORIENTED_EDGE ( 'NONE', *, *, #2496, .T. ) ;
#3696 = ORIENTED_EDGE ( 'NONE', *, *, #5400, .F. ) ;
#3697 = ORIENTED_EDGE ( 'NONE', *, *, #2774, .F. ) ;
#3698 = EDGE_CURVE ( 'NONE', #3804, #2381, #328, .T. ) ;
#3699 = CARTESIAN_POINT ( 'NONE',  ( 22.00819263282773264, -74.30941701450998949, 3.816639643088854950 ) ) ;
#3700 = CARTESIAN_POINT ( 'NONE',  ( 42.42723811148027124, 48.58167829780843050, -2.700000000000000178 ) ) ;
#3701 = ORIENTED_EDGE ( 'NONE', *, *, #805, .T. ) ;
#3702 = EDGE_CURVE ( 'NONE', #1030, #1850, #4517, .T. ) ;
#3703 = LINE ( 'NONE', #3413, #239 ) ;
#3704 = CIRCLE ( 'NONE', #4474, 64.50000000000000000 ) ;
#3705 = VECTOR ( 'NONE', #654, 1000.000000000000000 ) ;
#3706 = CARTESIAN_POINT ( 'NONE',  ( 5.740178428435158686, 22.52332668258215875, -10.79796036138131932 ) ) ;
#3707 = FACE_OUTER_BOUND ( 'NONE', #4318, .T. ) ;
#3708 = CARTESIAN_POINT ( 'NONE',  ( -43.10502273909933280, 49.10479815372540457, -2.550567172170614683 ) ) ;
#3709 = CARTESIAN_POINT ( 'NONE',  ( -57.81277958042404919, 51.61329787162705429, -16.00000000000000000 ) ) ;
#3710 = DIRECTION ( 'NONE',  ( 0.000000000000000000, 0.000000000000000000, 1.000000000000000000 ) ) ;
#3711 = ORIENTED_EDGE ( 'NONE', *, *, #5164, .F. ) ;
#3712 = EDGE_CURVE ( 'NONE', #5814, #4170, #4390, .T. ) ;
#3713 = VECTOR ( 'NONE', #215, 1000.000000000000114 ) ;
#3714 = CARTESIAN_POINT ( 'NONE',  ( -16.35785556581524958, -27.56975627347355129, -9.456346035045680054 ) ) ;
#3715 = EDGE_CURVE ( 'NONE', #1907, #5554, #1178, .T. ) ;
#3716 = ORIENTED_EDGE ( 'NONE', *, *, #3277, .F. ) ;
#3717 = FACE_OUTER_BOUND ( 'NONE', #5675, .T. ) ;
#3718 = ADVANCED_FACE ( 'NONE', ( #3159 ), #4946, .T. ) ;
#3719 = CARTESIAN_POINT ( 'NONE',  ( 74.55636875348194792, 17.70816591289176145, 2.700000000000000622 ) ) ;
#3720 = ORIENTED_EDGE ( 'NONE', *, *, #5388, .F. ) ;
#3721 = AXIS2_PLACEMENT_3D ( 'NONE', #3282, #4298, #492 ) ;
#3722 = DIRECTION ( 'NONE',  ( 0.000000000000000000, 0.000000000000000000, -1.000000000000000000 ) ) ;
#3723 = CARTESIAN_POINT ( 'NONE',  ( 50.11597355281160304, 54.01379544312889891, 11.58000000000000007 ) ) ;
#3724 = DIRECTION ( 'NONE',  ( -0.9130524929214650642, -0.4078420590987375527, 0.000000000000000000 ) ) ;
#3725 = DIRECTION ( 'NONE',  ( 0.000000000000000000, 0.000000000000000000, -1.000000000000000000 ) ) ;
#3726 = EDGE_CURVE ( 'NONE', #2761, #1784, #2107, .T. ) ;
#3727 = DIRECTION ( 'NONE',  ( 0.000000000000000000, 0.000000000000000000, 1.000000000000000000 ) ) ;
#3728 = ORIENTED_EDGE ( 'NONE', *, *, #3965, .F. ) ;
#3729 = VECTOR ( 'NONE', #825, 1000.000000000000000 ) ;
#3730 = ORIENTED_EDGE ( 'NONE', *, *, #976, .F. ) ;
#3731 = ORIENTED_EDGE ( 'NONE', *, *, #629, .T. ) ;
#3732 = ORIENTED_EDGE ( 'NONE', *, *, #1323, .F. ) ;
#3733 = LINE ( 'NONE', #5250, #5760 ) ;
#3734 = LINE ( 'NONE', #4267, #3815 ) ;
#3735 = ORIENTED_EDGE ( 'NONE', *, *, #4605, .T. ) ;
#3736 = PLANE ( 'NONE',  #5672 ) ;
#3737 = DIRECTION ( 'NONE',  ( 0.000000000000000000, 0.000000000000000000, 1.000000000000000000 ) ) ;
#3738 = LINE ( 'NONE', #2831, #477 ) ;
#3739 = DIRECTION ( 'NONE',  ( 0.1333161250278181442, 0.9910735647809234550, 0.000000000000000000 ) ) ;
#3740 = CARTESIAN_POINT ( 'NONE',  ( 61.94996622904486117, 20.75970317241265661, 2.548498792587414741 ) ) ;
#3741 = CIRCLE ( 'NONE', #4197, 11.99999999999999645 ) ;
#3742 = CARTESIAN_POINT ( 'NONE',  ( -75.16975625611217993, 18.00422558751176183, 3.080606740574598490 ) ) ;
#3743 = VERTEX_POINT ( 'NONE', #3506 ) ;
#3744 = DIRECTION ( 'NONE',  ( 1.000000000000000000, 0.000000000000000000, 0.000000000000000000 ) ) ;
#3745 = EDGE_CURVE ( 'NONE', #3000, #4806, #12, .T. ) ;
#3746 = EDGE_CURVE ( 'NONE', #3516, #4420, #4990, .T. ) ;
#3747 = EDGE_CURVE ( 'NONE', #678, #133, #2505, .T. ) ;
#3748 = EDGE_LOOP ( 'NONE', ( #3785, #1474, #1485, #5079 ) ) ;
#3749 = CARTESIAN_POINT ( 'NONE',  ( -2.329778827326864921, 22.42745397154639875, 11.12841576485195993 ) ) ;
#3750 = CARTESIAN_POINT ( 'NONE',  ( -12.91025832894203873, -63.38858209904960006, 1.956245244850344012 ) ) ;
#3751 = ORIENTED_EDGE ( 'NONE', *, *, #3201, .F. ) ;
#3752 = CARTESIAN_POINT ( 'NONE',  ( -48.32195451862021685, 42.78302764656214663, 1.595345417121420306 ) ) ;
#3753 = CARTESIAN_POINT ( 'NONE',  ( 13.05886361622831870, -64.49331546709025531, 2.699999999999997513 ) ) ;
#3754 = CARTESIAN_POINT ( 'NONE',  ( 62.76044472552499798, 21.09274496687759992, 11.58000000000000007 ) ) ;
#3755 = CARTESIAN_POINT ( 'NONE',  ( -65.84531535217739417, 13.50365958609459938, -2.700000000000001066 ) ) ;
#3756 = ORIENTED_EDGE ( 'NONE', *, *, #4388, .T. ) ;
#3757 = VECTOR ( 'NONE', #2722, 1000.000000000000000 ) ;
#3758 = ORIENTED_EDGE ( 'NONE', *, *, #4850, .T. ) ;
#3759 = EDGE_CURVE ( 'NONE', #5589, #882, #5342, .T. ) ;
#3760 = CARTESIAN_POINT ( 'NONE',  ( -57.66773452077828921, 51.47461494271809102, 3.085265855824344428 ) ) ;
#3761 = VECTOR ( 'NONE', #5741, 1000.000000000000000 ) ;
#3762 = ORIENTED_EDGE ( 'NONE', *, *, #798, .F. ) ;
#3763 = AXIS2_PLACEMENT_3D ( 'NONE', #1630, #1170, #1230 ) ;
#3764 = LINE ( 'NONE', #5592, #4495 ) ;
#3765 = CARTESIAN_POINT ( 'NONE',  ( 12.96327785837815760, -63.78272987397402716, -2.393957509419883944 ) ) ;
#3766 = ORIENTED_EDGE ( 'NONE', *, *, #5968, .T. ) ;
#3767 = MANIFOLD_SOLID_BREP ( 'Wheel Rim', #747 ) ;
#3768 = DIRECTION ( 'NONE',  ( 0.000000000000000000, 0.000000000000000000, 1.000000000000000000 ) ) ;
#3769 = CARTESIAN_POINT ( 'NONE',  ( 13.83122605146198048, -10.02341889911700079, -11.58000000000000007 ) ) ;
#3770 = CARTESIAN_POINT ( 'NONE',  ( -6.669466760310849729, 10.63528851702329980, 11.58000000000000007 ) ) ;
#3771 = CARTESIAN_POINT ( 'NONE',  ( -75.35793919139108255, 18.09505459584467957, 3.700000000000001954 ) ) ;
#3772 = VERTEX_POINT ( 'NONE', #5780 ) ;
#3773 = SURFACE_STYLE_USAGE ( .BOTH. , #77 ) ;
#3774 = B_SPLINE_CURVE_WITH_KNOTS ( 'NONE', 3,
 ( #4839, #770, #5382, #5774, #680, #2044, #3072, #711, #1626, #5860, #2958, #4007, #4868, #3559 ),
 .UNSPECIFIED., .F., .F.,
 ( 4, 2, 2, 2, 2, 2, 4 ),
 ( 4.336808689942017736E-19, 0.0002956823241114675560, 0.0005913646482229346782, 0.0008870469723344016379, 0.001182729296445868923, 0.001774093944668802192, 0.002365458592891735677 ),
 .UNSPECIFIED. ) ;
#3775 = ORIENTED_EDGE ( 'NONE', *, *, #2938, .T. ) ;
#3776 = DIRECTION ( 'NONE',  ( 0.000000000000000000, 0.000000000000000000, 1.000000000000000000 ) ) ;
#3777 = EDGE_CURVE ( 'NONE', #3305, #1030, #748, .T. ) ;
#3778 = LINE ( 'NONE', #5633, #2238 ) ;
#3779 = ORIENTED_EDGE ( 'NONE', *, *, #170, .F. ) ;
#3780 = CARTESIAN_POINT ( 'NONE',  ( -48.29029604988339486, 42.75859337507043989, 1.199999999999999289 ) ) ;
#3781 = VECTOR ( 'NONE', #1998, 1000.000000000000114 ) ;
#3782 = LINE ( 'NONE', #3917, #853 ) ;
#3783 = CARTESIAN_POINT ( 'NONE',  ( 0.000000000000000000, 0.000000000000000000, 11.58000000000000007 ) ) ;
#3784 = CARTESIAN_POINT ( 'NONE',  ( -14.69037456587059864, -71.36007333919378937, 11.58000000000000007 ) ) ;
#3785 = ORIENTED_EDGE ( 'NONE', *, *, #4557, .F. ) ;
#3786 = ORIENTED_EDGE ( 'NONE', *, *, #5388, .T. ) ;
#3787 = LINE ( 'NONE', #114, #561 ) ;
#3788 = ORIENTED_EDGE ( 'NONE', *, *, #619, .F. ) ;
#3789 = CARTESIAN_POINT ( 'NONE',  ( -13.83122605146200002, -10.02341889911700079, 11.58000000000000007 ) ) ;
#3790 = CYLINDRICAL_SURFACE ( 'NONE', #3429, 92.50000000000000000 ) ;
#3791 = DIRECTION ( 'NONE',  ( 1.000000000000000000, 0.000000000000000000, 0.000000000000000000 ) ) ;
#3792 = ORIENTED_EDGE ( 'NONE', *, *, #5736, .F. ) ;
#3793 = VECTOR ( 'NONE', #2399, 1000.000000000000114 ) ;
#3794 = FACE_OUTER_BOUND ( 'NONE', #3482, .T. ) ;
#3795 = LINE ( 'NONE', #5654, #5106 ) ;
#3796 = CARTESIAN_POINT ( 'NONE',  ( -42.59035630309700338, 48.70757428514551179, -1.958466337067096719 ) ) ;
#3797 = CARTESIAN_POINT ( 'NONE',  ( -18.25785546790195113, -13.23137463543736025, -11.57032204158815958 ) ) ;
#3798 = ORIENTED_EDGE ( 'NONE', *, *, #151, .T. ) ;
#3799 = VECTOR ( 'NONE', #5946, 1000.000000000000000 ) ;
#3800 = VECTOR ( 'NONE', #1570, 1000.000000000000000 ) ;
#3801 = FACE_OUTER_BOUND ( 'NONE', #4639, .T. ) ;
#3802 = AXIS2_PLACEMENT_3D ( 'NONE', #2872, #3594, #1169 ) ;
#3803 = AXIS2_PLACEMENT_3D ( 'NONE', #5293, #4864, #2954 ) ;
#3804 = VERTEX_POINT ( 'NONE', #2595 ) ;
#3805 = CARTESIAN_POINT ( 'NONE',  ( 16.63568387063443055, -16.23280368257132977, 10.79796036138131754 ) ) ;
#3806 = ORIENTED_EDGE ( 'NONE', *, *, #4000, .F. ) ;
#3807 = CARTESIAN_POINT ( 'NONE',  ( -1.554077693883269884, 22.37879379940902780, -11.20554402546022921 ) ) ;
#3808 = CARTESIAN_POINT ( 'NONE',  ( -18.25785546790195113, -13.23137463543736025, 11.57032204158815958 ) ) ;
#3809 = ORIENTED_EDGE ( 'NONE', *, *, #4435, .F. ) ;
#3810 = ORIENTED_EDGE ( 'NONE', *, *, #4897, .F. ) ;
#3811 = LINE ( 'NONE', #5697, #1235 ) ;
#3812 = VERTEX_POINT ( 'NONE', #1604 ) ;
#3813 = CARTESIAN_POINT ( 'NONE',  ( 21.99846174788886799, -74.17800972235437484, 3.191717587168792836 ) ) ;
#3814 = FACE_OUTER_BOUND ( 'NONE', #5125, .T. ) ;
#3815 = VECTOR ( 'NONE', #3363, 1000.000000000000000 ) ;
#3816 = DIRECTION ( 'NONE',  ( 0.000000000000000000, 0.9930250925196359990, -0.1179032044787941963 ) ) ;
#3817 = ORIENTED_EDGE ( 'NONE', *, *, #1156, .F. ) ;
#3818 = B_SPLINE_CURVE_WITH_KNOTS ( 'NONE', 3,
 ( #5669, #600, #5189, #574, #3760, #1089, #1488, #5616 ),
 .UNSPECIFIED., .F., .F.,
 ( 4, 2, 2, 4 ),
 ( 1.734723475976807094E-18, 0.0003906555602599925394, 0.0007813111205199833442, 0.001562622241039954979 ),
 .UNSPECIFIED. ) ;
#3819 = EDGE_CURVE ( 'NONE', #2852, #2868, #1234, .T. ) ;
#3820 = LINE ( 'NONE', #5676, #1159 ) ;
#3821 = CARTESIAN_POINT ( 'NONE',  ( 73.57984730464863787, 24.25339252702986670, 3.438288436357167743 ) ) ;
#3822 = CARTESIAN_POINT ( 'NONE',  ( -74.85877361847418854, 20.17385953622580175, -3.777295774188603517 ) ) ;
#3823 = ADVANCED_FACE ( 'NONE', ( #4442 ), #2894, .T. ) ;
#3824 = DIRECTION ( 'NONE',  ( -0.9005852208758917676, -0.4346794910504994114, 0.000000000000000000 ) ) ;
#3825 = EDGE_CURVE ( 'NONE', #3416, #295, #4143, .T. ) ;
#3826 = EDGE_LOOP ( 'NONE', ( #5412, #2250, #4775, #1905, #2108 ) ) ;
#3827 = ADVANCED_FACE ( 'NONE', ( #876 ), #4633, .T. ) ;
#3828 = CARTESIAN_POINT ( 'NONE',  ( 0.7769935733767481256, 22.36395026766172478, 11.42770624333799567 ) ) ;
#3829 = ORIENTED_EDGE ( 'NONE', *, *, #3002, .T. ) ;
#3830 = DIRECTION ( 'NONE',  ( -0.000000000000000000, -0.000000000000000000, -1.000000000000000000 ) ) ;
#3831 = ORIENTED_EDGE ( 'NONE', *, *, #3397, .F. ) ;
#3832 = VECTOR ( 'NONE', #2172, 1000.000000000000114 ) ;
#3833 = CARTESIAN_POINT ( 'NONE',  ( -15.67427426556865910, -75.39146675051644308, -2.826194432022890446 ) ) ;
#3834 = LINE ( 'NONE', #4232, #5930 ) ;
#3835 = ORIENTED_EDGE ( 'NONE', *, *, #3012, .T. ) ;
#3836 = ADVANCED_FACE ( 'NONE', ( #5992 ), #846, .F. ) ;
#3837 = ORIENTED_EDGE ( 'NONE', *, *, #3284, .F. ) ;
#3838 = EDGE_CURVE ( 'NONE', #4344, #4691, #2421, .T. ) ;
#3839 = CARTESIAN_POINT ( 'NONE',  ( -11.66104774362679919, -5.208753888609679805, -12.18631237172819937 ) ) ;
#3840 = EDGE_LOOP ( 'NONE', ( #1055, #2293, #1450, #2094, #3972 ) ) ;
#3841 = CARTESIAN_POINT ( 'NONE',  ( 21.94245904566720995, -73.42174104806551327, 2.700000000000000178 ) ) ;
#3842 = CARTESIAN_POINT ( 'NONE',  ( -69.14482361059779691, 22.95779910444420224, 11.58000000000000007 ) ) ;
#3843 = CARTESIAN_POINT ( 'NONE',  ( 48.32827829050270907, 42.78790838669875995, 1.588432000007085065 ) ) ;
#3844 = VERTEX_POINT ( 'NONE', #5866 ) ;
#3845 = EDGE_CURVE ( 'NONE', #4596, #460, #4394, .T. ) ;
#3846 = VECTOR ( 'NONE', #5711, 1000.000000000000227 ) ;
#3847 = AXIS2_PLACEMENT_3D ( 'NONE', #4602, #4141, #3239 ) ;
#3848 = EDGE_CURVE ( 'NONE', #4782, #3217, #1719, .T. ) ;
#3849 = PLANE ( 'NONE',  #2217 ) ;
#3850 = DIRECTION ( 'NONE',  ( 0.9249529466333913374, 0.3800816313822686920, 0.000000000000000000 ) ) ;
#3851 = CARTESIAN_POINT ( 'NONE',  ( 62.38228137689818453, 20.93735009733507724, -2.699999999999998401 ) ) ;
#3852 = CARTESIAN_POINT ( 'NONE',  ( -73.50038156023943259, 24.23017837917415918, 3.176862691940923966 ) ) ;
#3853 = CARTESIAN_POINT ( 'NONE',  ( -42.72943729536333990, 48.81491816057499733, 2.196394173759312007 ) ) ;
#3854 = CARTESIAN_POINT ( 'NONE',  ( -19.38420463070664823, -11.19147576156525936, 11.35262636160330096 ) ) ;
#3855 = AXIS2_PLACEMENT_3D ( 'NONE', #4127, #5140, #1011 ) ;
#3856 = EDGE_CURVE ( 'NONE', #2749, #84, #813, .T. ) ;
#3857 = ORIENTED_EDGE ( 'NONE', *, *, #4673, .F. ) ;
#3858 = AXIS2_PLACEMENT_3D ( 'NONE', #2095, #3894, #3948 ) ;
#3859 = ORIENTED_EDGE ( 'NONE', *, *, #5684, .T. ) ;
#3860 =( BOUNDED_CURVE ( )  B_SPLINE_CURVE ( 3, ( #5223, #4705, #1063, #4675 ),
 .UNSPECIFIED., .F., .T. ) 
 B_SPLINE_CURVE_WITH_KNOTS ( ( 4, 4 ),
 ( 5.307053505252698145, 5.394151951348334251 ),
 .UNSPECIFIED. ) 
 CURVE ( )  GEOMETRIC_REPRESENTATION_ITEM ( )  RATIONAL_B_SPLINE_CURVE ( ( 1.000000000000000000, 0.9993679216300043189, 0.9993679216300043189, 1.000000000000000000 ) ) 
 REPRESENTATION_ITEM ( '' )  );
#3861 = CARTESIAN_POINT ( 'NONE',  ( -57.81277958042407050, 51.61329787162711824, -3.730156933474056302 ) ) ;
#3862 = DIRECTION ( 'NONE',  ( 1.000000000000000000, 0.000000000000000000, 0.000000000000000000 ) ) ;
#3863 = TOROIDAL_SURFACE ( 'NONE', #4440, 76.50000000000000000, 1.000000000000000000 ) ;
#3864 = VECTOR ( 'NONE', #1261, 1000.000000000000114 ) ;
#3865 = ORIENTED_EDGE ( 'NONE', *, *, #1670, .T. ) ;
#3866 = ORIENTED_EDGE ( 'NONE', *, *, #2223, .T. ) ;
#3867 = CARTESIAN_POINT ( 'NONE',  ( 48.88511226346791005, 43.21767751370077093, -2.502543056173716529 ) ) ;
#3868 = VECTOR ( 'NONE', #4604, 1000.000000000000000 ) ;
#3869 = DIRECTION ( 'NONE',  ( 0.000000000000000000, 0.000000000000000000, 1.000000000000000000 ) ) ;
#3870 = VERTEX_POINT ( 'NONE', #383 ) ;
#3871 = PLANE ( 'NONE',  #4144 ) ;
#3872 = DIRECTION ( 'NONE',  ( 1.000000000000000000, 0.000000000000000000, 0.000000000000000000 ) ) ;
#3873 = AXIS2_PLACEMENT_3D ( 'NONE', #1397, #2194, #4509 ) ;
#3874 = LINE ( 'NONE', #1206, #1451 ) ;
#3875 = VERTEX_POINT ( 'NONE', #2753 ) ;
#3876 = EDGE_CURVE ( 'NONE', #5434, #3040, #1271, .T. ) ;
#3877 = CARTESIAN_POINT ( 'NONE',  ( 73.41219145080508213, 24.20441560233178180, 3.085265855824339543 ) ) ;
#3878 = DIRECTION ( 'NONE',  ( 1.000000000000000000, 0.000000000000000000, 0.000000000000000000 ) ) ;
#3879 = CARTESIAN_POINT ( 'NONE',  ( 0.000000000000000000, 0.000000000000000000, 4.000000000000000000 ) ) ;
#3880 = EDGE_LOOP ( 'NONE', ( #3678, #5895, #4825, #4460 ) ) ;
#3881 = LINE ( 'NONE', #4423, #145 ) ;
#3882 = DIRECTION ( 'NONE',  ( -0.8942138618552126772, 0.4316042694810018343, 0.1187405736543211549 ) ) ;
#3883 = DIRECTION ( 'NONE',  ( -0.9714852113679698364, 0.2371001562490649694, 0.000000000000000000 ) ) ;
#3884 = VECTOR ( 'NONE', #4066, 1000.000000000000000 ) ;
#3885 = ORIENTED_EDGE ( 'NONE', *, *, #1826, .T. ) ;
#3886 = EDGE_CURVE ( 'NONE', #5495, #4515, #4102, .T. ) ;
#3887 = VECTOR ( 'NONE', #1945, 1000.000000000000000 ) ;
#3888 = CARTESIAN_POINT ( 'NONE',  ( -51.00918070920749869, 7.407195675112530076, -7.001388294073090712 ) ) ;
#3889 = CARTESIAN_POINT ( 'NONE',  ( -32.05503709188110406, -0.3814403346959049923, 9.456346035045680054 ) ) ;
#3890 = AXIS2_PLACEMENT_3D ( 'NONE', #2926, #87, #3356 ) ;
#3891 = EDGE_CURVE ( 'NONE', #3375, #1711, #3435, .T. ) ;
#3892 = ORIENTED_EDGE ( 'NONE', *, *, #786, .T. ) ;
#3893 = ORIENTED_EDGE ( 'NONE', *, *, #337, .F. ) ;
#3894 = DIRECTION ( 'NONE',  ( 0.9946476834080687501, -0.1033246625494719656, 0.000000000000000000 ) ) ;
#3895 = LINE ( 'NONE', #1600, #5163 ) ;
#3896 = ORIENTED_EDGE ( 'NONE', *, *, #2829, .T. ) ;
#3897 = CARTESIAN_POINT ( 'NONE',  ( 10.29381714761439959, -4.598039668054499707, 11.58000000000000007 ) ) ;
#3898 = FACE_OUTER_BOUND ( 'NONE', #1308, .T. ) ;
#3899 = DIRECTION ( 'NONE',  ( -0.1033246625494719656, -0.9946476834080687501, 0.000000000000000000 ) ) ;
#3900 = DIRECTION ( 'NONE',  ( 0.000000000000000000, 0.000000000000000000, -1.000000000000000000 ) ) ;
#3901 = CARTESIAN_POINT ( 'NONE',  ( 48.88143132478010244, 43.21483653437262262, 2.510770646708683884 ) ) ;
#3902 = ORIENTED_EDGE ( 'NONE', *, *, #1495, .F. ) ;
#3903 = ORIENTED_EDGE ( 'NONE', *, *, #3136, .T. ) ;
#3904 = AXIS2_PLACEMENT_3D ( 'NONE', #5706, #5198, #3850 ) ;
#3905 = FACE_OUTER_BOUND ( 'NONE', #2701, .T. ) ;
#3906 = DIRECTION ( 'NONE',  ( 0.000000000000000000, 0.9930250925196359990, -0.1179032044787941963 ) ) ;
#3907 = CARTESIAN_POINT ( 'NONE',  ( 22.00819263282770422, -74.30941701451001791, 3.700000000000001954 ) ) ;
#3908 = ORIENTED_EDGE ( 'NONE', *, *, #2904, .F. ) ;
#3909 = AXIS2_PLACEMENT_3D ( 'NONE', #1994, #5161, #1439 ) ;
#3910 = LINE ( 'NONE', #3401, #5972 ) ;
#3911 = LINE ( 'NONE', #3374, #3419 ) ;
#3912 = AXIS2_PLACEMENT_3D ( 'NONE', #1977, #1588, #5313 ) ;
#3913 = DIRECTION ( 'NONE',  ( 1.000000000000000000, 0.000000000000000000, 0.000000000000000000 ) ) ;
#3914 = ORIENTED_EDGE ( 'NONE', *, *, #4455, .F. ) ;
#3915 = ORIENTED_EDGE ( 'NONE', *, *, #3965, .T. ) ;
#3916 = ADVANCED_FACE ( 'NONE', ( #1335 ), #3178, .F. ) ;
#3917 = CARTESIAN_POINT ( 'NONE',  ( 30.15717572388484768, 39.11154131515264964, 2.700000000000001066 ) ) ;
#3918 = EDGE_CURVE ( 'NONE', #662, #4117, #2539, .T. ) ;
#3919 = CARTESIAN_POINT ( 'NONE',  ( -2.329778827326864921, 22.42745397154639875, -11.57032204158815958 ) ) ;
#3920 = ORIENTED_EDGE ( 'NONE', *, *, #1121, .F. ) ;
#3921 = ORIENTED_EDGE ( 'NONE', *, *, #2182, .F. ) ;
#3922 = CARTESIAN_POINT ( 'NONE',  ( 75.35793919139113939, 18.09505459584464049, 3.816639643088850509 ) ) ;
#3923 = DIRECTION ( 'NONE',  ( 1.000000000000000000, 0.000000000000000000, 0.000000000000000000 ) ) ;
#3924 = VERTEX_POINT ( 'NONE', #3690 ) ;
#3925 = CARTESIAN_POINT ( 'NONE',  ( 43.03220660973407519, 49.04859805482998780, -2.513328204073530969 ) ) ;
#3926 = DIRECTION ( 'NONE',  ( 0.07384912868412257803, 0.9972694250765916646, -0.000000000000000000 ) ) ;
#3927 = CARTESIAN_POINT ( 'NONE',  ( -52.72219486479428951, 55.78731650966246747, 2.725244721246030455 ) ) ;
#3928 = CARTESIAN_POINT ( 'NONE',  ( -52.72365718173236360, 55.78831160930488409, -2.725829105101458261 ) ) ;
#3929 = CARTESIAN_POINT ( 'NONE',  ( -97.70000000000000284, 1.196479922766964259E-14, -15.00000000000000000 ) ) ;
#3930 = CARTESIAN_POINT ( 'NONE',  ( 48.29801964102786371, 42.76455450744492737, 1.396641109845317086 ) ) ;
#3931 = ORIENTED_EDGE ( 'NONE', *, *, #3886, .F. ) ;
#3932 =( BOUNDED_CURVE ( )  B_SPLINE_CURVE ( 3, ( #3591, #5443, #2187, #1296 ),
 .UNSPECIFIED., .F., .F. ) 
 B_SPLINE_CURVE_WITH_KNOTS ( ( 4, 4 ),
 ( 2.165460851662904140, 2.252559297758540691 ),
 .UNSPECIFIED. ) 
 CURVE ( )  GEOMETRIC_REPRESENTATION_ITEM ( )  RATIONAL_B_SPLINE_CURVE ( ( 1.000000000000000000, 0.9993679216300043189, 0.9993679216300043189, 1.000000000000000000 ) ) 
 REPRESENTATION_ITEM ( '' )  );
#3933 = EDGE_CURVE ( 'NONE', #2852, #2728, #5550, .T. ) ;
#3934 = ORIENTED_EDGE ( 'NONE', *, *, #5136, .T. ) ;
#3935 = LINE ( 'NONE', #2603, #3195 ) ;
#3936 = FACE_OUTER_BOUND ( 'NONE', #5660, .T. ) ;
#3937 = CARTESIAN_POINT ( 'NONE',  ( 21.22814543047354974, -63.77554560823040219, 5.079798781868669622 ) ) ;
#3938 = ORIENTED_EDGE ( 'NONE', *, *, #2362, .T. ) ;
#3939 = VECTOR ( 'NONE', #1134, 1000.000000000000000 ) ;
#3940 = DIRECTION ( 'NONE',  ( 1.000000000000000000, 0.000000000000000000, 0.000000000000000000 ) ) ;
#3941 = VECTOR ( 'NONE', #94, 1000.000000000000000 ) ;
#3942 = CARTESIAN_POINT ( 'NONE',  ( -19.38420463070664823, -11.19147576156525936, 11.35262636160330096 ) ) ;
#3943 = CARTESIAN_POINT ( 'NONE',  ( -57.27872632238911166, 51.10266986265837375, -2.725960673943552237 ) ) ;
#3944 = ORIENTED_EDGE ( 'NONE', *, *, #3933, .F. ) ;
#3945 = LINE ( 'NONE', #736, #3027 ) ;
#3946 = ORIENTED_EDGE ( 'NONE', *, *, #5919, .F. ) ;
#3947 = VERTEX_POINT ( 'NONE', #2437 ) ;
#3948 = DIRECTION ( 'NONE',  ( 0.1033246625494719656, 0.9946476834080687501, 0.000000000000000000 ) ) ;
#3949 = CARTESIAN_POINT ( 'NONE',  ( -21.97034081013852003, -73.79826046975504994, 2.823807413761369123 ) ) ;
#3950 = ORIENTED_EDGE ( 'NONE', *, *, #4222, .T. ) ;
#3951 = CARTESIAN_POINT ( 'NONE',  ( 20.85934850864511958, -61.03390516585745473, -2.700000000000000178 ) ) ;
#3952 = CARTESIAN_POINT ( 'NONE',  ( 75.35793919139113939, 18.09505459584464049, 3.816639643088850509 ) ) ;
#3953 = LINE ( 'NONE', #5327, #5879 ) ;
#3954 = DIRECTION ( 'NONE',  ( -3.692152461402916646E-16, -0.9973317958504924752, -0.07300197932680792257 ) ) ;
#3955 = EDGE_CURVE ( 'NONE', #4622, #33, #2741, .T. ) ;
#3956 = LINE ( 'NONE', #1690, #5945 ) ;
#3957 = CYLINDRICAL_SURFACE ( 'NONE', #3661, 26.76213688802225477 ) ;
#3958 = ORIENTED_EDGE ( 'NONE', *, *, #2555, .T. ) ;
#3959 = VECTOR ( 'NONE', #417, 1000.000000000000000 ) ;
#3960 = VERTEX_POINT ( 'NONE', #5609 ) ;
#3961 = EDGE_CURVE ( 'NONE', #3960, #4562, #2379, .T. ) ;
#3962 = AXIS2_PLACEMENT_3D ( 'NONE', #5900, #1842, #449 ) ;
#3963 = FACE_BOUND ( 'NONE', #5488, .T. ) ;
#3964 = LINE ( 'NONE', #362, #1425 ) ;
#3965 = EDGE_CURVE ( 'NONE', #4816, #850, #5154, .T. ) ;
#3966 = ORIENTED_EDGE ( 'NONE', *, *, #596, .F. ) ;
#3967 = EDGE_CURVE ( 'NONE', #1535, #2121, #996, .T. ) ;
#3968 = CARTESIAN_POINT ( 'NONE',  ( 55.80130452985579836, 49.69005241865269795, -4.061698908049449663 ) ) ;
#3969 = CIRCLE ( 'NONE', #3503, 76.50000000000000000 ) ;
#3970 = CYLINDRICAL_SURFACE ( 'NONE', #4979, 26.76213688802224411 ) ;
#3971 = CARTESIAN_POINT ( 'NONE',  ( -2.329778827326864921, 22.42745397154639875, 11.12841576485195993 ) ) ;
#3972 = ORIENTED_EDGE ( 'NONE', *, *, #1455, .T. ) ;
#3973 = CARTESIAN_POINT ( 'NONE',  ( 2.329778827326880020, 22.42745397154639875, 11.12841576485195993 ) ) ;
#3974 = CARTESIAN_POINT ( 'NONE',  ( -20.85934850864511958, -61.03390516585745473, -2.700000000000000178 ) ) ;
#3975 = CARTESIAN_POINT ( 'NONE',  ( 0.000000000000000000, 0.000000000000000000, -2.700000000000000178 ) ) ;
#3976 = B_SPLINE_CURVE_WITH_KNOTS ( 'NONE', 3,
 ( #4263, #4733, #1602, #3813, #576, #3361, #4295, #144, #3841, #683 ),
 .UNSPECIFIED., .F., .F.,
 ( 4, 2, 2, 2, 4 ),
 ( 2.168404344971008868E-18, 0.0003951855715451777678, 0.0007903711430903533671, 0.001185556714635529075, 0.001580742286180704566 ),
 .UNSPECIFIED. ) ;
#3977 = CARTESIAN_POINT ( 'NONE',  ( 0.000000000000000000, 0.000000000000000000, -20.00000000000000000 ) ) ;
#3978 = EDGE_LOOP ( 'NONE', ( #2988, #3183 ) ) ;
#3979 = LINE ( 'NONE', #4900, #4087 ) ;
#3980 = CARTESIAN_POINT ( 'NONE',  ( 37.04008753396534814, 28.63376137949520128, -7.382251208476880322 ) ) ;
#3981 = TOROIDAL_SURFACE ( 'NONE', #4264, 66.00000000000000000, 1.500000000000000000 ) ;
#3982 = LINE ( 'NONE', #746, #2972 ) ;
#3983 = CARTESIAN_POINT ( 'NONE',  ( -52.50344623654226694, 55.63845912034691565, -2.700000000000001066 ) ) ;
#3984 = DIRECTION ( 'NONE',  ( 1.000000000000000000, 0.000000000000000000, 0.000000000000000000 ) ) ;
#3985 = AXIS2_PLACEMENT_3D ( 'NONE', #1362, #1872, #4665 ) ;
#3986 = LINE ( 'NONE', #2197, #1956 ) ;
#3987 = PRODUCT_DEFINITION_CONTEXT ( 'detailed design', #5517, 'design' ) ;
#3988 = VERTEX_POINT ( 'NONE', #4695 ) ;
#3989 = ORIENTED_EDGE ( 'NONE', *, *, #5349, .F. ) ;
#3990 = EDGE_CURVE ( 'NONE', #2186, #428, #3834, .T. ) ;
#3991 = CARTESIAN_POINT ( 'NONE',  ( 53.34974655856346004, 56.21436241866535255, -3.816639643088842959 ) ) ;
#3992 = FACE_OUTER_BOUND ( 'NONE', #801, .T. ) ;
#3993 = DIRECTION ( 'NONE',  ( 1.000000000000000000, 0.000000000000000000, 0.000000000000000000 ) ) ;
#3994 = EDGE_LOOP ( 'NONE', ( #2542, #4738, #5579, #2073, #3434 ) ) ;
#3995 = EDGE_CURVE ( 'NONE', #401, #1598, #125, .T. ) ;
#3996 = PLANE ( 'NONE',  #3346 ) ;
#3997 = CARTESIAN_POINT ( 'NONE',  ( -13.11336938590015322, -64.89851196855261151, 2.700000000000001066 ) ) ;
#3998 = AXIS2_PLACEMENT_3D ( 'NONE', #2730, #1758, #1314 ) ;
#3999 = EDGE_CURVE ( 'NONE', #2430, #3217, #3511, .T. ) ;
#4000 = EDGE_CURVE ( 'NONE', #2019, #1707, #1429, .T. ) ;
#4001 = DIRECTION ( 'NONE',  ( 1.000000000000000000, 0.000000000000000000, 0.000000000000000000 ) ) ;
#4002 = VERTEX_POINT ( 'NONE', #5183 ) ;
#4003 = B_SPLINE_CURVE_WITH_KNOTS ( 'NONE', 3,
 ( #4015, #3628, #419, #1237, #1751, #2697, #5487, #3598, #4544, #2227, #386, #3081, #2258, #781 ),
 .UNSPECIFIED., .F., .F.,
 ( 4, 2, 2, 2, 2, 2, 4 ),
 ( 4.336808689942017736E-18, 0.0002932293124433604575, 0.0005864586248867165782, 0.0008796879373300725904, 0.001172917249773428169, 0.001759375874660111571, 0.002345834499546794755 ),
 .UNSPECIFIED. ) ;
#4004 = LINE ( 'NONE', #4563, #5979 ) ;
#4005 = FACE_OUTER_BOUND ( 'NONE', #5151, .T. ) ;
#4006 = ORIENTED_EDGE ( 'NONE', *, *, #4828, .T. ) ;
#4007 = CARTESIAN_POINT ( 'NONE',  ( -64.33165850652162021, 12.88166776981486805, -2.660999025887019531 ) ) ;
#4008 = DIRECTION ( 'NONE',  ( -0.8069792858908440003, 0.5848137681575399371, -0.08232428995431868846 ) ) ;
#4009 = ORIENTED_EDGE ( 'NONE', *, *, #2223, .F. ) ;
#4010 = CARTESIAN_POINT ( 'NONE',  ( 42.72943729536333279, 48.81491816057498312, -2.196394173759306234 ) ) ;
#4011 = CARTESIAN_POINT ( 'NONE',  ( -21.93259590737125819, -73.28854778724955565, 2.700000000000001066 ) ) ;
#4012 = DIRECTION ( 'NONE',  ( 0.000000000000000000, 0.000000000000000000, -1.000000000000000000 ) ) ;
#4013 = CARTESIAN_POINT ( 'NONE',  ( 0.000000000000000000, 0.000000000000000000, 1.200000000000000178 ) ) ;
#4014 = DIRECTION ( 'NONE',  ( 1.000000000000000000, 0.000000000000000000, 0.000000000000000000 ) ) ;
#4015 = CARTESIAN_POINT ( 'NONE',  ( -12.88488006795826912, -63.19991982300554412, -1.200000000000000622 ) ) ;
#4016 = ORIENTED_EDGE ( 'NONE', *, *, #3698, .F. ) ;
#4017 = EDGE_CURVE ( 'NONE', #3109, #1436, #2874, .T. ) ;
#4018 = EDGE_CURVE ( 'NONE', #4545, #4592, #4668, .T. ) ;
#4019 = VERTEX_POINT ( 'NONE', #1986 ) ;
#4020 = ORIENTED_EDGE ( 'NONE', *, *, #5827, .T. ) ;
#4021 = ORIENTED_EDGE ( 'NONE', *, *, #5971, .F. ) ;
#4022 = VECTOR ( 'NONE', #3426, 1000.000000000000227 ) ;
#4023 = DIRECTION ( 'NONE',  ( -0.000000000000000000, -0.000000000000000000, -1.000000000000000000 ) ) ;
#4024 = DIRECTION ( 'NONE',  ( 0.7916368216055729157, -0.6109919333986548740, 0.000000000000000000 ) ) ;
#4025 = DIRECTION ( 'NONE',  ( 0.9112455539134910465, -0.4070349360347395584, -0.06288164533542679735 ) ) ;
#4026 = DIRECTION ( 'NONE',  ( 1.000000000000000000, 0.000000000000000000, 0.000000000000000000 ) ) ;
#4027 = ORIENTED_EDGE ( 'NONE', *, *, #4986, .T. ) ;
#4028 = ADVANCED_FACE ( 'NONE', ( #2412 ), #4177, .F. ) ;
#4029 = FACE_OUTER_BOUND ( 'NONE', #2811, .T. ) ;
#4030 = CARTESIAN_POINT ( 'NONE',  ( 36.02415850025544586, 10.10627119803250018, -2.700000000000001066 ) ) ;
#4031 = LINE ( 'NONE', #796, #2734 ) ;
#4032 = ORIENTED_EDGE ( 'NONE', *, *, #1121, .T. ) ;
#4033 = ORIENTED_EDGE ( 'NONE', *, *, #1674, .T. ) ;
#4034 = AXIS2_PLACEMENT_3D ( 'NONE', #2594, #2531, #2100 ) ;
#4035 = LINE ( 'NONE', #867, #2202 ) ;
#4036 = FACE_OUTER_BOUND ( 'NONE', #5820, .T. ) ;
#4037 = EDGE_CURVE ( 'NONE', #5911, #5954, #2839, .T. ) ;
#4038 = VECTOR ( 'NONE', #2023, 1000.000000000000114 ) ;
#4039 = CYLINDRICAL_SURFACE ( 'NONE', #4929, 64.50000000000000000 ) ;
#4040 = DIRECTION ( 'NONE',  ( 1.000000000000000000, 0.000000000000000000, 0.000000000000000000 ) ) ;
#4041 = ORIENTED_EDGE ( 'NONE', *, *, #3402, .F. ) ;
#4042 = DIRECTION ( 'NONE',  ( 0.000000000000000000, 0.000000000000000000, -1.000000000000000000 ) ) ;
#4043 = FACE_OUTER_BOUND ( 'NONE', #516, .T. ) ;
#4044 = CARTESIAN_POINT ( 'NONE',  ( 0.000000000000000000, 0.000000000000000000, 2.700000000000000178 ) ) ;
#4045 = CARTESIAN_POINT ( 'NONE',  ( -15.55479685005096080, -74.90192450767632693, 2.700000000000001066 ) ) ;
#4046 = DIRECTION ( 'NONE',  ( -0.2354353266877395323, -0.9646638016993202003, 0.1182960550417982287 ) ) ;
#4047 = CARTESIAN_POINT ( 'NONE',  ( -10.29381714761439959, -4.598039668054499707, 11.58000000000000007 ) ) ;
#4048 = ORIENTED_EDGE ( 'NONE', *, *, #5714, .T. ) ;
#4049 = CIRCLE ( 'NONE', #2806, 77.50000000000000000 ) ;
#4050 = ORIENTED_EDGE ( 'NONE', *, *, #5083, .F. ) ;
#4051 = ORIENTED_EDGE ( 'NONE', *, *, #3747, .T. ) ;
#4052 = CIRCLE ( 'NONE', #5709, 76.50000000000000000 ) ;
#4053 = ORIENTED_EDGE ( 'NONE', *, *, #4317, .T. ) ;
#4054 =( BOUNDED_CURVE ( )  B_SPLINE_CURVE ( 3, ( #69, #553, #1912, #2393 ),
 .UNSPECIFIED., .F., .T. ) 
 B_SPLINE_CURVE_WITH_KNOTS ( ( 4, 4 ),
 ( 4.030626009421045097, 4.117724455516681203 ),
 .UNSPECIFIED. ) 
 CURVE ( )  GEOMETRIC_REPRESENTATION_ITEM ( )  RATIONAL_B_SPLINE_CURVE ( ( 1.000000000000000000, 0.9993679216300043189, 0.9993679216300043189, 1.000000000000000000 ) ) 
 REPRESENTATION_ITEM ( '' )  );
#4055 = CARTESIAN_POINT ( 'NONE',  ( 1.168956010272860002, 11.25287379542261945, 12.05645558912031845 ) ) ;
#4056 = DIRECTION ( 'NONE',  ( -0.9099532226527546896, -0.4064576778305258320, 0.08232428995431867458 ) ) ;
#4057 = CARTESIAN_POINT ( 'NONE',  ( 0.000000000000000000, 0.000000000000000000, 1.200000000000000178 ) ) ;
#4058 = EDGE_LOOP ( 'NONE', ( #5357, #4387, #2440, #598, #567, #1274, #739, #3579, #2690, #534, #1931, #793 ) ) ;
#4059 = CARTESIAN_POINT ( 'NONE',  ( 9.128927733950970236, -6.615687317718689897, 11.58000000000000007 ) ) ;
#4060 = CIRCLE ( 'NONE', #1840, 64.50000000000000000 ) ;
#4061 = CARTESIAN_POINT ( 'NONE',  ( 42.88110197258254885, -24.00193188609835104, 11.58000000000000007 ) ) ;
#4062 = DIRECTION ( 'NONE',  ( 0.1033246625494719656, 0.9946476834080687501, 0.000000000000000000 ) ) ;
#4063 = ORIENTED_EDGE ( 'NONE', *, *, #2673, .T. ) ;
#4064 = ORIENTED_EDGE ( 'NONE', *, *, #2949, .F. ) ;
#4065 = CARTESIAN_POINT ( 'NONE',  ( -1.606200838410910103, -11.66789116403066018, -11.58000000000000007 ) ) ;
#4066 = DIRECTION ( 'NONE',  ( 0.000000000000000000, 0.000000000000000000, -1.000000000000000000 ) ) ;
#4067 = EDGE_CURVE ( 'NONE', #4545, #538, #4686, .T. ) ;
#4068 = ADVANCED_FACE ( 'NONE', ( #4753 ), #4208, .T. ) ;
#4069 = FACE_OUTER_BOUND ( 'NONE', #1813, .T. ) ;
#4070 = DIRECTION ( 'NONE',  ( 0.000000000000000000, 0.000000000000000000, 1.000000000000000000 ) ) ;
#4071 = VERTEX_POINT ( 'NONE', #28 ) ;
#4072 = DIRECTION ( 'NONE',  ( 0.1333161250278182552, 0.9910735647809233440, -0.000000000000000000 ) ) ;
#4073 = CARTESIAN_POINT ( 'NONE',  ( 13.11336938590016032, -64.89851196855261151, -5.076071568124019606 ) ) ;
#4074 = DIRECTION ( 'NONE',  ( -0.8208871926799778951, 0.5586097860423029360, 0.1187405736543211687 ) ) ;
#4075 = EDGE_CURVE ( 'NONE', #5815, #5511, #5128, .T. ) ;
#4076 = CARTESIAN_POINT ( 'NONE',  ( -15.79203733971028889, -75.87398471585105142, 3.567906166261295198 ) ) ;
#4077 = CARTESIAN_POINT ( 'NONE',  ( -18.25785546790195113, -13.23137463543736025, 11.58000000000000007 ) ) ;
#4078 = EDGE_CURVE ( 'NONE', #2827, #2848, #519, .T. ) ;
#4079 = LINE ( 'NONE', #4480, #898 ) ;
#4080 = ORIENTED_EDGE ( 'NONE', *, *, #2373, .T. ) ;
#4081 = ORIENTED_EDGE ( 'NONE', *, *, #5472, .T. ) ;
#4082 = ORIENTED_EDGE ( 'NONE', *, *, #5472, .F. ) ;
#4083 = AXIS2_PLACEMENT_3D ( 'NONE', #3784, #3883, #1875 ) ;
#4084 = VECTOR ( 'NONE', #3328, 1000.000000000000000 ) ;
#4085 = EDGE_LOOP ( 'NONE', ( #2742, #4033, #704, #2683, #2189 ) ) ;
#4086 = B_SPLINE_CURVE_WITH_KNOTS ( 'NONE', 3,
 ( #1401, #2978, #451, #5995, #4635, #484, #216, #3464, #703, #3584, #5768, #2546, #4922, #4832 ),
 .UNSPECIFIED., .F., .F.,
 ( 4, 2, 2, 2, 2, 2, 4 ),
 ( 0.000000000000000000, 0.0005913705691809976062, 0.0008870558537714864347, 0.001182741138361975263, 0.001478426422952463983, 0.001774111707542952920, 0.002365482276723923204 ),
 .UNSPECIFIED. ) ;
#4087 = VECTOR ( 'NONE', #5448, 1000.000000000000000 ) ;
#4088 = EDGE_CURVE ( 'NONE', #538, #887, #1970, .T. ) ;
#4089 = CARTESIAN_POINT ( 'NONE',  ( 77.50000000000000000, 0.000000000000000000, -3.700000000000000178 ) ) ;
#4090 = DIRECTION ( 'NONE',  ( -0.000000000000000000, -0.000000000000000000, -1.000000000000000000 ) ) ;
#4092 = VERTEX_POINT ( 'NONE', #2552 ) ;
#4091 = AXIS2_PLACEMENT_3D ( 'NONE', #109, #1955, #3271 ) ;
#4093 = CARTESIAN_POINT ( 'NONE',  ( -43.32168078503171671, 49.27201664932559311, 2.660999025887019975 ) ) ;
#4094 =( BOUNDED_CURVE ( )  B_SPLINE_CURVE ( 3, ( #4669, #5290, #2820, #2875 ),
 .UNSPECIFIED., .F., .T. ) 
 B_SPLINE_CURVE_WITH_KNOTS ( ( 4, 4 ),
 ( 0.07149114224669714246, 0.1542247745132254433 ),
 .UNSPECIFIED. ) 
 CURVE ( )  GEOMETRIC_REPRESENTATION_ITEM ( )  RATIONAL_B_SPLINE_CURVE ( ( 1.000000000000000000, 0.9994296768433472700, 0.9994296768433472700, 1.000000000000000000 ) ) 
 REPRESENTATION_ITEM ( '' )  );
#4095 = CARTESIAN_POINT ( 'NONE',  ( -11.15168633643355278, 24.44294532630650352, -10.14422924628220102 ) ) ;
#4096 = CARTESIAN_POINT ( 'NONE',  ( 62.76044472552499798, 21.09274496687759282, 2.700000000000001066 ) ) ;
#4097 = DIRECTION ( 'NONE',  ( 1.000000000000000000, 0.000000000000000000, 0.000000000000000000 ) ) ;
#4098 = ORIENTED_EDGE ( 'NONE', *, *, #5266, .F. ) ;
#4099 = AXIS2_PLACEMENT_3D ( 'NONE', #1996, #1408, #5737 ) ;
#4100 = FACE_OUTER_BOUND ( 'NONE', #5834, .T. ) ;
#4101 = CARTESIAN_POINT ( 'NONE',  ( 0.000000000000000000, 0.000000000000000000, -2.700000000000000178 ) ) ;
#4102 = B_SPLINE_CURVE_WITH_KNOTS ( 'NONE', 3,
 ( #3113, #4076, #2254, #2284, #5005, #4111, #2660, #4045 ),
 .UNSPECIFIED., .F., .F.,
 ( 4, 2, 2, 4 ),
 ( 0.000000000000000000, 0.0003906555602599928647, 0.0007813111205199857294, 0.001562622241039969724 ),
 .UNSPECIFIED. ) ;
#4103 = CIRCLE ( 'NONE', #5576, 1.500000000000000000 ) ;
#4104 = DIRECTION ( 'NONE',  ( -0.4078420590987375527, 0.9130524929214650642, 0.000000000000000000 ) ) ;
#4105 = ADVANCED_FACE ( 'NONE', ( #5351 ), #3468, .F. ) ;
#4106 = CARTESIAN_POINT ( 'NONE',  ( 18.25785546790195113, -13.23137463543739933, -11.12841576485195993 ) ) ;
#4107 = ORIENTED_EDGE ( 'NONE', *, *, #3227, .T. ) ;
#4108 = CARTESIAN_POINT ( 'NONE',  ( 18.13347889190709950, -13.14123956586398023, 11.58000000000000007 ) ) ;
#4109 = FACE_OUTER_BOUND ( 'NONE', #3826, .T. ) ;
#4110 = DIRECTION ( 'NONE',  ( 1.000000000000000000, 0.000000000000000000, 0.000000000000000000 ) ) ;
#4111 = CARTESIAN_POINT ( 'NONE',  ( -15.67884565782735251, -75.41019740023398299, 2.808589616950101675 ) ) ;
#4112 = LINE ( 'NONE', #2661, #1263 ) ;
#4113 = VECTOR ( 'NONE', #2143, 999.9999999999998863 ) ;
#4114 = DIRECTION ( 'NONE',  ( 0.7916368216055729157, -0.6109919333986548740, 0.000000000000000000 ) ) ;
#4115 = ORIENTED_EDGE ( 'NONE', *, *, #1065, .T. ) ;
#4116 = ORIENTED_EDGE ( 'NONE', *, *, #2168, .F. ) ;
#4117 = VERTEX_POINT ( 'NONE', #1681 ) ;
#4118 = ORIENTED_EDGE ( 'NONE', *, *, #337, .T. ) ;
#4119 = CARTESIAN_POINT ( 'NONE',  ( 1.146903615784844084E-14, 22.38295152313055070, -11.35262636160330096 ) ) ;
#4120 = ADVANCED_FACE ( 'NONE', ( #2013 ), #4835, .F. ) ;
#4121 = CARTESIAN_POINT ( 'NONE',  ( 18.25785546790195113, -13.23137463543739933, -11.57032204158815958 ) ) ;
#4122 = ORIENTED_EDGE ( 'NONE', *, *, #3715, .F. ) ;
#4123 = CARTESIAN_POINT ( 'NONE',  ( 15.55479685005096080, -74.90192450767632693, -2.700000000000001066 ) ) ;
#4124 = AXIS2_PLACEMENT_3D ( 'NONE', #5255, #1556, #641 ) ;
#4125 = EDGE_CURVE ( 'NONE', #3683, #607, #3945, .T. ) ;
#4126 = CARTESIAN_POINT ( 'NONE',  ( 66.00000000000000000, 0.000000000000000000, -2.700000000000000178 ) ) ;
#4127 = CARTESIAN_POINT ( 'NONE',  ( -43.31760852752729818, 17.76077607306569917, 7.382251208476880322 ) ) ;
#4128 = CARTESIAN_POINT ( 'NONE',  ( 49.64707533962490515, 43.80576700167494408, 11.58000000000000007 ) ) ;
#4129 = CARTESIAN_POINT ( 'NONE',  ( 42.88110197258254885, -24.00193188609835104, 11.58000000000000007 ) ) ;
#4130 = EDGE_LOOP ( 'NONE', ( #283, #975, #2066, #3276, #5886, #4006, #4768, #4497, #1647, #5843 ) ) ;
#4131 = CARTESIAN_POINT ( 'NONE',  ( -22.00819263282770422, -74.30941701451001791, -3.700000000000000178 ) ) ;
#4132 = DIRECTION ( 'NONE',  ( 1.000000000000000000, 0.000000000000000000, -0.000000000000000000 ) ) ;
#4133 = AXIS2_PLACEMENT_3D ( 'NONE', #5885, #799, #4924 ) ;
#4134 = AXIS2_PLACEMENT_3D ( 'NONE', #3444, #5837, #1657 ) ;
#4135 = ORIENTED_EDGE ( 'NONE', *, *, #4673, .T. ) ;
#4136 = CARTESIAN_POINT ( 'NONE',  ( -44.61716992170384799, 50.27188602213590229, -5.079798781868669622 ) ) ;
#4137 = CARTESIAN_POINT ( 'NONE',  ( -13.03350804735799606, -64.30482188447132330, 2.652328933398603095 ) ) ;
#4138 = ORIENTED_EDGE ( 'NONE', *, *, #1343, .T. ) ;
#4139 = CARTESIAN_POINT ( 'NONE',  ( 20.85934850864512313, -61.03390516585746894, -1.299991467882823049 ) ) ;
#4140 = CARTESIAN_POINT ( 'NONE',  ( 16.35785556581524958, -27.56975627347355129, -9.456346035045680054 ) ) ;
#4141 = DIRECTION ( 'NONE',  ( -0.000000000000000000, -0.000000000000000000, -1.000000000000000000 ) ) ;
#4142 = ADVANCED_FACE ( 'NONE', ( #3042 ), #3437, .T. ) ;
#4143 = LINE ( 'NONE', #2695, #274 ) ;
#4144 = AXIS2_PLACEMENT_3D ( 'NONE', #5757, #5248, #5671 ) ;
#4145 = LINE ( 'NONE', #4419, #1703 ) ;
#4146 = CARTESIAN_POINT ( 'NONE',  ( 54.45444904472720538, 48.40227423474959778, 11.58000000000000007 ) ) ;
#4147 = CARTESIAN_POINT ( 'NONE',  ( 57.81277958042414866, 51.61329787162704008, 3.730156933474054082 ) ) ;
#4148 = ORIENTED_EDGE ( 'NONE', *, *, #3528, .F. ) ;
#4149 = PRESENTATION_LAYER_ASSIGNMENT (  '', '', ( #5713 ) ) ;
#4150 = ORIENTED_EDGE ( 'NONE', *, *, #4455, .T. ) ;
#4151 = EDGE_LOOP ( 'NONE', ( #1636, #204, #1837, #3310 ) ) ;
#4152 = ORIENTED_EDGE ( 'NONE', *, *, #751, .F. ) ;
#4153 = CARTESIAN_POINT ( 'NONE',  ( -37.04008753396534814, 28.63376137949524747, 7.382251208476880322 ) ) ;
#4154 = DIRECTION ( 'NONE',  ( 1.000000000000000000, 1.776356839400250465E-15, 0.000000000000000000 ) ) ;
#4155 = ORIENTED_EDGE ( 'NONE', *, *, #1275, .F. ) ;
#4156 = CARTESIAN_POINT ( 'NONE',  ( 49.17285531410670529, 43.43976001167662560, -2.652328933398608424 ) ) ;
#4157 = ADVANCED_FACE ( 'NONE', ( #627 ), #1648, .F. ) ;
#4158 = EDGE_CURVE ( 'NONE', #3296, #2461, #415, .T. ) ;
#4159 = VECTOR ( 'NONE', #2278, 1000.000000000000114 ) ;
#4160 = FACE_OUTER_BOUND ( 'NONE', #2553, .T. ) ;
#4161 = CARTESIAN_POINT ( 'NONE',  ( 20.88036040992413689, -61.19010787501258619, 1.870514131426949112 ) ) ;
#4162 = CARTESIAN_POINT ( 'NONE',  ( 62.11819716158323246, 20.82883262112772371, 2.623587057957736057 ) ) ;
#4163 = CIRCLE ( 'NONE', #1554, 10.00000000000000000 ) ;
#4164 = CARTESIAN_POINT ( 'NONE',  ( -9.301589737437078398, 7.224956311659050279, -11.58000000000000007 ) ) ;
#4165 = ORIENTED_EDGE ( 'NONE', *, *, #5542, .F. ) ;
#4166 = EDGE_CURVE ( 'NONE', #3669, #2919, #251, .T. ) ;
#4167 = CARTESIAN_POINT ( 'NONE',  ( -22.00819263282770422, -74.30941701451001791, -3.700000000000000178 ) ) ;
#4168 = LINE ( 'NONE', #3264, #5799 ) ;
#4169 = VECTOR ( 'NONE', #5307, 1000.000000000000114 ) ;
#4170 = VERTEX_POINT ( 'NONE', #1109 ) ;
#4171 = FACE_OUTER_BOUND ( 'NONE', #3083, .T. ) ;
#4172 = DIRECTION ( 'NONE',  ( -0.7227807943210241559, 0.6910773642369349989, 0.000000000000000000 ) ) ;
#4173 = ORIENTED_EDGE ( 'NONE', *, *, #3395, .F. ) ;
#4174 = CARTESIAN_POINT ( 'NONE',  ( 20.88030895526348019, -61.18972536048968891, -1.869831954299013166 ) ) ;
#4175 = CARTESIAN_POINT ( 'NONE',  ( 15.69718152606585093, 27.95119660816945029, 11.58000000000000007 ) ) ;
#4176 = DIRECTION ( 'NONE',  ( 0.000000000000000000, 0.000000000000000000, 1.000000000000000000 ) ) ;
#4177 = PLANE ( 'NONE',  #5452 ) ;
#4178 = CARTESIAN_POINT ( 'NONE',  ( -73.14656948191554875, 24.12682005842320265, -2.808589616950103007 ) ) ;
#4179 = PLANE ( 'NONE',  #4083 ) ;
#4180 = ORIENTED_EDGE ( 'NONE', *, *, #4616, .F. ) ;
#4181 = VERTEX_POINT ( 'NONE', #2983 ) ;
#4182 = ORIENTED_EDGE ( 'NONE', *, *, #1697, .F. ) ;
#4183 = ORIENTED_EDGE ( 'NONE', *, *, #2009, .T. ) ;
#4184 = DIRECTION ( 'NONE',  ( 0.9249529466333910044, -0.3800816313822695247, 0.000000000000000000 ) ) ;
#4185 = PLANE ( 'NONE',  #2855 ) ;
#4186 = ORIENTED_EDGE ( 'NONE', *, *, #1608, .F. ) ;
#4187 = B_SPLINE_CURVE_WITH_KNOTS ( 'NONE', 3,
 ( #1360, #4598, #3203, #4137, #2380, #1456, #4204, #509, #3298, #566, #3750, #4690, #2842, #4228 ),
 .UNSPECIFIED., .F., .F.,
 ( 4, 2, 2, 2, 2, 2, 4 ),
 ( 0.000000000000000000, 0.0002932297430756853956, 0.0005864594861513707912, 0.0008796892292270560784, 0.001172918972302741582, 0.001759378458454113241, 0.002345837944605484032 ),
 .UNSPECIFIED. ) ;
#4188 = CARTESIAN_POINT ( 'NONE',  ( 0.000000000000000000, 0.000000000000000000, 3.700000000000001954 ) ) ;
#4189 = EDGE_CURVE ( 'NONE', #4578, #678, #2229, .T. ) ;
#4190 = AXIS2_PLACEMENT_3D ( 'NONE', #446, #3236, #2281 ) ;
#4191 = AXIS2_PLACEMENT_3D ( 'NONE', #444, #2188, #4172 ) ;
#4192 = LINE ( 'NONE', #2209, #5526 ) ;
#4193 = DIRECTION ( 'NONE',  ( -0.000000000000000000, -0.000000000000000000, -1.000000000000000000 ) ) ;
#4194 = CARTESIAN_POINT ( 'NONE',  ( 0.000000000000000000, 0.000000000000000000, -2.700000000000000178 ) ) ;
#4195 = EDGE_CURVE ( 'NONE', #5442, #4691, #2523, .T. ) ;
#4196 = LINE ( 'NONE', #3166, #404 ) ;
#4197 = AXIS2_PLACEMENT_3D ( 'NONE', #299, #3092, #5847 ) ;
#4198 = CARTESIAN_POINT ( 'NONE',  ( -75.33331023257807146, 18.08316709976567793, 3.435140078228476668 ) ) ;
#4199 = ORIENTED_EDGE ( 'NONE', *, *, #3663, .T. ) ;
#4200 = FACE_OUTER_BOUND ( 'NONE', #4151, .T. ) ;
#4201 = EDGE_CURVE ( 'NONE', #2461, #3296, #1002, .T. ) ;
#4202 = ORIENTED_EDGE ( 'NONE', *, *, #1421, .F. ) ;
#4203 = LINE ( 'NONE', #1423, #1552 ) ;
#4204 = CARTESIAN_POINT ( 'NONE',  ( -12.98505048769439973, -63.94458784386779371, 2.502543056173715641 ) ) ;
#4205 = ORIENTED_EDGE ( 'NONE', *, *, #4772, .T. ) ;
#4206 = FACE_OUTER_BOUND ( 'NONE', #3182, .T. ) ;
#4207 = CARTESIAN_POINT ( 'NONE',  ( 13.08529901606909895, -64.68983652522287287, 2.700000000000001066 ) ) ;
#4208 = PLANE ( 'NONE',  #4585 ) ;
#4209 = ORIENTED_EDGE ( 'NONE', *, *, #2331, .T. ) ;
#4210 = VECTOR ( 'NONE', #2363, 1000.000000000000114 ) ;
#4211 = ORIENTED_EDGE ( 'NONE', *, *, #1040, .T. ) ;
#4212 = EDGE_CURVE ( 'NONE', #3171, #4071, #5063, .T. ) ;
#4213 = CARTESIAN_POINT ( 'NONE',  ( 49.64707533962490515, 43.80576700167494408, 11.58000000000000007 ) ) ;
#4214 = ORIENTED_EDGE ( 'NONE', *, *, #1054, .F. ) ;
#4215 = TOROIDAL_SURFACE ( 'NONE', #1597, 66.00000000000000000, 1.500000000000000000 ) ;
#4216 = CARTESIAN_POINT ( 'NONE',  ( -62.20000974637024882, 20.86245104550993190, 2.660291023826608647 ) ) ;
#4217 = CARTESIAN_POINT ( 'NONE',  ( 0.000000000000000000, 0.000000000000000000, 16.00000000000000000 ) ) ;
#4218 = ORIENTED_EDGE ( 'NONE', *, *, #121, .F. ) ;
#4219 = PLANE ( 'NONE',  #2364 ) ;
#4220 = DIRECTION ( 'NONE',  ( 1.224646799147353207E-16, 1.000000000000000000, -0.000000000000000000 ) ) ;
#4221 = CARTESIAN_POINT ( 'NONE',  ( -42.72992154953867328, 48.81529191200590390, -2.197086435881101529 ) ) ;
#4222 = EDGE_CURVE ( 'NONE', #828, #1711, #4342, .T. ) ;
#4223 = CARTESIAN_POINT ( 'NONE',  ( 21.22814543047354974, -63.77554560823040219, -5.079798781868669622 ) ) ;
#4224 = ORIENTED_EDGE ( 'NONE', *, *, #2168, .T. ) ;
#4225 = CARTESIAN_POINT ( 'NONE',  ( -61.17517611784168707, 20.44132644793519660, -1.398311155798738437 ) ) ;
#4226 = ORIENTED_EDGE ( 'NONE', *, *, #4158, .T. ) ;
#4227 = DIRECTION ( 'NONE',  ( -0.3800816313822695247, -0.9249529466333910044, 0.000000000000000000 ) ) ;
#4228 = CARTESIAN_POINT ( 'NONE',  ( -12.88488006795826912, -63.19991982300554412, 1.199999999999999289 ) ) ;
#4229 = ORIENTED_EDGE ( 'NONE', *, *, #3777, .F. ) ;
#4230 = DIRECTION ( 'NONE',  ( -0.7916368216055734708, -0.6109919333986542078, 0.000000000000000000 ) ) ;
#4231 = CARTESIAN_POINT ( 'NONE',  ( -48.95017622202930596, 6.561109625699350190, -2.700000000000001066 ) ) ;
#4232 = CARTESIAN_POINT ( 'NONE',  ( -49.64707533962490515, 43.80576700167500093, 11.58000000000000007 ) ) ;
#4233 = ORIENTED_EDGE ( 'NONE', *, *, #1818, .T. ) ;
#4234 = CIRCLE ( 'NONE', #2395, 5.000000000000000888 ) ;
#4235 = EDGE_CURVE ( 'NONE', #4117, #554, #2039, .T. ) ;
#4236 = ORIENTED_EDGE ( 'NONE', *, *, #2302, .F. ) ;
#4237 = CARTESIAN_POINT ( 'NONE',  ( -15.79203733971028178, -75.87398471585103721, -16.00000000000000000 ) ) ;
#4238 = ORIENTED_EDGE ( 'NONE', *, *, #1383, .F. ) ;
#4239 = DIRECTION ( 'NONE',  ( 0.01585797703437279160, 0.1178883786667998951, -0.9929002239599357127 ) ) ;
#4240 = AXIS2_PLACEMENT_3D ( 'NONE', #4843, #715, #3502 ) ;
#4241 = DIRECTION ( 'NONE',  ( 0.000000000000000000, 0.000000000000000000, 1.000000000000000000 ) ) ;
#4242 = LINE ( 'NONE', #96, #1197 ) ;
#4243 = VERTEX_POINT ( 'NONE', #2216 ) ;
#4244 = DIRECTION ( 'NONE',  ( 0.000000000000000000, 0.000000000000000000, 1.000000000000000000 ) ) ;
#4245 = CARTESIAN_POINT ( 'NONE',  ( 0.000000000000000000, 0.000000000000000000, -1.200000000000000178 ) ) ;
#4246 = CARTESIAN_POINT ( 'NONE',  ( -18.97925227407843707, -11.85487130695231350, -11.42770624333799745 ) ) ;
#4247 = VERTEX_POINT ( 'NONE', #2247 ) ;
#4248 = CARTESIAN_POINT ( 'NONE',  ( -62.20636336146471024, 20.86506187279477587, -2.652328933398607536 ) ) ;
#4249 = VECTOR ( 'NONE', #2967, 1000.000000000000000 ) ;
#4250 = ORIENTED_EDGE ( 'NONE', *, *, #3961, .T. ) ;
#4251 = DIRECTION ( 'NONE',  ( 1.000000000000000000, 0.000000000000000000, -0.000000000000000000 ) ) ;
#4252 = ORIENTED_EDGE ( 'NONE', *, *, #1146, .T. ) ;
#4253 = DIRECTION ( 'NONE',  ( 0.9598809505700892641, 0.2804078471310350595, 0.000000000000000000 ) ) ;
#4254 = AXIS2_PLACEMENT_3D ( 'NONE', #2802, #5107, #3191 ) ;
#4255 = CARTESIAN_POINT ( 'NONE',  ( -74.43604214391355356, 17.65008866690265066, 2.700000000000001066 ) ) ;
#4256 = CARTESIAN_POINT ( 'NONE',  ( 72.77116137208106750, 24.01715293792065253, -2.699999999999999734 ) ) ;
#4257 = EDGE_CURVE ( 'NONE', #5644, #65, #1580, .T. ) ;
#4258 = EDGE_CURVE ( 'NONE', #4071, #5787, #5559, .T. ) ;
#4259 = EDGE_LOOP ( 'NONE', ( #1922, #5296, #918, #564 ) ) ;
#4260 = VERTEX_POINT ( 'NONE', #1740 ) ;
#4261 = CYLINDRICAL_SURFACE ( 'NONE', #5120, 64.50000000000000000 ) ;
#4262 = ORIENTED_EDGE ( 'NONE', *, *, #3581, .F. ) ;
#4263 = CARTESIAN_POINT ( 'NONE',  ( 22.00819263282770422, -74.30941701451001791, 3.700000000000001954 ) ) ;
#4264 = AXIS2_PLACEMENT_3D ( 'NONE', #998, #3727, #5155 ) ;
#4265 = EDGE_CURVE ( 'NONE', #3844, #3375, #2865, .T. ) ;
#4266 = CARTESIAN_POINT ( 'NONE',  ( 0.000000000000000000, 0.000000000000000000, -16.00000000000000000 ) ) ;
#4267 = CARTESIAN_POINT ( 'NONE',  ( -48.95017622202930596, 6.561109625699350190, 2.700000000000001066 ) ) ;
#4268 = ORIENTED_EDGE ( 'NONE', *, *, #250, .T. ) ;
#4269 = EDGE_CURVE ( 'NONE', #1405, #4965, #308, .T. ) ;
#4270 = EDGE_CURVE ( 'NONE', #460, #1723, #3410, .T. ) ;
#4271 = CARTESIAN_POINT ( 'NONE',  ( -72.64436784101741296, 23.98011303098789071, -2.700000000000001066 ) ) ;
#4272 = DIRECTION ( 'NONE',  ( 0.8599849567173972753, -0.4965125462598181105, -0.1179032044787942241 ) ) ;
#4273 = DIRECTION ( 'NONE',  ( -0.000000000000000000, -0.000000000000000000, -1.000000000000000000 ) ) ;
#4274 = DIRECTION ( 'NONE',  ( 0.000000000000000000, 0.000000000000000000, 1.000000000000000000 ) ) ;
#4275 = CARTESIAN_POINT ( 'NONE',  ( -74.89625217335513696, 17.87221518723288938, 2.823892647829973512 ) ) ;
#4276 = ORIENTED_EDGE ( 'NONE', *, *, #158, .T. ) ;
#4277 = VECTOR ( 'NONE', #3333, 1000.000000000000000 ) ;
#4278 = EDGE_CURVE ( 'NONE', #3040, #3375, #5915, .T. ) ;
#4279 = VECTOR ( 'NONE', #171, 1000.000000000000000 ) ;
#4280 = CARTESIAN_POINT ( 'NONE',  ( 1.764922373677380030, 16.98990257560970107, 11.58000000000000007 ) ) ;
#4281 = VECTOR ( 'NONE', #3722, 1000.000000000000000 ) ;
#4282 = AXIS2_PLACEMENT_3D ( 'NONE', #5957, #1809, #3656 ) ;
#4283 = ORIENTED_EDGE ( 'NONE', *, *, #1593, .T. ) ;
#4284 = DIRECTION ( 'NONE',  ( 0.000000000000000000, 0.000000000000000000, -1.000000000000000000 ) ) ;
#4285 = ORIENTED_EDGE ( 'NONE', *, *, #4257, .T. ) ;
#4286 = CARTESIAN_POINT ( 'NONE',  ( 12.89513380649623819, -63.27614622999894323, 1.683730925045515248 ) ) ;
#4287 = ADVANCED_FACE ( 'NONE', ( #4005 ), #1709, .T. ) ;
#4288 = DIRECTION ( 'NONE',  ( 1.000000000000000000, 0.000000000000000000, 0.000000000000000000 ) ) ;
#4289 = ORIENTED_EDGE ( 'NONE', *, *, #944, .F. ) ;
#4290 = EDGE_CURVE ( 'NONE', #5911, #5085, #5828, .T. ) ;
#4291 = ORIENTED_EDGE ( 'NONE', *, *, #2548, .F. ) ;
#4292 = FACE_OUTER_BOUND ( 'NONE', #915, .T. ) ;
#4293 = DIRECTION ( 'NONE',  ( 0.8097278303719936954, 0.5868056243093309199, 0.000000000000000000 ) ) ;
#4294 = ORIENTED_EDGE ( 'NONE', *, *, #5794, .F. ) ;
#4295 = CARTESIAN_POINT ( 'NONE',  ( 21.97033371263182033, -73.79816462398747490, 2.823892647829973512 ) ) ;
#4296 = CARTESIAN_POINT ( 'NONE',  ( -61.51853599170984666, 20.58241987488845837, 2.191727174860606198 ) ) ;
#4297 = VECTOR ( 'NONE', #4024, 1000.000000000000114 ) ;
#4298 = DIRECTION ( 'NONE',  ( -0.000000000000000000, -0.000000000000000000, -1.000000000000000000 ) ) ;
#4299 = ORIENTED_EDGE ( 'NONE', *, *, #4270, .T. ) ;
#4300 = EDGE_CURVE ( 'NONE', #84, #3614, #1866, .T. ) ;
#4301 = CARTESIAN_POINT ( 'NONE',  ( 30.15717572388484768, 39.11154131515264964, -2.700000000000001066 ) ) ;
#4302 = CARTESIAN_POINT ( 'NONE',  ( -9.259791655096590191, -36.25097201019460158, 2.700000000000001066 ) ) ;
#4303 = LINE ( 'NONE', #5199, #643 ) ;
#4304 = CARTESIAN_POINT ( 'NONE',  ( -73.60481692013433985, 24.26068684422401489, 3.700000000000001954 ) ) ;
#4305 = CIRCLE ( 'NONE', #1794, 66.00000000000000000 ) ;
#4306 = ORIENTED_EDGE ( 'NONE', *, *, #3006, .T. ) ;
#4307 = ADVANCED_FACE ( 'NONE', ( #4036 ), #5890, .F. ) ;
#4308 = DIRECTION ( 'NONE',  ( 0.000000000000000000, -1.000000000000000000, 0.000000000000000000 ) ) ;
#4309 = AXIS2_PLACEMENT_3D ( 'NONE', #2081, #330, #3993 ) ;
#4310 = ORIENTED_EDGE ( 'NONE', *, *, #3402, .T. ) ;
#4311 = DIRECTION ( 'NONE',  ( 0.2354353266877395323, -0.9646638016993202003, -0.1182960550417982287 ) ) ;
#4312 = ORIENTED_EDGE ( 'NONE', *, *, #4258, .F. ) ;
#4313 = AXIS2_PLACEMENT_3D ( 'NONE', #4454, #5875, #789 ) ;
#4314 = CARTESIAN_POINT ( 'NONE',  ( 13.03259228256434454, -64.29801407875126529, 2.660291023826609536 ) ) ;
#4315 = DIRECTION ( 'NONE',  ( -0.2804078471310355591, -0.9598809505700891531, 0.000000000000000000 ) ) ;
#4316 = VERTEX_POINT ( 'NONE', #376 ) ;
#4317 = EDGE_CURVE ( 'NONE', #5104, #1543, #5539, .T. ) ;
#4318 = EDGE_LOOP ( 'NONE', ( #4961, #1607, #2705, #5291, #1847, #2795, #5269, #1282, #3215, #2349, #5756, #2199, #5038, #3711, #5009, #4115, #3014, #2091, #2046, #4199 ) ) ;
#4319 = CARTESIAN_POINT ( 'NONE',  ( -19.38420463070664823, -11.19147576156525936, 11.35262636160330096 ) ) ;
#4320 = CARTESIAN_POINT ( 'NONE',  ( -62.76044472552499798, 21.09274496687763900, -2.700000000000001066 ) ) ;
#4321 = ORIENTED_EDGE ( 'NONE', *, *, #3062, .F. ) ;
#4322 = ADVANCED_FACE ( 'NONE', ( #5921 ), #1771, .F. ) ;
#4323 = DIRECTION ( 'NONE',  ( -0.8267360921917685790, 0.5625899340260928083, 0.000000000000000000 ) ) ;
#4324 = CARTESIAN_POINT ( 'NONE',  ( 49.32341776066986228, 43.55596536975517807, 2.699999999999999289 ) ) ;
#4325 = VERTEX_POINT ( 'NONE', #439 ) ;
#4326 = AXIS2_PLACEMENT_3D ( 'NONE', #48, #101, #1381 ) ;
#4327 = CIRCLE ( 'NONE', #4820, 77.50000000000000000 ) ;
#4328 = DIRECTION ( 'NONE',  ( 1.000000000000000000, 0.000000000000000000, 0.000000000000000000 ) ) ;
#4329 = CARTESIAN_POINT ( 'NONE',  ( 43.10502273909936122, 49.10479815372541168, 2.550567172170616459 ) ) ;
#4330 = CYLINDRICAL_SURFACE ( 'NONE', #5681, 64.50000000000000000 ) ;
#4331 = CARTESIAN_POINT ( 'NONE',  ( -72.64436784101741296, 23.98011303098789071, 2.700000000000001066 ) ) ;
#4332 = ADVANCED_FACE ( 'NONE', ( #5477 ), #2276, .F. ) ;
#4333 = VECTOR ( 'NONE', #2597, 1000.000000000000000 ) ;
#4334 = FACE_OUTER_BOUND ( 'NONE', #696, .T. ) ;
#4335 = ADVANCED_FACE ( 'NONE', ( #2713 ), #5981, .T. ) ;
#4336 = DIRECTION ( 'NONE',  ( -0.9249529466333910044, 0.3800816313822695247, 0.000000000000000000 ) ) ;
#4337 = CARTESIAN_POINT ( 'NONE',  ( -57.81277958042409892, 51.61329787162710403, 3.730156933474060299 ) ) ;
#4338 = EDGE_CURVE ( 'NONE', #2071, #1404, #4928, .T. ) ;
#4339 = VECTOR ( 'NONE', #2688, 1000.000000000000227 ) ;
#4340 = ORIENTED_EDGE ( 'NONE', *, *, #2343, .T. ) ;
#4341 = LINE ( 'NONE', #4803, #5782 ) ;
#4342 = LINE ( 'NONE', #193, #1096 ) ;
#4343 = B_SPLINE_CURVE_WITH_KNOTS ( 'NONE', 3,
 ( #760, #5374, #4457, #5942, #4916, #1283, #830, #3546 ),
 .UNSPECIFIED., .F., .F.,
 ( 4, 2, 2, 4 ),
 ( 0.000000000000000000, 0.0003951903511580928544, 0.0007903807023161857088, 0.001580761404632341494 ),
 .UNSPECIFIED. ) ;
#4344 = VERTEX_POINT ( 'NONE', #3530 ) ;
#4345 = ORIENTED_EDGE ( 'NONE', *, *, #2040, .T. ) ;
#4346 = PLANE ( 'NONE',  #2310 ) ;
#4347 = VECTOR ( 'NONE', #4046, 999.9999999999998863 ) ;
#4348 = CARTESIAN_POINT ( 'NONE',  ( -20.88030895526348729, -61.18972536048968891, 1.869831954299013832 ) ) ;
#4349 = ORIENTED_EDGE ( 'NONE', *, *, #3746, .T. ) ;
#4350 = FACE_OUTER_BOUND ( 'NONE', #5926, .T. ) ;
#4351 = DIRECTION ( 'NONE',  ( -0.7860163774671047321, 0.6066540275092389134, -0.1189501797405513872 ) ) ;
#4352 = CARTESIAN_POINT ( 'NONE',  ( -48.32827829050270196, 42.78790838669879548, -1.588432000007077294 ) ) ;
#4353 = B_SPLINE_CURVE_WITH_KNOTS ( 'NONE', 3,
 ( #5464, #3161, #5940, #2639, #4950, #3094, #1792, #3636, #5494, #886, #4489, #3668, #331, #2173 ),
 .UNSPECIFIED., .F., .F.,
 ( 4, 2, 2, 2, 2, 2, 4 ),
 ( 0.000000000000000000, 0.0005913705691809818853, 0.0008870558537714739664, 0.001182741138361966156, 0.001478426422952458345, 0.001774111707542950318, 0.002365482276723934914 ),
 .UNSPECIFIED. ) ;
#4354 = DIRECTION ( 'NONE',  ( -0.000000000000000000, -0.000000000000000000, 1.000000000000000000 ) ) ;
#4355 = PLANE ( 'NONE',  #3096 ) ;
#4356 = ORIENTED_EDGE ( 'NONE', *, *, #5744, .F. ) ;
#4357 = PRODUCT ( 'Walker_Double_3_Star_Spoke_Onshape', 'Walker_Double_3_Star_Spoke_Onshape', '', ( #5285 ) ) ;
#4358 = CARTESIAN_POINT ( 'NONE',  ( 32.05503709188110406, -0.3814403346959289731, -9.456346035045680054 ) ) ;
#4359 = CARTESIAN_POINT ( 'NONE',  ( 18.25785546790195113, -13.23137463543739933, 11.58000000000000007 ) ) ;
#4360 = CARTESIAN_POINT ( 'NONE',  ( 61.18420040548556216, 20.44503470788743371, -1.396641109845311535 ) ) ;
#4361 = CARTESIAN_POINT ( 'NONE',  ( -72.89557346346613542, 24.05349716027623685, 2.725960673943553125 ) ) ;
#4362 = ORIENTED_EDGE ( 'NONE', *, *, #50, .F. ) ;
#4363 = ADVANCED_FACE ( 'NONE', ( #3073 ), #3022, .F. ) ;
#4364 = FACE_OUTER_BOUND ( 'NONE', #3101, .T. ) ;
#4365 = EDGE_CURVE ( 'NONE', #1027, #1457, #2527, .T. ) ;
#4366 = CARTESIAN_POINT ( 'NONE',  ( 18.13347889190709950, -13.14123956586398023, -11.58000000000000007 ) ) ;
#4367 = DIRECTION ( 'NONE',  ( 1.000000000000000000, 0.000000000000000000, 0.000000000000000000 ) ) ;
#4368 = ORIENTED_EDGE ( 'NONE', *, *, #1249, .F. ) ;
#4369 = AXIS2_PLACEMENT_3D ( 'NONE', #5925, #4070, #2783 ) ;
#4370 = ORIENTED_EDGE ( 'NONE', *, *, #1104, .T. ) ;
#4371 = AXIS2_PLACEMENT_3D ( 'NONE', #4194, #4274, #1414 ) ;
#4372 = CARTESIAN_POINT ( 'NONE',  ( -6.277520993561950036, -46.39453745256089690, 7.382251208476880322 ) ) ;
#4373 = DIRECTION ( 'NONE',  ( 1.000000000000000000, 0.000000000000000000, 0.000000000000000000 ) ) ;
#4374 = EDGE_CURVE ( 'NONE', #4691, #3060, #5770, .T. ) ;
#4375 = VECTOR ( 'NONE', #4573, 1000.000000000000114 ) ;
#4376 = ORIENTED_EDGE ( 'NONE', *, *, #3666, .T. ) ;
#4377 = ORIENTED_EDGE ( 'NONE', *, *, #2867, .F. ) ;
#4378 = CARTESIAN_POINT ( 'NONE',  ( 13.11336938590013901, -64.89851196855261151, 2.700000000000001066 ) ) ;
#4379 = DIRECTION ( 'NONE',  ( 0.000000000000000000, 0.000000000000000000, 1.000000000000000000 ) ) ;
#4380 = ORIENTED_EDGE ( 'NONE', *, *, #1117, .T. ) ;
#4381 = CARTESIAN_POINT ( 'NONE',  ( 43.32168078503173092, 49.27201664932560021, -2.660999025887019531 ) ) ;
#4382 = CARTESIAN_POINT ( 'NONE',  ( 11.15168633643355989, 24.44294532630648931, 10.14422924628220279 ) ) ;
#4383 = PLANE ( 'NONE',  #4134 ) ;
#4384 = DIRECTION ( 'NONE',  ( 0.000000000000000000, 0.000000000000000000, 1.000000000000000000 ) ) ;
#4385 = CARTESIAN_POINT ( 'NONE',  ( -25.01905899038484904, -14.44476044296980000, 10.87636315201899961 ) ) ;
#4386 = CARTESIAN_POINT ( 'NONE',  ( -30.15717572388484768, 39.11154131515264964, 2.700000000000001066 ) ) ;
#4387 = ORIENTED_EDGE ( 'NONE', *, *, #3825, .T. ) ;
#4388 = EDGE_CURVE ( 'NONE', #4002, #3411, #5298, .T. ) ;
#4389 = AXIS2_PLACEMENT_3D ( 'NONE', #726, #1124, #2080 ) ;
#4390 = LINE ( 'NONE', #2079, #772 ) ;
#4391 = DIRECTION ( 'NONE',  ( 0.000000000000000000, 0.000000000000000000, -1.000000000000000000 ) ) ;
#4392 = CARTESIAN_POINT ( 'NONE',  ( 62.76044472552499798, 21.09274496687759992, -5.076071568124019606 ) ) ;
#4393 = ORIENTED_EDGE ( 'NONE', *, *, #1858, .F. ) ;
#4394 = B_SPLINE_CURVE_WITH_KNOTS ( 'NONE', 3,
 ( #3625, #5931, #2723, #416, #5421, #5453, #4542, #352 ),
 .UNSPECIFIED., .F., .F.,
 ( 4, 2, 2, 4 ),
 ( 0.000000000000000000, 0.0003906555602599928647, 0.0007813111205199857294, 0.001562622241039969724 ),
 .UNSPECIFIED. ) ;
#4395 = VECTOR ( 'NONE', #946, 1000.000000000000227 ) ;
#4396 = CARTESIAN_POINT ( 'NONE',  ( -42.49017369915890896, 48.63025251182412489, 1.687485246541776673 ) ) ;
#4397 = CARTESIAN_POINT ( 'NONE',  ( 38.22199963826210478, 11.00940799898343947, -8.254313061627300385 ) ) ;
#4398 = VECTOR ( 'NONE', #3430, 999.9999999999998863 ) ;
#4399 = CARTESIAN_POINT ( 'NONE',  ( 19.38420463070664823, -11.19147576156525936, -11.35262636160330096 ) ) ;
#4400 = VERTEX_POINT ( 'NONE', #5414 ) ;
#4401 = CARTESIAN_POINT ( 'NONE',  ( -11.10525951692319957, -39.72858842060290385, 11.58000000000000007 ) ) ;
#4402 = ORIENTED_EDGE ( 'NONE', *, *, #2319, .F. ) ;
#4403 = ADVANCED_FACE ( 'NONE', ( #3473 ), #3602, .T. ) ;
#4404 = ORIENTED_EDGE ( 'NONE', *, *, #1677, .F. ) ;
#4405 = CARTESIAN_POINT ( 'NONE',  ( -73.60481692013432564, 24.26068684422403621, 3.730156933474063408 ) ) ;
#4406 = DIRECTION ( 'NONE',  ( 0.000000000000000000, 0.000000000000000000, 1.000000000000000000 ) ) ;
#4407 = ORIENTED_EDGE ( 'NONE', *, *, #4300, .F. ) ;
#4408 = CARTESIAN_POINT ( 'NONE',  ( 0.000000000000000000, 0.000000000000000000, 1.200000000000000178 ) ) ;
#4409 = CARTESIAN_POINT ( 'NONE',  ( -1.764922373677370038, 16.98990257560970107, 11.58000000000000007 ) ) ;
#4410 = FACE_OUTER_BOUND ( 'NONE', #4259, .T. ) ;
#4411 = CARTESIAN_POINT ( 'NONE',  ( -48.53390868975296968, 42.94661565217014498, -2.114575390835373714 ) ) ;
#4412 = DIRECTION ( 'NONE',  ( 0.000000000000000000, 0.000000000000000000, 1.000000000000000000 ) ) ;
#4413 = ADVANCED_FACE ( 'NONE', ( #1627, #314, #4841 ), #197, .T. ) ;
#4414 = FACE_OUTER_BOUND ( 'NONE', #1085, .T. ) ;
#4415 = ORIENTED_EDGE ( 'NONE', *, *, #156, .T. ) ;
#4416 = ORIENTED_EDGE ( 'NONE', *, *, #4836, .F. ) ;
#4417 = DIRECTION ( 'NONE',  ( 0.7916368216055729157, -0.6109919333986548740, 0.000000000000000000 ) ) ;
#4418 = DIRECTION ( 'NONE',  ( 1.000000000000000000, 0.000000000000000000, 0.000000000000000000 ) ) ;
#4419 = CARTESIAN_POINT ( 'NONE',  ( -21.85746121210024739, -72.27391788312779397, -4.060724579254965327 ) ) ;
#4420 = VERTEX_POINT ( 'NONE', #5356 ) ;
#4421 = VECTOR ( 'NONE', #4743, 1000.000000000000000 ) ;
#4422 = AXIS2_PLACEMENT_3D ( 'NONE', #3534, #2503, #4812 ) ;
#4423 = CARTESIAN_POINT ( 'NONE',  ( 71.83530578497160946, 16.39480851055945010, 2.700000000000001066 ) ) ;
#4424 = CIRCLE ( 'NONE', #3369, 102.7000000000000171 ) ;
#4425 = DIRECTION ( 'NONE',  ( 0.000000000000000000, 0.000000000000000000, -1.000000000000000000 ) ) ;
#4426 = CIRCLE ( 'NONE', #5614, 77.50000000000000000 ) ;
#4427 = DIRECTION ( 'NONE',  ( 0.000000000000000000, 0.000000000000000000, 1.000000000000000000 ) ) ;
#4428 = ORIENTED_EDGE ( 'NONE', *, *, #3127, .F. ) ;
#4429 = ORIENTED_EDGE ( 'NONE', *, *, #2859, .F. ) ;
#4430 = DIRECTION ( 'NONE',  ( 1.000000000000000000, 0.000000000000000000, -0.000000000000000000 ) ) ;
#4431 = CARTESIAN_POINT ( 'NONE',  ( 75.23927169567240014, 18.03777814332513785, -3.191717587168799497 ) ) ;
#4432 = ORIENTED_EDGE ( 'NONE', *, *, #3432, .F. ) ;
#4433 = ORIENTED_EDGE ( 'NONE', *, *, #1541, .T. ) ;
#4434 = DIRECTION ( 'NONE',  ( 1.000000000000000000, -8.881784197001252323E-15, 0.000000000000000000 ) ) ;
#4435 = EDGE_CURVE ( 'NONE', #4505, #1213, #3895, .T. ) ;
#4436 = CARTESIAN_POINT ( 'NONE',  ( -21.99976319744051168, -74.19558468727616685, 3.171953955625721910 ) ) ;
#4437 = ORIENTED_EDGE ( 'NONE', *, *, #2941, .F. ) ;
#4438 = CARTESIAN_POINT ( 'NONE',  ( -15.59236842767873554, -21.87911632554052943, 10.14422924628219924 ) ) ;
#4439 = DIRECTION ( 'NONE',  ( 1.000000000000000000, 0.000000000000000000, 0.000000000000000000 ) ) ;
#4440 = AXIS2_PLACEMENT_3D ( 'NONE', #5893, #5086, #2218 ) ;
#4441 = CARTESIAN_POINT ( 'NONE',  ( 94.50000000000000000, 0.000000000000000000, 20.00000000000000355 ) ) ;
#4442 = FACE_OUTER_BOUND ( 'NONE', #1402, .T. ) ;
#4443 = ADVANCED_FACE ( 'NONE', ( #2590 ), #5861, .F. ) ;
#4444 = DIRECTION ( 'NONE',  ( 0.000000000000000000, 0.000000000000000000, 1.000000000000000000 ) ) ;
#4445 = DIRECTION ( 'NONE',  ( 0.5000000000000004441, 0.8660254037844384856, 0.000000000000000000 ) ) ;
#4446 = ORIENTED_EDGE ( 'NONE', *, *, #3955, .F. ) ;
#4447 = AXIS2_PLACEMENT_3D ( 'NONE', #890, #5046, #3672 ) ;
#4448 = VERTEX_POINT ( 'NONE', #4898 ) ;
#4449 = EDGE_CURVE ( 'NONE', #5458, #622, #3390, .T. ) ;
#4450 = AXIS2_PLACEMENT_3D ( 'NONE', #3605, #4384, #2050 ) ;
#4451 = ADVANCED_FACE ( 'NONE', ( #1653 ), #3499, .F. ) ;
#4452 = PLANE ( 'NONE',  #581 ) ;
#4453 = LINE ( 'NONE', #4359, #625 ) ;
#4454 = CARTESIAN_POINT ( 'NONE',  ( 0.000000000000000000, 0.000000000000000000, -1.200000000000000178 ) ) ;
#4455 = EDGE_CURVE ( 'NONE', #2390, #2280, #5492, .T. ) ;
#4456 = ORIENTED_EDGE ( 'NONE', *, *, #4235, .T. ) ;
#4457 = CARTESIAN_POINT ( 'NONE',  ( 21.95213587393353549, -73.55241835101656989, -2.725244721246031787 ) ) ;
#4458 = CARTESIAN_POINT ( 'NONE',  ( -57.81277958042407761, 51.61329787162707561, -3.435809613773161075 ) ) ;
#4459 = ADVANCED_FACE ( 'NONE', ( #3621 ), #5087, .F. ) ;
#4460 = ORIENTED_EDGE ( 'NONE', *, *, #112, .F. ) ;
#4461 = ORIENTED_EDGE ( 'NONE', *, *, #170, .T. ) ;
#4462 = EDGE_CURVE ( 'NONE', #2931, #2357, #1743, .T. ) ;
#4463 = CARTESIAN_POINT ( 'NONE',  ( 0.000000000000000000, 0.000000000000000000, -16.00000000000000000 ) ) ;
#4464 = DIRECTION ( 'NONE',  ( -0.000000000000000000, -0.000000000000000000, -1.000000000000000000 ) ) ;
#4465 = EDGE_CURVE ( 'NONE', #5104, #5195, #3592, .T. ) ;
#4466 = CARTESIAN_POINT ( 'NONE',  ( 1.554077693883273659, 22.37879379940902069, 11.50031736591962428 ) ) ;
#4467 = DIRECTION ( 'NONE',  ( 1.000000000000000000, 0.000000000000000000, 0.000000000000000000 ) ) ;
#4468 = CIRCLE ( 'NONE', #5830, 10.00000000000000000 ) ;
#4469 = CARTESIAN_POINT ( 'NONE',  ( -20.86069375246243496, -61.04390572344369303, 1.398257396422222909 ) ) ;
#4470 = ORIENTED_EDGE ( 'NONE', *, *, #1309, .T. ) ;
#4471 = EDGE_CURVE ( 'NONE', #4117, #1310, #3505, .T. ) ;
#4472 = CARTESIAN_POINT ( 'NONE',  ( 42.46649088612328171, 48.61197391824427427, -1.591486748875358348 ) ) ;
#4473 = DIRECTION ( 'NONE',  ( 1.224646799147353207E-16, 1.000000000000000000, -0.000000000000000000 ) ) ;
#4474 = AXIS2_PLACEMENT_3D ( 'NONE', #1352, #434, #46 ) ;
#4475 = LINE ( 'NONE', #1172, #1043 ) ;
#4476 = AXIS2_PLACEMENT_3D ( 'NONE', #5323, #4379, #3047 ) ;
#4477 = CARTESIAN_POINT ( 'NONE',  ( -48.74878930968363733, 43.11246231548610552, -2.399134474172378351 ) ) ;
#4478 = CARTESIAN_POINT ( 'NONE',  ( -73.60481692013433985, 24.26068684422401489, -3.700000000000000178 ) ) ;
#4479 = EDGE_CURVE ( 'NONE', #5871, #5911, #23, .T. ) ;
#4480 = CARTESIAN_POINT ( 'NONE',  ( 71.06066306985539427, 16.02091685283804878, 4.387264919198459623 ) ) ;
#4481 = ORIENTED_EDGE ( 'NONE', *, *, #4978, .T. ) ;
#4482 = ORIENTED_EDGE ( 'NONE', *, *, #3397, .T. ) ;
#4483 = VERTEX_POINT ( 'NONE', #5000 ) ;
#4484 = AXIS2_PLACEMENT_3D ( 'NONE', #3431, #2458, #4336 ) ;
#4485 =( BOUNDED_CURVE ( )  B_SPLINE_CURVE ( 3, ( #1581, #181, #4624, #4358 ),
 .UNSPECIFIED., .F., .F. ) 
 B_SPLINE_CURVE_WITH_KNOTS ( ( 4, 4 ),
 ( 0.9379332943783542653, 1.570796326794896114 ),
 .UNSPECIFIED. ) 
 CURVE ( )  GEOMETRIC_REPRESENTATION_ITEM ( )  RATIONAL_B_SPLINE_CURVE ( ( 1.000000000000000000, 0.9669012650407982079, 0.9669012650407982079, 1.000000000000000000 ) ) 
 REPRESENTATION_ITEM ( '' )  );
#4486 = CARTESIAN_POINT ( 'NONE',  ( 0.000000000000000000, 0.000000000000000000, 2.700000000000000178 ) ) ;
#4487 = CARTESIAN_POINT ( 'NONE',  ( 0.6542682330263549506, 49.13708959357669670, 11.58000000000000007 ) ) ;
#4488 = LINE ( 'NONE', #2605, #3259 ) ;
#4489 = CARTESIAN_POINT ( 'NONE',  ( 63.43236808503321811, 12.51213138233709898, -1.870514131426948223 ) ) ;
#4490 = ORIENTED_EDGE ( 'NONE', *, *, #2929, .F. ) ;
#4491 = DIRECTION ( 'NONE',  ( 0.000000000000000000, 0.000000000000000000, 1.000000000000000000 ) ) ;
#4492 = VECTOR ( 'NONE', #4881, 1000.000000000000114 ) ;
#4493 = EDGE_CURVE ( 'NONE', #865, #4862, #475, .T. ) ;
#4494 = CARTESIAN_POINT ( 'NONE',  ( -63.84430767172464982, 12.68140558240376592, 2.397610250402976817 ) ) ;
#4495 = VECTOR ( 'NONE', #1549, 1000.000000000000114 ) ;
#4496 = CARTESIAN_POINT ( 'NONE',  ( -21.22814543047354974, -63.77554560823040219, 11.58000000000000007 ) ) ;
#4497 = ORIENTED_EDGE ( 'NONE', *, *, #4166, .F. ) ;
#4498 = ORIENTED_EDGE ( 'NONE', *, *, #495, .T. ) ;
#4499 = AXIS2_PLACEMENT_3D ( 'NONE', #616, #4827, #2518 ) ;
#4500 = DIRECTION ( 'NONE',  ( 0.000000000000000000, -1.000000000000000000, 0.000000000000000000 ) ) ;
#4501 = DIRECTION ( 'NONE',  ( 0.000000000000000000, -1.000000000000000000, 0.000000000000000000 ) ) ;
#4502 = ORIENTED_EDGE ( 'NONE', *, *, #3634, .F. ) ;
#4503 = DIRECTION ( 'NONE',  ( 0.2371001562490649694, 0.9714852113679698364, -0.000000000000000000 ) ) ;
#4504 = CARTESIAN_POINT ( 'NONE',  ( 18.79300049814440143, -45.67265094085200161, -2.700000000000001066 ) ) ;
#4505 = VERTEX_POINT ( 'NONE', #4106 ) ;
#4506 = DIRECTION ( 'NONE',  ( 0.000000000000000000, 0.000000000000000000, 1.000000000000000000 ) ) ;
#4507 = FACE_OUTER_BOUND ( 'NONE', #58, .T. ) ;
#4508 = CARTESIAN_POINT ( 'NONE',  ( 64.50000000000000000, 0.000000000000000000, 1.200000000000000178 ) ) ;
#4509 = DIRECTION ( 'NONE',  ( 0.2371001562490649694, -0.9714852113679698364, 0.000000000000000000 ) ) ;
#4510 = DIRECTION ( 'NONE',  ( -0.5625899340260920312, 0.8267360921917691341, 0.000000000000000000 ) ) ;
#4511 = EDGE_CURVE ( 'NONE', #3235, #1784, #5545, .T. ) ;
#4512 = LINE ( 'NONE', #4047, #3224 ) ;
#4513 = ORIENTED_EDGE ( 'NONE', *, *, #2257, .F. ) ;
#4514 = ORIENTED_EDGE ( 'NONE', *, *, #5381, .F. ) ;
#4515 = VERTEX_POINT ( 'NONE', #5029 ) ;
#4516 = ORIENTED_EDGE ( 'NONE', *, *, #5014, .T. ) ;
#4517 = LINE ( 'NONE', #4055, #4169 ) ;
#4518 = PLANE ( 'NONE',  #5572 ) ;
#4519 = DIRECTION ( 'NONE',  ( -0.9130524929214650642, 0.4078420590987375527, 0.000000000000000000 ) ) ;
#4520 = DIRECTION ( 'NONE',  ( 0.7916368216055734708, 0.6109919333986542078, -0.000000000000000000 ) ) ;
#4521 = ORIENTED_EDGE ( 'NONE', *, *, #3481, .F. ) ;
#4522 = FACE_OUTER_BOUND ( 'NONE', #601, .T. ) ;
#4523 = ADVANCED_FACE ( 'NONE', ( #5480 ), #931, .T. ) ;
#4524 = CARTESIAN_POINT ( 'NONE',  ( 20.44738674720894878, -9.133433596448460534, 11.58000000000000007 ) ) ;
#4525 = CARTESIAN_POINT ( 'NONE',  ( 0.000000000000000000, 0.000000000000000000, 4.000000000000000000 ) ) ;
#4526 = EDGE_CURVE ( 'NONE', #3335, #3307, #1297, .T. ) ;
#4527 = VECTOR ( 'NONE', #3689, 1000.000000000000114 ) ;
#4528 = CARTESIAN_POINT ( 'NONE',  ( 57.81277958042410603, 51.61329787162705429, -3.730156933474068293 ) ) ;
#4529 = DIRECTION ( 'NONE',  ( 0.000000000000000000, 0.000000000000000000, -1.000000000000000000 ) ) ;
#4530 = EDGE_CURVE ( 'NONE', #5954, #4316, #2735, .T. ) ;
#4531 = TOROIDAL_SURFACE ( 'NONE', #5498, 66.00000000000000000, 1.500000000000000000 ) ;
#4532 = ORIENTED_EDGE ( 'NONE', *, *, #2867, .T. ) ;
#4533 = CIRCLE ( 'NONE', #2696, 77.50000000000000000 ) ;
#4534 = FACE_OUTER_BOUND ( 'NONE', #5121, .T. ) ;
#4535 = DIRECTION ( 'NONE',  ( 0.000000000000000000, 0.000000000000000000, 1.000000000000000000 ) ) ;
#4536 = DIRECTION ( 'NONE',  ( 0.000000000000000000, 0.000000000000000000, 1.000000000000000000 ) ) ;
#4537 = ADVANCED_FACE ( 'NONE', ( #2689 ), #210, .T. ) ;
#4538 = ORIENTED_EDGE ( 'NONE', *, *, #4374, .F. ) ;
#4539 = CARTESIAN_POINT ( 'NONE',  ( 20.90158604219254812, -61.34789946273381389, -2.119518888567649917 ) ) ;
#4540 = CARTESIAN_POINT ( 'NONE',  ( 0.000000000000000000, 0.000000000000000000, -2.700000000000000178 ) ) ;
#4541 = CARTESIAN_POINT ( 'NONE',  ( -74.67433073872786053, 17.76510184135412729, -2.725244721246031787 ) ) ;
#4542 = CARTESIAN_POINT ( 'NONE',  ( 15.61743474210980764, -75.15857463717898668, -2.699999999999993072 ) ) ;
#4543 = CARTESIAN_POINT ( 'NONE',  ( 0.000000000000000000, 0.000000000000000000, -3.700000000000000178 ) ) ;
#4544 = CARTESIAN_POINT ( 'NONE',  ( -12.93436951284383518, -63.56782490989225209, -2.191727174860604865 ) ) ;
#4545 = VERTEX_POINT ( 'NONE', #2219 ) ;
#4546 = ORIENTED_EDGE ( 'NONE', *, *, #2416, .T. ) ;
#4547 = ORIENTED_EDGE ( 'NONE', *, *, #462, .F. ) ;
#4548 = EDGE_LOOP ( 'NONE', ( #4252, #2568, #1909 ) ) ;
#4549 = PRODUCT_DEFINITION ( 'UNKNOWN', '', #506, #3987 ) ;
#4550 = CARTESIAN_POINT ( 'NONE',  ( -9.259791655096590191, -36.25097201019460158, 11.58000000000000007 ) ) ;
#4551 = DIRECTION ( 'NONE',  ( -0.000000000000000000, -0.000000000000000000, -1.000000000000000000 ) ) ;
#4552 = VERTEX_POINT ( 'NONE', #2249 ) ;
#4553 = CARTESIAN_POINT ( 'NONE',  ( -2.329778827326864921, 22.42745397154639875, 11.58000000000000007 ) ) ;
#4554 = CIRCLE ( 'NONE', #5322, 76.50000000000000000 ) ;
#4555 = LINE ( 'NONE', #5531, #978 ) ;
#4556 = CARTESIAN_POINT ( 'NONE',  ( 21.03646380775631641, -62.35058228072804098, 2.699999999999999734 ) ) ;
#4557 = EDGE_CURVE ( 'NONE', #5473, #880, #5953, .T. ) ;
#4558 = CARTESIAN_POINT ( 'NONE',  ( 0.000000000000000000, 0.000000000000000000, 3.700000000000001954 ) ) ;
#4559 =( BOUNDED_CURVE ( )  B_SPLINE_CURVE ( 3, ( #1673, #5795, #1643, #275 ),
 .UNSPECIFIED., .F., .T. ) 
 B_SPLINE_CURVE_WITH_KNOTS ( ( 4, 4 ),
 ( 4.030626009421044209, 4.117724455516679427 ),
 .UNSPECIFIED. ) 
 CURVE ( )  GEOMETRIC_REPRESENTATION_ITEM ( )  RATIONAL_B_SPLINE_CURVE ( ( 1.000000000000000000, 0.9993679216300043189, 0.9993679216300043189, 1.000000000000000000 ) ) 
 REPRESENTATION_ITEM ( '' )  );
#4560 = EDGE_CURVE ( 'NONE', #945, #1886, #2532, .T. ) ;
#4561 = CARTESIAN_POINT ( 'NONE',  ( 9.301589737437078398, 7.224956311659050279, 11.58000000000000007 ) ) ;
#4562 = VERTEX_POINT ( 'NONE', #3651 ) ;
#4563 = CARTESIAN_POINT ( 'NONE',  ( 75.35793919139113939, 18.09505459584463694, -16.00000000000000000 ) ) ;
#4564 = CARTESIAN_POINT ( 'NONE',  ( -21.22814543047354974, -63.77554560823040219, 11.58000000000000007 ) ) ;
#4565 = VECTOR ( 'NONE', #2804, 1000.000000000000114 ) ;
#4566 = FACE_OUTER_BOUND ( 'NONE', #819, .T. ) ;
#4567 = DIRECTION ( 'NONE',  ( 1.000000000000000000, 0.000000000000000000, 0.000000000000000000 ) ) ;
#4568 = ORIENTED_EDGE ( 'NONE', *, *, #3715, .T. ) ;
#4569 = FACE_OUTER_BOUND ( 'NONE', #5456, .T. ) ;
#4570 = CARTESIAN_POINT ( 'NONE',  ( 0.000000000000000000, 0.000000000000000000, 2.700000000000000178 ) ) ;
#4571 = EDGE_CURVE ( 'NONE', #4965, #1273, #4187, .T. ) ;
#4572 = DIRECTION ( 'NONE',  ( 0.000000000000000000, 0.000000000000000000, 1.000000000000000000 ) ) ;
#4573 = DIRECTION ( 'NONE',  ( -0.1333161250278181442, 0.9910735647809234550, 0.000000000000000000 ) ) ;
#4574 = DIRECTION ( 'NONE',  ( 0.000000000000000000, 0.000000000000000000, 1.000000000000000000 ) ) ;
#4575 = DIRECTION ( 'NONE',  ( 0.000000000000000000, 0.000000000000000000, 1.000000000000000000 ) ) ;
#4576 = VERTEX_POINT ( 'NONE', #5605 ) ;
#4577 = VERTEX_POINT ( 'NONE', #992 ) ;
#4578 = VERTEX_POINT ( 'NONE', #57 ) ;
#4579 = AXIS2_PLACEMENT_3D ( 'NONE', #5839, #4575, #3537 ) ;
#4580 = EDGE_CURVE ( 'NONE', #5833, #2450, #2408, .T. ) ;
#4581 = EDGE_LOOP ( 'NONE', ( #1465, #2921, #1183, #347, #436 ) ) ;
#4582 = VECTOR ( 'NONE', #2592, 1000.000000000000000 ) ;
#4583 = CARTESIAN_POINT ( 'NONE',  ( -63.28658662012541214, 12.45222686804901713, -1.200000000000000622 ) ) ;
#4584 = DIRECTION ( 'NONE',  ( 1.000000000000000000, 0.000000000000000000, 0.000000000000000000 ) ) ;
#4586 = ORIENTED_EDGE ( 'NONE', *, *, #4037, .F. ) ;
#4585 = AXIS2_PLACEMENT_3D ( 'NONE', #1540, #3381, #5241 ) ;
#4587 = DIRECTION ( 'NONE',  ( -0.8097278303719938064, -0.5868056243093308089, 0.000000000000000000 ) ) ;
#4588 = CARTESIAN_POINT ( 'NONE',  ( 0.000000000000000000, 0.000000000000000000, -1.200000000000000178 ) ) ;
#4589 = CARTESIAN_POINT ( 'NONE',  ( -13.08529901606909895, -64.68983652522287287, -2.700000000000001066 ) ) ;
#4590 = CARTESIAN_POINT ( 'NONE',  ( -74.85877361847420275, 20.17385953622580530, 3.777295774188609734 ) ) ;
#4591 = CARTESIAN_POINT ( 'NONE',  ( 53.34974655856339609, 56.21436241866533834, -3.700000000000000178 ) ) ;
#4592 = VERTEX_POINT ( 'NONE', #1478 ) ;
#4593 = VECTOR ( 'NONE', #1915, 1000.000000000000114 ) ;
#4594 = PRESENTATION_STYLE_ASSIGNMENT (( #3773 ) ) ;
#4595 = DIRECTION ( 'NONE',  ( -0.09416534221922182035, -0.07267760029779701814, -0.9929002239599358237 ) ) ;
#4596 = VERTEX_POINT ( 'NONE', #1424 ) ;
#4597 = LINE ( 'NONE', #2716, #4339 ) ;
#4598 = CARTESIAN_POINT ( 'NONE',  ( -13.07208080224105551, -64.59157217576129995, 2.699999999999999289 ) ) ;
#4599 = ORIENTED_EDGE ( 'NONE', *, *, #1065, .F. ) ;
#4600 = DIRECTION ( 'NONE',  ( 0.000000000000000000, 0.000000000000000000, -1.000000000000000000 ) ) ;
#4601 = CARTESIAN_POINT ( 'NONE',  ( 15.59236842767873554, -21.87911632554052943, -10.14422924628219924 ) ) ;
#4602 = CARTESIAN_POINT ( 'NONE',  ( 0.000000000000000000, 0.000000000000000000, 15.00000000000000355 ) ) ;
#4603 = DIRECTION ( 'NONE',  ( 0.9910735647809234550, 0.1333161250278182830, 0.000000000000000000 ) ) ;
#4604 = DIRECTION ( 'NONE',  ( 0.000000000000000000, 0.000000000000000000, -1.000000000000000000 ) ) ;
#4605 = EDGE_CURVE ( 'NONE', #1991, #1964, #5150, .T. ) ;
#4606 = DIRECTION ( 'NONE',  ( 0.9130524929214650642, 0.4078420590987375527, 0.000000000000000000 ) ) ;
#4607 = ORIENTED_EDGE ( 'NONE', *, *, #697, .F. ) ;
#4608 = ORIENTED_EDGE ( 'NONE', *, *, #5686, .F. ) ;
#4609 = ORIENTED_EDGE ( 'NONE', *, *, #5540, .F. ) ;
#4610 = EDGE_CURVE ( 'NONE', #2525, #2578, #3470, .T. ) ;
#4611 = VERTEX_POINT ( 'NONE', #3267 ) ;
#4612 = EDGE_CURVE ( 'NONE', #3048, #3235, #83, .T. ) ;
#4613 = LINE ( 'NONE', #4550, #5080 ) ;
#4614 = CARTESIAN_POINT ( 'NONE',  ( -14.69037456587059864, -71.36007333919378937, 11.58000000000000007 ) ) ;
#4615 = ORIENTED_EDGE ( 'NONE', *, *, #1533, .F. ) ;
#4616 = EDGE_CURVE ( 'NONE', #1787, #679, #3778, .T. ) ;
#4617 = CARTESIAN_POINT ( 'NONE',  ( 0.000000000000000000, 0.000000000000000000, -20.00000000000000000 ) ) ;
#4618 = CARTESIAN_POINT ( 'NONE',  ( 1.146903615784844084E-14, 22.38295152313055070, -11.35262636160330096 ) ) ;
#4619 = CARTESIAN_POINT ( 'NONE',  ( 20.97349127928373846, -61.88244379962862496, 2.550567172170616903 ) ) ;
#4620 = CARTESIAN_POINT ( 'NONE',  ( 62.20636336146471024, 20.86506187279472968, 2.652328933398603983 ) ) ;
#4621 = CARTESIAN_POINT ( 'NONE',  ( -57.81277958042409892, 51.61329787162710403, 3.730156933474060299 ) ) ;
#4622 = VERTEX_POINT ( 'NONE', #2870 ) ;
#4623 = CARTESIAN_POINT ( 'NONE',  ( -62.38380034575757804, 20.93797427196389549, -2.690307872283302704 ) ) ;
#4624 = CARTESIAN_POINT ( 'NONE',  ( 26.74405476411230609, -2.563829000765943888, -10.14422924628219924 ) ) ;
#4625 = TOROIDAL_SURFACE ( 'NONE', #2884, 66.00000000000000000, 1.500000000000000000 ) ;
#4626 = ORIENTED_EDGE ( 'NONE', *, *, #771, .T. ) ;
#4627 = LINE ( 'NONE', #22, #1066 ) ;
#4628 = DIRECTION ( 'NONE',  ( -0.1029739367619106061, 0.9912714459880660467, -0.08232428995431879948 ) ) ;
#4629 = EDGE_LOOP ( 'NONE', ( #4428, #5556, #5207, #2435 ) ) ;
#4630 = CARTESIAN_POINT ( 'NONE',  ( 21.00997772148992127, -62.15368441914043984, -2.660999025887019975 ) ) ;
#4631 = LINE ( 'NONE', #5583, #3406 ) ;
#4632 = CARTESIAN_POINT ( 'NONE',  ( 48.95017622202930596, 6.561109625699310222, 2.700000000000001066 ) ) ;
#4633 = PLANE ( 'NONE',  #2330 ) ;
#4634 = FACE_OUTER_BOUND ( 'NONE', #710, .T. ) ;
#4635 = CARTESIAN_POINT ( 'NONE',  ( -20.96183012831496129, -61.79575467288078272, -2.505111542034143213 ) ) ;
#4636 = EDGE_LOOP ( 'NONE', ( #4514, #420, #1987, #3788 ) ) ;
#4637 = MECHANICAL_DESIGN_GEOMETRIC_PRESENTATION_REPRESENTATION (  '', ( #5713 ), #1241 ) ;
#4638 = EDGE_CURVE ( 'NONE', #198, #3457, #5643, .T. ) ;
#4639 = EDGE_LOOP ( 'NONE', ( #3185, #1542, #3893, #2228 ) ) ;
#4640 = VERTEX_POINT ( 'NONE', #4320 ) ;
#4641 = ORIENTED_EDGE ( 'NONE', *, *, #158, .F. ) ;
#4642 = EDGE_CURVE ( 'NONE', #5870, #752, #2470, .T. ) ;
#4643 = CARTESIAN_POINT ( 'NONE',  ( -37.04008753396534814, 28.63376137949524747, 7.382251208476880322 ) ) ;
#4644 = AXIS2_PLACEMENT_3D ( 'NONE', #1445, #72, #5076 ) ;
#4645 = CARTESIAN_POINT ( 'NONE',  ( 12.92521316789120611, -63.49975653908812490, -2.123422862775892650 ) ) ;
#4646 = ORIENTED_EDGE ( 'NONE', *, *, #5138, .F. ) ;
#4647 = AXIS2_PLACEMENT_3D ( 'NONE', #3498, #5355, #2072 ) ;
#4648 = CARTESIAN_POINT ( 'NONE',  ( 48.29029604988337354, 42.75859337507038305, -1.200000000000000622 ) ) ;
#4649 = ADVANCED_FACE ( 'NONE', ( #520 ), #1029, .F. ) ;
#4650 = EDGE_CURVE ( 'NONE', #2083, #1027, #3336, .T. ) ;
#4651 = CARTESIAN_POINT ( 'NONE',  ( 44.61716992170389773, 50.27188602213590229, -5.079798781868669622 ) ) ;
#4652 = CARTESIAN_POINT ( 'NONE',  ( 20.85934850864513024, -61.03390516585746184, 1.400051709518748577 ) ) ;
#4653 = CARTESIAN_POINT ( 'NONE',  ( 54.45444904472720538, 48.40227423474959778, -2.700000000000001066 ) ) ;
#4654 = DIRECTION ( 'NONE',  ( -0.000000000000000000, -0.000000000000000000, -1.000000000000000000 ) ) ;
#4655 = AXIS2_PLACEMENT_3D ( 'NONE', #4146, #5994, #1844 ) ;
#4656 = FACE_OUTER_BOUND ( 'NONE', #2181, .T. ) ;
#4657 = ORIENTED_EDGE ( 'NONE', *, *, #605, .T. ) ;
#4658 = FACE_OUTER_BOUND ( 'NONE', #184, .T. ) ;
#4659 = AXIS2_PLACEMENT_3D ( 'NONE', #2540, #1637, #3124 ) ;
#4660 = ORIENTED_EDGE ( 'NONE', *, *, #3632, .T. ) ;
#4661 = CARTESIAN_POINT ( 'NONE',  ( -70.93349997486149050, 23.48032107784045053, -4.061698908049449663 ) ) ;
#4662 = CARTESIAN_POINT ( 'NONE',  ( 1.098614904710434072E-14, 22.38295152313055070, 11.35262636160330096 ) ) ;
#4663 = VERTEX_POINT ( 'NONE', #3415 ) ;
#4664 = EDGE_CURVE ( 'NONE', #5495, #4611, #5158, .T. ) ;
#4665 = DIRECTION ( 'NONE',  ( -0.8097278303719938064, -0.5868056243093308089, 0.000000000000000000 ) ) ;
#4666 = ADVANCED_FACE ( 'NONE', ( #142 ), #1464, .T. ) ;
#4667 = CARTESIAN_POINT ( 'NONE',  ( 12.93436951284383163, -63.56782490989222367, 2.191727174860604421 ) ) ;
#4668 = LINE ( 'NONE', #570, #2348 ) ;
#4669 = CARTESIAN_POINT ( 'NONE',  ( 73.60481692013441091, 24.26068684422398292, -3.730156933474059411 ) ) ;
#4670 = ORIENTED_EDGE ( 'NONE', *, *, #944, .T. ) ;
#4671 = VERTEX_POINT ( 'NONE', #66 ) ;
#4672 = ORIENTED_EDGE ( 'NONE', *, *, #4829, .F. ) ;
#4673 = EDGE_CURVE ( 'NONE', #3614, #3000, #1908, .T. ) ;
#4674 = CARTESIAN_POINT ( 'NONE',  ( -61.17517611784167286, 20.44132644793519304, 1.199999999999999289 ) ) ;
#4675 = CARTESIAN_POINT ( 'NONE',  ( 1.146903615784844084E-14, 22.38295152313055070, -11.35262636160330096 ) ) ;
#4676 = ORIENTED_EDGE ( 'NONE', *, *, #1068, .F. ) ;
#4677 = AXIS2_PLACEMENT_3D ( 'NONE', #2279, #5446, #4964 ) ;
#4678 = CIRCLE ( 'NONE', #3024, 64.50000000000000000 ) ;
#4679 = VECTOR ( 'NONE', #3303, 1000.000000000000000 ) ;
#4680 = CARTESIAN_POINT ( 'NONE',  ( 12.88488006795826912, -63.19991982300554412, -2.700000000000000178 ) ) ;
#4681 = DIRECTION ( 'NONE',  ( 0.9714852113679698364, 0.2371001562490649694, 0.000000000000000000 ) ) ;
#4682 = CARTESIAN_POINT ( 'NONE',  ( 61.17517611784167997, 20.44132644793514686, 1.398311155798739103 ) ) ;
#4683 = CARTESIAN_POINT ( 'NONE',  ( -50.11597355281160304, 54.01379544312889891, 11.58000000000000007 ) ) ;
#4684 = ORIENTED_EDGE ( 'NONE', *, *, #2485, .T. ) ;
#4685 = CIRCLE ( 'NONE', #1294, 66.00000000000000000 ) ;
#4686 =( BOUNDED_CURVE ( )  B_SPLINE_CURVE ( 3, ( #3808, #1460, #5210, #2325 ),
 .UNSPECIFIED., .F., .F. ) 
 B_SPLINE_CURVE_WITH_KNOTS ( ( 4, 4 ),
 ( 3.992427501872510831, 4.079525947968146937 ),
 .UNSPECIFIED. ) 
 CURVE ( )  GEOMETRIC_REPRESENTATION_ITEM ( )  RATIONAL_B_SPLINE_CURVE ( ( 1.000000000000000000, 0.9993679216300043189, 0.9993679216300043189, 1.000000000000000000 ) ) 
 REPRESENTATION_ITEM ( '' )  );
#4687 = CARTESIAN_POINT ( 'NONE',  ( -61.87016275116228314, 20.72691033016706896, -2.502543056173724967 ) ) ;
#4688 = ORIENTED_EDGE ( 'NONE', *, *, #1523, .T. ) ;
#4689 = CARTESIAN_POINT ( 'NONE',  ( -10.90779057584800071, 4.442934852371624999, -11.58000000000000007 ) ) ;
#4690 = CARTESIAN_POINT ( 'NONE',  ( -12.89021153342465631, -63.23955399692243873, 1.595345417121418308 ) ) ;
#4691 = VERTEX_POINT ( 'NONE', #2909 ) ;
#4692 = CIRCLE ( 'NONE', #2064, 66.00000000000000000 ) ;
#4693 = CARTESIAN_POINT ( 'NONE',  ( -49.09739676186222823, 43.38152046865764078, 2.623587057957730728 ) ) ;
#4694 = CARTESIAN_POINT ( 'NONE',  ( 62.56569130554002811, 21.01271689858008074, 2.700000000000001066 ) ) ;
#4695 = CARTESIAN_POINT ( 'NONE',  ( -92.50000000000000000, 1.132798289211301698E-14, -18.00000000000000355 ) ) ;
#4696 = EDGE_LOOP ( 'NONE', ( #2165, #358, #1298, #230, #4289, #4641, #3944, #5936, #1769 ) ) ;
#4697 = TOROIDAL_SURFACE ( 'NONE', #5470, 66.00000000000000000, 1.500000000000000000 ) ;
#4698 = EDGE_LOOP ( 'NONE', ( #3575, #990, #4437, #3438 ) ) ;
#4699 = DIRECTION ( 'NONE',  ( 0.000000000000000000, 0.000000000000000000, 1.000000000000000000 ) ) ;
#4700 = ORIENTED_EDGE ( 'NONE', *, *, #2177, .T. ) ;
#4701 = DIRECTION ( 'NONE',  ( 0.000000000000000000, 0.000000000000000000, 1.000000000000000000 ) ) ;
#4702 = APPLICATION_CONTEXT ( 'automotive_design' ) ;
#4703 = AXIS2_PLACEMENT_3D ( 'NONE', #2114, #395, #1671 ) ;
#4704 = CARTESIAN_POINT ( 'NONE',  ( -49.64707533962490515, 43.80576700167500093, -5.076071568124019606 ) ) ;
#4705 = CARTESIAN_POINT ( 'NONE',  ( 1.554077693883280542, 22.37879379940902780, -11.20554402546023276 ) ) ;
#4706 = ORIENTED_EDGE ( 'NONE', *, *, #3284, .T. ) ;
#4707 = FACE_OUTER_BOUND ( 'NONE', #5299, .T. ) ;
#4708 = CARTESIAN_POINT ( 'NONE',  ( 63.33244978436776762, 12.47107295784091363, 1.591486748875363233 ) ) ;
#4709 = CARTESIAN_POINT ( 'NONE',  ( -20.44738674720894878, -9.133433596448460534, -11.58000000000000007 ) ) ;
#4710 = CARTESIAN_POINT ( 'NONE',  ( 0.000000000000000000, 0.000000000000000000, -41.10000000000000142 ) ) ;
#4711 = ORIENTED_EDGE ( 'NONE', *, *, #4612, .T. ) ;
#4712 = EDGE_CURVE ( 'NONE', #33, #2471, #3818, .T. ) ;
#4713 = EDGE_CURVE ( 'NONE', #882, #2468, #4728, .T. ) ;
#4714 = CARTESIAN_POINT ( 'NONE',  ( -21.93259590737125819, -73.28854778724955565, -2.700000000000001066 ) ) ;
#4715 = B_SPLINE_CURVE_WITH_KNOTS ( 'NONE', 3,
 ( #2562, #777, #3927, #2626, #1717, #318, #5778, #2160 ),
 .UNSPECIFIED., .F., .F.,
 ( 4, 2, 2, 4 ),
 ( 0.000000000000000000, 0.0003951903511580896560, 0.0007903807023161793120, 0.001580761404632350818 ),
 .UNSPECIFIED. ) ;
#4716 = ORIENTED_EDGE ( 'NONE', *, *, #2294, .T. ) ;
#4717 = CARTESIAN_POINT ( 'NONE',  ( 16.35785556581524958, -27.56975627347355129, 9.456346035045680054 ) ) ;
#4718 = EDGE_CURVE ( 'NONE', #2214, #5954, #92, .T. ) ;
#4719 = DIRECTION ( 'NONE',  ( -0.7860163774671047321, 0.6066540275092389134, 0.1189501797405513872 ) ) ;
#4721 = ORIENTED_EDGE ( 'NONE', *, *, #1357, .F. ) ;
#4720 =( BOUNDED_CURVE ( )  B_SPLINE_CURVE ( 3, ( #3973, #1326, #3103, #1708 ),
 .UNSPECIFIED., .F., .F. ) 
 B_SPLINE_CURVE_WITH_KNOTS ( ( 4, 4 ),
 ( 2.165460851662905029, 2.252559297758541135 ),
 .UNSPECIFIED. ) 
 CURVE ( )  GEOMETRIC_REPRESENTATION_ITEM ( )  RATIONAL_B_SPLINE_CURVE ( ( 1.000000000000000000, 0.9993679216300043189, 0.9993679216300043189, 1.000000000000000000 ) ) 
 REPRESENTATION_ITEM ( '' )  );
#4722 = CARTESIAN_POINT ( 'NONE',  ( -48.95341343685616664, 43.27039293173460521, 2.548498792587408968 ) ) ;
#4723 = CARTESIAN_POINT ( 'NONE',  ( 12.88488006795826912, -63.19991982300554412, 1.199999999999999289 ) ) ;
#4724 = CARTESIAN_POINT ( 'NONE',  ( 0.000000000000000000, 0.000000000000000000, 3.700000000000001954 ) ) ;
#4725 = VECTOR ( 'NONE', #5628, 1000.000000000000000 ) ;
#4726 = CARTESIAN_POINT ( 'NONE',  ( 15.55479685005096080, -74.90192450767632693, 2.700000000000001066 ) ) ;
#4727 = VERTEX_POINT ( 'NONE', #1113 ) ;
#4728 = CIRCLE ( 'NONE', #651, 76.50000000000000000 ) ;
#4729 = EDGE_CURVE ( 'NONE', #678, #2578, #4758, .T. ) ;
#4730 = ORIENTED_EDGE ( 'NONE', *, *, #5463, .F. ) ;
#4731 = CARTESIAN_POINT ( 'NONE',  ( 21.71933223215994957, -70.40860395368841296, 11.58000000000000007 ) ) ;
#4732 = ORIENTED_EDGE ( 'NONE', *, *, #1251, .F. ) ;
#4733 = CARTESIAN_POINT ( 'NONE',  ( 22.00819263282770066, -74.30941701451001791, 3.566356646465702163 ) ) ;
#4734 = AXIS2_PLACEMENT_3D ( 'NONE', #1965, #5645, #2502 ) ;
#4735 = VECTOR ( 'NONE', #4940, 1000.000000000000114 ) ;
#4736 = DIRECTION ( 'NONE',  ( -0.9598809505700891531, 0.2804078471310355591, 0.000000000000000000 ) ) ;
#4737 = DIRECTION ( 'NONE',  ( 1.000000000000000000, 0.000000000000000000, 0.000000000000000000 ) ) ;
#4738 = ORIENTED_EDGE ( 'NONE', *, *, #5345, .T. ) ;
#4739 = LINE ( 'NONE', #5225, #389 ) ;
#4740 = DIRECTION ( 'NONE',  ( -0.1100233192535945564, 0.04521077836900300184, -0.9929002239599357127 ) ) ;
#4741 = CARTESIAN_POINT ( 'NONE',  ( 32.05503709188110406, -0.3814403346959309715, 11.58000000000000007 ) ) ;
#4742 = CARTESIAN_POINT ( 'NONE',  ( -42.42723811148029966, 48.58167829780848024, -1.400051709518744580 ) ) ;
#4743 = DIRECTION ( 'NONE',  ( 0.000000000000000000, 0.000000000000000000, 1.000000000000000000 ) ) ;
#4744 = ORIENTED_EDGE ( 'NONE', *, *, #5111, .F. ) ;
#4745 = LINE ( 'NONE', #2034, #42 ) ;
#4746 = ADVANCED_FACE ( 'NONE', ( #2444 ), #4261, .F. ) ;
#4747 = VECTOR ( 'NONE', #1151, 999.9999999999998863 ) ;
#4748 = EDGE_LOOP ( 'NONE', ( #454, #5324, #948, #637 ) ) ;
#4749 = CARTESIAN_POINT ( 'NONE',  ( 20.58763429522879917, -9.196079336109010072, 11.12841576485195993 ) ) ;
#4750 = ORIENTED_EDGE ( 'NONE', *, *, #4757, .F. ) ;
#4751 = TOROIDAL_SURFACE ( 'NONE', #2913, 76.50000000000000000, 1.000000000000000000 ) ;
#4752 = CARTESIAN_POINT ( 'NONE',  ( -75.35793919139111097, 18.09505459584467957, -3.432597709076182557 ) ) ;
#4753 = FACE_OUTER_BOUND ( 'NONE', #630, .T. ) ;
#4754 = ORIENTED_EDGE ( 'NONE', *, *, #1420, .F. ) ;
#4755 = ORIENTED_EDGE ( 'NONE', *, *, #2924, .T. ) ;
#4756 = DIRECTION ( 'NONE',  ( -0.9910735647809233440, 0.1333161250278182552, 0.000000000000000000 ) ) ;
#4757 = EDGE_CURVE ( 'NONE', #5869, #5434, #3787, .T. ) ;
#4758 = LINE ( 'NONE', #2417, #2487 ) ;
#4759 = ORIENTED_EDGE ( 'NONE', *, *, #2372, .F. ) ;
#4760 = FACE_OUTER_BOUND ( 'NONE', #929, .T. ) ;
#4761 = CARTESIAN_POINT ( 'NONE',  ( -61.21955478293369168, 20.45956252738997705, 1.588432000007076184 ) ) ;
#4762 = CARTESIAN_POINT ( 'NONE',  ( 12.88488006795827800, -63.19991982300557254, -1.398311155798734440 ) ) ;
#4763 = EDGE_LOOP ( 'NONE', ( #2843, #1086, #5776, #5750, #3337 ) ) ;
#4764 = EDGE_CURVE ( 'NONE', #5963, #3844, #5727, .T. ) ;
#4765 = CARTESIAN_POINT ( 'NONE',  ( 0.000000000000000000, 0.000000000000000000, -3.700000000000000178 ) ) ;
#4766 = CARTESIAN_POINT ( 'NONE',  ( 62.20000974637027724, 20.86245104550988927, -2.660291023826610868 ) ) ;
#4767 = CARTESIAN_POINT ( 'NONE',  ( 12.54516341247454037, 0.4582833856134490014, -11.58000000000000007 ) ) ;
#4768 = ORIENTED_EDGE ( 'NONE', *, *, #1494, .F. ) ;
#4769 = TOROIDAL_SURFACE ( 'NONE', #590, 66.00000000000000000, 1.500000000000000000 ) ;
#4770 = AXIS2_PLACEMENT_3D ( 'NONE', #2156, #741, #3561 ) ;
#4771 = PLANE ( 'NONE',  #2936 ) ;
#4772 = EDGE_CURVE ( 'NONE', #5458, #1543, #3811, .T. ) ;
#4773 = AXIS2_PLACEMENT_3D ( 'NONE', #73, #4681, #5655 ) ;
#4774 = EDGE_CURVE ( 'NONE', #1422, #617, #1545, .T. ) ;
#4775 = ORIENTED_EDGE ( 'NONE', *, *, #1005, .T. ) ;
#4776 = ORIENTED_EDGE ( 'NONE', *, *, #3445, .F. ) ;
#4777 = CARTESIAN_POINT ( 'NONE',  ( -11.10525951692319957, -39.72858842060290385, -11.58000000000000007 ) ) ;
#4778 = ORIENTED_EDGE ( 'NONE', *, *, #2375, .F. ) ;
#4779 = CARTESIAN_POINT ( 'NONE',  ( 12.98443059676850631, -63.93997956779032421, 2.510770646708686105 ) ) ;
#4780 = ORIENTED_EDGE ( 'NONE', *, *, #2773, .F. ) ;
#4781 = VECTOR ( 'NONE', #4056, 1000.000000000000114 ) ;
#4782 = VERTEX_POINT ( 'NONE', #2990 ) ;
#4783 = FACE_OUTER_BOUND ( 'NONE', #2675, .T. ) ;
#4784 = CARTESIAN_POINT ( 'NONE',  ( -11.10525951692319957, -39.72858842060290385, -11.58000000000000007 ) ) ;
#4785 = ORIENTED_EDGE ( 'NONE', *, *, #831, .T. ) ;
#4786 = CARTESIAN_POINT ( 'NONE',  ( -30.15717572388484768, 39.11154131515264964, 11.58000000000000007 ) ) ;
#4787 = ADVANCED_FACE ( 'NONE', ( #5758 ), #1232, .T. ) ;
#4788 = CARTESIAN_POINT ( 'NONE',  ( 26.35572538717334723, -19.09985961930015108, 10.30230857362398034 ) ) ;
#4789 = CIRCLE ( 'NONE', #4389, 66.00000000000000000 ) ;
#4790 = ORIENTED_EDGE ( 'NONE', *, *, #117, .F. ) ;
#4791 = EDGE_CURVE ( 'NONE', #40, #5589, #4327, .T. ) ;
#4792 = EDGE_CURVE ( 'NONE', #422, #1516, #3953, .T. ) ;
#4793 = DIRECTION ( 'NONE',  ( -0.8599849567173972753, -0.4965125462598181105, -0.1179032044787942241 ) ) ;
#4794 = DIRECTION ( 'NONE',  ( -0.8081253717906038414, -0.5856443307573359069, 0.06288164533542668633 ) ) ;
#4795 = CARTESIAN_POINT ( 'NONE',  ( 73.60481692013435406, 24.26068684422396160, 3.700000000000001954 ) ) ;
#4796 = ADVANCED_FACE ( 'NONE', ( #657 ), #4625, .T. ) ;
#4797 =( LENGTH_UNIT ( ) NAMED_UNIT ( * ) SI_UNIT ( .MILLI., .METRE. ) );
#4798 = CARTESIAN_POINT ( 'NONE',  ( 0.000000000000000000, 0.000000000000000000, -3.700000000000000178 ) ) ;
#4799 = CARTESIAN_POINT ( 'NONE',  ( 53.34974655856339609, 56.21436241866533834, -16.00000000000000000 ) ) ;
#4800 = AXIS2_PLACEMENT_3D ( 'NONE', #3032, #2672, #4882 ) ;
#4801 = ORIENTED_EDGE ( 'NONE', *, *, #2405, .F. ) ;
#4802 = ORIENTED_EDGE ( 'NONE', *, *, #5735, .F. ) ;
#4803 = CARTESIAN_POINT ( 'NONE',  ( -1.606200838410910103, -11.66789116403066018, -11.58000000000000007 ) ) ;
#4804 = DIRECTION ( 'NONE',  ( 0.000000000000000000, 0.000000000000000000, 1.000000000000000000 ) ) ;
#4805 = B_SPLINE_CURVE_WITH_KNOTS ( 'NONE', 3,
 ( #276, #1705, #3943, #2612, #2118, #3549, #4458, #4954 ),
 .UNSPECIFIED., .F., .F.,
 ( 4, 2, 2, 4 ),
 ( 0.000000000000000000, 0.0003906557361646290452, 0.0007813114723292580903, 0.001562622944658506423 ),
 .UNSPECIFIED. ) ;
#4806 = VERTEX_POINT ( 'NONE', #3051 ) ;
#4807 = ORIENTED_EDGE ( 'NONE', *, *, #1937, .T. ) ;
#4808 = CARTESIAN_POINT ( 'NONE',  ( 0.000000000000000000, 0.000000000000000000, 20.00000000000000000 ) ) ;
#4809 = CARTESIAN_POINT ( 'NONE',  ( 54.45444904472720538, 48.40227423474959778, 2.700000000000001066 ) ) ;
#4810 = VERTEX_POINT ( 'NONE', #5387 ) ;
#4811 = DIRECTION ( 'NONE',  ( 0.000000000000000000, 0.000000000000000000, 1.000000000000000000 ) ) ;
#4812 = DIRECTION ( 'NONE',  ( -0.07384912868412257803, -0.9972694250765916646, 0.000000000000000000 ) ) ;
#4813 = CARTESIAN_POINT ( 'NONE',  ( 42.42723811148027124, 48.58167829780843050, 1.199999999999999289 ) ) ;
#4814 = EDGE_CURVE ( 'NONE', #3009, #895, #3982, .T. ) ;
#4815 = CARTESIAN_POINT ( 'NONE',  ( 4.475989276010945872, 8.942344211728546099, -11.58000000000000007 ) ) ;
#4816 = VERTEX_POINT ( 'NONE', #2048 ) ;
#4817 = ORIENTED_EDGE ( 'NONE', *, *, #2373, .F. ) ;
#4818 = TOROIDAL_SURFACE ( 'NONE', #1443, 76.50000000000000000, 1.000000000000000000 ) ;
#4819 = ADVANCED_FACE ( 'NONE', ( #3898 ), #4383, .F. ) ;
#4820 = AXIS2_PLACEMENT_3D ( 'NONE', #1143, #2962, #4844 ) ;
#4821 = CARTESIAN_POINT ( 'NONE',  ( 18.25785546790195113, -13.23137463543739933, -11.12841576485195993 ) ) ;
#4822 = DIRECTION ( 'NONE',  ( 0.1100233192535945842, 0.04521077836900292551, -0.9929002239599357127 ) ) ;
#4823 = CARTESIAN_POINT ( 'NONE',  ( 0.000000000000000000, 0.000000000000000000, 2.700000000000000178 ) ) ;
#4824 = SHAPE_DEFINITION_REPRESENTATION ( #1215, #2907 ) ;
#4825 = ORIENTED_EDGE ( 'NONE', *, *, #423, .F. ) ;
#4826 = CIRCLE ( 'NONE', #5404, 66.00000000000000000 ) ;
#4827 = DIRECTION ( 'NONE',  ( 0.000000000000000000, 0.000000000000000000, 1.000000000000000000 ) ) ;
#4828 = EDGE_CURVE ( 'NONE', #2357, #194, #4475, .T. ) ;
#4829 = EDGE_CURVE ( 'NONE', #2445, #546, #2075, .T. ) ;
#4830 = FACE_OUTER_BOUND ( 'NONE', #3748, .T. ) ;
#4831 = VECTOR ( 'NONE', #5340, 1000.000000000000000 ) ;
#4832 = CARTESIAN_POINT ( 'NONE',  ( -20.85934850864511958, -61.03390516585745473, -1.200000000000000622 ) ) ;
#4833 = ORIENTED_EDGE ( 'NONE', *, *, #1455, .F. ) ;
#4834 = LINE ( 'NONE', #3888, #2089 ) ;
#4835 = PLANE ( 'NONE',  #5652 ) ;
#4836 = EDGE_CURVE ( 'NONE', #2315, #2549, #5808, .T. ) ;
#4837 = ORIENTED_EDGE ( 'NONE', *, *, #3933, .T. ) ;
#4838 = ORIENTED_EDGE ( 'NONE', *, *, #1523, .F. ) ;
#4839 = CARTESIAN_POINT ( 'NONE',  ( -63.28658662012541214, 12.45222686804901713, -1.200000000000000622 ) ) ;
#4840 = VECTOR ( 'NONE', #582, 1000.000000000000000 ) ;
#4841 = FACE_BOUND ( 'NONE', #1880, .T. ) ;
#4842 = ORIENTED_EDGE ( 'NONE', *, *, #5449, .T. ) ;
#4843 = CARTESIAN_POINT ( 'NONE',  ( 0.000000000000000000, 0.000000000000000000, -1.200000000000000178 ) ) ;
#4844 = DIRECTION ( 'NONE',  ( 1.000000000000000000, 0.000000000000000000, 0.000000000000000000 ) ) ;
#4845 = CARTESIAN_POINT ( 'NONE',  ( -48.44752254772868127, 42.87994210377806326, -1.951545083318397378 ) ) ;
#4846 = FACE_OUTER_BOUND ( 'NONE', #4763, .T. ) ;
#4847 = DIRECTION ( 'NONE',  ( -0.6109919333986542078, 0.7916368216055734708, 0.000000000000000000 ) ) ;
#4848 = ORIENTED_EDGE ( 'NONE', *, *, #4290, .T. ) ;
#4849 = VERTEX_POINT ( 'NONE', #4441 ) ;
#4850 = EDGE_CURVE ( 'NONE', #1598, #3531, #1631, .T. ) ;
#4851 = B_SPLINE_CURVE_WITH_KNOTS ( 'NONE', 3,
 ( #3237, #5090, #2786, #479, #4693, #4722, #1953, #5181, #3330, #994, #2844, #3752, #1458, #3780 ),
 .UNSPECIFIED., .F., .F.,
 ( 4, 2, 2, 2, 2, 2, 4 ),
 ( 9.965227682168975268E-18, 0.0002932297430756943945, 0.0005864594861513788143, 0.0008796892292270632342, 0.001172918972302747654, 0.001759378458454117578, 0.002345837944605487502 ),
 .UNSPECIFIED. ) ;
#4852 = DIRECTION ( 'NONE',  ( 0.1031201821228878435, 0.9926792667920752988, -0.06288164533542681123 ) ) ;
#4853 = DIRECTION ( 'NONE',  ( 0.000000000000000000, 0.000000000000000000, -1.000000000000000000 ) ) ;
#4854 = CARTESIAN_POINT ( 'NONE',  ( -74.43604214391355356, 17.65008866690265066, -2.700000000000001066 ) ) ;
#4855 = CARTESIAN_POINT ( 'NONE',  ( 57.81277958042414866, 51.61329787162703298, -3.700000000000000178 ) ) ;
#4856 = ORIENTED_EDGE ( 'NONE', *, *, #3522, .F. ) ;
#4857 = FACE_OUTER_BOUND ( 'NONE', #2413, .T. ) ;
#4858 = CARTESIAN_POINT ( 'NONE',  ( -20.58763429522879917, -9.196079336109010072, 11.12841576485195993 ) ) ;
#4859 = DIRECTION ( 'NONE',  ( -0.3800816313822695247, -0.9249529466333910044, 0.000000000000000000 ) ) ;
#4860 = VECTOR ( 'NONE', #1765, 1000.000000000000000 ) ;
#4861 = VECTOR ( 'NONE', #2351, 1000.000000000000114 ) ;
#4862 = VERTEX_POINT ( 'NONE', #1689 ) ;
#4863 = VECTOR ( 'NONE', #1510, 1000.000000000000114 ) ;
#4864 = DIRECTION ( 'NONE',  ( 0.000000000000000000, 0.000000000000000000, 1.000000000000000000 ) ) ;
#4865 = AXIS2_PLACEMENT_3D ( 'NONE', #513, #1903, #3862 ) ;
#4866 = ORIENTED_EDGE ( 'NONE', *, *, #3856, .T. ) ;
#4867 = ORIENTED_EDGE ( 'NONE', *, *, #834, .T. ) ;
#4868 = CARTESIAN_POINT ( 'NONE',  ( -64.51547898972508222, 12.95720327612548139, -2.699999999999999734 ) ) ;
#4869 = CARTESIAN_POINT ( 'NONE',  ( -20.86994721811225517, -61.11269609059711172, 1.687485246541781114 ) ) ;
#4870 = ORIENTED_EDGE ( 'NONE', *, *, #831, .F. ) ;
#4871 = CARTESIAN_POINT ( 'NONE',  ( 43.63723890728325472, 49.51556705268237124, -2.700000000000001066 ) ) ;
#4872 = CARTESIAN_POINT ( 'NONE',  ( 64.50000000000000000, 0.000000000000000000, -2.700000000000000178 ) ) ;
#4873 = DIRECTION ( 'NONE',  ( 0.07384912868412257803, -0.9972694250765916646, 0.000000000000000000 ) ) ;
#4874 = DIRECTION ( 'NONE',  ( -1.000000000000000000, 0.000000000000000000, 0.000000000000000000 ) ) ;
#4875 = DIRECTION ( 'NONE',  ( 0.000000000000000000, 0.000000000000000000, 1.000000000000000000 ) ) ;
#4876 = LINE ( 'NONE', #721, #1259 ) ;
#4877 = ORIENTED_EDGE ( 'NONE', *, *, #1056, .T. ) ;
#4878 = ORIENTED_EDGE ( 'NONE', *, *, #5098, .T. ) ;
#4879 = AXIS2_PLACEMENT_3D ( 'NONE', #1152, #2514, #241 ) ;
#4880 = CARTESIAN_POINT ( 'NONE',  ( -15.79203733971028178, -75.87398471585103721, -3.700000000000000178 ) ) ;
#4881 = DIRECTION ( 'NONE',  ( -0.8069792858908440003, -0.5848137681575399371, -0.08232428995431868846 ) ) ;
#4882 = DIRECTION ( 'NONE',  ( 0.9005852208758917676, 0.4346794910504994114, 0.000000000000000000 ) ) ;
#4883 = ORIENTED_EDGE ( 'NONE', *, *, #5111, .T. ) ;
#4884 = CARTESIAN_POINT ( 'NONE',  ( -28.64542682687829966, 27.59651867068289732, -8.254313061627300385 ) ) ;
#4885 = B_SPLINE_CURVE_WITH_KNOTS ( 'NONE', 3,
 ( #584, #183, #4360, #2425, #2000, #1583, #2057, #3344, #1610, #5284, #1974, #4766, #3851, #5678 ),
 .UNSPECIFIED., .F., .F.,
 ( 4, 2, 2, 2, 2, 2, 4 ),
 ( 4.553649124439118623E-18, 0.0002932293124433548196, 0.0005864586248867050856, 0.0008796879373300553516, 0.001172917249773406268, 0.001759375874660109836, 0.002345834499546813404 ),
 .UNSPECIFIED. ) ;
#4886 = PLANE ( 'NONE',  #5748 ) ;
#4887 = AXIS2_PLACEMENT_3D ( 'NONE', #4059, #5880, #3580 ) ;
#4888 = ORIENTED_EDGE ( 'NONE', *, *, #2956, .F. ) ;
#4889 = ORIENTED_EDGE ( 'NONE', *, *, #1068, .T. ) ;
#4890 = EDGE_CURVE ( 'NONE', #3603, #2759, #5301, .T. ) ;
#4891 = DIRECTION ( 'NONE',  ( 0.000000000000000000, 0.000000000000000000, 1.000000000000000000 ) ) ;
#4892 = DIRECTION ( 'NONE',  ( -0.9598809505700891531, 0.2804078471310355591, 0.000000000000000000 ) ) ;
#4893 = ORIENTED_EDGE ( 'NONE', *, *, #3190, .F. ) ;
#4894 = EDGE_CURVE ( 'NONE', #4316, #5085, #5974, .T. ) ;
#4895 = ORIENTED_EDGE ( 'NONE', *, *, #609, .T. ) ;
#4896 = CARTESIAN_POINT ( 'NONE',  ( 77.50000000000000000, 0.000000000000000000, 4.000000000000000000 ) ) ;
#4897 = EDGE_CURVE ( 'NONE', #1711, #4247, #3078, .T. ) ;
#4898 = CARTESIAN_POINT ( 'NONE',  ( -75.35793919139111097, 18.09505459584470444, -3.816639643088861167 ) ) ;
#4899 = ORIENTED_EDGE ( 'NONE', *, *, #2892, .T. ) ;
#4900 = CARTESIAN_POINT ( 'NONE',  ( -38.22199963826210478, 11.00940799898346079, -8.254313061627300385 ) ) ;
#4901 = CARTESIAN_POINT ( 'NONE',  ( 0.000000000000000000, 0.000000000000000000, 18.00000000000000711 ) ) ;
#4902 = EDGE_CURVE ( 'NONE', #3683, #865, #4715, .T. ) ;
#4903 = CARTESIAN_POINT ( 'NONE',  ( -5.506302618736159893, -8.347492525956489828, -22.50000000000000000 ) ) ;
#4904 =( NAMED_UNIT ( * ) SI_UNIT ( $, .STERADIAN. ) SOLID_ANGLE_UNIT ( ) );
#4905 = CARTESIAN_POINT ( 'NONE',  ( 75.35793919139113939, 18.09505459584463694, -3.700000000000000178 ) ) ;
#4906 = DIRECTION ( 'NONE',  ( 1.000000000000000000, 0.000000000000000000, 0.000000000000000000 ) ) ;
#4907 = EDGE_LOOP ( 'NONE', ( #5695, #1726, #5601, #3829, #4706, #4856, #879, #4755, #5903, #3664, #1361, #5588 ) ) ;
#4908 = VERTEX_POINT ( 'NONE', #716 ) ;
#4909 = DIRECTION ( 'NONE',  ( -0.9099532226527546896, 0.4064576778305258320, -0.08232428995431867458 ) ) ;
#4910 = PLANE ( 'NONE',  #1306 ) ;
#4911 = CARTESIAN_POINT ( 'NONE',  ( -62.76044472552499798, 21.09274496687764966, 2.700000000000001066 ) ) ;
#4912 = ADVANCED_FACE ( 'NONE', ( #4410 ), #2195, .T. ) ;
#4913 = ORIENTED_EDGE ( 'NONE', *, *, #3647, .T. ) ;
#4914 = AXIS2_PLACEMENT_3D ( 'NONE', #4129, #1288, #4001 ) ;
#4915 = AXIS2_PLACEMENT_3D ( 'NONE', #875, #1364, #2192 ) ;
#4916 = CARTESIAN_POINT ( 'NONE',  ( 21.97869809395399443, -73.91111845162117788, -2.896738178340943826 ) ) ;
#4917 = EDGE_CURVE ( 'NONE', #679, #485, #3566, .T. ) ;
#4918 = ADVANCED_FACE ( 'NONE', ( #1270 ), #2752, .T. ) ;
#4919 = AXIS2_PLACEMENT_3D ( 'NONE', #1061, #602, #551 ) ;
#4920 = DIRECTION ( 'NONE',  ( -0.8942138618552126772, 0.4316042694810018343, -0.1187405736543211549 ) ) ;
#4921 = CIRCLE ( 'NONE', #5882, 92.50000000000000000 ) ;
#4922 = CARTESIAN_POINT ( 'NONE',  ( -20.85934850864513024, -61.03390516585746184, -1.400051709518748577 ) ) ;
#4923 = EDGE_CURVE ( 'NONE', #3416, #1165, #2283, .T. ) ;
#4924 = DIRECTION ( 'NONE',  ( 0.07384912868412257803, -0.9972694250765916646, 0.000000000000000000 ) ) ;
#4925 = EDGE_LOOP ( 'NONE', ( #4877, #4138, #2573, #3792, #2498, #2142, #1513, #1256, #3341 ) ) ;
#4926 = EDGE_CURVE ( 'NONE', #5442, #2876, #1342, .T. ) ;
#4927 = CARTESIAN_POINT ( 'NONE',  ( 57.81277958042414866, 51.61329787162703298, 3.700000000000001954 ) ) ;
#4928 = LINE ( 'NONE', #1167, #3120 ) ;
#4929 = AXIS2_PLACEMENT_3D ( 'NONE', #3144, #840, #1868 ) ;
#4930 = ORIENTED_EDGE ( 'NONE', *, *, #5249, .F. ) ;
#4931 = CARTESIAN_POINT ( 'NONE',  ( 10.00000000000000000, 0.000000000000000000, -22.50000000000000000 ) ) ;
#4932 = CARTESIAN_POINT ( 'NONE',  ( -20.88664214265675412, -61.23680634641664966, 1.956216145883733715 ) ) ;
#4933 = ORIENTED_EDGE ( 'NONE', *, *, #4772, .F. ) ;
#4934 = DIRECTION ( 'NONE',  ( 0.000000000000000000, -1.000000000000000000, 0.000000000000000000 ) ) ;
#4935 = DIRECTION ( 'NONE',  ( 0.000000000000000000, 0.000000000000000000, 1.000000000000000000 ) ) ;
#4936 = AXIS2_PLACEMENT_3D ( 'NONE', #4777, #3776, #5177 ) ;
#4937 = CARTESIAN_POINT ( 'NONE',  ( -19.08977072915410034, -47.87884415796109749, -7.001388294073090712 ) ) ;
#4938 =( LENGTH_UNIT ( ) NAMED_UNIT ( * ) SI_UNIT ( .MILLI., .METRE. ) );
#4939 = FACE_OUTER_BOUND ( 'NONE', #10, .T. ) ;
#4940 = DIRECTION ( 'NONE',  ( 0.2371001562490649694, 0.9714852113679698364, -0.000000000000000000 ) ) ;
#4941 = VERTEX_POINT ( 'NONE', #2787 ) ;
#4942 = AXIS2_PLACEMENT_3D ( 'NONE', #1272, #5958, #877 ) ;
#4943 = ADVANCED_FACE ( 'NONE', ( #2253 ), #5419, .F. ) ;
#4944 = ORIENTED_EDGE ( 'NONE', *, *, #3490, .T. ) ;
#4945 = VERTEX_POINT ( 'NONE', #4508 ) ;
#4946 = TOROIDAL_SURFACE ( 'NONE', #4450, 94.50000000000000000, 2.000000000000000000 ) ;
#4947 = DIRECTION ( 'NONE',  ( 1.000000000000000000, 0.000000000000000000, 0.000000000000000000 ) ) ;
#4948 = CARTESIAN_POINT ( 'NONE',  ( 21.93259590737125819, -73.28854778724955565, 2.700000000000001066 ) ) ;
#4949 = LINE ( 'NONE', #3544, #3832 ) ;
#4950 = CARTESIAN_POINT ( 'NONE',  ( 63.99760845690319400, 12.74439993550557837, -2.505111542034145433 ) ) ;
#4951 = ORIENTED_EDGE ( 'NONE', *, *, #5360, .F. ) ;
#4952 = CARTESIAN_POINT ( 'NONE',  ( -43.63723890728325472, 49.51556705268238545, 2.700000000000001066 ) ) ;
#4953 = CARTESIAN_POINT ( 'NONE',  ( -63.64024366371952368, 12.59755160761369375, 2.197086435881100641 ) ) ;
#4954 = CARTESIAN_POINT ( 'NONE',  ( -57.81277958042404919, 51.61329787162705429, -3.700000000000000178 ) ) ;
#4955 = DIRECTION ( 'NONE',  ( 1.000000000000000000, 0.000000000000000000, 0.000000000000000000 ) ) ;
#4956 = ORIENTED_EDGE ( 'NONE', *, *, #4560, .T. ) ;
#4957 = EDGE_CURVE ( 'NONE', #662, #2390, #366, .T. ) ;
#4958 = CARTESIAN_POINT ( 'NONE',  ( 57.53397744368190558, 51.34672487007896535, 2.900370989810163280 ) ) ;
#4959 = DIRECTION ( 'NONE',  ( -0.9005852208758915456, 0.4346794910504998000, 0.000000000000000000 ) ) ;
#4960 = AXIS2_PLACEMENT_3D ( 'NONE', #2748, #346, #4040 ) ;
#4961 = ORIENTED_EDGE ( 'NONE', *, *, #5263, .F. ) ;
#4962 = CARTESIAN_POINT ( 'NONE',  ( 0.000000000000000000, 0.000000000000000000, -2.700000000000000178 ) ) ;
#4963 = AXIS2_PLACEMENT_3D ( 'NONE', #2691, #1838, #412 ) ;
#4964 = DIRECTION ( 'NONE',  ( -0.9249529466333910044, 0.3800816313822695247, 0.000000000000000000 ) ) ;
#4965 = VERTEX_POINT ( 'NONE', #351 ) ;
#4966 = LINE ( 'NONE', #348, #901 ) ;
#4967 = CARTESIAN_POINT ( 'NONE',  ( 10.34143706141036034, -7.494386636419190673, -12.18631237172819937 ) ) ;
#4968 = DIRECTION ( 'NONE',  ( 0.1333161250278180332, 0.9910735647809233440, -0.000000000000000000 ) ) ;
#4969 = AXIS2_PLACEMENT_3D ( 'NONE', #403, #1832, #1384 ) ;
#4970 = B_SPLINE_CURVE_WITH_KNOTS ( 'NONE', 3,
 ( #5227, #3400, #666, #4708, #1036, #557, #2515, #2917, #615, #1099, #2453, #208, #153, #2945 ),
 .UNSPECIFIED., .F., .F.,
 ( 4, 2, 2, 2, 2, 2, 4 ),
 ( 7.806255641895631925E-18, 0.0002956823241114721638, 0.0005913646482229365214, 0.0008870469723344009873, 0.001182729296445865236, 0.001774093944668792434, 0.002365458592891720065 ),
 .UNSPECIFIED. ) ;
#4971 = CARTESIAN_POINT ( 'NONE',  ( -26.35572538717334723, -19.09985961930010134, -10.30230857362398034 ) ) ;
#4972 = DIRECTION ( 'NONE',  ( -0.9249529466333910044, 0.3800816313822695247, 0.000000000000000000 ) ) ;
#4973 = CARTESIAN_POINT ( 'NONE',  ( 61.17517611784165865, 20.44132644793514331, -2.700000000000000178 ) ) ;
#4974 = ORIENTED_EDGE ( 'NONE', *, *, #3886, .T. ) ;
#4975 = VERTEX_POINT ( 'NONE', #5514 ) ;
#4976 = ORIENTED_EDGE ( 'NONE', *, *, #5172, .T. ) ;
#4977 = ORIENTED_EDGE ( 'NONE', *, *, #5172, .F. ) ;
#4978 = EDGE_CURVE ( 'NONE', #5384, #734, #5899, .T. ) ;
#4979 = AXIS2_PLACEMENT_3D ( 'NONE', #1253, #4425, #5823 ) ;
#4980 = DIRECTION ( 'NONE',  ( 1.000000000000000000, 0.000000000000000000, 0.000000000000000000 ) ) ;
#4981 = CARTESIAN_POINT ( 'NONE',  ( -19.95831195848662531, -74.91652941785987707, -3.777295774188595967 ) ) ;
#4982 = CARTESIAN_POINT ( 'NONE',  ( 10.33396539057179986, -4.615973075173899431, 12.27788935830150052 ) ) ;
#4983 = DIRECTION ( 'NONE',  ( -0.1033246625494719656, -0.9946476834080687501, 0.000000000000000000 ) ) ;
#4984 = ORIENTED_EDGE ( 'NONE', *, *, #2717, .T. ) ;
#4985 = ADVANCED_FACE ( 'NONE', ( #1747 ), #414, .T. ) ;
#4986 = EDGE_CURVE ( 'NONE', #5954, #5911, #5694, .T. ) ;
#4987 = DIRECTION ( 'NONE',  ( 0.01585797703437279160, 0.1178883786667998951, -0.9929002239599357127 ) ) ;
#4988 = AXIS2_PLACEMENT_3D ( 'NONE', #4217, #5103, #4737 ) ;
#4989 = CARTESIAN_POINT ( 'NONE',  ( -63.28658662012542635, 12.45222686804902601, 1.400051709518742360 ) ) ;
#4990 = B_SPLINE_CURVE_WITH_KNOTS ( 'NONE', 3,
 ( #778, #201, #3535, #4352, #718, #260, #4845, #4411, #5729, #4477, #233, #5809, #2627, #5362 ),
 .UNSPECIFIED., .F., .F.,
 ( 4, 2, 2, 2, 2, 2, 4 ),
 ( 4.336808689942017736E-19, 0.0002932293124433553075, 0.0005864586248867101814, 0.0008796879373300651095, 0.001172917249773420363, 0.001759375874660121112, 0.002345834499546822077 ),
 .UNSPECIFIED. ) ;
#4991 = AXIS2_PLACEMENT_3D ( 'NONE', #1145, #686, #719 ) ;
#4992 = CARTESIAN_POINT ( 'NONE',  ( 61.71910332277122535, 20.66483699531519491, 2.393957509419881280 ) ) ;
#4993 = CYLINDRICAL_SURFACE ( 'NONE', #2883, 26.76213688802225121 ) ;
#4994 = ORIENTED_EDGE ( 'NONE', *, *, #271, .F. ) ;
#4995 = AXIS2_PLACEMENT_3D ( 'NONE', #4188, #141, #3223 ) ;
#4996 = CARTESIAN_POINT ( 'NONE',  ( -5.506302618736156340, -8.347492525956484499, 11.58000000000000007 ) ) ;
#4997 = CARTESIAN_POINT ( 'NONE',  ( -19.75624584745518320, -10.50907896070934022, -11.42770624333799390 ) ) ;
#4998 = ORIENTED_EDGE ( 'NONE', *, *, #1774, .T. ) ;
#4999 = CARTESIAN_POINT ( 'NONE',  ( 73.60481692013435406, 24.26068684422396160, -16.00000000000000000 ) ) ;
#5000 = CARTESIAN_POINT ( 'NONE',  ( 12.88488006795826912, -63.19991982300554412, -1.200000000000000622 ) ) ;
#5001 = ORIENTED_EDGE ( 'NONE', *, *, #638, .T. ) ;
#5002 = CARTESIAN_POINT ( 'NONE',  ( 42.55170213514524846, 48.67774067437072461, -1.869831954299006949 ) ) ;
#5003 = DIRECTION ( 'NONE',  ( 0.8267360921917691341, 0.5625899340260920312, 0.000000000000000000 ) ) ;
#5004 = CARTESIAN_POINT ( 'NONE',  ( -1.319610682216439956, 12.70314052502886071, -12.18631237172819937 ) ) ;
#5005 = CARTESIAN_POINT ( 'NONE',  ( -15.74445693002677160, -75.67903054504988347, 3.085265855824336434 ) ) ;
#5006 = LINE ( 'NONE', #2162, #3868 ) ;
#5007 = DIRECTION ( 'NONE',  ( 0.000000000000000000, 0.000000000000000000, 1.000000000000000000 ) ) ;
#5008 = ORIENTED_EDGE ( 'NONE', *, *, #4493, .F. ) ;
#5009 = ORIENTED_EDGE ( 'NONE', *, *, #5022, .T. ) ;
#5010 = ORIENTED_EDGE ( 'NONE', *, *, #2322, .F. ) ;
#5011 = VERTEX_POINT ( 'NONE', #5451 ) ;
#5012 = EDGE_CURVE ( 'NONE', #2827, #3523, #5549, .T. ) ;
#5013 = CARTESIAN_POINT ( 'NONE',  ( 0.7769935733767461272, 22.36395026766172478, -11.42770624333799567 ) ) ;
#5014 = EDGE_CURVE ( 'NONE', #3130, #4578, #3149, .T. ) ;
#5015 = LINE ( 'NONE', #3128, #1103 ) ;
#5016 = EDGE_LOOP ( 'NONE', ( #4607, #5615, #1952, #4521, #5066 ) ) ;
#5017 = LINE ( 'NONE', #302, #2864 ) ;
#5018 = DIRECTION ( 'NONE',  ( -0.1323696103975913474, -0.9840371644317505995, -0.1189501797405513456 ) ) ;
#5019 = CARTESIAN_POINT ( 'NONE',  ( -64.51542009974049563, 12.95717907705514449, 2.699999999999999734 ) ) ;
#5020 = AXIS2_PLACEMENT_3D ( 'NONE', #108, #2354, #3724 ) ;
#5021 = CARTESIAN_POINT ( 'NONE',  ( 62.56569130554002811, 21.01271689858008074, 2.700000000000001066 ) ) ;
#5022 = EDGE_CURVE ( 'NONE', #3743, #1625, #5484, .T. ) ;
#5023 = CARTESIAN_POINT ( 'NONE',  ( -9.301589737437078398, 7.224956311659050279, 11.58000000000000007 ) ) ;
#5024 = EDGE_LOOP ( 'NONE', ( #5465, #754 ) ) ;
#5025 = CIRCLE ( 'NONE', #5700, 10.00000000000000000 ) ;
#5026 = CARTESIAN_POINT ( 'NONE',  ( 57.81277958042412735, 51.61329787162701876, 3.435809613773169957 ) ) ;
#5027 = CARTESIAN_POINT ( 'NONE',  ( 0.000000000000000000, 0.000000000000000000, -41.10000000000000142 ) ) ;
#5028 = DIRECTION ( 'NONE',  ( 0.000000000000000000, 0.000000000000000000, 1.000000000000000000 ) ) ;
#5029 = CARTESIAN_POINT ( 'NONE',  ( -15.55479685005096080, -74.90192450767632693, 2.700000000000001066 ) ) ;
#5030 = ORIENTED_EDGE ( 'NONE', *, *, #3643, .F. ) ;
#5031 = CARTESIAN_POINT ( 'NONE',  ( 20.91024056303460554, -61.41223726748637546, -2.196394173759311119 ) ) ;
#5032 = DIRECTION ( 'NONE',  ( 0.000000000000000000, 0.000000000000000000, 1.000000000000000000 ) ) ;
#5033 = CARTESIAN_POINT ( 'NONE',  ( -74.43604214391355356, 17.65008866690265066, -2.700000000000001066 ) ) ;
#5034 = DIRECTION ( 'NONE',  ( 0.000000000000000000, 0.000000000000000000, -1.000000000000000000 ) ) ;
#5035 = FACE_OUTER_BOUND ( 'NONE', #2667, .T. ) ;
#5036 = LINE ( 'NONE', #4973, #2093 ) ;
#5037 = EDGE_LOOP ( 'NONE', ( #3779, #1899, #5606, #2559, #2632 ) ) ;
#5038 = ORIENTED_EDGE ( 'NONE', *, *, #5788, .F. ) ;
#5039 = ORIENTED_EDGE ( 'NONE', *, *, #2447, .F. ) ;
#5040 = ORIENTED_EDGE ( 'NONE', *, *, #5883, .F. ) ;
#5041 = DIRECTION ( 'NONE',  ( 0.1333161250278181442, 0.9910735647809234550, 0.000000000000000000 ) ) ;
#5042 = CIRCLE ( 'NONE', #4254, 76.50000000000000000 ) ;
#5043 = ORIENTED_EDGE ( 'NONE', *, *, #2548, .T. ) ;
#5044 = CARTESIAN_POINT ( 'NONE',  ( -43.03220660973405387, 49.04859805482998070, 2.513328204073532746 ) ) ;
#5045 = COLOUR_RGB ( '',0.7921568627450980005, 0.8196078431372548767, 0.9333333333333333481 ) ;
#5046 = DIRECTION ( 'NONE',  ( 0.000000000000000000, 0.000000000000000000, 1.000000000000000000 ) ) ;
#5047 = FACE_OUTER_BOUND ( 'NONE', #4696, .T. ) ;
#5048 = ADVANCED_FACE ( 'NONE', ( #5991 ), #1396, .F. ) ;
#5049 = FACE_OUTER_BOUND ( 'NONE', #1009, .T. ) ;
#5050 = EDGE_LOOP ( 'NONE', ( #5996, #3471, #3213, #3089 ) ) ;
#5051 = AXIS2_PLACEMENT_3D ( 'NONE', #5343, #3064, #3913 ) ;
#5052 = ADVANCED_FACE ( 'NONE', ( #480 ), #5091, .T. ) ;
#5053 = CARTESIAN_POINT ( 'NONE',  ( -62.56569130554001390, 21.01271689858011982, -2.700000000000001066 ) ) ;
#5054 = CARTESIAN_POINT ( 'NONE',  ( -19.38420463070664823, -11.19147576156525936, -11.35262636160330096 ) ) ;
#5055 = EDGE_CURVE ( 'NONE', #1404, #2054, #1242, .T. ) ;
#5056 = CARTESIAN_POINT ( 'NONE',  ( -19.75624584745519030, -10.50907896070932779, -11.28032816047816667 ) ) ;
#5057 = DIRECTION ( 'NONE',  ( 0.8267360921917691341, 0.5625899340260920312, -0.000000000000000000 ) ) ;
#5058 = VERTEX_POINT ( 'NONE', #4255 ) ;
#5059 = LINE ( 'NONE', #1871, #4281 ) ;
#5060 = CARTESIAN_POINT ( 'NONE',  ( 0.000000000000000000, 0.000000000000000000, 2.700000000000000178 ) ) ;
#5061 = DIRECTION ( 'NONE',  ( 1.000000000000000000, 0.000000000000000000, 0.000000000000000000 ) ) ;
#5062 = DIRECTION ( 'NONE',  ( -0.000000000000000000, -0.000000000000000000, -1.000000000000000000 ) ) ;
#5063 = B_SPLINE_CURVE_WITH_KNOTS ( 'NONE', 3,
 ( #221, #1195, #5772, #4431, #280, #5832, #648, #1224, #3069, #2494 ),
 .UNSPECIFIED., .F., .F.,
 ( 4, 2, 2, 2, 4 ),
 ( 2.168404344971008868E-18, 0.0003951855715451732683, 0.0007903711430903443682, 0.001185556714635515414, 0.001580742286180686568 ),
 .UNSPECIFIED. ) ;
#5064 = CARTESIAN_POINT ( 'NONE',  ( 22.00819263282770422, -74.30941701451001791, -16.00000000000000000 ) ) ;
#5065 = ORIENTED_EDGE ( 'NONE', *, *, #3396, .T. ) ;
#5066 = ORIENTED_EDGE ( 'NONE', *, *, #5735, .T. ) ;
#5067 = ORIENTED_EDGE ( 'NONE', *, *, #5100, .F. ) ;
#5068 = VECTOR ( 'NONE', #893, 1000.000000000000227 ) ;
#5069 = AXIS2_PLACEMENT_3D ( 'NONE', #4731, #1933, #5271 ) ;
#5070 = ORIENTED_EDGE ( 'NONE', *, *, #5204, .T. ) ;
#5071 = DIRECTION ( 'NONE',  ( -0.1333161250278180610, -0.9910735647809234550, 0.000000000000000000 ) ) ;
#5072 = DIRECTION ( 'NONE',  ( 0.3800816313822686365, -0.9249529466333913374, 0.000000000000000000 ) ) ;
#5073 = ORIENTED_EDGE ( 'NONE', *, *, #5883, .T. ) ;
#5074 = CARTESIAN_POINT ( 'NONE',  ( 48.75582546439305531, 43.11789287865882869, -2.393957509419885721 ) ) ;
#5075 = FACE_OUTER_BOUND ( 'NONE', #1661, .T. ) ;
#5076 = DIRECTION ( 'NONE',  ( 1.000000000000000000, 0.000000000000000000, 0.000000000000000000 ) ) ;
#5077 = CARTESIAN_POINT ( 'NONE',  ( -16.69405911492370009, -9.638319523868709382, 11.58000000000000007 ) ) ;
#5078 = LINE ( 'NONE', #1860, #4725 ) ;
#5079 = ORIENTED_EDGE ( 'NONE', *, *, #340, .T. ) ;
#5080 = VECTOR ( 'NONE', #5041, 1000.000000000000114 ) ;
#5081 = CARTESIAN_POINT ( 'NONE',  ( -22.00819263282770066, -74.30941701451001791, -3.566356646465700386 ) ) ;
#5082 = CARTESIAN_POINT ( 'NONE',  ( 0.000000000000000000, 0.000000000000000000, 2.700000000000000178 ) ) ;
#5083 = EDGE_CURVE ( 'NONE', #4552, #5058, #5240, .T. ) ;
#5084 = EDGE_CURVE ( 'NONE', #2578, #422, #2581, .T. ) ;
#5085 = VERTEX_POINT ( 'NONE', #2873 ) ;
#5086 = DIRECTION ( 'NONE',  ( 0.000000000000000000, 0.000000000000000000, 1.000000000000000000 ) ) ;
#5087 = PLANE ( 'NONE',  #4191 ) ;
#5088 = ORIENTED_EDGE ( 'NONE', *, *, #5611, .T. ) ;
#5089 = CARTESIAN_POINT ( 'NONE',  ( 20.85934850864511958, -61.03390516585745473, -1.200000000000000622 ) ) ;
#5090 = CARTESIAN_POINT ( 'NONE',  ( -49.40190197346485235, 43.61654014294429516, 2.700000000000000622 ) ) ;
#5091 = PLANE ( 'NONE',  #2686 ) ;
#5092 = CARTESIAN_POINT ( 'NONE',  ( -15.59236842767873554, -21.87911632554052943, -10.14422924628219924 ) ) ;
#5093 = CARTESIAN_POINT ( 'NONE',  ( 18.60356508940022735, -12.53526766206214482, 11.50031736591962606 ) ) ;
#5094 = CARTESIAN_POINT ( 'NONE',  ( 31.91940998005340191, 40.47164848284860028, -7.001388294073090712 ) ) ;
#5095 = CARTESIAN_POINT ( 'NONE',  ( -56.38898827513904166, 53.20810650225740801, 3.748451753904312067 ) ) ;
#5096 = ORIENTED_EDGE ( 'NONE', *, *, #4075, .T. ) ;
#5097 = ORIENTED_EDGE ( 'NONE', *, *, #4465, .T. ) ;
#5098 = EDGE_CURVE ( 'NONE', #3875, #1405, #884, .T. ) ;
#5099 = EDGE_LOOP ( 'NONE', ( #2136, #2649, #3892, #2934, #4152, #2630, #5231, #424, #5088 ) ) ;
#5100 = EDGE_CURVE ( 'NONE', #322, #3000, #2900, .T. ) ;
#5101 = ORIENTED_EDGE ( 'NONE', *, *, #1906, .T. ) ;
#5102 = CARTESIAN_POINT ( 'NONE',  ( 0.000000000000000000, 0.000000000000000000, -20.00000000000000000 ) ) ;
#5103 = DIRECTION ( 'NONE',  ( 0.000000000000000000, 0.000000000000000000, 1.000000000000000000 ) ) ;
#5104 = VERTEX_POINT ( 'NONE', #512 ) ;
#5105 = CARTESIAN_POINT ( 'NONE',  ( -9.164532641571470961, -6.641490012477399674, 12.27788935830150052 ) ) ;
#5106 = VECTOR ( 'NONE', #1497, 1000.000000000000227 ) ;
#5107 = DIRECTION ( 'NONE',  ( -0.000000000000000000, -0.000000000000000000, -1.000000000000000000 ) ) ;
#5108 = CARTESIAN_POINT ( 'NONE',  ( 0.000000000000000000, 0.000000000000000000, -2.700000000000000178 ) ) ;
#5109 = LINE ( 'NONE', #4653, #4565 ) ;
#5110 = CARTESIAN_POINT ( 'NONE',  ( -102.7000000000000171, 1.257712262724331991E-14, -15.00000000000000000 ) ) ;
#5111 = EDGE_CURVE ( 'NONE', #1723, #3645, #3122, .T. ) ;
#5112 = ADVANCED_FACE ( 'NONE', ( #1459 ), #594, .T. ) ;
#5113 = CARTESIAN_POINT ( 'NONE',  ( 21.71933223215994957, -70.40860395368841296, -2.700000000000001066 ) ) ;
#5114 = VERTEX_POINT ( 'NONE', #3302 ) ;
#5115 =( BOUNDED_CURVE ( )  B_SPLINE_CURVE ( 3, ( #1026, #1430, #2356, #3273 ),
 .UNSPECIFIED., .F., .T. ) 
 B_SPLINE_CURVE_WITH_KNOTS ( ( 4, 4 ),
 ( 3.213083795836490175, 3.295817428103018809 ),
 .UNSPECIFIED. ) 
 CURVE ( )  GEOMETRIC_REPRESENTATION_ITEM ( )  RATIONAL_B_SPLINE_CURVE ( ( 1.000000000000000000, 0.9994296768433472700, 0.9994296768433472700, 1.000000000000000000 ) ) 
 REPRESENTATION_ITEM ( '' )  );
#5116 = CARTESIAN_POINT ( 'NONE',  ( -61.64752709804481157, 20.63542489563901583, -2.330719158883125086 ) ) ;
#5117 = DIRECTION ( 'NONE',  ( 0.09416534221922182035, 0.07267760029779701814, -0.9929002239599358237 ) ) ;
#5118 = ADVANCED_FACE ( 'NONE', ( #5127 ), #1428, .T. ) ;
#5119 = VECTOR ( 'NONE', #468, 1000.000000000000114 ) ;
#5120 = AXIS2_PLACEMENT_3D ( 'NONE', #5246, #3869, #549 ) ;
#5121 = EDGE_LOOP ( 'NONE', ( #309, #5393 ) ) ;
#5122 = CARTESIAN_POINT ( 'NONE',  ( 71.83530578497160946, 16.39480851055945010, -2.700000000000001066 ) ) ;
#5123 = EDGE_CURVE ( 'NONE', #1165, #1579, #466, .T. ) ;
#5124 = CARTESIAN_POINT ( 'NONE',  ( 63.28658662012539793, 12.45222686804896561, -2.700000000000000178 ) ) ;
#5125 = EDGE_LOOP ( 'NONE', ( #3055, #2623, #1961, #248 ) ) ;
#5126 = PLANE ( 'NONE',  #3008 ) ;
#5127 = FACE_OUTER_BOUND ( 'NONE', #3214, .T. ) ;
#5128 = LINE ( 'NONE', #968, #1962 ) ;
#5129 = VERTEX_POINT ( 'NONE', #3380 ) ;
#5130 = COLOUR_RGB ( '',0.7921568627450980005, 0.8196078431372548767, 0.9333333333333333481 ) ;
#5131 = ORIENTED_EDGE ( 'NONE', *, *, #4088, .T. ) ;
#5132 = ORIENTED_EDGE ( 'NONE', *, *, #3918, .T. ) ;
#5133 = ORIENTED_EDGE ( 'NONE', *, *, #3220, .T. ) ;
#5134 = CARTESIAN_POINT ( 'NONE',  ( -61.86586192154859987, 20.72514303341773356, 2.510770646708686105 ) ) ;
#5135 = CIRCLE ( 'NONE', #4644, 66.00000000000000000 ) ;
#5136 = EDGE_CURVE ( 'NONE', #3496, #5869, #1954, .T. ) ;
#5137 = VERTEX_POINT ( 'NONE', #4694 ) ;
#5138 = EDGE_CURVE ( 'NONE', #2994, #2071, #2383, .T. ) ;
#5139 = CARTESIAN_POINT ( 'NONE',  ( 73.48349421396885361, 24.22524511697249849, 3.196159497463318289 ) ) ;
#5140 = DIRECTION ( 'NONE',  ( 0.1100233192535945564, -0.04521077836900300184, -0.9929002239599357127 ) ) ;
#5141 = CARTESIAN_POINT ( 'NONE',  ( 15.79203733971026224, -75.87398471585105142, 3.730156933474070069 ) ) ;
#5142 =( BOUNDED_CURVE ( )  B_SPLINE_CURVE ( 3, ( #5406, #435, #2273, #2614 ),
 .UNSPECIFIED., .F., .F. ) 
 B_SPLINE_CURVE_WITH_KNOTS ( ( 4, 4 ),
 ( 3.992427501872512163, 4.079525947968146937 ),
 .UNSPECIFIED. ) 
 CURVE ( )  GEOMETRIC_REPRESENTATION_ITEM ( )  RATIONAL_B_SPLINE_CURVE ( ( 1.000000000000000000, 0.9993679216300043189, 0.9993679216300043189, 1.000000000000000000 ) ) 
 REPRESENTATION_ITEM ( '' )  );
#5143 = CARTESIAN_POINT ( 'NONE',  ( 61.35125157212347347, 20.51367936724134822, 1.956245244850347120 ) ) ;
#5144 = AXIS2_PLACEMENT_3D ( 'NONE', #5973, #3287, #2339 ) ;
#5145 = CARTESIAN_POINT ( 'NONE',  ( -74.55632246054102552, 17.70814356898529596, 2.700000000000000178 ) ) ;
#5146 = EDGE_LOOP ( 'NONE', ( #1479, #2866, #5687, #4599 ) ) ;
#5147 = LINE ( 'NONE', #19, #659 ) ;
#5148 = ORIENTED_EDGE ( 'NONE', *, *, #179, .T. ) ;
#5149 = CARTESIAN_POINT ( 'NONE',  ( 53.32713720556503745, 56.19897686270395809, 3.435140078228489102 ) ) ;
#5150 = LINE ( 'NONE', #1898, #4084 ) ;
#5151 = EDGE_LOOP ( 'NONE', ( #3268, #2376, #1509, #5, #4116 ) ) ;
#5152 = CARTESIAN_POINT ( 'NONE',  ( 1.146903615784844084E-14, 22.38295152313055070, -11.35262636160330096 ) ) ;
#5153 = DIRECTION ( 'NONE',  ( 0.000000000000000000, 0.000000000000000000, 1.000000000000000000 ) ) ;
#5154 = LINE ( 'NONE', #2384, #907 ) ;
#5155 = DIRECTION ( 'NONE',  ( 1.000000000000000000, 0.000000000000000000, 0.000000000000000000 ) ) ;
#5156 = ORIENTED_EDGE ( 'NONE', *, *, #1567, .F. ) ;
#5157 = ORIENTED_EDGE ( 'NONE', *, *, #2182, .T. ) ;
#5158 = LINE ( 'NONE', #4237, #1668 ) ;
#5159 = EDGE_LOOP ( 'NONE', ( #1692, #4118, #1793, #4155, #1240 ) ) ;
#5160 = B_SPLINE_CURVE_WITH_KNOTS ( 'NONE', 3,
 ( #429, #1989, #169, #4156, #5216, #3386, #3867, #5074, #1112, #919, #2300, #1854, #599, #4648 ),
 .UNSPECIFIED., .F., .F.,
 ( 4, 2, 2, 2, 2, 2, 4 ),
 ( 0.000000000000000000, 0.0002932297430756859919, 0.0005864594861513719838, 0.0008796892292270580300, 0.001172918972302743968, 0.001759378458454116060, 0.002345837944605487935 ),
 .UNSPECIFIED. ) ;
#5161 = DIRECTION ( 'NONE',  ( 0.000000000000000000, 0.000000000000000000, 1.000000000000000000 ) ) ;
#5162 = ORIENTED_EDGE ( 'NONE', *, *, #5312, .T. ) ;
#5163 = VECTOR ( 'NONE', #4008, 1000.000000000000114 ) ;
#5164 = EDGE_CURVE ( 'NONE', #3743, #485, #2620, .T. ) ;
#5165 = EDGE_CURVE ( 'NONE', #1876, #3335, #3782, .T. ) ;
#5166 = AXIS2_PLACEMENT_3D ( 'NONE', #3879, #1558, #243 ) ;
#5167 = AXIS2_PLACEMENT_3D ( 'NONE', #4724, #5637, #1512 ) ;
#5168 = EDGE_CURVE ( 'NONE', #1535, #30, #3254, .T. ) ;
#5169 = FACE_OUTER_BOUND ( 'NONE', #4925, .T. ) ;
#5170 = PLANE ( 'NONE',  #3855 ) ;
#5171 = CARTESIAN_POINT ( 'NONE',  ( 9.128927733950970236, -6.615687317718689897, -11.58000000000000007 ) ) ;
#5172 = EDGE_CURVE ( 'NONE', #5848, #5871, #4234, .T. ) ;
#5173 = LINE ( 'NONE', #5113, #1041 ) ;
#5174 = EDGE_LOOP ( 'NONE', ( #2895, #3121, #70, #5505 ) ) ;
#5175 = EDGE_CURVE ( 'NONE', #2477, #4420, #2012, .T. ) ;
#5176 = ORIENTED_EDGE ( 'NONE', *, *, #2257, .T. ) ;
#5177 = DIRECTION ( 'NONE',  ( 1.000000000000000000, 0.000000000000000000, 0.000000000000000000 ) ) ;
#5178 = CARTESIAN_POINT ( 'NONE',  ( 26.76436684515885034, 26.14470081216209962, 11.58000000000000007 ) ) ;
#5179 = ORIENTED_EDGE ( 'NONE', *, *, #5898, .F. ) ;
#5180 = VECTOR ( 'NONE', #3578, 999.9999999999998863 ) ;
#5181 = CARTESIAN_POINT ( 'NONE',  ( -48.75582546439304821, 43.11789287865885711, 2.393957509419882612 ) ) ;
#5182 = DIRECTION ( 'NONE',  ( -0.9005852208758914346, 0.4346794910505001885, 0.000000000000000000 ) ) ;
#5183 = CARTESIAN_POINT ( 'NONE',  ( 44.61716992170389773, 50.27188602213580282, -2.700000000000001066 ) ) ;
#5184 = DIRECTION ( 'NONE',  ( -0.8599849567173972753, -0.4965125462598181105, -0.1179032044787942241 ) ) ;
#5185 = ORIENTED_EDGE ( 'NONE', *, *, #367, .T. ) ;
#5186 = VECTOR ( 'NONE', #780, 1000.000000000000000 ) ;
#5187 =( BOUNDED_CURVE ( )  B_SPLINE_CURVE ( 3, ( #5436, #3518, #1216, #3942 ),
 .UNSPECIFIED., .F., .F. ) 
 B_SPLINE_CURVE_WITH_KNOTS ( ( 4, 4 ),
 ( 3.992427501872512163, 4.079525947968146937 ),
 .UNSPECIFIED. ) 
 CURVE ( )  GEOMETRIC_REPRESENTATION_ITEM ( )  RATIONAL_B_SPLINE_CURVE ( ( 1.000000000000000000, 0.9993679216300043189, 0.9993679216300043189, 1.000000000000000000 ) ) 
 REPRESENTATION_ITEM ( '' )  );
#5188 = VERTEX_POINT ( 'NONE', #2953 ) ;
#5189 = CARTESIAN_POINT ( 'NONE',  ( -57.79397770868784789, 51.59532070889077460, 3.438288436357171296 ) ) ;
#5190 = ORIENTED_EDGE ( 'NONE', *, *, #4792, .F. ) ;
#5191 = CARTESIAN_POINT ( 'NONE',  ( -77.50000000000000000, 9.491012693391988181E-15, -16.00000000000000000 ) ) ;
#5192 = TOROIDAL_SURFACE ( 'NONE', #2369, 89.50000000000000000, 12.00000000000000000 ) ;
#5193 = CARTESIAN_POINT ( 'NONE',  ( 0.000000000000000000, 0.000000000000000000, -16.00000000000000000 ) ) ;
#5194 = CARTESIAN_POINT ( 'NONE',  ( 13.03350804735799606, -64.30482188447135172, -2.652328933398602651 ) ) ;
#5195 = VERTEX_POINT ( 'NONE', #1564 ) ;
#5196 = EDGE_CURVE ( 'NONE', #5397, #5434, #4341, .T. ) ;
#5197 = EDGE_CURVE ( 'NONE', #5967, #2186, #2038, .T. ) ;
#5198 = DIRECTION ( 'NONE',  ( 0.3800816313822686920, -0.9249529466333913374, 0.000000000000000000 ) ) ;
#5199 = CARTESIAN_POINT ( 'NONE',  ( 9.259791655096590191, -36.25097201019460158, 2.700000000000001066 ) ) ;
#5200 = CARTESIAN_POINT ( 'NONE',  ( 102.7000000000000171, 0.000000000000000000, -15.00000000000000000 ) ) ;
#5201 = PLANE ( 'NONE',  #1815 ) ;
#5202 = ORIENTED_EDGE ( 'NONE', *, *, #5196, .F. ) ;
#5203 = CARTESIAN_POINT ( 'NONE',  ( -89.50000000000000000, 1.096058885236880996E-14, -16.00000000000000000 ) ) ;
#5204 = EDGE_CURVE ( 'NONE', #2290, #2332, #2522, .T. ) ;
#5205 = EDGE_LOOP ( 'NONE', ( #5101, #3469, #1754, #1752, #1064, #541, #4684, #3630, #3428 ) ) ;
#5206 = DIRECTION ( 'NONE',  ( 0.000000000000000000, -1.000000000000000000, 0.000000000000000000 ) ) ;
#5207 = ORIENTED_EDGE ( 'NONE', *, *, #4222, .F. ) ;
#5208 = CARTESIAN_POINT ( 'NONE',  ( -0.7769935733767409092, 22.36395026766172123, -11.28032816047816667 ) ) ;
#5209 = DIRECTION ( 'NONE',  ( 0.000000000000000000, 0.000000000000000000, 1.000000000000000000 ) ) ;
#5210 = CARTESIAN_POINT ( 'NONE',  ( -18.97925227407843707, -11.85487130695231706, 11.42770624333799567 ) ) ;
#5211 = EDGE_CURVE ( 'NONE', #1476, #628, #4834, .T. ) ;
#5212 = AXIS2_PLACEMENT_3D ( 'NONE', #4710, #1038, #670 ) ;
#5213 = ORIENTED_EDGE ( 'NONE', *, *, #5211, .F. ) ;
#5214 = AXIS2_PLACEMENT_3D ( 'NONE', #1334, #4176, #2693 ) ;
#5215 = ORIENTED_EDGE ( 'NONE', *, *, #2115, .T. ) ;
#5216 = CARTESIAN_POINT ( 'NONE',  ( 49.09739676186224244, 43.38152046865763367, -2.623587057957732949 ) ) ;
#5217 = CARTESIAN_POINT ( 'NONE',  ( 15.79203733971028178, -75.87398471585103721, -16.00000000000000000 ) ) ;
#5218 = ORIENTED_EDGE ( 'NONE', *, *, #2372, .T. ) ;
#5219 = DIRECTION ( 'NONE',  ( 0.8942138618552128992, 0.4316042694810014457, 0.1187405736543211826 ) ) ;
#5220 = CIRCLE ( 'NONE', #2400, 11.99999999999999645 ) ;
#5221 = TOROIDAL_SURFACE ( 'NONE', #1050, 66.00000000000000000, 1.500000000000000000 ) ;
#5222 = CARTESIAN_POINT ( 'NONE',  ( -61.24631699200611479, 20.47055965337423089, 1.683730925045509697 ) ) ;
#5223 = CARTESIAN_POINT ( 'NONE',  ( 2.329778827326880020, 22.42745397154639875, -11.12841576485195993 ) ) ;
#5224 = ORIENTED_EDGE ( 'NONE', *, *, #3961, .F. ) ;
#5225 = CARTESIAN_POINT ( 'NONE',  ( 62.76044472552499798, 21.09274496687759992, 11.58000000000000007 ) ) ;
#5226 = CARTESIAN_POINT ( 'NONE',  ( 72.89795231908075834, 24.05419208997673053, 2.700000000000001954 ) ) ;
#5227 = CARTESIAN_POINT ( 'NONE',  ( 63.28658662012539793, 12.45222686804896561, 1.199999999999999289 ) ) ;
#5228 = ADVANCED_FACE ( 'NONE', ( #2982 ), #676, .F. ) ;
#5229 = CARTESIAN_POINT ( 'NONE',  ( -42.42723811148027835, 48.58167829780847313, -1.200000000000000622 ) ) ;
#5230 = DIRECTION ( 'NONE',  ( 0.000000000000000000, 0.9930250925196359990, -0.1179032044787941963 ) ) ;
#5231 = ORIENTED_EDGE ( 'NONE', *, *, #2375, .T. ) ;
#5232 = VECTOR ( 'NONE', #4311, 999.9999999999998863 ) ;
#5233 = DIRECTION ( 'NONE',  ( -0.000000000000000000, -0.000000000000000000, -1.000000000000000000 ) ) ;
#5234 = CIRCLE ( 'NONE', #1642, 64.50000000000000000 ) ;
#5235 = ORIENTED_EDGE ( 'NONE', *, *, #418, .T. ) ;
#5236 = DIRECTION ( 'NONE',  ( 0.8599849567173972753, -0.4965125462598181105, -0.1179032044787942241 ) ) ;
#5237 = B_SPLINE_CURVE_WITH_KNOTS ( 'NONE', 3,
 ( #3340, #5622, #579, #5194, #2856, #2798, #524, #3765, #5564, #4645, #2826, #2914, #4762, #118 ),
 .UNSPECIFIED., .F., .F.,
 ( 4, 2, 2, 2, 2, 2, 4 ),
 ( 0.000000000000000000, 0.0002932297430756853414, 0.0005864594861513706828, 0.0008796892292270560784, 0.001172918972302741366, 0.001759378458454112157, 0.002345837944605482731 ),
 .UNSPECIFIED. ) ;
#5238 = ADVANCED_FACE ( 'NONE', ( #1993 ), #3871, .T. ) ;
#5239 = EDGE_LOOP ( 'NONE', ( #4933, #2687, #5934, #5639, #4053 ) ) ;
#5240 = LINE ( 'NONE', #5585, #76 ) ;
#5241 = DIRECTION ( 'NONE',  ( 0.9130524929214650642, -0.4078420590987375527, 0.000000000000000000 ) ) ;
#5242 = EDGE_CURVE ( 'NONE', #2214, #5871, #4424, .T. ) ;
#5243 = ORIENTED_EDGE ( 'NONE', *, *, #37, .F. ) ;
#5244 = VERTEX_POINT ( 'NONE', #3789 ) ;
#5245 = CARTESIAN_POINT ( 'NONE',  ( 57.81277958042414866, 51.61329787162703298, 3.700000000000001954 ) ) ;
#5246 = CARTESIAN_POINT ( 'NONE',  ( 0.000000000000000000, 0.000000000000000000, -2.700000000000000178 ) ) ;
#5247 = ORIENTED_EDGE ( 'NONE', *, *, #3990, .F. ) ;
#5248 = DIRECTION ( 'NONE',  ( -0.6109919333986543188, 0.7916368216055734708, 0.000000000000000000 ) ) ;
#5249 = EDGE_CURVE ( 'NONE', #2848, #3171, #4533, .T. ) ;
#5250 = CARTESIAN_POINT ( 'NONE',  ( -20.58763429522879917, -9.196079336109010072, 11.58000000000000007 ) ) ;
#5251 = DIRECTION ( 'NONE',  ( 0.4999999999999997780, -0.8660254037844388186, 0.000000000000000000 ) ) ;
#5252 = EDGE_LOOP ( 'NONE', ( #3586, #4380, #5623, #4657, #272, #4224, #5213, #5427, #5629, #5797 ) ) ;
#5253 = DIRECTION ( 'NONE',  ( 0.000000000000000000, 0.000000000000000000, 1.000000000000000000 ) ) ;
#5254 = CARTESIAN_POINT ( 'NONE',  ( 42.42723811148030677, 48.58167829780848024, 1.400051709518750576 ) ) ;
#5255 = CARTESIAN_POINT ( 'NONE',  ( 0.000000000000000000, 0.000000000000000000, -22.50000000000000000 ) ) ;
#5256 = PLANE ( 'NONE',  #2975 ) ;
#5257 = AXIS2_PLACEMENT_3D ( 'NONE', #3110, #4934, #4042 ) ;
#5258 = VECTOR ( 'NONE', #5519, 999.9999999999998863 ) ;
#5259 = AXIS2_PLACEMENT_3D ( 'NONE', #1200, #2127, #1330 ) ;
#5260 = DIRECTION ( 'NONE',  ( -0.9598809505700892641, -0.2804078471310350595, 0.000000000000000000 ) ) ;
#5261 = ORIENTED_EDGE ( 'NONE', *, *, #4158, .F. ) ;
#5262 = AXIS2_PLACEMENT_3D ( 'NONE', #5659, #1505, #3403 ) ;
#5263 = EDGE_CURVE ( 'NONE', #2521, #3599, #3443, .T. ) ;
#5264 = CARTESIAN_POINT ( 'NONE',  ( -54.90046165998752059, 54.74266988163417125, -3.777295774188606625 ) ) ;
#5265 = CARTESIAN_POINT ( 'NONE',  ( -19.38420463070664823, -11.19147576156525936, 11.35262636160330096 ) ) ;
#5266 = EDGE_CURVE ( 'NONE', #84, #4806, #2935, .T. ) ;
#5267 = ORIENTED_EDGE ( 'NONE', *, *, #4957, .T. ) ;
#5268 = CIRCLE ( 'NONE', #3721, 97.70000000000000284 ) ;
#5269 = ORIENTED_EDGE ( 'NONE', *, *, #2859, .T. ) ;
#5270 = DIRECTION ( 'NONE',  ( 1.000000000000000000, 0.000000000000000000, -0.000000000000000000 ) ) ;
#5271 = DIRECTION ( 'NONE',  ( 0.07384912868412257803, -0.9972694250765916646, 0.000000000000000000 ) ) ;
#5272 = ORIENTED_EDGE ( 'NONE', *, *, #2002, .F. ) ;
#5273 = DIRECTION ( 'NONE',  ( 0.000000000000000000, 0.9930250925196359990, 0.1179032044787941963 ) ) ;
#5274 = CARTESIAN_POINT ( 'NONE',  ( -53.32713720556505166, 56.19897686270395809, -3.435140078228466454 ) ) ;
#5275 = DIRECTION ( 'NONE',  ( 0.000000000000000000, 0.000000000000000000, 1.000000000000000000 ) ) ;
#5276 = VECTOR ( 'NONE', #5673, 1000.000000000000114 ) ;
#5277 = ADVANCED_FACE ( 'NONE', ( #4760 ), #1936, .T. ) ;
#5278 = DIRECTION ( 'NONE',  ( 0.000000000000000000, 0.000000000000000000, 1.000000000000000000 ) ) ;
#5279 = ORIENTED_EDGE ( 'NONE', *, *, #4530, .T. ) ;
#5280 = ADVANCED_FACE ( 'NONE', ( #1547 ), #1534, .T. ) ;
#5281 = AXIS2_PLACEMENT_3D ( 'NONE', #5435, #3639, #5401 ) ;
#5282 = CARTESIAN_POINT ( 'NONE',  ( 18.97925227407844417, -11.85487130695235081, -11.28032816047816667 ) ) ;
#5283 = CARTESIAN_POINT ( 'NONE',  ( 43.31760852752729818, 17.76077607306564943, -7.382251208476880322 ) ) ;
#5284 = CARTESIAN_POINT ( 'NONE',  ( 61.71088223975205977, 20.66145878817825832, -2.399134474172377463 ) ) ;
#5285 = PRODUCT_CONTEXT ( 'NONE', #4702, 'mechanical' ) ;
#5286 = EDGE_LOOP ( 'NONE', ( #2979, #842, #5218, #4209 ) ) ;
#5287 = FACE_OUTER_BOUND ( 'NONE', #3197, .T. ) ;
#5288 = ADVANCED_FACE ( 'NONE', ( #1115 ), #2961, .F. ) ;
#5289 = CARTESIAN_POINT ( 'NONE',  ( 69.14482361059779691, 22.95779910444414895, 2.700000000000001066 ) ) ;
#5290 = CARTESIAN_POINT ( 'NONE',  ( 74.27406605579241727, 22.23024308884453859, -3.748451753904313843 ) ) ;
#5291 = ORIENTED_EDGE ( 'NONE', *, *, #5249, .T. ) ;
#5292 = DIRECTION ( 'NONE',  ( -0.9183859878646963848, 0.3773831369225131294, 0.1189501797405514427 ) ) ;
#5293 = CARTESIAN_POINT ( 'NONE',  ( 0.000000000000000000, 0.000000000000000000, -2.700000000000000178 ) ) ;
#5294 = VERTEX_POINT ( 'NONE', #2446 ) ;
#5295 = ADVANCED_FACE ( 'NONE', ( #4350 ), #2888, .F. ) ;
#5296 = ORIENTED_EDGE ( 'NONE', *, *, #1231, .T. ) ;
#5297 = CARTESIAN_POINT ( 'NONE',  ( 19.75624584745518675, -10.50907896070933489, -11.28032816047816844 ) ) ;
#5298 = LINE ( 'NONE', #5755, #3705 ) ;
#5299 = EDGE_LOOP ( 'NONE', ( #5347, #2414, #3730, #737, #3857, #1120, #1861, #5689, #3162, #4340, #411, #4470 ) ) ;
#5300 = DIRECTION ( 'NONE',  ( 0.000000000000000000, 0.000000000000000000, 1.000000000000000000 ) ) ;
#5301 = LINE ( 'NONE', #684, #3649 ) ;
#5302 = CARTESIAN_POINT ( 'NONE',  ( -35.69195078819235079, 9.969760417004909669, 8.582007265856070433 ) ) ;
#5303 = CARTESIAN_POINT ( 'NONE',  ( 62.76044472552499798, 21.09274496687759282, -2.700000000000001066 ) ) ;
#5304 = DIRECTION ( 'NONE',  ( -0.7916368216055729157, 0.6109919333986548740, 0.000000000000000000 ) ) ;
#5305 = ORIENTED_EDGE ( 'NONE', *, *, #4338, .F. ) ;
#5306 = CIRCLE ( 'NONE', #2586, 2.000000000000001776 ) ;
#5307 = DIRECTION ( 'NONE',  ( 0.1029739367619113971, 0.9912714459880659357, -0.08232428995431868846 ) ) ;
#5308 = CARTESIAN_POINT ( 'NONE',  ( -15.79203733971025869, -75.87398471585106563, -3.730156933474061187 ) ) ;
#5309 = DIRECTION ( 'NONE',  ( 0.1333161250278180332, -0.9910735647809233440, 0.000000000000000000 ) ) ;
#5310 = DIRECTION ( 'NONE',  ( 0.000000000000000000, 0.000000000000000000, 1.000000000000000000 ) ) ;
#5311 = ORIENTED_EDGE ( 'NONE', *, *, #2782, .F. ) ;
#5312 = EDGE_CURVE ( 'NONE', #4400, #2578, #3338, .T. ) ;
#5313 = DIRECTION ( 'NONE',  ( 1.000000000000000000, 0.000000000000000000, 0.000000000000000000 ) ) ;
#5314 = DIRECTION ( 'NONE',  ( 1.000000000000000000, 0.000000000000000000, 0.000000000000000000 ) ) ;
#5315 = DIRECTION ( 'NONE',  ( -0.9910735647809233440, 0.1333161250278182552, 0.000000000000000000 ) ) ;
#5316 = VERTEX_POINT ( 'NONE', #2020 ) ;
#5317 = CARTESIAN_POINT ( 'NONE',  ( -26.48004118486695191, 25.92525588469614917, 8.582007265856070433 ) ) ;
#5318 = DIRECTION ( 'NONE',  ( 1.000000000000000000, 0.000000000000000000, 0.000000000000000000 ) ) ;
#5319 = EDGE_LOOP ( 'NONE', ( #5148, #4895, #588, #3600, #131, #3385 ) ) ;
#5320 = ORIENTED_EDGE ( 'NONE', *, *, #1929, .F. ) ;
#5321 = CARTESIAN_POINT ( 'NONE',  ( -44.61716992170384799, 50.27188602213590229, 2.700000000000001066 ) ) ;
#5322 = AXIS2_PLACEMENT_3D ( 'NONE', #5082, #1972, #961 ) ;
#5323 = CARTESIAN_POINT ( 'NONE',  ( 0.000000000000000000, 0.000000000000000000, -22.50000000000000000 ) ) ;
#5324 = ORIENTED_EDGE ( 'NONE', *, *, #2148, .F. ) ;
#5325 = CARTESIAN_POINT ( 'NONE',  ( -42.88110197258254885, -24.00193188609835104, 11.58000000000000007 ) ) ;
#5326 = DIRECTION ( 'NONE',  ( -0.8599849567173972753, -0.4965125462598181105, -0.1179032044787942241 ) ) ;
#5327 = CARTESIAN_POINT ( 'NONE',  ( -29.75402433804200086, 38.80038569686185213, 7.329082498301850102 ) ) ;
#5328 = SURFACE_SIDE_STYLE ('',( #2563 ) ) ;
#5329 = DIRECTION ( 'NONE',  ( 0.3800816313822686365, -0.9249529466333913374, 0.000000000000000000 ) ) ;
#5330 = DIRECTION ( 'NONE',  ( 0.1033246625494713689, -0.9946476834080687501, 0.000000000000000000 ) ) ;
#5331 = ORIENTED_EDGE ( 'NONE', *, *, #717, .T. ) ;
#5332 = ORIENTED_EDGE ( 'NONE', *, *, #1693, .T. ) ;
#5333 =( BOUNDED_CURVE ( )  B_SPLINE_CURVE ( 3, ( #3399, #3343, #529, #182 ),
 .UNSPECIFIED., .F., .F. ) 
 B_SPLINE_CURVE_WITH_KNOTS ( ( 4, 4 ),
 ( 6.128960532666360983, 6.211694164932889173 ),
 .UNSPECIFIED. ) 
 CURVE ( )  GEOMETRIC_REPRESENTATION_ITEM ( )  RATIONAL_B_SPLINE_CURVE ( ( 1.000000000000000000, 0.9994296768433472700, 0.9994296768433472700, 1.000000000000000000 ) ) 
 REPRESENTATION_ITEM ( '' )  );
#5334 = FACE_OUTER_BOUND ( 'NONE', #168, .T. ) ;
#5335 = DIRECTION ( 'NONE',  ( 0.000000000000000000, 0.000000000000000000, -1.000000000000000000 ) ) ;
#5336 = ORIENTED_EDGE ( 'NONE', *, *, #4894, .F. ) ;
#5337 = EDGE_CURVE ( 'NONE', #2549, #4941, #2391, .T. ) ;
#5338 = EDGE_CURVE ( 'NONE', #688, #4170, #5025, .T. ) ;
#5339 = CARTESIAN_POINT ( 'NONE',  ( -42.55170213514522715, 48.67774067437073171, 1.869831954299012056 ) ) ;
#5340 = DIRECTION ( 'NONE',  ( 0.000000000000000000, 0.000000000000000000, -1.000000000000000000 ) ) ;
#5341 = EDGE_CURVE ( 'NONE', #3457, #5129, #2880, .T. ) ;
#5342 = B_SPLINE_CURVE_WITH_KNOTS ( 'NONE', 3,
 ( #685, #1144, #5274, #2533, #1575, #3477, #1116, #3928, #2161, #3983 ),
 .UNSPECIFIED., .F., .F.,
 ( 4, 2, 2, 2, 4 ),
 ( 6.505213034913026604E-18, 0.0003951855715451792314, 0.0007903711430903519576, 0.001185556714635524738, 0.001580742286180697410 ),
 .UNSPECIFIED. ) ;
#5343 = CARTESIAN_POINT ( 'NONE',  ( 0.000000000000000000, 0.000000000000000000, -16.00000000000000000 ) ) ;
#5344 = AXIS2_PLACEMENT_3D ( 'NONE', #29, #5612, #5184 ) ;
#5345 = EDGE_CURVE ( 'NONE', #1310, #2759, #3976, .T. ) ;
#5346 = AXIS2_PLACEMENT_3D ( 'NONE', #5027, #768, #4132 ) ;
#5347 = ORIENTED_EDGE ( 'NONE', *, *, #1104, .F. ) ;
#5348 = VECTOR ( 'NONE', #3739, 1000.000000000000114 ) ;
#5349 = EDGE_CURVE ( 'NONE', #3988, #5644, #5306, .T. ) ;
#5350 = LINE ( 'NONE', #4065, #3864 ) ;
#5351 = FACE_OUTER_BOUND ( 'NONE', #3585, .T. ) ;
#5352 = AXIS2_PLACEMENT_3D ( 'NONE', #3013, #5749, #5318 ) ;
#5353 = ORIENTED_EDGE ( 'NONE', *, *, #4018, .F. ) ;
#5354 = ORIENTED_EDGE ( 'NONE', *, *, #1494, .T. ) ;
#5355 = DIRECTION ( 'NONE',  ( 0.000000000000000000, 0.000000000000000000, 1.000000000000000000 ) ) ;
#5356 = CARTESIAN_POINT ( 'NONE',  ( -49.48039228947092028, 43.67711962664282765, -2.700000000000001066 ) ) ;
#5357 = ORIENTED_EDGE ( 'NONE', *, *, #4923, .F. ) ;
#5358 = PLANE ( 'NONE',  #2634 ) ;
#5359 = PLANE ( 'NONE',  #5786 ) ;
#5360 = EDGE_CURVE ( 'NONE', #4092, #5582, #3019, .T. ) ;
#5361 = DIRECTION ( 'NONE',  ( 0.000000000000000000, 0.000000000000000000, -1.000000000000000000 ) ) ;
#5362 = CARTESIAN_POINT ( 'NONE',  ( -49.48039228947092028, 43.67711962664282765, -2.700000000000001066 ) ) ;
#5363 = CARTESIAN_POINT ( 'NONE',  ( 48.53390868975297678, 42.94661565217013077, 2.114575390835371937 ) ) ;
#5364 = ORIENTED_EDGE ( 'NONE', *, *, #1593, .F. ) ;
#5365 = ORIENTED_EDGE ( 'NONE', *, *, #5680, .F. ) ;
#5366 = ORIENTED_EDGE ( 'NONE', *, *, #1088, .T. ) ;
#5367 = AXIS2_PLACEMENT_3D ( 'NONE', #4487, #5335, #757 ) ;
#5368 = CARTESIAN_POINT ( 'NONE',  ( 0.000000000000000000, 0.000000000000000000, -4.000000000000000000 ) ) ;
#5369 = EDGE_CURVE ( 'NONE', #5114, #667, #5501, .T. ) ;
#5370 = DIRECTION ( 'NONE',  ( 0.000000000000000000, 0.000000000000000000, -1.000000000000000000 ) ) ;
#5371 = FACE_OUTER_BOUND ( 'NONE', #4548, .T. ) ;
#5372 = ORIENTED_EDGE ( 'NONE', *, *, #4713, .T. ) ;
#5373 = EDGE_CURVE ( 'NONE', #1886, #945, #753, .T. ) ;
#5374 = CARTESIAN_POINT ( 'NONE',  ( 21.94246284174699468, -73.42179231088161373, -2.700000000000000622 ) ) ;
#5375 =( BOUNDED_CURVE ( )  B_SPLINE_CURVE ( 3, ( #3440, #5297, #1139, #313 ),
 .UNSPECIFIED., .F., .F. ) 
 B_SPLINE_CURVE_WITH_KNOTS ( ( 4, 4 ),
 ( 0.8890333558312514262, 0.9761318019268869772 ),
 .UNSPECIFIED. ) 
 CURVE ( )  GEOMETRIC_REPRESENTATION_ITEM ( )  RATIONAL_B_SPLINE_CURVE ( ( 1.000000000000000000, 0.9993679216300043189, 0.9993679216300043189, 1.000000000000000000 ) ) 
 REPRESENTATION_ITEM ( '' )  );
#5376 = TOROIDAL_SURFACE ( 'NONE', #4703, 89.50000000000000000, 12.00000000000000000 ) ;
#5377 = CARTESIAN_POINT ( 'NONE',  ( 0.000000000000000000, 0.000000000000000000, 2.700000000000000178 ) ) ;
#5378 = ORIENTED_EDGE ( 'NONE', *, *, #5617, .F. ) ;
#5379 = DIRECTION ( 'NONE',  ( 0.000000000000000000, 0.000000000000000000, 1.000000000000000000 ) ) ;
#5380 = DIRECTION ( 'NONE',  ( 1.000000000000000000, 0.000000000000000000, 0.000000000000000000 ) ) ;
#5381 = EDGE_CURVE ( 'NONE', #2521, #1028, #5220, .T. ) ;
#5382 = CARTESIAN_POINT ( 'NONE',  ( -63.29591997895573030, 12.45606213152206365, -1.398257396422218468 ) ) ;
#5383 = DIRECTION ( 'NONE',  ( 0.000000000000000000, 0.000000000000000000, 1.000000000000000000 ) ) ;
#5384 = VERTEX_POINT ( 'NONE', #5417 ) ;
#5385 = CARTESIAN_POINT ( 'NONE',  ( 0.000000000000000000, 0.000000000000000000, -16.00000000000000000 ) ) ;
#5386 = DIRECTION ( 'NONE',  ( 0.000000000000000000, 0.000000000000000000, 1.000000000000000000 ) ) ;
#5387 = CARTESIAN_POINT ( 'NONE',  ( 6.669466760310860387, 10.63528851702329980, -11.58000000000000007 ) ) ;
#5388 = EDGE_CURVE ( 'NONE', #3351, #4945, #3050, .T. ) ;
#5389 = DIRECTION ( 'NONE',  ( 0.000000000000000000, 0.000000000000000000, 1.000000000000000000 ) ) ;
#5390 = CARTESIAN_POINT ( 'NONE',  ( 62.76044472552499798, 21.09274496687759992, 5.076071568124019606 ) ) ;
#5391 = ORIENTED_EDGE ( 'NONE', *, *, #1992, .T. ) ;
#5392 = ORIENTED_EDGE ( 'NONE', *, *, #4642, .T. ) ;
#5393 = ORIENTED_EDGE ( 'NONE', *, *, #3382, .T. ) ;
#5394 = CARTESIAN_POINT ( 'NONE',  ( 48.29029604988337354, 42.75859337507038305, -2.700000000000000178 ) ) ;
#5395 = PLANE ( 'NONE',  #2260 ) ;
#5396 = LINE ( 'NONE', #3126, #5745 ) ;
#5397 = VERTEX_POINT ( 'NONE', #2989 ) ;
#5398 = TOROIDAL_SURFACE ( 'NONE', #951, 76.50000000000000000, 1.000000000000000000 ) ;
#5399 = AXIS2_PLACEMENT_3D ( 'NONE', #3355, #5209, #1539 ) ;
#5400 = EDGE_CURVE ( 'NONE', #1039, #2409, #1656, .T. ) ;
#5401 = DIRECTION ( 'NONE',  ( 0.9005852208758917676, 0.4346794910504994114, 0.000000000000000000 ) ) ;
#5402 = EDGE_CURVE ( 'NONE', #723, #4260, #857, .T. ) ;
#5403 = DIRECTION ( 'NONE',  ( -0.9249529466333913374, -0.3800816313822686920, 0.000000000000000000 ) ) ;
#5404 = AXIS2_PLACEMENT_3D ( 'NONE', #5831, #1801, #5476 ) ;
#5405 = CARTESIAN_POINT ( 'NONE',  ( -0.7769935733767358021, 22.36395026766172478, 11.28032816047816667 ) ) ;
#5406 = CARTESIAN_POINT ( 'NONE',  ( 20.58763429522879917, -9.196079336109010072, 11.57032204158815958 ) ) ;
#5407 = ORIENTED_EDGE ( 'NONE', *, *, #2378, .F. ) ;
#5408 = CARTESIAN_POINT ( 'NONE',  ( 65.84531535217739417, 13.50365958609456030, 5.079798781868669622 ) ) ;
#5409 = CARTESIAN_POINT ( 'NONE',  ( 0.000000000000000000, 0.000000000000000000, -2.700000000000000178 ) ) ;
#5410 = AXIS2_PLACEMENT_3D ( 'NONE', #3046, #1684, #2589 ) ;
#5411 = ADVANCED_FACE ( 'NONE', ( #3476 ), #5359, .T. ) ;
#5412 = ORIENTED_EDGE ( 'NONE', *, *, #3634, .T. ) ;
#5413 = DIRECTION ( 'NONE',  ( 0.000000000000000000, 0.000000000000000000, -1.000000000000000000 ) ) ;
#5414 = CARTESIAN_POINT ( 'NONE',  ( 1.521116426120729883E-14, 19.27663904773745074, 11.58000000000000007 ) ) ;
#5415 = ORIENTED_EDGE ( 'NONE', *, *, #3445, .T. ) ;
#5416 = CARTESIAN_POINT ( 'NONE',  ( 42.43522622649332021, 48.58784359192166136, -1.398257396422222021 ) ) ;
#5417 = CARTESIAN_POINT ( 'NONE',  ( 65.84531535217739417, 13.50365958609451944, 2.700000000000001066 ) ) ;
#5418 = AXIS2_PLACEMENT_3D ( 'NONE', #2747, #1773, #1329 ) ;
#5419 = CYLINDRICAL_SURFACE ( 'NONE', #3067, 77.50000000000000000 ) ;
#5420 = ADVANCED_FACE ( 'NONE', ( #4043 ), #2299, .T. ) ;
#5421 = CARTESIAN_POINT ( 'NONE',  ( 15.74445693002677160, -75.67903054504988347, -3.085265855824334214 ) ) ;
#5422 = CARTESIAN_POINT ( 'NONE',  ( -73.57984730464862366, 24.25339252702991288, -3.438288436357167743 ) ) ;
#5423 = CARTESIAN_POINT ( 'NONE',  ( -14.69037456587059864, -71.36007333919378937, -2.700000000000001066 ) ) ;
#5424 = ORIENTED_EDGE ( 'NONE', *, *, #296, .T. ) ;
#5425 = ORIENTED_EDGE ( 'NONE', *, *, #771, .F. ) ;
#5426 = VECTOR ( 'NONE', #3900, 1000.000000000000000 ) ;
#5427 = ORIENTED_EDGE ( 'NONE', *, *, #5909, .F. ) ;
#5428 = ADVANCED_FACE ( 'NONE', ( #4507 ), #3595, .F. ) ;
#5429 = ORIENTED_EDGE ( 'NONE', *, *, #5540, .T. ) ;
#5430 = CARTESIAN_POINT ( 'NONE',  ( -77.50000000000000000, 9.491012693391988181E-15, -3.700000000000000178 ) ) ;
#5431 = DIRECTION ( 'NONE',  ( 1.000000000000000000, 0.000000000000000000, 0.000000000000000000 ) ) ;
#5432 = LINE ( 'NONE', #1699, #3029 ) ;
#5433 = CARTESIAN_POINT ( 'NONE',  ( 11.66104774362679919, -5.208753888609679805, -12.18631237172819937 ) ) ;
#5434 = VERTEX_POINT ( 'NONE', #3076 ) ;
#5435 = CARTESIAN_POINT ( 'NONE',  ( 71.83530578497160946, 16.39480851055945010, 11.58000000000000007 ) ) ;
#5436 = CARTESIAN_POINT ( 'NONE',  ( -20.58763429522879917, -9.196079336109010072, 11.57032204158815958 ) ) ;
#5437 = CYLINDRICAL_SURFACE ( 'NONE', #4914, 26.76213688802224411 ) ;
#5438 = ORIENTED_EDGE ( 'NONE', *, *, #2454, .T. ) ;
#5439 = LINE ( 'NONE', #838, #3071 ) ;
#5440 = DIRECTION ( 'NONE',  ( 1.000000000000000000, 0.000000000000000000, 0.000000000000000000 ) ) ;
#5441 = AXIS2_PLACEMENT_3D ( 'NONE', #5510, #1836, #1804 ) ;
#5442 = VERTEX_POINT ( 'NONE', #2561 ) ;
#5443 = CARTESIAN_POINT ( 'NONE',  ( -18.60356508940021669, -12.53526766206210397, 11.20554402546023098 ) ) ;
#5444 = EDGE_CURVE ( 'NONE', #3645, #4596, #563, .T. ) ;
#5445 = TOROIDAL_SURFACE ( 'NONE', #4963, 66.00000000000000000, 1.500000000000000000 ) ;
#5446 = DIRECTION ( 'NONE',  ( -0.3800816313822695247, -0.9249529466333910044, 0.000000000000000000 ) ) ;
#5447 = EDGE_LOOP ( 'NONE', ( #1997, #4098, #2318, #4135 ) ) ;
#5448 = DIRECTION ( 'NONE',  ( -0.9183859878646963848, 0.3773831369225131294, 0.1189501797405514427 ) ) ;
#5449 = EDGE_CURVE ( 'NONE', #591, #4622, #2530, .T. ) ;
#5450 = DIRECTION ( 'NONE',  ( 0.000000000000000000, 0.000000000000000000, 1.000000000000000000 ) ) ;
#5451 = CARTESIAN_POINT ( 'NONE',  ( -42.42723811148027835, 48.58167829780847313, 1.199999999999999289 ) ) ;
#5452 = AXIS2_PLACEMENT_3D ( 'NONE', #138, #5691, #5586 ) ;
#5453 = CARTESIAN_POINT ( 'NONE',  ( 15.67884565782735251, -75.41019740023398299, -2.808589616950099899 ) ) ;
#5454 = DIRECTION ( 'NONE',  ( 0.6109919333986548740, 0.7916368216055729157, 0.000000000000000000 ) ) ;
#5455 = DIRECTION ( 'NONE',  ( 0.000000000000000000, 0.000000000000000000, 1.000000000000000000 ) ) ;
#5456 = EDGE_LOOP ( 'NONE', ( #2359, #646, #4538, #872 ) ) ;
#5457 = ORIENTED_EDGE ( 'NONE', *, *, #1928, .F. ) ;
#5458 = VERTEX_POINT ( 'NONE', #4011 ) ;
#5459 = EDGE_LOOP ( 'NONE', ( #2698, #3358, #5648 ) ) ;
#5460 = VECTOR ( 'NONE', #5233, 1000.000000000000000 ) ;
#5461 = CARTESIAN_POINT ( 'NONE',  ( 9.576572811383780248, -38.60592666966630304, -8.254313061627300385 ) ) ;
#5462 = LINE ( 'NONE', #5938, #2455 ) ;
#5463 = EDGE_CURVE ( 'NONE', #4181, #4611, #1746, .T. ) ;
#5464 = CARTESIAN_POINT ( 'NONE',  ( 64.70035840405634531, 13.03317391837677519, -2.700000000000001066 ) ) ;
#5465 = ORIENTED_EDGE ( 'NONE', *, *, #3238, .F. ) ;
#5466 = FACE_OUTER_BOUND ( 'NONE', #5662, .T. ) ;
#5467 = AXIS2_PLACEMENT_3D ( 'NONE', #3312, #1008, #1520 ) ;
#5468 = DIRECTION ( 'NONE',  ( 1.000000000000000000, 0.000000000000000000, 0.000000000000000000 ) ) ;
#5469 = CARTESIAN_POINT ( 'NONE',  ( 18.60356508940023446, -12.53526766206213594, -11.50031736591962250 ) ) ;
#5470 = AXIS2_PLACEMENT_3D ( 'NONE', #2132, #4412, #5810 ) ;
#5471 = CARTESIAN_POINT ( 'NONE',  ( 0.000000000000000000, 0.000000000000000000, 3.700000000000001954 ) ) ;
#5472 = EDGE_CURVE ( 'NONE', #2578, #64, #3291, .T. ) ;
#5473 = VERTEX_POINT ( 'NONE', #4409 ) ;
#5474 = B_SPLINE_CURVE_WITH_KNOTS ( 'NONE', 3,
 ( #1351, #4556, #2803, #4619, #465, #1890, #2240, #2305, #1413, #983, #4161, #1857, #4652, #953 ),
 .UNSPECIFIED., .F., .F.,
 ( 4, 2, 2, 2, 2, 2, 4 ),
 ( 0.000000000000000000, 0.0005913705691809979315, 0.0008870558537714868684, 0.001182741138361975914, 0.001478426422952464851, 0.001774111707542953787, 0.002365482276723924505 ),
 .UNSPECIFIED. ) ;
#5475 = ORIENTED_EDGE ( 'NONE', *, *, #2582, .T. ) ;
#5476 = DIRECTION ( 'NONE',  ( 1.000000000000000000, 0.000000000000000000, 0.000000000000000000 ) ) ;
#5477 = FACE_OUTER_BOUND ( 'NONE', #5024, .T. ) ;
#5478 = ORIENTED_EDGE ( 'NONE', *, *, #2773, .T. ) ;
#5479 = FACE_OUTER_BOUND ( 'NONE', #224, .T. ) ;
#5480 = FACE_OUTER_BOUND ( 'NONE', #5252, .T. ) ;
#5481 = ORIENTED_EDGE ( 'NONE', *, *, #2302, .T. ) ;
#5482 = DIRECTION ( 'NONE',  ( -0.000000000000000000, -0.000000000000000000, -1.000000000000000000 ) ) ;
#5483 = CARTESIAN_POINT ( 'NONE',  ( -18.79300049814440143, -45.67265094085200161, 11.58000000000000007 ) ) ;
#5484 = LINE ( 'NONE', #845, #3757 ) ;
#5485 = CARTESIAN_POINT ( 'NONE',  ( -16.35785556581524958, -27.56975627347355129, -9.456346035045680054 ) ) ;
#5486 = FACE_OUTER_BOUND ( 'NONE', #580, .T. ) ;
#5487 = CARTESIAN_POINT ( 'NONE',  ( -12.91135790081339074, -63.39675632864147303, -1.951545083318391827 ) ) ;
#5488 = EDGE_LOOP ( 'NONE', ( #487, #4226 ) ) ;
#5489 = ORIENTED_EDGE ( 'NONE', *, *, #862, .F. ) ;
#5490 = VERTEX_POINT ( 'NONE', #2099 ) ;
#5491 = ORIENTED_EDGE ( 'NONE', *, *, #4605, .F. ) ;
#5492 = B_SPLINE_CURVE_WITH_KNOTS ( 'NONE', 3,
 ( #3685, #3719, #1775, #841, #1392, #808, #3234, #1869 ),
 .UNSPECIFIED., .F., .F.,
 ( 4, 2, 2, 4 ),
 ( 0.000000000000000000, 0.0003951903511580840181, 0.0007903807023161680363, 0.001580761404632331953 ),
 .UNSPECIFIED. ) ;
#5493 = CARTESIAN_POINT ( 'NONE',  ( 19.95831195848663242, -74.91652941785986286, 3.777295774188597743 ) ) ;
#5494 = CARTESIAN_POINT ( 'NONE',  ( 63.58134113877314775, 12.57334738419272213, -2.121878349923654206 ) ) ;
#5495 = VERTEX_POINT ( 'NONE', #966 ) ;
#5496 = CARTESIAN_POINT ( 'NONE',  ( 57.08957099096649301, 50.92181147668843266, -2.700000000000001066 ) ) ;
#5497 = EDGE_CURVE ( 'NONE', #2406, #2016, #4678, .T. ) ;
#5498 = AXIS2_PLACEMENT_3D ( 'NONE', #2179, #1799, #3167 ) ;
#5499 = FACE_OUTER_BOUND ( 'NONE', #728, .T. ) ;
#5500 = CARTESIAN_POINT ( 'NONE',  ( 21.85746121210024739, -72.27391788312779397, -4.060724579254965327 ) ) ;
#5501 =( BOUNDED_CURVE ( )  B_SPLINE_CURVE ( 3, ( #811, #3111, #1142, #3952 ),
 .UNSPECIFIED., .F., .T. ) 
 B_SPLINE_CURVE_WITH_KNOTS ( ( 4, 4 ),
 ( 3.213083795836489731, 3.295817428103018809 ),
 .UNSPECIFIED. ) 
 CURVE ( )  GEOMETRIC_REPRESENTATION_ITEM ( )  RATIONAL_B_SPLINE_CURVE ( ( 1.000000000000000000, 0.9994296768433472700, 0.9994296768433472700, 1.000000000000000000 ) ) 
 REPRESENTATION_ITEM ( '' )  );
#5502 = ADVANCED_FACE ( 'NONE', ( #4109 ), #1427, .T. ) ;
#5503 = CARTESIAN_POINT ( 'NONE',  ( 75.35793919139113939, 18.09505459584463694, 3.700000000000001954 ) ) ;
#5504 = CARTESIAN_POINT ( 'NONE',  ( 28.64542682687829966, 27.59651867068285114, -8.254313061627300385 ) ) ;
#5505 = ORIENTED_EDGE ( 'NONE', *, *, #3262, .T. ) ;
#5506 = VECTOR ( 'NONE', #5219, 1000.000000000000114 ) ;
#5507 = VECTOR ( 'NONE', #354, 1000.000000000000000 ) ;
#5508 = DIRECTION ( 'NONE',  ( -0.4346794910504998555, -0.9005852208758916566, 0.000000000000000000 ) ) ;
#5509 = DIRECTION ( 'NONE',  ( -0.9130524929214650642, -0.4078420590987375527, 0.000000000000000000 ) ) ;
#5510 = CARTESIAN_POINT ( 'NONE',  ( -97.70000000000000284, 1.196479922766964259E-14, 15.00000000000000355 ) ) ;
#5511 = VERTEX_POINT ( 'NONE', #447 ) ;
#5512 = CARTESIAN_POINT ( 'NONE',  ( 20.96122863062772623, -61.79128313234530623, -2.513328204073530969 ) ) ;
#5513 = CARTESIAN_POINT ( 'NONE',  ( 12.54516341247451905, 0.4582833856134470030, 11.58000000000000007 ) ) ;
#5514 = CARTESIAN_POINT ( 'NONE',  ( 16.69405911492370009, -9.638319523868709382, -11.58000000000000007 ) ) ;
#5515 = VECTOR ( 'NONE', #1173, 1000.000000000000000 ) ;
#5516 = CARTESIAN_POINT ( 'NONE',  ( 76.50000000000000000, 0.000000000000000000, 3.700000000000001954 ) ) ;
#5517 = APPLICATION_CONTEXT ( 'automotive_design' ) ;
#5518 = DIRECTION ( 'NONE',  ( 0.000000000000000000, 0.000000000000000000, 1.000000000000000000 ) ) ;
#5519 = DIRECTION ( 'NONE',  ( 0.7860163774671053982, 0.6066540275092383583, -0.1189501797405514705 ) ) ;
#5520 = EDGE_LOOP ( 'NONE', ( #1177, #4730, #4490, #1105, #3275, #5331, #1290, #4310, #5097 ) ) ;
#5521 = ORIENTED_EDGE ( 'NONE', *, *, #5611, .F. ) ;
#5522 = ORIENTED_EDGE ( 'NONE', *, *, #2322, .T. ) ;
#5523 = VECTOR ( 'NONE', #2781, 1000.000000000000000 ) ;
#5524 = VERTEX_POINT ( 'NONE', #59 ) ;
#5525 = FACE_OUTER_BOUND ( 'NONE', #4058, .T. ) ;
#5526 = VECTOR ( 'NONE', #2736, 1000.000000000000000 ) ;
#5527 = CARTESIAN_POINT ( 'NONE',  ( 0.000000000000000000, 0.000000000000000000, 3.700000000000001954 ) ) ;
#5528 = ORIENTED_EDGE ( 'NONE', *, *, #2, .F. ) ;
#5529 = CARTESIAN_POINT ( 'NONE',  ( 0.000000000000000000, 0.000000000000000000, -16.00000000000000000 ) ) ;
#5530 = PRESENTATION_LAYER_ASSIGNMENT (  '', '', ( #586 ) ) ;
#5531 = CARTESIAN_POINT ( 'NONE',  ( 48.95017622202930596, 6.561109625699310222, -2.700000000000001066 ) ) ;
#5532 = DIRECTION ( 'NONE',  ( 0.000000000000000000, 0.000000000000000000, 1.000000000000000000 ) ) ;
#5533 = EDGE_CURVE ( 'NONE', #2471, #428, #1300, .T. ) ;
#5534 = DIRECTION ( 'NONE',  ( 1.000000000000000000, 0.000000000000000000, 0.000000000000000000 ) ) ;
#5535 = CARTESIAN_POINT ( 'NONE',  ( -5.875696652163679978, -11.09357190263673942, 11.58000000000000007 ) ) ;
#5536 = ORIENTED_EDGE ( 'NONE', *, *, #1573, .T. ) ;
#5537 = EDGE_CURVE ( 'NONE', #387, #1273, #4631, .T. ) ;
#5538 = CARTESIAN_POINT ( 'NONE',  ( -61.21216605204488559, 20.45652635036033473, -1.595345417121427189 ) ) ;
#5539 = LINE ( 'NONE', #4564, #3884 ) ;
#5540 = EDGE_CURVE ( 'NONE', #64, #5316, #3269, .T. ) ;
#5541 = ADVANCED_FACE ( 'NONE', ( #1779 ), #3148, .F. ) ;
#5542 = EDGE_CURVE ( 'NONE', #3048, #1030, #3207, .T. ) ;
#5543 = ORIENTED_EDGE ( 'NONE', *, *, #1992, .F. ) ;
#5544 = LINE ( 'NONE', #2655, #3671 ) ;
#5545 = LINE ( 'NONE', #3108, #2049 ) ;
#5546 = ORIENTED_EDGE ( 'NONE', *, *, #3825, .F. ) ;
#5547 = CARTESIAN_POINT ( 'NONE',  ( 53.34974655856339609, 56.21436241866533834, -16.00000000000000000 ) ) ;
#5548 = DIRECTION ( 'NONE',  ( 1.000000000000000000, 0.000000000000000000, 0.000000000000000000 ) ) ;
#5549 = LINE ( 'NONE', #3655, #2580 ) ;
#5550 = LINE ( 'NONE', #3240, #1289 ) ;
#5551 = CARTESIAN_POINT ( 'NONE',  ( 18.25785546790195113, -13.23137463543739933, 11.57032204158815958 ) ) ;
#5552 = DIRECTION ( 'NONE',  ( 1.000000000000000000, 0.000000000000000000, 0.000000000000000000 ) ) ;
#5553 = CARTESIAN_POINT ( 'NONE',  ( -75.35793919139108255, 18.09505459584467957, -3.700000000000000178 ) ) ;
#5554 = VERTEX_POINT ( 'NONE', #4073 ) ;
#5555 = ORIENTED_EDGE ( 'NONE', *, *, #1218, .T. ) ;
#5556 = ORIENTED_EDGE ( 'NONE', *, *, #3891, .T. ) ;
#5557 = AXIS2_PLACEMENT_3D ( 'NONE', #3492, #4427, #4367 ) ;
#5558 = ADVANCED_FACE ( 'NONE', ( #3623 ), #5126, .T. ) ;
#5559 = CIRCLE ( 'NONE', #2439, 76.50000000000000000 ) ;
#5560 = VERTEX_POINT ( 'NONE', #2816 ) ;
#5561 = VECTOR ( 'NONE', #844, 1000.000000000000000 ) ;
#5562 = ADVANCED_FACE ( 'NONE', ( #4206 ), #3176, .T. ) ;
#5563 = ADVANCED_FACE ( 'NONE', ( #511 ), #1395, .T. ) ;
#5564 = CARTESIAN_POINT ( 'NONE',  ( 12.95296137151320437, -63.70603699521587515, -2.330719158883116204 ) ) ;
#5565 = ORIENTED_EDGE ( 'NONE', *, *, #866, .F. ) ;
#5566 = LINE ( 'NONE', #5105, #1020 ) ;
#5567 = DIRECTION ( 'NONE',  ( -0.1100233192535945842, -0.04521077836900292551, -0.9929002239599357127 ) ) ;
#5568 = PLANE ( 'NONE',  #2208 ) ;
#5569 = B_SPLINE_CURVE_WITH_KNOTS ( 'NONE', 3,
 ( #5580, #2462, #5149, #1951, #623, #3327, #2896, #3266, #2434, #2812 ),
 .UNSPECIFIED., .F., .F.,
 ( 4, 2, 2, 2, 4 ),
 ( 0.000000000000000000, 0.0003951855715451733225, 0.0007903711430903466451, 0.001185556714635519968, 0.001580742286180693290 ),
 .UNSPECIFIED. ) ;
#5570 = EDGE_CURVE ( 'NONE', #2054, #4448, #2353, .T. ) ;
#5571 = PLANE ( 'NONE',  #2438 ) ;
#5572 = AXIS2_PLACEMENT_3D ( 'NONE', #4643, #5965, #1790 ) ;
#5573 = CARTESIAN_POINT ( 'NONE',  ( 6.277520993561950036, -46.39453745256089690, 7.382251208476880322 ) ) ;
#5574 = CIRCLE ( 'NONE', #755, 64.50000000000000000 ) ;
#5575 = VERTEX_POINT ( 'NONE', #5513 ) ;
#5576 = AXIS2_PLACEMENT_3D ( 'NONE', #1174, #3507, #3080 ) ;
#5577 = CARTESIAN_POINT ( 'NONE',  ( -15.59614842513934896, -6.966483676492710053, -11.58000000000000007 ) ) ;
#5578 = DIRECTION ( 'NONE',  ( 0.000000000000000000, 0.000000000000000000, -1.000000000000000000 ) ) ;
#5579 = ORIENTED_EDGE ( 'NONE', *, *, #4890, .F. ) ;
#5580 = CARTESIAN_POINT ( 'NONE',  ( 53.34974655856339609, 56.21436241866533834, 3.700000000000001954 ) ) ;
#5581 = DIRECTION ( 'NONE',  ( 0.1333161250278182552, -0.9910735647809233440, 0.000000000000000000 ) ) ;
#5582 = VERTEX_POINT ( 'NONE', #413 ) ;
#5583 = CARTESIAN_POINT ( 'NONE',  ( -12.88488006795826912, -63.19991982300554412, -2.700000000000000178 ) ) ;
#5584 = EDGE_CURVE ( 'NONE', #2121, #2919, #3011, .T. ) ;
#5585 = CARTESIAN_POINT ( 'NONE',  ( -71.83530578497160946, 16.39480851055949984, 2.700000000000001066 ) ) ;
#5586 = DIRECTION ( 'NONE',  ( 0.1333161250278180610, -0.9910735647809234550, 0.000000000000000000 ) ) ;
#5587 = FACE_OUTER_BOUND ( 'NONE', #97, .T. ) ;
#5588 = ORIENTED_EDGE ( 'NONE', *, *, #5968, .F. ) ;
#5589 = VERTEX_POINT ( 'NONE', #904 ) ;
#5590 = ORIENTED_EDGE ( 'NONE', *, *, #3845, .T. ) ;
#5591 = VERTEX_POINT ( 'NONE', #934 ) ;
#5592 = CARTESIAN_POINT ( 'NONE',  ( 1.365289264506977851, 13.14286222298152040, -11.89949358244657951 ) ) ;
#5593 = CARTESIAN_POINT ( 'NONE',  ( 0.000000000000000000, 0.000000000000000000, 15.00000000000000355 ) ) ;
#5594 = EDGE_LOOP ( 'NONE', ( #1208, #784, #3045, #962 ) ) ;
#5595 = DIRECTION ( 'NONE',  ( 0.000000000000000000, 0.000000000000000000, -1.000000000000000000 ) ) ;
#5596 = CARTESIAN_POINT ( 'NONE',  ( -94.50000000000000000, 1.157291225194248886E-14, 18.00000000000000711 ) ) ;
#5597 = CARTESIAN_POINT ( 'NONE',  ( -32.05503709188110406, -0.3814403346959064911, 11.58000000000000007 ) ) ;
#5598 = EDGE_CURVE ( 'NONE', #5058, #5458, #2838, .T. ) ;
#5599 = CARTESIAN_POINT ( 'NONE',  ( 61.87016275116231867, 20.72691033016702633, 2.502543056173716529 ) ) ;
#5600 = LINE ( 'NONE', #1449, #5878 ) ;
#5601 = ORIENTED_EDGE ( 'NONE', *, *, #2294, .F. ) ;
#5602 = AXIS2_PLACEMENT_3D ( 'NONE', #1560, #1129, #698 ) ;
#5603 = ORIENTED_EDGE ( 'NONE', *, *, #2633, .F. ) ;
#5604 = PLANE ( 'NONE',  #4936 ) ;
#5605 = CARTESIAN_POINT ( 'NONE',  ( 49.48039228947092738, 43.67711962664280634, 2.700000000000001066 ) ) ;
#5606 = ORIENTED_EDGE ( 'NONE', *, *, #2303, .F. ) ;
#5607 = DIRECTION ( 'NONE',  ( 1.000000000000000000, 0.000000000000000000, -0.000000000000000000 ) ) ;
#5608 = CARTESIAN_POINT ( 'NONE',  ( -15.55479685005096080, -74.90192450767632693, -2.700000000000001066 ) ) ;
#5609 = CARTESIAN_POINT ( 'NONE',  ( 72.64436784101742717, 23.98011303098784097, -2.700000000000001066 ) ) ;
#5610 = EDGE_CURVE ( 'NONE', #4325, #2406, #4851, .T. ) ;
#5611 = EDGE_CURVE ( 'NONE', #4810, #1784, #568, .T. ) ;
#5612 = DIRECTION ( 'NONE',  ( 0.1100233192535945842, 0.04521077836900292551, -0.9929002239599357127 ) ) ;
#5613 = ORIENTED_EDGE ( 'NONE', *, *, #4257, .F. ) ;
#5614 = AXIS2_PLACEMENT_3D ( 'NONE', #3421, #5278, #4906 ) ;
#5615 = ORIENTED_EDGE ( 'NONE', *, *, #2577, .T. ) ;
#5616 = CARTESIAN_POINT ( 'NONE',  ( -57.08957099096645038, 50.92181147668848240, 2.700000000000001066 ) ) ;
#5617 = EDGE_CURVE ( 'NONE', #3812, #460, #542, .T. ) ;
#5618 = ORIENTED_EDGE ( 'NONE', *, *, #4757, .T. ) ;
#5619 = B_SPLINE_CURVE_WITH_KNOTS ( 'NONE', 3,
 ( #292, #203, #3930, #3843, #1147, #3509, #2993, #5363, #2053, #1093, #3901, #1634, #4324, #1550 ),
 .UNSPECIFIED., .F., .F.,
 ( 4, 2, 2, 2, 2, 2, 4 ),
 ( 9.757819552369539906E-18, 0.0002932293124433619754, 0.0005864586248867141929, 0.0008796879373300668442, 0.001172917249773419495, 0.001759375874660116124, 0.002345834499546812536 ),
 .UNSPECIFIED. ) ;
#5620 = ADVANCED_FACE ( 'NONE', ( #5664 ), #2382, .F. ) ;
#5621 = DIRECTION ( 'NONE',  ( 0.8599849567173972753, -0.4965125462598181105, -0.1179032044787942241 ) ) ;
#5622 = CARTESIAN_POINT ( 'NONE',  ( 13.07208080224105551, -64.59157217576131416, -2.699999999999998845 ) ) ;
#5623 = ORIENTED_EDGE ( 'NONE', *, *, #5686, .T. ) ;
#5624 = ADVANCED_FACE ( 'NONE', ( #2410 ), #3300, .F. ) ;
#5625 = DIRECTION ( 'NONE',  ( 0.1333161250278180332, 0.9910735647809233440, -0.000000000000000000 ) ) ;
#5626 = DIRECTION ( 'NONE',  ( 0.7860163774671053982, 0.6066540275092383583, -0.1189501797405514705 ) ) ;
#5627 = AXIS2_PLACEMENT_3D ( 'NONE', #3023, #4875, #5838 ) ;
#5628 = DIRECTION ( 'NONE',  ( -0.000000000000000000, -0.000000000000000000, -1.000000000000000000 ) ) ;
#5629 = ORIENTED_EDGE ( 'NONE', *, *, #1149, .T. ) ;
#5630 = CARTESIAN_POINT ( 'NONE',  ( -21.95226649703413813, -73.55418230445454242, -2.725829105101461369 ) ) ;
#5631 = ORIENTED_EDGE ( 'NONE', *, *, #3759, .F. ) ;
#5632 = CARTESIAN_POINT ( 'NONE',  ( -52.50344623654226694, 55.63845912034691565, -2.700000000000001066 ) ) ;
#5633 = CARTESIAN_POINT ( 'NONE',  ( -31.91940998005340191, 40.47164848284860028, -7.001388294073090712 ) ) ;
#5634 = ORIENTED_EDGE ( 'NONE', *, *, #815, .F. ) ;
#5635 = CARTESIAN_POINT ( 'NONE',  ( 69.14482361059779691, 22.95779910444414895, 11.58000000000000007 ) ) ;
#5636 = CARTESIAN_POINT ( 'NONE',  ( -74.99825524820171552, 17.92144833433780704, -2.896738178340946934 ) ) ;
#5637 = DIRECTION ( 'NONE',  ( -0.000000000000000000, -0.000000000000000000, -1.000000000000000000 ) ) ;
#5638 = CARTESIAN_POINT ( 'NONE',  ( 53.34974655856343873, 56.21436241866535255, 3.816639643088844736 ) ) ;
#5639 = ORIENTED_EDGE ( 'NONE', *, *, #4465, .F. ) ;
#5640 = EDGE_CURVE ( 'NONE', #1964, #678, #1772, .T. ) ;
#5641 = EDGE_LOOP ( 'NONE', ( #2418, #2135, #1258, #5366 ) ) ;
#5642 = ADVANCED_FACE ( 'NONE', ( #1480 ), #1023, .F. ) ;
#5643 = LINE ( 'NONE', #2959, #405 ) ;
#5644 = VERTEX_POINT ( 'NONE', #5806 ) ;
#5645 = DIRECTION ( 'NONE',  ( 0.000000000000000000, 0.000000000000000000, 1.000000000000000000 ) ) ;
#5646 = LINE ( 'NONE', #5783, #2551 ) ;
#5647 = CARTESIAN_POINT ( 'NONE',  ( -6.669466760310849729, 10.63528851702329980, -11.58000000000000007 ) ) ;
#5648 = ORIENTED_EDGE ( 'NONE', *, *, #4610, .T. ) ;
#5649 = VECTOR ( 'NONE', #923, 999.9999999999998863 ) ;
#5650 = VECTOR ( 'NONE', #1716, 999.9999999999998863 ) ;
#5651 = EDGE_CURVE ( 'NONE', #538, #828, #1403, .T. ) ;
#5652 = AXIS2_PLACEMENT_3D ( 'NONE', #677, #4315, #4892 ) ;
#5653 = CARTESIAN_POINT ( 'NONE',  ( 73.14656948191559138, 24.12682005842316002, 2.808589616950107448 ) ) ;
#5654 = CARTESIAN_POINT ( 'NONE',  ( -25.01905899038484904, -14.44476044296980000, -10.87636315201899961 ) ) ;
#5655 = DIRECTION ( 'NONE',  ( 0.2371001562490649694, -0.9714852113679698364, 0.000000000000000000 ) ) ;
#5656 = DIRECTION ( 'NONE',  ( 0.000000000000000000, 0.9930250925196359990, 0.1179032044787941963 ) ) ;
#5657 = ORIENTED_EDGE ( 'NONE', *, *, #5887, .F. ) ;
#5658 = EDGE_CURVE ( 'NONE', #3531, #4663, #4468, .T. ) ;
#5659 = CARTESIAN_POINT ( 'NONE',  ( 0.000000000000000000, 0.000000000000000000, -3.700000000000000178 ) ) ;
#5660 = EDGE_LOOP ( 'NONE', ( #1221, #4754, #5769, #5528 ) ) ;
#5661 = CARTESIAN_POINT ( 'NONE',  ( 15.59236842767873554, -21.87911632554052943, 10.14422924628219924 ) ) ;
#5662 = EDGE_LOOP ( 'NONE', ( #2333, #912, #5267, #5424, #4481, #3422, #4984, #5475 ) ) ;
#5663 = CIRCLE ( 'NONE', #5467, 64.50000000000000000 ) ;
#5664 = FACE_OUTER_BOUND ( 'NONE', #5319, .T. ) ;
#5665 = CARTESIAN_POINT ( 'NONE',  ( 12.92590581646923376, -63.50490569636546923, 2.114575390835366164 ) ) ;
#5666 = CARTESIAN_POINT ( 'NONE',  ( 73.60481692013435406, 24.26068684422396160, -3.700000000000000178 ) ) ;
#5667 = ORIENTED_EDGE ( 'NONE', *, *, #5970, .F. ) ;
#5668 = ORIENTED_EDGE ( 'NONE', *, *, #4616, .T. ) ;
#5669 = CARTESIAN_POINT ( 'NONE',  ( -57.81277958042404919, 51.61329787162705429, 3.700000000000001954 ) ) ;
#5670 = EDGE_LOOP ( 'NONE', ( #3334, #5862 ) ) ;
#5671 = DIRECTION ( 'NONE',  ( 0.7916368216055734708, 0.6109919333986543188, 0.000000000000000000 ) ) ;
#5672 = AXIS2_PLACEMENT_3D ( 'NONE', #5529, #1442, #5270 ) ;
#5673 = DIRECTION ( 'NONE',  ( 0.7916368216055734708, 0.6109919333986542078, -0.000000000000000000 ) ) ;
#5674 = FACE_OUTER_BOUND ( 'NONE', #2591, .T. ) ;
#5675 = EDGE_LOOP ( 'NONE', ( #4660, #3054, #705, #3665 ) ) ;
#5676 = CARTESIAN_POINT ( 'NONE',  ( -9.982291894747129746, -0.5948516857720419493, -22.50000000000000000 ) ) ;
#5677 = CARTESIAN_POINT ( 'NONE',  ( 73.60481692013435406, 24.26068684422396160, 3.700000000000001954 ) ) ;
#5678 = CARTESIAN_POINT ( 'NONE',  ( 62.56569130554002811, 21.01271689858008074, -2.700000000000001066 ) ) ;
#5679 = DIRECTION ( 'NONE',  ( -0.9249529466333910044, 0.3800816313822695247, 0.000000000000000000 ) ) ;
#5680 = EDGE_CURVE ( 'NONE', #1585, #4945, #1864, .T. ) ;
#5681 = AXIS2_PLACEMENT_3D ( 'NONE', #2886, #2028, #3878 ) ;
#5682 = DIRECTION ( 'NONE',  ( -0.9099532226527546896, 0.4064576778305258320, 0.08232428995431867458 ) ) ;
#5683 = ORIENTED_EDGE ( 'NONE', *, *, #3052, .T. ) ;
#5684 = EDGE_CURVE ( 'NONE', #2666, #1034, #3508, .T. ) ;
#5685 = CARTESIAN_POINT ( 'NONE',  ( 1.098614904710434072E-14, 22.38295152313055070, 11.35262636160330096 ) ) ;
#5686 = EDGE_CURVE ( 'NONE', #4344, #2876, #3049, .T. ) ;
#5687 = ORIENTED_EDGE ( 'NONE', *, *, #3370, .F. ) ;
#5688 = LINE ( 'NONE', #4689, #765 ) ;
#5689 = ORIENTED_EDGE ( 'NONE', *, *, #3481, .T. ) ;
#5690 = CARTESIAN_POINT ( 'NONE',  ( -15.76624076552645981, -75.76828680860370469, -3.176862691940913752 ) ) ;
#5691 = DIRECTION ( 'NONE',  ( 0.9910735647809234550, 0.1333161250278180610, 0.000000000000000000 ) ) ;
#5692 = TOROIDAL_SURFACE ( 'NONE', #2193, 76.50000000000000000, 1.000000000000000000 ) ;
#5693 = ORIENTED_EDGE ( 'NONE', *, *, #5055, .F. ) ;
#5694 = CIRCLE ( 'NONE', #3847, 102.7000000000000171 ) ;
#5695 = ORIENTED_EDGE ( 'NONE', *, *, #5853, .F. ) ;
#5696 = CYLINDRICAL_SURFACE ( 'NONE', #185, 92.50000000000000000 ) ;
#5697 = CARTESIAN_POINT ( 'NONE',  ( -21.71933223215994957, -70.40860395368841296, 2.700000000000001066 ) ) ;
#5698 = ORIENTED_EDGE ( 'NONE', *, *, #2103, .F. ) ;
#5699 = DIRECTION ( 'NONE',  ( 1.000000000000000000, 0.000000000000000000, 0.000000000000000000 ) ) ;
#5700 = AXIS2_PLACEMENT_3D ( 'NONE', #1031, #199, #2047 ) ;
#5701 = CIRCLE ( 'NONE', #3286, 1.999999999999998224 ) ;
#5702 = DIRECTION ( 'NONE',  ( 0.1100233192535945564, -0.04521077836900300184, -0.9929002239599357127 ) ) ;
#5703 = CARTESIAN_POINT ( 'NONE',  ( 42.22683373955619857, -25.13515770747829947, 11.58000000000000007 ) ) ;
#5704 = EDGE_LOOP ( 'NONE', ( #2547, #3728, #1128, #5096 ) ) ;
#5705 = DIRECTION ( 'NONE',  ( -0.000000000000000000, -0.000000000000000000, -1.000000000000000000 ) ) ;
#5706 = CARTESIAN_POINT ( 'NONE',  ( 36.02415850025544586, 10.10627119803250018, 11.58000000000000007 ) ) ;
#5707 = DIRECTION ( 'NONE',  ( 1.000000000000000000, 8.881784197001252323E-16, 0.000000000000000000 ) ) ;
#5708 = CARTESIAN_POINT ( 'NONE',  ( 57.79397770868790474, 51.59532070889071065, -3.438288436357161526 ) ) ;
#5709 = AXIS2_PLACEMENT_3D ( 'NONE', #3975, #1599, #4434 ) ;
#5710 = EDGE_CURVE ( 'NONE', #1585, #2879, #2130, .T. ) ;
#5711 = DIRECTION ( 'NONE',  ( -0.8208871926799778951, 0.5586097860423029360, -0.1187405736543211687 ) ) ;
#5712 = AXIS2_PLACEMENT_3D ( 'NONE', #1081, #5206, #4284 ) ;
#5713 = STYLED_ITEM ( 'NONE', ( #4594 ), #1756 ) ;
#5714 = EDGE_CURVE ( 'NONE', #2461, #554, #2052, .T. ) ;
#5715 = FACE_OUTER_BOUND ( 'NONE', #4085, .T. ) ;
#5716 = AXIS2_PLACEMENT_3D ( 'NONE', #4543, #4574, #5552 ) ;
#5717 = ORIENTED_EDGE ( 'NONE', *, *, #1126, .F. ) ;
#5718 = AXIS2_PLACEMENT_3D ( 'NONE', #4013, #1781, #5061 ) ;
#5719 = ADVANCED_FACE ( 'NONE', ( #5835 ), #5358, .T. ) ;
#5720 = CARTESIAN_POINT ( 'NONE',  ( 19.38420463070664823, -11.19147576156525936, 11.35262636160330096 ) ) ;
#5721 = CARTESIAN_POINT ( 'NONE',  ( 16.35785556581524958, -27.56975627347355129, 11.58000000000000007 ) ) ;
#5722 = EDGE_CURVE ( 'NONE', #4727, #1886, #4966, .T. ) ;
#5723 = EDGE_LOOP ( 'NONE', ( #4513, #1393, #1441, #5247, #5185 ) ) ;
#5724 = EDGE_CURVE ( 'NONE', #322, #2381, #2074, .T. ) ;
#5725 = EDGE_LOOP ( 'NONE', ( #364, #5826, #5717 ) ) ;
#5726 = CARTESIAN_POINT ( 'NONE',  ( -9.128927733950970236, -6.615687317718689897, 11.58000000000000007 ) ) ;
#5727 = LINE ( 'NONE', #3839, #3555 ) ;
#5728 = EDGE_LOOP ( 'NONE', ( #3488, #2719, #4182, #4547 ) ) ;
#5729 = CARTESIAN_POINT ( 'NONE',  ( -48.58416647886600259, 42.98540503500384347, -2.191727174860608418 ) ) ;
#5730 = CARTESIAN_POINT ( 'NONE',  ( -2.313907855301829741, 22.27467316231244965, -11.58000000000000007 ) ) ;
#5731 = CARTESIAN_POINT ( 'NONE',  ( 2.329778827326880020, 22.42745397154639875, 11.12841576485195993 ) ) ;
#5732 = EDGE_LOOP ( 'NONE', ( #3859, #143, #2940, #3762 ) ) ;
#5733 = ORIENTED_EDGE ( 'NONE', *, *, #1218, .F. ) ;
#5734 = EDGE_CURVE ( 'NONE', #1619, #2525, #775, .T. ) ;
#5735 = EDGE_CURVE ( 'NONE', #1947, #5114, #3147, .T. ) ;
#5736 = EDGE_CURVE ( 'NONE', #390, #379, #3979, .T. ) ;
#5737 = DIRECTION ( 'NONE',  ( 0.5000000000000004441, 0.8660254037844384856, 0.000000000000000000 ) ) ;
#5738 = DIRECTION ( 'NONE',  ( 0.000000000000000000, 0.000000000000000000, -1.000000000000000000 ) ) ;
#5740 = ORIENTED_EDGE ( 'NONE', *, *, #4125, .T. ) ;
#5739 = VECTOR ( 'NONE', #3173, 1000.000000000000000 ) ;
#5741 = DIRECTION ( 'NONE',  ( -0.000000000000000000, -0.000000000000000000, -1.000000000000000000 ) ) ;
#5742 = AXIS2_PLACEMENT_3D ( 'NONE', #85, #107, #5607 ) ;
#5743 = DIRECTION ( 'NONE',  ( -0.6910773642369345549, 0.7227807943210246000, 0.000000000000000000 ) ) ;
#5744 = EDGE_CURVE ( 'NONE', #3313, #1150, #2396, .T. ) ;
#5745 = VECTOR ( 'NONE', #4519, 1000.000000000000000 ) ;
#5746 = CARTESIAN_POINT ( 'NONE',  ( 49.64707533962490515, 43.80576700167494408, 5.076071568124019606 ) ) ;
#5747 = VERTEX_POINT ( 'NONE', #5863 ) ;
#5748 = AXIS2_PLACEMENT_3D ( 'NONE', #2708, #3547, #5914 ) ;
#5749 = DIRECTION ( 'NONE',  ( 0.000000000000000000, 0.000000000000000000, -1.000000000000000000 ) ) ;
#5750 = ORIENTED_EDGE ( 'NONE', *, *, #249, .F. ) ;
#5751 = AXIS2_PLACEMENT_3D ( 'NONE', #2205, #1759, #4584 ) ;
#5752 = ORIENTED_EDGE ( 'NONE', *, *, #5898, .T. ) ;
#5753 = CARTESIAN_POINT ( 'NONE',  ( -65.84531535217739417, 13.50365958609459938, -5.079798781868669622 ) ) ;
#5754 = ADVANCED_FACE ( 'NONE', ( #2158 ), #1629, .F. ) ;
#5755 = CARTESIAN_POINT ( 'NONE',  ( 44.61716992170389773, 50.27188602213580282, 11.58000000000000007 ) ) ;
#5756 = ORIENTED_EDGE ( 'NONE', *, *, #1005, .F. ) ;
#5757 = CARTESIAN_POINT ( 'NONE',  ( 30.15717572388484768, 39.11154131515264964, 11.58000000000000007 ) ) ;
#5758 = FACE_OUTER_BOUND ( 'NONE', #5239, .T. ) ;
#5759 = PLANE ( 'NONE',  #823 ) ;
#5760 = VECTOR ( 'NONE', #1092, 1000.000000000000000 ) ;
#5761 = ORIENTED_EDGE ( 'NONE', *, *, #3272, .F. ) ;
#5762 = DIRECTION ( 'NONE',  ( -0.01585797703437279160, -0.1178883786667998951, -0.9929002239599357127 ) ) ;
#5763 = CARTESIAN_POINT ( 'NONE',  ( -75.35793919139111097, 18.09505459584470444, -3.816639643088861167 ) ) ;
#5764 =( NAMED_UNIT ( * ) PLANE_ANGLE_UNIT ( ) SI_UNIT ( $, .RADIAN. ) );
#5765 = ORIENTED_EDGE ( 'NONE', *, *, #148, .F. ) ;
#5766 = DIRECTION ( 'NONE',  ( 0.000000000000000000, 0.000000000000000000, 1.000000000000000000 ) ) ;
#5767 = DIRECTION ( 'NONE',  ( 0.000000000000000000, 0.000000000000000000, -1.000000000000000000 ) ) ;
#5768 = CARTESIAN_POINT ( 'NONE',  ( -20.88036040992413689, -61.19010787501258619, -1.870514131426950222 ) ) ;
#5769 = ORIENTED_EDGE ( 'NONE', *, *, #2451, .F. ) ;
#5770 = B_SPLINE_CURVE_WITH_KNOTS ( 'NONE', 3,
 ( #1685, #1227, #4469, #3016, #4869, #4348, #4932, #2045, #773, #5775, #2622, #2558, #2096, #286 ),
 .UNSPECIFIED., .F., .F.,
 ( 4, 2, 2, 2, 2, 2, 4 ),
 ( 5.637851296924623057E-18, 0.0002956823241114729770, 0.0005913646482229403161, 0.0008870469723344076010, 0.001182729296445874994, 0.001774093944668794819, 0.002365458592891714860 ),
 .UNSPECIFIED. ) ;
#5771 = CARTESIAN_POINT ( 'NONE',  ( 22.37586229906957769, -6.290523000010789012, 10.79796036138131754 ) ) ;
#5772 = CARTESIAN_POINT ( 'NONE',  ( 75.33331023257804304, 18.08316709976562464, -3.435140078228483329 ) ) ;
#5773 = ORIENTED_EDGE ( 'NONE', *, *, #1865, .T. ) ;
#5774 = CARTESIAN_POINT ( 'NONE',  ( -63.33244978436776762, 12.47107295784096337, -1.591486748875356350 ) ) ;
#5775 = CARTESIAN_POINT ( 'NONE',  ( -20.93852733846763670, -61.62252147248204892, 2.402804332918565322 ) ) ;
#5776 = ORIENTED_EDGE ( 'NONE', *, *, #4493, .T. ) ;
#5777 = CARTESIAN_POINT ( 'NONE',  ( 15.69718152606585093, 27.95119660816945029, 9.456346035045680054 ) ) ;
#5778 = CARTESIAN_POINT ( 'NONE',  ( -53.34974655856339609, 56.21436241866535255, 3.432597709076186998 ) ) ;
#5779 = ADVANCED_FACE ( 'NONE', ( #3206 ), #2785, .F. ) ;
#5780 = CARTESIAN_POINT ( 'NONE',  ( 61.17517611784165865, 20.44132644793514331, 1.199999999999999289 ) ) ;
#5781 = EDGE_CURVE ( 'NONE', #2879, #2931, #522, .T. ) ;
#5782 = VECTOR ( 'NONE', #192, 1000.000000000000114 ) ;
#5783 = CARTESIAN_POINT ( 'NONE',  ( -44.61716992170384799, 50.27188602213590229, 11.58000000000000007 ) ) ;
#5784 = CARTESIAN_POINT ( 'NONE',  ( 0.6542682330263549506, 49.13708959357669670, 11.58000000000000007 ) ) ;
#5785 = ORIENTED_EDGE ( 'NONE', *, *, #5851, .F. ) ;
#5786 = AXIS2_PLACEMENT_3D ( 'NONE', #3980, #5836, #5326 ) ;
#5787 = VERTEX_POINT ( 'NONE', #2720 ) ;
#5788 = EDGE_CURVE ( 'NONE', #485, #5589, #2750, .T. ) ;
#5789 = DIRECTION ( 'NONE',  ( 0.9183859878646969399, 0.3773831369225119081, -0.1189501797405513872 ) ) ;
#5790 = CARTESIAN_POINT ( 'NONE',  ( -6.277520993561950036, -46.39453745256089690, -7.382251208476880322 ) ) ;
#5791 = DIRECTION ( 'NONE',  ( 1.000000000000000000, 0.000000000000000000, 0.000000000000000000 ) ) ;
#5792 = EDGE_LOOP ( 'NONE', ( #3026, #1198, #1341, #1566, #1651 ) ) ;
#5793 = CARTESIAN_POINT ( 'NONE',  ( -42.42723811148029256, 48.58167829780848734, 1.299991467882825047 ) ) ;
#5794 = EDGE_CURVE ( 'NONE', #3812, #5554, #5059, .T. ) ;
#5795 = CARTESIAN_POINT ( 'NONE',  ( 19.75624584745518320, -10.50907896070935088, 11.28032816047817022 ) ) ;
#5796 = DIRECTION ( 'NONE',  ( 1.000000000000000000, 0.000000000000000000, 0.000000000000000000 ) ) ;
#5797 = ORIENTED_EDGE ( 'NONE', *, *, #2101, .T. ) ;
#5798 = CARTESIAN_POINT ( 'NONE',  ( -0.7769935733767271424, 22.36395026766172478, -11.42770624333799745 ) ) ;
#5799 = VECTOR ( 'NONE', #4417, 1000.000000000000114 ) ;
#5800 = ORIENTED_EDGE ( 'NONE', *, *, #4374, .T. ) ;
#5801 = ORIENTED_EDGE ( 'NONE', *, *, #53, .F. ) ;
#5802 = DIRECTION ( 'NONE',  ( -0.000000000000000000, -0.000000000000000000, -1.000000000000000000 ) ) ;
#5803 = VECTOR ( 'NONE', #3567, 1000.000000000000000 ) ;
#5804 = CARTESIAN_POINT ( 'NONE',  ( -21.97869809395399443, -73.91111845162117788, 2.896738178340945602 ) ) ;
#5805 = ORIENTED_EDGE ( 'NONE', *, *, #2, .T. ) ;
#5806 = CARTESIAN_POINT ( 'NONE',  ( -94.50000000000000000, 1.157291225194248886E-14, -20.00000000000000355 ) ) ;
#5807 = DIRECTION ( 'NONE',  ( -1.000000000000000000, 1.224646799147349509E-16, 0.000000000000000000 ) ) ;
#5808 = LINE ( 'NONE', #5865, #261 ) ;
#5809 = CARTESIAN_POINT ( 'NONE',  ( -49.16741746380592559, 43.43556303324140799, -2.660291023826611312 ) ) ;
#5810 = DIRECTION ( 'NONE',  ( 1.000000000000000000, 0.000000000000000000, 0.000000000000000000 ) ) ;
#5811 = ADVANCED_FACE ( 'NONE', ( #4569 ), #5445, .T. ) ;
#5812 = DIRECTION ( 'NONE',  ( 1.000000000000000000, 0.000000000000000000, 0.000000000000000000 ) ) ;
#5813 = VERTEX_POINT ( 'NONE', #5988 ) ;
#5814 = VERTEX_POINT ( 'NONE', #1394 ) ;
#5815 = VERTEX_POINT ( 'NONE', #4108 ) ;
#5816 = VECTOR ( 'NONE', #2147, 1000.000000000000227 ) ;
#5817 = LINE ( 'NONE', #824, #4747 ) ;
#5818 = DIRECTION ( 'NONE',  ( 0.000000000000000000, 0.000000000000000000, 1.000000000000000000 ) ) ;
#5819 = CARTESIAN_POINT ( 'NONE',  ( 19.08977072915410034, -47.87884415796109749, -7.001388294073090712 ) ) ;
#5820 = EDGE_LOOP ( 'NONE', ( #2167, #3412, #4081, #5429 ) ) ;
#5821 = CARTESIAN_POINT ( 'NONE',  ( -12.88488006795826912, -63.19991982300554412, -1.200000000000000622 ) ) ;
#5822 = EDGE_CURVE ( 'NONE', #2517, #5813, #2251, .T. ) ;
#5823 = DIRECTION ( 'NONE',  ( -1.000000000000000000, 0.000000000000000000, 0.000000000000000000 ) ) ;
#5824 = LINE ( 'NONE', #2647, #120 ) ;
#5825 = AXIS2_PLACEMENT_3D ( 'NONE', #5471, #2805, #1322 ) ;
#5826 = ORIENTED_EDGE ( 'NONE', *, *, #2331, .F. ) ;
#5827 = EDGE_CURVE ( 'NONE', #5582, #3231, #843, .T. ) ;
#5828 = CIRCLE ( 'NONE', #35, 5.000000000000000888 ) ;
#5829 = ORIENTED_EDGE ( 'NONE', *, *, #1499, .F. ) ;
#5830 = AXIS2_PLACEMENT_3D ( 'NONE', #3075, #1655, #1229 ) ;
#5831 = CARTESIAN_POINT ( 'NONE',  ( 0.000000000000000000, 0.000000000000000000, 2.700000000000000178 ) ) ;
#5832 = CARTESIAN_POINT ( 'NONE',  ( 74.99895077017200151, 17.92178403731073288, -2.897352627531319502 ) ) ;
#5833 = VERTEX_POINT ( 'NONE', #3653 ) ;
#5834 = EDGE_LOOP ( 'NONE', ( #4016, #3540, #4759, #1932 ) ) ;
#5835 = FACE_OUTER_BOUND ( 'NONE', #1368, .T. ) ;
#5836 = DIRECTION ( 'NONE',  ( 0.09416534221922182035, 0.07267760029779701814, -0.9929002239599358237 ) ) ;
#5837 = DIRECTION ( 'NONE',  ( 0.6910773642369349989, 0.7227807943210241559, 0.000000000000000000 ) ) ;
#5838 = DIRECTION ( 'NONE',  ( 1.000000000000000000, 0.000000000000000000, 0.000000000000000000 ) ) ;
#5839 = CARTESIAN_POINT ( 'NONE',  ( 0.000000000000000000, 0.000000000000000000, 16.00000000000000000 ) ) ;
#5840 = ORIENTED_EDGE ( 'NONE', *, *, #4986, .F. ) ;
#5841 = ORIENTED_EDGE ( 'NONE', *, *, #3581, .T. ) ;
#5842 = ADVANCED_FACE ( 'NONE', ( #1777 ), #1171, .T. ) ;
#5843 = ORIENTED_EDGE ( 'NONE', *, *, #1934, .T. ) ;
#5844 = CIRCLE ( 'NONE', #3998, 76.50000000000000000 ) ;
#5845 = CARTESIAN_POINT ( 'NONE',  ( 54.90046165998755612, 54.74266988163411440, -3.777295774188601740 ) ) ;
#5846 = CARTESIAN_POINT ( 'NONE',  ( 52.72219486479428951, 55.78731650966246747, -2.725244721246034452 ) ) ;
#5847 = DIRECTION ( 'NONE',  ( -1.000000000000000000, 1.224646799147353454E-16, 0.000000000000000000 ) ) ;
#5848 = VERTEX_POINT ( 'NONE', #954 ) ;
#5849 = DIRECTION ( 'NONE',  ( -0.7177056950390153789, 0.6862248747095311963, -0.1182960550417982565 ) ) ;
#5850 = CARTESIAN_POINT ( 'NONE',  ( -63.47717483920220616, 12.53054337213996305, 1.958466337067102270 ) ) ;
#5851 = EDGE_CURVE ( 'NONE', #5397, #3531, #15, .T. ) ;
#5852 = DIRECTION ( 'NONE',  ( 1.000000000000000000, 0.000000000000000000, 0.000000000000000000 ) ) ;
#5853 = EDGE_CURVE ( 'NONE', #3622, #4640, #2887, .T. ) ;
#5854 = FACE_OUTER_BOUND ( 'NONE', #3994, .T. ) ;
#5855 = EDGE_LOOP ( 'NONE', ( #2608, #1877, #593, #5040 ) ) ;
#5856 = VECTOR ( 'NONE', #2998, 1000.000000000000114 ) ;
#5857 = DIRECTION ( 'NONE',  ( 0.000000000000000000, 0.000000000000000000, 1.000000000000000000 ) ) ;
#5858 = CARTESIAN_POINT ( 'NONE',  ( -18.97925227407843707, -11.85487130695231528, -11.28032816047816489 ) ) ;
#5859 = EDGE_CURVE ( 'NONE', #1201, #4243, #1097, .T. ) ;
#5860 = CARTESIAN_POINT ( 'NONE',  ( -63.83593270965535993, 12.67796414329309762, -2.402804332918571095 ) ) ;
#5861 = CYLINDRICAL_SURFACE ( 'NONE', #997, 92.50000000000000000 ) ;
#5862 = ORIENTED_EDGE ( 'NONE', *, *, #620, .T. ) ;
#5863 = CARTESIAN_POINT ( 'NONE',  ( -20.58763429522879917, -9.196079336109010072, 11.12841576485195993 ) ) ;
#5864 = CARTESIAN_POINT ( 'NONE',  ( -14.48716465536073983, -70.52744873874290477, 4.385798943796000771 ) ) ;
#5865 = CARTESIAN_POINT ( 'NONE',  ( 65.84531535217739417, 13.50365958609456030, 11.58000000000000007 ) ) ;
#5866 = CARTESIAN_POINT ( 'NONE',  ( -20.58763429522879917, -9.196079336109010072, -11.57032204158815958 ) ) ;
#5867 = PLANE ( 'NONE',  #2323 ) ;
#5868 = LINE ( 'NONE', #3154, #2140 ) ;
#5869 = VERTEX_POINT ( 'NONE', #1037 ) ;
#5870 = VERTEX_POINT ( 'NONE', #5141 ) ;
#5871 = VERTEX_POINT ( 'NONE', #5200 ) ;
#5872 = ORIENTED_EDGE ( 'NONE', *, *, #3712, .T. ) ;
#5873 = DIRECTION ( 'NONE',  ( -0.9249529466333913374, -0.3800816313822686920, 0.000000000000000000 ) ) ;
#5874 = FACE_OUTER_BOUND ( 'NONE', #3631, .T. ) ;
#5875 = DIRECTION ( 'NONE',  ( -0.000000000000000000, -0.000000000000000000, -1.000000000000000000 ) ) ;
#5876 = CARTESIAN_POINT ( 'NONE',  ( 89.50000000000000000, 0.000000000000000000, 16.00000000000000000 ) ) ;
#5877 = ORIENTED_EDGE ( 'NONE', *, *, #3127, .T. ) ;
#5878 = VECTOR ( 'NONE', #2890, 999.9999999999998863 ) ;
#5879 = VECTOR ( 'NONE', #4351, 999.9999999999998863 ) ;
#5880 = DIRECTION ( 'NONE',  ( -0.5868056243093321411, -0.8097278303719930292, 0.000000000000000000 ) ) ;
#5881 = PLANE ( 'NONE',  #3134 ) ;
#5882 = AXIS2_PLACEMENT_3D ( 'NONE', #2507, #3393, #5812 ) ;
#5883 = EDGE_CURVE ( 'NONE', #2994, #3231, #124, .T. ) ;
#5884 = FACE_OUTER_BOUND ( 'NONE', #421, .T. ) ;
#5885 = CARTESIAN_POINT ( 'NONE',  ( 21.71933223215994957, -70.40860395368841296, 11.58000000000000007 ) ) ;
#5886 = ORIENTED_EDGE ( 'NONE', *, *, #4462, .T. ) ;
#5887 = EDGE_CURVE ( 'NONE', #3924, #356, #5109, .T. ) ;
#5888 = DIRECTION ( 'NONE',  ( -0.000000000000000000, -0.000000000000000000, -1.000000000000000000 ) ) ;
#5889 = AXIS2_PLACEMENT_3D ( 'NONE', #1916, #44, #5944 ) ;
#5890 = CYLINDRICAL_SURFACE ( 'NONE', #2836, 26.76213688802225121 ) ;
#5891 = VECTOR ( 'NONE', #5028, 1000.000000000000000 ) ;
#5892 = EDGE_LOOP ( 'NONE', ( #1004, #3174, #4032, #2791, #266, #3629, #357, #5392, #5481, #572, #4345, #5765 ) ) ;
#5893 = CARTESIAN_POINT ( 'NONE',  ( 0.000000000000000000, 0.000000000000000000, -3.700000000000000178 ) ) ;
#5894 = DIRECTION ( 'NONE',  ( -0.000000000000000000, -0.000000000000000000, -1.000000000000000000 ) ) ;
#5895 = ORIENTED_EDGE ( 'NONE', *, *, #2892, .F. ) ;
#5896 = CARTESIAN_POINT ( 'NONE',  ( 10.90779057584800071, 4.442934852371615229, -11.58000000000000007 ) ) ;
#5897 = CARTESIAN_POINT ( 'NONE',  ( -21.71933223215994957, -70.40860395368841296, -2.700000000000001066 ) ) ;
#5898 = EDGE_CURVE ( 'NONE', #1039, #1213, #1012, .T. ) ;
#5899 = LINE ( 'NONE', #4632, #4527 ) ;
#5900 = CARTESIAN_POINT ( 'NONE',  ( 0.000000000000000000, 0.000000000000000000, 15.00000000000000355 ) ) ;
#5901 = CARTESIAN_POINT ( 'NONE',  ( 9.164532641571470961, -6.641490012477399674, 12.27788935830150052 ) ) ;
#5902 = LINE ( 'NONE', #321, #267 ) ;
#5903 = ORIENTED_EDGE ( 'NONE', *, *, #3493, .T. ) ;
#5904 = ORIENTED_EDGE ( 'NONE', *, *, #50, .T. ) ;
#5905 = AXIS2_PLACEMENT_3D ( 'NONE', #397, #860, #1856 ) ;
#5906 = EDGE_LOOP ( 'NONE', ( #1834, #4801, #1431, #3751 ) ) ;
#5907 = ORIENTED_EDGE ( 'NONE', *, *, #1901, .F. ) ;
#5908 = CARTESIAN_POINT ( 'NONE',  ( -22.00819263282772198, -74.30941701451001791, -3.816639643088847400 ) ) ;
#5909 = EDGE_CURVE ( 'NONE', #887, #1476, #1498, .T. ) ;
#5910 = DIRECTION ( 'NONE',  ( -0.9714852113679698364, 0.2371001562490649694, 0.000000000000000000 ) ) ;
#5911 = VERTEX_POINT ( 'NONE', #1975 ) ;
#5912 = PLANE ( 'NONE',  #2662 ) ;
#5913 = CARTESIAN_POINT ( 'NONE',  ( -92.50000000000000000, 1.132798289211301698E-14, -20.00000000000000000 ) ) ;
#5914 = DIRECTION ( 'NONE',  ( -0.07384912868412257803, -0.9972694250765916646, 0.000000000000000000 ) ) ;
#5915 =( BOUNDED_CURVE ( )  B_SPLINE_CURVE ( 3, ( #3104, #1293, #5858, #5054 ),
 .UNSPECIFIED., .F., .F. ) 
 B_SPLINE_CURVE_WITH_KNOTS ( ( 4, 4 ),
 ( 5.307053505252697256, 5.394151951348333363 ),
 .UNSPECIFIED. ) 
 CURVE ( )  GEOMETRIC_REPRESENTATION_ITEM ( )  RATIONAL_B_SPLINE_CURVE ( ( 1.000000000000000000, 0.9993679216300043189, 0.9993679216300043189, 1.000000000000000000 ) ) 
 REPRESENTATION_ITEM ( '' )  );
#5916 = CARTESIAN_POINT ( 'NONE',  ( -75.35793919139111097, 18.09505459584468667, 3.816639643088854950 ) ) ;
#5917 = CARTESIAN_POINT ( 'NONE',  ( -0.6542682330263199786, 49.13708959357669670, 11.58000000000000007 ) ) ;
#5918 = ORIENTED_EDGE ( 'NONE', *, *, #5136, .F. ) ;
#5919 = EDGE_CURVE ( 'NONE', #4243, #3313, #1391, .T. ) ;
#5920 = DIRECTION ( 'NONE',  ( 1.000000000000000000, 0.000000000000000000, 0.000000000000000000 ) ) ;
#5921 = FACE_OUTER_BOUND ( 'NONE', #2043, .T. ) ;
#5922 = VECTOR ( 'NONE', #540, 1000.000000000000000 ) ;
#5923 = CYLINDRICAL_SURFACE ( 'NONE', #5418, 26.76213688802224766 ) ;
#5924 = VECTOR ( 'NONE', #2191, 1000.000000000000000 ) ;
#5925 = CARTESIAN_POINT ( 'NONE',  ( 0.000000000000000000, 0.000000000000000000, -15.00000000000000000 ) ) ;
#5926 = EDGE_LOOP ( 'NONE', ( #1160, #5132, #3349, #3914 ) ) ;
#5927 = DIRECTION ( 'NONE',  ( 0.000000000000000000, 0.000000000000000000, 1.000000000000000000 ) ) ;
#5928 = CARTESIAN_POINT ( 'NONE',  ( 0.000000000000000000, 0.000000000000000000, 1.200000000000000178 ) ) ;
#5929 = DIRECTION ( 'NONE',  ( -0.9946476834080688612, -0.1033246625494713827, 0.000000000000000000 ) ) ;
#5930 = VECTOR ( 'NONE', #2355, 1000.000000000000000 ) ;
#5931 = CARTESIAN_POINT ( 'NONE',  ( 15.79203733971028889, -75.87398471585105142, -3.567906166261292977 ) ) ;
#5932 = CARTESIAN_POINT ( 'NONE',  ( 42.42723811148027124, 48.58167829780843050, -1.200000000000000622 ) ) ;
#5933 = DIRECTION ( 'NONE',  ( 0.8942138618552128992, 0.4316042694810014457, -0.1187405736543211826 ) ) ;
#5934 = ORIENTED_EDGE ( 'NONE', *, *, #148, .T. ) ;
#5935 = EDGE_LOOP ( 'NONE', ( #1853, #3480, #1382 ) ) ;
#5936 = ORIENTED_EDGE ( 'NONE', *, *, #3819, .T. ) ;
#5937 = ORIENTED_EDGE ( 'NONE', *, *, #300, .F. ) ;
#5938 = CARTESIAN_POINT ( 'NONE',  ( 73.60481692013435406, 24.26068684422396160, -16.00000000000000000 ) ) ;
#5939 = B_SPLINE_CURVE_WITH_KNOTS ( 'NONE', 3,
 ( #4331, #3487, #4361, #3456, #2946, #3852, #1611, #4304 ),
 .UNSPECIFIED., .F., .F.,
 ( 4, 2, 2, 4 ),
 ( 0.000000000000000000, 0.0003906557361646303462, 0.0007813114723292606924, 0.001562622944658521385 ),
 .UNSPECIFIED. ) ;
#5940 = CARTESIAN_POINT ( 'NONE',  ( 64.33408720131302516, 12.88266576899065896, -2.661871636317878487 ) ) ;
#5941 = EDGE_LOOP ( 'NONE', ( #2267, #315, #2952, #67 ) ) ;
#5942 = CARTESIAN_POINT ( 'NONE',  ( 21.97034081013852003, -73.79826046975504994, -2.823807413761368679 ) ) ;
#5943 = CARTESIAN_POINT ( 'NONE',  ( -19.38420463070664823, -11.19147576156525936, -11.35262636160330096 ) ) ;
#5944 = DIRECTION ( 'NONE',  ( -0.4999999999999997780, 0.8660254037844388186, 0.000000000000000000 ) ) ;
#5945 = VECTOR ( 'NONE', #4354, 1000.000000000000000 ) ;
#5946 = DIRECTION ( 'NONE',  ( 0.000000000000000000, 0.000000000000000000, -1.000000000000000000 ) ) ;
#5947 = CARTESIAN_POINT ( 'NONE',  ( 0.000000000000000000, 0.000000000000000000, -2.700000000000000178 ) ) ;
#5948 = VERTEX_POINT ( 'NONE', #984 ) ;
#5949 =( BOUNDED_CURVE ( )  B_SPLINE_CURVE ( 3, ( #928, #5282, #2778, #4821 ),
 .UNSPECIFIED., .F., .F. ) 
 B_SPLINE_CURVE_WITH_KNOTS ( ( 4, 4 ),
 ( 0.8890333558312523143, 0.9761318019268891977 ),
 .UNSPECIFIED. ) 
 CURVE ( )  GEOMETRIC_REPRESENTATION_ITEM ( )  RATIONAL_B_SPLINE_CURVE ( ( 1.000000000000000000, 0.9993679216300043189, 0.9993679216300043189, 1.000000000000000000 ) ) 
 REPRESENTATION_ITEM ( '' )  );
#5950 = CARTESIAN_POINT ( 'NONE',  ( 10.29381714761439959, -4.598039668054499707, 11.58000000000000007 ) ) ;
#5951 = CARTESIAN_POINT ( 'NONE',  ( 77.50000000000000000, 0.000000000000000000, -16.00000000000000000 ) ) ;
#5952 = CARTESIAN_POINT ( 'NONE',  ( -19.38420463070664823, -11.19147576156525936, -11.35262636160330096 ) ) ;
#5953 = LINE ( 'NONE', #870, #1762 ) ;
#5954 = VERTEX_POINT ( 'NONE', #2863 ) ;
#5955 = CARTESIAN_POINT ( 'NONE',  ( 19.38420463070664823, -11.19147576156525936, -11.35262636160330096 ) ) ;
#5956 = CARTESIAN_POINT ( 'NONE',  ( -51.66231831176899902, 55.06607561347579605, -4.060724579254965327 ) ) ;
#5957 = CARTESIAN_POINT ( 'NONE',  ( 43.31760852752729818, 17.76077607306564943, 7.382251208476880322 ) ) ;
#5958 = DIRECTION ( 'NONE',  ( -0.6109919333986543188, 0.7916368216055734708, 0.000000000000000000 ) ) ;
#5959 = LINE ( 'NONE', #3659, #5258 ) ;
#5960 = ORIENTED_EDGE ( 'NONE', *, *, #751, .T. ) ;
#5961 = ORIENTED_EDGE ( 'NONE', *, *, #5640, .F. ) ;
#5962 = ORIENTED_EDGE ( 'NONE', *, *, #296, .F. ) ;
#5963 = VERTEX_POINT ( 'NONE', #4709 ) ;
#5964 = ADVANCED_FACE ( 'NONE', ( #2918 ), #2832, .F. ) ;
#5965 = DIRECTION ( 'NONE',  ( 0.09416534221922179260, -0.07267760029779705977, -0.9929002239599357127 ) ) ;
#5966 = CARTESIAN_POINT ( 'NONE',  ( 10.90779057584800071, 4.442934852371615229, -11.58000000000000007 ) ) ;
#5967 = VERTEX_POINT ( 'NONE', #3770 ) ;
#5968 = EDGE_CURVE ( 'NONE', #4640, #379, #1472, .T. ) ;
#5969 = DIRECTION ( 'NONE',  ( 1.000000000000000000, -7.105427357601001859E-15, 0.000000000000000000 ) ) ;
#5970 = EDGE_CURVE ( 'NONE', #5294, #356, #222, .T. ) ;
#5971 = EDGE_CURVE ( 'NONE', #617, #4622, #5939, .T. ) ;
#5972 = VECTOR ( 'NONE', #5682, 1000.000000000000114 ) ;
#5973 = CARTESIAN_POINT ( 'NONE',  ( 0.000000000000000000, 0.000000000000000000, -18.00000000000000355 ) ) ;
#5974 = CIRCLE ( 'NONE', #4034, 97.70000000000000284 ) ;
#5975 = LINE ( 'NONE', #3709, #1483 ) ;
#5976 = PLANE ( 'NONE',  #4133 ) ;
#5977 = ORIENTED_EDGE ( 'NONE', *, *, #4897, .T. ) ;
#5978 = VECTOR ( 'NONE', #2131, 1000.000000000000114 ) ;
#5979 = VECTOR ( 'NONE', #4891, 1000.000000000000000 ) ;
#5980 = CARTESIAN_POINT ( 'NONE',  ( 10.90779057584800071, 4.442934852371609900, 11.58000000000000007 ) ) ;
#5981 = CYLINDRICAL_SURFACE ( 'NONE', #4969, 92.50000000000000000 ) ;
#5982 = ORIENTED_EDGE ( 'NONE', *, *, #4829, .T. ) ;
#5983 = CARTESIAN_POINT ( 'NONE',  ( -10.29381714761439959, -4.598039668054499707, 11.58000000000000007 ) ) ;
#5984 = CARTESIAN_POINT ( 'NONE',  ( -21.65581054845169717, -69.55079785468051057, 4.387264919198459623 ) ) ;
#5986 = EDGE_LOOP ( 'NONE', ( #4376, #2501, #301, #3806, #1941, #2157, #1339, #4268, #1141, #18, #3265, #2780 ) ) ;
#5985 =( BOUNDED_CURVE ( )  B_SPLINE_CURVE ( 3, ( #1019, #3805, #5661, #4717 ),
 .UNSPECIFIED., .F., .F. ) 
 B_SPLINE_CURVE_WITH_KNOTS ( ( 4, 4 ),
 ( 4.079525947968146937, 4.712388980384691450 ),
 .UNSPECIFIED. ) 
 CURVE ( )  GEOMETRIC_REPRESENTATION_ITEM ( )  RATIONAL_B_SPLINE_CURVE ( ( 1.000000000000000000, 0.9669012650407978748, 0.9669012650407978748, 1.000000000000000000 ) ) 
 REPRESENTATION_ITEM ( '' )  );
#5987 = ADVANCED_FACE ( 'NONE', ( #3033 ), #3604, .F. ) ;
#5988 = CARTESIAN_POINT ( 'NONE',  ( 53.34974655856339609, 56.21436241866533834, 3.700000000000001954 ) ) ;
#5989 = DIRECTION ( 'NONE',  ( 0.000000000000000000, 0.000000000000000000, 1.000000000000000000 ) ) ;
#5990 = EDGE_CURVE ( 'NONE', #554, #1753, #1000, .T. ) ;
#5991 = FACE_OUTER_BOUND ( 'NONE', #2824, .T. ) ;
#5992 = FACE_OUTER_BOUND ( 'NONE', #2078, .T. ) ;
#5993 = CARTESIAN_POINT ( 'NONE',  ( 66.00000000000000000, 0.000000000000000000, -1.200000000000000178 ) ) ;
#5994 = DIRECTION ( 'NONE',  ( -0.6910773642369345549, 0.7227807943210246000, 0.000000000000000000 ) ) ;
#5995 = CARTESIAN_POINT ( 'NONE',  ( -20.97349127928373491, -61.88244379962862496, -2.550567172170616903 ) ) ;
#5996 = ORIENTED_EDGE ( 'NONE', *, *, #3712, .F. ) ;
ENDSEC;
END-ISO-10303-21;
