ISO-10303-21;
HEADER;
FILE_DESCRIPTION (( 'STEP AP214' ),
    '1' );
FILE_NAME ('Walker_Brake.STEP',
    '2026-08-11T21:02:16',
    ( '' ),
    ( '' ),
    'SwSTEP 2.0',
    'SolidWorks 2023',
    '' );
FILE_SCHEMA (( 'AUTOMOTIVE_DESIGN' ));
ENDSEC;

DATA;
#1 = DIRECTION ( 'NONE',  ( 1.000000000000000000, -0.000000000000000000, 0.000000000000000000 ) ) ;
#2 = DIRECTION ( 'NONE',  ( 0.000000000000000000, -0.000000000000000000, 1.000000000000000000 ) ) ;
#3 = ADVANCED_FACE ( 'NONE', ( #824 ), #48, .F. ) ;
#4 = VERTEX_POINT ( 'NONE', #1099 ) ;
#5 = CYLINDRICAL_SURFACE ( 'NONE', #1069, 4.500000000000000888 ) ;
#6 = ORIENTED_EDGE ( 'NONE', *, *, #401, .F. ) ;
#7 = EDGE_CURVE ( 'NONE', #1095, #537, #616, .T. ) ;
#8 = LINE ( 'NONE', #1361, #1170 ) ;
#9 = DIRECTION ( 'NONE',  ( 0.000000000000000000, 0.000000000000000000, -1.000000000000000000 ) ) ;
#10 = AXIS2_PLACEMENT_3D ( 'NONE', #476, #1211, #1331 ) ;
#11 =( NAMED_UNIT ( * ) PLANE_ANGLE_UNIT ( ) SI_UNIT ( $, .RADIAN. ) );
#12 = ORIENTED_EDGE ( 'NONE', *, *, #538, .T. ) ;
#13 = CYLINDRICAL_SURFACE ( 'NONE', #193, 2.850000000000000089 ) ;
#14 = EDGE_CURVE ( 'NONE', #316, #724, #1333, .T. ) ;
#15 = ORIENTED_EDGE ( 'NONE', *, *, #908, .F. ) ;
#16 = DIRECTION ( 'NONE',  ( -1.000000000000000000, -0.000000000000000000, -0.000000000000000000 ) ) ;
#17 = VECTOR ( 'NONE', #1340, 1000.000000000000000 ) ;
#18 = CARTESIAN_POINT ( 'NONE',  ( -18.10000000000000853, -0.5000000000000232037, -10.99999999999999645 ) ) ;
#19 = ORIENTED_EDGE ( 'NONE', *, *, #1342, .T. ) ;
#20 = CARTESIAN_POINT ( 'NONE',  ( 20.49999999999999645, -16.99999999999999289, -18.99999999999999645 ) ) ;
#21 = EDGE_CURVE ( 'NONE', #1041, #1317, #125, .T. ) ;
#22 = CIRCLE ( 'NONE', #922, 2.850000000000000089 ) ;
#23 = ORIENTED_EDGE ( 'NONE', *, *, #1138, .F. ) ;
#24 = DIRECTION ( 'NONE',  ( 0.000000000000000000, 0.000000000000000000, -1.000000000000000000 ) ) ;
#25 = CARTESIAN_POINT ( 'NONE',  ( -23.60000000000000142, -6.999999999999991118, 35.50000000000000711 ) ) ;
#26 = DIRECTION ( 'NONE',  ( 0.000000000000000000, 0.000000000000000000, -1.000000000000000000 ) ) ;
#27 = VERTEX_POINT ( 'NONE', #970 ) ;
#28 = DIRECTION ( 'NONE',  ( -0.000000000000000000, -0.000000000000000000, 1.000000000000000000 ) ) ;
#29 = ORIENTED_EDGE ( 'NONE', *, *, #49, .F. ) ;
#30 = PLANE ( 'NONE',  #624 ) ;
#31 = DIRECTION ( 'NONE',  ( 1.000000000000000000, 0.000000000000000000, 0.000000000000000000 ) ) ;
#32 = EDGE_LOOP ( 'NONE', ( #199, #1024, #1382, #1224, #1446, #673, #1542, #461, #442, #974, #902, #1380, #587 ) ) ;
#33 = ADVANCED_FACE ( 'NONE', ( #1228, #962 ), #229, .T. ) ;
#34 = DIRECTION ( 'NONE',  ( -1.000000000000000000, 0.000000000000000000, 0.000000000000000000 ) ) ;
#35 = ORIENTED_EDGE ( 'NONE', *, *, #401, .T. ) ;
#36 = AXIS2_PLACEMENT_3D ( 'NONE', #802, #923, #1160 ) ;
#37 = VECTOR ( 'NONE', #761, 1000.000000000000000 ) ;
#38 = VECTOR ( 'NONE', #1411, 1000.000000000000000 ) ;
#39 = CARTESIAN_POINT ( 'NONE',  ( 23.50000000000000000, 10.00000000000000888, 19.00000000000000355 ) ) ;
#40 = CARTESIAN_POINT ( 'NONE',  ( -18.10000000000000853, -9.999999999999992895, -10.99999999999999822 ) ) ;
#41 = ORIENTED_EDGE ( 'NONE', *, *, #1327, .F. ) ;
#42 = LINE ( 'NONE', #540, #1351 ) ;
#43 = EDGE_CURVE ( 'NONE', #1173, #579, #1403, .T. ) ;
#44 = ORIENTED_EDGE ( 'NONE', *, *, #236, .T. ) ;
#45 = DIRECTION ( 'NONE',  ( -1.000000000000000000, 0.000000000000000000, 0.000000000000000000 ) ) ;
#46 = CARTESIAN_POINT ( 'NONE',  ( 23.50000000000000000, 10.00000000000000888, 0.000000000000000000 ) ) ;
#47 = EDGE_CURVE ( 'NONE', #1092, #1011, #721, .T. ) ;
#48 = PLANE ( 'NONE',  #228 ) ;
#49 = EDGE_CURVE ( 'NONE', #71, #345, #244, .T. ) ;
#50 = AXIS2_PLACEMENT_3D ( 'NONE', #438, #807, #1192 ) ;
#51 = DIRECTION ( 'NONE',  ( 0.000000000000000000, 0.000000000000000000, -1.000000000000000000 ) ) ;
#52 = VERTEX_POINT ( 'NONE', #342 ) ;
#53 = ADVANCED_FACE ( 'NONE', ( #1314, #211 ), #352, .F. ) ;
#54 = DIRECTION ( 'NONE',  ( 0.000000000000000000, 0.000000000000000000, 1.000000000000000000 ) ) ;
#55 = CARTESIAN_POINT ( 'NONE',  ( -20.60000000000000497, -16.99999999999999289, -18.99999999999999645 ) ) ;
#56 = DIRECTION ( 'NONE',  ( 0.000000000000000000, 0.000000000000000000, -1.000000000000000000 ) ) ;
#57 = ORIENTED_EDGE ( 'NONE', *, *, #390, .F. ) ;
#58 = FACE_OUTER_BOUND ( 'NONE', #1286, .T. ) ;
#59 = ORIENTED_EDGE ( 'NONE', *, *, #749, .F. ) ;
#60 = MECHANICAL_DESIGN_GEOMETRIC_PRESENTATION_REPRESENTATION (  '', ( #553 ), #110 ) ;
#61 = EDGE_CURVE ( 'NONE', #1122, #226, #1233, .T. ) ;
#62 = ORIENTED_EDGE ( 'NONE', *, *, #1012, .F. ) ;
#63 = CARTESIAN_POINT ( 'NONE',  ( 18.00000000000000000, -16.99999999999999289, 21.00000000000000355 ) ) ;
#64 = DIRECTION ( 'NONE',  ( -1.000000000000000000, 0.000000000000000000, 0.000000000000000000 ) ) ;
#65 = CIRCLE ( 'NONE', #1348, 5.000000000000000888 ) ;
#66 = CIRCLE ( 'NONE', #272, 4.500000000000001776 ) ;
#67 = LINE ( 'NONE', #87, #1423 ) ;
#68 = ORIENTED_EDGE ( 'NONE', *, *, #1499, .F. ) ;
#69 = CARTESIAN_POINT ( 'NONE',  ( -20.60000000000000497, -16.99999999999999289, -18.99999999999999645 ) ) ;
#70 = VECTOR ( 'NONE', #549, 1000.000000000000000 ) ;
#71 = VERTEX_POINT ( 'NONE', #711 ) ;
#72 = CARTESIAN_POINT ( 'NONE',  ( -0.01710526315789521676, 17.00000000000000711, -3.649999999999995470 ) ) ;
#73 = CYLINDRICAL_SURFACE ( 'NONE', #642, 7.999999999999998224 ) ;
#74 = ORIENTED_EDGE ( 'NONE', *, *, #745, .F. ) ;
#75 = CARTESIAN_POINT ( 'NONE',  ( -36.32792206135786017, -6.999999999999991118, 35.50000000000000711 ) ) ;
#76 = CARTESIAN_POINT ( 'NONE',  ( -20.60000000000000497, 10.00000000000001066, 19.00000000000000000 ) ) ;
#77 = EDGE_LOOP ( 'NONE', ( #571, #1266 ) ) ;
#78 = ORIENTED_EDGE ( 'NONE', *, *, #267, .T. ) ;
#79 = FACE_OUTER_BOUND ( 'NONE', #861, .T. ) ;
#80 = CARTESIAN_POINT ( 'NONE',  ( 23.50000000000000000, 0.000000000000000000, 0.000000000000000000 ) ) ;
#81 = ORIENTED_EDGE ( 'NONE', *, *, #1242, .F. ) ;
#82 = DIRECTION ( 'NONE',  ( 0.000000000000000000, -1.000000000000000000, 0.000000000000000000 ) ) ;
#83 = CARTESIAN_POINT ( 'NONE',  ( 20.49999999999999645, 3.000000000000007994, 39.00000000000000000 ) ) ;
#84 = VERTEX_POINT ( 'NONE', #89 ) ;
#85 = ORIENTED_EDGE ( 'NONE', *, *, #702, .F. ) ;
#86 = AXIS2_PLACEMENT_3D ( 'NONE', #1113, #132, #513 ) ;
#87 = CARTESIAN_POINT ( 'NONE',  ( -23.60000000000000142, -16.99999999999999289, -18.99999999999999645 ) ) ;
#88 = VECTOR ( 'NONE', #1274, 1000.000000000000000 ) ;
#89 = CARTESIAN_POINT ( 'NONE',  ( 23.50000000000000000, 3.000000000000007994, 39.00000000000000000 ) ) ;
#90 = DIRECTION ( 'NONE',  ( -0.000000000000000000, 1.000000000000000000, -0.000000000000000000 ) ) ;
#91 = CARTESIAN_POINT ( 'NONE',  ( 20.50000000000000000, -10.00000000000000000, -10.99999999999999822 ) ) ;
#92 = ORIENTED_EDGE ( 'NONE', *, *, #1271, .T. ) ;
#93 = ORIENTED_EDGE ( 'NONE', *, *, #919, .T. ) ;
#94 = DIRECTION ( 'NONE',  ( 1.000000000000000000, -2.788944495139567582E-17, -0.000000000000000000 ) ) ;
#95 = CARTESIAN_POINT ( 'NONE',  ( 20.49999999999999645, -16.99999999999999289, 21.00000000000000355 ) ) ;
#96 = DIRECTION ( 'NONE',  ( -0.000000000000000000, -0.000000000000000000, -1.000000000000000000 ) ) ;
#97 = EDGE_CURVE ( 'NONE', #145, #655, #1456, .T. ) ;
#98 = PLANE ( 'NONE',  #1165 ) ;
#99 = ORIENTED_EDGE ( 'NONE', *, *, #224, .F. ) ;
#100 = EDGE_LOOP ( 'NONE', ( #1585, #19, #59, #494, #1427, #1454, #950, #1253 ) ) ;
#101 = AXIS2_PLACEMENT_3D ( 'NONE', #1328, #259, #512 ) ;
#102 = DIRECTION ( 'NONE',  ( 0.000000000000000000, -1.000000000000000000, 0.000000000000000000 ) ) ;
#103 = LINE ( 'NONE', #334, #1527 ) ;
#104 =( NAMED_UNIT ( * ) PLANE_ANGLE_UNIT ( ) SI_UNIT ( $, .RADIAN. ) );
#105 = DIRECTION ( 'NONE',  ( 1.000000000000000000, -0.000000000000000000, -0.000000000000000000 ) ) ;
#106 = VERTEX_POINT ( 'NONE', #726 ) ;
#107 = CYLINDRICAL_SURFACE ( 'NONE', #1574, 4.500000000000000888 ) ;
#108 = ORIENTED_EDGE ( 'NONE', *, *, #1303, .F. ) ;
#109 = EDGE_CURVE ( 'NONE', #186, #84, #851, .T. ) ;
#110 =( GEOMETRIC_REPRESENTATION_CONTEXT ( 3 ) GLOBAL_UNCERTAINTY_ASSIGNED_CONTEXT ( ( #1505 ) ) GLOBAL_UNIT_ASSIGNED_CONTEXT ( ( #515, #104, #374 ) ) REPRESENTATION_CONTEXT ( 'NONE', 'WORKASPACE' ) );
#111 = CARTESIAN_POINT ( 'NONE',  ( -14.32667026637974139, 13.70000000000000817, -34.44959546395956806 ) ) ;
#112 = EDGE_CURVE ( 'NONE', #1438, #636, #1570, .T. ) ;
#113 = DIRECTION ( 'NONE',  ( 0.000000000000000000, 1.000000000000000000, 0.000000000000000000 ) ) ;
#114 = SURFACE_STYLE_USAGE ( .BOTH. , #1457 ) ;
#115 = AXIS2_PLACEMENT_3D ( 'NONE', #870, #1239, #495 ) ;
#116 = AXIS2_PLACEMENT_3D ( 'NONE', #658, #1130, #1488 ) ;
#117 = EDGE_CURVE ( 'NONE', #765, #1173, #103, .T. ) ;
#118 = ORIENTED_EDGE ( 'NONE', *, *, #97, .T. ) ;
#119 = AXIS2_PLACEMENT_3D ( 'NONE', #1472, #102, #763 ) ;
#120 = CARTESIAN_POINT ( 'NONE',  ( -36.32792206135786017, -6.999999999999992006, 31.00000000000000000 ) ) ;
#121 = ORIENTED_EDGE ( 'NONE', *, *, #1462, .F. ) ;
#122 = EDGE_CURVE ( 'NONE', #1070, #248, #980, .T. ) ;
#123 = CARTESIAN_POINT ( 'NONE',  ( -23.60000000000000142, 3.000000000000009770, 39.00000000000000000 ) ) ;
#124 = CARTESIAN_POINT ( 'NONE',  ( -23.60000000000000142, 10.00000000000000888, -18.99999999999999645 ) ) ;
#125 = CIRCLE ( 'NONE', #1022, 7.000000000000000000 ) ;
#126 = AXIS2_PLACEMENT_3D ( 'NONE', #314, #1164, #703 ) ;
#127 = FILL_AREA_STYLE_COLOUR ( '', #346 ) ;
#128 = ORIENTED_EDGE ( 'NONE', *, *, #178, .T. ) ;
#129 = LINE ( 'NONE', #1013, #298 ) ;
#130 = ORIENTED_EDGE ( 'NONE', *, *, #405, .F. ) ;
#131 = DIRECTION ( 'NONE',  ( 0.000000000000000000, -0.000000000000000000, 1.000000000000000000 ) ) ;
#132 = DIRECTION ( 'NONE',  ( -0.000000000000000000, -0.000000000000000000, 1.000000000000000000 ) ) ;
#133 = CYLINDRICAL_SURFACE ( 'NONE', #394, 4.999999999999999112 ) ;
#134 = ORIENTED_EDGE ( 'NONE', *, *, #784, .F. ) ;
#135 = LINE ( 'NONE', #635, #1296 ) ;
#136 = ORIENTED_EDGE ( 'NONE', *, *, #1277, .F. ) ;
#137 = LINE ( 'NONE', #987, #670 ) ;
#138 = AXIS2_PLACEMENT_3D ( 'NONE', #245, #971, #367 ) ;
#139 = CARTESIAN_POINT ( 'NONE',  ( 18.00000000000000000, -16.99999999999999289, 21.00000000000000355 ) ) ;
#140 = EDGE_CURVE ( 'NONE', #622, #1548, #366, .T. ) ;
#141 = AXIS2_PLACEMENT_3D ( 'NONE', #1531, #1188, #440 ) ;
#142 = EDGE_LOOP ( 'NONE', ( #882, #253, #583, #732, #92, #1301, #35, #853, #1215, #1205, #1390, #78 ) ) ;
#143 = VECTOR ( 'NONE', #105, 1000.000000000000000 ) ;
#144 = DIRECTION ( 'NONE',  ( 1.000000000000000000, -1.284980352575412453E-16, -0.000000000000000000 ) ) ;
#145 = VERTEX_POINT ( 'NONE', #360 ) ;
#146 = CYLINDRICAL_SURFACE ( 'NONE', #756, 4.999999999999999112 ) ;
#147 = DIRECTION ( 'NONE',  ( -1.000000000000000000, -0.000000000000000000, -0.000000000000000000 ) ) ;
#148 = DIRECTION ( 'NONE',  ( 0.000000000000000000, 1.000000000000000000, 0.000000000000000000 ) ) ;
#149 = ORIENTED_EDGE ( 'NONE', *, *, #109, .F. ) ;
#150 = CYLINDRICAL_SURFACE ( 'NONE', #532, 6.999999999999999112 ) ;
#151 = AXIS2_PLACEMENT_3D ( 'NONE', #1464, #769, #54 ) ;
#152 = DIRECTION ( 'NONE',  ( -0.000000000000000000, 1.000000000000000000, 0.000000000000000000 ) ) ;
#153 = EDGE_CURVE ( 'NONE', #579, #1173, #22, .T. ) ;
#154 = CARTESIAN_POINT ( 'NONE',  ( -23.60000000000000142, -16.99999999999999289, 19.00000000000000000 ) ) ;
#155 = VERTEX_POINT ( 'NONE', #859 ) ;
#156 = CARTESIAN_POINT ( 'NONE',  ( 20.49999999999999645, 1.999999999999974909, 21.00000000000000355 ) ) ;
#157 = ORIENTED_EDGE ( 'NONE', *, *, #338, .T. ) ;
#158 = ORIENTED_EDGE ( 'NONE', *, *, #282, .T. ) ;
#159 = CARTESIAN_POINT ( 'NONE',  ( 16.50000000000000000, 17.00000000000000711, 19.00000000000000355 ) ) ;
#160 = ADVANCED_FACE ( 'NONE', ( #795 ), #1243, .F. ) ;
#161 = DIRECTION ( 'NONE',  ( 1.000000000000000000, 0.000000000000000000, 0.000000000000000000 ) ) ;
#162 = ORIENTED_EDGE ( 'NONE', *, *, #1230, .F. ) ;
#163 = VECTOR ( 'NONE', #1046, 1000.000000000000000 ) ;
#164 = CARTESIAN_POINT ( 'NONE',  ( -13.09999999999997300, 4.500000000000010658, 21.00000000000000355 ) ) ;
#165 = VECTOR ( 'NONE', #1415, 1000.000000000000000 ) ;
#166 = VERTEX_POINT ( 'NONE', #548 ) ;
#167 = LINE ( 'NONE', #55, #1583 ) ;
#168 = ADVANCED_FACE ( 'NONE', ( #757 ), #1237, .T. ) ;
#169 = CARTESIAN_POINT ( 'NONE',  ( -18.10000000000000853, -0.5000000000000247580, 21.00000000000000355 ) ) ;
#170 = VERTEX_POINT ( 'NONE', #1251 ) ;
#171 = EDGE_CURVE ( 'NONE', #1366, #1011, #359, .T. ) ;
#172 = DIRECTION ( 'NONE',  ( 1.000000000000000000, 0.000000000000000000, 0.000000000000000000 ) ) ;
#173 = AXIS2_PLACEMENT_3D ( 'NONE', #453, #64, #1526 ) ;
#174 = LINE ( 'NONE', #507, #1118 ) ;
#175 = CARTESIAN_POINT ( 'NONE',  ( -16.60000000000000497, 10.00000000000000888, 19.00000000000000355 ) ) ;
#176 = DIRECTION ( 'NONE',  ( 1.000000000000000000, 0.000000000000000000, 0.000000000000000000 ) ) ;
#177 = ORIENTED_EDGE ( 'NONE', *, *, #519, .T. ) ;
#178 = EDGE_CURVE ( 'NONE', #1524, #676, #638, .T. ) ;
#179 = CIRCLE ( 'NONE', #1481, 2.850000000000000089 ) ;
#180 = DIRECTION ( 'NONE',  ( 0.000000000000000000, 0.000000000000000000, 1.000000000000000000 ) ) ;
#181 = ORIENTED_EDGE ( 'NONE', *, *, #1370, .T. ) ;
#182 = ORIENTED_EDGE ( 'NONE', *, *, #733, .F. ) ;
#183 = DIRECTION ( 'NONE',  ( 0.000000000000000000, 0.000000000000000000, -1.000000000000000000 ) ) ;
#184 = LINE ( 'NONE', #1517, #17 ) ;
#185 = CARTESIAN_POINT ( 'NONE',  ( -20.60000000000000497, -16.99999999999999289, -10.99999999999999645 ) ) ;
#186 = VERTEX_POINT ( 'NONE', #764 ) ;
#187 = EDGE_CURVE ( 'NONE', #1043, #241, #1091, .T. ) ;
#188 = DIRECTION ( 'NONE',  ( 0.000000000000000000, 0.000000000000000000, -1.000000000000000000 ) ) ;
#189 = VECTOR ( 'NONE', #222, 1000.000000000000000 ) ;
#190 = VERTEX_POINT ( 'NONE', #632 ) ;
#191 = LINE ( 'NONE', #691, #163 ) ;
#192 = CARTESIAN_POINT ( 'NONE',  ( 5.500000000000000000, 10.00000000000001066, -18.99999999999999645 ) ) ;
#193 = AXIS2_PLACEMENT_3D ( 'NONE', #1102, #1483, #1125 ) ;
#194 = CARTESIAN_POINT ( 'NONE',  ( -20.60000000000000497, -16.99999999999999289, -10.99999999999999645 ) ) ;
#195 = ORIENTED_EDGE ( 'NONE', *, *, #257, .F. ) ;
#196 = DIRECTION ( 'NONE',  ( 0.000000000000000000, 0.000000000000000000, -1.000000000000000000 ) ) ;
#197 = CARTESIAN_POINT ( 'NONE',  ( 15.49999999999999645, 2.000000000000010658, 21.00000000000000355 ) ) ;
#198 = ORIENTED_EDGE ( 'NONE', *, *, #1206, .F. ) ;
#199 = ORIENTED_EDGE ( 'NONE', *, *, #257, .T. ) ;
#200 = DIRECTION ( 'NONE',  ( 0.000000000000000000, 0.000000000000000000, -1.000000000000000000 ) ) ;
#201 = AXIS2_PLACEMENT_3D ( 'NONE', #1141, #521, #290 ) ;
#202 = CARTESIAN_POINT ( 'NONE',  ( -20.60000000000000497, 10.00000000000001066, -68.17529867728308091 ) ) ;
#203 = EDGE_CURVE ( 'NONE', #1103, #1339, #174, .T. ) ;
#204 = ORIENTED_EDGE ( 'NONE', *, *, #153, .T. ) ;
#205 = FACE_OUTER_BOUND ( 'NONE', #816, .T. ) ;
#206 = CARTESIAN_POINT ( 'NONE',  ( -14.32667026637973784, 13.70000000000000817, 19.00000000000000000 ) ) ;
#207 = EDGE_LOOP ( 'NONE', ( #576, #1273, #812, #541, #1540, #269, #1116, #1575, #399, #1506, #526, #134 ) ) ;
#208 = EDGE_LOOP ( 'NONE', ( #1297, #649, #567, #1146 ) ) ;
#209 = LINE ( 'NONE', #331, #356 ) ;
#210 = LINE ( 'NONE', #1562, #954 ) ;
#211 = FACE_OUTER_BOUND ( 'NONE', #424, .T. ) ;
#212 = PLANE ( 'NONE',  #141 ) ;
#213 = CARTESIAN_POINT ( 'NONE',  ( -20.60000000000000497, 10.00000000000001066, -68.17529867728308091 ) ) ;
#214 = VERTEX_POINT ( 'NONE', #63 ) ;
#215 = VECTOR ( 'NONE', #1265, 1000.000000000000000 ) ;
#216 = VERTEX_POINT ( 'NONE', #305 ) ;
#217 = COLOUR_RGB ( '',0.7921568627450980005, 0.8196078431372548767, 0.9333333333333333481 ) ;
#218 = EDGE_CURVE ( 'NONE', #1070, #1056, #1163, .T. ) ;
#219 = DIRECTION ( 'NONE',  ( 1.000000000000000000, 0.000000000000000000, 0.000000000000000000 ) ) ;
#220 = VECTOR ( 'NONE', #397, 1000.000000000000000 ) ;
#221 = CARTESIAN_POINT ( 'NONE',  ( -23.60000000000000142, -6.999999999999992006, 31.00000000000000000 ) ) ;
#222 = DIRECTION ( 'NONE',  ( -1.000000000000000000, -0.000000000000000000, -0.000000000000000000 ) ) ;
#223 = ORIENTED_EDGE ( 'NONE', *, *, #1206, .T. ) ;
#224 = EDGE_CURVE ( 'NONE', #1095, #998, #647, .T. ) ;
#225 = AXIS2_PLACEMENT_3D ( 'NONE', #768, #855, #1293 ) ;
#226 = VERTEX_POINT ( 'NONE', #25 ) ;
#227 = LINE ( 'NONE', #605, #746 ) ;
#228 = AXIS2_PLACEMENT_3D ( 'NONE', #421, #485, #1555 ) ;
#229 = PLANE ( 'NONE',  #514 ) ;
#230 = LINE ( 'NONE', #564, #189 ) ;
#231 = DIRECTION ( 'NONE',  ( 0.000000000000000000, -1.000000000000000000, 0.000000000000000000 ) ) ;
#232 = VERTEX_POINT ( 'NONE', #522 ) ;
#233 = EDGE_CURVE ( 'NONE', #214, #71, #260, .T. ) ;
#234 = ORIENTED_EDGE ( 'NONE', *, *, #178, .F. ) ;
#235 = DIRECTION ( 'NONE',  ( 0.000000000000000000, 0.000000000000000000, 1.000000000000000000 ) ) ;
#236 = EDGE_CURVE ( 'NONE', #765, #27, #1543, .T. ) ;
#237 = DIRECTION ( 'NONE',  ( 0.000000000000000000, 0.000000000000000000, 1.000000000000000000 ) ) ;
#238 = DIRECTION ( 'NONE',  ( 1.000000000000000000, 0.000000000000000000, 0.000000000000000000 ) ) ;
#239 = ORIENTED_EDGE ( 'NONE', *, *, #1152, .F. ) ;
#240 = DIRECTION ( 'NONE',  ( 1.000000000000000000, 0.000000000000000000, 0.000000000000000000 ) ) ;
#241 = VERTEX_POINT ( 'NONE', #250 ) ;
#242 = CIRCLE ( 'NONE', #1248, 7.000000000000000888 ) ;
#243 = CARTESIAN_POINT ( 'NONE',  ( 20.49999999999999645, -16.99999999999999289, -68.17529867728308091 ) ) ;
#244 = LINE ( 'NONE', #1072, #596 ) ;
#245 = CARTESIAN_POINT ( 'NONE',  ( 0.000000000000000000, 0.000000000000000000, 39.00000000000000000 ) ) ;
#246 = ORIENTED_EDGE ( 'NONE', *, *, #854, .F. ) ;
#247 = CARTESIAN_POINT ( 'NONE',  ( 20.49999999999999645, 7.229860667221761794, 19.54342924779148660 ) ) ;
#248 = VERTEX_POINT ( 'NONE', #888 ) ;
#249 = CARTESIAN_POINT ( 'NONE',  ( 23.50000000000000000, -6.999999999999991118, 35.50000000000000711 ) ) ;
#250 = CARTESIAN_POINT ( 'NONE',  ( 23.50000000000000000, 3.000000000000007994, 26.00000000000000355 ) ) ;
#251 = CIRCLE ( 'NONE', #173, 7.000000000000000888 ) ;
#252 =( LENGTH_UNIT ( ) NAMED_UNIT ( * ) SI_UNIT ( .MILLI., .METRE. ) );
#253 = ORIENTED_EDGE ( 'NONE', *, *, #1193, .F. ) ;
#254 = DIRECTION ( 'NONE',  ( 0.000000000000000000, -1.000000000000000000, 0.000000000000000000 ) ) ;
#255 = ORIENTED_EDGE ( 'NONE', *, *, #1558, .T. ) ;
#256 = APPLICATION_CONTEXT ( 'automotive_design' ) ;
#257 = EDGE_CURVE ( 'NONE', #792, #1095, #1373, .T. ) ;
#258 = CIRCLE ( 'NONE', #101, 7.000000000000000888 ) ;
#259 = DIRECTION ( 'NONE',  ( 1.000000000000000000, 0.000000000000000000, 0.000000000000000000 ) ) ;
#260 = LINE ( 'NONE', #139, #481 ) ;
#261 = DIRECTION ( 'NONE',  ( 0.000000000000000000, 1.000000000000000000, 0.000000000000000000 ) ) ;
#262 = VERTEX_POINT ( 'NONE', #874 ) ;
#263 = CARTESIAN_POINT ( 'NONE',  ( -20.60000000000000497, -6.999999999999992006, 26.50000000000000000 ) ) ;
#264 = VERTEX_POINT ( 'NONE', #1479 ) ;
#265 = CYLINDRICAL_SURFACE ( 'NONE', #225, 5.000000000000000888 ) ;
#266 = B_SPLINE_CURVE_WITH_KNOTS ( 'NONE', 3,
 ( #629, #247, #781, #517, #510, #1349 ),
 .UNSPECIFIED., .F., .F.,
 ( 4, 2, 4 ),
 ( 0.000000000000000000, 0.001777511590122409987, 0.003555023180244822143 ),
 .UNSPECIFIED. ) ;
#267 = EDGE_CURVE ( 'NONE', #106, #750, #767, .T. ) ;
#268 = CARTESIAN_POINT ( 'NONE',  ( 23.50000000000000000, 10.00000000000000888, 26.00000000000000355 ) ) ;
#269 = ORIENTED_EDGE ( 'NONE', *, *, #1528, .F. ) ;
#270 = CARTESIAN_POINT ( 'NONE',  ( 16.50000000000000000, 10.00000000000000888, 0.000000000000000000 ) ) ;
#271 = CIRCLE ( 'NONE', #1169, 4.500000000000000888 ) ;
#272 = AXIS2_PLACEMENT_3D ( 'NONE', #1002, #631, #1216 ) ;
#273 = EDGE_CURVE ( 'NONE', #760, #782, #1275, .T. ) ;
#274 = PLANE ( 'NONE',  #978 ) ;
#275 = VECTOR ( 'NONE', #1021, 1000.000000000000000 ) ;
#276 = DIRECTION ( 'NONE',  ( 0.000000000000000000, -1.000000000000000000, 0.000000000000000000 ) ) ;
#277 = CARTESIAN_POINT ( 'NONE',  ( -23.60000000000000142, 17.00000000000000711, -18.99999999999999645 ) ) ;
#278 = ORIENTED_EDGE ( 'NONE', *, *, #719, .F. ) ;
#279 = DIRECTION ( 'NONE',  ( 0.000000000000000000, 1.000000000000000000, 0.000000000000000000 ) ) ;
#280 = CIRCLE ( 'NONE', #201, 5.000000000000000888 ) ;
#281 = VERTEX_POINT ( 'NONE', #18 ) ;
#282 = EDGE_CURVE ( 'NONE', #774, #433, #1268, .T. ) ;
#283 = FACE_OUTER_BOUND ( 'NONE', #370, .T. ) ;
#284 = ADVANCED_FACE ( 'NONE', ( #1400 ), #804, .T. ) ;
#285 = DIRECTION ( 'NONE',  ( -0.000000000000000000, -0.000000000000000000, 1.000000000000000000 ) ) ;
#286 = EDGE_LOOP ( 'NONE', ( #729, #130, #1405, #628, #431 ) ) ;
#287 = LINE ( 'NONE', #1052, #1222 ) ;
#288 = ADVANCED_FACE ( 'NONE', ( #313 ), #1174, .F. ) ;
#289 = ORIENTED_EDGE ( 'NONE', *, *, #562, .T. ) ;
#290 = DIRECTION ( 'NONE',  ( -1.000000000000000000, 0.000000000000000000, 0.000000000000000000 ) ) ;
#291 = AXIS2_PLACEMENT_3D ( 'NONE', #169, #161, #648 ) ;
#292 = FACE_OUTER_BOUND ( 'NONE', #827, .T. ) ;
#293 = ORIENTED_EDGE ( 'NONE', *, *, #233, .T. ) ;
#294 = VECTOR ( 'NONE', #697, 1000.000000000000000 ) ;
#295 = CARTESIAN_POINT ( 'NONE',  ( -20.60000000000000497, 10.00000000000001066, -68.17529867728308091 ) ) ;
#296 = ORIENTED_EDGE ( 'NONE', *, *, #961, .T. ) ;
#297 = UNCERTAINTY_MEASURE_WITH_UNIT (LENGTH_MEASURE( 1.000000000000000082E-05 ), #252, 'distance_accuracy_value', 'NONE');
#298 = VECTOR ( 'NONE', #883, 1000.000000000000000 ) ;
#299 = CARTESIAN_POINT ( 'NONE',  ( 23.50000000000000000, 10.00000000000000888, -18.99999999999999645 ) ) ;
#300 = EDGE_CURVE ( 'NONE', #774, #264, #1409, .T. ) ;
#301 = DIRECTION ( 'NONE',  ( -1.000000000000000000, 0.000000000000000000, 0.000000000000000000 ) ) ;
#302 = ORIENTED_EDGE ( 'NONE', *, *, #1077, .F. ) ;
#303 = DIRECTION ( 'NONE',  ( -0.000000000000000000, 1.000000000000000000, 0.000000000000000000 ) ) ;
#304 = EDGE_LOOP ( 'NONE', ( #364, #1439, #1110, #1172 ) ) ;
#305 = CARTESIAN_POINT ( 'NONE',  ( 23.50000000000000000, -6.999999999999992006, 26.50000000000000000 ) ) ;
#306 = DIRECTION ( 'NONE',  ( 0.000000000000000000, 0.000000000000000000, -1.000000000000000000 ) ) ;
#307 = EDGE_CURVE ( 'NONE', #214, #1521, #191, .T. ) ;
#308 = CARTESIAN_POINT ( 'NONE',  ( 23.50000000000000000, -6.999999999999992006, 31.00000000000000000 ) ) ;
#309 = VERTEX_POINT ( 'NONE', #1525 ) ;
#310 = CARTESIAN_POINT ( 'NONE',  ( 18.00000000000000000, -9.999999999999992895, -10.99999999999999822 ) ) ;
#311 = EDGE_LOOP ( 'NONE', ( #337, #799 ) ) ;
#312 = VERTEX_POINT ( 'NONE', #458 ) ;
#313 = FACE_OUTER_BOUND ( 'NONE', #1127, .T. ) ;
#314 = CARTESIAN_POINT ( 'NONE',  ( -20.60000000000000497, -6.999999999999992006, 31.00000000000000000 ) ) ;
#315 = CARTESIAN_POINT ( 'NONE',  ( -20.60000000000000497, 10.00000000000001066, 19.00000000000000000 ) ) ;
#316 = VERTEX_POINT ( 'NONE', #831 ) ;
#317 = CARTESIAN_POINT ( 'NONE',  ( -20.60000000000000497, -16.99999999999999289, -10.99999999999999645 ) ) ;
#318 = CARTESIAN_POINT ( 'NONE',  ( -23.60000000000000142, -16.99999999999999289, -18.99999999999999645 ) ) ;
#319 = EDGE_LOOP ( 'NONE', ( #1207, #362, #699, #847, #681, #780, #462, #378 ) ) ;
#320 = ORIENTED_EDGE ( 'NONE', *, *, #1193, .T. ) ;
#321 = EDGE_CURVE ( 'NONE', #226, #1122, #371, .T. ) ;
#322 = DIRECTION ( 'NONE',  ( 1.000000000000000000, 0.000000000000000000, 0.000000000000000000 ) ) ;
#323 = AXIS2_PLACEMENT_3D ( 'NONE', #1109, #1584, #254 ) ;
#324 = VECTOR ( 'NONE', #340, 1000.000000000000000 ) ;
#325 = DIRECTION ( 'NONE',  ( 0.000000000000000000, 0.000000000000000000, -1.000000000000000000 ) ) ;
#326 = ORIENTED_EDGE ( 'NONE', *, *, #796, .F. ) ;
#327 = CARTESIAN_POINT ( 'NONE',  ( -20.60000000000000497, -16.99999999999999289, 39.00000000000000000 ) ) ;
#328 = EDGE_LOOP ( 'NONE', ( #181, #23, #1221, #821 ) ) ;
#329 = ORIENTED_EDGE ( 'NONE', *, *, #593, .T. ) ;
#330 = VECTOR ( 'NONE', #500, 1000.000000000000000 ) ;
#331 = CARTESIAN_POINT ( 'NONE',  ( -23.60000000000000142, -16.99999999999999289, 39.00000000000000000 ) ) ;
#332 = EDGE_CURVE ( 'NONE', #52, #760, #1556, .T. ) ;
#333 = CARTESIAN_POINT ( 'NONE',  ( -36.32792206135786017, -6.999999999999992006, 31.00000000000000000 ) ) ;
#334 = CARTESIAN_POINT ( 'NONE',  ( -0.01710526315789521676, 1.938982694473368351, -3.649999999999995470 ) ) ;
#335 = LINE ( 'NONE', #712, #1393 ) ;
#336 = DIRECTION ( 'NONE',  ( -0.000000000000000000, 1.000000000000000000, 0.000000000000000000 ) ) ;
#337 = ORIENTED_EDGE ( 'NONE', *, *, #569, .F. ) ;
#338 = EDGE_CURVE ( 'NONE', #226, #166, #1549, .T. ) ;
#339 = APPLICATION_CONTEXT ( 'automotive_design' ) ;
#340 = DIRECTION ( 'NONE',  ( -1.000000000000000000, 0.000000000000000000, 0.000000000000000000 ) ) ;
#341 = EDGE_CURVE ( 'NONE', #145, #155, #242, .T. ) ;
#342 = CARTESIAN_POINT ( 'NONE',  ( -5.500000000000000000, 10.00000000000001066, -18.99999999999999645 ) ) ;
#343 = DIRECTION ( 'NONE',  ( -0.000000000000000000, -1.000000000000000000, -0.000000000000000000 ) ) ;
#344 = CARTESIAN_POINT ( 'NONE',  ( -18.10000000000000853, -16.99999999999999289, 21.00000000000000355 ) ) ;
#345 = VERTEX_POINT ( 'NONE', #1057 ) ;
#346 = COLOUR_RGB ( '',0.7921568627450980005, 0.8196078431372548767, 0.9333333333333333481 ) ;
#347 = ORIENTED_EDGE ( 'NONE', *, *, #1319, .T. ) ;
#348 = VECTOR ( 'NONE', #261, 1000.000000000000000 ) ;
#349 = AXIS2_PLACEMENT_3D ( 'NONE', #1180, #1425, #713 ) ;
#350 = FACE_OUTER_BOUND ( 'NONE', #1162, .T. ) ;
#351 = ADVANCED_FACE ( 'NONE', ( #205 ), #817, .F. ) ;
#352 = PLANE ( 'NONE',  #665 ) ;
#353 = CARTESIAN_POINT ( 'NONE',  ( -18.10000000000000853, -9.999999999999992895, -10.99999999999999822 ) ) ;
#354 = CARTESIAN_POINT ( 'NONE',  ( -18.10000000000000853, -16.99999999999999289, 21.00000000000000355 ) ) ;
#355 = ORIENTED_EDGE ( 'NONE', *, *, #601, .T. ) ;
#356 = VECTOR ( 'NONE', #445, 1000.000000000000000 ) ;
#357 = ORIENTED_EDGE ( 'NONE', *, *, #21, .F. ) ;
#358 = DIRECTION ( 'NONE',  ( -1.000000000000000000, -0.000000000000000000, -0.000000000000000000 ) ) ;
#359 = CIRCLE ( 'NONE', #1257, 6.999999999999999112 ) ;
#360 = CARTESIAN_POINT ( 'NONE',  ( -18.10000000000000853, -16.99999999999999289, -10.99999999999999645 ) ) ;
#361 = DIRECTION ( 'NONE',  ( 0.000000000000000000, 0.000000000000000000, -1.000000000000000000 ) ) ;
#362 = ORIENTED_EDGE ( 'NONE', *, *, #97, .F. ) ;
#363 = CARTESIAN_POINT ( 'NONE',  ( -23.60000000000000142, 10.00000000000000888, 26.00000000000000355 ) ) ;
#364 = ORIENTED_EDGE ( 'NONE', *, *, #1477, .T. ) ;
#365 = DIRECTION ( 'NONE',  ( 0.000000000000000000, 0.000000000000000000, -1.000000000000000000 ) ) ;
#366 = LINE ( 'NONE', #606, #1476 ) ;
#367 = DIRECTION ( 'NONE',  ( -1.000000000000000000, 0.000000000000000000, -0.000000000000000000 ) ) ;
#368 = EDGE_LOOP ( 'NONE', ( #108, #695, #255, #74 ) ) ;
#369 = LINE ( 'NONE', #384, #612 ) ;
#370 = EDGE_LOOP ( 'NONE', ( #81, #611, #195, #246 ) ) ;
#371 = CIRCLE ( 'NONE', #657, 4.500000000000000888 ) ;
#372 = CARTESIAN_POINT ( 'NONE',  ( -2.447524157501476783, -9.999999999999992895, -10.99999999999999822 ) ) ;
#373 = CARTESIAN_POINT ( 'NONE',  ( 12.99999999999996270, 4.500000000000010658, 21.00000000000000355 ) ) ;
#374 =( NAMED_UNIT ( * ) SI_UNIT ( $, .STERADIAN. ) SOLID_ANGLE_UNIT ( ) );
#375 = AXIS2_PLACEMENT_3D ( 'NONE', #432, #415, #34 ) ;
#376 = EDGE_LOOP ( 'NONE', ( #1408, #347, #469, #326 ) ) ;
#377 = CARTESIAN_POINT ( 'NONE',  ( -16.60000000000000497, 10.00000000000000888, -18.99999999999999645 ) ) ;
#378 = ORIENTED_EDGE ( 'NONE', *, *, #693, .T. ) ;
#379 = DIRECTION ( 'NONE',  ( -1.000000000000000000, -0.000000000000000000, -0.000000000000000000 ) ) ;
#380 = DIRECTION ( 'NONE',  ( -1.000000000000000000, 0.000000000000000000, 0.000000000000000000 ) ) ;
#381 = VECTOR ( 'NONE', #475, 1000.000000000000000 ) ;
#382 = DIRECTION ( 'NONE',  ( 0.000000000000000000, 0.000000000000000000, 1.000000000000000000 ) ) ;
#383 = ORIENTED_EDGE ( 'NONE', *, *, #436, .T. ) ;
#384 = CARTESIAN_POINT ( 'NONE',  ( -5.500000000000000000, 13.70000000000000817, -34.44959546395956806 ) ) ;
#385 = EDGE_CURVE ( 'NONE', #869, #1335, #1307, .T. ) ;
#386 = VECTOR ( 'NONE', #1063, 1000.000000000000000 ) ;
#387 = CARTESIAN_POINT ( 'NONE',  ( 13.00000000000000000, -0.4999999999999882871, 21.00000000000000355 ) ) ;
#388 = DIRECTION ( 'NONE',  ( 0.000000000000000000, 1.000000000000000000, 0.000000000000000000 ) ) ;
#389 = LINE ( 'NONE', #772, #348 ) ;
#390 = EDGE_CURVE ( 'NONE', #190, #1041, #1538, .T. ) ;
#391 = ORIENTED_EDGE ( 'NONE', *, *, #1462, .T. ) ;
#392 = DIRECTION ( 'NONE',  ( 0.000000000000000000, 0.000000000000000000, -1.000000000000000000 ) ) ;
#393 = PLANE ( 'NONE',  #403 ) ;
#394 = AXIS2_PLACEMENT_3D ( 'NONE', #1244, #361, #1480 ) ;
#395 = DIRECTION ( 'NONE',  ( 0.000000000000000000, -1.020425574104004246E-16, 1.000000000000000000 ) ) ;
#396 = VECTOR ( 'NONE', #837, 1000.000000000000000 ) ;
#397 = DIRECTION ( 'NONE',  ( 0.000000000000000000, 0.000000000000000000, -1.000000000000000000 ) ) ;
#398 = ADVANCED_FACE ( 'NONE', ( #1315 ), #212, .T. ) ;
#399 = ORIENTED_EDGE ( 'NONE', *, *, #203, .F. ) ;
#400 = CARTESIAN_POINT ( 'NONE',  ( 20.49999999999999645, -16.99999999999999289, -18.99999999999999645 ) ) ;
#401 = EDGE_CURVE ( 'NONE', #281, #155, #948, .T. ) ;
#402 = ORIENTED_EDGE ( 'NONE', *, *, #109, .T. ) ;
#403 = AXIS2_PLACEMENT_3D ( 'NONE', #651, #904, #527 ) ;
#404 = ORIENTED_EDGE ( 'NONE', *, *, #944, .F. ) ;
#405 = EDGE_CURVE ( 'NONE', #724, #1043, #956, .T. ) ;
#406 = FACE_OUTER_BOUND ( 'NONE', #1240, .T. ) ;
#407 = LINE ( 'NONE', #277, #215 ) ;
#408 = ORIENTED_EDGE ( 'NONE', *, *, #218, .F. ) ;
#409 = ADVANCED_FACE ( 'NONE', ( #938 ), #1424, .T. ) ;
#410 = LINE ( 'NONE', #914, #1374 ) ;
#411 = ORIENTED_EDGE ( 'NONE', *, *, #341, .F. ) ;
#412 = CARTESIAN_POINT ( 'NONE',  ( -23.60000000000000142, -16.99999999999999289, -18.99999999999999645 ) ) ;
#413 = CARTESIAN_POINT ( 'NONE',  ( 5.500000000000000000, 10.00000000000001066, -34.44959546395956806 ) ) ;
#414 = ORIENTED_EDGE ( 'NONE', *, *, #1028, .T. ) ;
#415 = DIRECTION ( 'NONE',  ( 0.000000000000000000, 0.000000000000000000, -1.000000000000000000 ) ) ;
#416 = EDGE_CURVE ( 'NONE', #248, #1058, #825, .T. ) ;
#417 = EDGE_LOOP ( 'NONE', ( #900, #1288 ) ) ;
#418 = CARTESIAN_POINT ( 'NONE',  ( 16.50000000000000000, 17.00000000000000711, 19.00000000000000355 ) ) ;
#419 = VECTOR ( 'NONE', #31, 1000.000000000000000 ) ;
#420 = DIRECTION ( 'NONE',  ( 1.000000000000000000, 0.000000000000000000, 0.000000000000000000 ) ) ;
#421 = CARTESIAN_POINT ( 'NONE',  ( -23.60000000000000142, 3.000000000000009770, 39.00000000000000000 ) ) ;
#422 = VECTOR ( 'NONE', #592, 1000.000000000000000 ) ;
#423 = CARTESIAN_POINT ( 'NONE',  ( 15.49999999999996092, 7.000000000000009770, 21.00000000000000355 ) ) ;
#424 = EDGE_LOOP ( 'NONE', ( #1246, #896, #563, #752, #1560, #1158, #957, #1261, #788, #701, #439 ) ) ;
#425 = EDGE_CURVE ( 'NONE', #155, #604, #230, .T. ) ;
#426 = ORIENTED_EDGE ( 'NONE', *, *, #911, .T. ) ;
#427 = DIRECTION ( 'NONE',  ( 0.000000000000000000, -1.000000000000000000, -0.000000000000000000 ) ) ;
#428 = CARTESIAN_POINT ( 'NONE',  ( -40.72741699796952730, -9.999999999999992895, -18.99999999999999645 ) ) ;
#429 = DIRECTION ( 'NONE',  ( 0.000000000000000000, 0.000000000000000000, -1.000000000000000000 ) ) ;
#430 = VECTOR ( 'NONE', #1183, 1000.000000000000000 ) ;
#431 = ORIENTED_EDGE ( 'NONE', *, *, #981, .F. ) ;
#432 = CARTESIAN_POINT ( 'NONE',  ( 13.50000000000000178, 6.700000000000009059, -34.44959546395956806 ) ) ;
#433 = VERTEX_POINT ( 'NONE', #931 ) ;
#434 = ORIENTED_EDGE ( 'NONE', *, *, #1159, .F. ) ;
#435 = DIRECTION ( 'NONE',  ( 0.000000000000000000, -1.000000000000000000, 0.000000000000000000 ) ) ;
#436 = EDGE_CURVE ( 'NONE', #655, #1469, #722, .T. ) ;
#437 = DIRECTION ( 'NONE',  ( 1.000000000000000000, -0.000000000000000000, -0.000000000000000000 ) ) ;
#438 = CARTESIAN_POINT ( 'NONE',  ( -13.10000000000000853, -0.4999999999999882871, 21.00000000000000355 ) ) ;
#439 = ORIENTED_EDGE ( 'NONE', *, *, #759, .F. ) ;
#440 = DIRECTION ( 'NONE',  ( 0.000000000000000000, -1.000000000000000000, -1.020425574104004246E-16 ) ) ;
#441 = FACE_OUTER_BOUND ( 'NONE', #634, .T. ) ;
#442 = ORIENTED_EDGE ( 'NONE', *, *, #919, .F. ) ;
#443 = EDGE_CURVE ( 'NONE', #1495, #1198, #1432, .T. ) ;
#444 = VERTEX_POINT ( 'NONE', #599 ) ;
#445 = DIRECTION ( 'NONE',  ( -0.000000000000000000, -1.000000000000000000, -0.000000000000000000 ) ) ;
#446 = DIRECTION ( 'NONE',  ( 1.000000000000000000, -1.284980352575412453E-16, 0.000000000000000000 ) ) ;
#447 = VERTEX_POINT ( 'NONE', #1066 ) ;
#448 = CARTESIAN_POINT ( 'NONE',  ( -23.60000000000000142, 10.00000000000000888, 19.00000000000000355 ) ) ;
#449 = VECTOR ( 'NONE', #1362, 1000.000000000000000 ) ;
#450 = ORIENTED_EDGE ( 'NONE', *, *, #321, .T. ) ;
#451 = EDGE_CURVE ( 'NONE', #1056, #537, #335, .T. ) ;
#452 = EDGE_LOOP ( 'NONE', ( #44, #1397, #204, #924 ) ) ;
#453 = CARTESIAN_POINT ( 'NONE',  ( 18.00000000000000000, -10.00000000000000000, -10.99999999999999822 ) ) ;
#454 = AXIS2_PLACEMENT_3D ( 'NONE', #310, #1147, #180 ) ;
#455 = PRODUCT_RELATED_PRODUCT_CATEGORY ( 'part', '', ( #1062 ) ) ;
#456 = FACE_OUTER_BOUND ( 'NONE', #1185, .T. ) ;
#457 = ORIENTED_EDGE ( 'NONE', *, *, #338, .F. ) ;
#458 = CARTESIAN_POINT ( 'NONE',  ( 20.49999999999999645, -2.999999999999997335, -10.99999999999999645 ) ) ;
#459 = DIRECTION ( 'NONE',  ( 0.000000000000000000, -0.000000000000000000, 1.000000000000000000 ) ) ;
#460 = EDGE_CURVE ( 'NONE', #4, #1459, #1081, .T. ) ;
#461 = ORIENTED_EDGE ( 'NONE', *, *, #1106, .F. ) ;
#462 = ORIENTED_EDGE ( 'NONE', *, *, #218, .T. ) ;
#463 = VECTOR ( 'NONE', #1449, 1000.000000000000000 ) ;
#464 = EDGE_CURVE ( 'NONE', #1058, #447, #501, .T. ) ;
#465 = DIRECTION ( 'NONE',  ( -0.000000000000000000, -0.000000000000000000, -1.000000000000000000 ) ) ;
#466 = CARTESIAN_POINT ( 'NONE',  ( 23.50000000000000000, 17.00000000000000711, -18.99999999999999645 ) ) ;
#467 = DIRECTION ( 'NONE',  ( 1.000000000000000000, 0.000000000000000000, 0.000000000000000000 ) ) ;
#468 = CARTESIAN_POINT ( 'NONE',  ( -14.32667026637974139, 13.70000000000000817, -18.99999999999999645 ) ) ;
#469 = ORIENTED_EDGE ( 'NONE', *, *, #385, .F. ) ;
#470 = VECTOR ( 'NONE', #1112, 1000.000000000000000 ) ;
#471 = ORIENTED_EDGE ( 'NONE', *, *, #688, .F. ) ;
#472 = EDGE_CURVE ( 'NONE', #1512, #774, #389, .T. ) ;
#473 = MANIFOLD_SOLID_BREP ( 'Cut-Extrude5', #1430 ) ;
#474 = CARTESIAN_POINT ( 'NONE',  ( -18.10000000000000853, -9.999999999999992895, -10.99999999999999822 ) ) ;
#475 = DIRECTION ( 'NONE',  ( 1.000000000000000000, 0.000000000000000000, 0.000000000000000000 ) ) ;
#476 = CARTESIAN_POINT ( 'NONE',  ( 15.49999999999999645, 2.000000000000010658, 21.00000000000000355 ) ) ;
#477 = ORIENTED_EDGE ( 'NONE', *, *, #416, .F. ) ;
#478 = MECHANICAL_DESIGN_GEOMETRIC_PRESENTATION_REPRESENTATION (  '', ( #1245 ), #679 ) ;
#479 = EDGE_LOOP ( 'NONE', ( #234, #1036, #1412, #434 ) ) ;
#480 = ADVANCED_FACE ( 'NONE', ( #1219 ), #133, .F. ) ;
#481 = VECTOR ( 'NONE', #1354, 1000.000000000000000 ) ;
#482 = AXIS2_PLACEMENT_3D ( 'NONE', #826, #1220, #238 ) ;
#483 = FACE_OUTER_BOUND ( 'NONE', #1269, .T. ) ;
#484 = VECTOR ( 'NONE', #873, 1000.000000000000000 ) ;
#485 = DIRECTION ( 'NONE',  ( 0.000000000000000000, -1.000000000000000000, 0.000000000000000000 ) ) ;
#486 = PLANE ( 'NONE',  #138 ) ;
#487 = CARTESIAN_POINT ( 'NONE',  ( 13.00000000000000000, -0.4999999999999882871, -10.99999999999999645 ) ) ;
#488 = ORIENTED_EDGE ( 'NONE', *, *, #1440, .F. ) ;
#489 = FACE_OUTER_BOUND ( 'NONE', #1168, .T. ) ;
#490 = VERTEX_POINT ( 'NONE', #1571 ) ;
#491 = CARTESIAN_POINT ( 'NONE',  ( -15.59999999999996767, 7.000000000000011546, -10.99999999999999645 ) ) ;
#492 = DIRECTION ( 'NONE',  ( -1.000000000000000000, 0.000000000000000000, 0.000000000000000000 ) ) ;
#493 = CARTESIAN_POINT ( 'NONE',  ( -36.32792206135786017, -6.999999999999992006, 31.00000000000000000 ) ) ;
#494 = ORIENTED_EDGE ( 'NONE', *, *, #1186, .F. ) ;
#495 = DIRECTION ( 'NONE',  ( -1.000000000000000000, 2.788944495139567582E-17, 0.000000000000000000 ) ) ;
#496 = ADVANCED_FACE ( 'NONE', ( #607 ), #486, .F. ) ;
#497 = EDGE_LOOP ( 'NONE', ( #1461, #99, #959, #1447 ) ) ;
#498 = PLANE ( 'NONE',  #928 ) ;
#499 = CIRCLE ( 'NONE', #1187, 4.999999999999999112 ) ;
#500 = DIRECTION ( 'NONE',  ( -0.000000000000000000, 1.000000000000000000, -0.000000000000000000 ) ) ;
#501 = LINE ( 'NONE', #1107, #910 ) ;
#502 = VERTEX_POINT ( 'NONE', #1580 ) ;
#503 = CARTESIAN_POINT ( 'NONE',  ( 12.99999999999996447, 4.500000000000010658, -10.99999999999999645 ) ) ;
#504 = ORIENTED_EDGE ( 'NONE', *, *, #1124, .F. ) ;
#505 = VECTOR ( 'NONE', #1129, 1000.000000000000000 ) ;
#506 = DIRECTION ( 'NONE',  ( 0.000000000000000000, -1.000000000000000000, 0.000000000000000000 ) ) ;
#507 = CARTESIAN_POINT ( 'NONE',  ( 12.99999999999996270, 4.500000000000010658, 21.00000000000000355 ) ) ;
#508 = ORIENTED_EDGE ( 'NONE', *, *, #745, .T. ) ;
#509 = ADVANCED_FACE ( 'NONE', ( #1338 ), #1229, .F. ) ;
#510 = CARTESIAN_POINT ( 'NONE',  ( 19.95656073781679041, 9.470158066760747673, 19.00000000000000355 ) ) ;
#511 = EDGE_CURVE ( 'NONE', #166, #1305, #1218, .T. ) ;
#512 = DIRECTION ( 'NONE',  ( 0.000000000000000000, 0.000000000000000000, -1.000000000000000000 ) ) ;
#513 = DIRECTION ( 'NONE',  ( -1.000000000000000000, 8.673617379884036458E-16, 0.000000000000000000 ) ) ;
#514 = AXIS2_PLACEMENT_3D ( 'NONE', #591, #830, #2 ) ;
#515 =( LENGTH_UNIT ( ) NAMED_UNIT ( * ) SI_UNIT ( .MILLI., .METRE. ) );
#516 = ORIENTED_EDGE ( 'NONE', *, *, #1085, .F. ) ;
#517 = CARTESIAN_POINT ( 'NONE',  ( 20.16471383781367166, 8.918944293179412952, 19.05929273159818038 ) ) ;
#518 = MANIFOLD_SOLID_BREP ( 'Boss-Extrude6', #800 ) ;
#519 = EDGE_CURVE ( 'NONE', #232, #1366, #407, .T. ) ;
#520 = VECTOR ( 'NONE', #1184, 1000.000000000000000 ) ;
#521 = DIRECTION ( 'NONE',  ( 0.000000000000000000, 0.000000000000000000, -1.000000000000000000 ) ) ;
#522 = CARTESIAN_POINT ( 'NONE',  ( -16.60000000000000497, 17.00000000000000711, -18.99999999999999645 ) ) ;
#523 = DIRECTION ( 'NONE',  ( 0.000000000000000000, 0.000000000000000000, 1.000000000000000000 ) ) ;
#524 = ORIENTED_EDGE ( 'NONE', *, *, #1025, .F. ) ;
#525 = LINE ( 'NONE', #1475, #1547 ) ;
#526 = ORIENTED_EDGE ( 'NONE', *, *, #233, .F. ) ;
#527 = DIRECTION ( 'NONE',  ( -1.000000000000000000, 0.000000000000000000, -0.000000000000000000 ) ) ;
#528 = AXIS2_PLACEMENT_3D ( 'NONE', #493, #860, #1115 ) ;
#529 = FACE_OUTER_BOUND ( 'NONE', #1049, .T. ) ;
#530 = AXIS2_PLACEMENT_3D ( 'NONE', #818, #1017, #51 ) ;
#531 = ORIENTED_EDGE ( 'NONE', *, *, #61, .T. ) ;
#532 = AXIS2_PLACEMENT_3D ( 'NONE', #270, #1372, #1262 ) ;
#533 = CARTESIAN_POINT ( 'NONE',  ( -23.60000000000000142, 3.000000000000009770, 26.00000000000000355 ) ) ;
#534 = AXIS2_PLACEMENT_3D ( 'NONE', #1295, #446, #1429 ) ;
#535 = CARTESIAN_POINT ( 'NONE',  ( -23.60000000000000142, 17.00000000000000711, 19.00000000000000355 ) ) ;
#536 = CYLINDRICAL_SURFACE ( 'NONE', #1323, 6.999999999999999112 ) ;
#537 = VERTEX_POINT ( 'NONE', #748 ) ;
#538 = EDGE_CURVE ( 'NONE', #502, #262, #1404, .T. ) ;
#539 = VECTOR ( 'NONE', #113, 1000.000000000000000 ) ;
#540 = CARTESIAN_POINT ( 'NONE',  ( -18.10000000000000853, -0.5000000000000232037, 21.00000000000000355 ) ) ;
#541 = ORIENTED_EDGE ( 'NONE', *, *, #282, .F. ) ;
#542 = DIRECTION ( 'NONE',  ( 1.000000000000000000, 0.000000000000000000, -0.000000000000000000 ) ) ;
#543 = PLANE ( 'NONE',  #291 ) ;
#544 = VERTEX_POINT ( 'NONE', #1494 ) ;
#545 = EDGE_CURVE ( 'NONE', #309, #502, #1345, .T. ) ;
#546 = CARTESIAN_POINT ( 'NONE',  ( 20.49999999999999645, 3.000000000000007994, 39.00000000000000000 ) ) ;
#547 = VERTEX_POINT ( 'NONE', #1136 ) ;
#548 = CARTESIAN_POINT ( 'NONE',  ( -20.60000000000000497, -6.999999999999991118, 35.50000000000000711 ) ) ;
#549 = DIRECTION ( 'NONE',  ( -1.000000000000000000, 0.000000000000000000, 0.000000000000000000 ) ) ;
#550 = PRESENTATION_LAYER_ASSIGNMENT (  '', '', ( #1245 ) ) ;
#551 = LINE ( 'NONE', #1384, #220 ) ;
#552 = ORIENTED_EDGE ( 'NONE', *, *, #733, .T. ) ;
#553 = STYLED_ITEM ( 'NONE', ( #1363 ), #473 ) ;
#554 = PLANE ( 'NONE',  #940 ) ;
#555 = ORIENTED_EDGE ( 'NONE', *, *, #749, .T. ) ;
#556 = ADVANCED_FACE ( 'NONE', ( #292 ), #543, .F. ) ;
#557 = AXIS2_PLACEMENT_3D ( 'NONE', #154, #1272, #798 ) ;
#558 = ORIENTED_EDGE ( 'NONE', *, *, #672, .T. ) ;
#559 = DIRECTION ( 'NONE',  ( 0.000000000000000000, 0.000000000000000000, -1.000000000000000000 ) ) ;
#560 = LINE ( 'NONE', #934, #430 ) ;
#561 = LINE ( 'NONE', #194, #1209 ) ;
#562 = EDGE_CURVE ( 'NONE', #52, #544, #663, .T. ) ;
#563 = ORIENTED_EDGE ( 'NONE', *, *, #627, .F. ) ;
#564 = CARTESIAN_POINT ( 'NONE',  ( -2.447524157501476783, -2.999999999999993339, -10.99999999999999645 ) ) ;
#565 = CARTESIAN_POINT ( 'NONE',  ( -13.09999999999997300, 4.500000000000010658, 21.00000000000000355 ) ) ;
#566 = ORIENTED_EDGE ( 'NONE', *, *, #601, .F. ) ;
#567 = ORIENTED_EDGE ( 'NONE', *, *, #633, .F. ) ;
#568 = FACE_OUTER_BOUND ( 'NONE', #1347, .T. ) ;
#569 = EDGE_CURVE ( 'NONE', #216, #776, #1088, .T. ) ;
#570 = PLANE ( 'NONE',  #1561 ) ;
#571 = ORIENTED_EDGE ( 'NONE', *, *, #43, .F. ) ;
#572 = ADVANCED_FACE ( 'NONE', ( #912 ), #1396, .T. ) ;
#573 = DIRECTION ( 'NONE',  ( 0.000000000000000000, 0.000000000000000000, -1.000000000000000000 ) ) ;
#574 = DIRECTION ( 'NONE',  ( -1.000000000000000000, 1.284980352575412453E-16, 0.000000000000000000 ) ) ;
#575 = ADVANCED_FACE ( 'NONE', ( #529 ), #671, .T. ) ;
#576 = ORIENTED_EDGE ( 'NONE', *, *, #112, .F. ) ;
#577 = EDGE_CURVE ( 'NONE', #998, #447, #614, .T. ) ;
#578 = CIRCLE ( 'NONE', #1111, 6.999999999999999112 ) ;
#579 = VERTEX_POINT ( 'NONE', #1150 ) ;
#580 = CARTESIAN_POINT ( 'NONE',  ( 12.99999999999996447, 4.500000000000010658, 21.00000000000000355 ) ) ;
#581 = CARTESIAN_POINT ( 'NONE',  ( 23.50000000000000000, -16.99999999999999289, 19.00000000000000000 ) ) ;
#582 = EDGE_CURVE ( 'NONE', #544, #1524, #1389, .T. ) ;
#583 = ORIENTED_EDGE ( 'NONE', *, *, #1230, .T. ) ;
#584 = DIRECTION ( 'NONE',  ( 0.000000000000000000, 1.000000000000000000, 0.000000000000000000 ) ) ;
#585 = LINE ( 'NONE', #354, #1167 ) ;
#586 = VECTOR ( 'NONE', #1051, 1000.000000000000000 ) ;
#587 = ORIENTED_EDGE ( 'NONE', *, *, #1044, .F. ) ;
#588 = ORIENTED_EDGE ( 'NONE', *, *, #842, .F. ) ;
#589 = VECTOR ( 'NONE', #1510, 1000.000000000000000 ) ;
#590 = DIRECTION ( 'NONE',  ( 0.000000000000000000, 0.000000000000000000, -1.000000000000000000 ) ) ;
#591 = CARTESIAN_POINT ( 'NONE',  ( -23.60000000000000142, 17.00000000000000711, 19.00000000000000355 ) ) ;
#592 = DIRECTION ( 'NONE',  ( -0.000000000000000000, -0.000000000000000000, -1.000000000000000000 ) ) ;
#593 = EDGE_CURVE ( 'NONE', #1011, #1043, #652, .T. ) ;
#594 = ORIENTED_EDGE ( 'NONE', *, *, #1370, .F. ) ;
#595 = EDGE_LOOP ( 'NONE', ( #404, #471, #1392, #1325 ) ) ;
#596 = VECTOR ( 'NONE', #1436, 1000.000000000000000 ) ;
#597 = CARTESIAN_POINT ( 'NONE',  ( -20.60000000000000497, 1.999999999999975797, 21.00000000000000355 ) ) ;
#598 = DIRECTION ( 'NONE',  ( 0.000000000000000000, 0.000000000000000000, 1.000000000000000000 ) ) ;
#599 = CARTESIAN_POINT ( 'NONE',  ( 12.99999999999996447, 4.500000000000010658, -10.99999999999999645 ) ) ;
#600 = DIRECTION ( 'NONE',  ( -1.000000000000000000, 0.000000000000000000, 0.000000000000000000 ) ) ;
#601 = EDGE_CURVE ( 'NONE', #433, #547, #1015, .T. ) ;
#602 = ORIENTED_EDGE ( 'NONE', *, *, #1485, .T. ) ;
#603 = CIRCLE ( 'NONE', #730, 8.000000000000000000 ) ;
#604 = VERTEX_POINT ( 'NONE', #891 ) ;
#605 = CARTESIAN_POINT ( 'NONE',  ( -18.10000000000000853, -16.99999999999999289, 21.00000000000000355 ) ) ;
#606 = CARTESIAN_POINT ( 'NONE',  ( -18.10000000000000853, -0.5000000000000247580, 21.00000000000000355 ) ) ;
#607 = FACE_OUTER_BOUND ( 'NONE', #1359, .T. ) ;
#608 = DIRECTION ( 'NONE',  ( 0.000000000000000000, 0.000000000000000000, 1.000000000000000000 ) ) ;
#609 = VERTEX_POINT ( 'NONE', #791 ) ;
#610 = CARTESIAN_POINT ( 'NONE',  ( 2.347524157501470476, -2.999999999999996003, -10.99999999999999645 ) ) ;
#611 = ORIENTED_EDGE ( 'NONE', *, *, #7, .F. ) ;
#612 = VECTOR ( 'NONE', #28, 1000.000000000000000 ) ;
#613 = CYLINDRICAL_SURFACE ( 'NONE', #773, 7.000000000000000888 ) ;
#614 = CIRCLE ( 'NONE', #116, 6.999999999999999112 ) ;
#615 = AXIS2_PLACEMENT_3D ( 'NONE', #897, #646, #1134 ) ;
#616 = LINE ( 'NONE', #124, #463 ) ;
#617 = SURFACE_STYLE_FILL_AREA ( #1465 ) ;
#618 = EDGE_CURVE ( 'NONE', #776, #216, #271, .T. ) ;
#619 = SHAPE_DEFINITION_REPRESENTATION ( #951, #1492 ) ;
#620 = ORIENTED_EDGE ( 'NONE', *, *, #451, .F. ) ;
#621 = CARTESIAN_POINT ( 'NONE',  ( 13.50000000000000178, 13.70000000000000817, -18.99999999999999645 ) ) ;
#622 = VERTEX_POINT ( 'NONE', #1260 ) ;
#623 = CARTESIAN_POINT ( 'NONE',  ( -5.500000000000000000, 13.70000000000000817, 19.00000000000000000 ) ) ;
#624 = AXIS2_PLACEMENT_3D ( 'NONE', #1156, #152, #1388 ) ;
#625 = CARTESIAN_POINT ( 'NONE',  ( 13.50000000000000178, 6.700000000000009059, 19.00000000000000355 ) ) ;
#626 = FILL_AREA_STYLE ('',( #127 ) ) ;
#627 = EDGE_CURVE ( 'NONE', #1438, #750, #551, .T. ) ;
#628 = ORIENTED_EDGE ( 'NONE', *, *, #969, .F. ) ;
#629 = CARTESIAN_POINT ( 'NONE',  ( 20.50000000000000000, 6.700000000000008171, 19.82667026637974317 ) ) ;
#630 = EDGE_LOOP ( 'NONE', ( #588, #383, #994, #508, #947, #952, #477, #841, #1234, #1341, #278 ) ) ;
#631 = DIRECTION ( 'NONE',  ( 1.000000000000000000, -1.284980352575412453E-16, 0.000000000000000000 ) ) ;
#632 = CARTESIAN_POINT ( 'NONE',  ( 20.50000000000000000, 6.700000000000008171, 19.82667026637974317 ) ) ;
#633 = EDGE_CURVE ( 'NONE', #1076, #930, #1508, .T. ) ;
#634 = EDGE_LOOP ( 'NONE', ( #357, #57, #1356, #1387, #41 ) ) ;
#635 = CARTESIAN_POINT ( 'NONE',  ( 20.49999999999999645, 1.999999999999974909, -10.99999999999999645 ) ) ;
#636 = VERTEX_POINT ( 'NONE', #1040 ) ;
#637 = ADVANCED_FACE ( 'NONE', ( #1252 ), #536, .F. ) ;
#638 = CIRCLE ( 'NONE', #86, 6.999999999999999112 ) ;
#639 = DIRECTION ( 'NONE',  ( 0.000000000000000000, 0.000000000000000000, -1.000000000000000000 ) ) ;
#640 = CARTESIAN_POINT ( 'NONE',  ( -0.01710526315789521676, 10.00000000000001066, -6.499999999999995559 ) ) ;
#641 = VECTOR ( 'NONE', #1067, 1000.000000000000000 ) ;
#642 = AXIS2_PLACEMENT_3D ( 'NONE', #680, #1166, #325 ) ;
#643 = ORIENTED_EDGE ( 'NONE', *, *, #171, .F. ) ;
#644 = DIRECTION ( 'NONE',  ( 1.239088197126290570E-16, 1.000000000000000000, 0.000000000000000000 ) ) ;
#645 = ADVANCED_FACE ( 'NONE', ( #905, #1176 ), #1435, .T. ) ;
#646 = DIRECTION ( 'NONE',  ( 1.000000000000000000, -1.284980352575412453E-16, 0.000000000000000000 ) ) ;
#647 = LINE ( 'NONE', #668, #505 ) ;
#648 = DIRECTION ( 'NONE',  ( 0.000000000000000000, 0.000000000000000000, -1.000000000000000000 ) ) ;
#649 = ORIENTED_EDGE ( 'NONE', *, *, #1106, .T. ) ;
#650 = CARTESIAN_POINT ( 'NONE',  ( 2.347524157501470476, -9.999999999999998224, -10.99999999999999822 ) ) ;
#651 = CARTESIAN_POINT ( 'NONE',  ( 0.000000000000000000, 0.000000000000000000, 39.00000000000000000 ) ) ;
#652 = LINE ( 'NONE', #46, #687 ) ;
#653 = EDGE_LOOP ( 'NONE', ( #1151, #1001 ) ) ;
#654 = CARTESIAN_POINT ( 'NONE',  ( -23.60000000000000142, 3.000000000000009770, 26.00000000000000355 ) ) ;
#655 = VERTEX_POINT ( 'NONE', #185 ) ;
#656 = DIRECTION ( 'NONE',  ( -1.000000000000000000, 0.000000000000000000, 0.000000000000000000 ) ) ;
#657 = AXIS2_PLACEMENT_3D ( 'NONE', #963, #1203, #196 ) ;
#658 = CARTESIAN_POINT ( 'NONE',  ( -20.60000000000000497, 10.00000000000000888, 26.00000000000000355 ) ) ;
#659 = ORIENTED_EDGE ( 'NONE', *, *, #693, .F. ) ;
#660 = VECTOR ( 'NONE', #1026, 1000.000000000000000 ) ;
#661 = FACE_OUTER_BOUND ( 'NONE', #803, .T. ) ;
#662 = CARTESIAN_POINT ( 'NONE',  ( -20.60000000000000497, 3.000000000000009770, 39.00000000000000000 ) ) ;
#663 = LINE ( 'NONE', #898, #884 ) ;
#664 = ORIENTED_EDGE ( 'NONE', *, *, #1440, .T. ) ;
#665 = AXIS2_PLACEMENT_3D ( 'NONE', #844, #836, #1579 ) ;
#666 = DIRECTION ( 'NONE',  ( 0.000000000000000000, -0.000000000000000000, 1.000000000000000000 ) ) ;
#667 = PRODUCT_DEFINITION_CONTEXT ( 'detailed design', #339, 'design' ) ;
#668 = CARTESIAN_POINT ( 'NONE',  ( -23.60000000000000142, 10.00000000000000888, 19.00000000000000355 ) ) ;
#669 = CARTESIAN_POINT ( 'NONE',  ( 20.50000000000000000, 6.700000000000008171, -18.99999999999999645 ) ) ;
#670 = VECTOR ( 'NONE', #743, 1000.000000000000000 ) ;
#671 = PLANE ( 'NONE',  #1352 ) ;
#672 = EDGE_CURVE ( 'NONE', #1076, #52, #1078, .T. ) ;
#673 = ORIENTED_EDGE ( 'NONE', *, *, #273, .F. ) ;
#674 = FACE_BOUND ( 'NONE', #715, .T. ) ;
#675 = ADVANCED_FACE ( 'NONE', ( #1536 ), #73, .T. ) ;
#676 = VERTEX_POINT ( 'NONE', #704 ) ;
#677 = DIRECTION ( 'NONE',  ( -1.000000000000000000, 0.000000000000000000, -0.000000000000000000 ) ) ;
#678 = DIRECTION ( 'NONE',  ( -0.000000000000000000, -0.000000000000000000, 1.000000000000000000 ) ) ;
#679 =( GEOMETRIC_REPRESENTATION_CONTEXT ( 3 ) GLOBAL_UNCERTAINTY_ASSIGNED_CONTEXT ( ( #297 ) ) GLOBAL_UNIT_ASSIGNED_CONTEXT ( ( #252, #11, #997 ) ) REPRESENTATION_CONTEXT ( 'NONE', 'WORKASPACE' ) );
#680 = CARTESIAN_POINT ( 'NONE',  ( -40.72741699796952730, -9.999999999999992895, -10.99999999999999822 ) ) ;
#681 = ORIENTED_EDGE ( 'NONE', *, *, #1074, .T. ) ;
#682 = AXIS2_PLACEMENT_3D ( 'NONE', #1155, #917, #1516 ) ;
#683 = DIRECTION ( 'NONE',  ( -1.000000000000000000, 0.000000000000000000, -0.000000000000000000 ) ) ;
#684 = AXIS2_PLACEMENT_3D ( 'NONE', #91, #574, #231 ) ;
#685 = ORIENTED_EDGE ( 'NONE', *, *, #1468, .F. ) ;
#686 = VECTOR ( 'NONE', #1094, 1000.000000000000000 ) ;
#687 = VECTOR ( 'NONE', #1145, 1000.000000000000000 ) ;
#688 = EDGE_CURVE ( 'NONE', #609, #490, #1518, .T. ) ;
#689 = CIRCLE ( 'NONE', #892, 4.999999999999999112 ) ;
#690 = ORIENTED_EDGE ( 'NONE', *, *, #538, .F. ) ;
#691 = CARTESIAN_POINT ( 'NONE',  ( 18.00000000000000000, -16.99999999999999289, 21.00000000000000355 ) ) ;
#692 = CARTESIAN_POINT ( 'NONE',  ( -13.10000000000000853, -0.4999999999999882871, -10.99999999999999645 ) ) ;
#693 = EDGE_CURVE ( 'NONE', #1056, #1469, #67, .T. ) ;
#694 = CARTESIAN_POINT ( 'NONE',  ( -20.60000000000000497, 10.00000000000001066, -18.99999999999999645 ) ) ;
#695 = ORIENTED_EDGE ( 'NONE', *, *, #1159, .T. ) ;
#696 = EDGE_CURVE ( 'NONE', #930, #760, #1304, .T. ) ;
#697 = DIRECTION ( 'NONE',  ( -0.000000000000000000, -0.000000000000000000, -1.000000000000000000 ) ) ;
#698 = LINE ( 'NONE', #1189, #819 ) ;
#699 = ORIENTED_EDGE ( 'NONE', *, *, #903, .F. ) ;
#700 = VECTOR ( 'NONE', #909, 1000.000000000000000 ) ;
#701 = ORIENTED_EDGE ( 'NONE', *, *, #1313, .F. ) ;
#702 = EDGE_CURVE ( 'NONE', #502, #309, #1395, .T. ) ;
#703 = DIRECTION ( 'NONE',  ( 0.000000000000000000, 0.000000000000000000, 1.000000000000000000 ) ) ;
#704 = CARTESIAN_POINT ( 'NONE',  ( -20.50000000000000000, 10.00000000000001066, -19.00000000000000000 ) ) ;
#705 = EDGE_LOOP ( 'NONE', ( #136, #985, #93, #811 ) ) ;
#706 = CARTESIAN_POINT ( 'NONE',  ( 20.50000000000000000, 6.700000000000008171, -18.99999999999999645 ) ) ;
#707 = CARTESIAN_POINT ( 'NONE',  ( 20.49999999999999645, 3.000000000000007994, 26.00000000000000355 ) ) ;
#708 = VERTEX_POINT ( 'NONE', #1441 ) ;
#709 = DIRECTION ( 'NONE',  ( 1.000000000000000000, 0.000000000000000000, 0.000000000000000000 ) ) ;
#710 = ADVANCED_FACE ( 'NONE', ( #815 ), #570, .T. ) ;
#711 = CARTESIAN_POINT ( 'NONE',  ( 18.00000000000000000, -0.5000000000000247580, 21.00000000000000355 ) ) ;
#712 = CARTESIAN_POINT ( 'NONE',  ( -23.60000000000000142, 17.00000000000000711, -18.99999999999999645 ) ) ;
#713 = DIRECTION ( 'NONE',  ( 0.000000000000000000, 0.000000000000000000, 1.000000000000000000 ) ) ;
#714 = VECTOR ( 'NONE', #852, 1000.000000000000000 ) ;
#715 = EDGE_LOOP ( 'NONE', ( #786, #182 ) ) ;
#716 = ORIENTED_EDGE ( 'NONE', *, *, #1012, .T. ) ;
#717 = AXIS2_PLACEMENT_3D ( 'NONE', #832, #600, #608 ) ;
#718 = AXIS2_PLACEMENT_3D ( 'NONE', #474, #1071, #935 ) ;
#719 = EDGE_CURVE ( 'NONE', #604, #264, #561, .T. ) ;
#720 = LINE ( 'NONE', #1201, #806 ) ;
#721 = LINE ( 'NONE', #466, #330 ) ;
#722 = LINE ( 'NONE', #317, #422 ) ;
#723 = ORIENTED_EDGE ( 'NONE', *, *, #1401, .F. ) ;
#724 = VERTEX_POINT ( 'NONE', #1048 ) ;
#725 = DIRECTION ( 'NONE',  ( 0.000000000000000000, 0.000000000000000000, 1.000000000000000000 ) ) ;
#726 = CARTESIAN_POINT ( 'NONE',  ( 15.49999999999996092, 7.000000000000011546, -10.99999999999999645 ) ) ;
#727 = EDGE_CURVE ( 'NONE', #1339, #622, #1364, .T. ) ;
#728 = CARTESIAN_POINT ( 'NONE',  ( 18.00000000000000000, -17.00000000000000000, -10.99999999999999645 ) ) ;
#729 = ORIENTED_EDGE ( 'NONE', *, *, #187, .F. ) ;
#730 = AXIS2_PLACEMENT_3D ( 'NONE', #1086, #1578, #725 ) ;
#731 = DIRECTION ( 'NONE',  ( 0.000000000000000000, 0.000000000000000000, 1.000000000000000000 ) ) ;
#732 = ORIENTED_EDGE ( 'NONE', *, *, #1499, .T. ) ;
#733 = EDGE_CURVE ( 'NONE', #27, #765, #179, .T. ) ;
#734 = DIRECTION ( 'NONE',  ( 1.000000000000000000, -2.788944495139567582E-17, 0.000000000000000000 ) ) ;
#735 = CARTESIAN_POINT ( 'NONE',  ( -0.01710526315789521676, 17.00000000000000711, -6.499999999999995559 ) ) ;
#736 = DIRECTION ( 'NONE',  ( -1.000000000000000000, 0.000000000000000000, 0.000000000000000000 ) ) ;
#737 = ORIENTED_EDGE ( 'NONE', *, *, #307, .F. ) ;
#738 = AXIS2_PLACEMENT_3D ( 'NONE', #989, #736, #382 ) ;
#739 = DIRECTION ( 'NONE',  ( -0.000000000000000000, -0.000000000000000000, 1.000000000000000000 ) ) ;
#740 = EDGE_LOOP ( 'NONE', ( #531, #157, #840, #1484 ) ) ;
#741 = VECTOR ( 'NONE', #1204, 1000.000000000000000 ) ;
#742 = AXIS2_PLACEMENT_3D ( 'NONE', #377, #1467, #1232 ) ;
#743 = DIRECTION ( 'NONE',  ( -1.000000000000000000, 0.000000000000000000, 0.000000000000000000 ) ) ;
#744 = AXIS2_PLACEMENT_3D ( 'NONE', #80, #219, #590 ) ;
#745 = EDGE_CURVE ( 'NONE', #1300, #998, #823, .T. ) ;
#746 = VECTOR ( 'NONE', #1236, 1000.000000000000000 ) ;
#747 = CARTESIAN_POINT ( 'NONE',  ( -18.10000000000000853, -16.99999999999999289, -10.99999999999999645 ) ) ;
#748 = CARTESIAN_POINT ( 'NONE',  ( -23.60000000000000142, 10.00000000000000888, -18.99999999999999645 ) ) ;
#749 = EDGE_CURVE ( 'NONE', #186, #1092, #1529, .T. ) ;
#750 = VERTEX_POINT ( 'NONE', #1546 ) ;
#751 = CYLINDRICAL_SURFACE ( 'NONE', #1375, 7.000000000000000888 ) ;
#752 = ORIENTED_EDGE ( 'NONE', *, *, #112, .T. ) ;
#753 = ADVANCED_FACE ( 'NONE', ( #456 ), #946, .F. ) ;
#754 = AXIS2_PLACEMENT_3D ( 'NONE', #221, #1320, #1431 ) ;
#755 = CARTESIAN_POINT ( 'NONE',  ( -16.60000000000000497, 17.00000000000000711, 19.00000000000000355 ) ) ;
#756 = AXIS2_PLACEMENT_3D ( 'NONE', #1493, #1014, #789 ) ;
#757 = FACE_OUTER_BOUND ( 'NONE', #304, .T. ) ;
#758 = SURFACE_STYLE_FILL_AREA ( #626 ) ;
#759 = EDGE_CURVE ( 'NONE', #170, #1309, #210, .T. ) ;
#760 = VERTEX_POINT ( 'NONE', #953 ) ;
#761 = DIRECTION ( 'NONE',  ( -1.000000000000000000, 0.000000000000000000, 0.000000000000000000 ) ) ;
#762 = EDGE_LOOP ( 'NONE', ( #965, #329, #1137, #833, #149, #555 ) ) ;
#763 = DIRECTION ( 'NONE',  ( 0.000000000000000000, -0.000000000000000000, -1.000000000000000000 ) ) ;
#764 = CARTESIAN_POINT ( 'NONE',  ( 23.50000000000000000, -16.99999999999999289, 39.00000000000000000 ) ) ;
#765 = VERTEX_POINT ( 'NONE', #1318 ) ;
#766 = DIRECTION ( 'NONE',  ( 1.000000000000000000, -0.000000000000000000, -0.000000000000000000 ) ) ;
#767 = CIRCLE ( 'NONE', #1140, 5.000000000000000888 ) ;
#768 = CARTESIAN_POINT ( 'NONE',  ( -15.60000000000000320, 2.000000000000011102, 21.00000000000000355 ) ) ;
#769 = DIRECTION ( 'NONE',  ( -1.000000000000000000, 0.000000000000000000, 0.000000000000000000 ) ) ;
#770 = EDGE_CURVE ( 'NONE', #433, #1434, #720, .T. ) ;
#771 = VECTOR ( 'NONE', #1520, 1000.000000000000000 ) ;
#772 = CARTESIAN_POINT ( 'NONE',  ( -20.60000000000000497, -16.99999999999999289, 21.00000000000000355 ) ) ;
#773 = AXIS2_PLACEMENT_3D ( 'NONE', #372, #16, #235 ) ;
#774 = VERTEX_POINT ( 'NONE', #597 ) ;
#775 = CARTESIAN_POINT ( 'NONE',  ( 18.00000000000000000, -16.99999999999999289, -10.99999999999999645 ) ) ;
#776 = VERTEX_POINT ( 'NONE', #249 ) ;
#777 = LINE ( 'NONE', #1394, #70 ) ;
#778 = CARTESIAN_POINT ( 'NONE',  ( 18.00000000000000000, -16.99999999999999289, 21.00000000000000355 ) ) ;
#779 = AXIS2_PLACEMENT_3D ( 'NONE', #175, #24, #656 ) ;
#780 = ORIENTED_EDGE ( 'NONE', *, *, #122, .F. ) ;
#781 = CARTESIAN_POINT ( 'NONE',  ( 20.44054628566724929, 7.782100537237180760, 19.33494030034452393 ) ) ;
#782 = VERTEX_POINT ( 'NONE', #623 ) ;
#783 = CYLINDRICAL_SURFACE ( 'NONE', #779, 6.999999999999999112 ) ;
#784 = EDGE_CURVE ( 'NONE', #636, #214, #137, .T. ) ;
#785 = DIRECTION ( 'NONE',  ( -1.000000000000000000, -0.000000000000000000, -0.000000000000000000 ) ) ;
#786 = ORIENTED_EDGE ( 'NONE', *, *, #236, .F. ) ;
#787 = DIRECTION ( 'NONE',  ( -1.000000000000000000, -0.000000000000000000, -0.000000000000000000 ) ) ;
#788 = ORIENTED_EDGE ( 'NONE', *, *, #390, .T. ) ;
#789 = DIRECTION ( 'NONE',  ( -1.000000000000000000, 0.000000000000000000, 0.000000000000000000 ) ) ;
#790 = VECTOR ( 'NONE', #343, 1000.000000000000000 ) ;
#791 = CARTESIAN_POINT ( 'NONE',  ( 20.49999999999999645, -6.999999999999992006, 26.50000000000000000 ) ) ;
#792 = VERTEX_POINT ( 'NONE', #755 ) ;
#793 = VECTOR ( 'NONE', #1391, 1000.000000000000000 ) ;
#794 = LINE ( 'NONE', #810, #165 ) ;
#795 = FACE_OUTER_BOUND ( 'NONE', #208, .T. ) ;
#796 = EDGE_CURVE ( 'NONE', #1058, #869, #1241, .T. ) ;
#797 = FACE_OUTER_BOUND ( 'NONE', #705, .T. ) ;
#798 = DIRECTION ( 'NONE',  ( 0.000000000000000000, -0.000000000000000000, -1.000000000000000000 ) ) ;
#799 = ORIENTED_EDGE ( 'NONE', *, *, #618, .F. ) ;
#800 = CLOSED_SHELL ( 'NONE', ( #1426, #675, #556, #834 ) ) ;
#801 = ADVANCED_FACE ( 'NONE', ( #483 ), #1104, .F. ) ;
#802 = CARTESIAN_POINT ( 'NONE',  ( 16.50000000000000000, 10.00000000000000888, 19.00000000000000355 ) ) ;
#803 = EDGE_LOOP ( 'NONE', ( #1231, #865, #1559, #1108 ) ) ;
#804 = PLANE ( 'NONE',  #1569 ) ;
#805 = DIRECTION ( 'NONE',  ( -0.000000000000000000, 1.000000000000000000, -0.000000000000000000 ) ) ;
#806 = VECTOR ( 'NONE', #94, 1000.000000000000000 ) ;
#807 = DIRECTION ( 'NONE',  ( 0.000000000000000000, -0.000000000000000000, 1.000000000000000000 ) ) ;
#808 = ORIENTED_EDGE ( 'NONE', *, *, #122, .T. ) ;
#809 = EDGE_CURVE ( 'NONE', #262, #708, #603, .T. ) ;
#810 = CARTESIAN_POINT ( 'NONE',  ( -36.32792206135786017, -6.999999999999992006, 26.50000000000000000 ) ) ;
#811 = ORIENTED_EDGE ( 'NONE', *, *, #460, .F. ) ;
#812 = ORIENTED_EDGE ( 'NONE', *, *, #770, .F. ) ;
#813 = DIRECTION ( 'NONE',  ( 0.000000000000000000, -0.000000000000000000, -1.000000000000000000 ) ) ;
#814 = DIRECTION ( 'NONE',  ( -0.000000000000000000, 1.000000000000000000, -0.000000000000000000 ) ) ;
#815 = FACE_OUTER_BOUND ( 'NONE', #1503, .T. ) ;
#816 = EDGE_LOOP ( 'NONE', ( #414, #1256, #1509, #223 ) ) ;
#817 = PLANE ( 'NONE',  #839 ) ;
#818 = CARTESIAN_POINT ( 'NONE',  ( -40.72741699796952730, -9.999999999999992895, -10.99999999999999822 ) ) ;
#819 = VECTOR ( 'NONE', #1197, 1000.000000000000000 ) ;
#820 = VECTOR ( 'NONE', #322, 1000.000000000000000 ) ;
#821 = ORIENTED_EDGE ( 'NONE', *, *, #727, .T. ) ;
#822 = CARTESIAN_POINT ( 'NONE',  ( -23.60000000000000142, -6.999999999999992006, 26.50000000000000000 ) ) ;
#823 = LINE ( 'NONE', #202, #520 ) ;
#824 = FACE_OUTER_BOUND ( 'NONE', #376, .T. ) ;
#825 = LINE ( 'NONE', #327, #1194 ) ;
#826 = CARTESIAN_POINT ( 'NONE',  ( 0.000000000000000000, 0.000000000000000000, 0.000000000000000000 ) ) ;
#827 = EDGE_LOOP ( 'NONE', ( #943, #1334 ) ) ;
#828 = CARTESIAN_POINT ( 'NONE',  ( -0.01710526315789521676, 1.938982694473368351, -6.499999999999995559 ) ) ;
#829 = DIRECTION ( 'NONE',  ( 1.000000000000000000, -0.000000000000000000, -0.000000000000000000 ) ) ;
#830 = DIRECTION ( 'NONE',  ( -0.000000000000000000, 1.000000000000000000, 0.000000000000000000 ) ) ;
#831 = CARTESIAN_POINT ( 'NONE',  ( 13.49999999999999822, 13.70000000000000817, 19.00000000000000000 ) ) ;
#832 = CARTESIAN_POINT ( 'NONE',  ( -20.60000000000000497, -16.99999999999999289, -68.17529867728308091 ) ) ;
#833 = ORIENTED_EDGE ( 'NONE', *, *, #1453, .F. ) ;
#834 = ADVANCED_FACE ( 'NONE', ( #850 ), #498, .F. ) ;
#835 = DIRECTION ( 'NONE',  ( 0.000000000000000000, 0.000000000000000000, -1.000000000000000000 ) ) ;
#836 = DIRECTION ( 'NONE',  ( 1.000000000000000000, -1.284980352575412453E-16, 0.000000000000000000 ) ) ;
#837 = DIRECTION ( 'NONE',  ( -0.000000000000000000, -0.000000000000000000, 1.000000000000000000 ) ) ;
#838 = FACE_OUTER_BOUND ( 'NONE', #630, .T. ) ;
#839 = AXIS2_PLACEMENT_3D ( 'NONE', #1196, #1414, #1444 ) ;
#840 = ORIENTED_EDGE ( 'NONE', *, *, #1143, .F. ) ;
#841 = ORIENTED_EDGE ( 'NONE', *, *, #1074, .F. ) ;
#842 = EDGE_CURVE ( 'NONE', #655, #604, #258, .T. ) ;
#843 = DIRECTION ( 'NONE',  ( -1.000000000000000000, 0.000000000000000000, 0.000000000000000000 ) ) ;
#844 = CARTESIAN_POINT ( 'NONE',  ( 20.49999999999999645, -16.99999999999999289, -68.17529867728308091 ) ) ;
#845 = CARTESIAN_POINT ( 'NONE',  ( -23.60000000000000142, 3.000000000000009770, 39.00000000000000000 ) ) ;
#846 = FACE_BOUND ( 'NONE', #417, .T. ) ;
#847 = ORIENTED_EDGE ( 'NONE', *, *, #1528, .T. ) ;
#848 = ORIENTED_EDGE ( 'NONE', *, *, #1581, .T. ) ;
#849 = AXIS2_PLACEMENT_3D ( 'NONE', #735, #955, #598 ) ;
#850 = FACE_OUTER_BOUND ( 'NONE', #1399, .T. ) ;
#851 = LINE ( 'NONE', #1202, #539 ) ;
#852 = DIRECTION ( 'NONE',  ( -0.000000000000000000, -0.000000000000000000, 1.000000000000000000 ) ) ;
#853 = ORIENTED_EDGE ( 'NONE', *, *, #425, .T. ) ;
#854 = EDGE_CURVE ( 'NONE', #232, #792, #1227, .T. ) ;
#855 = DIRECTION ( 'NONE',  ( 0.000000000000000000, 0.000000000000000000, -1.000000000000000000 ) ) ;
#856 = ORIENTED_EDGE ( 'NONE', *, *, #43, .T. ) ;
#857 = EDGE_CURVE ( 'NONE', #636, #1198, #1448, .T. ) ;
#858 = CARTESIAN_POINT ( 'NONE',  ( 5.500000000000001776, 10.00000000000001066, 19.00000000000000000 ) ) ;
#859 = CARTESIAN_POINT ( 'NONE',  ( -18.10000000000000853, -2.999999999999992450, -10.99999999999999645 ) ) ;
#860 = DIRECTION ( 'NONE',  ( 1.000000000000000000, -0.000000000000000000, -0.000000000000000000 ) ) ;
#861 = EDGE_LOOP ( 'NONE', ( #15, #990, #937, #1119 ) ) ;
#862 = FACE_OUTER_BOUND ( 'NONE', #1181, .T. ) ;
#863 = EDGE_CURVE ( 'NONE', #1551, #1524, #1336, .T. ) ;
#864 = AXIS2_PLACEMENT_3D ( 'NONE', #268, #147, #9 ) ;
#865 = ORIENTED_EDGE ( 'NONE', *, *, #332, .F. ) ;
#866 = VECTOR ( 'NONE', #392, 1000.000000000000000 ) ;
#867 = PLANE ( 'NONE',  #119 ) ;
#868 = DIRECTION ( 'NONE',  ( -1.000000000000000000, 0.000000000000000000, 0.000000000000000000 ) ) ;
#869 = VERTEX_POINT ( 'NONE', #1208 ) ;
#870 = CARTESIAN_POINT ( 'NONE',  ( 15.49999999999996092, 7.000000000000009770, 21.00000000000000355 ) ) ;
#871 = ORIENTED_EDGE ( 'NONE', *, *, #7, .T. ) ;
#872 = ADVANCED_FACE ( 'NONE', ( #350 ), #613, .T. ) ;
#873 = DIRECTION ( 'NONE',  ( 1.000000000000000000, -0.000000000000000000, -0.000000000000000000 ) ) ;
#874 = CARTESIAN_POINT ( 'NONE',  ( 18.00000000000000000, -9.999999999999991118, -2.999999999999997335 ) ) ;
#875 = ORIENTED_EDGE ( 'NONE', *, *, #545, .F. ) ;
#876 = DIRECTION ( 'NONE',  ( 0.000000000000000000, -1.000000000000000000, 0.000000000000000000 ) ) ;
#877 = AXIS2_PLACEMENT_3D ( 'NONE', #333, #829, #1312 ) ;
#878 = ADVANCED_FACE ( 'NONE', ( #1098 ), #867, .T. ) ;
#879 = CARTESIAN_POINT ( 'NONE',  ( -20.60000000000000497, 10.00000000000001066, 19.00000000000000355 ) ) ;
#880 = DIRECTION ( 'NONE',  ( 0.000000000000000000, 0.000000000000000000, -1.000000000000000000 ) ) ;
#881 = SURFACE_SIDE_STYLE ('',( #758 ) ) ;
#882 = ORIENTED_EDGE ( 'NONE', *, *, #1285, .T. ) ;
#883 = DIRECTION ( 'NONE',  ( -1.000000000000000000, 0.000000000000000000, 0.000000000000000000 ) ) ;
#884 = VECTOR ( 'NONE', #148, 1000.000000000000000 ) ;
#885 = VECTOR ( 'NONE', #82, 1000.000000000000000 ) ;
#886 = CARTESIAN_POINT ( 'NONE',  ( 15.49999999999999645, 2.000000000000010658, 21.00000000000000355 ) ) ;
#887 = CIRCLE ( 'NONE', #36, 7.000000000000000000 ) ;
#888 = CARTESIAN_POINT ( 'NONE',  ( -20.60000000000000497, -16.99999999999999289, 39.00000000000000000 ) ) ;
#889 = CIRCLE ( 'NONE', #742, 6.999999999999999112 ) ;
#890 = VECTOR ( 'NONE', #56, 1000.000000000000000 ) ;
#891 = CARTESIAN_POINT ( 'NONE',  ( -20.60000000000000497, -2.999999999999992450, -10.99999999999999645 ) ) ;
#892 = AXIS2_PLACEMENT_3D ( 'NONE', #387, #1486, #1148 ) ;
#893 = ORIENTED_EDGE ( 'NONE', *, *, #903, .T. ) ;
#894 = DIRECTION ( 'NONE',  ( 0.000000000000000000, 0.000000000000000000, -1.000000000000000000 ) ) ;
#895 = EDGE_CURVE ( 'NONE', #547, #106, #1353, .T. ) ;
#896 = ORIENTED_EDGE ( 'NONE', *, *, #1285, .F. ) ;
#897 = CARTESIAN_POINT ( 'NONE',  ( 20.50000000000000000, 10.00000000000000888, 26.00000000000000355 ) ) ;
#898 = CARTESIAN_POINT ( 'NONE',  ( -5.500000000000000000, 10.00000000000000711, -18.99999999999999645 ) ) ;
#899 = VECTOR ( 'NONE', #1377, 1000.000000000000000 ) ;
#900 = ORIENTED_EDGE ( 'NONE', *, *, #1143, .T. ) ;
#901 = CARTESIAN_POINT ( 'NONE',  ( 5.500000000000000000, 13.70000000000000817, 19.00000000000000000 ) ) ;
#902 = ORIENTED_EDGE ( 'NONE', *, *, #405, .T. ) ;
#903 = EDGE_CURVE ( 'NONE', #1548, #145, #227, .T. ) ;
#904 = DIRECTION ( 'NONE',  ( 0.000000000000000000, 0.000000000000000000, -1.000000000000000000 ) ) ;
#905 = FACE_BOUND ( 'NONE', #311, .T. ) ;
#906 = ORIENTED_EDGE ( 'NONE', *, *, #443, .T. ) ;
#907 = LINE ( 'NONE', #1386, #88 ) ;
#908 = EDGE_CURVE ( 'NONE', #490, #609, #66, .T. ) ;
#909 = DIRECTION ( 'NONE',  ( -1.000000000000000000, 0.000000000000000000, 0.000000000000000000 ) ) ;
#910 = VECTOR ( 'NONE', #1089, 1000.000000000000000 ) ;
#911 = EDGE_CURVE ( 'NONE', #4, #1076, #8, .T. ) ;
#912 = FACE_OUTER_BOUND ( 'NONE', #319, .T. ) ;
#913 = EDGE_LOOP ( 'NONE', ( #1053, #716, #1416, #983 ) ) ;
#914 = CARTESIAN_POINT ( 'NONE',  ( 23.50000000000000000, 3.000000000000007994, 39.00000000000000000 ) ) ;
#915 = ORIENTED_EDGE ( 'NONE', *, *, #300, .F. ) ;
#916 = ORIENTED_EDGE ( 'NONE', *, *, #1342, .F. ) ;
#917 = DIRECTION ( 'NONE',  ( -0.000000000000000000, 0.000000000000000000, -1.000000000000000000 ) ) ;
#918 = CARTESIAN_POINT ( 'NONE',  ( -23.60000000000000142, -16.99999999999999289, 39.00000000000000000 ) ) ;
#919 = EDGE_CURVE ( 'NONE', #316, #1459, #995, .T. ) ;
#920 = CARTESIAN_POINT ( 'NONE',  ( -14.32667026637974139, 6.700000000000009059, -34.44959546395956806 ) ) ;
#921 = ORIENTED_EDGE ( 'NONE', *, *, #267, .F. ) ;
#922 = AXIS2_PLACEMENT_3D ( 'NONE', #1337, #1087, #237 ) ;
#923 = DIRECTION ( 'NONE',  ( 0.000000000000000000, -1.020425574104004246E-16, 1.000000000000000000 ) ) ;
#924 = ORIENTED_EDGE ( 'NONE', *, *, #117, .F. ) ;
#925 = ORIENTED_EDGE ( 'NONE', *, *, #47, .F. ) ;
#926 = CARTESIAN_POINT ( 'NONE',  ( -20.60000000000000497, 1.999999999999975797, 21.00000000000000355 ) ) ;
#927 = FACE_BOUND ( 'NONE', #1515, .T. ) ;
#928 = AXIS2_PLACEMENT_3D ( 'NONE', #1120, #843, #1463 ) ;
#929 = CARTESIAN_POINT ( 'NONE',  ( -18.10000000000000853, -0.5000000000000247580, 21.00000000000000355 ) ) ;
#930 = VERTEX_POINT ( 'NONE', #858 ) ;
#931 = CARTESIAN_POINT ( 'NONE',  ( -15.59999999999996767, 7.000000000000011546, 21.00000000000000355 ) ) ;
#932 = FACE_OUTER_BOUND ( 'NONE', #976, .T. ) ;
#933 = ORIENTED_EDGE ( 'NONE', *, *, #981, .T. ) ;
#934 = CARTESIAN_POINT ( 'NONE',  ( 5.500000000000000000, 10.00000000000001066, 19.00000000000000000 ) ) ;
#935 = DIRECTION ( 'NONE',  ( 0.000000000000000000, 0.000000000000000000, -1.000000000000000000 ) ) ;
#936 = VECTOR ( 'NONE', #1321, 1000.000000000000000 ) ;
#937 = ORIENTED_EDGE ( 'NONE', *, *, #618, .T. ) ;
#938 = FACE_OUTER_BOUND ( 'NONE', #1016, .T. ) ;
#939 = CARTESIAN_POINT ( 'NONE',  ( -20.50000000000000000, 10.00000000000001066, 19.00000000000000000 ) ) ;
#940 = AXIS2_PLACEMENT_3D ( 'NONE', #1042, #188, #683 ) ;
#941 = EDGE_LOOP ( 'NONE', ( #239, #320, #848, #1131 ) ) ;
#942 = VECTOR ( 'NONE', #279, 1000.000000000000000 ) ;
#943 = ORIENTED_EDGE ( 'NONE', *, *, #545, .T. ) ;
#944 = EDGE_CURVE ( 'NONE', #490, #776, #979, .T. ) ;
#945 = DIRECTION ( 'NONE',  ( 1.000000000000000000, 0.000000000000000000, 0.000000000000000000 ) ) ;
#946 = CYLINDRICAL_SURFACE ( 'NONE', #877, 4.500000000000000888 ) ;
#947 = ORIENTED_EDGE ( 'NONE', *, *, #577, .T. ) ;
#948 = LINE ( 'NONE', #1437, #885 ) ;
#949 = LINE ( 'NONE', #1090, #143 ) ;
#950 = ORIENTED_EDGE ( 'NONE', *, *, #307, .T. ) ;
#951 = PRODUCT_DEFINITION_SHAPE ( 'NONE', 'NONE',  #1020 ) ;
#952 = ORIENTED_EDGE ( 'NONE', *, *, #464, .F. ) ;
#953 = CARTESIAN_POINT ( 'NONE',  ( -5.500000000000000000, 10.00000000000000711, 19.00000000000000000 ) ) ;
#954 = VECTOR ( 'NONE', #465, 1000.000000000000000 ) ;
#955 = DIRECTION ( 'NONE',  ( 0.000000000000000000, 1.000000000000000000, 0.000000000000000000 ) ) ;
#956 = LINE ( 'NONE', #448, #936 ) ;
#957 = ORIENTED_EDGE ( 'NONE', *, *, #1401, .T. ) ;
#958 = ADVANCED_FACE ( 'NONE', ( #406 ), #393, .F. ) ;
#959 = ORIENTED_EDGE ( 'NONE', *, *, #1135, .F. ) ;
#960 = DIRECTION ( 'NONE',  ( 1.000000000000000000, 0.000000000000000000, 0.000000000000000000 ) ) ;
#961 = EDGE_CURVE ( 'NONE', #71, #1103, #689, .T. ) ;
#962 = FACE_OUTER_BOUND ( 'NONE', #913, .T. ) ;
#963 = CARTESIAN_POINT ( 'NONE',  ( -23.60000000000000142, -6.999999999999992006, 31.00000000000000000 ) ) ;
#964 = AXIS2_PLACEMENT_3D ( 'NONE', #640, #1009, #1003 ) ;
#965 = ORIENTED_EDGE ( 'NONE', *, *, #47, .T. ) ;
#966 = ORIENTED_EDGE ( 'NONE', *, *, #1135, .T. ) ;
#967 = VECTOR ( 'NONE', #734, 1000.000000000000000 ) ;
#968 = CARTESIAN_POINT ( 'NONE',  ( 5.500000000000000000, 13.70000000000000817, 19.00000000000000000 ) ) ;
#969 = EDGE_CURVE ( 'NONE', #1482, #190, #1299, .T. ) ;
#970 = CARTESIAN_POINT ( 'NONE',  ( -0.01710526315789486981, 10.00000000000001066, -9.349999999999996092 ) ) ;
#971 = DIRECTION ( 'NONE',  ( 0.000000000000000000, 0.000000000000000000, -1.000000000000000000 ) ) ;
#972 = LINE ( 'NONE', #76, #741 ) ;
#973 = ADVANCED_FACE ( 'NONE', ( #1270 ), #1259, .F. ) ;
#974 = ORIENTED_EDGE ( 'NONE', *, *, #14, .T. ) ;
#975 = FACE_OUTER_BOUND ( 'NONE', #452, .T. ) ;
#976 = EDGE_LOOP ( 'NONE', ( #85, #12, #1019, #516 ) ) ;
#977 = ADVANCED_FACE ( 'NONE', ( #1507 ), #146, .F. ) ;
#978 = AXIS2_PLACEMENT_3D ( 'NONE', #886, #1501, #542 ) ;
#979 = LINE ( 'NONE', #1343, #484 ) ;
#980 = LINE ( 'NONE', #1443, #381 ) ;
#981 = EDGE_CURVE ( 'NONE', #241, #1482, #1250, .T. ) ;
#982 = PRESENTATION_STYLE_ASSIGNMENT (( #1355 ) ) ;
#983 = ORIENTED_EDGE ( 'NONE', *, *, #854, .T. ) ;
#984 = PLANE ( 'NONE',  #115 ) ;
#985 = ORIENTED_EDGE ( 'NONE', *, *, #1327, .T. ) ;
#986 = AXIS2_PLACEMENT_3D ( 'NONE', #828, #805, #731 ) ;
#987 = CARTESIAN_POINT ( 'NONE',  ( 20.49999999999999645, -16.99999999999999289, 21.00000000000000355 ) ) ;
#988 = DIRECTION ( 'NONE',  ( 0.000000000000000000, 0.000000000000000000, -1.000000000000000000 ) ) ;
#989 = CARTESIAN_POINT ( 'NONE',  ( -20.60000000000000497, -6.999999999999992006, 31.00000000000000000 ) ) ;
#990 = ORIENTED_EDGE ( 'NONE', *, *, #944, .T. ) ;
#991 = LINE ( 'NONE', #775, #942 ) ;
#992 = ADVANCED_FACE ( 'NONE', ( #797 ), #30, .F. ) ;
#993 = VECTOR ( 'NONE', #388, 1000.000000000000000 ) ;
#994 = ORIENTED_EDGE ( 'NONE', *, *, #1007, .F. ) ;
#995 = LINE ( 'NONE', #968, #1376 ) ;
#996 = CARTESIAN_POINT ( 'NONE',  ( 15.49999999999999645, 2.000000000000010658, -10.99999999999999645 ) ) ;
#997 =( NAMED_UNIT ( * ) SI_UNIT ( $, .STERADIAN. ) SOLID_ANGLE_UNIT ( ) );
#998 = VERTEX_POINT ( 'NONE', #879 ) ;
#999 = FACE_OUTER_BOUND ( 'NONE', #1552, .T. ) ;
#1000 = ADVANCED_FACE ( 'NONE', ( #1128 ), #274, .T. ) ;
#1001 = ORIENTED_EDGE ( 'NONE', *, *, #908, .T. ) ;
#1002 = CARTESIAN_POINT ( 'NONE',  ( 20.49999999999999645, -6.999999999999992006, 31.00000000000000000 ) ) ;
#1003 = DIRECTION ( 'NONE',  ( 0.000000000000000000, 0.000000000000000000, 1.000000000000000000 ) ) ;
#1004 = FILL_AREA_STYLE_COLOUR ( '', #217 ) ;
#1005 = ORIENTED_EDGE ( 'NONE', *, *, #1365, .T. ) ;
#1006 = CARTESIAN_POINT ( 'NONE',  ( 12.99999999999996447, 4.500000000000010658, 21.00000000000000355 ) ) ;
#1007 = EDGE_CURVE ( 'NONE', #1300, #1469, #167, .T. ) ;
#1008 = LINE ( 'NONE', #535, #275 ) ;
#1009 = DIRECTION ( 'NONE',  ( 0.000000000000000000, -1.000000000000000000, -0.000000000000000000 ) ) ;
#1010 = CARTESIAN_POINT ( 'NONE',  ( -5.500000000000000000, 13.70000000000000817, -18.99999999999999645 ) ) ;
#1011 = VERTEX_POINT ( 'NONE', #299 ) ;
#1012 = EDGE_CURVE ( 'NONE', #1027, #1366, #1276, .T. ) ;
#1013 = CARTESIAN_POINT ( 'NONE',  ( -20.60000000000000497, 10.00000000000001066, -18.99999999999999645 ) ) ;
#1014 = DIRECTION ( 'NONE',  ( 0.000000000000000000, 0.000000000000000000, -1.000000000000000000 ) ) ;
#1015 = LINE ( 'NONE', #1157, #890 ) ;
#1016 = EDGE_LOOP ( 'NONE', ( #1500, #921, #488, #602 ) ) ;
#1017 = DIRECTION ( 'NONE',  ( 1.000000000000000000, 0.000000000000000000, 0.000000000000000000 ) ) ;
#1018 = ADVANCED_FACE ( 'NONE', ( #283 ), #783, .T. ) ;
#1019 = ORIENTED_EDGE ( 'NONE', *, *, #809, .T. ) ;
#1020 = PRODUCT_DEFINITION ( 'UNKNOWN', '', #1142, #667 ) ;
#1021 = DIRECTION ( 'NONE',  ( 1.000000000000000000, 0.000000000000000000, 0.000000000000000000 ) ) ;
#1022 = AXIS2_PLACEMENT_3D ( 'NONE', #1195, #1105, #1329 ) ;
#1023 = DIRECTION ( 'NONE',  ( 0.000000000000000000, 0.000000000000000000, -1.000000000000000000 ) ) ;
#1024 = ORIENTED_EDGE ( 'NONE', *, *, #224, .T. ) ;
#1025 = EDGE_CURVE ( 'NONE', #264, #547, #280, .T. ) ;
#1026 = DIRECTION ( 'NONE',  ( -0.000000000000000000, -0.000000000000000000, -1.000000000000000000 ) ) ;
#1027 = VERTEX_POINT ( 'NONE', #418 ) ;
#1028 = EDGE_CURVE ( 'NONE', #782, #1551, #777, .T. ) ;
#1029 = ORIENTED_EDGE ( 'NONE', *, *, #321, .F. ) ;
#1030 = CARTESIAN_POINT ( 'NONE',  ( -23.60000000000000142, 10.00000000000000888, 26.00000000000000355 ) ) ;
#1031 = CARTESIAN_POINT ( 'NONE',  ( 23.50000000000000000, -6.999999999999992006, 31.00000000000000000 ) ) ;
#1032 = VECTOR ( 'NONE', #814, 1000.000000000000000 ) ;
#1033 = ORIENTED_EDGE ( 'NONE', *, *, #1007, .T. ) ;
#1034 = LINE ( 'NONE', #423, #589 ) ;
#1035 = ORIENTED_EDGE ( 'NONE', *, *, #1277, .T. ) ;
#1036 = ORIENTED_EDGE ( 'NONE', *, *, #863, .F. ) ;
#1037 = CARTESIAN_POINT ( 'NONE',  ( -23.60000000000000142, -16.99999999999999289, 19.00000000000000000 ) ) ;
#1038 = CARTESIAN_POINT ( 'NONE',  ( 23.50000000000000000, -16.99999999999999289, -18.99999999999999645 ) ) ;
#1039 = VECTOR ( 'NONE', #96, 1000.000000000000000 ) ;
#1040 = CARTESIAN_POINT ( 'NONE',  ( 20.49999999999999645, -16.99999999999999289, 21.00000000000000355 ) ) ;
#1041 = VERTEX_POINT ( 'NONE', #669 ) ;
#1042 = CARTESIAN_POINT ( 'NONE',  ( -23.60000000000000142, 17.00000000000000711, -18.99999999999999645 ) ) ;
#1043 = VERTEX_POINT ( 'NONE', #39 ) ;
#1044 = EDGE_CURVE ( 'NONE', #792, #1027, #1008, .T. ) ;
#1045 = ORIENTED_EDGE ( 'NONE', *, *, #171, .T. ) ;
#1046 = DIRECTION ( 'NONE',  ( 0.000000000000000000, 0.000000000000000000, -1.000000000000000000 ) ) ;
#1047 = CARTESIAN_POINT ( 'NONE',  ( -23.60000000000000142, 10.00000000000000888, 19.00000000000000355 ) ) ;
#1048 = CARTESIAN_POINT ( 'NONE',  ( 19.67332973362026394, 10.00000000000000888, 19.00000000000000355 ) ) ;
#1049 = EDGE_LOOP ( 'NONE', ( #1279, #162, #1065, #737, #293 ) ) ;
#1050 = AXIS2_PLACEMENT_3D ( 'NONE', #373, #427, #880 ) ;
#1051 = DIRECTION ( 'NONE',  ( 1.000000000000000000, -0.000000000000000000, -0.000000000000000000 ) ) ;
#1052 = CARTESIAN_POINT ( 'NONE',  ( 20.49999999999999645, 3.000000000000007994, 39.00000000000000000 ) ) ;
#1053 = ORIENTED_EDGE ( 'NONE', *, *, #1044, .T. ) ;
#1054 = DIRECTION ( 'NONE',  ( 0.000000000000000000, 0.000000000000000000, -1.000000000000000000 ) ) ;
#1055 = DIRECTION ( 'NONE',  ( 0.000000000000000000, -1.000000000000000000, -0.000000000000000000 ) ) ;
#1056 = VERTEX_POINT ( 'NONE', #412 ) ;
#1057 = CARTESIAN_POINT ( 'NONE',  ( 18.00000000000000000, -0.5000000000000210942, -10.99999999999999645 ) ) ;
#1058 = VERTEX_POINT ( 'NONE', #662 ) ;
#1059 = ADVANCED_FACE ( 'NONE', ( #1368 ), #265, .T. ) ;
#1060 = ORIENTED_EDGE ( 'NONE', *, *, #140, .T. ) ;
#1061 = DIRECTION ( 'NONE',  ( 1.000000000000000000, 0.000000000000000000, 0.000000000000000000 ) ) ;
#1062 = PRODUCT ( 'Walker_Brake', 'Walker_Brake', '', ( #1458 ) ) ;
#1063 = DIRECTION ( 'NONE',  ( 0.000000000000000000, 0.000000000000000000, -1.000000000000000000 ) ) ;
#1064 = AXIS2_PLACEMENT_3D ( 'NONE', #1487, #395, #276 ) ;
#1065 = ORIENTED_EDGE ( 'NONE', *, *, #1152, .T. ) ;
#1066 = CARTESIAN_POINT ( 'NONE',  ( -20.60000000000000497, 3.000000000000009770, 26.00000000000000355 ) ) ;
#1067 = DIRECTION ( 'NONE',  ( 0.000000000000000000, 0.000000000000000000, -1.000000000000000000 ) ) ;
#1068 = ORIENTED_EDGE ( 'NONE', *, *, #582, .T. ) ;
#1069 = AXIS2_PLACEMENT_3D ( 'NONE', #1357, #766, #894 ) ;
#1070 = VERTEX_POINT ( 'NONE', #918 ) ;
#1071 = DIRECTION ( 'NONE',  ( -1.000000000000000000, -0.000000000000000000, -0.000000000000000000 ) ) ;
#1072 = CARTESIAN_POINT ( 'NONE',  ( 18.00000000000000000, -0.5000000000000247580, 21.00000000000000355 ) ) ;
#1073 = CARTESIAN_POINT ( 'NONE',  ( 5.500000000000000000, 13.70000000000000817, -34.44959546395956806 ) ) ;
#1074 = EDGE_CURVE ( 'NONE', #1512, #248, #184, .T. ) ;
#1075 = EDGE_LOOP ( 'NONE', ( #690, #875, #1350, #1005 ) ) ;
#1076 = VERTEX_POINT ( 'NONE', #192 ) ;
#1077 = EDGE_CURVE ( 'NONE', #869, #1070, #209, .T. ) ;
#1078 = LINE ( 'NONE', #694, #324 ) ;
#1079 = VECTOR ( 'NONE', #358, 1000.000000000000000 ) ;
#1080 = DIRECTION ( 'NONE',  ( -0.000000000000000000, -1.000000000000000000, -0.000000000000000000 ) ) ;
#1081 = LINE ( 'NONE', #1073, #714 ) ;
#1082 = DIRECTION ( 'NONE',  ( -0.000000000000000000, -0.000000000000000000, 1.000000000000000000 ) ) ;
#1083 = ORIENTED_EDGE ( 'NONE', *, *, #1310, .T. ) ;
#1084 = ORIENTED_EDGE ( 'NONE', *, *, #21, .T. ) ;
#1085 = EDGE_CURVE ( 'NONE', #309, #708, #1452, .T. ) ;
#1086 = CARTESIAN_POINT ( 'NONE',  ( 18.00000000000000000, -9.999999999999992895, -10.99999999999999822 ) ) ;
#1087 = DIRECTION ( 'NONE',  ( 0.000000000000000000, 1.000000000000000000, 0.000000000000000000 ) ) ;
#1088 = CIRCLE ( 'NONE', #1290, 4.500000000000000888 ) ;
#1089 = DIRECTION ( 'NONE',  ( -0.000000000000000000, -0.000000000000000000, -1.000000000000000000 ) ) ;
#1090 = CARTESIAN_POINT ( 'NONE',  ( -36.32792206135786017, -6.999999999999992006, 26.50000000000000000 ) ) ;
#1091 = CIRCLE ( 'NONE', #864, 6.999999999999999112 ) ;
#1092 = VERTEX_POINT ( 'NONE', #1038 ) ;
#1093 = CIRCLE ( 'NONE', #684, 7.000000000000000888 ) ;
#1094 = DIRECTION ( 'NONE',  ( 1.000000000000000000, -1.284980352575412453E-16, -0.000000000000000000 ) ) ;
#1095 = VERTEX_POINT ( 'NONE', #1047 ) ;
#1096 = CIRCLE ( 'NONE', #454, 8.000000000000000000 ) ;
#1097 = VECTOR ( 'NONE', #285, 1000.000000000000000 ) ;
#1098 = FACE_OUTER_BOUND ( 'NONE', #100, .T. ) ;
#1099 = CARTESIAN_POINT ( 'NONE',  ( 5.500000000000000000, 13.70000000000000817, -18.99999999999999645 ) ) ;
#1100 = APPLICATION_PROTOCOL_DEFINITION ( 'draft international standard', 'automotive_design', 1998, #339 ) ;
#1101 = VERTEX_POINT ( 'NONE', #1402 ) ;
#1102 = CARTESIAN_POINT ( 'NONE',  ( -0.01710526315789521676, 1.938982694473368351, -6.499999999999995559 ) ) ;
#1103 = VERTEX_POINT ( 'NONE', #580 ) ;
#1104 = PLANE ( 'NONE',  #1407 ) ;
#1105 = DIRECTION ( 'NONE',  ( -0.000000000000000000, -0.000000000000000000, 1.000000000000000000 ) ) ;
#1106 = EDGE_CURVE ( 'NONE', #1459, #930, #560, .T. ) ;
#1107 = CARTESIAN_POINT ( 'NONE',  ( -20.60000000000000497, 3.000000000000009770, 39.00000000000000000 ) ) ;
#1108 = ORIENTED_EDGE ( 'NONE', *, *, #633, .T. ) ;
#1109 = CARTESIAN_POINT ( 'NONE',  ( -14.32667026637974139, 6.700000000000009059, 19.00000000000000355 ) ) ;
#1110 = ORIENTED_EDGE ( 'NONE', *, *, #1310, .F. ) ;
#1111 = AXIS2_PLACEMENT_3D ( 'NONE', #363, #240, #200 ) ;
#1112 = DIRECTION ( 'NONE',  ( -0.000000000000000000, -0.000000000000000000, 1.000000000000000000 ) ) ;
#1113 = CARTESIAN_POINT ( 'NONE',  ( -14.32667026637974139, 6.700000000000009059, -18.99999999999999645 ) ) ;
#1114 = ADVANCED_FACE ( 'NONE', ( #927, #568 ), #1283, .F. ) ;
#1115 = DIRECTION ( 'NONE',  ( 0.000000000000000000, 0.000000000000000000, -1.000000000000000000 ) ) ;
#1116 = ORIENTED_EDGE ( 'NONE', *, *, #140, .F. ) ;
#1117 = DIRECTION ( 'NONE',  ( -1.000000000000000000, 0.000000000000000000, 0.000000000000000000 ) ) ;
#1118 = VECTOR ( 'NONE', #868, 1000.000000000000000 ) ;
#1119 = ORIENTED_EDGE ( 'NONE', *, *, #1533, .F. ) ;
#1120 = CARTESIAN_POINT ( 'NONE',  ( 18.00000000000000000, -16.99999999999999289, 21.00000000000000355 ) ) ;
#1121 = CARTESIAN_POINT ( 'NONE',  ( -5.500000000000000000, 10.00000000000000711, 19.00000000000000000 ) ) ;
#1122 = VERTEX_POINT ( 'NONE', #822 ) ;
#1123 = VECTOR ( 'NONE', #945, 1000.000000000000000 ) ;
#1124 = EDGE_CURVE ( 'NONE', #27, #579, #1410, .T. ) ;
#1125 = DIRECTION ( 'NONE',  ( 0.000000000000000000, 0.000000000000000000, 1.000000000000000000 ) ) ;
#1126 = ORIENTED_EDGE ( 'NONE', *, *, #562, .F. ) ;
#1127 = EDGE_LOOP ( 'NONE', ( #1324, #933, #723, #121 ) ) ;
#1128 = FACE_OUTER_BOUND ( 'NONE', #207, .T. ) ;
#1129 = DIRECTION ( 'NONE',  ( 1.000000000000000000, -0.000000000000000000, -0.000000000000000000 ) ) ;
#1130 = DIRECTION ( 'NONE',  ( -1.000000000000000000, 0.000000000000000000, 0.000000000000000000 ) ) ;
#1131 = ORIENTED_EDGE ( 'NONE', *, *, #1519, .T. ) ;
#1132 = LINE ( 'NONE', #1006, #866 ) ;
#1133 = ADVANCED_FACE ( 'NONE', ( #975 ), #1223, .F. ) ;
#1134 = DIRECTION ( 'NONE',  ( 0.000000000000000000, 1.000000000000000000, 0.000000000000000000 ) ) ;
#1135 = EDGE_CURVE ( 'NONE', #1335, #1095, #578, .T. ) ;
#1136 = CARTESIAN_POINT ( 'NONE',  ( -15.59999999999996767, 7.000000000000011546, -10.99999999999999645 ) ) ;
#1137 = ORIENTED_EDGE ( 'NONE', *, *, #187, .T. ) ;
#1138 = EDGE_CURVE ( 'NONE', #1101, #281, #499, .T. ) ;
#1139 = LINE ( 'NONE', #546, #660 ) ;
#1140 = AXIS2_PLACEMENT_3D ( 'NONE', #996, #1378, #380 ) ;
#1141 = CARTESIAN_POINT ( 'NONE',  ( -15.60000000000000320, 2.000000000000011102, -10.99999999999999645 ) ) ;
#1142 = PRODUCT_DEFINITION_FORMATION_WITH_SPECIFIED_SOURCE ( 'ANY', '', #1062, .NOT_KNOWN. ) ;
#1143 = EDGE_CURVE ( 'NONE', #1305, #166, #1498, .T. ) ;
#1144 = AXIS2_PLACEMENT_3D ( 'NONE', #295, #303, #666 ) ;
#1145 = DIRECTION ( 'NONE',  ( 0.000000000000000000, -0.000000000000000000, 1.000000000000000000 ) ) ;
#1146 = ORIENTED_EDGE ( 'NONE', *, *, #911, .F. ) ;
#1147 = DIRECTION ( 'NONE',  ( -1.000000000000000000, 0.000000000000000000, 0.000000000000000000 ) ) ;
#1148 = DIRECTION ( 'NONE',  ( 1.000000000000000000, 0.000000000000000000, 0.000000000000000000 ) ) ;
#1149 = VECTOR ( 'NONE', #492, 1000.000000000000000 ) ;
#1150 = CARTESIAN_POINT ( 'NONE',  ( -0.01710526315789486981, 17.00000000000000711, -9.349999999999996092 ) ) ;
#1151 = ORIENTED_EDGE ( 'NONE', *, *, #688, .T. ) ;
#1152 = EDGE_CURVE ( 'NONE', #1422, #1521, #251, .T. ) ;
#1153 = CYLINDRICAL_SURFACE ( 'NONE', #530, 7.999999999999998224 ) ;
#1154 = VECTOR ( 'NONE', #131, 1000.000000000000000 ) ;
#1155 = CARTESIAN_POINT ( 'NONE',  ( -15.60000000000000320, 2.000000000000011102, 21.00000000000000355 ) ) ;
#1156 = CARTESIAN_POINT ( 'NONE',  ( 5.500000000000000000, 13.70000000000000817, -34.44959546395956806 ) ) ;
#1157 = CARTESIAN_POINT ( 'NONE',  ( -15.59999999999996767, 7.000000000000011546, 21.00000000000000355 ) ) ;
#1158 = ORIENTED_EDGE ( 'NONE', *, *, #443, .F. ) ;
#1159 = EDGE_CURVE ( 'NONE', #676, #1523, #1175, .T. ) ;
#1160 = DIRECTION ( 'NONE',  ( 0.000000000000000000, -1.000000000000000000, 0.000000000000000000 ) ) ;
#1161 = ORIENTED_EDGE ( 'NONE', *, *, #809, .F. ) ;
#1162 = EDGE_LOOP ( 'NONE', ( #411, #118, #1497, #1238 ) ) ;
#1163 = LINE ( 'NONE', #1037, #449 ) ;
#1164 = DIRECTION ( 'NONE',  ( -1.000000000000000000, 0.000000000000000000, 0.000000000000000000 ) ) ;
#1165 = AXIS2_PLACEMENT_3D ( 'NONE', #213, #336, #459 ) ;
#1166 = DIRECTION ( 'NONE',  ( 1.000000000000000000, 0.000000000000000000, 0.000000000000000000 ) ) ;
#1167 = VECTOR ( 'NONE', #1445, 1000.000000000000000 ) ;
#1168 = EDGE_LOOP ( 'NONE', ( #504, #552, #1567, #856 ) ) ;
#1169 = AXIS2_PLACEMENT_3D ( 'NONE', #1031, #420, #1379 ) ;
#1170 = VECTOR ( 'NONE', #506, 1000.000000000000000 ) ;
#1171 = LINE ( 'NONE', #565, #641 ) ;
#1172 = ORIENTED_EDGE ( 'NONE', *, *, #203, .T. ) ;
#1173 = VERTEX_POINT ( 'NONE', #72 ) ;
#1174 = PLANE ( 'NONE',  #1346 ) ;
#1175 = LINE ( 'NONE', #1214, #1330 ) ;
#1176 = FACE_OUTER_BOUND ( 'NONE', #762, .T. ) ;
#1177 = ADVANCED_FACE ( 'NONE', ( #79 ), #107, .F. ) ;
#1178 = ORIENTED_EDGE ( 'NONE', *, *, #1242, .T. ) ;
#1179 = CARTESIAN_POINT ( 'NONE',  ( -5.500000000000000000, 10.00000000000000711, -34.44959546395956806 ) ) ;
#1180 = CARTESIAN_POINT ( 'NONE',  ( 20.49999999999999645, 10.00000000000000888, 26.00000000000000355 ) ) ;
#1181 = EDGE_LOOP ( 'NONE', ( #643, #62, #685, #1281 ) ) ;
#1182 = ORIENTED_EDGE ( 'NONE', *, *, #1365, .F. ) ;
#1183 = DIRECTION ( 'NONE',  ( -0.000000000000000000, -1.000000000000000000, -0.000000000000000000 ) ) ;
#1184 = DIRECTION ( 'NONE',  ( -0.000000000000000000, -0.000000000000000000, 1.000000000000000000 ) ) ;
#1185 = EDGE_LOOP ( 'NONE', ( #457, #450, #1534, #1371 ) ) ;
#1186 = EDGE_CURVE ( 'NONE', #1198, #186, #1535, .T. ) ;
#1187 = AXIS2_PLACEMENT_3D ( 'NONE', #692, #678, #1302 ) ;
#1188 = DIRECTION ( 'NONE',  ( 0.000000000000000000, -1.020425574104004246E-16, 1.000000000000000000 ) ) ;
#1189 = CARTESIAN_POINT ( 'NONE',  ( 20.49999999999999645, -16.99999999999999289, -10.99999999999999645 ) ) ;
#1190 = ORIENTED_EDGE ( 'NONE', *, *, #273, .T. ) ;
#1191 = ORIENTED_EDGE ( 'NONE', *, *, #1186, .T. ) ;
#1192 = DIRECTION ( 'NONE',  ( 1.000000000000000000, 0.000000000000000000, 0.000000000000000000 ) ) ;
#1193 = EDGE_CURVE ( 'NONE', #1422, #312, #1428, .T. ) ;
#1194 = VECTOR ( 'NONE', #584, 1000.000000000000000 ) ;
#1195 = CARTESIAN_POINT ( 'NONE',  ( 13.50000000000000178, 6.700000000000009059, -18.99999999999999645 ) ) ;
#1196 = CARTESIAN_POINT ( 'NONE',  ( -5.500000000000000000, 13.70000000000000817, -34.44959546395956806 ) ) ;
#1197 = DIRECTION ( 'NONE',  ( -1.000000000000000000, 0.000000000000000000, 0.000000000000000000 ) ) ;
#1198 = VERTEX_POINT ( 'NONE', #1576 ) ;
#1199 = ADVANCED_FACE ( 'NONE', ( #489 ), #13, .F. ) ;
#1200 = ORIENTED_EDGE ( 'NONE', *, *, #341, .T. ) ;
#1201 = CARTESIAN_POINT ( 'NONE',  ( 15.49999999999996092, 7.000000000000009770, 21.00000000000000355 ) ) ;
#1202 = CARTESIAN_POINT ( 'NONE',  ( 23.50000000000000000, -16.99999999999999289, 39.00000000000000000 ) ) ;
#1203 = DIRECTION ( 'NONE',  ( -1.000000000000000000, -0.000000000000000000, -0.000000000000000000 ) ) ;
#1204 = DIRECTION ( 'NONE',  ( -1.000000000000000000, -0.000000000000000000, -0.000000000000000000 ) ) ;
#1205 = ORIENTED_EDGE ( 'NONE', *, *, #1025, .T. ) ;
#1206 = EDGE_CURVE ( 'NONE', #544, #782, #369, .T. ) ;
#1207 = ORIENTED_EDGE ( 'NONE', *, *, #436, .F. ) ;
#1208 = CARTESIAN_POINT ( 'NONE',  ( -23.60000000000000142, 3.000000000000009770, 39.00000000000000000 ) ) ;
#1209 = VECTOR ( 'NONE', #1420, 1000.000000000000000 ) ;
#1210 = DIRECTION ( 'NONE',  ( 2.725994033677839551E-15, -1.000000000000000000, 0.000000000000000000 ) ) ;
#1211 = DIRECTION ( 'NONE',  ( 0.000000000000000000, 0.000000000000000000, -1.000000000000000000 ) ) ;
#1212 = DIRECTION ( 'NONE',  ( -0.000000000000000000, 0.000000000000000000, -1.000000000000000000 ) ) ;
#1213 = ORIENTED_EDGE ( 'NONE', *, *, #1077, .T. ) ;
#1214 = CARTESIAN_POINT ( 'NONE',  ( -20.50000000000000000, 10.00000000000001066, -34.44959546395956806 ) ) ;
#1215 = ORIENTED_EDGE ( 'NONE', *, *, #719, .T. ) ;
#1216 = DIRECTION ( 'NONE',  ( 0.000000000000000000, 1.000000000000000000, 0.000000000000000000 ) ) ;
#1217 = DIRECTION ( 'NONE',  ( -0.000000000000000000, 1.020425574104004246E-16, -1.000000000000000000 ) ) ;
#1218 = CIRCLE ( 'NONE', #738, 4.500000000000003553 ) ;
#1219 = FACE_OUTER_BOUND ( 'NONE', #328, .T. ) ;
#1220 = DIRECTION ( 'NONE',  ( 0.000000000000000000, 0.000000000000000000, 1.000000000000000000 ) ) ;
#1221 = ORIENTED_EDGE ( 'NONE', *, *, #1477, .F. ) ;
#1222 = VECTOR ( 'NONE', #787, 1000.000000000000000 ) ;
#1223 = CYLINDRICAL_SURFACE ( 'NONE', #986, 2.850000000000000089 ) ;
#1224 = ORIENTED_EDGE ( 'NONE', *, *, #1263, .T. ) ;
#1225 = VECTOR ( 'NONE', #172, 1000.000000000000000 ) ;
#1226 = VECTOR ( 'NONE', #365, 1000.000000000000000 ) ;
#1227 = LINE ( 'NONE', #1568, #1154 ) ;
#1228 = FACE_BOUND ( 'NONE', #77, .T. ) ;
#1229 = CYLINDRICAL_SURFACE ( 'NONE', #528, 4.500000000000000888 ) ;
#1230 = EDGE_CURVE ( 'NONE', #1422, #345, #991, .T. ) ;
#1231 = ORIENTED_EDGE ( 'NONE', *, *, #696, .T. ) ;
#1232 = DIRECTION ( 'NONE',  ( -1.000000000000000000, 0.000000000000000000, 0.000000000000000000 ) ) ;
#1233 = CIRCLE ( 'NONE', #754, 4.500000000000000888 ) ;
#1234 = ORIENTED_EDGE ( 'NONE', *, *, #472, .T. ) ;
#1235 = AXIS2_PLACEMENT_3D ( 'NONE', #1030, #45, #1478 ) ;
#1236 = DIRECTION ( 'NONE',  ( 0.000000000000000000, 0.000000000000000000, -1.000000000000000000 ) ) ;
#1237 = PLANE ( 'NONE',  #1050 ) ;
#1238 = ORIENTED_EDGE ( 'NONE', *, *, #425, .F. ) ;
#1239 = DIRECTION ( 'NONE',  ( 2.788944495139567582E-17, 1.000000000000000000, 0.000000000000000000 ) ) ;
#1240 = EDGE_LOOP ( 'NONE', ( #906, #1191, #402, #391 ) ) ;
#1241 = LINE ( 'NONE', #123, #1079 ) ;
#1242 = EDGE_CURVE ( 'NONE', #537, #232, #889, .T. ) ;
#1243 = PLANE ( 'NONE',  #151 ) ;
#1244 = CARTESIAN_POINT ( 'NONE',  ( -13.10000000000000853, -0.4999999999999882871, 21.00000000000000355 ) ) ;
#1245 = STYLED_ITEM ( 'NONE', ( #982 ), #518 ) ;
#1246 = ORIENTED_EDGE ( 'NONE', *, *, #1581, .F. ) ;
#1247 = FACE_OUTER_BOUND ( 'NONE', #941, .T. ) ;
#1248 = AXIS2_PLACEMENT_3D ( 'NONE', #353, #467, #573 ) ;
#1249 = EDGE_CURVE ( 'NONE', #190, #724, #266, .T. ) ;
#1250 = LINE ( 'NONE', #1264, #700 ) ;
#1251 = CARTESIAN_POINT ( 'NONE',  ( 20.49999999999999645, -16.99999999999999289, -10.99999999999999645 ) ) ;
#1252 = FACE_OUTER_BOUND ( 'NONE', #479, .T. ) ;
#1253 = ORIENTED_EDGE ( 'NONE', *, *, #1519, .F. ) ;
#1254 = FACE_OUTER_BOUND ( 'NONE', #740, .T. ) ;
#1255 = ADVANCED_FACE ( 'NONE', ( #999 ), #984, .T. ) ;
#1256 = ORIENTED_EDGE ( 'NONE', *, *, #863, .T. ) ;
#1257 = AXIS2_PLACEMENT_3D ( 'NONE', #1473, #988, #1369 ) ;
#1258 = ADVANCED_FACE ( 'NONE', ( #1254 ), #5, .F. ) ;
#1259 = CYLINDRICAL_SURFACE ( 'NONE', #1235, 6.999999999999999112 ) ;
#1260 = CARTESIAN_POINT ( 'NONE',  ( -18.10000000000000853, -0.5000000000000232037, 21.00000000000000355 ) ) ;
#1261 = ORIENTED_EDGE ( 'NONE', *, *, #969, .T. ) ;
#1262 = DIRECTION ( 'NONE',  ( 1.000000000000000000, 0.000000000000000000, 0.000000000000000000 ) ) ;
#1263 = EDGE_CURVE ( 'NONE', #1523, #1551, #1421, .T. ) ;
#1264 = CARTESIAN_POINT ( 'NONE',  ( 20.49999999999999645, 3.000000000000007994, 26.00000000000000355 ) ) ;
#1265 = DIRECTION ( 'NONE',  ( 1.000000000000000000, 0.000000000000000000, 0.000000000000000000 ) ) ;
#1266 = ORIENTED_EDGE ( 'NONE', *, *, #153, .F. ) ;
#1267 = PLANE ( 'NONE',  #1144 ) ;
#1268 = CIRCLE ( 'NONE', #682, 5.000000000000000888 ) ;
#1269 = EDGE_LOOP ( 'NONE', ( #1489, #1190, #198, #1126 ) ) ;
#1270 = FACE_OUTER_BOUND ( 'NONE', #497, .T. ) ;
#1271 = EDGE_CURVE ( 'NONE', #444, #1101, #1460, .T. ) ;
#1272 = DIRECTION ( 'NONE',  ( 0.000000000000000000, -1.000000000000000000, 0.000000000000000000 ) ) ;
#1273 = ORIENTED_EDGE ( 'NONE', *, *, #1485, .F. ) ;
#1274 = DIRECTION ( 'NONE',  ( 0.000000000000000000, -0.000000000000000000, 1.000000000000000000 ) ) ;
#1275 = LINE ( 'NONE', #1121, #993 ) ;
#1276 = LINE ( 'NONE', #159, #899 ) ;
#1277 = EDGE_CURVE ( 'NONE', #1317, #4, #525, .T. ) ;
#1278 = CARTESIAN_POINT ( 'NONE',  ( -40.72741699796952730, -9.999999999999991118, -2.999999999999997335 ) ) ;
#1279 = ORIENTED_EDGE ( 'NONE', *, *, #49, .T. ) ;
#1280 = CARTESIAN_POINT ( 'NONE',  ( 16.50000000000000000, 17.00000000000000711, -18.99999999999999645 ) ) ;
#1281 = ORIENTED_EDGE ( 'NONE', *, *, #593, .F. ) ;
#1282 = CARTESIAN_POINT ( 'NONE',  ( 13.00000000000000000, -0.4999999999999882871, -10.99999999999999645 ) ) ;
#1283 = PLANE ( 'NONE',  #1326 ) ;
#1284 = CARTESIAN_POINT ( 'NONE',  ( -0.01710526315789521676, 10.00000000000001066, -6.499999999999995559 ) ) ;
#1285 = EDGE_CURVE ( 'NONE', #750, #312, #135, .T. ) ;
#1286 = EDGE_LOOP ( 'NONE', ( #916, #1466, #1084, #1035, #426, #558, #289, #1068, #128, #1474, #1033, #659, #1451, #1178, #177, #1045, #925 ) ) ;
#1287 = CARTESIAN_POINT ( 'NONE',  ( 15.49999999999996092, 7.000000000000009770, 21.00000000000000355 ) ) ;
#1288 = ORIENTED_EDGE ( 'NONE', *, *, #511, .T. ) ;
#1289 = ORIENTED_EDGE ( 'NONE', *, *, #895, .F. ) ;
#1290 = AXIS2_PLACEMENT_3D ( 'NONE', #308, #176, #26 ) ;
#1291 = CARTESIAN_POINT ( 'NONE',  ( 20.49999999999999645, 3.000000000000007994, 39.00000000000000000 ) ) ;
#1292 = ADVANCED_FACE ( 'NONE', ( #862 ), #150, .T. ) ;
#1293 = DIRECTION ( 'NONE',  ( -1.000000000000000000, 0.000000000000000000, 0.000000000000000000 ) ) ;
#1294 = CIRCLE ( 'NONE', #1491, 4.999999999999999112 ) ;
#1295 = CARTESIAN_POINT ( 'NONE',  ( 20.49999999999999645, -6.999999999999992006, 31.00000000000000000 ) ) ;
#1296 = VECTOR ( 'NONE', #876, 1000.000000000000000 ) ;
#1297 = ORIENTED_EDGE ( 'NONE', *, *, #460, .T. ) ;
#1298 = CARTESIAN_POINT ( 'NONE',  ( 20.49999999999999645, -16.99999999999999289, 39.00000000000000000 ) ) ;
#1299 = CIRCLE ( 'NONE', #615, 6.999999999999999112 ) ;
#1300 = VERTEX_POINT ( 'NONE', #1367 ) ;
#1301 = ORIENTED_EDGE ( 'NONE', *, *, #1138, .T. ) ;
#1302 = DIRECTION ( 'NONE',  ( -1.000000000000000000, 0.000000000000000000, 0.000000000000000000 ) ) ;
#1303 = EDGE_CURVE ( 'NONE', #676, #1300, #129, .T. ) ;
#1304 = LINE ( 'NONE', #315, #38 ) ;
#1305 = VERTEX_POINT ( 'NONE', #263 ) ;
#1306 = ADVANCED_FACE ( 'NONE', ( #1247 ), #751, .T. ) ;
#1307 = LINE ( 'NONE', #845, #294 ) ;
#1308 = DIRECTION ( 'NONE',  ( -1.000000000000000000, 0.000000000000000000, 0.000000000000000000 ) ) ;
#1309 = VERTEX_POINT ( 'NONE', #20 ) ;
#1310 = EDGE_CURVE ( 'NONE', #1103, #444, #1132, .T. ) ;
#1311 = CARTESIAN_POINT ( 'NONE',  ( -23.60000000000000142, 0.000000000000000000, 0.000000000000000000 ) ) ;
#1312 = DIRECTION ( 'NONE',  ( 0.000000000000000000, 0.000000000000000000, -1.000000000000000000 ) ) ;
#1313 = EDGE_CURVE ( 'NONE', #1309, #1041, #1490, .T. ) ;
#1314 = FACE_BOUND ( 'NONE', #653, .T. ) ;
#1315 = FACE_OUTER_BOUND ( 'NONE', #32, .T. ) ;
#1316 = PLANE ( 'NONE',  #717 ) ;
#1317 = VERTEX_POINT ( 'NONE', #621 ) ;
#1318 = CARTESIAN_POINT ( 'NONE',  ( -0.01710526315789521676, 10.00000000000001066, -3.649999999999995470 ) ) ;
#1319 = EDGE_CURVE ( 'NONE', #447, #1335, #1496, .T. ) ;
#1320 = DIRECTION ( 'NONE',  ( -1.000000000000000000, -0.000000000000000000, -0.000000000000000000 ) ) ;
#1321 = DIRECTION ( 'NONE',  ( 1.000000000000000000, -0.000000000000000000, -0.000000000000000000 ) ) ;
#1322 =( NAMED_UNIT ( * ) SI_UNIT ( $, .STERADIAN. ) SOLID_ANGLE_UNIT ( ) );
#1323 = AXIS2_PLACEMENT_3D ( 'NONE', #920, #1023, #1502 ) ;
#1324 = ORIENTED_EDGE ( 'NONE', *, *, #1453, .T. ) ;
#1325 = ORIENTED_EDGE ( 'NONE', *, *, #569, .T. ) ;
#1326 = AXIS2_PLACEMENT_3D ( 'NONE', #1311, #1061, #306 ) ;
#1327 = EDGE_CURVE ( 'NONE', #1317, #316, #907, .T. ) ;
#1328 = CARTESIAN_POINT ( 'NONE',  ( -20.60000000000000497, -9.999999999999992895, -10.99999999999999822 ) ) ;
#1329 = DIRECTION ( 'NONE',  ( -1.000000000000000000, 0.000000000000000000, 0.000000000000000000 ) ) ;
#1330 = VECTOR ( 'NONE', #739, 1000.000000000000000 ) ;
#1331 = DIRECTION ( 'NONE',  ( -1.000000000000000000, 0.000000000000000000, 0.000000000000000000 ) ) ;
#1332 = FACE_OUTER_BOUND ( 'NONE', #368, .T. ) ;
#1333 = CIRCLE ( 'NONE', #1358, 7.000000000000000000 ) ;
#1334 = ORIENTED_EDGE ( 'NONE', *, *, #702, .T. ) ;
#1335 = VERTEX_POINT ( 'NONE', #654 ) ;
#1336 = LINE ( 'NONE', #111, #1226 ) ;
#1337 = CARTESIAN_POINT ( 'NONE',  ( -0.01710526315789521676, 17.00000000000000711, -6.499999999999995559 ) ) ;
#1338 = FACE_OUTER_BOUND ( 'NONE', #595, .T. ) ;
#1339 = VERTEX_POINT ( 'NONE', #164 ) ;
#1340 = DIRECTION ( 'NONE',  ( -0.000000000000000000, -0.000000000000000000, 1.000000000000000000 ) ) ;
#1341 = ORIENTED_EDGE ( 'NONE', *, *, #300, .T. ) ;
#1342 = EDGE_CURVE ( 'NONE', #1309, #1092, #1522, .T. ) ;
#1343 = CARTESIAN_POINT ( 'NONE',  ( -36.32792206135786017, -6.999999999999991118, 35.50000000000000711 ) ) ;
#1344 = DIRECTION ( 'NONE',  ( 0.000000000000000000, -1.000000000000000000, 0.000000000000000000 ) ) ;
#1345 = CIRCLE ( 'NONE', #1511, 7.999999999999998224 ) ;
#1346 = AXIS2_PLACEMENT_3D ( 'NONE', #1291, #435, #813 ) ;
#1347 = EDGE_LOOP ( 'NONE', ( #1530, #966, #871, #620, #408, #302 ) ) ;
#1348 = AXIS2_PLACEMENT_3D ( 'NONE', #197, #1212, #1450 ) ;
#1349 = CARTESIAN_POINT ( 'NONE',  ( 19.67332973362026394, 10.00000000000000888, 19.00000000000000355 ) ) ;
#1350 = ORIENTED_EDGE ( 'NONE', *, *, #1085, .T. ) ;
#1351 = VECTOR ( 'NONE', #1532, 1000.000000000000000 ) ;
#1352 = AXIS2_PLACEMENT_3D ( 'NONE', #778, #301, #523 ) ;
#1353 = LINE ( 'NONE', #491, #967 ) ;
#1354 = DIRECTION ( 'NONE',  ( 0.000000000000000000, 1.000000000000000000, 0.000000000000000000 ) ) ;
#1355 = SURFACE_STYLE_USAGE ( .BOTH. , #881 ) ;
#1356 = ORIENTED_EDGE ( 'NONE', *, *, #1249, .T. ) ;
#1357 = CARTESIAN_POINT ( 'NONE',  ( -36.32792206135786017, -6.999999999999992006, 31.00000000000000000 ) ) ;
#1358 = AXIS2_PLACEMENT_3D ( 'NONE', #625, #1217, #1210 ) ;
#1359 = EDGE_LOOP ( 'NONE', ( #1213, #808, #1537, #1565 ) ) ;
#1360 = ADVANCED_FACE ( 'NONE', ( #674, #661 ), #1267, .F. ) ;
#1361 = CARTESIAN_POINT ( 'NONE',  ( 5.500000000000000000, 10.00000000000001066, -18.99999999999999645 ) ) ;
#1362 = DIRECTION ( 'NONE',  ( 0.000000000000000000, 0.000000000000000000, -1.000000000000000000 ) ) ;
#1363 = PRESENTATION_STYLE_ASSIGNMENT (( #114 ) ) ;
#1364 = CIRCLE ( 'NONE', #50, 4.999999999999999112 ) ;
#1365 = EDGE_CURVE ( 'NONE', #708, #262, #1096, .T. ) ;
#1366 = VERTEX_POINT ( 'NONE', #1280 ) ;
#1367 = CARTESIAN_POINT ( 'NONE',  ( -20.60000000000000497, 10.00000000000001066, -18.99999999999999645 ) ) ;
#1368 = FACE_OUTER_BOUND ( 'NONE', #1385, .T. ) ;
#1369 = DIRECTION ( 'NONE',  ( -1.000000000000000000, 0.000000000000000000, 0.000000000000000000 ) ) ;
#1370 = EDGE_CURVE ( 'NONE', #622, #281, #42, .T. ) ;
#1371 = ORIENTED_EDGE ( 'NONE', *, *, #511, .F. ) ;
#1372 = DIRECTION ( 'NONE',  ( 0.000000000000000000, -0.000000000000000000, 1.000000000000000000 ) ) ;
#1373 = CIRCLE ( 'NONE', #1064, 7.000000000000000000 ) ;
#1374 = VECTOR ( 'NONE', #1398, 1000.000000000000000 ) ;
#1375 = AXIS2_PLACEMENT_3D ( 'NONE', #650, #144, #644 ) ;
#1376 = VECTOR ( 'NONE', #379, 1000.000000000000000 ) ;
#1377 = DIRECTION ( 'NONE',  ( -0.000000000000000000, -0.000000000000000000, -1.000000000000000000 ) ) ;
#1378 = DIRECTION ( 'NONE',  ( 0.000000000000000000, 0.000000000000000000, -1.000000000000000000 ) ) ;
#1379 = DIRECTION ( 'NONE',  ( 0.000000000000000000, 0.000000000000000000, -1.000000000000000000 ) ) ;
#1380 = ORIENTED_EDGE ( 'NONE', *, *, #1468, .T. ) ;
#1381 = DIRECTION ( 'NONE',  ( 1.284980352575412453E-16, 1.000000000000000000, 0.000000000000000000 ) ) ;
#1382 = ORIENTED_EDGE ( 'NONE', *, *, #1558, .F. ) ;
#1383 = DIRECTION ( 'NONE',  ( 0.000000000000000000, -1.000000000000000000, 0.000000000000000000 ) ) ;
#1384 = CARTESIAN_POINT ( 'NONE',  ( 20.49999999999999645, 1.999999999999974909, 21.00000000000000355 ) ) ;
#1385 = EDGE_LOOP ( 'NONE', ( #355, #524, #915, #158 ) ) ;
#1386 = CARTESIAN_POINT ( 'NONE',  ( 13.50000000000000178, 13.70000000000000817, 19.00000000000000355 ) ) ;
#1387 = ORIENTED_EDGE ( 'NONE', *, *, #14, .F. ) ;
#1388 = DIRECTION ( 'NONE',  ( 0.000000000000000000, -0.000000000000000000, 1.000000000000000000 ) ) ;
#1389 = LINE ( 'NONE', #1010, #771 ) ;
#1390 = ORIENTED_EDGE ( 'NONE', *, *, #895, .T. ) ;
#1391 = DIRECTION ( 'NONE',  ( -1.000000000000000000, 0.000000000000000000, 0.000000000000000000 ) ) ;
#1392 = ORIENTED_EDGE ( 'NONE', *, *, #1533, .T. ) ;
#1393 = VECTOR ( 'NONE', #90, 1000.000000000000000 ) ;
#1394 = CARTESIAN_POINT ( 'NONE',  ( -5.500000000000000000, 13.70000000000000817, 19.00000000000000000 ) ) ;
#1395 = CIRCLE ( 'NONE', #718, 7.999999999999998224 ) ;
#1396 = PLANE ( 'NONE',  #557 ) ;
#1397 = ORIENTED_EDGE ( 'NONE', *, *, #1124, .T. ) ;
#1398 = DIRECTION ( 'NONE',  ( -0.000000000000000000, -0.000000000000000000, -1.000000000000000000 ) ) ;
#1399 = EDGE_LOOP ( 'NONE', ( #1182, #1161 ) ) ;
#1400 = FACE_OUTER_BOUND ( 'NONE', #142, .T. ) ;
#1401 = EDGE_CURVE ( 'NONE', #1495, #1482, #1139, .T. ) ;
#1402 = CARTESIAN_POINT ( 'NONE',  ( -13.09999999999997478, 4.500000000000010658, -10.99999999999999645 ) ) ;
#1403 = CIRCLE ( 'NONE', #849, 2.850000000000000089 ) ;
#1404 = LINE ( 'NONE', #1278, #419 ) ;
#1405 = ORIENTED_EDGE ( 'NONE', *, *, #1249, .F. ) ;
#1406 = CARTESIAN_POINT ( 'NONE',  ( 18.00000000000000000, -2.999999999999997335, -10.99999999999999645 ) ) ;
#1407 = AXIS2_PLACEMENT_3D ( 'NONE', #1455, #1, #639 ) ;
#1408 = ORIENTED_EDGE ( 'NONE', *, *, #464, .T. ) ;
#1409 = LINE ( 'NONE', #926, #1514 ) ;
#1410 = LINE ( 'NONE', #1544, #1032 ) ;
#1411 = DIRECTION ( 'NONE',  ( -1.000000000000000000, -0.000000000000000000, -0.000000000000000000 ) ) ;
#1412 = ORIENTED_EDGE ( 'NONE', *, *, #1263, .F. ) ;
#1413 = ADVANCED_FACE ( 'NONE', ( #441 ), #1504, .F. ) ;
#1414 = DIRECTION ( 'NONE',  ( 0.000000000000000000, 1.000000000000000000, 0.000000000000000000 ) ) ;
#1415 = DIRECTION ( 'NONE',  ( 1.000000000000000000, -0.000000000000000000, -0.000000000000000000 ) ) ;
#1416 = ORIENTED_EDGE ( 'NONE', *, *, #519, .F. ) ;
#1417 = EDGE_CURVE ( 'NONE', #1122, #1305, #794, .T. ) ;
#1418 = ORIENTED_EDGE ( 'NONE', *, *, #770, .T. ) ;
#1419 = CARTESIAN_POINT ( 'NONE',  ( 20.49999999999999645, -16.99999999999999289, 39.00000000000000000 ) ) ;
#1420 = DIRECTION ( 'NONE',  ( 0.000000000000000000, 1.000000000000000000, 0.000000000000000000 ) ) ;
#1421 = CIRCLE ( 'NONE', #323, 7.000000000000000000 ) ;
#1422 = VERTEX_POINT ( 'NONE', #1406 ) ;
#1423 = VECTOR ( 'NONE', #709, 1000.000000000000000 ) ;
#1424 = CYLINDRICAL_SURFACE ( 'NONE', #10, 5.000000000000000888 ) ;
#1425 = DIRECTION ( 'NONE',  ( -1.000000000000000000, 0.000000000000000000, 0.000000000000000000 ) ) ;
#1426 = ADVANCED_FACE ( 'NONE', ( #932 ), #1153, .T. ) ;
#1427 = ORIENTED_EDGE ( 'NONE', *, *, #857, .F. ) ;
#1428 = LINE ( 'NONE', #610, #686 ) ;
#1429 = DIRECTION ( 'NONE',  ( 0.000000000000000000, 1.000000000000000000, 0.000000000000000000 ) ) ;
#1430 = CLOSED_SHELL ( 'NONE', ( #1133, #1177, #1258, #284, #53, #1513, #409, #1255, #1059, #710, #480, #168, #977, #575, #398, #1566, #878, #1471, #572, #33, #1114, #645, #1360, #1292, #1018, #992, #160, #801, #351, #637, #1413, #3, #496, #288, #958, #973, #1572, #753, #509, #1000, #872, #1306, #1199 ) ) ;
#1431 = DIRECTION ( 'NONE',  ( 0.000000000000000000, 0.000000000000000000, -1.000000000000000000 ) ) ;
#1432 = LINE ( 'NONE', #1298, #790 ) ;
#1433 = CYLINDRICAL_SURFACE ( 'NONE', #349, 6.999999999999999112 ) ;
#1434 = VERTEX_POINT ( 'NONE', #1287 ) ;
#1435 = PLANE ( 'NONE',  #744 ) ;
#1436 = DIRECTION ( 'NONE',  ( 0.000000000000000000, 0.000000000000000000, -1.000000000000000000 ) ) ;
#1437 = CARTESIAN_POINT ( 'NONE',  ( -18.10000000000000853, -0.5000000000000232037, -10.99999999999999645 ) ) ;
#1438 = VERTEX_POINT ( 'NONE', #156 ) ;
#1439 = ORIENTED_EDGE ( 'NONE', *, *, #1271, .F. ) ;
#1440 = EDGE_CURVE ( 'NONE', #1434, #106, #1034, .T. ) ;
#1441 = CARTESIAN_POINT ( 'NONE',  ( 18.00000000000000000, -9.999999999999992895, -18.99999999999999645 ) ) ;
#1442 = PRESENTATION_LAYER_ASSIGNMENT (  '', '', ( #553 ) ) ;
#1443 = CARTESIAN_POINT ( 'NONE',  ( -23.60000000000000142, -16.99999999999999289, 39.00000000000000000 ) ) ;
#1444 = DIRECTION ( 'NONE',  ( 0.000000000000000000, -0.000000000000000000, 1.000000000000000000 ) ) ;
#1445 = DIRECTION ( 'NONE',  ( -1.000000000000000000, 0.000000000000000000, 0.000000000000000000 ) ) ;
#1446 = ORIENTED_EDGE ( 'NONE', *, *, #1028, .F. ) ;
#1447 = ORIENTED_EDGE ( 'NONE', *, *, #1319, .F. ) ;
#1448 = LINE ( 'NONE', #243, #470 ) ;
#1449 = DIRECTION ( 'NONE',  ( 0.000000000000000000, -0.000000000000000000, -1.000000000000000000 ) ) ;
#1450 = DIRECTION ( 'NONE',  ( 1.000000000000000000, 0.000000000000000000, 0.000000000000000000 ) ) ;
#1451 = ORIENTED_EDGE ( 'NONE', *, *, #451, .T. ) ;
#1452 = LINE ( 'NONE', #428, #1123 ) ;
#1453 = EDGE_CURVE ( 'NONE', #84, #241, #410, .T. ) ;
#1454 = ORIENTED_EDGE ( 'NONE', *, *, #784, .T. ) ;
#1455 = CARTESIAN_POINT ( 'NONE',  ( -5.500000000000000000, 10.00000000000000711, -34.44959546395956806 ) ) ;
#1456 = LINE ( 'NONE', #747, #1149 ) ;
#1457 = SURFACE_SIDE_STYLE ('',( #617 ) ) ;
#1458 = PRODUCT_CONTEXT ( 'NONE', #256, 'mechanical' ) ;
#1459 = VERTEX_POINT ( 'NONE', #901 ) ;
#1460 = LINE ( 'NONE', #503, #37 ) ;
#1461 = ORIENTED_EDGE ( 'NONE', *, *, #577, .F. ) ;
#1462 = EDGE_CURVE ( 'NONE', #84, #1495, #287, .T. ) ;
#1463 = DIRECTION ( 'NONE',  ( 0.000000000000000000, 0.000000000000000000, 1.000000000000000000 ) ) ;
#1464 = CARTESIAN_POINT ( 'NONE',  ( 5.500000000000000000, 10.00000000000001066, -34.44959546395956806 ) ) ;
#1465 = FILL_AREA_STYLE ('',( #1004 ) ) ;
#1466 = ORIENTED_EDGE ( 'NONE', *, *, #1313, .T. ) ;
#1467 = DIRECTION ( 'NONE',  ( 0.000000000000000000, 0.000000000000000000, -1.000000000000000000 ) ) ;
#1468 = EDGE_CURVE ( 'NONE', #1043, #1027, #887, .T. ) ;
#1469 = VERTEX_POINT ( 'NONE', #69 ) ;
#1470 = VECTOR ( 'NONE', #1381, 1000.000000000000000 ) ;
#1471 = ADVANCED_FACE ( 'NONE', ( #58 ), #554, .T. ) ;
#1472 = CARTESIAN_POINT ( 'NONE',  ( -23.60000000000000142, -16.99999999999999289, 19.00000000000000000 ) ) ;
#1473 = CARTESIAN_POINT ( 'NONE',  ( 16.50000000000000000, 10.00000000000000888, -18.99999999999999645 ) ) ;
#1474 = ORIENTED_EDGE ( 'NONE', *, *, #1303, .T. ) ;
#1475 = CARTESIAN_POINT ( 'NONE',  ( 5.500000000000000000, 13.70000000000000817, -18.99999999999999645 ) ) ;
#1476 = VECTOR ( 'NONE', #1344, 1000.000000000000000 ) ;
#1477 = EDGE_CURVE ( 'NONE', #1339, #1101, #1171, .T. ) ;
#1478 = DIRECTION ( 'NONE',  ( 0.000000000000000000, 0.000000000000000000, 1.000000000000000000 ) ) ;
#1479 = CARTESIAN_POINT ( 'NONE',  ( -20.60000000000000497, 1.999999999999975797, -10.99999999999999645 ) ) ;
#1480 = DIRECTION ( 'NONE',  ( -1.000000000000000000, 0.000000000000000000, 0.000000000000000000 ) ) ;
#1481 = AXIS2_PLACEMENT_3D ( 'NONE', #1284, #1055, #1553 ) ;
#1482 = VERTEX_POINT ( 'NONE', #707 ) ;
#1483 = DIRECTION ( 'NONE',  ( -0.000000000000000000, 1.000000000000000000, -0.000000000000000000 ) ) ;
#1484 = ORIENTED_EDGE ( 'NONE', *, *, #1417, .F. ) ;
#1485 = EDGE_CURVE ( 'NONE', #1434, #1438, #65, .T. ) ;
#1486 = DIRECTION ( 'NONE',  ( 0.000000000000000000, -0.000000000000000000, 1.000000000000000000 ) ) ;
#1487 = CARTESIAN_POINT ( 'NONE',  ( -16.60000000000000497, 10.00000000000000888, 19.00000000000000355 ) ) ;
#1488 = DIRECTION ( 'NONE',  ( 0.000000000000000000, 0.000000000000000000, 1.000000000000000000 ) ) ;
#1489 = ORIENTED_EDGE ( 'NONE', *, *, #332, .T. ) ;
#1490 = LINE ( 'NONE', #400, #1470 ) ;
#1491 = AXIS2_PLACEMENT_3D ( 'NONE', #487, #1082, #1308 ) ;
#1492 = ADVANCED_BREP_SHAPE_REPRESENTATION ( 'Walker_Brake', ( #518, #473, #482 ), #1545 ) ;
#1493 = CARTESIAN_POINT ( 'NONE',  ( 13.00000000000000000, -0.4999999999999882871, 21.00000000000000355 ) ) ;
#1494 = CARTESIAN_POINT ( 'NONE',  ( -5.500000000000000000, 13.70000000000000817, -18.99999999999999645 ) ) ;
#1495 = VERTEX_POINT ( 'NONE', #83 ) ;
#1496 = LINE ( 'NONE', #533, #793 ) ;
#1497 = ORIENTED_EDGE ( 'NONE', *, *, #842, .T. ) ;
#1498 = CIRCLE ( 'NONE', #126, 4.500000000000003553 ) ;
#1499 = EDGE_CURVE ( 'NONE', #345, #444, #1294, .T. ) ;
#1500 = ORIENTED_EDGE ( 'NONE', *, *, #627, .T. ) ;
#1501 = DIRECTION ( 'NONE',  ( 0.000000000000000000, -0.000000000000000000, 1.000000000000000000 ) ) ;
#1502 = DIRECTION ( 'NONE',  ( -1.000000000000000000, 0.000000000000000000, 0.000000000000000000 ) ) ;
#1503 = EDGE_LOOP ( 'NONE', ( #893, #1200, #6, #594, #1060 ) ) ;
#1504 = CYLINDRICAL_SURFACE ( 'NONE', #375, 7.000000000000000000 ) ;
#1505 = UNCERTAINTY_MEASURE_WITH_UNIT (LENGTH_MEASURE( 1.000000000000000082E-05 ), #515, 'distance_accuracy_value', 'NONE');
#1506 = ORIENTED_EDGE ( 'NONE', *, *, #961, .F. ) ;
#1507 = FACE_OUTER_BOUND ( 'NONE', #1582, .T. ) ;
#1508 = LINE ( 'NONE', #413, #1097 ) ;
#1509 = ORIENTED_EDGE ( 'NONE', *, *, #582, .F. ) ;
#1510 = DIRECTION ( 'NONE',  ( 0.000000000000000000, 0.000000000000000000, -1.000000000000000000 ) ) ;
#1511 = AXIS2_PLACEMENT_3D ( 'NONE', #40, #785, #429 ) ;
#1512 = VERTEX_POINT ( 'NONE', #1550 ) ;
#1513 = ADVANCED_FACE ( 'NONE', ( #846, #838 ), #1316, .F. ) ;
#1514 = VECTOR ( 'NONE', #559, 1000.000000000000000 ) ;
#1515 = EDGE_LOOP ( 'NONE', ( #1577, #1029 ) ) ;
#1516 = DIRECTION ( 'NONE',  ( 1.000000000000000000, 0.000000000000000000, 0.000000000000000000 ) ) ;
#1517 = CARTESIAN_POINT ( 'NONE',  ( -20.60000000000000497, -16.99999999999999289, -68.17529867728308091 ) ) ;
#1518 = CIRCLE ( 'NONE', #534, 4.500000000000001776 ) ;
#1519 = EDGE_CURVE ( 'NONE', #170, #1521, #698, .T. ) ;
#1520 = DIRECTION ( 'NONE',  ( -1.000000000000000000, 0.000000000000000000, 0.000000000000000000 ) ) ;
#1521 = VERTEX_POINT ( 'NONE', #728 ) ;
#1522 = LINE ( 'NONE', #318, #1225 ) ;
#1523 = VERTEX_POINT ( 'NONE', #939 ) ;
#1524 = VERTEX_POINT ( 'NONE', #468 ) ;
#1525 = CARTESIAN_POINT ( 'NONE',  ( -18.10000000000000853, -9.999999999999992895, -18.99999999999999645 ) ) ;
#1526 = DIRECTION ( 'NONE',  ( 0.000000000000000000, 0.000000000000000000, 1.000000000000000000 ) ) ;
#1527 = VECTOR ( 'NONE', #1563, 1000.000000000000000 ) ;
#1528 = EDGE_CURVE ( 'NONE', #1548, #1512, #585, .T. ) ;
#1529 = LINE ( 'NONE', #581, #386 ) ;
#1530 = ORIENTED_EDGE ( 'NONE', *, *, #385, .T. ) ;
#1531 = CARTESIAN_POINT ( 'NONE',  ( -23.60000000000000142, 17.00000000000000711, 19.00000000000000355 ) ) ;
#1532 = DIRECTION ( 'NONE',  ( 0.000000000000000000, 0.000000000000000000, -1.000000000000000000 ) ) ;
#1533 = EDGE_CURVE ( 'NONE', #609, #216, #949, .T. ) ;
#1534 = ORIENTED_EDGE ( 'NONE', *, *, #1417, .T. ) ;
#1535 = LINE ( 'NONE', #1419, #820 ) ;
#1536 = FACE_OUTER_BOUND ( 'NONE', #1075, .T. ) ;
#1537 = ORIENTED_EDGE ( 'NONE', *, *, #416, .T. ) ;
#1538 = LINE ( 'NONE', #706, #1039 ) ;
#1539 = APPLICATION_PROTOCOL_DEFINITION ( 'draft international standard', 'automotive_design', 1998, #256 ) ;
#1540 = ORIENTED_EDGE ( 'NONE', *, *, #472, .F. ) ;
#1541 = UNCERTAINTY_MEASURE_WITH_UNIT (LENGTH_MEASURE( 1.000000000000000082E-05 ), #1564, 'distance_accuracy_value', 'NONE');
#1542 = ORIENTED_EDGE ( 'NONE', *, *, #696, .F. ) ;
#1543 = CIRCLE ( 'NONE', #964, 2.850000000000000089 ) ;
#1544 = CARTESIAN_POINT ( 'NONE',  ( -0.01710526315789486981, 1.938982694473368351, -9.349999999999996092 ) ) ;
#1545 =( GEOMETRIC_REPRESENTATION_CONTEXT ( 3 ) GLOBAL_UNCERTAINTY_ASSIGNED_CONTEXT ( ( #1541 ) ) GLOBAL_UNIT_ASSIGNED_CONTEXT ( ( #1564, #1557, #1322 ) ) REPRESENTATION_CONTEXT ( 'NONE', 'WORKASPACE' ) );
#1546 = CARTESIAN_POINT ( 'NONE',  ( 20.49999999999999645, 1.999999999999974909, -10.99999999999999645 ) ) ;
#1547 = VECTOR ( 'NONE', #1117, 1000.000000000000000 ) ;
#1548 = VERTEX_POINT ( 'NONE', #344 ) ;
#1549 = LINE ( 'NONE', #75, #586 ) ;
#1550 = CARTESIAN_POINT ( 'NONE',  ( -20.60000000000000497, -16.99999999999999289, 21.00000000000000355 ) ) ;
#1551 = VERTEX_POINT ( 'NONE', #206 ) ;
#1552 = EDGE_LOOP ( 'NONE', ( #664, #1289, #566, #1418 ) ) ;
#1553 = DIRECTION ( 'NONE',  ( 0.000000000000000000, 0.000000000000000000, 1.000000000000000000 ) ) ;
#1554 = VECTOR ( 'NONE', #1080, 1000.000000000000000 ) ;
#1555 = DIRECTION ( 'NONE',  ( 0.000000000000000000, -0.000000000000000000, -1.000000000000000000 ) ) ;
#1556 = LINE ( 'NONE', #1179, #396 ) ;
#1557 =( NAMED_UNIT ( * ) PLANE_ANGLE_UNIT ( ) SI_UNIT ( $, .RADIAN. ) );
#1558 = EDGE_CURVE ( 'NONE', #1523, #998, #972, .T. ) ;
#1559 = ORIENTED_EDGE ( 'NONE', *, *, #672, .F. ) ;
#1560 = ORIENTED_EDGE ( 'NONE', *, *, #857, .T. ) ;
#1561 = AXIS2_PLACEMENT_3D ( 'NONE', #929, #960, #835 ) ;
#1562 = CARTESIAN_POINT ( 'NONE',  ( 20.49999999999999645, -16.99999999999999289, -10.99999999999999645 ) ) ;
#1563 = DIRECTION ( 'NONE',  ( -0.000000000000000000, 1.000000000000000000, -0.000000000000000000 ) ) ;
#1564 =( LENGTH_UNIT ( ) NAMED_UNIT ( * ) SI_UNIT ( .MILLI., .METRE. ) );
#1565 = ORIENTED_EDGE ( 'NONE', *, *, #796, .T. ) ;
#1566 = ADVANCED_FACE ( 'NONE', ( #1332 ), #98, .F. ) ;
#1567 = ORIENTED_EDGE ( 'NONE', *, *, #117, .T. ) ;
#1568 = CARTESIAN_POINT ( 'NONE',  ( -16.60000000000000497, 17.00000000000000711, 19.00000000000000355 ) ) ;
#1569 = AXIS2_PLACEMENT_3D ( 'NONE', #1282, #183, #677 ) ;
#1570 = LINE ( 'NONE', #95, #1554 ) ;
#1571 = CARTESIAN_POINT ( 'NONE',  ( 20.49999999999999645, -6.999999999999991118, 35.50000000000000711 ) ) ;
#1572 = ADVANCED_FACE ( 'NONE', ( #1573 ), #1433, .F. ) ;
#1573 = FACE_OUTER_BOUND ( 'NONE', #286, .T. ) ;
#1574 = AXIS2_PLACEMENT_3D ( 'NONE', #120, #437, #1054 ) ;
#1575 = ORIENTED_EDGE ( 'NONE', *, *, #727, .F. ) ;
#1576 = CARTESIAN_POINT ( 'NONE',  ( 20.49999999999999645, -16.99999999999999289, 39.00000000000000000 ) ) ;
#1577 = ORIENTED_EDGE ( 'NONE', *, *, #61, .F. ) ;
#1578 = DIRECTION ( 'NONE',  ( -1.000000000000000000, 0.000000000000000000, 0.000000000000000000 ) ) ;
#1579 = DIRECTION ( 'NONE',  ( 1.284980352575412453E-16, 1.000000000000000000, 0.000000000000000000 ) ) ;
#1580 = CARTESIAN_POINT ( 'NONE',  ( -18.10000000000000853, -9.999999999999991118, -2.999999999999997335 ) ) ;
#1581 = EDGE_CURVE ( 'NONE', #312, #170, #1093, .T. ) ;
#1582 = EDGE_LOOP ( 'NONE', ( #1083, #68, #29, #296 ) ) ;
#1583 = VECTOR ( 'NONE', #1383, 1000.000000000000000 ) ;
#1584 = DIRECTION ( 'NONE',  ( -0.000000000000000000, 1.020425574104004246E-16, -1.000000000000000000 ) ) ;
#1585 = ORIENTED_EDGE ( 'NONE', *, *, #759, .T. ) ;
ENDSEC;
END-ISO-10303-21;
