ISO-10303-21;
HEADER;
FILE_DESCRIPTION (( 'STEP AP214' ),
    '1' );
FILE_NAME ('Walker_Seat.STEP',
    '2026-08-11T21:06:24',
    ( '' ),
    ( '' ),
    'SwSTEP 2.0',
    'SolidWorks 2023',
    '' );
FILE_SCHEMA (( 'AUTOMOTIVE_DESIGN' ));
ENDSEC;

DATA;
#1 = VERTEX_POINT ( 'NONE', #109 ) ;
#2 = DIRECTION ( 'NONE',  ( 1.000000000000000000, 0.000000000000000000, -3.469446951953620105E-16 ) ) ;
#3 = CARTESIAN_POINT ( 'NONE',  ( 175.0000000000000568, 14.66024868704470308, 105.9180455320014858 ) ) ;
#4 = AXIS2_PLACEMENT_3D ( 'NONE', #2034, #1072, #2464 ) ;
#5 = ADVANCED_FACE ( 'NONE', ( #88 ), #4286, .T. ) ;
#6 = ORIENTED_EDGE ( 'NONE', *, *, #4360, .F. ) ;
#7 = VERTEX_POINT ( 'NONE', #874 ) ;
#8 = CARTESIAN_POINT ( 'NONE',  ( 59.76951992798752400, 10.69663433506538652, 79.73048007201015253 ) ) ;
#9 = VECTOR ( 'NONE', #2593, 1000.000000000000000 ) ;
#10 = FACE_OUTER_BOUND ( 'NONE', #2085, .T. ) ;
#11 = VECTOR ( 'NONE', #350, 1000.000000000000000 ) ;
#12 = CARTESIAN_POINT ( 'NONE',  ( 65.59347301937638974, 15.67426917638901429, 102.9823377040122239 ) ) ;
#13 = DIRECTION ( 'NONE',  ( -1.000000000000000000, 0.000000000000000000, 0.000000000000000000 ) ) ;
#14 = ORIENTED_EDGE ( 'NONE', *, *, #3083, .F. ) ;
#15 = CIRCLE ( 'NONE', #3373, 5.000000000000004441 ) ;
#16 = VERTEX_POINT ( 'NONE', #3968 ) ;
#17 = DIRECTION ( 'NONE',  ( 0.000000000000000000, -1.000000000000000000, 0.000000000000000000 ) ) ;
#18 = VERTEX_POINT ( 'NONE', #2166 ) ;
#19 = CARTESIAN_POINT ( 'NONE',  ( -59.08778526685247812, 15.48535581237355174, 103.7653838543628950 ) ) ;
#20 = DIRECTION ( 'NONE',  ( 0.000000000000000000, 0.000000000000000000, -1.000000000000000000 ) ) ;
#21 = ORIENTED_EDGE ( 'NONE', *, *, #1913, .F. ) ;
#22 = DIRECTION ( 'NONE',  ( -1.000000000000000000, 0.000000000000000000, -0.000000000000000000 ) ) ;
#23 = CARTESIAN_POINT ( 'NONE',  ( -189.9731864877694818, 1.030127930195458008, 115.7726268289217444 ) ) ;
#24 = ADVANCED_FACE ( 'NONE', ( #462 ), #2398, .T. ) ;
#25 = ADVANCED_FACE ( 'NONE', ( #3832 ), #3383, .F. ) ;
#26 = ORIENTED_EDGE ( 'NONE', *, *, #774, .T. ) ;
#27 = CARTESIAN_POINT ( 'NONE',  ( 185.6826875710713409, -13.62803148941263132, 125.0000000000000000 ) ) ;
#28 = DIRECTION ( 'NONE',  ( -1.000000000000000000, 0.000000000000000000, 0.000000000000000000 ) ) ;
#29 = CARTESIAN_POINT ( 'NONE',  ( 64.17705246910847450, 15.15565064426482245, 101.4571537978273739 ) ) ;
#30 = CARTESIAN_POINT ( 'NONE',  ( -142.9654268634290588, -4.010889587451115901, 96.39488891891352296 ) ) ;
#31 = EDGE_CURVE ( 'NONE', #3618, #3723, #1730, .T. ) ;
#32 = VECTOR ( 'NONE', #4130, 1000.000000000000000 ) ;
#33 = ORIENTED_EDGE ( 'NONE', *, *, #1517, .F. ) ;
#34 = DIRECTION ( 'NONE',  ( 0.000000000000000000, -4.336808689942013792E-15, -1.000000000000000000 ) ) ;
#35 = ORIENTED_EDGE ( 'NONE', *, *, #915, .T. ) ;
#36 = CARTESIAN_POINT ( 'NONE',  ( -2.199999999999986411, 8.613941018766775315, -22.15013404825740295 ) ) ;
#37 = DIRECTION ( 'NONE',  ( 0.000000000000000000, 1.000000000000000000, 0.000000000000000000 ) ) ;
#38 = CARTESIAN_POINT ( 'NONE',  ( 181.5714717791672115, 11.71231600902396153, 111.6162743740237175 ) ) ;
#39 = DIRECTION ( 'NONE',  ( 1.000000000000000000, -0.000000000000000000, -0.000000000000000000 ) ) ;
#40 = CARTESIAN_POINT ( 'NONE',  ( 65.83711160140373408, 14.70694477568362757, 105.7982011033724916 ) ) ;
#41 = ORIENTED_EDGE ( 'NONE', *, *, #3129, .T. ) ;
#42 = ORIENTED_EDGE ( 'NONE', *, *, #912, .T. ) ;
#43 = CARTESIAN_POINT ( 'NONE',  ( -64.99999999999991473, 15.00000000000000000, 74.49999999999995737 ) ) ;
#44 = CARTESIAN_POINT ( 'NONE',  ( -37.99999999999999289, -9.000000000000000000, 54.59999999999993747 ) ) ;
#45 = ORIENTED_EDGE ( 'NONE', *, *, #1946, .T. ) ;
#46 = CARTESIAN_POINT ( 'NONE',  ( 185.1612609969486414, -14.96156644179933437, 125.0000000000000000 ) ) ;
#47 = AXIS2_PLACEMENT_3D ( 'NONE', #3282, #2623, #525 ) ;
#48 = CARTESIAN_POINT ( 'NONE',  ( 189.4807327800859866, 4.036379601761448832, 114.2815196107078322 ) ) ;
#49 = CYLINDRICAL_SURFACE ( 'NONE', #4090, 4.999999999999997335 ) ;
#50 = CARTESIAN_POINT ( 'NONE',  ( 68.49749432663448090, 15.59066159003143248, 103.3151815302110350 ) ) ;
#51 = CARTESIAN_POINT ( 'NONE',  ( -38.00000000000000000, -6.699999999999997513, 64.84999999999993747 ) ) ;
#52 = EDGE_CURVE ( 'NONE', #2373, #2859, #2141, .T. ) ;
#53 = B_SPLINE_CURVE_WITH_KNOTS ( 'NONE', 3,
 ( #3594, #478, #1871, #1525, #1183, #3962, #845, #1646, #3742, #694, #652, #3377 ),
 .UNSPECIFIED., .F., .F.,
 ( 4, 2, 2, 2, 2, 4 ),
 ( 0.001965355833009562597, 0.002456975902673456946, 0.002948595972337351295, 0.003440216042001245644, 0.003686026076833172870, 0.003931836111665100095 ),
 .UNSPECIFIED. ) ;
#54 = EDGE_LOOP ( 'NONE', ( #3085, #883, #2787, #3110 ) ) ;
#55 = PLANE ( 'NONE',  #896 ) ;
#56 = ORIENTED_EDGE ( 'NONE', *, *, #2616, .T. ) ;
#57 = CARTESIAN_POINT ( 'NONE',  ( 60.00000000000006395, -11.56659601741150389, 99.99999999999995737 ) ) ;
#58 = EDGE_CURVE ( 'NONE', #4056, #500, #1434, .T. ) ;
#59 = DIRECTION ( 'NONE',  ( -3.469446951953620105E-16, 0.000000000000000000, -1.000000000000000000 ) ) ;
#60 = CARTESIAN_POINT ( 'NONE',  ( 182.2104106643509454, 10.98231281276446047, 112.6690329286663825 ) ) ;
#61 = CARTESIAN_POINT ( 'NONE',  ( 57.72766015284781815, -14.97264101102166833, 104.2026911230326647 ) ) ;
#62 = CARTESIAN_POINT ( 'NONE',  ( -190.0000000000000000, -15.00000000000000000, 125.0000000000000000 ) ) ;
#63 = VERTEX_POINT ( 'NONE', #3873 ) ;
#64 = VERTEX_POINT ( 'NONE', #2069 ) ;
#65 = FACE_OUTER_BOUND ( 'NONE', #2577, .T. ) ;
#66 = CARTESIAN_POINT ( 'NONE',  ( -54.99999999999992184, 10.00000000000000888, 104.9999999999999858 ) ) ;
#67 = VERTEX_POINT ( 'NONE', #3149 ) ;
#68 = CARTESIAN_POINT ( 'NONE',  ( 185.0835335884422648, -15.00000000000001066, 125.0000000000000284 ) ) ;
#69 = AXIS2_PLACEMENT_3D ( 'NONE', #2147, #3197, #3382 ) ;
#70 = CARTESIAN_POINT ( 'NONE',  ( -86.59999999999999432, -13.99999999999999822, -24.50000000000004263 ) ) ;
#71 = TOROIDAL_SURFACE ( 'NONE', #4374, 10.00000000000000000, 5.000000000000000000 ) ;
#72 = CARTESIAN_POINT ( 'NONE',  ( 127.9793426724012164, -2.773339119917619628E-29, -24.50000000000004974 ) ) ;
#73 = CARTESIAN_POINT ( 'NONE',  ( -137.5769948454436644, -4.451125655010418569, 96.79438069549530610 ) ) ;
#74 = CARTESIAN_POINT ( 'NONE',  ( 60.42449488138463920, 12.67418513884267739, 101.6619133703145081 ) ) ;
#75 = EDGE_CURVE ( 'NONE', #798, #3640, #2098, .T. ) ;
#76 = ORIENTED_EDGE ( 'NONE', *, *, #4207, .F. ) ;
#77 = FACE_BOUND ( 'NONE', #2066, .T. ) ;
#78 = ORIENTED_EDGE ( 'NONE', *, *, #31, .T. ) ;
#79 = CARTESIAN_POINT ( 'NONE',  ( -186.7636631890143235, -15.00000000000000000, 124.6809729995860607 ) ) ;
#80 = CARTESIAN_POINT ( 'NONE',  ( -64.21885149676053572, 14.76473517718240736, 105.6492670428697096 ) ) ;
#81 = CYLINDRICAL_SURFACE ( 'NONE', #1847, 12.99999999999999822 ) ;
#82 = CARTESIAN_POINT ( 'NONE',  ( 57.16869401512528981, -14.99711078058556701, 104.5165815451302223 ) ) ;
#83 = CARTESIAN_POINT ( 'NONE',  ( -181.0088575774455535, 13.75212329460397420, 106.0126943107187287 ) ) ;
#84 = ADVANCED_FACE ( 'NONE', ( #3483 ), #1807, .T. ) ;
#85 = AXIS2_PLACEMENT_3D ( 'NONE', #879, #2260, #2947 ) ;
#86 = EDGE_CURVE ( 'NONE', #1066, #4500, #2482, .T. ) ;
#87 = ORIENTED_EDGE ( 'NONE', *, *, #4133, .F. ) ;
#88 = FACE_OUTER_BOUND ( 'NONE', #2817, .T. ) ;
#89 = LINE ( 'NONE', #1833, #3183 ) ;
#90 = DIRECTION ( 'NONE',  ( -1.000000000000000000, -0.000000000000000000, -0.000000000000000000 ) ) ;
#91 = CARTESIAN_POINT ( 'NONE',  ( 223.2820117735137160, -11.60248687044699700, 124.9999999999998579 ) ) ;
#92 = AXIS2_PLACEMENT_3D ( 'NONE', #4034, #3688, #1624 ) ;
#93 = ORIENTED_EDGE ( 'NONE', *, *, #4268, .T. ) ;
#94 = AXIS2_PLACEMENT_3D ( 'NONE', #371, #1763, #3190 ) ;
#95 = CARTESIAN_POINT ( 'NONE',  ( 177.7354028065354612, 14.21103360670310778, 107.0125406158338564 ) ) ;
#96 = CARTESIAN_POINT ( 'NONE',  ( 188.6495605551145331, 6.238951864548829107, 112.9449917487098958 ) ) ;
#97 = VECTOR ( 'NONE', #1661, 1000.000000000000000 ) ;
#98 = PLANE ( 'NONE',  #545 ) ;
#99 = CARTESIAN_POINT ( 'NONE',  ( -120.0000000000000000, -9.999999999999998224, 76.84999999999989484 ) ) ;
#100 = VERTEX_POINT ( 'NONE', #3130 ) ;
#101 = CYLINDRICAL_SURFACE ( 'NONE', #4165, 4.499999999999990230 ) ;
#102 = ORIENTED_EDGE ( 'NONE', *, *, #3141, .F. ) ;
#103 = DIRECTION ( 'NONE',  ( -1.000000000000000000, 0.000000000000000000, 0.000000000000000000 ) ) ;
#104 = CARTESIAN_POINT ( 'NONE',  ( 55.31370849898491571, -6.699999999999997513, 64.84999999999993747 ) ) ;
#105 = DIRECTION ( 'NONE',  ( 2.721134864277343669E-16, 0.000000000000000000, -1.000000000000000000 ) ) ;
#106 = LINE ( 'NONE', #1503, #536 ) ;
#107 = CARTESIAN_POINT ( 'NONE',  ( -186.5505116495730249, 9.843561632819286089, 114.1833872410920065 ) ) ;
#108 = ORIENTED_EDGE ( 'NONE', *, *, #2116, .T. ) ;
#109 = CARTESIAN_POINT ( 'NONE',  ( 149.9999999999997158, 0.000000000000000000, -100.0000000000000000 ) ) ;
#110 = DIRECTION ( 'NONE',  ( 0.000000000000000000, 1.000000000000000000, 0.000000000000000000 ) ) ;
#111 = CARTESIAN_POINT ( 'NONE',  ( 127.9793426724012164, -12.99999999999999822, -40.50000000000004263 ) ) ;
#112 = CARTESIAN_POINT ( 'NONE',  ( -120.0000000000000000, 0.000000000000000000, 47.84999999999989484 ) ) ;
#113 = CARTESIAN_POINT ( 'NONE',  ( -175.0000000000000000, 9.999999999999998224, 104.1063937511954549 ) ) ;
#114 = CARTESIAN_POINT ( 'NONE',  ( 136.4911959711712655, -3.454287574967518815, 95.82943514677391761 ) ) ;
#115 = CARTESIAN_POINT ( 'NONE',  ( 182.3119449950010562, 13.13206166452166990, 106.8340132079160583 ) ) ;
#116 = EDGE_CURVE ( 'NONE', #3027, #3705, #1301, .T. ) ;
#117 = LINE ( 'NONE', #2173, #3567 ) ;
#118 = CARTESIAN_POINT ( 'NONE',  ( -138.4630781734531411, -4.988020697676620152, 97.23924382129210642 ) ) ;
#119 = VECTOR ( 'NONE', #1903, 1000.000000000000000 ) ;
#120 = VECTOR ( 'NONE', #39, 1000.000000000000000 ) ;
#121 = CARTESIAN_POINT ( 'NONE',  ( 60.65126416905918205, 13.00928166336802150, 101.6289717665589905 ) ) ;
#122 = APPLICATION_CONTEXT ( 'automotive_design' ) ;
#123 = ORIENTED_EDGE ( 'NONE', *, *, #245, .F. ) ;
#124 = ADVANCED_FACE ( 'NONE', ( #3914 ), #4282, .T. ) ;
#125 = CARTESIAN_POINT ( 'NONE',  ( -190.0000000000000284, 0.000000000000000000, -59.99999999999972289 ) ) ;
#126 = CARTESIAN_POINT ( 'NONE',  ( -188.3056714470506563, -14.99999999999999645, 123.7634115490977678 ) ) ;
#127 = LINE ( 'NONE', #2884, #3896 ) ;
#128 = CARTESIAN_POINT ( 'NONE',  ( -59.46152753011402581, 9.831745193685931028, 102.2696041468884687 ) ) ;
#129 = LINE ( 'NONE', #1115, #3821 ) ;
#130 = CARTESIAN_POINT ( 'NONE',  ( 188.0569278931844792, -15.00000000000000355, 123.9685741382992461 ) ) ;
#131 = CARTESIAN_POINT ( 'NONE',  ( -181.3664616270030479, 11.94244790914147636, 111.2787637559205365 ) ) ;
#132 = B_SPLINE_CURVE_WITH_KNOTS ( 'NONE', 3,
 ( #154, #1995, #4006, #3982, #2959, #1947, #866, #204, #2936, #256, #1597, #4082, #4352, #2245, #496, #2302, #2984, #1891, #3636, #2271, #3376, #521 ),
 .UNSPECIFIED., .F., .F.,
 ( 4, 2, 2, 2, 2, 2, 2, 2, 2, 2, 4 ),
 ( 0.000000000000000000, 0.0009616599835632189510, 0.001923319967126437902, 0.002884979950689656961, 0.003365809942471265082, 0.003846639934252873635, 0.004327469926034482189, 0.004808299917816090743, 0.005769959901379339076, 0.006731619884942586542, 0.007693279868505834007 ),
 .UNSPECIFIED. ) ;
#133 = CARTESIAN_POINT ( 'NONE',  ( -67.33593820914670403, 15.63559834042833607, 103.1358953047608367 ) ) ;
#134 = CARTESIAN_POINT ( 'NONE',  ( -185.5255015428964782, -12.17798492898585927, 125.0000000000000284 ) ) ;
#135 = CARTESIAN_POINT ( 'NONE',  ( -190.0000000000000000, -15.00000000000000000, 104.7482393492988564 ) ) ;
#136 = FACE_OUTER_BOUND ( 'NONE', #1895, .T. ) ;
#137 = FACE_OUTER_BOUND ( 'NONE', #4162, .T. ) ;
#138 = CARTESIAN_POINT ( 'NONE',  ( 44.00000000000013500, -6.699999999999997513, 64.84999999999993747 ) ) ;
#139 = CARTESIAN_POINT ( 'NONE',  ( 140.0000000000001705, -0.08682842985501861011, 88.49999999999980105 ) ) ;
#140 = CARTESIAN_POINT ( 'NONE',  ( 176.6370520092625043, 14.50059649975263909, 106.3206665299700262 ) ) ;
#141 = EDGE_CURVE ( 'NONE', #3447, #3390, #4258, .T. ) ;
#142 = CARTESIAN_POINT ( 'NONE',  ( 86.60000000000000853, -14.00000000000001243, -40.50000000000004263 ) ) ;
#143 = VECTOR ( 'NONE', #4489, 1000.000000000000000 ) ;
#144 = CARTESIAN_POINT ( 'NONE',  ( 65.00000000000007105, 15.00000000000000000, 99.99999999999995737 ) ) ;
#145 = EDGE_CURVE ( 'NONE', #542, #4011, #1502, .T. ) ;
#146 = CARTESIAN_POINT ( 'NONE',  ( -55.06446087900051367, 10.65449037813215227, 79.46776956050007357 ) ) ;
#147 = VECTOR ( 'NONE', #522, 1000.000000000000000 ) ;
#148 = AXIS2_PLACEMENT_3D ( 'NONE', #676, #717, #3162 ) ;
#149 = EDGE_CURVE ( 'NONE', #2940, #4448, #269, .T. ) ;
#150 = ORIENTED_EDGE ( 'NONE', *, *, #299, .T. ) ;
#151 = FACE_OUTER_BOUND ( 'NONE', #1591, .T. ) ;
#152 = CARTESIAN_POINT ( 'NONE',  ( -38.00000000000000711, 0.000000000000000000, 75.09999999999993747 ) ) ;
#153 = AXIS2_PLACEMENT_3D ( 'NONE', #2842, #2883, #1135 ) ;
#154 = CARTESIAN_POINT ( 'NONE',  ( -59.99999999999992184, -11.56659601741154653, 99.99999999999997158 ) ) ;
#155 = CARTESIAN_POINT ( 'NONE',  ( -61.99256811852783500, 12.94383968890376124, 109.5870048420292591 ) ) ;
#156 = CARTESIAN_POINT ( 'NONE',  ( -86.59999999999999432, -12.99999999999999822, -29.00000000000004619 ) ) ;
#157 = CARTESIAN_POINT ( 'NONE',  ( 190.0000000000000284, -15.00000000000000178, 120.3208094332372440 ) ) ;
#158 = EDGE_LOOP ( 'NONE', ( #1787, #41, #2719, #3394 ) ) ;
#159 = CARTESIAN_POINT ( 'NONE',  ( -178.0212007414296238, 14.69542294347007072, 104.6127614687395209 ) ) ;
#160 = AXIS2_PLACEMENT_3D ( 'NONE', #3725, #4212, #2734 ) ;
#161 = CARTESIAN_POINT ( 'NONE',  ( -65.17866028112581489, 15.15562704812194994, 104.5458796907587242 ) ) ;
#162 = CARTESIAN_POINT ( 'NONE',  ( 139.9999999999999716, 0.000000000000000000, -52.50000000000022737 ) ) ;
#163 = CARTESIAN_POINT ( 'NONE',  ( -55.50070118170207678, 6.763295026824128975, 104.9809878423800171 ) ) ;
#164 = AXIS2_PLACEMENT_3D ( 'NONE', #560, #1958, #4340 ) ;
#165 = CARTESIAN_POINT ( 'NONE',  ( -150.0000000000000284, 15.00000000000000000, 74.49999999999994316 ) ) ;
#166 = CARTESIAN_POINT ( 'NONE',  ( -190.0000000000000284, 0.000000000000000000, -59.99999999999972289 ) ) ;
#167 = VECTOR ( 'NONE', #2766, 1000.000000000000000 ) ;
#168 = CARTESIAN_POINT ( 'NONE',  ( 135.7507864248363489, -0.8068263819777174994, 91.51111160969050218 ) ) ;
#169 = LINE ( 'NONE', #1147, #700 ) ;
#170 = DIRECTION ( 'NONE',  ( 1.000000000000000000, -0.000000000000000000, -0.000000000000000000 ) ) ;
#171 = EDGE_CURVE ( 'NONE', #1964, #1450, #129, .T. ) ;
#172 = ORIENTED_EDGE ( 'NONE', *, *, #1943, .T. ) ;
#173 = DIRECTION ( 'NONE',  ( 0.000000000000000000, 0.000000000000000000, 1.000000000000000000 ) ) ;
#174 = CARTESIAN_POINT ( 'NONE',  ( 55.00000000000007105, 6.734767356633926561, 109.9999999999999716 ) ) ;
#175 = ORIENTED_EDGE ( 'NONE', *, *, #2510, .F. ) ;
#176 = CARTESIAN_POINT ( 'NONE',  ( -57.49082288541386276, 7.654296959635384034, 104.3419334672019119 ) ) ;
#177 = EDGE_CURVE ( 'NONE', #4128, #3936, #2184, .T. ) ;
#178 = CYLINDRICAL_SURFACE ( 'NONE', #2485, 5.000000000000004441 ) ;
#179 = DIRECTION ( 'NONE',  ( 0.000000000000000000, 0.000000000000000000, -1.000000000000000000 ) ) ;
#180 = CARTESIAN_POINT ( 'NONE',  ( -63.70025384420167569, 14.24910465829392159, 106.9329286123995217 ) ) ;
#181 = CARTESIAN_POINT ( 'NONE',  ( 57.06624616062044453, 7.364903322180223810, 104.5593044376227283 ) ) ;
#182 = DIRECTION ( 'NONE',  ( 0.000000000000000000, -1.000000000000000000, 0.000000000000000000 ) ) ;
#183 = ORIENTED_EDGE ( 'NONE', *, *, #145, .T. ) ;
#184 = DIRECTION ( 'NONE',  ( -2.413446045598040572E-31, 1.000000000000000000, 4.956352788505164254E-16 ) ) ;
#185 = EDGE_LOOP ( 'NONE', ( #1888, #4179, #296, #3053 ) ) ;
#186 = ORIENTED_EDGE ( 'NONE', *, *, #1998, .T. ) ;
#187 = CARTESIAN_POINT ( 'NONE',  ( -70.44455883713966671, 9.961085580264780859, 102.0613643083972164 ) ) ;
#188 = CARTESIAN_POINT ( 'NONE',  ( -185.6920991390510096, -13.46504434617294699, 125.0000000000000000 ) ) ;
#189 = CARTESIAN_POINT ( 'NONE',  ( -54.99999999999995737, 16.70478223830676257, 105.0000000000000000 ) ) ;
#190 = EDGE_CURVE ( 'NONE', #285, #16, #2335, .T. ) ;
#191 = CARTESIAN_POINT ( 'NONE',  ( -63.07127062163918652, 14.68155778304076087, 76.42872937836068559 ) ) ;
#192 = CARTESIAN_POINT ( 'NONE',  ( -64.99999999999991473, 15.00000000000000000, -60.00000000000001421 ) ) ;
#193 = CARTESIAN_POINT ( 'NONE',  ( -86.59999999999999432, -12.99999999999999822, -40.50000000000004263 ) ) ;
#194 = ORIENTED_EDGE ( 'NONE', *, *, #331, .T. ) ;
#195 = CARTESIAN_POINT ( 'NONE',  ( 177.0141176315452753, 14.41658078414237387, 106.5256996957821229 ) ) ;
#196 = CARTESIAN_POINT ( 'NONE',  ( -59.55898920705402588, 10.00000000000000888, 102.0531968755976919 ) ) ;
#197 = ORIENTED_EDGE ( 'NONE', *, *, #1820, .T. ) ;
#198 = FACE_OUTER_BOUND ( 'NONE', #3880, .T. ) ;
#199 = CARTESIAN_POINT ( 'NONE',  ( 63.25879009353163696, 14.92723604533342474, 101.4727327139080160 ) ) ;
#200 = ORIENTED_EDGE ( 'NONE', *, *, #1042, .F. ) ;
#201 = DIRECTION ( 'NONE',  ( 0.000000000000000000, 0.000000000000000000, 1.000000000000000000 ) ) ;
#202 = EDGE_CURVE ( 'NONE', #3148, #2725, #498, .T. ) ;
#203 = CARTESIAN_POINT ( 'NONE',  ( 175.0000000000000000, 0.000000000000000000, -60.00000000000012079 ) ) ;
#204 = CARTESIAN_POINT ( 'NONE',  ( -59.69096794995434863, -13.99329693181198842, 101.7352959321035399 ) ) ;
#205 = CIRCLE ( 'NONE', #2036, 5.000000000000004441 ) ;
#206 = LINE ( 'NONE', #2985, #2550 ) ;
#207 = VECTOR ( 'NONE', #3455, 1000.000000000000000 ) ;
#208 = CYLINDRICAL_SURFACE ( 'NONE', #902, 4.499999999999990230 ) ;
#209 = DIRECTION ( 'NONE',  ( 0.000000000000000000, 0.000000000000000000, 1.000000000000000000 ) ) ;
#210 = VERTEX_POINT ( 'NONE', #156 ) ;
#211 = CARTESIAN_POINT ( 'NONE',  ( -43.99999999999998579, -6.699999999999997513, 64.84999999999993747 ) ) ;
#212 = EDGE_CURVE ( 'NONE', #2114, #1648, #4473, .T. ) ;
#213 = CARTESIAN_POINT ( 'NONE',  ( -65.03910859520802035, 15.21970112057334745, 101.4528790360416082 ) ) ;
#214 = DIRECTION ( 'NONE',  ( 0.000000000000000000, -1.000000000000000000, 0.000000000000000000 ) ) ;
#215 = ORIENTED_EDGE ( 'NONE', *, *, #2234, .T. ) ;
#216 = LINE ( 'NONE', #1609, #2362 ) ;
#217 = LINE ( 'NONE', #4388, #2455 ) ;
#218 = VECTOR ( 'NONE', #1805, 1000.000000000000000 ) ;
#219 = CARTESIAN_POINT ( 'NONE',  ( 55.50070118170390998, 6.763295026823461953, 104.9809878423797471 ) ) ;
#220 = ORIENTED_EDGE ( 'NONE', *, *, #4217, .F. ) ;
#221 = CARTESIAN_POINT ( 'NONE',  ( -60.35203617648076602, 12.02400577653231295, 111.1311300393231249 ) ) ;
#222 = DIRECTION ( 'NONE',  ( -1.000000000000000000, 0.000000000000000000, 1.156482317317871478E-16 ) ) ;
#223 = VERTEX_POINT ( 'NONE', #1920 ) ;
#224 = CARTESIAN_POINT ( 'NONE',  ( 144.4100356342726172, -1.999698167097700985, 93.93468907042942817 ) ) ;
#225 = CARTESIAN_POINT ( 'NONE',  ( 63.85314059172380041, 15.09485469612895514, 101.4612477771170944 ) ) ;
#226 = VECTOR ( 'NONE', #3040, 1000.000000000000000 ) ;
#227 = ADVANCED_FACE ( 'NONE', ( #3984, #2844 ), #81, .F. ) ;
#228 = VERTEX_POINT ( 'NONE', #3330 ) ;
#229 = DIRECTION ( 'NONE',  ( 0.000000000000000000, 0.000000000000000000, 1.000000000000000000 ) ) ;
#230 = CIRCLE ( 'NONE', #1615, 11.49999999999999645 ) ;
#231 = CARTESIAN_POINT ( 'NONE',  ( -140.3201529525640581, -0.08682842985504182765, 88.50000000000002842 ) ) ;
#232 = CARTESIAN_POINT ( 'NONE',  ( 132.0000000000001705, 0.000000000000000000, 81.84999999999961062 ) ) ;
#233 = CARTESIAN_POINT ( 'NONE',  ( -59.55898920705402588, 10.00000000000000533, 102.0531968755976919 ) ) ;
#234 = ADVANCED_FACE ( 'NONE', ( #2622 ), #208, .F. ) ;
#235 = AXIS2_PLACEMENT_3D ( 'NONE', #936, #2982, #1992 ) ;
#236 = ADVANCED_FACE ( 'NONE', ( #892 ), #552, .F. ) ;
#237 = FACE_OUTER_BOUND ( 'NONE', #4254, .T. ) ;
#238 = ORIENTED_EDGE ( 'NONE', *, *, #3259, .F. ) ;
#239 = CARTESIAN_POINT ( 'NONE',  ( -184.9999999999999716, 2.660248687044700855, 120.4495279040576605 ) ) ;
#240 = CARTESIAN_POINT ( 'NONE',  ( -64.59564100013781740, 15.06172447213136500, 104.8229369366551111 ) ) ;
#241 = EDGE_CURVE ( 'NONE', #1276, #630, #1599, .T. ) ;
#242 = ADVANCED_FACE ( 'NONE', ( #1576 ), #2961, .F. ) ;
#243 = LINE ( 'NONE', #1632, #1460 ) ;
#244 = DIRECTION ( 'NONE',  ( -1.000000000000000000, 0.000000000000000000, 0.000000000000000000 ) ) ;
#245 = EDGE_CURVE ( 'NONE', #910, #779, #906, .T. ) ;
#246 = CARTESIAN_POINT ( 'NONE',  ( 56.92660122141585077, 7.281405859051131912, 104.6201195879471584 ) ) ;
#247 = CARTESIAN_POINT ( 'NONE',  ( 65.30283350462889302, 15.11327776750074037, 104.6720167064617613 ) ) ;
#248 = CARTESIAN_POINT ( 'NONE',  ( -2.199999999999982414, -9.000000000000000000, -51.28192932642395618 ) ) ;
#249 = CIRCLE ( 'NONE', #164, 30.00000000000000000 ) ;
#250 = ORIENTED_EDGE ( 'NONE', *, *, #4262, .F. ) ;
#251 = DIRECTION ( 'NONE',  ( -1.000000000000000000, -0.000000000000000000, -0.000000000000000000 ) ) ;
#252 = CARTESIAN_POINT ( 'NONE',  ( -60.07567824488916841, 11.98903864792804619, 79.42432175511075343 ) ) ;
#253 = EDGE_LOOP ( 'NONE', ( #3170, #390, #1691, #1086 ) ) ;
#254 = ORIENTED_EDGE ( 'NONE', *, *, #1114, .F. ) ;
#255 = CARTESIAN_POINT ( 'NONE',  ( -142.4340201732465516, -0.1892547061740464664, 89.21170896559617347 ) ) ;
#256 = CARTESIAN_POINT ( 'NONE',  ( -59.53293101754569250, -14.25287513896146052, 102.1146000332513637 ) ) ;
#257 = CLOSED_SHELL ( 'NONE', ( #2923, #688, #3853, #1333, #1341, #524, #430, #2996, #1969, #2391, #3993, #234, #1689, #992, #1716, #3988, #2746, #5, #2554, #1811, #434, #3361, #838, #227, #1041, #3779, #236, #471, #1801, #2795, #667, #2007, #2668, #3627, #2151, #1429, #4076, #3114, #2898, #124, #2590, #4256, #635, #3552, #2728, #25, #4074, #2569, #3647, #1790, #873, #2326, #3159, #2059, #2754, #352, #4215, #2136, #242, #612, #2453, #421, #1975, #562, #1281, #2182, #2956, #3906, #1354, #1506, #3854, #3882, #1048, #1607, #3765, #3923, #1009, #3031, #3489, #3370, #1604, #3123, #2776, #3213, #2837, #84, #3416, #2322, #1425, #3046, #502, #3562, #4478, #460, #710, #1937, #3327, #369, #1169, #4037, #24, #4089, #2880, #1573, #1045, #1148, #4310, #2177 ) ) ;
#258 = LINE ( 'NONE', #3030, #2344 ) ;
#259 = CARTESIAN_POINT ( 'NONE',  ( -131.9999999999999716, 0.000000000000000000, 47.84999999999989484 ) ) ;
#260 = ORIENTED_EDGE ( 'NONE', *, *, #1448, .F. ) ;
#261 = CARTESIAN_POINT ( 'NONE',  ( -189.4746189747149572, 4.059181427748139726, 114.2690126355519737 ) ) ;
#262 = CARTESIAN_POINT ( 'NONE',  ( -64.70023468120028554, 15.11371544487995955, 104.6705613552384619 ) ) ;
#263 = SURFACE_STYLE_FILL_AREA ( #2004 ) ;
#264 = DIRECTION ( 'NONE',  ( -1.000000000000000000, 0.000000000000000000, 0.000000000000000000 ) ) ;
#265 = CARTESIAN_POINT ( 'NONE',  ( 60.92554810810461419, 12.31095191595705707, 110.6735700446660360 ) ) ;
#266 = AXIS2_PLACEMENT_3D ( 'NONE', #2108, #388, #3160 ) ;
#267 = CARTESIAN_POINT ( 'NONE',  ( 65.67919023997967543, 14.86533603972095641, 105.3787606350337143 ) ) ;
#268 = CARTESIAN_POINT ( 'NONE',  ( -59.59673221612584371, 10.40194857420242869, 101.9693909955871476 ) ) ;
#269 = B_SPLINE_CURVE_WITH_KNOTS ( 'NONE', 3,
 ( #824, #2160, #4236, #802, #2549, #3235, #181, #2204, #1872, #3595, #437, #479, #3638, #3256 ),
 .UNSPECIFIED., .F., .F.,
 ( 4, 2, 2, 2, 2, 2, 4 ),
 ( 0.000000000000000000, 0.0008359167860261335287, 0.001671833572052267057, 0.002507750358078400695, 0.003343667144104534115, 0.005015500716156767562, 0.006687334288209001443 ),
 .UNSPECIFIED. ) ;
#270 = EDGE_LOOP ( 'NONE', ( #1052, #1416, #3174, #2199 ) ) ;
#271 = DIRECTION ( 'NONE',  ( 0.000000000000000000, -0.000000000000000000, -1.000000000000000000 ) ) ;
#272 = B_SPLINE_CURVE_WITH_KNOTS ( 'NONE', 3,
 ( #2639, #1293, #4027, #1592, #2614, #2978, #884, #3682, #2265, #3655, #3368, #2587, #1965, #4417, #3344, #620, #568, #224, #543, #1939, #3044, #2667, #4052, #932, #3321, #2319, #4441, #3706, #594, #3977, #1988, #2739, #1044, #2056, #2432, #1004, #4466, #3459 ),
 .UNSPECIFIED., .F., .F.,
 ( 4, 2, 2, 2, 2, 2, 2, 2, 2, 2, 2, 2, 2, 2, 2, 2, 2, 2, 4 ),
 ( 0.000000000000000000, 0.0009637667562693307032, 0.001927533512538661406, 0.002409416890673300032, 0.002891300268807939309, 0.003855067025077294623, 0.004818833781346650372, 0.005782600537616005253, 0.006746367293885361868, 0.007710134050154717616, 0.008673900806424073365, 0.009637667562693427378, 0.01011955094082811132, 0.01060143431896279527, 0.01156520107523212847, 0.01252896783150146340, 0.01349273458777079833, 0.01445650134404013153, 0.01542026810030946646 ),
 .UNSPECIFIED. ) ;
#273 = CARTESIAN_POINT ( 'NONE',  ( -62.78424396843220023, 14.49416480227663762, 78.93151206313535795 ) ) ;
#274 = EDGE_CURVE ( 'NONE', #210, #3006, #1921, .T. ) ;
#275 = EDGE_LOOP ( 'NONE', ( #2293, #2045 ) ) ;
#276 = ORIENTED_EDGE ( 'NONE', *, *, #2752, .F. ) ;
#277 = CARTESIAN_POINT ( 'NONE',  ( 60.60354010361603372, 15.55039257666879493, 103.4791284061062981 ) ) ;
#278 = ORIENTED_EDGE ( 'NONE', *, *, #1997, .F. ) ;
#279 = CARTESIAN_POINT ( 'NONE',  ( -54.99999999999992184, 6.734767356633887481, 110.0000000000000568 ) ) ;
#280 = ORIENTED_EDGE ( 'NONE', *, *, #482, .F. ) ;
#281 = EDGE_LOOP ( 'NONE', ( #2500, #4191, #1442, #3845 ) ) ;
#282 = CARTESIAN_POINT ( 'NONE',  ( 188.4295170816991174, 6.697855301644194626, 112.6409026254532790 ) ) ;
#283 = CARTESIAN_POINT ( 'NONE',  ( -2.199999999999985523, 0.000000000000000000, -25.50000000000004263 ) ) ;
#284 = LINE ( 'NONE', #2697, #3090 ) ;
#285 = VERTEX_POINT ( 'NONE', #3339 ) ;
#286 = CARTESIAN_POINT ( 'NONE',  ( 120.0000000000001137, 0.000000000000000000, 81.84999999999965326 ) ) ;
#287 = EDGE_LOOP ( 'NONE', ( #3591, #554, #3674, #3161, #1666, #4088 ) ) ;
#288 = CIRCLE ( 'NONE', #1073, 5.000000000000000888 ) ;
#289 = AXIS2_PLACEMENT_3D ( 'NONE', #3241, #110, #1165 ) ;
#290 = CARTESIAN_POINT ( 'NONE',  ( -63.97427776275882394, 15.66891027016909455, 103.0036282186683536 ) ) ;
#291 = CARTESIAN_POINT ( 'NONE',  ( -55.11015945195146770, 15.67705966325207712, 105.6077936219530216 ) ) ;
#292 = CARTESIAN_POINT ( 'NONE',  ( 44.00000000000013500, -6.699999999999997513, 64.84999999999993747 ) ) ;
#293 = CARTESIAN_POINT ( 'NONE',  ( 57.48721381337689706, 15.25711911853354152, 104.9700536130448967 ) ) ;
#294 = CARTESIAN_POINT ( 'NONE',  ( 64.21800377412711214, 14.76385708800080288, 105.6515258179825025 ) ) ;
#295 = CARTESIAN_POINT ( 'NONE',  ( -38.00000000000000000, -6.699999999999996625, 60.84999999999993037 ) ) ;
#296 = ORIENTED_EDGE ( 'NONE', *, *, #3937, .T. ) ;
#297 = CARTESIAN_POINT ( 'NONE',  ( 60.03223043949959248, 10.65449037813026933, 84.43553912099935133 ) ) ;
#298 = PLANE ( 'NONE',  #2914 ) ;
#299 = EDGE_CURVE ( 'NONE', #1627, #3447, #1684, .T. ) ;
#300 = EDGE_CURVE ( 'NONE', #1003, #3678, #857, .T. ) ;
#301 = ORIENTED_EDGE ( 'NONE', *, *, #1469, .T. ) ;
#302 = CARTESIAN_POINT ( 'NONE',  ( 64.48051721524610969, 14.98691034643985631, 105.0373947793658260 ) ) ;
#303 = ORIENTED_EDGE ( 'NONE', *, *, #3518, .T. ) ;
#304 = CARTESIAN_POINT ( 'NONE',  ( -144.4103300374731589, -1.999063015012182198, 93.93376561602789820 ) ) ;
#305 = DIRECTION ( 'NONE',  ( -1.000000000000000000, 0.000000000000000000, 0.000000000000000000 ) ) ;
#306 = CARTESIAN_POINT ( 'NONE',  ( -54.99999999999992184, 0.000000000000000000, 84.49999999999995737 ) ) ;
#307 = AXIS2_PLACEMENT_3D ( 'NONE', #378, #400, #3067 ) ;
#308 = DIRECTION ( 'NONE',  ( -0.000000000000000000, 0.000000000000000000, 1.000000000000000000 ) ) ;
#309 = VERTEX_POINT ( 'NONE', #1933 ) ;
#310 = DIRECTION ( 'NONE',  ( 3.469446951953619612E-16, 0.000000000000000000, 1.000000000000000000 ) ) ;
#311 = VERTEX_POINT ( 'NONE', #1904 ) ;
#312 = AXIS2_PLACEMENT_3D ( 'NONE', #2458, #698, #757 ) ;
#313 = CARTESIAN_POINT ( 'NONE',  ( -64.98600328671508919, 15.17827801487949024, 104.4777087373974638 ) ) ;
#314 = PLANE ( 'NONE',  #3870 ) ;
#315 = CARTESIAN_POINT ( 'NONE',  ( 55.25253692360215751, 6.734767357501544538, 104.9999999999999574 ) ) ;
#316 = CARTESIAN_POINT ( 'NONE',  ( -59.94101074798977891, 11.83354333455981156, 111.4271908647151861 ) ) ;
#317 = CARTESIAN_POINT ( 'NONE',  ( -178.7753174532166156, 14.52667530745558189, 104.8815972681134383 ) ) ;
#318 = ORIENTED_EDGE ( 'NONE', *, *, #2847, .T. ) ;
#319 = CARTESIAN_POINT ( 'NONE',  ( 65.00000000000009948, 15.00000000000001066, 74.49999999999994316 ) ) ;
#320 = CARTESIAN_POINT ( 'NONE',  ( 68.73746381991541909, 15.58007384232117509, 103.3578211097807298 ) ) ;
#321 = VECTOR ( 'NONE', #2804, 1000.000000000000000 ) ;
#322 = EDGE_CURVE ( 'NONE', #4174, #4166, #1110, .T. ) ;
#323 = EDGE_LOOP ( 'NONE', ( #2750, #1163 ) ) ;
#324 = CARTESIAN_POINT ( 'NONE',  ( 64.75104746278231005, 15.67661208230437175, 102.9730269344787956 ) ) ;
#325 = CARTESIAN_POINT ( 'NONE',  ( -143.8109324479874545, -3.080324232402780638, 95.40711504490404593 ) ) ;
#326 = UNCERTAINTY_MEASURE_WITH_UNIT (LENGTH_MEASURE( 1.000000000000000082E-05 ), #1955, 'distance_accuracy_value', 'NONE');
#327 = ORIENTED_EDGE ( 'NONE', *, *, #2297, .T. ) ;
#328 = CIRCLE ( 'NONE', #1345, 5.000000000000004441 ) ;
#329 = ORIENTED_EDGE ( 'NONE', *, *, #4381, .F. ) ;
#330 = PLANE ( 'NONE',  #959 ) ;
#331 = EDGE_CURVE ( 'NONE', #402, #2617, #4342, .T. ) ;
#332 = CARTESIAN_POINT ( 'NONE',  ( 132.0000000000001705, -15.00000000000000000, 81.84999999999963904 ) ) ;
#333 = ORIENTED_EDGE ( 'NONE', *, *, #3140, .T. ) ;
#334 = CARTESIAN_POINT ( 'NONE',  ( -86.59999999999999432, -12.99999999999999645, -52.00000000000004263 ) ) ;
#335 = EDGE_LOOP ( 'NONE', ( #2825, #1612, #922, #1155, #1748 ) ) ;
#336 = EDGE_CURVE ( 'NONE', #3723, #3443, #1587, .T. ) ;
#337 = VECTOR ( 'NONE', #28, 1000.000000000000000 ) ;
#338 = CARTESIAN_POINT ( 'NONE',  ( 2.200000000000014833, -9.000000000000000000, -25.50000000000004263 ) ) ;
#339 = AXIS2_PLACEMENT_3D ( 'NONE', #2406, #1305, #3791 ) ;
#340 = ORIENTED_EDGE ( 'NONE', *, *, #2927, .F. ) ;
#341 = DIRECTION ( 'NONE',  ( -2.721134864277343669E-16, -0.000000000000000000, 1.000000000000000000 ) ) ;
#342 = CARTESIAN_POINT ( 'NONE',  ( -186.9747284637179803, 9.081959668623552417, 110.8903109461984968 ) ) ;
#343 = EDGE_CURVE ( 'NONE', #697, #542, #1712, .T. ) ;
#344 = ORIENTED_EDGE ( 'NONE', *, *, #1513, .F. ) ;
#345 = CARTESIAN_POINT ( 'NONE',  ( 57.04892374372271036, 13.04994895909558750, 78.47553812813853824 ) ) ;
#346 = CARTESIAN_POINT ( 'NONE',  ( 66.00160478197319947, 15.12419554731016191, 101.4592627393466699 ) ) ;
#347 = CARTESIAN_POINT ( 'NONE',  ( -139.9999999999999716, -5.335145141622030351, 97.49999999999998579 ) ) ;
#348 = CARTESIAN_POINT ( 'NONE',  ( -136.2143463303902138, -0.4902241891357503878, 90.54759370893195580 ) ) ;
#349 = ORIENTED_EDGE ( 'NONE', *, *, #4381, .T. ) ;
#350 = DIRECTION ( 'NONE',  ( 2.449021377849609992E-15, -0.000000000000000000, 1.000000000000000000 ) ) ;
#351 = EDGE_LOOP ( 'NONE', ( #729, #2178, #3109, #2374 ) ) ;
#352 = ADVANCED_FACE ( 'NONE', ( #4047 ), #2341, .F. ) ;
#353 = CARTESIAN_POINT ( 'NONE',  ( 177.2248560242153417, 14.36207973396891369, 106.6566462497674621 ) ) ;
#354 = VECTOR ( 'NONE', #2972, 1000.000000000000000 ) ;
#355 = CARTESIAN_POINT ( 'NONE',  ( 0.000000000000000000, 0.000000000000000000, 0.000000000000000000 ) ) ;
#356 = VERTEX_POINT ( 'NONE', #2390 ) ;
#357 = LINE ( 'NONE', #2146, #3841 ) ;
#358 = CARTESIAN_POINT ( 'NONE',  ( -176.1176550786531436, 14.96840510943266978, 104.1610586686204840 ) ) ;
#359 = VERTEX_POINT ( 'NONE', #2683 ) ;
#360 = CARTESIAN_POINT ( 'NONE',  ( 62.61612561545809541, 14.49125849123278975, 76.88387438453889899 ) ) ;
#361 = CARTESIAN_POINT ( 'NONE',  ( 65.11691799606488473, 15.67700851356384995, 102.9714512395015191 ) ) ;
#362 = CARTESIAN_POINT ( 'NONE',  ( -140.0000000000000000, -27.72792206135785165, 97.49999999999998579 ) ) ;
#363 = VECTOR ( 'NONE', #2210, 1000.000000000000000 ) ;
#364 = DIRECTION ( 'NONE',  ( 0.000000000000000000, 1.000000000000000000, 0.000000000000000000 ) ) ;
#365 = ORIENTED_EDGE ( 'NONE', *, *, #4507, .F. ) ;
#366 = FACE_OUTER_BOUND ( 'NONE', #3466, .T. ) ;
#367 = ORIENTED_EDGE ( 'NONE', *, *, #1853, .F. ) ;
#368 = APPLICATION_CONTEXT ( 'automotive_design' ) ;
#369 = ADVANCED_FACE ( 'NONE', ( #3433 ), #2256, .T. ) ;
#370 = EDGE_CURVE ( 'NONE', #984, #2095, #127, .T. ) ;
#371 = CARTESIAN_POINT ( 'NONE',  ( 127.9793426724012164, -14.00000000000001243, -40.50000000000004263 ) ) ;
#372 = AXIS2_PLACEMENT_3D ( 'NONE', #111, #2850, #485 ) ;
#373 = CARTESIAN_POINT ( 'NONE',  ( -86.59999999999999432, -2.773339119917619628E-29, -24.50000000000004974 ) ) ;
#374 = AXIS2_PLACEMENT_3D ( 'NONE', #1598, #4305, #1948 ) ;
#375 = EDGE_LOOP ( 'NONE', ( #3075, #1846, #3809, #4002, #1643, #728, #897, #3812, #3911, #1823 ) ) ;
#376 = CARTESIAN_POINT ( 'NONE',  ( 0.000000000000000000, -13.00000000000000000, 87.00000000000001421 ) ) ;
#377 =( BOUNDED_SURFACE ( )  B_SPLINE_SURFACE ( 3, 2, ( 
 ( #3696, #189, #585 ),
 ( #4337, #1559, #3288 ),
 ( #163, #1238, #1584 ),
 ( #558, #3359, #1630 ),
 ( #2969, #944, #2337 ),
 ( #3722, #2702, #4094 ),
 ( #2944, #973, #1213 ),
 ( #3405, #291, #1679 ),
 ( #3061, #4459, #3750 ),
 ( #1335, #2732, #4118 ),
 ( #634, #2026, #1228 ),
 ( #1575, #3278, #155 ),
 ( #578, #2960, #3010 ),
 ( #4377, #4007, #3303 ),
 ( #4353, #497, #920 ),
 ( #2621, #2645, #180 ),
 ( #128, #2246, #1892 ),
 ( #233, #1625, #891 ) ),
 .UNSPECIFIED., .F., .F., .T. ) 
 B_SPLINE_SURFACE_WITH_KNOTS ( ( 4, 2, 2, 2, 2, 2, 2, 2, 4 ),
 ( 3, 3 ),
 ( 0.000000000000000000, 0.001490089963042757299, 0.002980179926085514599, 0.004470269889128271681, 0.005960359852171029198, 0.007450449815213786714, 0.008940539778256543363, 0.01043062974129930001, 0.01192071970434205840 ),
 ( 0.000000000000000000, 1.000000000000000000 ),
 .UNSPECIFIED. ) 
 GEOMETRIC_REPRESENTATION_ITEM ( )  RATIONAL_B_SPLINE_SURFACE ( (
 ( 1.000000000000000000, 0.4482886312893675229, 1.000000000000000000),
 ( 1.000000000000000000, 0.4482857340733573115, 1.000000000000000000),
 ( 1.000000000000000000, 0.4504266824081004650, 1.000000000000000000),
 ( 1.000000000000000000, 0.4584310723739442039, 1.000000000000000000),
 ( 1.000000000000000000, 0.4642967575846770334, 1.000000000000000000),
 ( 1.000000000000000000, 0.4790640872742877310, 1.000000000000000000),
 ( 1.000000000000000000, 0.4877474286203287712, 1.000000000000000000),
 ( 1.000000000000000000, 0.5067461422477526067, 1.000000000000000000),
 ( 1.000000000000000000, 0.5170786601662307191, 1.000000000000000000),
 ( 1.000000000000000000, 0.5386182639268586314, 1.000000000000000000),
 ( 1.000000000000000000, 0.5496281702031701188, 1.000000000000000000),
 ( 1.000000000000000000, 0.5715955282536130388, 1.000000000000000000),
 ( 1.000000000000000000, 0.5825569148286195986, 1.000000000000000000),
 ( 1.000000000000000000, 0.6040576117595610750, 1.000000000000000000),
 ( 1.000000000000000000, 0.6145119438811622592, 1.000000000000000000),
 ( 1.000000000000000000, 0.6342849337749415506, 1.000000000000000000),
 ( 1.000000000000000000, 0.6436509768919703722, 1.000000000000000000),
 ( 1.000000000000000000, 0.6523851963982292279, 1.000000000000000000) ) ) 
 REPRESENTATION_ITEM ( '' )  SURFACE ( )  );
#378 = CARTESIAN_POINT ( 'NONE',  ( 185.0000000000000284, -4.336808689942017736E-15, 116.2159623945753850 ) ) ;
#379 = CIRCLE ( 'NONE', #963, 16.00000000000000000 ) ;
#380 = EDGE_LOOP ( 'NONE', ( #2361, #3736 ) ) ;
#381 = ORIENTED_EDGE ( 'NONE', *, *, #1019, .F. ) ;
#382 = CARTESIAN_POINT ( 'NONE',  ( 64.67274705320497219, 15.00000000000001066, 75.15450589358374600 ) ) ;
#383 = VECTOR ( 'NONE', #2063, 1000.000000000000000 ) ;
#384 = EDGE_CURVE ( 'NONE', #4416, #3577, #3023, .T. ) ;
#385 = DIRECTION ( 'NONE',  ( 0.000000000000000000, 0.000000000000000000, 1.000000000000000000 ) ) ;
#386 = CIRCLE ( 'NONE', #3069, 4.000000000000003553 ) ;
#387 = CARTESIAN_POINT ( 'NONE',  ( 63.26377684627093601, 15.65364245347662298, 103.0642469738726277 ) ) ;
#388 = DIRECTION ( 'NONE',  ( -1.000000000000000000, 0.000000000000000000, 0.000000000000000000 ) ) ;
#389 = VECTOR ( 'NONE', #2561, 1000.000000000000000 ) ;
#390 = ORIENTED_EDGE ( 'NONE', *, *, #2516, .T. ) ;
#391 = DIRECTION ( 'NONE',  ( 1.000000000000000000, 0.000000000000000000, 0.000000000000000000 ) ) ;
#392 = VERTEX_POINT ( 'NONE', #2843 ) ;
#393 = CARTESIAN_POINT ( 'NONE',  ( 190.0000000000000284, -15.00000000000000000, 119.9903525940616902 ) ) ;
#394 = CARTESIAN_POINT ( 'NONE',  ( -59.55898920705401167, 10.00000000000000888, 102.0531968755976919 ) ) ;
#395 = CARTESIAN_POINT ( 'NONE',  ( 58.48153935403657044, -14.87157850143293913, 103.6028480820939137 ) ) ;
#396 = PLANE ( 'NONE',  #1831 ) ;
#397 = ORIENTED_EDGE ( 'NONE', *, *, #576, .F. ) ;
#398 = ORIENTED_EDGE ( 'NONE', *, *, #2171, .T. ) ;
#399 = CARTESIAN_POINT ( 'NONE',  ( -139.9999999999999716, -5.335145141622030351, 97.49999999999998579 ) ) ;
#400 = DIRECTION ( 'NONE',  ( 7.624193371894532371E-17, 0.8467131018964316747, -0.5320497374089410147 ) ) ;
#401 = ORIENTED_EDGE ( 'NONE', *, *, #3568, .T. ) ;
#402 = VERTEX_POINT ( 'NONE', #3573 ) ;
#403 = CARTESIAN_POINT ( 'NONE',  ( 185.0000000000000000, -15.00000000000000000, 125.0000000000000000 ) ) ;
#404 = FACE_OUTER_BOUND ( 'NONE', #1723, .T. ) ;
#405 = LINE ( 'NONE', #283, #3861 ) ;
#406 = CARTESIAN_POINT ( 'NONE',  ( 65.37696695342197017, 15.07732140606002602, 104.7775286734140536 ) ) ;
#407 = CARTESIAN_POINT ( 'NONE',  ( -37.99999999999999289, -9.000000000000000000, 54.59999999999993747 ) ) ;
#408 = VECTOR ( 'NONE', #1426, 1000.000000000000000 ) ;
#409 = ORIENTED_EDGE ( 'NONE', *, *, #1378, .T. ) ;
#410 = LINE ( 'NONE', #2818, #2851 ) ;
#411 = VERTEX_POINT ( 'NONE', #3210 ) ;
#412 = FACE_OUTER_BOUND ( 'NONE', #4022, .T. ) ;
#413 = DIRECTION ( 'NONE',  ( -1.000000000000000000, 0.000000000000000000, 3.469446951953619612E-16 ) ) ;
#414 = CARTESIAN_POINT ( 'NONE',  ( -58.76210414788433667, 15.47483332018551216, 103.8226279648397252 ) ) ;
#415 = CARTESIAN_POINT ( 'NONE',  ( 190.0000000000000284, 0.000000000000000000, 104.9999999999998579 ) ) ;
#416 = CARTESIAN_POINT ( 'NONE',  ( 70.24655571481537208, 11.10301142322321155, 101.8579661191372452 ) ) ;
#417 = ORIENTED_EDGE ( 'NONE', *, *, #2771, .F. ) ;
#418 = ORIENTED_EDGE ( 'NONE', *, *, #3514, .F. ) ;
#419 = FACE_BOUND ( 'NONE', #433, .T. ) ;
#420 = PLANE ( 'NONE',  #3860 ) ;
#421 = ADVANCED_FACE ( 'NONE', ( #2573 ), #3871, .F. ) ;
#422 = ORIENTED_EDGE ( 'NONE', *, *, #2215, .F. ) ;
#423 = CARTESIAN_POINT ( 'NONE',  ( -132.0000000000000000, -15.00000000000000000, 76.84999999999989484 ) ) ;
#424 = AXIS2_PLACEMENT_3D ( 'NONE', #2444, #438, #2099 ) ;
#425 = EDGE_CURVE ( 'NONE', #1601, #4269, #2159, .T. ) ;
#426 = CARTESIAN_POINT ( 'NONE',  ( 184.4590746500188345, 6.627316191181374272, 117.4933307373488844 ) ) ;
#427 = CARTESIAN_POINT ( 'NONE',  ( 184.0159892367969405, 11.99709978931987742, 108.1424937296372804 ) ) ;
#428 = CARTESIAN_POINT ( 'NONE',  ( 38.00000000000014921, -9.000000000000000000, 75.09999999999993747 ) ) ;
#429 = ORIENTED_EDGE ( 'NONE', *, *, #1320, .F. ) ;
#430 = ADVANCED_FACE ( 'NONE', ( #783 ), #3165, .F. ) ;
#431 = VERTEX_POINT ( 'NONE', #3189 ) ;
#432 = CARTESIAN_POINT ( 'NONE',  ( -59.55898920705402588, 10.00000000000000888, 102.0531968755976919 ) ) ;
#433 = EDGE_LOOP ( 'NONE', ( #3748, #839, #848, #3558 ) ) ;
#434 = ADVANCED_FACE ( 'NONE', ( #844, #1113, #3939, #1524, #1089 ), #2907, .T. ) ;
#435 = CARTESIAN_POINT ( 'NONE',  ( -186.1348294478426055, -14.99999999999999822, 124.8720326941557204 ) ) ;
#436 = CARTESIAN_POINT ( 'NONE',  ( -65.15207721221803183, 15.16369827947025328, 104.5217761673166024 ) ) ;
#437 = CARTESIAN_POINT ( 'NONE',  ( 58.57152132109213483, 8.640596506179001324, 103.5269682160186306 ) ) ;
#438 = DIRECTION ( 'NONE',  ( -1.000000000000000000, 0.000000000000000000, 3.469446951953619612E-16 ) ) ;
#439 = PLANE ( 'NONE',  #4 ) ;
#440 = ORIENTED_EDGE ( 'NONE', *, *, #2388, .F. ) ;
#441 = CARTESIAN_POINT ( 'NONE',  ( -68.48968992626898000, 13.92288009851679220, 101.5483051491174251 ) ) ;
#442 = CYLINDRICAL_SURFACE ( 'NONE', #3782, 5.000000000000004441 ) ;
#443 = DIRECTION ( 'NONE',  ( 0.000000000000000000, 0.000000000000000000, 1.000000000000000000 ) ) ;
#444 = LINE ( 'NONE', #91, #2540 ) ;
#445 = CIRCLE ( 'NONE', #3716, 24.99999999999999289 ) ;
#446 = ORIENTED_EDGE ( 'NONE', *, *, #2935, .T. ) ;
#447 = CARTESIAN_POINT ( 'NONE',  ( 175.0000000000000568, 14.66024868704470308, 105.9180455320015000 ) ) ;
#448 = VECTOR ( 'NONE', #2162, 1000.000000000000000 ) ;
#449 = CARTESIAN_POINT ( 'NONE',  ( 184.3844700993888068, 11.71111728563993992, 108.4481680271814668 ) ) ;
#450 = CARTESIAN_POINT ( 'NONE',  ( -140.0000000000000000, -0.08682842985504103661, 88.50000000000001421 ) ) ;
#451 = CARTESIAN_POINT ( 'NONE',  ( 38.00000000000014921, -9.000000000000000000, 75.09999999999993747 ) ) ;
#452 = ORIENTED_EDGE ( 'NONE', *, *, #2463, .T. ) ;
#453 = DIRECTION ( 'NONE',  ( -3.469446951953620105E-16, -0.000000000000000000, -1.000000000000000000 ) ) ;
#454 = ORIENTED_EDGE ( 'NONE', *, *, #901, .F. ) ;
#455 = CARTESIAN_POINT ( 'NONE',  ( -56.56659601741209542, -15.00000000000000000, 104.7482393492988564 ) ) ;
#456 = CARTESIAN_POINT ( 'NONE',  ( 44.00000000000014211, -9.000000000000000000, 54.59999999999993747 ) ) ;
#457 = CARTESIAN_POINT ( 'NONE',  ( 176.1806707536594274, 14.57921297070516431, 106.1246812748810697 ) ) ;
#458 = CARTESIAN_POINT ( 'NONE',  ( 57.99577889575083134, -14.95053367778970532, 104.0158360753555371 ) ) ;
#459 = CARTESIAN_POINT ( 'NONE',  ( -177.7248367565786680, 14.20810816690705458, 107.0172007208214495 ) ) ;
#460 = ADVANCED_FACE ( 'NONE', ( #3593 ), #714, .T. ) ;
#461 = ORIENTED_EDGE ( 'NONE', *, *, #145, .F. ) ;
#462 = FACE_OUTER_BOUND ( 'NONE', #986, .T. ) ;
#463 = FACE_OUTER_BOUND ( 'NONE', #3771, .T. ) ;
#464 = DIRECTION ( 'NONE',  ( 0.000000000000000000, 1.000000000000000000, 0.000000000000000000 ) ) ;
#465 = DIRECTION ( 'NONE',  ( -1.632680918566406596E-15, 0.000000000000000000, -1.000000000000000000 ) ) ;
#466 = VECTOR ( 'NONE', #3626, 1000.000000000000000 ) ;
#467 = VECTOR ( 'NONE', #1159, 1000.000000000000000 ) ;
#468 = CARTESIAN_POINT ( 'NONE',  ( 137.8411930228234610, -0.1621296263139581917, 89.04839834998382742 ) ) ;
#469 = CARTESIAN_POINT ( 'NONE',  ( 175.8477076140110569, 14.62671402654674502, 106.0051111963349513 ) ) ;
#470 = CARTESIAN_POINT ( 'NONE',  ( 190.0000000000000284, 0.000000000000000000, 116.2159623945753850 ) ) ;
#471 = ADVANCED_FACE ( 'NONE', ( #2140 ), #4304, .F. ) ;
#472 = DIRECTION ( 'NONE',  ( 1.000000000000000000, -0.000000000000000000, -2.312964634635735561E-15 ) ) ;
#473 = DIRECTION ( 'NONE',  ( 0.000000000000000000, 3.538835890992687656E-15, 1.000000000000000000 ) ) ;
#474 = ORIENTED_EDGE ( 'NONE', *, *, #2657, .T. ) ;
#475 = CARTESIAN_POINT ( 'NONE',  ( -180.8705183772243288, 12.38147759170911577, 110.5584522086300296 ) ) ;
#476 = ORIENTED_EDGE ( 'NONE', *, *, #4512, .F. ) ;
#477 = FACE_OUTER_BOUND ( 'NONE', #656, .T. ) ;
#478 = CARTESIAN_POINT ( 'NONE',  ( 185.6921210213081679, -13.13795345070796650, 125.0000000000000284 ) ) ;
#479 = CARTESIAN_POINT ( 'NONE',  ( 59.13474630740933691, 9.332714182259586266, 102.8458992106513676 ) ) ;
#480 = DIRECTION ( 'NONE',  ( -0.000000000000000000, 0.000000000000000000, -1.000000000000000000 ) ) ;
#481 = CARTESIAN_POINT ( 'NONE',  ( -177.0141338277628620, 14.41658704307128502, 106.5256867931877593 ) ) ;
#482 = EDGE_CURVE ( 'NONE', #4405, #1532, #1454, .T. ) ;
#483 = CARTESIAN_POINT ( 'NONE',  ( -69.45627567417949422, 15.54767697213883793, 103.4903983228848006 ) ) ;
#484 = CARTESIAN_POINT ( 'NONE',  ( -66.82375642358583434, 15.00000000000000000, 101.8242821678152552 ) ) ;
#485 = DIRECTION ( 'NONE',  ( 0.000000000000000000, 0.000000000000000000, 1.000000000000000000 ) ) ;
#486 = DIRECTION ( 'NONE',  ( 0.000000000000000000, -1.000000000000000000, -7.401486830834377462E-15 ) ) ;
#487 = DIRECTION ( 'NONE',  ( -1.000000000000000000, -0.000000000000000000, -8.163404592832033966E-16 ) ) ;
#488 = DIRECTION ( 'NONE',  ( -3.469446951953619612E-16, -0.000000000000000000, -1.000000000000000000 ) ) ;
#489 = CARTESIAN_POINT ( 'NONE',  ( 186.4539711262962669, 9.726067876129462775, 110.3475391599126993 ) ) ;
#490 = CARTESIAN_POINT ( 'NONE',  ( -43.99999999999998579, 0.000000000000000000, 75.09999999999993747 ) ) ;
#491 = CARTESIAN_POINT ( 'NONE',  ( -136.6611701453915657, -3.642918427953900196, 96.02847955726430484 ) ) ;
#492 = CARTESIAN_POINT ( 'NONE',  ( 61.17985883130309333, 13.62937582643496270, 101.5723417165457789 ) ) ;
#493 = EDGE_LOOP ( 'NONE', ( #3526, #1065, #2445, #3000, #3097, #1934, #4394, #3206 ) ) ;
#494 = CARTESIAN_POINT ( 'NONE',  ( -180.6219068868208808, 12.59118455902562062, 110.2053954620226648 ) ) ;
#495 = CYLINDRICAL_SURFACE ( 'NONE', #520, 4.499999999999990230 ) ;
#496 = CARTESIAN_POINT ( 'NONE',  ( -59.00077781413408928, -14.68729745124840846, 103.0030144293141774 ) ) ;
#497 = CARTESIAN_POINT ( 'NONE',  ( -57.76642967556489339, 15.28226040415539266, 104.7810738799239232 ) ) ;
#498 = LINE ( 'NONE', #1893, #2855 ) ;
#499 = CARTESIAN_POINT ( 'NONE',  ( 143.3137084989849086, -6.699999999999997513, 64.84999999999993747 ) ) ;
#500 = VERTEX_POINT ( 'NONE', #3713 ) ;
#501 = CARTESIAN_POINT ( 'NONE',  ( -179.0936429463798447, 14.45368673569511309, 106.4844871365387320 ) ) ;
#502 = ADVANCED_FACE ( 'NONE', ( #3302 ), #938, .F. ) ;
#503 = CARTESIAN_POINT ( 'NONE',  ( -65.23254274104058936, 15.13963346883020833, 104.5936655159320878 ) ) ;
#504 = CARTESIAN_POINT ( 'NONE',  ( -66.67678467798236852, 15.00000000000000178, 101.6328038112906000 ) ) ;
#505 = SURFACE_STYLE_USAGE ( .BOTH. , #4066 ) ;
#506 = CARTESIAN_POINT ( 'NONE',  ( -63.69101924422185590, 14.96776956054853436, 75.15449037788873454 ) ) ;
#507 = CARTESIAN_POINT ( 'NONE',  ( 55.31370849898491571, -9.000000000000000000, 61.57738636560921464 ) ) ;
#508 = CARTESIAN_POINT ( 'NONE',  ( 138.7455438127825573, -5.110409569108178118, 97.33277966719872154 ) ) ;
#509 = CARTESIAN_POINT ( 'NONE',  ( -175.0000000000000568, 15.00000000000000000, -59.99999999999982947 ) ) ;
#510 = FACE_OUTER_BOUND ( 'NONE', #3261, .T. ) ;
#511 = CIRCLE ( 'NONE', #1456, 4.000000000000003553 ) ;
#512 = EDGE_CURVE ( 'NONE', #1099, #755, #2355, .T. ) ;
#513 = ORIENTED_EDGE ( 'NONE', *, *, #659, .F. ) ;
#514 = CYLINDRICAL_SURFACE ( 'NONE', #1485, 4.499999999999990230 ) ;
#515 = FACE_OUTER_BOUND ( 'NONE', #185, .T. ) ;
#516 = AXIS2_PLACEMENT_3D ( 'NONE', #3869, #4487, #4411 ) ;
#517 = VERTEX_POINT ( 'NONE', #1254 ) ;
#518 = CARTESIAN_POINT ( 'NONE',  ( -57.69060162600396779, 7.810963755112165785, 104.2205239871261568 ) ) ;
#519 = CARTESIAN_POINT ( 'NONE',  ( -132.0000000000000000, -15.00000000000000000, 81.84999999999989484 ) ) ;
#520 = AXIS2_PLACEMENT_3D ( 'NONE', #2158, #2547, #2906 ) ;
#521 = CARTESIAN_POINT ( 'NONE',  ( -56.56659601741209542, -15.00000000000000000, 104.7482393492988564 ) ) ;
#522 = DIRECTION ( 'NONE',  ( 0.000000000000000000, -1.000000000000000000, 0.000000000000000000 ) ) ;
#523 = CARTESIAN_POINT ( 'NONE',  ( 67.02763296956005945, 15.00000000000000178, 103.9991278174816784 ) ) ;
#524 = ADVANCED_FACE ( 'NONE', ( #4425 ), #577, .F. ) ;
#525 = DIRECTION ( 'NONE',  ( -0.000000000000000000, 0.000000000000000000, 1.000000000000000000 ) ) ;
#526 = ORIENTED_EDGE ( 'NONE', *, *, #1631, .F. ) ;
#527 = CARTESIAN_POINT ( 'NONE',  ( -184.5496924403934997, 11.60274902691297605, 108.5736589375677568 ) ) ;
#528 = AXIS2_PLACEMENT_3D ( 'NONE', #211, #4210, #34 ) ;
#529 = ORIENTED_EDGE ( 'NONE', *, *, #512, .T. ) ;
#530 = CARTESIAN_POINT ( 'NONE',  ( -71.28469568400927869, 15.47333781312414125, 103.8308298135225414 ) ) ;
#531 = CARTESIAN_POINT ( 'NONE',  ( 58.62495718438260894, 11.31929874021226645, 112.1912140812410144 ) ) ;
#532 = ORIENTED_EDGE ( 'NONE', *, *, #425, .T. ) ;
#533 = VECTOR ( 'NONE', #488, 1000.000000000000000 ) ;
#534 = CARTESIAN_POINT ( 'NONE',  ( -64.34550962211113756, 14.96776956054853436, 75.80898075577802331 ) ) ;
#535 = LINE ( 'NONE', #166, #1144 ) ;
#536 = VECTOR ( 'NONE', #2887, 1000.000000000000000 ) ;
#537 = DIRECTION ( 'NONE',  ( 2.721134864277343669E-16, 0.000000000000000000, -1.000000000000000000 ) ) ;
#538 = ORIENTED_EDGE ( 'NONE', *, *, #2605, .F. ) ;
#539 = CARTESIAN_POINT ( 'NONE',  ( 178.0694682364173786, 14.08820522610031389, 107.2925898669735432 ) ) ;
#540 = CARTESIAN_POINT ( 'NONE',  ( -190.0000000000000000, -15.00000000000000000, 125.0000000000000000 ) ) ;
#541 = EDGE_CURVE ( 'NONE', #3295, #4056, #2560, .T. ) ;
#542 = VERTEX_POINT ( 'NONE', #1227 ) ;
#543 = CARTESIAN_POINT ( 'NONE',  ( 144.4589701165690485, -1.835262420212333101, 93.66707858196369330 ) ) ;
#544 = CARTESIAN_POINT ( 'NONE',  ( 62.50230119650979077, 14.61186575455530878, 101.4950601669061854 ) ) ;
#545 = AXIS2_PLACEMENT_3D ( 'NONE', #3270, #364, #4274 ) ;
#546 = ORIENTED_EDGE ( 'NONE', *, *, #2296, .T. ) ;
#547 = CARTESIAN_POINT ( 'NONE',  ( 64.58379540933579221, 15.05479241698269099, 104.8430250769611263 ) ) ;
#548 = ORIENTED_EDGE ( 'NONE', *, *, #4420, .T. ) ;
#549 = DIRECTION ( 'NONE',  ( 1.000000000000000000, 0.000000000000000000, -4.625929269271480983E-16 ) ) ;
#550 = CARTESIAN_POINT ( 'NONE',  ( 55.31370849898491571, -6.699999999999997513, 64.84999999999993747 ) ) ;
#551 = DIRECTION ( 'NONE',  ( -1.000000000000000000, 0.000000000000000000, -2.721134864277343669E-16 ) ) ;
#552 = PLANE ( 'NONE',  #1262 ) ;
#553 = DIRECTION ( 'NONE',  ( 0.000000000000000000, 0.000000000000000000, 1.000000000000000000 ) ) ;
#554 = ORIENTED_EDGE ( 'NONE', *, *, #2730, .T. ) ;
#555 = CARTESIAN_POINT ( 'NONE',  ( -175.8387959207915401, 14.62775487815512854, 106.0024634118580877 ) ) ;
#556 = CARTESIAN_POINT ( 'NONE',  ( -63.29699343570521819, 14.94711656188801996, 101.4712854839042961 ) ) ;
#557 = CARTESIAN_POINT ( 'NONE',  ( -185.2890027941727737, -14.85412807695178472, 125.0000000000000000 ) ) ;
#558 = CARTESIAN_POINT ( 'NONE',  ( -55.98891951192990746, 6.871795877943053021, 104.9074412638583595 ) ) ;
#559 = ORIENTED_EDGE ( 'NONE', *, *, #3180, .F. ) ;
#560 = CARTESIAN_POINT ( 'NONE',  ( -184.9999999999999716, -13.30124343522352959, 95.04813484716471805 ) ) ;
#561 = LINE ( 'NONE', #4020, #723 ) ;
#562 = ADVANCED_FACE ( 'NONE', ( #890 ), #4401, .F. ) ;
#563 = CARTESIAN_POINT ( 'NONE',  ( 135.9242257813861556, -0.6580746083967966564, 91.08645928363752375 ) ) ;
#564 = VERTEX_POINT ( 'NONE', #232 ) ;
#565 = CARTESIAN_POINT ( 'NONE',  ( -43.99999999999999289, -9.000000000000000000, 54.59999999999993747 ) ) ;
#566 = DIRECTION ( 'NONE',  ( 0.000000000000000000, 1.000000000000000000, 0.000000000000000000 ) ) ;
#567 = ORIENTED_EDGE ( 'NONE', *, *, #2053, .T. ) ;
#568 = CARTESIAN_POINT ( 'NONE',  ( 144.2676437999197390, -2.343580839973547381, 94.45233410444728861 ) ) ;
#569 = EDGE_CURVE ( 'NONE', #4211, #2035, #132, .T. ) ;
#570 = CARTESIAN_POINT ( 'NONE',  ( -60.50583519765402940, 12.21575603140052912, 83.48832960469185593 ) ) ;
#571 = EDGE_CURVE ( 'NONE', #100, #1079, #4376, .T. ) ;
#572 = ORIENTED_EDGE ( 'NONE', *, *, #1131, .F. ) ;
#573 = VECTOR ( 'NONE', #1586, 1000.000000000000000 ) ;
#574 = CARTESIAN_POINT ( 'NONE',  ( 60.05791222470586632, 11.96899228308934759, 101.7415443092238689 ) ) ;
#575 = CARTESIAN_POINT ( 'NONE',  ( 65.49443716294398143, 15.00000000000000533, 100.4944366682962595 ) ) ;
#576 = EDGE_CURVE ( 'NONE', #3171, #2882, #919, .T. ) ;
#577 = CYLINDRICAL_SURFACE ( 'NONE', #1836, 4.000000000000003553 ) ;
#578 = CARTESIAN_POINT ( 'NONE',  ( -58.65885615801013842, 8.751245807906084195, 103.4157602712689226 ) ) ;
#579 = AXIS2_PLACEMENT_3D ( 'NONE', #2580, #2870, #1859 ) ;
#580 = EDGE_CURVE ( 'NONE', #3059, #4300, #2661, .T. ) ;
#581 = DIRECTION ( 'NONE',  ( 0.000000000000000000, 0.000000000000000000, -1.000000000000000000 ) ) ;
#582 = ORIENTED_EDGE ( 'NONE', *, *, #190, .F. ) ;
#583 = CARTESIAN_POINT ( 'NONE',  ( -184.0851084452050657, 7.688839600106614824, 116.4875131193309841 ) ) ;
#584 = CARTESIAN_POINT ( 'NONE',  ( -65.45274194657073963, 15.20056446735893019, 101.4541526867872534 ) ) ;
#585 = CARTESIAN_POINT ( 'NONE',  ( -54.99999999999992184, 10.74196951500544195, 112.9903730305670280 ) ) ;
#586 = DIRECTION ( 'NONE',  ( -1.000000000000000000, -0.000000000000000000, -0.000000000000000000 ) ) ;
#587 = CARTESIAN_POINT ( 'NONE',  ( -189.9999999999999716, 0.000000000000000000, 87.00000000000001421 ) ) ;
#588 = VECTOR ( 'NONE', #3581, 1000.000000000000000 ) ;
#589 = CARTESIAN_POINT ( 'NONE',  ( 55.50507384722542525, 10.74196951603865635, 112.9903730291824502 ) ) ;
#590 = ORIENTED_EDGE ( 'NONE', *, *, #3518, .F. ) ;
#591 = CARTESIAN_POINT ( 'NONE',  ( 139.9999999999999716, 15.00000000000000000, -57.00000000000022027 ) ) ;
#592 = CARTESIAN_POINT ( 'NONE',  ( -63.25705250902736765, 14.93927486781912961, 101.4717674384699819 ) ) ;
#593 = ORIENTED_EDGE ( 'NONE', *, *, #4262, .T. ) ;
#594 = CARTESIAN_POINT ( 'NONE',  ( 143.6063165990105119, -0.4206357076304492737, 90.28954891285754059 ) ) ;
#595 = DIRECTION ( 'NONE',  ( 0.000000000000000000, 1.000000000000000000, 0.000000000000000000 ) ) ;
#596 =( GEOMETRIC_REPRESENTATION_CONTEXT ( 3 ) GLOBAL_UNCERTAINTY_ASSIGNED_CONTEXT ( ( #326 ) ) GLOBAL_UNIT_ASSIGNED_CONTEXT ( ( #1955, #1261, #2604 ) ) REPRESENTATION_CONTEXT ( 'NONE', 'WORKASPACE' ) );
#597 = ORIENTED_EDGE ( 'NONE', *, *, #1069, .F. ) ;
#598 = FACE_OUTER_BOUND ( 'NONE', #3115, .T. ) ;
#599 = ORIENTED_EDGE ( 'NONE', *, *, #4323, .T. ) ;
#600 = AXIS2_PLACEMENT_3D ( 'NONE', #3689, #3637, #1550 ) ;
#601 = CYLINDRICAL_SURFACE ( 'NONE', #1910, 15.00000000000001421 ) ;
#602 = DIRECTION ( 'NONE',  ( -1.000000000000000000, 0.000000000000000000, 0.000000000000000000 ) ) ;
#603 = CARTESIAN_POINT ( 'NONE',  ( -59.99999999999992184, 10.00000000000000888, 79.49999999999995737 ) ) ;
#604 = CIRCLE ( 'NONE', #3724, 5.000000000000004441 ) ;
#605 = DIRECTION ( 'NONE',  ( -1.000000000000000000, -0.000000000000000000, -2.434699615406044725E-16 ) ) ;
#606 = VERTEX_POINT ( 'NONE', #1973 ) ;
#607 = CARTESIAN_POINT ( 'NONE',  ( -189.9058434760587488, 3.211848683738680155, 120.1029186053044242 ) ) ;
#608 = CARTESIAN_POINT ( 'NONE',  ( -64.79875633092480314, 15.14949603841379400, 104.5642228824125510 ) ) ;
#609 = CARTESIAN_POINT ( 'NONE',  ( 55.00000000000007105, -14.99999999999998579, 104.9999999999999716 ) ) ;
#610 = ORIENTED_EDGE ( 'NONE', *, *, #3537, .F. ) ;
#611 = CIRCLE ( 'NONE', #1095, 5.000000000000004441 ) ;
#612 = ADVANCED_FACE ( 'NONE', ( #1918 ), #3351, .F. ) ;
#613 = CARTESIAN_POINT ( 'NONE',  ( 185.0000000000000284, -13.30124343522352959, 120.0481348471645902 ) ) ;
#614 = CARTESIAN_POINT ( 'NONE',  ( 139.9999999999999716, 15.00000000000000000, -52.50000000000022737 ) ) ;
#615 = CARTESIAN_POINT ( 'NONE',  ( 57.35914317969840681, 7.558394469011536110, 104.4149451560553530 ) ) ;
#616 = CARTESIAN_POINT ( 'NONE',  ( 55.00000000000007105, 10.00000000000000888, 79.49999999999995737 ) ) ;
#617 = CARTESIAN_POINT ( 'NONE',  ( -43.99999999999998579, 0.000000000000000000, 54.59999999999993747 ) ) ;
#618 = VECTOR ( 'NONE', #1618, 1000.000000000000000 ) ;
#619 = ORIENTED_EDGE ( 'NONE', *, *, #241, .F. ) ;
#620 = CARTESIAN_POINT ( 'NONE',  ( 144.1731855002722682, -2.524531014593856870, 94.70423980074853887 ) ) ;
#621 = CARTESIAN_POINT ( 'NONE',  ( -60.48725218878121979, 12.70929304665901327, 79.01274781121868784 ) ) ;
#622 = EDGE_CURVE ( 'NONE', #2797, #2022, #2654, .T. ) ;
#623 = ORIENTED_EDGE ( 'NONE', *, *, #300, .F. ) ;
#624 = CARTESIAN_POINT ( 'NONE',  ( 64.33088734853092205, 14.86650655001776933, 105.3720397736330909 ) ) ;
#625 = EDGE_LOOP ( 'NONE', ( #4030, #4109, #3102, #3702 ) ) ;
#626 = CARTESIAN_POINT ( 'NONE',  ( -43.99999999999998579, -9.000000000000000000, 75.09999999999993747 ) ) ;
#627 = DIRECTION ( 'NONE',  ( 0.000000000000000000, 0.000000000000000000, 1.000000000000000000 ) ) ;
#628 = CARTESIAN_POINT ( 'NONE',  ( 11.85660395791400212, -9.000000000000000000, -52.00000000000004263 ) ) ;
#629 = PLANE ( 'NONE',  #2733 ) ;
#630 = VERTEX_POINT ( 'NONE', #70 ) ;
#631 = CARTESIAN_POINT ( 'NONE',  ( -73.39999999999999147, -12.99999999999999822, -40.50000000000004263 ) ) ;
#632 = ORIENTED_EDGE ( 'NONE', *, *, #3215, .T. ) ;
#633 = CARTESIAN_POINT ( 'NONE',  ( -64.85591423605110606, 15.16376397485410799, 104.5214585107791549 ) ) ;
#634 = CARTESIAN_POINT ( 'NONE',  ( -58.14823578839331475, 8.215180820964256725, 103.8913796530940203 ) ) ;
#635 = ADVANCED_FACE ( 'NONE', ( #651 ), #1102, .F. ) ;
#636 = LINE ( 'NONE', #1707, #2356 ) ;
#637 = DIRECTION ( 'NONE',  ( -0.000000000000000000, 1.000000000000000000, 4.956352788505164254E-16 ) ) ;
#638 = CIRCLE ( 'NONE', #3169, 4.000000000000003553 ) ;
#639 = EDGE_CURVE ( 'NONE', #1276, #3443, #1817, .T. ) ;
#640 = CARTESIAN_POINT ( 'NONE',  ( -59.72980209419165476, 11.74157419968413762, 111.5672879488112557 ) ) ;
#641 = CARTESIAN_POINT ( 'NONE',  ( 2.200000000000014833, 0.000000000000000000, -25.50000000000003908 ) ) ;
#642 = ORIENTED_EDGE ( 'NONE', *, *, #3415, .F. ) ;
#643 = CARTESIAN_POINT ( 'NONE',  ( 55.00000000000008527, 10.00000000000000888, 79.49999999999994316 ) ) ;
#644 = CARTESIAN_POINT ( 'NONE',  ( 71.28569441595777789, 15.47330626300381873, 103.8310043150476076 ) ) ;
#645 = ORIENTED_EDGE ( 'NONE', *, *, #818, .F. ) ;
#646 = ORIENTED_EDGE ( 'NONE', *, *, #1239, .T. ) ;
#647 = DIRECTION ( 'NONE',  ( 0.000000000000000000, -1.000000000000000000, 0.000000000000000000 ) ) ;
#648 = ORIENTED_EDGE ( 'NONE', *, *, #3469, .F. ) ;
#649 = CARTESIAN_POINT ( 'NONE',  ( 66.35432335845125351, 14.88368240475464788, 105.1895149106881746 ) ) ;
#650 = ORIENTED_EDGE ( 'NONE', *, *, #2083, .F. ) ;
#651 = FACE_OUTER_BOUND ( 'NONE', #2950, .T. ) ;
#652 = CARTESIAN_POINT ( 'NONE',  ( 185.0840091641887568, -11.60248687044914284, 124.9999999999999716 ) ) ;
#653 = DIRECTION ( 'NONE',  ( 0.000000000000000000, 1.000000000000000000, -0.000000000000000000 ) ) ;
#654 = ORIENTED_EDGE ( 'NONE', *, *, #964, .T. ) ;
#655 = CARTESIAN_POINT ( 'NONE',  ( -188.3307305034612114, 7.398583393560310917, 116.8129115384444674 ) ) ;
#656 = EDGE_LOOP ( 'NONE', ( #2438, #2517, #3681, #1068 ) ) ;
#657 = CIRCLE ( 'NONE', #2685, 4.000000000000003553 ) ;
#658 = CARTESIAN_POINT ( 'NONE',  ( -63.64187588558792186, 15.05474698351602569, 101.4639524869897542 ) ) ;
#659 = EDGE_CURVE ( 'NONE', #2089, #3632, #1118, .T. ) ;
#660 = DIRECTION ( 'NONE',  ( -3.384826294588891447E-16, 0.000000000000000000, -1.000000000000000000 ) ) ;
#661 = CARTESIAN_POINT ( 'NONE',  ( 59.46152753011621428, 9.831745193683246953, 102.2696041468839354 ) ) ;
#662 = LINE ( 'NONE', #2315, #1270 ) ;
#663 = CARTESIAN_POINT ( 'NONE',  ( -184.3796948317118449, 11.74320415548680430, 108.4278052210239736 ) ) ;
#664 = ORIENTED_EDGE ( 'NONE', *, *, #336, .T. ) ;
#665 = CARTESIAN_POINT ( 'NONE',  ( 63.07127062163293374, 14.68155778304395298, 76.42872937836071401 ) ) ;
#666 = DIRECTION ( 'NONE',  ( 0.000000000000000000, -1.000000000000000000, 4.956352788505164254E-16 ) ) ;
#667 = ADVANCED_FACE ( 'NONE', ( #404 ), #3157, .T. ) ;
#668 = ORIENTED_EDGE ( 'NONE', *, *, #4273, .F. ) ;
#669 = ORIENTED_EDGE ( 'NONE', *, *, #2670, .T. ) ;
#670 = CARTESIAN_POINT ( 'NONE',  ( 64.87351589970417365, 15.67698973016238106, 102.9715258948403971 ) ) ;
#671 = CARTESIAN_POINT ( 'NONE',  ( -143.3403500104936938, -3.641249788936643750, 96.02672910276143625 ) ) ;
#672 = FACE_OUTER_BOUND ( 'NONE', #1376, .T. ) ;
#673 = VECTOR ( 'NONE', #3264, 1000.000000000000000 ) ;
#674 = CARTESIAN_POINT ( 'NONE',  ( -2.199999999999981970, 2.711709361697214068E-32, -55.50000000000004974 ) ) ;
#675 = ORIENTED_EDGE ( 'NONE', *, *, #245, .T. ) ;
#676 = CARTESIAN_POINT ( 'NONE',  ( -120.0000000000000284, -6.699999999999997513, 64.84999999999993747 ) ) ;
#677 = EDGE_LOOP ( 'NONE', ( #1201, #3553, #102, #3367 ) ) ;
#678 = CIRCLE ( 'NONE', #235, 5.000000000000004441 ) ;
#679 = EDGE_CURVE ( 'NONE', #1258, #359, #1062, .T. ) ;
#680 = CARTESIAN_POINT ( 'NONE',  ( 180.6339000586466454, 12.60047476265692268, 110.2068934955626958 ) ) ;
#681 = AXIS2_PLACEMENT_3D ( 'NONE', #2694, #602, #1279 ) ;
#682 =( LENGTH_UNIT ( ) NAMED_UNIT ( * ) SI_UNIT ( .MILLI., .METRE. ) );
#683 = CARTESIAN_POINT ( 'NONE',  ( 58.96159454400083888, 9.117438715433763718, 103.0594795774331942 ) ) ;
#684 = DIRECTION ( 'NONE',  ( 0.000000000000000000, 1.000000000000000000, 0.000000000000000000 ) ) ;
#685 = CARTESIAN_POINT ( 'NONE',  ( -188.4444351581067281, 6.668880949879612885, 112.6606662086568065 ) ) ;
#686 = VERTEX_POINT ( 'NONE', #3422 ) ;
#687 = CARTESIAN_POINT ( 'NONE',  ( 61.69586624683829967, 13.76693405870370057, 81.10826750632212168 ) ) ;
#688 = ADVANCED_FACE ( 'NONE', ( #3540 ), #4449, .F. ) ;
#689 = EDGE_CURVE ( 'NONE', #3355, #1685, #1445, .T. ) ;
#690 = EDGE_LOOP ( 'NONE', ( #538, #2055, #968, #409 ) ) ;
#691 = CARTESIAN_POINT ( 'NONE',  ( 63.44891541794959267, 15.65836409448918864, 103.0455044255626831 ) ) ;
#692 = EDGE_CURVE ( 'NONE', #2103, #1066, #2284, .T. ) ;
#693 = CARTESIAN_POINT ( 'NONE',  ( -73.39999999999997726, -29.99999999999997868, -56.50000000000004974 ) ) ;
#694 = CARTESIAN_POINT ( 'NONE',  ( 185.1619754733706600, -11.64128157230607030, 124.9999999999999574 ) ) ;
#695 = EDGE_CURVE ( 'NONE', #1370, #3443, #2494, .T. ) ;
#696 = CARTESIAN_POINT ( 'NONE',  ( -136.0551127370440554, -2.892666178879686356, 95.18123244994792742 ) ) ;
#697 = VERTEX_POINT ( 'NONE', #1423 ) ;
#698 = DIRECTION ( 'NONE',  ( 1.000000000000000000, 0.000000000000000000, 1.156482317317871232E-16 ) ) ;
#699 = ORIENTED_EDGE ( 'NONE', *, *, #692, .F. ) ;
#700 = VECTOR ( 'NONE', #1563, 1000.000000000000000 ) ;
#701 = VECTOR ( 'NONE', #1137, 1000.000000000000000 ) ;
#702 = CARTESIAN_POINT ( 'NONE',  ( 185.0000000000000284, 2.660248687044701743, 120.4495279040575326 ) ) ;
#703 = VECTOR ( 'NONE', #472, 1000.000000000000000 ) ;
#704 = ORIENTED_EDGE ( 'NONE', *, *, #3967, .F. ) ;
#705 = FACE_OUTER_BOUND ( 'NONE', #1703, .T. ) ;
#706 = DIRECTION ( 'NONE',  ( 0.000000000000000000, 0.000000000000000000, -1.000000000000000000 ) ) ;
#707 = ORIENTED_EDGE ( 'NONE', *, *, #2251, .F. ) ;
#708 = CARTESIAN_POINT ( 'NONE',  ( 54.99999999999781153, 10.32725294660994741, 79.49999999999994316 ) ) ;
#709 = B_SPLINE_CURVE_WITH_KNOTS ( 'NONE', 3,
 ( #3375, #575, #2270, #4351 ),
 .UNSPECIFIED., .F., .F.,
 ( 4, 4 ),
 ( -1.414213562377630128E-05, 0.002083576039800106097 ),
 .UNSPECIFIED. ) ;
#710 = ADVANCED_FACE ( 'NONE', ( #10 ), #2091, .T. ) ;
#711 = CARTESIAN_POINT ( 'NONE',  ( 66.55941834890209918, 14.99655857875935006, 101.4679234790570490 ) ) ;
#712 = EDGE_CURVE ( 'NONE', #4056, #787, #2585, .T. ) ;
#713 = CARTESIAN_POINT ( 'NONE',  ( -43.99999999999999289, -9.000000000000000000, 54.59999999999993747 ) ) ;
#714 = TOROIDAL_SURFACE ( 'NONE', #3833, 24.99999999999999289, 5.000000000000000000 ) ;
#715 = CARTESIAN_POINT ( 'NONE',  ( -136.3936834009896870, -0.4206357076305132781, 90.28954891285771112 ) ) ;
#716 = ORIENTED_EDGE ( 'NONE', *, *, #4142, .F. ) ;
#717 = DIRECTION ( 'NONE',  ( 1.000000000000000000, 0.000000000000000000, 0.000000000000000000 ) ) ;
#718 = ORIENTED_EDGE ( 'NONE', *, *, #1577, .T. ) ;
#719 = B_SPLINE_CURVE_WITH_KNOTS ( 'NONE', 3,
 ( #3969, #2208, #852, #3600, #1558, #1877, #134, #1530, #2231, #1237, #3335, #188, #3310, #899, #4362, #2629, #2281, #1954, #557, #3672, #1929, #1583 ),
 .UNSPECIFIED., .F., .F.,
 ( 4, 2, 2, 2, 2, 2, 2, 2, 2, 2, 4 ),
 ( 0.000000000000000000, 0.0002457397569785230770, 0.0004914795139570461539, 0.0009829590279141315560, 0.001474438541871217175, 0.001965918055828302577, 0.002457397569785388196, 0.002948877083742473381, 0.003440356597699559000, 0.003686096354678079692, 0.003931836111656599950 ),
 .UNSPECIFIED. ) ;
#720 = CARTESIAN_POINT ( 'NONE',  ( -60.02960594047740273, 15.52457680661729889, 103.5880226712567804 ) ) ;
#721 = FACE_OUTER_BOUND ( 'NONE', #4184, .T. ) ;
#722 = EDGE_CURVE ( 'NONE', #697, #64, #2874, .T. ) ;
#723 = VECTOR ( 'NONE', #1959, 1000.000000000000000 ) ;
#724 = CIRCLE ( 'NONE', #2164, 5.000000000000004441 ) ;
#725 = EDGE_LOOP ( 'NONE', ( #4490, #646, #1474, #2189 ) ) ;
#726 = FACE_BOUND ( 'NONE', #1374, .T. ) ;
#727 = CARTESIAN_POINT ( 'NONE',  ( -176.9372974129673537, 14.87691012382753541, 104.3148796453721729 ) ) ;
#728 = ORIENTED_EDGE ( 'NONE', *, *, #1753, .F. ) ;
#729 = ORIENTED_EDGE ( 'NONE', *, *, #712, .F. ) ;
#730 = CARTESIAN_POINT ( 'NONE',  ( 58.90010208165535488, 13.97553812808527063, 77.54994895917533881 ) ) ;
#731 = DIRECTION ( 'NONE',  ( 0.000000000000000000, 1.000000000000000000, 0.000000000000000000 ) ) ;
#732 = CARTESIAN_POINT ( 'NONE',  ( 65.06684718110921040, 15.17517715317399229, 104.4870693953385938 ) ) ;
#733 = CYLINDRICAL_SURFACE ( 'NONE', #266, 11.49999999999999645 ) ;
#734 = ORIENTED_EDGE ( 'NONE', *, *, #1906, .F. ) ;
#735 = DIRECTION ( 'NONE',  ( -0.000000000000000000, 0.000000000000000000, -1.000000000000000000 ) ) ;
#736 = VERTEX_POINT ( 'NONE', #509 ) ;
#737 = CARTESIAN_POINT ( 'NONE',  ( 73.39999999999999147, -30.00000000000000000, -12.00000000000001421 ) ) ;
#738 = CARTESIAN_POINT ( 'NONE',  ( -59.62970388266109012, 10.59837044434453546, 101.9366143797776090 ) ) ;
#739 = CARTESIAN_POINT ( 'NONE',  ( 56.56659601741218069, -15.00000000000000000, 104.7482393492988564 ) ) ;
#740 = CARTESIAN_POINT ( 'NONE',  ( 70.96202363167893168, 15.48352858717177050, 103.7744551843183274 ) ) ;
#741 = CIRCLE ( 'NONE', #600, 4.499999999999990230 ) ;
#742 = VECTOR ( 'NONE', #453, 1000.000000000000000 ) ;
#743 = ORIENTED_EDGE ( 'NONE', *, *, #964, .F. ) ;
#744 = DIRECTION ( 'NONE',  ( -2.434699615406044725E-16, -0.000000000000000000, 1.000000000000000000 ) ) ;
#745 = B_SPLINE_CURVE_WITH_KNOTS ( 'NONE', 3,
 ( #2706, #4438, #4070, #4049, #2368, #4414, #3387, #3754, #3703, #640, #316, #221, #929, #2664, #1709, #2684, #949, #3094 ),
 .UNSPECIFIED., .F., .F.,
 ( 4, 2, 2, 2, 2, 2, 2, 2, 4 ),
 ( 2.088883680402604765E-17, 0.001609954828159834359, 0.002414932242239751104, 0.003219909656319667850, 0.004829864484479503076, 0.005634841898559420255, 0.006439819312639338302, 0.009659728968958994008, 0.01287963862527866099 ),
 .UNSPECIFIED. ) ;
#746 = CARTESIAN_POINT ( 'NONE',  ( -187.7518408344859324, 7.912621792586047142, 111.7836167007021686 ) ) ;
#747 = EDGE_CURVE ( 'NONE', #4510, #1648, #169, .T. ) ;
#748 = ORIENTED_EDGE ( 'NONE', *, *, #512, .F. ) ;
#749 = DIRECTION ( 'NONE',  ( -0.000000000000000000, 0.000000000000000000, 1.000000000000000000 ) ) ;
#750 = AXIS2_PLACEMENT_3D ( 'NONE', #3938, #1180, #822 ) ;
#751 = CARTESIAN_POINT ( 'NONE',  ( -86.59999999999999432, 0.000000000000000000, -12.00000000000005507 ) ) ;
#752 = VECTOR ( 'NONE', #3086, 1000.000000000000000 ) ;
#753 = CARTESIAN_POINT ( 'NONE',  ( 65.31257994670558276, 15.10807590862108185, 104.6872004703853349 ) ) ;
#754 = DIRECTION ( 'NONE',  ( -1.000000000000000000, 0.000000000000000000, -0.000000000000000000 ) ) ;
#755 = VERTEX_POINT ( 'NONE', #3679 ) ;
#756 = VERTEX_POINT ( 'NONE', #1985 ) ;
#757 = DIRECTION ( 'NONE',  ( 1.156482317317871232E-16, 0.000000000000000000, -1.000000000000000000 ) ) ;
#758 = ORIENTED_EDGE ( 'NONE', *, *, #4371, .T. ) ;
#759 = VECTOR ( 'NONE', #480, 1000.000000000000000 ) ;
#760 = CARTESIAN_POINT ( 'NONE',  ( 132.0000000000001705, -15.00000000000000000, 76.84999999999963904 ) ) ;
#761 = DIRECTION ( 'NONE',  ( -0.000000000000000000, 1.000000000000000000, -0.000000000000000000 ) ) ;
#762 = CARTESIAN_POINT ( 'NONE',  ( 65.00000000000007105, 10.00000000000000888, 99.99999999999995737 ) ) ;
#763 = CARTESIAN_POINT ( 'NONE',  ( 60.00000000000008527, -11.87520813829879351, 100.1018210085762519 ) ) ;
#764 = CARTESIAN_POINT ( 'NONE',  ( -43.99999999999999289, 0.000000000000000000, 54.59999999999993747 ) ) ;
#765 = EDGE_CURVE ( 'NONE', #2512, #4300, #662, .T. ) ;
#766 = VERTEX_POINT ( 'NONE', #1290 ) ;
#767 = ORIENTED_EDGE ( 'NONE', *, *, #2228, .F. ) ;
#768 = CARTESIAN_POINT ( 'NONE',  ( -43.99999999999998579, 0.000000000000000000, 75.09999999999993747 ) ) ;
#769 = CARTESIAN_POINT ( 'NONE',  ( 44.00000000000014211, -9.000000000000000000, 54.59999999999993747 ) ) ;
#770 = EDGE_CURVE ( 'NONE', #755, #4416, #745, .T. ) ;
#771 = VERTEX_POINT ( 'NONE', #3066 ) ;
#772 = DIRECTION ( 'NONE',  ( -0.000000000000000000, 1.000000000000000000, -0.000000000000000000 ) ) ;
#773 = B_SPLINE_CURVE_WITH_KNOTS ( 'NONE', 3,
 ( #2824, #1005, #2397, #4218, #4238, #1093, #3894, #2486 ),
 .UNSPECIFIED., .F., .F.,
 ( 4, 2, 2, 4 ),
 ( -1.598356031794907130E-05, 0.0005193965500885644199, 0.001054776660495077793, 0.002125536881308091961 ),
 .UNSPECIFIED. ) ;
#774 = EDGE_CURVE ( 'NONE', #2318, #3835, #4463, .T. ) ;
#775 = CARTESIAN_POINT ( 'NONE',  ( 190.0000000000000568, -2.768877509611762692E-15, 116.2159623945753850 ) ) ;
#776 = CARTESIAN_POINT ( 'NONE',  ( -63.64962037041238574, 15.05820058792392580, 101.4637161403360039 ) ) ;
#777 = EDGE_CURVE ( 'NONE', #4500, #2638, #4247, .T. ) ;
#778 = DIRECTION ( 'NONE',  ( -1.000000000000000000, 0.000000000000000000, 0.000000000000000000 ) ) ;
#779 = VERTEX_POINT ( 'NONE', #1314 ) ;
#780 = CARTESIAN_POINT ( 'NONE',  ( -55.28319313483004294, 6.734767356633941660, 105.0000000000000142 ) ) ;
#781 = VERTEX_POINT ( 'NONE', #2635 ) ;
#782 = CARTESIAN_POINT ( 'NONE',  ( 139.9999999999999716, 0.000000000000000000, -61.50000000000020606 ) ) ;
#783 = FACE_OUTER_BOUND ( 'NONE', #725, .T. ) ;
#784 = CARTESIAN_POINT ( 'NONE',  ( 65.00000000000007105, 10.00000000000000888, 79.49999999999995737 ) ) ;
#785 = CARTESIAN_POINT ( 'NONE',  ( 59.87007826231943142, -13.48885935320320684, 101.1522010535118596 ) ) ;
#786 = CARTESIAN_POINT ( 'NONE',  ( 2.200000000000014833, -9.000000000000000000, -25.50000000000004263 ) ) ;
#787 = VERTEX_POINT ( 'NONE', #908 ) ;
#788 = CARTESIAN_POINT ( 'NONE',  ( 57.64087869585164725, 11.05120023741273272, 112.5686097114820399 ) ) ;
#789 = DIRECTION ( 'NONE',  ( 1.000000000000000000, -0.000000000000000000, -0.000000000000000000 ) ) ;
#790 = CARTESIAN_POINT ( 'NONE',  ( 185.6434297781864018, -13.95045259406184357, 125.0000000000000000 ) ) ;
#791 = AXIS2_PLACEMENT_3D ( 'NONE', #1764, #3834, #20 ) ;
#792 = CARTESIAN_POINT ( 'NONE',  ( 185.1634727136660388, 11.23830084635765658, 112.3775508256553053 ) ) ;
#793 = CARTESIAN_POINT ( 'NONE',  ( 187.7537865239139592, 7.909321926328583885, 111.7860035605721976 ) ) ;
#794 = LINE ( 'NONE', #1886, #703 ) ;
#795 = CARTESIAN_POINT ( 'NONE',  ( 120.0000000000000853, -9.999999999999998224, 47.84999999999966747 ) ) ;
#796 = VERTEX_POINT ( 'NONE', #2342 ) ;
#797 = CARTESIAN_POINT ( 'NONE',  ( -56.35835558249841171, 7.001249895147578783, 104.8187390875095701 ) ) ;
#798 = VERTEX_POINT ( 'NONE', #3729 ) ;
#799 = AXIS2_PLACEMENT_3D ( 'NONE', #1112, #103, #3527 ) ;
#800 = CARTESIAN_POINT ( 'NONE',  ( -66.24514139404550406, 15.00000000000000000, 101.2287839852434104 ) ) ;
#801 = CARTESIAN_POINT ( 'NONE',  ( -64.32080976002029615, 14.86533603972093154, 105.3787606350337995 ) ) ;
#802 = CARTESIAN_POINT ( 'NONE',  ( 56.09586858231561735, 6.903173546188223320, 104.8860314670753411 ) ) ;
#803 = CARTESIAN_POINT ( 'NONE',  ( 59.46645345721780274, -14.33472996445694392, 102.2520460009267254 ) ) ;
#804 = CARTESIAN_POINT ( 'NONE',  ( -185.1493178374765307, 11.25029972717286775, 112.3602904559675721 ) ) ;
#805 = EDGE_CURVE ( 'NONE', #311, #2126, #1181, .T. ) ;
#806 = VECTOR ( 'NONE', #214, 1000.000000000000000 ) ;
#807 = CARTESIAN_POINT ( 'NONE',  ( -69.21219658097784588, 13.17980658941875305, 101.6128612303227214 ) ) ;
#808 = CARTESIAN_POINT ( 'NONE',  ( 62.17301420927223177, 13.04871001137335895, 109.4196238345807473 ) ) ;
#809 = CARTESIAN_POINT ( 'NONE',  ( 185.0000000000000284, -11.60248687044699700, 124.9999999999998721 ) ) ;
#810 = DIRECTION ( 'NONE',  ( -1.000000000000000000, 0.000000000000000000, -0.000000000000000000 ) ) ;
#811 = AXIS2_PLACEMENT_3D ( 'NONE', #1446, #2405, #2328 ) ;
#812 = DIRECTION ( 'NONE',  ( -1.000000000000000000, -0.000000000000000000, -0.000000000000000000 ) ) ;
#813 = CARTESIAN_POINT ( 'NONE',  ( 181.8168977892360374, 11.46868595429691595, 111.9954934579402845 ) ) ;
#814 = VECTOR ( 'NONE', #3737, 1000.000000000000000 ) ;
#815 = CARTESIAN_POINT ( 'NONE',  ( 38.00000000000014211, -6.699999999999997513, 68.84999999999993747 ) ) ;
#816 = CARTESIAN_POINT ( 'NONE',  ( -137.2418604767666181, -4.193992527455981723, 96.56591947971259060 ) ) ;
#817 = DIRECTION ( 'NONE',  ( -0.000000000000000000, 1.000000000000000000, -0.000000000000000000 ) ) ;
#818 = EDGE_CURVE ( 'NONE', #2165, #3081, #3178, .T. ) ;
#819 = EDGE_LOOP ( 'NONE', ( #1380, #3538, #1970, #2097, #1660 ) ) ;
#820 = CARTESIAN_POINT ( 'NONE',  ( -179.2621311065767031, 13.52252644565864514, 108.4880101501255751 ) ) ;
#821 = ORIENTED_EDGE ( 'NONE', *, *, #141, .T. ) ;
#822 = DIRECTION ( 'NONE',  ( 0.000000000000000000, 0.000000000000000000, 1.000000000000000000 ) ) ;
#823 = CARTESIAN_POINT ( 'NONE',  ( -150.0000000000000284, 15.00000000000000000, -60.00000000000001421 ) ) ;
#824 = CARTESIAN_POINT ( 'NONE',  ( 55.00000000000007105, 6.734767356633923008, 104.9999999999999716 ) ) ;
#825 = CIRCLE ( 'NONE', #3949, 4.999999999999997335 ) ;
#826 = CARTESIAN_POINT ( 'NONE',  ( 0.000000000000000000, -15.00000000000000000, 0.000000000000000000 ) ) ;
#827 = CARTESIAN_POINT ( 'NONE',  ( -177.0637144266681275, 14.86453337726282875, 105.4229725354748695 ) ) ;
#828 = CARTESIAN_POINT ( 'NONE',  ( -70.96759873704337451, 15.48335740989070075, 103.7754220958453431 ) ) ;
#829 = CARTESIAN_POINT ( 'NONE',  ( 59.08331367341039453, 11.47962917419243922, 111.9599328535763476 ) ) ;
#830 = PLANE ( 'NONE',  #1755 ) ;
#831 = LINE ( 'NONE', #4223, #363 ) ;
#832 = DIRECTION ( 'NONE',  ( -1.000000000000000000, 0.000000000000000000, 0.000000000000000000 ) ) ;
#833 = CARTESIAN_POINT ( 'NONE',  ( 139.3591294761394579, -5.276514377444675219, 97.45698824476711764 ) ) ;
#834 = CARTESIAN_POINT ( 'NONE',  ( 177.1987949081853060, 14.36865872687117296, 106.6410038922879693 ) ) ;
#835 = CARTESIAN_POINT ( 'NONE',  ( 177.2213232381705268, 14.84483547221682009, 104.3687791482992253 ) ) ;
#836 = FACE_OUTER_BOUND ( 'NONE', #4345, .T. ) ;
#837 = CARTESIAN_POINT ( 'NONE',  ( 2.200000000000017941, -9.000000000000000000, -52.00000000000004263 ) ) ;
#838 = ADVANCED_FACE ( 'NONE', ( #4121, #1001 ), #3780, .F. ) ;
#839 = ORIENTED_EDGE ( 'NONE', *, *, #695, .T. ) ;
#840 = EDGE_CURVE ( 'NONE', #2126, #1616, #1058, .T. ) ;
#841 = CARTESIAN_POINT ( 'NONE',  ( -54.99999999999992184, -14.99999999999998579, 99.99999999999997158 ) ) ;
#842 = CARTESIAN_POINT ( 'NONE',  ( -188.9734868578048008, -15.00000000000000000, 123.0494168852767700 ) ) ;
#843 = VECTOR ( 'NONE', #4474, 1000.000000000000000 ) ;
#844 = FACE_BOUND ( 'NONE', #3510, .T. ) ;
#845 = CARTESIAN_POINT ( 'NONE',  ( 185.4670473980781082, -12.02144613464743728, 124.9999999999999858 ) ) ;
#846 = CARTESIAN_POINT ( 'NONE',  ( 67.05125462158464700, 15.00000000000000000, 102.2454349812792316 ) ) ;
#847 = CARTESIAN_POINT ( 'NONE',  ( -66.50041853065101805, 15.00000000000000000, 101.4677243977613017 ) ) ;
#848 = ORIENTED_EDGE ( 'NONE', *, *, #639, .F. ) ;
#849 = AXIS2_PLACEMENT_3D ( 'NONE', #2222, #1806, #59 ) ;
#850 = CARTESIAN_POINT ( 'NONE',  ( -180.1049880246642658, 14.14458451125538119, 107.2160793681439941 ) ) ;
#851 = CARTESIAN_POINT ( 'NONE',  ( -65.38960366121047230, 15.07037127267773258, 104.7977825882571636 ) ) ;
#852 = CARTESIAN_POINT ( 'NONE',  ( -185.1613054935446883, -11.64094337431084014, 125.0000000000000284 ) ) ;
#853 = DIRECTION ( 'NONE',  ( -0.000000000000000000, 1.000000000000000000, -0.000000000000000000 ) ) ;
#854 = EDGE_CURVE ( 'NONE', #64, #4011, #657, .T. ) ;
#855 = CARTESIAN_POINT ( 'NONE',  ( 44.00000000000012079, 0.000000000000000000, 75.09999999999993747 ) ) ;
#856 = DIRECTION ( 'NONE',  ( 0.000000000000000000, 4.956352788505164254E-16, -1.000000000000000000 ) ) ;
#857 = LINE ( 'NONE', #1562, #533 ) ;
#858 = CARTESIAN_POINT ( 'NONE',  ( 181.2537854448783889, 13.71165682542830666, 108.1686057590702461 ) ) ;
#859 = CARTESIAN_POINT ( 'NONE',  ( 140.0000000000001705, -5.335145141621742582, 97.49999999999978684 ) ) ;
#860 = CARTESIAN_POINT ( 'NONE',  ( -120.0000000000000000, -9.999999999999998224, 52.84999999999988773 ) ) ;
#861 = CIRCLE ( 'NONE', #3336, 12.99999999999999822 ) ;
#862 = DIRECTION ( 'NONE',  ( 0.000000000000000000, 0.000000000000000000, 1.000000000000000000 ) ) ;
#863 = ORIENTED_EDGE ( 'NONE', *, *, #4142, .T. ) ;
#864 = CARTESIAN_POINT ( 'NONE',  ( -178.3194882360909048, 13.98738982976101930, 107.5163184199985267 ) ) ;
#865 = CARTESIAN_POINT ( 'NONE',  ( -144.3840677928050411, -0.9718759305859548947, 91.94152554461254567 ) ) ;
#866 = CARTESIAN_POINT ( 'NONE',  ( -59.81510330190770475, -13.70045762794482691, 101.3713166336975888 ) ) ;
#867 = CARTESIAN_POINT ( 'NONE',  ( -54.99999999999992184, 137.6794603835540158, 84.49999999999995737 ) ) ;
#868 = CARTESIAN_POINT ( 'NONE',  ( 67.13002587697377521, 15.00000000000000178, 102.4715298361541755 ) ) ;
#869 = CARTESIAN_POINT ( 'NONE',  ( 185.6573652471830087, -15.00000000000000178, 124.9675020322437575 ) ) ;
#870 = ORIENTED_EDGE ( 'NONE', *, *, #3587, .T. ) ;
#871 = CARTESIAN_POINT ( 'NONE',  ( -179.0872551350332174, 14.43482435072895242, 105.0223564086492871 ) ) ;
#872 = ORIENTED_EDGE ( 'NONE', *, *, #722, .F. ) ;
#873 = ADVANCED_FACE ( 'NONE', ( #1382 ), #1788, .F. ) ;
#874 = CARTESIAN_POINT ( 'NONE',  ( 86.60000000000000853, -13.99999999999999822, -24.50000000000004263 ) ) ;
#875 = CARTESIAN_POINT ( 'NONE',  ( -67.22016323396938731, 15.00000000000000000, 103.1863755875323676 ) ) ;
#876 = CARTESIAN_POINT ( 'NONE',  ( 55.00000000000007816, 10.00000000000000888, 84.49999999999995737 ) ) ;
#877 = CARTESIAN_POINT ( 'NONE',  ( -64.34549410640576639, 15.00000000000000711, 74.82725294677456418 ) ) ;
#878 = CARTESIAN_POINT ( 'NONE',  ( 38.00000000000014921, -9.000000000000000000, 75.09999999999993747 ) ) ;
#879 = CARTESIAN_POINT ( 'NONE',  ( -149.9999999999998579, 0.000000000000000000, -85.00000000000000000 ) ) ;
#880 = CARTESIAN_POINT ( 'NONE',  ( 180.5606380079182145, 13.94050419524906381, 105.7507191863808771 ) ) ;
#881 = FACE_OUTER_BOUND ( 'NONE', #2511, .T. ) ;
#882 = CIRCLE ( 'NONE', #1390, 39.99999999999999289 ) ;
#883 = ORIENTED_EDGE ( 'NONE', *, *, #4177, .F. ) ;
#884 = CARTESIAN_POINT ( 'NONE',  ( 142.0620664427613633, -4.695330972683592563, 97.00217653337189461 ) ) ;
#885 = CARTESIAN_POINT ( 'NONE',  ( -55.51073895446607054, 11.61107829224951260, 79.24463052276729513 ) ) ;
#886 = AXIS2_PLACEMENT_3D ( 'NONE', #1067, #3846, #735 ) ;
#887 = ORIENTED_EDGE ( 'NONE', *, *, #3992, .T. ) ;
#888 = CARTESIAN_POINT ( 'NONE',  ( 64.51321674876939483, 15.01000124023184945, 104.9717465279926643 ) ) ;
#889 = FACE_OUTER_BOUND ( 'NONE', #1641, .T. ) ;
#890 = FACE_OUTER_BOUND ( 'NONE', #3343, .T. ) ;
#891 = CARTESIAN_POINT ( 'NONE',  ( -64.11797841410812282, 14.66024868704471373, 105.9180455320015426 ) ) ;
#892 = FACE_OUTER_BOUND ( 'NONE', #2777, .T. ) ;
#893 = DIRECTION ( 'NONE',  ( -1.000000000000000000, 0.000000000000000000, 0.000000000000000000 ) ) ;
#894 = ORIENTED_EDGE ( 'NONE', *, *, #3134, .F. ) ;
#895 = CARTESIAN_POINT ( 'NONE',  ( -186.4401451764580031, 9.741916311790301819, 110.3336799154763952 ) ) ;
#896 = AXIS2_PLACEMENT_3D ( 'NONE', #2840, #391, #3830 ) ;
#897 = ORIENTED_EDGE ( 'NONE', *, *, #1358, .T. ) ;
#898 = CARTESIAN_POINT ( 'NONE',  ( -60.64922613096298676, 15.55246626323495285, 103.4705359827792535 ) ) ;
#899 = CARTESIAN_POINT ( 'NONE',  ( -185.6436575526456068, -13.94899678494878614, 125.0000000000000000 ) ) ;
#900 = CARTESIAN_POINT ( 'NONE',  ( 0.000000000000000000, -9.000000000000000000, 0.000000000000000000 ) ) ;
#901 = EDGE_CURVE ( 'NONE', #1993, #392, #724, .T. ) ;
#902 = AXIS2_PLACEMENT_3D ( 'NONE', #2987, #4008, #1256 ) ;
#903 = CARTESIAN_POINT ( 'NONE',  ( 1.777513321717561352E-13, -15.00000000000000000, 76.84999999999995168 ) ) ;
#904 = LINE ( 'NONE', #1288, #2317 ) ;
#905 = VECTOR ( 'NONE', #1700, 1000.000000000000000 ) ;
#906 = LINE ( 'NONE', #1196, #2275 ) ;
#907 = EDGE_LOOP ( 'NONE', ( #3817, #1944, #3468, #1428, #2826, #4126, #704, #3427 ) ) ;
#908 = CARTESIAN_POINT ( 'NONE',  ( -132.0000000000000000, 0.000000000000000000, 81.84999999999989484 ) ) ;
#909 = DIRECTION ( 'NONE',  ( 0.000000000000000000, 0.000000000000000000, 1.000000000000000000 ) ) ;
#910 = VERTEX_POINT ( 'NONE', #3878 ) ;
#911 = CARTESIAN_POINT ( 'NONE',  ( -140.0000000000000000, -27.72792206135785165, 93.00000000000000000 ) ) ;
#912 = EDGE_CURVE ( 'NONE', #3936, #686, #1810, .T. ) ;
#913 = CARTESIAN_POINT ( 'NONE',  ( -54.99999999999765521, 10.32725294660994741, 79.49999999999994316 ) ) ;
#914 = AXIS2_PLACEMENT_3D ( 'NONE', #1470, #3905, #3203 ) ;
#915 = EDGE_CURVE ( 'NONE', #1370, #1079, #3487, .T. ) ;
#916 = ORIENTED_EDGE ( 'NONE', *, *, #1413, .F. ) ;
#917 = LINE ( 'NONE', #2325, #2782 ) ;
#918 = DIRECTION ( 'NONE',  ( -1.000000000000000000, 0.000000000000000000, 2.312964634635735561E-15 ) ) ;
#919 = LINE ( 'NONE', #3277, #3684 ) ;
#920 = CARTESIAN_POINT ( 'NONE',  ( -63.20096846040217287, 13.82099914787325190, 107.8798907745425595 ) ) ;
#921 = CARTESIAN_POINT ( 'NONE',  ( 186.3040160608056510, -14.99999999999999822, 124.8379475610038725 ) ) ;
#922 = ORIENTED_EDGE ( 'NONE', *, *, #569, .T. ) ;
#923 = CARTESIAN_POINT ( 'NONE',  ( -189.1810580856911201, 4.979195895320055243, 113.7401769542720871 ) ) ;
#924 = CARTESIAN_POINT ( 'NONE',  ( -65.73493080024621804, 15.67276164378901093, 102.9883275995576639 ) ) ;
#925 = CARTESIAN_POINT ( 'NONE',  ( -2.199999999999985523, -9.000000000000000000, -25.50000000000004263 ) ) ;
#926 = DIRECTION ( 'NONE',  ( -3.384826294588891940E-16, -0.000000000000000000, 1.000000000000000000 ) ) ;
#927 = CARTESIAN_POINT ( 'NONE',  ( 55.98891951192836558, 6.871795877943678299, 104.9074412638585869 ) ) ;
#928 = ORIENTED_EDGE ( 'NONE', *, *, #2656, .T. ) ;
#929 = CARTESIAN_POINT ( 'NONE',  ( -60.55246019060387397, 12.12284079423318239, 110.9745999065942073 ) ) ;
#930 = DIRECTION ( 'NONE',  ( 0.000000000000000000, 0.000000000000000000, 1.000000000000000000 ) ) ;
#931 = ORIENTED_EDGE ( 'NONE', *, *, #2723, .T. ) ;
#932 = CARTESIAN_POINT ( 'NONE',  ( 144.2521223537961248, -0.8098613816406350363, 91.51934414344002278 ) ) ;
#933 = DIRECTION ( 'NONE',  ( -1.000000000000000000, 0.000000000000000000, -0.000000000000000000 ) ) ;
#934 = EDGE_LOOP ( 'NONE', ( #3827, #150 ) ) ;
#935 = AXIS2_PLACEMENT_3D ( 'NONE', #2998, #2609, #3363 ) ;
#936 = CARTESIAN_POINT ( 'NONE',  ( 55.00000000000007105, 10.00000000000000888, 99.99999999999995737 ) ) ;
#937 = CARTESIAN_POINT ( 'NONE',  ( -142.1588069771767096, -0.1621296263139931915, 89.04839834998402637 ) ) ;
#938 = CYLINDRICAL_SURFACE ( 'NONE', #2421, 11.49999999999999645 ) ;
#939 = CARTESIAN_POINT ( 'NONE',  ( 73.40000000000000568, -1.110223024625155554E-16, -56.50000000000003553 ) ) ;
#940 = LINE ( 'NONE', #2330, #3659 ) ;
#941 = ORIENTED_EDGE ( 'NONE', *, *, #2505, .F. ) ;
#942 = CARTESIAN_POINT ( 'NONE',  ( -189.4869045161902648, 4.759672099421706548, 119.0157529535767509 ) ) ;
#943 = CARTESIAN_POINT ( 'NONE',  ( -65.10339604152657955, 15.17064164723607611, 104.5007446556941630 ) ) ;
#944 = CARTESIAN_POINT ( 'NONE',  ( -54.59216285899199761, 16.34367718514754486, 105.2542699888952598 ) ) ;
#945 = EDGE_CURVE ( 'NONE', #1521, #1096, #2466, .T. ) ;
#946 = DIRECTION ( 'NONE',  ( -1.000000000000000000, -0.000000000000000000, 1.632680918566406793E-15 ) ) ;
#947 = DIRECTION ( 'NONE',  ( 3.469446951953620105E-16, 0.000000000000000000, 1.000000000000000000 ) ) ;
#948 = CARTESIAN_POINT ( 'NONE',  ( 56.00140236337986011, 10.77620271902138782, 112.9447438519106157 ) ) ;
#949 = CARTESIAN_POINT ( 'NONE',  ( -63.75916153674389619, 14.28857851367292220, 106.8741207865401748 ) ) ;
#950 = DIRECTION ( 'NONE',  ( 1.000000000000000000, -0.000000000000000000, -3.469446951953619612E-16 ) ) ;
#951 = ORIENTED_EDGE ( 'NONE', *, *, #1019, .T. ) ;
#952 = DIRECTION ( 'NONE',  ( 0.000000000000000000, 0.000000000000000000, 1.000000000000000000 ) ) ;
#953 = CARTESIAN_POINT ( 'NONE',  ( -57.04892374372254693, 13.04994895909363350, 78.47553812813983143 ) ) ;
#954 = AXIS2_PLACEMENT_3D ( 'NONE', #2031, #566, #4367 ) ;
#955 = ORIENTED_EDGE ( 'NONE', *, *, #3460, .F. ) ;
#956 = ORIENTED_EDGE ( 'NONE', *, *, #4327, .F. ) ;
#957 = CARTESIAN_POINT ( 'NONE',  ( 64.30308291131375142, 14.84154458424792722, 105.4398987930273250 ) ) ;
#958 = EDGE_LOOP ( 'NONE', ( #2830, #4230, #344, #1268 ) ) ;
#959 = AXIS2_PLACEMENT_3D ( 'NONE', #2695, #2043, #4083 ) ;
#960 = CARTESIAN_POINT ( 'NONE',  ( -190.0000000000000000, -15.00000000000000000, 119.9903525940618181 ) ) ;
#961 = DIRECTION ( 'NONE',  ( 4.490409458611960464E-17, 0.9320046715412957372, -0.3624462611549490454 ) ) ;
#962 = CARTESIAN_POINT ( 'NONE',  ( -86.59999999999999432, -12.99999999999999822, -40.50000000000004263 ) ) ;
#963 = AXIS2_PLACEMENT_3D ( 'NONE', #142, #1541, #2854 ) ;
#964 = EDGE_CURVE ( 'NONE', #2725, #4014, #3193, .T. ) ;
#965 = DIRECTION ( 'NONE',  ( 1.000000000000000000, 0.000000000000000000, 0.000000000000000000 ) ) ;
#966 = VERTEX_POINT ( 'NONE', #768 ) ;
#967 = FACE_OUTER_BOUND ( 'NONE', #2015, .T. ) ;
#968 = ORIENTED_EDGE ( 'NONE', *, *, #765, .F. ) ;
#969 = AXIS2_PLACEMENT_3D ( 'NONE', #3890, #2504, #2526 ) ;
#970 = EDGE_CURVE ( 'NONE', #3764, #3697, #357, .T. ) ;
#971 = EDGE_CURVE ( 'NONE', #2769, #756, #1039, .T. ) ;
#972 = CARTESIAN_POINT ( 'NONE',  ( -64.52314082958027086, 15.01673216509128750, 104.9525259088264022 ) ) ;
#973 = CARTESIAN_POINT ( 'NONE',  ( -54.78851382202874021, 15.92853799863891062, 105.5033495919903430 ) ) ;
#974 = AXIS2_PLACEMENT_3D ( 'NONE', #2699, #3747, #310 ) ;
#975 = FACE_BOUND ( 'NONE', #1594, .T. ) ;
#976 = CARTESIAN_POINT ( 'NONE',  ( 62.31771231619821094, 13.16174365602829610, 109.1881976815376731 ) ) ;
#977 = CARTESIAN_POINT ( 'NONE',  ( 64.56571932127312152, 15.04777827727434847, 104.8639159613462084 ) ) ;
#978 = DIRECTION ( 'NONE',  ( 0.000000000000000000, 1.000000000000000000, 4.956352788505164254E-16 ) ) ;
#979 = CIRCLE ( 'NONE', #2729, 5.000000000000004441 ) ;
#980 = EDGE_LOOP ( 'NONE', ( #4397, #1461, #1621, #1701 ) ) ;
#981 = CARTESIAN_POINT ( 'NONE',  ( 57.46613188259127014, 13.30413375316176960, 78.26693405870368281 ) ) ;
#982 = CARTESIAN_POINT ( 'NONE',  ( 70.61146726343430657, 15.49706117680383421, 103.7094925472248690 ) ) ;
#983 = VERTEX_POINT ( 'NONE', #3836 ) ;
#984 = VERTEX_POINT ( 'NONE', #2774 ) ;
#985 = DIRECTION ( 'NONE',  ( 2.449021377849609992E-15, -0.000000000000000000, 1.000000000000000000 ) ) ;
#986 = EDGE_LOOP ( 'NONE', ( #610, #381, #642, #2351, #3855 ) ) ;
#987 = CARTESIAN_POINT ( 'NONE',  ( -144.2670047290842774, -2.345048197212731278, 94.45451019490644740 ) ) ;
#988 = ORIENTED_EDGE ( 'NONE', *, *, #1505, .F. ) ;
#989 = EDGE_LOOP ( 'NONE', ( #2290, #2283, #1791, #2080, #3804, #4480, #87, #4086 ) ) ;
#990 = CARTESIAN_POINT ( 'NONE',  ( 187.9921348651081985, 7.511166775957693886, 112.0759135021181692 ) ) ;
#991 = CARTESIAN_POINT ( 'NONE',  ( 1.222401809404987878E-13, -9.999999999999998224, 52.84999999999994458 ) ) ;
#992 = ADVANCED_FACE ( 'NONE', ( #419, #4180, #1813, #2810, #1732, #726, #3856, #2123, #3172, #2429 ), #4143, .F. ) ;
#993 = DIRECTION ( 'NONE',  ( -4.625929269271489858E-16, -6.938893903907228378E-15, -1.000000000000000000 ) ) ;
#994 = ORIENTED_EDGE ( 'NONE', *, *, #1770, .F. ) ;
#995 = CARTESIAN_POINT ( 'NONE',  ( -132.0000000000000000, -15.00000000000000000, 81.84999999999989484 ) ) ;
#996 = VERTEX_POINT ( 'NONE', #3819 ) ;
#997 = CARTESIAN_POINT ( 'NONE',  ( -66.77003808017420283, 14.92661027491594083, 101.4727442455111088 ) ) ;
#998 = DIRECTION ( 'NONE',  ( -2.775557561562892929E-15, 0.000000000000000000, -1.000000000000000000 ) ) ;
#999 = CARTESIAN_POINT ( 'NONE',  ( 63.92305862560901630, 14.45834661426207646, 106.4374134809448549 ) ) ;
#1000 = CIRCLE ( 'NONE', #4127, 4.000000000000003553 ) ;
#1001 = FACE_OUTER_BOUND ( 'NONE', #625, .T. ) ;
#1002 = CARTESIAN_POINT ( 'NONE',  ( -190.0000000000000000, -15.00000000000000000, 119.9903525940618181 ) ) ;
#1003 = VERTEX_POINT ( 'NONE', #3512 ) ;
#1004 = CARTESIAN_POINT ( 'NONE',  ( 140.6411154836352466, -0.09064567436217056684, 88.53408766376811911 ) ) ;
#1005 = CARTESIAN_POINT ( 'NONE',  ( -65.97690029983111515, 14.71501460125067418, 105.7771670351089028 ) ) ;
#1006 = AXIS2_PLACEMENT_3D ( 'NONE', #456, #2821, #1433 ) ;
#1007 = EDGE_LOOP ( 'NONE', ( #417, #1738, #2773, #650, #1741 ) ) ;
#1008 = CARTESIAN_POINT ( 'NONE',  ( 61.61471227892177183, 14.01070661241414328, 101.5411693013706156 ) ) ;
#1009 = ADVANCED_FACE ( 'NONE', ( #705 ), #2086, .F. ) ;
#1010 = CARTESIAN_POINT ( 'NONE',  ( 66.80476915930850623, 15.00000000000000178, 104.4276665847925472 ) ) ;
#1011 = VERTEX_POINT ( 'NONE', #399 ) ;
#1012 = DIRECTION ( 'NONE',  ( -2.312964634635743056E-15, 0.000000000000000000, -1.000000000000000000 ) ) ;
#1013 = DIRECTION ( 'NONE',  ( 0.000000000000000000, 0.000000000000000000, 1.000000000000000000 ) ) ;
#1014 = ORIENTED_EDGE ( 'NONE', *, *, #2233, .T. ) ;
#1015 = DIRECTION ( 'NONE',  ( -0.000000000000000000, 1.000000000000000000, -0.000000000000000000 ) ) ;
#1016 = ORIENTED_EDGE ( 'NONE', *, *, #3744, .T. ) ;
#1017 = DIRECTION ( 'NONE',  ( -1.000000000000000000, 0.000000000000000000, 0.000000000000000000 ) ) ;
#1018 = CARTESIAN_POINT ( 'NONE',  ( 34.72691193458118875, -9.000000000000000000, -51.28192932642395618 ) ) ;
#1019 = EDGE_CURVE ( 'NONE', #3308, #1297, #2117, .T. ) ;
#1020 = CARTESIAN_POINT ( 'NONE',  ( 56.91930907687682151, 15.24471126205656724, 105.2810544509722206 ) ) ;
#1021 = CARTESIAN_POINT ( 'NONE',  ( -150.0000000000000284, 0.000000000000000000, -60.00000000000001421 ) ) ;
#1022 = CARTESIAN_POINT ( 'NONE',  ( -180.6956605391858375, 13.88505840677705905, 105.8290727220951339 ) ) ;
#1023 = ORIENTED_EDGE ( 'NONE', *, *, #3111, .F. ) ;
#1024 = CARTESIAN_POINT ( 'NONE',  ( 60.50583519765397966, 12.21575603140000865, 83.48832960469185593 ) ) ;
#1025 = EDGE_CURVE ( 'NONE', #3081, #1099, #2931, .T. ) ;
#1026 = CARTESIAN_POINT ( 'NONE',  ( 64.51380044761710053, 15.67520966115008818, 102.9786003246129411 ) ) ;
#1027 = CARTESIAN_POINT ( 'NONE',  ( -142.3105457976563741, -4.537383870548699960, 96.87101160516048992 ) ) ;
#1028 = CIRCLE ( 'NONE', #307, 5.000000000000000888 ) ;
#1029 = LINE ( 'NONE', #628, #1757 ) ;
#1030 = AXIS2_PLACEMENT_3D ( 'NONE', #4164, #2467, #3857 ) ;
#1031 = CARTESIAN_POINT ( 'NONE',  ( 139.9999999999999716, 15.00000000000000000, -57.00000000000022027 ) ) ;
#1032 = ORIENTED_EDGE ( 'NONE', *, *, #3406, .F. ) ;
#1033 = FACE_OUTER_BOUND ( 'NONE', #3231, .T. ) ;
#1034 = ORIENTED_EDGE ( 'NONE', *, *, #1489, .T. ) ;
#1035 = VECTOR ( 'NONE', #1436, 1000.000000000000000 ) ;
#1036 = CARTESIAN_POINT ( 'NONE',  ( 178.3168607566750836, 13.98857004664048809, 107.5137805038395129 ) ) ;
#1037 = EDGE_CURVE ( 'NONE', #2401, #910, #1508, .T. ) ;
#1038 = ORIENTED_EDGE ( 'NONE', *, *, #1223, .F. ) ;
#1039 = LINE ( 'NONE', #2793, #2531 ) ;
#1040 = CARTESIAN_POINT ( 'NONE',  ( -187.9943137400617843, 7.508303421482345641, 112.0782532925574486 ) ) ;
#1041 = ADVANCED_FACE ( 'NONE', ( #65 ), #442, .T. ) ;
#1042 = EDGE_CURVE ( 'NONE', #4135, #3006, #89, .T. ) ;
#1043 = VERTEX_POINT ( 'NONE', #3990 ) ;
#1044 = CARTESIAN_POINT ( 'NONE',  ( 142.1629334197426431, -0.1604937038521610237, 89.04089379175162833 ) ) ;
#1045 = ADVANCED_FACE ( 'NONE', ( #1463 ), #3579, .T. ) ;
#1046 = CARTESIAN_POINT ( 'NONE',  ( 62.51030433187981572, 14.60919128513743992, 101.4953070138254390 ) ) ;
#1047 = CARTESIAN_POINT ( 'NONE',  ( 65.97690029982879878, 14.71501460125072747, 105.7771670351085476 ) ) ;
#1048 = ADVANCED_FACE ( 'NONE', ( #463 ), #1487, .F. ) ;
#1049 = ORIENTED_EDGE ( 'NONE', *, *, #3128, .F. ) ;
#1050 = EDGE_CURVE ( 'NONE', #4166, #736, #3411, .T. ) ;
#1051 = CARTESIAN_POINT ( 'NONE',  ( -139.3579330532179767, -5.286624236232768226, 97.46498796110141427 ) ) ;
#1052 = ORIENTED_EDGE ( 'NONE', *, *, #75, .F. ) ;
#1053 = FACE_OUTER_BOUND ( 'NONE', #1393, .T. ) ;
#1054 = ORIENTED_EDGE ( 'NONE', *, *, #2416, .T. ) ;
#1055 = DIRECTION ( 'NONE',  ( -1.000000000000000000, 0.000000000000000000, 1.156482317317871478E-16 ) ) ;
#1056 = CARTESIAN_POINT ( 'NONE',  ( -38.00000000000000000, -6.699999999999997513, 64.84999999999993747 ) ) ;
#1057 = ORIENTED_EDGE ( 'NONE', *, *, #2616, .F. ) ;
#1058 = LINE ( 'NONE', #4220, #1074 ) ;
#1059 = CARTESIAN_POINT ( 'NONE',  ( 38.00000000000013500, 0.000000000000000000, 75.09999999999993747 ) ) ;
#1060 = EDGE_LOOP ( 'NONE', ( #1224, #1926, #4508, #1187 ) ) ;
#1061 = CARTESIAN_POINT ( 'NONE',  ( 56.32168401022655502, 12.50575337110045382, 78.83915799488683263 ) ) ;
#1062 = LINE ( 'NONE', #1795, #4033 ) ;
#1063 = CARTESIAN_POINT ( 'NONE',  ( 64.96495759198884912, 15.17752527074121716, 104.4799824311433980 ) ) ;
#1064 = CARTESIAN_POINT ( 'NONE',  ( 62.07106781186556077, 15.00000000000001066, 80.35786437626900636 ) ) ;
#1065 = ORIENTED_EDGE ( 'NONE', *, *, #3088, .F. ) ;
#1066 = VERTEX_POINT ( 'NONE', #162 ) ;
#1067 = CARTESIAN_POINT ( 'NONE',  ( -59.99999999999992184, 137.6794603835540158, 79.49999999999995737 ) ) ;
#1068 = ORIENTED_EDGE ( 'NONE', *, *, #1174, .T. ) ;
#1069 = EDGE_CURVE ( 'NONE', #4498, #223, #719, .T. ) ;
#1070 = CARTESIAN_POINT ( 'NONE',  ( 179.2648821393196101, 13.52099922503057350, 108.4910845659511409 ) ) ;
#1071 = CARTESIAN_POINT ( 'NONE',  ( 59.08542802963204821, -14.64254031337506667, 102.8865690376855326 ) ) ;
#1072 = DIRECTION ( 'NONE',  ( 1.077846922295159312E-16, 0.3624462611549486568, -0.9320046715412958482 ) ) ;
#1073 = AXIS2_PLACEMENT_3D ( 'NONE', #2682, #3649, #4068 ) ;
#1074 = VECTOR ( 'NONE', #341, 1000.000000000000000 ) ;
#1075 = ORIENTED_EDGE ( 'NONE', *, *, #945, .F. ) ;
#1076 = CARTESIAN_POINT ( 'NONE',  ( 60.00000000000010658, 0.000000000000000000, -59.99999999999995737 ) ) ;
#1077 = DIRECTION ( 'NONE',  ( -0.000000000000000000, 1.000000000000000000, -0.000000000000000000 ) ) ;
#1078 = VERTEX_POINT ( 'NONE', #4016 ) ;
#1079 = VERTEX_POINT ( 'NONE', #2968 ) ;
#1080 = CARTESIAN_POINT ( 'NONE',  ( 0.000000000000000000, 0.000000000000000000, 125.0000000000000000 ) ) ;
#1081 = DIRECTION ( 'NONE',  ( -1.000000000000000000, -0.000000000000000000, -1.156482317317871232E-16 ) ) ;
#1082 = CARTESIAN_POINT ( 'NONE',  ( 65.21670210811895174, 15.14480291464031048, 104.5782462045113164 ) ) ;
#1083 = FACE_OUTER_BOUND ( 'NONE', #2180, .T. ) ;
#1084 = ORIENTED_EDGE ( 'NONE', *, *, #3384, .F. ) ;
#1085 = LINE ( 'NONE', #2501, #2709 ) ;
#1086 = ORIENTED_EDGE ( 'NONE', *, *, #2320, .T. ) ;
#1087 = CARTESIAN_POINT ( 'NONE',  ( 2.200000000000015721, -9.000000000000000000, -51.28192932642395618 ) ) ;
#1088 = EDGE_CURVE ( 'NONE', #3490, #228, #1221, .T. ) ;
#1089 = FACE_OUTER_BOUND ( 'NONE', #3199, .T. ) ;
#1090 = CARTESIAN_POINT ( 'NONE',  ( -59.76873530623584685, 11.15871607044198477, 101.8496854168941326 ) ) ;
#1091 = AXIS2_PLACEMENT_3D ( 'NONE', #2489, #3580, #3879 ) ;
#1092 = CARTESIAN_POINT ( 'NONE',  ( 58.99329693181238810, -14.69096794995425093, 103.0129434171948475 ) ) ;
#1093 = CARTESIAN_POINT ( 'NONE',  ( -66.62835034932305689, 14.96946145942807327, 104.7376416500938348 ) ) ;
#1094 = EDGE_CURVE ( 'NONE', #3569, #4128, #861, .T. ) ;
#1095 = AXIS2_PLACEMENT_3D ( 'NONE', #613, #2681, #1337 ) ;
#1096 = VERTEX_POINT ( 'NONE', #3915 ) ;
#1097 = CARTESIAN_POINT ( 'NONE',  ( -73.39999999999999147, 0.000000000000000000, -12.00000000000005507 ) ) ;
#1098 = DIRECTION ( 'NONE',  ( -1.632680918566406793E-15, 0.000000000000000000, -1.000000000000000000 ) ) ;
#1099 = VERTEX_POINT ( 'NONE', #1415 ) ;
#1100 = CARTESIAN_POINT ( 'NONE',  ( 175.0000000000000000, 0.000000000000000000, -59.99999999999982947 ) ) ;
#1101 = CIRCLE ( 'NONE', #3644, 5.000000000000004441 ) ;
#1102 = CYLINDRICAL_SURFACE ( 'NONE', #1717, 5.000000000000004441 ) ;
#1103 = CARTESIAN_POINT ( 'NONE',  ( -66.10419849914364931, 15.11633671928351319, 101.4597317306043465 ) ) ;
#1104 = VECTOR ( 'NONE', #1803, 1000.000000000000000 ) ;
#1105 = CARTESIAN_POINT ( 'NONE',  ( 65.48665911033019427, 15.01010645087583129, 104.9714519380537041 ) ) ;
#1106 = DIRECTION ( 'NONE',  ( -3.384826294588891447E-16, 0.000000000000000000, -1.000000000000000000 ) ) ;
#1107 = ORIENTED_EDGE ( 'NONE', *, *, #3587, .F. ) ;
#1108 = DIRECTION ( 'NONE',  ( -1.000000000000000000, -0.000000000000000000, 3.384826294588891447E-16 ) ) ;
#1109 = ORIENTED_EDGE ( 'NONE', *, *, #2451, .T. ) ;
#1110 = CIRCLE ( 'NONE', #85, 15.00000000000000000 ) ;
#1111 = CIRCLE ( 'NONE', #3452, 15.00000000000000000 ) ;
#1112 = CARTESIAN_POINT ( 'NONE',  ( 55.31370849898491571, -6.699999999999997513, 64.84999999999993747 ) ) ;
#1113 = FACE_BOUND ( 'NONE', #3437, .T. ) ;
#1114 = EDGE_CURVE ( 'NONE', #18, #1993, #1311, .T. ) ;
#1115 = CARTESIAN_POINT ( 'NONE',  ( -131.9999999999999716, -9.999999999999998224, 47.84999999999989484 ) ) ;
#1116 = LINE ( 'NONE', #4521, #2402 ) ;
#1117 = LINE ( 'NONE', #3414, #2418 ) ;
#1118 = CIRCLE ( 'NONE', #2433, 11.49999999999999645 ) ;
#1119 = VECTOR ( 'NONE', #3011, 1000.000000000000000 ) ;
#1120 = ORIENTED_EDGE ( 'NONE', *, *, #3937, .F. ) ;
#1121 = CARTESIAN_POINT ( 'NONE',  ( 56.08646246878927144, 10.79155692719455040, 112.9237624989437450 ) ) ;
#1122 = CARTESIAN_POINT ( 'NONE',  ( -140.0000000000000000, 15.00000000000000000, -52.50000000000000711 ) ) ;
#1123 = LINE ( 'NONE', #3603, #3917 ) ;
#1124 = EDGE_CURVE ( 'NONE', #4519, #2803, #2807, .T. ) ;
#1125 = ORIENTED_EDGE ( 'NONE', *, *, #3927, .F. ) ;
#1126 = CARTESIAN_POINT ( 'NONE',  ( 184.9241067783034396, 4.335712578215124680, 119.3361153869430780 ) ) ;
#1127 = CARTESIAN_POINT ( 'NONE',  ( 132.0000000000001705, 0.000000000000000000, 81.84999999999963904 ) ) ;
#1128 = CARTESIAN_POINT ( 'NONE',  ( -38.00000000000000000, -6.699999999999997513, 68.84999999999993747 ) ) ;
#1129 = DIRECTION ( 'NONE',  ( 0.000000000000000000, 0.000000000000000000, 1.000000000000000000 ) ) ;
#1130 = EDGE_LOOP ( 'NONE', ( #941, #3866, #1016, #1054 ) ) ;
#1131 = EDGE_CURVE ( 'NONE', #1003, #3449, #2142, .T. ) ;
#1132 = CARTESIAN_POINT ( 'NONE',  ( 120.0000000000001137, -9.999999999999998224, 76.84999999999966747 ) ) ;
#1133 = ORIENTED_EDGE ( 'NONE', *, *, #4188, .F. ) ;
#1134 = AXIS2_PLACEMENT_3D ( 'NONE', #823, #37, #2203 ) ;
#1135 = DIRECTION ( 'NONE',  ( 0.000000000000000000, 0.000000000000000000, 1.000000000000000000 ) ) ;
#1136 = CARTESIAN_POINT ( 'NONE',  ( -64.85943561482628184, 15.16475992130794559, 104.5184535016712601 ) ) ;
#1137 = DIRECTION ( 'NONE',  ( -1.000000000000000000, 0.000000000000000000, 0.000000000000000000 ) ) ;
#1138 = CARTESIAN_POINT ( 'NONE',  ( 59.81267702546210785, -13.70840424500229737, 101.3800034492173410 ) ) ;
#1139 = CARTESIAN_POINT ( 'NONE',  ( -177.4543115928293844, 14.80065755339217581, 104.4415468087655512 ) ) ;
#1140 = ORIENTED_EDGE ( 'NONE', *, *, #52, .T. ) ;
#1141 = DIRECTION ( 'NONE',  ( 0.000000000000000000, -1.000000000000000000, 0.000000000000000000 ) ) ;
#1142 = CARTESIAN_POINT ( 'NONE',  ( -67.21536778919988819, 15.00000000000000178, 102.9474178878499941 ) ) ;
#1143 = CARTESIAN_POINT ( 'NONE',  ( -140.0000000000000000, 0.000000000000000000, -56.99999999999999289 ) ) ;
#1144 = VECTOR ( 'NONE', #947, 1000.000000000000000 ) ;
#1145 = LINE ( 'NONE', #423, #2332 ) ;
#1146 = CARTESIAN_POINT ( 'NONE',  ( 136.0547272673901205, -2.892102359869496819, 95.18053673333639608 ) ) ;
#1147 = CARTESIAN_POINT ( 'NONE',  ( 143.3137084989849086, -6.699999999999996625, 60.84999999999993037 ) ) ;
#1148 = ADVANCED_FACE ( 'NONE', ( #721 ), #2462, .T. ) ;
#1149 = CARTESIAN_POINT ( 'NONE',  ( 190.0000000000001421, 1.038243631337729900, 115.7810277827748422 ) ) ;
#1150 = CYLINDRICAL_SURFACE ( 'NONE', #2503, 11.49999999999999645 ) ;
#1151 = DIRECTION ( 'NONE',  ( 1.000000000000000000, 0.000000000000000000, 3.384826294588891447E-16 ) ) ;
#1152 = EDGE_LOOP ( 'NONE', ( #1384, #1588, #3472, #590 ) ) ;
#1153 = PRODUCT_DEFINITION_SHAPE ( 'NONE', 'NONE',  #3786 ) ;
#1154 = CARTESIAN_POINT ( 'NONE',  ( -180.1033268412950576, 12.98655548348457422, 109.5088403898991771 ) ) ;
#1155 = ORIENTED_EDGE ( 'NONE', *, *, #3849, .F. ) ;
#1156 = VECTOR ( 'NONE', #810, 1000.000000000000000 ) ;
#1157 = CARTESIAN_POINT ( 'NONE',  ( -132.0000000000000000, -6.699999999999997513, 68.84999999999993747 ) ) ;
#1158 = DIRECTION ( 'NONE',  ( -1.000000000000000000, 0.000000000000000000, 0.000000000000000000 ) ) ;
#1159 = DIRECTION ( 'NONE',  ( -0.000000000000000000, 1.000000000000000000, -0.000000000000000000 ) ) ;
#1160 = DIRECTION ( 'NONE',  ( 0.000000000000000000, -0.000000000000000000, -1.000000000000000000 ) ) ;
#1161 = CARTESIAN_POINT ( 'NONE',  ( -175.0000000000000000, 15.00000000000000000, 104.1063937511954549 ) ) ;
#1162 = VECTOR ( 'NONE', #2775, 1000.000000000000000 ) ;
#1163 = ORIENTED_EDGE ( 'NONE', *, *, #692, .T. ) ;
#1164 = CARTESIAN_POINT ( 'NONE',  ( -68.80059111353772039, 15.57727272250278361, 103.3691568782250272 ) ) ;
#1165 = DIRECTION ( 'NONE',  ( 0.000000000000000000, 0.000000000000000000, 1.000000000000000000 ) ) ;
#1166 = CARTESIAN_POINT ( 'NONE',  ( 120.0000000000001279, -15.00000000000000000, 81.84999999999966747 ) ) ;
#1167 = DIRECTION ( 'NONE',  ( -1.000000000000000000, 0.000000000000000000, 0.000000000000000000 ) ) ;
#1168 = DIRECTION ( 'NONE',  ( 0.000000000000000000, 0.000000000000000000, 1.000000000000000000 ) ) ;
#1169 = ADVANCED_FACE ( 'NONE', ( #2161 ), #3507, .T. ) ;
#1170 = CARTESIAN_POINT ( 'NONE',  ( 139.2013253493655043, -5.241694438706121062, 97.43128410226279357 ) ) ;
#1171 = CARTESIAN_POINT ( 'NONE',  ( 179.0106874732792051, 13.65948543847989605, 108.2106949003023715 ) ) ;
#1172 = CIRCLE ( 'NONE', #3933, 4.499999999999990230 ) ;
#1173 = CARTESIAN_POINT ( 'NONE',  ( 190.0000000000000284, 0.000000000000000000, 116.2159623945753850 ) ) ;
#1174 = EDGE_CURVE ( 'NONE', #4174, #4157, #4506, .T. ) ;
#1175 = CARTESIAN_POINT ( 'NONE',  ( -137.6935366738469497, -4.534576519922163484, 96.86649220143367245 ) ) ;
#1176 = CYLINDRICAL_SURFACE ( 'NONE', #2385, 4.499999999999990230 ) ;
#1177 = AXIS2_PLACEMENT_3D ( 'NONE', #1979, #1356, #1603 ) ;
#1178 = ORIENTED_EDGE ( 'NONE', *, *, #970, .T. ) ;
#1179 = DIRECTION ( 'NONE',  ( 0.000000000000000000, 0.000000000000000000, 1.000000000000000000 ) ) ;
#1180 = DIRECTION ( 'NONE',  ( 1.000000000000000000, -0.000000000000000000, -2.449021377849609992E-15 ) ) ;
#1181 =( BOUNDED_CURVE ( )  B_SPLINE_CURVE ( 3, ( #616, #1613, #2009, #4023 ),
 .UNSPECIFIED., .F., .T. ) 
 B_SPLINE_CURVE_WITH_KNOTS ( ( 4, 4 ),
 ( 0.000000000000000000, 1.570796326794895448 ),
 .UNSPECIFIED. ) 
 CURVE ( )  GEOMETRIC_REPRESENTATION_ITEM ( )  RATIONAL_B_SPLINE_CURVE ( ( 1.000000000000000000, 0.8047378541243652705, 0.8047378541243652705, 1.000000000000000000 ) ) 
 REPRESENTATION_ITEM ( '' )  );
#1182 = CARTESIAN_POINT ( 'NONE',  ( -64.74309178399919062, 15.13283042044026949, 104.6140182284606510 ) ) ;
#1183 = CARTESIAN_POINT ( 'NONE',  ( 185.6142821151597104, -12.49407708809523498, 124.9999999999999858 ) ) ;
#1184 = CARTESIAN_POINT ( 'NONE',  ( -189.9999999999999716, 0.000000000000000000, 87.00000000000001421 ) ) ;
#1185 = AXIS2_PLACEMENT_3D ( 'NONE', #3930, #2154, #2198 ) ;
#1186 = DIRECTION ( 'NONE',  ( 0.000000000000000000, 0.000000000000000000, 1.000000000000000000 ) ) ;
#1187 = ORIENTED_EDGE ( 'NONE', *, *, #1413, .T. ) ;
#1188 = CARTESIAN_POINT ( 'NONE',  ( -176.6362077284097722, 14.50077472850792226, 106.3202292009524257 ) ) ;
#1189 = CARTESIAN_POINT ( 'NONE',  ( -68.30528610648741505, 14.07656592181070287, 101.5359028318183192 ) ) ;
#1190 = CARTESIAN_POINT ( 'NONE',  ( 57.89243178142894664, 11.11368815100454022, 112.4815849159078311 ) ) ;
#1191 = FACE_BOUND ( 'NONE', #275, .T. ) ;
#1192 = ORIENTED_EDGE ( 'NONE', *, *, #4470, .T. ) ;
#1193 = DIRECTION ( 'NONE',  ( -1.000000000000000000, 0.000000000000000000, 0.000000000000000000 ) ) ;
#1194 = CARTESIAN_POINT ( 'NONE',  ( -63.38892170791673664, 14.74463052283624087, 77.72215658416638462 ) ) ;
#1195 = CARTESIAN_POINT ( 'NONE',  ( -120.0000000000000284, -6.699999999999996625, 60.84999999999993037 ) ) ;
#1196 = CARTESIAN_POINT ( 'NONE',  ( 132.0000000000000853, 0.000000000000000000, 47.84999999999964615 ) ) ;
#1197 = CARTESIAN_POINT ( 'NONE',  ( 175.0000000000000568, 15.00000000000000178, 105.0440775725423919 ) ) ;
#1198 = CARTESIAN_POINT ( 'NONE',  ( -66.50041853065101805, 15.00000000000000000, 101.4677243977613017 ) ) ;
#1199 = CARTESIAN_POINT ( 'NONE',  ( -132.0000000000000000, -6.699999999999996625, 60.84999999999993037 ) ) ;
#1200 = DIRECTION ( 'NONE',  ( 1.000000000000000000, 0.000000000000000000, 2.434699615406044725E-16 ) ) ;
#1201 = ORIENTED_EDGE ( 'NONE', *, *, #622, .F. ) ;
#1202 = DIRECTION ( 'NONE',  ( 0.000000000000000000, 0.000000000000000000, 1.000000000000000000 ) ) ;
#1203 = CARTESIAN_POINT ( 'NONE',  ( -189.9999999999999147, -14.99999999999999645, 120.3207997415705819 ) ) ;
#1204 = VECTOR ( 'NONE', #754, 1000.000000000000000 ) ;
#1205 = DIRECTION ( 'NONE',  ( -1.000000000000000000, 0.000000000000000000, 0.000000000000000000 ) ) ;
#1206 = FACE_OUTER_BOUND ( 'NONE', #3317, .T. ) ;
#1207 = CARTESIAN_POINT ( 'NONE',  ( 67.07274390292039357, 15.00000000000000000, 103.8881907461205429 ) ) ;
#1208 = FACE_OUTER_BOUND ( 'NONE', #3802, .T. ) ;
#1209 = ORIENTED_EDGE ( 'NONE', *, *, #2150, .F. ) ;
#1210 = CARTESIAN_POINT ( 'NONE',  ( -178.0620519855092425, 14.08579041181120139, 107.2944951439611856 ) ) ;
#1211 = CARTESIAN_POINT ( 'NONE',  ( -65.15010585482004046, 15.16259500037282670, 104.5249587284364310 ) ) ;
#1212 = CARTESIAN_POINT ( 'NONE',  ( 63.75943657359115235, 14.28886340270434907, 106.8733879449704745 ) ) ;
#1213 = CARTESIAN_POINT ( 'NONE',  ( -58.85320244271350276, 11.39793571747064505, 112.0786600410568212 ) ) ;
#1214 = CARTESIAN_POINT ( 'NONE',  ( -63.70358715772741931, 14.84008324348378416, 77.09282568454447926 ) ) ;
#1215 = CARTESIAN_POINT ( 'NONE',  ( -54.99999999999992184, -15.00000000000000000, 104.9999999999999858 ) ) ;
#1216 = CARTESIAN_POINT ( 'NONE',  ( 136.1890675520127161, -3.080324232402583018, 95.40711504490373329 ) ) ;
#1217 = CARTESIAN_POINT ( 'NONE',  ( 183.9432548493456920, 12.19264416271581553, 110.9371767879879229 ) ) ;
#1218 = CARTESIAN_POINT ( 'NONE',  ( -43.99999999999998579, -9.000000000000000000, 68.12261363439064610 ) ) ;
#1219 = ORIENTED_EDGE ( 'NONE', *, *, #2365, .F. ) ;
#1220 = CARTESIAN_POINT ( 'NONE',  ( -43.99999999999999289, -9.000000000000000000, 61.57738636560922174 ) ) ;
#1221 = CIRCLE ( 'NONE', #791, 4.000000000000003553 ) ;
#1222 = CARTESIAN_POINT ( 'NONE',  ( -59.86904120090360237, 10.13959024402547016, 79.63095879910538599 ) ) ;
#1223 = EDGE_CURVE ( 'NONE', #18, #2104, #3191, .T. ) ;
#1224 = ORIENTED_EDGE ( 'NONE', *, *, #3463, .F. ) ;
#1225 = CARTESIAN_POINT ( 'NONE',  ( -58.25093491917745325, 8.297656478195442276, 103.8262333298328883 ) ) ;
#1226 = CARTESIAN_POINT ( 'NONE',  ( -144.0068960424760860, -0.6125319147099703709, 90.94598818886883862 ) ) ;
#1227 = CARTESIAN_POINT ( 'NONE',  ( 132.0000000000001137, -6.699999999999997513, 68.84999999999993747 ) ) ;
#1228 = CARTESIAN_POINT ( 'NONE',  ( -61.29647157670817137, 12.51846567175869218, 110.3296841976312095 ) ) ;
#1229 = EDGE_CURVE ( 'NONE', #3709, #2095, #1116, .T. ) ;
#1230 = CARTESIAN_POINT ( 'NONE',  ( 189.9999999999999716, 15.00000000000000000, -59.99999999999974420 ) ) ;
#1231 = FACE_OUTER_BOUND ( 'NONE', #2677, .T. ) ;
#1232 = ORIENTED_EDGE ( 'NONE', *, *, #149, .F. ) ;
#1233 = CARTESIAN_POINT ( 'NONE',  ( -176.8144933397377656, 14.89600890449101378, 105.3362263324621892 ) ) ;
#1234 = EDGE_LOOP ( 'NONE', ( #3710, #4078, #3187, #955 ) ) ;
#1235 = ORIENTED_EDGE ( 'NONE', *, *, #3566, .F. ) ;
#1236 = CARTESIAN_POINT ( 'NONE',  ( -69.59410885416122028, 12.63537022683255273, 101.6667001552466019 ) ) ;
#1237 = CARTESIAN_POINT ( 'NONE',  ( -185.6827258275541510, -12.97491938383508270, 125.0000000000000000 ) ) ;
#1238 = CARTESIAN_POINT ( 'NONE',  ( -54.75795035759090013, 16.65193009031940363, 105.0389532231682637 ) ) ;
#1239 = EDGE_CURVE ( 'NONE', #3692, #1579, #1879, .T. ) ;
#1240 = CARTESIAN_POINT ( 'NONE',  ( -140.0000000000000000, 0.000000000000000000, -52.50000000000000711 ) ) ;
#1241 = DIRECTION ( 'NONE',  ( -0.000000000000000000, 1.000000000000000000, -0.000000000000000000 ) ) ;
#1242 = CARTESIAN_POINT ( 'NONE',  ( 139.3546289329166257, -0.09075690575042827390, 88.53498636103132924 ) ) ;
#1243 = ORIENTED_EDGE ( 'NONE', *, *, #1358, .F. ) ;
#1244 = DIRECTION ( 'NONE',  ( 0.000000000000000000, 0.000000000000000000, -1.000000000000000000 ) ) ;
#1245 = CARTESIAN_POINT ( 'NONE',  ( 189.9999999999999716, 0.000000000000000000, -59.99999999999972999 ) ) ;
#1246 = STYLED_ITEM ( 'NONE', ( #3015 ), #4013 ) ;
#1247 = ORIENTED_EDGE ( 'NONE', *, *, #1124, .T. ) ;
#1248 = CARTESIAN_POINT ( 'NONE',  ( -43.99999999999998579, -9.000000000000000000, 75.09999999999993747 ) ) ;
#1249 = LINE ( 'NONE', #1640, #618 ) ;
#1250 = AXIS2_PLACEMENT_3D ( 'NONE', #3372, #3049, #2691 ) ;
#1251 = ORIENTED_EDGE ( 'NONE', *, *, #805, .F. ) ;
#1252 = CARTESIAN_POINT ( 'NONE',  ( 60.30166361655284391, 12.45211074643769678, 101.6862590267424764 ) ) ;
#1253 = DIRECTION ( 'NONE',  ( -1.000000000000000000, 0.000000000000000000, -0.000000000000000000 ) ) ;
#1254 = CARTESIAN_POINT ( 'NONE',  ( 140.0000000000001705, 15.00000000000000000, 88.49999999999980105 ) ) ;
#1255 = LINE ( 'NONE', #4036, #3720 ) ;
#1256 = DIRECTION ( 'NONE',  ( 0.000000000000000000, 0.000000000000000000, 1.000000000000000000 ) ) ;
#1257 = DIRECTION ( 'NONE',  ( -1.000000000000000000, 0.000000000000000000, 0.000000000000000000 ) ) ;
#1258 = VERTEX_POINT ( 'NONE', #3550 ) ;
#1259 = CARTESIAN_POINT ( 'NONE',  ( -189.9999999999999716, 2.660248687044698190, 120.4495279040576747 ) ) ;
#1260 = CARTESIAN_POINT ( 'NONE',  ( -63.02372527306221173, 15.64698572267659493, 103.0906744801253012 ) ) ;
#1261 =( NAMED_UNIT ( * ) PLANE_ANGLE_UNIT ( ) SI_UNIT ( $, .RADIAN. ) );
#1262 = AXIS2_PLACEMENT_3D ( 'NONE', #1230, #2273, #3666 ) ;
#1263 = DIRECTION ( 'NONE',  ( -1.000000000000000000, 0.000000000000000000, 0.000000000000000000 ) ) ;
#1264 = PLANE ( 'NONE',  #3041 ) ;
#1265 = CARTESIAN_POINT ( 'NONE',  ( 132.0000000000001137, -6.699999999999997513, 64.84999999999993747 ) ) ;
#1266 = ORIENTED_EDGE ( 'NONE', *, *, #3698, .T. ) ;
#1267 = CARTESIAN_POINT ( 'NONE',  ( -131.9999999999999716, -15.00000000000000000, 47.84999999999989484 ) ) ;
#1268 = ORIENTED_EDGE ( 'NONE', *, *, #3805, .F. ) ;
#1269 = CARTESIAN_POINT ( 'NONE',  ( -140.0000000000000000, -0.08682842985504103661, 88.50000000000001421 ) ) ;
#1270 = VECTOR ( 'NONE', #3434, 1000.000000000000000 ) ;
#1271 = AXIS2_PLACEMENT_3D ( 'NONE', #784, #105, #2247 ) ;
#1272 = CARTESIAN_POINT ( 'NONE',  ( -61.02446187186083648, 13.04994895909483432, 82.45107625627733228 ) ) ;
#1273 = EDGE_CURVE ( 'NONE', #1078, #1003, #2607, .T. ) ;
#1274 = ORIENTED_EDGE ( 'NONE', *, *, #2491, .T. ) ;
#1275 = AXIS2_PLACEMENT_3D ( 'NONE', #3608, #3465, #2175 ) ;
#1276 = VERTEX_POINT ( 'NONE', #373 ) ;
#1277 = CARTESIAN_POINT ( 'NONE',  ( 62.28589973600280416, 15.62258975646351900, 103.1876014198202824 ) ) ;
#1278 = CARTESIAN_POINT ( 'NONE',  ( -140.6453710670836017, -0.09075690575045489150, 88.53498636103151398 ) ) ;
#1279 = DIRECTION ( 'NONE',  ( 0.000000000000000000, 0.000000000000000000, 1.000000000000000000 ) ) ;
#1280 = DIRECTION ( 'NONE',  ( 8.163404592832032979E-16, 0.000000000000000000, -1.000000000000000000 ) ) ;
#1281 = ADVANCED_FACE ( 'NONE', ( #3150, #1231 ), #2551, .F. ) ;
#1282 = LINE ( 'NONE', #4497, #3298 ) ;
#1283 = ORIENTED_EDGE ( 'NONE', *, *, #840, .T. ) ;
#1284 = PLANE ( 'NONE',  #3291 ) ;
#1285 = CARTESIAN_POINT ( 'NONE',  ( -63.37685156790702479, 15.65653898229789220, 103.0527487947423566 ) ) ;
#1286 = DIRECTION ( 'NONE',  ( 0.000000000000000000, 0.000000000000000000, 1.000000000000000000 ) ) ;
#1287 = FACE_OUTER_BOUND ( 'NONE', #2375, .T. ) ;
#1288 = CARTESIAN_POINT ( 'NONE',  ( -120.0000000000000000, 0.000000000000000000, 81.84999999999989484 ) ) ;
#1289 = DIRECTION ( 'NONE',  ( 1.000000000000000000, 0.000000000000000000, 0.000000000000000000 ) ) ;
#1290 = CARTESIAN_POINT ( 'NONE',  ( -140.0000000000000000, 0.000000000000000000, -61.49999999999998579 ) ) ;
#1291 = LINE ( 'NONE', #1267, #226 ) ;
#1292 = ORIENTED_EDGE ( 'NONE', *, *, #2657, .F. ) ;
#1293 = CARTESIAN_POINT ( 'NONE',  ( 140.3263569459996063, -5.335145141621742582, 97.49999999999977263 ) ) ;
#1294 = DIRECTION ( 'NONE',  ( 0.000000000000000000, -0.000000000000000000, 1.000000000000000000 ) ) ;
#1295 = EDGE_CURVE ( 'NONE', #4135, #2314, #3543, .T. ) ;
#1296 = ORIENTED_EDGE ( 'NONE', *, *, #86, .F. ) ;
#1297 = VERTEX_POINT ( 'NONE', #847 ) ;
#1298 =( GEOMETRIC_REPRESENTATION_CONTEXT ( 3 ) GLOBAL_UNCERTAINTY_ASSIGNED_CONTEXT ( ( #1369 ) ) GLOBAL_UNIT_ASSIGNED_CONTEXT ( ( #682, #4436, #3471 ) ) REPRESENTATION_CONTEXT ( 'NONE', 'WORKASPACE' ) );
#1299 = CARTESIAN_POINT ( 'NONE',  ( 59.55898920705404720, 9.999999999998649969, 102.0531968755979335 ) ) ;
#1300 = VERTEX_POINT ( 'NONE', #1894 ) ;
#1301 = B_SPLINE_CURVE_WITH_KNOTS ( 'NONE', 3,
 ( #702, #1414, #4520, #3470, #4502, #3529, #1379, #4139, #2806, #4194, #1783, #60, #2410, #38, #4214, #680, #2770, #1070, #4158, #1036, #2461, #2427, #353, #3940, #2595, #457, #3549, #1526, #1850, #2886 ),
 .UNSPECIFIED., .F., .F.,
 ( 4, 2, 2, 2, 2, 2, 2, 2, 2, 2, 2, 2, 2, 2, 4 ),
 ( 1.734723475976807094E-18, 0.002843415168974355520, 0.005686830337948709305, 0.007108537922435861911, 0.008530245506923014517, 0.01137366067589732146, 0.01279536826038449315, 0.01421707584487166137, 0.01706049101384600475, 0.01848219859833316603, 0.01990390618282032731, 0.02061475997506390101, 0.02132561376730748165, 0.02203646755955106923, 0.02274732135179464293 ),
 .UNSPECIFIED. ) ;
#1302 = CARTESIAN_POINT ( 'NONE',  ( -143.2889401792487831, -0.3326560468165781770, 89.92462892202112812 ) ) ;
#1303 = DIRECTION ( 'NONE',  ( -1.000000000000000000, -0.000000000000000000, -8.163404592832033966E-16 ) ) ;
#1304 = CARTESIAN_POINT ( 'NONE',  ( -59.99999999999992184, -11.56659601741154653, 99.99999999999997158 ) ) ;
#1305 = DIRECTION ( 'NONE',  ( -1.000000000000000000, -0.000000000000000000, 3.384826294588891447E-16 ) ) ;
#1306 = ORIENTED_EDGE ( 'NONE', *, *, #1427, .F. ) ;
#1307 = CARTESIAN_POINT ( 'NONE',  ( -189.3182923074721487, 5.238221878626056593, 118.6494964359025488 ) ) ;
#1308 = ORIENTED_EDGE ( 'NONE', *, *, #3406, .T. ) ;
#1309 = CARTESIAN_POINT ( 'NONE',  ( -64.83058679700886273, 15.21702294450484949, 101.4530565089974203 ) ) ;
#1310 = FACE_OUTER_BOUND ( 'NONE', #980, .T. ) ;
#1311 = B_SPLINE_CURVE_WITH_KNOTS ( 'NONE', 3,
 ( #739, #4216, #82, #61, #458, #395, #4237, #1092, #1071, #3530, #1435, #803, #2823, #2484, #2186, #1138, #785, #3851, #2789, #3874, #763, #1457 ),
 .UNSPECIFIED., .F., .F.,
 ( 4, 2, 2, 2, 2, 2, 2, 2, 2, 2, 4 ),
 ( 6.938893903907228378E-18, 0.0009616599835632732695, 0.001923319967126539600, 0.002884979950689805714, 0.003365809942471429447, 0.003846639934253053179, 0.004327469926034677346, 0.004808299917816300645, 0.005769959901379553315, 0.006731619884942805984, 0.007693279868506058654 ),
 .UNSPECIFIED. ) ;
#1312 = CARTESIAN_POINT ( 'NONE',  ( 132.0000000000001705, -9.999999999999998224, 81.84999999999963904 ) ) ;
#1313 = CARTESIAN_POINT ( 'NONE',  ( 61.29647157670833479, 12.51846567176059821, 110.3296841976278273 ) ) ;
#1314 = CARTESIAN_POINT ( 'NONE',  ( 132.0000000000000853, 0.000000000000000000, 47.84999999999964615 ) ) ;
#1315 = CARTESIAN_POINT ( 'NONE',  ( -62.14655676958069819, 14.40606015806600482, 101.5101065623802583 ) ) ;
#1316 = ORIENTED_EDGE ( 'NONE', *, *, #3690, .T. ) ;
#1317 = CARTESIAN_POINT ( 'NONE',  ( 60.00000000000007816, 10.00000000000000888, 79.49999999999995737 ) ) ;
#1318 = CARTESIAN_POINT ( 'NONE',  ( 65.78402945263951551, 14.76025365161628500, 105.6582449298351349 ) ) ;
#1319 = CARTESIAN_POINT ( 'NONE',  ( -58.90010208165519145, 13.97553812808481410, 77.54994895917602094 ) ) ;
#1320 = EDGE_CURVE ( 'NONE', #2841, #1812, #1406, .T. ) ;
#1321 = TOROIDAL_SURFACE ( 'NONE', #1608, 24.99999999999998579, 15.00000000000000000 ) ;
#1322 = ORIENTED_EDGE ( 'NONE', *, *, #2520, .F. ) ;
#1323 = DIRECTION ( 'NONE',  ( 0.000000000000000000, 1.000000000000000000, 0.000000000000000000 ) ) ;
#1324 = ORIENTED_EDGE ( 'NONE', *, *, #3967, .T. ) ;
#1325 = AXIS2_PLACEMENT_3D ( 'NONE', #1132, #1522, #1889 ) ;
#1326 = CARTESIAN_POINT ( 'NONE',  ( -144.1967213021482621, -0.7551383747740415542, 91.36871098011712888 ) ) ;
#1327 = CARTESIAN_POINT ( 'NONE',  ( -54.99999999999992184, 137.6794603835540158, 99.99999999999997158 ) ) ;
#1328 = FACE_OUTER_BOUND ( 'NONE', #54, .T. ) ;
#1329 = LINE ( 'NONE', #2724, #905 ) ;
#1330 = ORIENTED_EDGE ( 'NONE', *, *, #1884, .F. ) ;
#1331 = LINE ( 'NONE', #1702, #752 ) ;
#1332 = ORIENTED_EDGE ( 'NONE', *, *, #149, .T. ) ;
#1333 = ADVANCED_FACE ( 'NONE', ( #4380 ), #3617, .F. ) ;
#1334 = CARTESIAN_POINT ( 'NONE',  ( -59.98444216587281375, 11.79218048775260641, 101.7633724090932361 ) ) ;
#1335 = CARTESIAN_POINT ( 'NONE',  ( -57.96277405390958393, 8.042252690421566541, 104.0346654222234974 ) ) ;
#1336 = AXIS2_PLACEMENT_3D ( 'NONE', #1982, #4460, #1655 ) ;
#1337 = DIRECTION ( 'NONE',  ( 0.000000000000000000, 0.000000000000000000, -1.000000000000000000 ) ) ;
#1338 = CARTESIAN_POINT ( 'NONE',  ( 63.70025384420184622, 14.24910465829384520, 106.9329286123996354 ) ) ;
#1339 = CARTESIAN_POINT ( 'NONE',  ( 65.25690821600068148, 15.13283042044030502, 104.6140182284604379 ) ) ;
#1340 = CARTESIAN_POINT ( 'NONE',  ( -132.0000000000000000, 0.000000000000000000, 81.84999999999989484 ) ) ;
#1341 = ADVANCED_FACE ( 'NONE', ( #1208 ), #3985, .F. ) ;
#1342 = ORIENTED_EDGE ( 'NONE', *, *, #2263, .F. ) ;
#1343 = CARTESIAN_POINT ( 'NONE',  ( 59.96465690379371694, 10.00180632718468843, 79.53534309619460885 ) ) ;
#1344 = LINE ( 'NONE', #786, #448 ) ;
#1345 = AXIS2_PLACEMENT_3D ( 'NONE', #2962, #1851, #4356 ) ;
#1346 = VERTEX_POINT ( 'NONE', #1578 ) ;
#1347 = CARTESIAN_POINT ( 'NONE',  ( 65.41516866904339622, 15.05542298225976872, 104.8412050576269365 ) ) ;
#1348 = EDGE_LOOP ( 'NONE', ( #1499, #2792, #572, #2409, #45 ) ) ;
#1349 = CARTESIAN_POINT ( 'NONE',  ( -140.1628095756005621, -5.335145141622029463, 97.50000000000000000 ) ) ;
#1350 = ORIENTED_EDGE ( 'NONE', *, *, #4409, .F. ) ;
#1351 = ORIENTED_EDGE ( 'NONE', *, *, #2234, .F. ) ;
#1352 = DIRECTION ( 'NONE',  ( 0.000000000000000000, -0.5320497374089409037, -0.8467131018964315636 ) ) ;
#1353 = PLANE ( 'NONE',  #2132 ) ;
#1354 = ADVANCED_FACE ( 'NONE', ( #2248 ), #3639, .T. ) ;
#1355 = ORIENTED_EDGE ( 'NONE', *, *, #3461, .F. ) ;
#1356 = DIRECTION ( 'NONE',  ( -1.000000000000000000, -0.000000000000000000, -4.869399230812090436E-16 ) ) ;
#1357 = ORIENTED_EDGE ( 'NONE', *, *, #541, .T. ) ;
#1358 = EDGE_CURVE ( 'NONE', #4026, #18, #328, .T. ) ;
#1359 = CARTESIAN_POINT ( 'NONE',  ( -61.19558929389316404, 13.65270122363959437, 101.5704636594663555 ) ) ;
#1360 = CARTESIAN_POINT ( 'NONE',  ( 0.000000000000000000, -9.000000000000000000, 0.000000000000000000 ) ) ;
#1361 = CARTESIAN_POINT ( 'NONE',  ( 54.61581098706187731, 16.46974630062008416, 105.1672733229323597 ) ) ;
#1362 = DIRECTION ( 'NONE',  ( 0.000000000000000000, 0.000000000000000000, 1.000000000000000000 ) ) ;
#1363 = CARTESIAN_POINT ( 'NONE',  ( 44.00000000000013500, -9.000000000000000000, 75.09999999999993747 ) ) ;
#1364 = ORIENTED_EDGE ( 'NONE', *, *, #3698, .F. ) ;
#1365 = CARTESIAN_POINT ( 'NONE',  ( 60.00000000000009237, 9.998811940667680531, 79.50000206081404031 ) ) ;
#1366 = CARTESIAN_POINT ( 'NONE',  ( 70.04124194856763097, 11.72762481040970073, 101.7715646401308334 ) ) ;
#1367 = CARTESIAN_POINT ( 'NONE',  ( 65.03339336887225386, 15.17760780181537683, 104.4797331820509356 ) ) ;
#1368 = LINE ( 'NONE', #362, #1422 ) ;
#1369 = UNCERTAINTY_MEASURE_WITH_UNIT (LENGTH_MEASURE( 1.000000000000000082E-05 ), #682, 'distance_accuracy_value', 'NONE');
#1370 = VERTEX_POINT ( 'NONE', #3236 ) ;
#1371 = CARTESIAN_POINT ( 'NONE',  ( -190.0000000000000000, -15.00000000000000000, 125.0000000000000000 ) ) ;
#1372 = EDGE_CURVE ( 'NONE', #3021, #3059, #2276, .T. ) ;
#1373 = CARTESIAN_POINT ( 'NONE',  ( -175.0000000000000568, 0.000000000000000000, -59.99999999999972999 ) ) ;
#1374 = EDGE_LOOP ( 'NONE', ( #2932, #2812 ) ) ;
#1375 = LINE ( 'NONE', #3481, #4234 ) ;
#1376 = EDGE_LOOP ( 'NONE', ( #1350, #1734, #4176, #654 ) ) ;
#1377 = AXIS2_PLACEMENT_3D ( 'NONE', #1784, #3132, #4195 ) ;
#1378 = EDGE_CURVE ( 'NONE', #2512, #4146, #2647, .T. ) ;
#1379 = CARTESIAN_POINT ( 'NONE',  ( 184.0391712593273894, 7.805282833881506122, 116.3723722928238971 ) ) ;
#1380 = ORIENTED_EDGE ( 'NONE', *, *, #1853, .T. ) ;
#1381 = EDGE_CURVE ( 'NONE', #3831, #2848, #106, .T. ) ;
#1382 = FACE_OUTER_BOUND ( 'NONE', #4357, .T. ) ;
#1383 = CARTESIAN_POINT ( 'NONE',  ( -179.2719614544438116, 14.38779375599986210, 105.0967070153007512 ) ) ;
#1384 = ORIENTED_EDGE ( 'NONE', *, *, #2875, .T. ) ;
#1385 = CARTESIAN_POINT ( 'NONE',  ( 62.78424396843236366, 14.49416480227663406, 78.93151206313535795 ) ) ;
#1386 = EDGE_CURVE ( 'NONE', #4128, #3148, #2205, .T. ) ;
#1387 = CIRCLE ( 'NONE', #2174, 5.000000000000004441 ) ;
#1388 = CARTESIAN_POINT ( 'NONE',  ( 63.42293346241627461, 14.99128851885763858, 101.4682843468239355 ) ) ;
#1389 = CARTESIAN_POINT ( 'NONE',  ( -43.99999999999998579, -9.000000000000000000, 75.09999999999993747 ) ) ;
#1390 = AXIS2_PLACEMENT_3D ( 'NONE', #1814, #4245, #2581 ) ;
#1391 = VECTOR ( 'NONE', #3676, 1000.000000000000000 ) ;
#1392 = CARTESIAN_POINT ( 'NONE',  ( -135.4940677033765439, -1.372361243265347142, 92.82242616318326611 ) ) ;
#1393 = EDGE_LOOP ( 'NONE', ( #2698, #349, #619, #1581 ) ) ;
#1394 = LINE ( 'NONE', #4175, #321 ) ;
#1395 = ORIENTED_EDGE ( 'NONE', *, *, #2388, .T. ) ;
#1396 = AXIS2_PLACEMENT_3D ( 'NONE', #1468, #3294, #1516 ) ;
#1397 = CARTESIAN_POINT ( 'NONE',  ( -59.44057301042988684, 15.49917101027134514, 103.6997272578109914 ) ) ;
#1398 = DIRECTION ( 'NONE',  ( -3.384826294588891940E-16, -0.000000000000000000, 1.000000000000000000 ) ) ;
#1399 = AXIS2_PLACEMENT_3D ( 'NONE', #3328, #1303, #179 ) ;
#1400 = ORIENTED_EDGE ( 'NONE', *, *, #3260, .F. ) ;
#1401 = DIRECTION ( 'NONE',  ( -0.000000000000000000, 1.000000000000000000, -0.000000000000000000 ) ) ;
#1402 = LINE ( 'NONE', #2737, #143 ) ;
#1403 = VERTEX_POINT ( 'NONE', #3257 ) ;
#1404 = CARTESIAN_POINT ( 'NONE',  ( 63.70358715772788116, 14.84008324348384633, 77.09282568454447926 ) ) ;
#1405 = DIRECTION ( 'NONE',  ( -1.000000000000000000, 0.000000000000000000, 0.000000000000000000 ) ) ;
#1406 = B_SPLINE_CURVE_WITH_KNOTS ( 'NONE', 3,
 ( #3942, #157, #4010, #1922, #3668, #2576, #1553, #2939, #2988, #4307, #3964, #3691, #130, #1600, #3331, #2596, #921, #869, #2225, #3305 ),
 .UNSPECIFIED., .F., .F.,
 ( 4, 2, 2, 2, 2, 2, 2, 2, 2, 4 ),
 ( 0.000000000000000000, 0.0009773192091837895785, 0.001465978813775696511, 0.001954638418367603877, 0.002931957627551417742, 0.003909276836735232907, 0.004886596045919046338, 0.005863915255102859769, 0.006841234464286674935, 0.007818553673470488366 ),
 .UNSPECIFIED. ) ;
#1407 = AXIS2_PLACEMENT_3D ( 'NONE', #4396, #1200, #862 ) ;
#1408 = CARTESIAN_POINT ( 'NONE',  ( 62.25461792283633145, 14.46219076257172098, 101.5061316105547320 ) ) ;
#1409 = FACE_OUTER_BOUND ( 'NONE', #1060, .T. ) ;
#1410 = ORIENTED_EDGE ( 'NONE', *, *, #3415, .T. ) ;
#1411 = DIRECTION ( 'NONE',  ( -3.384826294588891940E-16, -0.000000000000000000, 1.000000000000000000 ) ) ;
#1412 = ORIENTED_EDGE ( 'NONE', *, *, #4392, .T. ) ;
#1413 = EDGE_CURVE ( 'NONE', #1685, #1300, #1925, .T. ) ;
#1414 = CARTESIAN_POINT ( 'NONE',  ( 185.0000000000000853, 3.474267083734085215, 119.9380225627151617 ) ) ;
#1415 = CARTESIAN_POINT ( 'NONE',  ( 55.00000000000007105, 10.74196951500541708, 112.9903730305670422 ) ) ;
#1416 = ORIENTED_EDGE ( 'NONE', *, *, #1653, .F. ) ;
#1417 = DIRECTION ( 'NONE',  ( -4.869399230812090436E-16, -0.000000000000000000, 1.000000000000000000 ) ) ;
#1418 = CARTESIAN_POINT ( 'NONE',  ( -120.0000000000000000, -15.00000000000000000, 47.84999999999989484 ) ) ;
#1419 = ORIENTED_EDGE ( 'NONE', *, *, #901, .T. ) ;
#1420 = VERTEX_POINT ( 'NONE', #3770 ) ;
#1421 = LINE ( 'NONE', #2128, #588 ) ;
#1422 = VECTOR ( 'NONE', #2783, 1000.000000000000000 ) ;
#1423 = CARTESIAN_POINT ( 'NONE',  ( 132.0000000000001137, -6.699999999999996625, 60.84999999999993037 ) ) ;
#1424 = CARTESIAN_POINT ( 'NONE',  ( 66.89040689836123477, 14.87942661494029295, 101.4759874039836234 ) ) ;
#1425 = ADVANCED_FACE ( 'NONE', ( #3745 ), #629, .T. ) ;
#1426 = DIRECTION ( 'NONE',  ( -3.384826294588891940E-16, 0.000000000000000000, -1.000000000000000000 ) ) ;
#1427 = EDGE_CURVE ( 'NONE', #1579, #771, #4404, .T. ) ;
#1428 = ORIENTED_EDGE ( 'NONE', *, *, #4029, .T. ) ;
#1429 = ADVANCED_FACE ( 'NONE', ( #237 ), #1353, .T. ) ;
#1430 = DIRECTION ( 'NONE',  ( -1.000000000000000000, 0.000000000000000000, 0.000000000000000000 ) ) ;
#1431 = ORIENTED_EDGE ( 'NONE', *, *, #2520, .T. ) ;
#1432 = DIRECTION ( 'NONE',  ( 4.490409458611953685E-17, -0.9320046715412958482, -0.3624462611549487123 ) ) ;
#1433 = DIRECTION ( 'NONE',  ( 1.000000000000000000, 0.000000000000000000, -0.000000000000000000 ) ) ;
#1434 = LINE ( 'NONE', #3850, #2655 ) ;
#1435 = CARTESIAN_POINT ( 'NONE',  ( 59.32880953534096591, -14.47160777483362715, 102.5064567984555453 ) ) ;
#1436 = DIRECTION ( 'NONE',  ( -1.000000000000000000, 0.000000000000000000, 0.000000000000000000 ) ) ;
#1437 = AXIS2_PLACEMENT_3D ( 'NONE', #376, #22, #2488 ) ;
#1438 = EDGE_LOOP ( 'NONE', ( #1400, #108, #3909, #3332, #2819, #2112 ) ) ;
#1439 = VERTEX_POINT ( 'NONE', #3400 ) ;
#1440 = DIRECTION ( 'NONE',  ( -1.000000000000000000, -0.000000000000000000, 1.632680918566406793E-15 ) ) ;
#1441 = CARTESIAN_POINT ( 'NONE',  ( -150.0000000000000284, 0.000000000000000000, 79.49999999999994316 ) ) ;
#1442 = ORIENTED_EDGE ( 'NONE', *, *, #3744, .F. ) ;
#1443 = ORIENTED_EDGE ( 'NONE', *, *, #4261, .F. ) ;
#1444 = LINE ( 'NONE', #1861, #1751 ) ;
#1445 = LINE ( 'NONE', #1775, #3454 ) ;
#1446 = CARTESIAN_POINT ( 'NONE',  ( -38.00000000000000000, -6.699999999999997513, 64.84999999999993747 ) ) ;
#1447 = CARTESIAN_POINT ( 'NONE',  ( 65.51990201535855363, 14.98662933765593053, 105.0382004220709717 ) ) ;
#1448 = EDGE_CURVE ( 'NONE', #798, #2373, #1282, .T. ) ;
#1449 = PLANE ( 'NONE',  #1650 ) ;
#1450 = VERTEX_POINT ( 'NONE', #2676 ) ;
#1451 = DIRECTION ( 'NONE',  ( -0.000000000000000000, 1.000000000000000000, -0.000000000000000000 ) ) ;
#1452 = EDGE_LOOP ( 'NONE', ( #1410, #3216, #1057, #1023 ) ) ;
#1453 = CARTESIAN_POINT ( 'NONE',  ( -65.24613520683006129, 15.00000000000000355, 100.2461349605556649 ) ) ;
#1454 = LINE ( 'NONE', #2506, #1797 ) ;
#1455 = CARTESIAN_POINT ( 'NONE',  ( -64.22368436872358188, 14.76780591798018527, 105.6382474705400369 ) ) ;
#1456 = AXIS2_PLACEMENT_3D ( 'NONE', #2612, #2052, #706 ) ;
#1457 = CARTESIAN_POINT ( 'NONE',  ( 60.00000000000006395, -11.56659601741150389, 99.99999999999995737 ) ) ;
#1458 = EDGE_CURVE ( 'NONE', #1993, #402, #284, .T. ) ;
#1459 = CARTESIAN_POINT ( 'NONE',  ( 65.61380363180587949, 14.91378606524392403, 105.2421282194270162 ) ) ;
#1460 = VECTOR ( 'NONE', #184, 1000.000000000000000 ) ;
#1461 = ORIENTED_EDGE ( 'NONE', *, *, #3185, .F. ) ;
#1462 = ORIENTED_EDGE ( 'NONE', *, *, #299, .F. ) ;
#1463 = FACE_OUTER_BOUND ( 'NONE', #3283, .T. ) ;
#1464 = CARTESIAN_POINT ( 'NONE',  ( 86.60000000000000853, -1.214306433183766859E-14, -24.50000000000004974 ) ) ;
#1465 = VERTEX_POINT ( 'NONE', #4134 ) ;
#1466 = CARTESIAN_POINT ( 'NONE',  ( 185.0000000000000000, -15.00000000000000000, 125.0000000000000000 ) ) ;
#1467 = CARTESIAN_POINT ( 'NONE',  ( -175.0000000000000568, 0.000000000000000000, -60.00000000000000711 ) ) ;
#1468 = CARTESIAN_POINT ( 'NONE',  ( -54.99999999999992184, 10.00000000000000888, 84.49999999999995737 ) ) ;
#1469 = EDGE_CURVE ( 'NONE', #2797, #564, #2381, .T. ) ;
#1470 = CARTESIAN_POINT ( 'NONE',  ( 140.0000000000001705, 15.00000000000000000, 92.99999999999978684 ) ) ;
#1471 = CARTESIAN_POINT ( 'NONE',  ( 140.0000000000001705, -27.72792206135785165, 92.99999999999978684 ) ) ;
#1472 = EDGE_LOOP ( 'NONE', ( #397, #2350, #301, #1745 ) ) ;
#1473 = PLANE ( 'NONE',  #1250 ) ;
#1474 = ORIENTED_EDGE ( 'NONE', *, *, #1427, .T. ) ;
#1475 = AXIS2_PLACEMENT_3D ( 'NONE', #193, #812, #2237 ) ;
#1476 = EDGE_CURVE ( 'NONE', #4157, #736, #1111, .T. ) ;
#1477 = AXIS2_PLACEMENT_3D ( 'NONE', #1031, #653, #581 ) ;
#1478 = CARTESIAN_POINT ( 'NONE',  ( -187.2178234639737582, -15.00000000000000533, 124.4923550569403261 ) ) ;
#1479 = CARTESIAN_POINT ( 'NONE',  ( -65.68106062421507829, 14.86340935932465612, 105.3839436852320404 ) ) ;
#1480 = CARTESIAN_POINT ( 'NONE',  ( 0.000000000000000000, -13.00000000000000000, 87.00000000000001421 ) ) ;
#1481 = EDGE_CURVE ( 'NONE', #1439, #2848, #940, .T. ) ;
#1482 = DIRECTION ( 'NONE',  ( 1.000000000000000000, 0.000000000000000000, -2.312964634635741083E-15 ) ) ;
#1483 = CARTESIAN_POINT ( 'NONE',  ( -176.2581938813071929, 14.95938274071128937, 104.1767419846313203 ) ) ;
#1484 = VECTOR ( 'NONE', #2897, 1000.000000000000000 ) ;
#1485 = AXIS2_PLACEMENT_3D ( 'NONE', #911, #4346, #952 ) ;
#1486 = CARTESIAN_POINT ( 'NONE',  ( -69.86115976141786632, 15.52945307547246045, 103.5671324714248414 ) ) ;
#1487 = PLANE ( 'NONE',  #579 ) ;
#1488 = CARTESIAN_POINT ( 'NONE',  ( 132.0000000000001705, -15.00000000000000000, 81.84999999999963904 ) ) ;
#1489 = EDGE_CURVE ( 'NONE', #2689, #3965, #3717, .T. ) ;
#1490 = CARTESIAN_POINT ( 'NONE',  ( 185.6921210213081679, -13.46444004951049500, 125.0000000000000000 ) ) ;
#1491 = ORIENTED_EDGE ( 'NONE', *, *, #1729, .F. ) ;
#1492 = CARTESIAN_POINT ( 'NONE',  ( 135.8032786978519937, -0.7551383747739529584, 91.36871098011688730 ) ) ;
#1493 = CARTESIAN_POINT ( 'NONE',  ( 177.7776486379919163, 14.75199715961679736, 105.7259600679962404 ) ) ;
#1494 = DIRECTION ( 'NONE',  ( -1.000000000000000000, 0.000000000000000000, 0.000000000000000000 ) ) ;
#1495 = CARTESIAN_POINT ( 'NONE',  ( -137.9379335572388072, -4.695330972683830595, 97.00217653337210777 ) ) ;
#1496 = CYLINDRICAL_SURFACE ( 'NONE', #2808, 4.499999999999990230 ) ;
#1497 = ORIENTED_EDGE ( 'NONE', *, *, #2945, .F. ) ;
#1498 = CARTESIAN_POINT ( 'NONE',  ( -59.55898920705402588, 10.00000000000000888, 102.0531968755976919 ) ) ;
#1499 = ORIENTED_EDGE ( 'NONE', *, *, #679, .F. ) ;
#1500 = LINE ( 'NONE', #4280, #1543 ) ;
#1501 = DIRECTION ( 'NONE',  ( -0.000000000000000000, 1.000000000000000000, -0.000000000000000000 ) ) ;
#1502 = LINE ( 'NONE', #2909, #701 ) ;
#1503 = CARTESIAN_POINT ( 'NONE',  ( 55.31370849898491571, -9.000000000000000000, 61.57738636560921464 ) ) ;
#1504 = CARTESIAN_POINT ( 'NONE',  ( -183.4979532462678549, 8.995933023907291215, 115.1241354794199481 ) ) ;
#1505 = EDGE_CURVE ( 'NONE', #2638, #4500, #4242, .T. ) ;
#1506 = ADVANCED_FACE ( 'NONE', ( #3446, #3056 ), #3354, .F. ) ;
#1507 = DIRECTION ( 'NONE',  ( 0.000000000000000000, 0.000000000000000000, -1.000000000000000000 ) ) ;
#1508 = LINE ( 'NONE', #3643, #2761 ) ;
#1509 = FACE_OUTER_BOUND ( 'NONE', #158, .T. ) ;
#1510 = AXIS2_PLACEMENT_3D ( 'NONE', #355, #3432, #3064 ) ;
#1511 = CYLINDRICAL_SURFACE ( 'NONE', #2772, 5.000000000000004441 ) ;
#1512 = LINE ( 'NONE', #1536, #2476 ) ;
#1513 = EDGE_CURVE ( 'NONE', #787, #1546, #1329, .T. ) ;
#1514 = CARTESIAN_POINT ( 'NONE',  ( 136.6596499895064198, -3.641249788936420817, 96.02672910276119467 ) ) ;
#1515 = CARTESIAN_POINT ( 'NONE',  ( 178.4626403577686915, 14.61723226783366769, 106.0781586658663969 ) ) ;
#1516 = DIRECTION ( 'NONE',  ( 0.000000000000000000, 0.000000000000000000, -1.000000000000000000 ) ) ;
#1517 = EDGE_CURVE ( 'NONE', #359, #356, #1556, .T. ) ;
#1518 = CARTESIAN_POINT ( 'NONE',  ( -135.4928166668287304, -1.522373703916824139, 93.11272415957580506 ) ) ;
#1519 = EDGE_CURVE ( 'NONE', #606, #3490, #2862, .T. ) ;
#1520 = DIRECTION ( 'NONE',  ( 7.401486830834377462E-15, 1.000000000000000000, 0.000000000000000000 ) ) ;
#1521 = VERTEX_POINT ( 'NONE', #1976 ) ;
#1522 = DIRECTION ( 'NONE',  ( -1.000000000000000000, -0.000000000000000000, 1.632680918566406793E-15 ) ) ;
#1523 = FACE_OUTER_BOUND ( 'NONE', #3417, .T. ) ;
#1524 = FACE_BOUND ( 'NONE', #3814, .T. ) ;
#1525 = CARTESIAN_POINT ( 'NONE',  ( 185.6437201127914136, -12.65385610508043790, 124.9999999999999858 ) ) ;
#1526 = CARTESIAN_POINT ( 'NONE',  ( 175.4821365859987168, 14.64964519332467319, 105.9454250186390851 ) ) ;
#1527 = CARTESIAN_POINT ( 'NONE',  ( 73.39999999999999147, -12.99999999999999822, -40.50000000000004263 ) ) ;
#1528 = CARTESIAN_POINT ( 'NONE',  ( -175.5372164797103096, 14.99999999765315728, 105.0440775792202857 ) ) ;
#1529 = CARTESIAN_POINT ( 'NONE',  ( -70.20043805871794973, 11.26791895186991788, 101.8337771999337633 ) ) ;
#1530 = CARTESIAN_POINT ( 'NONE',  ( -185.6139483376068142, -12.49271259080918739, 125.0000000000000000 ) ) ;
#1531 = LINE ( 'NONE', #2558, #2474 ) ;
#1532 = VERTEX_POINT ( 'NONE', #674 ) ;
#1533 = DIRECTION ( 'NONE',  ( -0.000000000000000000, 1.000000000000000000, -0.000000000000000000 ) ) ;
#1534 = CIRCLE ( 'NONE', #2185, 4.499999999999990230 ) ;
#1535 = CIRCLE ( 'NONE', #4091, 4.000000000000003553 ) ;
#1536 = CARTESIAN_POINT ( 'NONE',  ( -43.99999999999998579, 0.000000000000000000, 75.09999999999993747 ) ) ;
#1537 = DIRECTION ( 'NONE',  ( -1.000000000000000000, -0.000000000000000000, -3.384826294588891447E-16 ) ) ;
#1538 = CARTESIAN_POINT ( 'NONE',  ( 137.1789968866942502, -0.2404074992422137180, 89.49041452022269993 ) ) ;
#1539 = CARTESIAN_POINT ( 'NONE',  ( 187.7577497076976556, 7.902122917051647377, 111.7910580486238530 ) ) ;
#1540 = AXIS2_PLACEMENT_3D ( 'NONE', #2299, #4057, #201 ) ;
#1541 = DIRECTION ( 'NONE',  ( -1.000000000000000000, -0.000000000000000000, -4.869399230812090436E-16 ) ) ;
#1542 = CARTESIAN_POINT ( 'NONE',  ( -139.9999999999999716, -5.335145141622030351, 97.49999999999998579 ) ) ;
#1543 = VECTOR ( 'NONE', #2139, 1000.000000000000000 ) ;
#1544 = CARTESIAN_POINT ( 'NONE',  ( -58.39173249367775043, 13.76693405870300957, 77.80413375316243219 ) ) ;
#1545 = AXIS2_PLACEMENT_3D ( 'NONE', #3813, #3126, #1760 ) ;
#1546 = VERTEX_POINT ( 'NONE', #259 ) ;
#1547 = CARTESIAN_POINT ( 'NONE',  ( 2.200000000000014388, -12.99999999999999822, -40.50000000000004263 ) ) ;
#1548 = CARTESIAN_POINT ( 'NONE',  ( -189.8389880390045050, -14.99999999999999645, 121.2941411838803134 ) ) ;
#1549 = CARTESIAN_POINT ( 'NONE',  ( -73.39999999999999147, -30.00000000000000711, -24.50000000000003553 ) ) ;
#1550 = DIRECTION ( 'NONE',  ( 0.000000000000000000, 0.000000000000000000, 1.000000000000000000 ) ) ;
#1551 = CARTESIAN_POINT ( 'NONE',  ( 67.21511622004781827, 15.00000000000000178, 102.9447618696283939 ) ) ;
#1552 = CIRCLE ( 'NONE', #4107, 4.999999999999997335 ) ;
#1553 = CARTESIAN_POINT ( 'NONE',  ( 189.6827755626827923, -15.00000000000000000, 121.7543910218457341 ) ) ;
#1554 = ORIENTED_EDGE ( 'NONE', *, *, #1295, .F. ) ;
#1555 = CARTESIAN_POINT ( 'NONE',  ( -178.2280264377501453, 14.66345216666389817, 105.9573919516335820 ) ) ;
#1556 = CIRCLE ( 'NONE', #3098, 24.99999999999998579 ) ;
#1557 = CARTESIAN_POINT ( 'NONE',  ( -66.27256961548123115, 15.66441928870225198, 103.0214630460124425 ) ) ;
#1558 = CARTESIAN_POINT ( 'NONE',  ( -185.3384818863642067, -11.81334438915402885, 125.0000000000000284 ) ) ;
#1559 = CARTESIAN_POINT ( 'NONE',  ( -54.87607486139678059, 16.70478223672447626, 105.0000000011805099 ) ) ;
#1560 = CARTESIAN_POINT ( 'NONE',  ( -131.9999999999999716, -9.999999999999998224, 52.84999999999988773 ) ) ;
#1561 = CARTESIAN_POINT ( 'NONE',  ( -43.99999999999998579, -6.699999999999997513, 64.84999999999993747 ) ) ;
#1562 = CARTESIAN_POINT ( 'NONE',  ( 189.9999999999999716, 0.000000000000000000, -59.99999999999974420 ) ) ;
#1563 = DIRECTION ( 'NONE',  ( -1.000000000000000000, 0.000000000000000000, 0.000000000000000000 ) ) ;
#1564 = CARTESIAN_POINT ( 'NONE',  ( -65.69720007963887554, 15.18602111538960386, 101.4551209659595230 ) ) ;
#1565 = ORIENTED_EDGE ( 'NONE', *, *, #3927, .T. ) ;
#1566 = CARTESIAN_POINT ( 'NONE',  ( 38.00000000000014211, -9.000000000000000000, 54.59999999999993747 ) ) ;
#1567 = EDGE_CURVE ( 'NONE', #3831, #1761, #2065, .T. ) ;
#1568 = DIRECTION ( 'NONE',  ( -1.000000000000000000, 0.000000000000000000, 0.000000000000000000 ) ) ;
#1569 = EDGE_LOOP ( 'NONE', ( #2331, #14, #4155, #2042 ) ) ;
#1570 = CARTESIAN_POINT ( 'NONE',  ( -57.06736959442341117, 7.365603594711140012, 104.5587901728598013 ) ) ;
#1571 = CARTESIAN_POINT ( 'NONE',  ( -143.6007544125662889, -0.4188513167807256243, 90.28251830913862364 ) ) ;
#1572 = VECTOR ( 'NONE', #778, 1000.000000000000000 ) ;
#1573 = ADVANCED_FACE ( 'NONE', ( #1725 ), #1721, .T. ) ;
#1574 = DIRECTION ( 'NONE',  ( -1.000000000000000000, 0.000000000000000000, 0.000000000000000000 ) ) ;
#1575 = CARTESIAN_POINT ( 'NONE',  ( -58.49628405922460672, 8.569659167846609193, 103.5819299212919304 ) ) ;
#1576 = FACE_OUTER_BOUND ( 'NONE', #989, .T. ) ;
#1577 = EDGE_CURVE ( 'NONE', #16, #1258, #4427, .T. ) ;
#1578 = CARTESIAN_POINT ( 'NONE',  ( -54.99999999999992184, 6.734767356633883040, 104.9999999999999858 ) ) ;
#1579 = VERTEX_POINT ( 'NONE', #1128 ) ;
#1580 = CARTESIAN_POINT ( 'NONE',  ( -176.0567853580198232, 14.97237868683494177, 105.1236668290350735 ) ) ;
#1581 = ORIENTED_EDGE ( 'NONE', *, *, #639, .T. ) ;
#1582 = CARTESIAN_POINT ( 'NONE',  ( -65.70480351431143617, 14.83435388925692422, 105.4593522441177669 ) ) ;
#1583 = CARTESIAN_POINT ( 'NONE',  ( -184.9999999999999716, -15.00000000000000000, 125.0000000000000000 ) ) ;
#1584 = CARTESIAN_POINT ( 'NONE',  ( -56.00140236337799138, 10.77620271902171645, 112.9447438519101894 ) ) ;
#1585 = LINE ( 'NONE', #2920, #4315 ) ;
#1586 = DIRECTION ( 'NONE',  ( -1.000000000000000000, 0.000000000000000000, -0.000000000000000000 ) ) ;
#1587 = LINE ( 'NONE', #4365, #3451 ) ;
#1588 = ORIENTED_EDGE ( 'NONE', *, *, #971, .T. ) ;
#1589 = CARTESIAN_POINT ( 'NONE',  ( 177.4555780140394745, 14.80043476710797457, 104.4419112496219242 ) ) ;
#1590 = CARTESIAN_POINT ( 'NONE',  ( -73.39999999999999147, -13.99999999999999822, -56.50000000000004263 ) ) ;
#1591 = EDGE_LOOP ( 'NONE', ( #2157, #3986, #1034, #2634 ) ) ;
#1592 = CARTESIAN_POINT ( 'NONE',  ( 141.2552417562600056, -5.110362171308372226, 97.33275150340638504 ) ) ;
#1593 = CARTESIAN_POINT ( 'NONE',  ( 64.86508737370212430, 15.27730184945320779, 101.4489610822983110 ) ) ;
#1594 = EDGE_LOOP ( 'NONE', ( #340, #1554 ) ) ;
#1595 = CARTESIAN_POINT ( 'NONE',  ( 120.0000000000001279, 0.000000000000000000, 81.84999999999966747 ) ) ;
#1596 = DIRECTION ( 'NONE',  ( -1.000000000000000000, 0.000000000000000000, -0.000000000000000000 ) ) ;
#1597 = CARTESIAN_POINT ( 'NONE',  ( -59.47160777483379945, -14.32880953534061241, 102.2417825508428564 ) ) ;
#1598 = CARTESIAN_POINT ( 'NONE',  ( 223.2820117735137160, 10.00000000000000000, 104.1063937511953128 ) ) ;
#1599 = LINE ( 'NONE', #1949, #3816 ) ;
#1600 = CARTESIAN_POINT ( 'NONE',  ( 187.5110227862096792, -15.00000000000000178, 124.3351240108887481 ) ) ;
#1601 = VERTEX_POINT ( 'NONE', #450 ) ;
#1602 = AXIS2_PLACEMENT_3D ( 'NONE', #1080, #749, #2470 ) ;
#1603 = DIRECTION ( 'NONE',  ( 0.000000000000000000, 0.000000000000000000, 1.000000000000000000 ) ) ;
#1604 = ADVANCED_FACE ( 'NONE', ( #836 ), #1150, .F. ) ;
#1605 = CARTESIAN_POINT ( 'NONE',  ( -63.56600538167329262, 15.66107717258941356, 103.0347332619080305 ) ) ;
#1606 = FILL_AREA_STYLE_COLOUR ( '', #2415 ) ;
#1607 = ADVANCED_FACE ( 'NONE', ( #3563 ), #98, .F. ) ;
#1608 = AXIS2_PLACEMENT_3D ( 'NONE', #1636, #2343, #3730 ) ;
#1609 = CARTESIAN_POINT ( 'NONE',  ( 127.9793426724012164, -1.110223024625155554E-16, -56.50000000000003553 ) ) ;
#1610 = LINE ( 'NONE', #192, #354 ) ;
#1611 = CARTESIAN_POINT ( 'NONE',  ( 55.11015945194157695, 15.67705966326467504, 105.6077936219632392 ) ) ;
#1612 = ORIENTED_EDGE ( 'NONE', *, *, #2251, .T. ) ;
#1613 = CARTESIAN_POINT ( 'NONE',  ( 55.00000000000007816, 12.92893218813452982, 79.49999999999995737 ) ) ;
#1614 = CARTESIAN_POINT ( 'NONE',  ( -59.99999999999992184, -10.83333333333333393, 99.81817286338251449 ) ) ;
#1615 = AXIS2_PLACEMENT_3D ( 'NONE', #962, #3769, #1724 ) ;
#1616 = VERTEX_POINT ( 'NONE', #144 ) ;
#1617 = CARTESIAN_POINT ( 'NONE',  ( -139.3588845163649523, -0.09064567436219560237, 88.53408766376831807 ) ) ;
#1618 = DIRECTION ( 'NONE',  ( -0.000000000000000000, -0.000000000000000000, 1.000000000000000000 ) ) ;
#1619 = CIRCLE ( 'NONE', #1396, 5.000000000000004441 ) ;
#1620 = EDGE_CURVE ( 'NONE', #3390, #517, #3667, .T. ) ;
#1621 = ORIENTED_EDGE ( 'NONE', *, *, #3921, .F. ) ;
#1622 = CARTESIAN_POINT ( 'NONE',  ( 64.62153638450756432, 15.07651648141442990, 104.7798778682443697 ) ) ;
#1623 = CARTESIAN_POINT ( 'NONE',  ( -141.2720522303849009, -0.1077398016625240179, 88.67163613664747857 ) ) ;
#1624 = DIRECTION ( 'NONE',  ( 0.000000000000000000, 0.000000000000000000, -1.000000000000000000 ) ) ;
#1625 = CARTESIAN_POINT ( 'NONE',  ( -58.76210414788435799, 15.47483332018550861, 103.8226279648397252 ) ) ;
#1626 = DIRECTION ( 'NONE',  ( 0.000000000000000000, -1.000000000000000000, 4.956352788505164254E-16 ) ) ;
#1627 = VERTEX_POINT ( 'NONE', #2079 ) ;
#1628 = CARTESIAN_POINT ( 'NONE',  ( -187.5987451700590896, 8.514978603473636554, 115.6798118825013688 ) ) ;
#1629 = CARTESIAN_POINT ( 'NONE',  ( -65.08715349564157293, 15.17290419401813040, 104.4939246741959238 ) ) ;
#1630 = CARTESIAN_POINT ( 'NONE',  ( -56.97783902388612631, 10.90640374078831520, 112.7682320641960558 ) ) ;
#1631 = EDGE_CURVE ( 'NONE', #3195, #63, #2285, .T. ) ;
#1632 = CARTESIAN_POINT ( 'NONE',  ( 86.60000000000000853, 2.800339325505418158E-14, -56.50000000000003553 ) ) ;
#1633 = DIRECTION ( 'NONE',  ( 0.000000000000000000, 0.000000000000000000, 1.000000000000000000 ) ) ;
#1634 = CARTESIAN_POINT ( 'NONE',  ( 55.80633869050186746, 15.39412039338002103, 105.6131264375559624 ) ) ;
#1635 = CARTESIAN_POINT ( 'NONE',  ( 65.14056438517353342, 15.16475992130797401, 104.5184535016711180 ) ) ;
#1636 = CARTESIAN_POINT ( 'NONE',  ( 150.0000000000000000, 0.000000000000000000, -60.00000000000001421 ) ) ;
#1637 = ORIENTED_EDGE ( 'NONE', *, *, #2288, .F. ) ;
#1638 = CARTESIAN_POINT ( 'NONE',  ( -59.99999999999992184, -15.00000000000000000, 104.9999999999999858 ) ) ;
#1639 = VECTOR ( 'NONE', #2575, 1000.000000000000000 ) ;
#1640 = CARTESIAN_POINT ( 'NONE',  ( -120.0000000000000000, -15.00000000000000000, 81.84999999999989484 ) ) ;
#1641 = EDGE_LOOP ( 'NONE', ( #474, #1342, #3229, #2268 ) ) ;
#1642 = CARTESIAN_POINT ( 'NONE',  ( 64.11797841410803755, 14.66024868704445261, 105.9180455320021679 ) ) ;
#1643 = ORIENTED_EDGE ( 'NONE', *, *, #3182, .T. ) ;
#1644 = CARTESIAN_POINT ( 'NONE',  ( -54.99999999999992184, 10.00000000000000888, 79.49999999999995737 ) ) ;
#1645 = DIRECTION ( 'NONE',  ( -1.000000000000000000, 0.000000000000000000, 0.000000000000000000 ) ) ;
#1646 = CARTESIAN_POINT ( 'NONE',  ( 185.3388867658957224, -11.81401348740894619, 124.9999999999999716 ) ) ;
#1647 = CARTESIAN_POINT ( 'NONE',  ( 55.31370849898491571, -6.699999999999997513, 68.84999999999993747 ) ) ;
#1648 = VERTEX_POINT ( 'NONE', #1199 ) ;
#1649 = CARTESIAN_POINT ( 'NONE',  ( -189.9999999999999716, -8.072221962712774019E-15, 116.2159623945754987 ) ) ;
#1650 = AXIS2_PLACEMENT_3D ( 'NONE', #428, #3226, #1106 ) ;
#1651 = CARTESIAN_POINT ( 'NONE',  ( -61.73669705354618031, 14.10775478486204015, 101.5334117355441919 ) ) ;
#1652 = CARTESIAN_POINT ( 'NONE',  ( 120.0000000000001137, -6.699999999999997513, 68.84999999999993747 ) ) ;
#1653 = EDGE_CURVE ( 'NONE', #1532, #798, #3225, .T. ) ;
#1654 = EDGE_CURVE ( 'NONE', #3171, #2797, #794, .T. ) ;
#1655 = DIRECTION ( 'NONE',  ( -2.434699615406044725E-16, 0.000000000000000000, 1.000000000000000000 ) ) ;
#1656 = CARTESIAN_POINT ( 'NONE',  ( 57.96277405391134607, 8.042252690421118899, 104.0346654222224174 ) ) ;
#1657 = CARTESIAN_POINT ( 'NONE',  ( 65.07162757971731537, 15.17535391271337453, 104.4865502859673256 ) ) ;
#1658 =( BOUNDED_SURFACE ( )  B_SPLINE_SURFACE ( 3, 2, ( 
 ( #1642, #4106, #1299 ),
 ( #2716, #3026, #1692 ),
 ( #2016, #4398, #3686 ),
 ( #957, #2376, #2038 ),
 ( #624, #4373, #3395 ),
 ( #1971, #277, #3763 ),
 ( #3419, #1669, #574 ),
 ( #302, #3076, #1252 ),
 ( #888, #2269, #3661 ),
 ( #547, #2642, #4031 ),
 ( #1622, #1277, #3007 ),
 ( #2092, #3788, #1008 ),
 ( #2781, #2762, #3103 ),
 ( #3121, #387, #1408 ),
 ( #1720, #691, #1046 ),
 ( #3477, #2403, #2814 ),
 ( #3441, #4149, #1388 ),
 ( #4511, #3806, #1776 ),
 ( #4187, #1026, #29 ),
 ( #1063, #324, #4494 ),
 ( #2435, #670, #3158 ),
 ( #3143, #361, #4169 ),
 ( #1367, #2417, #1752 ),
 ( #732, #1736, #2077 ),
 ( #3825, #12, #346 ),
 ( #4206, #4129, #711 ),
 ( #3462, #2107, #1424 ),
 ( #1082, #2800, #2472 ),
 ( #2743, #2061, #2452 ),
 ( #3843, #3496, #3863 ),
 ( #753, #2133, #3522 ),
 ( #406, #1798, #3179 ),
 ( #1347, #2834, #4228 ),
 ( #1105, #50, #2497 ),
 ( #1447, #320, #3072 ),
 ( #3100, #3168, #3439 ),
 ( #1459, #2712, #1366 ),
 ( #4467, #3875, #3192 ),
 ( #3531, #3852, #416 ),
 ( #1318, #982, #4492 ),
 ( #40, #740, #1809 ),
 ( #2372, #644, #3759 ) ),
 .UNSPECIFIED., .F., .F., .T. ) 
 B_SPLINE_SURFACE_WITH_KNOTS ( ( 4, 2, 2, 2, 2, 2, 2, 2, 2, 2, 2, 2, 2, 2, 2, 2, 2, 2, 2, 2, 4 ),
 ( 3, 3 ),
 ( 0.05430613025311317038, 0.05469622638347745869, 0.05489127444865960631, 0.05508632251384175393, 0.05528137057902389462, 0.05547641864420604224, 0.05557394267679711952, 0.05567146670938818986, 0.05576899074197926021, 0.05581775275827479538, 0.05586651477457033055, 0.05591527679086586572, 0.05596403880716140089, 0.05606156283975247817, 0.05615908687234355545, 0.05625661090493462579, 0.05645165897011676648, 0.05664670703529891410, 0.05684175510048106172, 0.05703680316566320241, 0.05742689929602749765 ),
 ( 0.000000000000000000, 1.000000000000000000 ),
 .UNSPECIFIED. ) 
 GEOMETRIC_REPRESENTATION_ITEM ( )  RATIONAL_B_SPLINE_SURFACE ( (
 ( 1.000000000000000000, 0.6523851963981370794, 1.000000000000000000),
 ( 1.000000000000000000, 0.6710671645289749687, 1.000000000000000000),
 ( 1.000000000000000000, 0.6917664983073118501, 1.000000000000000000),
 ( 1.000000000000000000, 0.7264558944885964875, 1.000000000000000000),
 ( 1.000000000000000000, 0.7386263396433705442, 1.000000000000000000),
 ( 1.000000000000000000, 0.7642610366016238110, 1.000000000000000000),
 ( 1.000000000000000000, 0.7777275695400535094, 1.000000000000000000),
 ( 1.000000000000000000, 0.8059716382526167511, 1.000000000000000000),
 ( 1.000000000000000000, 0.8207559305367827518, 1.000000000000000000),
 ( 1.000000000000000000, 0.8514703068285349730, 1.000000000000000000),
 ( 1.000000000000000000, 0.8674277947393681520, 1.000000000000000000),
 ( 1.000000000000000000, 0.8916516836664867274, 1.000000000000000000),
 ( 1.000000000000000000, 0.8996693164512048480, 1.000000000000000000),
 ( 1.000000000000000000, 0.9151412052506929795, 1.000000000000000000),
 ( 1.000000000000000000, 0.9226655805382468767, 1.000000000000000000),
 ( 1.000000000000000000, 0.9360614858965021767, 1.000000000000000000),
 ( 1.000000000000000000, 0.9419727908859660825, 1.000000000000000000),
 ( 1.000000000000000000, 0.9484589781014126642, 1.000000000000000000),
 ( 1.000000000000000000, 0.9501644514109975903, 1.000000000000000000),
 ( 1.000000000000000000, 0.9525028738486899238, 1.000000000000000000),
 ( 1.000000000000000000, 0.9531333942640030088, 1.000000000000000000),
 ( 1.000000000000000000, 0.9531647935006610783, 1.000000000000000000),
 ( 1.000000000000000000, 0.9525802489276324891, 1.000000000000000000),
 ( 1.000000000000000000, 0.9503103967252164441, 1.000000000000000000),
 ( 1.000000000000000000, 0.9486016659803083728, 1.000000000000000000),
 ( 1.000000000000000000, 0.9422364076866388549, 1.000000000000000000),
 ( 1.000000000000000000, 0.9363672822253608086, 1.000000000000000000),
 ( 1.000000000000000000, 0.9229167296905305129, 1.000000000000000000),
 ( 1.000000000000000000, 0.9155145316666739586, 1.000000000000000000),
 ( 1.000000000000000000, 0.9001574889065590002, 1.000000000000000000),
 ( 1.000000000000000000, 0.8921909274707376936, 1.000000000000000000),
 ( 1.000000000000000000, 0.8680349573217331915, 1.000000000000000000),
 ( 1.000000000000000000, 0.8519143646566775807, 1.000000000000000000),
 ( 1.000000000000000000, 0.8208165996018038646, 1.000000000000000000),
 ( 1.000000000000000000, 0.8057829804796194928, 1.000000000000000000),
 ( 1.000000000000000000, 0.7770165967141871022, 1.000000000000000000),
 ( 1.000000000000000000, 0.7632664296155211581, 1.000000000000000000),
 ( 1.000000000000000000, 0.7371428701693660823, 1.000000000000000000),
 ( 1.000000000000000000, 0.7247608473458331257, 1.000000000000000000),
 ( 1.000000000000000000, 0.6895157688917620264, 1.000000000000000000),
 ( 1.000000000000000000, 0.6685508062775139537, 1.000000000000000000),
 ( 1.000000000000000000, 0.6496679843129518073, 1.000000000000000000) ) ) 
 REPRESENTATION_ITEM ( '' )  SURFACE ( )  );
#1659 = DIRECTION ( 'NONE',  ( -4.191626920036733330E-17, 0.9320046715412958482, 0.3624462611549486568 ) ) ;
#1660 = ORIENTED_EDGE ( 'NONE', *, *, #4148, .T. ) ;
#1661 = DIRECTION ( 'NONE',  ( -1.000000000000000000, 0.000000000000000000, 1.156482317317871478E-16 ) ) ;
#1662 = CARTESIAN_POINT ( 'NONE',  ( -61.78441608355122128, 14.01160473037242049, 77.71558391644865083 ) ) ;
#1663 = ORIENTED_EDGE ( 'NONE', *, *, #2986, .T. ) ;
#1664 = EDGE_CURVE ( 'NONE', #1011, #1601, #2217, .T. ) ;
#1665 = VERTEX_POINT ( 'NONE', #2346 ) ;
#1666 = ORIENTED_EDGE ( 'NONE', *, *, #576, .T. ) ;
#1667 = CIRCLE ( 'NONE', #2606, 4.000000000000003553 ) ;
#1668 = VECTOR ( 'NONE', #744, 1000.000000000000000 ) ;
#1669 = CARTESIAN_POINT ( 'NONE',  ( 60.81569680520791366, 15.56007122715371160, 103.4392509258767774 ) ) ;
#1670 = ORIENTED_EDGE ( 'NONE', *, *, #4484, .F. ) ;
#1671 = FACE_OUTER_BOUND ( 'NONE', #677, .T. ) ;
#1672 = CARTESIAN_POINT ( 'NONE',  ( 187.3522140170057071, 8.856427220844224735, 115.3142562361151846 ) ) ;
#1673 = CARTESIAN_POINT ( 'NONE',  ( -140.0000000000000000, 15.00000000000000000, 88.50000000000001421 ) ) ;
#1674 = CARTESIAN_POINT ( 'NONE',  ( -140.0000000000000000, -27.72792206135785165, -52.50000000000000711 ) ) ;
#1675 = ORIENTED_EDGE ( 'NONE', *, *, #3872, .F. ) ;
#1676 = CARTESIAN_POINT ( 'NONE',  ( -188.6276626675895614, 6.285738641306536145, 112.9142834073527411 ) ) ;
#1677 = ORIENTED_EDGE ( 'NONE', *, *, #3537, .T. ) ;
#1678 = CARTESIAN_POINT ( 'NONE',  ( -60.08255963493421348, 12.02462693889064660, 101.7348350039507636 ) ) ;
#1679 = CARTESIAN_POINT ( 'NONE',  ( -59.71828635951454345, 11.73032205029399755, 111.5862414056835519 ) ) ;
#1680 = PLANE ( 'NONE',  #4225 ) ;
#1681 = CARTESIAN_POINT ( 'NONE',  ( 54.59216285900104282, 16.34367718514934964, 105.2542699888916644 ) ) ;
#1682 = CARTESIAN_POINT ( 'NONE',  ( 64.11797841410829335, 14.66024868704471373, 105.9180455320015000 ) ) ;
#1683 = CARTESIAN_POINT ( 'NONE',  ( -64.99999999999991473, 10.00000000000000888, 99.99999999999997158 ) ) ;
#1684 = B_SPLINE_CURVE_WITH_KNOTS ( 'NONE', 3,
 ( #139, #2194, #1242, #4318, #2289, #4291, #468, #3677, #3292, #1538, #1960, #1862, #2563, #2973, #4021, #2924, #563, #1492, #168, #3316, #2633, #1882, #2584, #2873, #4270, #3245, #3974, #1146, #1216, #114, #1514, #2610, #3625, #2537, #3996, #2896, #508, #1170, #833, #2212, #3605, #3267 ),
 .UNSPECIFIED., .F., .F.,
 ( 4, 2, 2, 2, 2, 2, 2, 2, 2, 2, 2, 2, 2, 2, 2, 2, 2, 2, 2, 2, 4 ),
 ( 0.01542026810030946646, 0.01638185607010472084, 0.01734344403989997174, 0.01782423802479757291, 0.01830503200969516714, 0.01878582599459276831, 0.01926661997949036600, 0.02022820794928553712, 0.02070900193418312094, 0.02118979591908070476, 0.02215138388887585158, 0.02311297185867099493, 0.02407455982846613829, 0.02503614779826128511, 0.02599773576805643194, 0.02695932373785157876, 0.02792091170764672212, 0.02888249967744186547, 0.02984408764723701230, 0.03032488163213462040, 0.03080567561703222851 ),
 .UNSPECIFIED. ) ;
#1685 = VERTEX_POINT ( 'NONE', #2012 ) ;
#1686 = ORIENTED_EDGE ( 'NONE', *, *, #3690, .F. ) ;
#1687 = CARTESIAN_POINT ( 'NONE',  ( 61.23306594129636693, 13.30413375316176605, 82.03386811740877249 ) ) ;
#1688 = DIRECTION ( 'NONE',  ( 0.000000000000000000, 4.956352788505164254E-16, 1.000000000000000000 ) ) ;
#1689 = ADVANCED_FACE ( 'NONE', ( #2687 ), #514, .F. ) ;
#1690 = EDGE_LOOP ( 'NONE', ( #872, #2653, #183, #2465 ) ) ;
#1691 = ORIENTED_EDGE ( 'NONE', *, *, #840, .F. ) ;
#1692 = CARTESIAN_POINT ( 'NONE',  ( 59.58470199323361527, 10.27383139304496851, 101.9961033177080765 ) ) ;
#1693 = ORIENTED_EDGE ( 'NONE', *, *, #1372, .F. ) ;
#1694 = AXIS2_PLACEMENT_3D ( 'NONE', #2997, #2582, #2895 ) ;
#1695 = LINE ( 'NONE', #3078, #3393 ) ;
#1696 = EDGE_LOOP ( 'NONE', ( #699, #548, #3077, #1296 ) ) ;
#1697 = CARTESIAN_POINT ( 'NONE',  ( 139.9999999999999716, 0.000000000000000000, -57.00000000000022027 ) ) ;
#1698 = ORIENTED_EDGE ( 'NONE', *, *, #1664, .F. ) ;
#1699 = LINE ( 'NONE', #603, #1899 ) ;
#1700 = DIRECTION ( 'NONE',  ( 8.163404592832032979E-16, 0.000000000000000000, -1.000000000000000000 ) ) ;
#1701 = ORIENTED_EDGE ( 'NONE', *, *, #770, .F. ) ;
#1702 = CARTESIAN_POINT ( 'NONE',  ( -149.9999999999999716, 15.00000000000000000, 104.1063937511954407 ) ) ;
#1703 = EDGE_LOOP ( 'NONE', ( #2738, #2966, #260, #2954, #1235, #1843 ) ) ;
#1704 = CIRCLE ( 'NONE', #3727, 4.499999999999990230 ) ;
#1705 = CARTESIAN_POINT ( 'NONE',  ( -64.19034225211672151, 15.67218057980729284, 102.9906365723947488 ) ) ;
#1706 = CIRCLE ( 'NONE', #1177, 11.49999999999999645 ) ;
#1707 = CARTESIAN_POINT ( 'NONE',  ( 11.85660395791400035, -9.000000000000000000, -29.00000000000004619 ) ) ;
#1708 = CARTESIAN_POINT ( 'NONE',  ( 57.45819486439797430, 11.00243708024455458, 112.6372385645197340 ) ) ;
#1709 = CARTESIAN_POINT ( 'NONE',  ( -62.17113820123520185, 13.04742019706194966, 109.4220266850993681 ) ) ;
#1710 = CARTESIAN_POINT ( 'NONE',  ( -175.0000000000000000, 15.00000000000000000, 104.1063937511954265 ) ) ;
#1711 = ORIENTED_EDGE ( 'NONE', *, *, #141, .F. ) ;
#1712 = CIRCLE ( 'NONE', #4239, 4.000000000000003553 ) ;
#1713 = CARTESIAN_POINT ( 'NONE',  ( 55.06446087899836783, 10.65449037813215227, 79.46776956050007357 ) ) ;
#1714 = DIRECTION ( 'NONE',  ( 0.000000000000000000, 1.000000000000000000, 0.000000000000000000 ) ) ;
#1715 = VECTOR ( 'NONE', #2044, 1000.000000000000000 ) ;
#1716 = ADVANCED_FACE ( 'NONE', ( #198 ), #3296, .T. ) ;
#1717 = AXIS2_PLACEMENT_3D ( 'NONE', #1327, #731, #627 ) ;
#1718 = ORIENTED_EDGE ( 'NONE', *, *, #3111, .T. ) ;
#1719 = EDGE_CURVE ( 'NONE', #984, #3764, #4000, .T. ) ;
#1720 = CARTESIAN_POINT ( 'NONE',  ( 64.78240777780418114, 15.14451359046409351, 104.5791095444725300 ) ) ;
#1721 = TOROIDAL_SURFACE ( 'NONE', #1275, 24.99999999999999289, 5.000000000000000000 ) ;
#1722 = CARTESIAN_POINT ( 'NONE',  ( 66.97184876397356845, 15.00000000000000000, 104.1063937511953696 ) ) ;
#1723 = EDGE_LOOP ( 'NONE', ( #2138, #2032, #2068, #3184, #2663 ) ) ;
#1724 = DIRECTION ( 'NONE',  ( 0.000000000000000000, 0.000000000000000000, -1.000000000000000000 ) ) ;
#1725 = FACE_OUTER_BOUND ( 'NONE', #4105, .T. ) ;
#1726 = EDGE_LOOP ( 'NONE', ( #3524, #928, #367, #3133, #3546, #1928, #2395, #4430, #529, #3401, #2597, #1718 ) ) ;
#1727 = CARTESIAN_POINT ( 'NONE',  ( 60.00000000000007105, 0.000000000000000000, 84.49999999999995737 ) ) ;
#1728 = VERTEX_POINT ( 'NONE', #1220 ) ;
#1729 = EDGE_CURVE ( 'NONE', #4269, #3746, #4038, .T. ) ;
#1730 = LINE ( 'NONE', #3166, #2076 ) ;
#1731 = EDGE_LOOP ( 'NONE', ( #3194, #1247, #2459, #3457 ) ) ;
#1732 = FACE_OUTER_BOUND ( 'NONE', #2353, .T. ) ;
#1733 = CARTESIAN_POINT ( 'NONE',  ( -186.3910314003384485, 9.803642998547834608, 110.2820179443998683 ) ) ;
#1734 = ORIENTED_EDGE ( 'NONE', *, *, #1825, .T. ) ;
#1735 = CARTESIAN_POINT ( 'NONE',  ( 60.75618375337850807, 13.06837049848067345, 78.74381624662753154 ) ) ;
#1736 = CARTESIAN_POINT ( 'NONE',  ( 65.47489268721251676, 15.67529733946106063, 102.9782518967854799 ) ) ;
#1737 = CARTESIAN_POINT ( 'NONE',  ( 66.07329770264223612, 14.76434637137411876, 105.6309353767170904 ) ) ;
#1738 = ORIENTED_EDGE ( 'NONE', *, *, #2386, .F. ) ;
#1739 = CIRCLE ( 'NONE', #4203, 16.00000000000000000 ) ;
#1740 = CARTESIAN_POINT ( 'NONE',  ( -137.0454354954208043, -0.2592996295028321407, 89.59084404565022908 ) ) ;
#1741 = ORIENTED_EDGE ( 'NONE', *, *, #4148, .F. ) ;
#1742 = CYLINDRICAL_SURFACE ( 'NONE', #1545, 4.000000000000003553 ) ;
#1743 = ORIENTED_EDGE ( 'NONE', *, *, #4331, .F. ) ;
#1744 = CARTESIAN_POINT ( 'NONE',  ( -64.30725803311167965, 14.84534268816417857, 105.4296180668596463 ) ) ;
#1745 = ORIENTED_EDGE ( 'NONE', *, *, #3521, .T. ) ;
#1746 = CARTESIAN_POINT ( 'NONE',  ( 120.0000000000001137, -6.699999999999997513, 64.84999999999993747 ) ) ;
#1747 = CARTESIAN_POINT ( 'NONE',  ( 0.000000000000000000, -9.999999999999998224, 104.7482393492988564 ) ) ;
#1748 = ORIENTED_EDGE ( 'NONE', *, *, #3498, .F. ) ;
#1749 = ORIENTED_EDGE ( 'NONE', *, *, #3715, .T. ) ;
#1750 = CARTESIAN_POINT ( 'NONE',  ( 60.15991675646827019, 11.29641284203102281, 84.18016648706516492 ) ) ;
#1751 = VECTOR ( 'NONE', #772, 1000.000000000000000 ) ;
#1752 = CARTESIAN_POINT ( 'NONE',  ( 65.40351775091012598, 15.20432295461779582, 101.4539000264188786 ) ) ;
#1753 = EDGE_CURVE ( 'NONE', #4026, #4348, #2294, .T. ) ;
#1754 = CARTESIAN_POINT ( 'NONE',  ( 66.62835034932297162, 14.96946145942804129, 104.7376416500940906 ) ) ;
#1755 = AXIS2_PLACEMENT_3D ( 'NONE', #1488, #3173, #4221 ) ;
#1756 = ADVANCED_BREP_SHAPE_REPRESENTATION ( 'Walker_Seat', ( #4013, #1510 ), #1298 ) ;
#1757 = VECTOR ( 'NONE', #2064, 1000.000000000000000 ) ;
#1758 = CARTESIAN_POINT ( 'NONE',  ( -149.9999999999999716, 15.00000000000000000, 104.1063937511954407 ) ) ;
#1759 = ORIENTED_EDGE ( 'NONE', *, *, #1489, .F. ) ;
#1760 = DIRECTION ( 'NONE',  ( 0.000000000000000000, 0.000000000000000000, 1.000000000000000000 ) ) ;
#1761 = VERTEX_POINT ( 'NONE', #1566 ) ;
#1762 = VECTOR ( 'NONE', #3926, 1000.000000000000000 ) ;
#1763 = DIRECTION ( 'NONE',  ( -1.000000000000000000, 0.000000000000000000, 0.000000000000000000 ) ) ;
#1764 = CARTESIAN_POINT ( 'NONE',  ( 38.00000000000014211, -6.699999999999997513, 64.84999999999993747 ) ) ;
#1765 = CIRCLE ( 'NONE', #2349, 5.000000000000004441 ) ;
#1766 = ORIENTED_EDGE ( 'NONE', *, *, #4360, .T. ) ;
#1767 = DIRECTION ( 'NONE',  ( -1.000000000000000000, 0.000000000000000000, -1.156482317317871232E-16 ) ) ;
#1768 = LINE ( 'NONE', #1363, #3492 ) ;
#1769 = AXIS2_PLACEMENT_3D ( 'NONE', #2113, #1430, #4499 ) ;
#1770 = EDGE_CURVE ( 'NONE', #1665, #1964, #1930, .T. ) ;
#1771 = VERTEX_POINT ( 'NONE', #2951 ) ;
#1772 = ORIENTED_EDGE ( 'NONE', *, *, #171, .T. ) ;
#1773 = CARTESIAN_POINT ( 'NONE',  ( 65.00000000000008527, 15.00000000000001066, 74.49999999999994316 ) ) ;
#1774 = EDGE_CURVE ( 'NONE', #3447, #1627, #272, .T. ) ;
#1775 = CARTESIAN_POINT ( 'NONE',  ( 127.9793426724012164, -12.99999999999999822, -29.00000000000004619 ) ) ;
#1776 = CARTESIAN_POINT ( 'NONE',  ( 63.98333483260245913, 15.12132686873350096, 101.4594558503201824 ) ) ;
#1777 = CARTESIAN_POINT ( 'NONE',  ( -141.5376287449263657, -4.987794507042194958, 97.23908682551436300 ) ) ;
#1778 = ORIENTED_EDGE ( 'NONE', *, *, #1517, .T. ) ;
#1779 = DIRECTION ( 'NONE',  ( 0.000000000000000000, 0.000000000000000000, -1.000000000000000000 ) ) ;
#1780 = VERTEX_POINT ( 'NONE', #2033 ) ;
#1781 = LINE ( 'NONE', #36, #2922 ) ;
#1782 = CARTESIAN_POINT ( 'NONE',  ( -65.08362544064181066, 15.17754434330661795, 104.4799242257662257 ) ) ;
#1783 = CARTESIAN_POINT ( 'NONE',  ( 182.7980543742564521, 10.20502388315636111, 113.7083601873996059 ) ) ;
#1784 = CARTESIAN_POINT ( 'NONE',  ( 223.2820117735137160, 6.734767356633883040, 109.9999999999999574 ) ) ;
#1785 = LINE ( 'NONE', #2740, #1035 ) ;
#1786 = ORIENTED_EDGE ( 'NONE', *, *, #1448, .T. ) ;
#1787 = ORIENTED_EDGE ( 'NONE', *, *, #747, .F. ) ;
#1788 = CYLINDRICAL_SURFACE ( 'NONE', #3615, 4.499999999999990230 ) ;
#1789 = LINE ( 'NONE', #769, #2058 ) ;
#1790 = ADVANCED_FACE ( 'NONE', ( #3071 ), #4244, .F. ) ;
#1791 = ORIENTED_EDGE ( 'NONE', *, *, #2802, .T. ) ;
#1792 = CARTESIAN_POINT ( 'NONE',  ( 223.2820117735137160, 10.00000000000000000, 104.1063937511953128 ) ) ;
#1793 = B_SPLINE_CURVE_WITH_KNOTS ( 'NONE', 3,
 ( #3547, #2202, #2572, #435, #1869, #3912, #79, #1478, #3252, #2934, #126, #3960, #842, #3612, #1890, #3276, #1548, #4326, #1203, #960 ),
 .UNSPECIFIED., .F., .F.,
 ( 4, 2, 2, 2, 2, 2, 2, 2, 2, 4 ),
 ( 0.000000000000000000, 0.0009773168906326136583, 0.001465975335948960928, 0.001954633781265308849, 0.002931950671898080150, 0.003909267562530851885, 0.004886584453163623186, 0.005863901343796394487, 0.006841218234429165788, 0.007818535125061937957 ),
 .UNSPECIFIED. ) ;
#1794 = AXIS2_PLACEMENT_3D ( 'NONE', #2522, #3956, #473 ) ;
#1795 = CARTESIAN_POINT ( 'NONE',  ( 175.0000000000000000, 15.00000000000000000, -59.99999999999972289 ) ) ;
#1796 = LINE ( 'NONE', #3055, #3280 ) ;
#1797 = VECTOR ( 'NONE', #961, 1000.000000000000114 ) ;
#1798 = CARTESIAN_POINT ( 'NONE',  ( 67.70324389966700096, 15.62299609063650330, 103.1859847800584760 ) ) ;
#1799 = DIRECTION ( 'NONE',  ( 1.000000000000000000, -0.000000000000000000, -0.000000000000000000 ) ) ;
#1800 = EDGE_CURVE ( 'NONE', #736, #4465, #1123, .T. ) ;
#1801 = ADVANCED_FACE ( 'NONE', ( #3539 ), #4267, .T. ) ;
#1802 = ORIENTED_EDGE ( 'NONE', *, *, #4029, .F. ) ;
#1803 = DIRECTION ( 'NONE',  ( -0.000000000000000000, -0.000000000000000000, -1.000000000000000000 ) ) ;
#1804 = ORIENTED_EDGE ( 'NONE', *, *, #1842, .T. ) ;
#1805 = DIRECTION ( 'NONE',  ( -0.000000000000000000, 1.000000000000000000, -0.000000000000000000 ) ) ;
#1806 = DIRECTION ( 'NONE',  ( 1.000000000000000000, 0.000000000000000000, -3.469446951953620105E-16 ) ) ;
#1807 = CYLINDRICAL_SURFACE ( 'NONE', #94, 16.00000000000000000 ) ;
#1808 = DIRECTION ( 'NONE',  ( -1.000000000000000000, 0.000000000000000000, 0.000000000000000000 ) ) ;
#1809 = CARTESIAN_POINT ( 'NONE',  ( 70.42025253286702480, 10.23621154864961191, 102.0032205638843550 ) ) ;
#1810 = CIRCLE ( 'NONE', #4204, 12.99999999999999822 ) ;
#1811 = ADVANCED_FACE ( 'NONE', ( #4289 ), #2559, .F. ) ;
#1812 = VERTEX_POINT ( 'NONE', #403 ) ;
#1813 = FACE_BOUND ( 'NONE', #3660, .T. ) ;
#1814 = CARTESIAN_POINT ( 'NONE',  ( 150.0000000000000000, 0.000000000000000000, -60.00000000000001421 ) ) ;
#1815 = ORIENTED_EDGE ( 'NONE', *, *, #765, .T. ) ;
#1816 = CARTESIAN_POINT ( 'NONE',  ( 55.00000000000007816, 0.000000000000000000, 84.49999999999995737 ) ) ;
#1817 = LINE ( 'NONE', #751, #2075 ) ;
#1818 = CARTESIAN_POINT ( 'NONE',  ( 178.7897082181435167, 14.52309866415388662, 104.8872153729352164 ) ) ;
#1819 = CARTESIAN_POINT ( 'NONE',  ( 59.90029149677149434, 11.57051962811440937, 101.7922215838275548 ) ) ;
#1820 = EDGE_CURVE ( 'NONE', #2727, #3295, #1145, .T. ) ;
#1821 = ORIENTED_EDGE ( 'NONE', *, *, #4483, .F. ) ;
#1822 = CARTESIAN_POINT ( 'NONE',  ( -64.99999999999991473, 15.00000000000000000, 99.99999999999995737 ) ) ;
#1823 = ORIENTED_EDGE ( 'NONE', *, *, #1320, .T. ) ;
#1824 = CARTESIAN_POINT ( 'NONE',  ( 190.0000000000000284, -15.00000000000000000, 104.7482393492988564 ) ) ;
#1825 = EDGE_CURVE ( 'NONE', #3208, #63, #1387, .T. ) ;
#1826 = CARTESIAN_POINT ( 'NONE',  ( -64.50519281577302877, 15.00594653564927228, 104.9840546875597056 ) ) ;
#1827 = CARTESIAN_POINT ( 'NONE',  ( -132.0000000000000000, -6.699999999999997513, 64.84999999999993747 ) ) ;
#1828 = AXIS2_PLACEMENT_3D ( 'NONE', #4434, #4018, #1286 ) ;
#1829 = DIRECTION ( 'NONE',  ( 0.000000000000000000, 0.000000000000000000, 1.000000000000000000 ) ) ;
#1830 = CARTESIAN_POINT ( 'NONE',  ( 175.0000000000000568, 15.00000000000000000, 104.1063937511953412 ) ) ;
#1831 = AXIS2_PLACEMENT_3D ( 'NONE', #62, #1714, #2760 ) ;
#1832 = CARTESIAN_POINT ( 'NONE',  ( -70.62457163531144033, 15.49655591483376682, 103.7119276511178185 ) ) ;
#1833 = CARTESIAN_POINT ( 'NONE',  ( 127.9793426724012164, -12.99999999999999645, -52.00000000000004263 ) ) ;
#1834 = LINE ( 'NONE', #135, #4004 ) ;
#1835 = DIRECTION ( 'NONE',  ( -1.000000000000000000, -0.000000000000000000, 3.469446951953620105E-16 ) ) ;
#1836 = AXIS2_PLACEMENT_3D ( 'NONE', #550, #1205, #2620 ) ;
#1837 = ORIENTED_EDGE ( 'NONE', *, *, #912, .F. ) ;
#1838 = CARTESIAN_POINT ( 'NONE',  ( 176.2715614212955586, 14.95808167738656103, 104.1789484716808971 ) ) ;
#1839 = CARTESIAN_POINT ( 'NONE',  ( 186.4023269703272945, 9.789938980712969752, 110.2936829824288480 ) ) ;
#1840 = DIRECTION ( 'NONE',  ( 1.000000000000000000, 0.000000000000000000, 0.000000000000000000 ) ) ;
#1841 = FACE_OUTER_BOUND ( 'NONE', #907, .T. ) ;
#1842 = EDGE_CURVE ( 'NONE', #1521, #996, #4515, .T. ) ;
#1843 = ORIENTED_EDGE ( 'NONE', *, *, #3428, .F. ) ;
#1844 = EDGE_CURVE ( 'NONE', #1812, #1420, #3630, .T. ) ;
#1845 = CARTESIAN_POINT ( 'NONE',  ( -184.9309187769576965, 4.261193035288005859, 119.3884361341482219 ) ) ;
#1846 = ORIENTED_EDGE ( 'NONE', *, *, #2118, .T. ) ;
#1847 = AXIS2_PLACEMENT_3D ( 'NONE', #1480, #2865, #2528 ) ;
#1848 = DIRECTION ( 'NONE',  ( 0.000000000000000000, 0.000000000000000000, 1.000000000000000000 ) ) ;
#1849 = CARTESIAN_POINT ( 'NONE',  ( -140.0000000000000000, -27.72792206135785165, 88.50000000000001421 ) ) ;
#1850 = CARTESIAN_POINT ( 'NONE',  ( 175.2430122803763197, 14.66024868704470485, 105.9180455320014715 ) ) ;
#1851 = DIRECTION ( 'NONE',  ( 0.000000000000000000, 1.000000000000000000, 0.000000000000000000 ) ) ;
#1852 = CARTESIAN_POINT ( 'NONE',  ( -185.7285458693942815, 10.72265902677469818, 113.0878479911282426 ) ) ;
#1853 = EDGE_CURVE ( 'NONE', #3897, #4498, #444, .T. ) ;
#1854 = AXIS2_PLACEMENT_3D ( 'NONE', #2471, #1405, #385 ) ;
#1855 = PRODUCT ( 'Walker_Seat', 'Walker_Seat', '', ( #2790 ) ) ;
#1856 = AXIS2_PLACEMENT_3D ( 'NONE', #1909, #2240, #3732 ) ;
#1857 = ORIENTED_EDGE ( 'NONE', *, *, #3096, .F. ) ;
#1858 = CARTESIAN_POINT ( 'NONE',  ( -65.83805161429316399, 14.70596380055921415, 105.8007131117243773 ) ) ;
#1859 = DIRECTION ( 'NONE',  ( 1.000000000000000000, 0.000000000000000000, -2.312964634635741083E-15 ) ) ;
#1860 = CARTESIAN_POINT ( 'NONE',  ( -64.11797841410812282, 10.00000000000000533, 104.1063937511953981 ) ) ;
#1861 = CARTESIAN_POINT ( 'NONE',  ( 140.0000000000001705, -27.72792206135785165, 88.49999999999980105 ) ) ;
#1862 = CARTESIAN_POINT ( 'NONE',  ( 136.8229795436507459, -0.3066408891797381964, 89.80907927286368420 ) ) ;
#1863 = CARTESIAN_POINT ( 'NONE',  ( 183.2988528540306277, 12.62357276736485368, 110.2188323258455256 ) ) ;
#1864 = DIRECTION ( 'NONE',  ( -1.000000000000000000, 0.000000000000000000, 0.000000000000000000 ) ) ;
#1865 = CARTESIAN_POINT ( 'NONE',  ( -136.1880426762482443, -3.078971059638392127, 95.40553346864756179 ) ) ;
#1866 = CARTESIAN_POINT ( 'NONE',  ( 59.83493394463940263, 11.37892207764932273, 101.8181352054670299 ) ) ;
#1867 = EDGE_LOOP ( 'NONE', ( #3735, #632, #707, #4284, #1927, #3501 ) ) ;
#1868 = LINE ( 'NONE', #125, #742 ) ;
#1869 = CARTESIAN_POINT ( 'NONE',  ( -186.2933038271658006, -14.99999999999999822, 124.8323599400162180 ) ) ;
#1870 = CARTESIAN_POINT ( 'NONE',  ( 58.76210414788451430, 15.47483332018549795, 103.8226279648396968 ) ) ;
#1871 = CARTESIAN_POINT ( 'NONE',  ( 185.6827793825983122, -12.97577761093166870, 125.0000000000000000 ) ) ;
#1872 = CARTESIAN_POINT ( 'NONE',  ( 57.68979137206477503, 7.810303232886281144, 104.2210451564241964 ) ) ;
#1873 = CARTESIAN_POINT ( 'NONE',  ( 143.3137084989849086, -6.699999999999997513, 64.84999999999993747 ) ) ;
#1874 = CARTESIAN_POINT ( 'NONE',  ( -183.9345632451480128, 12.19852383924159867, 110.9274626144362230 ) ) ;
#1875 = ORIENTED_EDGE ( 'NONE', *, *, #4138, .T. ) ;
#1876 = CARTESIAN_POINT ( 'NONE',  ( -67.79467771751259875, 15.61951583053724057, 103.1998364375089494 ) ) ;
#1877 = CARTESIAN_POINT ( 'NONE',  ( -185.4680140227276297, -12.02303824886449668, 125.0000000000000000 ) ) ;
#1878 = DIRECTION ( 'NONE',  ( -2.413446045598040572E-31, -1.000000000000000000, 4.956352788505164254E-16 ) ) ;
#1879 = CIRCLE ( 'NONE', #2456, 4.000000000000003553 ) ;
#1880 = LINE ( 'NONE', #3881, #3484 ) ;
#1881 = CARTESIAN_POINT ( 'NONE',  ( -64.99999999999992895, 15.00000000000000711, 74.49999999999995737 ) ) ;
#1882 = CARTESIAN_POINT ( 'NONE',  ( 135.4942755513955603, -1.369263271553806893, 92.81626439741930312 ) ) ;
#1883 = CARTESIAN_POINT ( 'NONE',  ( 179.8746299971142832, 13.16589802035608336, 109.1911888803483492 ) ) ;
#1884 = EDGE_CURVE ( 'NONE', #3371, #2686, #1421, .T. ) ;
#1885 = LINE ( 'NONE', #3269, #2348 ) ;
#1886 = CARTESIAN_POINT ( 'NONE',  ( 132.0000000000001705, -9.999999999999998224, 81.84999999999963904 ) ) ;
#1887 = CARTESIAN_POINT ( 'NONE',  ( 61.48459129820331981, 13.91521191453882800, 101.5486950746055754 ) ) ;
#1888 = ORIENTED_EDGE ( 'NONE', *, *, #1381, .F. ) ;
#1889 = DIRECTION ( 'NONE',  ( -2.775557561562888984E-15, 0.000000000000000000, -1.000000000000000000 ) ) ;
#1890 = CARTESIAN_POINT ( 'NONE',  ( -189.4938945629091620, -15.00000000000000000, 122.2110797475423709 ) ) ;
#1891 = CARTESIAN_POINT ( 'NONE',  ( -57.99891460668131060, -14.95032790507428189, 104.0137441613825899 ) ) ;
#1892 = CARTESIAN_POINT ( 'NONE',  ( -63.92305862560785101, 14.45834661426218304, 106.4374134809446417 ) ) ;
#1893 = CARTESIAN_POINT ( 'NONE',  ( -59.99999999999992184, 10.00000000000000888, 84.49999999999995737 ) ) ;
#1894 = CARTESIAN_POINT ( 'NONE',  ( 73.39999999999999147, -12.99999999999999645, -52.00000000000004263 ) ) ;
#1895 = EDGE_LOOP ( 'NONE', ( #238, #365, #2468, #1941 ) ) ;
#1896 = CARTESIAN_POINT ( 'NONE',  ( -180.3894305292163551, 12.79429419559364689, 109.8704215540771685 ) ) ;
#1897 = CARTESIAN_POINT ( 'NONE',  ( -66.65828790427751471, 15.65572045178663352, 103.0559992622855532 ) ) ;
#1898 = CARTESIAN_POINT ( 'NONE',  ( -67.15308617917290235, 15.00000000000000178, 103.6641262258844591 ) ) ;
#1899 = VECTOR ( 'NONE', #2357, 1000.000000000000000 ) ;
#1900 = CIRCLE ( 'NONE', #2188, 11.49999999999999645 ) ;
#1901 = B_SPLINE_CURVE_WITH_KNOTS ( 'NONE', 3,
 ( #2067, #4278, #2524, #2860, #2545, #2571, #2881, #2243, #864, #2156, #820, #3935, #1154, #494, #475, #3611, #4253, #1916, #3274, #2220, #3570, #2179, #2200, #1845, #3590, #3251 ),
 .UNSPECIFIED., .F., .F.,
 ( 4, 2, 2, 2, 2, 2, 2, 2, 2, 2, 2, 2, 4 ),
 ( 0.000000000000000000, 0.0007165214447297725596, 0.001433042889459545119, 0.002866085778919150086, 0.004299128668378755271, 0.005732171557838360021, 0.007165214447297965639, 0.008598257336757569522, 0.01146434311567670790, 0.01433042889459584454, 0.01719651467351497945, 0.02006260045243411783, 0.02292868623135325273 ),
 .UNSPECIFIED. ) ;
#1902 = DIRECTION ( 'NONE',  ( 1.156482317317871232E-16, 0.000000000000000000, -1.000000000000000000 ) ) ;
#1903 = DIRECTION ( 'NONE',  ( -1.000000000000000000, 0.000000000000000000, 0.000000000000000000 ) ) ;
#1904 = CARTESIAN_POINT ( 'NONE',  ( 55.00000000000007105, 10.00000000000000888, 79.49999999999995737 ) ) ;
#1905 = CARTESIAN_POINT ( 'NONE',  ( 178.7070920055058991, 13.81265204445939432, 107.8912360544372575 ) ) ;
#1906 = EDGE_CURVE ( 'NONE', #311, #2413, #3517, .T. ) ;
#1907 = CARTESIAN_POINT ( 'NONE',  ( 180.7141963353788583, 13.87757315243614187, 105.8395926135803649 ) ) ;
#1908 = EDGE_LOOP ( 'NONE', ( #3516, #2879, #1324, #3999 ) ) ;
#1909 = CARTESIAN_POINT ( 'NONE',  ( -140.0000000000000000, 15.00000000000000000, 93.00000000000000000 ) ) ;
#1910 = AXIS2_PLACEMENT_3D ( 'NONE', #203, #1994, #549 ) ;
#1911 = EDGE_CURVE ( 'NONE', #309, #4519, #2813, .T. ) ;
#1912 = CARTESIAN_POINT ( 'NONE',  ( 0.000000000000000000, -9.000000000000000000, 0.000000000000000000 ) ) ;
#1913 = EDGE_CURVE ( 'NONE', #1627, #517, #1444, .T. ) ;
#1914 = AXIS2_PLACEMENT_3D ( 'NONE', #4363, #4316, #3950 ) ;
#1915 = ORIENTED_EDGE ( 'NONE', *, *, #3776, .F. ) ;
#1916 = CARTESIAN_POINT ( 'NONE',  ( -182.7910540793105270, 10.21518331349769504, 113.6953932530313693 ) ) ;
#1917 = CARTESIAN_POINT ( 'NONE',  ( 140.0000000000001705, 15.00000000000000000, 92.99999999999978684 ) ) ;
#1918 = FACE_OUTER_BOUND ( 'NONE', #281, .T. ) ;
#1919 = CARTESIAN_POINT ( 'NONE',  ( 60.00000000000007105, 137.6794603835540158, 79.49999999999995737 ) ) ;
#1920 = CARTESIAN_POINT ( 'NONE',  ( -184.9999999999999716, -15.00000000000000000, 125.0000000000000000 ) ) ;
#1921 = CIRCLE ( 'NONE', #1475, 11.49999999999999645 ) ;
#1922 = CARTESIAN_POINT ( 'NONE',  ( 189.8727842737011713, -14.99999999999999822, 121.1253018559184227 ) ) ;
#1923 = VERTEX_POINT ( 'NONE', #112 ) ;
#1924 = CARTESIAN_POINT ( 'NONE',  ( -181.8109002699654866, 11.47507399829682129, 111.9859113875250927 ) ) ;
#1925 = CIRCLE ( 'NONE', #4476, 11.49999999999999645 ) ;
#1926 = ORIENTED_EDGE ( 'NONE', *, *, #4410, .F. ) ;
#1927 = ORIENTED_EDGE ( 'NONE', *, *, #1386, .T. ) ;
#1928 = ORIENTED_EDGE ( 'NONE', *, *, #3903, .T. ) ;
#1929 = CARTESIAN_POINT ( 'NONE',  ( -185.0839851457078566, -15.00000000000001066, 125.0000000000000000 ) ) ;
#1930 = CIRCLE ( 'NONE', #4486, 4.999999999999997335 ) ;
#1931 = LINE ( 'NONE', #903, #389 ) ;
#1932 = LINE ( 'NONE', #4045, #2163 ) ;
#1933 = CARTESIAN_POINT ( 'NONE',  ( 120.0000000000001137, -15.00000000000000000, 76.84999999999966747 ) ) ;
#1934 = ORIENTED_EDGE ( 'NONE', *, *, #4470, .F. ) ;
#1935 = CARTESIAN_POINT ( 'NONE',  ( 179.1031042093124483, 14.43848114684139361, 105.0184729875164038 ) ) ;
#1936 = CARTESIAN_POINT ( 'NONE',  ( -61.18689832425769026, 13.63632356304782611, 101.5717534778143261 ) ) ;
#1937 = ADVANCED_FACE ( 'NONE', ( #4202 ), #1511, .T. ) ;
#1938 = ORIENTED_EDGE ( 'NONE', *, *, #2171, .F. ) ;
#1939 = CARTESIAN_POINT ( 'NONE',  ( 144.5071833331713833, -1.522373703916699572, 93.11272415957554927 ) ) ;
#1940 = CARTESIAN_POINT ( 'NONE',  ( 73.39999999999999147, -2.773339119917619628E-29, -24.50000000000004974 ) ) ;
#1941 = ORIENTED_EDGE ( 'NONE', *, *, #1088, .T. ) ;
#1942 = CARTESIAN_POINT ( 'NONE',  ( -140.0000000000000000, 0.000000000000000000, -56.99999999999999289 ) ) ;
#1943 = EDGE_CURVE ( 'NONE', #3569, #686, #831, .T. ) ;
#1944 = ORIENTED_EDGE ( 'NONE', *, *, #2416, .F. ) ;
#1945 = DIRECTION ( 'NONE',  ( 0.000000000000000000, 0.000000000000000000, -1.000000000000000000 ) ) ;
#1946 = EDGE_CURVE ( 'NONE', #3678, #359, #4285, .T. ) ;
#1947 = CARTESIAN_POINT ( 'NONE',  ( -59.87157850143294979, -13.48153935403611037, 101.1453912672045305 ) ) ;
#1948 = DIRECTION ( 'NONE',  ( 0.000000000000000000, 0.000000000000000000, 1.000000000000000000 ) ) ;
#1949 = CARTESIAN_POINT ( 'NONE',  ( -86.59999999999999432, -1.214306433183767806E-14, -24.50000000000004974 ) ) ;
#1950 = CARTESIAN_POINT ( 'NONE',  ( 127.9793426724012164, -13.99999999999999822, -56.50000000000004263 ) ) ;
#1951 = ORIENTED_EDGE ( 'NONE', *, *, #4170, .F. ) ;
#1952 = CARTESIAN_POINT ( 'NONE',  ( -43.99999999999999289, -9.000000000000000000, 54.59999999999993747 ) ) ;
#1953 = CARTESIAN_POINT ( 'NONE',  ( -65.38558355237805131, 15.67591006346330040, 102.9758170036069629 ) ) ;
#1954 = CARTESIAN_POINT ( 'NONE',  ( -185.3388173625433240, -14.78856657424933907, 125.0000000000000000 ) ) ;
#1955 =( LENGTH_UNIT ( ) NAMED_UNIT ( * ) SI_UNIT ( .MILLI., .METRE. ) );
#1956 =( BOUNDED_CURVE ( )  B_SPLINE_CURVE ( 3, ( #3712, #3662, #2693, #1644 ),
 .UNSPECIFIED., .F., .T. ) 
 B_SPLINE_CURVE_WITH_KNOTS ( ( 4, 4 ),
 ( 4.712388980384689674, 6.283185307179586232 ),
 .UNSPECIFIED. ) 
 CURVE ( )  GEOMETRIC_REPRESENTATION_ITEM ( )  RATIONAL_B_SPLINE_CURVE ( ( 1.000000000000000000, 0.8047378541243649375, 0.8047378541243649375, 1.000000000000000000 ) ) 
 REPRESENTATION_ITEM ( '' )  );
#1957 = EDGE_CURVE ( 'NONE', #4335, #779, #1880, .T. ) ;
#1958 = DIRECTION ( 'NONE',  ( 1.000000000000000000, 0.000000000000000000, -3.469446951953620105E-16 ) ) ;
#1959 = DIRECTION ( 'NONE',  ( -0.000000000000000000, 1.000000000000000000, -0.000000000000000000 ) ) ;
#1960 = CARTESIAN_POINT ( 'NONE',  ( 137.0568398456905470, -0.2605769873133835790, 89.59217923402427175 ) ) ;
#1961 = ORIENTED_EDGE ( 'NONE', *, *, #3461, .T. ) ;
#1962 = CARTESIAN_POINT ( 'NONE',  ( 65.17162351383578311, 15.15746810340423956, 104.5403636573361439 ) ) ;
#1963 = CARTESIAN_POINT ( 'NONE',  ( -61.49070550570110072, 13.92031441737283437, 101.5482823171926441 ) ) ;
#1964 = VERTEX_POINT ( 'NONE', #2919 ) ;
#1965 = CARTESIAN_POINT ( 'NONE',  ( 143.5095195392466394, -3.453486076863790721, 95.82858312773987564 ) ) ;
#1966 = VECTOR ( 'NONE', #2529, 1000.000000000000000 ) ;
#1967 = CARTESIAN_POINT ( 'NONE',  ( -59.78235906513256737, 10.97817235177352302, 79.71764093486196145 ) ) ;
#1968 = ORIENTED_EDGE ( 'NONE', *, *, #854, .T. ) ;
#1969 = ADVANCED_FACE ( 'NONE', ( #136 ), #3265, .F. ) ;
#1970 = ORIENTED_EDGE ( 'NONE', *, *, #3602, .T. ) ;
#1971 = CARTESIAN_POINT ( 'NONE',  ( 64.38839691693775080, 14.91558610546490904, 105.2371329742403816 ) ) ;
#1972 = DIRECTION ( 'NONE',  ( 0.000000000000000000, 0.000000000000000000, -1.000000000000000000 ) ) ;
#1973 = CARTESIAN_POINT ( 'NONE',  ( 38.00000000000014211, -9.000000000000000000, 68.12261363439064610 ) ) ;
#1974 = FACE_OUTER_BOUND ( 'NONE', #1452, .T. ) ;
#1975 = ADVANCED_FACE ( 'NONE', ( #1523 ), #4302, .F. ) ;
#1976 = CARTESIAN_POINT ( 'NONE',  ( 60.00000000000006395, 0.000000000000000000, 84.49999999999994316 ) ) ;
#1977 = ORIENTED_EDGE ( 'NONE', *, *, #3808, .F. ) ;
#1978 = AXIS2_PLACEMENT_3D ( 'NONE', #2149, #3200, #3859 ) ;
#1979 = CARTESIAN_POINT ( 'NONE',  ( 86.60000000000000853, -12.99999999999999822, -40.50000000000004263 ) ) ;
#1980 = CARTESIAN_POINT ( 'NONE',  ( -64.90054269628443251, 15.67703503652785280, 102.9713458576150629 ) ) ;
#1981 = CARTESIAN_POINT ( 'NONE',  ( 55.00000000000007105, -15.00000000000000000, 104.9999999999999716 ) ) ;
#1982 = CARTESIAN_POINT ( 'NONE',  ( -73.39999999999999147, -30.00000000000000000, -12.00000000000005507 ) ) ;
#1983 = CARTESIAN_POINT ( 'NONE',  ( -86.59999999999999432, -14.00000000000001243, -40.50000000000004263 ) ) ;
#1984 = CARTESIAN_POINT ( 'NONE',  ( 56.22909743230430735, 6.951823661284824318, 104.8528606395895082 ) ) ;
#1985 = CARTESIAN_POINT ( 'NONE',  ( 86.59999999999999432, 0.000000000000000000, -24.50000000000004974 ) ) ;
#1986 = VECTOR ( 'NONE', #2308, 1000.000000000000000 ) ;
#1987 = ORIENTED_EDGE ( 'NONE', *, *, #1906, .T. ) ;
#1988 = CARTESIAN_POINT ( 'NONE',  ( 142.9545645045794231, -0.2592996295027895637, 89.59084404565001591 ) ) ;
#1989 = CARTESIAN_POINT ( 'NONE',  ( -61.23306594129550717, 13.30413375316107505, 82.03386811740877249 ) ) ;
#1990 = CIRCLE ( 'NONE', #3360, 4.499999999999990230 ) ;
#1991 = ORIENTED_EDGE ( 'NONE', *, *, #3715, .F. ) ;
#1992 = DIRECTION ( 'NONE',  ( 0.000000000000000000, 0.000000000000000000, -1.000000000000000000 ) ) ;
#1993 = VERTEX_POINT ( 'NONE', #57 ) ;
#1994 = DIRECTION ( 'NONE',  ( 3.469446951953619612E-16, -0.000000000000000000, 1.000000000000000000 ) ) ;
#1995 = CARTESIAN_POINT ( 'NONE',  ( -59.99999999999990052, -11.87495311484538085, 100.1017368681828685 ) ) ;
#1996 = DIRECTION ( 'NONE',  ( -4.236933626269466266E-16, -0.8467131018964315636, 0.5320497374089411258 ) ) ;
#1997 = EDGE_CURVE ( 'NONE', #1439, #3371, #3233, .T. ) ;
#1998 = EDGE_CURVE ( 'NONE', #1297, #3208, #4017, .T. ) ;
#1999 = DIRECTION ( 'NONE',  ( -0.000000000000000000, 1.000000000000000000, -0.000000000000000000 ) ) ;
#2000 = ORIENTED_EDGE ( 'NONE', *, *, #3589, .F. ) ;
#2001 = CARTESIAN_POINT ( 'NONE',  ( -189.7817826053975807, 2.597458390119804506, 115.0276721861548310 ) ) ;
#2002 = AXIS2_PLACEMENT_3D ( 'NONE', #1912, #595, #1294 ) ;
#2003 = CARTESIAN_POINT ( 'NONE',  ( -64.54195061121444610, 15.67541842317979039, 102.9777708403292706 ) ) ;
#2004 = FILL_AREA_STYLE ('',( #1606 ) ) ;
#2005 = CARTESIAN_POINT ( 'NONE',  ( 120.0000000000000995, -9.999999999999998224, 52.84999999999966747 ) ) ;
#2006 = CARTESIAN_POINT ( 'NONE',  ( -175.0000000000000000, 15.00000000000000000, 104.1063937511954265 ) ) ;
#2007 = ADVANCED_FACE ( 'NONE', ( #477 ), #3347, .T. ) ;
#2008 = CARTESIAN_POINT ( 'NONE',  ( 60.13293387093696651, 11.91505539711039674, 111.3047350149975898 ) ) ;
#2009 = CARTESIAN_POINT ( 'NONE',  ( 59.14213562373101496, 15.00000000000000711, 77.42893218813448186 ) ) ;
#2010 = CARTESIAN_POINT ( 'NONE',  ( -120.0000000000000284, -6.699999999999997513, 64.84999999999993747 ) ) ;
#2011 = ORIENTED_EDGE ( 'NONE', *, *, #2543, .F. ) ;
#2012 = CARTESIAN_POINT ( 'NONE',  ( 73.39999999999999147, -12.99999999999999822, -29.00000000000004619 ) ) ;
#2013 = CARTESIAN_POINT ( 'NONE',  ( 44.00000000000013500, -9.000000000000000000, 68.12261363439064610 ) ) ;
#2014 = ORIENTED_EDGE ( 'NONE', *, *, #4217, .T. ) ;
#2015 = EDGE_LOOP ( 'NONE', ( #2989, #2442, #887, #4279 ) ) ;
#2016 = CARTESIAN_POINT ( 'NONE',  ( 64.22145673326896542, 14.76557262934510995, 105.6441217129277419 ) ) ;
#2017 = ORIENTED_EDGE ( 'NONE', *, *, #695, .F. ) ;
#2018 = CARTESIAN_POINT ( 'NONE',  ( 65.88202158589186297, 14.66024868704470308, 105.9180455320015284 ) ) ;
#2019 = CARTESIAN_POINT ( 'NONE',  ( 187.6053287544332306, 8.505710422139411975, 115.6896430430131630 ) ) ;
#2020 = CARTESIAN_POINT ( 'NONE',  ( -140.0000000000000000, 15.00000000000000000, -56.99999999999999289 ) ) ;
#2021 = CARTESIAN_POINT ( 'NONE',  ( -59.99999999999992184, 137.6794603835540158, 79.49999999999995737 ) ) ;
#2022 = VERTEX_POINT ( 'NONE', #760 ) ;
#2023 = DIRECTION ( 'NONE',  ( 1.000000000000000000, 0.000000000000000000, 2.434699615406044725E-16 ) ) ;
#2024 = ORIENTED_EDGE ( 'NONE', *, *, #58, .F. ) ;
#2025 = CARTESIAN_POINT ( 'NONE',  ( -60.50234004752041983, 12.78887467157870361, 101.6508971002142800 ) ) ;
#2026 = CARTESIAN_POINT ( 'NONE',  ( -56.07524514784858383, 15.33252649949225699, 105.5675018969965748 ) ) ;
#2027 = CARTESIAN_POINT ( 'NONE',  ( -43.99999999999998579, -9.000000000000000000, 75.09999999999993747 ) ) ;
#2028 = B_SPLINE_CURVE_WITH_KNOTS ( 'NONE', 3,
 ( #1498, #4325, #3633, #2591, #1225, #518, #176, #1570, #2955, #797, #4350, #3888, #780, #3545 ),
 .UNSPECIFIED., .F., .F.,
 ( 4, 2, 2, 2, 2, 2, 4 ),
 ( 0.000000000000000000, 0.001675601814297292659, 0.003351203628594585319, 0.004189004535743231540, 0.005026805442891878195, 0.005864606350040523983, 0.006702407257189170638 ),
 .UNSPECIFIED. ) ;
#2029 = CARTESIAN_POINT ( 'NONE',  ( 55.00000000000007816, 16.70478223830680520, 104.9999999999999432 ) ) ;
#2030 = CARTESIAN_POINT ( 'NONE',  ( 64.50080857875434504, 15.00284245417618401, 104.9928759101141651 ) ) ;
#2031 = CARTESIAN_POINT ( 'NONE',  ( 55.00000000000007816, 137.6794603835540158, 84.49999999999995737 ) ) ;
#2032 = ORIENTED_EDGE ( 'NONE', *, *, #3776, .T. ) ;
#2033 = CARTESIAN_POINT ( 'NONE',  ( 190.0000000000000284, -13.30124343522352959, 120.0481348471645902 ) ) ;
#2034 = CARTESIAN_POINT ( 'NONE',  ( 11.85660395791399857, 8.613941018766775315, -22.15013404825740295 ) ) ;
#2035 = VERTEX_POINT ( 'NONE', #455 ) ;
#2036 = AXIS2_PLACEMENT_3D ( 'NONE', #3700, #244, #1633 ) ;
#2037 = AXIS2_PLACEMENT_3D ( 'NONE', #4283, #2911, #1186 ) ;
#2038 = CARTESIAN_POINT ( 'NONE',  ( 59.76090369354031395, 11.12999794006113241, 101.8539690533933850 ) ) ;
#2039 = ORIENTED_EDGE ( 'NONE', *, *, #2986, .F. ) ;
#2040 = CARTESIAN_POINT ( 'NONE',  ( 65.88202158589186297, 14.66024868704470308, 105.9180455320015284 ) ) ;
#2041 = DIRECTION ( 'NONE',  ( -3.469446951953619612E-16, 0.000000000000000000, -1.000000000000000000 ) ) ;
#2042 = ORIENTED_EDGE ( 'NONE', *, *, #3752, .F. ) ;
#2043 = DIRECTION ( 'NONE',  ( -1.000000000000000000, 0.000000000000000000, -3.384826294588891447E-16 ) ) ;
#2044 = DIRECTION ( 'NONE',  ( -0.000000000000000000, 1.000000000000000000, -0.000000000000000000 ) ) ;
#2045 = ORIENTED_EDGE ( 'NONE', *, *, #854, .F. ) ;
#2046 = CARTESIAN_POINT ( 'NONE',  ( -59.99999999999992184, 137.6794603835540158, 104.9999999999999858 ) ) ;
#2047 = ORIENTED_EDGE ( 'NONE', *, *, #2763, .T. ) ;
#2048 = CARTESIAN_POINT ( 'NONE',  ( -62.67829419156589665, 14.69484580550633090, 101.4891042377863215 ) ) ;
#2049 = FACE_OUTER_BOUND ( 'NONE', #690, .T. ) ;
#2050 = CARTESIAN_POINT ( 'NONE',  ( 56.97783902388454891, 10.90640374078859409, 112.7682320641956437 ) ) ;
#2051 = CARTESIAN_POINT ( 'NONE',  ( 65.88202158589186297, 14.66024868704470308, 105.9180455320015284 ) ) ;
#2052 = DIRECTION ( 'NONE',  ( -1.000000000000000000, -0.000000000000000000, -8.163404592832033966E-16 ) ) ;
#2053 = EDGE_CURVE ( 'NONE', #781, #3371, #1500, .T. ) ;
#2054 = ORIENTED_EDGE ( 'NONE', *, *, #322, .T. ) ;
#2055 = ORIENTED_EDGE ( 'NONE', *, *, #580, .T. ) ;
#2056 = CARTESIAN_POINT ( 'NONE',  ( 141.5797533164291053, -0.1209356539624822230, 88.77422404691620272 ) ) ;
#2057 = CARTESIAN_POINT ( 'NONE',  ( 86.60000000000000853, -12.99999999999999822, -29.00000000000004619 ) ) ;
#2058 = VECTOR ( 'NONE', #2514, 1000.000000000000000 ) ;
#2059 = ADVANCED_FACE ( 'NONE', ( #412 ), #495, .F. ) ;
#2060 = ORIENTED_EDGE ( 'NONE', *, *, #2945, .T. ) ;
#2061 = CARTESIAN_POINT ( 'NONE',  ( 66.72719981132593148, 15.65387784697939999, 103.0633125668524457 ) ) ;
#2062 = VECTOR ( 'NONE', #264, 1000.000000000000000 ) ;
#2063 = DIRECTION ( 'NONE',  ( -0.000000000000000000, 1.000000000000000000, -0.000000000000000000 ) ) ;
#2064 = DIRECTION ( 'NONE',  ( -1.000000000000000000, -0.000000000000000000, -1.156482317317871232E-16 ) ) ;
#2065 = LINE ( 'NONE', #4085, #1119 ) ;
#2066 = EDGE_LOOP ( 'NONE', ( #3453, #2060 ) ) ;
#2067 = CARTESIAN_POINT ( 'NONE',  ( -175.0000000000000000, 14.66024868704470485, 105.9180455320016137 ) ) ;
#2068 = ORIENTED_EDGE ( 'NONE', *, *, #1800, .F. ) ;
#2069 = CARTESIAN_POINT ( 'NONE',  ( 120.0000000000001137, -6.699999999999996625, 60.84999999999993037 ) ) ;
#2070 = CARTESIAN_POINT ( 'NONE',  ( 55.31981034691079913, 15.56621880576192396, 105.6348940491071033 ) ) ;
#2071 = CARTESIAN_POINT ( 'NONE',  ( -140.0000000000000000, -27.72792206135785165, 93.00000000000000000 ) ) ;
#2072 = CARTESIAN_POINT ( 'NONE',  ( -189.7927535633995433, 2.533330042154003703, 115.0596831745758664 ) ) ;
#2073 = EDGE_LOOP ( 'NONE', ( #200, #3718, #3794, #4100 ) ) ;
#2074 = CARTESIAN_POINT ( 'NONE',  ( 62.40717431545557048, 14.84008324348384811, 75.79641284227216147 ) ) ;
#2075 = VECTOR ( 'NONE', #2450, 1000.000000000000000 ) ;
#2076 = VECTOR ( 'NONE', #1017, 1000.000000000000000 ) ;
#2077 = CARTESIAN_POINT ( 'NONE',  ( 65.80403407044924791, 15.15858863417748026, 101.4569568553541927 ) ) ;
#2078 = CARTESIAN_POINT ( 'NONE',  ( -144.1734966328514531, -2.523971372983850880, 94.70347974325635221 ) ) ;
#2079 = CARTESIAN_POINT ( 'NONE',  ( 140.0000000000001705, -0.08682842985501861011, 88.49999999999980105 ) ) ;
#2080 = ORIENTED_EDGE ( 'NONE', *, *, #1481, .F. ) ;
#2081 = LINE ( 'NONE', #1727, #2267 ) ;
#2082 = ORIENTED_EDGE ( 'NONE', *, *, #2771, .T. ) ;
#2083 = EDGE_CURVE ( 'NONE', #3897, #3027, #4303, .T. ) ;
#2084 = CARTESIAN_POINT ( 'NONE',  ( -64.17047104414906755, 14.71462167908432583, 105.7781777784697255 ) ) ;
#2085 = EDGE_LOOP ( 'NONE', ( #2190, #4193, #1821, #2229 ) ) ;
#2086 = PLANE ( 'NONE',  #2816 ) ;
#2087 = CARTESIAN_POINT ( 'NONE',  ( -178.0042997689742776, 14.69841869856554339, 104.6080004930464753 ) ) ;
#2088 = EDGE_CURVE ( 'NONE', #542, #697, #2714, .T. ) ;
#2089 = VERTEX_POINT ( 'NONE', #3592 ) ;
#2090 = CARTESIAN_POINT ( 'NONE',  ( 56.01167039530817959, 12.21575603140087019, 78.99416480234570770 ) ) ;
#2091 =( BOUNDED_SURFACE ( )  B_SPLINE_SURFACE ( 3, 2, ( 
 ( #775, #2799, #3176 ),
 ( #4186, #4205, #2129 ),
 ( #2152, #3519, #1126 ),
 ( #48, #2832, #4224 ),
 ( #3883, #2853, #426 ),
 ( #4248, #2019, #3398 ),
 ( #282, #1672, #2720 ),
 ( #990, #2379, #3768 ),
 ( #1539, #2538, #3902 ),
 ( #2611, #3606, #2518 ),
 ( #489, #792, #2238 ),
 ( #4292, #1217, #813 ),
 ( #3997, #1863, #3652 ),
 ( #2948, #4343, #3246 ),
 ( #115, #858, #1883 ),
 ( #4271, #3268, #1171 ),
 ( #880, #3583, #1905 ),
 ( #2564, #2261, #539 ),
 ( #1935, #1515, #95 ),
 ( #3953, #1493, #834 ),
 ( #3318, #2213, #195 ),
 ( #1589, #3293, #140 ),
 ( #3925, #2975, #2925 ),
 ( #1838, #4366, #469 ),
 ( #4319, #2195, #2172 ),
 ( #3559, #1197, #447 ) ),
 .UNSPECIFIED., .F., .F., .T. ) 
 B_SPLINE_SURFACE_WITH_KNOTS ( ( 4, 2, 2, 2, 2, 2, 2, 2, 2, 2, 2, 2, 4 ),
 ( 3, 3 ),
 ( -5.204170427930421283E-18, 0.002493130614795652841, 0.004986261229591310885, 0.006232826536989139257, 0.007479391844386968496, 0.009972522459182626975, 0.01246565307397828545, 0.01495878368877394220, 0.01620534899617177144, 0.01745191430356959894, 0.01807519695726851269, 0.01869847961096742645, 0.01994504491836525742 ),
 ( 0.000000000000000000, 1.000000000000000000 ),
 .UNSPECIFIED. ) 
 GEOMETRIC_REPRESENTATION_ITEM ( )  RATIONAL_B_SPLINE_SURFACE ( (
 ( 1.000000000000000000, 0.7071067811865474617, 1.000000000000000000),
 ( 1.000000000000000000, 0.7205933826855721591, 1.000000000000000000),
 ( 1.000000000000000000, 0.7351386442574097124, 1.000000000000000000),
 ( 1.000000000000000000, 0.7651498541197554459, 1.000000000000000000),
 ( 1.000000000000000000, 0.7806142146763942469, 1.000000000000000000),
 ( 1.000000000000000000, 0.8038446735306880031, 1.000000000000000000),
 ( 1.000000000000000000, 0.8115250536016052063, 1.000000000000000000),
 ( 1.000000000000000000, 0.8266010555836496021, 1.000000000000000000),
 ( 1.000000000000000000, 0.8340121278766977619, 1.000000000000000000),
 ( 1.000000000000000000, 0.8557913002985914064, 1.000000000000000000),
 ( 1.000000000000000000, 0.8697033001156393439, 1.000000000000000000),
 ( 1.000000000000000000, 0.8960135389348093948, 1.000000000000000000),
 ( 1.000000000000000000, 0.9084636218283743681, 1.000000000000000000),
 ( 1.000000000000000000, 0.9310891627607111865, 1.000000000000000000),
 ( 1.000000000000000000, 0.9413385652131303072, 1.000000000000000000),
 ( 1.000000000000000000, 0.9549106314501546455, 1.000000000000000000),
 ( 1.000000000000000000, 0.9591494168606531368, 1.000000000000000000),
 ( 1.000000000000000000, 0.9668081827162964270, 1.000000000000000000),
 ( 1.000000000000000000, 0.9702402311605323737, 1.000000000000000000),
 ( 1.000000000000000000, 0.9746576042024440722, 1.000000000000000000),
 ( 1.000000000000000000, 0.9760031776370281520, 1.000000000000000000),
 ( 1.000000000000000000, 0.9783650577916649382, 1.000000000000000000),
 ( 1.000000000000000000, 0.9793879883487559557, 1.000000000000000000),
 ( 1.000000000000000000, 0.9819180495699930677, 1.000000000000000000),
 ( 1.000000000000000000, 0.9828798473634958732, 1.000000000000000000),
 ( 1.000000000000000000, 0.9828656412269535236, 1.000000000000000000) ) ) 
 REPRESENTATION_ITEM ( '' )  SURFACE ( )  );
#2092 = CARTESIAN_POINT ( 'NONE',  ( 64.68592499175385058, 15.10740449875025426, 104.6891795308177677 ) ) ;
#2093 = CARTESIAN_POINT ( 'NONE',  ( -140.7986746506346378, -5.241694438706415937, 97.43128410226299252 ) ) ;
#2094 = CARTESIAN_POINT ( 'NONE',  ( -135.8268144997277886, -2.524531014594010525, 94.70423980074869519 ) ) ;
#2095 = VERTEX_POINT ( 'NONE', #152 ) ;
#2096 = PLANE ( 'NONE',  #886 ) ;
#2097 = ORIENTED_EDGE ( 'NONE', *, *, #1844, .T. ) ;
#2098 = LINE ( 'NONE', #2119, #4035 ) ;
#2099 = DIRECTION ( 'NONE',  ( 0.000000000000000000, 0.000000000000000000, 1.000000000000000000 ) ) ;
#2100 = ORIENTED_EDGE ( 'NONE', *, *, #2483, .T. ) ;
#2101 = CARTESIAN_POINT ( 'NONE',  ( 2.200000000000014833, -9.000000000000000000, -25.50000000000004263 ) ) ;
#2102 = CARTESIAN_POINT ( 'NONE',  ( 55.00000000000007816, 10.00000000000000888, 79.49999999999995737 ) ) ;
#2103 = VERTEX_POINT ( 'NONE', #782 ) ;
#2104 = VERTEX_POINT ( 'NONE', #1824 ) ;
#2105 = CARTESIAN_POINT ( 'NONE',  ( 64.50911996093473988, 14.99999999999840306, 74.99088003905886524 ) ) ;
#2106 = DIRECTION ( 'NONE',  ( 1.000000000000000000, -0.000000000000000000, -2.449021377849609992E-15 ) ) ;
#2107 = CARTESIAN_POINT ( 'NONE',  ( 66.14624870707254445, 15.66683139423733806, 103.0118845935250107 ) ) ;
#2108 = CARTESIAN_POINT ( 'NONE',  ( 127.9793426724012164, -12.99999999999999822, -40.50000000000004263 ) ) ;
#2109 = AXIS2_PLACEMENT_3D ( 'NONE', #3556, #2168, #4288 ) ;
#2110 = AXIS2_PLACEMENT_3D ( 'NONE', #3177, #1996, #1352 ) ;
#2111 = CIRCLE ( 'NONE', #1694, 4.499999999999990230 ) ;
#2112 = ORIENTED_EDGE ( 'NONE', *, *, #622, .T. ) ;
#2113 = CARTESIAN_POINT ( 'NONE',  ( 127.9793426724012164, -14.00000000000001243, -40.50000000000004263 ) ) ;
#2114 = VERTEX_POINT ( 'NONE', #1157 ) ;
#2115 = DIRECTION ( 'NONE',  ( 1.000000000000000000, 0.000000000000000000, 2.434699615406044725E-16 ) ) ;
#2116 = EDGE_CURVE ( 'NONE', #2803, #4335, #2917, .T. ) ;
#2117 = B_SPLINE_CURVE_WITH_KNOTS ( 'NONE', 3,
 ( #4198, #4265, #1898, #875, #1142, #2534, #3196, #484, #504, #4336 ),
 .UNSPECIFIED., .F., .F.,
 ( 4, 2, 2, 2, 4 ),
 ( 0.000000000000000000, 0.0007141958533703097892, 0.001428391706740619578, 0.002142587560110929476, 0.002856783413481239157 ),
 .UNSPECIFIED. ) ;
#2118 = EDGE_CURVE ( 'NONE', #223, #3762, #1793, .T. ) ;
#2119 = CARTESIAN_POINT ( 'NONE',  ( 2.200000000000014833, 0.000000000000000000, -25.50000000000004263 ) ) ;
#2120 = CARTESIAN_POINT ( 'NONE',  ( 0.000000000000000000, -9.999999999999998224, 52.84999999999988773 ) ) ;
#2121 = CARTESIAN_POINT ( 'NONE',  ( 140.0000000000001705, 15.00000000000000000, 97.49999999999978684 ) ) ;
#2122 = ORIENTED_EDGE ( 'NONE', *, *, #3271, .F. ) ;
#2123 = FACE_BOUND ( 'NONE', #3050, .T. ) ;
#2124 = CARTESIAN_POINT ( 'NONE',  ( -177.7428282154428700, 14.74957514703860006, 104.5249865550660644 ) ) ;
#2125 = AXIS2_PLACEMENT_3D ( 'NONE', #2027, #3385, #660 ) ;
#2126 = VERTEX_POINT ( 'NONE', #3008 ) ;
#2127 = ORIENTED_EDGE ( 'NONE', *, *, #4483, .T. ) ;
#2128 = CARTESIAN_POINT ( 'NONE',  ( 44.00000000000013500, 0.000000000000000000, 75.09999999999993747 ) ) ;
#2129 = CARTESIAN_POINT ( 'NONE',  ( 184.9999999975220817, 3.520071339948676048, 119.9092405083963655 ) ) ;
#2130 = DIRECTION ( 'NONE',  ( 0.000000000000000000, 1.000000000000000000, 0.000000000000000000 ) ) ;
#2131 = CIRCLE ( 'NONE', #1185, 12.99999999999999822 ) ;
#2132 = AXIS2_PLACEMENT_3D ( 'NONE', #2021, #308, #965 ) ;
#2133 = CARTESIAN_POINT ( 'NONE',  ( 67.23392833038904826, 15.63896604063126006, 103.1225174099294009 ) ) ;
#2134 = LINE ( 'NONE', #2858, #4339 ) ;
#2135 = ORIENTED_EDGE ( 'NONE', *, *, #1025, .F. ) ;
#2136 = ADVANCED_FACE ( 'NONE', ( #889 ), #2301, .F. ) ;
#2137 = PLANE ( 'NONE',  #312 ) ;
#2138 = ORIENTED_EDGE ( 'NONE', *, *, #3140, .F. ) ;
#2139 = DIRECTION ( 'NONE',  ( 1.000000000000000000, -0.000000000000000000, -0.000000000000000000 ) ) ;
#2140 = FACE_OUTER_BOUND ( 'NONE', #4201, .T. ) ;
#2141 = LINE ( 'NONE', #338, #2434 ) ;
#2142 = LINE ( 'NONE', #415, #1966 ) ;
#2143 = FACE_OUTER_BOUND ( 'NONE', #3654, .T. ) ;
#2144 = ORIENTED_EDGE ( 'NONE', *, *, #2636, .T. ) ;
#2145 = ORIENTED_EDGE ( 'NONE', *, *, #3463, .T. ) ;
#2146 = CARTESIAN_POINT ( 'NONE',  ( -43.99999999999998579, -9.000000000000000000, 75.09999999999993747 ) ) ;
#2147 = CARTESIAN_POINT ( 'NONE',  ( 38.00000000000014211, -6.699999999999997513, 64.84999999999993747 ) ) ;
#2148 = ORIENTED_EDGE ( 'NONE', *, *, #2980, .F. ) ;
#2149 = CARTESIAN_POINT ( 'NONE',  ( 0.000000000000000000, -9.000000000000000000, 0.000000000000000000 ) ) ;
#2150 = EDGE_CURVE ( 'NONE', #4014, #2413, #1956, .T. ) ;
#2151 = ADVANCED_FACE ( 'NONE', ( #2957 ), #601, .T. ) ;
#2152 = CARTESIAN_POINT ( 'NONE',  ( 189.8861601683744027, 2.094329864007991926, 115.2881186301893308 ) ) ;
#2153 = CARTESIAN_POINT ( 'NONE',  ( 177.7526775109064658, 14.75483140223441580, 104.5182101020661349 ) ) ;
#2154 = DIRECTION ( 'NONE',  ( 1.000000000000000000, 0.000000000000000000, 2.721134864277343669E-16 ) ) ;
#2155 = ORIENTED_EDGE ( 'NONE', *, *, #3322, .F. ) ;
#2156 = CARTESIAN_POINT ( 'NONE',  ( -178.9623047123002095, 13.68584133010356929, 108.1562377970866748 ) ) ;
#2157 = ORIENTED_EDGE ( 'NONE', *, *, #4349, .F. ) ;
#2158 = CARTESIAN_POINT ( 'NONE',  ( 139.9999999999999716, -27.72792206135785165, -57.00000000000022027 ) ) ;
#2159 = LINE ( 'NONE', #1849, #4055 ) ;
#2160 = CARTESIAN_POINT ( 'NONE',  ( 55.28309120508050967, 6.734767356633920343, 104.9999999999999432 ) ) ;
#2161 = FACE_OUTER_BOUND ( 'NONE', #4444, .T. ) ;
#2162 = DIRECTION ( 'NONE',  ( -1.156482317317871232E-16, -0.000000000000000000, 1.000000000000000000 ) ) ;
#2163 = VECTOR ( 'NONE', #3017, 1000.000000000000000 ) ;
#2164 = AXIS2_PLACEMENT_3D ( 'NONE', #2411, #3798, #3473 ) ;
#2165 = VERTEX_POINT ( 'NONE', #2018 ) ;
#2166 = CARTESIAN_POINT ( 'NONE',  ( 56.56659601741218069, -15.00000000000000000, 104.7482393492988564 ) ) ;
#2167 = CARTESIAN_POINT ( 'NONE',  ( 60.35605239165734304, 12.02594921199904476, 111.1280691795620328 ) ) ;
#2168 = DIRECTION ( 'NONE',  ( 1.000000000000000000, -0.000000000000000000, -3.469446951953619612E-16 ) ) ;
#2169 = EDGE_CURVE ( 'NONE', #1616, #285, #709, .T. ) ;
#2170 = DIRECTION ( 'NONE',  ( -1.156482317317871478E-16, -0.000000000000000000, -1.000000000000000000 ) ) ;
#2171 = EDGE_CURVE ( 'NONE', #2869, #2089, #4032, .T. ) ;
#2172 = CARTESIAN_POINT ( 'NONE',  ( 175.4232334039974717, 14.66024868549978954, 105.9180455359755939 ) ) ;
#2173 = CARTESIAN_POINT ( 'NONE',  ( 127.9793426724012164, -12.99999999999999645, -52.00000000000004263 ) ) ;
#2174 = AXIS2_PLACEMENT_3D ( 'NONE', #3175, #2170, #1167 ) ;
#2175 = DIRECTION ( 'NONE',  ( -3.469446951953620105E-16, 0.000000000000000000, -1.000000000000000000 ) ) ;
#2176 = CARTESIAN_POINT ( 'NONE',  ( 149.9999999999997158, 0.000000000000000000, -85.00000000000000000 ) ) ;
#2177 = ADVANCED_FACE ( 'NONE', ( #1671 ), #178, .T. ) ;
#2178 = ORIENTED_EDGE ( 'NONE', *, *, #58, .T. ) ;
#2179 = CARTESIAN_POINT ( 'NONE',  ( -184.5032487224277702, 6.465945956441547793, 117.6338221927190091 ) ) ;
#2180 = EDGE_LOOP ( 'NONE', ( #21, #4517, #821, #3478 ) ) ;
#2181 = VECTOR ( 'NONE', #1659, 1000.000000000000000 ) ;
#2182 = ADVANCED_FACE ( 'NONE', ( #4375 ), #4399, .F. ) ;
#2183 = CARTESIAN_POINT ( 'NONE',  ( -65.49919142124559812, 15.00284245417623730, 104.9928759101140656 ) ) ;
#2184 = LINE ( 'NONE', #1184, #1639 ) ;
#2185 = AXIS2_PLACEMENT_3D ( 'NONE', #2020, #2130, #4496 ) ;
#2186 = CARTESIAN_POINT ( 'NONE',  ( 59.68729745124866071, -14.00077781413381928, 101.7452249199842100 ) ) ;
#2187 = CARTESIAN_POINT ( 'NONE',  ( -177.1968000344414236, 14.36916993143166899, 106.6397714140907311 ) ) ;
#2188 = AXIS2_PLACEMENT_3D ( 'NONE', #1547, #3910, #3300 ) ;
#2189 = ORIENTED_EDGE ( 'NONE', *, *, #3128, .T. ) ;
#2190 = ORIENTED_EDGE ( 'NONE', *, *, #3800, .T. ) ;
#2191 = CARTESIAN_POINT ( 'NONE',  ( 55.27320232372613162, 10.74196951500541175, 112.9903730305669995 ) ) ;
#2192 = PLANE ( 'NONE',  #1091 ) ;
#2193 = DIRECTION ( 'NONE',  ( 3.469446951953620105E-16, -0.000000000000000000, 1.000000000000000000 ) ) ;
#2194 = CARTESIAN_POINT ( 'NONE',  ( 139.6798470474361693, -0.08682842985501842969, 88.49999999999982947 ) ) ;
#2195 = CARTESIAN_POINT ( 'NONE',  ( 175.5327246897535360, 14.99999999868735756, 105.0440775762747592 ) ) ;
#2196 = CARTESIAN_POINT ( 'NONE',  ( 182.8693448331893308, 12.80418966542219295, 107.2391411337764850 ) ) ;
#2197 = CARTESIAN_POINT ( 'NONE',  ( -137.0375616369222200, -4.013664021563566386, 96.39756268106377490 ) ) ;
#2198 = DIRECTION ( 'NONE',  ( -5.337610695313253357E-16, -1.734723475976807292E-15, 1.000000000000000000 ) ) ;
#2199 = ORIENTED_EDGE ( 'NONE', *, *, #4268, .F. ) ;
#2200 = CARTESIAN_POINT ( 'NONE',  ( -184.6824807419991430, 5.755362835678171862, 118.2372529623004311 ) ) ;
#2201 = EDGE_LOOP ( 'NONE', ( #2700, #172, #1837, #2767 ) ) ;
#2202 = CARTESIAN_POINT ( 'NONE',  ( -185.3304653971046605, -15.00000000000000355, 125.0000000000000000 ) ) ;
#2203 = DIRECTION ( 'NONE',  ( 0.000000000000000000, -0.000000000000000000, 1.000000000000000000 ) ) ;
#2204 = CARTESIAN_POINT ( 'NONE',  ( 57.48991822914949523, 7.653614875667284601, 104.3424575257973856 ) ) ;
#2205 = LINE ( 'NONE', #3596, #759 ) ;
#2206 = CARTESIAN_POINT ( 'NONE',  ( -182.3005346642497386, 13.13816012994761451, 106.8262624755824248 ) ) ;
#2207 = CARTESIAN_POINT ( 'NONE',  ( -69.73800865512042435, 12.38023936866062336, 101.6941244677700666 ) ) ;
#2208 = CARTESIAN_POINT ( 'NONE',  ( -185.0835574846182396, -11.60248687044699700, 124.9999999999999858 ) ) ;
#2209 = DIRECTION ( 'NONE',  ( 0.000000000000000000, 0.000000000000000000, 1.000000000000000000 ) ) ;
#2210 = DIRECTION ( 'NONE',  ( -1.000000000000000000, 0.000000000000000000, -0.000000000000000000 ) ) ;
#2211 = CARTESIAN_POINT ( 'NONE',  ( -64.50911996094022527, 15.00000000000321698, 74.99088003905966104 ) ) ;
#2212 = CARTESIAN_POINT ( 'NONE',  ( 139.6764108982694665, -5.323030863793939638, 97.49118573826407896 ) ) ;
#2213 = CARTESIAN_POINT ( 'NONE',  ( 177.5428794350023622, 14.79286084193539352, 105.6169380483763547 ) ) ;
#2214 = CARTESIAN_POINT ( 'NONE',  ( 186.9817833548557928, 9.072080454051359766, 110.8981233484513922 ) ) ;
#2215 = EDGE_CURVE ( 'NONE', #755, #1346, #1101, .T. ) ;
#2216 = CARTESIAN_POINT ( 'NONE',  ( -135.5899643657275249, -1.999698167097842871, 93.93468907042966975 ) ) ;
#2217 = B_SPLINE_CURVE_WITH_KNOTS ( 'NONE', 3,
 ( #1542, #2784, #1051, #4250, #118, #3929, #1495, #1175, #73, #816, #2197, #491, #3585, #1865, #696, #2094, #2928, #2216, #3248, #1518, #1392, #2901, #4295, #2566, #3955, #3479, #4321, #348, #715, #2439, #1740, #3124, #3629, #4073, #4395, #1617, #4369, #1269 ),
 .UNSPECIFIED., .F., .F.,
 ( 4, 2, 2, 2, 2, 2, 2, 2, 2, 2, 2, 2, 2, 2, 2, 2, 2, 2, 4 ),
 ( 2.797157557069881010E-17, 0.0009637667562694095247, 0.001927533512538791077, 0.002409416890673489985, 0.002891300268808188675, 0.003855067025077506693, 0.004818833781346825579, 0.005782600537616142296, 0.006746367293885460747, 0.007710134050154779199, 0.008673900806424095916, 0.009637667562693415235, 0.01011955094082808010, 0.01060143431896274496, 0.01156520107523211112, 0.01252896783150147728, 0.01349273458777084343, 0.01445650134404020959, 0.01542026810030957401 ),
 .UNSPECIFIED. ) ;
#2218 = DIRECTION ( 'NONE',  ( -0.000000000000000000, 1.000000000000000000, -0.000000000000000000 ) ) ;
#2219 = ORIENTED_EDGE ( 'NONE', *, *, #3932, .F. ) ;
#2220 = CARTESIAN_POINT ( 'NONE',  ( -183.7722283770177967, 8.464456184023312346, 115.7135377035144188 ) ) ;
#2221 = DIRECTION ( 'NONE',  ( -1.000000000000000000, 0.000000000000000000, 3.469446951953619612E-16 ) ) ;
#2222 = CARTESIAN_POINT ( 'NONE',  ( -190.0000000000000284, 15.00000000000000000, -59.99999999999972289 ) ) ;
#2223 = CARTESIAN_POINT ( 'NONE',  ( -54.99999999999992184, 0.000000000000000000, 79.49999999999995737 ) ) ;
#2224 = CARTESIAN_POINT ( 'NONE',  ( 67.17046079977711770, 15.00000000000000000, 103.5413859057317296 ) ) ;
#2225 = CARTESIAN_POINT ( 'NONE',  ( 185.3304764102202000, -14.99999999999999822, 124.9999999999999005 ) ) ;
#2226 = ORIENTED_EDGE ( 'NONE', *, *, #1653, .T. ) ;
#2227 = CARTESIAN_POINT ( 'NONE',  ( -178.2269458603538226, 14.02011000900013293, 107.4405046517248934 ) ) ;
#2228 = EDGE_CURVE ( 'NONE', #517, #3390, #1704, .T. ) ;
#2229 = ORIENTED_EDGE ( 'NONE', *, *, #116, .F. ) ;
#2230 = CARTESIAN_POINT ( 'NONE',  ( -66.83809516805138173, 15.65088771488694519, 103.0751822941275009 ) ) ;
#2231 = CARTESIAN_POINT ( 'NONE',  ( -185.6434925488221381, -12.65240038628811803, 125.0000000000000284 ) ) ;
#2232 = CARTESIAN_POINT ( 'NONE',  ( -189.9999999999999716, 0.000000000000000000, 87.00000000000002842 ) ) ;
#2233 = EDGE_CURVE ( 'NONE', #1601, #1011, #2399, .T. ) ;
#2234 = EDGE_CURVE ( 'NONE', #2165, #16, #3101, .T. ) ;
#2235 = CARTESIAN_POINT ( 'NONE',  ( 44.00000000000013500, 0.000000000000000000, 75.09999999999993747 ) ) ;
#2236 = FACE_OUTER_BOUND ( 'NONE', #4419, .T. ) ;
#2237 = DIRECTION ( 'NONE',  ( 0.000000000000000000, 0.000000000000000000, -1.000000000000000000 ) ) ;
#2238 = CARTESIAN_POINT ( 'NONE',  ( 182.6359807508981987, 10.44110298820937821, 113.4074200226218494 ) ) ;
#2239 = DIRECTION ( 'NONE',  ( -1.000000000000000000, -0.000000000000000000, 3.469446951953620105E-16 ) ) ;
#2240 = DIRECTION ( 'NONE',  ( 0.000000000000000000, 1.000000000000000000, 0.000000000000000000 ) ) ;
#2241 = DIRECTION ( 'NONE',  ( -1.156482317317871478E-16, -0.000000000000000000, -1.000000000000000000 ) ) ;
#2242 = EDGE_LOOP ( 'NONE', ( #3889, #93, #318, #276 ) ) ;
#2243 = CARTESIAN_POINT ( 'NONE',  ( -177.9741375812731405, 14.12645590046112787, 107.2059610867419366 ) ) ;
#2244 = CARTESIAN_POINT ( 'NONE',  ( -144.4441678410554744, -1.096469483584969984, 92.23535382107941416 ) ) ;
#2245 = CARTESIAN_POINT ( 'NONE',  ( -59.09248184755088573, -14.63851848638154252, 102.8765530951784655 ) ) ;
#2246 = CARTESIAN_POINT ( 'NONE',  ( -58.53527068404043376, 15.41281442144413028, 104.0989623105531763 ) ) ;
#2247 = DIRECTION ( 'NONE',  ( -1.000000000000000000, 0.000000000000000000, 0.000000000000000000 ) ) ;
#2248 = FACE_OUTER_BOUND ( 'NONE', #3534, .T. ) ;
#2249 = ORIENTED_EDGE ( 'NONE', *, *, #1913, .T. ) ;
#2250 = CARTESIAN_POINT ( 'NONE',  ( -180.5585869599768785, 13.94134266229190722, 105.7495441023317539 ) ) ;
#2251 = EDGE_CURVE ( 'NONE', #3569, #4211, #1765, .T. ) ;
#2252 = AXIS2_PLACEMENT_3D ( 'NONE', #3947, #4313, #2209 ) ;
#2253 = CARTESIAN_POINT ( 'NONE',  ( -65.61998913199815320, 14.90862959973603274, 105.2563780757753449 ) ) ;
#2254 = CARTESIAN_POINT ( 'NONE',  ( 61.51796544411273970, 12.62536665461294660, 110.1607788100549783 ) ) ;
#2255 = DIRECTION ( 'NONE',  ( 0.000000000000000000, 0.000000000000000000, -1.000000000000000000 ) ) ;
#2256 =( BOUNDED_SURFACE ( )  B_SPLINE_SURFACE ( 3, 2, ( 
 ( #4141, #2029, #3386 ),
 ( #589, #4069, #315 ),
 ( #948, #3728, #219 ),
 ( #2050, #1361, #927 ),
 ( #1708, #1681, #1984 ),
 ( #3408, #3092, #4488 ),
 ( #3701, #2313, #246 ),
 ( #3364, #1611, #615 ),
 ( #2008, #2070, #3038 ),
 ( #265, #1634, #1656 ),
 ( #1313, #2705, #2755 ),
 ( #3018, #4097, #4413 ),
 ( #976, #1020, #2367 ),
 ( #3753, #293, #683 ),
 ( #3065, #2999, #4462 ),
 ( #1338, #2735, #4120 ),
 ( #999, #3778, #661 ),
 ( #4257, #1870, #2864 ) ),
 .UNSPECIFIED., .F., .F., .T. ) 
 B_SPLINE_SURFACE_WITH_KNOTS ( ( 4, 2, 2, 2, 2, 2, 2, 2, 4 ),
 ( 3, 3 ),
 ( 0.000000000000000000, 0.001490089963042762287, 0.002980179926085524574, 0.004470269889128287294, 0.005960359852171049147, 0.007450449815213811867, 0.008940539778256574588, 0.01043062974129933644, 0.01192071970434209829 ),
 ( 0.000000000000000000, 1.000000000000000000 ),
 .UNSPECIFIED. ) 
 GEOMETRIC_REPRESENTATION_ITEM ( )  RATIONAL_B_SPLINE_SURFACE ( (
 ( 1.000000000000000000, 0.4482886312893653580, 1.000000000000000000),
 ( 1.000000000000000000, 0.4482857340731283835, 1.000000000000000000),
 ( 1.000000000000000000, 0.4504266824084035559, 1.000000000000000000),
 ( 1.000000000000000000, 0.4584310723736406690, 1.000000000000000000),
 ( 1.000000000000000000, 0.4642967575845787787, 1.000000000000000000),
 ( 1.000000000000000000, 0.4790640872743855416, 1.000000000000000000),
 ( 1.000000000000000000, 0.4877474286208122733, 1.000000000000000000),
 ( 1.000000000000000000, 0.5067461422472678834, 1.000000000000000000),
 ( 1.000000000000000000, 0.5170786601660356530, 1.000000000000000000),
 ( 1.000000000000000000, 0.5386182639270548078, 1.000000000000000000),
 ( 1.000000000000000000, 0.5496281702030043625, 1.000000000000000000),
 ( 1.000000000000000000, 0.5715955282537792392, 1.000000000000000000),
 ( 1.000000000000000000, 0.5825569148285639764, 1.000000000000000000),
 ( 1.000000000000000000, 0.6040576117596171413, 1.000000000000000000),
 ( 1.000000000000000000, 0.6145119438811070811, 1.000000000000000000),
 ( 1.000000000000000000, 0.6342849337749973948, 1.000000000000000000),
 ( 1.000000000000000000, 0.6436509768919300711, 1.000000000000000000),
 ( 1.000000000000000000, 0.6523851963982295610, 1.000000000000000000) ) ) 
 REPRESENTATION_ITEM ( '' )  SURFACE ( )  );
#2257 = CIRCLE ( 'NONE', #3505, 11.49999999999999645 ) ;
#2258 = CARTESIAN_POINT ( 'NONE',  ( -64.01527194595985293, 14.93441564322978543, 75.48472805404000496 ) ) ;
#2259 = CARTESIAN_POINT ( 'NONE',  ( -43.99999999999998579, -6.699999999999996625, 60.84999999999993037 ) ) ;
#2260 = DIRECTION ( 'NONE',  ( 1.000000000000000000, -7.401486830834375884E-15, 7.401486830834375884E-15 ) ) ;
#2261 = CARTESIAN_POINT ( 'NONE',  ( 178.8913385720611871, 14.51190292442895036, 106.3443468602430215 ) ) ;
#2262 = CARTESIAN_POINT ( 'NONE',  ( -65.88202158589172086, 14.66024868704470308, 105.9180455320015710 ) ) ;
#2263 = EDGE_CURVE ( 'NONE', #3764, #966, #4189, .T. ) ;
#2264 = EDGE_LOOP ( 'NONE', ( #1178, #1395, #1192, #2477 ) ) ;
#2265 = CARTESIAN_POINT ( 'NONE',  ( 142.4230051545565061, -4.451125655010186755, 96.79438069549506451 ) ) ;
#2266 = CARTESIAN_POINT ( 'NONE',  ( -59.76951992798736057, 10.69663433506597450, 79.73048007201015253 ) ) ;
#2267 = VECTOR ( 'NONE', #17, 1000.000000000000000 ) ;
#2268 = ORIENTED_EDGE ( 'NONE', *, *, #370, .T. ) ;
#2269 = CARTESIAN_POINT ( 'NONE',  ( 61.50172918317386461, 15.59062213121930363, 103.3153421959266183 ) ) ;
#2270 = CARTESIAN_POINT ( 'NONE',  ( 65.98987951034258970, 15.00000000000000000, 100.9898578495027834 ) ) ;
#2271 = CARTESIAN_POINT ( 'NONE',  ( -57.17371978790779252, -14.99703047066179984, 104.5142415826115467 ) ) ;
#2272 = CYLINDRICAL_SURFACE ( 'NONE', #2475, 5.000000000000004441 ) ;
#2273 = DIRECTION ( 'NONE',  ( -1.000000000000000000, 0.000000000000000000, 3.469446951953619612E-16 ) ) ;
#2274 = EDGE_CURVE ( 'NONE', #1546, #1923, #3145, .T. ) ;
#2275 = VECTOR ( 'NONE', #3582, 1000.000000000000000 ) ;
#2276 = LINE ( 'NONE', #1950, #4110 ) ;
#2277 = ORIENTED_EDGE ( 'NONE', *, *, #3129, .F. ) ;
#2278 = CARTESIAN_POINT ( 'NONE',  ( -187.9826585217622892, 7.527685702927015221, 112.0641128658145504 ) ) ;
#2279 = AXIS2_PLACEMENT_3D ( 'NONE', #1873, #893, #553 ) ;
#2280 = CARTESIAN_POINT ( 'NONE',  ( -60.86775974422770474, 15.56243465125186631, 103.4295594835024303 ) ) ;
#2281 = CARTESIAN_POINT ( 'NONE',  ( -185.4669663342145043, -14.58121017268053521, 125.0000000000000000 ) ) ;
#2282 = FACE_OUTER_BOUND ( 'NONE', #3125, .T. ) ;
#2283 = ORIENTED_EDGE ( 'NONE', *, *, #4507, .T. ) ;
#2284 = CIRCLE ( 'NONE', #3818, 4.499999999999990230 ) ;
#2285 = CIRCLE ( 'NONE', #3458, 5.000000000000004441 ) ;
#2286 = DIRECTION ( 'NONE',  ( -1.000000000000000000, 0.000000000000000000, -0.000000000000000000 ) ) ;
#2287 = DIRECTION ( 'NONE',  ( 0.000000000000000000, 0.000000000000000000, -1.000000000000000000 ) ) ;
#2288 = EDGE_CURVE ( 'NONE', #1771, #1665, #1695, .T. ) ;
#2289 = CARTESIAN_POINT ( 'NONE',  ( 138.4246023736565974, -0.1206904408485007518, 88.77247805074557618 ) ) ;
#2290 = ORIENTED_EDGE ( 'NONE', *, *, #3271, .T. ) ;
#2291 = CARTESIAN_POINT ( 'NONE',  ( 65.49480718422691439, 15.00594653564931136, 104.9840546875595777 ) ) ;
#2292 = CARTESIAN_POINT ( 'NONE',  ( -59.66840831370950582, 10.79872172177024048, 101.9030937457872028 ) ) ;
#2293 = ORIENTED_EDGE ( 'NONE', *, *, #2329, .F. ) ;
#2294 = LINE ( 'NONE', #1638, #97 ) ;
#2295 = EDGE_CURVE ( 'NONE', #2555, #411, #3807, .T. ) ;
#2296 = EDGE_CURVE ( 'NONE', #1370, #3618, #2378, .T. ) ;
#2297 = EDGE_CURVE ( 'NONE', #1011, #3746, #1368, .T. ) ;
#2298 = ORIENTED_EDGE ( 'NONE', *, *, #571, .F. ) ;
#2299 = CARTESIAN_POINT ( 'NONE',  ( 44.00000000000013500, -6.699999999999997513, 64.84999999999993747 ) ) ;
#2300 = ORIENTED_EDGE ( 'NONE', *, *, #3903, .F. ) ;
#2301 = PLANE ( 'NONE',  #3287 ) ;
#2302 = CARTESIAN_POINT ( 'NONE',  ( -58.70840424500261179, -14.81267702546190890, 103.3682359000810891 ) ) ;
#2303 = LINE ( 'NONE', #2675, #4297 ) ;
#2304 = DIRECTION ( 'NONE',  ( 2.434699615406044232E-16, 0.000000000000000000, -1.000000000000000000 ) ) ;
#2305 = VERTEX_POINT ( 'NONE', #2404 ) ;
#2306 = DIRECTION ( 'NONE',  ( -1.000000000000000000, 0.000000000000000000, 1.156482317317871478E-16 ) ) ;
#2307 = CARTESIAN_POINT ( 'NONE',  ( -60.22939588641072817, 15.53350371297736388, 103.5498827071996146 ) ) ;
#2308 = DIRECTION ( 'NONE',  ( -3.384826294588891940E-16, 0.000000000000000000, -1.000000000000000000 ) ) ;
#2309 = ORIENTED_EDGE ( 'NONE', *, *, #3752, .T. ) ;
#2310 = CARTESIAN_POINT ( 'NONE',  ( -59.99999999999992184, 10.00000000000000888, 84.49999999999995737 ) ) ;
#2311 = DIRECTION ( 'NONE',  ( 0.000000000000000000, 1.000000000000000000, 4.956352788505164254E-16 ) ) ;
#2312 = EDGE_CURVE ( 'NONE', #356, #4166, #3442, .T. ) ;
#2313 = CARTESIAN_POINT ( 'NONE',  ( 54.78851382203960441, 15.92853799862555775, 105.5033495919797843 ) ) ;
#2314 = VERTEX_POINT ( 'NONE', #3826 ) ;
#2315 = CARTESIAN_POINT ( 'NONE',  ( 73.39999999999999147, -30.00000000000000711, -24.50000000000003553 ) ) ;
#2316 = LINE ( 'NONE', #540, #4294 ) ;
#2317 = VECTOR ( 'NONE', #4412, 1000.000000000000000 ) ;
#2318 = VERTEX_POINT ( 'NONE', #713 ) ;
#2319 = CARTESIAN_POINT ( 'NONE',  ( 144.0780564526270382, -0.6596740514593412152, 91.09130195059297819 ) ) ;
#2320 = EDGE_CURVE ( 'NONE', #2126, #2617, #2868, .T. ) ;
#2321 = CARTESIAN_POINT ( 'NONE',  ( -59.96465690379590541, 10.00180632718350537, 79.53534309619458043 ) ) ;
#2322 = ADVANCED_FACE ( 'NONE', ( #1409 ), #733, .F. ) ;
#2323 = ORIENTED_EDGE ( 'NONE', *, *, #171, .F. ) ;
#2324 = ORIENTED_EDGE ( 'NONE', *, *, #2601, .F. ) ;
#2325 = CARTESIAN_POINT ( 'NONE',  ( 55.31370849898491571, -6.699999999999996625, 60.84999999999993037 ) ) ;
#2326 = ADVANCED_FACE ( 'NONE', ( #1083 ), #1496, .F. ) ;
#2327 = DIRECTION ( 'NONE',  ( 1.206723022799020067E-31, 1.000000000000000000, -4.956352788505164254E-16 ) ) ;
#2328 = DIRECTION ( 'NONE',  ( 0.000000000000000000, 0.000000000000000000, 1.000000000000000000 ) ) ;
#2329 = EDGE_CURVE ( 'NONE', #4011, #64, #638, .T. ) ;
#2330 = CARTESIAN_POINT ( 'NONE',  ( 44.00000000000013500, -9.000000000000000000, 75.09999999999993747 ) ) ;
#2331 = ORIENTED_EDGE ( 'NONE', *, *, #1842, .F. ) ;
#2332 = VECTOR ( 'NONE', #2515, 1000.000000000000000 ) ;
#2333 = CARTESIAN_POINT ( 'NONE',  ( -189.8618114270564377, 2.096546787340706874, 115.2747874036633249 ) ) ;
#2334 = EDGE_CURVE ( 'NONE', #1078, #392, #3586, .T. ) ;
#2335 = B_SPLINE_CURVE_WITH_KNOTS ( 'NONE', 3,
 ( #3963, #2507, #3574, #846, #868, #1551, #3892, #2224, #3304, #1207, #523, #3616 ),
 .UNSPECIFIED., .F., .F.,
 ( 4, 2, 2, 2, 2, 4 ),
 ( 2.436964828739323340E-15, 0.0007143853930615278770, 0.001428770786120618901, 0.002143156179179709492, 0.002500348875709231585, 0.002857541572238753678 ),
 .UNSPECIFIED. ) ;
#2336 = CARTESIAN_POINT ( 'NONE',  ( -64.22406733619125418, 15.16264299655576409, 101.4566809668297935 ) ) ;
#2337 = CARTESIAN_POINT ( 'NONE',  ( -57.45819486439781087, 11.00243708024441958, 112.6372385645199756 ) ) ;
#2338 = AXIS2_PLACEMENT_3D ( 'NONE', #1747, #3136, #3488 ) ;
#2339 = CYLINDRICAL_SURFACE ( 'NONE', #160, 29.99999999999998579 ) ;
#2340 = CARTESIAN_POINT ( 'NONE',  ( -189.9999999999999716, 0.000000000000000000, 116.2159623945754845 ) ) ;
#2341 = PLANE ( 'NONE',  #3767 ) ;
#2342 = CARTESIAN_POINT ( 'NONE',  ( 86.60000000000000853, -12.99999999999999645, -52.00000000000004263 ) ) ;
#2343 = DIRECTION ( 'NONE',  ( 0.000000000000000000, 1.000000000000000000, 0.000000000000000000 ) ) ;
#2344 = VECTOR ( 'NONE', #2420, 1000.000000000000000 ) ;
#2345 = ORIENTED_EDGE ( 'NONE', *, *, #2491, .F. ) ;
#2346 = CARTESIAN_POINT ( 'NONE',  ( -120.0000000000000000, -15.00000000000000000, 52.84999999999988773 ) ) ;
#2347 = CARTESIAN_POINT ( 'NONE',  ( -57.46613188259109961, 13.30413375316246594, 78.26693405870298648 ) ) ;
#2348 = VECTOR ( 'NONE', #170, 1000.000000000000000 ) ;
#2349 = AXIS2_PLACEMENT_3D ( 'NONE', #4513, #2718, #4108 ) ;
#2350 = ORIENTED_EDGE ( 'NONE', *, *, #1654, .T. ) ;
#2351 = ORIENTED_EDGE ( 'NONE', *, *, #384, .F. ) ;
#2352 = DIRECTION ( 'NONE',  ( -1.000000000000000000, 0.000000000000000000, 0.000000000000000000 ) ) ;
#2353 = EDGE_LOOP ( 'NONE', ( #1075, #1804, #1977, #593, #4077, #2546, #1743, #2525, #956, #1125, #623, #758 ) ) ;
#2354 = CARTESIAN_POINT ( 'NONE',  ( -143.7798799960803819, -0.4876011219721740342, 90.53844990358963685 ) ) ;
#2355 = LINE ( 'NONE', #3009, #9 ) ;
#2356 = VECTOR ( 'NONE', #3091, 1000.000000000000000 ) ;
#2357 = DIRECTION ( 'NONE',  ( 0.000000000000000000, -0.000000000000000000, 1.000000000000000000 ) ) ;
#2358 = DIRECTION ( 'NONE',  ( -0.000000000000000000, 1.000000000000000000, -0.000000000000000000 ) ) ;
#2359 = ORIENTED_EDGE ( 'NONE', *, *, #3238, .F. ) ;
#2360 = CARTESIAN_POINT ( 'NONE',  ( -184.8545217365673921, 4.738215399132331029, 119.0235796540625159 ) ) ;
#2361 = ORIENTED_EDGE ( 'NONE', *, *, #2088, .T. ) ;
#2362 = VECTOR ( 'NONE', #832, 1000.000000000000000 ) ;
#2363 = CARTESIAN_POINT ( 'NONE',  ( -64.48953554436091906, 14.99338684101064700, 105.0190436910282585 ) ) ;
#2364 = FACE_OUTER_BOUND ( 'NONE', #4200, .T. ) ;
#2365 = EDGE_CURVE ( 'NONE', #3835, #3709, #2498, .T. ) ;
#2366 = LINE ( 'NONE', #1018, #2062 ) ;
#2367 = CARTESIAN_POINT ( 'NONE',  ( 58.65885615801126818, 8.751245807904762586, 103.4157602712677289 ) ) ;
#2368 = CARTESIAN_POINT ( 'NONE',  ( -57.12195546007131952, 10.94058847730551420, 112.7213392565616630 ) ) ;
#2369 = LINE ( 'NONE', #4415, #2905 ) ;
#2370 = ORIENTED_EDGE ( 'NONE', *, *, #712, .T. ) ;
#2371 = CARTESIAN_POINT ( 'NONE',  ( 60.48725218877864762, 12.70929304666035975, 79.01274781121870205 ) ) ;
#2372 = CARTESIAN_POINT ( 'NONE',  ( 65.88953036421402487, 14.65245717008331283, 105.9380670080583684 ) ) ;
#2373 = VERTEX_POINT ( 'NONE', #837 ) ;
#2374 = ORIENTED_EDGE ( 'NONE', *, *, #3805, .T. ) ;
#2375 = EDGE_LOOP ( 'NONE', ( #2039, #4116, #3198, #1961, #2148, #716, #6, #1049 ) ) ;
#2376 = CARTESIAN_POINT ( 'NONE',  ( 60.00060195170295430, 15.52330188951641965, 103.5935407662625209 ) ) ;
#2377 = EDGE_LOOP ( 'NONE', ( #3396, #35, #2298, #3033 ) ) ;
#2378 = LINE ( 'NONE', #693, #843 ) ;
#2379 = CARTESIAN_POINT ( 'NONE',  ( 186.8310992300434350, 9.517614763122940857, 114.5699981216089753 ) ) ;
#2380 = DIRECTION ( 'NONE',  ( -1.000000000000000000, 0.000000000000000000, 0.000000000000000000 ) ) ;
#2381 = LINE ( 'NONE', #4061, #3511 ) ;
#2382 = ORIENTED_EDGE ( 'NONE', *, *, #3073, .F. ) ;
#2383 = DIRECTION ( 'NONE',  ( 1.000000000000000000, 0.000000000000000000, 8.163404592832033966E-16 ) ) ;
#2384 = ORIENTED_EDGE ( 'NONE', *, *, #1957, .F. ) ;
#2385 = AXIS2_PLACEMENT_3D ( 'NONE', #3564, #2567, #2835 ) ;
#2386 = EDGE_CURVE ( 'NONE', #3449, #1780, #3761, .T. ) ;
#2387 = CARTESIAN_POINT ( 'NONE',  ( -59.82744893579705092, 11.35925391169941356, 101.8207993998152148 ) ) ;
#2388 = EDGE_CURVE ( 'NONE', #3697, #3146, #2134, .T. ) ;
#2389 = FACE_OUTER_BOUND ( 'NONE', #2264, .T. ) ;
#2390 = CARTESIAN_POINT ( 'NONE',  ( 149.9999999999998295, 15.00000000000000000, -85.00000000000000000 ) ) ;
#2391 = ADVANCED_FACE ( 'NONE', ( #4229 ), #1176, .F. ) ;
#2392 = CARTESIAN_POINT ( 'NONE',  ( 64.73624927794054429, 15.13018180866283302, 104.6218930060646812 ) ) ;
#2393 = CARTESIAN_POINT ( 'NONE',  ( -189.4951588378916085, 3.982919359476301047, 114.3108876251625645 ) ) ;
#2394 = EDGE_CURVE ( 'NONE', #3692, #4446, #3885, .T. ) ;
#2395 = ORIENTED_EDGE ( 'NONE', *, *, #818, .T. ) ;
#2396 = CARTESIAN_POINT ( 'NONE',  ( 60.56848793686159382, 14.49416480227663762, 76.71575603156767897 ) ) ;
#2397 = CARTESIAN_POINT ( 'NONE',  ( -66.07329770264257718, 14.76434637137435857, 105.6309353767164083 ) ) ;
#2398 =( BOUNDED_SURFACE ( )  B_SPLINE_SURFACE ( 3, 2, ( 
 ( #2628, #530, #187 ),
 ( #1858, #828, #3309 ),
 ( #2533, #1832, #3578 ),
 ( #1582, #3240, #4361 ),
 ( #2890, #1486, #1529 ),
 ( #2253, #483, #3945 ),
 ( #3642, #3217, #2967 ),
 ( #4264, #1164, #2207 ),
 ( #3599, #3918, #1236 ),
 ( #4015, #2556, #807 ),
 ( #851, #1876, #3554 ),
 ( #3262, #133, #441 ),
 ( #2915, #4311, #1189 ),
 ( #2579, #2230, #3620 ),
 ( #503, #1897, #3285 ),
 ( #161, #1557, #2942 ),
 ( #1211, #2602, #997 ),
 ( #943, #924, #3334 ),
 ( #1629, #2679, #3014 ),
 ( #4458, #1953, #2992 ),
 ( #4407, #3721, #584 ),
 ( #4485, #4117, #213 ),
 ( #313, #1980, #1309 ),
 ( #3358, #4384, #3429 ),
 ( #2751, #2003, #2336 ),
 ( #3774, #1705, #658 ),
 ( #633, #290, #556 ),
 ( #608, #1605, #2048 ),
 ( #3089, #1285, #3381 ),
 ( #4065, #1260, #4092 ),
 ( #262, #3671, #1651 ),
 ( #2651, #3035, #1359 ),
 ( #240, #4433, #2701 ),
 ( #972, #3695, #2025 ),
 ( #2363, #3749, #3404 ),
 ( #4042, #2280, #1678 ),
 ( #3060, #898, #1334 ),
 ( #2731, #2307, #2387 ),
 ( #1744, #720, #1090 ),
 ( #1455, #1397, #738 ),
 ( #2084, #19, #2443 ),
 ( #2788, #414, #394 ) ),
 .UNSPECIFIED., .F., .F., .T. ) 
 B_SPLINE_SURFACE_WITH_KNOTS ( ( 4, 2, 2, 2, 2, 2, 2, 2, 2, 2, 2, 2, 2, 2, 2, 2, 2, 2, 2, 2, 4 ),
 ( 3, 3 ),
 ( 0.05428751731646964951, 0.05467761344683397945, 0.05487266151201614095, 0.05506770957719830939, 0.05526275764238047089, 0.05545780570756263239, 0.05555532974015371661, 0.05565285377274480083, 0.05575037780533588505, 0.05579913982163142716, 0.05584790183792696233, 0.05589666385422249750, 0.05594542587051803961, 0.05604294990310912383, 0.05614047393570020805, 0.05623799796829129227, 0.05643304603347345377, 0.05662809409865561527, 0.05682314216383778371, 0.05701819022901994521, 0.05740828635938427515 ),
 ( 0.000000000000000000, 1.000000000000000000 ),
 .UNSPECIFIED. ) 
 GEOMETRIC_REPRESENTATION_ITEM ( )  RATIONAL_B_SPLINE_SURFACE ( (
 ( 1.000000000000000000, 0.6497246430355055891, 1.000000000000000000),
 ( 1.000000000000000000, 0.6682155263236811971, 1.000000000000000000),
 ( 1.000000000000000000, 0.6887031202638365102, 1.000000000000000000),
 ( 1.000000000000000000, 0.7230468723811742660, 1.000000000000000000),
 ( 1.000000000000000000, 0.7350974316382163920, 1.000000000000000000),
 ( 1.000000000000000000, 0.7604863860742625548, 1.000000000000000000),
 ( 1.000000000000000000, 0.7738268577118364577, 1.000000000000000000),
 ( 1.000000000000000000, 0.8018221617939212953, 1.000000000000000000),
 ( 1.000000000000000000, 0.8164830250128440881, 1.000000000000000000),
 ( 1.000000000000000000, 0.8469810455270472271, 1.000000000000000000),
 ( 1.000000000000000000, 0.8628416690403608591, 1.000000000000000000),
 ( 1.000000000000000000, 0.8870164154141043644, 1.000000000000000000),
 ( 1.000000000000000000, 0.8951114555396003647, 1.000000000000000000),
 ( 1.000000000000000000, 0.9107817977013833444, 1.000000000000000000),
 ( 1.000000000000000000, 0.9184407113060347738, 1.000000000000000000),
 ( 1.000000000000000000, 0.9324400216182618939, 1.000000000000000000),
 ( 1.000000000000000000, 0.9387306755636500855, 1.000000000000000000),
 ( 1.000000000000000000, 0.9461024411226204300, 1.000000000000000000),
 ( 1.000000000000000000, 0.9481977072384387695, 1.000000000000000000),
 ( 1.000000000000000000, 0.9513317527519621342, 1.000000000000000000),
 ( 1.000000000000000000, 0.9523933990060478028, 1.000000000000000000),
 ( 1.000000000000000000, 0.9533418589808209109, 1.000000000000000000),
 ( 1.000000000000000000, 0.9532093083672983358, 1.000000000000000000),
 ( 1.000000000000000000, 0.9517941716583121492, 1.000000000000000000),
 ( 1.000000000000000000, 0.9505127246613435110, 1.000000000000000000),
 ( 1.000000000000000000, 0.9451436306260279085, 1.000000000000000000),
 ( 1.000000000000000000, 0.9397684809798780847, 1.000000000000000000),
 ( 1.000000000000000000, 0.9270263727539045373, 1.000000000000000000),
 ( 1.000000000000000000, 0.9197515913821240341, 1.000000000000000000),
 ( 1.000000000000000000, 0.9046439776044720160, 1.000000000000000000),
 ( 1.000000000000000000, 0.8967478436181229862, 1.000000000000000000),
 ( 1.000000000000000000, 0.8727176275386373527, 1.000000000000000000),
 ( 1.000000000000000000, 0.8564716094154722903, 1.000000000000000000),
 ( 1.000000000000000000, 0.8251888168725425299, 1.000000000000000000),
 ( 1.000000000000000000, 0.8100387954291469184, 1.000000000000000000),
 ( 1.000000000000000000, 0.7810307369081607165, 1.000000000000000000),
 ( 1.000000000000000000, 0.7671540729286117077, 1.000000000000000000),
 ( 1.000000000000000000, 0.7407710502759172755, 1.000000000000000000),
 ( 1.000000000000000000, 0.7282626877377161856, 1.000000000000000000),
 ( 1.000000000000000000, 0.6926540954556653640, 1.000000000000000000),
 ( 1.000000000000000000, 0.6714674443841641693, 1.000000000000000000),
 ( 1.000000000000000000, 0.6523851963982292279, 1.000000000000000000) ) ) 
 REPRESENTATION_ITEM ( '' )  SURFACE ( )  );
#2399 = B_SPLINE_CURVE_WITH_KNOTS ( 'NONE', 3,
 ( #2673, #231, #1278, #1623, #4058, #3301, #937, #255, #3740, #3635, #4424, #3052, #1302, #1571, #2354, #1226, #4447, #1326, #3981, #865, #2244, #2619, #4005, #3464, #304, #987, #2078, #3421, #325, #2764, #671, #30, #3766, #1027, #2419, #1777, #4171, #2093, #4495, #3789, #1349, #347 ),
 .UNSPECIFIED., .F., .F.,
 ( 4, 2, 2, 2, 2, 2, 2, 2, 2, 2, 2, 2, 2, 2, 2, 2, 2, 2, 2, 2, 4 ),
 ( 0.01542026810030957401, 0.01638185607010470696, 0.01734344403989983990, 0.01782423802479740638, 0.01830503200969497285, 0.01878582599459253932, 0.01926661997949010580, 0.02022820794928529078, 0.02070900193418290236, 0.02118979591908051741, 0.02215138388887571627, 0.02311297185867091861, 0.02407455982846611747, 0.02503614779826131981, 0.02599773576805652214, 0.02695932373785172448, 0.02792091170764692334, 0.02888249967744212221, 0.02984408764723732455, 0.03032488163213489102, 0.03080567561703245749 ),
 .UNSPECIFIED. ) ;
#2400 = VERTEX_POINT ( 'NONE', #3907 ) ;
#2401 = VERTEX_POINT ( 'NONE', #795 ) ;
#2402 = VECTOR ( 'NONE', #1398, 1000.000000000000000 ) ;
#2403 = CARTESIAN_POINT ( 'NONE',  ( 63.84369416733528624, 15.66664420307891348, 103.0126279564198342 ) ) ;
#2404 = CARTESIAN_POINT ( 'NONE',  ( -184.9999999999999716, 2.660248687044709737, 120.4495279040576605 ) ) ;
#2405 = DIRECTION ( 'NONE',  ( 1.000000000000000000, 0.000000000000000000, 3.384826294588891447E-16 ) ) ;
#2406 = CARTESIAN_POINT ( 'NONE',  ( 38.00000000000014211, -6.699999999999997513, 64.84999999999993747 ) ) ;
#2407 = ORIENTED_EDGE ( 'NONE', *, *, #1577, .F. ) ;
#2408 = CARTESIAN_POINT ( 'NONE',  ( 44.00000000000013500, -6.699999999999996625, 60.84999999999993037 ) ) ;
#2409 = ORIENTED_EDGE ( 'NONE', *, *, #300, .T. ) ;
#2410 = CARTESIAN_POINT ( 'NONE',  ( 182.0045731376945923, 11.23188830651544734, 112.3196967451185344 ) ) ;
#2411 = CARTESIAN_POINT ( 'NONE',  ( 60.00000000000006395, -9.999999999999998224, 104.7482393492988564 ) ) ;
#2412 = CARTESIAN_POINT ( 'NONE',  ( -175.5632881256158271, 15.00000000000000000, 104.1063937511954833 ) ) ;
#2413 = VERTEX_POINT ( 'NONE', #3523 ) ;
#2414 = CARTESIAN_POINT ( 'NONE',  ( 55.31983351293719409, 11.29641284202913987, 79.34008324353213482 ) ) ;
#2415 = COLOUR_RGB ( '',0.7921568627450980005, 0.8196078431372548767, 0.9333333333333333481 ) ;
#2416 = EDGE_CURVE ( 'NONE', #4048, #606, #4251, .T. ) ;
#2417 = CARTESIAN_POINT ( 'NONE',  ( 65.23723779395270128, 15.67665842515356900, 102.9728427444531036 ) ) ;
#2418 = VECTOR ( 'NONE', #4125, 1000.000000000000000 ) ;
#2419 = CARTESIAN_POINT ( 'NONE',  ( -142.0692023973162463, -4.699216979782183223, 97.00656470188782521 ) ) ;
#2420 = DIRECTION ( 'NONE',  ( -1.000000000000000000, -0.000000000000000000, 2.312964634635741083E-15 ) ) ;
#2421 = AXIS2_PLACEMENT_3D ( 'NONE', #3664, #1574, #4328 ) ;
#2422 = DIRECTION ( 'NONE',  ( 0.000000000000000000, 4.956352788505164254E-16, 1.000000000000000000 ) ) ;
#2423 = ORIENTED_EDGE ( 'NONE', *, *, #541, .F. ) ;
#2424 = CARTESIAN_POINT ( 'NONE',  ( -38.00000000000000000, -9.000000000000000000, 75.09999999999993747 ) ) ;
#2425 = EDGE_LOOP ( 'NONE', ( #4240, #1491 ) ) ;
#2426 = EDGE_CURVE ( 'NONE', #1, #356, #2952, .T. ) ;
#2427 = CARTESIAN_POINT ( 'NONE',  ( 177.4192967898956965, 14.30605736383212623, 106.7895124504183713 ) ) ;
#2428 = ORIENTED_EDGE ( 'NONE', *, *, #3223, .F. ) ;
#2429 = FACE_BOUND ( 'NONE', #270, .T. ) ;
#2430 = CARTESIAN_POINT ( 'NONE',  ( -189.9999999999999716, 0.000000000000000000, 116.2159623945754845 ) ) ;
#2431 = ORIENTED_EDGE ( 'NONE', *, *, #3106, .F. ) ;
#2432 = CARTESIAN_POINT ( 'NONE',  ( 141.2755343332808309, -0.1078300769179890151, 88.67236620970686545 ) ) ;
#2433 = AXIS2_PLACEMENT_3D ( 'NONE', #3201, #1081, #3842 ) ;
#2434 = VECTOR ( 'NONE', #3795, 1000.000000000000000 ) ;
#2435 = CARTESIAN_POINT ( 'NONE',  ( 64.98218586449610257, 15.17819641258723529, 104.4779548856258771 ) ) ;
#2436 = CARTESIAN_POINT ( 'NONE',  ( -149.9999999999997442, 15.00000000000000000, -85.00000000000000000 ) ) ;
#2437 = EDGE_LOOP ( 'NONE', ( #250, #2758, #648, #3048 ) ) ;
#2438 = ORIENTED_EDGE ( 'NONE', *, *, #1476, .T. ) ;
#2439 = CARTESIAN_POINT ( 'NONE',  ( -136.8127787208093196, -0.3042954495990138897, 89.80724491613251814 ) ) ;
#2440 = ORIENTED_EDGE ( 'NONE', *, *, #659, .T. ) ;
#2441 = FACE_BOUND ( 'NONE', #2648, .T. ) ;
#2442 = ORIENTED_EDGE ( 'NONE', *, *, #4273, .T. ) ;
#2443 = CARTESIAN_POINT ( 'NONE',  ( -59.58525435947636595, 10.27971388341393499, 101.9948768246380126 ) ) ;
#2444 = CARTESIAN_POINT ( 'NONE',  ( 190.0000000000000284, -13.00000000000000000, 87.00000000000001421 ) ) ;
#2445 = ORIENTED_EDGE ( 'NONE', *, *, #2365, .T. ) ;
#2446 = CARTESIAN_POINT ( 'NONE',  ( -62.07106781186539735, 15.00000000000000888, 80.35786437626900636 ) ) ;
#2447 = CARTESIAN_POINT ( 'NONE',  ( -185.0911169748071075, 11.13716169440107429, 109.0484977318959352 ) ) ;
#2448 = ORIENTED_EDGE ( 'NONE', *, *, #2847, .F. ) ;
#2449 = CARTESIAN_POINT ( 'NONE',  ( 61.77784341583675598, 14.74463052283624087, 76.11107829208313547 ) ) ;
#2450 = DIRECTION ( 'NONE',  ( 0.000000000000000000, 0.000000000000000000, -1.000000000000000000 ) ) ;
#2451 = EDGE_CURVE ( 'NONE', #1579, #3146, #1000, .T. ) ;
#2452 = CARTESIAN_POINT ( 'NONE',  ( 67.73313046582948971, 14.46945991394008324, 101.5055905093212516 ) ) ;
#2453 = ADVANCED_FACE ( 'NONE', ( #1841 ), #1449, .F. ) ;
#2454 = CARTESIAN_POINT ( 'NONE',  ( 60.00000000000007816, 12.92893218813453515, 84.49999999999994316 ) ) ;
#2455 = VECTOR ( 'NONE', #926, 1000.000000000000000 ) ;
#2456 = AXIS2_PLACEMENT_3D ( 'NONE', #1056, #3893, #3212 ) ;
#2457 = ORIENTED_EDGE ( 'NONE', *, *, #2288, .T. ) ;
#2458 = CARTESIAN_POINT ( 'NONE',  ( -2.199999999999985523, -9.000000000000000000, -25.50000000000004263 ) ) ;
#2459 = ORIENTED_EDGE ( 'NONE', *, *, #3260, .T. ) ;
#2460 = DIRECTION ( 'NONE',  ( -1.000000000000000000, -0.000000000000000000, -3.384826294588891447E-16 ) ) ;
#2461 = CARTESIAN_POINT ( 'NONE',  ( 177.9758898828096676, 14.12585707757007469, 107.2073362678184907 ) ) ;
#2462 = CYLINDRICAL_SURFACE ( 'NONE', #3908, 4.999999999999997335 ) ;
#2463 = EDGE_CURVE ( 'NONE', #500, #2727, #15, .T. ) ;
#2464 = DIRECTION ( 'NONE',  ( 0.000000000000000000, 0.9320046715412958482, 0.3624462611549486568 ) ) ;
#2465 = ORIENTED_EDGE ( 'NONE', *, *, #2329, .T. ) ;
#2466 = LINE ( 'NONE', #1076, #207 ) ;
#2467 = DIRECTION ( 'NONE',  ( -1.000000000000000000, 0.000000000000000000, 0.000000000000000000 ) ) ;
#2468 = ORIENTED_EDGE ( 'NONE', *, *, #3743, .T. ) ;
#2469 = ORIENTED_EDGE ( 'NONE', *, *, #3322, .T. ) ;
#2470 = DIRECTION ( 'NONE',  ( 1.000000000000000000, 0.000000000000000000, 0.000000000000000000 ) ) ;
#2471 = CARTESIAN_POINT ( 'NONE',  ( 127.9793426724012164, -12.99999999999999822, -40.50000000000004263 ) ) ;
#2472 = CARTESIAN_POINT ( 'NONE',  ( 67.48074640773002386, 14.61410830846625508, 101.4949473280651802 ) ) ;
#2473 = DIRECTION ( 'NONE',  ( -1.000000000000000000, -0.000000000000000000, 1.632680918566406793E-15 ) ) ;
#2474 = VECTOR ( 'NONE', #2535, 1000.000000000000000 ) ;
#2475 = AXIS2_PLACEMENT_3D ( 'NONE', #867, #4329, #3665 ) ;
#2476 = VECTOR ( 'NONE', #586, 1000.000000000000000 ) ;
#2477 = ORIENTED_EDGE ( 'NONE', *, *, #1719, .T. ) ;
#2478 = CYLINDRICAL_SURFACE ( 'NONE', #1769, 16.00000000000000000 ) ;
#2479 = ORIENTED_EDGE ( 'NONE', *, *, #2763, .F. ) ;
#2480 = CARTESIAN_POINT ( 'NONE',  ( 44.00000000000013500, -6.699999999999997513, 68.84999999999993747 ) ) ;
#2481 = DIRECTION ( 'NONE',  ( 3.469446951953619612E-16, 0.000000000000000000, 1.000000000000000000 ) ) ;
#2482 = LINE ( 'NONE', #3450, #4182 ) ;
#2483 = EDGE_CURVE ( 'NONE', #1096, #392, #2131, .T. ) ;
#2484 = CARTESIAN_POINT ( 'NONE',  ( 59.63851848638179121, -14.09248184755064948, 101.8716862541198793 ) ) ;
#2485 = AXIS2_PLACEMENT_3D ( 'NONE', #2983, #918, #3326 ) ;
#2486 = CARTESIAN_POINT ( 'NONE',  ( -66.97184876397341213, 15.00000000000000000, 104.1063937511954123 ) ) ;
#2487 = ORIENTED_EDGE ( 'NONE', *, *, #1946, .F. ) ;
#2488 = DIRECTION ( 'NONE',  ( 0.000000000000000000, 0.000000000000000000, 1.000000000000000000 ) ) ;
#2489 = CARTESIAN_POINT ( 'NONE',  ( -131.9999999999999716, -15.00000000000000000, 47.84999999999989484 ) ) ;
#2490 = VECTOR ( 'NONE', #1015, 1000.000000000000000 ) ;
#2491 = EDGE_CURVE ( 'NONE', #4448, #285, #4131, .T. ) ;
#2492 = ORIENTED_EDGE ( 'NONE', *, *, #1050, .T. ) ;
#2493 = DIRECTION ( 'NONE',  ( -6.938893903907234689E-15, -7.401486830834377462E-15, 1.000000000000000000 ) ) ;
#2494 = LINE ( 'NONE', #3054, #337 ) ;
#2495 = CARTESIAN_POINT ( 'NONE',  ( 188.4423513985406373, 6.672881744503736279, 112.6579241467898669 ) ) ;
#2496 = AXIS2_PLACEMENT_3D ( 'NONE', #826, #182, #1160 ) ;
#2497 = CARTESIAN_POINT ( 'NONE',  ( 69.54724864019297570, 12.71157358142612637, 101.6587829414323352 ) ) ;
#2498 = LINE ( 'NONE', #407, #3971 ) ;
#2499 = AXIS2_PLACEMENT_3D ( 'NONE', #591, #3365, #1244 ) ;
#2500 = ORIENTED_EDGE ( 'NONE', *, *, #2696, .T. ) ;
#2501 = CARTESIAN_POINT ( 'NONE',  ( 127.9793426724012164, -2.773339119917619628E-29, -24.50000000000004974 ) ) ;
#2502 = ORIENTED_EDGE ( 'NONE', *, *, #4299, .T. ) ;
#2503 = AXIS2_PLACEMENT_3D ( 'NONE', #2877, #2521, #2541 ) ;
#2504 = DIRECTION ( 'NONE',  ( -1.000000000000000000, 0.000000000000000000, 2.449021377849609992E-15 ) ) ;
#2505 = EDGE_CURVE ( 'NONE', #2555, #606, #3631, .T. ) ;
#2506 = CARTESIAN_POINT ( 'NONE',  ( -2.199999999999982858, -18.74798927613945310, -48.20911528150136149 ) ) ;
#2507 = CARTESIAN_POINT ( 'NONE',  ( 66.67679859182928226, 14.99999999999409184, 101.6328168346873611 ) ) ;
#2508 = DIRECTION ( 'NONE',  ( -1.000000000000000000, -0.000000000000000000, 0.000000000000000000 ) ) ;
#2509 = CARTESIAN_POINT ( 'NONE',  ( 127.9793426724012164, -1.214306433183767806E-14, -24.50000000000004974 ) ) ;
#2510 = EDGE_CURVE ( 'NONE', #100, #3618, #3739, .T. ) ;
#2511 = EDGE_LOOP ( 'NONE', ( #546, #78, #664, #2017 ) ) ;
#2512 = VERTEX_POINT ( 'NONE', #1940 ) ;
#2513 = CARTESIAN_POINT ( 'NONE',  ( 63.30197176100715950, 13.88593923384019568, 107.7649285024932766 ) ) ;
#2514 = DIRECTION ( 'NONE',  ( 1.000000000000000000, -0.000000000000000000, -0.000000000000000000 ) ) ;
#2515 = DIRECTION ( 'NONE',  ( -1.000000000000000000, 0.000000000000000000, 0.000000000000000000 ) ) ;
#2516 = EDGE_CURVE ( 'NONE', #402, #1616, #825, .T. ) ;
#2517 = ORIENTED_EDGE ( 'NONE', *, *, #1050, .F. ) ;
#2518 = CARTESIAN_POINT ( 'NONE',  ( 183.0069564267828639, 9.885287662774429052, 114.1065144388924040 ) ) ;
#2519 = CARTESIAN_POINT ( 'NONE',  ( 11.85660395791400212, -18.74798927613945310, -48.20911528150136149 ) ) ;
#2520 = EDGE_CURVE ( 'NONE', #1665, #2727, #1249, .T. ) ;
#2521 = DIRECTION ( 'NONE',  ( -1.000000000000000000, 0.000000000000000000, 0.000000000000000000 ) ) ;
#2522 = CARTESIAN_POINT ( 'NONE',  ( 190.0000000000000284, -13.30124343522352959, 95.04813484716459016 ) ) ;
#2523 = VERTEX_POINT ( 'NONE', #2588 ) ;
#2524 = CARTESIAN_POINT ( 'NONE',  ( -175.4813813001487119, 14.64960322116695224, 105.9455275894118245 ) ) ;
#2525 = ORIENTED_EDGE ( 'NONE', *, *, #1174, .F. ) ;
#2526 = DIRECTION ( 'NONE',  ( 0.000000000000000000, 0.000000000000000000, 1.000000000000000000 ) ) ;
#2527 = CARTESIAN_POINT ( 'NONE',  ( -65.30974129989533594, 15.11020971449056027, 104.6810719722528518 ) ) ;
#2528 = DIRECTION ( 'NONE',  ( 0.000000000000000000, 0.000000000000000000, 1.000000000000000000 ) ) ;
#2529 = DIRECTION ( 'NONE',  ( 3.469446951953619612E-16, -0.000000000000000000, 1.000000000000000000 ) ) ;
#2530 = CARTESIAN_POINT ( 'NONE',  ( -177.1588954623622385, 14.84690931942079750, 104.3649190658626509 ) ) ;
#2531 = VECTOR ( 'NONE', #1417, 1000.000000000000000 ) ;
#2532 = ORIENTED_EDGE ( 'NONE', *, *, #4054, .T. ) ;
#2533 = CARTESIAN_POINT ( 'NONE',  ( -65.78608947793460970, 14.75817489299551610, 105.6636979999007764 ) ) ;
#2534 = CARTESIAN_POINT ( 'NONE',  ( -67.13051226090618684, 14.99999999999999822, 102.4729888179313804 ) ) ;
#2535 = DIRECTION ( 'NONE',  ( -1.000000000000000000, -0.000000000000000000, 3.469446951953620105E-16 ) ) ;
#2536 = CARTESIAN_POINT ( 'NONE',  ( -59.99999999999992184, 10.00000000000000888, 79.49999999999995737 ) ) ;
#2537 = CARTESIAN_POINT ( 'NONE',  ( 137.6894542023438248, -4.537383870548433507, 96.87101160516026255 ) ) ;
#2538 = CARTESIAN_POINT ( 'NONE',  ( 186.5627516935304016, 9.829693714117793135, 114.2000818695562572 ) ) ;
#2539 = DIRECTION ( 'NONE',  ( -1.077846922295159189E-16, 0.3624462611549489899, 0.9320046715412957372 ) ) ;
#2540 = VECTOR ( 'NONE', #1835, 1000.000000000000000 ) ;
#2541 = DIRECTION ( 'NONE',  ( 0.000000000000000000, 0.000000000000000000, 1.000000000000000000 ) ) ;
#2542 = CARTESIAN_POINT ( 'NONE',  ( 0.000000000000000000, -10.83333333333333393, 99.81817286338251449 ) ) ;
#2543 = EDGE_CURVE ( 'NONE', #1099, #2940, #3151, .T. ) ;
#2544 = EDGE_LOOP ( 'NONE', ( #916, #2479 ) ) ;
#2545 = CARTESIAN_POINT ( 'NONE',  ( -176.1753962240061071, 14.58007739814418713, 106.1225218038616163 ) ) ;
#2546 = ORIENTED_EDGE ( 'NONE', *, *, #177, .T. ) ;
#2547 = DIRECTION ( 'NONE',  ( -0.000000000000000000, 1.000000000000000000, -0.000000000000000000 ) ) ;
#2548 = DIRECTION ( 'NONE',  ( 0.000000000000000000, 0.000000000000000000, 1.000000000000000000 ) ) ;
#2549 = CARTESIAN_POINT ( 'NONE',  ( 56.35681701766809937, 7.000616423461973881, 104.8191793777300234 ) ) ;
#2550 = VECTOR ( 'NONE', #3255, 1000.000000000000000 ) ;
#2551 = PLANE ( 'NONE',  #47 ) ;
#2552 = CARTESIAN_POINT ( 'NONE',  ( -179.0059050514283854, 13.66194732192197314, 108.2056062032784496 ) ) ;
#2553 = AXIS2_PLACEMENT_3D ( 'NONE', #2519, #2539, #2899 ) ;
#2554 = ADVANCED_FACE ( 'NONE', ( #515 ), #2640, .F. ) ;
#2555 = VERTEX_POINT ( 'NONE', #2013 ) ;
#2556 = CARTESIAN_POINT ( 'NONE',  ( -68.06284605616008321, 15.60876093893847738, 103.2426878068338425 ) ) ;
#2557 = DIRECTION ( 'NONE',  ( -1.000000000000000000, 0.000000000000000000, 0.000000000000000000 ) ) ;
#2558 = CARTESIAN_POINT ( 'NONE',  ( 223.2820117735137160, 14.66024868704470485, 105.9180455320014715 ) ) ;
#2559 = PLANE ( 'NONE',  #1978 ) ;
#2560 = CIRCLE ( 'NONE', #1399, 5.000000000000004441 ) ;
#2561 = DIRECTION ( 'NONE',  ( -1.000000000000000000, 0.000000000000000000, 2.312964634635735561E-15 ) ) ;
#2562 = AXIS2_PLACEMENT_3D ( 'NONE', #3063, #3504, #3431 ) ;
#2563 = CARTESIAN_POINT ( 'NONE',  ( 136.7110598207514442, -0.3326560468165223328, 89.92462892202087232 ) ) ;
#2564 = CARTESIAN_POINT ( 'NONE',  ( 179.6042023549666453, 14.28494567533880044, 105.2518473638496488 ) ) ;
#2565 = CARTESIAN_POINT ( 'NONE',  ( 175.5626037212753943, 14.99205864513067077, 104.1200464081099426 ) ) ;
#2566 = CARTESIAN_POINT ( 'NONE',  ( -135.7478776462041594, -0.8098613816407225219, 91.51934414344027857 ) ) ;
#2567 = DIRECTION ( 'NONE',  ( -0.000000000000000000, 1.000000000000000000, -0.000000000000000000 ) ) ;
#2568 = VECTOR ( 'NONE', #4322, 1000.000000000000000 ) ;
#2569 = ADVANCED_FACE ( 'NONE', ( #2953 ), #3345, .F. ) ;
#2570 = ORIENTED_EDGE ( 'NONE', *, *, #2796, .F. ) ;
#2571 = CARTESIAN_POINT ( 'NONE',  ( -176.8385244537147969, 14.46785565373737903, 106.4023203004169460 ) ) ;
#2572 = CARTESIAN_POINT ( 'NONE',  ( -185.6553957480235511, -15.00000000000000000, 124.9675081156970862 ) ) ;
#2573 = FACE_OUTER_BOUND ( 'NONE', #2805, .T. ) ;
#2574 = PLANE ( 'NONE',  #3142 ) ;
#2575 = DIRECTION ( 'NONE',  ( -1.000000000000000000, 0.000000000000000000, -0.000000000000000000 ) ) ;
#2576 = CARTESIAN_POINT ( 'NONE',  ( 189.7384723570880851, -14.99999999999999645, 121.5981298040133112 ) ) ;
#2577 = EDGE_LOOP ( 'NONE', ( #1038, #4428, #1419, #3079, #1107 ) ) ;
#2578 = CARTESIAN_POINT ( 'NONE',  ( -178.2952000518557725, 14.63615155666930256, 104.7078319863798157 ) ) ;
#2579 = CARTESIAN_POINT ( 'NONE',  ( -65.25758865383525631, 15.13066227163951893, 104.6203663913143203 ) ) ;
#2580 = CARTESIAN_POINT ( 'NONE',  ( 132.0000000000000853, -15.00000000000000000, 47.84999999999964615 ) ) ;
#2581 = DIRECTION ( 'NONE',  ( 0.000000000000000000, 0.000000000000000000, -1.000000000000000000 ) ) ;
#2582 = DIRECTION ( 'NONE',  ( 0.000000000000000000, 1.000000000000000000, 0.000000000000000000 ) ) ;
#2583 = DIRECTION ( 'NONE',  ( -1.000000000000000000, -0.000000000000000000, -0.000000000000000000 ) ) ;
#2584 = CARTESIAN_POINT ( 'NONE',  ( 135.4924152739853866, -1.516128992898142736, 93.10110084075904524 ) ) ;
#2585 = LINE ( 'NONE', #3221, #1484 ) ;
#2586 = CARTESIAN_POINT ( 'NONE',  ( 189.4991609078979593, 3.967874769138432178, 114.3191224579769170 ) ) ;
#2587 = CARTESIAN_POINT ( 'NONE',  ( 143.3388298546086332, -3.642918427953713234, 96.02847955726406326 ) ) ;
#2588 = CARTESIAN_POINT ( 'NONE',  ( -175.0000000000000000, 14.66024868704470485, 105.9180455320016137 ) ) ;
#2589 = ORIENTED_EDGE ( 'NONE', *, *, #2426, .F. ) ;
#2590 = ADVANCED_FACE ( 'NONE', ( #137 ), #3244, .T. ) ;
#2591 = CARTESIAN_POINT ( 'NONE',  ( -58.57190719823762493, 8.641036163631596878, 103.5265602312843782 ) ) ;
#2592 = CARTESIAN_POINT ( 'NONE',  ( -65.49490022879034257, 15.00000000000000000, 100.4948995957286542 ) ) ;
#2593 = DIRECTION ( 'NONE',  ( -1.000000000000000000, -0.000000000000000000, 3.469446951953620105E-16 ) ) ;
#2594 = DIRECTION ( 'NONE',  ( -2.721134864277343669E-16, 0.000000000000000000, 1.000000000000000000 ) ) ;
#2595 = CARTESIAN_POINT ( 'NONE',  ( 176.6143157628047504, 14.50577035483730981, 106.3077846750951210 ) ) ;
#2596 = CARTESIAN_POINT ( 'NONE',  ( 186.6184174199254926, -15.00000000000000178, 124.7416079223165752 ) ) ;
#2597 = ORIENTED_EDGE ( 'NONE', *, *, #384, .T. ) ;
#2598 = CARTESIAN_POINT ( 'NONE',  ( -178.8282351814422100, 14.50585713314149316, 104.9126213052545893 ) ) ;
#2599 = ORIENTED_EDGE ( 'NONE', *, *, #1825, .F. ) ;
#2600 = EDGE_LOOP ( 'NONE', ( #1497, #2145, #2047, #4423 ) ) ;
#2601 = EDGE_CURVE ( 'NONE', #2769, #4146, #216, .T. ) ;
#2602 = CARTESIAN_POINT ( 'NONE',  ( -66.06843256709836965, 15.66828149146868299, 103.0061252137272163 ) ) ;
#2603 = DIRECTION ( 'NONE',  ( 0.000000000000000000, 0.000000000000000000, 1.000000000000000000 ) ) ;
#2604 =( NAMED_UNIT ( * ) SI_UNIT ( $, .STERADIAN. ) SOLID_ANGLE_UNIT ( ) );
#2605 = EDGE_CURVE ( 'NONE', #3059, #4146, #1585, .T. ) ;
#2606 = AXIS2_PLACEMENT_3D ( 'NONE', #1561, #3624, #2287 ) ;
#2607 = CIRCLE ( 'NONE', #424, 12.99999999999999822 ) ;
#2608 = CARTESIAN_POINT ( 'NONE',  ( -61.77784341583350169, 14.74463052283624087, 76.11107829208313547 ) ) ;
#2609 = DIRECTION ( 'NONE',  ( -1.000000000000000000, -0.000000000000000000, -4.869399230812090436E-16 ) ) ;
#2610 = CARTESIAN_POINT ( 'NONE',  ( 137.0345731365710549, -4.010889587450876981, 96.39488891891328137 ) ) ;
#2611 = CARTESIAN_POINT ( 'NONE',  ( 187.0104346397968698, 9.031298719728759750, 110.9301178404590189 ) ) ;
#2612 = CARTESIAN_POINT ( 'NONE',  ( -132.0000000000000000, -6.699999999999997513, 64.84999999999993747 ) ) ;
#2613 = ORIENTED_EDGE ( 'NONE', *, *, #274, .F. ) ;
#2614 = CARTESIAN_POINT ( 'NONE',  ( 141.5369218265470579, -4.988020697676361692, 97.23924382129190747 ) ) ;
#2615 = CARTESIAN_POINT ( 'NONE',  ( -60.25536947723294645, 11.61107829225037236, 83.98926104553380867 ) ) ;
#2616 = EDGE_CURVE ( 'NONE', #2523, #4465, #979, .T. ) ;
#2617 = VERTEX_POINT ( 'NONE', #4019 ) ;
#2618 = DIRECTION ( 'NONE',  ( 0.000000000000000000, 1.000000000000000000, 0.000000000000000000 ) ) ;
#2619 = CARTESIAN_POINT ( 'NONE',  ( -144.5057244486046670, -1.369263271553931904, 92.81626439741953050 ) ) ;
#2620 = DIRECTION ( 'NONE',  ( 0.000000000000000000, 0.000000000000000000, 1.000000000000000000 ) ) ;
#2621 = CARTESIAN_POINT ( 'NONE',  ( -59.35012692213224028, 9.657379975723538124, 102.4760648257095141 ) ) ;
#2622 = FACE_OUTER_BOUND ( 'NONE', #2974, .T. ) ;
#2623 = DIRECTION ( 'NONE',  ( -1.000000000000000000, 0.000000000000000000, -0.000000000000000000 ) ) ;
#2624 = ORIENTED_EDGE ( 'NONE', *, *, #2927, .T. ) ;
#2625 = CARTESIAN_POINT ( 'NONE',  ( -179.8404187907636924, 14.19982665333588834, 105.3751096843732000 ) ) ;
#2626 = AXIS2_PLACEMENT_3D ( 'NONE', #900, #3645, #3991 ) ;
#2627 = EDGE_CURVE ( 'NONE', #2022, #309, #1931, .T. ) ;
#2628 = CARTESIAN_POINT ( 'NONE',  ( -65.88937309086341543, 14.65262064470865333, 105.9376473707204269 ) ) ;
#2629 = CARTESIAN_POINT ( 'NONE',  ( -185.5254955255077220, -14.42463390939314749, 125.0000000000000000 ) ) ;
#2630 = AXIS2_PLACEMENT_3D ( 'NONE', #841, #2933, #1202 ) ;
#2631 = CARTESIAN_POINT ( 'NONE',  ( -64.99999999999991473, 15.00000000000000711, 74.49999999999994316 ) ) ;
#2632 = CARTESIAN_POINT ( 'NONE',  ( -64.11797841410812282, 14.66024868704471551, 105.9180455320015426 ) ) ;
#2633 = CARTESIAN_POINT ( 'NONE',  ( 135.5558321589447530, -1.096469483584859628, 92.23535382107917258 ) ) ;
#2634 = ORIENTED_EDGE ( 'NONE', *, *, #4188, .T. ) ;
#2635 = CARTESIAN_POINT ( 'NONE',  ( 38.00000000000014211, 0.000000000000000000, 54.59999999999993747 ) ) ;
#2636 = EDGE_CURVE ( 'NONE', #4014, #2126, #2946, .T. ) ;
#2637 = CARTESIAN_POINT ( 'NONE',  ( -60.65897890083171973, 13.01960594430997453, 101.6279839180075868 ) ) ;
#2638 = VERTEX_POINT ( 'NONE', #3337 ) ;
#2639 = CARTESIAN_POINT ( 'NONE',  ( 140.0000000000001705, -5.335145141621742582, 97.49999999999978684 ) ) ;
#2640 = PLANE ( 'NONE',  #2002 ) ;
#2641 = ORIENTED_EDGE ( 'NONE', *, *, #2118, .F. ) ;
#2642 = CARTESIAN_POINT ( 'NONE',  ( 62.01338849914767337, 15.61182109540103902, 103.2304774359597275 ) ) ;
#2643 = DIRECTION ( 'NONE',  ( -1.000000000000000000, 0.000000000000000000, -0.000000000000000000 ) ) ;
#2644 = DIRECTION ( 'NONE',  ( -0.000000000000000000, 1.000000000000000000, -0.000000000000000000 ) ) ;
#2645 = CARTESIAN_POINT ( 'NONE',  ( -58.28888561847781347, 15.36047712997651260, 104.3452838277628132 ) ) ;
#2646 = VECTOR ( 'NONE', #537, 1000.000000000000000 ) ;
#2647 = LINE ( 'NONE', #4039, #3877 ) ;
#2648 = EDGE_LOOP ( 'NONE', ( #2613, #220 ) ) ;
#2649 = EDGE_CURVE ( 'NONE', #1450, #1771, #1552, .T. ) ;
#2650 = ORIENTED_EDGE ( 'NONE', *, *, #777, .T. ) ;
#2651 = CARTESIAN_POINT ( 'NONE',  ( -64.63461766851553136, 15.08349874871098351, 104.7594854945557046 ) ) ;
#2652 = CARTESIAN_POINT ( 'NONE',  ( -64.99999999999991473, 15.00000000000000000, 74.49999999999995737 ) ) ;
#2653 = ORIENTED_EDGE ( 'NONE', *, *, #2088, .F. ) ;
#2654 = CIRCLE ( 'NONE', #3227, 5.000000000000004441 ) ;
#2655 = VECTOR ( 'NONE', #2822, 1000.000000000000000 ) ;
#2656 = EDGE_CURVE ( 'NONE', #2305, #4498, #249, .T. ) ;
#2657 = EDGE_CURVE ( 'NONE', #2095, #966, #1512, .T. ) ;
#2658 = VECTOR ( 'NONE', #1840, 1000.000000000000000 ) ;
#2659 = LINE ( 'NONE', #925, #4103 ) ;
#2660 = CARTESIAN_POINT ( 'NONE',  ( 127.9793426724012164, 2.800339325505419421E-14, -56.50000000000003553 ) ) ;
#2661 = CIRCLE ( 'NONE', #92, 16.00000000000000000 ) ;
#2662 = DIRECTION ( 'NONE',  ( 0.000000000000000000, 0.000000000000000000, 1.000000000000000000 ) ) ;
#2663 = ORIENTED_EDGE ( 'NONE', *, *, #4331, .T. ) ;
#2664 = CARTESIAN_POINT ( 'NONE',  ( -61.51537618342015179, 12.62375537626157218, 110.1635576912781005 ) ) ;
#2665 = CARTESIAN_POINT ( 'NONE',  ( 190.0000000000000284, -9.999999999999998224, 104.7482393492988564 ) ) ;
#2666 = ORIENTED_EDGE ( 'NONE', *, *, #2649, .T. ) ;
#2667 = CARTESIAN_POINT ( 'NONE',  ( 144.4453735416795439, -1.099685653867819468, 92.24262796182216562 ) ) ;
#2668 = ADVANCED_FACE ( 'NONE', ( #4044 ), #2971, .T. ) ;
#2669 = CARTESIAN_POINT ( 'NONE',  ( -59.99999999999992184, 10.32725294661027959, 84.50000000001357137 ) ) ;
#2670 = EDGE_CURVE ( 'NONE', #3746, #4269, #2111, .T. ) ;
#2671 = ORIENTED_EDGE ( 'NONE', *, *, #2297, .F. ) ;
#2672 = CARTESIAN_POINT ( 'NONE',  ( 132.0000000000001705, -15.00000000000000000, 81.84999999999963904 ) ) ;
#2673 = CARTESIAN_POINT ( 'NONE',  ( -140.0000000000000000, -0.08682842985504103661, 88.50000000000001421 ) ) ;
#2674 = CARTESIAN_POINT ( 'NONE',  ( 44.00000000000013500, -9.000000000000000000, 75.09999999999993747 ) ) ;
#2675 = CARTESIAN_POINT ( 'NONE',  ( -43.99999999999998579, -9.000000000000000000, 75.09999999999993747 ) ) ;
#2676 = CARTESIAN_POINT ( 'NONE',  ( -131.9999999999999716, -9.999999999999998224, 47.84999999999989484 ) ) ;
#2677 = EDGE_LOOP ( 'NONE', ( #2382, #452, #1322, #3127, #1749, #1412 ) ) ;
#2678 = CARTESIAN_POINT ( 'NONE',  ( -184.4540387235033450, 6.643605403267391019, 117.4785853758123011 ) ) ;
#2679 = CARTESIAN_POINT ( 'NONE',  ( -65.61929795523451503, 15.67402637261374920, 102.9833023635492282 ) ) ;
#2680 = ORIENTED_EDGE ( 'NONE', *, *, #3521, .F. ) ;
#2681 = DIRECTION ( 'NONE',  ( 0.000000000000000000, -1.000000000000000000, 0.000000000000000000 ) ) ;
#2682 = CARTESIAN_POINT ( 'NONE',  ( 64.11797841410829335, 10.00000000000000533, 104.1063937511953554 ) ) ;
#2683 = CARTESIAN_POINT ( 'NONE',  ( 175.0000000000000000, 15.00000000000000000, -59.99999999999972289 ) ) ;
#2684 = CARTESIAN_POINT ( 'NONE',  ( -63.30124937401676277, 13.88530232446133006, 107.7663332821840640 ) ) ;
#2685 = AXIS2_PLACEMENT_3D ( 'NONE', #1746, #1440, #2827 ) ;
#2686 = VERTEX_POINT ( 'NONE', #855 ) ;
#2687 = FACE_OUTER_BOUND ( 'NONE', #3868, .T. ) ;
#2688 = CARTESIAN_POINT ( 'NONE',  ( -59.99999999999992184, 10.00000000000000888, 79.49999999999995737 ) ) ;
#2689 = VERTEX_POINT ( 'NONE', #1240 ) ;
#2690 = EDGE_LOOP ( 'NONE', ( #4167, #1364 ) ) ;
#2691 = DIRECTION ( 'NONE',  ( -4.869399230812090436E-16, 0.000000000000000000, 1.000000000000000000 ) ) ;
#2692 = EDGE_LOOP ( 'NONE', ( #3773, #1209, #743 ) ) ;
#2693 = CARTESIAN_POINT ( 'NONE',  ( -54.99999999999992184, 12.92893218813452982, 79.49999999999995737 ) ) ;
#2694 = CARTESIAN_POINT ( 'NONE',  ( 55.31370849898491571, -6.699999999999997513, 64.84999999999993747 ) ) ;
#2695 = CARTESIAN_POINT ( 'NONE',  ( -38.00000000000000000, -9.000000000000000000, 75.09999999999993747 ) ) ;
#2696 = EDGE_CURVE ( 'NONE', #2686, #3760, #4387, .T. ) ;
#2697 = CARTESIAN_POINT ( 'NONE',  ( 60.00000000000006395, 10.00000000000000888, 99.99999999999995737 ) ) ;
#2698 = ORIENTED_EDGE ( 'NONE', *, *, #336, .F. ) ;
#2699 = CARTESIAN_POINT ( 'NONE',  ( 185.0000000000000284, -13.30124343522352959, 95.04813484716459016 ) ) ;
#2700 = ORIENTED_EDGE ( 'NONE', *, *, #1094, .F. ) ;
#2701 = CARTESIAN_POINT ( 'NONE',  ( -60.92928588281433377, 13.35269797856374296, 101.5969015599304441 ) ) ;
#2702 = CARTESIAN_POINT ( 'NONE',  ( -54.68159003441307675, 16.06970090957462105, 105.4243148443063092 ) ) ;
#2703 = VECTOR ( 'NONE', #1077, 1000.000000000000000 ) ;
#2704 = FACE_BOUND ( 'NONE', #2544, .T. ) ;
#2705 = CARTESIAN_POINT ( 'NONE',  ( 56.07524514784157077, 15.33252649949533186, 105.5675018970001133 ) ) ;
#2706 = CARTESIAN_POINT ( 'NONE',  ( -54.99999999999992184, 10.74196951500537089, 112.9903730305671417 ) ) ;
#2707 = DIRECTION ( 'NONE',  ( 0.000000000000000000, 4.956352788505164254E-16, -1.000000000000000000 ) ) ;
#2708 = AXIS2_PLACEMENT_3D ( 'NONE', #306, #3520, #4226 ) ;
#2709 = VECTOR ( 'NONE', #3448, 1000.000000000000000 ) ;
#2710 = ORIENTED_EDGE ( 'NONE', *, *, #1372, .T. ) ;
#2711 = CARTESIAN_POINT ( 'NONE',  ( 60.66084200511431845, 12.50575337110209695, 83.17831598977349472 ) ) ;
#2712 = CARTESIAN_POINT ( 'NONE',  ( 69.41234618784962151, 15.54966976920587562, 103.4821141662668538 ) ) ;
#2713 = CARTESIAN_POINT ( 'NONE',  ( -61.40559293885389991, 13.71734956328922728, 78.09440706114015995 ) ) ;
#2714 = CIRCLE ( 'NONE', #969, 4.000000000000003553 ) ;
#2715 = ORIENTED_EDGE ( 'NONE', *, *, #2169, .T. ) ;
#2716 = CARTESIAN_POINT ( 'NONE',  ( 64.16937048901405660, 14.71348170047004444, 105.7811102315474443 ) ) ;
#2717 = ORIENTED_EDGE ( 'NONE', *, *, #2958, .T. ) ;
#2718 = DIRECTION ( 'NONE',  ( -1.000000000000000000, -0.000000000000000000, 0.000000000000000000 ) ) ;
#2719 = ORIENTED_EDGE ( 'NONE', *, *, #4261, .T. ) ;
#2720 = CARTESIAN_POINT ( 'NONE',  ( 183.9530113875806023, 8.018532928360889045, 116.1594561812482169 ) ) ;
#2721 = TOROIDAL_SURFACE ( 'NONE', #974, 24.99999999999999289, 5.000000000000000000 ) ;
#2722 = DIRECTION ( 'NONE',  ( -1.000000000000000000, -0.000000000000000000, -0.000000000000000000 ) ) ;
#2723 = EDGE_CURVE ( 'NONE', #3632, #4405, #2659, .T. ) ;
#2724 = CARTESIAN_POINT ( 'NONE',  ( -132.0000000000000000, 0.000000000000000000, 81.84999999999989484 ) ) ;
#2725 = VERTEX_POINT ( 'NONE', #2310 ) ;
#2726 = CARTESIAN_POINT ( 'NONE',  ( 55.00000000000007105, 6.734767356633923008, 104.9999999999999716 ) ) ;
#2727 = VERTEX_POINT ( 'NONE', #3699 ) ;
#2728 = ADVANCED_FACE ( 'NONE', ( #4119 ), #4095, .F. ) ;
#2729 = AXIS2_PLACEMENT_3D ( 'NONE', #113, #3648, #3675 ) ;
#2730 = EDGE_CURVE ( 'NONE', #2401, #4519, #3495, .T. ) ;
#2731 = CARTESIAN_POINT ( 'NONE',  ( -64.33575563156364296, 14.87081364358664537, 105.3602915352201848 ) ) ;
#2732 = CARTESIAN_POINT ( 'NONE',  ( -55.80633869049835027, 15.39412039338300886, 105.6131264375662795 ) ) ;
#2733 = AXIS2_PLACEMENT_3D ( 'NONE', #3032, #2422, #1626 ) ;
#2734 = DIRECTION ( 'NONE',  ( 0.000000000000000000, 0.000000000000000000, 1.000000000000000000 ) ) ;
#2735 = CARTESIAN_POINT ( 'NONE',  ( 58.28888561847622896, 15.36047712997393333, 104.3452838277696486 ) ) ;
#2736 = CARTESIAN_POINT ( 'NONE',  ( 64.84792278778175501, 15.16369827947020532, 104.5217761673167018 ) ) ;
#2737 = CARTESIAN_POINT ( 'NONE',  ( 55.31370849898491571, -6.699999999999997513, 68.84999999999993747 ) ) ;
#2738 = ORIENTED_EDGE ( 'NONE', *, *, #3180, .T. ) ;
#2739 = CARTESIAN_POINT ( 'NONE',  ( 142.4440011513322304, -0.1874163549754158664, 89.20808041948578193 ) ) ;
#2740 = CARTESIAN_POINT ( 'NONE',  ( 127.9793426724012164, -13.99999999999999822, -24.50000000000004263 ) ) ;
#2741 = ORIENTED_EDGE ( 'NONE', *, *, #3568, .F. ) ;
#2742 = ORIENTED_EDGE ( 'NONE', *, *, #945, .T. ) ;
#2743 = CARTESIAN_POINT ( 'NONE',  ( 65.24214704029708400, 15.13623660455700914, 104.6037904869667159 ) ) ;
#2744 = CARTESIAN_POINT ( 'NONE',  ( -131.9999999999999716, 0.000000000000000000, 47.84999999999989484 ) ) ;
#2745 = CYLINDRICAL_SURFACE ( 'NONE', #2779, 4.999999999999997335 ) ;
#2746 = ADVANCED_FACE ( 'NONE', ( #2389 ), #314, .T. ) ;
#2747 = DIRECTION ( 'NONE',  ( 0.000000000000000000, 1.000000000000000000, 0.000000000000000000 ) ) ;
#2748 = ORIENTED_EDGE ( 'NONE', *, *, #679, .T. ) ;
#2749 = CARTESIAN_POINT ( 'NONE',  ( -186.8201026911299323, 9.530863244890293018, 114.5546241637310771 ) ) ;
#2750 = ORIENTED_EDGE ( 'NONE', *, *, #4046, .T. ) ;
#2751 = CARTESIAN_POINT ( 'NONE',  ( -64.93553292869079030, 15.17539690147368603, 104.4864076072389025 ) ) ;
#2752 = EDGE_CURVE ( 'NONE', #983, #2869, #636, .T. ) ;
#2753 = CARTESIAN_POINT ( 'NONE',  ( 86.60000000000000853, -1.110223024625155554E-16, -56.50000000000003553 ) ) ;
#2754 = ADVANCED_FACE ( 'NONE', ( #1287 ), #3016, .F. ) ;
#2755 = CARTESIAN_POINT ( 'NONE',  ( 58.14823578839421714, 8.215180820965112929, 103.8913796530933240 ) ) ;
#2756 = CARTESIAN_POINT ( 'NONE',  ( -59.99999999999990052, 12.92893218813452982, 84.49999999999994316 ) ) ;
#2757 = CARTESIAN_POINT ( 'NONE',  ( -140.0000000000000000, 15.00000000000000000, 97.49999999999998579 ) ) ;
#2758 = ORIENTED_EDGE ( 'NONE', *, *, #4054, .F. ) ;
#2759 = CARTESIAN_POINT ( 'NONE',  ( 59.81239020281492458, 10.27248092729080930, 79.68760979718761917 ) ) ;
#2760 = DIRECTION ( 'NONE',  ( 0.000000000000000000, -0.000000000000000000, 1.000000000000000000 ) ) ;
#2761 = VECTOR ( 'NONE', #3555, 1000.000000000000000 ) ;
#2762 = CARTESIAN_POINT ( 'NONE',  ( 62.91772585597269085, 15.64379788477161881, 103.1033313718080962 ) ) ;
#2763 = EDGE_CURVE ( 'NONE', #1300, #1685, #4009, .T. ) ;
#2764 = CARTESIAN_POINT ( 'NONE',  ( -143.5088040288288767, -3.454287574967730201, 95.82943514677418761 ) ) ;
#2765 = LINE ( 'NONE', #3399, #3357 ) ;
#2766 = DIRECTION ( 'NONE',  ( -1.000000000000000000, 0.000000000000000000, 0.000000000000000000 ) ) ;
#2767 = ORIENTED_EDGE ( 'NONE', *, *, #177, .F. ) ;
#2768 = CARTESIAN_POINT ( 'NONE',  ( 86.60000000000000853, -13.99999999999999822, -56.50000000000004263 ) ) ;
#2769 = VERTEX_POINT ( 'NONE', #2753 ) ;
#2770 = CARTESIAN_POINT ( 'NONE',  ( 180.1223886966292582, 12.99511913938896868, 109.5078619958361941 ) ) ;
#2771 = EDGE_CURVE ( 'NONE', #1780, #1420, #611, .T. ) ;
#2772 = AXIS2_PLACEMENT_3D ( 'NONE', #1792, #2894, #2831 ) ;
#2773 = ORIENTED_EDGE ( 'NONE', *, *, #3800, .F. ) ;
#2774 = CARTESIAN_POINT ( 'NONE',  ( -38.00000000000000000, -9.000000000000000000, 75.09999999999993747 ) ) ;
#2775 = DIRECTION ( 'NONE',  ( -0.000000000000000000, 1.000000000000000000, -0.000000000000000000 ) ) ;
#2776 = ADVANCED_FACE ( 'NONE', ( #4067, #975 ), #4140, .F. ) ;
#2777 = EDGE_LOOP ( 'NONE', ( #2829, #4080, #4469, #3418, #870, #4475 ) ) ;
#2778 = CIRCLE ( 'NONE', #2991, 4.000000000000003553 ) ;
#2779 = AXIS2_PLACEMENT_3D ( 'NONE', #991, #4132, #1012 ) ;
#2780 = ORIENTED_EDGE ( 'NONE', *, *, #3428, .T. ) ;
#2781 = CARTESIAN_POINT ( 'NONE',  ( 64.70846918082334298, 15.11728452356292074, 104.6600081500165658 ) ) ;
#2782 = VECTOR ( 'NONE', #2352, 1000.000000000000000 ) ;
#2783 = DIRECTION ( 'NONE',  ( -0.000000000000000000, 1.000000000000000000, -0.000000000000000000 ) ) ;
#2784 = CARTESIAN_POINT ( 'NONE',  ( -139.6736430540005642, -5.335145141622031240, 97.50000000000000000 ) ) ;
#2785 = VERTEX_POINT ( 'NONE', #3407 ) ;
#2786 = FACE_OUTER_BOUND ( 'NONE', #1908, .T. ) ;
#2787 = ORIENTED_EDGE ( 'NONE', *, *, #2116, .F. ) ;
#2788 = CARTESIAN_POINT ( 'NONE',  ( -64.11797841410810861, 14.66024868704471729, 105.9180455320015426 ) ) ;
#2789 = CARTESIAN_POINT ( 'NONE',  ( 59.97221434492491454, -12.73414913406461757, 100.5496844437134598 ) ) ;
#2790 = PRODUCT_CONTEXT ( 'NONE', #122, 'mechanical' ) ;
#2791 = AXIS2_PLACEMENT_3D ( 'NONE', #3994, #2286, #1168 ) ;
#2792 = ORIENTED_EDGE ( 'NONE', *, *, #3445, .T. ) ;
#2793 = CARTESIAN_POINT ( 'NONE',  ( 86.59999999999999432, 0.000000000000000000, -12.00000000000000711 ) ) ;
#2794 = DIRECTION ( 'NONE',  ( -1.000000000000000000, 0.000000000000000000, 0.000000000000000000 ) ) ;
#2795 = ADVANCED_FACE ( 'NONE', ( #4435 ), #2339, .T. ) ;
#2796 = EDGE_CURVE ( 'NONE', #2859, #3632, #2366, .T. ) ;
#2797 = VERTEX_POINT ( 'NONE', #1312 ) ;
#2798 = CARTESIAN_POINT ( 'NONE',  ( 63.69101924422201932, 14.96776956054847751, 75.15449037788906139 ) ) ;
#2799 = CARTESIAN_POINT ( 'NONE',  ( 190.0000000000000568, 2.660248687044703075, 120.4495279040575326 ) ) ;
#2800 = CARTESIAN_POINT ( 'NONE',  ( 66.54472382638667227, 15.65852062558271740, 103.0448830238853759 ) ) ;
#2801 = CARTESIAN_POINT ( 'NONE',  ( 65.00000000000007105, 15.00000000000000000, 74.49999999999995737 ) ) ;
#2802 = EDGE_CURVE ( 'NONE', #2977, #2848, #386, .T. ) ;
#2803 = VERTEX_POINT ( 'NONE', #3848 ) ;
#2804 = DIRECTION ( 'NONE',  ( -1.000000000000000000, 0.000000000000000000, 0.000000000000000000 ) ) ;
#2805 = EDGE_LOOP ( 'NONE', ( #567, #278, #1120, #2717 ) ) ;
#2806 = CARTESIAN_POINT ( 'NONE',  ( 183.6200095779900892, 8.753345689115372252, 115.3900971244704294 ) ) ;
#2807 = LINE ( 'NONE', #2845, #4354 ) ;
#2808 = AXIS2_PLACEMENT_3D ( 'NONE', #1471, #817, #4296 ) ;
#2809 = ORIENTED_EDGE ( 'NONE', *, *, #3088, .T. ) ;
#2810 = FACE_BOUND ( 'NONE', #3118, .T. ) ;
#2811 = CARTESIAN_POINT ( 'NONE',  ( -180.2359583660787337, 14.06566755693208925, 105.5724072834813683 ) ) ;
#2812 = ORIENTED_EDGE ( 'NONE', *, *, #3238, .T. ) ;
#2813 = LINE ( 'NONE', #3220, #3708 ) ;
#2814 = CARTESIAN_POINT ( 'NONE',  ( 63.09418301160246756, 14.87335917492398885, 101.4764130075159017 ) ) ;
#2815 = DIRECTION ( 'NONE',  ( 1.000000000000000000, -7.401486830834375884E-15, 0.000000000000000000 ) ) ;
#2816 = AXIS2_PLACEMENT_3D ( 'NONE', #2101, #1767, #3153 ) ;
#2817 = EDGE_LOOP ( 'NONE', ( #2809, #3669, #863, #26 ) ) ;
#2818 = CARTESIAN_POINT ( 'NONE',  ( 223.2820117735137160, 14.66024868704471196, 105.9180455320014715 ) ) ;
#2819 = ORIENTED_EDGE ( 'NONE', *, *, #1469, .F. ) ;
#2820 = CARTESIAN_POINT ( 'NONE',  ( 44.00000000000013500, -9.000000000000000000, 61.57738636560921464 ) ) ;
#2821 = DIRECTION ( 'NONE',  ( 0.000000000000000000, 0.000000000000000000, 1.000000000000000000 ) ) ;
#2822 = DIRECTION ( 'NONE',  ( 1.000000000000000000, -0.000000000000000000, -0.000000000000000000 ) ) ;
#2823 = CARTESIAN_POINT ( 'NONE',  ( 59.52815954218048233, -14.25917886240119081, 102.1248139548975047 ) ) ;
#2824 = CARTESIAN_POINT ( 'NONE',  ( -65.88202158589172086, 14.66024868704470308, 105.9180455320015710 ) ) ;
#2825 = ORIENTED_EDGE ( 'NONE', *, *, #1943, .F. ) ;
#2826 = ORIENTED_EDGE ( 'NONE', *, *, #2958, .F. ) ;
#2827 = DIRECTION ( 'NONE',  ( 0.000000000000000000, 0.000000000000000000, -1.000000000000000000 ) ) ;
#2828 = LINE ( 'NONE', #1464, #4084 ) ;
#2829 = ORIENTED_EDGE ( 'NONE', *, *, #1131, .T. ) ;
#2830 = ORIENTED_EDGE ( 'NONE', *, *, #4392, .F. ) ;
#2831 = DIRECTION ( 'NONE',  ( 0.000000000000000000, 0.000000000000000000, 1.000000000000000000 ) ) ;
#2832 = CARTESIAN_POINT ( 'NONE',  ( 188.7760087158326883, 6.565223001519851387, 117.5735282188225739 ) ) ;
#2833 = CARTESIAN_POINT ( 'NONE',  ( -149.9999999999997442, 15.00000000000000000, -85.00000000000000000 ) ) ;
#2834 = CARTESIAN_POINT ( 'NONE',  ( 67.97921839223501195, 15.61212026915159790, 103.2292824148091483 ) ) ;
#2835 = DIRECTION ( 'NONE',  ( 0.000000000000000000, 0.000000000000000000, 1.000000000000000000 ) ) ;
#2836 = CIRCLE ( 'NONE', #4451, 4.499999999999990230 ) ;
#2837 = ADVANCED_FACE ( 'NONE', ( #2049, #2704 ), #1680, .F. ) ;
#2838 = VECTOR ( 'NONE', #1411, 1000.000000000000000 ) ;
#2839 = ORIENTED_EDGE ( 'NONE', *, *, #4420, .F. ) ;
#2840 = CARTESIAN_POINT ( 'NONE',  ( -86.59999999999999432, -30.00000000000000000, -12.00000000000005507 ) ) ;
#2841 = VERTEX_POINT ( 'NONE', #393 ) ;
#2842 = CARTESIAN_POINT ( 'NONE',  ( -150.0000000000000284, 0.000000000000000000, -60.00000000000001421 ) ) ;
#2843 = CARTESIAN_POINT ( 'NONE',  ( 60.00000000000006395, -10.83333333333333393, 99.81817286338251449 ) ) ;
#2844 = FACE_OUTER_BOUND ( 'NONE', #2201, .T. ) ;
#2845 = CARTESIAN_POINT ( 'NONE',  ( 1.222401809404987878E-13, -15.00000000000000000, 52.84999999999994458 ) ) ;
#2846 = LINE ( 'NONE', #764, #4379 ) ;
#2847 = EDGE_CURVE ( 'NONE', #1403, #2869, #1781, .T. ) ;
#2848 = VERTEX_POINT ( 'NONE', #2820 ) ;
#2849 = CARTESIAN_POINT ( 'NONE',  ( 56.35205150340259905, 10.82074424065011087, 112.8844397919626914 ) ) ;
#2850 = DIRECTION ( 'NONE',  ( -1.000000000000000000, 0.000000000000000000, 0.000000000000000000 ) ) ;
#2851 = VECTOR ( 'NONE', #4192, 1000.000000000000000 ) ;
#2852 = CARTESIAN_POINT ( 'NONE',  ( 185.4679339252315629, -14.57961736202288172, 125.0000000000000000 ) ) ;
#2853 = CARTESIAN_POINT ( 'NONE',  ( 188.3413240103594148, 7.380795660532943003, 116.8300700220861330 ) ) ;
#2854 = DIRECTION ( 'NONE',  ( -8.673617379884035472E-16, 0.000000000000000000, 1.000000000000000000 ) ) ;
#2855 = VECTOR ( 'NONE', #3279, 1000.000000000000000 ) ;
#2856 = AXIS2_PLACEMENT_3D ( 'NONE', #332, #3424, #3378 ) ;
#2857 = DIRECTION ( 'NONE',  ( 0.000000000000000000, 0.000000000000000000, -1.000000000000000000 ) ) ;
#2858 = CARTESIAN_POINT ( 'NONE',  ( 55.31370849898491571, -9.000000000000000000, 68.12261363439064610 ) ) ;
#2859 = VERTEX_POINT ( 'NONE', #1087 ) ;
#2860 = CARTESIAN_POINT ( 'NONE',  ( -175.9465909122544360, 14.60964285287063191, 106.0474722817974254 ) ) ;
#2861 = VERTEX_POINT ( 'NONE', #2480 ) ;
#2862 = CIRCLE ( 'NONE', #339, 4.000000000000003553 ) ;
#2863 = CARTESIAN_POINT ( 'NONE',  ( -66.50041853065101805, 15.00000000000000000, 101.4677243977613017 ) ) ;
#2864 = CARTESIAN_POINT ( 'NONE',  ( 59.55898920705418931, 10.00000000000000355, 102.0531968755976635 ) ) ;
#2865 = DIRECTION ( 'NONE',  ( -1.000000000000000000, 0.000000000000000000, -0.000000000000000000 ) ) ;
#2866 = DIRECTION ( 'NONE',  ( 0.000000000000000000, 0.000000000000000000, 1.000000000000000000 ) ) ;
#2867 = CARTESIAN_POINT ( 'NONE',  ( -175.6401734739889093, 15.00000000000000000, 104.1063937571360327 ) ) ;
#2868 =( BOUNDED_CURVE ( )  B_SPLINE_CURVE ( 3, ( #2801, #1064, #2454, #3844 ),
 .UNSPECIFIED., .F., .T. ) 
 B_SPLINE_CURVE_WITH_KNOTS ( ( 4, 4 ),
 ( 4.712388980384689674, 6.283185307179586232 ),
 .UNSPECIFIED. ) 
 CURVE ( )  GEOMETRIC_REPRESENTATION_ITEM ( )  RATIONAL_B_SPLINE_CURVE ( ( 1.000000000000000000, 0.8047378541243649375, 0.8047378541243649375, 1.000000000000000000 ) ) 
 REPRESENTATION_ITEM ( '' )  );
#2869 = VERTEX_POINT ( 'NONE', #3362 ) ;
#2870 = DIRECTION ( 'NONE',  ( 2.312964634635741083E-15, 0.000000000000000000, 1.000000000000000000 ) ) ;
#2871 = DIRECTION ( 'NONE',  ( 1.000000000000000000, 0.000000000000000000, -1.632680918566406793E-15 ) ) ;
#2872 = DIRECTION ( 'NONE',  ( 0.000000000000000000, 0.000000000000000000, 1.000000000000000000 ) ) ;
#2873 = CARTESIAN_POINT ( 'NONE',  ( 135.5397904508321858, -1.830736281474951044, 93.65960004526587568 ) ) ;
#2874 = LINE ( 'NONE', #3975, #466 ) ;
#2875 = EDGE_CURVE ( 'NONE', #3021, #2769, #243, .T. ) ;
#2876 = CARTESIAN_POINT ( 'NONE',  ( 176.4002345398034493, 14.93704112315914223, 104.2137994758670345 ) ) ;
#2877 = CARTESIAN_POINT ( 'NONE',  ( 34.72691193458118875, -12.99999999999999822, -40.50000000000004263 ) ) ;
#2878 = DIRECTION ( 'NONE',  ( 1.000000000000000000, 0.000000000000000000, 0.000000000000000000 ) ) ;
#2879 = ORIENTED_EDGE ( 'NONE', *, *, #3259, .T. ) ;
#2880 = ADVANCED_FACE ( 'NONE', ( #4260 ), #3951, .T. ) ;
#2881 = CARTESIAN_POINT ( 'NONE',  ( -177.2342395604734122, 14.36593917042983648, 106.6506533834955803 ) ) ;
#2882 = VERTEX_POINT ( 'NONE', #286 ) ;
#2883 = DIRECTION ( 'NONE',  ( 0.000000000000000000, 1.000000000000000000, 0.000000000000000000 ) ) ;
#2884 = CARTESIAN_POINT ( 'NONE',  ( -38.00000000000000000, -9.000000000000000000, 75.09999999999993747 ) ) ;
#2885 = VECTOR ( 'NONE', #1241, 1000.000000000000000 ) ;
#2886 = CARTESIAN_POINT ( 'NONE',  ( 175.0000000000000568, 14.66024868704470308, 105.9180455320014858 ) ) ;
#2887 = DIRECTION ( 'NONE',  ( 1.000000000000000000, -0.000000000000000000, -0.000000000000000000 ) ) ;
#2888 = CARTESIAN_POINT ( 'NONE',  ( -177.5521567877572409, 14.26493439450637979, 106.8855185970046477 ) ) ;
#2889 = EDGE_LOOP ( 'NONE', ( #4472, #4114, #1251 ) ) ;
#2890 = CARTESIAN_POINT ( 'NONE',  ( -65.67713865977228238, 14.85938938721790414, 105.3914382606128441 ) ) ;
#2891 = DIRECTION ( 'NONE',  ( -1.000000000000000000, 0.000000000000000000, -0.000000000000000000 ) ) ;
#2892 = CYLINDRICAL_SURFACE ( 'NONE', #2252, 4.000000000000003553 ) ;
#2893 = ORIENTED_EDGE ( 'NONE', *, *, #1620, .F. ) ;
#2894 = DIRECTION ( 'NONE',  ( -1.000000000000000000, -0.000000000000000000, 3.469446951953620105E-16 ) ) ;
#2895 = DIRECTION ( 'NONE',  ( 0.000000000000000000, 0.000000000000000000, 1.000000000000000000 ) ) ;
#2896 = CARTESIAN_POINT ( 'NONE',  ( 138.4623712550738617, -4.987794507041919623, 97.23908682551407878 ) ) ;
#2897 = DIRECTION ( 'NONE',  ( -0.000000000000000000, 1.000000000000000000, -0.000000000000000000 ) ) ;
#2898 = ADVANCED_FACE ( 'NONE', ( #967 ), #3013, .T. ) ;
#2899 = DIRECTION ( 'NONE',  ( 0.000000000000000000, -0.9320046715412957372, 0.3624462611549489899 ) ) ;
#2900 = AXIS2_PLACEMENT_3D ( 'NONE', #1100, #2493, #486 ) ;
#2901 = CARTESIAN_POINT ( 'NONE',  ( -135.5546264583206266, -1.099685653867916724, 92.24262796182235036 ) ) ;
#2902 = DIRECTION ( 'NONE',  ( 0.000000000000000000, 0.000000000000000000, 1.000000000000000000 ) ) ;
#2903 = ORIENTED_EDGE ( 'NONE', *, *, #1820, .F. ) ;
#2904 = CARTESIAN_POINT ( 'NONE',  ( -38.00000000000000000, -8.999999999999998224, 68.12261363439064610 ) ) ;
#2905 = VECTOR ( 'NONE', #3755, 1000.000000000000000 ) ;
#2906 = DIRECTION ( 'NONE',  ( 0.000000000000000000, 0.000000000000000000, 1.000000000000000000 ) ) ;
#2907 = PLANE ( 'NONE',  #1134 ) ;
#2908 = FACE_OUTER_BOUND ( 'NONE', #2437, .T. ) ;
#2909 = CARTESIAN_POINT ( 'NONE',  ( 143.3137084989849086, -6.699999999999997513, 68.84999999999993747 ) ) ;
#2910 = VECTOR ( 'NONE', #3790, 1000.000000000000000 ) ;
#2911 = DIRECTION ( 'NONE',  ( 1.000000000000000000, 0.000000000000000000, 2.434699615406044725E-16 ) ) ;
#2912 = ORIENTED_EDGE ( 'NONE', *, *, #3498, .T. ) ;
#2913 = CARTESIAN_POINT ( 'NONE',  ( -182.6267634509613913, 10.45378173672819244, 113.3907889293221416 ) ) ;
#2914 = AXIS2_PLACEMENT_3D ( 'NONE', #2509, #1688, #666 ) ;
#2915 = CARTESIAN_POINT ( 'NONE',  ( -65.30456734319646728, 15.11168848943855103, 104.6765396113654276 ) ) ;
#2916 = CARTESIAN_POINT ( 'NONE',  ( 60.55624034367591690, 12.12474192852940824, 110.9715637547818687 ) ) ;
#2917 = CIRCLE ( 'NONE', #750, 4.999999999999997335 ) ;
#2918 = DIRECTION ( 'NONE',  ( -0.9117978414108202090, 0.000000000000000000, 0.4106393751195429598 ) ) ;
#2919 = CARTESIAN_POINT ( 'NONE',  ( -120.0000000000000000, -9.999999999999998224, 47.84999999999989484 ) ) ;
#2920 = CARTESIAN_POINT ( 'NONE',  ( 73.40000000000000568, -29.99999999999997868, -56.50000000000004974 ) ) ;
#2921 = DIRECTION ( 'NONE',  ( 0.000000000000000000, 0.000000000000000000, 1.000000000000000000 ) ) ;
#2922 = VECTOR ( 'NONE', #1432, 1000.000000000000114 ) ;
#2923 = ADVANCED_FACE ( 'NONE', ( #4406 ), #2721, .T. ) ;
#2924 = CARTESIAN_POINT ( 'NONE',  ( 135.9931039575241982, -0.6125319147098905459, 90.94598818886858282 ) ) ;
#2925 = CARTESIAN_POINT ( 'NONE',  ( 176.4439269243968909, 14.53692668338434402, 106.2303895001015093 ) ) ;
#2926 = LINE ( 'NONE', #1127, #3497 ) ;
#2927 = EDGE_CURVE ( 'NONE', #2314, #4135, #2257, .T. ) ;
#2928 = CARTESIAN_POINT ( 'NONE',  ( -135.7323562000804600, -2.343580839973702812, 94.45233410444753019 ) ) ;
#2929 = CARTESIAN_POINT ( 'NONE',  ( -61.95005104082759573, 13.97553812808731521, 80.59989791834763651 ) ) ;
#2930 = VECTOR ( 'NONE', #3972, 1000.000000000000000 ) ;
#2931 = B_SPLINE_CURVE_WITH_KNOTS ( 'NONE', 3,
 ( #4287, #1212, #2513, #808, #2254, #2916, #2167, #3218, #4312, #829, #531, #1190, #788, #3946, #4243, #2849, #1121, #3898, #2191, #3263 ),
 .UNSPECIFIED., .F., .F.,
 ( 4, 2, 2, 2, 2, 2, 2, 2, 2, 4 ),
 ( 1.734723475976807094E-18, 0.003237347242829148077, 0.006474694485658305694, 0.007284031296365603772, 0.008093368107072900983, 0.009712041728487493669, 0.01052137853919478568, 0.01133071534990207421, 0.01214005216060936448, 0.01294938897131665302 ),
 .UNSPECIFIED. ) ;
#2932 = ORIENTED_EDGE ( 'NONE', *, *, #3887, .T. ) ;
#2933 = DIRECTION ( 'NONE',  ( 0.000000000000000000, 1.000000000000000000, 0.000000000000000000 ) ) ;
#2934 = CARTESIAN_POINT ( 'NONE',  ( -188.0484594942305989, -14.99999999999999645, 123.9749380953359577 ) ) ;
#2935 = EDGE_CURVE ( 'NONE', #4465, #3308, #1331, .T. ) ;
#2936 = CARTESIAN_POINT ( 'NONE',  ( -59.64254031337516437, -14.08542802963167873, 101.8616703116128548 ) ) ;
#2937 = CARTESIAN_POINT ( 'NONE',  ( 38.00000000000014921, -9.000000000000000000, 75.09999999999993747 ) ) ;
#2938 = DIRECTION ( 'NONE',  ( -1.000000000000000000, -0.000000000000000000, -8.163404592832033966E-16 ) ) ;
#2939 = CARTESIAN_POINT ( 'NONE',  ( 189.4950596727594530, -15.00000000000000355, 122.2090246701539371 ) ) ;
#2940 = VERTEX_POINT ( 'NONE', #2726 ) ;
#2941 = CARTESIAN_POINT ( 'NONE',  ( -177.7751088516013169, 14.75243381586592051, 105.7247927584381557 ) ) ;
#2942 = CARTESIAN_POINT ( 'NONE',  ( -67.08252159429886774, 14.80156130541210047, 101.4814609876947742 ) ) ;
#2943 = CARTESIAN_POINT ( 'NONE',  ( 0.000000000000000000, -9.999999999999998224, 104.7482393492988564 ) ) ;
#2944 = CARTESIAN_POINT ( 'NONE',  ( -56.92660122141435153, 7.281405859051144347, 104.6201195879478263 ) ) ;
#2945 = EDGE_CURVE ( 'NONE', #796, #3355, #1706, .T. ) ;
#2946 = LINE ( 'NONE', #165, #2930 ) ;
#2947 = DIRECTION ( 'NONE',  ( 7.401486830834377462E-15, 0.000000000000000000, -1.000000000000000000 ) ) ;
#2948 = CARTESIAN_POINT ( 'NONE',  ( 183.0931917058882732, 12.66139327398976810, 107.4070537674457313 ) ) ;
#2949 = CARTESIAN_POINT ( 'NONE',  ( -64.87412614400315647, 15.23026974723238602, 101.4521753165705604 ) ) ;
#2950 = EDGE_LOOP ( 'NONE', ( #526, #4051, #2219, #3348, #3503, #3475 ) ) ;
#2951 = CARTESIAN_POINT ( 'NONE',  ( -131.9999999999999716, -15.00000000000000000, 52.84999999999988773 ) ) ;
#2952 = CIRCLE ( 'NONE', #3532, 15.00000000000000000 ) ;
#2953 = FACE_OUTER_BOUND ( 'NONE', #2692, .T. ) ;
#2954 = ORIENTED_EDGE ( 'NONE', *, *, #75, .T. ) ;
#2955 = CARTESIAN_POINT ( 'NONE',  ( -56.84282157507620070, 7.232562132169618074, 104.6550386598213152 ) ) ;
#2956 = ADVANCED_FACE ( 'NONE', ( #3693, #4115 ), #1284, .F. ) ;
#2957 = FACE_OUTER_BOUND ( 'NONE', #1348, .T. ) ;
#2958 = EDGE_CURVE ( 'NONE', #1761, #781, #4481, .T. ) ;
#2959 = CARTESIAN_POINT ( 'NONE',  ( -59.95053367778968578, -12.99577889575031975, 100.7324032739429498 ) ) ;
#2960 = CARTESIAN_POINT ( 'NONE',  ( -56.91930907687668650, 15.24471126205570037, 105.2810544509864457 ) ) ;
#2961 = PLANE ( 'NONE',  #3658 ) ;
#2962 = CARTESIAN_POINT ( 'NONE',  ( 55.00000000000007105, -14.99999999999998579, 99.99999999999995737 ) ) ;
#2963 = ORIENTED_EDGE ( 'NONE', *, *, #86, .T. ) ;
#2964 = CARTESIAN_POINT ( 'NONE',  ( -176.4392636416147866, 14.53777614331065138, 106.2282759097355154 ) ) ;
#2965 = PRODUCT_RELATED_PRODUCT_CATEGORY ( 'part', '', ( #1855 ) ) ;
#2966 = ORIENTED_EDGE ( 'NONE', *, *, #52, .F. ) ;
#2967 = CARTESIAN_POINT ( 'NONE',  ( -69.97058504567421267, 11.90346455180604224, 101.7495223040348833 ) ) ;
#2968 = CARTESIAN_POINT ( 'NONE',  ( -73.39999999999999147, -2.773339119917619628E-29, -24.50000000000004974 ) ) ;
#2969 = CARTESIAN_POINT ( 'NONE',  ( -56.22909743230255941, 6.951823661284614708, 104.8528606395900198 ) ) ;
#2970 = AXIS2_PLACEMENT_3D ( 'NONE', #1021, #684, #3116 ) ;
#2971 = CYLINDRICAL_SURFACE ( 'NONE', #1914, 15.00000000000000000 ) ;
#2972 = DIRECTION ( 'NONE',  ( -0.000000000000000000, 0.000000000000000000, -1.000000000000000000 ) ) ;
#2973 = CARTESIAN_POINT ( 'NONE',  ( 136.3992455874339100, -0.4188513167806614534, 90.28251830913835363 ) ) ;
#2974 = EDGE_LOOP ( 'NONE', ( #1462, #2249, #3858, #1711 ) ) ;
#2975 = CARTESIAN_POINT ( 'NONE',  ( 176.8203891781927837, 14.89528694212194004, 105.3382185107973470 ) ) ;
#2976 = CYLINDRICAL_SURFACE ( 'NONE', #954, 5.000000000000004441 ) ;
#2977 = VERTEX_POINT ( 'NONE', #2408 ) ;
#2978 = CARTESIAN_POINT ( 'NONE',  ( 141.9336852277116918, -4.772863635835461693, 97.06591818159792240 ) ) ;
#2979 = CARTESIAN_POINT ( 'NONE',  ( -60.66084200511355817, 12.50575337110120167, 83.17831598977348051 ) ) ;
#2980 = EDGE_CURVE ( 'NONE', #2318, #3646, #3793, .T. ) ;
#2981 = ORIENTED_EDGE ( 'NONE', *, *, #2150, .T. ) ;
#2982 = DIRECTION ( 'NONE',  ( 0.000000000000000000, -1.000000000000000000, 0.000000000000000000 ) ) ;
#2983 = CARTESIAN_POINT ( 'NONE',  ( 1.777513321717561352E-13, -9.999999999999998224, 76.84999999999995168 ) ) ;
#2984 = CARTESIAN_POINT ( 'NONE',  ( -58.48885935320353724, -14.87007826231924668, 103.5960382957865704 ) ) ;
#2985 = CARTESIAN_POINT ( 'NONE',  ( 44.00000000000013500, -9.000000000000000000, 75.09999999999993747 ) ) ;
#2986 = EDGE_CURVE ( 'NONE', #3697, #771, #3944, .T. ) ;
#2987 = CARTESIAN_POINT ( 'NONE',  ( 140.0000000000001705, -27.72792206135785165, 92.99999999999978684 ) ) ;
#2988 = CARTESIAN_POINT ( 'NONE',  ( 189.3418670998009645, -15.00000000000000355, 122.4965687630688080 ) ) ;
#2989 = ORIENTED_EDGE ( 'NONE', *, *, #3932, .T. ) ;
#2990 = CARTESIAN_POINT ( 'NONE',  ( -184.9078742852230164, 4.337486116881726694, 119.3201179148190079 ) ) ;
#2991 = AXIS2_PLACEMENT_3D ( 'NONE', #2010, #3388, #909 ) ;
#2992 = CARTESIAN_POINT ( 'NONE',  ( -65.65421527037074156, 15.17914395274674177, 101.4555779184511124 ) ) ;
#2993 = CYLINDRICAL_SURFACE ( 'NONE', #1828, 4.499999999999990230 ) ;
#2994 = EDGE_CURVE ( 'NONE', #1079, #1276, #1085, .T. ) ;
#2995 = VECTOR ( 'NONE', #1864, 1000.000000000000000 ) ;
#2996 = ADVANCED_FACE ( 'NONE', ( #2786 ), #1742, .F. ) ;
#2997 = CARTESIAN_POINT ( 'NONE',  ( -140.0000000000000000, 15.00000000000000000, 93.00000000000000000 ) ) ;
#2998 = CARTESIAN_POINT ( 'NONE',  ( 86.60000000000000853, -12.99999999999999822, -40.50000000000004263 ) ) ;
#2999 = CARTESIAN_POINT ( 'NONE',  ( 57.76642967556676922, 15.28226040415801990, 104.7810738799169030 ) ) ;
#3000 = ORIENTED_EDGE ( 'NONE', *, *, #1229, .T. ) ;
#3001 = CARTESIAN_POINT ( 'NONE',  ( 65.42899178869339494, 15.05113589180585798, 104.8542072201046409 ) ) ;
#3002 = CARTESIAN_POINT ( 'NONE',  ( -59.89173115433386840, 11.57641915035077318, 101.7892392248338496 ) ) ;
#3003 = ORIENTED_EDGE ( 'NONE', *, *, #4349, .T. ) ;
#3004 = DIRECTION ( 'NONE',  ( 0.000000000000000000, -1.000000000000000000, 0.000000000000000000 ) ) ;
#3005 = DIRECTION ( 'NONE',  ( 0.000000000000000000, 0.000000000000000000, 1.000000000000000000 ) ) ;
#3006 = VERTEX_POINT ( 'NONE', #334 ) ;
#3007 = CARTESIAN_POINT ( 'NONE',  ( 61.10138222723927726, 13.55438291274921880, 101.5789604964998745 ) ) ;
#3008 = CARTESIAN_POINT ( 'NONE',  ( 65.00000000000007105, 15.00000000000000000, 74.49999999999995737 ) ) ;
#3009 = CARTESIAN_POINT ( 'NONE',  ( 223.2820117735137160, 10.74196951500536912, 112.9903730305670422 ) ) ;
#3010 = CARTESIAN_POINT ( 'NONE',  ( -62.31771231620154339, 13.16174365602858565, 109.1881976815371758 ) ) ;
#3011 = DIRECTION ( 'NONE',  ( -3.384826294588891940E-16, 0.000000000000000000, -1.000000000000000000 ) ) ;
#3012 = ORIENTED_EDGE ( 'NONE', *, *, #2796, .T. ) ;
#3013 = PLANE ( 'NONE',  #4468 ) ;
#3014 = CARTESIAN_POINT ( 'NONE',  ( -66.04428088482353587, 15.11609971267842845, 101.4598132420689609 ) ) ;
#3015 = PRESENTATION_STYLE_ASSIGNMENT (( #505 ) ) ;
#3016 = PLANE ( 'NONE',  #2125 ) ;
#3017 = DIRECTION ( 'NONE',  ( -0.000000000000000000, 1.000000000000000000, -0.000000000000000000 ) ) ;
#3018 = CARTESIAN_POINT ( 'NONE',  ( 61.99256811852799842, 12.94383968890183390, 109.5870048420325844 ) ) ;
#3019 = DIRECTION ( 'NONE',  ( 1.000000000000000000, 0.000000000000000000, 0.000000000000000000 ) ) ;
#3020 = PLANE ( 'NONE',  #3275 ) ;
#3021 = VERTEX_POINT ( 'NONE', #2768 ) ;
#3022 = DIRECTION ( 'NONE',  ( 1.000000000000000000, 0.000000000000000000, 0.000000000000000000 ) ) ;
#3023 = B_SPLINE_CURVE_WITH_KNOTS ( 'NONE', 3,
 ( #3613, #80, #801, #1826, #4213, #3548, #1182, #3891, #1136, #3253, #3234, #1782, #436, #4281, #2527, #4235, #2183, #1479, #3961, #3913 ),
 .UNSPECIFIED., .F., .F.,
 ( 4, 2, 2, 2, 2, 2, 2, 2, 2, 4 ),
 ( 0.000000000000000000, 0.0009162785216187522858, 0.001374417782428136777, 0.001603487412832824361, 0.001718022228035181705, 0.001832557043237539266, 0.002061626673642295588, 0.002290696304047051910, 0.002748835564856620499, 0.003665114086475721247 ),
 .UNSPECIFIED. ) ;
#3024 = CARTESIAN_POINT ( 'NONE',  ( 66.50041853065121700, 15.00000000000000000, 101.4677243977613443 ) ) ;
#3025 = ORIENTED_EDGE ( 'NONE', *, *, #425, .F. ) ;
#3026 = CARTESIAN_POINT ( 'NONE',  ( 59.08112784054220157, 15.48514071634463285, 103.7665540126048001 ) ) ;
#3027 = VERTEX_POINT ( 'NONE', #3147 ) ;
#3028 = DIRECTION ( 'NONE',  ( 0.000000000000000000, 0.000000000000000000, -1.000000000000000000 ) ) ;
#3029 = CARTESIAN_POINT ( 'NONE',  ( 132.0000000000001705, -9.999999999999998224, 76.84999999999963904 ) ) ;
#3030 = CARTESIAN_POINT ( 'NONE',  ( 132.0000000000000853, -9.999999999999998224, 47.84999999999964615 ) ) ;
#3031 = ADVANCED_FACE ( 'NONE', ( #366 ), #2137, .F. ) ;
#3032 = CARTESIAN_POINT ( 'NONE',  ( 127.9793426724012164, -1.214306433183767806E-14, -24.50000000000004974 ) ) ;
#3033 = ORIENTED_EDGE ( 'NONE', *, *, #2510, .T. ) ;
#3034 = CARTESIAN_POINT ( 'NONE',  ( -184.9807473813580714, 3.512344887471340993, 119.8988328245605715 ) ) ;
#3035 = CARTESIAN_POINT ( 'NONE',  ( -62.38057309158124042, 15.62611735732445872, 103.1735692916351752 ) ) ;
#3036 = CARTESIAN_POINT ( 'NONE',  ( 38.00000000000014921, 0.000000000000000000, 75.09999999999993747 ) ) ;
#3037 = DIRECTION ( 'NONE',  ( 0.000000000000000000, 0.000000000000000000, -1.000000000000000000 ) ) ;
#3038 = CARTESIAN_POINT ( 'NONE',  ( 57.56646693560951178, 7.712338925393916966, 104.2976508271648299 ) ) ;
#3039 = CARTESIAN_POINT ( 'NONE',  ( 65.78114850323947849, 14.76473517718241624, 105.6492670428696243 ) ) ;
#3040 = DIRECTION ( 'NONE',  ( -0.000000000000000000, 1.000000000000000000, -0.000000000000000000 ) ) ;
#3041 = AXIS2_PLACEMENT_3D ( 'NONE', #2660, #856, #2311 ) ;
#3042 = AXIS2_PLACEMENT_3D ( 'NONE', #499, #4332, #209 ) ;
#3043 = ORIENTED_EDGE ( 'NONE', *, *, #2312, .T. ) ;
#3044 = CARTESIAN_POINT ( 'NONE',  ( 144.5059322966236266, -1.372361243265236563, 92.82242616318305295 ) ) ;
#3045 = CARTESIAN_POINT ( 'NONE',  ( -60.75618375337833044, 13.06837049847915466, 78.74381624662755996 ) ) ;
#3046 = ADVANCED_FACE ( 'NONE', ( #1033 ), #2478, .T. ) ;
#3047 = ORIENTED_EDGE ( 'NONE', *, *, #2463, .F. ) ;
#3048 = ORIENTED_EDGE ( 'NONE', *, *, #202, .F. ) ;
#3049 = DIRECTION ( 'NONE',  ( -1.000000000000000000, 0.000000000000000000, -4.869399230812090436E-16 ) ) ;
#3050 = EDGE_LOOP ( 'NONE', ( #1355, #1292, #4040, #1084 ) ) ;
#3051 = EDGE_CURVE ( 'NONE', #2841, #2104, #3502, .T. ) ;
#3052 = CARTESIAN_POINT ( 'NONE',  ( -143.1770204563494246, -0.3066408891797885450, 89.80907927286384052 ) ) ;
#3053 = ORIENTED_EDGE ( 'NONE', *, *, #1481, .T. ) ;
#3054 = CARTESIAN_POINT ( 'NONE',  ( 127.9793426724012164, -1.110223024625155554E-16, -56.50000000000003553 ) ) ;
#3055 = CARTESIAN_POINT ( 'NONE',  ( -59.99999999999992184, 6.734767356633891922, 104.9999999999999858 ) ) ;
#3056 = FACE_OUTER_BOUND ( 'NONE', #1438, .T. ) ;
#3057 = ORIENTED_EDGE ( 'NONE', *, *, #4327, .T. ) ;
#3058 = DIRECTION ( 'NONE',  ( 0.000000000000000000, 0.000000000000000000, 1.000000000000000000 ) ) ;
#3059 = VERTEX_POINT ( 'NONE', #3108 ) ;
#3060 = CARTESIAN_POINT ( 'NONE',  ( -64.39481829953298586, 14.92088163633888875, 105.2224668672942585 ) ) ;
#3061 = CARTESIAN_POINT ( 'NONE',  ( -57.56646693561096839, 7.712338925393492417, 104.2976508271637783 ) ) ;
#3062 = VECTOR ( 'NONE', #90, 1000.000000000000000 ) ;
#3063 = CARTESIAN_POINT ( 'NONE',  ( 55.00000000000007105, 137.6794603835540158, 99.99999999999995737 ) ) ;
#3064 = DIRECTION ( 'NONE',  ( 1.000000000000000000, 0.000000000000000000, 0.000000000000000000 ) ) ;
#3065 = CARTESIAN_POINT ( 'NONE',  ( 63.20096846040233629, 13.82099914787332118, 107.8798907745423463 ) ) ;
#3066 = CARTESIAN_POINT ( 'NONE',  ( -43.99999999999998579, -6.699999999999997513, 68.84999999999993747 ) ) ;
#3067 = DIRECTION ( 'NONE',  ( 0.000000000000000000, 0.5320497374089409037, 0.8467131018964316747 ) ) ;
#3068 = CIRCLE ( 'NONE', #2110, 5.000000000000001776 ) ;
#3069 = AXIS2_PLACEMENT_3D ( 'NONE', #292, #2460, #3775 ) ;
#3070 = ORIENTED_EDGE ( 'NONE', *, *, #190, .T. ) ;
#3071 = FACE_OUTER_BOUND ( 'NONE', #2889, .T. ) ;
#3072 = CARTESIAN_POINT ( 'NONE',  ( 69.70048212791958520, 12.44876559115797221, 101.6865947116503435 ) ) ;
#3073 = EDGE_CURVE ( 'NONE', #500, #2785, #1375, .T. ) ;
#3074 = AXIS2_PLACEMENT_3D ( 'NONE', #519, #3028, #1253 ) ;
#3075 = ORIENTED_EDGE ( 'NONE', *, *, #3602, .F. ) ;
#3076 = CARTESIAN_POINT ( 'NONE',  ( 61.26572985331319643, 15.58021274566311476, 103.3572654100017587 ) ) ;
#3077 = ORIENTED_EDGE ( 'NONE', *, *, #1505, .T. ) ;
#3078 = CARTESIAN_POINT ( 'NONE',  ( -120.0000000000000000, -15.00000000000000000, 52.84999999999988773 ) ) ;
#3079 = ORIENTED_EDGE ( 'NONE', *, *, #2334, .F. ) ;
#3080 = DIRECTION ( 'NONE',  ( -3.469446951953620105E-16, 0.000000000000000000, -1.000000000000000000 ) ) ;
#3081 = VERTEX_POINT ( 'NONE', #3525 ) ;
#3082 = DIRECTION ( 'NONE',  ( 1.000000000000000000, -0.000000000000000000, -1.156482317317871478E-16 ) ) ;
#3083 = EDGE_CURVE ( 'NONE', #2617, #1521, #2081, .T. ) ;
#3084 = CARTESIAN_POINT ( 'NONE',  ( 150.0000000000000000, 15.00000000000000000, -60.00000000000001421 ) ) ;
#3085 = ORIENTED_EDGE ( 'NONE', *, *, #2730, .F. ) ;
#3086 = DIRECTION ( 'NONE',  ( 1.000000000000000000, -0.000000000000000000, -3.469446951953620105E-16 ) ) ;
#3087 = ORIENTED_EDGE ( 'NONE', *, *, #1729, .T. ) ;
#3088 = EDGE_CURVE ( 'NONE', #3835, #3588, #4156, .T. ) ;
#3089 = CARTESIAN_POINT ( 'NONE',  ( -64.77235876246315627, 15.14117027286984651, 104.5890931935139463 ) ) ;
#3090 = VECTOR ( 'NONE', #1999, 1000.000000000000000 ) ;
#3091 = DIRECTION ( 'NONE',  ( -1.000000000000000000, -0.000000000000000000, -1.156482317317871232E-16 ) ) ;
#3092 = CARTESIAN_POINT ( 'NONE',  ( 54.68159003440463550, 16.06970090957292996, 105.4243148443097056 ) ) ;
#3093 = AXIS2_PLACEMENT_3D ( 'NONE', #2674, #4059, #1645 ) ;
#3094 = CARTESIAN_POINT ( 'NONE',  ( -64.11797841410812282, 14.66024868704471551, 105.9180455320015426 ) ) ;
#3095 = CYLINDRICAL_SURFACE ( 'NONE', #2338, 5.000000000000004441 ) ;
#3096 = EDGE_CURVE ( 'NONE', #779, #564, #3467, .T. ) ;
#3097 = ORIENTED_EDGE ( 'NONE', *, *, #370, .F. ) ;
#3098 = AXIS2_PLACEMENT_3D ( 'NONE', #3084, #2747, #1013 ) ;
#3099 = CARTESIAN_POINT ( 'NONE',  ( 63.38892170791690717, 14.74463052283623732, 77.72215658416638462 ) ) ;
#3100 = CARTESIAN_POINT ( 'NONE',  ( 65.58347803827001599, 14.93848189263077941, 105.1735024756948604 ) ) ;
#3101 = B_SPLINE_CURVE_WITH_KNOTS ( 'NONE', 3,
 ( #2040, #1047, #1737, #3122, #649, #1754, #1010, #1722 ),
 .UNSPECIFIED., .F., .F.,
 ( 4, 2, 2, 4 ),
 ( -1.598356031797566813E-05, 0.0005193965500888129191, 0.001054776660495601462, 0.002125536881309178332 ),
 .UNSPECIFIED. ) ;
#3102 = ORIENTED_EDGE ( 'NONE', *, *, #1273, .F. ) ;
#3103 = CARTESIAN_POINT ( 'NONE',  ( 61.80803670312639753, 14.16364866477589146, 101.5290147321326515 ) ) ;
#3104 = CARTESIAN_POINT ( 'NONE',  ( 44.00000000000013500, -9.000000000000000000, 75.09999999999993747 ) ) ;
#3105 = CARTESIAN_POINT ( 'NONE',  ( -64.99999999999991473, 10.00000000000000888, 79.49999999999995737 ) ) ;
#3106 = EDGE_CURVE ( 'NONE', #100, #630, #1394, .T. ) ;
#3107 = ORIENTED_EDGE ( 'NONE', *, *, #3743, .F. ) ;
#3108 = CARTESIAN_POINT ( 'NONE',  ( 73.39999999999999147, -13.99999999999999822, -56.50000000000004263 ) ) ;
#3109 = ORIENTED_EDGE ( 'NONE', *, *, #3073, .T. ) ;
#3110 = ORIENTED_EDGE ( 'NONE', *, *, #1124, .F. ) ;
#3111 = EDGE_CURVE ( 'NONE', #3577, #2523, #410, .T. ) ;
#3112 = DIRECTION ( 'NONE',  ( -0.000000000000000000, 1.000000000000000000, -0.000000000000000000 ) ) ;
#3113 = AXIS2_PLACEMENT_3D ( 'NONE', #104, #1158, #2548 ) ;
#3114 = ADVANCED_FACE ( 'NONE', ( #3186 ), #2096, .T. ) ;
#3115 = EDGE_LOOP ( 'NONE', ( #582, #2345, #1670, #645, #215 ) ) ;
#3116 = DIRECTION ( 'NONE',  ( 0.000000000000000000, -0.000000000000000000, 1.000000000000000000 ) ) ;
#3117 = CARTESIAN_POINT ( 'NONE',  ( -189.2069063543800382, 4.907537632640746494, 113.7830210297357354 ) ) ;
#3118 = EDGE_LOOP ( 'NONE', ( #1330, #4385, #1802, #3486 ) ) ;
#3119 = CARTESIAN_POINT ( 'NONE',  ( 61.02446187186038884, 13.04994895909393371, 82.45107625627734649 ) ) ;
#3120 = AXIS2_PLACEMENT_3D ( 'NONE', #4259, #3167, #1829 ) ;
#3121 = CARTESIAN_POINT ( 'NONE',  ( 64.75659789356005547, 15.13580044247255785, 104.6050891335674038 ) ) ;
#3122 = CARTESIAN_POINT ( 'NONE',  ( 66.26143382222022638, 14.84834831378163678, 105.3379546074362878 ) ) ;
#3123 = ADVANCED_FACE ( 'NONE', ( #1053, #2441 ), #55, .F. ) ;
#3124 = CARTESIAN_POINT ( 'NONE',  ( -137.5559988486678833, -0.1874163549754514768, 89.20808041948593825 ) ) ;
#3125 = EDGE_LOOP ( 'NONE', ( #2359, #3003, #2469, #1759 ) ) ;
#3126 = DIRECTION ( 'NONE',  ( -1.000000000000000000, 0.000000000000000000, 0.000000000000000000 ) ) ;
#3127 = ORIENTED_EDGE ( 'NONE', *, *, #1770, .T. ) ;
#3128 = EDGE_CURVE ( 'NONE', #771, #4446, #1535, .T. ) ;
#3129 = EDGE_CURVE ( 'NONE', #4510, #1043, #3436, .T. ) ;
#3130 = CARTESIAN_POINT ( 'NONE',  ( -73.39999999999999147, -13.99999999999999822, -24.50000000000004263 ) ) ;
#3131 = AXIS2_PLACEMENT_3D ( 'NONE', #1816, #3900, #2872 ) ;
#3132 = DIRECTION ( 'NONE',  ( -1.000000000000000000, -0.000000000000000000, 3.469446951953620105E-16 ) ) ;
#3133 = ORIENTED_EDGE ( 'NONE', *, *, #2083, .T. ) ;
#3134 = EDGE_CURVE ( 'NONE', #2523, #2305, #1901, .T. ) ;
#3135 = CARTESIAN_POINT ( 'NONE',  ( -189.9999999999999716, -13.00000000000000000, 87.00000000000001421 ) ) ;
#3136 = DIRECTION ( 'NONE',  ( -1.000000000000000000, 0.000000000000000000, -0.000000000000000000 ) ) ;
#3137 = ORIENTED_EDGE ( 'NONE', *, *, #3315, .F. ) ;
#3138 = CARTESIAN_POINT ( 'NONE',  ( 58.39173249367792096, 13.76693405870370412, 77.80413375316173585 ) ) ;
#3139 = AXIS2_PLACEMENT_3D ( 'NONE', #2665, #950, #930 ) ;
#3140 = EDGE_CURVE ( 'NONE', #4382, #3936, #1868, .T. ) ;
#3141 = EDGE_CURVE ( 'NONE', #309, #3171, #3281, .T. ) ;
#3142 = AXIS2_PLACEMENT_3D ( 'NONE', #1919, #551, #2594 ) ;
#3143 = CARTESIAN_POINT ( 'NONE',  ( 65.01646737982892432, 15.17822989673270939, 104.4778537579928042 ) ) ;
#3144 = CIRCLE ( 'NONE', #2630, 5.000000000000004441 ) ;
#3145 = LINE ( 'NONE', #2744, #3500 ) ;
#3146 = VERTEX_POINT ( 'NONE', #2904 ) ;
#3147 = CARTESIAN_POINT ( 'NONE',  ( 185.0000000000000284, 2.660248687044701743, 120.4495279040575326 ) ) ;
#3148 = VERTEX_POINT ( 'NONE', #3230 ) ;
#3149 = CARTESIAN_POINT ( 'NONE',  ( -54.99999999999992184, 0.000000000000000000, 79.49999999999994316 ) ) ;
#3150 = FACE_BOUND ( 'NONE', #3757, .T. ) ;
#3151 = CIRCLE ( 'NONE', #3509, 5.000000000000004441 ) ;
#3152 = ORIENTED_EDGE ( 'NONE', *, *, #2312, .F. ) ;
#3153 = DIRECTION ( 'NONE',  ( -1.156482317317871232E-16, 0.000000000000000000, 1.000000000000000000 ) ) ;
#3154 = CARTESIAN_POINT ( 'NONE',  ( -43.99999999999998579, -9.000000000000000000, 75.09999999999993747 ) ) ;
#3155 = ORIENTED_EDGE ( 'NONE', *, *, #2636, .F. ) ;
#3156 = CARTESIAN_POINT ( 'NONE',  ( 60.00000000000007816, 10.00000000000000888, 84.49999999999994316 ) ) ;
#3157 = CYLINDRICAL_SURFACE ( 'NONE', #3663, 15.00000000000001421 ) ;
#3158 = CARTESIAN_POINT ( 'NONE',  ( 64.78473817667708090, 15.21549570682004493, 101.4531590738500455 ) ) ;
#3159 = ADVANCED_FACE ( 'NONE', ( #151 ), #101, .F. ) ;
#3160 = DIRECTION ( 'NONE',  ( 0.000000000000000000, 0.000000000000000000, 1.000000000000000000 ) ) ;
#3161 = ORIENTED_EDGE ( 'NONE', *, *, #3141, .T. ) ;
#3162 = DIRECTION ( 'NONE',  ( 0.000000000000000000, 0.000000000000000000, 1.000000000000000000 ) ) ;
#3163 = ORIENTED_EDGE ( 'NONE', *, *, #1037, .T. ) ;
#3164 = DIRECTION ( 'NONE',  ( 2.434699615406044725E-16, 0.000000000000000000, -1.000000000000000000 ) ) ;
#3165 = CYLINDRICAL_SURFACE ( 'NONE', #3113, 4.000000000000003553 ) ;
#3166 = CARTESIAN_POINT ( 'NONE',  ( 127.9793426724012164, -13.99999999999999822, -56.50000000000004263 ) ) ;
#3167 = DIRECTION ( 'NONE',  ( 0.000000000000000000, 1.000000000000000000, 0.000000000000000000 ) ) ;
#3168 = CARTESIAN_POINT ( 'NONE',  ( 69.19574100589927923, 15.55955500628543575, 103.4413625702024007 ) ) ;
#3169 = AXIS2_PLACEMENT_3D ( 'NONE', #3864, #2473, #4276 ) ;
#3170 = ORIENTED_EDGE ( 'NONE', *, *, #331, .F. ) ;
#3171 = VERTEX_POINT ( 'NONE', #3959 ) ;
#3172 = FACE_BOUND ( 'NONE', #958, .T. ) ;
#3173 = DIRECTION ( 'NONE',  ( -2.312964634635735561E-15, 0.000000000000000000, -1.000000000000000000 ) ) ;
#3174 = ORIENTED_EDGE ( 'NONE', *, *, #3389, .F. ) ;
#3175 = CARTESIAN_POINT ( 'NONE',  ( -64.99999999999991473, 10.00000000000000888, 99.99999999999997158 ) ) ;
#3176 = CARTESIAN_POINT ( 'NONE',  ( 185.0000000000000568, 2.660248687044703075, 120.4495279040575326 ) ) ;
#3177 = CARTESIAN_POINT ( 'NONE',  ( -184.9999999999999716, 3.035766082959412415E-15, 116.2159623945754987 ) ) ;
#3178 = B_SPLINE_CURVE_WITH_KNOTS ( 'NONE', 3,
 ( #2051, #3039, #267, #2291, #3001, #247, #1339, #1962, #1635, #1657, #3341, #4098, #2736, #2392, #4391, #977, #2030, #3409, #294, #1682 ),
 .UNSPECIFIED., .F., .F.,
 ( 4, 2, 2, 2, 2, 2, 2, 2, 2, 4 ),
 ( 0.000000000000000000, 0.0009162785216191949656, 0.001374417782428782745, 0.001603487412833588940, 0.001718022228035975991, 0.001832557043238363043, 0.002061626673643095729, 0.002290696304047828199, 0.002748835564857293572, 0.003665114086476242532 ),
 .UNSPECIFIED. ) ;
#3179 = CARTESIAN_POINT ( 'NONE',  ( 68.88793439060943058, 13.56565014510678502, 101.5779816401157376 ) ) ;
#3180 = EDGE_CURVE ( 'NONE', #431, #2859, #1900, .T. ) ;
#3181 = CARTESIAN_POINT ( 'NONE',  ( 55.31370849898491571, -6.699999999999996625, 60.84999999999993037 ) ) ;
#3182 = EDGE_CURVE ( 'NONE', #2035, #4348, #3144, .T. ) ;
#3183 = VECTOR ( 'NONE', #2557, 1000.000000000000000 ) ;
#3184 = ORIENTED_EDGE ( 'NONE', *, *, #1476, .F. ) ;
#3185 = EDGE_CURVE ( 'NONE', #3195, #1346, #2028, .T. ) ;
#3186 = FACE_OUTER_BOUND ( 'NONE', #1867, .T. ) ;
#3187 = ORIENTED_EDGE ( 'NONE', *, *, #1378, .F. ) ;
#3188 = CARTESIAN_POINT ( 'NONE',  ( 44.00000000000014211, -9.000000000000000000, 54.59999999999993747 ) ) ;
#3189 = CARTESIAN_POINT ( 'NONE',  ( 2.200000000000013056, -9.000000000000000000, -29.71807067357613263 ) ) ;
#3190 = DIRECTION ( 'NONE',  ( 0.000000000000000000, 0.000000000000000000, 1.000000000000000000 ) ) ;
#3191 = LINE ( 'NONE', #3575, #120 ) ;
#3192 = CARTESIAN_POINT ( 'NONE',  ( 70.19072878546366212, 11.30073657421921673, 101.8290569217413690 ) ) ;
#3193 =( BOUNDED_CURVE ( )  B_SPLINE_CURVE ( 3, ( #4504, #2756, #2446, #43 ),
 .UNSPECIFIED., .F., .T. ) 
 B_SPLINE_CURVE_WITH_KNOTS ( ( 4, 4 ),
 ( 0.000000000000000000, 1.570796326794896558 ),
 .UNSPECIFIED. ) 
 CURVE ( )  GEOMETRIC_REPRESENTATION_ITEM ( )  RATIONAL_B_SPLINE_CURVE ( ( 1.000000000000000000, 0.8047378541243649375, 0.8047378541243649375, 1.000000000000000000 ) ) 
 REPRESENTATION_ITEM ( '' )  );
#3194 = ORIENTED_EDGE ( 'NONE', *, *, #1911, .T. ) ;
#3195 = VERTEX_POINT ( 'NONE', #432 ) ;
#3196 = CARTESIAN_POINT ( 'NONE',  ( -67.05185409061579094, 15.00000000000000178, 102.2471079627352992 ) ) ;
#3197 = DIRECTION ( 'NONE',  ( -1.000000000000000000, -0.000000000000000000, 3.384826294588891447E-16 ) ) ;
#3198 = ORIENTED_EDGE ( 'NONE', *, *, #2263, .T. ) ;
#3199 = EDGE_LOOP ( 'NONE', ( #4503, #446, #951, #186, #4333, #2144, #1283, #2715, #3070, #718, #2748, #1778, #3043, #2492 ) ) ;
#3200 = DIRECTION ( 'NONE',  ( 0.000000000000000000, 1.000000000000000000, 0.000000000000000000 ) ) ;
#3201 = CARTESIAN_POINT ( 'NONE',  ( -2.199999999999986855, -12.99999999999999822, -40.50000000000004263 ) ) ;
#3202 = CARTESIAN_POINT ( 'NONE',  ( 182.0516601045653431, 13.27517966776996516, 106.6534425066255523 ) ) ;
#3203 = DIRECTION ( 'NONE',  ( 0.000000000000000000, 0.000000000000000000, -1.000000000000000000 ) ) ;
#3204 = CARTESIAN_POINT ( 'NONE',  ( 60.13867369185761902, 12.13569454597176644, 101.7221390468039175 ) ) ;
#3205 = VECTOR ( 'NONE', #647, 1000.000000000000000 ) ;
#3206 = ORIENTED_EDGE ( 'NONE', *, *, #1239, .F. ) ;
#3207 = FACE_OUTER_BOUND ( 'NONE', #1152, .T. ) ;
#3208 = VERTEX_POINT ( 'NONE', #1822 ) ;
#3209 = CARTESIAN_POINT ( 'NONE',  ( -65.99375954704679259, 15.00000000000000178, 100.9855802708747490 ) ) ;
#3210 = CARTESIAN_POINT ( 'NONE',  ( 44.00000000000013500, -9.000000000000000000, 75.09999999999993747 ) ) ;
#3211 = CARTESIAN_POINT ( 'NONE',  ( 140.0000000000001705, -27.72792206135785165, 97.49999999999978684 ) ) ;
#3212 = DIRECTION ( 'NONE',  ( 0.000000000000000000, 0.000000000000000000, 1.000000000000000000 ) ) ;
#3213 = ADVANCED_FACE ( 'NONE', ( #3207, #77 ), #1473, .F. ) ;
#3214 = CARTESIAN_POINT ( 'NONE',  ( -177.5429004210141954, 14.79286605713491021, 105.6169261859502768 ) ) ;
#3215 = EDGE_CURVE ( 'NONE', #63, #4211, #4079, .T. ) ;
#3216 = ORIENTED_EDGE ( 'NONE', *, *, #2935, .F. ) ;
#3217 = CARTESIAN_POINT ( 'NONE',  ( -69.24600005184423424, 15.55727053488665845, 103.4507557300582619 ) ) ;
#3218 = CARTESIAN_POINT ( 'NONE',  ( 59.94549939445730047, 11.83554260163513305, 111.4241222452095172 ) ) ;
#3219 = CYLINDRICAL_SURFACE ( 'NONE', #372, 11.49999999999999645 ) ;
#3220 = CARTESIAN_POINT ( 'NONE',  ( 120.0000000000001279, -15.00000000000000000, 81.84999999999966747 ) ) ;
#3221 = CARTESIAN_POINT ( 'NONE',  ( -132.0000000000000000, -15.00000000000000000, 81.84999999999989484 ) ) ;
#3222 = LINE ( 'NONE', #490, #1762 ) ;
#3223 = EDGE_CURVE ( 'NONE', #402, #4448, #678, .T. ) ;
#3224 = AXIS2_PLACEMENT_3D ( 'NONE', #1827, #2938, #4330 ) ;
#3225 = LINE ( 'NONE', #3828, #2658 ) ;
#3226 = DIRECTION ( 'NONE',  ( 1.000000000000000000, 0.000000000000000000, -3.384826294588891447E-16 ) ) ;
#3227 = AXIS2_PLACEMENT_3D ( 'NONE', #3029, #2106, #4111 ) ;
#3228 = AXIS2_PLACEMENT_3D ( 'NONE', #762, #3815, #1055 ) ;
#3229 = ORIENTED_EDGE ( 'NONE', *, *, #1719, .F. ) ;
#3230 = CARTESIAN_POINT ( 'NONE',  ( -59.99999999999991473, 0.000000000000000000, 84.49999999999994316 ) ) ;
#3231 = EDGE_LOOP ( 'NONE', ( #4308, #329, #4482, #175 ) ) ;
#3232 = VECTOR ( 'NONE', #251, 1000.000000000000000 ) ;
#3233 = LINE ( 'NONE', #3188, #218 ) ;
#3234 = CARTESIAN_POINT ( 'NONE',  ( -64.96675772696721651, 15.17851255180088010, 104.4770001009352285 ) ) ;
#3235 = CARTESIAN_POINT ( 'NONE',  ( 56.84157565265153522, 7.231866706946767920, 104.6555387883394417 ) ) ;
#3236 = CARTESIAN_POINT ( 'NONE',  ( -73.39999999999999147, -1.110223024625155554E-16, -56.50000000000003553 ) ) ;
#3237 = CARTESIAN_POINT ( 'NONE',  ( -175.0000000000000000, 14.66024868704470663, 105.9180455320016137 ) ) ;
#3238 = EDGE_CURVE ( 'NONE', #766, #2689, #1172, .T. ) ;
#3239 = ORIENTED_EDGE ( 'NONE', *, *, #2752, .T. ) ;
#3240 = CARTESIAN_POINT ( 'NONE',  ( -70.05439661422597908, 15.52088692718916008, 103.6040062142193108 ) ) ;
#3241 = CARTESIAN_POINT ( 'NONE',  ( -150.0000000000000284, 15.00000000000000000, -60.00000000000001421 ) ) ;
#3242 = FACE_OUTER_BOUND ( 'NONE', #2600, .T. ) ;
#3243 = CARTESIAN_POINT ( 'NONE',  ( 185.3384107903848417, -14.78923801320428666, 125.0000000000000000 ) ) ;
#3244 = CYLINDRICAL_SURFACE ( 'NONE', #2791, 5.000000000000004441 ) ;
#3245 = CARTESIAN_POINT ( 'NONE',  ( 135.7329952709159500, -2.345048197212560748, 94.45451019490620581 ) ) ;
#3246 = CARTESIAN_POINT ( 'NONE',  ( 180.3954611371432861, 12.78936330564476620, 109.8788375512534401 ) ) ;
#3247 = CARTESIAN_POINT ( 'NONE',  ( 176.1215257761022883, 14.96063251670090288, 104.1736636404714176 ) ) ;
#3248 = CARTESIAN_POINT ( 'NONE',  ( -135.5410298834311789, -1.835262420212470547, 93.66707858196390646 ) ) ;
#3249 = CARTESIAN_POINT ( 'NONE',  ( 60.05208299870296429, 11.94895072985363349, 101.7442054436732803 ) ) ;
#3250 = ORIENTED_EDGE ( 'NONE', *, *, #4046, .F. ) ;
#3251 = CARTESIAN_POINT ( 'NONE',  ( -184.9999999999999716, 2.660248687044709737, 120.4495279040576605 ) ) ;
#3252 = CARTESIAN_POINT ( 'NONE',  ( -187.5050027246162756, -15.00000000000000355, 124.3384700552520457 ) ) ;
#3253 = CARTESIAN_POINT ( 'NONE',  ( -64.92837242028247147, 15.17535391271335321, 104.4865502859674393 ) ) ;
#3254 = CIRCLE ( 'NONE', #935, 11.49999999999999645 ) ;
#3255 = DIRECTION ( 'NONE',  ( -0.000000000000000000, 1.000000000000000000, -0.000000000000000000 ) ) ;
#3256 = CARTESIAN_POINT ( 'NONE',  ( 59.55898920705418220, 10.00000000000000888, 102.0531968755976635 ) ) ;
#3257 = CARTESIAN_POINT ( 'NONE',  ( -2.199999999999985967, 2.711709361697214616E-32, -25.50000000000004263 ) ) ;
#3258 = CARTESIAN_POINT ( 'NONE',  ( -178.7057246402951307, 13.81332281830479580, 107.8898259535451984 ) ) ;
#3259 = EDGE_CURVE ( 'NONE', #2977, #228, #917, .T. ) ;
#3260 = EDGE_CURVE ( 'NONE', #2803, #2022, #3325, .T. ) ;
#3261 = EDGE_LOOP ( 'NONE', ( #1786, #3273, #4222, #2226 ) ) ;
#3262 = CARTESIAN_POINT ( 'NONE',  ( -65.32671993911634445, 15.10158700003044530, 104.7063055496557809 ) ) ;
#3263 = CARTESIAN_POINT ( 'NONE',  ( 55.00000000000007105, 10.74196951500541708, 112.9903730305670422 ) ) ;
#3264 = DIRECTION ( 'NONE',  ( 1.000000000000000000, -0.000000000000000000, 0.000000000000000000 ) ) ;
#3265 = CYLINDRICAL_SURFACE ( 'NONE', #4152, 4.000000000000003553 ) ;
#3266 = CARTESIAN_POINT ( 'NONE',  ( -64.67274705322530792, 15.00000000000000711, 75.15450589359413414 ) ) ;
#3267 = CARTESIAN_POINT ( 'NONE',  ( 140.0000000000001705, -5.335145141621742582, 97.49999999999978684 ) ) ;
#3268 = CARTESIAN_POINT ( 'NONE',  ( 180.1112458391189080, 14.14244995897830925, 107.2209665774449121 ) ) ;
#3269 = CARTESIAN_POINT ( 'NONE',  ( 34.72691193458118875, -9.000000000000000000, -29.71807067357613263 ) ) ;
#3270 = CARTESIAN_POINT ( 'NONE',  ( 0.000000000000000000, -15.00000000000000000, 0.000000000000000000 ) ) ;
#3271 = EDGE_CURVE ( 'NONE', #2555, #2861, #3801, .T. ) ;
#3272 = CARTESIAN_POINT ( 'NONE',  ( 62.14297331977744676, 14.40397185501994137, 101.5102591166119197 ) ) ;
#3273 = ORIENTED_EDGE ( 'NONE', *, *, #4170, .T. ) ;
#3274 = CARTESIAN_POINT ( 'NONE',  ( -183.1436778562267307, 9.660222049598974792, 114.3762402359454740 ) ) ;
#3275 = AXIS2_PLACEMENT_3D ( 'NONE', #3342, #2707, #978 ) ;
#3276 = CARTESIAN_POINT ( 'NONE',  ( -189.7430945860705833, -15.00000000000000000, 121.6090591962335310 ) ) ;
#3277 = CARTESIAN_POINT ( 'NONE',  ( 120.0000000000001279, -15.00000000000000000, 81.84999999999966747 ) ) ;
#3278 = CARTESIAN_POINT ( 'NONE',  ( -56.63205599473358376, 15.25881915396443667, 105.3999719097195253 ) ) ;
#3279 = DIRECTION ( 'NONE',  ( -0.000000000000000000, 1.000000000000000000, -0.000000000000000000 ) ) ;
#3280 = VECTOR ( 'NONE', #3082, 1000.000000000000000 ) ;
#3281 = CIRCLE ( 'NONE', #1325, 5.000000000000004441 ) ;
#3282 = CARTESIAN_POINT ( 'NONE',  ( -120.0000000000000000, -15.00000000000000000, 81.84999999999989484 ) ) ;
#3283 = EDGE_LOOP ( 'NONE', ( #3047, #2024, #2423, #2903 ) ) ;
#3284 = CARTESIAN_POINT ( 'NONE',  ( -186.9968265404533554, 9.049510343911606469, 110.9153892591005786 ) ) ;
#3285 = CARTESIAN_POINT ( 'NONE',  ( -67.63954939440208136, 14.52655746974329176, 101.5013719896204947 ) ) ;
#3286 = DIRECTION ( 'NONE',  ( 1.000000000000000000, 0.000000000000000000, 0.000000000000000000 ) ) ;
#3287 = AXIS2_PLACEMENT_3D ( 'NONE', #626, #1945, #1596 ) ;
#3288 = CARTESIAN_POINT ( 'NONE',  ( -55.50507384722651949, 10.74196951604024797, 112.9903730291803470 ) ) ;
#3289 = CARTESIAN_POINT ( 'NONE',  ( -62.61612561546100153, 14.49125849123204191, 76.88387438453888478 ) ) ;
#3290 = CARTESIAN_POINT ( 'NONE',  ( 120.0000000000000995, -15.00000000000000000, 52.84999999999966747 ) ) ;
#3291 = AXIS2_PLACEMENT_3D ( 'NONE', #995, #2383, #3772 ) ;
#3292 = CARTESIAN_POINT ( 'NONE',  ( 137.4335669746422752, -0.2047454630679399756, 89.30017968929605843 ) ) ;
#3293 = CARTESIAN_POINT ( 'NONE',  ( 177.0647828694071961, 14.86438189580786506, 105.4233847316817076 ) ) ;
#3294 = DIRECTION ( 'NONE',  ( -0.000000000000000000, -1.000000000000000000, -0.000000000000000000 ) ) ;
#3295 = VERTEX_POINT ( 'NONE', #4422 ) ;
#3296 = PLANE ( 'NONE',  #3823 ) ;
#3297 = CARTESIAN_POINT ( 'NONE',  ( -60.00000020636436915, 9.998810308929783730, 79.50000082545777502 ) ) ;
#3298 = VECTOR ( 'NONE', #4113, 1000.000000000000000 ) ;
#3299 = ORIENTED_EDGE ( 'NONE', *, *, #777, .F. ) ;
#3300 = DIRECTION ( 'NONE',  ( -1.131341397376178819E-16, 0.000000000000000000, 1.000000000000000000 ) ) ;
#3301 = CARTESIAN_POINT ( 'NONE',  ( -142.0150785450877038, -0.1504397098630355922, 88.97316335875711957 ) ) ;
#3302 = FACE_OUTER_BOUND ( 'NONE', #2073, .T. ) ;
#3303 = CARTESIAN_POINT ( 'NONE',  ( -62.92318908782222309, 13.60117514606708866, 108.3331240164793172 ) ) ;
#3304 = CARTESIAN_POINT ( 'NONE',  ( 67.14412526966393102, 14.99999999999999645, 103.6598362975188081 ) ) ;
#3305 = CARTESIAN_POINT ( 'NONE',  ( 185.0000000000000000, -15.00000000000000000, 125.0000000000000000 ) ) ;
#3306 = EDGE_LOOP ( 'NONE', ( #4219, #1677, #3829, #2599 ) ) ;
#3307 = CARTESIAN_POINT ( 'NONE',  ( -187.7469298696354656, 7.919605421052748007, 111.7781353739372037 ) ) ;
#3308 = VERTEX_POINT ( 'NONE', #4003 ) ;
#3309 = CARTESIAN_POINT ( 'NONE',  ( -70.42065409112713326, 10.23131403512119775, 102.0042717413061553 ) ) ;
#3310 = CARTESIAN_POINT ( 'NONE',  ( -185.6827413922564460, -13.62717157968021553, 125.0000000000000000 ) ) ;
#3311 = DIRECTION ( 'NONE',  ( 0.000000000000000000, -1.000000000000000000, 0.000000000000000000 ) ) ;
#3312 = B_SPLINE_CURVE_WITH_KNOTS ( 'NONE', 3,
 ( #1198, #1103, #1564, #2949, #3884, #776, #592, #3998, #1315, #1963, #1936, #2637, #4393, #3319, #3002, #2292, #268, #196 ),
 .UNSPECIFIED., .F., .F.,
 ( 4, 2, 2, 2, 2, 2, 2, 2, 4 ),
 ( 1.008310120730443377E-14, 0.001238667599127563686, 0.002477335198245044293, 0.003716002797362524899, 0.004954670396480005505, 0.006193337995597485678, 0.007432005594714966717, 0.008670673193832448625, 0.009909340792949928797 ),
 .UNSPECIFIED. ) ;
#3313 = DIRECTION ( 'NONE',  ( 0.000000000000000000, 0.000000000000000000, -1.000000000000000000 ) ) ;
#3314 = DIRECTION ( 'NONE',  ( 0.000000000000000000, 0.000000000000000000, -1.000000000000000000 ) ) ;
#3315 = EDGE_CURVE ( 'NONE', #2882, #910, #4445, .T. ) ;
#3316 = CARTESIAN_POINT ( 'NONE',  ( 135.6159322071951578, -0.9718759305858581943, 91.94152554461228988 ) ) ;
#3317 = EDGE_LOOP ( 'NONE', ( #454, #4072, #194, #4252, #2742, #2100 ) ) ;
#3318 = CARTESIAN_POINT ( 'NONE',  ( 178.0211764471721665, 14.69541512014903084, 104.6127722208930635 ) ) ;
#3319 = CARTESIAN_POINT ( 'NONE',  ( -60.04468177339680324, 11.95979276887571885, 101.7417527752949979 ) ) ;
#3320 = ORIENTED_EDGE ( 'NONE', *, *, #747, .T. ) ;
#3321 = CARTESIAN_POINT ( 'NONE',  ( 144.1989009098654719, -0.7571284149780618256, 91.37429897467173134 ) ) ;
#3322 = EDGE_CURVE ( 'NONE', #2400, #3965, #1990, .T. ) ;
#3323 = CARTESIAN_POINT ( 'NONE',  ( -54.99999999999992184, 10.00000000000000888, 79.49999999999994316 ) ) ;
#3324 = ORIENTED_EDGE ( 'NONE', *, *, #2516, .F. ) ;
#3325 = LINE ( 'NONE', #2672, #4298 ) ;
#3326 = DIRECTION ( 'NONE',  ( 2.312964634635732800E-15, 0.000000000000000000, 1.000000000000000000 ) ) ;
#3327 = ADVANCED_FACE ( 'NONE', ( #598 ), #1658, .T. ) ;
#3328 = CARTESIAN_POINT ( 'NONE',  ( -132.0000000000000000, -9.999999999999998224, 76.84999999999989484 ) ) ;
#3329 = CARTESIAN_POINT ( 'NONE',  ( -59.99999999999992184, 0.000000000000000000, 87.00000000000001421 ) ) ;
#3330 = CARTESIAN_POINT ( 'NONE',  ( 38.00000000000014211, -6.699999999999996625, 60.84999999999993037 ) ) ;
#3331 = CARTESIAN_POINT ( 'NONE',  ( 187.2199156724560680, -15.00000000000000178, 124.4911691319893237 ) ) ;
#3332 = ORIENTED_EDGE ( 'NONE', *, *, #3096, .T. ) ;
#3333 = DIRECTION ( 'NONE',  ( -0.000000000000000000, 1.000000000000000000, -0.000000000000000000 ) ) ;
#3334 = CARTESIAN_POINT ( 'NONE',  ( -66.23434298833181799, 15.07402388070634913, 101.4626547414368218 ) ) ;
#3335 = CARTESIAN_POINT ( 'NONE',  ( -185.6921428285992874, -13.13856295807038954, 125.0000000000000284 ) ) ;
#3336 = AXIS2_PLACEMENT_3D ( 'NONE', #4178, #2508, #3485 ) ;
#3337 = CARTESIAN_POINT ( 'NONE',  ( 139.9999999999999716, 15.00000000000000000, -61.50000000000020606 ) ) ;
#3338 = CARTESIAN_POINT ( 'NONE',  ( 59.55898920705418220, 10.00000000000000888, 102.0531968755976635 ) ) ;
#3339 = CARTESIAN_POINT ( 'NONE',  ( 66.50041853065121700, 15.00000000000000000, 101.4677243977613443 ) ) ;
#3340 = ORIENTED_EDGE ( 'NONE', *, *, #2543, .T. ) ;
#3341 = CARTESIAN_POINT ( 'NONE',  ( 65.03324227303254190, 15.17851255180088721, 104.4770001009351574 ) ) ;
#3342 = CARTESIAN_POINT ( 'NONE',  ( 127.9793426724012164, 2.800339325505419421E-14, -56.50000000000003553 ) ) ;
#3343 = EDGE_LOOP ( 'NONE', ( #1306, #1109, #440, #1663 ) ) ;
#3344 = CARTESIAN_POINT ( 'NONE',  ( 143.9448872629561436, -2.892666178879521155, 95.18123244994772847 ) ) ;
#3345 =( BOUNDED_SURFACE ( )  B_SPLINE_SURFACE ( 3, 2, ( 
 ( #3369, #2688, #3323 ),
 ( #2669, #3297, #913 ),
 ( #4347, #2321, #146 ),
 ( #3707, #1222, #3683 ),
 ( #2615, #4001, #885 ),
 ( #570, #2266, #3657 ),
 ( #2979, #1967, #3346 ),
 ( #1272, #4075, #953 ),
 ( #1989, #252, #2347 ),
 ( #3734, #621, #1544 ),
 ( #2929, #3045, #1319 ),
 ( #3392, #2713, #4104 ),
 ( #273, #1662, #4443 ),
 ( #1194, #3289, #2608 ),
 ( #1214, #191, #4290 ),
 ( #534, #2258, #506 ),
 ( #3266, #2211, #877 ),
 ( #2631, #3623, #1881 ) ),
 .UNSPECIFIED., .F., .F., .T. ) 
 B_SPLINE_SURFACE_WITH_KNOTS ( ( 4, 2, 2, 2, 2, 2, 2, 2, 4 ),
 ( 3, 3 ),
 ( 6.283185307179586232, 6.479534848028948524, 6.675884388878310816, 6.872233929727672219, 7.068583470577034511, 7.264933011426396803, 7.461282552275758206, 7.657632093125120498, 7.853981633974482790 ),
 ( 0.000000000000000000, 1.000000000000000000 ),
 .UNSPECIFIED. ) 
 GEOMETRIC_REPRESENTATION_ITEM ( )  RATIONAL_B_SPLINE_SURFACE ( (
 ( 1.000000000000000000, 0.7071067811865480168, 1.000000000000000000),
 ( 1.000000000000000000, 0.7070717283369923889, 1.000000000000000000),
 ( 1.000000000000000000, 0.7117460025828871162, 1.000000000000000000),
 ( 1.000000000000000000, 0.7291288939604284591, 1.000000000000000000),
 ( 1.000000000000000000, 0.7418334179585950316, 1.000000000000000000),
 ( 1.000000000000000000, 0.7723968217386069091, 1.000000000000000000),
 ( 1.000000000000000000, 0.7902180087156462918, 1.000000000000000000),
 ( 1.000000000000000000, 0.8275942695276943262, 1.000000000000000000),
 ( 1.000000000000000000, 0.8471316604839911335, 1.000000000000000000),
 ( 1.000000000000000000, 0.8849191470848853935, 1.000000000000000000),
 ( 1.000000000000000000, 0.9031650994465071358, 1.000000000000000000),
 ( 1.000000000000000000, 0.9360421842398880532, 1.000000000000000000),
 ( 1.000000000000000000, 0.9506740354169902485, 1.000000000000000000),
 ( 1.000000000000000000, 0.9747108043453222015, 1.000000000000000000),
 ( 1.000000000000000000, 0.9841171504956021110, 1.000000000000000000),
 ( 1.000000000000000000, 0.9967613244521380533, 1.000000000000000000),
 ( 1.000000000000000000, 1.000000000000000000, 1.000000000000000000),
 ( 1.000000000000000000, 1.000000000000000000, 1.000000000000000000) ) ) 
 REPRESENTATION_ITEM ( '' )  SURFACE ( )  );
#3346 = CARTESIAN_POINT ( 'NONE',  ( -56.32168401022639159, 12.50575337110240071, 78.83915799488551102 ) ) ;
#3347 = TOROIDAL_SURFACE ( 'NONE', #153, 25.00000000000000000, 15.00000000000000000 ) ;
#3348 = ORIENTED_EDGE ( 'NONE', *, *, #3182, .F. ) ;
#3349 = CARTESIAN_POINT ( 'NONE',  ( -59.99999999999992184, -14.99999999999998579, 99.99999999999997158 ) ) ;
#3350 = DIRECTION ( 'NONE',  ( 0.000000000000000000, 1.000000000000000000, -0.000000000000000000 ) ) ;
#3351 = PLANE ( 'NONE',  #3093 ) ;
#3352 = CARTESIAN_POINT ( 'NONE',  ( -73.39999999999999147, -12.99999999999999645, -52.00000000000004263 ) ) ;
#3353 = PRESENTATION_LAYER_ASSIGNMENT (  '', '', ( #1246 ) ) ;
#3354 = PLANE ( 'NONE',  #2856 ) ;
#3355 = VERTEX_POINT ( 'NONE', #2057 ) ;
#3356 = CARTESIAN_POINT ( 'NONE',  ( -188.4232761790422330, 6.710523895784674231, 112.6324159373087213 ) ) ;
#3357 = VECTOR ( 'NONE', #2380, 1000.000000000000000 ) ;
#3358 = CARTESIAN_POINT ( 'NONE',  ( -64.95224091284033818, 15.17676653067389481, 104.4822725481146080 ) ) ;
#3359 = CARTESIAN_POINT ( 'NONE',  ( -54.61581098705492110, 16.46974630060990918, 105.1672733229323313 ) ) ;
#3360 = AXIS2_PLACEMENT_3D ( 'NONE', #3711, #1323, #229 ) ;
#3361 = ADVANCED_FACE ( 'NONE', ( #4102 ), #396, .F. ) ;
#3362 = CARTESIAN_POINT ( 'NONE',  ( -2.199999999999985079, -9.000000000000000000, -29.00000000000004619 ) ) ;
#3363 = DIRECTION ( 'NONE',  ( 0.000000000000000000, 0.000000000000000000, 1.000000000000000000 ) ) ;
#3364 = CARTESIAN_POINT ( 'NONE',  ( 59.71828635951298736, 11.73032205029064201, 111.5862414056884688 ) ) ;
#3365 = DIRECTION ( 'NONE',  ( 0.000000000000000000, 1.000000000000000000, -0.000000000000000000 ) ) ;
#3366 = FACE_OUTER_BOUND ( 'NONE', #3738, .T. ) ;
#3367 = ORIENTED_EDGE ( 'NONE', *, *, #2627, .F. ) ;
#3368 = CARTESIAN_POINT ( 'NONE',  ( 142.9624383630779505, -4.013664021563363882, 96.39756268106357595 ) ) ;
#3369 = CARTESIAN_POINT ( 'NONE',  ( -59.99999999999992184, 10.00000000000000888, 84.49999999999994316 ) ) ;
#3370 = ADVANCED_FACE ( 'NONE', ( #4196 ), #439, .F. ) ;
#3371 = VERTEX_POINT ( 'NONE', #3785 ) ;
#3372 = CARTESIAN_POINT ( 'NONE',  ( 86.59999999999999432, -30.00000000000000000, -12.00000000000000711 ) ) ;
#3373 = AXIS2_PLACEMENT_3D ( 'NONE', #99, #2878, #2902 ) ;
#3374 = B_SPLINE_CURVE_WITH_KNOTS ( 'NONE', 3,
 ( #1830, #4442, #2565, #3247, #2876, #835, #2153, #1818, #3541, #3954, #1907, #3202, #2196, #427, #449, #3976, #3904, #1839, #2214, #793, #4249, #2495, #96, #3607, #2586, #3628, #1149, #470 ),
 .UNSPECIFIED., .F., .F.,
 ( 4, 2, 2, 2, 2, 2, 2, 2, 2, 2, 2, 2, 2, 4 ),
 ( 0.000000000000000000, 0.0008431320733673086654, 0.001686264146734617331, 0.003372528293469235529, 0.005058792440203853727, 0.006745056586938472792, 0.01011758488040768490, 0.01180384902714228142, 0.01349011317387687620, 0.01686264146734598943, 0.01854890561408057900, 0.02023516976081517205, 0.02360769805428433385, 0.02698022634775348871 ),
 .UNSPECIFIED. ) ;
#3375 = CARTESIAN_POINT ( 'NONE',  ( 65.00000000000007105, 15.00000000000000000, 99.99999999999995737 ) ) ;
#3376 = CARTESIAN_POINT ( 'NONE',  ( -56.87520813829928557, -14.99999999999999289, 104.6464183407224340 ) ) ;
#3377 = CARTESIAN_POINT ( 'NONE',  ( 185.0000000000000284, -11.60248687044699700, 124.9999999999998721 ) ) ;
#3378 = DIRECTION ( 'NONE',  ( 2.449021377849609992E-15, 0.000000000000000000, 1.000000000000000000 ) ) ;
#3379 = EDGE_LOOP ( 'NONE', ( #4359, #1014 ) ) ;
#3380 = CARTESIAN_POINT ( 'NONE',  ( -187.3445497735276035, 8.866843424026551901, 115.3029844478177495 ) ) ;
#3381 = CARTESIAN_POINT ( 'NONE',  ( -62.40974329710681445, 14.55207122592536351, 101.4994666268296015 ) ) ;
#3382 = DIRECTION ( 'NONE',  ( 0.000000000000000000, 0.000000000000000000, -1.000000000000000000 ) ) ;
#3383 = TOROIDAL_SURFACE ( 'NONE', #3228, 10.00000000000000000, 5.000000000000000000 ) ;
#3384 = EDGE_CURVE ( 'NONE', #3646, #3709, #2846, .T. ) ;
#3385 = DIRECTION ( 'NONE',  ( 1.000000000000000000, 0.000000000000000000, -3.384826294588891447E-16 ) ) ;
#3386 = CARTESIAN_POINT ( 'NONE',  ( 55.00000000000007105, 6.734767356633923896, 104.9999999999999574 ) ) ;
#3387 = CARTESIAN_POINT ( 'NONE',  ( -57.88535970114494233, 11.11185293551602804, 112.4841540018801425 ) ) ;
#3388 = DIRECTION ( 'NONE',  ( 1.000000000000000000, 0.000000000000000000, 0.000000000000000000 ) ) ;
#3389 = EDGE_CURVE ( 'NONE', #1403, #1532, #1117, .T. ) ;
#3390 = VERTEX_POINT ( 'NONE', #2121 ) ;
#3391 = CARTESIAN_POINT ( 'NONE',  ( 0.000000000000000000, -9.000000000000000000, 0.000000000000000000 ) ) ;
#3392 = CARTESIAN_POINT ( 'NONE',  ( -62.49424662897620664, 14.33915799493814980, 79.51150674204433244 ) ) ;
#3393 = VECTOR ( 'NONE', #3499, 1000.000000000000000 ) ;
#3394 = ORIENTED_EDGE ( 'NONE', *, *, #212, .T. ) ;
#3395 = CARTESIAN_POINT ( 'NONE',  ( 59.81684991769536452, 11.32470420349531004, 101.8256944979201108 ) ) ;
#3396 = ORIENTED_EDGE ( 'NONE', *, *, #2296, .F. ) ;
#3397 = DIRECTION ( 'NONE',  ( 1.156482317317871232E-16, 0.000000000000000000, -1.000000000000000000 ) ) ;
#3398 = CARTESIAN_POINT ( 'NONE',  ( 184.0885899038322293, 7.679962627159420130, 116.4962715727826321 ) ) ;
#3399 = CARTESIAN_POINT ( 'NONE',  ( 143.3137084989849086, -6.699999999999997513, 68.84999999999993747 ) ) ;
#3400 = CARTESIAN_POINT ( 'NONE',  ( 44.00000000000014211, -9.000000000000000000, 54.59999999999993747 ) ) ;
#3401 = ORIENTED_EDGE ( 'NONE', *, *, #770, .T. ) ;
#3402 = CARTESIAN_POINT ( 'NONE',  ( -188.7662327973696108, 6.585705520786373945, 117.5557881331983907 ) ) ;
#3403 = ORIENTED_EDGE ( 'NONE', *, *, #3389, .T. ) ;
#3404 = CARTESIAN_POINT ( 'NONE',  ( -60.34174027885078573, 12.52279851607948835, 101.6786127385505409 ) ) ;
#3405 = CARTESIAN_POINT ( 'NONE',  ( -57.35914317969958631, 7.558394469011547656, 104.4149451560547419 ) ) ;
#3406 = EDGE_CURVE ( 'NONE', #7, #4300, #1785, .T. ) ;
#3407 = CARTESIAN_POINT ( 'NONE',  ( -120.0000000000000000, 0.000000000000000000, 81.84999999999990905 ) ) ;
#3408 = CARTESIAN_POINT ( 'NONE',  ( 58.40226848384444480, 11.24997469565535191, 112.2900356840161891 ) ) ;
#3409 = CARTESIAN_POINT ( 'NONE',  ( 64.31893937578492171, 14.86340935932462415, 105.3839436852320404 ) ) ;
#3410 = CARTESIAN_POINT ( 'NONE',  ( -189.9999999999999716, -13.30124343522352959, 95.04813484716471805 ) ) ;
#3411 = CIRCLE ( 'NONE', #289, 25.00000000000000000 ) ;
#3412 = ORIENTED_EDGE ( 'NONE', *, *, #4177, .T. ) ;
#3413 = CARTESIAN_POINT ( 'NONE',  ( 59.86904120090606796, 10.13959024402434039, 79.63095879910541441 ) ) ;
#3414 = CARTESIAN_POINT ( 'NONE',  ( -2.199999999999985523, 0.000000000000000000, -25.50000000000004263 ) ) ;
#3415 = EDGE_CURVE ( 'NONE', #3577, #3308, #773, .T. ) ;
#3416 = ADVANCED_FACE ( 'NONE', ( #2143 ), #298, .T. ) ;
#3417 = EDGE_LOOP ( 'NONE', ( #3107, #2122, #4372, #3895 ) ) ;
#3418 = ORIENTED_EDGE ( 'NONE', *, *, #3051, .T. ) ;
#3419 = CARTESIAN_POINT ( 'NONE',  ( 64.41809105730852991, 14.93970554144837593, 105.1700792880875781 ) ) ;
#3420 = EDGE_LOOP ( 'NONE', ( #4455, #1274, #3756, #3324 ) ) ;
#3421 = CARTESIAN_POINT ( 'NONE',  ( -143.9452727326101069, -2.892102359869693107, 95.18053673333669451 ) ) ;
#3422 = CARTESIAN_POINT ( 'NONE',  ( -189.9999999999999716, -10.83333333333333393, 99.81817286338251449 ) ) ;
#3423 = FACE_OUTER_BOUND ( 'NONE', #493, .T. ) ;
#3424 = DIRECTION ( 'NONE',  ( -1.000000000000000000, 0.000000000000000000, 2.449021377849609992E-15 ) ) ;
#3425 = ORIENTED_EDGE ( 'NONE', *, *, #1458, .F. ) ;
#3426 = CARTESIAN_POINT ( 'NONE',  ( -184.6497459838719237, 5.907593829259657703, 118.1131881930100889 ) ) ;
#3427 = ORIENTED_EDGE ( 'NONE', *, *, #1088, .F. ) ;
#3428 = EDGE_CURVE ( 'NONE', #431, #983, #1344, .T. ) ;
#3429 = CARTESIAN_POINT ( 'NONE',  ( -64.42404336853623192, 15.18848078119931344, 101.4549581678266890 ) ) ;
#3430 = VECTOR ( 'NONE', #853, 1000.000000000000000 ) ;
#3431 = DIRECTION ( 'NONE',  ( 0.000000000000000000, 0.000000000000000000, 1.000000000000000000 ) ) ;
#3432 = DIRECTION ( 'NONE',  ( 0.000000000000000000, 0.000000000000000000, 1.000000000000000000 ) ) ;
#3433 = FACE_OUTER_BOUND ( 'NONE', #3886, .T. ) ;
#3434 = DIRECTION ( 'NONE',  ( -1.206723022799020067E-31, -1.000000000000000000, 4.956352788505164254E-16 ) ) ;
#3435 = CARTESIAN_POINT ( 'NONE',  ( -182.0237345838446572, 13.28942196804294440, 106.6349857784098987 ) ) ;
#3436 = CIRCLE ( 'NONE', #148, 4.000000000000003553 ) ;
#3437 = EDGE_LOOP ( 'NONE', ( #2893, #767 ) ) ;
#3438 = CARTESIAN_POINT ( 'NONE',  ( 62.49424662897534688, 14.33915799493746057, 79.51150674204433244 ) ) ;
#3439 = CARTESIAN_POINT ( 'NONE',  ( 69.94768954788858650, 11.95695289706126729, 101.7429706369461542 ) ) ;
#3440 = ORIENTED_EDGE ( 'NONE', *, *, #2980, .T. ) ;
#3441 = CARTESIAN_POINT ( 'NONE',  ( 64.86705822019288803, 15.16615523267146237, 104.5142552033206300 ) ) ;
#3442 = LINE ( 'NONE', #2436, #4190 ) ;
#3443 = VERTEX_POINT ( 'NONE', #3551 ) ;
#3444 = CARTESIAN_POINT ( 'NONE',  ( -190.0000000000000284, 0.000000000000000000, -59.99999999999972289 ) ) ;
#3445 = EDGE_CURVE ( 'NONE', #1258, #3449, #3374, .T. ) ;
#3446 = FACE_BOUND ( 'NONE', #380, .T. ) ;
#3447 = VERTEX_POINT ( 'NONE', #859 ) ;
#3448 = DIRECTION ( 'NONE',  ( -1.000000000000000000, 0.000000000000000000, 0.000000000000000000 ) ) ;
#3449 = VERTEX_POINT ( 'NONE', #1173 ) ;
#3450 = CARTESIAN_POINT ( 'NONE',  ( 139.9999999999999716, -27.72792206135785165, -52.50000000000022737 ) ) ;
#3451 = VECTOR ( 'NONE', #637, 1000.000000000000000 ) ;
#3452 = AXIS2_PLACEMENT_3D ( 'NONE', #1373, #993, #4154 ) ;
#3453 = ORIENTED_EDGE ( 'NONE', *, *, #4410, .T. ) ;
#3454 = VECTOR ( 'NONE', #305, 1000.000000000000000 ) ;
#3455 = DIRECTION ( 'NONE',  ( -2.721134864277343669E-16, 0.000000000000000000, 1.000000000000000000 ) ) ;
#3456 = CARTESIAN_POINT ( 'NONE',  ( -189.8693417841341784, 2.039645081060104115, 115.3021088237356082 ) ) ;
#3457 = ORIENTED_EDGE ( 'NONE', *, *, #2627, .T. ) ;
#3458 = AXIS2_PLACEMENT_3D ( 'NONE', #4173, #4516, #2857 ) ;
#3459 = CARTESIAN_POINT ( 'NONE',  ( 140.0000000000001705, -0.08682842985501861011, 88.49999999999980105 ) ) ;
#3460 = EDGE_CURVE ( 'NONE', #756, #2512, #3560, .T. ) ;
#3461 = EDGE_CURVE ( 'NONE', #966, #3646, #3222, .T. ) ;
#3462 = CARTESIAN_POINT ( 'NONE',  ( 65.16097432273568302, 15.16000705660327341, 104.5327432135400585 ) ) ;
#3463 = EDGE_CURVE ( 'NONE', #796, #1300, #117, .T. ) ;
#3464 = CARTESIAN_POINT ( 'NONE',  ( -144.4602095491678995, -1.830736281475100480, 93.65960004526613147 ) ) ;
#3465 = DIRECTION ( 'NONE',  ( 1.000000000000000000, 0.000000000000000000, -3.469446951953620105E-16 ) ) ;
#3466 = EDGE_LOOP ( 'NONE', ( #513, #1938, #2448, #3403, #280, #4137 ) ) ;
#3467 = LINE ( 'NONE', #4518, #11 ) ;
#3468 = ORIENTED_EDGE ( 'NONE', *, *, #4386, .T. ) ;
#3469 = EDGE_CURVE ( 'NONE', #2725, #2413, #1619, .T. ) ;
#3470 = CARTESIAN_POINT ( 'NONE',  ( 184.6854240500158824, 5.741446774377261697, 118.2485476897902004 ) ) ;
#3471 =( NAMED_UNIT ( * ) SI_UNIT ( $, .STERADIAN. ) SOLID_ANGLE_UNIT ( ) );
#3472 = ORIENTED_EDGE ( 'NONE', *, *, #3838, .T. ) ;
#3473 = DIRECTION ( 'NONE',  ( 0.000000000000000000, 9.020562075079389002E-15, 1.000000000000000000 ) ) ;
#3474 = CARTESIAN_POINT ( 'NONE',  ( -189.9999999999999432, 0.5171210824180090260, 115.9993332234958956 ) ) ;
#3475 = ORIENTED_EDGE ( 'NONE', *, *, #3215, .F. ) ;
#3476 = CARTESIAN_POINT ( 'NONE',  ( 61.40559293885409886, 13.71734956328779376, 78.09440706114013153 ) ) ;
#3477 = CARTESIAN_POINT ( 'NONE',  ( 64.83761443175555428, 15.15966660375169361, 104.5337645678811072 ) ) ;
#3478 = ORIENTED_EDGE ( 'NONE', *, *, #1620, .T. ) ;
#3479 = CARTESIAN_POINT ( 'NONE',  ( -135.9219435473731892, -0.6596740514594169325, 91.09130195059317714 ) ) ;
#3480 = ORIENTED_EDGE ( 'NONE', *, *, #343, .F. ) ;
#3481 = CARTESIAN_POINT ( 'NONE',  ( -120.0000000000000000, -15.00000000000000000, 81.84999999999989484 ) ) ;
#3482 = ORIENTED_EDGE ( 'NONE', *, *, #241, .T. ) ;
#3483 = FACE_OUTER_BOUND ( 'NONE', #4338, .T. ) ;
#3484 = VECTOR ( 'NONE', #1533, 1000.000000000000000 ) ;
#3485 = DIRECTION ( 'NONE',  ( 0.000000000000000000, 0.000000000000000000, -1.000000000000000000 ) ) ;
#3486 = ORIENTED_EDGE ( 'NONE', *, *, #2696, .F. ) ;
#3487 = LINE ( 'NONE', #1097, #1668 ) ;
#3488 = DIRECTION ( 'NONE',  ( 0.000000000000000000, 0.000000000000000000, 1.000000000000000000 ) ) ;
#3489 = ADVANCED_FACE ( 'NONE', ( #510 ), #3584, .F. ) ;
#3490 = VERTEX_POINT ( 'NONE', #815 ) ;
#3491 = CARTESIAN_POINT ( 'NONE',  ( 61.95005104082877523, 13.97553812808799556, 80.59989791834763651 ) ) ;
#3492 = VECTOR ( 'NONE', #2794, 1000.000000000000000 ) ;
#3493 = CIRCLE ( 'NONE', #2708, 5.000000000000004441 ) ;
#3494 = DIRECTION ( 'NONE',  ( -1.000000000000000000, 0.000000000000000000, 4.625929269271480983E-16 ) ) ;
#3495 = CIRCLE ( 'NONE', #4457, 4.999999999999997335 ) ;
#3496 = CARTESIAN_POINT ( 'NONE',  ( 67.07196029817829697, 15.64411178678050440, 103.1020849996700264 ) ) ;
#3497 = VECTOR ( 'NONE', #4320, 1000.000000000000000 ) ;
#3498 = EDGE_CURVE ( 'NONE', #686, #1465, #604, .T. ) ;
#3499 = DIRECTION ( 'NONE',  ( 1.000000000000000000, 0.000000000000000000, -0.000000000000000000 ) ) ;
#3500 = VECTOR ( 'NONE', #4150, 1000.000000000000000 ) ;
#3501 = ORIENTED_EDGE ( 'NONE', *, *, #202, .T. ) ;
#3502 = LINE ( 'NONE', #3867, #1104 ) ;
#3503 = ORIENTED_EDGE ( 'NONE', *, *, #569, .F. ) ;
#3504 = DIRECTION ( 'NONE',  ( 0.000000000000000000, 1.000000000000000000, 0.000000000000000000 ) ) ;
#3505 = AXIS2_PLACEMENT_3D ( 'NONE', #631, #2023, #3058 ) ;
#3506 = DIRECTION ( 'NONE',  ( -1.156482317317871232E-16, -0.000000000000000000, 1.000000000000000000 ) ) ;
#3507 = CYLINDRICAL_SURFACE ( 'NONE', #1377, 5.000000000000004441 ) ;
#3508 = DIRECTION ( 'NONE',  ( 1.000000000000000000, 0.000000000000000000, 0.000000000000000000 ) ) ;
#3509 = AXIS2_PLACEMENT_3D ( 'NONE', #174, #933, #3005 ) ;
#3510 = EDGE_LOOP ( 'NONE', ( #3299, #988 ) ) ;
#3511 = VECTOR ( 'NONE', #2358, 1000.000000000000000 ) ;
#3512 = CARTESIAN_POINT ( 'NONE',  ( 190.0000000000000284, 0.000000000000000000, 87.00000000000000000 ) ) ;
#3513 = FACE_OUTER_BOUND ( 'NONE', #335, .T. ) ;
#3514 = EDGE_CURVE ( 'NONE', #2089, #431, #1885, .T. ) ;
#3515 = ORIENTED_EDGE ( 'NONE', *, *, #571, .T. ) ;
#3516 = ORIENTED_EDGE ( 'NONE', *, *, #2802, .F. ) ;
#3517 = LINE ( 'NONE', #2536, #1156 ) ;
#3518 = EDGE_CURVE ( 'NONE', #3021, #7, #379, .T. ) ;
#3519 = CARTESIAN_POINT ( 'NONE',  ( 189.5146509370188994, 4.755356212358626600, 119.0402386914157802 ) ) ;
#3520 = DIRECTION ( 'NONE',  ( 0.000000000000000000, 1.000000000000000000, 0.000000000000000000 ) ) ;
#3521 = EDGE_CURVE ( 'NONE', #564, #2882, #2926, .T. ) ;
#3522 = CARTESIAN_POINT ( 'NONE',  ( 68.37271103641548109, 14.02095445008866115, 101.5403447054595034 ) ) ;
#3523 = CARTESIAN_POINT ( 'NONE',  ( -54.99999999999992184, 10.00000000000000888, 79.49999999999995737 ) ) ;
#3524 = ORIENTED_EDGE ( 'NONE', *, *, #3134, .T. ) ;
#3525 = CARTESIAN_POINT ( 'NONE',  ( 64.11797841410829335, 14.66024868704471373, 105.9180455320015000 ) ) ;
#3526 = ORIENTED_EDGE ( 'NONE', *, *, #4323, .F. ) ;
#3527 = DIRECTION ( 'NONE',  ( 0.000000000000000000, 0.000000000000000000, 1.000000000000000000 ) ) ;
#3528 = CARTESIAN_POINT ( 'NONE',  ( 185.0000000000000284, -13.30124343522352959, 95.04813484716459016 ) ) ;
#3529 = CARTESIAN_POINT ( 'NONE',  ( 184.1653934403924779, 7.473560130821566894, 116.6958451137325454 ) ) ;
#3530 = CARTESIAN_POINT ( 'NONE',  ( 59.25287513896182645, -14.53293101754554684, 102.6336393160470664 ) ) ;
#3531 = CARTESIAN_POINT ( 'NONE',  ( 65.70082150898652174, 14.83800474664990432, 105.4494917509156693 ) ) ;
#3532 = AXIS2_PLACEMENT_3D ( 'NONE', #2176, #2815, #1520 ) ;
#3533 = ORIENTED_EDGE ( 'NONE', *, *, #2233, .F. ) ;
#3534 = EDGE_LOOP ( 'NONE', ( #1431, #197, #1875, #2457 ) ) ;
#3535 = DIRECTION ( 'NONE',  ( 0.000000000000000000, 0.000000000000000000, -1.000000000000000000 ) ) ;
#3536 = FACE_OUTER_BOUND ( 'NONE', #287, .T. ) ;
#3537 = EDGE_CURVE ( 'NONE', #1297, #3195, #3312, .T. ) ;
#3538 = ORIENTED_EDGE ( 'NONE', *, *, #1069, .T. ) ;
#3539 = FACE_OUTER_BOUND ( 'NONE', #819, .T. ) ;
#3540 = FACE_OUTER_BOUND ( 'NONE', #3610, .T. ) ;
#3541 = CARTESIAN_POINT ( 'NONE',  ( 179.2877569576197345, 14.38304263683720485, 105.1039161252635097 ) ) ;
#3542 = CARTESIAN_POINT ( 'NONE',  ( 59.66831313390105151, 10.79779886202485173, 101.9032641603644720 ) ) ;
#3543 = CIRCLE ( 'NONE', #2037, 11.49999999999999645 ) ;
#3544 = EDGE_LOOP ( 'NONE', ( #2054, #3152, #2589, #3057 ) ) ;
#3545 = CARTESIAN_POINT ( 'NONE',  ( -54.99999999999992184, 6.734767356633883040, 104.9999999999999858 ) ) ;
#3546 = ORIENTED_EDGE ( 'NONE', *, *, #116, .T. ) ;
#3547 = CARTESIAN_POINT ( 'NONE',  ( -184.9999999999999716, -15.00000000000000000, 125.0000000000000000 ) ) ;
#3548 = CARTESIAN_POINT ( 'NONE',  ( -64.69716649537099329, 15.11327776750069241, 104.6720167064619602 ) ) ;
#3549 = CARTESIAN_POINT ( 'NONE',  ( 175.9533959651081148, 14.60894973809762298, 106.0492359390879500 ) ) ;
#3550 = CARTESIAN_POINT ( 'NONE',  ( 175.0000000000000568, 15.00000000000000000, 104.1063937511953412 ) ) ;
#3551 = CARTESIAN_POINT ( 'NONE',  ( -86.59999999999999432, -1.110223024625155554E-16, -56.50000000000003553 ) ) ;
#3552 = ADVANCED_FACE ( 'NONE', ( #4344 ), #71, .F. ) ;
#3553 = ORIENTED_EDGE ( 'NONE', *, *, #1654, .F. ) ;
#3554 = CARTESIAN_POINT ( 'NONE',  ( -68.97585744385463613, 13.46962086819837268, 101.5864207833765676 ) ) ;
#3555 = DIRECTION ( 'NONE',  ( -0.000000000000000000, 1.000000000000000000, -0.000000000000000000 ) ) ;
#3556 = CARTESIAN_POINT ( 'NONE',  ( 190.0000000000000284, -13.30124343522352959, 95.04813484716459016 ) ) ;
#3557 = CARTESIAN_POINT ( 'NONE',  ( 185.6921210213065763, -13.30124343522345498, 125.0000000000000000 ) ) ;
#3558 = ORIENTED_EDGE ( 'NONE', *, *, #2994, .F. ) ;
#3559 = CARTESIAN_POINT ( 'NONE',  ( 175.0000000000000568, 15.00000000000000000, 104.1063937511953412 ) ) ;
#3560 = LINE ( 'NONE', #72, #2995 ) ;
#3561 = CIRCLE ( 'NONE', #69, 4.000000000000003553 ) ;
#3562 = ADVANCED_FACE ( 'NONE', ( #881 ), #3020, .T. ) ;
#3563 = FACE_OUTER_BOUND ( 'NONE', #1731, .T. ) ;
#3564 = CARTESIAN_POINT ( 'NONE',  ( 139.9999999999999716, -27.72792206135785165, -57.00000000000022027 ) ) ;
#3565 = CIRCLE ( 'NONE', #3139, 5.000000000000004441 ) ;
#3566 = EDGE_CURVE ( 'NONE', #983, #3640, #4050, .T. ) ;
#3567 = VECTOR ( 'NONE', #1494, 1000.000000000000000 ) ;
#3568 = EDGE_CURVE ( 'NONE', #1450, #1546, #1291, .T. ) ;
#3569 = VERTEX_POINT ( 'NONE', #1614 ) ;
#3570 = CARTESIAN_POINT ( 'NONE',  ( -184.0490648620002787, 7.819415686428698109, 116.3735377175457870 ) ) ;
#3571 = ORIENTED_EDGE ( 'NONE', *, *, #3838, .F. ) ;
#3572 = CARTESIAN_POINT ( 'NONE',  ( -64.99999999999991473, 15.00000000000000000, 99.99999999999995737 ) ) ;
#3573 = CARTESIAN_POINT ( 'NONE',  ( 60.00000000000006395, 10.00000000000000888, 99.99999999999995737 ) ) ;
#3574 = CARTESIAN_POINT ( 'NONE',  ( 66.82198737601201799, 15.00000000000000000, 101.8215704574806750 ) ) ;
#3575 = CARTESIAN_POINT ( 'NONE',  ( -190.0000000000000000, -15.00000000000000000, 104.7482393492988564 ) ) ;
#3576 = CARTESIAN_POINT ( 'NONE',  ( -175.4267823160531350, 14.66024868427543737, 105.9180455391252167 ) ) ;
#3577 = VERTEX_POINT ( 'NONE', #2262 ) ;
#3578 = CARTESIAN_POINT ( 'NONE',  ( -70.37997065902482063, 10.53833134633854840, 101.9472187647887438 ) ) ;
#3579 = CYLINDRICAL_SURFACE ( 'NONE', #4432, 5.000000000000004441 ) ;
#3580 = DIRECTION ( 'NONE',  ( -0.000000000000000000, 0.000000000000000000, 1.000000000000000000 ) ) ;
#3581 = DIRECTION ( 'NONE',  ( -3.384826294588891940E-16, -0.000000000000000000, 1.000000000000000000 ) ) ;
#3582 = DIRECTION ( 'NONE',  ( 1.000000000000000000, -0.000000000000000000, -2.312964634635740689E-15 ) ) ;
#3583 = CARTESIAN_POINT ( 'NONE',  ( 179.7154032067372782, 14.27490317674710418, 106.9149546166130733 ) ) ;
#3584 = PLANE ( 'NONE',  #2553 ) ;
#3585 = CARTESIAN_POINT ( 'NONE',  ( -136.4904804607535596, -3.453486076863983012, 95.82858312774008880 ) ) ;
#3586 = LINE ( 'NONE', #2542, #1204 ) ;
#3587 = EDGE_CURVE ( 'NONE', #2104, #1078, #3565, .T. ) ;
#3588 = VERTEX_POINT ( 'NONE', #3653 ) ;
#3589 = EDGE_CURVE ( 'NONE', #2314, #210, #2369, .T. ) ;
#3590 = CARTESIAN_POINT ( 'NONE',  ( -184.9999999999999147, 3.473450601376554481, 119.9385356163374894 ) ) ;
#3591 = ORIENTED_EDGE ( 'NONE', *, *, #1037, .F. ) ;
#3592 = CARTESIAN_POINT ( 'NONE',  ( -2.199999999999988187, -9.000000000000000000, -29.71807067357613263 ) ) ;
#3593 = FACE_OUTER_BOUND ( 'NONE', #1007, .T. ) ;
#3594 = CARTESIAN_POINT ( 'NONE',  ( 185.6921210213065763, -13.30124343522345498, 125.0000000000000000 ) ) ;
#3595 = CARTESIAN_POINT ( 'NONE',  ( 58.25040850661844161, 8.297113004452825180, 103.8267014374428499 ) ) ;
#3596 = CARTESIAN_POINT ( 'NONE',  ( -59.99999999999991473, 0.000000000000000000, -60.00000000000001421 ) ) ;
#3597 = CARTESIAN_POINT ( 'NONE',  ( -183.0841457939356189, 12.66755688639416100, 107.4000404364852415 ) ) ;
#3598 = EDGE_LOOP ( 'NONE', ( #1991, #1772, #401, #3685 ) ) ;
#3599 = CARTESIAN_POINT ( 'NONE',  ( -65.49632001572287265, 15.00343791180904596, 104.9904532577392615 ) ) ;
#3600 = CARTESIAN_POINT ( 'NONE',  ( -185.2880408820672642, -11.74733871856359002, 124.9999999999999574 ) ) ;
#3601 = FACE_OUTER_BOUND ( 'NONE', #1472, .T. ) ;
#3602 = EDGE_CURVE ( 'NONE', #223, #1812, #2316, .T. ) ;
#3603 = CARTESIAN_POINT ( 'NONE',  ( -175.0000000000000000, 15.00000000000000000, 105.0000000000000142 ) ) ;
#3604 = DIRECTION ( 'NONE',  ( -1.206723022799020067E-31, 1.000000000000000000, 4.956352788505164254E-16 ) ) ;
#3605 = CARTESIAN_POINT ( 'NONE',  ( 139.8371904243996369, -5.335145141621744358, 97.49999999999978684 ) ) ;
#3606 = CARTESIAN_POINT ( 'NONE',  ( 185.7429889300588854, 10.70867447231788461, 113.1063816130581046 ) ) ;
#3607 = CARTESIAN_POINT ( 'NONE',  ( 189.2111203858823387, 4.897361763392523493, 113.7894011201393596 ) ) ;
#3608 = CARTESIAN_POINT ( 'NONE',  ( -184.9999999999999716, -13.30124343522352959, 95.04813484716471805 ) ) ;
#3609 = CARTESIAN_POINT ( 'NONE',  ( 59.59671976894566825, 10.40181601651514853, 101.9694186337331132 ) ) ;
#3610 = EDGE_LOOP ( 'NONE', ( #2624, #4440, #2014, #2000 ) ) ;
#3611 = CARTESIAN_POINT ( 'NONE',  ( -181.5814834784202958, 11.72341774918106871, 111.6148106938225624 ) ) ;
#3612 = CARTESIAN_POINT ( 'NONE',  ( -189.3387751735821496, -15.00000000000000000, 122.5022182157706254 ) ) ;
#3613 = CARTESIAN_POINT ( 'NONE',  ( -64.11797841410812282, 14.66024868704471551, 105.9180455320015426 ) ) ;
#3614 = CARTESIAN_POINT ( 'NONE',  ( -132.0000000000000000, -9.999999999999998224, 81.84999999999989484 ) ) ;
#3615 = AXIS2_PLACEMENT_3D ( 'NONE', #2071, #1401, #1362 ) ;
#3616 = CARTESIAN_POINT ( 'NONE',  ( 66.97184876397356845, 15.00000000000000000, 104.1063937511953696 ) ) ;
#3617 = CYLINDRICAL_SURFACE ( 'NONE', #3042, 4.000000000000003553 ) ;
#3618 = VERTEX_POINT ( 'NONE', #1590 ) ;
#3619 = CARTESIAN_POINT ( 'NONE',  ( -179.8670231099037835, 13.17077679261462109, 109.1818880015681259 ) ) ;
#3620 = CARTESIAN_POINT ( 'NONE',  ( -67.88123579407321984, 14.37759122469739381, 101.5124971438256836 ) ) ;
#3621 = CARTESIAN_POINT ( 'NONE',  ( 0.000000000000000000, -9.999999999999998224, 76.84999999999989484 ) ) ;
#3622 = DIRECTION ( 'NONE',  ( -0.3870444159933176809, 0.3340907165318666716, -0.8594067798054748630 ) ) ;
#3623 = CARTESIAN_POINT ( 'NONE',  ( -64.99999999999991473, 15.00000000000000711, 74.49999999999995737 ) ) ;
#3624 = DIRECTION ( 'NONE',  ( -1.000000000000000000, -0.000000000000000000, 3.384826294588891447E-16 ) ) ;
#3625 = CARTESIAN_POINT ( 'NONE',  ( 137.2418532494893668, -4.194013594860858340, 96.56594717193054578 ) ) ;
#3626 = DIRECTION ( 'NONE',  ( -1.000000000000000000, 0.000000000000000000, 0.000000000000000000 ) ) ;
#3627 = ADVANCED_FACE ( 'NONE', ( #3366 ), #1321, .T. ) ;
#3628 = CARTESIAN_POINT ( 'NONE',  ( 189.8934580778141878, 2.038284499542311057, 115.3149324790559973 ) ) ;
#3629 = CARTESIAN_POINT ( 'NONE',  ( -137.8370665802575559, -0.1604937038521957460, 89.04089379175188412 ) ) ;
#3630 = B_SPLINE_CURVE_WITH_KNOTS ( 'NONE', 3,
 ( #1466, #68, #46, #3922, #3243, #2852, #4246, #3948, #790, #27, #1490, #3557 ),
 .UNSPECIFIED., .F., .F.,
 ( 4, 2, 2, 2, 2, 4 ),
 ( 0.000000000000000000, 0.0002456694791262100698, 0.0004913389582524201396, 0.0009826779165048010311, 0.001474016874757181706, 0.001965355833009562597 ),
 .UNSPECIFIED. ) ;
#3631 = LINE ( 'NONE', #4418, #2568 ) ;
#3632 = VERTEX_POINT ( 'NONE', #248 ) ;
#3633 = CARTESIAN_POINT ( 'NONE',  ( -59.13489968232918415, 9.332937216502536160, 102.8456550589930174 ) ) ;
#3634 = AXIS2_PLACEMENT_3D ( 'NONE', #1860, #3622, #2918 ) ;
#3635 = CARTESIAN_POINT ( 'NONE',  ( -142.8210031133060340, -0.2404074992422571000, 89.49041452022298415 ) ) ;
#3636 = CARTESIAN_POINT ( 'NONE',  ( -57.73414913406507054, -14.97221434492482217, 104.1985549055850697 ) ) ;
#3637 = DIRECTION ( 'NONE',  ( 0.000000000000000000, 1.000000000000000000, 0.000000000000000000 ) ) ;
#3638 = CARTESIAN_POINT ( 'NONE',  ( 59.37069942033564018, 9.674942372704299132, 102.4712820167014655 ) ) ;
#3639 = PLANE ( 'NONE',  #2496 ) ;
#3640 = VERTEX_POINT ( 'NONE', #641 ) ;
#3641 = CARTESIAN_POINT ( 'NONE',  ( -181.9471316118330151, 13.38410261134588630, 108.8305302519331974 ) ) ;
#3642 = CARTESIAN_POINT ( 'NONE',  ( -65.59051449613811258, 14.93283599837632813, 105.1892264798200500 ) ) ;
#3643 = CARTESIAN_POINT ( 'NONE',  ( 120.0000000000000853, -15.00000000000000000, 47.84999999999966747 ) ) ;
#3644 = AXIS2_PLACEMENT_3D ( 'NONE', #279, #2643, #3687 ) ;
#3645 = DIRECTION ( 'NONE',  ( 0.000000000000000000, -1.000000000000000000, 0.000000000000000000 ) ) ;
#3646 = VERTEX_POINT ( 'NONE', #617 ) ;
#3647 = ADVANCED_FACE ( 'NONE', ( #4439 ), #2976, .F. ) ;
#3648 = DIRECTION ( 'NONE',  ( -1.000000000000000000, 0.000000000000000000, 0.000000000000000000 ) ) ;
#3649 = DIRECTION ( 'NONE',  ( -0.3870444159933144612, -0.3340907165318672822, 0.8594067798054759733 ) ) ;
#3650 = VECTOR ( 'NONE', #1263, 1000.000000000000000 ) ;
#3651 = CARTESIAN_POINT ( 'NONE',  ( 60.00000000000007105, 10.00000000000000888, 79.49999999999995737 ) ) ;
#3652 = CARTESIAN_POINT ( 'NONE',  ( 181.3663917609008536, 11.94217978017468695, 111.2789415791790049 ) ) ;
#3653 = CARTESIAN_POINT ( 'NONE',  ( -37.99999999999998579, -9.000000000000000000, 61.57738636560921464 ) ) ;
#3654 = EDGE_LOOP ( 'NONE', ( #1815, #1032, #3571, #4514 ) ) ;
#3655 = CARTESIAN_POINT ( 'NONE',  ( 142.7581395232334955, -4.193992527455762342, 96.56591947971236323 ) ) ;
#3656 = EDGE_CURVE ( 'NONE', #1043, #4510, #2778, .T. ) ;
#3657 = CARTESIAN_POINT ( 'NONE',  ( -56.01167039530802327, 12.21575603140138888, 78.99416480234548033 ) ) ;
#3658 = AXIS2_PLACEMENT_3D ( 'NONE', #4355, #3952, #3924 ) ;
#3659 = VECTOR ( 'NONE', #4452, 1000.000000000000000 ) ;
#3660 = EDGE_LOOP ( 'NONE', ( #1857, #123, #3137, #2680 ) ) ;
#3661 = CARTESIAN_POINT ( 'NONE',  ( 60.45244046541131411, 12.71055906215110731, 101.6589056885898117 ) ) ;
#3662 = CARTESIAN_POINT ( 'NONE',  ( -59.14213562373085864, 15.00000000000000533, 77.42893218813448186 ) ) ;
#3663 = AXIS2_PLACEMENT_3D ( 'NONE', #1467, #3080, #3494 ) ;
#3664 = CARTESIAN_POINT ( 'NONE',  ( 127.9793426724012164, -12.99999999999999822, -40.50000000000004263 ) ) ;
#3665 = DIRECTION ( 'NONE',  ( 0.000000000000000000, 0.000000000000000000, 1.000000000000000000 ) ) ;
#3666 = DIRECTION ( 'NONE',  ( 3.469446951953619612E-16, 0.000000000000000000, 1.000000000000000000 ) ) ;
#3667 = CIRCLE ( 'NONE', #914, 4.499999999999990230 ) ;
#3668 = CARTESIAN_POINT ( 'NONE',  ( 189.8333369725059754, -15.00000000000000178, 121.2838171018639315 ) ) ;
#3669 = ORIENTED_EDGE ( 'NONE', *, *, #4512, .T. ) ;
#3670 = CARTESIAN_POINT ( 'NONE',  ( -182.9978843606137389, 9.899856962133219085, 114.0888401412312589 ) ) ;
#3671 = CARTESIAN_POINT ( 'NONE',  ( -62.85844833266759935, 15.64191418840739800, 103.1108091160751172 ) ) ;
#3672 = CARTESIAN_POINT ( 'NONE',  ( -185.1619327069691394, -14.96122684686619664, 125.0000000000000284 ) ) ;
#3673 = LINE ( 'NONE', #609, #806 ) ;
#3674 = ORIENTED_EDGE ( 'NONE', *, *, #1911, .F. ) ;
#3675 = DIRECTION ( 'NONE',  ( 0.000000000000000000, 0.000000000000000000, 1.000000000000000000 ) ) ;
#3676 = DIRECTION ( 'NONE',  ( -1.000000000000000000, -0.000000000000000000, -0.000000000000000000 ) ) ;
#3677 = CARTESIAN_POINT ( 'NONE',  ( 137.5659798267537326, -0.1892547061740082470, 89.21170896559596031 ) ) ;
#3678 = VERTEX_POINT ( 'NONE', #1245 ) ;
#3679 = CARTESIAN_POINT ( 'NONE',  ( -54.99999999999992184, 10.74196951500537089, 112.9903730305671417 ) ) ;
#3680 = DIRECTION ( 'NONE',  ( 0.000000000000000000, 5.342948306008567429E-15, -1.000000000000000000 ) ) ;
#3681 = ORIENTED_EDGE ( 'NONE', *, *, #322, .F. ) ;
#3682 = CARTESIAN_POINT ( 'NONE',  ( 142.3064633261532208, -4.534576519921931670, 96.86649220143345929 ) ) ;
#3683 = CARTESIAN_POINT ( 'NONE',  ( -55.31983351293471429, 11.29641284202913987, 79.34008324353213482 ) ) ;
#3684 = VECTOR ( 'NONE', #2644, 1000.000000000000000 ) ;
#3685 = ORIENTED_EDGE ( 'NONE', *, *, #2274, .T. ) ;
#3686 = CARTESIAN_POINT ( 'NONE',  ( 59.62795455327919569, 10.58503451073099377, 101.9390619795803303 ) ) ;
#3687 = DIRECTION ( 'NONE',  ( 0.000000000000000000, 0.000000000000000000, 1.000000000000000000 ) ) ;
#3688 = DIRECTION ( 'NONE',  ( -1.000000000000000000, -0.000000000000000000, -2.434699615406044725E-16 ) ) ;
#3689 = CARTESIAN_POINT ( 'NONE',  ( 139.9999999999999716, 0.000000000000000000, -57.00000000000022027 ) ) ;
#3690 = EDGE_CURVE ( 'NONE', #3762, #4382, #445, .T. ) ;
#3691 = CARTESIAN_POINT ( 'NONE',  ( 188.3083370224985060, -15.00000000000000178, 123.7610702406884116 ) ) ;
#3692 = VERTEX_POINT ( 'NONE', #295 ) ;
#3693 = FACE_BOUND ( 'NONE', #2690, .T. ) ;
#3694 = ORIENTED_EDGE ( 'NONE', *, *, #580, .F. ) ;
#3695 = CARTESIAN_POINT ( 'NONE',  ( -61.57344633286685109, 15.59371644070400009, 103.3029134351606189 ) ) ;
#3696 = CARTESIAN_POINT ( 'NONE',  ( -54.99999999999992184, 6.734767356633945212, 104.9999999999999716 ) ) ;
#3697 = VERTEX_POINT ( 'NONE', #1218 ) ;
#3698 = EDGE_CURVE ( 'NONE', #1648, #2114, #511, .T. ) ;
#3699 = CARTESIAN_POINT ( 'NONE',  ( -120.0000000000000000, -15.00000000000000000, 76.84999999999989484 ) ) ;
#3700 = CARTESIAN_POINT ( 'NONE',  ( 175.0000000000000568, 9.999999999999994671, 104.1063937511953270 ) ) ;
#3701 = CARTESIAN_POINT ( 'NONE',  ( 58.85320244271539991, 11.39793571747397216, 112.0786600410518332 ) ) ;
#3702 = ORIENTED_EDGE ( 'NONE', *, *, #2334, .T. ) ;
#3703 = CARTESIAN_POINT ( 'NONE',  ( -59.07779582289387577, 11.47759214510399950, 111.9629166798288651 ) ) ;
#3704 = DIRECTION ( 'NONE',  ( 1.000000000000000000, 0.000000000000000000, 0.000000000000000000 ) ) ;
#3705 = VERTEX_POINT ( 'NONE', #3 ) ;
#3706 = CARTESIAN_POINT ( 'NONE',  ( 143.7856536696100136, -0.4902241891356871051, 90.54759370893175685 ) ) ;
#3707 = CARTESIAN_POINT ( 'NONE',  ( -60.15991675646782255, 11.29641284202958218, 84.18016648706516492 ) ) ;
#3708 = VECTOR ( 'NONE', #465, 1000.000000000000000 ) ;
#3709 = VERTEX_POINT ( 'NONE', #4122 ) ;
#3710 = ORIENTED_EDGE ( 'NONE', *, *, #971, .F. ) ;
#3711 = CARTESIAN_POINT ( 'NONE',  ( -140.0000000000000000, 15.00000000000000000, -56.99999999999999289 ) ) ;
#3712 = CARTESIAN_POINT ( 'NONE',  ( -64.99999999999991473, 15.00000000000000000, 74.49999999999995737 ) ) ;
#3713 = CARTESIAN_POINT ( 'NONE',  ( -120.0000000000000000, -9.999999999999998224, 81.84999999999989484 ) ) ;
#3714 = CARTESIAN_POINT ( 'NONE',  ( -149.9999999999997442, 0.000000000000000000, -100.0000000000000000 ) ) ;
#3715 = EDGE_CURVE ( 'NONE', #1964, #1923, #4505, .T. ) ;
#3716 = AXIS2_PLACEMENT_3D ( 'NONE', #3410, #4024, #3680 ) ;
#3717 = LINE ( 'NONE', #1674, #1715 ) ;
#3718 = ORIENTED_EDGE ( 'NONE', *, *, #1295, .T. ) ;
#3719 = CARTESIAN_POINT ( 'NONE',  ( -189.9999999999999716, 0.5359052062485141210, 115.9914642942496670 ) ) ;
#3720 = VECTOR ( 'NONE', #1280, 1000.000000000000000 ) ;
#3721 = CARTESIAN_POINT ( 'NONE',  ( -65.26635432093868872, 15.67654677050259160, 102.9732864305272670 ) ) ;
#3722 = CARTESIAN_POINT ( 'NONE',  ( -56.70113424181841566, 7.158105006890815858, 104.7081927718273988 ) ) ;
#3723 = VERTEX_POINT ( 'NONE', #4199 ) ;
#3724 = AXIS2_PLACEMENT_3D ( 'NONE', #4272, #2239, #4293 ) ;
#3725 = CARTESIAN_POINT ( 'NONE',  ( 223.2820117735137160, -13.30124343522352959, 95.04813484716457594 ) ) ;
#3726 = CARTESIAN_POINT ( 'NONE',  ( -184.9999999999999716, -11.60248687044699700, 125.0000000000000000 ) ) ;
#3727 = AXIS2_PLACEMENT_3D ( 'NONE', #1917, #3350, #1972 ) ;
#3728 = CARTESIAN_POINT ( 'NONE',  ( 54.75795035758405049, 16.65193009030889826, 105.0389532231682921 ) ) ;
#3729 = CARTESIAN_POINT ( 'NONE',  ( 2.200000000000023270, 2.711709361697214068E-32, -55.50000000000004974 ) ) ;
#3730 = DIRECTION ( 'NONE',  ( 0.000000000000000000, 0.000000000000000000, 1.000000000000000000 ) ) ;
#3731 = ORIENTED_EDGE ( 'NONE', *, *, #3514, .T. ) ;
#3732 = DIRECTION ( 'NONE',  ( 0.000000000000000000, 0.000000000000000000, 1.000000000000000000 ) ) ;
#3733 = VECTOR ( 'NONE', #3333, 1000.000000000000000 ) ;
#3734 = CARTESIAN_POINT ( 'NONE',  ( -61.69586624683883258, 13.76693405870440046, 81.10826750632212168 ) ) ;
#3735 = ORIENTED_EDGE ( 'NONE', *, *, #4227, .T. ) ;
#3736 = ORIENTED_EDGE ( 'NONE', *, *, #343, .T. ) ;
#3737 = DIRECTION ( 'NONE',  ( -1.632680918566406596E-15, 0.000000000000000000, -1.000000000000000000 ) ) ;
#3738 = EDGE_LOOP ( 'NONE', ( #3958, #33, #2487, #1565 ) ) ;
#3739 = CIRCLE ( 'NONE', #1407, 16.00000000000000000 ) ;
#3740 = CARTESIAN_POINT ( 'NONE',  ( -142.5664330253579521, -0.2047454630679792498, 89.30017968929630001 ) ) ;
#3741 = DIRECTION ( 'NONE',  ( 0.000000000000000000, 1.000000000000000000, 0.000000000000000000 ) ) ;
#3742 = CARTESIAN_POINT ( 'NONE',  ( 185.2890690426241918, -11.74842913844962311, 124.9999999999999716 ) ) ;
#3743 = EDGE_CURVE ( 'NONE', #2861, #3490, #1402, .T. ) ;
#3744 = EDGE_CURVE ( 'NONE', #411, #4048, #1768, .T. ) ;
#3745 = FACE_OUTER_BOUND ( 'NONE', #4501, .T. ) ;
#3746 = VERTEX_POINT ( 'NONE', #2757 ) ;
#3747 = DIRECTION ( 'NONE',  ( -1.000000000000000000, 0.000000000000000000, 3.469446951953619612E-16 ) ) ;
#3748 = ORIENTED_EDGE ( 'NONE', *, *, #915, .F. ) ;
#3749 = CARTESIAN_POINT ( 'NONE',  ( -61.33074632749391242, 15.58308139300985040, 103.3456774689176711 ) ) ;
#3750 = CARTESIAN_POINT ( 'NONE',  ( -60.13293387093681730, 11.91505539711198658, 111.3047350149951029 ) ) ;
#3751 = DIRECTION ( 'NONE',  ( 0.000000000000000000, -1.000000000000000000, 0.000000000000000000 ) ) ;
#3752 = EDGE_CURVE ( 'NONE', #996, #311, #4181, .T. ) ;
#3753 = CARTESIAN_POINT ( 'NONE',  ( 62.92318908782586107, 13.60117514606734801, 108.3331240164787630 ) ) ;
#3754 = CARTESIAN_POINT ( 'NONE',  ( -58.61886647439288112, 11.31729561519768801, 112.1940873872065652 ) ) ;
#3755 = DIRECTION ( 'NONE',  ( -1.000000000000000000, 0.000000000000000000, 0.000000000000000000 ) ) ;
#3756 = ORIENTED_EDGE ( 'NONE', *, *, #2169, .F. ) ;
#3757 = EDGE_LOOP ( 'NONE', ( #4421, #2277 ) ) ;
#3758 = CARTESIAN_POINT ( 'NONE',  ( 65.00000000000008527, 15.00000000000001066, 74.49999999999994316 ) ) ;
#3759 = CARTESIAN_POINT ( 'NONE',  ( 70.44463198872432486, 9.960258109039539676, 102.0615391572880242 ) ) ;
#3760 = VERTEX_POINT ( 'NONE', #1059 ) ;
#3761 = CIRCLE ( 'NONE', #1794, 24.99999999999999289 ) ;
#3762 = VERTEX_POINT ( 'NONE', #1002 ) ;
#3763 = CARTESIAN_POINT ( 'NONE',  ( 59.96545195732164757, 11.74417954253897811, 101.7694832882212523 ) ) ;
#3764 = VERTEX_POINT ( 'NONE', #3154 ) ;
#3765 = ADVANCED_FACE ( 'NONE', ( #3799 ), #4144, .F. ) ;
#3766 = CARTESIAN_POINT ( 'NONE',  ( -142.7581467505107753, -4.194013594861110583, 96.56594717193080157 ) ) ;
#3767 = AXIS2_PLACEMENT_3D ( 'NONE', #3797, #4437, #1289 ) ;
#3768 = CARTESIAN_POINT ( 'NONE',  ( 183.6614232436243128, 8.669182107810033955, 115.4814692329716621 ) ) ;
#3769 = DIRECTION ( 'NONE',  ( -1.000000000000000000, -0.000000000000000000, -0.000000000000000000 ) ) ;
#3770 = CARTESIAN_POINT ( 'NONE',  ( 185.6921210213065763, -13.30124343522345498, 125.0000000000000000 ) ) ;
#3771 = EDGE_LOOP ( 'NONE', ( #2384, #3412, #3163, #675 ) ) ;
#3772 = DIRECTION ( 'NONE',  ( 8.163404592832033966E-16, 0.000000000000000000, -1.000000000000000000 ) ) ;
#3773 = ORIENTED_EDGE ( 'NONE', *, *, #3469, .T. ) ;
#3774 = CARTESIAN_POINT ( 'NONE',  ( -64.88617431524143342, 15.16960904038500502, 104.5038584867819083 ) ) ;
#3775 = DIRECTION ( 'NONE',  ( 0.000000000000000000, 0.000000000000000000, 1.000000000000000000 ) ) ;
#3776 = EDGE_CURVE ( 'NONE', #4382, #4465, #4093, .T. ) ;
#3777 = APPLICATION_PROTOCOL_DEFINITION ( 'draft international standard', 'automotive_design', 1998, #122 ) ;
#3778 = CARTESIAN_POINT ( 'NONE',  ( 58.53527068403870004, 15.41281442144727087, 104.0989623105454598 ) ) ;
#3779 = ADVANCED_FACE ( 'NONE', ( #3513 ), #3095, .T. ) ;
#3780 = CYLINDRICAL_SURFACE ( 'NONE', #1437, 12.99999999999999822 ) ;
#3781 = CARTESIAN_POINT ( 'NONE',  ( -188.6512884469873370, 6.234769617365847338, 112.9476117331123106 ) ) ;
#3782 = AXIS2_PLACEMENT_3D ( 'NONE', #2943, #2891, #2603 ) ;
#3783 = ORIENTED_EDGE ( 'NONE', *, *, #3992, .F. ) ;
#3784 = CARTESIAN_POINT ( 'NONE',  ( 61.78441608355450398, 14.01160473037162646, 77.71558391644866504 ) ) ;
#3785 = CARTESIAN_POINT ( 'NONE',  ( 44.00000000000014211, 0.000000000000000000, 54.59999999999993747 ) ) ;
#3786 = PRODUCT_DEFINITION ( 'UNKNOWN', '', #4064, #4151 ) ;
#3787 = ORIENTED_EDGE ( 'NONE', *, *, #2875, .F. ) ;
#3788 = CARTESIAN_POINT ( 'NONE',  ( 62.75528336858097589, 15.63861596525363851, 103.1239078412460941 ) ) ;
#3789 = CARTESIAN_POINT ( 'NONE',  ( -140.3235891017307040, -5.323030863794231848, 97.49118573826429213 ) ) ;
#3790 = DIRECTION ( 'NONE',  ( -0.000000000000000000, -0.000000000000000000, -1.000000000000000000 ) ) ;
#3791 = DIRECTION ( 'NONE',  ( 0.000000000000000000, -4.336808689942013792E-15, -1.000000000000000000 ) ) ;
#3792 = ORIENTED_EDGE ( 'NONE', *, *, #3384, .T. ) ;
#3793 = LINE ( 'NONE', #1952, #3733 ) ;
#3794 = ORIENTED_EDGE ( 'NONE', *, *, #3589, .T. ) ;
#3795 = DIRECTION ( 'NONE',  ( -1.156482317317871232E-16, -0.000000000000000000, 1.000000000000000000 ) ) ;
#3796 = CIRCLE ( 'NONE', #2109, 24.99999999999999289 ) ;
#3797 = CARTESIAN_POINT ( 'NONE',  ( -43.99999999999999289, -9.000000000000000000, 54.59999999999993747 ) ) ;
#3798 = DIRECTION ( 'NONE',  ( 1.000000000000000000, 0.000000000000000000, 2.721134864277343669E-16 ) ) ;
#3799 = FACE_OUTER_BOUND ( 'NONE', #1690, .T. ) ;
#3800 = EDGE_CURVE ( 'NONE', #3027, #3449, #1028, .T. ) ;
#3801 = CIRCLE ( 'NONE', #1540, 4.000000000000003553 ) ;
#3802 = EDGE_LOOP ( 'NONE', ( #3480, #3822, #1968, #461 ) ) ;
#3803 = CARTESIAN_POINT ( 'NONE',  ( 59.78235906513273790, 10.97817235177487305, 79.71764093486197567 ) ) ;
#3804 = ORIENTED_EDGE ( 'NONE', *, *, #1997, .T. ) ;
#3805 = EDGE_CURVE ( 'NONE', #2785, #787, #4464, .T. ) ;
#3806 = CARTESIAN_POINT ( 'NONE',  ( 64.39743972520894033, 15.67418322933615293, 102.9826792247078942 ) ) ;
#3807 = LINE ( 'NONE', #3104, #32 ) ;
#3808 = EDGE_CURVE ( 'NONE', #67, #996, #3899, .T. ) ;
#3809 = ORIENTED_EDGE ( 'NONE', *, *, #4207, .T. ) ;
#3810 = CARTESIAN_POINT ( 'NONE',  ( -149.9999999999997442, 0.000000000000000000, -100.0000000000000000 ) ) ;
#3811 = DIRECTION ( 'NONE',  ( 1.000000000000000000, -0.000000000000000000, -3.469446951953620105E-16 ) ) ;
#3812 = ORIENTED_EDGE ( 'NONE', *, *, #1223, .T. ) ;
#3813 = CARTESIAN_POINT ( 'NONE',  ( 55.31370849898491571, -6.699999999999997513, 64.84999999999993747 ) ) ;
#3814 = EDGE_LOOP ( 'NONE', ( #1133, #2155 ) ) ;
#3815 = DIRECTION ( 'NONE',  ( -1.156482317317871478E-16, -0.000000000000000000, -1.000000000000000000 ) ) ;
#3816 = VECTOR ( 'NONE', #4378, 1000.000000000000000 ) ;
#3817 = ORIENTED_EDGE ( 'NONE', *, *, #1519, .F. ) ;
#3818 = AXIS2_PLACEMENT_3D ( 'NONE', #1697, #3741, #3862 ) ;
#3819 = CARTESIAN_POINT ( 'NONE',  ( 55.00000000000007816, 0.000000000000000000, 79.49999999999994316 ) ) ;
#3820 = CARTESIAN_POINT ( 'NONE',  ( -182.8421413390396992, 12.82116758302497672, 107.2189706115484995 ) ) ;
#3821 = VECTOR ( 'NONE', #4306, 1000.000000000000000 ) ;
#3822 = ORIENTED_EDGE ( 'NONE', *, *, #722, .T. ) ;
#3823 = AXIS2_PLACEMENT_3D ( 'NONE', #3391, #3004, #271 ) ;
#3824 = CARTESIAN_POINT ( 'NONE',  ( 60.00000000000007816, 10.32725294661135962, 84.50000000000903810 ) ) ;
#3825 = CARTESIAN_POINT ( 'NONE',  ( 65.08351395507816051, 15.17334275558456369, 104.4926038398496217 ) ) ;
#3826 = CARTESIAN_POINT ( 'NONE',  ( -73.39999999999999147, -12.99999999999999822, -29.00000000000004619 ) ) ;
#3827 = ORIENTED_EDGE ( 'NONE', *, *, #1774, .T. ) ;
#3828 = CARTESIAN_POINT ( 'NONE',  ( -2.199999999999981970, 0.000000000000000000, -55.50000000000004974 ) ) ;
#3829 = ORIENTED_EDGE ( 'NONE', *, *, #1631, .T. ) ;
#3830 = DIRECTION ( 'NONE',  ( 0.000000000000000000, 0.000000000000000000, -1.000000000000000000 ) ) ;
#3831 = VERTEX_POINT ( 'NONE', #4266 ) ;
#3832 = FACE_OUTER_BOUND ( 'NONE', #3420, .T. ) ;
#3833 = AXIS2_PLACEMENT_3D ( 'NONE', #3528, #413, #2481 ) ;
#3834 = DIRECTION ( 'NONE',  ( -1.000000000000000000, -0.000000000000000000, 3.384826294588891447E-16 ) ) ;
#3835 = VERTEX_POINT ( 'NONE', #44 ) ;
#3836 = CARTESIAN_POINT ( 'NONE',  ( 2.200000000000019718, -9.000000000000000000, -29.00000000000004619 ) ) ;
#3837 = CARTESIAN_POINT ( 'NONE',  ( -177.2096031110787635, 14.83882501174131363, 104.3784189423663662 ) ) ;
#3838 = EDGE_CURVE ( 'NONE', #756, #7, #2828, .T. ) ;
#3839 = EDGE_LOOP ( 'NONE', ( #3783, #1332, #2428, #3425, #254, #1243 ) ) ;
#3840 = CARTESIAN_POINT ( 'NONE',  ( 64.34550962211098124, 14.96776956054847574, 75.80898075577802331 ) ) ;
#3841 = VECTOR ( 'NONE', #4163, 1000.000000000000000 ) ;
#3842 = DIRECTION ( 'NONE',  ( 1.131341397376178819E-16, 0.000000000000000000, -1.000000000000000000 ) ) ;
#3843 = CARTESIAN_POINT ( 'NONE',  ( 65.29010090622998064, 15.11787877704216498, 104.6582502681002467 ) ) ;
#3844 = CARTESIAN_POINT ( 'NONE',  ( 60.00000000000007105, 10.00000000000000888, 84.49999999999995737 ) ) ;
#3845 = ORIENTED_EDGE ( 'NONE', *, *, #4133, .T. ) ;
#3846 = DIRECTION ( 'NONE',  ( 1.000000000000000000, 0.000000000000000000, -0.000000000000000000 ) ) ;
#3847 = ORIENTED_EDGE ( 'NONE', *, *, #774, .F. ) ;
#3848 = CARTESIAN_POINT ( 'NONE',  ( 132.0000000000000853, -15.00000000000000000, 52.84999999999963904 ) ) ;
#3849 = EDGE_CURVE ( 'NONE', #1465, #2035, #1834, .T. ) ;
#3850 = CARTESIAN_POINT ( 'NONE',  ( -120.0000000000000000, -9.999999999999998224, 81.84999999999989484 ) ) ;
#3851 = CARTESIAN_POINT ( 'NONE',  ( 59.95032790507439557, -12.99891460668091270, 100.7344951879158259 ) ) ;
#3852 = CARTESIAN_POINT ( 'NONE',  ( 70.02681448267597375, 15.52209199289424468, 103.5987619715364900 ) ) ;
#3853 = ADVANCED_FACE ( 'NONE', ( #3242 ), #3219, .F. ) ;
#3854 = ADVANCED_FACE ( 'NONE', ( #3601 ), #830, .F. ) ;
#3855 = ORIENTED_EDGE ( 'NONE', *, *, #3921, .T. ) ;
#3856 = FACE_BOUND ( 'NONE', #323, .T. ) ;
#3857 = DIRECTION ( 'NONE',  ( 0.000000000000000000, 0.000000000000000000, 1.000000000000000000 ) ) ;
#3858 = ORIENTED_EDGE ( 'NONE', *, *, #2228, .T. ) ;
#3859 = DIRECTION ( 'NONE',  ( 0.000000000000000000, -0.000000000000000000, 1.000000000000000000 ) ) ;
#3860 = AXIS2_PLACEMENT_3D ( 'NONE', #1166, #2871, #1098 ) ;
#3861 = VECTOR ( 'NONE', #2722, 1000.000000000000000 ) ;
#3862 = DIRECTION ( 'NONE',  ( 0.000000000000000000, 0.000000000000000000, 1.000000000000000000 ) ) ;
#3863 = CARTESIAN_POINT ( 'NONE',  ( 68.17926824868868607, 14.17300635181476665, 101.5282822798158833 ) ) ;
#3864 = CARTESIAN_POINT ( 'NONE',  ( 120.0000000000001137, -6.699999999999997513, 64.84999999999993747 ) ) ;
#3865 = VECTOR ( 'NONE', #3397, 1000.000000000000000 ) ;
#3866 = ORIENTED_EDGE ( 'NONE', *, *, #2295, .T. ) ;
#3867 = CARTESIAN_POINT ( 'NONE',  ( 190.0000000000000284, -15.00000000000000000, 125.0000000000000000 ) ) ;
#3868 = EDGE_LOOP ( 'NONE', ( #3533, #532, #3087, #2671 ) ) ;
#3869 = CARTESIAN_POINT ( 'NONE',  ( 73.39999999999999147, -12.99999999999999822, -40.50000000000004263 ) ) ;
#3870 = AXIS2_PLACEMENT_3D ( 'NONE', #1360, #3751, #3037 ) ;
#3871 = PLANE ( 'NONE',  #1006 ) ;
#3872 = EDGE_CURVE ( 'NONE', #1780, #2841, #3796, .T. ) ;
#3873 = CARTESIAN_POINT ( 'NONE',  ( -59.99999999999992184, 10.00000000000000888, 99.99999999999997158 ) ) ;
#3874 = CARTESIAN_POINT ( 'NONE',  ( 59.99703047066189043, -12.17371978790730758, 100.2339977666870539 ) ) ;
#3875 = CARTESIAN_POINT ( 'NONE',  ( 69.82856777604048659, 15.53090674783408787, 103.5609198053695792 ) ) ;
#3876 = ORIENTED_EDGE ( 'NONE', *, *, #2394, .T. ) ;
#3877 = VECTOR ( 'NONE', #2304, 1000.000000000000000 ) ;
#3878 = CARTESIAN_POINT ( 'NONE',  ( 120.0000000000000853, 0.000000000000000000, 47.84999999999966747 ) ) ;
#3879 = DIRECTION ( 'NONE',  ( 1.000000000000000000, 0.000000000000000000, 0.000000000000000000 ) ) ;
#3880 = EDGE_LOOP ( 'NONE', ( #398, #3731, #2780, #3239 ) ) ;
#3881 = CARTESIAN_POINT ( 'NONE',  ( 132.0000000000000853, -15.00000000000000000, 47.84999999999964615 ) ) ;
#3882 = ADVANCED_FACE ( 'NONE', ( #1191, #3536 ), #420, .F. ) ;
#3883 = CARTESIAN_POINT ( 'NONE',  ( 189.1886119753234539, 4.958834380217958859, 113.7524647555941755 ) ) ;
#3884 = CARTESIAN_POINT ( 'NONE',  ( -64.46241982994219200, 15.20466436053959214, 101.4538528367347112 ) ) ;
#3885 = LINE ( 'NONE', #3181, #1572 ) ;
#3886 = EDGE_LOOP ( 'NONE', ( #4368, #1232, #2011, #2135 ) ) ;
#3887 = EDGE_CURVE ( 'NONE', #2689, #766, #2836, .T. ) ;
#3888 = CARTESIAN_POINT ( 'NONE',  ( -55.56546129167612946, 6.771806962289493192, 104.9753299013667771 ) ) ;
#3889 = ORIENTED_EDGE ( 'NONE', *, *, #3566, .T. ) ;
#3890 = CARTESIAN_POINT ( 'NONE',  ( 132.0000000000001137, -6.699999999999997513, 64.84999999999993747 ) ) ;
#3891 = CARTESIAN_POINT ( 'NONE',  ( -64.82837648616408899, 15.15746810340419692, 104.5403636573362576 ) ) ;
#3892 = CARTESIAN_POINT ( 'NONE',  ( 67.22005194579482179, 15.00000000000000178, 103.1851165584470778 ) ) ;
#3893 = DIRECTION ( 'NONE',  ( 1.000000000000000000, 0.000000000000000000, 3.384826294588891447E-16 ) ) ;
#3894 = CARTESIAN_POINT ( 'NONE',  ( -66.80476915930846360, 15.00000000000000178, 104.4276665847924193 ) ) ;
#3895 = ORIENTED_EDGE ( 'NONE', *, *, #1519, .T. ) ;
#3896 = VECTOR ( 'NONE', #1501, 1000.000000000000000 ) ;
#3897 = VERTEX_POINT ( 'NONE', #809 ) ;
#3898 = CARTESIAN_POINT ( 'NONE',  ( 55.54676795529467626, 10.75209542738907409, 112.9768264561112829 ) ) ;
#3899 = LINE ( 'NONE', #1441, #673 ) ;
#3900 = DIRECTION ( 'NONE',  ( 0.000000000000000000, 1.000000000000000000, 0.000000000000000000 ) ) ;
#3901 = ORIENTED_EDGE ( 'NONE', *, *, #3808, .T. ) ;
#3902 = CARTESIAN_POINT ( 'NONE',  ( 183.5051664716726805, 8.981947020712670593, 115.1396426890284630 ) ) ;
#3903 = EDGE_CURVE ( 'NONE', #3705, #2165, #1531, .T. ) ;
#3904 = CARTESIAN_POINT ( 'NONE',  ( 185.4351900079109043, 10.78521213954002000, 109.3745416680748264 ) ) ;
#3905 = DIRECTION ( 'NONE',  ( 0.000000000000000000, 1.000000000000000000, -0.000000000000000000 ) ) ;
#3906 = ADVANCED_FACE ( 'NONE', ( #3920 ), #2192, .F. ) ;
#3907 = CARTESIAN_POINT ( 'NONE',  ( -140.0000000000000000, 15.00000000000000000, -61.49999999999998579 ) ) ;
#3908 = AXIS2_PLACEMENT_3D ( 'NONE', #2120, #1808, #2866 ) ;
#3909 = ORIENTED_EDGE ( 'NONE', *, *, #1957, .T. ) ;
#3910 = DIRECTION ( 'NONE',  ( -1.000000000000000000, -0.000000000000000000, -1.156482317317871232E-16 ) ) ;
#3911 = ORIENTED_EDGE ( 'NONE', *, *, #3051, .F. ) ;
#3912 = CARTESIAN_POINT ( 'NONE',  ( -186.6075179338953376, -15.00000000000000533, 124.7369614502957091 ) ) ;
#3913 = CARTESIAN_POINT ( 'NONE',  ( -65.88202158589172086, 14.66024868704470308, 105.9180455320015710 ) ) ;
#3914 = FACE_OUTER_BOUND ( 'NONE', #253, .T. ) ;
#3915 = CARTESIAN_POINT ( 'NONE',  ( 60.00000000000007105, 0.000000000000000000, 87.00000000000001421 ) ) ;
#3916 = CARTESIAN_POINT ( 'NONE',  ( -185.2163504049323421, 11.01853163937920321, 109.1629486309512060 ) ) ;
#3917 = VECTOR ( 'NONE', #2193, 1000.000000000000000 ) ;
#3918 = CARTESIAN_POINT ( 'NONE',  ( -68.56727247019253468, 15.58762632139538162, 103.3273906564992188 ) ) ;
#3919 = DIRECTION ( 'NONE',  ( 0.000000000000000000, 0.000000000000000000, -1.000000000000000000 ) ) ;
#3920 = FACE_OUTER_BOUND ( 'NONE', #3598, .T. ) ;
#3921 = EDGE_CURVE ( 'NONE', #4416, #3195, #4159, .T. ) ;
#3922 = CARTESIAN_POINT ( 'NONE',  ( 185.2879766383726405, -14.85521648217519264, 124.9999999999999858 ) ) ;
#3923 = ADVANCED_FACE ( 'NONE', ( #1509 ), #2892, .F. ) ;
#3924 = DIRECTION ( 'NONE',  ( -3.384826294588891447E-16, 0.000000000000000000, 1.000000000000000000 ) ) ;
#3925 = CARTESIAN_POINT ( 'NONE',  ( 177.1658903864558283, 14.84584749392003999, 104.3666803911748531 ) ) ;
#3926 = DIRECTION ( 'NONE',  ( -3.384826294588891940E-16, 0.000000000000000000, -1.000000000000000000 ) ) ;
#3927 = EDGE_CURVE ( 'NONE', #3678, #1, #882, .T. ) ;
#3928 = MECHANICAL_DESIGN_GEOMETRIC_PRESENTATION_REPRESENTATION (  '', ( #1246 ), #596 ) ;
#3929 = CARTESIAN_POINT ( 'NONE',  ( -138.0663147722884787, -4.772863635835707719, 97.06591818159810714 ) ) ;
#3930 = CARTESIAN_POINT ( 'NONE',  ( 60.00000000000007105, -13.00000000000000000, 87.00000000000001421 ) ) ;
#3931 = CIRCLE ( 'NONE', #4456, 5.000000000000004441 ) ;
#3932 = EDGE_CURVE ( 'NONE', #4348, #1346, #3970, .T. ) ;
#3933 = AXIS2_PLACEMENT_3D ( 'NONE', #1942, #2618, #4471 ) ;
#3934 = ORIENTED_EDGE ( 'NONE', *, *, #2656, .F. ) ;
#3935 = CARTESIAN_POINT ( 'NONE',  ( -179.8327451419825991, 13.17290591017243706, 109.1642354142239242 ) ) ;
#3936 = VERTEX_POINT ( 'NONE', #2232 ) ;
#3937 = EDGE_CURVE ( 'NONE', #1761, #1439, #1789, .T. ) ;
#3938 = CARTESIAN_POINT ( 'NONE',  ( 132.0000000000000853, -9.999999999999998224, 52.84999999999963904 ) ) ;
#3939 = FACE_BOUND ( 'NONE', #2425, .T. ) ;
#3940 = CARTESIAN_POINT ( 'NONE',  ( 176.8223069302847250, 14.46189567441156498, 106.4158563658591561 ) ) ;
#3941 = VECTOR ( 'NONE', #2327, 1000.000000000000000 ) ;
#3942 = CARTESIAN_POINT ( 'NONE',  ( 190.0000000000000284, -15.00000000000000000, 119.9903525940616902 ) ) ;
#3943 = CARTESIAN_POINT ( 'NONE',  ( -183.2989646037594014, 12.62378551793747228, 110.2187142507431190 ) ) ;
#3944 = CIRCLE ( 'NONE', #528, 4.000000000000003553 ) ;
#3945 = CARTESIAN_POINT ( 'NONE',  ( -70.05879834073812162, 11.68169406324130755, 101.7775020814220710 ) ) ;
#3946 = CARTESIAN_POINT ( 'NONE',  ( 57.13299551585731706, 10.94272046032136458, 112.7184140450611665 ) ) ;
#3947 = CARTESIAN_POINT ( 'NONE',  ( 143.3137084989849086, -6.699999999999997513, 64.84999999999993747 ) ) ;
#3948 = CARTESIAN_POINT ( 'NONE',  ( 185.6138773275983453, -14.11009207916269226, 124.9999999999999858 ) ) ;
#3949 = AXIS2_PLACEMENT_3D ( 'NONE', #4370, #2241, #1568 ) ;
#3950 = DIRECTION ( 'NONE',  ( 0.000000000000000000, 0.000000000000000000, -1.000000000000000000 ) ) ;
#3951 =( BOUNDED_SURFACE ( )  B_SPLINE_SURFACE ( 3, 2, ( 
 ( #1161, #4309, #3237 ),
 ( #2867, #1528, #3576 ),
 ( #1483, #1580, #555 ),
 ( #2530, #1233, #2964 ),
 ( #1139, #827, #1188 ),
 ( #159, #3214, #481 ),
 ( #2578, #2941, #2187 ),
 ( #2598, #1555, #2888 ),
 ( #871, #4334, #459 ),
 ( #4358, #3966, #1210 ),
 ( #2625, #501, #2227 ),
 ( #2250, #3987, #3258 ),
 ( #83, #850, #2552 ),
 ( #2206, #4012, #3619 ),
 ( #3597, #3641, #1896 ),
 ( #527, #3943, #131 ),
 ( #3916, #1874, #1924 ),
 ( #895, #804, #2913 ),
 ( #3284, #1852, #3670 ),
 ( #3307, #107, #1504 ),
 ( #2278, #2749, #4041 ),
 ( #3356, #3380, #4429 ),
 ( #1676, #1628, #583 ),
 ( #923, #655, #2678 ),
 ( #261, #3402, #3426 ),
 ( #2001, #1307, #2360 ),
 ( #2333, #942, #2990 ),
 ( #4383, #4063, #3034 ),
 ( #3719, #607, #4454 ),
 ( #1649, #1259, #239 ) ),
 .UNSPECIFIED., .F., .F., .T. ) 
 B_SPLINE_SURFACE_WITH_KNOTS ( ( 4, 2, 2, 2, 2, 2, 2, 2, 2, 2, 2, 2, 2, 2, 4 ),
 ( 3, 3 ),
 ( -2.168404344971008868E-19, 0.001256442305101668731, 0.001884663457652503314, 0.002512884610203337896, 0.003141105762754172262, 0.003769326915305007061, 0.005025769220406675793, 0.007538653830610014123, 0.01005153844081335159, 0.01256442305101668905, 0.01382086535611835865, 0.01507730766122002825, 0.01759019227142336744, 0.01884663457652503704, 0.02010307688162670317 ),
 ( 0.000000000000000000, 1.000000000000000000 ),
 .UNSPECIFIED. ) 
 GEOMETRIC_REPRESENTATION_ITEM ( )  RATIONAL_B_SPLINE_SURFACE ( (
 ( 1.000000000000000000, 0.9828656412269535236, 1.000000000000000000),
 ( 1.000000000000000000, 0.9828629019591278437, 1.000000000000000000),
 ( 1.000000000000000000, 0.9819474125727934988, 1.000000000000000000),
 ( 1.000000000000000000, 0.9794119083772923062, 1.000000000000000000),
 ( 1.000000000000000000, 0.9783700706032490979, 1.000000000000000000),
 ( 1.000000000000000000, 0.9760033512150568802, 1.000000000000000000),
 ( 1.000000000000000000, 0.9746719609747355184, 1.000000000000000000),
 ( 1.000000000000000000, 0.9717507465241556064, 1.000000000000000000),
 ( 1.000000000000000000, 0.9701607007866067667, 1.000000000000000000),
 ( 1.000000000000000000, 0.9667457271458691492, 1.000000000000000000),
 ( 1.000000000000000000, 0.9649155675588120262, 1.000000000000000000),
 ( 1.000000000000000000, 0.9591679942499333755, 1.000000000000000000),
 ( 1.000000000000000000, 0.9549786850389219151, 1.000000000000000000),
 ( 1.000000000000000000, 0.9414720069916980849, 1.000000000000000000),
 ( 1.000000000000000000, 0.9312216666317710834, 1.000000000000000000),
 ( 1.000000000000000000, 0.9084699719560639375, 1.000000000000000000),
 ( 1.000000000000000000, 0.8961811781409713129, 1.000000000000000000),
 ( 1.000000000000000000, 0.8700239226208209553, 1.000000000000000000),
 ( 1.000000000000000000, 0.8561508551114408450, 1.000000000000000000),
 ( 1.000000000000000000, 0.8343453219098166951, 1.000000000000000000),
 ( 1.000000000000000000, 0.8269112983125311844, 1.000000000000000000),
 ( 1.000000000000000000, 0.8117559890319282490, 1.000000000000000000),
 ( 1.000000000000000000, 0.8040451258441142501, 1.000000000000000000),
 ( 1.000000000000000000, 0.7809648144668556169, 1.000000000000000000),
 ( 1.000000000000000000, 0.7655187079438103837, 1.000000000000000000),
 ( 1.000000000000000000, 0.7429056733996858286, 1.000000000000000000),
 ( 1.000000000000000000, 0.7354630364017324951, 1.000000000000000000),
 ( 1.000000000000000000, 0.7209125095652555437, 1.000000000000000000),
 ( 1.000000000000000000, 0.7138263580429284882, 1.000000000000000000),
 ( 1.000000000000000000, 0.7071067811865473507, 1.000000000000000000) ) ) 
 REPRESENTATION_ITEM ( '' )  SURFACE ( )  );
#3952 = DIRECTION ( 'NONE',  ( -1.000000000000000000, 0.000000000000000000, -3.384826294588891447E-16 ) ) ;
#3953 = CARTESIAN_POINT ( 'NONE',  ( 178.2981923625232810, 14.63551255114888328, 104.7088590515370186 ) ) ;
#3954 = CARTESIAN_POINT ( 'NONE',  ( 180.2486495453244402, 14.06088379765151331, 105.5792730205508292 ) ) ;
#3955 = CARTESIAN_POINT ( 'NONE',  ( -135.8010990901346702, -0.7571284149781435380, 91.37429897467191608 ) ) ;
#3956 = DIRECTION ( 'NONE',  ( 1.000000000000000000, -0.000000000000000000, -3.469446951953619612E-16 ) ) ;
#3957 = AXIS2_PLACEMENT_3D ( 'NONE', #3989, #1141, #1507 ) ;
#3958 = ORIENTED_EDGE ( 'NONE', *, *, #2426, .T. ) ;
#3959 = CARTESIAN_POINT ( 'NONE',  ( 120.0000000000001279, -9.999999999999998224, 81.84999999999966747 ) ) ;
#3960 = CARTESIAN_POINT ( 'NONE',  ( -188.7666436397214511, -14.99999999999999645, 123.3014573516284429 ) ) ;
#3961 = CARTESIAN_POINT ( 'NONE',  ( -65.78199622587287365, 14.76385708800082064, 105.6515258179825452 ) ) ;
#3962 = CARTESIAN_POINT ( 'NONE',  ( 185.5255767853530529, -12.17807669504649049, 125.0000000000000000 ) ) ;
#3963 = CARTESIAN_POINT ( 'NONE',  ( 66.50041853065121700, 15.00000000000000000, 101.4677243977613443 ) ) ;
#3964 = CARTESIAN_POINT ( 'NONE',  ( 188.7690517951961056, -15.00000000000000178, 123.2987104681918993 ) ) ;
#3965 = VERTEX_POINT ( 'NONE', #1122 ) ;
#3966 = CARTESIAN_POINT ( 'NONE',  ( -178.8813511106692999, 14.51007168429156380, 106.3455602673325444 ) ) ;
#3967 = EDGE_CURVE ( 'NONE', #228, #3831, #3561, .T. ) ;
#3968 = CARTESIAN_POINT ( 'NONE',  ( 66.97184876397356845, 15.00000000000000000, 104.1063937511953696 ) ) ;
#3969 = CARTESIAN_POINT ( 'NONE',  ( -184.9999999999999716, -11.60248687044699700, 125.0000000000000000 ) ) ;
#3970 = LINE ( 'NONE', #66, #3430 ) ;
#3971 = VECTOR ( 'NONE', #2218, 1000.000000000000000 ) ;
#3972 = DIRECTION ( 'NONE',  ( 1.000000000000000000, -0.000000000000000000, -0.000000000000000000 ) ) ;
#3973 = LINE ( 'NONE', #507, #119 ) ;
#3974 = CARTESIAN_POINT ( 'NONE',  ( 135.8265033671487743, -2.523971372983672801, 94.70347974325608220 ) ) ;
#3975 = CARTESIAN_POINT ( 'NONE',  ( 143.3137084989849086, -6.699999999999996625, 60.84999999999993037 ) ) ;
#3976 = CARTESIAN_POINT ( 'NONE',  ( 185.0955265154502172, 11.10400339968331096, 109.0654176097698382 ) ) ;
#3977 = CARTESIAN_POINT ( 'NONE',  ( 143.1872212791908794, -0.3042954495989605435, 89.80724491613227656 ) ) ;
#3978 = CARTESIAN_POINT ( 'NONE',  ( 63.65172157633659822, 15.04631656739118206, 101.4645349358972055 ) ) ;
#3979 = EDGE_LOOP ( 'NONE', ( #1675, #2082, #4172, #429 ) ) ;
#3980 = CARTESIAN_POINT ( 'NONE',  ( -140.0000000000000000, -27.72792206135785165, -56.99999999999999289 ) ) ;
#3981 = CARTESIAN_POINT ( 'NONE',  ( -144.2492135751638216, -0.8068263819778033197, 91.51111160969070113 ) ) ;
#3982 = CARTESIAN_POINT ( 'NONE',  ( -59.97264101102163636, -12.72766015284727459, 100.5455482262658791 ) ) ;
#3983 = CYLINDRICAL_SURFACE ( 'NONE', #374, 5.000000000000004441 ) ;
#3984 = FACE_BOUND ( 'NONE', #3379, .T. ) ;
#3985 = CYLINDRICAL_SURFACE ( 'NONE', #2279, 4.000000000000003553 ) ;
#3986 = ORIENTED_EDGE ( 'NONE', *, *, #3887, .F. ) ;
#3987 = CARTESIAN_POINT ( 'NONE',  ( -179.7136268957186758, 14.27548140370662644, 106.9136079186161368 ) ) ;
#3988 = ADVANCED_FACE ( 'NONE', ( #2364 ), #4408, .T. ) ;
#3989 = CARTESIAN_POINT ( 'NONE',  ( 0.000000000000000000, -9.000000000000000000, 0.000000000000000000 ) ) ;
#3990 = CARTESIAN_POINT ( 'NONE',  ( -120.0000000000000284, -6.699999999999997513, 68.84999999999993747 ) ) ;
#3991 = DIRECTION ( 'NONE',  ( 0.000000000000000000, -0.000000000000000000, -1.000000000000000000 ) ) ;
#3992 = EDGE_CURVE ( 'NONE', #2940, #4026, #3673, .T. ) ;
#3993 = ADVANCED_FACE ( 'NONE', ( #2282 ), #2993, .F. ) ;
#3994 = CARTESIAN_POINT ( 'NONE',  ( -59.99999999999992184, 10.00000000000000888, 74.49999999999995737 ) ) ;
#3995 = LINE ( 'NONE', #878, #2885 ) ;
#3996 = CARTESIAN_POINT ( 'NONE',  ( 137.9307976026840095, -4.699216979781922987, 97.00656470188765468 ) ) ;
#3997 = CARTESIAN_POINT ( 'NONE',  ( 184.5495876411778511, 11.60241386567278177, 108.5738071236361719 ) ) ;
#3998 = CARTESIAN_POINT ( 'NONE',  ( -62.50000862216744935, 14.61087811889053079, 101.4951303700915020 ) ) ;
#3999 = ORIENTED_EDGE ( 'NONE', *, *, #1381, .T. ) ;
#4000 = LINE ( 'NONE', #1248, #3232 ) ;
#4001 = CARTESIAN_POINT ( 'NONE',  ( -59.81239020281476115, 10.27248092729017870, 79.68760979718763338 ) ) ;
#4002 = ORIENTED_EDGE ( 'NONE', *, *, #3849, .T. ) ;
#4003 = CARTESIAN_POINT ( 'NONE',  ( -66.97184876397341213, 15.00000000000000000, 104.1063937511954123 ) ) ;
#4004 = VECTOR ( 'NONE', #789, 1000.000000000000000 ) ;
#4005 = CARTESIAN_POINT ( 'NONE',  ( -144.5075847260148123, -1.516128992898275962, 93.10110084075930104 ) ) ;
#4006 = CARTESIAN_POINT ( 'NONE',  ( -59.99711078058551550, -12.16869401512473203, 100.2316578041683783 ) ) ;
#4007 = CARTESIAN_POINT ( 'NONE',  ( -57.48721381337677627, 15.25711911853441016, 104.9700536130312400 ) ) ;
#4008 = DIRECTION ( 'NONE',  ( -0.000000000000000000, 1.000000000000000000, -0.000000000000000000 ) ) ;
#4009 = CIRCLE ( 'NONE', #516, 11.49999999999999645 ) ;
#4010 = CARTESIAN_POINT ( 'NONE',  ( 189.9677095511303264, -14.99999999999999645, 120.6457710576913627 ) ) ;
#4011 = VERTEX_POINT ( 'NONE', #1652 ) ;
#4012 = CARTESIAN_POINT ( 'NONE',  ( -181.2436120686141408, 13.71594227781391417, 108.1595619898099301 ) ) ;
#4013 = MANIFOLD_SOLID_BREP ( 'Fillet7', #257 ) ;
#4014 = VERTEX_POINT ( 'NONE', #2652 ) ;
#4015 = CARTESIAN_POINT ( 'NONE',  ( -65.42673033027702445, 15.04849459295945202, 104.8612401287612954 ) ) ;
#4016 = CARTESIAN_POINT ( 'NONE',  ( 190.0000000000000284, -10.83333333333333393, 99.81817286338251449 ) ) ;
#4017 = B_SPLINE_CURVE_WITH_KNOTS ( 'NONE', 3,
 ( #2863, #800, #3209, #2592, #1453, #3572 ),
 .UNSPECIFIED., .F., .F.,
 ( 4, 2, 4 ),
 ( 0.008148871307381571824, 0.009193134027984710410, 0.01023739674858785073 ),
 .UNSPECIFIED. ) ;
#4018 = DIRECTION ( 'NONE',  ( -0.000000000000000000, 1.000000000000000000, -0.000000000000000000 ) ) ;
#4019 = CARTESIAN_POINT ( 'NONE',  ( 60.00000000000007105, 10.00000000000000888, 84.49999999999995737 ) ) ;
#4020 = CARTESIAN_POINT ( 'NONE',  ( 139.9999999999999716, -27.72792206135785165, -61.50000000000020606 ) ) ;
#4021 = CARTESIAN_POINT ( 'NONE',  ( 136.2201200039198170, -0.4876011219721054779, 90.53844990358939526 ) ) ;
#4022 = EDGE_LOOP ( 'NONE', ( #2839, #3250, #2963, #2650 ) ) ;
#4023 = CARTESIAN_POINT ( 'NONE',  ( 65.00000000000007105, 15.00000000000000000, 74.49999999999995737 ) ) ;
#4024 = DIRECTION ( 'NONE',  ( -1.000000000000000000, -0.000000000000000000, 3.469446951953620105E-16 ) ) ;
#4025 = EDGE_CURVE ( 'NONE', #311, #2617, #3931, .T. ) ;
#4026 = VERTEX_POINT ( 'NONE', #1981 ) ;
#4027 = CARTESIAN_POINT ( 'NONE',  ( 140.6420669467821938, -5.286624236232482232, 97.46498796110113005 ) ) ;
#4028 = CARTESIAN_POINT ( 'NONE',  ( 63.06653228588346138, 14.85663285915619980, 101.4776467592129876 ) ) ;
#4029 = EDGE_CURVE ( 'NONE', #3760, #781, #4043, .T. ) ;
#4030 = ORIENTED_EDGE ( 'NONE', *, *, #2483, .F. ) ;
#4031 = CARTESIAN_POINT ( 'NONE',  ( 60.85327241559497935, 13.26139804038458792, 101.6052716213349782 ) ) ;
#4032 = LINE ( 'NONE', #4081, #3865 ) ;
#4033 = VECTOR ( 'NONE', #2041, 1000.000000000000000 ) ;
#4034 = CARTESIAN_POINT ( 'NONE',  ( 73.39999999999999147, -14.00000000000001243, -40.50000000000004263 ) ) ;
#4035 = VECTOR ( 'NONE', #3506, 1000.000000000000000 ) ;
#4036 = CARTESIAN_POINT ( 'NONE',  ( -132.0000000000000000, -15.00000000000000000, 81.84999999999989484 ) ) ;
#4037 = ADVANCED_FACE ( 'NONE', ( #1310 ), #377, .T. ) ;
#4038 = CIRCLE ( 'NONE', #1856, 4.499999999999990230 ) ;
#4039 = CARTESIAN_POINT ( 'NONE',  ( 73.39999999999999147, 0.000000000000000000, -12.00000000000001421 ) ) ;
#4040 = ORIENTED_EDGE ( 'NONE', *, *, #1229, .F. ) ;
#4041 = CARTESIAN_POINT ( 'NONE',  ( -183.6551056814238336, 8.682397249383873472, 115.4673084693859266 ) ) ;
#4042 = CARTESIAN_POINT ( 'NONE',  ( -64.42536895928995477, 14.94547462177128594, 105.1539769521091046 ) ) ;
#4043 = LINE ( 'NONE', #3036, #1986 ) ;
#4044 = FACE_OUTER_BOUND ( 'NONE', #3544, .T. ) ;
#4045 = CARTESIAN_POINT ( 'NONE',  ( -140.0000000000000000, -27.72792206135785165, -61.49999999999998579 ) ) ;
#4046 = EDGE_CURVE ( 'NONE', #1066, #2103, #741, .T. ) ;
#4047 = FACE_OUTER_BOUND ( 'NONE', #4209, .T. ) ;
#4048 = VERTEX_POINT ( 'NONE', #2937 ) ;
#4049 = CARTESIAN_POINT ( 'NONE',  ( -56.86385327646692645, 10.89442060307005100, 112.7843642013055074 ) ) ;
#4050 = LINE ( 'NONE', #4071, #2181 ) ;
#4051 = ORIENTED_EDGE ( 'NONE', *, *, #3185, .T. ) ;
#4052 = CARTESIAN_POINT ( 'NONE',  ( 144.3868841364093498, -0.9764249973313496866, 91.95272129660547478 ) ) ;
#4053 = CARTESIAN_POINT ( 'NONE',  ( 65.70789406414449729, 15.23269822082398406, 101.4517373608453710 ) ) ;
#4054 = EDGE_CURVE ( 'NONE', #2413, #67, #4402, .T. ) ;
#4055 = VECTOR ( 'NONE', #761, 1000.000000000000000 ) ;
#4056 = VERTEX_POINT ( 'NONE', #3614 ) ;
#4057 = DIRECTION ( 'NONE',  ( -1.000000000000000000, -0.000000000000000000, -3.384826294588891447E-16 ) ) ;
#4058 = CARTESIAN_POINT ( 'NONE',  ( -141.5753976263436300, -0.1206904408485312691, 88.77247805074581777 ) ) ;
#4059 = DIRECTION ( 'NONE',  ( -0.000000000000000000, 0.000000000000000000, -1.000000000000000000 ) ) ;
#4060 = DIRECTION ( 'NONE',  ( -3.384826294588891940E-16, 0.000000000000000000, -1.000000000000000000 ) ) ;
#4061 = CARTESIAN_POINT ( 'NONE',  ( 132.0000000000001705, -15.00000000000000000, 81.84999999999963904 ) ) ;
#4062 = ORIENTED_EDGE ( 'NONE', *, *, #2605, .T. ) ;
#4063 = CARTESIAN_POINT ( 'NONE',  ( -189.7815315050050913, 3.746133191020995401, 119.7432953351783880 ) ) ;
#4064 = PRODUCT_DEFINITION_FORMATION_WITH_SPECIFIED_SOURCE ( 'ANY', '', #1855, .NOT_KNOWN. ) ;
#4065 = CARTESIAN_POINT ( 'NONE',  ( -64.72319227981745371, 15.12331426920025379, 104.6421591861473814 ) ) ;
#4066 = SURFACE_SIDE_STYLE ('',( #263 ) ) ;
#4067 = FACE_OUTER_BOUND ( 'NONE', #2377, .T. ) ;
#4068 = DIRECTION ( 'NONE',  ( 0.9117978414108217633, 0.000000000000000000, 0.4106393751195396291 ) ) ;
#4069 = CARTESIAN_POINT ( 'NONE',  ( 54.87607486140225177, 16.70478223667342377, 105.0000000011805099 ) ) ;
#4070 = CARTESIAN_POINT ( 'NONE',  ( -56.08072255198820244, 10.78206645199504621, 112.9369622179804225 ) ) ;
#4071 = CARTESIAN_POINT ( 'NONE',  ( 2.200000000000014388, 8.613941018766775315, -22.15013404825740295 ) ) ;
#4072 = ORIENTED_EDGE ( 'NONE', *, *, #1458, .T. ) ;
#4073 = CARTESIAN_POINT ( 'NONE',  ( -138.4202466835710936, -0.1209356539625116578, 88.77422404691640168 ) ) ;
#4074 = ADVANCED_FACE ( 'NONE', ( #2908 ), #2272, .F. ) ;
#4075 = CARTESIAN_POINT ( 'NONE',  ( -59.93825083353310390, 11.62754532596854240, 79.56174916647184148 ) ) ;
#4076 = ADVANCED_FACE ( 'NONE', ( #1206 ), #2574, .T. ) ;
#4077 = ORIENTED_EDGE ( 'NONE', *, *, #1386, .F. ) ;
#4078 = ORIENTED_EDGE ( 'NONE', *, *, #2601, .T. ) ;
#4079 = LINE ( 'NONE', #3349, #3205 ) ;
#4080 = ORIENTED_EDGE ( 'NONE', *, *, #2386, .T. ) ;
#4081 = CARTESIAN_POINT ( 'NONE',  ( -2.199999999999985523, -9.000000000000000000, -25.50000000000004263 ) ) ;
#4082 = CARTESIAN_POINT ( 'NONE',  ( -59.33472996445714642, -14.46645345721746700, 102.4961933483716052 ) ) ;
#4083 = DIRECTION ( 'NONE',  ( -3.384826294588891447E-16, 0.000000000000000000, 1.000000000000000000 ) ) ;
#4084 = VECTOR ( 'NONE', #1878, 1000.000000000000000 ) ;
#4085 = CARTESIAN_POINT ( 'NONE',  ( 38.00000000000014921, -9.000000000000000000, 75.09999999999993747 ) ) ;
#4086 = ORIENTED_EDGE ( 'NONE', *, *, #2295, .F. ) ;
#4087 = DIRECTION ( 'NONE',  ( -1.156482317317871478E-16, 0.000000000000000000, -1.000000000000000000 ) ) ;
#4088 = ORIENTED_EDGE ( 'NONE', *, *, #3315, .T. ) ;
#4089 = ADVANCED_FACE ( 'NONE', ( #1974 ), #3983, .T. ) ;
#4090 = AXIS2_PLACEMENT_3D ( 'NONE', #3105, #4477, #4112 ) ;
#4091 = AXIS2_PLACEMENT_3D ( 'NONE', #4231, #1108, #1779 ) ;
#4092 = CARTESIAN_POINT ( 'NONE',  ( -61.93998845978281054, 14.25916169719075022, 101.5215776725567025 ) ) ;
#4093 = B_SPLINE_CURVE_WITH_KNOTS ( 'NONE', 3,
 ( #2430, #3474, #23, #3456, #2072, #2393, #3117, #3781, #685, #1040, #746, #342, #1733, #2447, #663, #3820, #3435, #1022, #2811, #1383, #317, #2087, #2124, #3837, #727, #358, #2412, #1710 ),
 .UNSPECIFIED., .F., .F.,
 ( 4, 2, 2, 2, 2, 2, 2, 2, 2, 2, 2, 2, 2, 4 ),
 ( 4.629602219514537785E-19, 0.001680363994088043909, 0.003360727988176087384, 0.006721455976352140940, 0.008401819970440161864, 0.01008218396452818452, 0.01344291195270418821, 0.01680363994088018842, 0.02016436792905619210, 0.02184473192314418874, 0.02352509591723218191, 0.02436527791427621492, 0.02520545991132024793, 0.02688582390540840417 ),
 .UNSPECIFIED. ) ;
#4094 = CARTESIAN_POINT ( 'NONE',  ( -58.40226848384428138, 11.24997469565551178, 112.2900356840160043 ) ) ;
#4095 = CYLINDRICAL_SURFACE ( 'NONE', #2562, 5.000000000000004441 ) ;
#4096 = AXIS2_PLACEMENT_3D ( 'NONE', #4233, #2221, #4255 ) ;
#4097 = CARTESIAN_POINT ( 'NONE',  ( 56.63205599474042629, 15.25881915396146127, 105.3999719097161574 ) ) ;
#4098 = CARTESIAN_POINT ( 'NONE',  ( 64.91637455935794776, 15.17754434330658597, 104.4799242257662968 ) ) ;
#4099 = DIRECTION ( 'NONE',  ( -1.156482317317871478E-16, -0.000000000000000000, -1.000000000000000000 ) ) ;
#4100 = ORIENTED_EDGE ( 'NONE', *, *, #274, .T. ) ;
#4101 = CARTESIAN_POINT ( 'NONE',  ( 55.51073895446623396, 11.61107829225003130, 79.24463052276708197 ) ) ;
#4102 = FACE_OUTER_BOUND ( 'NONE', #375, .T. ) ;
#4103 = VECTOR ( 'NONE', #1902, 1000.000000000000000 ) ;
#4104 = CARTESIAN_POINT ( 'NONE',  ( -59.98849325795258380, 14.33915799494064913, 77.00575337101992091 ) ) ;
#4105 = EDGE_LOOP ( 'NONE', ( #597, #3934, #2502, #1686, #2641 ) ) ;
#4106 = CARTESIAN_POINT ( 'NONE',  ( 58.76210414788288006, 15.47483332018544822, 103.8226279648399810 ) ) ;
#4107 = AXIS2_PLACEMENT_3D ( 'NONE', #1560, #487, #3313 ) ;
#4108 = DIRECTION ( 'NONE',  ( 0.000000000000000000, 0.000000000000000000, -1.000000000000000000 ) ) ;
#4109 = ORIENTED_EDGE ( 'NONE', *, *, #4371, .F. ) ;
#4110 = VECTOR ( 'NONE', #1257, 1000.000000000000000 ) ;
#4111 = DIRECTION ( 'NONE',  ( 0.000000000000000000, 0.000000000000000000, 1.000000000000000000 ) ) ;
#4112 = DIRECTION ( 'NONE',  ( 1.000000000000000000, 0.000000000000000000, 0.000000000000000000 ) ) ;
#4113 = DIRECTION ( 'NONE',  ( -4.191626920036737644E-17, -0.9320046715412957372, 0.3624462611549489899 ) ) ;
#4114 = ORIENTED_EDGE ( 'NONE', *, *, #2320, .F. ) ;
#4115 = FACE_OUTER_BOUND ( 'NONE', #4197, .T. ) ;
#4116 = ORIENTED_EDGE ( 'NONE', *, *, #970, .F. ) ;
#4117 = CARTESIAN_POINT ( 'NONE',  ( -65.02292040896202252, 15.67711437381378659, 102.9710305070943548 ) ) ;
#4118 = CARTESIAN_POINT ( 'NONE',  ( -60.92554810810445787, 12.31095191595549920, 110.6735700446685513 ) ) ;
#4119 = FACE_OUTER_BOUND ( 'NONE', #3839, .T. ) ;
#4120 = CARTESIAN_POINT ( 'NONE',  ( 59.35012692213033603, 9.657379975723099363, 102.4760648257127542 ) ) ;
#4121 = FACE_BOUND ( 'NONE', #934, .T. ) ;
#4122 = CARTESIAN_POINT ( 'NONE',  ( -38.00000000000000711, 0.000000000000000000, 54.59999999999994458 ) ) ;
#4123 = EDGE_LOOP ( 'NONE', ( #599, #3876, #1766, #476 ) ) ;
#4124 = CARTESIAN_POINT ( 'NONE',  ( 59.98849325795274723, 14.33915799494019261, 77.00575337102060303 ) ) ;
#4125 = DIRECTION ( 'NONE',  ( 1.156482317317871232E-16, 0.000000000000000000, -1.000000000000000000 ) ) ;
#4126 = ORIENTED_EDGE ( 'NONE', *, *, #1567, .F. ) ;
#4127 = AXIS2_PLACEMENT_3D ( 'NONE', #51, #1151, #1129 ) ;
#4128 = VERTEX_POINT ( 'NONE', #3329 ) ;
#4129 = CARTESIAN_POINT ( 'NONE',  ( 65.93490753871392940, 15.67041725609099778, 102.9976417267198912 ) ) ;
#4130 = DIRECTION ( 'NONE',  ( -3.384826294588891940E-16, -0.000000000000000000, 1.000000000000000000 ) ) ;
#4131 = B_SPLINE_CURVE_WITH_KNOTS ( 'NONE', 3,
 ( #4208, #3609, #3542, #1866, #1819, #3249, #3204, #74, #121, #492, #1887, #3272, #544, #4028, #199, #3978, #225, #1593, #4053, #3024 ),
 .UNSPECIFIED., .F., .F.,
 ( 4, 2, 2, 2, 2, 2, 2, 2, 2, 4 ),
 ( 0.000000000000000000, 0.001220379355294650640, 0.001830569032941973141, 0.002440758710589296075, 0.003661138065883959725, 0.004881517421178623375, 0.006101896776473303072, 0.006712086454120623838, 0.007322276131767945472, 0.009763034842357186036 ),
 .UNSPECIFIED. ) ;
#4132 = DIRECTION ( 'NONE',  ( 1.000000000000000000, 0.000000000000000000, -2.312964634635741083E-15 ) ) ;
#4133 = EDGE_CURVE ( 'NONE', #411, #2686, #206, .T. ) ;
#4134 = CARTESIAN_POINT ( 'NONE',  ( -190.0000000000000000, -15.00000000000000000, 104.7482393492988564 ) ) ;
#4135 = VERTEX_POINT ( 'NONE', #3352 ) ;
#4136 = CARTESIAN_POINT ( 'NONE',  ( 38.00000000000014211, -9.000000000000000000, 54.59999999999993747 ) ) ;
#4137 = ORIENTED_EDGE ( 'NONE', *, *, #2723, .F. ) ;
#4138 = EDGE_CURVE ( 'NONE', #3295, #1771, #1255, .T. ) ;
#4139 = CARTESIAN_POINT ( 'NONE',  ( 183.7666710112171984, 8.444571918048298542, 115.7200498143050851 ) ) ;
#4140 = PLANE ( 'NONE',  #1336 ) ;
#4141 = CARTESIAN_POINT ( 'NONE',  ( 55.00000000000007105, 10.74196951500541708, 112.9903730305670280 ) ) ;
#4142 = EDGE_CURVE ( 'NONE', #1728, #2318, #2303, .T. ) ;
#4143 = PLANE ( 'NONE',  #2970 ) ;
#4144 = CYLINDRICAL_SURFACE ( 'NONE', #1030, 4.000000000000003553 ) ;
#4145 = EDGE_LOOP ( 'NONE', ( #2407, #1351, #2300, #2127 ) ) ;
#4146 = VERTEX_POINT ( 'NONE', #939 ) ;
#4147 = CARTESIAN_POINT ( 'NONE',  ( 60.25536947723330883, 11.61107829225088928, 83.98926104553380867 ) ) ;
#4148 = EDGE_CURVE ( 'NONE', #1420, #3897, #53, .T. ) ;
#4149 = CARTESIAN_POINT ( 'NONE',  ( 64.05403982258911810, 15.67025696380688338, 102.9982784848063631 ) ) ;
#4150 = DIRECTION ( 'NONE',  ( 1.000000000000000000, 0.000000000000000000, 0.000000000000000000 ) ) ;
#4151 = PRODUCT_DEFINITION_CONTEXT ( 'detailed design', #368, 'design' ) ;
#4152 = AXIS2_PLACEMENT_3D ( 'NONE', #4314, #1193, #1848 ) ;
#4153 = LINE ( 'NONE', #3714, #1391 ) ;
#4154 = DIRECTION ( 'NONE',  ( 0.000000000000000000, 1.000000000000000000, -6.938893903907228378E-15 ) ) ;
#4155 = ORIENTED_EDGE ( 'NONE', *, *, #4025, .F. ) ;
#4156 = LINE ( 'NONE', #2424, #2838 ) ;
#4157 = VERTEX_POINT ( 'NONE', #3444 ) ;
#4158 = CARTESIAN_POINT ( 'NONE',  ( 178.9627531388997568, 13.68568314174452105, 108.1566067429288580 ) ) ;
#4159 = CIRCLE ( 'NONE', #3634, 4.999999999999993783 ) ;
#4160 = CIRCLE ( 'NONE', #811, 4.000000000000003553 ) ;
#4161 = APPLICATION_PROTOCOL_DEFINITION ( 'draft international standard', 'automotive_design', 1998, #368 ) ;
#4162 = EDGE_LOOP ( 'NONE', ( #3155, #2981, #734, #4241 ) ) ;
#4163 = DIRECTION ( 'NONE',  ( -3.384826294588891940E-16, 0.000000000000000000, -1.000000000000000000 ) ) ;
#4164 = CARTESIAN_POINT ( 'NONE',  ( 143.3137084989849086, -6.699999999999997513, 64.84999999999993747 ) ) ;
#4165 = AXIS2_PLACEMENT_3D ( 'NONE', #3980, #4301, #1179 ) ;
#4166 = VERTEX_POINT ( 'NONE', #2833 ) ;
#4167 = ORIENTED_EDGE ( 'NONE', *, *, #212, .F. ) ;
#4168 = CARTESIAN_POINT ( 'NONE',  ( 59.93825083353327443, 11.62754532596729184, 79.56174916647184148 ) ) ;
#4169 = CARTESIAN_POINT ( 'NONE',  ( 65.19898790775972941, 15.21612918067974896, 101.4531170021851523 ) ) ;
#4170 = EDGE_CURVE ( 'NONE', #2373, #4405, #1029, .T. ) ;
#4171 = CARTESIAN_POINT ( 'NONE',  ( -141.2544561872176700, -5.110409569108466776, 97.33277966719894891 ) ) ;
#4172 = ORIENTED_EDGE ( 'NONE', *, *, #1844, .F. ) ;
#4173 = CARTESIAN_POINT ( 'NONE',  ( -54.99999999999992184, 10.00000000000000888, 99.99999999999997158 ) ) ;
#4174 = VERTEX_POINT ( 'NONE', #3810 ) ;
#4175 = CARTESIAN_POINT ( 'NONE',  ( 127.9793426724012164, -13.99999999999999822, -24.50000000000004263 ) ) ;
#4176 = ORIENTED_EDGE ( 'NONE', *, *, #4227, .F. ) ;
#4177 = EDGE_CURVE ( 'NONE', #4335, #2401, #258, .T. ) ;
#4178 = CARTESIAN_POINT ( 'NONE',  ( -59.99999999999992184, -13.00000000000000000, 87.00000000000001421 ) ) ;
#4179 = ORIENTED_EDGE ( 'NONE', *, *, #1567, .T. ) ;
#4180 = FACE_BOUND ( 'NONE', #1234, .T. ) ;
#4181 = LINE ( 'NONE', #2102, #2703 ) ;
#4182 = VECTOR ( 'NONE', #3112, 1000.000000000000000 ) ;
#4183 = ORIENTED_EDGE ( 'NONE', *, *, #1513, .T. ) ;
#4184 = EDGE_LOOP ( 'NONE', ( #4277, #2323, #994, #1637 ) ) ;
#4185 = CARTESIAN_POINT ( 'NONE',  ( 64.01527194596636150, 14.93441564322661819, 75.48472805404000496 ) ) ;
#4186 = CARTESIAN_POINT ( 'NONE',  ( 190.0000000000000568, 1.074749524994740302, 115.7657349585650763 ) ) ;
#4187 = CARTESIAN_POINT ( 'NONE',  ( 64.93156238229754251, 15.17502051154071196, 104.4875420048974917 ) ) ;
#4188 = EDGE_CURVE ( 'NONE', #3965, #2400, #1534, .T. ) ;
#4189 = LINE ( 'NONE', #1389, #383 ) ;
#4190 = VECTOR ( 'NONE', #13, 1000.000000000000000 ) ;
#4191 = ORIENTED_EDGE ( 'NONE', *, *, #4386, .F. ) ;
#4192 = DIRECTION ( 'NONE',  ( -1.000000000000000000, -0.000000000000000000, 3.469446951953620105E-16 ) ) ;
#4193 = ORIENTED_EDGE ( 'NONE', *, *, #3445, .F. ) ;
#4194 = CARTESIAN_POINT ( 'NONE',  ( 183.1503449628370674, 9.648891064890825930, 114.3896096969691314 ) ) ;
#4195 = DIRECTION ( 'NONE',  ( 0.000000000000000000, 0.000000000000000000, 1.000000000000000000 ) ) ;
#4196 = FACE_OUTER_BOUND ( 'NONE', #2242, .T. ) ;
#4197 = EDGE_LOOP ( 'NONE', ( #4232, #1357, #2370, #4183, #2741, #2666 ) ) ;
#4198 = CARTESIAN_POINT ( 'NONE',  ( -66.97184876397341213, 15.00000000000000000, 104.1063937511954123 ) ) ;
#4199 = CARTESIAN_POINT ( 'NONE',  ( -86.59999999999999432, -13.99999999999999822, -56.50000000000004263 ) ) ;
#4200 = EDGE_LOOP ( 'NONE', ( #1140, #3012, #931, #1951 ) ) ;
#4201 = EDGE_LOOP ( 'NONE', ( #76, #1316, #333, #42, #2912 ) ) ;
#4202 = FACE_OUTER_BOUND ( 'NONE', #4145, .T. ) ;
#4203 = AXIS2_PLACEMENT_3D ( 'NONE', #1983, #2583, #3314 ) ;
#4204 = AXIS2_PLACEMENT_3D ( 'NONE', #3135, #2, #3535 ) ;
#4205 = CARTESIAN_POINT ( 'NONE',  ( 189.8129047661435891, 3.756314316011141408, 119.7607923314798484 ) ) ;
#4206 = CARTESIAN_POINT ( 'NONE',  ( 65.13139381249308713, 15.16644313535595323, 104.5133889106030551 ) ) ;
#4207 = EDGE_CURVE ( 'NONE', #3762, #1465, #4426, .T. ) ;
#4208 = CARTESIAN_POINT ( 'NONE',  ( 59.55898920705418220, 10.00000000000000888, 102.0531968755976635 ) ) ;
#4209 = EDGE_LOOP ( 'NONE', ( #3792, #1219, #3847, #3440 ) ) ;
#4210 = DIRECTION ( 'NONE',  ( -1.000000000000000000, -0.000000000000000000, 3.384826294588891447E-16 ) ) ;
#4211 = VERTEX_POINT ( 'NONE', #1304 ) ;
#4212 = DIRECTION ( 'NONE',  ( -1.000000000000000000, -0.000000000000000000, 3.469446951953620105E-16 ) ) ;
#4213 = CARTESIAN_POINT ( 'NONE',  ( -64.57100821130654822, 15.05113589180582068, 104.8542072201047972 ) ) ;
#4214 = CARTESIAN_POINT ( 'NONE',  ( 181.3441318855601310, 11.94311402339843653, 111.2621460363187538 ) ) ;
#4215 = ADVANCED_FACE ( 'NONE', ( #3423 ), #330, .F. ) ;
#4216 = CARTESIAN_POINT ( 'NONE',  ( 56.87495311484602922, -15.00000000000000355, 104.6465024811159310 ) ) ;
#4217 = EDGE_CURVE ( 'NONE', #3006, #210, #230, .T. ) ;
#4218 = CARTESIAN_POINT ( 'NONE',  ( -66.26143382222048217, 14.84834831378178777, 105.3379546074357620 ) ) ;
#4219 = ORIENTED_EDGE ( 'NONE', *, *, #1998, .F. ) ;
#4220 = CARTESIAN_POINT ( 'NONE',  ( 65.00000000000011369, 15.00000000000000000, -59.99999999999995737 ) ) ;
#4221 = DIRECTION ( 'NONE',  ( -1.000000000000000000, 0.000000000000000000, 2.312964634635735561E-15 ) ) ;
#4222 = ORIENTED_EDGE ( 'NONE', *, *, #482, .T. ) ;
#4223 = CARTESIAN_POINT ( 'NONE',  ( 0.000000000000000000, -10.83333333333333393, 99.81817286338251449 ) ) ;
#4224 = CARTESIAN_POINT ( 'NONE',  ( 184.6538218540034961, 5.889352368489839229, 118.1281965632676787 ) ) ;
#4225 = AXIS2_PLACEMENT_3D ( 'NONE', #737, #2115, #3164 ) ;
#4226 = DIRECTION ( 'NONE',  ( 0.000000000000000000, 0.000000000000000000, 1.000000000000000000 ) ) ;
#4227 = EDGE_CURVE ( 'NONE', #2725, #63, #1699, .T. ) ;
#4228 = CARTESIAN_POINT ( 'NONE',  ( 69.14044377831166344, 13.26943661342417435, 101.6045132812953113 ) ) ;
#4229 = FACE_OUTER_BOUND ( 'NONE', #1696, .T. ) ;
#4230 = ORIENTED_EDGE ( 'NONE', *, *, #2274, .F. ) ;
#4231 = CARTESIAN_POINT ( 'NONE',  ( -43.99999999999998579, -6.699999999999997513, 64.84999999999993747 ) ) ;
#4232 = ORIENTED_EDGE ( 'NONE', *, *, #4138, .F. ) ;
#4233 = CARTESIAN_POINT ( 'NONE',  ( 185.0000000000000284, -13.30124343522352959, 95.04813484716459016 ) ) ;
#4234 = VECTOR ( 'NONE', #1451, 1000.000000000000000 ) ;
#4235 = CARTESIAN_POINT ( 'NONE',  ( -65.43428067872680742, 15.04777827727441242, 104.8639159613460947 ) ) ;
#4236 = CARTESIAN_POINT ( 'NONE',  ( 55.55846795368976387, 6.770545987960312040, 104.9761777492025487 ) ) ;
#4237 = CARTESIAN_POINT ( 'NONE',  ( 58.70045762794526212, -14.81510330190765856, 103.3769227156008128 ) ) ;
#4238 = CARTESIAN_POINT ( 'NONE',  ( -66.35432335845145246, 14.88368240475476512, 105.1895149106876488 ) ) ;
#4239 = AXIS2_PLACEMENT_3D ( 'NONE', #1265, #4389, #2662 ) ;
#4240 = ORIENTED_EDGE ( 'NONE', *, *, #2670, .F. ) ;
#4241 = ORIENTED_EDGE ( 'NONE', *, *, #805, .T. ) ;
#4242 = CIRCLE ( 'NONE', #1477, 4.499999999999990230 ) ;
#4243 = CARTESIAN_POINT ( 'NONE',  ( 56.87531857892702192, 10.89632530230413643, 112.7817676027917884 ) ) ;
#4244 =( BOUNDED_SURFACE ( )  B_SPLINE_SURFACE ( 3, 2, ( 
 ( #643, #1317, #3156 ),
 ( #708, #1365, #3824 ),
 ( #1713, #1343, #297 ),
 ( #2414, #3413, #1750 ),
 ( #4101, #2759, #4147 ),
 ( #2090, #8, #1024 ),
 ( #1061, #3803, #2711 ),
 ( #345, #4168, #3119 ),
 ( #981, #4509, #1687 ),
 ( #3138, #2371, #687 ),
 ( #730, #1735, #3491 ),
 ( #4124, #3476, #3438 ),
 ( #2396, #3784, #1385 ),
 ( #2449, #360, #3099 ),
 ( #2074, #665, #1404 ),
 ( #2798, #4185, #3840 ),
 ( #4491, #2105, #382 ),
 ( #319, #1773, #3758 ) ),
 .UNSPECIFIED., .F., .F., .T. ) 
 B_SPLINE_SURFACE_WITH_KNOTS ( ( 4, 2, 2, 2, 2, 2, 2, 2, 4 ),
 ( 3, 3 ),
 ( 6.283185307179586232, 6.479534848028948524, 6.675884388878310816, 6.872233929727672219, 7.068583470577034511, 7.264933011426396803, 7.461282552275758206, 7.657632093125120498, 7.853981633974482790 ),
 ( 0.000000000000000000, 1.000000000000000000 ),
 .UNSPECIFIED. ) 
 GEOMETRIC_REPRESENTATION_ITEM ( )  RATIONAL_B_SPLINE_SURFACE ( (
 ( 1.000000000000000000, 0.7071067811865475727, 1.000000000000000000),
 ( 1.000000000000000000, 0.7070717283368813666, 1.000000000000000000),
 ( 1.000000000000000000, 0.7117460025830352199, 1.000000000000000000),
 ( 1.000000000000000000, 0.7291288939602803554, 1.000000000000000000),
 ( 1.000000000000000000, 0.7418334179586341115, 1.000000000000000000),
 ( 1.000000000000000000, 0.7723968217385681623, 1.000000000000000000),
 ( 1.000000000000000000, 0.7902180087156882582, 1.000000000000000000),
 ( 1.000000000000000000, 0.8275942695276531369, 1.000000000000000000),
 ( 1.000000000000000000, 0.8471316604839468356, 1.000000000000000000),
 ( 1.000000000000000000, 0.8849191470849301355, 1.000000000000000000),
 ( 1.000000000000000000, 0.9031650994465545423, 1.000000000000000000),
 ( 1.000000000000000000, 0.9360421842398408687, 1.000000000000000000),
 ( 1.000000000000000000, 0.9506740354169407325, 1.000000000000000000),
 ( 1.000000000000000000, 0.9747108043453716064, 1.000000000000000000),
 ( 1.000000000000000000, 0.9841171504956023330, 1.000000000000000000),
 ( 1.000000000000000000, 0.9967613244521382754, 1.000000000000000000),
 ( 1.000000000000000000, 1.000000000000000000, 1.000000000000000000),
 ( 1.000000000000000000, 1.000000000000000000, 1.000000000000000000) ) ) 
 REPRESENTATION_ITEM ( '' )  SURFACE ( )  );
#4245 = DIRECTION ( 'NONE',  ( 0.000000000000000000, 1.000000000000000000, -0.000000000000000000 ) ) ;
#4246 = CARTESIAN_POINT ( 'NONE',  ( 185.5254207561352189, -14.42472418126909162, 125.0000000000000000 ) ) ;
#4247 = CIRCLE ( 'NONE', #2499, 4.499999999999990230 ) ;
#4248 = CARTESIAN_POINT ( 'NONE',  ( 188.6328848556007642, 6.274642425119831834, 112.9215821185416075 ) ) ;
#4249 = CARTESIAN_POINT ( 'NONE',  ( 187.9947693987514583, 7.507338421254996064, 112.0788889189767019 ) ) ;
#4250 = CARTESIAN_POINT ( 'NONE',  ( -138.7447582437401934, -5.110362171308641344, 97.33275150340659820 ) ) ;
#4251 = LINE ( 'NONE', #451, #408 ) ;
#4252 = ORIENTED_EDGE ( 'NONE', *, *, #3083, .T. ) ;
#4253 = CARTESIAN_POINT ( 'NONE',  ( -182.0097764154237723, 11.24678239526445189, 112.3147790176116843 ) ) ;
#4254 = EDGE_LOOP ( 'NONE', ( #1987, #2532, #3901, #2309 ) ) ;
#4255 = DIRECTION ( 'NONE',  ( 0.000000000000000000, 0.000000000000000000, 1.000000000000000000 ) ) ;
#4256 = ADVANCED_FACE ( 'NONE', ( #672 ), #49, .T. ) ;
#4257 = CARTESIAN_POINT ( 'NONE',  ( 64.11797841410829335, 14.66024868704471018, 105.9180455320015000 ) ) ;
#4258 = LINE ( 'NONE', #3211, #467 ) ;
#4259 = CARTESIAN_POINT ( 'NONE',  ( -150.0000000000000284, 0.000000000000000000, -60.00000000000001421 ) ) ;
#4260 = FACE_OUTER_BOUND ( 'NONE', #4493, .T. ) ;
#4261 = EDGE_CURVE ( 'NONE', #1043, #2114, #2765, .T. ) ;
#4262 = EDGE_CURVE ( 'NONE', #67, #3148, #3493, .T. ) ;
#4263 = ORIENTED_EDGE ( 'NONE', *, *, #4299, .F. ) ;
#4264 = CARTESIAN_POINT ( 'NONE',  ( -65.52866547162832944, 14.98023769686294848, 105.0562718336460364 ) ) ;
#4265 = CARTESIAN_POINT ( 'NONE',  ( -67.08345762252066891, 15.00000000000000000, 103.8917841086126543 ) ) ;
#4266 = CARTESIAN_POINT ( 'NONE',  ( 38.00000000000014211, -8.999999999999998224, 61.57738636560921464 ) ) ;
#4267 = PLANE ( 'NONE',  #1602 ) ;
#4268 = EDGE_CURVE ( 'NONE', #3640, #1403, #405, .T. ) ;
#4269 = VERTEX_POINT ( 'NONE', #1673 ) ;
#4270 = CARTESIAN_POINT ( 'NONE',  ( 135.5896699625270401, -1.999063015012025213, 93.93376561602762820 ) ) ;
#4271 = CARTESIAN_POINT ( 'NONE',  ( 181.0160312102539422, 13.74904594035276162, 106.0169348915635652 ) ) ;
#4272 = CARTESIAN_POINT ( 'NONE',  ( -189.9999999999999716, -9.999999999999998224, 104.7482393492988564 ) ) ;
#4273 = EDGE_CURVE ( 'NONE', #1346, #2940, #1796, .T. ) ;
#4274 = DIRECTION ( 'NONE',  ( 0.000000000000000000, -0.000000000000000000, 1.000000000000000000 ) ) ;
#4275 = AXIS2_PLACEMENT_3D ( 'NONE', #138, #1537, #2921 ) ;
#4276 = DIRECTION ( 'NONE',  ( 0.000000000000000000, 0.000000000000000000, -1.000000000000000000 ) ) ;
#4277 = ORIENTED_EDGE ( 'NONE', *, *, #2649, .F. ) ;
#4278 = CARTESIAN_POINT ( 'NONE',  ( -175.2436684750148856, 14.66024868704470663, 105.9180455320016279 ) ) ;
#4279 = ORIENTED_EDGE ( 'NONE', *, *, #1753, .T. ) ;
#4280 = CARTESIAN_POINT ( 'NONE',  ( 44.00000000000014211, 0.000000000000000000, 54.59999999999993747 ) ) ;
#4281 = CARTESIAN_POINT ( 'NONE',  ( -65.26375072205934202, 15.13018180866290052, 104.6218930060645675 ) ) ;
#4282 = CYLINDRICAL_SURFACE ( 'NONE', #1271, 4.999999999999997335 ) ;
#4283 = CARTESIAN_POINT ( 'NONE',  ( -73.39999999999999147, -12.99999999999999822, -40.50000000000004263 ) ) ;
#4284 = ORIENTED_EDGE ( 'NONE', *, *, #1094, .T. ) ;
#4285 = CIRCLE ( 'NONE', #2900, 15.00000000000000000 ) ;
#4286 = PLANE ( 'NONE',  #3957 ) ;
#4287 = CARTESIAN_POINT ( 'NONE',  ( 64.11797841410829335, 14.66024868704471373, 105.9180455320015000 ) ) ;
#4288 = DIRECTION ( 'NONE',  ( 0.000000000000000000, 0.000000000000000000, 1.000000000000000000 ) ) ;
#4289 = FACE_OUTER_BOUND ( 'NONE', #1130, .T. ) ;
#4290 = CARTESIAN_POINT ( 'NONE',  ( -62.40717431545539995, 14.84008324348378416, 75.79641284227245990 ) ) ;
#4291 = CARTESIAN_POINT ( 'NONE',  ( 137.9849214549125804, -0.1504397098630011198, 88.97316335875696325 ) ) ;
#4292 = CARTESIAN_POINT ( 'NONE',  ( 185.2253466839050304, 11.01054658439163525, 109.1709336896106066 ) ) ;
#4293 = DIRECTION ( 'NONE',  ( 0.000000000000000000, 0.000000000000000000, -1.000000000000000000 ) ) ;
#4294 = VECTOR ( 'NONE', #3704, 1000.000000000000000 ) ;
#4295 = CARTESIAN_POINT ( 'NONE',  ( -135.6131158635908491, -0.9764249973314468312, 91.95272129660573057 ) ) ;
#4296 = DIRECTION ( 'NONE',  ( 0.000000000000000000, 0.000000000000000000, 1.000000000000000000 ) ) ;
#4297 = VECTOR ( 'NONE', #4060, 1000.000000000000000 ) ;
#4298 = VECTOR ( 'NONE', #985, 1000.000000000000000 ) ;
#4299 = EDGE_CURVE ( 'NONE', #2305, #4382, #3068, .T. ) ;
#4300 = VERTEX_POINT ( 'NONE', #4450 ) ;
#4301 = DIRECTION ( 'NONE',  ( -0.000000000000000000, 1.000000000000000000, -0.000000000000000000 ) ) ;
#4302 = CYLINDRICAL_SURFACE ( 'NONE', #799, 4.000000000000003553 ) ;
#4303 = CIRCLE ( 'NONE', #4096, 30.00000000000000000 ) ;
#4304 = PLANE ( 'NONE',  #849 ) ;
#4305 = DIRECTION ( 'NONE',  ( -1.000000000000000000, -0.000000000000000000, 3.469446951953620105E-16 ) ) ;
#4306 = DIRECTION ( 'NONE',  ( -1.000000000000000000, 0.000000000000000000, -0.000000000000000000 ) ) ;
#4307 = CARTESIAN_POINT ( 'NONE',  ( 188.9798751519863913, -15.00000000000000000, 123.0408387747807808 ) ) ;
#4308 = ORIENTED_EDGE ( 'NONE', *, *, #3106, .T. ) ;
#4309 = CARTESIAN_POINT ( 'NONE',  ( -175.0000000000000284, 15.00000000000000000, 105.0440775725425055 ) ) ;
#4310 = ADVANCED_FACE ( 'NONE', ( #1328 ), #2745, .T. ) ;
#4311 = CARTESIAN_POINT ( 'NONE',  ( -67.17620291567729396, 15.64085974085868003, 103.1149986837099277 ) ) ;
#4312 = CARTESIAN_POINT ( 'NONE',  ( 59.73453808909513185, 11.74359191303458161, 111.5642288815325713 ) ) ;
#4313 = DIRECTION ( 'NONE',  ( -1.000000000000000000, 0.000000000000000000, 0.000000000000000000 ) ) ;
#4314 = CARTESIAN_POINT ( 'NONE',  ( 55.31370849898491571, -6.699999999999997513, 64.84999999999993747 ) ) ;
#4315 = VECTOR ( 'NONE', #3604, 1000.000000000000000 ) ;
#4316 = DIRECTION ( 'NONE',  ( 1.000000000000000000, 0.000000000000000000, 0.000000000000000000 ) ) ;
#4317 = LINE ( 'NONE', #587, #573 ) ;
#4318 = CARTESIAN_POINT ( 'NONE',  ( 138.7279477696153549, -0.1077398016624945137, 88.67163613664727961 ) ) ;
#4319 = CARTESIAN_POINT ( 'NONE',  ( 175.6348501058043610, 15.00000000000000000, 104.1063937545109610 ) ) ;
#4320 = DIRECTION ( 'NONE',  ( -1.000000000000000000, 0.000000000000000000, 2.312964634635735561E-15 ) ) ;
#4321 = CARTESIAN_POINT ( 'NONE',  ( -135.9895938929773536, -0.6147526836963619346, 90.95292637224980581 ) ) ;
#4322 = DIRECTION ( 'NONE',  ( -1.000000000000000000, 0.000000000000000000, 0.000000000000000000 ) ) ;
#4323 = EDGE_CURVE ( 'NONE', #3588, #3692, #4160, .T. ) ;
#4324 = EDGE_LOOP ( 'NONE', ( #4390, #3320, #1266, #1443 ) ) ;
#4325 = CARTESIAN_POINT ( 'NONE',  ( -59.37075951497786264, 9.675046118224404523, 102.4711485804835291 ) ) ;
#4326 = CARTESIAN_POINT ( 'NONE',  ( -189.9677077159957435, -15.00000000000000178, 120.6476368397670313 ) ) ;
#4327 = EDGE_CURVE ( 'NONE', #1, #4174, #4153, .T. ) ;
#4328 = DIRECTION ( 'NONE',  ( 0.000000000000000000, 0.000000000000000000, 1.000000000000000000 ) ) ;
#4329 = DIRECTION ( 'NONE',  ( 0.000000000000000000, 1.000000000000000000, 0.000000000000000000 ) ) ;
#4330 = DIRECTION ( 'NONE',  ( 0.000000000000000000, 0.000000000000000000, -1.000000000000000000 ) ) ;
#4331 = EDGE_CURVE ( 'NONE', #4157, #3936, #535, .T. ) ;
#4332 = DIRECTION ( 'NONE',  ( -1.000000000000000000, 0.000000000000000000, 0.000000000000000000 ) ) ;
#4333 = ORIENTED_EDGE ( 'NONE', *, *, #4409, .T. ) ;
#4334 = CARTESIAN_POINT ( 'NONE',  ( -178.4488097639756745, 14.61484784369757328, 106.0822560608889376 ) ) ;
#4335 = VERTEX_POINT ( 'NONE', #4364 ) ;
#4336 = CARTESIAN_POINT ( 'NONE',  ( -66.50041853065101805, 15.00000000000000000, 101.4677243977613017 ) ) ;
#4337 = CARTESIAN_POINT ( 'NONE',  ( -55.25253692360325175, 6.734767357502660978, 104.9999999999999716 ) ) ;
#4338 = EDGE_LOOP ( 'NONE', ( #3694, #1693, #303, #1308 ) ) ;
#4339 = VECTOR ( 'NONE', #1799, 1000.000000000000000 ) ;
#4340 = DIRECTION ( 'NONE',  ( 0.000000000000000000, 0.000000000000000000, -1.000000000000000000 ) ) ;
#4341 = CARTESIAN_POINT ( 'NONE',  ( -2.199999999999982414, -9.000000000000000000, -52.00000000000004263 ) ) ;
#4342 = LINE ( 'NONE', #3651, #2646 ) ;
#4343 = CARTESIAN_POINT ( 'NONE',  ( 181.9552967242174759, 13.37977753263125713, 108.8386891439317452 ) ) ;
#4344 = FACE_OUTER_BOUND ( 'NONE', #3306, .T. ) ;
#4345 = EDGE_LOOP ( 'NONE', ( #2440, #2570, #559, #418 ) ) ;
#4346 = DIRECTION ( 'NONE',  ( -0.000000000000000000, 1.000000000000000000, -0.000000000000000000 ) ) ;
#4347 = CARTESIAN_POINT ( 'NONE',  ( -60.03223043949971327, 10.65449037813170996, 84.43553912099935133 ) ) ;
#4348 = VERTEX_POINT ( 'NONE', #1215 ) ;
#4349 = EDGE_CURVE ( 'NONE', #766, #2400, #1932, .T. ) ;
#4350 = CARTESIAN_POINT ( 'NONE',  ( -56.10066028514540193, 6.904831407977506608, 104.8848951919690222 ) ) ;
#4351 = CARTESIAN_POINT ( 'NONE',  ( 66.50041853065121700, 15.00000000000000000, 101.4677243977613443 ) ) ;
#4352 = CARTESIAN_POINT ( 'NONE',  ( -59.25917886240138444, -14.52815954218019101, 102.6234253944009112 ) ) ;
#4353 = CARTESIAN_POINT ( 'NONE',  ( -59.10048423016961294, 9.300625384341262958, 102.8706323933771074 ) ) ;
#4354 = VECTOR ( 'NONE', #1482, 1000.000000000000000 ) ;
#4355 = CARTESIAN_POINT ( 'NONE',  ( 44.00000000000013500, -9.000000000000000000, 75.09999999999993747 ) ) ;
#4356 = DIRECTION ( 'NONE',  ( 0.000000000000000000, 0.000000000000000000, 1.000000000000000000 ) ) ;
#4357 = EDGE_LOOP ( 'NONE', ( #3025, #1698, #327, #669 ) ) ;
#4358 = CARTESIAN_POINT ( 'NONE',  ( -179.5930779780987052, 14.28192715505709920, 105.2534350943911363 ) ) ;
#4359 = ORIENTED_EDGE ( 'NONE', *, *, #1664, .T. ) ;
#4360 = EDGE_CURVE ( 'NONE', #4446, #1728, #1667, .T. ) ;
#4361 = CARTESIAN_POINT ( 'NONE',  ( -70.25368398469692011, 11.07587514159366116, 101.8620746585295933 ) ) ;
#4362 = CARTESIAN_POINT ( 'NONE',  ( -185.6142111776168235, -14.10872811767714730, 125.0000000000000000 ) ) ;
#4363 = CARTESIAN_POINT ( 'NONE',  ( -150.0000000000000284, 0.000000000000000000, -85.00000000000000000 ) ) ;
#4364 = CARTESIAN_POINT ( 'NONE',  ( 132.0000000000000853, -9.999999999999998224, 47.84999999999964615 ) ) ;
#4365 = CARTESIAN_POINT ( 'NONE',  ( -86.59999999999999432, 2.800339325505419421E-14, -56.50000000000003553 ) ) ;
#4366 = CARTESIAN_POINT ( 'NONE',  ( 176.0680160992478704, 14.97149575485151374, 105.1261579322708286 ) ) ;
#4367 = DIRECTION ( 'NONE',  ( 0.000000000000000000, 0.000000000000000000, 1.000000000000000000 ) ) ;
#4368 = ORIENTED_EDGE ( 'NONE', *, *, #4484, .T. ) ;
#4369 = CARTESIAN_POINT ( 'NONE',  ( -139.6791216380666754, -0.08682842985504181377, 88.50000000000002842 ) ) ;
#4370 = CARTESIAN_POINT ( 'NONE',  ( 65.00000000000007105, 10.00000000000000888, 99.99999999999995737 ) ) ;
#4371 = EDGE_CURVE ( 'NONE', #1003, #1096, #4317, .T. ) ;
#4372 = ORIENTED_EDGE ( 'NONE', *, *, #2505, .T. ) ;
#4373 = CARTESIAN_POINT ( 'NONE',  ( 60.19529127929972390, 15.53197604984293356, 103.5563816663627392 ) ) ;
#4374 = AXIS2_PLACEMENT_3D ( 'NONE', #1683, #4099, #222 ) ;
#4375 = FACE_OUTER_BOUND ( 'NONE', #351, .T. ) ;
#4376 = LINE ( 'NONE', #1549, #3941 ) ;
#4377 = CARTESIAN_POINT ( 'NONE',  ( -58.96159454400167732, 9.117438715432468754, 103.0594795774320573 ) ) ;
#4378 = DIRECTION ( 'NONE',  ( 0.000000000000000000, -1.000000000000000000, 4.956352788505164254E-16 ) ) ;
#4379 = VECTOR ( 'NONE', #3508, 1000.000000000000000 ) ;
#4380 = FACE_OUTER_BOUND ( 'NONE', #4324, .T. ) ;
#4381 = EDGE_CURVE ( 'NONE', #3723, #630, #1739, .T. ) ;
#4382 = VERTEX_POINT ( 'NONE', #2340 ) ;
#4383 = CARTESIAN_POINT ( 'NONE',  ( -189.9711210728152082, 1.065120250488859055, 115.7570498282078830 ) ) ;
#4384 = CARTESIAN_POINT ( 'NONE',  ( -64.66077672562722967, 15.67618771897492280, 102.9747134254079555 ) ) ;
#4385 = ORIENTED_EDGE ( 'NONE', *, *, #2053, .F. ) ;
#4386 = EDGE_CURVE ( 'NONE', #4048, #3760, #3995, .T. ) ;
#4387 = LINE ( 'NONE', #2235, #3650 ) ;
#4388 = CARTESIAN_POINT ( 'NONE',  ( -38.00000000000000000, -9.000000000000000000, 75.09999999999993747 ) ) ;
#4389 = DIRECTION ( 'NONE',  ( -1.000000000000000000, 0.000000000000000000, 2.449021377849609992E-15 ) ) ;
#4390 = ORIENTED_EDGE ( 'NONE', *, *, #3656, .T. ) ;
#4391 = CARTESIAN_POINT ( 'NONE',  ( 64.69025870010455037, 15.11020971449049100, 104.6810719722529939 ) ) ;
#4392 = EDGE_CURVE ( 'NONE', #1923, #2785, #904, .T. ) ;
#4393 = CARTESIAN_POINT ( 'NONE',  ( -60.43047050512488738, 12.68424070815989602, 101.6608492860779904 ) ) ;
#4394 = ORIENTED_EDGE ( 'NONE', *, *, #2451, .F. ) ;
#4395 = CARTESIAN_POINT ( 'NONE',  ( -138.7244656667193965, -0.1078300769180162433, 88.67236620970705019 ) ) ;
#4396 = CARTESIAN_POINT ( 'NONE',  ( -73.39999999999999147, -14.00000000000001243, -40.50000000000004263 ) ) ;
#4397 = ORIENTED_EDGE ( 'NONE', *, *, #2215, .T. ) ;
#4398 = CARTESIAN_POINT ( 'NONE',  ( 59.42629146935053797, 15.49861050194140510, 103.7023945028051912 ) ) ;
#4399 = PLANE ( 'NONE',  #3074 ) ;
#4400 = VECTOR ( 'NONE', #3019, 1000.000000000000000 ) ;
#4401 = CYLINDRICAL_SURFACE ( 'NONE', #681, 4.000000000000003553 ) ;
#4402 = LINE ( 'NONE', #2223, #147 ) ;
#4403 = VECTOR ( 'NONE', #3811, 1000.000000000000000 ) ;
#4404 = LINE ( 'NONE', #1647, #167 ) ;
#4405 = VERTEX_POINT ( 'NONE', #4341 ) ;
#4406 = FACE_OUTER_BOUND ( 'NONE', #3979, .T. ) ;
#4407 = CARTESIAN_POINT ( 'NONE',  ( -65.03750348612115317, 15.17740683227896170, 104.4803393367257627 ) ) ;
#4408 = PLANE ( 'NONE',  #2626 ) ;
#4409 = EDGE_CURVE ( 'NONE', #3208, #4014, #1610, .T. ) ;
#4410 = EDGE_CURVE ( 'NONE', #3355, #796, #3254, .T. ) ;
#4411 = DIRECTION ( 'NONE',  ( 0.000000000000000000, 0.000000000000000000, -1.000000000000000000 ) ) ;
#4412 = DIRECTION ( 'NONE',  ( -0.000000000000000000, -0.000000000000000000, 1.000000000000000000 ) ) ;
#4413 = CARTESIAN_POINT ( 'NONE',  ( 58.49628405922400987, 8.569659167845735226, 103.5819299212925699 ) ) ;
#4414 = CARTESIAN_POINT ( 'NONE',  ( -57.63248162765280824, 11.04918905337906132, 112.5714052665141907 ) ) ;
#4415 = CARTESIAN_POINT ( 'NONE',  ( 127.9793426724012164, -12.99999999999999822, -29.00000000000004619 ) ) ;
#4416 = VERTEX_POINT ( 'NONE', #2632 ) ;
#4417 = CARTESIAN_POINT ( 'NONE',  ( 143.8119573237519830, -3.078971059638211827, 95.40553346864733442 ) ) ;
#4418 = CARTESIAN_POINT ( 'NONE',  ( 55.31370849898491571, -9.000000000000000000, 68.12261363439064610 ) ) ;
#4419 = EDGE_LOOP ( 'NONE', ( #4062, #2324, #3787, #2710 ) ) ;
#4420 = EDGE_CURVE ( 'NONE', #2103, #2638, #561, .T. ) ;
#4421 = ORIENTED_EDGE ( 'NONE', *, *, #3656, .F. ) ;
#4422 = CARTESIAN_POINT ( 'NONE',  ( -132.0000000000000000, -15.00000000000000000, 76.84999999999989484 ) ) ;
#4423 = ORIENTED_EDGE ( 'NONE', *, *, #689, .F. ) ;
#4424 = CARTESIAN_POINT ( 'NONE',  ( -142.9431601543096235, -0.2605769873134296533, 89.59217923402449912 ) ) ;
#4425 = FACE_OUTER_BOUND ( 'NONE', #4123, .T. ) ;
#4426 = LINE ( 'NONE', #1371, #2910 ) ;
#4427 = LINE ( 'NONE', #1758, #4403 ) ;
#4428 = ORIENTED_EDGE ( 'NONE', *, *, #1114, .T. ) ;
#4429 = CARTESIAN_POINT ( 'NONE',  ( -183.9488507857791717, 8.028667803674890635, 116.1492721554961065 ) ) ;
#4430 = ORIENTED_EDGE ( 'NONE', *, *, #1025, .T. ) ;
#4431 = CIRCLE ( 'NONE', #4275, 4.000000000000003553 ) ;
#4432 = AXIS2_PLACEMENT_3D ( 'NONE', #3621, #3286, #3919 ) ;
#4433 = CARTESIAN_POINT ( 'NONE',  ( -62.09906178779041142, 15.61521102773497915, 103.2169610673616233 ) ) ;
#4434 = CARTESIAN_POINT ( 'NONE',  ( -140.0000000000000000, -27.72792206135785165, -56.99999999999999289 ) ) ;
#4435 = FACE_OUTER_BOUND ( 'NONE', #1726, .T. ) ;
#4436 =( NAMED_UNIT ( * ) PLANE_ANGLE_UNIT ( ) SI_UNIT ( $, .RADIAN. ) );
#4437 = DIRECTION ( 'NONE',  ( -0.000000000000000000, 0.000000000000000000, 1.000000000000000000 ) ) ;
#4438 = CARTESIAN_POINT ( 'NONE',  ( -55.54692670894529272, 10.74196951500543662, 112.9903730305670706 ) ) ;
#4439 = FACE_OUTER_BOUND ( 'NONE', #1569, .T. ) ;
#4440 = ORIENTED_EDGE ( 'NONE', *, *, #1042, .T. ) ;
#4441 = CARTESIAN_POINT ( 'NONE',  ( 144.0104061070228170, -0.6147526836962898811, 90.95292637224957844 ) ) ;
#4442 = CARTESIAN_POINT ( 'NONE',  ( 175.2819290876650484, 15.00000000000000000, 104.1063937511953270 ) ) ;
#4443 = CARTESIAN_POINT ( 'NONE',  ( -60.56848793686452126, 14.49416480227663762, 76.71575603156767897 ) ) ;
#4444 = EDGE_LOOP ( 'NONE', ( #3340, #668, #422, #748 ) ) ;
#4445 = LINE ( 'NONE', #1595, #814 ) ;
#4446 = VERTEX_POINT ( 'NONE', #2259 ) ;
#4447 = CARTESIAN_POINT ( 'NONE',  ( -144.0757742186141286, -0.6580746083968780358, 91.08645928363777955 ) ) ;
#4448 = VERTEX_POINT ( 'NONE', #3338 ) ;
#4449 = CYLINDRICAL_SURFACE ( 'NONE', #1854, 11.49999999999999645 ) ;
#4450 = CARTESIAN_POINT ( 'NONE',  ( 73.39999999999999147, -13.99999999999999822, -24.50000000000004263 ) ) ;
#4451 = AXIS2_PLACEMENT_3D ( 'NONE', #1143, #464, #443 ) ;
#4452 = DIRECTION ( 'NONE',  ( -3.384826294588891940E-16, -0.000000000000000000, 1.000000000000000000 ) ) ;
#4453 = ORIENTED_EDGE ( 'NONE', *, *, #2994, .T. ) ;
#4454 = CARTESIAN_POINT ( 'NONE',  ( -184.9999999991509014, 3.088961849024592698, 120.1801370977216266 ) ) ;
#4455 = ORIENTED_EDGE ( 'NONE', *, *, #3223, .T. ) ;
#4456 = AXIS2_PLACEMENT_3D ( 'NONE', #876, #3311, #2255 ) ;
#4457 = AXIS2_PLACEMENT_3D ( 'NONE', #2005, #946, #998 ) ;
#4458 = CARTESIAN_POINT ( 'NONE',  ( -65.05427188786839565, 15.17627407234907011, 104.4837601721863933 ) ) ;
#4459 = CARTESIAN_POINT ( 'NONE',  ( -55.31981034691428079, 15.56621880575879224, 105.6348940490964310 ) ) ;
#4460 = DIRECTION ( 'NONE',  ( -1.000000000000000000, 0.000000000000000000, -2.434699615406044725E-16 ) ) ;
#4461 = SHAPE_DEFINITION_REPRESENTATION ( #1153, #1756 ) ;
#4462 = CARTESIAN_POINT ( 'NONE',  ( 59.10048423017183694, 9.300625384341694613, 102.8706323933738247 ) ) ;
#4463 = LINE ( 'NONE', #565, #4400 ) ;
#4464 = LINE ( 'NONE', #1340, #3062 ) ;
#4465 = VERTEX_POINT ( 'NONE', #2006 ) ;
#4466 = CARTESIAN_POINT ( 'NONE',  ( 140.3208783619335520, -0.08682842985501840194, 88.49999999999980105 ) ) ;
#4467 = CARTESIAN_POINT ( 'NONE',  ( 65.67247453207197339, 14.86355176188820515, 105.3801095902004477 ) ) ;
#4468 = AXIS2_PLACEMENT_3D ( 'NONE', #2046, #4087, #2306 ) ;
#4469 = ORIENTED_EDGE ( 'NONE', *, *, #3872, .T. ) ;
#4470 = EDGE_CURVE ( 'NONE', #3146, #984, #217, .T. ) ;
#4471 = DIRECTION ( 'NONE',  ( 0.000000000000000000, 0.000000000000000000, 1.000000000000000000 ) ) ;
#4472 = ORIENTED_EDGE ( 'NONE', *, *, #4025, .T. ) ;
#4473 = CIRCLE ( 'NONE', #3224, 4.000000000000003553 ) ;
#4474 = DIRECTION ( 'NONE',  ( 1.206723022799020067E-31, -1.000000000000000000, -4.956352788505164254E-16 ) ) ;
#4475 = ORIENTED_EDGE ( 'NONE', *, *, #1273, .T. ) ;
#4476 = AXIS2_PLACEMENT_3D ( 'NONE', #1527, #605, #4479 ) ;
#4477 = DIRECTION ( 'NONE',  ( 0.000000000000000000, -0.000000000000000000, 1.000000000000000000 ) ) ;
#4478 = ADVANCED_FACE ( 'NONE', ( #2236 ), #1264, .T. ) ;
#4479 = DIRECTION ( 'NONE',  ( 0.000000000000000000, 0.000000000000000000, -1.000000000000000000 ) ) ;
#4480 = ORIENTED_EDGE ( 'NONE', *, *, #1884, .T. ) ;
#4481 = LINE ( 'NONE', #4136, #2490 ) ;
#4482 = ORIENTED_EDGE ( 'NONE', *, *, #31, .F. ) ;
#4483 = EDGE_CURVE ( 'NONE', #3705, #1258, #205, .T. ) ;
#4484 = EDGE_CURVE ( 'NONE', #3081, #4448, #288, .T. ) ;
#4485 = CARTESIAN_POINT ( 'NONE',  ( -65.00322059147430309, 15.17841896373739807, 104.4772828591977429 ) ) ;
#4486 = AXIS2_PLACEMENT_3D ( 'NONE', #860, #3022, #173 ) ;
#4487 = DIRECTION ( 'NONE',  ( -1.000000000000000000, -0.000000000000000000, -2.434699615406044725E-16 ) ) ;
#4488 = CARTESIAN_POINT ( 'NONE',  ( 56.70113424181696615, 7.158105006890587596, 104.7081927718278536 ) ) ;
#4489 = DIRECTION ( 'NONE',  ( -1.000000000000000000, 0.000000000000000000, 0.000000000000000000 ) ) ;
#4490 = ORIENTED_EDGE ( 'NONE', *, *, #2394, .F. ) ;
#4491 = CARTESIAN_POINT ( 'NONE',  ( 64.34549410641369604, 15.00000000000001066, 74.82725294678992611 ) ) ;
#4492 = CARTESIAN_POINT ( 'NONE',  ( 70.37849356602896478, 10.55048471197114779, 101.9449466533776274 ) ) ;
#4493 = EDGE_LOOP ( 'NONE', ( #56, #1915, #4263, #894 ) ) ;
#4494 = CARTESIAN_POINT ( 'NONE',  ( 64.57662370503945226, 15.20276161687070271, 101.4540038583837571 ) ) ;
#4495 = CARTESIAN_POINT ( 'NONE',  ( -140.6408705238606842, -5.276514377444965653, 97.45698824476731659 ) ) ;
#4496 = DIRECTION ( 'NONE',  ( 0.000000000000000000, 0.000000000000000000, 1.000000000000000000 ) ) ;
#4497 = CARTESIAN_POINT ( 'NONE',  ( 2.200000000000017941, -18.74798927613945310, -48.20911528150136149 ) ) ;
#4498 = VERTEX_POINT ( 'NONE', #3726 ) ;
#4499 = DIRECTION ( 'NONE',  ( 0.000000000000000000, 0.000000000000000000, 1.000000000000000000 ) ) ;
#4500 = VERTEX_POINT ( 'NONE', #614 ) ;
#4501 = EDGE_LOOP ( 'NONE', ( #3515, #4453, #3482, #2431 ) ) ;
#4502 = CARTESIAN_POINT ( 'NONE',  ( 184.5069828337880722, 6.453176885071438385, 117.6451738076399920 ) ) ;
#4503 = ORIENTED_EDGE ( 'NONE', *, *, #1800, .T. ) ;
#4504 = CARTESIAN_POINT ( 'NONE',  ( -59.99999999999992184, 10.00000000000000888, 84.49999999999995737 ) ) ;
#4505 = LINE ( 'NONE', #1418, #1162 ) ;
#4506 = CIRCLE ( 'NONE', #3120, 40.00000000000000000 ) ;
#4507 = EDGE_CURVE ( 'NONE', #2861, #2977, #4431, .T. ) ;
#4508 = ORIENTED_EDGE ( 'NONE', *, *, #689, .T. ) ;
#4509 = CARTESIAN_POINT ( 'NONE',  ( 60.07567824489215269, 11.98903864792660734, 79.42432175511078185 ) ) ;
#4510 = VERTEX_POINT ( 'NONE', #1195 ) ;
#4511 = CARTESIAN_POINT ( 'NONE',  ( 64.91520887460613665, 15.17318910007402799, 104.4930672011475252 ) ) ;
#4512 = EDGE_CURVE ( 'NONE', #3588, #1728, #3973, .T. ) ;
#4513 = CARTESIAN_POINT ( 'NONE',  ( -59.99999999999992184, -9.999999999999998224, 104.7482393492988564 ) ) ;
#4514 = ORIENTED_EDGE ( 'NONE', *, *, #3460, .T. ) ;
#4515 = CIRCLE ( 'NONE', #3131, 5.000000000000004441 ) ;
#4516 = DIRECTION ( 'NONE',  ( 0.000000000000000000, -1.000000000000000000, 0.000000000000000000 ) ) ;
#4517 = ORIENTED_EDGE ( 'NONE', *, *, #1774, .F. ) ;
#4518 = CARTESIAN_POINT ( 'NONE',  ( 132.0000000000001705, 0.000000000000000000, 81.84999999999963904 ) ) ;
#4519 = VERTEX_POINT ( 'NONE', #3290 ) ;
#4520 = CARTESIAN_POINT ( 'NONE',  ( 184.9318138203246349, 4.251964980204533617, 119.3949638154643509 ) ) ;
#4521 = CARTESIAN_POINT ( 'NONE',  ( -38.00000000000000000, 0.000000000000000000, 75.09999999999993747 ) ) ;
ENDSEC;
END-ISO-10303-21;
