ISO-10303-21;
HEADER;
FILE_DESCRIPTION (( 'STEP AP214' ),
    '1' );
FILE_NAME ('Walker_Body_Handle_Tubing_Connector.STEP',
    '2026-08-11T21:01:51',
    ( '' ),
    ( '' ),
    'SwSTEP 2.0',
    'SolidWorks 2023',
    '' );
FILE_SCHEMA (( 'AUTOMOTIVE_DESIGN' ));
ENDSEC;

DATA;
#1 = ADVANCED_FACE ( 'NONE', ( #3740 ), #4636, .F. ) ;
#2 = CARTESIAN_POINT ( 'NONE',  ( 18.53014604086571637, 41.36725201680272335, -47.53806630125878741 ) ) ;
#3 = CYLINDRICAL_SURFACE ( 'NONE', #3580, 10.00000000000000000 ) ;
#4 = FACE_BOUND ( 'NONE', #4690, .T. ) ;
#5 = CARTESIAN_POINT ( 'NONE',  ( -16.96401505079016303, 18.02850518500407162, 3.759136861835775889 ) ) ;
#6 = CARTESIAN_POINT ( 'NONE',  ( 11.58981793775433111, 39.38233809203026681, -44.84017905934850745 ) ) ;
#7 = CARTESIAN_POINT ( 'NONE',  ( 15.73348915339366272, 104.8937902822242307, -11.72908060549230491 ) ) ;
#8 = CARTESIAN_POINT ( 'NONE',  ( -764.5416666666670835, 68.50000000000000000, -65.04694009427630874 ) ) ;
#9 = B_SPLINE_CURVE_WITH_KNOTS ( 'NONE', 3,
 ( #1854, #2620, #609, #174 ),
 .UNSPECIFIED., .F., .F.,
 ( 4, 4 ),
 ( 0.000000000000000000, 0.0003125286332001522100 ),
 .UNSPECIFIED. ) ;
#10 = CARTESIAN_POINT ( 'NONE',  ( 14.40897780084097057, 104.2507149377184135, -17.03037238838383516 ) ) ;
#11 = AXIS2_PLACEMENT_3D ( 'NONE', #1182, #265, #4832 ) ;
#12 = CARTESIAN_POINT ( 'NONE',  ( -16.56127158453053383, 41.91142145967523192, -64.59474242873419314 ) ) ;
#13 = VERTEX_POINT ( 'NONE', #3438 ) ;
#14 = CARTESIAN_POINT ( 'NONE',  ( -18.46799043098418380, 39.63058734829761676, -45.42264021089390269 ) ) ;
#15 = EDGE_LOOP ( 'NONE', ( #3752, #5073, #2544, #4844 ) ) ;
#16 = CARTESIAN_POINT ( 'NONE',  ( 18.94395672280120024, 58.92588025831032894, -61.41561313272826084 ) ) ;
#17 = CARTESIAN_POINT ( 'NONE',  ( -18.33040441196616044, 36.10511779872877014, -60.34406137913686052 ) ) ;
#18 = ORIENTED_EDGE ( 'NONE', *, *, #4669, .F. ) ;
#19 = CARTESIAN_POINT ( 'NONE',  ( -16.95872992813992042, 61.81913949715121959, -59.07679321938471162 ) ) ;
#20 = CARTESIAN_POINT ( 'NONE',  ( -6.491588701565726538, 1.507497161755106951, 12.02921623651756633 ) ) ;
#21 = EDGE_CURVE ( 'NONE', #3538, #147, #942, .T. ) ;
#22 = VERTEX_POINT ( 'NONE', #1701 ) ;
#23 = CARTESIAN_POINT ( 'NONE',  ( -15.98187883324739644, 102.9686387457864356, -15.25518283447182988 ) ) ;
#24 = CARTESIAN_POINT ( 'NONE',  ( 15.46577536623986227, 109.8726271249025359, -9.026013051874691939 ) ) ;
#25 = CARTESIAN_POINT ( 'NONE',  ( -18.55895759020191349, 67.50127462955981628, 4.067051323464704105 ) ) ;
#26 = CARTESIAN_POINT ( 'NONE',  ( 0.000000000000000000, 137.0000000000000000, 0.000000000000000000 ) ) ;
#27 = CARTESIAN_POINT ( 'NONE',  ( 15.41043185822868722, 123.8184682073280385, 7.283943889098068780 ) ) ;
#28 = DIRECTION ( 'NONE',  ( -0.007578909798161981813, 0.7374507059459022296, 0.6753584355186229571 ) ) ;
#29 = CARTESIAN_POINT ( 'NONE',  ( 18.98579196800388402, 68.77328681390389420, -0.8321237589829386661 ) ) ;
#30 = CARTESIAN_POINT ( 'NONE',  ( 17.57870230620745744, 22.06513939687942027, -42.12010760545980759 ) ) ;
#31 = CARTESIAN_POINT ( 'NONE',  ( 18.82191685691616456, 68.62595590096677256, -2.597053384975618773 ) ) ;
#32 = CARTESIAN_POINT ( 'NONE',  ( -18.95862431618449762, 60.44783056776837782, 0.1795894715481938797 ) ) ;
#33 = CARTESIAN_POINT ( 'NONE',  ( -12.68989315804689255, 49.61018240490526665, -46.63469664340221499 ) ) ;
#34 = CARTESIAN_POINT ( 'NONE',  ( -17.71370134243901262, 23.71057052461795323, 0.1792414318852140198 ) ) ;
#35 = AXIS2_PLACEMENT_3D ( 'NONE', #5130, #568, #2222 ) ;
#36 = CARTESIAN_POINT ( 'NONE',  ( 16.95827418740460502, 60.66913062096323017, -57.41555342542511653 ) ) ;
#37 = CARTESIAN_POINT ( 'NONE',  ( 18.95805464026534182, 60.69876405404755104, 4.999999999999999112 ) ) ;
#38 = CARTESIAN_POINT ( 'NONE',  ( 10.95668273619133437, 77.97712292947267088, -43.42448307788863104 ) ) ;
#39 = CARTESIAN_POINT ( 'NONE',  ( 10.99963896355876258, 128.4995035745325538, -0.2879138691574153475 ) ) ;
#40 = FACE_OUTER_BOUND ( 'NONE', #1745, .T. ) ;
#41 = ORIENTED_EDGE ( 'NONE', *, *, #1440, .T. ) ;
#42 = EDGE_CURVE ( 'NONE', #4997, #4079, #4658, .T. ) ;
#43 = CARTESIAN_POINT ( 'NONE',  ( -18.95862431618455801, 60.44783056776785202, -57.60184944659256701 ) ) ;
#44 = ORIENTED_EDGE ( 'NONE', *, *, #4853, .T. ) ;
#45 = DIRECTION ( 'NONE',  ( 0.000000000000000000, -0.9848077530122073542, 0.1736481776669341059 ) ) ;
#46 = CARTESIAN_POINT ( 'NONE',  ( -16.94584185934390064, 60.44416702827712840, -60.33599501819362843 ) ) ;
#47 = ORIENTED_EDGE ( 'NONE', *, *, #1506, .F. ) ;
#48 = DIRECTION ( 'NONE',  ( 0.000000000000000000, 0.000000000000000000, -1.000000000000000000 ) ) ;
#49 = CARTESIAN_POINT ( 'NONE',  ( -14.01523632130809460, 5.147123388637551145, 8.707133484626975672 ) ) ;
#50 = CARTESIAN_POINT ( 'NONE',  ( -14.85204586186583597, 105.8536906223342413, -12.90105049544154880 ) ) ;
#51 = ORIENTED_EDGE ( 'NONE', *, *, #1849, .F. ) ;
#52 = CARTESIAN_POINT ( 'NONE',  ( -15.08909137703322045, 5.781935680509929121, 6.691514593624941831 ) ) ;
#53 = ORIENTED_EDGE ( 'NONE', *, *, #4966, .T. ) ;
#54 = CARTESIAN_POINT ( 'NONE',  ( 7.841710271999778215, 122.6331340287696605, -7.714892182119014841 ) ) ;
#55 =( BOUNDED_CURVE ( )  B_SPLINE_CURVE ( 3, ( #3608, #746, #279, #4901 ),
 .UNSPECIFIED., .F., .F. ) 
 B_SPLINE_CURVE_WITH_KNOTS ( ( 4, 4 ),
 ( 1.745329251994333974, 2.429521923842735465 ),
 .UNSPECIFIED. ) 
 CURVE ( )  GEOMETRIC_REPRESENTATION_ITEM ( )  RATIONAL_B_SPLINE_CURVE ( ( 1.000000000000000000, 0.9613689956955706606, 0.9613689956955706606, 1.000000000000000000 ) ) 
 REPRESENTATION_ITEM ( '' )  );
#56 = CARTESIAN_POINT ( 'NONE',  ( 18.79127097266891866, 50.41478705877794653, -40.10100811040396707 ) ) ;
#57 = CARTESIAN_POINT ( 'NONE',  ( 15.80078453443674924, 125.7917901866958630, -6.005394513334486817 ) ) ;
#58 = CARTESIAN_POINT ( 'NONE',  ( 18.58578925295413242, 42.96046718872702996, -64.85282516793273544 ) ) ;
#59 = CARTESIAN_POINT ( 'NONE',  ( 16.95827418740460502, 62.03924378791166561, -58.87253314723133713 ) ) ;
#60 = CARTESIAN_POINT ( 'NONE',  ( 18.56406609866773394, 42.36406999211286006, -48.15769334965445125 ) ) ;
#61 = CARTESIAN_POINT ( 'NONE',  ( -1.135044267012461416, 106.3717181926890589, -18.05735694437089478 ) ) ;
#62 = CARTESIAN_POINT ( 'NONE',  ( 12.69277868210544291, 47.81828103690574494, -48.26740408410488214 ) ) ;
#63 = CARTESIAN_POINT ( 'NONE',  ( -17.58047603387445079, 22.69776026014712045, 1.680176997908545022 ) ) ;
#64 = CARTESIAN_POINT ( 'NONE',  ( 18.40532564297512508, 76.40610508407287682, -4.936160116255105201 ) ) ;
#65 = CARTESIAN_POINT ( 'NONE',  ( 15.63097423283105947, 105.6678941844566566, -10.84320098341173022 ) ) ;
#66 = CARTESIAN_POINT ( 'NONE',  ( 16.13547190501653716, 101.7376248654482964, -17.81986523017564750 ) ) ;
#67 = VERTEX_POINT ( 'NONE', #2614 ) ;
#68 = CARTESIAN_POINT ( 'NONE',  ( 15.30825329149135072, 120.4999999999999858, -8.000000000000003553 ) ) ;
#69 = ORIENTED_EDGE ( 'NONE', *, *, #1370, .F. ) ;
#70 = CARTESIAN_POINT ( 'NONE',  ( 12.69990360011238195, 41.25246723610591459, -64.44257604444433696 ) ) ;
#71 = CARTESIAN_POINT ( 'NONE',  ( 16.87612385840255058, 55.35481433795511208, -63.24728044572785990 ) ) ;
#72 = CYLINDRICAL_SURFACE ( 'NONE', #976, 382.1080052622554035 ) ;
#73 = CARTESIAN_POINT ( 'NONE',  ( -18.79614547024846516, 67.65477666211303642, -2.772657598730611905 ) ) ;
#74 = CARTESIAN_POINT ( 'NONE',  ( -15.70533253171922006, 4.666566202206205993, 3.708152441650161446 ) ) ;
#75 = ORIENTED_EDGE ( 'NONE', *, *, #4743, .F. ) ;
#76 = CARTESIAN_POINT ( 'NONE',  ( 17.71459498235745400, 23.72143941554386970, 0.1666359835388191157 ) ) ;
#77 = EDGE_CURVE ( 'NONE', #1882, #1068, #4140, .T. ) ;
#78 = CARTESIAN_POINT ( 'NONE',  ( 18.80164174077712858, 50.87030799622172594, -41.39987288594608117 ) ) ;
#79 = EDGE_CURVE ( 'NONE', #1323, #4651, #1208, .T. ) ;
#80 = ORIENTED_EDGE ( 'NONE', *, *, #591, .T. ) ;
#81 = DIRECTION ( 'NONE',  ( -0.9999981023626163257, -0.001918548862502905423, 0.0003382919282668052233 ) ) ;
#82 = CARTESIAN_POINT ( 'NONE',  ( -3.391934657756992433, 29.91889942232002042, -57.91223216969913778 ) ) ;
#83 =( BOUNDED_SURFACE ( )  B_SPLINE_SURFACE ( 3, 2, ( 
 ( #4513, #702, #4023 ),
 ( #4858, #1126, #2792 ),
 ( #733, #2387, #1269 ),
 ( #1212, #837, #2528 ) ),
 .UNSPECIFIED., .F., .F., .F. ) 
 B_SPLINE_SURFACE_WITH_KNOTS ( ( 4, 4 ),
 ( 3, 3 ),
 ( 1.444504737600346145, 1.488930490225381487 ),
 ( 0.000000000000000000, 1.000000000000000000 ),
 .UNSPECIFIED. ) 
 GEOMETRIC_REPRESENTATION_ITEM ( )  RATIONAL_B_SPLINE_SURFACE ( (
 ( 1.000000000000000000, 0.7475812729463813255, 1.000000000000000000),
 ( 1.000000000000000000, 0.7429884013353380556, 1.000000000000000000),
 ( 1.000000000000000000, 0.7383402446635047855, 1.000000000000000000),
 ( 1.000000000000000000, 0.7336383096356796640, 1.000000000000000000) ) ) 
 REPRESENTATION_ITEM ( '' )  SURFACE ( )  );
#84 = CARTESIAN_POINT ( 'NONE',  ( 17.30258697003167612, 20.48975901053781001, 2.806087483591534593 ) ) ;
#85 = EDGE_LOOP ( 'NONE', ( #2613, #4122, #5255, #4192, #5288 ) ) ;
#86 = CARTESIAN_POINT ( 'NONE',  ( 15.79609633693256399, 23.25626260539398160, -45.25755477064827659 ) ) ;
#87 = CARTESIAN_POINT ( 'NONE',  ( -17.53391454363340785, 22.31416414416213456, 1.913581375633311987 ) ) ;
#88 = CARTESIAN_POINT ( 'NONE',  ( -9.238549269841115574, 103.8628437824917370, -18.32835838309850729 ) ) ;
#89 = EDGE_CURVE ( 'NONE', #2549, #2083, #1464, .T. ) ;
#90 = CARTESIAN_POINT ( 'NONE',  ( 15.97424308489304678, 26.72387409203418329, -53.75501306542224711 ) ) ;
#91 = CARTESIAN_POINT ( 'NONE',  ( -19.00000000000001776, 120.5000000000000142, 0.000000000000000000 ) ) ;
#92 = DIRECTION ( 'NONE',  ( 0.000000000000000000, -0.9848077530122073542, 0.1736481776669341059 ) ) ;
#93 = ORIENTED_EDGE ( 'NONE', *, *, #3395, .T. ) ;
#94 = CARTESIAN_POINT ( 'NONE',  ( -18.87188443443174890, 62.33669072684873669, 1.991363604542696564 ) ) ;
#95 = EDGE_LOOP ( 'NONE', ( #1263, #1967, #1005, #4066 ) ) ;
#96 = CARTESIAN_POINT ( 'NONE',  ( 17.73764866847249522, 24.04084794371666334, -41.98816653506785457 ) ) ;
#97 = VECTOR ( 'NONE', #1124, 1000.000000000000000 ) ;
#98 = CARTESIAN_POINT ( 'NONE',  ( 1.592040838891559293E-15, 104.0000000000001421, 13.00000000000000178 ) ) ;
#99 = EDGE_LOOP ( 'NONE', ( #1480, #1401, #1446, #2689 ) ) ;
#100 = CARTESIAN_POINT ( 'NONE',  ( 14.48803618605123411, 104.3982588462818910, -16.43879549756818648 ) ) ;
#101 = CARTESIAN_POINT ( 'NONE',  ( -10.22276624148232571, 113.6041868040601344, 4.087833598971065463 ) ) ;
#102 = CARTESIAN_POINT ( 'NONE',  ( 18.78062845581132834, 67.98318602500975771, 1.947098566254774399 ) ) ;
#103 = EDGE_CURVE ( 'NONE', #1167, #5261, #4638, .T. ) ;
#104 = CARTESIAN_POINT ( 'NONE',  ( 12.26770028005664237, 38.01780276656677415, -63.42580611661490053 ) ) ;
#105 = CARTESIAN_POINT ( 'NONE',  ( 16.31167399409396168, 9.767916954412369179, 2.516853074662682932 ) ) ;
#106 = CARTESIAN_POINT ( 'NONE',  ( 18.80424230786640649, 50.98611799739543926, -43.54755586947581492 ) ) ;
#107 = CARTESIAN_POINT ( 'NONE',  ( 18.90252149412056326, 68.70880573633317567, 1.921880308011583161 ) ) ;
#108 = VECTOR ( 'NONE', #1189, 999.9999999999998863 ) ;
#109 = CARTESIAN_POINT ( 'NONE',  ( 18.03253099190345665, 29.57407384423997954, -54.49475336927245195 ) ) ;
#110 = CARTESIAN_POINT ( 'NONE',  ( -18.74939593284701544, 48.68179914530484353, -47.53801724479295387 ) ) ;
#111 = CYLINDRICAL_SURFACE ( 'NONE', #4008, 8.000000000000003553 ) ;
#112 = ORIENTED_EDGE ( 'NONE', *, *, #486, .F. ) ;
#113 = CARTESIAN_POINT ( 'NONE',  ( -15.67139835134017112, 105.3635229619685703, -11.17586757655348784 ) ) ;
#114 = EDGE_CURVE ( 'NONE', #4397, #2758, #3990, .T. ) ;
#115 = CARTESIAN_POINT ( 'NONE',  ( -17.36075371710066406, 19.67887497085243353, 1.295810855916819548 ) ) ;
#116 = CARTESIAN_POINT ( 'NONE',  ( -13.51371974358284511, 104.1182317477971111, -18.08076055651124037 ) ) ;
#117 = CARTESIAN_POINT ( 'NONE',  ( 16.15454255211912127, 30.77186800416589918, -58.79441079641477330 ) ) ;
#118 = CARTESIAN_POINT ( 'NONE',  ( 12.66150770507543299, 68.47661643976901757, -23.54583226839270793 ) ) ;
#119 =( BOUNDED_SURFACE ( )  B_SPLINE_SURFACE ( 3, 2, ( 
 ( #5036, #3386, #1747 ),
 ( #2974, #897, #4580 ),
 ( #5058, #2922, #1306 ),
 ( #2100, #30, #4633 ) ),
 .UNSPECIFIED., .F., .F., .F. ) 
 B_SPLINE_SURFACE_WITH_KNOTS ( ( 4, 4 ),
 ( 3, 3 ),
 ( 4.769160745248116839, 4.794254816954205189 ),
 ( 0.000000000000000000, 1.000000000000000000 ),
 .UNSPECIFIED. ) 
 GEOMETRIC_REPRESENTATION_ITEM ( )  RATIONAL_B_SPLINE_SURFACE ( (
 ( 1.000000000000000000, 0.7256193980656476805, 1.000000000000000000),
 ( 1.000000000000000000, 0.7283093387334721447, 1.000000000000000000),
 ( 1.000000000000000000, 0.7309824027716914641, 1.000000000000000000),
 ( 1.000000000000000000, 0.7336383096356785538, 1.000000000000000000) ) ) 
 REPRESENTATION_ITEM ( '' )  SURFACE ( )  );
#120 = AXIS2_PLACEMENT_3D ( 'NONE', #36, #4555, #824 ) ;
#121 = CARTESIAN_POINT ( 'NONE',  ( 18.86900799121709582, 68.35777768651381336, 1.493064149991214506 ) ) ;
#122 = EDGE_LOOP ( 'NONE', ( #4213, #2839, #308, #4349 ) ) ;
#123 = AXIS2_PLACEMENT_3D ( 'NONE', #3204, #1716, #298 ) ;
#124 = CARTESIAN_POINT ( 'NONE',  ( -18.78364039565315835, 67.89403078443584150, 1.933345580239586026 ) ) ;
#125 = AXIS2_PLACEMENT_3D ( 'NONE', #2856, #5275, #1104 ) ;
#126 = DIRECTION ( 'NONE',  ( 0.000000000000000000, 0.1736481776669344113, 0.9848077530122074652 ) ) ;
#127 = ORIENTED_EDGE ( 'NONE', *, *, #811, .T. ) ;
#128 = CARTESIAN_POINT ( 'NONE',  ( 18.78976746069436032, 68.57337680066439134, -2.819654068022515059 ) ) ;
#129 = CARTESIAN_POINT ( 'NONE',  ( 17.71854688729923311, 23.76953122066554513, 0.09814503532953175458 ) ) ;
#130 = CARTESIAN_POINT ( 'NONE',  ( 18.78628845760503907, 68.43243409283842027, -2.765506308980906880 ) ) ;
#131 = DIRECTION ( 'NONE',  ( 0.000000000000000000, 1.000000000000000000, 0.000000000000000000 ) ) ;
#132 = CARTESIAN_POINT ( 'NONE',  ( 12.66150770507543122, 62.28974017202617119, -58.63335116586625162 ) ) ;
#133 = CARTESIAN_POINT ( 'NONE',  ( 17.61932738794786246, 22.58192546729560490, 0.6949832895062867388 ) ) ;
#134 = DIRECTION ( 'NONE',  ( -0.000000000000000000, -0.000000000000000000, 1.000000000000000000 ) ) ;
#135 = CARTESIAN_POINT ( 'NONE',  ( 8.557669577984931664, 124.5340662013547615, -6.913117275509861770 ) ) ;
#136 = CARTESIAN_POINT ( 'NONE',  ( 18.49092191140234220, 40.25126218936147637, -64.18790709861193022 ) ) ;
#137 = CARTESIAN_POINT ( 'NONE',  ( 12.66386288627347412, 60.83376738422705898, -59.92861768124404165 ) ) ;
#138 = CARTESIAN_POINT ( 'NONE',  ( 18.46834758284278166, 39.64051905965166611, -40.10989892454112749 ) ) ;
#139 = CARTESIAN_POINT ( 'NONE',  ( -18.90063698923934155, 67.94299600310527865, -0.07018830857650942834 ) ) ;
#140 = CARTESIAN_POINT ( 'NONE',  ( -16.02163309530981294, 102.6529374191047879, -16.33120011375783420 ) ) ;
#141 = CARTESIAN_POINT ( 'NONE',  ( -15.79891028331454805, 125.7948845235940496, 6.019371213098073881 ) ) ;
#142 = CARTESIAN_POINT ( 'NONE',  ( -11.90420126170965531, 104.3885587589934829, -17.50743423187893555 ) ) ;
#143 = CARTESIAN_POINT ( 'NONE',  ( 17.95510404096263457, 28.01749401751800761, -55.61874418694016242 ) ) ;
#144 = CYLINDRICAL_SURFACE ( 'NONE', #1204, 8.000000000000003553 ) ;
#145 = EDGE_CURVE ( 'NONE', #1755, #2556, #3769, .T. ) ;
#146 = FACE_OUTER_BOUND ( 'NONE', #1112, .T. ) ;
#147 = VERTEX_POINT ( 'NONE', #4683 ) ;
#148 = B_SPLINE_CURVE_WITH_KNOTS ( 'NONE', 3,
 ( #3268, #1529, #2394, #1962, #2834, #2345, #2858, #1499, #4490, #766, #2367, #302 ),
 .UNSPECIFIED., .F., .F.,
 ( 4, 2, 2, 2, 2, 4 ),
 ( 3.469446951953614189E-18, 0.001761958197282635424, 0.003523916394565267379, 0.004404895493206582163, 0.005285874591847895647, 0.007047832789130552972 ),
 .UNSPECIFIED. ) ;
#149 = CARTESIAN_POINT ( 'NONE',  ( -11.97887596164263080, 104.3934773927857123, -17.48384962025258815 ) ) ;
#150 = EDGE_CURVE ( 'NONE', #720, #2520, #2342, .T. ) ;
#151 = EDGE_LOOP ( 'NONE', ( #3907, #3445, #634, #1575 ) ) ;
#152 = DIRECTION ( 'NONE',  ( 0.000000000000000000, 0.000000000000000000, -1.000000000000000000 ) ) ;
#153 = CARTESIAN_POINT ( 'NONE',  ( -15.59356638624716673, 106.5910561332228923, -9.176038320394319214 ) ) ;
#154 = ORIENTED_EDGE ( 'NONE', *, *, #4923, .F. ) ;
#155 = CARTESIAN_POINT ( 'NONE',  ( 12.69648923461003598, 42.96123907053394220, -64.84458612075944473 ) ) ;
#156 = CARTESIAN_POINT ( 'NONE',  ( 17.72443398053935582, 23.92496417241252971, 0.4896564438072949499 ) ) ;
#157 = CARTESIAN_POINT ( 'NONE',  ( 18.78457958426665186, 68.43667265850855586, -2.787953983047231965 ) ) ;
#158 = CARTESIAN_POINT ( 'NONE',  ( -17.62873746813513165, 112.7686802893613560, 2.124884674282506491 ) ) ;
#159 = EDGE_CURVE ( 'NONE', #3646, #4262, #1750, .T. ) ;
#160 = CARTESIAN_POINT ( 'NONE',  ( 10.20116413717380155, 3.799156111489532250, 12.74955000048400500 ) ) ;
#161 = CARTESIAN_POINT ( 'NONE',  ( 18.77039423695770282, 68.46217974277824680, -2.949295620757078851 ) ) ;
#162 = CARTESIAN_POINT ( 'NONE',  ( -18.95948922554074301, 60.53198884809877711, -57.54019162557418809 ) ) ;
#163 = CARTESIAN_POINT ( 'NONE',  ( 8.663192881272493651, 124.7524615417678433, -6.780874478344165013 ) ) ;
#164 = CARTESIAN_POINT ( 'NONE',  ( 18.89440879046330224, 68.70271407907658556, -2.009800851059138527 ) ) ;
#165 = CARTESIAN_POINT ( 'NONE',  ( 18.89986736434978809, 55.96831382744814931, -60.72754600032119043 ) ) ;
#166 = CARTESIAN_POINT ( 'NONE',  ( 18.44686102797777494, 39.06337683373713787, -41.97855738433507611 ) ) ;
#167 = CARTESIAN_POINT ( 'NONE',  ( 17.16424119424303996, 92.61163995773185320, -7.309653189936516249 ) ) ;
#168 = CARTESIAN_POINT ( 'NONE',  ( -16.04433802349602445, 102.4721887885334297, -16.74023608305691369 ) ) ;
#169 = CARTESIAN_POINT ( 'NONE',  ( -16.69397050322440634, 128.4866303310961086, 0.5321074495576838537 ) ) ;
#170 = CARTESIAN_POINT ( 'NONE',  ( -12.83578991220738885, 104.0223783314409047, -18.17369014124128768 ) ) ;
#171 = CARTESIAN_POINT ( 'NONE',  ( -15.94183032478272821, 6.790271528693611280, 3.180052521162191503 ) ) ;
#172 = CARTESIAN_POINT ( 'NONE',  ( 18.25530508620396830, 34.34493901886303746, -59.20829920769719479 ) ) ;
#173 = EDGE_CURVE ( 'NONE', #883, #3581, #2814, .T. ) ;
#174 = CARTESIAN_POINT ( 'NONE',  ( -18.95862431618455801, 60.44783056776785202, -57.60184944659256701 ) ) ;
#175 = VERTEX_POINT ( 'NONE', #33 ) ;
#176 = CARTESIAN_POINT ( 'NONE',  ( -14.28431103781643330, 104.4473887527519338, -16.44936816109035149 ) ) ;
#177 = ORIENTED_EDGE ( 'NONE', *, *, #3097, .F. ) ;
#178 = CARTESIAN_POINT ( 'NONE',  ( 12.08206384119256782, 103.2203952781724610, -18.95121018104245536 ) ) ;
#179 = CARTESIAN_POINT ( 'NONE',  ( -16.05021210739370119, 103.0484986411806148, -8.700851989035610856 ) ) ;
#180 = ORIENTED_EDGE ( 'NONE', *, *, #2330, .T. ) ;
#181 = CARTESIAN_POINT ( 'NONE',  ( 15.39265598553378211, 108.4851582273414436, -9.423473590620714546 ) ) ;
#182 = CARTESIAN_POINT ( 'NONE',  ( 17.72402585672317699, 23.83608057394792823, 0.2947318660664718371 ) ) ;
#183 = CARTESIAN_POINT ( 'NONE',  ( -18.79675897883329228, 67.49830510012345997, -2.709979736734779099 ) ) ;
#184 = DIRECTION ( 'NONE',  ( 0.000000000000000000, -0.9348930393583384513, -0.3549295774647811541 ) ) ;
#185 = CARTESIAN_POINT ( 'NONE',  ( 15.95681968207301615, 6.908328331012125290, 2.774674732846910352 ) ) ;
#186 = CARTESIAN_POINT ( 'NONE',  ( 18.64824894399861677, 45.02449172995815729, -36.76540200048550133 ) ) ;
#187 = CARTESIAN_POINT ( 'NONE',  ( 18.82238737067898526, 68.38258405327577805, -2.261516367843757536 ) ) ;
#188 = CARTESIAN_POINT ( 'NONE',  ( 18.08414722059566415, 30.62576247021310039, -55.82194010610304247 ) ) ;
#189 = B_SPLINE_CURVE_WITH_KNOTS ( 'NONE', 3,
 ( #2898, #1679, #3668, #1259, #2930, #1171, #2843, #4500, #2435, #775, #2951, #3718, #2026, #446, #6, #2130, #1621, #849, #2485, #4958, #4614, #4585, #5347, #5371, #3743, #3275, #2432, #2514, #3691, #1646, #5013, #2104, #366, #1193, #1256, #4934, #1283, #796, #2866, #4988, #1730, #3391 ),
 .UNSPECIFIED., .F., .F.,
 ( 4, 2, 2, 2, 2, 2, 2, 2, 2, 2, 2, 2, 2, 2, 2, 2, 2, 2, 2, 2, 4 ),
 ( 0.0009943627766239686305, 0.001558755259091090806, 0.002123147741558212981, 0.003251932706492475979, 0.004380717671426738978, 0.005509502636361002410, 0.006638287601295265843, 0.007767072566229528408, 0.008895857531163791840, 0.009460250013630914015, 0.01002464249609803446, 0.01115342746103229442, 0.01228221242596655612, 0.01341099739090081434, 0.01453978235583507431, 0.01510417483830219822, 0.01566856732076932213, 0.01679735228570356995, 0.01736174476817068518, 0.01792613725063779695, 0.01905492221557202395 ),
 .UNSPECIFIED. ) ;
#190 = CARTESIAN_POINT ( 'NONE',  ( -18.72355484134454429, 47.68490285624774572, -48.15769985562691602 ) ) ;
#191 = CARTESIAN_POINT ( 'NONE',  ( 15.43342804902370169, 110.1199942993991527, -9.055316051244169273 ) ) ;
#192 = CARTESIAN_POINT ( 'NONE',  ( 17.72947526795743656, 112.5675307232360751, 1.071588298891497537 ) ) ;
#193 = CARTESIAN_POINT ( 'NONE',  ( -15.28923438870616458, 122.5852642580625940, 7.727977074840868710 ) ) ;
#194 = CARTESIAN_POINT ( 'NONE',  ( -12.42841513329635283, 103.1211885262162156, -19.04739081405615764 ) ) ;
#195 = CARTESIAN_POINT ( 'NONE',  ( 18.79759269763635032, 67.49288411267215793, 1.872928897609930976 ) ) ;
#196 = ORIENTED_EDGE ( 'NONE', *, *, #2330, .F. ) ;
#197 = B_SPLINE_CURVE_WITH_KNOTS ( 'NONE', 3,
 ( #5047, #1317, #2989, #4645, #3828, #2934, #4133, #3284 ),
 .UNSPECIFIED., .F., .F.,
 ( 4, 2, 2, 4 ),
 ( 7.204847710556567793E-18, 0.001266147054994219484, 0.002532294109988432029, 0.005064588219976853649 ),
 .UNSPECIFIED. ) ;
#198 = ORIENTED_EDGE ( 'NONE', *, *, #1365, .T. ) ;
#199 = CARTESIAN_POINT ( 'NONE',  ( 12.55689694632114417, 103.0814839432334082, -19.08588428198578413 ) ) ;
#200 = CARTESIAN_POINT ( 'NONE',  ( -15.12455355505991150, 109.8726271249037012, -9.586813811258002360 ) ) ;
#201 = ORIENTED_EDGE ( 'NONE', *, *, #3783, .F. ) ;
#202 = CARTESIAN_POINT ( 'NONE',  ( -14.99208067867192362, 109.2293745634114401, -9.912620134570989450 ) ) ;
#203 = AXIS2_PLACEMENT_3D ( 'NONE', #3707, #708, #5362 ) ;
#204 = CARTESIAN_POINT ( 'NONE',  ( -8.959152375961913606, 60.55059688862590406, -65.04694009427630874 ) ) ;
#205 = DIRECTION ( 'NONE',  ( -0.9948734893146630176, 0.000000000000000000, -0.1011273467409636306 ) ) ;
#206 = CARTESIAN_POINT ( 'NONE',  ( -16.98211214940269187, 114.1541372189314387, -4.898649186452741944 ) ) ;
#207 = EDGE_LOOP ( 'NONE', ( #3825, #2245, #4419, #3014, #2625, #610, #3067 ) ) ;
#208 = CARTESIAN_POINT ( 'NONE',  ( -16.89974452849334341, 56.89417477934614453, -62.51745517187801227 ) ) ;
#209 = CARTESIAN_POINT ( 'NONE',  ( -17.89828919428832421, 26.96376431253755968, -49.66754663951228821 ) ) ;
#210 = CARTESIAN_POINT ( 'NONE',  ( 12.69740909961631381, 45.75473008043808676, -36.80715824516797596 ) ) ;
#211 = CARTESIAN_POINT ( 'NONE',  ( -8.355852583090070951, 116.9138803838582277, -7.155740819830517907 ) ) ;
#212 = VERTEX_POINT ( 'NONE', #2316 ) ;
#213 = CARTESIAN_POINT ( 'NONE',  ( 18.80093376227089053, 50.82021183752038240, -62.59108983697589679 ) ) ;
#214 = CARTESIAN_POINT ( 'NONE',  ( 18.45117035514673276, 39.17830049360374289, -44.12960739149291101 ) ) ;
#215 = CARTESIAN_POINT ( 'NONE',  ( 18.71054409826879450, 70.00722218574627220, -3.338304566518871752 ) ) ;
#216 = CARTESIAN_POINT ( 'NONE',  ( 17.73685670621672372, 112.5524539697425865, -1.060946047126153813 ) ) ;
#217 = CARTESIAN_POINT ( 'NONE',  ( -15.35185213048504771, 123.3382886386950048, 7.484158872791423001 ) ) ;
#218 = CARTESIAN_POINT ( 'NONE',  ( 10.83907767769409425, 112.7226583239638984, 1.893362957970652349 ) ) ;
#219 = CONICAL_SURFACE ( 'NONE', #2654, 14.00000000000000000, 0.3805063771123645688 ) ;
#220 = CARTESIAN_POINT ( 'NONE',  ( -8.352816637920222220, 124.1000386489987903, 7.162645309756880074 ) ) ;
#221 = CARTESIAN_POINT ( 'NONE',  ( -2.586317249405079455, 102.4635029166867639, -19.68501493742667563 ) ) ;
#222 = VERTEX_POINT ( 'NONE', #5170 ) ;
#223 = FACE_OUTER_BOUND ( 'NONE', #2823, .T. ) ;
#224 =( BOUNDED_SURFACE ( )  B_SPLINE_SURFACE ( 3, 2, ( 
 ( #538, #4242, #4723 ),
 ( #4292, #3857, #617 ),
 ( #3069, #513, #129 ),
 ( #3831, #182, #3507 ),
 ( #156, #3042, #4696 ),
 ( #959, #1811, #987 ),
 ( #569, #2658, #4318 ),
 ( #595, #286, #4880 ),
 ( #1091, #2301, #1863 ),
 ( #5290, #4770, #4395 ),
 ( #4450, #1146, #1976 ),
 ( #669, #4851, #4045 ),
 ( #1034, #695, #2353 ),
 ( #1945, #1066, #2734 ),
 ( #1570, #1454, #3169 ),
 ( #2819, #5206, #2328 ),
 ( #3225, #5180, #2704 ),
 ( #3112, #4797, #4479 ),
 ( #723, #4368, #3616 ),
 ( #643, #2760, #2274 ),
 ( #4421, #3528, #230 ),
 ( #3961, #5264, #3644 ),
 ( #1889, #3559, #1542 ),
 ( #1483, #3931, #3194 ),
 ( #3141, #3989, #3587 ),
 ( #259, #1916, #5233 ) ),
 .UNSPECIFIED., .F., .F., .T. ) 
 B_SPLINE_SURFACE_WITH_KNOTS ( ( 4, 2, 2, 2, 2, 2, 2, 2, 2, 2, 2, 2, 4 ),
 ( 3, 3 ),
 ( -2.253920791325803030E-16, 0.0001486431733080998384, 0.0002972863466164250824, 0.0005945726932330755703, 0.001189145386466376438, 0.001783718079699677522, 0.002378290772932978390, 0.003567436159399580559, 0.004756581545866182294, 0.007134872318799386631, 0.009513163091732590101, 0.01426974463759899878, 0.01902632618346540572 ),
 ( 0.000000000000000000, 1.000000000000000000 ),
 .UNSPECIFIED. ) 
 GEOMETRIC_REPRESENTATION_ITEM ( )  RATIONAL_B_SPLINE_SURFACE ( (
 ( 1.000000000000000000, 0.9999212869782961866, 1.000000000000000000),
 ( 1.000000000000000000, 0.9999215196926406479, 1.000000000000000000),
 ( 1.000000000000000000, 0.9999045848715675255, 1.000000000000000000),
 ( 1.000000000000000000, 0.9998574612819812746, 1.000000000000000000),
 ( 1.000000000000000000, 0.9998273824053457437, 1.000000000000000000),
 ( 1.000000000000000000, 0.9997321695812477760, 1.000000000000000000),
 ( 1.000000000000000000, 0.9996595664457944563, 1.000000000000000000),
 ( 1.000000000000000000, 0.9994376632174700736, 1.000000000000000000),
 ( 1.000000000000000000, 0.9992800922078020065, 1.000000000000000000),
 ( 1.000000000000000000, 0.9989545418117855569, 1.000000000000000000),
 ( 1.000000000000000000, 0.9987862652878952696, 1.000000000000000000),
 ( 1.000000000000000000, 0.9984424733773619165, 1.000000000000000000),
 ( 1.000000000000000000, 0.9982665637887037091, 1.000000000000000000),
 ( 1.000000000000000000, 0.9977272702880095601, 1.000000000000000000),
 ( 1.000000000000000000, 0.9973523457418155269, 1.000000000000000000),
 ( 1.000000000000000000, 0.9965719180243398645, 1.000000000000000000),
 ( 1.000000000000000000, 0.9961663790491066539, 1.000000000000000000),
 ( 1.000000000000000000, 0.9949026892136342282, 1.000000000000000000),
 ( 1.000000000000000000, 0.9939983527402381780, 1.000000000000000000),
 ( 1.000000000000000000, 0.9920575972924644548, 1.000000000000000000),
 ( 1.000000000000000000, 0.9910208952444069519, 1.000000000000000000),
 ( 1.000000000000000000, 0.9876930117755683414, 1.000000000000000000),
 ( 1.000000000000000000, 0.9851855211676463497, 1.000000000000000000),
 ( 1.000000000000000000, 0.9794611530550689782, 1.000000000000000000),
 ( 1.000000000000000000, 0.9762439479531689335, 1.000000000000000000),
 ( 1.000000000000000000, 0.9725808218122135029, 1.000000000000000000) ) ) 
 REPRESENTATION_ITEM ( '' )  SURFACE ( )  );
#225 = EDGE_LOOP ( 'NONE', ( #3849, #1534, #429, #2828 ) ) ;
#226 = CARTESIAN_POINT ( 'NONE',  ( 10.05967365977746120, 103.9820728790686246, -18.21276615012892819 ) ) ;
#227 = CARTESIAN_POINT ( 'NONE',  ( -18.07753016074217456, 81.80861115231276415, -5.538535834130344782 ) ) ;
#228 = ORIENTED_EDGE ( 'NONE', *, *, #2013, .F. ) ;
#229 = LINE ( 'NONE', #4824, #4124 ) ;
#230 = CARTESIAN_POINT ( 'NONE',  ( 16.93010864011765548, 15.31061472258024914, 1.912479646268831379 ) ) ;
#231 = CARTESIAN_POINT ( 'NONE',  ( -15.42209180121794709, 119.4337938313526166, 7.933113204407288066 ) ) ;
#232 = ORIENTED_EDGE ( 'NONE', *, *, #1273, .T. ) ;
#233 = CARTESIAN_POINT ( 'NONE',  ( -18.58334236308212439, 42.94489676642203335, -64.77847475611925177 ) ) ;
#234 = CARTESIAN_POINT ( 'NONE',  ( -18.23970426008462908, 33.98397364433432699, -58.96211451453370245 ) ) ;
#235 = CARTESIAN_POINT ( 'NONE',  ( 0.000000000000000000, 104.0000000000001421, -13.00000000000000178 ) ) ;
#236 = CARTESIAN_POINT ( 'NONE',  ( -10.83705562031751768, 112.7254743736611573, -1.905111991888178036 ) ) ;
#237 = CARTESIAN_POINT ( 'NONE',  ( 3.159746976790266615, 0.1062764655871347025, 15.72006523481768880 ) ) ;
#238 = CARTESIAN_POINT ( 'NONE',  ( -13.49096091781759199, 104.0000000000000000, -18.19538586296676641 ) ) ;
#239 = CARTESIAN_POINT ( 'NONE',  ( 18.52458411258733761, 41.20604094437985765, -62.39291298124891938 ) ) ;
#240 = CARTESIAN_POINT ( 'NONE',  ( -18.80509249500126501, 51.02435083582281550, -43.15896349077119964 ) ) ;
#241 = EDGE_CURVE ( 'NONE', #3501, #1973, #4726, .T. ) ;
#242 = DIRECTION ( 'NONE',  ( -0.000000000000000000, 1.000000000000000000, 0.000000000000000000 ) ) ;
#243 = ADVANCED_FACE ( 'NONE', ( #604 ), #2753, .T. ) ;
#244 = CARTESIAN_POINT ( 'NONE',  ( -15.73707375099377082, 22.21773294430561663, -42.52204267764719248 ) ) ;
#245 = CARTESIAN_POINT ( 'NONE',  ( -15.79886857989000859, 125.7843088769882200, -6.011960425857181711 ) ) ;
#246 = CARTESIAN_POINT ( 'NONE',  ( 9.523628535348949598, 114.6931156482755938, 5.508444851584056501 ) ) ;
#247 = CARTESIAN_POINT ( 'NONE',  ( -15.95681968207305523, 6.908328331012095980, 2.774674732846033720 ) ) ;
#248 = EDGE_CURVE ( 'NONE', #212, #417, #3315, .T. ) ;
#249 = CARTESIAN_POINT ( 'NONE',  ( -12.38952562305804683, 43.18003112380783648, -37.04395974561558091 ) ) ;
#250 = EDGE_CURVE ( 'NONE', #771, #4356, #636, .T. ) ;
#251 = CARTESIAN_POINT ( 'NONE',  ( -10.67591144353709787, 128.0483973845843195, 2.663360776591278345 ) ) ;
#252 = CARTESIAN_POINT ( 'NONE',  ( -4.048829505631578840, 102.6830305360060436, -19.47218360312970020 ) ) ;
#253 = ORIENTED_EDGE ( 'NONE', *, *, #5068, .F. ) ;
#254 = CARTESIAN_POINT ( 'NONE',  ( 14.42010165470166072, 104.4139507647255556, -16.44316207909167105 ) ) ;
#255 = CARTESIAN_POINT ( 'NONE',  ( 8.517813774264350712, 103.9999999999999858, -18.19538586296678062 ) ) ;
#256 = CARTESIAN_POINT ( 'NONE',  ( -18.50839279794645620, 74.74405247337179503, -4.206208327658631951 ) ) ;
#257 = ORIENTED_EDGE ( 'NONE', *, *, #2253, .F. ) ;
#258 = CARTESIAN_POINT ( 'NONE',  ( -14.91747372538406324, 107.9583441379678703, -10.63054779282634499 ) ) ;
#259 = CARTESIAN_POINT ( 'NONE',  ( 14.68006566925850365, 5.465711869525313737, 7.445824945574671005 ) ) ;
#260 = EDGE_LOOP ( 'NONE', ( #4240, #1315, #3695, #4313 ) ) ;
#261 = CARTESIAN_POINT ( 'NONE',  ( -18.84772733061764782, 53.01664373665082763, -64.10094336787692271 ) ) ;
#262 = CARTESIAN_POINT ( 'NONE',  ( -18.03173521346198171, 29.55809504894267192, -54.47263632700926195 ) ) ;
#263 = CARTESIAN_POINT ( 'NONE',  ( 18.89604724399151081, 63.95652659530121298, 1.246511565917125086 ) ) ;
#264 = CARTESIAN_POINT ( 'NONE',  ( 16.02723926833825274, 27.88360140275883481, -55.43554996532465395 ) ) ;
#265 = DIRECTION ( 'NONE',  ( -0.000000000000000000, -0.000000000000000000, 1.000000000000000000 ) ) ;
#266 = B_SPLINE_CURVE_WITH_KNOTS ( 'NONE', 3,
 ( #1748, #921, #2509, #3387, #3358, #1307, #2587, #820, #1223, #523, #1332, #31, #4169, #497 ),
 .UNSPECIFIED., .F., .F.,
 ( 4, 2, 2, 2, 2, 2, 4 ),
 ( 0.000000000000000000, 0.001179654883134883614, 0.002359309766269767229, 0.003538964649404651493, 0.004128792090972095361, 0.004423705811755817077, 0.004718619532539537927 ),
 .UNSPECIFIED. ) ;
#267 = EDGE_CURVE ( 'NONE', #1681, #2271, #556, .T. ) ;
#268 = VECTOR ( 'NONE', #2976, 1000.000000000000227 ) ;
#269 = CARTESIAN_POINT ( 'NONE',  ( 12.70286841356284491, 49.39981926098942466, -46.88400831295237481 ) ) ;
#270 = CARTESIAN_POINT ( 'NONE',  ( -13.74641905603333569, 4.676879641170459401, 3.680986595487757196 ) ) ;
#271 = CARTESIAN_POINT ( 'NONE',  ( 14.07954318453553100, 104.4523775267839625, -16.61074804498053226 ) ) ;
#272 = SHAPE_DEFINITION_REPRESENTATION ( #3741, #1668 ) ;
#273 = CARTESIAN_POINT ( 'NONE',  ( -18.91941686230744679, 68.20240885764535221, 1.760199465041781597 ) ) ;
#274 = CARTESIAN_POINT ( 'NONE',  ( 7.549834435270744493, 120.5000000000000142, 8.000000000000003553 ) ) ;
#275 = CARTESIAN_POINT ( 'NONE',  ( -15.69773543993791343, 6.328220340473262873, 4.778939297610295789 ) ) ;
#276 = CARTESIAN_POINT ( 'NONE',  ( 12.69990360011236596, 44.03136914534941582, -48.68264016807180639 ) ) ;
#277 = CARTESIAN_POINT ( 'NONE',  ( -15.37996477048805488, 107.5098778677071465, -9.548384805906495743 ) ) ;
#278 = CARTESIAN_POINT ( 'NONE',  ( -2.697766601171588174, 1.028753738417293562, 13.29023792232372259 ) ) ;
#279 = CARTESIAN_POINT ( 'NONE',  ( 12.67059691907165586, 56.73423536765827890, -63.27227554960132494 ) ) ;
#280 = ORIENTED_EDGE ( 'NONE', *, *, #1365, .F. ) ;
#281 = CARTESIAN_POINT ( 'NONE',  ( 8.562356694359973375, 116.4451406305095418, -6.914431508695708217 ) ) ;
#282 = CARTESIAN_POINT ( 'NONE',  ( 11.46018602819594889, 104.3517992067969260, -17.62552960940093527 ) ) ;
#283 = DIRECTION ( 'NONE',  ( 0.000000000000000000, -1.000000000000000000, 1.763895673971925029E-15 ) ) ;
#284 = VERTEX_POINT ( 'NONE', #3655 ) ;
#285 = CARTESIAN_POINT ( 'NONE',  ( 16.66953976441942586, 12.52174138404457260, -11.93379916850715716 ) ) ;
#286 = CARTESIAN_POINT ( 'NONE',  ( 17.68167492199223290, 23.32288768150423763, 0.8016582991114823420 ) ) ;
#287 = ORIENTED_EDGE ( 'NONE', *, *, #2597, .F. ) ;
#288 =( BOUNDED_CURVE ( )  B_SPLINE_CURVE ( 3, ( #3827, #1759, #4265, #3423 ),
 .UNSPECIFIED., .F., .T. ) 
 B_SPLINE_CURVE_WITH_KNOTS ( ( 4, 4 ),
 ( 1.652662163364411851, 1.697087915989447193 ),
 .UNSPECIFIED. ) 
 CURVE ( )  GEOMETRIC_REPRESENTATION_ITEM ( )  RATIONAL_B_SPLINE_CURVE ( ( 1.000000000000000000, 0.9998355361378435946, 0.9998355361378435946, 1.000000000000000000 ) ) 
 REPRESENTATION_ITEM ( '' )  );
#289 = CARTESIAN_POINT ( 'NONE',  ( -18.67042895912729961, 45.76096308540170554, -63.05397019143791937 ) ) ;
#290 = AXIS2_PLACEMENT_3D ( 'NONE', #4010, #773, #3164 ) ;
#291 = DIRECTION ( 'NONE',  ( -0.000000000000000000, -0.000000000000000000, 1.000000000000000000 ) ) ;
#292 = CARTESIAN_POINT ( 'NONE',  ( 18.94200522425424893, 61.69642259297312847, 0.6724457372348218165 ) ) ;
#293 = CIRCLE ( 'NONE', #4034, 1.000000000000000888 ) ;
#294 = CARTESIAN_POINT ( 'NONE',  ( -9.201287836533770914, 115.2325522375711699, -6.042116502452583582 ) ) ;
#295 = CARTESIAN_POINT ( 'NONE',  ( 1.581887873817463319, 0.01972026785559095885, 15.94805634040308284 ) ) ;
#296 = CARTESIAN_POINT ( 'NONE',  ( 12.68989315804689255, 49.61018240490526665, -46.63469664340221499 ) ) ;
#297 = CARTESIAN_POINT ( 'NONE',  ( 15.50729672143196858, 106.5830875818382992, -10.09574877916242386 ) ) ;
#298 = DIRECTION ( 'NONE',  ( 0.000000000000000000, 0.6753778326058804682, -0.7374718863960735282 ) ) ;
#299 = CARTESIAN_POINT ( 'NONE',  ( -4.914502971755527305, 2.886253262056907687, 15.49150472527143307 ) ) ;
#300 =( LENGTH_UNIT ( ) NAMED_UNIT ( * ) SI_UNIT ( .MILLI., .METRE. ) );
#301 = CARTESIAN_POINT ( 'NONE',  ( -18.88744603481644901, 67.94427453564428276, -2.074334552459338621 ) ) ;
#302 = CARTESIAN_POINT ( 'NONE',  ( 15.50729672143355309, 106.5830875818259784, -10.09574877915191493 ) ) ;
#303 = CARTESIAN_POINT ( 'NONE',  ( -12.13285507948218900, 40.51244825276840800, -46.72462351160656624 ) ) ;
#304 = CARTESIAN_POINT ( 'NONE',  ( -10.94794644641415360, 128.4282979721008076, 1.102523389806819631 ) ) ;
#305 = AXIS2_PLACEMENT_3D ( 'NONE', #2875, #1175, #3255 ) ;
#306 = CARTESIAN_POINT ( 'NONE',  ( 10.21243425091086721, 2.500869668345598651, 9.412649174017561293 ) ) ;
#307 = CARTESIAN_POINT ( 'NONE',  ( -12.65719033491027723, 45.02449172995815729, -36.76540200048550133 ) ) ;
#308 = ORIENTED_EDGE ( 'NONE', *, *, #2304, .F. ) ;
#309 = CARTESIAN_POINT ( 'NONE',  ( 18.77563110070849106, 68.27270040768709691, 2.733729621461670423 ) ) ;
#310 = CARTESIAN_POINT ( 'NONE',  ( 7.991129867357357419, 117.8442270044555329, -7.564183370497596925 ) ) ;
#311 = CARTESIAN_POINT ( 'NONE',  ( 16.13438161476459953, 101.7473590776831713, -17.83072011908844345 ) ) ;
#312 = FACE_OUTER_BOUND ( 'NONE', #3714, .T. ) ;
#313 = ORIENTED_EDGE ( 'NONE', *, *, #411, .T. ) ;
#314 = ADVANCED_FACE ( 'NONE', ( #2390 ), #1102, .T. ) ;
#315 = FACE_OUTER_BOUND ( 'NONE', #85, .T. ) ;
#316 = DIRECTION ( 'NONE',  ( 1.000000000000000000, -0.000000000000000000, -0.000000000000000000 ) ) ;
#318 = ORIENTED_EDGE ( 'NONE', *, *, #5329, .T. ) ;
#317 = CARTESIAN_POINT ( 'NONE',  ( 18.48064182339092554, 39.97329277654007740, -62.03473355855897609 ) ) ;
#319 = CARTESIAN_POINT ( 'NONE',  ( 18.85191847328271209, 53.24688485527939008, -61.90999546698971301 ) ) ;
#320 = CARTESIAN_POINT ( 'NONE',  ( -18.89447202545480309, 55.60827495148402022, -63.13106196236377343 ) ) ;
#321 = CARTESIAN_POINT ( 'NONE',  ( -17.72026814230936864, 23.79051645073699817, -65.04694009427630874 ) ) ;
#322 = CARTESIAN_POINT ( 'NONE',  ( 18.91179039585314925, 63.25463720735369577, 1.095188276962297147 ) ) ;
#323 = CARTESIAN_POINT ( 'NONE',  ( 18.86380314552443949, 68.34637790766154808, 1.498432738143173237 ) ) ;
#324 = EDGE_CURVE ( 'NONE', #5283, #3646, #3345, .T. ) ;
#325 = EDGE_CURVE ( 'NONE', #455, #2698, #4554, .T. ) ;
#326 = CARTESIAN_POINT ( 'NONE',  ( 3.775074428638888868, 2.779374776798757107, 15.81275545835593022 ) ) ;
#327 = EDGE_CURVE ( 'NONE', #3928, #5077, #4444, .T. ) ;
#328 =( BOUNDED_CURVE ( )  B_SPLINE_CURVE ( 3, ( #4005, #4925, #3600, #1931 ),
 .UNSPECIFIED., .F., .T. ) 
 B_SPLINE_CURVE_WITH_KNOTS ( ( 4, 4 ),
 ( 1.488930490225381931, 1.514024561931469837 ),
 .UNSPECIFIED. ) 
 CURVE ( )  GEOMETRIC_REPRESENTATION_ITEM ( )  RATIONAL_B_SPLINE_CURVE ( ( 1.000000000000000000, 0.9999475246521974947, 0.9999475246521974947, 1.000000000000000000 ) ) 
 REPRESENTATION_ITEM ( '' )  );
#329 = FACE_BOUND ( 'NONE', #1804, .T. ) ;
#330 = CARTESIAN_POINT ( 'NONE',  ( 18.59525532260492753, 67.00078840387156731, 3.904698973119535843 ) ) ;
#331 = CARTESIAN_POINT ( 'NONE',  ( -18.74574028602855691, 74.47235960318784009, -44.13534002786708754 ) ) ;
#332 = CARTESIAN_POINT ( 'NONE',  ( -5.572336311677934084, 1.355078716237256398, 12.43069008606901882 ) ) ;
#333 = CARTESIAN_POINT ( 'NONE',  ( 6.337950703355742732, 108.0030656091325909, -16.85108306917162579 ) ) ;
#334 = CARTESIAN_POINT ( 'NONE',  ( -18.83058548640571317, 67.76222685862039441, -2.214836943047175932 ) ) ;
#335 = CARTESIAN_POINT ( 'NONE',  ( 0.000000000000000000, 27.79491668141797334, -67.34279259708607412 ) ) ;
#336 = CARTESIAN_POINT ( 'NONE',  ( -11.26588406814903820, 39.48005124130818899, -40.44125500025697306 ) ) ;
#337 = CARTESIAN_POINT ( 'NONE',  ( -7.777083233279453722, 122.3837969869866811, 7.779649739539900466 ) ) ;
#338 = ADVANCED_FACE ( 'NONE', ( #4, #706 ), #861, .F. ) ;
#339 = CARTESIAN_POINT ( 'NONE',  ( -12.31501330937669358, 3.438990377905886575, 6.941616673118580216 ) ) ;
#340 = ORIENTED_EDGE ( 'NONE', *, *, #878, .F. ) ;
#341 = CARTESIAN_POINT ( 'NONE',  ( 18.77703963954865429, 68.08864459509752010, -2.442980049275910837 ) ) ;
#342 = DIRECTION ( 'NONE',  ( 3.347878427938975060E-19, 1.000000000000000000, 0.000000000000000000 ) ) ;
#343 = CARTESIAN_POINT ( 'NONE',  ( -16.97526817607013783, 114.1698372458016877, 4.919073652169490884 ) ) ;
#344 = CARTESIAN_POINT ( 'NONE',  ( 18.78769213500444124, 68.57053051502542473, -2.835415699330696260 ) ) ;
#345 = EDGE_CURVE ( 'NONE', #3924, #1973, #4422, .T. ) ;
#346 = CARTESIAN_POINT ( 'NONE',  ( -17.73764866847272614, 24.04084794371672729, -41.98816653506798247 ) ) ;
#347 = EDGE_LOOP ( 'NONE', ( #3910, #3356, #5183, #180 ) ) ;
#348 = CARTESIAN_POINT ( 'NONE',  ( -18.49078336364858188, 40.25511960954082724, -39.10382576623767648 ) ) ;
#349 = CARTESIAN_POINT ( 'NONE',  ( -15.90110132503419749, 27.06978607871667108, -49.66754663951228110 ) ) ;
#350 = CARTESIAN_POINT ( 'NONE',  ( 18.48568821285202901, 68.50000000000000000, 4.390823532917670136 ) ) ;
#351 = ORIENTED_EDGE ( 'NONE', *, *, #21, .T. ) ;
#352 = CARTESIAN_POINT ( 'NONE',  ( 18.93268438310411739, 62.21134610741925997, 0.8315026146749564528 ) ) ;
#353 = CARTESIAN_POINT ( 'NONE',  ( -18.95805463593888973, 60.69876434601061987, 0.08029619841524214541 ) ) ;
#354 = CARTESIAN_POINT ( 'NONE',  ( 13.11467301529348006, 4.756081889851249578, 9.879223975258305757 ) ) ;
#355 = CARTESIAN_POINT ( 'NONE',  ( 15.72696641525869765, 22.08427921774210390, -42.17052235372312197 ) ) ;
#356 = CARTESIAN_POINT ( 'NONE',  ( -8.026922616020653933, 3.320021910722596115, 14.18816369745849570 ) ) ;
#357 = CARTESIAN_POINT ( 'NONE',  ( 18.95805464026531340, 60.69876405404755104, -6.740728372969932111E-17 ) ) ;
#358 = CARTESIAN_POINT ( 'NONE',  ( -18.89026834131014709, 67.92128116559044315, -0.8016746020673631845 ) ) ;
#359 = CARTESIAN_POINT ( 'NONE',  ( -17.71186242625625340, 23.68821827636242361, 0.1996730448616167164 ) ) ;
#360 = CARTESIAN_POINT ( 'NONE',  ( -11.43605263382285386, 39.17133648669859980, -44.13547541536334506 ) ) ;
#361 = CARTESIAN_POINT ( 'NONE',  ( 18.76275836162438893, 68.50000000000000000, -3.234672217946255923 ) ) ;
#362 = CARTESIAN_POINT ( 'NONE',  ( -18.51048262042919745, 74.70164837553028292, -4.198255485638519247 ) ) ;
#363 = CARTESIAN_POINT ( 'NONE',  ( -12.69990360011239439, 41.25246723610268162, -64.44257604444356957 ) ) ;
#364 = CARTESIAN_POINT ( 'NONE',  ( -16.95482001634962543, 62.28974017202605040, -58.63335116586636531 ) ) ;
#365 = VERTEX_POINT ( 'NONE', #4460 ) ;
#366 = CARTESIAN_POINT ( 'NONE',  ( 12.00654043250684389, 41.70021586145002601, -37.76709691031341976 ) ) ;
#367 = CARTESIAN_POINT ( 'NONE',  ( 18.95805464026531340, 60.69876405404755104, -6.740728372969932111E-17 ) ) ;
#368 = CARTESIAN_POINT ( 'NONE',  ( 16.02171649420831656, 102.6522751217426332, -16.33345744011350220 ) ) ;
#369 = CARTESIAN_POINT ( 'NONE',  ( -15.92096697373946235, 25.61030474330080153, -51.45815835180147246 ) ) ;
#370 = VERTEX_POINT ( 'NONE', #736 ) ;
#371 = FACE_OUTER_BOUND ( 'NONE', #5355, .T. ) ;
#372 = FACE_OUTER_BOUND ( 'NONE', #3674, .T. ) ;
#373 = AXIS2_PLACEMENT_3D ( 'NONE', #793, #28, #819 ) ;
#374 = CARTESIAN_POINT ( 'NONE',  ( 18.89987627746060639, 55.96886966775802819, -60.72726026593088022 ) ) ;
#375 = CARTESIAN_POINT ( 'NONE',  ( -18.20972253064624269, 33.31185864037374245, -58.44165119610924819 ) ) ;
#376 = ORIENTED_EDGE ( 'NONE', *, *, #418, .T. ) ;
#377 = CARTESIAN_POINT ( 'NONE',  ( 18.72195377068974409, 65.05342615425556119, 3.208501863153567335 ) ) ;
#378 = CARTESIAN_POINT ( 'NONE',  ( -18.81004855880630444, 67.10124042462747695, 2.868521312387912303 ) ) ;
#379 = EDGE_CURVE ( 'NONE', #3139, #4180, #2236, .T. ) ;
#380 = CARTESIAN_POINT ( 'NONE',  ( -18.95805464026526010, 60.69876405404755104, -6.740728372870644106E-17 ) ) ;
#381 = CARTESIAN_POINT ( 'NONE',  ( -12.92509956861026588, 3.869022786782989165, 5.808900970388530816 ) ) ;
#382 = AXIS2_PLACEMENT_3D ( 'NONE', #5185, #1458, #5267 ) ;
#383 = CARTESIAN_POINT ( 'NONE',  ( -18.85004497474397667, 67.82067765903688894, 1.866753150752923363 ) ) ;
#384 =( NAMED_UNIT ( * ) PLANE_ANGLE_UNIT ( ) SI_UNIT ( $, .RADIAN. ) );
#385 = CARTESIAN_POINT ( 'NONE',  ( -18.97147010196067285, 68.32030747665150727, -1.062563661891241740 ) ) ;
#386 = CIRCLE ( 'NONE', #5076, 1.000000000000001110 ) ;
#387 = CARTESIAN_POINT ( 'NONE',  ( 16.00323277792512400, 126.5302727482843181, -5.282295659609872018 ) ) ;
#388 = CARTESIAN_POINT ( 'NONE',  ( 18.76343174857628426, 68.48089948816270578, -3.092901581655238097 ) ) ;
#389 = CARTESIAN_POINT ( 'NONE',  ( -1.702033637493951090, 0.9759038800824225701, 13.42944571965993816 ) ) ;
#390 = CARTESIAN_POINT ( 'NONE',  ( -16.17303139721880711, 101.4313901476474484, -18.13544762991911696 ) ) ;
#391 = ORIENTED_EDGE ( 'NONE', *, *, #956, .T. ) ;
#392 = CARTESIAN_POINT ( 'NONE',  ( 18.79734552488486088, 68.41915071228170575, -2.637108361229293152 ) ) ;
#393 = CARTESIAN_POINT ( 'NONE',  ( 17.88795428328942450, 84.34214916344824076, -6.444088682664231627 ) ) ;
#394 = CARTESIAN_POINT ( 'NONE',  ( 15.81043579175168290, 104.3197257256302208, -15.26309234594123332 ) ) ;
#395 = CARTESIAN_POINT ( 'NONE',  ( -3.687485721802855831, 102.6195344546931096, -19.53374285362567164 ) ) ;
#396 = CARTESIAN_POINT ( 'NONE',  ( 18.76275836162423261, 68.50000000000412115, -3.234672217992711651 ) ) ;
#397 = B_SPLINE_CURVE_WITH_KNOTS ( 'NONE', 3,
 ( #4897, #2426, #2890, #4548, #1879, #2644 ),
 .UNSPECIFIED., .F., .F.,
 ( 4, 2, 4 ),
 ( 0.000000000000000000, 0.002071662321869092733, 0.004143324643738185466 ),
 .UNSPECIFIED. ) ;
#398 = CARTESIAN_POINT ( 'NONE',  ( -15.79609630465244408, 23.25626204024379007, -45.25755328202910022 ) ) ;
#399 = ORIENTED_EDGE ( 'NONE', *, *, #3717, .F. ) ;
#400 = CARTESIAN_POINT ( 'NONE',  ( 1.592040838891559293E-15, 1.138941769344675725, 13.00000000000000178 ) ) ;
#401 = CARTESIAN_POINT ( 'NONE',  ( -18.88647556899291757, 68.11460324947890399, -2.081892737012320804 ) ) ;
#402 = CARTESIAN_POINT ( 'NONE',  ( -18.79627759927195285, 67.51306661683832999, -2.763909964244133821 ) ) ;
#403 = CARTESIAN_POINT ( 'NONE',  ( -16.03401108757688931, 28.03292683624210468, -55.63987054953104661 ) ) ;
#404 = ORIENTED_EDGE ( 'NONE', *, *, #3137, .F. ) ;
#405 = CARTESIAN_POINT ( 'NONE',  ( -18.90558677391429043, 63.53647832949285856, 1.157551386157160911 ) ) ;
#406 = CARTESIAN_POINT ( 'NONE',  ( -18.79384499002622988, 67.58731101269783892, -2.818348795377354943 ) ) ;
#407 = EDGE_CURVE ( 'NONE', #832, #3244, #2683, .T. ) ;
#408 = CARTESIAN_POINT ( 'NONE',  ( 0.000000000000000000, 29.53206154885827317, -57.49095449232992650 ) ) ;
#409 = ORIENTED_EDGE ( 'NONE', *, *, #4692, .T. ) ;
#410 = CARTESIAN_POINT ( 'NONE',  ( -14.48803618605684917, 104.3982588462808252, -16.43879549756752212 ) ) ;
#411 = EDGE_CURVE ( 'NONE', #3303, #3473, #1977, .T. ) ;
#412 = CARTESIAN_POINT ( 'NONE',  ( 18.80056842061895139, 50.82262965897910334, -41.20960476877232281 ) ) ;
#413 = CARTESIAN_POINT ( 'NONE',  ( 16.15322612231450705, 127.0013430522087248, 4.669009921556182441 ) ) ;
#414 = CARTESIAN_POINT ( 'NONE',  ( 14.83060996502966766, 103.9392343938835097, -18.25429792637470783 ) ) ;
#415 = CARTESIAN_POINT ( 'NONE',  ( 18.58810103026767280, 43.09634081509565107, -48.45055874346461877 ) ) ;
#416 = CARTESIAN_POINT ( 'NONE',  ( 17.14485054383329299, 19.30971991955056311, 3.292107834872733285 ) ) ;
#417 = VERTEX_POINT ( 'NONE', #537 ) ;
#418 = EDGE_CURVE ( 'NONE', #1937, #933, #703, .T. ) ;
#419 = CARTESIAN_POINT ( 'NONE',  ( 15.90110132503424012, 25.19999999999999574, -50.37740579444184874 ) ) ;
#420 = CARTESIAN_POINT ( 'NONE',  ( 15.67559678809759838, 105.3380711642490155, -12.77615257168873697 ) ) ;
#421 = CARTESIAN_POINT ( 'NONE',  ( 18.94162992219265362, 61.72241324758833514, 0.6881790656393999006 ) ) ;
#422 = CARTESIAN_POINT ( 'NONE',  ( 13.94121626667680580, 5.042108830660236407, 2.718964130458449535 ) ) ;
#423 = CARTESIAN_POINT ( 'NONE',  ( 18.88427611158067521, 68.35203124310355349, 1.097685065470906274 ) ) ;
#424 = ORIENTED_EDGE ( 'NONE', *, *, #2940, .T. ) ;
#425 = CARTESIAN_POINT ( 'NONE',  ( -18.44538176046885880, 39.02415568206941998, -43.15595085138122045 ) ) ;
#426 = ORIENTED_EDGE ( 'NONE', *, *, #3136, .T. ) ;
#427 = CARTESIAN_POINT ( 'NONE',  ( 18.89497622241827202, 55.63877122193736824, -63.11765349072197751 ) ) ;
#428 = CARTESIAN_POINT ( 'NONE',  ( -18.23934095279782852, 33.97574180053376125, -58.95599915560438831 ) ) ;
#429 = ORIENTED_EDGE ( 'NONE', *, *, #3136, .F. ) ;
#430 = CARTESIAN_POINT ( 'NONE',  ( -16.81711527478887902, 52.03688564074491296, -64.39747998759089853 ) ) ;
#431 = CARTESIAN_POINT ( 'NONE',  ( -0.3521038243115611754, 0.9399402979375109934, 13.52417465957479159 ) ) ;
#432 = CARTESIAN_POINT ( 'NONE',  ( -18.94947827606559798, 60.66278666418119059, 0.6613395887173730836 ) ) ;
#433 = CARTESIAN_POINT ( 'NONE',  ( -14.91558198272309177, 106.5202799559580740, -11.93692261567993640 ) ) ;
#434 = CARTESIAN_POINT ( 'NONE',  ( 12.01943138315006010, 37.25133017758504650, -63.10303683217323112 ) ) ;
#435 = CARTESIAN_POINT ( 'NONE',  ( -14.41236824104817948, 104.2285153526689641, -17.02719254351719158 ) ) ;
#436 =( BOUNDED_SURFACE ( )  B_SPLINE_SURFACE ( 3, 2, ( 
 ( #3498, #1394, #3128 ),
 ( #3472, #4716, #4361 ),
 ( #5224, #1909, #4740 ),
 ( #3923, #977, #1445 ),
 ( #5149, #951, #4310 ),
 ( #1004, #3952, #3521 ),
 ( #2241, #5173, #4388 ),
 ( #3550, #2674, #631 ),
 ( #4331, #3105, #4763 ),
 ( #1025, #2294, #221 ),
 ( #5197, #1474, #1881 ),
 ( #4786, #1055, #2726 ),
 ( #663, #3982, #252 ),
 ( #3579, #3034, #4285 ),
 ( #2752, #2837, #5343 ),
 ( #3712, #4439, #2861 ),
 ( #3214, #5253, #794 ),
 ( #1532, #2398, #4869 ) ),
 .UNSPECIFIED., .F., .F., .F. ) 
 B_SPLINE_SURFACE_WITH_KNOTS ( ( 4, 2, 2, 2, 2, 2, 2, 2, 4 ),
 ( 3, 3 ),
 ( 0.000000000000000000, 0.004447496978441317118, 0.006671245467661976111, 0.008894993956882634237, 0.01111874244610329410, 0.01223061669071362316, 0.01334249093532395222, 0.01556623942454461035, 0.01778998791376526847 ),
 ( 0.000000000000000000, 1.000000000000000000 ),
 .UNSPECIFIED. ) 
 GEOMETRIC_REPRESENTATION_ITEM ( )  RATIONAL_B_SPLINE_SURFACE ( (
 ( 1.000000000000000000, 0.9236477048767769427, 1.000000000000000000),
 ( 1.000000000000000000, 0.9274806085047985205, 1.000000000000000000),
 ( 1.000000000000000000, 0.9304588005261114070, 1.000000000000000000),
 ( 1.000000000000000000, 0.9335233267029008353, 1.000000000000000000),
 ( 1.000000000000000000, 0.9343115332237220683, 1.000000000000000000),
 ( 1.000000000000000000, 0.9353515662310102341, 1.000000000000000000),
 ( 1.000000000000000000, 0.9356113756038120233, 1.000000000000000000),
 ( 1.000000000000000000, 0.9356150571284178596, 1.000000000000000000),
 ( 1.000000000000000000, 0.9353589555679117096, 1.000000000000000000),
 ( 1.000000000000000000, 0.9345773469311482451, 1.000000000000000000),
 ( 1.000000000000000000, 0.9342503781169362309, 1.000000000000000000),
 ( 1.000000000000000000, 0.9334754157881570702, 1.000000000000000000),
 ( 1.000000000000000000, 0.9330265428939962247, 1.000000000000000000),
 ( 1.000000000000000000, 0.9315017115987064278, 1.000000000000000000),
 ( 1.000000000000000000, 0.9302480636224761401, 1.000000000000000000),
 ( 1.000000000000000000, 0.9272842338111795257, 1.000000000000000000),
 ( 1.000000000000000000, 0.9255683513830842424, 1.000000000000000000),
 ( 1.000000000000000000, 0.9236477048767547382, 1.000000000000000000) ) ) 
 REPRESENTATION_ITEM ( '' )  SURFACE ( )  );
#437 = CARTESIAN_POINT ( 'NONE',  ( 18.69328243967586545, 46.57756248601155136, -36.96656086303006106 ) ) ;
#438 = CARTESIAN_POINT ( 'NONE',  ( 15.28935740533983356, 122.5871869886017720, -7.727437003924426229 ) ) ;
#439 = CARTESIAN_POINT ( 'NONE',  ( 12.76810326090381231, 103.0104225436552525, -19.15477808467051446 ) ) ;
#440 = CARTESIAN_POINT ( 'NONE',  ( 18.88532076916880698, 68.33499406256848374, -0.8133372994812440027 ) ) ;
#441 = ADVANCED_FACE ( 'NONE', ( #4241 ), #3426, .F. ) ;
#442 = CARTESIAN_POINT ( 'NONE',  ( 11.31352695120958174, 109.8726271249037154, -13.89186156061863286 ) ) ;
#443 = CARTESIAN_POINT ( 'NONE',  ( -5.869241435250690309, 107.7457000510832614, -17.04125223232926345 ) ) ;
#444 = CARTESIAN_POINT ( 'NONE',  ( -12.69990360011237840, 40.35070619330424080, -69.55671705212803602 ) ) ;
#445 = CARTESIAN_POINT ( 'NONE',  ( -16.73060477616760622, 16.46061453970252231, 4.293598225909583732 ) ) ;
#446 = CARTESIAN_POINT ( 'NONE',  ( 11.67668593469717031, 39.52090950842706008, -45.18285278601339883 ) ) ;
#447 = CARTESIAN_POINT ( 'NONE',  ( 15.57336111787981991, 106.0978310088252101, -10.44211116574473763 ) ) ;
#448 = CARTESIAN_POINT ( 'NONE',  ( -12.66150770507543477, 68.47661643976901757, -23.54583226839270793 ) ) ;
#449 = CARTESIAN_POINT ( 'NONE',  ( 9.201287836533772690, 125.7674477624288158, -6.042116502452578253 ) ) ;
#450 = CARTESIAN_POINT ( 'NONE',  ( 18.78532246048034438, 67.84398423010850365, 0.3127572370607585306 ) ) ;
#451 = ORIENTED_EDGE ( 'NONE', *, *, #899, .T. ) ;
#452 = CARTESIAN_POINT ( 'NONE',  ( 18.78302080143168951, 68.44291207319147929, -2.809823727011985905 ) ) ;
#453 = DIRECTION ( 'NONE',  ( 0.005596534324868104003, -0.1650897211918772034, -0.9862626743217747238 ) ) ;
#454 = B_SPLINE_CURVE_WITH_KNOTS ( 'NONE', 3,
 ( #3337, #4071, #3639, #4991 ),
 .UNSPECIFIED., .F., .F.,
 ( 4, 4 ),
 ( 2.653511331819053844E-15, 0.002218182632537294644 ),
 .UNSPECIFIED. ) ;
#455 = VERTEX_POINT ( 'NONE', #1347 ) ;
#456 = CARTESIAN_POINT ( 'NONE',  ( 14.28431103781630362, 104.4473887527520191, -16.44936816109016320 ) ) ;
#457 = CARTESIAN_POINT ( 'NONE',  ( -4.629378356749425549, 1.222462892916752475, 12.78000335270827570 ) ) ;
#458 = CARTESIAN_POINT ( 'NONE',  ( -18.79599111360830577, 67.69340855444528415, -2.773975875677080705 ) ) ;
#459 = CARTESIAN_POINT ( 'NONE',  ( 15.41359965903560081, 109.3049506329499820, -9.174964712452037929 ) ) ;
#460 = ORIENTED_EDGE ( 'NONE', *, *, #1947, .T. ) ;
#461 = CARTESIAN_POINT ( 'NONE',  ( 7.993681871092941371, 123.1375728712110202, -7.557316422875786976 ) ) ;
#462 = B_SPLINE_CURVE_WITH_KNOTS ( 'NONE', 3,
 ( #1630, #4883, #402, #1683, #3750, #1573 ),
 .UNSPECIFIED., .F., .F.,
 ( 4, 2, 4 ),
 ( -7.747075982327374238E-06, 0.0001305251058887492270, 0.0002687972877598258231 ),
 .UNSPECIFIED. ) ;
#463 = CARTESIAN_POINT ( 'NONE',  ( 18.78709898419831248, 50.23430696602982692, -45.76728264929282375 ) ) ;
#464 = CARTESIAN_POINT ( 'NONE',  ( 18.78302080143182096, 68.44291207319108139, -2.809823727010039462 ) ) ;
#465 = CARTESIAN_POINT ( 'NONE',  ( 18.84974387151510555, 68.35783816540465807, -1.777007043943322762 ) ) ;
#466 = CARTESIAN_POINT ( 'NONE',  ( 16.71876368543228608, 47.62040399103167232, -65.03614488817777328 ) ) ;
#467 = CIRCLE ( 'NONE', #3511, 783.5416666666670835 ) ;
#468 = CARTESIAN_POINT ( 'NONE',  ( 12.68970748466442444, 46.46038495710888583, -65.04694009427630874 ) ) ;
#469 = CARTESIAN_POINT ( 'NONE',  ( 18.64824894399854216, 45.02449172995815729, -48.76540200048551554 ) ) ;
#470 = CARTESIAN_POINT ( 'NONE',  ( -3.863832240718722222, 106.9260543183277292, -17.64726761246586406 ) ) ;
#471 = EDGE_LOOP ( 'NONE', ( #2762, #3991, #715, #5204 ) ) ;
#472 = MECHANICAL_DESIGN_GEOMETRIC_PRESENTATION_REPRESENTATION (  '', ( #902 ), #4378 ) ;
#473 = CARTESIAN_POINT ( 'NONE',  ( 18.76294252065361334, 68.49477534391778022, -3.226964332985630346 ) ) ;
#474 = CARTESIAN_POINT ( 'NONE',  ( -17.72866262377944224, 23.96198779420396363, 0.4101557785965324054 ) ) ;
#475 = CARTESIAN_POINT ( 'NONE',  ( 18.76275836162438893, 68.50000000000000000, -3.234672217946255923 ) ) ;
#476 = CARTESIAN_POINT ( 'NONE',  ( 16.95482001634949043, 62.28974017202617119, -58.63335116586625162 ) ) ;
#477 = CARTESIAN_POINT ( 'NONE',  ( -17.89828919428832421, 26.96376431253755968, -49.66754663951228821 ) ) ;
#478 = CARTESIAN_POINT ( 'NONE',  ( -16.57850921222831175, 42.48063898258146054, -64.70335463507494467 ) ) ;
#479 = VERTEX_POINT ( 'NONE', #986 ) ;
#480 = CARTESIAN_POINT ( 'NONE',  ( -18.56405786013359815, 42.36577572503446021, -48.14776812702195485 ) ) ;
#481 = ORIENTED_EDGE ( 'NONE', *, *, #2982, .T. ) ;
#482 = DIRECTION ( 'NONE',  ( -1.000000000000000000, 0.000000000000000000, 0.000000000000000000 ) ) ;
#483 = CARTESIAN_POINT ( 'NONE',  ( 12.08235085061800973, 103.2203165881889930, -18.95128647073316586 ) ) ;
#484 = EDGE_CURVE ( 'NONE', #1831, #3723, #991, .T. ) ;
#485 = EDGE_LOOP ( 'NONE', ( #2570, #2909, #3523, #53, #351 ) ) ;
#486 = EDGE_CURVE ( 'NONE', #2647, #175, #4256, .T. ) ;
#487 = CARTESIAN_POINT ( 'NONE',  ( 18.78769213500418900, 68.57053051502333574, -2.835415699330096295 ) ) ;
#488 = CARTESIAN_POINT ( 'NONE',  ( -11.09621416772080771, 4.046720843282376023, 12.00661026266689113 ) ) ;
#489 = ORIENTED_EDGE ( 'NONE', *, *, #4177, .F. ) ;
#490 = CARTESIAN_POINT ( 'NONE',  ( 15.17134476952282007, 108.9765790057924164, -9.699147775110544600 ) ) ;
#491 = EDGE_CURVE ( 'NONE', #869, #2872, #4185, .T. ) ;
#492 = ORIENTED_EDGE ( 'NONE', *, *, #1934, .F. ) ;
#493 = FACE_OUTER_BOUND ( 'NONE', #2463, .T. ) ;
#494 = EDGE_CURVE ( 'NONE', #2483, #509, #2955, .T. ) ;
#495 = CARTESIAN_POINT ( 'NONE',  ( 18.81060890257701246, 51.24521580998006698, -64.55698660206182637 ) ) ;
#496 = CARTESIAN_POINT ( 'NONE',  ( -12.80080048638072121, -1.937192818297022168, -11.12997788173587743 ) ) ;
#497 = CARTESIAN_POINT ( 'NONE',  ( 18.79420274687435466, 68.58229326886917931, -2.788866954810958365 ) ) ;
#498 = CARTESIAN_POINT ( 'NONE',  ( 16.79856355961528180, 16.90745721184577732, 4.145784681584481213 ) ) ;
#499 = DIRECTION ( 'NONE',  ( -0.04501877271976158223, -0.3545697289525418516, 0.9339451897265317326 ) ) ;
#500 = CARTESIAN_POINT ( 'NONE',  ( -17.23548955301841801, 19.98504823402343789, 3.016312587295028269 ) ) ;
#501 = CARTESIAN_POINT ( 'NONE',  ( -12.66320397516765439, 103.0470415870051681, -19.11927603767973949 ) ) ;
#502 = DIRECTION ( 'NONE',  ( 0.000000000000000000, 0.1736481776669343557, 0.9848077530122072432 ) ) ;
#503 = CARTESIAN_POINT ( 'NONE',  ( 10.95668273619140010, 81.09009710516488667, -25.76992923034662653 ) ) ;
#504 =( BOUNDED_CURVE ( )  B_SPLINE_CURVE ( 3, ( #4251, #2947, #1251, #4276 ),
 .UNSPECIFIED., .F., .F. ) 
 B_SPLINE_CURVE_WITH_KNOTS ( ( 4, 4 ),
 ( 4.655861118530615350, 4.886921905584126868 ),
 .UNSPECIFIED. ) 
 CURVE ( )  GEOMETRIC_REPRESENTATION_ITEM ( )  RATIONAL_B_SPLINE_CURVE ( ( 1.000000000000000000, 0.9955558557911772244, 0.9955558557911772244, 1.000000000000000000 ) ) 
 REPRESENTATION_ITEM ( '' )  );
#505 = DIRECTION ( 'NONE',  ( 0.000000000000000000, 0.9348930393583380072, 0.3549295774647825419 ) ) ;
#506 = ORIENTED_EDGE ( 'NONE', *, *, #4047, .T. ) ;
#507 = EDGE_CURVE ( 'NONE', #479, #4334, #4888, .T. ) ;
#508 = EDGE_CURVE ( 'NONE', #3829, #2483, #4675, .T. ) ;
#509 = VERTEX_POINT ( 'NONE', #4214 ) ;
#510 = DIRECTION ( 'NONE',  ( 0.000000000000000000, -0.9848077530122072432, 0.1736481776669343557 ) ) ;
#511 = ORIENTED_EDGE ( 'NONE', *, *, #1552, .F. ) ;
#512 = CARTESIAN_POINT ( 'NONE',  ( -12.67401678928301756, 56.71302811589220028, -53.28333909980746341 ) ) ;
#513 = CARTESIAN_POINT ( 'NONE',  ( 17.72882435609187013, 23.89470654724518539, 0.1613480662248928110 ) ) ;
#514 = CARTESIAN_POINT ( 'NONE',  ( 12.76810326090436831, 103.0104225436560199, -19.15477808466976128 ) ) ;
#515 = CARTESIAN_POINT ( 'NONE',  ( -15.77127967572063660, 4.962570593500979399, 2.928469759196241196 ) ) ;
#516 = ORIENTED_EDGE ( 'NONE', *, *, #4360, .T. ) ;
#517 = CARTESIAN_POINT ( 'NONE',  ( 17.23640597040005673, 18.33988315765166632, 1.519933473715342265 ) ) ;
#518 = CARTESIAN_POINT ( 'NONE',  ( 18.95805464026527787, 60.69876405404756525, -57.41555342542512363 ) ) ;
#519 = B_SPLINE_CURVE_WITH_KNOTS ( 'NONE', 3,
 ( #1895, #1015, #4804, #4401, #4776, #5212, #3510, #1042, #211, #2791, #2686, #4347, #294, #3200, #2712, #3621, #652, #1125, #3968, #622, #4455, #3939, #236, #3536, #3118, #1490, #1072, #676, #5187, #2334, #3582, #1429, #4748, #2250, #101, #1011, #3885, #5083, #5131, #1348, #4648, #914, #2627, #1763, #3092, #5160, #3480, #2681, #3427, #5050 ),
 .UNSPECIFIED., .F., .F.,
 ( 4, 2, 2, 2, 2, 2, 2, 2, 2, 2, 2, 2, 2, 2, 2, 2, 2, 2, 2, 2, 2, 2, 2, 2, 4 ),
 ( 0.000000000000000000, 0.001627582167774930047, 0.002441373251662394637, 0.003255164335549858359, 0.004068955419437323383, 0.004882746503324787539, 0.006510328671099684626, 0.007324119754987133170, 0.008137910838874582581, 0.009765493006649500485, 0.01057928409053696811, 0.01139307517442443574, 0.01220686625831190336, 0.01302065734219937272, 0.01464823950997430624, 0.01546203059386177386, 0.01627582167774924149, 0.01790340384552419062, 0.01953098601329913975, 0.02115856818107408194, 0.02197235926496157038, 0.02278615034884905882, 0.02441373251662400101, 0.02522752360051148945, 0.02604131468439897790 ),
 .UNSPECIFIED. ) ;
#520 = VECTOR ( 'NONE', #3012, 1000.000000000000000 ) ;
#521 = CARTESIAN_POINT ( 'NONE',  ( 18.71804398916287226, 47.46469095946625316, -63.03709429354786664 ) ) ;
#522 = DIRECTION ( 'NONE',  ( 0.000000000000000000, 0.000000000000000000, 1.000000000000000000 ) ) ;
#523 = CARTESIAN_POINT ( 'NONE',  ( 18.85993678920754135, 68.66924897045905141, -2.304743399987777774 ) ) ;
#524 = CARTESIAN_POINT ( 'NONE',  ( -7.549834435270744493, 120.5000000000000142, 8.000000000000003553 ) ) ;
#525 = CARTESIAN_POINT ( 'NONE',  ( -15.37996477048800692, 107.5098778677073739, -9.548384805906685813 ) ) ;
#526 = CARTESIAN_POINT ( 'NONE',  ( -17.72882435611967722, 23.89470654721128540, 0.1613480661856359355 ) ) ;
#527 = CARTESIAN_POINT ( 'NONE',  ( -12.75773187104166162, 103.0142570895731211, -19.15106050450152608 ) ) ;
#528 = CARTESIAN_POINT ( 'NONE',  ( 18.13913868669614615, 31.75788748360637470, -59.66120366333429814 ) ) ;
#529 = CARTESIAN_POINT ( 'NONE',  ( 3.701311535742024095, 102.6128473890590271, -19.54022594265950374 ) ) ;
#530 = CARTESIAN_POINT ( 'NONE',  ( 0.000000000000000000, 109.8726271249037154, 0.000000000000000000 ) ) ;
#531 = ORIENTED_EDGE ( 'NONE', *, *, #4109, .T. ) ;
#532 = CARTESIAN_POINT ( 'NONE',  ( -16.00606062048659339, 102.7766034288949299, -15.90970438152656818 ) ) ;
#533 = ORIENTED_EDGE ( 'NONE', *, *, #1448, .T. ) ;
#534 = CARTESIAN_POINT ( 'NONE',  ( 7.833155735424282007, 122.6507599487549669, 7.724377235236511652 ) ) ;
#535 = CIRCLE ( 'NONE', #1667, 2.000000000000000000 ) ;
#536 = ORIENTED_EDGE ( 'NONE', *, *, #491, .T. ) ;
#537 = CARTESIAN_POINT ( 'NONE',  ( -15.74087083618916338, 22.28454441212583603, -42.69802568999740799 ) ) ;
#538 = CARTESIAN_POINT ( 'NONE',  ( 17.73764866847260535, 24.04084794371863509, -7.875805736371579496E-16 ) ) ;
#539 = CARTESIAN_POINT ( 'NONE',  ( -17.72026814230934022, 23.79051645073699817, -3.442795871362823387E-16 ) ) ;
#540 = DIRECTION ( 'NONE',  ( 1.000000000000000000, 0.000000000000000000, 0.000000000000000000 ) ) ;
#541 = CARTESIAN_POINT ( 'NONE',  ( -19.00000000000000000, 46.46038495710888583, -42.30595897444583642 ) ) ;
#542 = EDGE_CURVE ( 'NONE', #2872, #1323, #1229, .T. ) ;
#543 = DIRECTION ( 'NONE',  ( 0.000000000000000000, 0.6960717803469737008, -0.7179721976543342876 ) ) ;
#544 = DIRECTION ( 'NONE',  ( 0.000000000000000000, 0.000000000000000000, -1.000000000000000000 ) ) ;
#545 = CARTESIAN_POINT ( 'NONE',  ( 10.67948454925279655, 128.0534469132686581, 2.648971434221863763 ) ) ;
#546 = CARTESIAN_POINT ( 'NONE',  ( -10.02673350395974161, 109.6233894614086495, -14.86235168843171728 ) ) ;
#547 = CARTESIAN_POINT ( 'NONE',  ( 16.52551592803662572, 40.76690048196501692, -64.32756354554656752 ) ) ;
#548 = DIRECTION ( 'NONE',  ( 0.001918548972283651115, -0.9999981595832269088, 0.000000000000000000 ) ) ;
#549 = DIRECTION ( 'NONE',  ( 1.000000000000000000, 0.000000000000000000, -1.224646799147353207E-16 ) ) ;
#550 = CARTESIAN_POINT ( 'NONE',  ( 17.73764866847283628, 24.04084794372142753, 0.2197503345239544270 ) ) ;
#551 = ORIENTED_EDGE ( 'NONE', *, *, #2650, .T. ) ;
#552 = CARTESIAN_POINT ( 'NONE',  ( 18.95862431618455801, 60.44783056776785202, -65.04694009427630874 ) ) ;
#553 = B_SPLINE_CURVE_WITH_KNOTS ( 'NONE', 3,
 ( #4753, #732, #5269, #1547, #4429, #1097, #2741, #3096, #3996, #2309, #2765, #701, #4053, #1460, #1922, #2359, #264, #3146, #4022, #2386, #3566, #4375 ),
 .UNSPECIFIED., .F., .F.,
 ( 4, 2, 2, 2, 2, 2, 2, 2, 2, 2, 4 ),
 ( 0.01677747994068936113, 0.02019450766405188682, 0.02190302152573314967, 0.02361153538741441599, 0.02702856311077692780, 0.03044559083413944656, 0.03386261855750195837, 0.03727964628086447019, 0.03898816014254573303, 0.04069667400422698894, 0.04411370172758950076 ),
 .UNSPECIFIED. ) ;
#554 = CARTESIAN_POINT ( 'NONE',  ( -17.68167492193847679, 23.32288768158121783, 0.8016582993974300519 ) ) ;
#555 = CARTESIAN_POINT ( 'NONE',  ( -13.58854608099628969, 104.1428623285240604, -18.05688128620858279 ) ) ;
#556 = B_SPLINE_CURVE_WITH_KNOTS ( 'NONE', 3,
 ( #3545, #3573, #681, #3053, #1441, #3102, #1414, #999, #1797, #5116, #4354, #1469, #3873, #5219, #2670, #4759, #1389, #2641, #4710, #628, #3896, #3124, #1495, #3152, #192, #1848, #3518, #3948, #216, #1048, #1876, #1554, #3779, #4835, #834, #1686, #4971, #4999, #3627, #1267, #4861, #4027, #1658, #4626 ),
 .UNSPECIFIED., .F., .F.,
 ( 4, 2, 2, 2, 2, 2, 2, 2, 2, 2, 2, 2, 2, 2, 2, 2, 2, 2, 2, 2, 2, 4 ),
 ( 0.03040398577778401917, 0.03120225601964636553, 0.03200052626150871188, 0.03359706674523339764, 0.03439533698709572318, 0.03519360722895804872, 0.03599187747082038119, 0.03679014771268270673, 0.03838668819640738555, 0.03918495843826971109, 0.03998322868013204356, 0.04157976916385669464, 0.04237803940571902017, 0.04317630964758134571, 0.04477285013130600372, 0.04636939061503065479, 0.04796593109875531280, 0.04956247158247996387, 0.05115901206620462188, 0.05275555254992927989, 0.05435209303365393096, 0.05594863351737858898 ),
 .UNSPECIFIED. ) ;
#557 = CARTESIAN_POINT ( 'NONE',  ( 16.33291989934619437, 35.21871783769075392, -62.09539976804958172 ) ) ;
#558 = CARTESIAN_POINT ( 'NONE',  ( -2.586317249408160990, 102.4635029166572764, -19.68501493745527497 ) ) ;
#559 = AXIS2_PLACEMENT_3D ( 'NONE', #2808, #2323, #4790 ) ;
#560 = CARTESIAN_POINT ( 'NONE',  ( 18.80311077946516818, 67.32346982070653496, 2.925366532306215461 ) ) ;
#561 = ORIENTED_EDGE ( 'NONE', *, *, #3405, .T. ) ;
#562 = AXIS2_PLACEMENT_3D ( 'NONE', #3960, #3643, #3193 ) ;
#563 = EDGE_CURVE ( 'NONE', #13, #2647, #3248, .T. ) ;
#564 = CARTESIAN_POINT ( 'NONE',  ( -13.40757931236310263, 104.4542763454246455, -16.96482119052911486 ) ) ;
#565 = VECTOR ( 'NONE', #4560, 1000.000000000000000 ) ;
#566 = FACE_OUTER_BOUND ( 'NONE', #4158, .T. ) ;
#567 = ORIENTED_EDGE ( 'NONE', *, *, #1640, .T. ) ;
#568 = DIRECTION ( 'NONE',  ( 1.000000000000000000, -0.000000000000000000, -0.000000000000000000 ) ) ;
#569 = CARTESIAN_POINT ( 'NONE',  ( 17.70091337875333082, 23.72003825188309278, 0.8144876103463027928 ) ) ;
#570 = CARTESIAN_POINT ( 'NONE',  ( 14.28431103781630362, 104.4473887527520191, -16.44936816109016320 ) ) ;
#571 = CARTESIAN_POINT ( 'NONE',  ( -15.37996477048800692, 107.5098778677073739, -9.548384805906685813 ) ) ;
#572 = CARTESIAN_POINT ( 'NONE',  ( 14.18782809639217923, 101.1885571713297196, -18.13544762992048121 ) ) ;
#573 = ADVANCED_FACE ( 'NONE', ( #4016 ), #1033, .F. ) ;
#574 = CARTESIAN_POINT ( 'NONE',  ( 18.96203905668665968, 61.89083885849932898, -59.01122168055698580 ) ) ;
#575 = CARTESIAN_POINT ( 'NONE',  ( 9.628161818879197753, 126.4764129415434866, -5.324209095418502180 ) ) ;
#576 = CARTESIAN_POINT ( 'NONE',  ( -9.156509324617875478, 104.0000000000025437, -18.19538586296430083 ) ) ;
#577 = CARTESIAN_POINT ( 'NONE',  ( 12.69098995156779530, 48.91541878313796587, -47.33275207102241922 ) ) ;
#578 = CARTESIAN_POINT ( 'NONE',  ( -18.64824894399864519, 45.02449172995815729, -48.76540200048551554 ) ) ;
#579 = CARTESIAN_POINT ( 'NONE',  ( 17.92823079203194325, 85.72960723346523082, -5.748530081448188334 ) ) ;
#580 = CARTESIAN_POINT ( 'NONE',  ( -14.24551919564537350, 103.4036565016871521, -18.65541116746715389 ) ) ;
#581 = CARTESIAN_POINT ( 'NONE',  ( -15.72976306803249003, 5.152203317478194045, 5.320321562466840959 ) ) ;
#582 = CARTESIAN_POINT ( 'NONE',  ( -11.46018602820065979, 104.3517992068046283, -17.62552960938949909 ) ) ;
#583 = CARTESIAN_POINT ( 'NONE',  ( 18.18909108511007133, 32.84070744676699150, -60.52339410501515715 ) ) ;
#584 = ORIENTED_EDGE ( 'NONE', *, *, #114, .T. ) ;
#585 = ADVANCED_FACE ( 'NONE', ( #315 ), #4367, .F. ) ;
#586 = CARTESIAN_POINT ( 'NONE',  ( 18.53490521270850522, 67.84960724443385516, 4.184623498587600743 ) ) ;
#587 = EDGE_LOOP ( 'NONE', ( #2638, #1651, #1720, #1918 ) ) ;
#588 = CARTESIAN_POINT ( 'NONE',  ( -18.95805464026526010, 60.69876405404755104, -6.740728372870644106E-17 ) ) ;
#589 = EDGE_LOOP ( 'NONE', ( #3819, #5152, #2089, #952 ) ) ;
#590 = CARTESIAN_POINT ( 'NONE',  ( -14.02173126511212686, 102.5267294418552666, -15.90970438152679911 ) ) ;
#591 = EDGE_CURVE ( 'NONE', #4651, #4931, #5074, .T. ) ;
#592 = CARTESIAN_POINT ( 'NONE',  ( -18.77675183405835924, 49.79583261816615192, -39.10654503949023564 ) ) ;
#593 = ORIENTED_EDGE ( 'NONE', *, *, #4458, .T. ) ;
#594 = CARTESIAN_POINT ( 'NONE',  ( 14.24932177580947013, 103.3874730028904310, -18.64231640118276445 ) ) ;
#595 = CARTESIAN_POINT ( 'NONE',  ( 17.66998224405789486, 23.45291891501877402, 1.115900766176798786 ) ) ;
#596 = CARTESIAN_POINT ( 'NONE',  ( -18.79635755933439611, 67.61039156656215710, -2.764499693627504140 ) ) ;
#597 = CARTESIAN_POINT ( 'NONE',  ( 8.970786624744595983, 3.510950164631728931, 13.61479294031829390 ) ) ;
#598 = CARTESIAN_POINT ( 'NONE',  ( 18.76530019806304139, 68.42790122119282614, -3.128305541334055917 ) ) ;
#599 = CARTESIAN_POINT ( 'NONE',  ( 0.000000000000000000, 100.0000000000000000, 0.000000000000000000 ) ) ;
#600 = CARTESIAN_POINT ( 'NONE',  ( -11.74104058897192182, 109.8726271249037012, -13.52061704138212406 ) ) ;
#601 = FACE_OUTER_BOUND ( 'NONE', #3805, .T. ) ;
#602 = CARTESIAN_POINT ( 'NONE',  ( 18.51946927954507771, 41.06135420645885148, -38.24318994711134678 ) ) ;
#603 = CARTESIAN_POINT ( 'NONE',  ( 17.17429178089561503, 92.50826363561431265, -7.873122844348499072 ) ) ;
#604 = FACE_OUTER_BOUND ( 'NONE', #122, .T. ) ;
#605 = CARTESIAN_POINT ( 'NONE',  ( -15.95165709795665165, 11.75105809618645303, 5.736436083230396221 ) ) ;
#606 = CARTESIAN_POINT ( 'NONE',  ( -12.49199358753802436, 104.0024474453732353, -18.19301307239840071 ) ) ;
#607 = B_SPLINE_CURVE_WITH_KNOTS ( 'NONE', 3,
 ( #1695, #2559, #4544, #1664 ),
 .UNSPECIFIED., .F., .F.,
 ( 4, 4 ),
 ( -1.800693692147643392E-05, 0.002358894941851026692 ),
 .UNSPECIFIED. ) ;
#608 = EDGE_CURVE ( 'NONE', #860, #3581, #1453, .T. ) ;
#609 = CARTESIAN_POINT ( 'NONE',  ( -18.95948793862146431, 60.53186362698455980, -57.54028336772453400 ) ) ;
#610 = ORIENTED_EDGE ( 'NONE', *, *, #2501, .F. ) ;
#611 =( BOUNDED_SURFACE ( )  B_SPLINE_SURFACE ( 3, 2, ( 
 ( #1659, #5298, #760 ),
 ( #1577, #836, #353 ),
 ( #4538, #1342, #2065 ),
 ( #4161, #2011, #930 ),
 ( #432, #2092, #5382 ),
 ( #3233, #1983, #3319 ),
 ( #4886, #3729, #4973 ),
 ( #4137, #1634, #1241 ),
 ( #2041, #808, #2472 ),
 ( #1211, #4484, #5331 ),
 ( #3826, #2912, #5357 ),
 ( #94, #4570, #1756 ),
 ( #3421, #3015, #2881 ),
 ( #2596, #2415, #405 ),
 ( #1155, #4263, #785 ),
 ( #4917, #3651, #4082 ),
 ( #1606, #3259, #1181 ),
 ( #2852, #4511, #2446 ),
 ( #4107, #378, #3702 ),
 ( #3288, #4944, #124 ) ),
 .UNSPECIFIED., .F., .F., .F. ) 
 B_SPLINE_SURFACE_WITH_KNOTS ( ( 4, 2, 2, 2, 2, 2, 2, 2, 2, 4 ),
 ( 3, 3 ),
 ( 0.09833212597475229910, 0.09857053370754094435, 0.09880894144032958959, 0.09928575690590689395, 0.09976257237148419832, 0.1002393878370614888, 0.1011930187682160975, 0.1021466496993706924, 0.1040539115616798960, 0.1059611734239890857 ),
 ( 0.000000000000000000, 1.000000000000000000 ),
 .UNSPECIFIED. ) 
 GEOMETRIC_REPRESENTATION_ITEM ( )  RATIONAL_B_SPLINE_SURFACE ( (
 ( 1.000000000000000000, 0.9999212869782961866, 1.000000000000000000),
 ( 1.000000000000000000, 0.9999212907209432677, 1.000000000000000000),
 ( 1.000000000000000000, 0.9998905534229955983, 1.000000000000000000),
 ( 1.000000000000000000, 0.9998152888367861646, 1.000000000000000000),
 ( 1.000000000000000000, 0.9997700543502255899, 1.000000000000000000),
 ( 1.000000000000000000, 0.9996291702363528930, 1.000000000000000000),
 ( 1.000000000000000000, 0.9995274589150058286, 1.000000000000000000),
 ( 1.000000000000000000, 0.9993176286305931466, 1.000000000000000000),
 ( 1.000000000000000000, 0.9992089826312975376, 1.000000000000000000),
 ( 1.000000000000000000, 0.9989884153445010018, 1.000000000000000000),
 ( 1.000000000000000000, 0.9988761436122303161, 1.000000000000000000),
 ( 1.000000000000000000, 0.9985341026146515864, 1.000000000000000000),
 ( 1.000000000000000000, 0.9982991311175940519, 1.000000000000000000),
 ( 1.000000000000000000, 0.9978167367490834438, 1.000000000000000000),
 ( 1.000000000000000000, 0.9975692741683394038, 1.000000000000000000),
 ( 1.000000000000000000, 0.9968088258654143052, 1.000000000000000000),
 ( 1.000000000000000000, 0.9962782278254942447, 1.000000000000000000),
 ( 1.000000000000000000, 0.9951717414061524991, 1.000000000000000000),
 ( 1.000000000000000000, 0.9945955577802708669, 1.000000000000000000),
 ( 1.000000000000000000, 0.9939961671865896742, 1.000000000000000000) ) ) 
 REPRESENTATION_ITEM ( '' )  SURFACE ( )  );
#612 = ORIENTED_EDGE ( 'NONE', *, *, #1201, .F. ) ;
#613 = CARTESIAN_POINT ( 'NONE',  ( 12.76810326092166648, 103.0104225436798941, -19.15477808464661180 ) ) ;
#614 = CARTESIAN_POINT ( 'NONE',  ( -18.69348444692610300, 46.58221521776846430, -36.95790007942601818 ) ) ;
#615 = VERTEX_POINT ( 'NONE', #1118 ) ;
#616 = CARTESIAN_POINT ( 'NONE',  ( 18.76272417628011269, 68.50096966175090074, -3.229129308276584176 ) ) ;
#617 = CARTESIAN_POINT ( 'NONE',  ( 17.72026811900766674, 23.79051616674041014, 0.05049976775783548283 ) ) ;
#618 = CARTESIAN_POINT ( 'NONE',  ( -15.46166690265375188, 119.1719216087534363, -7.893375388674319204 ) ) ;
#619 = ORIENTED_EDGE ( 'NONE', *, *, #1109, .F. ) ;
#620 = CARTESIAN_POINT ( 'NONE',  ( 0.000000000000000000, 104.0000000000001421, 0.000000000000000000 ) ) ;
#621 = CARTESIAN_POINT ( 'NONE',  ( 9.902972437817059159, 3.724114196323385695, 12.97480420615512564 ) ) ;
#622 = CARTESIAN_POINT ( 'NONE',  ( -10.60589611573802493, 113.0507979594943180, -2.928913027554270965 ) ) ;
#623 = CARTESIAN_POINT ( 'NONE',  ( 18.84581349209660317, 65.91511836168476179, 2.561463293772821004 ) ) ;
#624 = CARTESIAN_POINT ( 'NONE',  ( -7.280383885324254400, 108.5061060904266697, -16.44613950264341184 ) ) ;
#625 = CARTESIAN_POINT ( 'NONE',  ( -12.76810326090403613, 103.0104225436551673, -19.15477808467058551 ) ) ;
#626 = CARTESIAN_POINT ( 'NONE',  ( -18.80165104150746203, 50.87072068157865345, -44.12944212428595137 ) ) ;
#627 = CARTESIAN_POINT ( 'NONE',  ( 17.68584239472951225, 23.58981786092006416, 0.9636982941898116772 ) ) ;
#628 = CARTESIAN_POINT ( 'NONE',  ( 17.35084483158189528, 113.3433835820311231, 3.584931677471914657 ) ) ;
#629 = CARTESIAN_POINT ( 'NONE',  ( -16.69935427186347709, 128.4999831259950156, -0.5322830735065744445 ) ) ;
#630 = CARTESIAN_POINT ( 'NONE',  ( 7.844404459574715993, 118.3569979602998217, 7.712158919406193469 ) ) ;
#631 = CARTESIAN_POINT ( 'NONE',  ( -0.7320092594133307262, 102.3163390587500174, -19.82768983337867752 ) ) ;
#632 = ORIENTED_EDGE ( 'NONE', *, *, #4743, .T. ) ;
#633 = ORIENTED_EDGE ( 'NONE', *, *, #1092, .F. ) ;
#634 = ORIENTED_EDGE ( 'NONE', *, *, #1099, .F. ) ;
#635 = CARTESIAN_POINT ( 'NONE',  ( 9.334858299913097568, 104.1184505769061559, -18.08054840238046523 ) ) ;
#636 = CIRCLE ( 'NONE', #1768, 0.5000000000000012212 ) ;
#637 = CARTESIAN_POINT ( 'NONE',  ( -18.78444375432053803, 50.12175348973822508, -39.59425795055480535 ) ) ;
#638 = CIRCLE ( 'NONE', #4556, 2.000000000000000444 ) ;
#639 = ORIENTED_EDGE ( 'NONE', *, *, #894, .F. ) ;
#640 =( BOUNDED_SURFACE ( )  B_SPLINE_SURFACE ( 3, 2, ( 
 ( #4809, #3947, #191 ),
 ( #2717, #5192, #2612 ),
 ( #4278, #2233, #5115 ),
 ( #4382, #2206, #969 ),
 ( #603, #167, #1388 ),
 ( #3052, #4758, #579 ),
 ( #1820, #1412, #3078 ),
 ( #4732, #4327, #2262 ),
 ( #1847, #1021, #3123 ),
 ( #657, #4781, #2693 ),
 ( #4353, #215, #1875 ),
 ( #2315, #3626, #4025 ) ),
 .UNSPECIFIED., .F., .F., .F. ) 
 B_SPLINE_SURFACE_WITH_KNOTS ( ( 4, 2, 2, 2, 2, 4 ),
 ( 3, 3 ),
 ( 0.05498985701129383008, 0.06568981604972277955, 0.07638977508815172901, 0.08708973412658069235, 0.09243971364579517402, 0.09778969316500964182 ),
 ( 0.000000000000000000, 1.000000000000000000 ),
 .UNSPECIFIED. ) 
 GEOMETRIC_REPRESENTATION_ITEM ( )  RATIONAL_B_SPLINE_SURFACE ( (
 ( 1.000000000000000000, 0.9643635820991180996, 1.000000000000000000),
 ( 1.000000000000000000, 0.9686587990992640007, 1.000000000000000000),
 ( 1.000000000000000000, 0.9724832101004369234, 1.000000000000000000),
 ( 1.000000000000000000, 0.9793372509530119396, 1.000000000000000000),
 ( 1.000000000000000000, 0.9823672491273663931, 1.000000000000000000),
 ( 1.000000000000000000, 0.9877368255298298871, 1.000000000000000000),
 ( 1.000000000000000000, 0.9900750509922155995, 1.000000000000000000),
 ( 1.000000000000000000, 0.9931076915629337698, 1.000000000000000000),
 ( 1.000000000000000000, 0.9940396465963864392, 1.000000000000000000),
 ( 1.000000000000000000, 0.9957516299332892507, 1.000000000000000000),
 ( 1.000000000000000000, 0.9965316544479714267, 1.000000000000000000),
 ( 1.000000000000000000, 0.9972373547018080764, 1.000000000000000000) ) ) 
 REPRESENTATION_ITEM ( '' )  SURFACE ( )  );
#641 = CARTESIAN_POINT ( 'NONE',  ( 18.76267016346697503, 68.51508184766917964, -3.148500875466374360 ) ) ;
#642 = AXIS2_PLACEMENT_3D ( 'NONE', #2543, #880, #2491 ) ;
#643 = CARTESIAN_POINT ( 'NONE',  ( 16.73060477616751029, 16.46061453970264310, 4.293598225910044697 ) ) ;
#644 = CARTESIAN_POINT ( 'NONE',  ( 15.95681968207301615, 6.908328331012125290, 2.774674732846910352 ) ) ;
#645 = ORIENTED_EDGE ( 'NONE', *, *, #1844, .T. ) ;
#646 = EDGE_CURVE ( 'NONE', #5178, #4397, #4467, .T. ) ;
#647 = EDGE_CURVE ( 'NONE', #4477, #1882, #229, .T. ) ;
#648 = CARTESIAN_POINT ( 'NONE',  ( -18.94570324375360570, 59.19057137884194475, -58.75031028813002365 ) ) ;
#649 = CARTESIAN_POINT ( 'NONE',  ( -17.97157718602371190, 28.35659684648411982, -52.74485100200629262 ) ) ;
#650 = EDGE_CURVE ( 'NONE', #5178, #4849, #781, .T. ) ;
#651 = FACE_OUTER_BOUND ( 'NONE', #2221, .T. ) ;
#652 = CARTESIAN_POINT ( 'NONE',  ( -9.933136225411455911, 114.0440798513626675, -4.731359320287204184 ) ) ;
#653 = CYLINDRICAL_SURFACE ( 'NONE', #1382, 1.000000000000000888 ) ;
#654 = ADVANCED_FACE ( 'NONE', ( #5205 ), #4449, .F. ) ;
#655 = CARTESIAN_POINT ( 'NONE',  ( 18.15269722720468693, 32.06543509418157356, -57.35079643229355639 ) ) ;
#656 = CARTESIAN_POINT ( 'NONE',  ( 18.46520770704566416, 39.55550583452834701, -40.28975388734135521 ) ) ;
#657 = CARTESIAN_POINT ( 'NONE',  ( 18.64139602563230014, 71.67817494720996763, -3.960851244089309997 ) ) ;
#658 = CARTESIAN_POINT ( 'NONE',  ( -15.83938928506891664, 104.1001938813752759, -16.30213613670543538 ) ) ;
#659 = CARTESIAN_POINT ( 'NONE',  ( -16.22728547232845031, 13.32175337829191974, 5.280625623586844064 ) ) ;
#660 = CARTESIAN_POINT ( 'NONE',  ( 10.22060586277502559, 113.6073773698698517, 4.093236605195676781 ) ) ;
#661 = CARTESIAN_POINT ( 'NONE',  ( 15.30825329149132763, 120.5000000000000142, 8.000000000000003553 ) ) ;
#662 = CARTESIAN_POINT ( 'NONE',  ( -14.93137853878800669, 107.7052055540390967, -10.78018601385515751 ) ) ;
#663 = CARTESIAN_POINT ( 'NONE',  ( -3.015380157547898676, 106.6964352357882575, -17.81711628462957364 ) ) ;
#664 = ORIENTED_EDGE ( 'NONE', *, *, #3005, .F. ) ;
#665 = CARTESIAN_POINT ( 'NONE',  ( 14.05881347883623356, 104.4521564183557700, -16.61007751674591759 ) ) ;
#666 = CARTESIAN_POINT ( 'NONE',  ( -18.73691595562569034, 48.19650705637501886, -37.66868572673785565 ) ) ;
#667 = ORIENTED_EDGE ( 'NONE', *, *, #2512, .T. ) ;
#668 = CARTESIAN_POINT ( 'NONE',  ( 17.25754928374158226, 18.15098841951326492, -26.68376185997690087 ) ) ;
#669 = CARTESIAN_POINT ( 'NONE',  ( 17.53391454363291402, 22.31416414416076677, 1.913581375638523596 ) ) ;
#670 = ADVANCED_FACE ( 'NONE', ( #1481, #5179 ), #2380, .F. ) ;
#671 = ORIENTED_EDGE ( 'NONE', *, *, #4672, .F. ) ;
#672 =( BOUNDED_CURVE ( )  B_SPLINE_CURVE ( 3, ( #3411, #1356, #920, #3434 ),
 .UNSPECIFIED., .F., .F. ) 
 B_SPLINE_CURVE_WITH_KNOTS ( ( 4, 4 ),
 ( 3.064832961800205258, 3.102812198457566950 ),
 .UNSPECIFIED. ) 
 CURVE ( )  GEOMETRIC_REPRESENTATION_ITEM ( )  RATIONAL_B_SPLINE_CURVE ( ( 1.000000000000000000, 0.9998798017439891606, 0.9998798017439891606, 1.000000000000000000 ) ) 
 REPRESENTATION_ITEM ( '' )  );
#673 = CARTESIAN_POINT ( 'NONE',  ( -18.78096146690083401, 49.96958868070047544, -62.74410043280252580 ) ) ;
#674 = CARTESIAN_POINT ( 'NONE',  ( -18.73970914119096776, 48.28761406249485333, -62.97906867456102020 ) ) ;
#675 = FACE_OUTER_BOUND ( 'NONE', #15, .T. ) ;
#676 = CARTESIAN_POINT ( 'NONE',  ( -11.00069480464313365, 112.4990446429080464, 0.5334048311275760845 ) ) ;
#677 = CARTESIAN_POINT ( 'NONE',  ( 12.64177104830166165, 4.564627086264679612, 10.45318565688450363 ) ) ;
#678 = CARTESIAN_POINT ( 'NONE',  ( -17.73764866847233179, 24.04084794371485145, 0.2197503345217586002 ) ) ;
#679 = CARTESIAN_POINT ( 'NONE',  ( 18.83594063849203337, 52.44606188236529931, -62.16973486007749727 ) ) ;
#680 = CARTESIAN_POINT ( 'NONE',  ( 14.93678107945264877, 107.6788352500290671, -10.77346172492466536 ) ) ;
#681 = CARTESIAN_POINT ( 'NONE',  ( 15.35481111410147292, 119.9694548600021307, 7.986830730277969970 ) ) ;
#682 = CARTESIAN_POINT ( 'NONE',  ( 2.246754097145033935, 106.5228930502148899, -17.94550273384777128 ) ) ;
#683 = DIRECTION ( 'NONE',  ( 1.000000000000000000, 0.000000000000000000, 0.000000000000000000 ) ) ;
#684 = CARTESIAN_POINT ( 'NONE',  ( 9.934792009882036368, 114.0415204645819500, 4.727975279912146611 ) ) ;
#685 = CARTESIAN_POINT ( 'NONE',  ( -18.95575417305121491, 60.85243289728949634, -57.27070215586519453 ) ) ;
#686 = CARTESIAN_POINT ( 'NONE',  ( -15.74087083618916338, 22.28454441212581472, -42.69802568999735115 ) ) ;
#687 = CARTESIAN_POINT ( 'NONE',  ( -8.557052334228849588, 124.5440245305147755, 6.921172019842077638 ) ) ;
#688 = CARTESIAN_POINT ( 'NONE',  ( 9.735923565074068975, 2.333565767554760750, 9.853331670596395142 ) ) ;
#689 = EDGE_LOOP ( 'NONE', ( #3955, #4791, #1891, #2623 ) ) ;
#690 = CARTESIAN_POINT ( 'NONE',  ( 7.668402663795967023, 119.1324636515875000, -7.886801978811202929 ) ) ;
#691 = CARTESIAN_POINT ( 'NONE',  ( 9.238549269845742984, 103.8628437825034041, -18.32835838308720611 ) ) ;
#692 = CARTESIAN_POINT ( 'NONE',  ( -17.63706140616320539, 22.27096860388333610, -42.66226668473150596 ) ) ;
#693 = ORIENTED_EDGE ( 'NONE', *, *, #3381, .T. ) ;
#694 = CARTESIAN_POINT ( 'NONE',  ( 15.26666948245699551, 16.47426916591099655, -27.39362101557634688 ) ) ;
#695 = CARTESIAN_POINT ( 'NONE',  ( 17.56750807524234048, 21.98058986365353462, 1.450963664418750021 ) ) ;
#696 = CARTESIAN_POINT ( 'NONE',  ( 0.000000000000000000, 104.0000000000001421, 0.000000000000000000 ) ) ;
#697 = ORIENTED_EDGE ( 'NONE', *, *, #1778, .F. ) ;
#698 = CARTESIAN_POINT ( 'NONE',  ( -18.78912562440010703, 50.31380758032532441, -64.72293067940307765 ) ) ;
#699 = CARTESIAN_POINT ( 'NONE',  ( 18.15958069497525074, 82.32422316621635616, -5.220445126018352866 ) ) ;
#700 = CARTESIAN_POINT ( 'NONE',  ( 18.68016385225845610, 68.50952931667606549, 3.572066864963279187 ) ) ;
#701 = CARTESIAN_POINT ( 'NONE',  ( 16.23095699180992924, 32.60843914482418882, -60.37824128131450863 ) ) ;
#702 = CARTESIAN_POINT ( 'NONE',  ( -15.74779778040289635, 5.262063127788398020, 2.139599224239906672 ) ) ;
#703 =( BOUNDED_CURVE ( )  B_SPLINE_CURVE ( 3, ( #70, #155, #4290, #2991 ),
 .UNSPECIFIED., .F., .F. ) 
 B_SPLINE_CURVE_WITH_KNOTS ( ( 4, 4 ),
 ( 1.514268464940968784, 1.745329251994333974 ),
 .UNSPECIFIED. ) 
 CURVE ( )  GEOMETRIC_REPRESENTATION_ITEM ( )  RATIONAL_B_SPLINE_CURVE ( ( 1.000000000000000000, 0.9955558557911828865, 0.9955558557911828865, 1.000000000000000000 ) ) 
 REPRESENTATION_ITEM ( '' )  );
#704 = CARTESIAN_POINT ( 'NONE',  ( 18.95458229452819410, 60.92843215532821688, -57.19740677055758482 ) ) ;
#705 = CARTESIAN_POINT ( 'NONE',  ( 15.44999491720988694, 107.0039811136059313, -10.69321010217116807 ) ) ;
#706 = FACE_OUTER_BOUND ( 'NONE', #2400, .T. ) ;
#707 = CARTESIAN_POINT ( 'NONE',  ( -12.19380040805255128, 2.028224234031674733, 10.65760861014252470 ) ) ;
#708 = DIRECTION ( 'NONE',  ( 0.000000000000000000, 0.000000000000000000, 1.000000000000000000 ) ) ;
#709 = CARTESIAN_POINT ( 'NONE',  ( -16.95482001634950819, 62.28974017202617119, -58.63335116586625162 ) ) ;
#710 = CARTESIAN_POINT ( 'NONE',  ( -12.65719033491027723, 45.02449172995815729, -36.76540200048550133 ) ) ;
#711 = CARTESIAN_POINT ( 'NONE',  ( -10.60961647096256044, 127.9544960788980603, 2.915456791818547000 ) ) ;
#712 = ADVANCED_FACE ( 'NONE', ( #4339 ), #4046, .T. ) ;
#713 = CARTESIAN_POINT ( 'NONE',  ( 12.27824143594120443, 3.446848535730540952, 6.920918096502557404 ) ) ;
#714 = CARTESIAN_POINT ( 'NONE',  ( 11.32749099693212891, 109.8726271223905826, -13.87973545537253806 ) ) ;
#715 = ORIENTED_EDGE ( 'NONE', *, *, #1294, .F. ) ;
#716 = CARTESIAN_POINT ( 'NONE',  ( 18.87751441631952076, 68.35406358133303684, -1.287222370571212915 ) ) ;
#717 = CARTESIAN_POINT ( 'NONE',  ( 8.357702609483331102, 116.8880522490688350, -7.157082765409294112 ) ) ;
#718 = CARTESIAN_POINT ( 'NONE',  ( -16.23058009195003493, 32.59934059064775624, -60.37067278142008320 ) ) ;
#719 = ADVANCED_FACE ( 'NONE', ( #371 ), #1261, .T. ) ;
#720 = VERTEX_POINT ( 'NONE', #400 ) ;
#721 = B_SPLINE_CURVE_WITH_KNOTS ( 'NONE', 3,
 ( #408, #1325, #4975, #4217, #4650, #1690, #3351, #1742, #4602, #2094, #2502, #892, #4163, #4245, #1270, #2941, #916, #2166, #864, #2145, #434, #104, #2580, #838, #3731, #3756 ),
 .UNSPECIFIED., .F., .F.,
 ( 4, 2, 2, 2, 2, 2, 2, 2, 2, 2, 2, 2, 4 ),
 ( 1.844606317635128091E-18, 0.002569877488308782224, 0.003854816232463173335, 0.005139754976617563580, 0.006424693720771955559, 0.007709632464926345803, 0.01027950995323512889, 0.01156444869738950700, 0.01284938744154388683, 0.01541926492985264477, 0.01670420367400700379, 0.01798914241816135934, 0.02055901990647008779 ),
 .UNSPECIFIED. ) ;
#722 = CARTESIAN_POINT ( 'NONE',  ( -19.00000000000001776, 120.5000000000000142, 0.000000000000000000 ) ) ;
#723 = CARTESIAN_POINT ( 'NONE',  ( 16.96401505078980421, 18.02850518500170907, 3.759136861836771537 ) ) ;
#724 = EDGE_CURVE ( 'NONE', #4943, #3588, #2118, .T. ) ;
#725 = DIRECTION ( 'NONE',  ( 0.000000000000000000, 0.000000000000000000, -1.000000000000000000 ) ) ;
#726 = ORIENTED_EDGE ( 'NONE', *, *, #894, .T. ) ;
#727 = CIRCLE ( 'NONE', #5156, 6.200000000000003730 ) ;
#728 = CARTESIAN_POINT ( 'NONE',  ( -18.59815035903990221, 43.40322459986153092, -64.84532608160954226 ) ) ;
#729 = CARTESIAN_POINT ( 'NONE',  ( 18.67890108592768428, 72.00918440091302841, -3.459964923417410798 ) ) ;
#730 = CARTESIAN_POINT ( 'NONE',  ( 18.94987618132255136, 61.22973590366441243, 0.8509107179684787248 ) ) ;
#731 = AXIS2_PLACEMENT_3D ( 'NONE', #3764, #946, #2209 ) ;
#732 = CARTESIAN_POINT ( 'NONE',  ( 16.65972794365877974, 45.31583123425790660, -65.04694009427747403 ) ) ;
#733 = CARTESIAN_POINT ( 'NONE',  ( -17.25754928374593078, 18.15098841956608311, -26.68376185995674632 ) ) ;
#734 = CARTESIAN_POINT ( 'NONE',  ( -17.62991443305287831, 23.11197421608394365, 1.391844822120842151 ) ) ;
#735 = CARTESIAN_POINT ( 'NONE',  ( 14.98929674843367543, 108.1057966437910807, -10.40811349133296559 ) ) ;
#736 = CARTESIAN_POINT ( 'NONE',  ( 8.572527594031473190E-16, 142.0000000000000284, 14.00000000000000000 ) ) ;
#737 = CARTESIAN_POINT ( 'NONE',  ( -6.350643861938817913, 3.057822811152451692, 14.97590036141963132 ) ) ;
#738 = CARTESIAN_POINT ( 'NONE',  ( -15.32726542744494047, 123.0921663815407641, -7.573057522838886335 ) ) ;
#739 = CARTESIAN_POINT ( 'NONE',  ( -18.92349358970814421, 68.02099653427242743, 1.714985386649630295 ) ) ;
#740 = EDGE_CURVE ( 'NONE', #5292, #13, #2030, .T. ) ;
#741 = CARTESIAN_POINT ( 'NONE',  ( -18.95458229452820831, 60.92843215532821688, -57.19740677055758482 ) ) ;
#742 = CARTESIAN_POINT ( 'NONE',  ( -11.59715877511104232, 40.45315038811586561, -38.86182921160452963 ) ) ;
#743 =( BOUNDED_CURVE ( )  B_SPLINE_CURVE ( 3, ( #577, #967, #2231, #137 ),
 .UNSPECIFIED., .F., .F. ) 
 B_SPLINE_CURVE_WITH_KNOTS ( ( 4, 4 ),
 ( 3.180380651923707447, 3.218165913311476167 ),
 .UNSPECIFIED. ) 
 CURVE ( )  GEOMETRIC_REPRESENTATION_ITEM ( )  RATIONAL_B_SPLINE_CURVE ( ( 1.000000000000000000, 0.9998810263740042226, 0.9998810263740042226, 1.000000000000000000 ) ) 
 REPRESENTATION_ITEM ( '' )  );
#744 = CARTESIAN_POINT ( 'NONE',  ( -7.549834435270744493, 120.5000000000000142, 8.000000000000003553 ) ) ;
#745 = CARTESIAN_POINT ( 'NONE',  ( 12.61992919728568374, 3.653916893292553869, 6.375495064872298556 ) ) ;
#746 = CARTESIAN_POINT ( 'NONE',  ( 12.67955795918100748, 51.75058445197673507, -65.04694009427632295 ) ) ;
#747 = VERTEX_POINT ( 'NONE', #4879 ) ;
#748 = CARTESIAN_POINT ( 'NONE',  ( 18.77320916157023944, 68.20157448574866521, -2.105471827865129431 ) ) ;
#749 = CARTESIAN_POINT ( 'NONE',  ( 7.565094770878495467, 119.9484603643382457, -7.985675696709146010 ) ) ;
#750 = DIRECTION ( 'NONE',  ( -0.02910935306756025007, 0.3547791700199564580, -0.9344968625329562739 ) ) ;
#751 = CARTESIAN_POINT ( 'NONE',  ( 15.41676567442293155, 4.090603559385511012, 5.225251888671466283 ) ) ;
#752 = CARTESIAN_POINT ( 'NONE',  ( 0.000000000000000000, 137.0000000000000000, -16.00000000000000000 ) ) ;
#753 = ORIENTED_EDGE ( 'NONE', *, *, #4296, .F. ) ;
#754 = CARTESIAN_POINT ( 'NONE',  ( -18.56425338167586503, 42.36971416023793324, -37.37051832125523987 ) ) ;
#755 = CARTESIAN_POINT ( 'NONE',  ( -18.90753331773014168, 68.17011772948303872, -1.882296223834645232 ) ) ;
#756 = CARTESIAN_POINT ( 'NONE',  ( -18.79355277301831251, 67.65986725978194727, 2.601812027744468292 ) ) ;
#757 = CARTESIAN_POINT ( 'NONE',  ( -16.64651688772935501, 44.83941479196314361, -65.00782365337259705 ) ) ;
#758 = ORIENTED_EDGE ( 'NONE', *, *, #3299, .T. ) ;
#759 = CARTESIAN_POINT ( 'NONE',  ( 18.90252149412046734, 68.70880573633323252, 1.921880308013411476 ) ) ;
#760 = CARTESIAN_POINT ( 'NONE',  ( -18.95805464026530274, 60.69876405404744446, -6.740728373026291293E-17 ) ) ;
#761 = CARTESIAN_POINT ( 'NONE',  ( 9.310174499853435037, 3.584992722857994973, 13.39246865976750733 ) ) ;
#762 = CARTESIAN_POINT ( 'NONE',  ( -12.80080048638072121, -11.09860703163220030, -63.08693975180970881 ) ) ;
#763 = CARTESIAN_POINT ( 'NONE',  ( 18.69347704734705573, 65.51466947366432692, 3.379723209290142805 ) ) ;
#764 = DIRECTION ( 'NONE',  ( 0.000000000000000000, 0.1736481776669343280, 0.9848077530122072432 ) ) ;
#765 = CARTESIAN_POINT ( 'NONE',  ( -19.00337983955397192, 68.38453489065290114, 0.2475685393818711222 ) ) ;
#766 = CARTESIAN_POINT ( 'NONE',  ( 15.63080361206582047, 105.6691691406034863, -10.84197884088959185 ) ) ;
#767 = CARTESIAN_POINT ( 'NONE',  ( -12.69990360011237840, 44.03136914534718471, -48.68264016807144401 ) ) ;
#768 = CARTESIAN_POINT ( 'NONE',  ( -15.12455355505996835, 109.8726271249037154, -9.586813811257913542 ) ) ;
#769 = CARTESIAN_POINT ( 'NONE',  ( -12.92509956861026588, 3.869022786782989165, 5.808900970388530816 ) ) ;
#770 = CARTESIAN_POINT ( 'NONE',  ( -12.67192056316956617, 45.20619964628298248, -36.76540200048550844 ) ) ;
#771 = VERTEX_POINT ( 'NONE', #5351 ) ;
#772 = FILL_AREA_STYLE ('',( #4496 ) ) ;
#773 = DIRECTION ( 'NONE',  ( -0.000000000000000000, -1.000000000000000000, -0.000000000000000000 ) ) ;
#774 = CARTESIAN_POINT ( 'NONE',  ( -15.70659348048892490, 117.9062907967279301, 7.585814173470310173 ) ) ;
#775 = CARTESIAN_POINT ( 'NONE',  ( 12.22069575890259507, 40.75379000871377144, -46.99587854435132073 ) ) ;
#776 = B_SPLINE_CURVE_WITH_KNOTS ( 'NONE', 3,
 ( #361, #388, #2019, #464 ),
 .UNSPECIFIED., .F., .F.,
 ( 4, 4 ),
 ( -1.537090549140170134E-05, 0.0004137879650905774824 ),
 .UNSPECIFIED. ) ;
#777 = CARTESIAN_POINT ( 'NONE',  ( 18.77957277970356031, 68.01438391501041281, -2.143664367061850040 ) ) ;
#778 = VERTEX_POINT ( 'NONE', #43 ) ;
#779 = CARTESIAN_POINT ( 'NONE',  ( -18.45288576471596897, 39.22411390169911982, -44.31275417948495488 ) ) ;
#780 = CARTESIAN_POINT ( 'NONE',  ( 16.94584222357057968, 60.44420585996092399, -60.33595945608080058 ) ) ;
#781 = B_SPLINE_CURVE_WITH_KNOTS ( 'NONE', 3,
 ( #258, #4769, #1915, #2785, #202, #4044, #1888, #3558 ),
 .UNSPECIFIED., .F., .F.,
 ( 4, 2, 2, 4 ),
 ( 0.000000000000000000, 0.001095141127507008637, 0.001642711691260529761, 0.002190282255014051101 ),
 .UNSPECIFIED. ) ;
#782 = CARTESIAN_POINT ( 'NONE',  ( -18.15195694616274480, 32.04956600413653689, -57.33565069383407575 ) ) ;
#783 = ORIENTED_EDGE ( 'NONE', *, *, #407, .T. ) ;
#784 = CARTESIAN_POINT ( 'NONE',  ( 18.94772708897539815, 61.35963233523432336, 0.5460541652663746248 ) ) ;
#785 = CARTESIAN_POINT ( 'NONE',  ( -18.89858178292082513, 63.84577279277124973, 1.222954394408525269 ) ) ;
#786 = CARTESIAN_POINT ( 'NONE',  ( 11.92234922265769903, 1.911633430408564482, 10.96471158966457260 ) ) ;
#787 = CARTESIAN_POINT ( 'NONE',  ( -17.64981628519705481, 23.28085863389223675, 1.259700530247768402 ) ) ;
#788 = CARTESIAN_POINT ( 'NONE',  ( -3.045255824099045938, 2.728846397068168894, 15.96466161932135996 ) ) ;
#789 = CARTESIAN_POINT ( 'NONE',  ( -18.92808840811895621, 68.02958594264812575, -1.663613384850654908 ) ) ;
#790 = CARTESIAN_POINT ( 'NONE',  ( 16.59166068241889747, 128.2280745593081690, -2.084733427436588737 ) ) ;
#791 = AXIS2_PLACEMENT_3D ( 'NONE', #541, #4727, #5085 ) ;
#792 = VECTOR ( 'NONE', #1765, 1000.000000000000000 ) ;
#793 = CARTESIAN_POINT ( 'NONE',  ( -16.95872992813992042, 60.46838383193945532, -57.60184944659256701 ) ) ;
#794 = CARTESIAN_POINT ( 'NONE',  ( -7.865966148083465725, 103.7322198666926596, -18.45499785733333198 ) ) ;
#795 = ORIENTED_EDGE ( 'NONE', *, *, #508, .T. ) ;
#796 = CARTESIAN_POINT ( 'NONE',  ( 12.45912923163182562, 43.54453459366047241, -36.94779218138545218 ) ) ;
#797 = CARTESIAN_POINT ( 'NONE',  ( 14.54728882964321635, 104.5240355002970887, -15.94167033766438735 ) ) ;
#798 = CYLINDRICAL_SURFACE ( 'NONE', #5202, 783.5416666666670835 ) ;
#799 = CARTESIAN_POINT ( 'NONE',  ( 16.09999179093077970, 102.0252010163387411, -17.48047086265550121 ) ) ;
#800 = CARTESIAN_POINT ( 'NONE',  ( -17.69454587802810508, 23.24350548197681832, -45.22395220097898516 ) ) ;
#801 = VERTEX_POINT ( 'NONE', #3670 ) ;
#802 = CARTESIAN_POINT ( 'NONE',  ( -18.45713187923689347, 39.33789925719622715, -44.68929070962138184 ) ) ;
#803 = CARTESIAN_POINT ( 'NONE',  ( -18.84020910951047867, 67.95309585618488768, -2.459039588070323301 ) ) ;
#804 = AXIS2_PLACEMENT_3D ( 'NONE', #876, #1704, #1194 ) ;
#805 = CARTESIAN_POINT ( 'NONE',  ( 18.94570360894264383, 59.19060691284396114, -58.75027782890614958 ) ) ;
#806 = CARTESIAN_POINT ( 'NONE',  ( -18.29039777064252803, 35.13669060364230035, -62.04890856153251377 ) ) ;
#807 = ORIENTED_EDGE ( 'NONE', *, *, #2080, .T. ) ;
#808 = CARTESIAN_POINT ( 'NONE',  ( -18.94416508327642035, 61.57221235830517259, 1.050361988053598816 ) ) ;
#809 = CARTESIAN_POINT ( 'NONE',  ( -15.87664483954587524, 103.7942177926128693, -13.38117891151751593 ) ) ;
#810 = CIRCLE ( 'NONE', #5236, 783.5416666666670835 ) ;
#811 = EDGE_CURVE ( 'NONE', #3842, #4795, #2272, .T. ) ;
#812 = AXIS2_PLACEMENT_3D ( 'NONE', #2733, #4850, #5263 ) ;
#813 = CARTESIAN_POINT ( 'NONE',  ( -13.83407804723310086, 4.795520284704235969, 3.368484288362542323 ) ) ;
#814 = CIRCLE ( 'NONE', #3860, 10.00000000000000000 ) ;
#815 = CARTESIAN_POINT ( 'NONE',  ( -14.34782031586287943, 103.9966580297078451, -17.59462157419138606 ) ) ;
#816 =( BOUNDED_SURFACE ( )  B_SPLINE_SURFACE ( 3, 2, ( 
 ( #4174, #1703, #3362 ),
 ( #2540, #5042, #1311 ),
 ( #2979, #4639, #4096 ),
 ( #4660, #4231, #2643 ) ),
 .UNSPECIFIED., .F., .F., .T. ) 
 B_SPLINE_SURFACE_WITH_KNOTS ( ( 4, 4 ),
 ( 3, 3 ),
 ( 1.084202172485504434E-19, 0.0003159060035562343211 ),
 ( 0.000000000000000000, 1.000000000000000000 ),
 .UNSPECIFIED. ) 
 GEOMETRIC_REPRESENTATION_ITEM ( )  RATIONAL_B_SPLINE_SURFACE ( (
 ( 1.000000000000000000, 0.7108909466309255576, 1.000000000000000000),
 ( 1.000000000000000000, 0.7108224961880192927, 1.000000000000000000),
 ( 1.000000000000000000, 0.7107542992036836038, 1.000000000000000000),
 ( 1.000000000000000000, 0.7106863897714247313, 1.000000000000000000) ) ) 
 REPRESENTATION_ITEM ( '' )  SURFACE ( )  );
#817 = CARTESIAN_POINT ( 'NONE',  ( 18.68786218890571504, 46.38471304266340667, -36.91829827210597159 ) ) ;
#818 = CARTESIAN_POINT ( 'NONE',  ( 15.56404220199232036, 124.7430058823097312, 6.787097180913975514 ) ) ;
#819 = DIRECTION ( 'NONE',  ( 0.000000000000000000, -0.6753778326058804682, 0.7374718863960735282 ) ) ;
#820 = CARTESIAN_POINT ( 'NONE',  ( 18.91421088833842035, 68.71902015154873311, -1.813929665368225086 ) ) ;
#821 = CARTESIAN_POINT ( 'NONE',  ( 8.517813774242030789, 104.0000000000000000, -18.19538586296677352 ) ) ;
#822 = ORIENTED_EDGE ( 'NONE', *, *, #4442, .F. ) ;
#823 = CARTESIAN_POINT ( 'NONE',  ( 18.78452860967349025, 67.86762733982915563, -0.9197042984210883620 ) ) ;
#824 = DIRECTION ( 'NONE',  ( 0.000000000000000000, 0.6850565834742198268, -0.7284898609031077443 ) ) ;
#825 = CARTESIAN_POINT ( 'NONE',  ( 14.81489092972705990, 105.5975153562620363, -13.34770109388697357 ) ) ;
#826 = CARTESIAN_POINT ( 'NONE',  ( -15.59577878989695954, 118.4030580502828656, 7.738026002690649996 ) ) ;
#827 = CARTESIAN_POINT ( 'NONE',  ( 14.21039309239075976, 103.0255985172115345, -19.14006502618951444 ) ) ;
#828 = CARTESIAN_POINT ( 'NONE',  ( 18.77513890128314600, 68.14617537772316780, 1.514822940705822463 ) ) ;
#829 = ORIENTED_EDGE ( 'NONE', *, *, #89, .F. ) ;
#830 = CARTESIAN_POINT ( 'NONE',  ( -18.44540722653188070, 39.02483216232335650, -42.36459510805834583 ) ) ;
#831 = CARTESIAN_POINT ( 'NONE',  ( 18.90844237977923825, 56.48174036345337612, -62.72511023093270666 ) ) ;
#832 = VERTEX_POINT ( 'NONE', #2545 ) ;
#833 = ADVANCED_FACE ( 'NONE', ( #5020 ), #4210, .F. ) ;
#834 = CARTESIAN_POINT ( 'NONE',  ( 16.83568844371281159, 114.4943288872120917, -5.310421607553317713 ) ) ;
#835 = CARTESIAN_POINT ( 'NONE',  ( -9.743016567655804039, 2.341452573645962154, 9.832557633757595283 ) ) ;
#836 = CARTESIAN_POINT ( 'NONE',  ( -18.95991379217818817, 60.57330117495323663, 0.1251130871809403855 ) ) ;
#837 = CARTESIAN_POINT ( 'NONE',  ( -17.57870230620758178, 22.06513939687917158, -42.12010760545914678 ) ) ;
#838 = CARTESIAN_POINT ( 'NONE',  ( 12.61929208033988914, 39.59393004697478347, -64.00181159173612855 ) ) ;
#839 = CARTESIAN_POINT ( 'NONE',  ( 7.549834435270744493, 120.5000000000000142, -8.000000000000003553 ) ) ;
#840 = CARTESIAN_POINT ( 'NONE',  ( 18.80510310889340531, 51.02482660781064538, -43.15592927029679515 ) ) ;
#841 = CARTESIAN_POINT ( 'NONE',  ( 15.27547661148378744, 121.0244212712071459, 7.987148368533628862 ) ) ;
#842 = CARTESIAN_POINT ( 'NONE',  ( 14.98249072271204696, 104.2902564299579780, -16.39946683358096990 ) ) ;
#843 = CARTESIAN_POINT ( 'NONE',  ( 19.00095962990612719, 68.54455045097815002, 0.3431970297218737143 ) ) ;
#844 = CARTESIAN_POINT ( 'NONE',  ( -9.239216222196494854, 103.8627167518852730, -18.32848153887076137 ) ) ;
#845 =( BOUNDED_SURFACE ( )  B_SPLINE_SURFACE ( 3, 2, ( 
 ( #3845, #1361, #3822 ),
 ( #88, #1336, #1416 ),
 ( #3440, #1444, #4308 ),
 ( #2211, #3898, #582 ),
 ( #5118, #905, #142 ),
 ( #4737, #1851, #1800 ),
 ( #2238, #606, #3104 ),
 ( #1752, #170, #5147 ),
 ( #194, #1823, #3416 ),
 ( #4330, #2264, #5065 ),
 ( #948, #3468, #1391 ),
 ( #501, #3496, #3056 ),
 ( #3010, #4712, #2617 ),
 ( #3082, #3520, #5172 ),
 ( #2565, #1001, #2154 ),
 ( #2591, #925, #973 ),
 ( #2672, #116, #4257 ),
 ( #527, #2182, #1775 ),
 ( #5094, #3031, #4685 ),
 ( #4282, #555, #2748 ) ),
 .UNSPECIFIED., .F., .F., .F. ) 
 B_SPLINE_SURFACE_WITH_KNOTS ( ( 4, 2, 2, 2, 2, 2, 2, 2, 2, 4 ),
 ( 3, 3 ),
 ( -2.257287074095914333E-05, 0.002214173216982465685, 0.003332546260844177887, 0.003891732782775034205, 0.004171326043740462147, 0.004311122674223176118, 0.004381020989464533104, 0.004415970147085212030, 0.004433444725895551060, 0.004450919304705890089 ),
 ( 0.000000000000000000, 1.000000000000000000 ),
 .UNSPECIFIED. ) 
 GEOMETRIC_REPRESENTATION_ITEM ( )  RATIONAL_B_SPLINE_SURFACE ( (
 ( 1.000000000000000000, 1.000000000000000000, 1.000000000000000000),
 ( 1.000000000000000000, 0.9999358397959872136, 1.000000000000000000),
 ( 1.000000000000000000, 0.9988221793169773655, 1.000000000000000000),
 ( 1.000000000000000000, 0.9933560628117558133, 1.000000000000000000),
 ( 1.000000000000000000, 0.9909557405192170876, 1.000000000000000000),
 ( 1.000000000000000000, 0.9852087943992815511, 1.000000000000000000),
 ( 1.000000000000000000, 0.9829603917492719667, 1.000000000000000000),
 ( 1.000000000000000000, 0.9782385235304066340, 1.000000000000000000),
 ( 1.000000000000000000, 0.9764570718556077056, 1.000000000000000000),
 ( 1.000000000000000000, 0.9728943761834927262, 1.000000000000000000),
 ( 1.000000000000000000, 0.9715694319638161769, 1.000000000000000000),
 ( 1.000000000000000000, 0.9689897677072146776, 1.000000000000000000),
 ( 1.000000000000000000, 0.9680377814543590365, 1.000000000000000000),
 ( 1.000000000000000000, 0.9662252163364554169, 1.000000000000000000),
 ( 1.000000000000000000, 0.9655598748391681641, 1.000000000000000000),
 ( 1.000000000000000000, 0.9643252476357712100, 1.000000000000000000),
 ( 1.000000000000000000, 0.9638752294911814289, 1.000000000000000000),
 ( 1.000000000000000000, 0.9627991190780031960, 1.000000000000000000),
 ( 1.000000000000000000, 0.9621946948192849902, 1.000000000000000000),
 ( 1.000000000000000000, 0.9612585214538249545, 1.000000000000000000) ) ) 
 REPRESENTATION_ITEM ( '' )  SURFACE ( )  );
#846 = CARTESIAN_POINT ( 'NONE',  ( -18.88822451611834197, 62.00448641918126924, 1.803350535433483559 ) ) ;
#847 = CARTESIAN_POINT ( 'NONE',  ( -15.46604991931705264, 106.8889417743781252, -9.840962336828530610 ) ) ;
#848 = CARTESIAN_POINT ( 'NONE',  ( -17.41063635645208052, 20.21954157016917009, 2.047754679413090084 ) ) ;
#849 = CARTESIAN_POINT ( 'NONE',  ( 11.28895736206041001, 39.03808121306341405, -43.20970087648497326 ) ) ;
#850 = CARTESIAN_POINT ( 'NONE',  ( 15.55461887301720658, 106.2384975469519759, -11.44070513937557720 ) ) ;
#851 = CARTESIAN_POINT ( 'NONE',  ( -0.7320092594197534774, 102.3163390587855162, -19.82768983334420909 ) ) ;
#852 = VERTEX_POINT ( 'NONE', #2307 ) ;
#853 = CARTESIAN_POINT ( 'NONE',  ( 8.355852583090070951, 124.0861196161417865, -7.155740819830516131 ) ) ;
#854 = CARTESIAN_POINT ( 'NONE',  ( 18.78405202798523277, 67.88181203884518311, 1.133541128633262174 ) ) ;
#855 = ORIENTED_EDGE ( 'NONE', *, *, #3548, .T. ) ;
#856 = CARTESIAN_POINT ( 'NONE',  ( -18.45975031432854152, 39.40824698926606118, -40.64493823993772992 ) ) ;
#857 = VECTOR ( 'NONE', #4612, 1000.000000000000227 ) ;
#858 = ORIENTED_EDGE ( 'NONE', *, *, #563, .T. ) ;
#859 = CARTESIAN_POINT ( 'NONE',  ( 18.95862431618444788, 60.44783056776785202, -57.60184944659256701 ) ) ;
#860 = VERTEX_POINT ( 'NONE', #3144 ) ;
#861 = CYLINDRICAL_SURFACE ( 'NONE', #2723, 11.00000000000000000 ) ;
#862 = CARTESIAN_POINT ( 'NONE',  ( -1.630616630836158709, 0.02697109327370448770, 15.92895749194891231 ) ) ;
#863 = CARTESIAN_POINT ( 'NONE',  ( -14.94319300932254713, 107.4901217425774860, -10.90732886627611542 ) ) ;
#864 = CARTESIAN_POINT ( 'NONE',  ( 11.39438854991531613, 35.80305235585994694, -62.41090057262521640 ) ) ;
#865 = ORIENTED_EDGE ( 'NONE', *, *, #4789, .F. ) ;
#866 = CARTESIAN_POINT ( 'NONE',  ( -18.80034947807057577, 67.58180430885776957, -2.649809994898486121 ) ) ;
#867 = CARTESIAN_POINT ( 'NONE',  ( 18.67134699065039882, 45.80488634972162743, -36.80333186023101888 ) ) ;
#868 = CARTESIAN_POINT ( 'NONE',  ( 15.26255545214375964, 121.5493357155200442, 7.935266302197931054 ) ) ;
#869 = VERTEX_POINT ( 'NONE', #2684 ) ;
#870 = CARTESIAN_POINT ( 'NONE',  ( 15.46577536623979476, 109.8726271249037012, -9.026013051874603121 ) ) ;
#871 = CARTESIAN_POINT ( 'NONE',  ( -12.08235428805984490, 103.2203156457388360, -18.95128738443563066 ) ) ;
#872 = CARTESIAN_POINT ( 'NONE',  ( -6.337950703383476103, 108.0030656091477539, -16.85108306916043119 ) ) ;
#873 = CARTESIAN_POINT ( 'NONE',  ( 16.95827418740460502, 62.03924378791166561, -58.87253314723133713 ) ) ;
#874 = CARTESIAN_POINT ( 'NONE',  ( -17.72443398053952990, 23.92496417241482476, 0.4896564438051410617 ) ) ;
#875 = CARTESIAN_POINT ( 'NONE',  ( 17.03440060557926827, 93.87655134740784035, -8.100821143463154073 ) ) ;
#876 = CARTESIAN_POINT ( 'NONE',  ( -12.80080048638072121, -11.09860703163220030, -63.08693975180970881 ) ) ;
#877 = CARTESIAN_POINT ( 'NONE',  ( 18.95862431618455801, 60.44783056776785202, -57.60184944659256701 ) ) ;
#878 = EDGE_CURVE ( 'NONE', #801, #860, #5239, .T. ) ;
#879 = EDGE_CURVE ( 'NONE', #778, #3688, #4226, .T. ) ;
#880 = DIRECTION ( 'NONE',  ( 0.03525848100164222232, -0.2799988894818509766, -0.9593526262049774100 ) ) ;
#881 = EDGE_LOOP ( 'NONE', ( #2492, #1998, #4366, #492 ) ) ;
#882 = CARTESIAN_POINT ( 'NONE',  ( -18.63637094740318290, 44.62821800313565745, -48.76540200048552975 ) ) ;
#883 = VERTEX_POINT ( 'NONE', #1868 ) ;
#884 = FACE_OUTER_BOUND ( 'NONE', #3347, .T. ) ;
#885 = ADVANCED_FACE ( 'NONE', ( #3534 ), #1893, .T. ) ;
#886 = CARTESIAN_POINT ( 'NONE',  ( 12.68534068871211495, 103.0413313642806656, -19.12481208059479698 ) ) ;
#887 = VERTEX_POINT ( 'NONE', #1488 ) ;
#888 = EDGE_CURVE ( 'NONE', #1028, #3700, #4801, .T. ) ;
#889 = CARTESIAN_POINT ( 'NONE',  ( 14.93691186197015242, 106.8775537143382337, -11.49437773884361036 ) ) ;
#890 = CARTESIAN_POINT ( 'NONE',  ( -8.356332968105599335, 0.8485013199966336961, 13.76502712561811315 ) ) ;
#891 = CARTESIAN_POINT ( 'NONE',  ( -15.58790445284254211, 105.9917870676942613, -11.76928393255322547 ) ) ;
#892 = CARTESIAN_POINT ( 'NONE',  ( 7.810923401140212441, 31.83147128494206868, -59.72544000779737416 ) ) ;
#893 = ORIENTED_EDGE ( 'NONE', *, *, #3471, .T. ) ;
#894 = EDGE_CURVE ( 'NONE', #869, #4334, #2468, .T. ) ;
#895 = CARTESIAN_POINT ( 'NONE',  ( 17.43395244069454009, 20.47050560769712035, 1.161417621546169787 ) ) ;
#896 = CARTESIAN_POINT ( 'NONE',  ( -18.78582551537681056, 67.45503327953146311, -2.840185324916823184 ) ) ;
#897 = CARTESIAN_POINT ( 'NONE',  ( 17.61837355088494661, 22.20251521307276832, -42.48195880775664079 ) ) ;
#898 = CARTESIAN_POINT ( 'NONE',  ( -15.95681968207305523, 6.908328331012095980, 2.774674732846033720 ) ) ;
#899 = EDGE_CURVE ( 'NONE', #4477, #2076, #672, .T. ) ;
#900 = CARTESIAN_POINT ( 'NONE',  ( 15.39592559310362141, 8.820979453876708121, 6.557342345245344539 ) ) ;
#901 = ORIENTED_EDGE ( 'NONE', *, *, #2436, .F. ) ;
#902 = STYLED_ITEM ( 'NONE', ( #4148 ), #5228 ) ;
#903 = EDGE_CURVE ( 'NONE', #1914, #3700, #1813, .T. ) ;
#904 = CARTESIAN_POINT ( 'NONE',  ( -17.37441011247038603, 19.82584647027145053, 2.162703031215492899 ) ) ;
#905 = CARTESIAN_POINT ( 'NONE',  ( -11.64788419392022156, 103.9822422889144633, -18.21260190783711863 ) ) ;
#906 = CARTESIAN_POINT ( 'NONE',  ( 15.76711379687182024, 104.6483014275465990, -14.24591778567104683 ) ) ;
#907 = CARTESIAN_POINT ( 'NONE',  ( -12.66150770507543122, 68.47661643976901757, -23.54583226839271504 ) ) ;
#908 = CARTESIAN_POINT ( 'NONE',  ( -16.41796199084331320, 37.54441833481426016, -63.25746310575379283 ) ) ;
#909 = ORIENTED_EDGE ( 'NONE', *, *, #5069, .T. ) ;
#910 = ORIENTED_EDGE ( 'NONE', *, *, #956, .F. ) ;
#911 = CARTESIAN_POINT ( 'NONE',  ( 12.68989315804689255, 49.61018240490526665, -46.63469664340221499 ) ) ;
#912 = ORIENTED_EDGE ( 'NONE', *, *, #4600, .F. ) ;
#913 = CARTESIAN_POINT ( 'NONE',  ( 9.016339669798236756, 104.0709752890857658, -18.12231459980084125 ) ) ;
#914 = CARTESIAN_POINT ( 'NONE',  ( -8.360267745681481344, 116.9036013839493648, 7.150595455552481106 ) ) ;
#915 = CARTESIAN_POINT ( 'NONE',  ( -16.00606062048655787, 102.7766034288949442, -15.90970438152656818 ) ) ;
#916 = CARTESIAN_POINT ( 'NONE',  ( 10.32483681222401373, 34.20638198110783179, -61.46645514628553997 ) ) ;
#917 = VERTEX_POINT ( 'NONE', #3357 ) ;
#918 = DIRECTION ( 'NONE',  ( 0.3799880634030926019, -0.9249913900524517896, 0.000000000000000000 ) ) ;
#919 = CARTESIAN_POINT ( 'NONE',  ( 17.72026814230936864, 23.79051645073699817, 4.999999999999999112 ) ) ;
#920 = CARTESIAN_POINT ( 'NONE',  ( 12.68347974437084957, 52.48600077888054471, -49.28330679542089143 ) ) ;
#921 = CARTESIAN_POINT ( 'NONE',  ( 18.94253532793485917, 68.74334317923838000, 1.528236008791593825 ) ) ;
#922 = CARTESIAN_POINT ( 'NONE',  ( -18.94951005945718592, 60.66215586598695353, 0.6731903490252394429 ) ) ;
#923 = CARTESIAN_POINT ( 'NONE',  ( -14.48803618605684917, 104.3982588462808252, -16.43879549756752212 ) ) ;
#924 = CARTESIAN_POINT ( 'NONE',  ( -17.66598880998669685, 23.13503958402877814, 0.9128491861964207477 ) ) ;
#925 = CARTESIAN_POINT ( 'NONE',  ( -13.49938019913636289, 104.1142755557285255, -18.08459607223951338 ) ) ;
#926 = CARTESIAN_POINT ( 'NONE',  ( 18.30083903213821728, 35.39939929182248335, -59.92483159643742852 ) ) ;
#927 = CARTESIAN_POINT ( 'NONE',  ( 16.10166129285773096, 102.0113783928094762, -17.47582114985864976 ) ) ;
#928 = CARTESIAN_POINT ( 'NONE',  ( -8.167694448710353328, 108.9564731347882685, -16.02494095808049934 ) ) ;
#929 = ORIENTED_EDGE ( 'NONE', *, *, #3341, .F. ) ;
#930 = CARTESIAN_POINT ( 'NONE',  ( -18.95576078876776549, 60.85175434310242082, 0.2655562586888405296 ) ) ;
#931 = VERTEX_POINT ( 'NONE', #4168 ) ;
#932 = ADVANCED_FACE ( 'NONE', ( #5008 ), #119, .T. ) ;
#933 = VERTEX_POINT ( 'NONE', #468 ) ;
#934 = CARTESIAN_POINT ( 'NONE',  ( 15.44024651936611470, 109.5948722959332429, -9.098892880948779904 ) ) ;
#935 = CARTESIAN_POINT ( 'NONE',  ( 16.77324724729961147, 49.97347543029233918, -64.78484035707825228 ) ) ;
#936 = CARTESIAN_POINT ( 'NONE',  ( -17.55436391767859305, 112.9184206547067788, -2.606892863495380741 ) ) ;
#937 = CARTESIAN_POINT ( 'NONE',  ( 11.06904314326191141, 4.033127083207862285, 12.04736060016169930 ) ) ;
#938 = CARTESIAN_POINT ( 'NONE',  ( 17.89828919428864751, 26.96376431253803929, -49.66754663951353166 ) ) ;
#939 = CARTESIAN_POINT ( 'NONE',  ( 16.95925967549212743, 61.96632633089618736, -58.94110319420047261 ) ) ;
#940 = VECTOR ( 'NONE', #4605, 1000.000000000000000 ) ;
#941 = CARTESIAN_POINT ( 'NONE',  ( 11.00069480464313720, 128.5009553570919536, 0.5334048311275765286 ) ) ;
#942 = B_SPLINE_CURVE_WITH_KNOTS ( 'NONE', 3,
 ( #4202, #1728, #1674, #923 ),
 .UNSPECIFIED., .F., .F.,
 ( 4, 4 ),
 ( 0.000000000000000000, 0.0002090694632595175933 ),
 .UNSPECIFIED. ) ;
#943 = CARTESIAN_POINT ( 'NONE',  ( -18.79723336096639130, 67.50000000000000000, -65.04694009427630874 ) ) ;
#944 = CARTESIAN_POINT ( 'NONE',  ( 18.55245711127922448, 42.02044468636482577, -37.56786136879059512 ) ) ;
#945 = CARTESIAN_POINT ( 'NONE',  ( -18.84156521518347560, 62.93011272121218269, 2.296063796344166352 ) ) ;
#946 = DIRECTION ( 'NONE',  ( 0.000000000000000000, 1.000000000000000000, 0.000000000000000000 ) ) ;
#947 = CARTESIAN_POINT ( 'NONE',  ( -17.07563664003954784, 18.81218565679820642, 3.478423963885704850 ) ) ;
#948 = CARTESIAN_POINT ( 'NONE',  ( -12.59956925054199495, 103.0679641382920124, -19.09899169022002852 ) ) ;
#949 = CARTESIAN_POINT ( 'NONE',  ( 16.39311696411301256, 36.85247406303575701, -62.93809640125903826 ) ) ;
#950 = CARTESIAN_POINT ( 'NONE',  ( -19.00000000000000000, 46.46038495710888583, -65.04694009427630874 ) ) ;
#951 = CARTESIAN_POINT ( 'NONE',  ( 2.529483282792068355, 104.1726631358769595, -18.02798949750142654 ) ) ;
#952 = ORIENTED_EDGE ( 'NONE', *, *, #3962, .F. ) ;
#953 = CARTESIAN_POINT ( 'NONE',  ( -18.95498202184493408, 60.90279032989960228, 0.3024056614040352420 ) ) ;
#954 = ORIENTED_EDGE ( 'NONE', *, *, #5133, .F. ) ;
#955 = CARTESIAN_POINT ( 'NONE',  ( -18.82975488815933929, 67.82714441571361874, 2.636091398556588139 ) ) ;
#956 = EDGE_CURVE ( 'NONE', #4997, #5292, #504, .T. ) ;
#957 = ORIENTED_EDGE ( 'NONE', *, *, #145, .T. ) ;
#958 = CARTESIAN_POINT ( 'NONE',  ( 10.50486192396571816, 104.2580644754190473, -17.85195484657102227 ) ) ;
#959 = CARTESIAN_POINT ( 'NONE',  ( 17.71107219081252282, 23.80830913831090356, 0.7017077211329667552 ) ) ;
#960 = CARTESIAN_POINT ( 'NONE',  ( -16.39486861094523107, 115.6188383773935584, -6.359289893928465887 ) ) ;
#961 = ADVANCED_FACE ( 'NONE', ( #2560 ), #3327, .T. ) ;
#962 = CARTESIAN_POINT ( 'NONE',  ( 15.72696641525869765, 23.95406529645878280, -41.46066319879356143 ) ) ;
#963 = CARTESIAN_POINT ( 'NONE',  ( 15.79609630531466813, 23.25626204023980392, -45.25755328201860550 ) ) ;
#964 = CARTESIAN_POINT ( 'NONE',  ( 1.714505518806294638E-15, 142.0000000000000284, 14.00000000000000000 ) ) ;
#965 = CARTESIAN_POINT ( 'NONE',  ( 8.667165516764761435, 124.7605030794245806, 6.775778600545116603 ) ) ;
#966 = CARTESIAN_POINT ( 'NONE',  ( 18.86003935702612111, 68.66935314603968266, -2.303902091531344620 ) ) ;
#967 = CARTESIAN_POINT ( 'NONE',  ( 12.68496532139521982, 51.55102429999304547, -50.19442476483761340 ) ) ;
#968 = CARTESIAN_POINT ( 'NONE',  ( 18.46215416834221656, 39.47282931936383932, -45.06615069235191129 ) ) ;
#969 = CARTESIAN_POINT ( 'NONE',  ( 17.03983667840605776, 96.19658248660581989, -7.273075341324611642 ) ) ;
#970 = CARTESIAN_POINT ( 'NONE',  ( -14.40939738139346815, 104.2514979884833650, -17.02723274955912203 ) ) ;
#971 = CARTESIAN_POINT ( 'NONE',  ( -18.55895759020191349, 67.50127462955981628, 4.067051323464704105 ) ) ;
#972 = EDGE_CURVE ( 'NONE', #931, #2188, #3868, .T. ) ;
#973 = CARTESIAN_POINT ( 'NONE',  ( -14.15053071766130088, 104.4504251382839186, -16.54841012420149582 ) ) ;
#974 = CARTESIAN_POINT ( 'NONE',  ( 15.93313606564882079, 25.86164494204346198, -52.12019447737279876 ) ) ;
#975 = PLANE ( 'NONE',  #4260 ) ;
#976 = AXIS2_PLACEMENT_3D ( 'NONE', #3375, #3481, #5106 ) ;
#977 = CARTESIAN_POINT ( 'NONE',  ( 3.160264322502642553, 104.2794771946403642, -17.92443360453806633 ) ) ;
#978 = ORIENTED_EDGE ( 'NONE', *, *, #3443, .T. ) ;
#979 = VECTOR ( 'NONE', #4609, 1000.000000000000000 ) ;
#980 = CARTESIAN_POINT ( 'NONE',  ( -10.99823320244180991, 104.3100700494272957, -17.74236681850936037 ) ) ;
#981 =( BOUNDED_CURVE ( )  B_SPLINE_CURVE ( 3, ( #1451, #1399, #1886, #984 ),
 .UNSPECIFIED., .F., .F. ) 
 B_SPLINE_CURVE_WITH_KNOTS ( ( 4, 4 ),
 ( 4.794254816954204301, 4.838680569579239865 ),
 .UNSPECIFIED. ) 
 CURVE ( )  GEOMETRIC_REPRESENTATION_ITEM ( )  RATIONAL_B_SPLINE_CURVE ( ( 1.000000000000000000, 0.9998355361378435946, 0.9998355361378435946, 1.000000000000000000 ) ) 
 REPRESENTATION_ITEM ( '' )  );
#982 = ORIENTED_EDGE ( 'NONE', *, *, #3803, .T. ) ;
#983 = CARTESIAN_POINT ( 'NONE',  ( -18.55895759017426627, 67.50127462956078261, 4.067051323588371403 ) ) ;
#984 = CARTESIAN_POINT ( 'NONE',  ( -15.95681968207305523, 6.908328331012095980, 2.774674732846033720 ) ) ;
#985 = VERTEX_POINT ( 'NONE', #1331 ) ;
#986 = CARTESIAN_POINT ( 'NONE',  ( 15.50729672143355309, 106.5830875818259784, -10.09574877915191493 ) ) ;
#987 = CARTESIAN_POINT ( 'NONE',  ( 17.70086057781219679, 23.55477596341429702, 0.3064724951139293774 ) ) ;
#988 = CARTESIAN_POINT ( 'NONE',  ( 18.78302080143182096, 68.44291207319108139, -2.809823727010039462 ) ) ;
#989 = CARTESIAN_POINT ( 'NONE',  ( -18.79723197156890535, 67.48377296632347111, -2.725964198105541580 ) ) ;
#990 = B_SPLINE_CURVE_WITH_KNOTS ( 'NONE', 3,
 ( #3003, #1699, #4656, #4634, #5009, #871, #1252, #1725, #2537, #4982, #844, #4145 ),
 .UNSPECIFIED., .F., .F.,
 ( 4, 2, 2, 2, 2, 4 ),
 ( 0.000000000000000000, 0.0002798672612084323209, 0.0005597345224168646417, 0.001119469044833724296, 0.002238938089667455965, 0.004477876179334919736 ),
 .UNSPECIFIED. ) ;
#991 = B_SPLINE_CURVE_WITH_KNOTS ( 'NONE', 3,
 ( #4317, #2142, #1403, #3402 ),
 .UNSPECIFIED., .F., .F.,
 ( 4, 4 ),
 ( -3.308035239474221346E-05, 0.002479564666774180647 ),
 .UNSPECIFIED. ) ;
#992 = TOROIDAL_SURFACE ( 'NONE', #4567, -764.5416666666670835, 783.5416666666670835 ) ;
#993 = CARTESIAN_POINT ( 'NONE',  ( -18.95458229452819054, 60.92843215532822398, -57.19740677055758482 ) ) ;
#994 = CARTESIAN_POINT ( 'NONE',  ( 18.76782513407752973, 68.35569606405614707, -3.022244187176005514 ) ) ;
#995 = EDGE_CURVE ( 'NONE', #3538, #3244, #3514, .T. ) ;
#996 = FACE_OUTER_BOUND ( 'NONE', #1855, .T. ) ;
#997 = CARTESIAN_POINT ( 'NONE',  ( 18.47517762268648767, 39.82643003903773149, -39.76223484590642698 ) ) ;
#998 = FACE_OUTER_BOUND ( 'NONE', #1978, .T. ) ;
#999 = CARTESIAN_POINT ( 'NONE',  ( 15.89880945846065785, 117.1765342965593533, 7.281665554272894525 ) ) ;
#1000 = CARTESIAN_POINT ( 'NONE',  ( -18.81490258022564888, 67.71687726317657052, 2.607869434250889906 ) ) ;
#1001 = CARTESIAN_POINT ( 'NONE',  ( -13.45883310989235859, 104.1036420228293622, -18.09490524883528195 ) ) ;
#1002 = CARTESIAN_POINT ( 'NONE',  ( 16.08622823848901717, 29.19905354741414527, -57.11847093158674937 ) ) ;
#1003 = B_SPLINE_CURVE_WITH_KNOTS ( 'NONE', 3,
 ( #5286, #3963, #1565, #1623, #2460, #4874, #395, #4662, #558, #1286, #851, #2213, #1363, #3033, #529, #1338, #4233, #4588 ),
 .UNSPECIFIED., .F., .F.,
 ( 4, 2, 2, 2, 2, 2, 2, 2, 4 ),
 ( 3.469446951953614189E-18, 0.002251191658105346303, 0.004502383316210689136, 0.005627979145263360336, 0.006753574974316031536, 0.009004766632421374803, 0.01125595829052671720, 0.01350714994863205960, 0.01800953326484275308 ),
 .UNSPECIFIED. ) ;
#1004 = CARTESIAN_POINT ( 'NONE',  ( 1.107400697207779228, 106.3697427061335645, -18.05881884550024807 ) ) ;
#1005 = ORIENTED_EDGE ( 'NONE', *, *, #5092, .F. ) ;
#1006 = ORIENTED_EDGE ( 'NONE', *, *, #79, .F. ) ;
#1007 = CARTESIAN_POINT ( 'NONE',  ( 12.76292831764459201, 103.0123551046111601, -19.15290447292118969 ) ) ;
#1008 = CARTESIAN_POINT ( 'NONE',  ( -18.79090660989176342, 67.67635509638600411, -2.846976797254601621 ) ) ;
#1009 = ORIENTED_EDGE ( 'NONE', *, *, #5028, .F. ) ;
#1010 = CARTESIAN_POINT ( 'NONE',  ( 18.76270573653883744, 68.50194052916742748, -3.223586489874571193 ) ) ;
#1011 = CARTESIAN_POINT ( 'NONE',  ( -9.842164164096026013, 114.1821296754108488, 4.934281885730825046 ) ) ;
#1012 = CARTESIAN_POINT ( 'NONE',  ( -16.84117080633366470, 114.4812684448248632, -5.295643824359428820 ) ) ;
#1013 = CARTESIAN_POINT ( 'NONE',  ( -18.89948008401925250, 55.94401632025965654, -60.74016650908983195 ) ) ;
#1014 = CARTESIAN_POINT ( 'NONE',  ( -18.79776262852611524, 67.46746916854456799, -65.04694009427630874 ) ) ;
#1015 = CARTESIAN_POINT ( 'NONE',  ( -7.549834435270746269, 119.9465779997537140, -8.000000000000008882 ) ) ;
#1016 = DIRECTION ( 'NONE',  ( -0.000000000000000000, -1.000000000000000000, -0.000000000000000000 ) ) ;
#1017 = ORIENTED_EDGE ( 'NONE', *, *, #1712, .F. ) ;
#1018 = CARTESIAN_POINT ( 'NONE',  ( -11.03717500803051621, 103.9999999999994031, -18.19538586296761551 ) ) ;
#1019 = CARTESIAN_POINT ( 'NONE',  ( 18.67571847743361957, 68.32277968194483719, 3.590782220456661289 ) ) ;
#1020 = CARTESIAN_POINT ( 'NONE',  ( 18.64824894399861677, 45.02449172995815729, -36.76540200048550133 ) ) ;
#1021 = CARTESIAN_POINT ( 'NONE',  ( 18.47135977325425316, 75.20489890002195921, -4.360767796167221988 ) ) ;
#1022 = CARTESIAN_POINT ( 'NONE',  ( -16.17303139721893501, 101.4313901476460700, -18.13544762992045989 ) ) ;
#1023 = CARTESIAN_POINT ( 'NONE',  ( -16.65749001267696627, 128.3954023298753953, 1.315710984243871451 ) ) ;
#1024 = CARTESIAN_POINT ( 'NONE',  ( 8.557052334228846036, 116.4559754694853098, 6.921172019842075862 ) ) ;
#1025 = CARTESIAN_POINT ( 'NONE',  ( -1.926449118847101349, 106.4786310550252608, -17.97825207169736572 ) ) ;
#1026 = EDGE_LOOP ( 'NONE', ( #2120, #1475 ) ) ;
#1027 = EDGE_CURVE ( 'NONE', #2188, #3812, #3859, .T. ) ;
#1028 = VERTEX_POINT ( 'NONE', #4981 ) ;
#1029 = CARTESIAN_POINT ( 'NONE',  ( 13.43066731418097781, 104.4540056056611519, -16.95149069970600664 ) ) ;
#1030 = CARTESIAN_POINT ( 'NONE',  ( -17.18337529987525869, 92.42278228401605134, -7.259871871991102843 ) ) ;
#1031 = ORIENTED_EDGE ( 'NONE', *, *, #650, .F. ) ;
#1032 = UNCERTAINTY_MEASURE_WITH_UNIT (LENGTH_MEASURE( 1.000000000000000082E-05 ), #4123, 'distance_accuracy_value', 'NONE');
#1033 = CYLINDRICAL_SURFACE ( 'NONE', #3690, 12.69999999999999929 ) ;
#1034 = CARTESIAN_POINT ( 'NONE',  ( 17.51025706156130823, 22.12154051595912918, 2.021336338699017077 ) ) ;
#1035 = CARTESIAN_POINT ( 'NONE',  ( 17.90765052030476667, 68.70853924669359003, 1.820728568321730467 ) ) ;
#1036 = CARTESIAN_POINT ( 'NONE',  ( 18.94908685665213355, 61.27642114016666852, 0.5100351206578374041 ) ) ;
#1037 = EDGE_CURVE ( 'NONE', #1710, #1828, #4679, .T. ) ;
#1038 = ORIENTED_EDGE ( 'NONE', *, *, #2740, .T. ) ;
#1039 = CARTESIAN_POINT ( 'NONE',  ( -18.92855156656837678, 57.81369315141913745, -59.72863857698882128 ) ) ;
#1040 = CARTESIAN_POINT ( 'NONE',  ( -18.33077864724872086, 36.11416297586507085, -60.34918659833690668 ) ) ;
#1041 = CARTESIAN_POINT ( 'NONE',  ( 1.520170918004839944, 2.658819462855513294, 16.17519538185499428 ) ) ;
#1042 = CARTESIAN_POINT ( 'NONE',  ( -8.259195393074577396, 117.1440581297376724, -7.266633845008657389 ) ) ;
#1043 = CARTESIAN_POINT ( 'NONE',  ( 14.93684923210773086, 107.2612680423651739, -11.14914851522093819 ) ) ;
#1044 = CARTESIAN_POINT ( 'NONE',  ( 18.78062845581132834, 67.98318602500975771, 1.947098566254774399 ) ) ;
#1045 = CARTESIAN_POINT ( 'NONE',  ( 18.63651335819767141, 44.63296911211396178, -36.76540200048548712 ) ) ;
#1046 = PRODUCT_DEFINITION ( 'UNKNOWN', '', #1853, #4967 ) ;
#1047 = DIRECTION ( 'NONE',  ( 8.881784197001252323E-16, 0.000000000000000000, -1.000000000000000000 ) ) ;
#1048 = CARTESIAN_POINT ( 'NONE',  ( 17.63011776288906773, 112.7659005793307898, -2.114899659363988604 ) ) ;
#1049 = CARTESIAN_POINT ( 'NONE',  ( -16.10260097205821950, 126.8438416807738918, -4.880869957694229377 ) ) ;
#1050 = CARTESIAN_POINT ( 'NONE',  ( 10.84261750988983763, 112.7177267055304526, -1.873329876758257129 ) ) ;
#1051 = CIRCLE ( 'NONE', #4114, 0.9999999999999946709 ) ;
#1052 = CARTESIAN_POINT ( 'NONE',  ( -7.623823294570166276, 121.5932761734625984, 7.929625675391710260 ) ) ;
#1053 = EDGE_CURVE ( 'NONE', #3379, #4943, #1510, .T. ) ;
#1054 = B_SPLINE_CURVE_WITH_KNOTS ( 'NONE', 3,
 ( #532, #1396, #2216, #5099, #3036, #2649, #3500, #2187 ),
 .UNSPECIFIED., .F., .F.,
 ( 4, 2, 2, 4 ),
 ( 0.000000000000000000, 0.0006607994574178915415, 0.001321598914835783083, 0.002643197829671587416 ),
 .UNSPECIFIED. ) ;
#1055 = CARTESIAN_POINT ( 'NONE',  ( -3.147650157602477794, 104.2857237054591906, -17.91837763201026235 ) ) ;
#1056 = ORIENTED_EDGE ( 'NONE', *, *, #4186, .F. ) ;
#1057 = CARTESIAN_POINT ( 'NONE',  ( 7.834478430627416223, 118.3454519544851991, -7.723025779343704933 ) ) ;
#1058 = ORIENTED_EDGE ( 'NONE', *, *, #2736, .F. ) ;
#1059 = ORIENTED_EDGE ( 'NONE', *, *, #103, .T. ) ;
#1060 = CARTESIAN_POINT ( 'NONE',  ( 13.14808871688526004, 104.0510050052775739, -18.14593667127670784 ) ) ;
#1061 = AXIS2_PLACEMENT_3D ( 'NONE', #4001, #3348, #4187 ) ;
#1062 = CARTESIAN_POINT ( 'NONE',  ( -18.07891583477821484, 81.78764700401788446, -5.610931350382634797 ) ) ;
#1063 = EDGE_LOOP ( 'NONE', ( #2023, #929, #2546, #783, #1120, #3772, #1948, #693, #4993, #5361 ) ) ;
#1064 = CARTESIAN_POINT ( 'NONE',  ( 17.72026814230947878, 23.79051645073697685, -41.46066319879349038 ) ) ;
#1065 = CIRCLE ( 'NONE', #4128, 2.000000000000000888 ) ;
#1066 = CARTESIAN_POINT ( 'NONE',  ( 17.51646691886086771, 21.39626111184761470, 1.670704978103139560 ) ) ;
#1067 = FACE_OUTER_BOUND ( 'NONE', #1543, .T. ) ;
#1068 = VERTEX_POINT ( 'NONE', #59 ) ;
#1069 = CARTESIAN_POINT ( 'NONE',  ( -16.48209909036572540, 39.38263152922341703, -63.99675884675733073 ) ) ;
#1070 = CARTESIAN_POINT ( 'NONE',  ( 18.79420274687435466, 68.58229326886917931, -2.788866954810958365 ) ) ;
#1071 = CARTESIAN_POINT ( 'NONE',  ( 18.95991379247115205, 60.57330121839371628, 0.1429684696803450172 ) ) ;
#1072 = CARTESIAN_POINT ( 'NONE',  ( -10.99963896355876081, 112.5004964254674320, -0.2879138691574162912 ) ) ;
#1073 = CARTESIAN_POINT ( 'NONE',  ( 11.52084942875384144, 3.049002967184509139, 7.968852888046244587 ) ) ;
#1074 = CARTESIAN_POINT ( 'NONE',  ( 18.81139874791819366, 68.51156397013939170, -2.672278210822588207 ) ) ;
#1075 = CARTESIAN_POINT ( 'NONE',  ( 18.33158351453242929, 36.13371439746794067, -60.36004738726444430 ) ) ;
#1076 = CARTESIAN_POINT ( 'NONE',  ( -14.00885767429653406, 5.143137371810224678, 8.719067651403069164 ) ) ;
#1077 = CARTESIAN_POINT ( 'NONE',  ( -15.73243870079107865, 22.15097437633196265, -42.34619900476453580 ) ) ;
#1078 = CARTESIAN_POINT ( 'NONE',  ( -15.70078467112718812, 125.3828275720003091, -6.342364178411957099 ) ) ;
#1079 = CARTESIAN_POINT ( 'NONE',  ( -18.97287141610391004, 68.10577969609340698, -1.035586900844975400 ) ) ;
#1080 = CARTESIAN_POINT ( 'NONE',  ( 10.79357116542168349, 112.7860921020945284, -2.137248815483568709 ) ) ;
#1081 = DIRECTION ( 'NONE',  ( 0.000000000000000000, 0.1736481776669343557, 0.9848077530122072432 ) ) ;
#1082 = CARTESIAN_POINT ( 'NONE',  ( -17.59892579418971437, 22.13389438643461915, -42.30120990078042098 ) ) ;
#1083 = CARTESIAN_POINT ( 'NONE',  ( -14.93115000555974170, 106.8402335833304448, -11.56048148463200143 ) ) ;
#1084 = CARTESIAN_POINT ( 'NONE',  ( -10.08669789564833685, 33.88281164010933111, -61.26614032221688433 ) ) ;
#1085 = ORIENTED_EDGE ( 'NONE', *, *, #3132, .T. ) ;
#1086 = FACE_OUTER_BOUND ( 'NONE', #2004, .T. ) ;
#1087 = CARTESIAN_POINT ( 'NONE',  ( 14.15053071765870385, 104.4504251382839612, -16.54841012420332191 ) ) ;
#1088 = CARTESIAN_POINT ( 'NONE',  ( -15.99360900262936802, 103.0077740203681174, -8.938939415457394233 ) ) ;
#1089 = EDGE_LOOP ( 'NONE', ( #5022, #3196, #2191, #2135 ) ) ;
#1090 = DIRECTION ( 'NONE',  ( -0.000000000000000000, 1.000000000000000000, -0.000000000000000000 ) ) ;
#1091 = CARTESIAN_POINT ( 'NONE',  ( 17.64816641311423950, 23.26658540847039447, 1.270834918592271157 ) ) ;
#1092 = EDGE_CURVE ( 'NONE', #2240, #3646, #2205, .T. ) ;
#1093 = VERTEX_POINT ( 'NONE', #1493 ) ;
#1094 = CARTESIAN_POINT ( 'NONE',  ( -18.39250148713654198, 37.59858933511763723, -63.33110007665126062 ) ) ;
#1095 = CARTESIAN_POINT ( 'NONE',  ( -18.67058095528332728, 45.76622061975430000, -63.05410813163089756 ) ) ;
#1096 = CARTESIAN_POINT ( 'NONE',  ( 18.95626913815361192, 60.50375292117025339, 0.3580513894412019060 ) ) ;
#1097 = CARTESIAN_POINT ( 'NONE',  ( 16.52694461487611122, 40.81002608149157851, -64.34126595091795764 ) ) ;
#1098 = FACE_OUTER_BOUND ( 'NONE', #2052, .T. ) ;
#1099 = EDGE_CURVE ( 'NONE', #5261, #67, #743, .T. ) ;
#1100 = LINE ( 'NONE', #5271, #1419 ) ;
#1101 = CARTESIAN_POINT ( 'NONE',  ( -7.359559851017783316, 3.204420594622272134, 14.53543234296916431 ) ) ;
#1102 = CYLINDRICAL_SURFACE ( 'NONE', #3602, 22.74098111983047232 ) ;
#1103 = CARTESIAN_POINT ( 'NONE',  ( -5.276475517332345433, 2.924867618044777906, 15.37544769575014669 ) ) ;
#1104 = DIRECTION ( 'NONE',  ( -1.000000000000000000, 3.347878427938975060E-19, 0.000000000000000000 ) ) ;
#1105 = CARTESIAN_POINT ( 'NONE',  ( -18.92426724220197087, 68.21429324630732083, -1.707391686360137273 ) ) ;
#1106 = CARTESIAN_POINT ( 'NONE',  ( -18.95691195613630953, 60.77587686707574477, -57.34341770746127054 ) ) ;
#1107 = CARTESIAN_POINT ( 'NONE',  ( -1.476416671349421799E-11, 2.641486349591146698, 16.22731298258699439 ) ) ;
#1108 = CARTESIAN_POINT ( 'NONE',  ( -15.07745202598100498, 109.1463123731722646, -9.732857887513244322 ) ) ;
#1109 = EDGE_CURVE ( 'NONE', #3340, #1831, #4156, .T. ) ;
#1110 = CARTESIAN_POINT ( 'NONE',  ( -7.077190576701958058, 1.623423291405815094, 11.72386402421581053 ) ) ;
#1111 = CARTESIAN_POINT ( 'NONE',  ( 9.625550499211005473, 105.5153084868302642, -15.40682223367957704 ) ) ;
#1112 = EDGE_LOOP ( 'NONE', ( #1192, #1427, #69, #4537, #3059 ) ) ;
#1113 = CARTESIAN_POINT ( 'NONE',  ( 18.67834606682766463, 68.38720681801784451, 3.579719876445460525 ) ) ;
#1114 = PLANE ( 'NONE',  #4306 ) ;
#1115 = CARTESIAN_POINT ( 'NONE',  ( 13.58854608099344041, 104.1428623285229236, -18.05688128620968413 ) ) ;
#1116 = CARTESIAN_POINT ( 'NONE',  ( -16.02598804747972494, 27.85144980874005327, -55.42773916118014910 ) ) ;
#1117 = EDGE_LOOP ( 'NONE', ( #4695, #3286, #2178, #2141 ) ) ;
#1118 = CARTESIAN_POINT ( 'NONE',  ( 7.549834435270744493, 120.5000000000000142, 8.000000000000003553 ) ) ;
#1119 = DIRECTION ( 'NONE',  ( 1.000000000000000000, 0.000000000000000000, 0.000000000000000000 ) ) ;
#1120 = ORIENTED_EDGE ( 'NONE', *, *, #4742, .T. ) ;
#1121 = EDGE_CURVE ( 'NONE', #4264, #1828, #293, .T. ) ;
#1122 = CARTESIAN_POINT ( 'NONE',  ( -18.80978297009554367, 51.22469559132402139, -64.54715421457125046 ) ) ;
#1123 = CARTESIAN_POINT ( 'NONE',  ( -18.21007402003078113, 33.31966944047390200, -58.44796936644330998 ) ) ;
#1124 = DIRECTION ( 'NONE',  ( 1.000000000000000000, -0.000000000000000000, -0.000000000000000000 ) ) ;
#1125 = CARTESIAN_POINT ( 'NONE',  ( -10.21691328727014003, 113.6128993116409305, -4.102012681770112579 ) ) ;
#1126 = CARTESIAN_POINT ( 'NONE',  ( -16.48647356516957174, 10.88359411335865801, -12.66764853068875496 ) ) ;
#1127 = PLANE ( 'NONE',  #2292 ) ;
#1128 = CARTESIAN_POINT ( 'NONE',  ( 18.95862431618444788, 60.44783056776785202, -1.426417717646280924E-16 ) ) ;
#1129 = DIRECTION ( 'NONE',  ( -0.000000000000000000, 1.000000000000000000, -0.000000000000000000 ) ) ;
#1130 = CARTESIAN_POINT ( 'NONE',  ( -11.11897770353668591, 1.622857441474269136, 11.72535448653847112 ) ) ;
#1131 = DIRECTION ( 'NONE',  ( 0.08748666898430587646, 0.7152192699715151925, 0.6934028256442595906 ) ) ;
#1132 = CARTESIAN_POINT ( 'NONE',  ( -18.85004497474398022, 67.82067765903690315, 1.866753150752926471 ) ) ;
#1133 = CARTESIAN_POINT ( 'NONE',  ( -18.93490194827358764, 62.22252207965853898, -58.69867379410737129 ) ) ;
#1134 = CARTESIAN_POINT ( 'NONE',  ( -12.54528779715452735, 42.08673681339831063, -48.00028857631375701 ) ) ;
#1135 = CARTESIAN_POINT ( 'NONE',  ( -8.985091411744082990, 125.3849623775491438, 6.355619489993003413 ) ) ;
#1136 = CARTESIAN_POINT ( 'NONE',  ( -0.6917100401129019360, 0.9445080563065519907, 13.51214307422428718 ) ) ;
#1137 = FACE_OUTER_BOUND ( 'NONE', #2215, .T. ) ;
#1138 = ORIENTED_EDGE ( 'NONE', *, *, #3381, .F. ) ;
#1139 = FACE_OUTER_BOUND ( 'NONE', #471, .T. ) ;
#1140 = CARTESIAN_POINT ( 'NONE',  ( 12.80080048638072121, -1.937192818297022390, -11.12997788173587921 ) ) ;
#1141 = CARTESIAN_POINT ( 'NONE',  ( -18.89746416907198778, 68.14089701061584492, 1.970462121752990070 ) ) ;
#1142 = CARTESIAN_POINT ( 'NONE',  ( 16.17303139721884264, 101.4313901476460273, -18.13544762992049186 ) ) ;
#1143 = CARTESIAN_POINT ( 'NONE',  ( 18.78359907534022710, 67.89538012822679036, -1.330543515082383665 ) ) ;
#1144 = ORIENTED_EDGE ( 'NONE', *, *, #2648, .T. ) ;
#1145 = CARTESIAN_POINT ( 'NONE',  ( -18.62456150947289757, 44.24403113606909699, -36.80333967308643395 ) ) ;
#1146 = CARTESIAN_POINT ( 'NONE',  ( 17.61750981124806614, 22.56156807996197600, 1.206472538131797778 ) ) ;
#1148 = ORIENTED_EDGE ( 'NONE', *, *, #3544, .F. ) ;
#1147 = CARTESIAN_POINT ( 'NONE',  ( 16.42301885605142786, 37.69297072055724129, -63.30915749295980532 ) ) ;
#1149 = CARTESIAN_POINT ( 'NONE',  ( 17.72208753487458566, 89.14365870561331917, -32.59856187452576393 ) ) ;
#1150 = CIRCLE ( 'NONE', #1769, 1.999999999999996225 ) ;
#1151 = AXIS2_PLACEMENT_3D ( 'NONE', #2031, #2437, #283 ) ;
#1152 = CARTESIAN_POINT ( 'NONE',  ( -18.89948797028336713, 55.94450669994547098, -60.73991566366612460 ) ) ;
#1153 = VERTEX_POINT ( 'NONE', #4756 ) ;
#1154 = CARTESIAN_POINT ( 'NONE',  ( 18.95991379656294029, 60.57330088496414078, -1.050304503806247785E-16 ) ) ;
#1155 = CARTESIAN_POINT ( 'NONE',  ( -18.80821238276960017, 63.55209858124601396, 2.584102882198135998 ) ) ;
#1156 = CARTESIAN_POINT ( 'NONE',  ( 11.62959755558380337, 4.206545893462578789, 11.52706619097733132 ) ) ;
#1157 =( BOUNDED_CURVE ( )  B_SPLINE_CURVE ( 3, ( #5386, #2915, #4320, #4373 ),
 .UNSPECIFIED., .F., .F. ) 
 B_SPLINE_CURVE_WITH_KNOTS ( ( 4, 4 ),
 ( 4.720636207810340323, 4.886921905584126868 ),
 .UNSPECIFIED. ) 
 CURVE ( )  GEOMETRIC_REPRESENTATION_ITEM ( )  RATIONAL_B_SPLINE_CURVE ( ( 1.000000000000000000, 0.9976970826394430114, 0.9976970826394430114, 1.000000000000000000 ) ) 
 REPRESENTATION_ITEM ( '' )  );
#1158 = CARTESIAN_POINT ( 'NONE',  ( -15.39592559310343667, 8.820979453877097143, 6.557342345246202520 ) ) ;
#1159 = ADVANCED_FACE ( 'NONE', ( #601 ), #2371, .T. ) ;
#1160 = CARTESIAN_POINT ( 'NONE',  ( -13.97274805978832823, 5.290454533942271276, 2.064815577916464751 ) ) ;
#1161 = CARTESIAN_POINT ( 'NONE',  ( -18.98082599131801373, 68.11780826215894535, 0.8783049838332506187 ) ) ;
#1162 = CARTESIAN_POINT ( 'NONE',  ( -17.66250754599557382, 23.09388954407399197, 0.5213791961474810721 ) ) ;
#1163 = FACE_OUTER_BOUND ( 'NONE', #4561, .T. ) ;
#1164 = CARTESIAN_POINT ( 'NONE',  ( -14.78290973831649779, 105.3883539595664871, -13.72264530873449040 ) ) ;
#1165 = CARTESIAN_POINT ( 'NONE',  ( -3.350099101280600067, 1.080881076167471200, 13.15293326157658882 ) ) ;
#1166 = CARTESIAN_POINT ( 'NONE',  ( 8.665507902927704009, 109.1453641181887093, -15.72320499176840514 ) ) ;
#1167 = VERTEX_POINT ( 'NONE', #2285 ) ;
#1168 = DIRECTION ( 'NONE',  ( 0.000000000000000000, 0.9813805532461322700, -0.1920734487385366285 ) ) ;
#1169 = CARTESIAN_POINT ( 'NONE',  ( -19.00000000000000000, 62.28974017202617119, -58.63335116586625162 ) ) ;
#1170 = CARTESIAN_POINT ( 'NONE',  ( 18.85992336206610887, 65.45836901686983822, 1.545980682528193650 ) ) ;
#1171 = CARTESIAN_POINT ( 'NONE',  ( 12.62232504119608834, 42.58224858903681564, -48.25886746951548645 ) ) ;
#1172 = CARTESIAN_POINT ( 'NONE',  ( -15.74087083618946892, 22.28454441212589998, -42.69802568999754300 ) ) ;
#1173 = ORIENTED_EDGE ( 'NONE', *, *, #5161, .F. ) ;
#1174 = CARTESIAN_POINT ( 'NONE',  ( 15.74779778040284128, 5.262063127787933503, 2.139599224241128361 ) ) ;
#1175 = DIRECTION ( 'NONE',  ( 0.000000000000000000, 1.000000000000000000, 0.000000000000000000 ) ) ;
#1176 = CARTESIAN_POINT ( 'NONE',  ( 18.45841407946636181, 39.36262476516077413, -63.91601295426583818 ) ) ;
#1177 = CARTESIAN_POINT ( 'NONE',  ( 17.81691124832181217, 87.99237640216193768, -31.09633325020268302 ) ) ;
#1178 = CARTESIAN_POINT ( 'NONE',  ( -18.08309856976869057, 30.60408795259600012, -55.79682035469469525 ) ) ;
#1179 = ORIENTED_EDGE ( 'NONE', *, *, #3383, .T. ) ;
#1180 = CARTESIAN_POINT ( 'NONE',  ( 18.82061533305351020, 68.51906370074222252, 2.734871297513169708 ) ) ;
#1181 = CARTESIAN_POINT ( 'NONE',  ( -18.85999761233443195, 65.39870401655900878, 1.522892856807212869 ) ) ;
#1182 = CARTESIAN_POINT ( 'NONE',  ( 363.1080052622554035, 55.03717805158469645, -65.04694009427630874 ) ) ;
#1183 = DIRECTION ( 'NONE',  ( -0.9999981023626163257, 0.001918548862502905423, -0.0003382919282668052233 ) ) ;
#1184 = CARTESIAN_POINT ( 'NONE',  ( -13.24013611647325028, 4.091083066803110846, 5.223988854605860155 ) ) ;
#1185 = CARTESIAN_POINT ( 'NONE',  ( -15.27603470908658068, 122.3261381230481106, -7.793244223636652812 ) ) ;
#1186 = FACE_OUTER_BOUND ( 'NONE', #3257, .T. ) ;
#1187 = CARTESIAN_POINT ( 'NONE',  ( -15.08894707159459614, 5.781859121858992978, 6.691787019038380357 ) ) ;
#1188 = CARTESIAN_POINT ( 'NONE',  ( 15.44150558320890276, 124.0713193449394964, -7.177941682985621519 ) ) ;
#1189 = DIRECTION ( 'NONE',  ( 0.000000000000000000, -0.9284766908852594147, -0.3713906763541034994 ) ) ;
#1190 = CARTESIAN_POINT ( 'NONE',  ( 8.974011123909983567, 2.099909975156259989, 10.46878664473359599 ) ) ;
#1191 = CARTESIAN_POINT ( 'NONE',  ( 11.94463904789060216, 103.9999999999999289, -13.75507469208136335 ) ) ;
#1192 = ORIENTED_EDGE ( 'NONE', *, *, #2908, .F. ) ;
#1193 = CARTESIAN_POINT ( 'NONE',  ( 12.14314085971804857, 42.16905310402516704, -37.47560752895137881 ) ) ;
#1194 = DIRECTION ( 'NONE',  ( -0.001918548972283651115, -0.9999981595832269088, 0.000000000000000000 ) ) ;
#1195 = CARTESIAN_POINT ( 'NONE',  ( 17.79301549373666802, 25.01505280720225954, -44.54769561571760050 ) ) ;
#1196 = CARTESIAN_POINT ( 'NONE',  ( 15.77123337839871908, 4.963161063671210016, 2.926914446566499794 ) ) ;
#1197 = B_SPLINE_CURVE_WITH_KNOTS ( 'NONE', 3,
 ( #2263, #1470, #3921, #5117, #193, #2746, #217, #3519, #4384, #2720, #4355, #2695, #141, #4811, #5220, #5146, #3103, #2317, #5171, #1903, #4760, #1023, #1390, #169, #3080, #629, #2289, #3949, #3125, #4407, #4783, #1496, #1049, #4711, #3054, #3976, #245, #1078, #1799, #2642, #4307, #2237, #738, #2885, #1185, #1215, #3680, #1556 ),
 .UNSPECIFIED., .F., .F.,
 ( 4, 2, 2, 2, 2, 2, 2, 2, 2, 2, 2, 2, 2, 2, 2, 2, 2, 2, 2, 2, 2, 2, 2, 4 ),
 ( 0.01916402213422669851, 0.02074071162863470180, 0.02152905637583870171, 0.02231740112304270163, 0.02310574587024670501, 0.02389409061745070145, 0.02547078011185867005, 0.02704746960626663865, 0.02862415910067460378, 0.02941250384787858635, 0.03020084859508256891, 0.03098919334228655148, 0.03177753808949053405, 0.03335422758389849918, 0.03493091707830646431, 0.03650760657271442944, 0.03729595131991843282, 0.03808429606712243620, 0.03887264081432649510, 0.03966098556153056093, 0.04123767505593865096, 0.04202601980314267516, 0.04281436455034670630, 0.04439105404475475469 ),
 .UNSPECIFIED. ) ;
#1198 = CARTESIAN_POINT ( 'NONE',  ( 18.78292341408447541, 67.91548805347206041, 1.541605614419562231 ) ) ;
#1199 = ORIENTED_EDGE ( 'NONE', *, *, #740, .T. ) ;
#1200 = ADVANCED_FACE ( 'NONE', ( #3944 ), #219, .T. ) ;
#1201 = EDGE_CURVE ( 'NONE', #365, #3303, #3263, .T. ) ;
#1202 = DIRECTION ( 'NONE',  ( 0.000000000000000000, 0.000000000000000000, 1.000000000000000000 ) ) ;
#1203 = CARTESIAN_POINT ( 'NONE',  ( -18.97645932850116779, 68.33022008431697714, 0.9669324419918937652 ) ) ;
#1204 = AXIS2_PLACEMENT_3D ( 'NONE', #91, #4616, #1802 ) ;
#1205 = ADVANCED_FACE ( 'NONE', ( #2449 ), #1841, .T. ) ;
#1206 = ADVANCED_FACE ( 'NONE', ( #2714 ), #2936, .F. ) ;
#1207 = CARTESIAN_POINT ( 'NONE',  ( 18.95458229452832555, 60.92843215532688816, -57.19740677055887090 ) ) ;
#1208 = B_SPLINE_CURVE_WITH_KNOTS ( 'NONE', 3,
 ( #3360, #1359, #3330, #473, #1281, #5011, #2977 ),
 .UNSPECIFIED., .F., .F.,
 ( 4, 3, 4 ),
 ( -9.313561956125883206E-06, 0.000000000000000000, 0.0003759162518159549801 ),
 .UNSPECIFIED. ) ;
#1209 = CARTESIAN_POINT ( 'NONE',  ( -16.30137764812400292, 34.39329324884098327, -61.60337154058496623 ) ) ;
#1210 = ORIENTED_EDGE ( 'NONE', *, *, #3834, .T. ) ;
#1211 = CARTESIAN_POINT ( 'NONE',  ( -18.90093496162655740, 61.73684175791235873, 1.630149532454215011 ) ) ;
#1212 = CARTESIAN_POINT ( 'NONE',  ( -17.72026814230947878, 23.79051645073676369, -41.46066319879295037 ) ) ;
#1213 = CARTESIAN_POINT ( 'NONE',  ( -14.70506951108495564, 5.578200176772456942, 7.416486059549591836 ) ) ;
#1214 = CARTESIAN_POINT ( 'NONE',  ( -15.95681968207301260, 6.908328331012096868, 2.774674732845870739 ) ) ;
#1215 = CARTESIAN_POINT ( 'NONE',  ( -15.25616607759944188, 121.5509448298244024, -7.948160721792664418 ) ) ;
#1216 = CARTESIAN_POINT ( 'NONE',  ( -18.80202103358233501, 67.74885033116275679, -2.733386779639714881 ) ) ;
#1217 = CARTESIAN_POINT ( 'NONE',  ( 18.73257969864505057, 48.02981583579403235, -47.96219637610742836 ) ) ;
#1218 = CARTESIAN_POINT ( 'NONE',  ( 16.10346746176378119, 126.8466082346774471, 4.877350687316861055 ) ) ;
#1219 = AXIS2_PLACEMENT_3D ( 'NONE', #599, #1016, #3432 ) ;
#1220 = CARTESIAN_POINT ( 'NONE',  ( 13.70705096476565288, 102.6961814778914999, -19.45943380646436083 ) ) ;
#1221 = CARTESIAN_POINT ( 'NONE',  ( -18.79599111360826669, 67.69340855444598049, -2.773975875676314651 ) ) ;
#1222 = PRODUCT_RELATED_PRODUCT_CATEGORY ( 'part', '', ( #4172 ) ) ;
#1223 = CARTESIAN_POINT ( 'NONE',  ( 18.89433210916831385, 68.70264882617983915, -2.010529312768404075 ) ) ;
#1224 = CARTESIAN_POINT ( 'NONE',  ( 9.156509324617793766, 103.9999999999980815, -18.19538586296862448 ) ) ;
#1225 = ORIENTED_EDGE ( 'NONE', *, *, #2253, .T. ) ;
#1226 = CARTESIAN_POINT ( 'NONE',  ( 18.49078054889716327, 74.82113401882762105, -4.618717651066880592 ) ) ;
#1227 = CARTESIAN_POINT ( 'NONE',  ( -18.43083040421844743, 75.95145106186714656, -4.547769166496213877 ) ) ;
#1228 = CARTESIAN_POINT ( 'NONE',  ( -17.23519258925887243, 113.5884104507400139, 4.061794676330608311 ) ) ;
#1229 = B_SPLINE_CURVE_WITH_KNOTS ( 'NONE', 3,
 ( #487, #3806, #3929, #2327, #3988, #641, #2703, #1010, #616, #5232 ),
 .UNSPECIFIED., .F., .F.,
 ( 4, 3, 3, 4 ),
 ( 4.336808689942017255E-19, 0.0001777628293601358079, 0.0003896007284087713799, 0.0004064822966391371927 ),
 .UNSPECIFIED. ) ;
#1230 = CARTESIAN_POINT ( 'NONE',  ( 18.78956853027873919, 68.50646597020275408, -2.823124093687898295 ) ) ;
#1231 = EDGE_CURVE ( 'NONE', #2076, #5261, #5064, .T. ) ;
#1232 = CARTESIAN_POINT ( 'NONE',  ( -17.84656242804201298, 25.98935996344318156, -47.10749345010516009 ) ) ;
#1233 = VERTEX_POINT ( 'NONE', #381 ) ;
#1234 = CARTESIAN_POINT ( 'NONE',  ( 14.68173767787964223, 10.87448629578220505, -12.64365831988942190 ) ) ;
#1235 = CARTESIAN_POINT ( 'NONE',  ( 16.90013184451363415, 56.92081882280898242, -62.50357944634102125 ) ) ;
#1236 = B_SPLINE_CURVE_WITH_KNOTS ( 'NONE', 3,
 ( #363, #3662, #2050, #5313, #1588, #4521, #1935, #4929, #3242, #3272, #1504, #1084, #4414, #3607, #3185, #2777, #1279, #2150, #4252, #5059, #5367, #82, #4610, #4549, #5037, #2481 ),
 .UNSPECIFIED., .F., .F.,
 ( 4, 2, 2, 2, 2, 2, 2, 2, 2, 2, 2, 2, 4 ),
 ( 0.06068771473955669737, 0.06196759777787891332, 0.06324748081620112927, 0.06452736385452335910, 0.06580724689284557505, 0.06836701296949004858, 0.07092677904613450823, 0.07348654512277898176, 0.07476642816110122547, 0.07604631119942345530, 0.07732619423774569900, 0.07860607727606794271, 0.08116584335271241624 ),
 .UNSPECIFIED. ) ;
#1237 = CARTESIAN_POINT ( 'NONE',  ( -18.04399730060757889, 29.80515664926534569, -54.80598809204512634 ) ) ;
#1238 = VERTEX_POINT ( 'NONE', #4024 ) ;
#1239 = CARTESIAN_POINT ( 'NONE',  ( -16.90490242312406011, 57.24301959274918516, -62.34057909116096141 ) ) ;
#1240 = CARTESIAN_POINT ( 'NONE',  ( -0.6917100400741932331, 0.9445080563633307946, 13.51214307407473036 ) ) ;
#1241 = CARTESIAN_POINT ( 'NONE',  ( -18.94444541409860960, 61.55439230815800045, 0.6216928697270315274 ) ) ;
#1242 = CARTESIAN_POINT ( 'NONE',  ( -18.79627621079026056, 67.51310911962423233, -2.763951722466793548 ) ) ;
#1243 = CIRCLE ( 'NONE', #2133, 13.00000000000000178 ) ;
#1244 = AXIS2_PLACEMENT_3D ( 'NONE', #1541, #2300, #3168 ) ;
#1245 = CARTESIAN_POINT ( 'NONE',  ( 12.66386288627347412, 60.83376738422705898, -59.92861768124404165 ) ) ;
#1246 = CARTESIAN_POINT ( 'NONE',  ( -16.95827418740460502, 62.03924378791166561, -58.87253314723134423 ) ) ;
#1247 = AXIS2_PLACEMENT_3D ( 'NONE', #3266, #4949, #5306 ) ;
#1248 = CARTESIAN_POINT ( 'NONE',  ( 18.79797153823184530, 50.70792562019379801, -40.83214369247836828 ) ) ;
#1249 = CARTESIAN_POINT ( 'NONE',  ( 15.44468416149699408, 124.0544975684602491, 7.171780489797686009 ) ) ;
#1250 = LINE ( 'NONE', #3297, #2025 ) ;
#1251 = CARTESIAN_POINT ( 'NONE',  ( -12.69307535769941531, 44.70496099589686878, -65.04694009427630874 ) ) ;
#1252 = CARTESIAN_POINT ( 'NONE',  ( -11.90739998103990516, 103.2667107295566353, -18.90630749705571390 ) ) ;
#1253 = DIRECTION ( 'NONE',  ( -1.000000000000000000, 0.000000000000000000, 0.000000000000000000 ) ) ;
#1254 = CARTESIAN_POINT ( 'NONE',  ( -15.87644584468965725, 103.7957670452972820, -13.37823407464345493 ) ) ;
#1255 = CARTESIAN_POINT ( 'NONE',  ( -17.63392207429537706, 22.75457665732096402, 1.116458054504955610 ) ) ;
#1256 = CARTESIAN_POINT ( 'NONE',  ( 12.23043329076515739, 42.49632044356467020, -37.31161516085765584 ) ) ;
#1257 = CARTESIAN_POINT ( 'NONE',  ( 14.92129619247663364, 106.5729144305445999, -11.85665346949571486 ) ) ;
#1258 = CARTESIAN_POINT ( 'NONE',  ( 16.04387194325948229, 102.4759108881312386, -16.73267133834596976 ) ) ;
#1259 = CARTESIAN_POINT ( 'NONE',  ( 12.68186892137333110, 43.29583507390760388, -48.51410347090085651 ) ) ;
#1260 = AXIS2_PLACEMENT_3D ( 'NONE', #204, #4826, #1119 ) ;
#1261 =( BOUNDED_SURFACE ( )  B_SPLINE_SURFACE ( 3, 2, ( 
 ( #3773, #3281, #2033 ),
 ( #1264, #3696, #2111 ),
 ( #2846, #4181, #1682 ),
 ( #452, #2005, #2084 ) ),
 .UNSPECIFIED., .F., .F., .F. ) 
 B_SPLINE_SURFACE_WITH_KNOTS ( ( 4, 4 ),
 ( 3, 3 ),
 ( -1.573719453362709686E-16, 6.454370923749915608E-05 ),
 ( 0.000000000000000000, 1.000000000000000000 ),
 .UNSPECIFIED. ) 
 GEOMETRIC_REPRESENTATION_ITEM ( )  RATIONAL_B_SPLINE_SURFACE ( (
 ( 1.000000000000000000, 0.9968001287787623399, 1.000000000000000000),
 ( 1.000000000000000000, 0.9971709337913757798, 1.000000000000000000),
 ( 1.000000000000000000, 0.9975214791535345071, 1.000000000000000000),
 ( 1.000000000000000000, 0.9978773425250854201, 1.000000000000000000) ) ) 
 REPRESENTATION_ITEM ( '' )  SURFACE ( )  );
#1262 = CARTESIAN_POINT ( 'NONE',  ( -6.337950703383476103, 108.0030656091477539, -16.85108306916043119 ) ) ;
#1263 = ORIENTED_EDGE ( 'NONE', *, *, #3223, .T. ) ;
#1264 = CARTESIAN_POINT ( 'NONE',  ( 18.78637374821934003, 68.43228521061602976, -2.764449892395151487 ) ) ;
#1265 = CARTESIAN_POINT ( 'NONE',  ( 18.88775695506771868, 55.20819918796233594, -63.30228199655011423 ) ) ;
#1266 = EDGE_LOOP ( 'NONE', ( #901, #3642, #5376, #982 ) ) ;
#1267 = CARTESIAN_POINT ( 'NONE',  ( 15.70740610823143157, 117.9031579106051453, -7.584543103427679789 ) ) ;
#1268 = CARTESIAN_POINT ( 'NONE',  ( -7.397531166499668132, 3.210631302325330783, 14.51677418113777840 ) ) ;
#1269 = CARTESIAN_POINT ( 'NONE',  ( -15.26666948247775935, 16.47426916591084378, -27.39362101557594897 ) ) ;
#1270 = CARTESIAN_POINT ( 'NONE',  ( 9.561577783635302197, 33.33293003163198165, -60.87859753549102493 ) ) ;
#1271 = ORIENTED_EDGE ( 'NONE', *, *, #5070, .F. ) ;
#1272 = CARTESIAN_POINT ( 'NONE',  ( -18.79657762168592683, 67.50726987171282190, -2.769582969326794153 ) ) ;
#1273 = EDGE_CURVE ( 'NONE', #801, #883, #4919, .T. ) ;
#1274 = CARTESIAN_POINT ( 'NONE',  ( 18.90252149412093985, 68.70880573633351673, 1.921880308007954063 ) ) ;
#1275 = CARTESIAN_POINT ( 'NONE',  ( 15.26325820100944775, 122.0772834208476922, -7.856132782816223070 ) ) ;
#1276 = CARTESIAN_POINT ( 'NONE',  ( 12.69797024457866286, 45.02449172995815729, -48.76540200048551554 ) ) ;
#1277 = CARTESIAN_POINT ( 'NONE',  ( 18.87483837477604709, 68.34004941449207138, -1.197825263612663171 ) ) ;
#1278 = DIRECTION ( 'NONE',  ( -0.8871570074235509695, -0.3313209834109942520, -0.3212146480639720414 ) ) ;
#1279 = CARTESIAN_POINT ( 'NONE',  ( -6.437261313164072796, 31.03454943926073639, -59.01676774690959348 ) ) ;
#1280 = CARTESIAN_POINT ( 'NONE',  ( 3.892003250849130216E-12, 106.3328803294818528, -18.08609706827329688 ) ) ;
#1281 = CARTESIAN_POINT ( 'NONE',  ( 18.76541989927837761, 68.42447758549127457, -3.123265078634094749 ) ) ;
#1282 = CARTESIAN_POINT ( 'NONE',  ( -17.66998224404130724, 23.45291891509478077, 1.115900766583268755 ) ) ;
#1283 = CARTESIAN_POINT ( 'NONE',  ( 12.38796929830124149, 43.18569747609787868, -37.05106102146279312 ) ) ;
#1284 = ADVANCED_FACE ( 'NONE', ( #329, #4404 ), #4486, .T. ) ;
#1285 = CARTESIAN_POINT ( 'NONE',  ( 15.86310224483673892, 103.8995137577254155, -13.19798257525013874 ) ) ;
#1286 = CARTESIAN_POINT ( 'NONE',  ( -1.473040693384934041, 102.3527048019200407, -19.79243336011313659 ) ) ;
#1287 = CARTESIAN_POINT ( 'NONE',  ( 10.84240001410059939, 128.2819716086675044, 1.874880829004488492 ) ) ;
#1288 = ADVANCED_FACE ( 'NONE', ( #4055 ), #1127, .F. ) ;
#1289 = CARTESIAN_POINT ( 'NONE',  ( 18.78540476931697967, 67.84152225649806667, -0.09822974636501885515 ) ) ;
#1290 = ORIENTED_EDGE ( 'NONE', *, *, #241, .F. ) ;
#1291 = CARTESIAN_POINT ( 'NONE',  ( -18.55241502034007084, 42.01920144930276280, -47.96221508582182480 ) ) ;
#1292 = CARTESIAN_POINT ( 'NONE',  ( -18.90263429155193720, 67.97601118077179194, 1.920150067104926750 ) ) ;
#1293 = CARTESIAN_POINT ( 'NONE',  ( 11.38026919135438320, 103.4007190086488066, -18.77638689328626853 ) ) ;
#1294 = EDGE_CURVE ( 'NONE', #4451, #3167, #4546, .T. ) ;
#1295 = EDGE_LOOP ( 'NONE', ( #424, #4630, #2656, #3613 ) ) ;
#1296 = CARTESIAN_POINT ( 'NONE',  ( -16.68917764560973538, 46.46038495710864424, -65.04694009427630874 ) ) ;
#1297 = CARTESIAN_POINT ( 'NONE',  ( -9.338571713984917366, 3.586342359403707380, 13.38839063426756759 ) ) ;
#1298 = CARTESIAN_POINT ( 'NONE',  ( -18.79239028716525084, 67.63152506240980699, -2.836594058085061487 ) ) ;
#1299 = DIRECTION ( 'NONE',  ( 0.3498613929079559814, 0.9368014761690466319, 0.000000000000000000 ) ) ;
#1300 = EDGE_CURVE ( 'NONE', #4423, #2520, #1100, .T. ) ;
#1301 = CARTESIAN_POINT ( 'NONE',  ( 15.46577536623984628, 109.8726271249026780, -9.026013051874706150 ) ) ;
#1302 = VERTEX_POINT ( 'NONE', #2767 ) ;
#1303 = CARTESIAN_POINT ( 'NONE',  ( 17.49761327441129666, 21.17884458225929478, 1.031704164343308028 ) ) ;
#1304 = DIRECTION ( 'NONE',  ( 0.000000000000000000, 0.000000000000000000, 1.000000000000000000 ) ) ;
#1305 = CARTESIAN_POINT ( 'NONE',  ( 18.70875942753248466, 47.13774285260933539, -37.14647622954449702 ) ) ;
#1306 = CARTESIAN_POINT ( 'NONE',  ( 15.73243855716815709, 22.15097262588495397, -42.34619439404502828 ) ) ;
#1307 = CARTESIAN_POINT ( 'NONE',  ( 18.98581972536991103, 68.77330624605238540, -0.8315551478276771435 ) ) ;
#1308 = DIRECTION ( 'NONE',  ( 0.000000000000000000, 0.000000000000000000, 1.000000000000000000 ) ) ;
#1309 = CARTESIAN_POINT ( 'NONE',  ( 12.69098995156779530, 48.91541878313796587, -47.33275207102241922 ) ) ;
#1310 = CARTESIAN_POINT ( 'NONE',  ( -17.39731655462044557, 20.07455850271514919, 1.228887873252330509 ) ) ;
#1311 = CARTESIAN_POINT ( 'NONE',  ( 16.95598576113188116, 62.20684864630629107, -58.71371423852006899 ) ) ;
#1312 = CARTESIAN_POINT ( 'NONE',  ( 14.48803618605663068, 104.3982588462803136, -16.43879549756958269 ) ) ;
#1313 = CARTESIAN_POINT ( 'NONE',  ( -16.68917764560973538, 46.46038495710864424, -65.04694009427630874 ) ) ;
#1314 = VERTEX_POINT ( 'NONE', #355 ) ;
#1315 = ORIENTED_EDGE ( 'NONE', *, *, #2664, .T. ) ;
#1316 = DIRECTION ( 'NONE',  ( 0.000000000000000000, -0.9599494974044229245, 0.2801730936992273824 ) ) ;
#1317 = CARTESIAN_POINT ( 'NONE',  ( 14.89698890611716209, 5.680019364854324238, 7.054173135473766010 ) ) ;
#1318 = ORIENTED_EDGE ( 'NONE', *, *, #3999, .T. ) ;
#1319 = CARTESIAN_POINT ( 'NONE',  ( 8.765373955047323307, 104.0359337841680514, -18.16054817259095699 ) ) ;
#1320 = CARTESIAN_POINT ( 'NONE',  ( 16.68917764561041750, 46.46038495713256822, -65.04694009427629453 ) ) ;
#1321 = AXIS2_PLACEMENT_3D ( 'NONE', #1929, #4463, #4489 ) ;
#1322 = CARTESIAN_POINT ( 'NONE',  ( -18.79633200475776178, 67.61598324841462215, -2.765684050869348987 ) ) ;
#1323 = VERTEX_POINT ( 'NONE', #1551 ) ;
#1324 = CARTESIAN_POINT ( 'NONE',  ( -12.68982123563453079, 51.20439447693024704, -37.80607487640352105 ) ) ;
#1325 = CARTESIAN_POINT ( 'NONE',  ( 0.8715410620714167944, 29.53206154885828028, -57.49095449232994781 ) ) ;
#1326 = ORIENTED_EDGE ( 'NONE', *, *, #4504, .F. ) ;
#1327 = CARTESIAN_POINT ( 'NONE',  ( 18.76275836162453814, 68.50000000000000000, -3.234672217925644855 ) ) ;
#1328 = CARTESIAN_POINT ( 'NONE',  ( 18.80421891853015737, 50.98506934409871150, -41.97517112784581883 ) ) ;
#1329 = AXIS2_PLACEMENT_3D ( 'NONE', #2718, #3975, #3494 ) ;
#1330 = AXIS2_PLACEMENT_3D ( 'NONE', #1035, #1946, #205 ) ;
#1331 = CARTESIAN_POINT ( 'NONE',  ( -12.69797024457866641, 45.02449172995815729, -48.76540200048551554 ) ) ;
#1332 = CARTESIAN_POINT ( 'NONE',  ( 18.84771979923156238, 68.65665826100355673, -2.402600344901982155 ) ) ;
#1333 = CARTESIAN_POINT ( 'NONE',  ( 17.62991443305278239, 23.11197421608224900, 1.391844822118833536 ) ) ;
#1334 = CIRCLE ( 'NONE', #2906, 1.999999999999999556 ) ;
#1335 = CARTESIAN_POINT ( 'NONE',  ( -17.38885934006373546, 21.15388193794613159, 2.511035499299777651 ) ) ;
#1336 = CARTESIAN_POINT ( 'NONE',  ( -9.286793590117317976, 103.9904759011739941, -18.20461944808872445 ) ) ;
#1337 = CARTESIAN_POINT ( 'NONE',  ( 18.05874232640348609, 30.07549398597011603, -58.10269529066220429 ) ) ;
#1338 = CARTESIAN_POINT ( 'NONE',  ( 5.851201270623866080, 103.0457991507671380, -19.12048057569251469 ) ) ;
#1339 = EDGE_CURVE ( 'NONE', #5077, #3964, #4607, .T. ) ;
#1340 = CARTESIAN_POINT ( 'NONE',  ( -13.97274805978832823, 7.160240612658947512, 2.774674732846029723 ) ) ;
#1341 = ORIENTED_EDGE ( 'NONE', *, *, #484, .F. ) ;
#1342 = CARTESIAN_POINT ( 'NONE',  ( -18.95927408353223242, 60.61754184382137112, 0.2351650491500244244 ) ) ;
#1343 = ORIENTED_EDGE ( 'NONE', *, *, #5133, .T. ) ;
#1344 = CARTESIAN_POINT ( 'NONE',  ( 8.562702044326504947, 124.5447339252369119, 6.906896976829511203 ) ) ;
#1345 = CARTESIAN_POINT ( 'NONE',  ( -8.517813774264554993, 104.0000000000000000, -18.19538586296676286 ) ) ;
#1346 = ORIENTED_EDGE ( 'NONE', *, *, #4853, .F. ) ;
#1347 = CARTESIAN_POINT ( 'NONE',  ( 12.92509956861029785, 3.869022786783050893, 5.808900970388368279 ) ) ;
#1348 = CARTESIAN_POINT ( 'NONE',  ( -8.667165516764761435, 116.2394969205754336, 6.775778600545121932 ) ) ;
#1349 = FACE_OUTER_BOUND ( 'NONE', #3532, .T. ) ;
#1350 = CARTESIAN_POINT ( 'NONE',  ( -17.23756979900680264, 113.5866581530736568, -4.034141396812870539 ) ) ;
#1351 = ORIENTED_EDGE ( 'NONE', *, *, #3161, .T. ) ;
#1352 = CARTESIAN_POINT ( 'NONE',  ( -18.95805464026534182, 60.69876405404755104, -57.41555342542512363 ) ) ;
#1353 = CARTESIAN_POINT ( 'NONE',  ( 18.77029551364167048, 68.28448275908178289, -2.915458328810720978 ) ) ;
#1354 = CARTESIAN_POINT ( 'NONE',  ( -12.69098995156781307, 48.91541878313709191, -47.33275207102139603 ) ) ;
#1355 = CARTESIAN_POINT ( 'NONE',  ( 18.80089696317268277, 50.81856052194115847, -62.59146626312273298 ) ) ;
#1356 = CARTESIAN_POINT ( 'NONE',  ( 12.67401678928298026, 56.71302811590900461, -53.28333909982293903 ) ) ;
#1357 = CARTESIAN_POINT ( 'NONE',  ( 18.49964481140999695, 40.50131376209508716, -38.80336692279008304 ) ) ;
#1358 = CARTESIAN_POINT ( 'NONE',  ( 17.45161825287859259, 21.64830407079412566, 2.273518821320087202 ) ) ;
#1359 = CARTESIAN_POINT ( 'NONE',  ( 18.76281975988116102, 68.49825844839259048, -3.232102922960172986 ) ) ;
#1360 = CARTESIAN_POINT ( 'NONE',  ( -17.73764865250056744, 24.04084766268237772, 0.1155211404725857705 ) ) ;
#1361 = CARTESIAN_POINT ( 'NONE',  ( -8.517813774263755633, 103.9999999999998863, -18.19538586296685523 ) ) ;
#1362 = CARTESIAN_POINT ( 'NONE',  ( 17.97161812710758255, 28.35717501951871711, -52.74810364236331139 ) ) ;
#1363 = CARTESIAN_POINT ( 'NONE',  ( 1.486580520870147026, 102.3537529572910358, -19.79141717678800205 ) ) ;
#1364 = AXIS2_PLACEMENT_3D ( 'NONE', #2925, #499, #4171 ) ;
#1365 = EDGE_CURVE ( 'NONE', #2083, #2296, #638, .T. ) ;
#1366 = CARTESIAN_POINT ( 'NONE',  ( -16.95482001634954372, 62.28974017202617119, -58.63335116586625162 ) ) ;
#1367 = ORIENTED_EDGE ( 'NONE', *, *, #1053, .F. ) ;
#1368 = CARTESIAN_POINT ( 'NONE',  ( -9.015648101485902899, 104.0722615051191866, -18.12532856174677676 ) ) ;
#1369 =( BOUNDED_CURVE ( )  B_SPLINE_CURVE ( 3, ( #3277, #1195, #4369, #2868 ),
 .UNSPECIFIED., .F., .F. ) 
 B_SPLINE_CURVE_WITH_KNOTS ( ( 4, 4 ),
 ( 1.514024561931470059, 1.517760584134073110 ),
 .UNSPECIFIED. ) 
 CURVE ( )  GEOMETRIC_REPRESENTATION_ITEM ( )  RATIONAL_B_SPLINE_CURVE ( ( 1.000000000000000000, 0.9999988368451800946, 0.9999988368451800946, 1.000000000000000000 ) ) 
 REPRESENTATION_ITEM ( '' )  );
#1370 = EDGE_CURVE ( 'NONE', #747, #1727, #727, .T. ) ;
#1371 = ORIENTED_EDGE ( 'NONE', *, *, #4359, .T. ) ;
#1372 = DIRECTION ( 'NONE',  ( 0.03525848100383684874, 0.2799988894822406094, 0.9593526262047831210 ) ) ;
#1373 = CARTESIAN_POINT ( 'NONE',  ( 12.34230420261356187, 103.1464727739626426, -19.02287781564045943 ) ) ;
#1374 = ORIENTED_EDGE ( 'NONE', *, *, #4239, .T. ) ;
#1375 = CARTESIAN_POINT ( 'NONE',  ( 14.75065551453258550, 105.2323953706633830, -14.05435779004151264 ) ) ;
#1376 = CARTESIAN_POINT ( 'NONE',  ( 16.81709999119048504, 52.03668327304650632, -64.39704047271432330 ) ) ;
#1377 = FACE_OUTER_BOUND ( 'NONE', #2932, .T. ) ;
#1378 = CARTESIAN_POINT ( 'NONE',  ( -18.79615758501011413, 67.65174573682961068, -2.772554140963213065 ) ) ;
#1379 = CARTESIAN_POINT ( 'NONE',  ( -18.95691203483837128, 60.77587155595288237, -57.34342267579062735 ) ) ;
#1380 = FACE_OUTER_BOUND ( 'NONE', #2530, .T. ) ;
#1381 = CARTESIAN_POINT ( 'NONE',  ( 18.95862431618442301, 60.44783056776785202, -57.60184944659256701 ) ) ;
#1382 = AXIS2_PLACEMENT_3D ( 'NONE', #1767, #134, #4729 ) ;
#1383 = CARTESIAN_POINT ( 'NONE',  ( 10.61447707058497869, 127.9614088585309730, 2.897750060346746981 ) ) ;
#1384 = CARTESIAN_POINT ( 'NONE',  ( -9.182336804863108881, 105.5877096886902393, -15.67264820791542412 ) ) ;
#1385 = CARTESIAN_POINT ( 'NONE',  ( 16.85229645317336988, 53.94397781431543137, -63.80036279125718579 ) ) ;
#1386 = CARTESIAN_POINT ( 'NONE',  ( -14.83060996502958950, 103.9392343938835239, -18.25429792637470072 ) ) ;
#1387 = CARTESIAN_POINT ( 'NONE',  ( 18.49071595695635750, 40.25325784947347785, -39.10640589090500185 ) ) ;
#1388 = CARTESIAN_POINT ( 'NONE',  ( 17.36531860334767785, 92.70976241151896602, -6.782140892904288343 ) ) ;
#1389 = CARTESIAN_POINT ( 'NONE',  ( 16.97825782965736607, 114.1629879269859060, 4.910097645578335168 ) ) ;
#1390 = CARTESIAN_POINT ( 'NONE',  ( -16.67303033916287447, 128.4343204187759682, 1.056390967233624689 ) ) ;
#1391 = CARTESIAN_POINT ( 'NONE',  ( -13.76229367976815965, 104.4553398735192644, -16.78580320365389511 ) ) ;
#1392 = CARTESIAN_POINT ( 'NONE',  ( 16.21247350868702242, 32.16482606480869322, -59.99785123745132154 ) ) ;
#1393 = DIRECTION ( 'NONE',  ( 0.000000000000000000, -0.000000000000000000, 1.000000000000000000 ) ) ;
#1394 = CARTESIAN_POINT ( 'NONE',  ( 7.240238471969233203, 105.6031327929400305, -16.64115367826646263 ) ) ;
#1395 = ORIENTED_EDGE ( 'NONE', *, *, #3548, .F. ) ;
#1396 = CARTESIAN_POINT ( 'NONE',  ( -16.01389732451379899, 102.7143696524430254, -16.12181821611454779 ) ) ;
#1397 = ORIENTED_EDGE ( 'NONE', *, *, #2518, .F. ) ;
#1398 = CARTESIAN_POINT ( 'NONE',  ( -18.81506497421405300, 67.71735692771008530, 2.604444722631775289 ) ) ;
#1399 = CARTESIAN_POINT ( 'NONE',  ( -17.25751126686848735, 18.15052507721197017, -26.68254779277490485 ) ) ;
#1400 = EDGE_CURVE ( 'NONE', #175, #3953, #5153, .T. ) ;
#1401 = ORIENTED_EDGE ( 'NONE', *, *, #3786, .T. ) ;
#1402 =( BOUNDED_SURFACE ( )  B_SPLINE_SURFACE ( 3, 2, ( 
 ( #3782, #1719, #4629 ),
 ( #52, #3378, #3322 ),
 ( #5052, #5030, #3811 ),
 ( #3833, #74, #813 ),
 ( #3407, #515, #2997 ),
 ( #1214, #2476, #2884 ) ),
 .UNSPECIFIED., .F., .F., .F. ) 
 B_SPLINE_SURFACE_WITH_KNOTS ( ( 4, 2, 4 ),
 ( 3, 3 ),
 ( 0.000000000000000000, 0.002071637936348975657, 0.004143275872697951313 ),
 ( 0.000000000000000000, 1.000000000000000000 ),
 .UNSPECIFIED. ) 
 GEOMETRIC_REPRESENTATION_ITEM ( )  RATIONAL_B_SPLINE_SURFACE ( (
 ( 1.000000000000000000, 0.6766687628809765487, 1.000000000000000000),
 ( 1.000000000000000000, 0.6890172769935269947, 1.000000000000000000),
 ( 1.000000000000000000, 0.7010664841179458096, 1.000000000000000000),
 ( 1.000000000000000000, 0.7247020285668149819, 1.000000000000000000),
 ( 1.000000000000000000, 0.7363492868729342167, 1.000000000000000000),
 ( 1.000000000000000000, 0.7475812729463892081, 1.000000000000000000) ) ) 
 REPRESENTATION_ITEM ( '' )  SURFACE ( )  );
#1403 = CARTESIAN_POINT ( 'NONE',  ( 18.81796388698980493, 68.63582088958689553, 2.753733115646766816 ) ) ;
#1404 = CARTESIAN_POINT ( 'NONE',  ( 16.95872992813992042, 61.81913949715121959, -59.07679321938471162 ) ) ;
#1405 = CARTESIAN_POINT ( 'NONE',  ( -17.55062744786300755, 112.9260395567871882, 2.628810979577572482 ) ) ;
#1406 = CARTESIAN_POINT ( 'NONE',  ( 11.61214943899231500, 4.200863256384031352, 11.54411254899509842 ) ) ;
#1407 = CARTESIAN_POINT ( 'NONE',  ( -18.79776262852602997, 67.46746916854488063, 1.866753150752923363 ) ) ;
#1408 = DIRECTION ( 'NONE',  ( 0.000000000000000000, -0.9348930393583384513, -0.3549295774647811541 ) ) ;
#1409 = CARTESIAN_POINT ( 'NONE',  ( 18.89631096950304112, 68.52912740391496982, -1.992252482747192355 ) ) ;
#1410 = CARTESIAN_POINT ( 'NONE',  ( 18.71815256137004368, 47.46875824391806020, -63.03686257409339788 ) ) ;
#1411 = CARTESIAN_POINT ( 'NONE',  ( 18.46833203056981887, 39.64009830776007703, -45.42000058364248360 ) ) ;
#1412 = CARTESIAN_POINT ( 'NONE',  ( 18.05205260425304559, 82.16141622742465245, -5.613432998892644576 ) ) ;
#1413 = ORIENTED_EDGE ( 'NONE', *, *, #879, .F. ) ;
#1414 = CARTESIAN_POINT ( 'NONE',  ( 15.70834635351333120, 117.8988371643423960, 7.583288337345241992 ) ) ;
#1415 = CARTESIAN_POINT ( 'NONE',  ( -15.93870481230162461, 6.738957013981104360, 5.026804030004901946 ) ) ;
#1416 = CARTESIAN_POINT ( 'NONE',  ( -9.334858299915355317, 104.1184505769346345, -18.08054840235287841 ) ) ;
#1417 = CARTESIAN_POINT ( 'NONE',  ( -15.90331575344889536, 6.672743082686690919, 3.585155717022723731 ) ) ;
#1418 = CARTESIAN_POINT ( 'NONE',  ( 16.25720592935271114, 33.27226530260531945, -60.83814884078316965 ) ) ;
#1419 = VECTOR ( 'NONE', #4859, 1000.000000000000000 ) ;
#1420 = CARTESIAN_POINT ( 'NONE',  ( 18.77379249458894961, 68.20248076470440424, 1.982199620567575593 ) ) ;
#1421 = ORIENTED_EDGE ( 'NONE', *, *, #3133, .T. ) ;
#1422 = CARTESIAN_POINT ( 'NONE',  ( -18.95744085730488493, 60.74026107091139437, 0.1457800970022606890 ) ) ;
#1423 = B_SPLINE_CURVE_WITH_KNOTS ( 'NONE', 3,
 ( #1676, #3332, #3305, #875, #4125, #393, #2054, #64, #1226, #4149, #2895, #475 ),
 .UNSPECIFIED., .F., .F.,
 ( 4, 2, 2, 2, 2, 4 ),
 ( -0.002633528232147771056, 0.007079782606456390057, 0.01679309344506055290, 0.02650640428366471402, 0.03136305970296679457, 0.03621971512226887513 ),
 .UNSPECIFIED. ) ;
#1424 = ORIENTED_EDGE ( 'NONE', *, *, #4750, .F. ) ;
#1425 = CARTESIAN_POINT ( 'NONE',  ( 12.74731599652500336, 103.0180277450420192, -19.14740486592124213 ) ) ;
#1426 = CARTESIAN_POINT ( 'NONE',  ( -18.71859923513653712, 47.50161114106572313, -37.29707561737813393 ) ) ;
#1427 = ORIENTED_EDGE ( 'NONE', *, *, #3542, .F. ) ;
#1428 = CARTESIAN_POINT ( 'NONE',  ( 14.86838157463273191, 105.9611715721354273, -12.70989274650186651 ) ) ;
#1429 = CARTESIAN_POINT ( 'NONE',  ( -10.67948454925280011, 112.9465530867312992, 2.648971434221852661 ) ) ;
#1430 = CARTESIAN_POINT ( 'NONE',  ( 1.592040838891559293E-15, 100.0000000000000000, 13.00000000000000178 ) ) ;
#1431 = AXIS2_PLACEMENT_3D ( 'NONE', #349, #4102, #2410 ) ;
#1432 =( BOUNDED_SURFACE ( )  B_SPLINE_SURFACE ( 3, 2, ( 
 ( #4157, #4942, #2878 ),
 ( #2470, #1631, #2907 ),
 ( #2008, #4078, #3313 ),
 ( #3673, #3727, #403 ),
 ( #1237, #5327, #1603 ),
 ( #4914, #4104, #3285 ),
 ( #1178, #4536, #2063 ),
 ( #1656, #5380, #2849 ),
 ( #782, #2442, #4565 ),
 ( #375, #2037, #2495 ),
 ( #428, #3699, #5354 ),
 ( #2088, #3751, #1209 ),
 ( #17, #806, #4134 ),
 ( #1949, #1094, #4799 ),
 ( #3648, #3589, #1069 ),
 ( #5235, #3143, #5209 ),
 ( #3936, #4425, #1516 ),
 ( #4452, #233, #3171 ),
 ( #3562, #728, #4019 ),
 ( #1867, #5266, #757 ),
 ( #289, #3618, #2822 ),
 ( #4828, #2763, #2356 ),
 ( #1544, #2737, #4398 ),
 ( #3965, #4884, #2306 ),
 ( #673, #698, #1892 ),
 ( #1487, #1122, #3197 ),
 ( #5184, #3229, #2331 ),
 ( #1919, #261, #4854 ),
 ( #3992, #2788, #1457 ),
 ( #2383, #3115, #4049 ),
 ( #5295, #320, #2708 ),
 ( #4773, #1980, #1574 ),
 ( #1152, #4481, #208 ),
 ( #1039, #3533, #4371 ),
 ( #648, #1760, #46 ),
 ( #5102, #4266, #1714 ) ),
 .UNSPECIFIED., .F., .F., .T. ) 
 B_SPLINE_SURFACE_WITH_KNOTS ( ( 4, 2, 2, 2, 2, 2, 2, 2, 2, 2, 2, 2, 2, 2, 2, 2, 2, 4 ),
 ( 3, 3 ),
 ( 0.000000000000000000, 0.005029538320564427498, 0.006286922900705534806, 0.007544307480846641246, 0.01005907664112885500, 0.01257384580141106961, 0.01508861496169328249, 0.02011815328225770999, 0.02137553786239881903, 0.02263292244253992461, 0.02514769160282213922, 0.02766246076310435037, 0.02891984534324545941, 0.03017722992338656499, 0.03269199908366877960, 0.03394938366380988171, 0.03520676824395099075, 0.04023630656451541998 ),
 ( 0.000000000000000000, 1.000000000000000000 ),
 .UNSPECIFIED. ) 
 GEOMETRIC_REPRESENTATION_ITEM ( )  RATIONAL_B_SPLINE_SURFACE ( (
 ( 1.000000000000000000, 0.7244168363624164941, 1.000000000000000000),
 ( 1.000000000000000000, 0.7236347903848574514, 1.000000000000000000),
 ( 1.000000000000000000, 0.7226409636497307387, 1.000000000000000000),
 ( 1.000000000000000000, 0.7212050537203513745, 1.000000000000000000),
 ( 1.000000000000000000, 0.7209081440448067424, 1.000000000000000000),
 ( 1.000000000000000000, 0.7202964400500989628, 1.000000000000000000),
 ( 1.000000000000000000, 0.7199806555808493380, 1.000000000000000000),
 ( 1.000000000000000000, 0.7190210861496572070, 1.000000000000000000),
 ( 1.000000000000000000, 0.7183626850264837049, 1.000000000000000000),
 ( 1.000000000000000000, 0.7170256655685920411, 1.000000000000000000),
 ( 1.000000000000000000, 0.7163470052551026424, 1.000000000000000000),
 ( 1.000000000000000000, 0.7149851337981665278, 1.000000000000000000),
 ( 1.000000000000000000, 0.7142979761737581201, 1.000000000000000000),
 ( 1.000000000000000000, 0.7123029903483412140, 1.000000000000000000),
 ( 1.000000000000000000, 0.7110497123049943635, 1.000000000000000000),
 ( 1.000000000000000000, 0.7096363239534195788, 1.000000000000000000),
 ( 1.000000000000000000, 0.7093604023189162833, 1.000000000000000000),
 ( 1.000000000000000000, 0.7088311251712139383, 1.000000000000000000),
 ( 1.000000000000000000, 0.7085774595812908139, 1.000000000000000000),
 ( 1.000000000000000000, 0.7078496777290802511, 1.000000000000000000),
 ( 1.000000000000000000, 0.7074087811923799318, 1.000000000000000000),
 ( 1.000000000000000000, 0.7066170106126725692, 1.000000000000000000),
 ( 1.000000000000000000, 0.7062661346442909993, 1.000000000000000000),
 ( 1.000000000000000000, 0.7058083154034978657, 1.000000000000000000),
 ( 1.000000000000000000, 0.7056678429723542978, 1.000000000000000000),
 ( 1.000000000000000000, 0.7054125809269408132, 1.000000000000000000),
 ( 1.000000000000000000, 0.7052973786815485147, 1.000000000000000000),
 ( 1.000000000000000000, 0.7049871610560161095, 1.000000000000000000),
 ( 1.000000000000000000, 0.7048275214712321768, 1.000000000000000000),
 ( 1.000000000000000000, 0.7046516571272108953, 1.000000000000000000),
 ( 1.000000000000000000, 0.7046036392934762471, 1.000000000000000000),
 ( 1.000000000000000000, 0.7045276429634956816, 1.000000000000000000),
 ( 1.000000000000000000, 0.7044996234272906666, 1.000000000000000000),
 ( 1.000000000000000000, 0.7044073173617284578, 1.000000000000000000),
 ( 1.000000000000000000, 0.7044848657177391615, 1.000000000000000000),
 ( 1.000000000000000000, 0.7046486324741596530, 1.000000000000000000) ) ) 
 REPRESENTATION_ITEM ( '' )  SURFACE ( )  );
#1433 = CARTESIAN_POINT ( 'NONE',  ( 18.74196969265995349, 70.29340787125435952, -3.139641683861695398 ) ) ;
#1434 = DIRECTION ( 'NONE',  ( 1.000000000000000000, 0.000000000000000000, 0.000000000000000000 ) ) ;
#1435 = CARTESIAN_POINT ( 'NONE',  ( 18.81648002865550495, 68.38840839223153978, -2.359882609869321080 ) ) ;
#1436 = CARTESIAN_POINT ( 'NONE',  ( -12.68496532139521982, 51.55102429999304547, -50.19442476483761340 ) ) ;
#1437 = CARTESIAN_POINT ( 'NONE',  ( -15.34529604163915018, 104.2314744234629416, -16.34559591866121409 ) ) ;
#1438 = CARTESIAN_POINT ( 'NONE',  ( -18.77667645801314578, 49.79265209429919992, -46.42877977711066961 ) ) ;
#1439 = CARTESIAN_POINT ( 'NONE',  ( -18.79723336096639130, 67.50000000000000000, -2.689885336606004707 ) ) ;
#1440 = EDGE_CURVE ( 'NONE', #3280, #3303, #2809, .T. ) ;
#1441 = CARTESIAN_POINT ( 'NONE',  ( 15.46129583940708052, 119.1741539120558286, 7.893786803221182424 ) ) ;
#1442 = CARTESIAN_POINT ( 'NONE',  ( -16.69472115813414703, 13.09674214982898555, 3.776164778358511054 ) ) ;
#1443 = EDGE_CURVE ( 'NONE', #284, #3227, #814, .T. ) ;
#1444 = CARTESIAN_POINT ( 'NONE',  ( -10.05967365977524963, 103.9820728790790554, -18.21276615014682676 ) ) ;
#1445 = CARTESIAN_POINT ( 'NONE',  ( 3.701311535631163885, 102.6128473892846529, -19.54022594244077027 ) ) ;
#1446 = ORIENTED_EDGE ( 'NONE', *, *, #1843, .F. ) ;
#1447 = EDGE_CURVE ( 'NONE', #4849, #771, #2600, .T. ) ;
#1448 = EDGE_CURVE ( 'NONE', #1755, #455, #397, .T. ) ;
#1449 = ORIENTED_EDGE ( 'NONE', *, *, #3452, .F. ) ;
#1450 = CARTESIAN_POINT ( 'NONE',  ( 12.49199358753119071, 104.0024474453681336, -18.19301307240415611 ) ) ;
#1451 = CARTESIAN_POINT ( 'NONE',  ( -17.72026814230936864, 23.79051645073699817, -41.46066319879356143 ) ) ;
#1452 = ORIENTED_EDGE ( 'NONE', *, *, #2073, .T. ) ;
#1453 = LINE ( 'NONE', #3111, #3429 ) ;
#1454 = CARTESIAN_POINT ( 'NONE',  ( 17.48166115974710877, 21.00471096981044283, 1.801559463579206266 ) ) ;
#1455 = CARTESIAN_POINT ( 'NONE',  ( -18.79776262852604773, 67.46746916854451115, -2.682296341616220658 ) ) ;
#1456 = EDGE_LOOP ( 'NONE', ( #2159, #313, #5321, #2242 ) ) ;
#1457 = CARTESIAN_POINT ( 'NONE',  ( -16.85200953045094252, 53.92815707044908891, -63.80555328786151392 ) ) ;
#1458 = DIRECTION ( 'NONE',  ( 1.000000000000000000, -0.000000000000000000, -0.000000000000000000 ) ) ;
#1459 = CARTESIAN_POINT ( 'NONE',  ( 13.96793967460305197, 5.152206162142203283, 8.692203842865312780 ) ) ;
#1460 = CARTESIAN_POINT ( 'NONE',  ( 16.12406818965046185, 30.05798255304128119, -58.09868232233270646 ) ) ;
#1461 = CARTESIAN_POINT ( 'NONE',  ( 16.95827418740460502, 62.03924378791166561, -58.87253314723133713 ) ) ;
#1462 = EDGE_CURVE ( 'NONE', #4721, #3167, #2877, .T. ) ;
#1463 = EDGE_CURVE ( 'NONE', #4009, #2296, #328, .T. ) ;
#1464 =( BOUNDED_CURVE ( )  B_SPLINE_CURVE ( 3, ( #3389, #5040, #86, #4280 ),
 .UNSPECIFIED., .F., .F. ) 
 B_SPLINE_CURVE_WITH_KNOTS ( ( 4, 4 ),
 ( 4.765424723045512678, 4.769160745248115951 ),
 .UNSPECIFIED. ) 
 CURVE ( )  GEOMETRIC_REPRESENTATION_ITEM ( )  RATIONAL_B_SPLINE_CURVE ( ( 1.000000000000000000, 0.9999988368451800946, 0.9999988368451800946, 1.000000000000000000 ) ) 
 REPRESENTATION_ITEM ( '' )  );
#1465 = CARTESIAN_POINT ( 'NONE',  ( -11.65532002082384366, 103.9999999999995026, -18.19538586296782512 ) ) ;
#1466 = CARTESIAN_POINT ( 'NONE',  ( 0.000000000000000000, 142.0000000000000284, 0.000000000000000000 ) ) ;
#1467 = CARTESIAN_POINT ( 'NONE',  ( 18.62429196065459536, 44.23536513085837640, -36.80462498282160766 ) ) ;
#1468 = CARTESIAN_POINT ( 'NONE',  ( -18.89929029068468935, 67.94047908653710977, 0.3192761042747622180 ) ) ;
#1469 = CARTESIAN_POINT ( 'NONE',  ( 16.32079328784671546, 115.8368199295482128, 6.505430742851949333 ) ) ;
#1470 = CARTESIAN_POINT ( 'NONE',  ( -15.26876350666520565, 121.0262026175604433, 8.000000000001534772 ) ) ;
#1471 = CARTESIAN_POINT ( 'NONE',  ( 10.99965929076051196, 112.5004684755044195, 0.2890271585075239180 ) ) ;
#1472 = CARTESIAN_POINT ( 'NONE',  ( -14.84670787851821672, 105.8133758504018402, -12.96823565032186032 ) ) ;
#1473 = EDGE_CURVE ( 'NONE', #2676, #479, #148, .T. ) ;
#1474 = CARTESIAN_POINT ( 'NONE',  ( -2.524885568239044975, 104.1809092233005885, -18.01999494176738636 ) ) ;
#1475 = ORIENTED_EDGE ( 'NONE', *, *, #2512, .F. ) ;
#1476 = CARTESIAN_POINT ( 'NONE',  ( -12.70303866045994035, 49.39705910937073696, -46.88727950388181398 ) ) ;
#1477 = EDGE_LOOP ( 'NONE', ( #177, #2146, #632, #4471, #551, #4043, #2305 ) ) ;
#1478 = CARTESIAN_POINT ( 'NONE',  ( 8.517813774264318738, 103.9999999999999574, -18.19538586296680194 ) ) ;
#1479 = CARTESIAN_POINT ( 'NONE',  ( -18.78680229609299701, 50.22264353391895497, -39.76239102916171930 ) ) ;
#1480 = ORIENTED_EDGE ( 'NONE', *, *, #1447, .F. ) ;
#1481 = FACE_OUTER_BOUND ( 'NONE', #4772, .T. ) ;
#1482 = B_SPLINE_CURVE_WITH_KNOTS ( 'NONE', 3,
 ( #744, #3980, #2836, #1052, #4063, #337, #3633, #4841, #5196, #220, #687, #1135, #1502, #2724, #2321, #2369, #2776, #1586, #4438, #711, #251, #1908, #4006, #4035, #304, #3578, #3159, #2346, #5280, #1994, #2801, #3661, #1559, #3210, #5310, #4816, #2751, #1669, #1614, #2071, #3736, #2425, #1642, #2049, #4520, #5342, #3326, #4144, #3710, #2860, #3759, #2889 ),
 .UNSPECIFIED., .F., .F.,
 ( 4, 2, 2, 2, 2, 2, 2, 2, 2, 2, 2, 2, 2, 2, 2, 2, 2, 2, 2, 2, 2, 2, 2, 2, 2, 4 ),
 ( 0.02604131468439897790, 0.02685376427405935379, 0.02766621386371972968, 0.02847866345338010557, 0.02929111304304048147, 0.03091601222236119509, 0.03254091140168194340, 0.03335336099134229154, 0.03416581058100263968, 0.03579070976032332901, 0.03660315934998367715, 0.03741560893964402529, 0.03822805852930437343, 0.03904050811896472156, 0.04066540729828541784, 0.04147785688794575210, 0.04229030647760609329, 0.04310275606726643449, 0.04391520565692676875, 0.04554010483624749972, 0.04635255442590788255, 0.04716500401556827926, 0.04878990319488903105, 0.05041480237420977589, 0.05122725196387015179, 0.05203970155353052074 ),
 .UNSPECIFIED. ) ;
#1483 = CARTESIAN_POINT ( 'NONE',  ( 15.35304009318039320, 8.608918151900638804, 6.614661971445006117 ) ) ;
#1484 = CIRCLE ( 'NONE', #5214, 17.90695728736741188 ) ;
#1485 = VERTEX_POINT ( 'NONE', #4436 ) ;
#1486 = B_SPLINE_CURVE_WITH_KNOTS ( 'NONE', 3,
 ( #1404, #3020, #2576, #1788, #4340, #2992, #71, #2223, #1376, #935, #1740, #3403, #2163, #3450, #2603, #1320 ),
 .UNSPECIFIED., .F., .F.,
 ( 4, 2, 2, 2, 2, 2, 2, 4 ),
 ( 0.000000000000000000, 0.004194369985172325538, 0.006291554977758488307, 0.008388739970344651076, 0.01258310995551699396, 0.01468029494810316714, 0.01572888744439626327, 0.01677747994068936113 ),
 .UNSPECIFIED. ) ;
#1487 = CARTESIAN_POINT ( 'NONE',  ( -18.80016536246172620, 50.79999765563564296, -62.58254488601920684 ) ) ;
#1488 = CARTESIAN_POINT ( 'NONE',  ( -12.65719033491027723, 45.02449172995815729, -36.76540200048550133 ) ) ;
#1489 = CARTESIAN_POINT ( 'NONE',  ( 18.91485229058989503, 63.11219221324279260, 1.707329018548612964 ) ) ;
#1490 = CARTESIAN_POINT ( 'NONE',  ( -10.98885495821582303, 112.5153070291656974, -0.5652682304043455952 ) ) ;
#1491 = CARTESIAN_POINT ( 'NONE',  ( 12.90903699088976708, 2.336898389782334107, 9.844553463535813620 ) ) ;
#1492 = CARTESIAN_POINT ( 'NONE',  ( 18.85033549754743731, 68.52053069052713852, -2.382276992348706823 ) ) ;
#1493 = CARTESIAN_POINT ( 'NONE',  ( 16.68917764561041750, 46.46038495713256822, -65.04694009427629453 ) ) ;
#1494 = CARTESIAN_POINT ( 'NONE',  ( -18.79723336096639130, 67.52486965355682003, -2.690310656734265393 ) ) ;
#1495 = CARTESIAN_POINT ( 'NONE',  ( 17.62939688438698127, 112.7673606476425334, 2.118559181174261230 ) ) ;
#1496 = CARTESIAN_POINT ( 'NONE',  ( -16.15285662388012966, 127.0002350542617791, -4.670680055579159884 ) ) ;
#1497 = CARTESIAN_POINT ( 'NONE',  ( -19.00376447816141834, 68.15224760383252089, -0.1886815126279673960 ) ) ;
#1498 = CARTESIAN_POINT ( 'NONE',  ( 10.60961647096255867, 113.0455039211020107, 2.915456791818549220 ) ) ;
#1499 = CARTESIAN_POINT ( 'NONE',  ( 15.73328407822070041, 104.8953485953383193, -11.72711534496133368 ) ) ;
#1500 = CARTESIAN_POINT ( 'NONE',  ( -17.57870230620744323, 22.06513939687939541, -42.12010760545974364 ) ) ;
#1501 = VECTOR ( 'NONE', #683, 1000.000000000000000 ) ;
#1502 = CARTESIAN_POINT ( 'NONE',  ( -9.204132895346260668, 125.7723508926426632, 6.037698095617860972 ) ) ;
#1503 = B_SPLINE_CURVE_WITH_KNOTS ( 'NONE', 3,
 ( #5281, #745, #713, #2370, #3162, #306, #688, #1190, #1965, #3634, #2454, #2347, #4007, #4817, #1617, #4120, #4036, #4900, #1136, #4493, #389, #278, #1165, #4093, #4842, #1560, #2804, #4469, #1110, #1995, #4064, #2427, #2021, #3686, #339, #769 ),
 .UNSPECIFIED., .F., .F.,
 ( 4, 2, 2, 2, 2, 2, 2, 2, 2, 2, 2, 2, 2, 2, 2, 2, 2, 4 ),
 ( 3.387155866508880464E-18, 0.002027659030294346690, 0.004055318060588687309, 0.006082977090883028362, 0.007096806606030200623, 0.008110636121177372884, 0.01216595418176606540, 0.01419361321206041339, 0.01622127224235475965, 0.01723510175750193191, 0.01824893127264910070, 0.02027659030294344869, 0.02129041981809062095, 0.02230424933323778974, 0.02433190836353213427, 0.02635956739382648226, 0.02838722642412083025, 0.03244254448470951929 ),
 .UNSPECIFIED. ) ;
#1504 = CARTESIAN_POINT ( 'NONE',  ( -10.99683026872949654, 35.12318264005593704, -62.03288653316803902 ) ) ;
#1505 = ORIENTED_EDGE ( 'NONE', *, *, #3733, .T. ) ;
#1506 = EDGE_CURVE ( 'NONE', #1485, #3812, #3631, .T. ) ;
#1507 = FACE_OUTER_BOUND ( 'NONE', #3664, .T. ) ;
#1508 = CARTESIAN_POINT ( 'NONE',  ( 11.90420126170870851, 104.3885587589935113, -17.50743423187905989 ) ) ;
#1509 = TOROIDAL_SURFACE ( 'NONE', #290, -764.5416666666670835, 783.5416666666670835 ) ;
#1510 = CIRCLE ( 'NONE', #2634, 16.00000000000000000 ) ;
#1511 = CARTESIAN_POINT ( 'NONE',  ( -17.18587616652234829, 92.39618819872258371, -7.357963340176273626 ) ) ;
#1512 = EDGE_LOOP ( 'NONE', ( #426, #3617, #1761, #3983, #4719 ) ) ;
#1513 = CARTESIAN_POINT ( 'NONE',  ( -12.71233889806113204, 61.82200395573512708, -59.08681995180274527 ) ) ;
#1514 = CYLINDRICAL_SURFACE ( 'NONE', #1260, 10.00000000000000000 ) ;
#1515 = ORIENTED_EDGE ( 'NONE', *, *, #4825, .T. ) ;
#1516 = CARTESIAN_POINT ( 'NONE',  ( -16.56674487552159647, 42.09281280936404812, -64.62841486749474029 ) ) ;
#1517 = CARTESIAN_POINT ( 'NONE',  ( -18.15227513814521743, 32.05639056874139214, -57.34214974010551913 ) ) ;
#1518 = CARTESIAN_POINT ( 'NONE',  ( -19.00000000000001776, 120.5000000000000142, -8.000000000000003553 ) ) ;
#1519 = CARTESIAN_POINT ( 'NONE',  ( 18.78810548695225435, 68.42926540077611719, -2.743005118004947729 ) ) ;
#1520 = EDGE_CURVE ( 'NONE', #1882, #5077, #1150, .T. ) ;
#1521 = CARTESIAN_POINT ( 'NONE',  ( 12.27824143604903639, 3.446848535706749761, 6.920918096565226385 ) ) ;
#1522 = B_SPLINE_CURVE_WITH_KNOTS ( 'NONE', 3,
 ( #469, #3792, #2923, #2561, #4954, #415, #1672, #60, #3738, #2, #4225, #3328, #4581, #2666, #3435, #1411, #968, #4731, #4680, #214, #3869, #5191, #4325, #166, #2204, #3122, #656, #138, #997, #1819, #1387, #1357, #602, #3027, #2636, #944, #1795, #4780, #2611, #4381, #1467, #1045, #1020 ),
 .UNSPECIFIED., .F., .F.,
 ( 4, 2, 2, 2, 2, 2, 2, 2, 1, 2, 2, 2, 2, 2, 2, 2, 2, 2, 2, 2, 2, 4 ),
 ( 0.000000000000000000, 0.001172739604610453833, 0.001759109406915670450, 0.002345479209220886849, 0.003518218813831300133, 0.004690958418441712983, 0.005863698023052126701, 0.006450067825357330524, 0.007036437627662534347, 0.007622807429967739037, 0.008209177232272941993, 0.009381916836883349639, 0.01055465644149375729, 0.01172739604610416493, 0.01231376584840936962, 0.01290013565071457431, 0.01407287525532498196, 0.01524561485993538960, 0.01583198466224059256, 0.01641835446454579725, 0.01759109406915619622, 0.01876383367376659519 ),
 .UNSPECIFIED. ) ;
#1523 = B_SPLINE_CURVE_WITH_KNOTS ( 'NONE', 3,
 ( #4321, #1815, #4247, #76, #2198, #3915, #4652, #5032, #5135, #133, #2583, #1303, #895, #517, #1791, #2168, #2970, #105, #3431, #185 ),
 .UNSPECIFIED., .F., .F.,
 ( 4, 2, 2, 2, 2, 2, 2, 2, 2, 4 ),
 ( 4.006198305335984544E-16, 0.0001373057237649174384, 0.0002746114475294342641, 0.0005492228950584679154, 0.001098445790116535327, 0.002196891580232660825, 0.004393783160464912255, 0.008787566320929425523, 0.01318134948139393879, 0.01757513264185844859 ),
 .UNSPECIFIED. ) ;
#1524 = CARTESIAN_POINT ( 'NONE',  ( -8.517813774265272642, 108.3156450381515583, -22.64681348842357522 ) ) ;
#1525 = CARTESIAN_POINT ( 'NONE',  ( 14.93684923210778770, 107.2612680423692666, -11.14914851521717054 ) ) ;
#1526 = CARTESIAN_POINT ( 'NONE',  ( 13.17519010973851223, 104.4496554579262693, -17.06380175396568077 ) ) ;
#1527 = CARTESIAN_POINT ( 'NONE',  ( -10.81367952853533509, 3.964730202071226728, 12.25263540265476792 ) ) ;
#1528 = CARTESIAN_POINT ( 'NONE',  ( -18.89746416907200910, 68.14089701061591597, 1.970462121752878604 ) ) ;
#1529 = CARTESIAN_POINT ( 'NONE',  ( 15.98497416096789436, 102.9440577570530451, -15.33896319098603733 ) ) ;
#1530 = CARTESIAN_POINT ( 'NONE',  ( -12.63886240650782788, 42.76587609266083234, -48.32725435510660361 ) ) ;
#1531 = CARTESIAN_POINT ( 'NONE',  ( -15.12455355505986176, 109.8726271249036870, -9.586813811258084073 ) ) ;
#1532 = CARTESIAN_POINT ( 'NONE',  ( -6.337950703361317828, 108.0030656091356178, -16.85108306916939469 ) ) ;
#1533 = CARTESIAN_POINT ( 'NONE',  ( -18.67943979494587126, 75.64520399874803047, -45.68527112366876963 ) ) ;
#1534 = ORIENTED_EDGE ( 'NONE', *, *, #1463, .T. ) ;
#1535 = SURFACE_SIDE_STYLE ('',( #5370 ) ) ;
#1536 = CARTESIAN_POINT ( 'NONE',  ( 9.842112225575551321, 114.1821967522183314, -4.934476060088305083 ) ) ;
#1537 = ADVANCED_FACE ( 'NONE', ( #3182 ), #5181, .T. ) ;
#1538 = CARTESIAN_POINT ( 'NONE',  ( 13.56384974417039224, 104.1335883470006110, -18.06587238203511347 ) ) ;
#1539 = CARTESIAN_POINT ( 'NONE',  ( -15.84950659215932411, 24.22808283028351539, -47.81735260504272134 ) ) ;
#1540 = ORIENTED_EDGE ( 'NONE', *, *, #972, .T. ) ;
#1541 = CARTESIAN_POINT ( 'NONE',  ( 19.76969436296385041, 68.31915176503069631, -2.915458328811475042 ) ) ;
#1542 = CARTESIAN_POINT ( 'NONE',  ( 16.49562440961907583, 11.33151617141879441, 2.361695158203241274 ) ) ;
#1543 = EDGE_LOOP ( 'NONE', ( #1351, #1413, #228, #4015, #253 ) ) ;
#1544 = CARTESIAN_POINT ( 'NONE',  ( -18.73961964389281576, 48.28412092997470495, -62.97940929653604769 ) ) ;
#1545 = CARTESIAN_POINT ( 'NONE',  ( -18.85163788483312786, 53.23279632077436219, -61.91458520180211167 ) ) ;
#1546 = CARTESIAN_POINT ( 'NONE',  ( 18.90736277933681464, 61.60081376507373818, 1.539803662283646624 ) ) ;
#1547 = CARTESIAN_POINT ( 'NONE',  ( 16.57877392050466625, 42.48955263478516997, -64.70483291022577532 ) ) ;
#1548 = CARTESIAN_POINT ( 'NONE',  ( 14.18289077665995812, 3.029466923170340387, 8.020311297617281454 ) ) ;
#1549 =( BOUNDED_SURFACE ( )  B_SPLINE_SURFACE ( 3, 2, ( 
 ( #2428, #3243, #364 ),
 ( #1936, #1533, #5344 ),
 ( #2022, #3687, #2862 ),
 ( #390, #3186, #4843 ) ),
 .UNSPECIFIED., .F., .F., .F. ) 
 B_SPLINE_SURFACE_WITH_KNOTS ( ( 4, 4 ),
 ( 3, 3 ),
 ( 4.727807363268539120, 4.834105784676903994 ),
 ( 0.000000000000000000, 1.000000000000000000 ),
 .UNSPECIFIED. ) 
 GEOMETRIC_REPRESENTATION_ITEM ( )  RATIONAL_B_SPLINE_SURFACE ( (
 ( 1.000000000000000000, 0.7108909466309246694, 1.000000000000000000),
 ( 1.000000000000000000, 0.7195635255695906896, 1.000000000000000000),
 ( 1.000000000000000000, 0.7280699239964039116, 1.000000000000000000),
 ( 1.000000000000000000, 0.7363812161766916109, 1.000000000000000000) ) ) 
 REPRESENTATION_ITEM ( '' )  SURFACE ( )  );
#1550 = EDGE_LOOP ( 'NONE', ( #4956, #4666, #1571 ) ) ;
#1551 = CARTESIAN_POINT ( 'NONE',  ( 18.76275836162438893, 68.50000000000000000, -3.234672217946255923 ) ) ;
#1552 = EDGE_CURVE ( 'NONE', #4262, #3227, #467, .T. ) ;
#1553 = CARTESIAN_POINT ( 'NONE',  ( -0.7674874571870283768, 2.645887264621663792, 16.21408058682261455 ) ) ;
#1554 = CARTESIAN_POINT ( 'NONE',  ( 17.35632726082595667, 113.3305770631778984, -3.588247442380622321 ) ) ;
#1555 = CARTESIAN_POINT ( 'NONE',  ( -1.367240547176527876, 0.9625250974774653967, 13.46468575466012396 ) ) ;
#1556 = CARTESIAN_POINT ( 'NONE',  ( -15.30825329149287128, 120.4999999999808580, -8.000000000000003553 ) ) ;
#1557 = CARTESIAN_POINT ( 'NONE',  ( -18.84243130770294528, 67.79884967170724508, -2.017285118936396504 ) ) ;
#1558 = CARTESIAN_POINT ( 'NONE',  ( -11.19369223927424528, 39.15302187551358060, -41.51573646189097389 ) ) ;
#1559 = CARTESIAN_POINT ( 'NONE',  ( -10.61411401898658546, 127.9608911399728584, -2.899035827801644594 ) ) ;
#1560 = CARTESIAN_POINT ( 'NONE',  ( -5.259048372204350841, 1.307913096475337378, 12.55492546235804419 ) ) ;
#1561 = CARTESIAN_POINT ( 'NONE',  ( 12.66150770507543122, 59.31520222643383988, -75.50279413846655530 ) ) ;
#1562 = ORIENTED_EDGE ( 'NONE', *, *, #1572, .T. ) ;
#1563 = CARTESIAN_POINT ( 'NONE',  ( 18.79013893196084695, 68.42919923318018505, -2.727637043548317042 ) ) ;
#1564 = CARTESIAN_POINT ( 'NONE',  ( -18.79742785333517219, 67.47775473427610393, -2.686926999056845400 ) ) ;
#1565 = CARTESIAN_POINT ( 'NONE',  ( -7.192882655203317377, 103.4917283172237177, -18.68815365576696408 ) ) ;
#1566 = CARTESIAN_POINT ( 'NONE',  ( 15.85073674862503523, 104.0136459027460489, -16.87485942713899334 ) ) ;
#1567 = CARTESIAN_POINT ( 'NONE',  ( -12.69990360011239439, 41.25246723610268162, -64.44257604444356957 ) ) ;
#1568 = ORIENTED_EDGE ( 'NONE', *, *, #1856, .T. ) ;
#1569 = DIRECTION ( 'NONE',  ( -0.000000000000000000, 1.000000000000000000, -0.000000000000000000 ) ) ;
#1570 = CARTESIAN_POINT ( 'NONE',  ( 17.38885933997085331, 21.15388193800313843, 2.511035499922810832 ) ) ;
#1571 = ORIENTED_EDGE ( 'NONE', *, *, #995, .F. ) ;
#1572 = EDGE_CURVE ( 'NONE', #4721, #1028, #4564, .T. ) ;
#1573 = CARTESIAN_POINT ( 'NONE',  ( -18.79090660989168171, 67.67635509638571989, -2.846976797254997749 ) ) ;
#1574 = CARTESIAN_POINT ( 'NONE',  ( -16.89356559585696615, 56.47743513827712292, -62.72715867179451266 ) ) ;
#1575 = ORIENTED_EDGE ( 'NONE', *, *, #1231, .F. ) ;
#1576 = LINE ( 'NONE', #1518, #97 ) ;
#1577 = CARTESIAN_POINT ( 'NONE',  ( -18.95862431914266821, 60.44783085561197566, 0.1699178547758350699 ) ) ;
#1578 = CARTESIAN_POINT ( 'NONE',  ( 9.735923565196216600, 2.333565767510122679, 9.853331670713972201 ) ) ;
#1579 = CARTESIAN_POINT ( 'NONE',  ( -16.00809215067977220, 12.06262529633605851, 5.647060821544052978 ) ) ;
#1580 = CARTESIAN_POINT ( 'NONE',  ( 18.92919581463750589, 61.12472830304872673, 1.177905507821523035 ) ) ;
#1581 = CARTESIAN_POINT ( 'NONE',  ( -5.499089498417753852, 0.3526488723897227007, 15.07111439263860753 ) ) ;
#1582 = CARTESIAN_POINT ( 'NONE',  ( -12.66150770507543122, 59.31520222643383988, -75.50279413846655530 ) ) ;
#1583 = CARTESIAN_POINT ( 'NONE',  ( 15.42571594182010841, 109.7625479331374834, -9.106201062868214180 ) ) ;
#1584 = CARTESIAN_POINT ( 'NONE',  ( -17.43379347850745731, 20.46874886339644561, 1.161739728629675561 ) ) ;
#1585 = CARTESIAN_POINT ( 'NONE',  ( -17.72710831970521994, 23.87388321102421074, -41.63633523934267799 ) ) ;
#1586 = CARTESIAN_POINT ( 'NONE',  ( -10.22060586277502203, 127.3926226301301483, 4.093236605195683886 ) ) ;
#1587 = CARTESIAN_POINT ( 'NONE',  ( -18.10449948838495970, 81.72876714884333182, -5.451766776983062890 ) ) ;
#1588 = CARTESIAN_POINT ( 'NONE',  ( -12.53433734450469217, 39.18548783435671368, -63.85602446020990897 ) ) ;
#1589 = CARTESIAN_POINT ( 'NONE',  ( 6.337950703344640502, 108.0030656091262813, -16.85108306917631538 ) ) ;
#1590 = ORIENTED_EDGE ( 'NONE', *, *, #4528, .F. ) ;
#1591 = CARTESIAN_POINT ( 'NONE',  ( 18.77029551364171311, 68.28448275908193921, -2.915458328811154409 ) ) ;
#1592 = CARTESIAN_POINT ( 'NONE',  ( 0.000000000000000000, 104.0000000000001421, 0.000000000000000000 ) ) ;
#1593 = CARTESIAN_POINT ( 'NONE',  ( 18.91847839221355088, 62.95380155426111202, 1.034878306143839577 ) ) ;
#1594 = CARTESIAN_POINT ( 'NONE',  ( 13.97274805978831225, 5.290454533942239301, 2.064815577916550904 ) ) ;
#1595 = CARTESIAN_POINT ( 'NONE',  ( 18.78302080143182096, 68.44291207319108139, -2.809823727010039462 ) ) ;
#1596 = EDGE_LOOP ( 'NONE', ( #1395, #2916, #1225, #2900, #3369, #1692, #5198 ) ) ;
#1597 = CARTESIAN_POINT ( 'NONE',  ( -18.47492151728672027, 39.81875704383358539, -39.75635276195483669 ) ) ;
#1598 = CARTESIAN_POINT ( 'NONE',  ( -18.89746416907198778, 68.14089701061584492, 1.970462121752990070 ) ) ;
#1599 = CARTESIAN_POINT ( 'NONE',  ( 18.39246026593568217, 37.62907904792128022, -63.28248525682755599 ) ) ;
#1600 = FACE_OUTER_BOUND ( 'NONE', #2207, .T. ) ;
#1601 = AXIS2_PLACEMENT_3D ( 'NONE', #3235, #4833, #4889 ) ;
#1602 = CIRCLE ( 'NONE', #4295, 6.200000000000000178 ) ;
#1603 = CARTESIAN_POINT ( 'NONE',  ( -16.04643750958089754, 28.30742851700113505, -56.01133407302038592 ) ) ;
#1604 = ORIENTED_EDGE ( 'NONE', *, *, #3783, .T. ) ;
#1605 = CARTESIAN_POINT ( 'NONE',  ( 18.95862431618444788, 60.44783056776459063, -1.426417717646859504E-16 ) ) ;
#1606 = CARTESIAN_POINT ( 'NONE',  ( -18.71986889250760555, 65.08393885414029967, 3.216347129713558406 ) ) ;
#1607 = CARTESIAN_POINT ( 'NONE',  ( 12.92509956861034937, 3.869022786783042900, 5.808900970388387819 ) ) ;
#1608 = CARTESIAN_POINT ( 'NONE',  ( 18.74574028602855691, 74.47235960318788273, -44.13534002786704491 ) ) ;
#1609 = CARTESIAN_POINT ( 'NONE',  ( 18.94736150674448538, 60.71212755231253766, 0.7475314813137740044 ) ) ;
#1610 = FACE_OUTER_BOUND ( 'NONE', #4235, .T. ) ;
#1611 = CARTESIAN_POINT ( 'NONE',  ( 14.93677940509212831, 107.6890771504716753, -10.76424705217499778 ) ) ;
#1612 = CARTESIAN_POINT ( 'NONE',  ( -15.38339907623686997, 5.995064871491578629, 5.941341427412990761 ) ) ;
#1613 = CARTESIAN_POINT ( 'NONE',  ( -12.46100014392621169, 43.53550880025864700, -36.94107961406702856 ) ) ;
#1614 = CARTESIAN_POINT ( 'NONE',  ( -9.635600397700216035, 126.4939356767262382, -5.322373828940460960 ) ) ;
#1615 = EDGE_CURVE ( 'NONE', #4931, #4218, #3334, .T. ) ;
#1616 = ADVANCED_FACE ( 'NONE', ( #1349 ), #72, .T. ) ;
#1617 = CARTESIAN_POINT ( 'NONE',  ( 2.652500516469961322, 1.025597107517669304, 13.29855256399703300 ) ) ;
#1618 = CARTESIAN_POINT ( 'NONE',  ( -12.69990360011250097, 46.11507641180163830, -36.86534903023783727 ) ) ;
#1619 = EDGE_LOOP ( 'NONE', ( #2295, #5296 ) ) ;
#1620 = ADVANCED_FACE ( 'NONE', ( #1377 ), #4697, .F. ) ;
#1621 = CARTESIAN_POINT ( 'NONE',  ( 11.36733989007443313, 39.09651211916946068, -43.76395455597927509 ) ) ;
#1622 = CARTESIAN_POINT ( 'NONE',  ( -15.84057812446863167, 104.1874527984995922, -9.103671791181493944 ) ) ;
#1623 = CARTESIAN_POINT ( 'NONE',  ( -5.821498511446550950, 103.0752767433666435, -19.09190214267222530 ) ) ;
#1624 = CARTESIAN_POINT ( 'NONE',  ( 16.04383172593056628, 102.4762320019910788, -16.73201416719498980 ) ) ;
#1625 = CARTESIAN_POINT ( 'NONE',  ( 14.18782809639218279, 102.5807007320236579, -19.57139202522915511 ) ) ;
#1626 = EDGE_CURVE ( 'NONE', #3723, #4289, #4211, .T. ) ;
#1627 = VERTEX_POINT ( 'NONE', #3529 ) ;
#1628 = CARTESIAN_POINT ( 'NONE',  ( -18.53005072950505649, 41.36447143200004462, -37.99462230302278698 ) ) ;
#1629 = CARTESIAN_POINT ( 'NONE',  ( -18.81686909363581250, 67.84448776061003628, -2.631088334532381001 ) ) ;
#1630 = CARTESIAN_POINT ( 'NONE',  ( -18.79776262852611524, 67.46746916854456799, -2.682296341615875157 ) ) ;
#1631 = CARTESIAN_POINT ( 'NONE',  ( -17.84023952446736061, 25.84427612203191416, -52.08273393840583765 ) ) ;
#1632 = EDGE_LOOP ( 'NONE', ( #391, #1199, #4827, #2234, #4885, #1645 ) ) ;
#1633 = CARTESIAN_POINT ( 'NONE',  ( 18.86097929913943716, 65.36777120638740257, 1.519157648737908373 ) ) ;
#1634 = CARTESIAN_POINT ( 'NONE',  ( -18.94668326179104056, 61.42318360136017930, 0.9688045425340291450 ) ) ;
#1635 = CARTESIAN_POINT ( 'NONE',  ( -15.67173642544045897, 105.3609781745586105, -11.17863168686724862 ) ) ;
#1636 = CARTESIAN_POINT ( 'NONE',  ( 12.70342139370005441, 49.16730883805013264, -47.11816684896837870 ) ) ;
#1637 = CARTESIAN_POINT ( 'NONE',  ( 18.85780022711030668, 62.61718206230366945, 2.139527700356429474 ) ) ;
#1638 = APPLICATION_PROTOCOL_DEFINITION ( 'draft international standard', 'automotive_design', 1998, #4788 ) ;
#1639 = CARTESIAN_POINT ( 'NONE',  ( -18.78836448210780929, 67.40416263727094304, -2.822807321436185291 ) ) ;
#1640 = EDGE_CURVE ( 'NONE', #860, #801, #4376, .T. ) ;
#1641 = CARTESIAN_POINT ( 'NONE',  ( 15.30825329149135072, 120.4999999999999858, -8.000000000000003553 ) ) ;
#1642 = CARTESIAN_POINT ( 'NONE',  ( -8.880046890591410502, 125.1783774821326745, -6.494274095953425530 ) ) ;
#1643 = DIRECTION ( 'NONE',  ( 0.1099438900214202847, -0.8075604737684038970, -0.5794466517755617607 ) ) ;
#1644 = CARTESIAN_POINT ( 'NONE',  ( -12.68295194105201773, 45.38793094885024004, -36.77363894492816598 ) ) ;
#1645 = ORIENTED_EDGE ( 'NONE', *, *, #42, .F. ) ;
#1646 = CARTESIAN_POINT ( 'NONE',  ( 11.82167764320720060, 41.11336067574950448, -38.21165851799280233 ) ) ;
#1647 = CARTESIAN_POINT ( 'NONE',  ( -17.32852444779394219, 90.89369465036567419, -7.119703772559553556 ) ) ;
#1648 = CARTESIAN_POINT ( 'NONE',  ( 18.82344732926910069, 66.72009078239446467, 1.752644712435659669 ) ) ;
#1649 = CARTESIAN_POINT ( 'NONE',  ( 18.76193442488292007, 68.52337083213943458, -3.101102447432560805 ) ) ;
#1650 = LINE ( 'NONE', #2783, #5338 ) ;
#1651 = ORIENTED_EDGE ( 'NONE', *, *, #2988, .F. ) ;
#1652 = CARTESIAN_POINT ( 'NONE',  ( -18.49057478267869215, 40.24934460480000809, -46.41936351946810646 ) ) ;
#1653 = DIRECTION ( 'NONE',  ( 0.000000000000000000, 0.1736481776669343557, 0.9848077530122072432 ) ) ;
#1654 = AXIS2_PLACEMENT_3D ( 'NONE', #3969, #544, #3046 ) ;
#1655 = CARTESIAN_POINT ( 'NONE',  ( -18.79183013528187018, 67.64973789955038797, 1.866753150752869184 ) ) ;
#1656 = CARTESIAN_POINT ( 'NONE',  ( -18.12380847454785382, 31.45115307052276421, -56.74400229894431646 ) ) ;
#1657 = EDGE_LOOP ( 'NONE', ( #4902, #5174, #1857 ) ) ;
#1658 = CARTESIAN_POINT ( 'NONE',  ( 15.34841959174505632, 119.9647827932114268, -8.000000000000053291 ) ) ;
#1659 = CARTESIAN_POINT ( 'NONE',  ( -18.95862431618444433, 60.44783056776774544, -1.426417717646301385E-16 ) ) ;
#1660 = CARTESIAN_POINT ( 'NONE',  ( -14.55607400324607426, 104.5426839454016346, -15.86796340541800987 ) ) ;
#1661 = CARTESIAN_POINT ( 'NONE',  ( -15.12455355505991150, 109.8726271249037012, -9.586813811258002360 ) ) ;
#1662 = CARTESIAN_POINT ( 'NONE',  ( 12.71239313216187483, 61.33378400839367828, -59.52079441923601166 ) ) ;
#1663 = CARTESIAN_POINT ( 'NONE',  ( -18.80753493938128074, 67.64420781789614523, -2.552383128054822592 ) ) ;
#1664 = CARTESIAN_POINT ( 'NONE',  ( -15.37996477048800692, 107.5098778677073739, -9.548384805906685813 ) ) ;
#1665 = CARTESIAN_POINT ( 'NONE',  ( 15.70246553630780539, 125.3900559336900642, -6.336809891907858372 ) ) ;
#1666 = VECTOR ( 'NONE', #3095, 1000.000000000000000 ) ;
#1667 = AXIS2_PLACEMENT_3D ( 'NONE', #2116, #3730, #2500 ) ;
#1668 = ADVANCED_BREP_SHAPE_REPRESENTATION ( 'Walker_Body_Handle_Tubing_Connector', ( #5228, #203 ), #3941 ) ;
#1669 = CARTESIAN_POINT ( 'NONE',  ( -9.842112225575544215, 126.8178032477816970, -4.934476060088312188 ) ) ;
#1670 = CARTESIAN_POINT ( 'NONE',  ( 18.90423081547842088, 68.53025054952175310, 1.905538808581072496 ) ) ;
#1671 = CARTESIAN_POINT ( 'NONE',  ( 16.32128926689640025, 102.9890168433986020, -8.181514151249251299 ) ) ;
#1672 = CARTESIAN_POINT ( 'NONE',  ( 18.58200020556248688, 42.90900903629647445, -48.38353295545606869 ) ) ;
#1673 = DIRECTION ( 'NONE',  ( 1.000000000000000000, -0.000000000000000000, -0.000000000000000000 ) ) ;
#1674 = CARTESIAN_POINT ( 'NONE',  ( -14.42010165470544258, 104.4139507647246461, -16.44316207909148986 ) ) ;
#1675 = CARTESIAN_POINT ( 'NONE',  ( -17.72026811900775556, 23.79051616674119884, 0.05049976777675745099 ) ) ;
#1676 = CARTESIAN_POINT ( 'NONE',  ( 15.50729672143355309, 106.5830875818259784, -10.09574877915191493 ) ) ;
#1677 = CARTESIAN_POINT ( 'NONE',  ( -17.00079955588785907, 94.21632915054048851, -7.639651275147403275 ) ) ;
#1678 = CARTESIAN_POINT ( 'NONE',  ( 17.25751126686848025, 18.15052507721149766, -26.68254779277367561 ) ) ;
#1679 = CARTESIAN_POINT ( 'NONE',  ( 12.70063664542944259, 43.84581976027224925, -48.65149839556554667 ) ) ;
#1680 = CARTESIAN_POINT ( 'NONE',  ( -16.28640433424978440, 34.01234172473608908, -61.34607439869065360 ) ) ;
#1681 = VERTEX_POINT ( 'NONE', #3195 ) ;
#1682 = CARTESIAN_POINT ( 'NONE',  ( 18.78976636551684010, 68.57337553079503323, -2.819662378824444371 ) ) ;
#1683 = CARTESIAN_POINT ( 'NONE',  ( -18.79384637582610651, 67.58726884308498484, -2.818328468680598498 ) ) ;
#1684 = ADVANCED_FACE ( 'NONE', ( #1067 ), #1432, .T. ) ;
#1685 = ORIENTED_EDGE ( 'NONE', *, *, #2169, .T. ) ;
#1686 = CARTESIAN_POINT ( 'NONE',  ( 16.54117518474941662, 115.2297975392996960, -6.040995711649932431 ) ) ;
#1687 = CARTESIAN_POINT ( 'NONE',  ( -0.4014010296891560858, 2.641622035120852807, 16.22690501606462377 ) ) ;
#1688 = AXIS2_PLACEMENT_3D ( 'NONE', #4524, #3766, #2458 ) ;
#1689 = AXIS2_PLACEMENT_3D ( 'NONE', #4224, #81, #548 ) ;
#1690 = CARTESIAN_POINT ( 'NONE',  ( 4.191254780647893696, 30.13315266703471451, -58.13625781512811130 ) ) ;
#1691 = EDGE_CURVE ( 'NONE', #2076, #4286, #1996, .T. ) ;
#1692 = ORIENTED_EDGE ( 'NONE', *, *, #563, .F. ) ;
#1693 = CARTESIAN_POINT ( 'NONE',  ( -18.79981445945087160, 67.58545308944106011, -2.748169127479088036 ) ) ;
#1694 = EDGE_CURVE ( 'NONE', #3340, #4289, #1051, .T. ) ;
#1695 = CARTESIAN_POINT ( 'NONE',  ( -15.12455355505991150, 109.8726271249037012, -9.586813811258002360 ) ) ;
#1696 = CARTESIAN_POINT ( 'NONE',  ( 15.26278955147908434, 121.8134634714034235, 7.895914904892952890 ) ) ;
#1697 = CARTESIAN_POINT ( 'NONE',  ( 13.58854608075076875, 104.1428623283880768, -18.05688128634042400 ) ) ;
#1698 = DIRECTION ( 'NONE',  ( 0.000000000000000000, -0.9848077530122072432, 0.1736481776669343557 ) ) ;
#1699 = CARTESIAN_POINT ( 'NONE',  ( -12.68534109715001001, 103.0413312117438949, -19.12481222847874207 ) ) ;
#1700 = CARTESIAN_POINT ( 'NONE',  ( -18.87326394711177002, 62.30927089831104837, 1.974726471190064503 ) ) ;
#1701 = CARTESIAN_POINT ( 'NONE',  ( 12.69990360011238195, 49.06713086492845122, -20.12341627987647286 ) ) ;
#1702 = CARTESIAN_POINT ( 'NONE',  ( -17.72026814230963865, 23.79051645074002863, -3.442795871397612153E-16 ) ) ;
#1703 = CARTESIAN_POINT ( 'NONE',  ( 18.93334896715852267, 62.30546662955734405, -58.61810441490842294 ) ) ;
#1704 = DIRECTION ( 'NONE',  ( -0.9999981023626163257, 0.001918548862502905423, -0.0003382919282668052233 ) ) ;
#1705 = CARTESIAN_POINT ( 'NONE',  ( 16.17303139721886041, 101.4313901476460273, -18.13544762992048831 ) ) ;
#1706 = B_SPLINE_CURVE_WITH_KNOTS ( 'NONE', 3,
 ( #1128, #3236, #2794, #1609, #3291, #1580, #3177, #2339, #4000, #5272, #1637, #4487, #4921, #1926, #763, #330, #1986, #2855 ),
 .UNSPECIFIED., .F., .F.,
 ( 4, 2, 2, 2, 2, 2, 2, 2, 4 ),
 ( 2.796825366581989131E-16, 0.0006038164286567789842, 0.001207632857313278244, 0.001811449285969777721, 0.002415265714626277198, 0.003622898571939293065, 0.004830531429252309800, 0.007245797143878342401, 0.009661062858504376738 ),
 .UNSPECIFIED. ) ;
#1707 = CARTESIAN_POINT ( 'NONE',  ( 10.38790492237438023, 127.6365876415889460, -3.653174932428840282 ) ) ;
#1708 = CIRCLE ( 'NONE', #4998, 2.000000000000000888 ) ;
#1709 = CARTESIAN_POINT ( 'NONE',  ( 18.90206257603388451, 68.34512424321887636, -0.09495937668508022678 ) ) ;
#1710 = VERTEX_POINT ( 'NONE', #2112 ) ;
#1711 = CARTESIAN_POINT ( 'NONE',  ( -18.62431544037308129, 44.23606364764413001, -48.72652498787859798 ) ) ;
#1712 = EDGE_CURVE ( 'NONE', #3473, #3280, #2668, .T. ) ;
#1713 = DIRECTION ( 'NONE',  ( 0.000000000000000000, 0.1736481776669343557, 0.9848077530122073542 ) ) ;
#1714 = CARTESIAN_POINT ( 'NONE',  ( -16.95872992814005542, 61.81913949715122669, -59.07679321938471162 ) ) ;
#1715 = ORIENTED_EDGE ( 'NONE', *, *, #2535, .F. ) ;
#1716 = DIRECTION ( 'NONE',  ( -0.007578909798161981813, -0.7374507059459022296, -0.6753584355186229571 ) ) ;
#1717 = CARTESIAN_POINT ( 'NONE',  ( -3.213505114526896467, 0.1102402403789287388, 15.70962455672799685 ) ) ;
#1718 = CARTESIAN_POINT ( 'NONE',  ( -12.76810326090456726, 103.0104225436559062, -19.15477808466988208 ) ) ;
#1719 = CARTESIAN_POINT ( 'NONE',  ( -14.86880485497697713, 3.521642750095830721, 6.723908337851708161 ) ) ;
#1720 = ORIENTED_EDGE ( 'NONE', *, *, #5072, .F. ) ;
#1721 = CARTESIAN_POINT ( 'NONE',  ( 0.000000000000000000, 110.1999999999999886, 0.000000000000000000 ) ) ;
#1722 = CARTESIAN_POINT ( 'NONE',  ( 18.77684545967818153, 49.79975405807951461, -46.41921260331007204 ) ) ;
#1723 = CARTESIAN_POINT ( 'NONE',  ( 18.52430170212467786, 41.19793623150872008, -62.39083052107627481 ) ) ;
#1724 = CARTESIAN_POINT ( 'NONE',  ( -17.72026814230936864, 23.79051645073699817, -41.46066319879356143 ) ) ;
#1725 = CARTESIAN_POINT ( 'NONE',  ( -11.38027616074034398, 103.4007173164942941, -18.77638853382471851 ) ) ;
#1726 = DIRECTION ( 'NONE',  ( -0.000000000000000000, 1.000000000000000000, 0.000000000000000000 ) ) ;
#1727 = VERTEX_POINT ( 'NONE', #1345 ) ;
#1728 = CARTESIAN_POINT ( 'NONE',  ( -14.35219225753267303, 104.4303020252671246, -16.44671713840744331 ) ) ;
#1729 = CARTESIAN_POINT ( 'NONE',  ( -17.73764866847271549, 24.04084794371966183, -7.875805736371399044E-16 ) ) ;
#1730 = CARTESIAN_POINT ( 'NONE',  ( 12.62674243814453590, 44.64889511459091409, -36.76540200048549423 ) ) ;
#1731 = CARTESIAN_POINT ( 'NONE',  ( 10.95668273619140010, 81.09009710516488667, -25.76992923034661587 ) ) ;
#1732 = CARTESIAN_POINT ( 'NONE',  ( -11.31352695121162277, 109.8726271249037296, -13.89186156061672328 ) ) ;
#1733 = ORIENTED_EDGE ( 'NONE', *, *, #4590, .T. ) ;
#1734 = B_SPLINE_CURVE_WITH_KNOTS ( 'NONE', 3,
 ( #3531, #1789, #3428, #5182, #618, #3932, #3508, #1835, #3482, #2164, #4725, #960, #3093, #1012, #206, #3113, #1350, #3021, #4674, #936, #2604, #3451, #5107, #2628, #4293, #2224, #3886, #158, #1405, #4499, #1228, #343, #3720, #3247, #2303, #4905, #5373, #2897, #4557, #774, #826, #4936, #231, #2433, #2056, #2001 ),
 .UNSPECIFIED., .F., .F.,
 ( 4, 2, 2, 2, 2, 2, 2, 2, 2, 2, 2, 2, 2, 2, 2, 2, 2, 2, 2, 2, 2, 2, 4 ),
 ( 0.04439105404475475469, 0.04518929833650420225, 0.04598754262825364980, 0.04678578692000309736, 0.04758403121175254491, 0.04918051979525147471, 0.05077700837875040452, 0.05237349696224933432, 0.05317174125399880269, 0.05396998554574826412, 0.05556647412924718005, 0.05636471842099663454, 0.05716296271274609597, 0.05875945129624500496, 0.06035593987974391395, 0.06195242846324283681, 0.06354891704674174580, 0.06514540563024065478, 0.06594364992199010234, 0.06674189421373954989, 0.06833838279723838949, 0.06913662708898782316, 0.06993487138073727072 ),
 .UNSPECIFIED. ) ;
#1735 = CARTESIAN_POINT ( 'NONE',  ( -18.85004497474394825, 67.82067765903690315, 1.866753150753218682 ) ) ;
#1736 = B_SPLINE_CURVE_WITH_KNOTS ( 'NONE', 3,
 ( #333, #2771, #4087, #2797, #682, #4462, #2831, #3657 ),
 .UNSPECIFIED., .F., .F.,
 ( 4, 2, 2, 4 ),
 ( 2.602085213965211027E-18, 0.003361118526094409968, 0.005041677789141614519, 0.006722237052188819936 ),
 .UNSPECIFIED. ) ;
#1737 = CARTESIAN_POINT ( 'NONE',  ( 19.78005434707461418, 68.01706651899348799, 1.947098566254774399 ) ) ;
#1738 = VERTEX_POINT ( 'NONE', #4238 ) ;
#1739 = CARTESIAN_POINT ( 'NONE',  ( 11.97881407037149515, 104.3934731580019388, -17.48386807108958863 ) ) ;
#1740 = CARTESIAN_POINT ( 'NONE',  ( 16.75771447074626863, 49.27822617913322745, -64.88272721044640434 ) ) ;
#1741 = CARTESIAN_POINT ( 'NONE',  ( -15.95114584609065211, 103.2115892894297673, -14.61382444660780955 ) ) ;
#1742 = CARTESIAN_POINT ( 'NONE',  ( 5.348316120407129226, 30.53809939902998138, -58.54394675295698391 ) ) ;
#1743 = ORIENTED_EDGE ( 'NONE', *, *, #608, .T. ) ;
#1744 = CARTESIAN_POINT ( 'NONE',  ( 18.72340341055643975, 47.67924551578312986, -37.37050525971519477 ) ) ;
#1745 = EDGE_LOOP ( 'NONE', ( #47, #671, #4768, #3130, #3987, #1568, #4744 ) ) ;
#1746 = CARTESIAN_POINT ( 'NONE',  ( 18.72088551816951707, 47.56720680741864982, -65.03896843693603103 ) ) ;
#1747 = CARTESIAN_POINT ( 'NONE',  ( 15.74087083618916694, 22.28454441212583959, -42.69802568999741510 ) ) ;
#1748 = CARTESIAN_POINT ( 'NONE',  ( 18.90252149412093985, 68.70880573633351673, 1.921880308007954063 ) ) ;
#1749 = CARTESIAN_POINT ( 'NONE',  ( 17.35350424811647230, 20.87973259221855926, 2.636698327008257348 ) ) ;
#1750 = LINE ( 'NONE', #552, #2994 ) ;
#1751 = CARTESIAN_POINT ( 'NONE',  ( -17.51025706152723416, 22.12154051598969318, 2.021336338996097659 ) ) ;
#1752 = CARTESIAN_POINT ( 'NONE',  ( -12.34212636502831018, 103.1465247086384096, -19.02282746513619216 ) ) ;
#1753 = CARTESIAN_POINT ( 'NONE',  ( 17.84024016978138860, 25.84428781761875626, -52.08276489287565880 ) ) ;
#1754 = FACE_OUTER_BOUND ( 'NONE', #2534, .T. ) ;
#1755 = VERTEX_POINT ( 'NONE', #2548 ) ;
#1756 = CARTESIAN_POINT ( 'NONE',  ( -18.92500080015556918, 62.61363074759152170, 0.9419622536665410717 ) ) ;
#1757 =( BOUNDED_SURFACE ( )  B_SPLINE_SURFACE ( 3, 2, ( 
 ( #1921, #1154, #1605 ),
 ( #4483, #1071, #5330 ),
 ( #4830, #2414, #1096 ),
 ( #3620, #5268, #3258 ),
 ( #5238, #2851, #2739 ),
 ( #4916, #2358, #2333 ),
 ( #784, #730, #4021 ),
 ( #292, #4400, #1951 ),
 ( #3675, #2444, #1546 ),
 ( #352, #3199, #2010 ),
 ( #4106, #4856, #1894 ),
 ( #5211, #3565, #2385 ),
 ( #322, #1489, #3995 ),
 ( #263, #3591, #1982 ),
 ( #3650, #5356, #3701 ),
 ( #1633, #3287, #377 ),
 ( #2040, #623, #5123 ),
 ( #195, #560, #3060 ),
 ( #1420, #2266, #586 ),
 ( #4689, #1825, #2214 ) ),
 .UNSPECIFIED., .F., .F., .F. ) 
 B_SPLINE_SURFACE_WITH_KNOTS ( ( 4, 2, 2, 2, 2, 2, 2, 2, 2, 4 ),
 ( 3, 3 ),
 ( 0.09833212597467325122, 0.09860291417363409305, 0.09887370237259493488, 0.09941527877051660467, 0.09995685516843827445, 0.1004984315663599581, 0.1015815843622033116, 0.1026647371580466650, 0.1048310427497333719, 0.1069973483414200927 ),
 ( 0.000000000000000000, 1.000000000000000000 ),
 .UNSPECIFIED. ) 
 GEOMETRIC_REPRESENTATION_ITEM ( )  RATIONAL_B_SPLINE_SURFACE ( (
 ( 1.000000000000000000, 0.9999212869782961866, 1.000000000000000000),
 ( 1.000000000000000000, 0.9999209117855502038, 1.000000000000000000),
 ( 1.000000000000000000, 0.9998821636337074104, 1.000000000000000000),
 ( 1.000000000000000000, 0.9997921850741742222, 1.000000000000000000),
 ( 1.000000000000000000, 0.9997389403884381354, 1.000000000000000000),
 ( 1.000000000000000000, 0.9995752243355604527, 1.000000000000000000),
 ( 1.000000000000000000, 0.9994575934864056155, 1.000000000000000000),
 ( 1.000000000000000000, 0.9992149032083450511, 1.000000000000000000),
 ( 1.000000000000000000, 0.9990899717980054051, 1.000000000000000000),
 ( 1.000000000000000000, 0.9988358566498628521, 1.000000000000000000),
 ( 1.000000000000000000, 0.9987063932177292491, 1.000000000000000000),
 ( 1.000000000000000000, 0.9983115372305040314, 1.000000000000000000),
 ( 1.000000000000000000, 0.9980397037140208427, 1.000000000000000000),
 ( 1.000000000000000000, 0.9974802811257700297, 1.000000000000000000),
 ( 1.000000000000000000, 0.9971925720098355761, 1.000000000000000000),
 ( 1.000000000000000000, 0.9963069333767179403, 1.000000000000000000),
 ( 1.000000000000000000, 0.9956869350074910585, 1.000000000000000000),
 ( 1.000000000000000000, 0.9943875997806197464, 1.000000000000000000),
 ( 1.000000000000000000, 0.9937082241875442312, 1.000000000000000000),
 ( 1.000000000000000000, 0.9929986007222536548, 1.000000000000000000) ) ) 
 REPRESENTATION_ITEM ( '' )  SURFACE ( )  );
#1758 = VERTEX_POINT ( 'NONE', #98 ) ;
#1759 = CARTESIAN_POINT ( 'NONE',  ( 15.26663166586120290, 16.47380824837402713, -27.39240694770375129 ) ) ;
#1760 = CARTESIAN_POINT ( 'NONE',  ( -18.96061542346598472, 60.42914330344846263, -60.34805652394740605 ) ) ;
#1761 = ORIENTED_EDGE ( 'NONE', *, *, #1092, .T. ) ;
#1762 = CARTESIAN_POINT ( 'NONE',  ( 12.46714312924932955, 104.4247626544656953, -17.33555018154728344 ) ) ;
#1763 = CARTESIAN_POINT ( 'NONE',  ( -7.989121789222958014, 117.8505859021352649, 7.566230688944632021 ) ) ;
#1764 = VECTOR ( 'NONE', #3306, 1000.000000000000000 ) ;
#1765 = DIRECTION ( 'NONE',  ( 1.000000000000000000, -0.000000000000000000, -0.000000000000000000 ) ) ;
#1766 = CARTESIAN_POINT ( 'NONE',  ( -18.86884516679293711, 65.11561145667927519, 1.483708693716744964 ) ) ;
#1767 = CARTESIAN_POINT ( 'NONE',  ( -19.79723336096639486, 67.50000000000000000, -65.04694009427630874 ) ) ;
#1768 = AXIS2_PLACEMENT_3D ( 'NONE', #2694, #4383, #1902 ) ;
#1769 = AXIS2_PLACEMENT_3D ( 'NONE', #3156, #5277, #4061 ) ;
#1770 = CARTESIAN_POINT ( 'NONE',  ( 18.04514808839310192, 29.82843457219711425, -54.83667477593795070 ) ) ;
#1771 = CARTESIAN_POINT ( 'NONE',  ( -18.79112771519514524, 50.40897396785015872, -45.41982001860487372 ) ) ;
#1772 = DIRECTION ( 'NONE',  ( 0.000000000000000000, 0.000000000000000000, -1.000000000000000000 ) ) ;
#1773 = DIRECTION ( 'NONE',  ( -0.000000000000000000, -0.000000000000000000, 1.000000000000000000 ) ) ;
#1774 = CARTESIAN_POINT ( 'NONE',  ( -17.24900519235825058, 18.48986398214140081, 1.486522152464289315 ) ) ;
#1775 = CARTESIAN_POINT ( 'NONE',  ( -14.21944567369828683, 104.4489314197664243, -16.49906207597329200 ) ) ;
#1776 = CARTESIAN_POINT ( 'NONE',  ( 18.07069425100548088, 30.34891918426887969, -55.49366907882181721 ) ) ;
#1777 = LINE ( 'NONE', #4207, #4426 ) ;
#1778 = EDGE_CURVE ( 'NONE', #2698, #2556, #197, .T. ) ;
#1779 = CARTESIAN_POINT ( 'NONE',  ( 18.78291104263168165, 67.91585299355172367, 1.543791380392604662 ) ) ;
#1780 = EDGE_CURVE ( 'NONE', #1238, #4356, #462, .T. ) ;
#1781 = ORIENTED_EDGE ( 'NONE', *, *, #1615, .F. ) ;
#1782 = CARTESIAN_POINT ( 'NONE',  ( -8.517813774264554993, 104.0000000000000000, -18.19538586296676286 ) ) ;
#1783 = B_SPLINE_CURVE_WITH_KNOTS ( 'NONE', 3,
 ( #1782, #1368, #3879, #2243, #980, #149, #3446, #1827, #564, #4312, #3905, #176 ),
 .UNSPECIFIED., .F., .F.,
 ( 4, 2, 2, 2, 2, 4 ),
 ( -2.808018549879260834E-05, 0.001495638441477357581, 0.003019357068453507476, 0.004543075695429658022, 0.005304935008917736547, 0.006066794322405815072 ),
 .UNSPECIFIED. ) ;
#1784 = CARTESIAN_POINT ( 'NONE',  ( 7.666519859950991389, 121.8573454455158327, 7.888634631473916414 ) ) ;
#1785 = CARTESIAN_POINT ( 'NONE',  ( 12.69990360011236774, 46.11507641183546014, -36.86534903024408294 ) ) ;
#1786 = ORIENTED_EDGE ( 'NONE', *, *, #1300, .T. ) ;
#1787 = CARTESIAN_POINT ( 'NONE',  ( 15.42125989550648058, 109.3147686502600351, -9.176558963012540815 ) ) ;
#1788 = CARTESIAN_POINT ( 'NONE',  ( 16.91365253135181490, 57.87390376615483945, -61.98774175272257736 ) ) ;
#1789 = CARTESIAN_POINT ( 'NONE',  ( -15.32832859467276165, 120.2324959573972478, -7.999999999999364952 ) ) ;
#1790 = CARTESIAN_POINT ( 'NONE',  ( -19.00000000000000000, 25.19999999999999574, -50.37740579444184874 ) ) ;
#1791 = CARTESIAN_POINT ( 'NONE',  ( 17.09599127149439468, 16.91226067931116717, 1.712413095327682822 ) ) ;
#1792 = CARTESIAN_POINT ( 'NONE',  ( 0.000000000000000000, 36.51134135304271666, -17.90949182483460334 ) ) ;
#1793 = CARTESIAN_POINT ( 'NONE',  ( 9.634406640146286449, 126.4920771285541718, 5.324638622321464787 ) ) ;
#1794 = CARTESIAN_POINT ( 'NONE',  ( -9.625550499223951562, 105.5153084868227467, -15.40682223368218118 ) ) ;
#1795 = CARTESIAN_POINT ( 'NONE',  ( 18.56411479041417678, 42.36748015113276722, -37.38218579377142703 ) ) ;
#1796 = CARTESIAN_POINT ( 'NONE',  ( -18.80994702385403983, 67.65994177244782293, -2.518777569123550109 ) ) ;
#1797 = CARTESIAN_POINT ( 'NONE',  ( 15.96629514396207306, 116.9398116927748390, 7.168825129374235772 ) ) ;
#1798 = ADVANCED_FACE ( 'NONE', ( #3228 ), #2550, .T. ) ;
#1799 = CARTESIAN_POINT ( 'NONE',  ( -15.65277586544025468, 125.1716019395955612, -6.499565677990925217 ) ) ;
#1800 = CARTESIAN_POINT ( 'NONE',  ( -12.62498670987355709, 104.4293643093479460, -17.27191986826564118 ) ) ;
#1801 = CARTESIAN_POINT ( 'NONE',  ( 17.93040595230673162, 27.56876460469997880, -51.25706430483268861 ) ) ;
#1802 = DIRECTION ( 'NONE',  ( 0.000000000000000000, 0.000000000000000000, -1.000000000000000000 ) ) ;
#1803 = CARTESIAN_POINT ( 'NONE',  ( -17.73764866847249522, 24.04084794371666334, -41.98816653506784746 ) ) ;
#1804 = EDGE_LOOP ( 'NONE', ( #1515, #127 ) ) ;
#1805 = CARTESIAN_POINT ( 'NONE',  ( -18.95204759156698060, 61.09189491000381622, 0.4247755710533980822 ) ) ;
#1806 = ORIENTED_EDGE ( 'NONE', *, *, #2136, .F. ) ;
#1807 = CYLINDRICAL_SURFACE ( 'NONE', #3856, 13.00000000000000178 ) ;
#1808 = CARTESIAN_POINT ( 'NONE',  ( -15.01473582651313698, 110.0800736605179821, -9.886922062041028525 ) ) ;
#1809 = ORIENTED_EDGE ( 'NONE', *, *, #4333, .T. ) ;
#1810 = CARTESIAN_POINT ( 'NONE',  ( 14.60196925660413747, 104.6743635497548013, -15.46277283072493880 ) ) ;
#1811 = CARTESIAN_POINT ( 'NONE',  ( 17.71130931142725018, 23.68116419122318206, 0.5041973915018110874 ) ) ;
#1812 = CARTESIAN_POINT ( 'NONE',  ( 6.337950703355742732, 108.0030656091325909, -16.85108306917162579 ) ) ;
#1813 =( BOUNDED_CURVE ( )  B_SPLINE_CURVE ( 3, ( #3761, #2508, #2203, #1724 ),
 .UNSPECIFIED., .F., .F. ) 
 B_SPLINE_CURVE_WITH_KNOTS ( ( 4, 4 ),
 ( 1.627568091658323723, 1.652662163364411407 ),
 .UNSPECIFIED. ) 
 CURVE ( )  GEOMETRIC_REPRESENTATION_ITEM ( )  RATIONAL_B_SPLINE_CURVE ( ( 1.000000000000000000, 0.9999475246521974947, 0.9999475246521974947, 1.000000000000000000 ) ) 
 REPRESENTATION_ITEM ( '' )  );
#1814 = CARTESIAN_POINT ( 'NONE',  ( 12.67187807433073310, 45.20567551602272971, -36.76540200048549423 ) ) ;
#1815 = CARTESIAN_POINT ( 'NONE',  ( 17.72026814230919101, 23.79051645073480614, 0.04655443017211891021 ) ) ;
#1816 = CARTESIAN_POINT ( 'NONE',  ( -18.96203905668664902, 61.89083885849936451, -59.01122168055696449 ) ) ;
#1817 = CARTESIAN_POINT ( 'NONE',  ( 9.521925513269525965, 126.3041056589319595, -5.511411066118671265 ) ) ;
#1818 = CARTESIAN_POINT ( 'NONE',  ( 18.42188750462066338, 38.39615527221770463, -61.46571282679533255 ) ) ;
#1819 = CARTESIAN_POINT ( 'NONE',  ( 18.47886786187812191, 39.92732549179341106, -39.59410452806732650 ) ) ;
#1820 = CARTESIAN_POINT ( 'NONE',  ( 18.05791726245350759, 82.07705052180436667, -6.033653024726358893 ) ) ;
#1821 = CARTESIAN_POINT ( 'NONE',  ( -15.72696641525869765, 22.08427921774210390, -42.17052235372312197 ) ) ;
#1822 = CARTESIAN_POINT ( 'NONE',  ( -16.67555795520947726, 12.92383737464296090, 2.194171473418011331 ) ) ;
#1823 = CARTESIAN_POINT ( 'NONE',  ( -12.95410276731752397, 104.0306029510109198, -18.16571639851714437 ) ) ;
#1824 = CARTESIAN_POINT ( 'NONE',  ( 16.24214337673850039, 32.89584947483027833, -60.56436616234206838 ) ) ;
#1825 = CARTESIAN_POINT ( 'NONE',  ( 18.75448048466617124, 68.73395249033040955, 3.263478035506501396 ) ) ;
#1826 = ORIENTED_EDGE ( 'NONE', *, *, #2664, .F. ) ;
#1827 = CARTESIAN_POINT ( 'NONE',  ( -13.17521965799590156, 104.4496561424012384, -17.06378936546580860 ) ) ;
#1828 = VERTEX_POINT ( 'NONE', #2007 ) ;
#1829 = CARTESIAN_POINT ( 'NONE',  ( 13.91226511649669462, 104.4541799673406217, -16.70050834502210435 ) ) ;
#1830 = CARTESIAN_POINT ( 'NONE',  ( -15.52375042936584038, 106.5845504710352571, -9.295607556721588338 ) ) ;
#1831 = VERTEX_POINT ( 'NONE', #350 ) ;
#1832 = CARTESIAN_POINT ( 'NONE',  ( 14.19908839712761051, 102.8027119706152348, -19.35615282988378283 ) ) ;
#1833 = CARTESIAN_POINT ( 'NONE',  ( -12.69797024457866641, 45.02449172995815729, -48.76540200048551554 ) ) ;
#1834 = B_SPLINE_CURVE_WITH_KNOTS ( 'NONE', 3,
 ( #2538, #5038, #3739, #2127, #5010, #4201, #945, #1700, #846, #3436, #4681, #4983, #922, #2177, #32, #2588 ),
 .UNSPECIFIED., .F., .F.,
 ( 4, 2, 2, 2, 2, 2, 2, 4 ),
 ( 0.001051985523294762413, 0.003157743736014333863, 0.005263501948733905096, 0.006316381055093652115, 0.007369260161453399134, 0.008422139267813145286, 0.008948578820993027469, 0.009475018374172906183 ),
 .UNSPECIFIED. ) ;
#1835 = CARTESIAN_POINT ( 'NONE',  ( -15.71298765042969414, 117.8997562423013790, -7.570187503820543284 ) ) ;
#1836 = ADVANCED_FACE ( 'NONE', ( #4595 ), #3283, .F. ) ;
#1837 = ADVANCED_FACE ( 'NONE', ( #1600 ), #3837, .T. ) ;
#1838 = CARTESIAN_POINT ( 'NONE',  ( 5.979382945093441926, 2.985267921222006127, 15.19388918723440796 ) ) ;
#1839 = CARTESIAN_POINT ( 'NONE',  ( -15.90110132503419749, 25.19999999999999574, -50.37740579444184874 ) ) ;
#1840 = LINE ( 'NONE', #964, #3041 ) ;
#1841 =( BOUNDED_SURFACE ( )  B_SPLINE_SURFACE ( 3, 2, ( 
 ( #4579, #1670, #107 ),
 ( #2072, #2174, #2585 ),
 ( #3384, #5035, #2973 ),
 ( #3433, #843, #3737 ),
 ( #2507, #4198, #5088 ),
 ( #440, #3760, #29 ),
 ( #1277, #2946, #4608 ),
 ( #465, #1872, #1842 ),
 ( #5215, #1409, #164 ),
 ( #187, #3513, #966 ),
 ( #4323, #1492, #3916 ),
 ( #3148, #4807, #3488 ),
 ( #3075, #1074, #3539 ),
 ( #2633, #3459, #2201 ) ),
 .UNSPECIFIED., .F., .F., .T. ) 
 B_SPLINE_SURFACE_WITH_KNOTS ( ( 4, 2, 2, 2, 2, 2, 4 ),
 ( 3, 3 ),
 ( 0.000000000000000000, 0.001117328691630380686, 0.002234657383260761371, 0.003351986074891142274, 0.003910650420706332508, 0.004189982593613927192, 0.004469314766521522743 ),
 ( 0.000000000000000000, 1.000000000000000000 ),
 .UNSPECIFIED. ) 
 GEOMETRIC_REPRESENTATION_ITEM ( )  RATIONAL_B_SPLINE_SURFACE ( (
 ( 1.000000000000000000, 0.9843015916542390276, 1.000000000000000000),
 ( 1.000000000000000000, 0.9795573170889766423, 1.000000000000000000),
 ( 1.000000000000000000, 0.9762481581208340975, 1.000000000000000000),
 ( 1.000000000000000000, 0.9725687215288102427, 1.000000000000000000),
 ( 1.000000000000000000, 0.9721955177321416341, 1.000000000000000000),
 ( 1.000000000000000000, 0.9743753936102242941, 1.000000000000000000),
 ( 1.000000000000000000, 0.9769318594945476386, 1.000000000000000000),
 ( 1.000000000000000000, 0.9829163691541145109, 1.000000000000000000),
 ( 1.000000000000000000, 0.9852703535365097132, 1.000000000000000000),
 ( 1.000000000000000000, 0.9893018410768634752, 1.000000000000000000),
 ( 1.000000000000000000, 0.9907317194870541854, 1.000000000000000000),
 ( 1.000000000000000000, 0.9937101175164217981, 1.000000000000000000),
 ( 1.000000000000000000, 0.9952669755993914791, 1.000000000000000000),
 ( 1.000000000000000000, 0.9968001287787703335, 1.000000000000000000) ) ) 
 REPRESENTATION_ITEM ( '' )  SURFACE ( )  );
#1842 = CARTESIAN_POINT ( 'NONE',  ( 18.91423768774892267, 68.71904172807809630, -1.813627880687075811 ) ) ;
#1843 = EDGE_CURVE ( 'NONE', #4356, #4397, #3437, .T. ) ;
#1844 = EDGE_CURVE ( 'NONE', #5350, #3928, #2566, .T. ) ;
#1845 = CARTESIAN_POINT ( 'NONE',  ( 18.59529332128071388, 43.26582028898314292, -62.87883006876791825 ) ) ;
#1846 = CARTESIAN_POINT ( 'NONE',  ( -18.73262126176723186, 48.02954070869143521, -47.97341836335913712 ) ) ;
#1847 = CARTESIAN_POINT ( 'NONE',  ( 18.47483398862130599, 75.13854493497127862, -4.684020771753203860 ) ) ;
#1848 = CARTESIAN_POINT ( 'NONE',  ( 17.75677689164600537, 112.5134627657777315, 0.5362772748362139019 ) ) ;
#1849 = EDGE_CURVE ( 'NONE', #3098, #2850, #2459, .T. ) ;
#1850 = CARTESIAN_POINT ( 'NONE',  ( -16.49562440960930587, 11.33151617133745859, 2.361695157497182063 ) ) ;
#1851 = CARTESIAN_POINT ( 'NONE',  ( -12.27714079496165311, 103.9960644209830463, -18.19920139440629825 ) ) ;
#1852 = AXIS2_PLACEMENT_3D ( 'NONE', #3261, #5029, #1299 ) ;
#1853 = PRODUCT_DEFINITION_FORMATION_WITH_SPECIFIED_SOURCE ( 'ANY', '', #4172, .NOT_KNOWN. ) ;
#1854 = CARTESIAN_POINT ( 'NONE',  ( -18.95805464026534182, 60.69876405404755104, -57.41555342542512363 ) ) ;
#1855 = EDGE_LOOP ( 'NONE', ( #1038, #1179, #4787, #5200 ) ) ;
#1856 = EDGE_CURVE ( 'NONE', #3953, #2188, #2867, .T. ) ;
#1857 = ORIENTED_EDGE ( 'NONE', *, *, #1121, .F. ) ;
#1858 = CARTESIAN_POINT ( 'NONE',  ( 13.96543113107482270, 104.4536013824664025, -16.66920880687615636 ) ) ;
#1859 = CARTESIAN_POINT ( 'NONE',  ( -18.73933341712632128, 69.45066770200671158, -3.170268773180045851 ) ) ;
#1860 = ORIENTED_EDGE ( 'NONE', *, *, #3392, .T. ) ;
#1861 = ADVANCED_FACE ( 'NONE', ( #4935 ), #5043, .F. ) ;
#1862 = DIRECTION ( 'NONE',  ( 0.000000000000000000, 0.000000000000000000, -1.000000000000000000 ) ) ;
#1863 = CARTESIAN_POINT ( 'NONE',  ( 17.65509974695470774, 23.00559357884102241, 0.5538231728483389293 ) ) ;
#1864 = ADVANCED_FACE ( 'NONE', ( #4640 ), #2405, .T. ) ;
#1865 = CARTESIAN_POINT ( 'NONE',  ( 1.969047911619921825E-15, 137.0000000000000000, 16.00000000000000000 ) ) ;
#1866 = ORIENTED_EDGE ( 'NONE', *, *, #1440, .F. ) ;
#1867 = CARTESIAN_POINT ( 'NONE',  ( -18.64561230862430818, 44.92179050151624864, -63.01126382524925873 ) ) ;
#1868 = CARTESIAN_POINT ( 'NONE',  ( 0.000000000000000000, 142.0000000000000284, 11.00000000000000000 ) ) ;
#1869 = DIRECTION ( 'NONE',  ( -0.000000000000000000, -0.000000000000000000, 1.000000000000000000 ) ) ;
#1870 = CARTESIAN_POINT ( 'NONE',  ( 18.80352075173468407, 68.40238293633848343, -2.552110118506539571 ) ) ;
#1871 = CARTESIAN_POINT ( 'NONE',  ( -12.66386288627353984, 60.83376738422714425, -59.92861768124417665 ) ) ;
#1872 = CARTESIAN_POINT ( 'NONE',  ( 18.91580017705852867, 68.53216529300986792, -1.797663153376915179 ) ) ;
#1873 = CARTESIAN_POINT ( 'NONE',  ( 18.87377760304999796, 54.43085659931726639, -61.44401277589839339 ) ) ;
#1874 = CARTESIAN_POINT ( 'NONE',  ( -18.77072268188488380, 49.54424208539846575, -46.73089207787091226 ) ) ;
#1875 = CARTESIAN_POINT ( 'NONE',  ( 18.74999575925300377, 70.06199901766602522, -3.095336561008502851 ) ) ;
#1876 = CARTESIAN_POINT ( 'NONE',  ( 17.55221281505162167, 112.9228037701396943, -2.619588183087787403 ) ) ;
#1877 = CARTESIAN_POINT ( 'NONE',  ( -15.03007749467357890, 7.037456052787444349, 7.036183549847486951 ) ) ;
#1878 = CARTESIAN_POINT ( 'NONE',  ( 9.628772930001016306, 114.5226071851095639, 5.323090696564624302 ) ) ;
#1879 = CARTESIAN_POINT ( 'NONE',  ( 13.24009843368734707, 4.091056505281929212, 5.224058818291177353 ) ) ;
#1880 = CARTESIAN_POINT ( 'NONE',  ( -15.34126686480493973, 107.7890076212337220, -10.14900656052365768 ) ) ;
#1881 = CARTESIAN_POINT ( 'NONE',  ( -2.956923620666624064, 102.5098329616437667, -19.64009810501708486 ) ) ;
#1882 = VERTEX_POINT ( 'NONE', #476 ) ;
#1883 = CYLINDRICAL_SURFACE ( 'NONE', #559, 12.69999999999999929 ) ;
#1884 = ORIENTED_EDGE ( 'NONE', *, *, #2826, .T. ) ;
#1885 = CARTESIAN_POINT ( 'NONE',  ( 12.83578991221015109, 104.0223783314435337, -18.17369014123833182 ) ) ;
#1886 = CARTESIAN_POINT ( 'NONE',  ( -16.66959842303944939, 12.52220338178014991, -11.93500971182487724 ) ) ;
#1887 = EDGE_LOOP ( 'NONE', ( #2817, #4362, #3408, #3526, #75 ) ) ;
#1888 = CARTESIAN_POINT ( 'NONE',  ( -15.08539708180334671, 109.7121405745280356, -9.664439197612239241 ) ) ;
#1889 = CARTESIAN_POINT ( 'NONE',  ( 15.95165709737508841, 11.75105809628625053, 5.736436084723662177 ) ) ;
#1890 = CARTESIAN_POINT ( 'NONE',  ( 18.95143903161925536, 61.13040623343588464, 0.4450795113264920944 ) ) ;
#1891 = ORIENTED_EDGE ( 'NONE', *, *, #324, .F. ) ;
#1892 = CARTESIAN_POINT ( 'NONE',  ( -16.78152056554329974, 50.35983230243054720, -64.71489837537859557 ) ) ;
#1893 = CYLINDRICAL_SURFACE ( 'NONE', #5334, 10.00000000000000000 ) ;
#1894 = CARTESIAN_POINT ( 'NONE',  ( 18.88294315298103143, 62.11043878429777010, 1.858760901549451949 ) ) ;
#1895 = CARTESIAN_POINT ( 'NONE',  ( -7.549834435270745381, 120.5000000000000142, -8.000000000000003553 ) ) ;
#1896 = CARTESIAN_POINT ( 'NONE',  ( 3.941321280628410584, 0.1711053388777435957, 15.54930442411550473 ) ) ;
#1897 = CARTESIAN_POINT ( 'NONE',  ( -10.44648946453819072, 105.2719612004160297, -14.87433103244958765 ) ) ;
#1898 = CARTESIAN_POINT ( 'NONE',  ( 18.89375278160732918, 55.59130117245245373, -60.91753228780596885 ) ) ;
#1899 = ADVANCED_FACE ( 'NONE', ( #2131 ), #4080, .T. ) ;
#1900 = CARTESIAN_POINT ( 'NONE',  ( -18.80423101369318672, 50.98560977713515996, -41.97860137502301114 ) ) ;
#1901 = CARTESIAN_POINT ( 'NONE',  ( -18.89075055547860771, 67.92239724894506026, -0.8463234247983433267 ) ) ;
#1902 = DIRECTION ( 'NONE',  ( 0.000000000000000000, 0.2253513371808785193, 0.9742775655996550599 ) ) ;
#1903 = CARTESIAN_POINT ( 'NONE',  ( -16.59186891640672101, 128.2286073914380609, 2.082673311563848273 ) ) ;
#1904 = CIRCLE ( 'NONE', #3563, 16.00000000000000000 ) ;
#1905 = CARTESIAN_POINT ( 'NONE',  ( 7.549834435270744493, 120.2261699362282030, 8.000000000000003553 ) ) ;
#1906 = DIRECTION ( 'NONE',  ( -0.000000000000000000, 1.771470073563594553E-17, -1.000000000000000000 ) ) ;
#1907 = CARTESIAN_POINT ( 'NONE',  ( -11.95897946520538468, 41.53749377375781648, -37.86900926202822149 ) ) ;
#1908 = CARTESIAN_POINT ( 'NONE',  ( -10.79055525522981718, 128.2096887512740011, 2.152322712876358679 ) ) ;
#1909 = CARTESIAN_POINT ( 'NONE',  ( 4.991769806813191046, 104.6934743567572781, -17.52306466208671765 ) ) ;
#1910 = EDGE_LOOP ( 'NONE', ( #3170, #5129, #2729, #4566 ) ) ;
#1911 = CARTESIAN_POINT ( 'NONE',  ( -18.79776262852611524, 67.46746916854456799, -2.682296341615875157 ) ) ;
#1912 = CARTESIAN_POINT ( 'NONE',  ( 12.68434670114740648, 103.0399621110213673, -19.12613956730955067 ) ) ;
#1913 = CARTESIAN_POINT ( 'NONE',  ( -17.81231933006867152, 85.34833913019458862, -6.130441241567617716 ) ) ;
#1914 = VERTEX_POINT ( 'NONE', #3127 ) ;
#1915 = CARTESIAN_POINT ( 'NONE',  ( -14.91361855735245356, 108.5922204200119268, -10.26049673993964184 ) ) ;
#1916 = CARTESIAN_POINT ( 'NONE',  ( 15.72976306803250068, 5.152203317478560862, 5.320321562467046128 ) ) ;
#1917 = DIRECTION ( 'NONE',  ( -1.000000000000000000, 0.000000000000000000, 0.000000000000000000 ) ) ;
#1918 = ORIENTED_EDGE ( 'NONE', *, *, #4673, .F. ) ;
#1919 = CARTESIAN_POINT ( 'NONE',  ( -18.83568039364772773, 52.43327832261091004, -62.17366919549616711 ) ) ;
#1920 = CARTESIAN_POINT ( 'NONE',  ( -18.83569535426015307, 52.43403141673412193, -62.17342208030602535 ) ) ;
#1921 = CARTESIAN_POINT ( 'NONE',  ( 18.95805464026530629, 60.69876405404424702, -6.740728373028929046E-17 ) ) ;
#1922 = CARTESIAN_POINT ( 'NONE',  ( 16.09035611505991170, 29.28771051097723443, -57.25819536745363791 ) ) ;
#1923 = CARTESIAN_POINT ( 'NONE',  ( 9.297829422812217359, 1.079572311192412037, 13.15638057998248023 ) ) ;
#1924 =( BOUNDED_CURVE ( )  B_SPLINE_CURVE ( 3, ( #2069, #3757, #2478, #3324 ),
 .UNSPECIFIED., .F., .F. ) 
 B_SPLINE_CURVE_WITH_KNOTS ( ( 4, 4 ),
 ( 1.444504737600346145, 1.488930490225381487 ),
 .UNSPECIFIED. ) 
 CURVE ( )  GEOMETRIC_REPRESENTATION_ITEM ( )  RATIONAL_B_SPLINE_CURVE ( ( 1.000000000000000000, 0.9998355361378435946, 0.9998355361378435946, 1.000000000000000000 ) ) 
 REPRESENTATION_ITEM ( '' )  );
#1925 = DIRECTION ( 'NONE',  ( 0.000000000000000000, -0.9348930393583384513, -0.3549295774647811541 ) ) ;
#1926 = CARTESIAN_POINT ( 'NONE',  ( 18.73883840273526147, 64.77594070145093497, 3.102901896513409419 ) ) ;
#1927 = EDGE_CURVE ( 'NONE', #147, #5178, #2986, .T. ) ;
#1928 = CARTESIAN_POINT ( 'NONE',  ( 13.85936810332902347, 104.4558388350266682, -16.73749910293033949 ) ) ;
#1929 = CARTESIAN_POINT ( 'NONE',  ( -15.74087083618916338, 24.15433049084251493, -41.98816653506784746 ) ) ;
#1930 = ORIENTED_EDGE ( 'NONE', *, *, #4669, .T. ) ;
#1931 = CARTESIAN_POINT ( 'NONE',  ( 17.73764866847249522, 24.04084794371666334, -41.98816653506785457 ) ) ;
#1932 = CARTESIAN_POINT ( 'NONE',  ( 12.69925497587256658, 44.35973161574872847, -48.73775104514919576 ) ) ;
#1933 = CARTESIAN_POINT ( 'NONE',  ( -15.12455355505991506, 109.8726271249037012, -9.586813811257997031 ) ) ;
#1934 = EDGE_CURVE ( 'NONE', #4105, #2850, #1482, .T. ) ;
#1935 = CARTESIAN_POINT ( 'NONE',  ( -12.26398226412561776, 38.00530727390833619, -63.42072238925117489 ) ) ;
#1936 = CARTESIAN_POINT ( 'NONE',  ( -18.74583813714797742, 74.46601371294931937, -44.14146014641931259 ) ) ;
#1937 = VERTEX_POINT ( 'NONE', #4091 ) ;
#1938 = CARTESIAN_POINT ( 'NONE',  ( 8.880046890591405173, 115.8216225178673824, -6.494274095953423753 ) ) ;
#1939 = CARTESIAN_POINT ( 'NONE',  ( 11.24621954713507321, 103.9810250170708628, -18.21378204905791875 ) ) ;
#1940 = VECTOR ( 'NONE', #4199, 1000.000000000000114 ) ;
#1941 = CARTESIAN_POINT ( 'NONE',  ( -16.12407199640820110, 30.06472160490241308, -58.07505302413763815 ) ) ;
#1942 = EDGE_LOOP ( 'NONE', ( #4048, #1318, #4135, #3878, #3880, #4938, #3061 ) ) ;
#1943 = CARTESIAN_POINT ( 'NONE',  ( 16.48647356509778206, 10.88359411338488414, -12.66764853068617924 ) ) ;
#1944 = PRESENTATION_LAYER_ASSIGNMENT (  '', '', ( #902 ) ) ;
#1945 = CARTESIAN_POINT ( 'NONE',  ( 17.43824674253804474, 21.54214572162143781, 2.328129561934886738 ) ) ;
#1946 = DIRECTION ( 'NONE',  ( 0.1007018931158303043, 0.09163250170473263845, -0.9906879495351804676 ) ) ;
#1947 = EDGE_CURVE ( 'NONE', #2299, #4943, #5365, .T. ) ;
#1948 = ORIENTED_EDGE ( 'NONE', *, *, #1712, .T. ) ;
#1949 = CARTESIAN_POINT ( 'NONE',  ( -18.42144744185867467, 38.35760447019347197, -61.50536073100415990 ) ) ;
#1950 = CARTESIAN_POINT ( 'NONE',  ( 17.92498008659353559, 85.76931607061895591, -5.754381769512780131 ) ) ;
#1951 = CARTESIAN_POINT ( 'NONE',  ( 18.91521766428616758, 61.43193952580300987, 1.422209463802092344 ) ) ;
#1952 = CARTESIAN_POINT ( 'NONE',  ( 18.87463748400751840, 68.34016364306893365, -1.203778177769945446 ) ) ;
#1953 = CARTESIAN_POINT ( 'NONE',  ( 3.023704097590239837, 2.727498044325907589, 15.96871523097472689 ) ) ;
#1954 = B_SPLINE_CURVE_WITH_KNOTS ( 'NONE', 3,
 ( #5163, #1814, #3484, #210, #5134, #3430 ),
 .UNSPECIFIED., .F., .F.,
 ( 4, 2, 4 ),
 ( 0.01905492221557202395, 0.01959943599773049383, 0.02014394977988896718 ),
 .UNSPECIFIED. ) ;
#1955 = AXIS2_PLACEMENT_3D ( 'NONE', #3409, #4272, #918 ) ;
#1956 = CARTESIAN_POINT ( 'NONE',  ( -17.30258697003161572, 20.48975901053827897, 2.806087483592603071 ) ) ;
#1957 = CARTESIAN_POINT ( 'NONE',  ( -5.956509939532626419, 3.005785831695854338, 15.13226972389670166 ) ) ;
#1958 = CARTESIAN_POINT ( 'NONE',  ( -17.81768298859286759, 87.98606728650243269, -31.10241790241961013 ) ) ;
#1959 = CARTESIAN_POINT ( 'NONE',  ( -6.606240925722675961, 0.5175738126403520711, 14.63669813530978381 ) ) ;
#1960 = CARTESIAN_POINT ( 'NONE',  ( -18.86044759361312018, 67.85140396472573343, 1.667494676290328215 ) ) ;
#1961 =( BOUNDED_CURVE ( )  B_SPLINE_CURVE ( 3, ( #1366, #5071, #5097, #2157 ),
 .UNSPECIFIED., .F., .F. ) 
 B_SPLINE_CURVE_WITH_KNOTS ( ( 4, 4 ),
 ( 4.727807363268539120, 4.834105784676903994 ),
 .UNSPECIFIED. ) 
 CURVE ( )  GEOMETRIC_REPRESENTATION_ITEM ( )  RATIONAL_B_SPLINE_CURVE ( ( 1.000000000000000000, 0.9990586087716675223, 0.9990586087716675223, 1.000000000000000000 ) ) 
 REPRESENTATION_ITEM ( '' )  );
#1962 = CARTESIAN_POINT ( 'NONE',  ( 15.89820317794564453, 103.6260636114065790, -13.71429095098713624 ) ) ;
#1963 = CARTESIAN_POINT ( 'NONE',  ( -11.19747612478316157, 39.06092593625701426, -42.07854266204338956 ) ) ;
#1964 = CARTESIAN_POINT ( 'NONE',  ( -14.93692332802395484, 107.4707312341999881, -10.96008263956139572 ) ) ;
#1965 = CARTESIAN_POINT ( 'NONE',  ( 8.712157255611545636, 2.024917344855833967, 10.66631903572741003 ) ) ;
#1966 = CARTESIAN_POINT ( 'NONE',  ( 10.90219783057456482, 109.8172899622463348, -14.21973869211238117 ) ) ;
#1967 = ORIENTED_EDGE ( 'NONE', *, *, #1462, .F. ) ;
#1968 = CARTESIAN_POINT ( 'NONE',  ( 18.77606905414380378, 68.11703633800456714, -2.541903804736239447 ) ) ;
#1969 = CARTESIAN_POINT ( 'NONE',  ( 10.12811148023078367, 113.7479256253950410, -4.298303689377873660 ) ) ;
#1970 = ADVANCED_FACE ( 'NONE', ( #4980 ), #3685, .T. ) ;
#1971 = CARTESIAN_POINT ( 'NONE',  ( 15.38783123238541073, 5.998665972872210261, 5.928704085341542473 ) ) ;
#1972 = CARTESIAN_POINT ( 'NONE',  ( 0.000000000000000000, 104.0000000000001421, 0.000000000000000000 ) ) ;
#1973 = VERTEX_POINT ( 'NONE', #4547 ) ;
#1974 = CARTESIAN_POINT ( 'NONE',  ( 0.000000000000000000, 45.02449172995815729, -42.76540200048551554 ) ) ;
#1975 = B_SPLINE_CURVE_WITH_KNOTS ( 'NONE', 3,
 ( #2716, #5114, #3516, #3894, #3491, #3918, #5141, #190, #1846, #110, #5168, #1874, #1438, #3100, #3541, #1771, #2692, #4757, #4352, #626, #2286, #240, #3571, #1900, #5217, #2314, #3973, #5155, #1479, #637, #592, #2731, #2701, #3957, #666, #4746, #4315, #1426, #2325, #614, #4392, #3166, #5203 ),
 .UNSPECIFIED., .F., .F.,
 ( 4, 2, 2, 2, 2, 2, 2, 2, 1, 2, 2, 2, 2, 2, 2, 2, 2, 2, 2, 2, 2, 4 ),
 ( 0.000000000000000000, 0.001172628878285801070, 0.001758943317428699436, 0.002345257756571597803, 0.003517886634857402776, 0.004690515513143207749, 0.005863144391429013155, 0.006449458830571912389, 0.007035773269714812490, 0.007622087708857710857, 0.008208402148000611825, 0.009381031026286431110, 0.01055365990457224866, 0.01172628878285806968, 0.01231260322200097498, 0.01289891766114387855, 0.01407154653942972039, 0.01524417541771555876, 0.01583048985685846580, 0.01641680429600137284, 0.01758943317428720080, 0.01876206205257303222 ),
 .UNSPECIFIED. ) ;
#1976 = CARTESIAN_POINT ( 'NONE',  ( 17.60615045592146899, 22.42893663268494464, 0.7304527476277908882 ) ) ;
#1977 = B_SPLINE_CURVE_WITH_KNOTS ( 'NONE', 3,
 ( #456, #271, #1928, #3596, #1526, #1762, #1739, #4268, #958, #2626, #5049, #913, #1319, #2162 ),
 .UNSPECIFIED., .F., .F.,
 ( 4, 2, 2, 2, 2, 2, 4 ),
 ( 1.708504484033303282E-17, 0.0007577060040378816004, 0.001515412008075746070, 0.003030824016151481299, 0.004546236024227216961, 0.005303942028265085443, 0.006061648032302953057 ),
 .UNSPECIFIED. ) ;
#1978 = EDGE_LOOP ( 'NONE', ( #1397, #2456, #639, #536, #2598 ) ) ;
#1979 = CARTESIAN_POINT ( 'NONE',  ( -18.79739634253588321, 67.47872286574300915, 2.602992944995876190 ) ) ;
#1980 = CARTESIAN_POINT ( 'NONE',  ( -18.90796159446093228, 56.45065272071412465, -62.74032353652074079 ) ) ;
#1981 = CARTESIAN_POINT ( 'NONE',  ( -18.04420949943942176, 29.80944611675921863, -54.81166569902401164 ) ) ;
#1982 = CARTESIAN_POINT ( 'NONE',  ( 18.80224442525973316, 63.66134819416824087, 2.633780872031023623 ) ) ;
#1983 = CARTESIAN_POINT ( 'NONE',  ( -18.95368136058892361, 60.98944583431612187, 0.6834477068779493125 ) ) ;
#1984 = CARTESIAN_POINT ( 'NONE',  ( 8.172177423839347199, 1.880903020085537003, 11.04565622919926327 ) ) ;
#1985 = CARTESIAN_POINT ( 'NONE',  ( -16.67554258855174609, 16.10252231977362314, 4.409729558624929879 ) ) ;
#1986 = CARTESIAN_POINT ( 'NONE',  ( 18.54235996553172328, 67.74892653363536965, 4.152231309236483092 ) ) ;
#1987 = CARTESIAN_POINT ( 'NONE',  ( -16.75725456547289838, 49.25809456612753934, -64.88513945814783312 ) ) ;
#1988 = CARTESIAN_POINT ( 'NONE',  ( -2.697766601230393579, 1.028753738330970835, 13.29023792255109271 ) ) ;
#1989 = PLANE ( 'NONE',  #125 ) ;
#1990 = CARTESIAN_POINT ( 'NONE',  ( -18.82561084019906517, 67.88594329786633352, -2.566980495888338432 ) ) ;
#1991 = CLOSED_SHELL ( 'NONE', ( #2816, #1200, #3624, #654, #338, #3959, #2581, #833, #2265, #2336, #314, #4424, #1970, #1620, #5139, #585, #573, #2639, #1, #1616, #3211, #2802, #2761, #4512, #2411, #670, #4113, #441, #3716, #4755, #5006, #4396, #5322, #4193, #1284, #3406, #2408, #5258, #885, #3066, #3081, #2803, #4112, #4586, #2873, #5145, #5251, #3935, #1836, #2173, #2260, #4575, #1205, #719, #2486, #4899, #3271, #1206, #2196, #4136, #4026, #2574, #1159, #4668, #2418, #2039, #4299, #1864, #2434, #1798, #2573, #3799, #1837, #2902, #932, #712, #2473, #3202, #4342, #3213, #2099, #4976, #1684, #3901, #1537, #4069, #243, #3231, #1899, #5339, #961, #3552, #1861, #1288 ) ) ;
#1992 = CARTESIAN_POINT ( 'NONE',  ( -16.79852633119496375, 14.05407247668657611, 2.066305605888161701 ) ) ;
#1993 = CARTESIAN_POINT ( 'NONE',  ( -11.59063395576462874, 39.38367222997013073, -44.84330547091109764 ) ) ;
#1994 = CARTESIAN_POINT ( 'NONE',  ( -10.84261750988983941, 128.2822732944696327, -1.873329876758259571 ) ) ;
#1995 = CARTESIAN_POINT ( 'NONE',  ( -8.197075081074737923, 1.882249211671334077, 11.04211032820055038 ) ) ;
#1996 =( BOUNDED_CURVE ( )  B_SPLINE_CURVE ( 3, ( #911, #3371, #3424, #1785 ),
 .UNSPECIFIED., .F., .F. ) 
 B_SPLINE_CURVE_WITH_KNOTS ( ( 4, 4 ),
 ( 2.615256122523902604, 4.704141752958673095 ),
 .UNSPECIFIED. ) 
 CURVE ( )  GEOMETRIC_REPRESENTATION_ITEM ( )  RATIONAL_B_SPLINE_CURVE ( ( 1.000000000000000000, 0.6682558474533554227, 0.6682558474533554227, 1.000000000000000000 ) ) 
 REPRESENTATION_ITEM ( '' )  );
#1997 = CARTESIAN_POINT ( 'NONE',  ( 17.72026814230936864, 23.79051645073699817, -41.46066319879356143 ) ) ;
#1998 = ORIENTED_EDGE ( 'NONE', *, *, #5301, .T. ) ;
#1999 = CARTESIAN_POINT ( 'NONE',  ( 18.77366768472707648, 68.18696042620395303, -2.735060869632126135 ) ) ;
#2000 = CARTESIAN_POINT ( 'NONE',  ( -12.66150770507543122, 62.28974017202614988, -58.63335116586629425 ) ) ;
#2001 = CARTESIAN_POINT ( 'NONE',  ( -15.30825329149305425, 120.4999999999767084, 8.000000000000003553 ) ) ;
#2002 = CARTESIAN_POINT ( 'NONE',  ( 18.78302080143221886, 68.44291207319373882, -2.809823727010178906 ) ) ;
#2003 = CARTESIAN_POINT ( 'NONE',  ( 18.78062845581132834, 67.98318602500975771, 1.947098566254774399 ) ) ;
#2004 = EDGE_LOOP ( 'NONE', ( #858, #3425, #2009, #2443 ) ) ;
#2005 = CARTESIAN_POINT ( 'NONE',  ( 18.78956853027837681, 68.50646597020092088, -2.823124093688902825 ) ) ;
#2006 = CARTESIAN_POINT ( 'NONE',  ( -18.79599111360826669, 67.69340855444598049, -2.773975875676314651 ) ) ;
#2007 = CARTESIAN_POINT ( 'NONE',  ( -18.79723336096639130, 67.50000000000000000, 1.866753150752923363 ) ) ;
#2008 = CARTESIAN_POINT ( 'NONE',  ( -17.97146175167545223, 28.35437979370062678, -52.74076659389567112 ) ) ;
#2009 = ORIENTED_EDGE ( 'NONE', *, *, #2650, .F. ) ;
#2010 = CARTESIAN_POINT ( 'NONE',  ( 18.89123415297191144, 61.93986966771733904, 1.758160768352055481 ) ) ;
#2011 = CARTESIAN_POINT ( 'NONE',  ( -18.95768583598257706, 60.72526012221648273, 0.4137851025445435371 ) ) ;
#2012 = CARTESIAN_POINT ( 'NONE',  ( 13.97310389598418112, 5.154945562961264827, 8.683998042556794417 ) ) ;
#2013 = EDGE_CURVE ( 'NONE', #4180, #778, #5057, .T. ) ;
#2014 = CARTESIAN_POINT ( 'NONE',  ( 18.95862431618444788, 60.44783056776785202, -1.426417717646280924E-16 ) ) ;
#2015 = CARTESIAN_POINT ( 'NONE',  ( -18.95862431618466815, 60.44783056776785202, -1.426417717646282403E-16 ) ) ;
#2016 = CARTESIAN_POINT ( 'NONE',  ( -18.96986945911936573, 68.10104918166153709, 1.089122578310333100 ) ) ;
#2017 = CARTESIAN_POINT ( 'NONE',  ( -17.58919324101988835, 22.23024535280261205, 0.7854166094969543543 ) ) ;
#2018 = CARTESIAN_POINT ( 'NONE',  ( -12.70137381643771057, 43.65922607485229179, -48.62018135239632954 ) ) ;
#2019 = CARTESIAN_POINT ( 'NONE',  ( 18.77025474054316589, 68.46178036516275256, -2.951170218970252002 ) ) ;
#2020 = EDGE_CURVE ( 'NONE', #5369, #778, #1250, .T. ) ;
#2021 = CARTESIAN_POINT ( 'NONE',  ( -10.23303264254010081, 2.508448742407713095, 9.392685710741089267 ) ) ;
#2022 = CARTESIAN_POINT ( 'NONE',  ( -17.81691124833882256, 87.99237640202260025, -31.09633325005111715 ) ) ;
#2023 = ORIENTED_EDGE ( 'NONE', *, *, #3614, .F. ) ;
#2024 =( NAMED_UNIT ( * ) PLANE_ANGLE_UNIT ( ) SI_UNIT ( $, .RADIAN. ) );
#2025 = VECTOR ( 'NONE', #2453, 1000.000000000000000 ) ;
#2026 = CARTESIAN_POINT ( 'NONE',  ( 11.85612465343869637, 39.85489560363512851, -45.83277244767778313 ) ) ;
#2027 = CARTESIAN_POINT ( 'NONE',  ( -16.95482001634954372, 62.28974017202617119, -58.63335116586625162 ) ) ;
#2028 = B_SPLINE_CURVE_WITH_KNOTS ( 'NONE', 3,
 ( #3974, #3101, #4304, #1468, #139, #1901, #3543, #3572, #3492, #5142, #3919, #1796, #5169, #5218, #3463, #3517, #1494, #1439 ),
 .UNSPECIFIED., .F., .F.,
 ( 4, 2, 2, 2, 2, 2, 2, 2, 4 ),
 ( 5.052382123782450662E-17, 0.001164624727992390717, 0.002329249455984730259, 0.003493874183977070669, 0.004076186547973236970, 0.004367342729971320121, 0.004512920820970354324, 0.004585709866469870992, 0.004658498911969388527 ),
 .UNSPECIFIED. ) ;
#2029 = CARTESIAN_POINT ( 'NONE',  ( 13.48696570135327377, 4.324664034630206544, 4.608730970188483766 ) ) ;
#2030 =( BOUNDED_CURVE ( )  B_SPLINE_CURVE ( 3, ( #2933, #2493, #4994, #5377 ),
 .UNSPECIFIED., .F., .T. ) 
 B_SPLINE_CURVE_WITH_KNOTS ( ( 4, 4 ),
 ( 4.886921905584126868, 5.571114577432528137 ),
 .UNSPECIFIED. ) 
 CURVE ( )  GEOMETRIC_REPRESENTATION_ITEM ( )  RATIONAL_B_SPLINE_CURVE ( ( 1.000000000000000000, 0.9613689956955706606, 0.9613689956955706606, 1.000000000000000000 ) ) 
 REPRESENTATION_ITEM ( '' )  );
#2031 = CARTESIAN_POINT ( 'NONE',  ( -7.753759507056138922, 24.60826067934591777, -7.875805736333502166E-16 ) ) ;
#2032 = ORIENTED_EDGE ( 'NONE', *, *, #1443, .T. ) ;
#2033 = CARTESIAN_POINT ( 'NONE',  ( 18.79420274687439374, 68.58229326886905142, -2.788866954810616861 ) ) ;
#2034 = LINE ( 'NONE', #4911, #2218 ) ;
#2035 = AXIS2_PLACEMENT_3D ( 'NONE', #2610, #1278, #3002 ) ;
#2036 = AXIS2_PLACEMENT_3D ( 'NONE', #1972, #3252, #2844 ) ;
#2037 = CARTESIAN_POINT ( 'NONE',  ( -18.15485228841105325, 32.09023763289251008, -59.95529131774610221 ) ) ;
#2038 = EDGE_LOOP ( 'NONE', ( #561, #4965, #3163, #51 ) ) ;
#2039 = ADVANCED_FACE ( 'NONE', ( #4953 ), #2967, .T. ) ;
#2040 = CARTESIAN_POINT ( 'NONE',  ( 18.84118588453382159, 66.07555424086883988, 1.641247243302443204 ) ) ;
#2041 = CARTESIAN_POINT ( 'NONE',  ( -18.91484164041319715, 61.43983379543143997, 1.425515499489146576 ) ) ;
#2042 = CARTESIAN_POINT ( 'NONE',  ( -14.94151375136379123, 107.0804086131300039, -11.28545868152219889 ) ) ;
#2043 = B_SPLINE_CURVE_WITH_KNOTS ( 'NONE', 3,
 ( #2971, #4631, #2095, #3294, #815, #435, #4141, #410 ),
 .UNSPECIFIED., .F., .F.,
 ( 4, 2, 2, 4 ),
 ( 0.000000000000000000, 0.001826147255121855035, 0.002739220882682786781, 0.003652294510243719178 ),
 .UNSPECIFIED. ) ;
#2044 = CARTESIAN_POINT ( 'NONE',  ( -17.73764866847260535, 24.04084794371666334, -7.875805736371929553E-16 ) ) ;
#2045 = CARTESIAN_POINT ( 'NONE',  ( -14.70506951108495564, 5.578200176772456942, 7.416486059549591836 ) ) ;
#2046 = CARTESIAN_POINT ( 'NONE',  ( -18.97985772969371965, 68.33722765867939586, 0.9010398385722488968 ) ) ;
#2047 = B_SPLINE_CURVE_WITH_KNOTS ( 'NONE', 3,
 ( #1519, #1870, #1435, #5240, #3174, #1952, #3592, #4857, #5164, #4831, #323, #2281 ),
 .UNSPECIFIED., .F., .F.,
 ( 4, 2, 2, 2, 2, 4 ),
 ( 0.000000000000000000, 0.0005794232793502323165, 0.001158846558700464633, 0.002317693117400929266, 0.003476539676101393899, 0.004635386234801858532 ),
 .UNSPECIFIED. ) ;
#2048 = CARTESIAN_POINT ( 'NONE',  ( 16.49885453541594416, 127.9857977883434614, -2.833798178443874161 ) ) ;
#2049 = CARTESIAN_POINT ( 'NONE',  ( -8.562356694359971598, 124.5548593694905577, -6.914431508695708217 ) ) ;
#2050 = CARTESIAN_POINT ( 'NONE',  ( -12.68166615122665952, 40.41936178367801347, -64.23413829688601595 ) ) ;
#2051 = CARTESIAN_POINT ( 'NONE',  ( 11.74444912434743493, 104.3372325818555169, -13.90529941642077461 ) ) ;
#2052 = EDGE_LOOP ( 'NONE', ( #4594, #1346, #1449, #4540 ) ) ;
#2053 = CARTESIAN_POINT ( 'NONE',  ( 18.76962666768202581, 68.30427911026450261, -2.685130844305182674 ) ) ;
#2054 = CARTESIAN_POINT ( 'NONE',  ( 18.11894340772104428, 81.16458425607743266, -5.861858984270849504 ) ) ;
#2055 = CARTESIAN_POINT ( 'NONE',  ( 15.95928983611337770, 103.1471718363012826, -14.78710325704907724 ) ) ;
#2056 = CARTESIAN_POINT ( 'NONE',  ( -15.32824612802379427, 120.2335948280772726, 7.999999999999229949 ) ) ;
#2057 = CARTESIAN_POINT ( 'NONE',  ( 14.34582160596031031, 104.0216723340565466, -17.59015067608418192 ) ) ;
#2058 = FACE_OUTER_BOUND ( 'NONE', #589, .T. ) ;
#2059 = ORIENTED_EDGE ( 'NONE', *, *, #3483, .T. ) ;
#2060 = CARTESIAN_POINT ( 'NONE',  ( -18.45111315156991338, 39.17677373054490886, -44.12274823977317340 ) ) ;
#2061 = LINE ( 'NONE', #2440, #2651 ) ;
#2062 = CARTESIAN_POINT ( 'NONE',  ( 14.18782809639229647, 102.5807007320238711, -19.57139202522895260 ) ) ;
#2063 = CARTESIAN_POINT ( 'NONE',  ( -16.08543897229274222, 29.18116280657104156, -57.09770976805730669 ) ) ;
#2064 = ORIENTED_EDGE ( 'NONE', *, *, #1520, .T. ) ;
#2065 = CARTESIAN_POINT ( 'NONE',  ( -18.95739588514156182, 60.74330393693627173, 0.1509236218665127582 ) ) ;
#2066 = FACE_OUTER_BOUND ( 'NONE', #1089, .T. ) ;
#2067 = CARTESIAN_POINT ( 'NONE',  ( 15.38978350476243939, 108.7464467500097385, -9.338552830428948681 ) ) ;
#2068 = CARTESIAN_POINT ( 'NONE',  ( -16.95827418740460502, 60.66913062096323017, -57.41555342542512363 ) ) ;
#2069 = CARTESIAN_POINT ( 'NONE',  ( -13.97274805978832823, 5.290454533942271276, 2.064815577916464751 ) ) ;
#2070 = CARTESIAN_POINT ( 'NONE',  ( 15.32726503287130804, 123.0918734224200790, -7.573098727546161868 ) ) ;
#2071 = CARTESIAN_POINT ( 'NONE',  ( -9.314056802837724192, 125.9563973090886719, -5.855891087042175869 ) ) ;
#2072 = CARTESIAN_POINT ( 'NONE',  ( 18.86397108754569629, 68.34623965429410930, 1.495187872067420320 ) ) ;
#2073 = EDGE_CURVE ( 'NONE', #1323, #4931, #776, .T. ) ;
#2074 = CARTESIAN_POINT ( 'NONE',  ( -21.50481532079390590, 45.02449172995815729, -48.76540200048551554 ) ) ;
#2075 = CARTESIAN_POINT ( 'NONE',  ( 12.69990360011237840, 40.35070619330424080, -69.55671705212803602 ) ) ;
#2076 = VERTEX_POINT ( 'NONE', #4166 ) ;
#2077 = CARTESIAN_POINT ( 'NONE',  ( 18.77389177174696400, 68.18197223693331921, -1.906751714468955194 ) ) ;
#2078 = CARTESIAN_POINT ( 'NONE',  ( 14.86843960849094515, 105.9906798801589218, -12.68326070266917327 ) ) ;
#2079 = CARTESIAN_POINT ( 'NONE',  ( 18.95565698816651334, 60.85858905452866452, 0.2713049652617870455 ) ) ;
#2080 = EDGE_CURVE ( 'NONE', #2271, #1681, #4403, .T. ) ;
#2081 = CARTESIAN_POINT ( 'NONE',  ( 15.95681968207301971, 6.908328331012048906, 2.774674732846040381 ) ) ;
#2082 = CARTESIAN_POINT ( 'NONE',  ( 18.77572896122235591, 68.12925781785072843, 1.113621878676031240 ) ) ;
#2083 = VERTEX_POINT ( 'NONE', #3683 ) ;
#2084 = CARTESIAN_POINT ( 'NONE',  ( 18.78769213500418900, 68.57053051502406049, -2.835415699330894324 ) ) ;
#2085 = VECTOR ( 'NONE', #4176, 1000.000000000000000 ) ;
#2086 = EDGE_CURVE ( 'NONE', #887, #4079, #3018, .T. ) ;
#2087 = CARTESIAN_POINT ( 'NONE',  ( 16.88102873497278722, 55.66813992579768211, -63.10462576254852252 ) ) ;
#2088 = CARTESIAN_POINT ( 'NONE',  ( -18.29958984239745234, 35.36999243469417564, -59.90622290258933447 ) ) ;
#2089 = ORIENTED_EDGE ( 'NONE', *, *, #3161, .F. ) ;
#2090 = CARTESIAN_POINT ( 'NONE',  ( 18.95575418584311578, 60.85243206770194746, -57.27070295594003824 ) ) ;
#2091 = CARTESIAN_POINT ( 'NONE',  ( -0.4201062667553120966, -0.001485301422578751574, 16.00391231965424410 ) ) ;
#2092 = CARTESIAN_POINT ( 'NONE',  ( -18.95672245378206711, 60.78974859593023439, 0.4870321419454556877 ) ) ;
#2093 = CARTESIAN_POINT ( 'NONE',  ( 17.73764866847260535, 24.04084794371665623, -7.875805736371930539E-16 ) ) ;
#2094 = CARTESIAN_POINT ( 'NONE',  ( 6.441017265960852001, 31.03647075200657923, -59.01854442233437226 ) ) ;
#2095 = CARTESIAN_POINT ( 'NONE',  ( -14.24501134719018047, 103.3991552751412115, -18.66174831679500201 ) ) ;
#2096 = CARTESIAN_POINT ( 'NONE',  ( 18.75718732144500933, 48.99293967586820031, -47.28257302134553441 ) ) ;
#2097 = CARTESIAN_POINT ( 'NONE',  ( 16.29958205924879877, 127.4414699632152548, -4.011212779307133935 ) ) ;
#2098 = CARTESIAN_POINT ( 'NONE',  ( -19.00000000000000000, 46.46038495710888583, -42.30595897444583642 ) ) ;
#2099 = ADVANCED_FACE ( 'NONE', ( #1163 ), #4708, .T. ) ;
#2100 = CARTESIAN_POINT ( 'NONE',  ( 17.72026814230934377, 23.79051645073702304, -41.46066319879361117 ) ) ;
#2101 = CARTESIAN_POINT ( 'NONE',  ( 9.529673592540140348, 109.4685519142230135, -15.19505061108996813 ) ) ;
#2102 = CARTESIAN_POINT ( 'NONE',  ( 16.95713751747387832, 62.12334739523710425, -58.79344387916549408 ) ) ;
#2103 = CARTESIAN_POINT ( 'NONE',  ( -16.93010864011387895, 15.31061472254488010, 1.912479645959748842 ) ) ;
#2104 = CARTESIAN_POINT ( 'NONE',  ( 11.95992217028703841, 41.54723177270575718, -37.87229762689020163 ) ) ;
#2105 = CARTESIAN_POINT ( 'NONE',  ( 14.93684923210773086, 107.2612680423694087, -11.14914851521712791 ) ) ;
#2106 = CARTESIAN_POINT ( 'NONE',  ( -16.95482001634954372, 62.28974017202617119, -58.63335116586625162 ) ) ;
#2107 =( BOUNDED_CURVE ( )  B_SPLINE_CURVE ( 3, ( #276, #1932, #2775, #1276 ),
 .UNSPECIFIED., .F., .T. ) 
 B_SPLINE_CURVE_WITH_KNOTS ( ( 4, 4 ),
 ( 1.579043554220923795, 1.745329251994333530 ),
 .UNSPECIFIED. ) 
 CURVE ( )  GEOMETRIC_REPRESENTATION_ITEM ( )  RATIONAL_B_SPLINE_CURVE ( ( 1.000000000000000000, 0.9976970826394533365, 0.9976970826394533365, 1.000000000000000000 ) ) 
 REPRESENTATION_ITEM ( '' )  );
#2108 = CARTESIAN_POINT ( 'NONE',  ( 10.21691328727014536, 127.3871006883591264, -4.102012681770106362 ) ) ;
#2109 = CARTESIAN_POINT ( 'NONE',  ( -7.258975485114632420, 108.5087950091342606, -16.47739617216809549 ) ) ;
#2110 = ORIENTED_EDGE ( 'NONE', *, *, #345, .T. ) ;
#2111 = CARTESIAN_POINT ( 'NONE',  ( 18.79193107266742757, 68.57752060219519308, -2.804179205361212457 ) ) ;
#2112 = CARTESIAN_POINT ( 'NONE',  ( -18.79723336096639130, 67.50000000000000000, -2.689885336606004707 ) ) ;
#2113 = ORIENTED_EDGE ( 'NONE', *, *, #3544, .T. ) ;
#2114 = CARTESIAN_POINT ( 'NONE',  ( -14.18782809639209574, 102.5807007320236863, -19.57139202522912669 ) ) ;
#2115 = CARTESIAN_POINT ( 'NONE',  ( -14.86880485497709437, 3.521642750095819618, 6.723908337851733030 ) ) ;
#2116 = CARTESIAN_POINT ( 'NONE',  ( -12.92509956861026588, 5.738808865499665401, 6.518760125318095788 ) ) ;
#2117 = AXIS2_PLACEMENT_3D ( 'NONE', #4992, #4591, #92 ) ;
#2118 = CIRCLE ( 'NONE', #4374, 783.5416666666671972 ) ;
#2119 = CARTESIAN_POINT ( 'NONE',  ( 12.66150770507543122, 62.28974017202617119, -58.63335116586625162 ) ) ;
#2120 = ORIENTED_EDGE ( 'NONE', *, *, #173, .F. ) ;
#2121 = CARTESIAN_POINT ( 'NONE',  ( -18.80340583054384140, 67.62190888132262501, -2.723917842198173123 ) ) ;
#2122 = CARTESIAN_POINT ( 'NONE',  ( 18.72344451566243961, 47.68320237411209206, -48.14777159707367815 ) ) ;
#2123 = CARTESIAN_POINT ( 'NONE',  ( 15.28841446649728120, 120.7643529633746908, -8.000000000000046185 ) ) ;
#2124 = CARTESIAN_POINT ( 'NONE',  ( 18.64333635297409941, 44.78886976859063651, -65.06093528956925809 ) ) ;
#2125 = CARTESIAN_POINT ( 'NONE',  ( 17.97173397875936729, 28.35939889240972533, -52.75220877965075772 ) ) ;
#2126 = CARTESIAN_POINT ( 'NONE',  ( 6.337950703355742732, 108.0030656091325909, -16.85108306917162579 ) ) ;
#2127 = CARTESIAN_POINT ( 'NONE',  ( -18.73358639236477430, 64.85999946999807264, 3.130969636765522424 ) ) ;
#2128 = CARTESIAN_POINT ( 'NONE',  ( -15.54000202267670794, 106.3447302855972367, -10.23673278577083678 ) ) ;
#2129 = CARTESIAN_POINT ( 'NONE',  ( -17.70397485865307985, 23.59218153220055569, 0.5851987570979849673 ) ) ;
#2130 = CARTESIAN_POINT ( 'NONE',  ( 11.43428990140690793, 39.16913196943671949, -44.12678350206153510 ) ) ;
#2131 = FACE_OUTER_BOUND ( 'NONE', #2167, .T. ) ;
#2132 = CARTESIAN_POINT ( 'NONE',  ( -17.72026814230936864, 23.79051645073699817, -41.46066319879356143 ) ) ;
#2133 = AXIS2_PLACEMENT_3D ( 'NONE', #1592, #342, #5317 ) ;
#2134 = CARTESIAN_POINT ( 'NONE',  ( -16.52633059293756190, 40.79067111274734714, -64.33633077557976776 ) ) ;
#2135 = ORIENTED_EDGE ( 'NONE', *, *, #1927, .F. ) ;
#2136 = EDGE_CURVE ( 'NONE', #4523, #1167, #2107, .T. ) ;
#2137 = CARTESIAN_POINT ( 'NONE',  ( -18.56994232627683417, 42.54265338174096911, -48.23153753153640366 ) ) ;
#2138 =( BOUNDED_SURFACE ( )  B_SPLINE_SURFACE ( 3, 2, ( 
 ( #1735, #1292, #2653 ),
 ( #1398, #955, #5101 ),
 ( #5021, #2189, #4237 ),
 ( #4720, #2547, #983 ) ),
 .UNSPECIFIED., .F., .F., .T. ) 
 B_SPLINE_SURFACE_WITH_KNOTS ( ( 4, 4 ),
 ( 3, 3 ),
 ( -1.734723475976807094E-17, 0.002110978868805445455 ),
 ( 0.000000000000000000, 1.000000000000000000 ),
 .UNSPECIFIED. ) 
 GEOMETRIC_REPRESENTATION_ITEM ( )  RATIONAL_B_SPLINE_SURFACE ( (
 ( 1.000000000000000000, 0.9854510941971889038, 1.000000000000000000),
 ( 1.000000000000000000, 0.9951321782650307535, 1.000000000000000000),
 ( 1.000000000000000000, 0.9999980789510755086, 1.000000000000000000),
 ( 1.000000000000000000, 1.000000000000000000, 1.000000000000000000) ) ) 
 REPRESENTATION_ITEM ( '' )  SURFACE ( )  );
#2139 = FACE_OUTER_BOUND ( 'NONE', #2699, .T. ) ;
#2140 = CARTESIAN_POINT ( 'NONE',  ( 12.76810326090436831, 103.0104225436560199, -19.15477808466976128 ) ) ;
#2141 = ORIENTED_EDGE ( 'NONE', *, *, #5312, .F. ) ;
#2142 = CARTESIAN_POINT ( 'NONE',  ( 18.67860271279101880, 68.56803411936539305, 3.578639378657299641 ) ) ;
#2143 = CARTESIAN_POINT ( 'NONE',  ( -7.077190576640925102, 1.623423291437918969, 11.72386402413124706 ) ) ;
#2144 = CARTESIAN_POINT ( 'NONE',  ( -15.73030880834858181, 104.9181299666899747, -11.69577204203677745 ) ) ;
#2145 = CARTESIAN_POINT ( 'NONE',  ( 11.87557941393129113, 36.87827547259223593, -62.93346968844283396 ) ) ;
#2146 = ORIENTED_EDGE ( 'NONE', *, *, #4825, .F. ) ;
#2147 = CARTESIAN_POINT ( 'NONE',  ( 18.78330278887899496, 68.44433916861568434, -2.808876076263674193 ) ) ;
#2148 = CARTESIAN_POINT ( 'NONE',  ( 18.95948793862146431, 60.53186362698455980, -57.54028336772453400 ) ) ;
#2149 = DIRECTION ( 'NONE',  ( 0.000000000000000000, 0.1736481776669343557, 0.9848077530122073542 ) ) ;
#2150 = CARTESIAN_POINT ( 'NONE',  ( -5.715796739975793628, 30.69225195574073695, -58.69417159525115579 ) ) ;
#2151 = CARTESIAN_POINT ( 'NONE',  ( -4.378681326488836234, 107.1019427452661716, -17.51718253576459361 ) ) ;
#2152 = CARTESIAN_POINT ( 'NONE',  ( 26.00000000000000711, 1.138941769344677502, 13.00000000000000355 ) ) ;
#2153 = CARTESIAN_POINT ( 'NONE',  ( -17.71061286906220644, 23.67303714850097762, 0.2139510166181549378 ) ) ;
#2154 = CARTESIAN_POINT ( 'NONE',  ( -14.09210619757587857, 104.4515808596210604, -16.58843169878405988 ) ) ;
#2155 = CARTESIAN_POINT ( 'NONE',  ( 14.70574604623212522, 105.0364368725790740, -14.49920852301635321 ) ) ;
#2156 = CARTESIAN_POINT ( 'NONE',  ( 12.66150770507543122, 68.47661643976901757, -23.54583226839271859 ) ) ;
#2157 = CARTESIAN_POINT ( 'NONE',  ( -14.18782809639209574, 102.5807007320236863, -19.57139202522912669 ) ) ;
#2158 = ORIENTED_EDGE ( 'NONE', *, *, #724, .T. ) ;
#2159 = ORIENTED_EDGE ( 'NONE', *, *, #1201, .T. ) ;
#2160 = FACE_OUTER_BOUND ( 'NONE', #207, .T. ) ;
#2161 = VERTEX_POINT ( 'NONE', #1107 ) ;
#2162 = CARTESIAN_POINT ( 'NONE',  ( 8.517813774242009472, 104.0000000000000000, -18.19538586296676286 ) ) ;
#2163 = CARTESIAN_POINT ( 'NONE',  ( 16.72444342887441593, 47.86951643831580583, -65.00598958784620152 ) ) ;
#2164 = CARTESIAN_POINT ( 'NONE',  ( -15.96400216958885565, 116.9299846217942189, -7.178211594122091199 ) ) ;
#2165 = DIRECTION ( 'NONE',  ( 0.000000000000000000, -1.000000000000000000, 1.760824983372224742E-15 ) ) ;
#2166 = CARTESIAN_POINT ( 'NONE',  ( 11.00573946073298082, 35.13734373668103217, -62.04102625557622019 ) ) ;
#2167 = EDGE_LOOP ( 'NONE', ( #4246, #1031, #5150 ) ) ;
#2168 = CARTESIAN_POINT ( 'NONE',  ( 16.79881180625941539, 14.05671136624381923, 2.066004991357820231 ) ) ;
#2169 = EDGE_CURVE ( 'NONE', #4334, #3829, #4249, .T. ) ;
#2170 = EDGE_CURVE ( 'NONE', #417, #1914, #3850, .T. ) ;
#2171 = CARTESIAN_POINT ( 'NONE',  ( 18.65998073474526109, 45.41588773719706751, -36.76540200048550844 ) ) ;
#2172 = EDGE_CURVE ( 'NONE', #933, #1093, #3267, .T. ) ;
#2173 = ADVANCED_FACE ( 'NONE', ( #1186 ), #4878, .T. ) ;
#2174 = CARTESIAN_POINT ( 'NONE',  ( 18.94385393042773558, 68.53674829029094440, 1.512487024849066275 ) ) ;
#2175 = CARTESIAN_POINT ( 'NONE',  ( 17.89828919428847342, 26.96376431253756323, -49.66754663951228110 ) ) ;
#2176 = CARTESIAN_POINT ( 'NONE',  ( 10.87765444585017249, 109.8137418287469984, -14.23909169344152303 ) ) ;
#2177 = CARTESIAN_POINT ( 'NONE',  ( -18.95646773306642530, 60.49918920014579982, 0.3563508832863910292 ) ) ;
#2178 = ORIENTED_EDGE ( 'NONE', *, *, #1844, .F. ) ;
#2179 = CARTESIAN_POINT ( 'NONE',  ( -15.75711456596338245, 104.7140021482461805, -11.96098980863144234 ) ) ;
#2180 = CARTESIAN_POINT ( 'NONE',  ( -17.70086057781231403, 23.55477596341603430, 0.3064724951123161678 ) ) ;
#2181 = AXIS2_PLACEMENT_3D ( 'NONE', #4752, #1869, #4346 ) ;
#2182 = CARTESIAN_POINT ( 'NONE',  ( -13.54615496932850505, 104.1280361638738299, -18.07125520605884006 ) ) ;
#2183 = CARTESIAN_POINT ( 'NONE',  ( 18.25722576141436093, 34.36653364961141932, -61.58708383454047208 ) ) ;
#2184 = CARTESIAN_POINT ( 'NONE',  ( -21.50481532079390590, 45.02449172995815729, -36.76540200048550133 ) ) ;
#2185 = CARTESIAN_POINT ( 'NONE',  ( 18.84743336017333348, 68.37207338441652382, 1.882382105359855728 ) ) ;
#2186 = ORIENTED_EDGE ( 'NONE', *, *, #3834, .F. ) ;
#2187 = CARTESIAN_POINT ( 'NONE',  ( -16.17303139721888527, 101.4313901476460558, -18.13544762992045634 ) ) ;
#2188 = VERTEX_POINT ( 'NONE', #2917 ) ;
#2189 = CARTESIAN_POINT ( 'NONE',  ( -18.71441794061847830, 67.66373745366480819, 3.358614809309729665 ) ) ;
#2190 = CARTESIAN_POINT ( 'NONE',  ( 8.517813774242009472, 104.0000000000000000, -18.19538586296676286 ) ) ;
#2191 = ORIENTED_EDGE ( 'NONE', *, *, #646, .F. ) ;
#2192 = CARTESIAN_POINT ( 'NONE',  ( -12.68989315804689255, 49.61018240490526665, -46.63469664340221499 ) ) ;
#2193 = CARTESIAN_POINT ( 'NONE',  ( -12.69277868210545179, 47.81828103690574494, -48.26740408410488925 ) ) ;
#2194 = CARTESIAN_POINT ( 'NONE',  ( -17.72026814230980207, 23.79051645074248000, 0.04658394683571409622 ) ) ;
#2195 = CARTESIAN_POINT ( 'NONE',  ( 14.18782809639218279, 102.5807007320236579, -19.57139202522915511 ) ) ;
#2196 = ADVANCED_FACE ( 'NONE', ( #4220 ), #4542, .F. ) ;
#2197 = DIRECTION ( 'NONE',  ( -0.02910935306756106192, -0.3547791700199564580, 0.9344968625329562739 ) ) ;
#2198 = CARTESIAN_POINT ( 'NONE',  ( 17.71187775647407392, 23.68840453422956926, 0.1994947706327873937 ) ) ;
#2199 = CARTESIAN_POINT ( 'NONE',  ( -18.95928650004823979, 60.61563331763819917, -57.47809294595145957 ) ) ;
#2200 = CARTESIAN_POINT ( 'NONE',  ( 10.22276624148232216, 127.3958131959399509, 4.087833598971063687 ) ) ;
#2201 = CARTESIAN_POINT ( 'NONE',  ( 18.79420274687431913, 68.58229326886879562, -2.788866954810861554 ) ) ;
#2202 = CARTESIAN_POINT ( 'NONE',  ( 18.50981717833368734, 40.78570285475263546, -62.28002581921427350 ) ) ;
#2203 = CARTESIAN_POINT ( 'NONE',  ( -17.72710849922481557, 23.87388539897432338, -41.63633984983497527 ) ) ;
#2204 = CARTESIAN_POINT ( 'NONE',  ( 18.45260866340220574, 39.21665857181186254, -41.20877447180386355 ) ) ;
#2205 = B_SPLINE_CURVE_WITH_KNOTS ( 'NONE', 3,
 ( #2175, #3839, #2125, #109, #1770, #3026, #188, #2665, #655, #3570, #4324, #4405, #2313, #3490, #1075, #3972, #1818, #2744, #4302, #4380, #239, #1845, #4730, #1410, #3076, #2259, #213, #679, #5140, #1873, #5167, #1898, #165, #2338, #4707, #5216 ),
 .UNSPECIFIED., .F., .F.,
 ( 4, 2, 2, 2, 2, 2, 2, 2, 2, 2, 2, 2, 2, 2, 2, 2, 2, 4 ),
 ( 0.000000000000000000, 0.005067150489943738657, 0.006333938112429668768, 0.007600725734915599746, 0.01013430097988747558, 0.01140108860237342044, 0.01266787622485936703, 0.01520145146983124113, 0.01773502671480311696, 0.01900181433728906355, 0.02026860195977501361, 0.02533575244971878956, 0.02786932769469068275, 0.03040290293966258287, 0.03293647818463447952, 0.03420326580712042958, 0.03547005342960637964, 0.04053720391955023539 ),
 .UNSPECIFIED. ) ;
#2206 = CARTESIAN_POINT ( 'NONE',  ( 16.80406344655501272, 96.09207343548817448, -7.838531069792181505 ) ) ;
#2207 = EDGE_LOOP ( 'NONE', ( #4316, #633, #2186, #664, #2601 ) ) ;
#2208 = CIRCLE ( 'NONE', #2811, 783.5416666666671972 ) ;
#2209 = DIRECTION ( 'NONE',  ( 0.000000000000000000, 0.000000000000000000, 1.000000000000000000 ) ) ;
#2210 = CARTESIAN_POINT ( 'NONE',  ( 16.95872992813992042, 61.81913949715121959, -59.07679321938471162 ) ) ;
#2211 = CARTESIAN_POINT ( 'NONE',  ( -11.02525590863633731, 103.4832952470231788, -18.69632949071913686 ) ) ;
#2212 = CARTESIAN_POINT ( 'NONE',  ( -18.79090660989168171, 67.67635509638571989, -2.846976797254997749 ) ) ;
#2213 = CARTESIAN_POINT ( 'NONE',  ( 0.7478013973520581947, 102.3168615217739017, -19.82718330712543775 ) ) ;
#2214 = CARTESIAN_POINT ( 'NONE',  ( 18.48190010755568125, 68.55013408212774095, 4.406734331292754270 ) ) ;
#2215 = EDGE_LOOP ( 'NONE', ( #2524, #2438, #2679, #4222 ) ) ;
#2216 = CARTESIAN_POINT ( 'NONE',  ( -16.02341353047481931, 102.6386799511184620, -16.32852963820586112 ) ) ;
#2217 = B_SPLINE_CURVE_WITH_KNOTS ( 'NONE', 3,
 ( #2045, #1076, #5244, #4515, #4834, #3705, #4085, #356, #1101, #2768, #1957, #3679, #5360, #4432, #788, #2450, #4459, #1553, #4115, #2745 ),
 .UNSPECIFIED., .F., .F.,
 ( 4, 2, 2, 2, 2, 2, 2, 2, 2, 4 ),
 ( 9.733406510743934602E-17, 0.004555302757679137969, 0.006832954136518659682, 0.009110605515358182263, 0.01138825689419770137, 0.01252708258361746180, 0.01366590827303722049, 0.01594355965187674307, 0.01708238534129650349, 0.01822121103071626391 ),
 .UNSPECIFIED. ) ;
#2218 = VECTOR ( 'NONE', #1653, 1000.000000000000227 ) ;
#2219 = CARTESIAN_POINT ( 'NONE',  ( 0.000000000000000000, 40.30197514467300834, -69.54812445345613980 ) ) ;
#2220 = CARTESIAN_POINT ( 'NONE',  ( -15.52890169643222329, 106.5479591894809204, -9.429326693836385331 ) ) ;
#2221 = EDGE_LOOP ( 'NONE', ( #4664, #584, #1884, #2110, #4502, #5381, #3110, #3609, #2942 ) ) ;
#2222 = DIRECTION ( 'NONE',  ( 0.000000000000000000, 0.000000000000000000, -1.000000000000000000 ) ) ;
#2223 = CARTESIAN_POINT ( 'NONE',  ( 16.84267789958571626, 53.38229358769876853, -64.01378682363558426 ) ) ;
#2224 = CARTESIAN_POINT ( 'NONE',  ( -17.76327836202746724, 112.5006514800564759, 0.5419674505059667302 ) ) ;
#2225 = PLANE ( 'NONE',  #2445 ) ;
#2226 = CARTESIAN_POINT ( 'NONE',  ( -18.83605345520710728, 66.29102949957722046, 1.681216238232440707 ) ) ;
#2227 = CARTESIAN_POINT ( 'NONE',  ( -18.95805464026527787, 60.69876405404755815, -57.41555342542512363 ) ) ;
#2228 = CARTESIAN_POINT ( 'NONE',  ( 10.60589611573803204, 127.9492020405057247, -2.928913027554271853 ) ) ;
#2229 = CARTESIAN_POINT ( 'NONE',  ( -7.756558405017215385, 105.6423867037235453, -16.41747993223799895 ) ) ;
#2230 = CARTESIAN_POINT ( 'NONE',  ( 16.80140517618703200, 51.28829236597444208, -64.54754608126451387 ) ) ;
#2231 = CARTESIAN_POINT ( 'NONE',  ( 12.67592189036732542, 55.52427987964737355, -54.39354621961804526 ) ) ;
#2232 = CARTESIAN_POINT ( 'NONE',  ( 0.000000000000000000, 11.00977043699427682, -13.00000000000000178 ) ) ;
#2233 = CARTESIAN_POINT ( 'NONE',  ( 15.98912982920200676, 103.0394715396758158, -8.841306703186960547 ) ) ;
#2234 = ORIENTED_EDGE ( 'NONE', *, *, #3038, .F. ) ;
#2235 = CARTESIAN_POINT ( 'NONE',  ( -16.10067233209479909, 102.0197120385345499, -17.48803475051138889 ) ) ;
#2236 = B_SPLINE_CURVE_WITH_KNOTS ( 'NONE', 3,
 ( #1296, #4057, #4433, #1987, #4159, #430, #2364, #5304, #3316, #1239, #2910, #4568, #3753, #19 ),
 .UNSPECIFIED., .F., .F.,
 ( 4, 2, 2, 2, 2, 2, 4 ),
 ( 0.02735429349917466862, 0.02944918677460814371, 0.03154408005004161880, 0.03573386660090856204, 0.03782875987634201631, 0.03992365315177547752, 0.04411343970264240688 ),
 .UNSPECIFIED. ) ;
#2237 = CARTESIAN_POINT ( 'NONE',  ( -15.35199214265566958, 123.3395400363795460, -7.483669058112504935 ) ) ;
#2238 = CARTESIAN_POINT ( 'NONE',  ( -12.08206384119552723, 103.2203952781765963, -18.95121018103845145 ) ) ;
#2239 = CARTESIAN_POINT ( 'NONE',  ( 18.04493357223921635, 29.82409593749495968, -54.83095160460219120 ) ) ;
#2240 = VERTEX_POINT ( 'NONE', #3380 ) ;
#2241 = CARTESIAN_POINT ( 'NONE',  ( 0.5570609795120281538, 106.3331408931237121, -18.08590425930509227 ) ) ;
#2242 = ORIENTED_EDGE ( 'NONE', *, *, #4692, .F. ) ;
#2243 = CARTESIAN_POINT ( 'NONE',  ( -10.50496213603842044, 104.2580753901874431, -17.85193324390771963 ) ) ;
#2244 = EDGE_CURVE ( 'NONE', #832, #147, #2043, .T. ) ;
#2245 = ORIENTED_EDGE ( 'NONE', *, *, #1506, .T. ) ;
#2246 = CARTESIAN_POINT ( 'NONE',  ( 0.000000000000000000, 49.01839981629770904, -20.11482368120467257 ) ) ;
#2247 = CARTESIAN_POINT ( 'NONE',  ( -18.09882924461960130, 81.81415467299123634, -5.466337527134888852 ) ) ;
#2248 = VERTEX_POINT ( 'NONE', #25 ) ;
#2249 = CARTESIAN_POINT ( 'NONE',  ( 15.40023802088416716, 107.6624094029756975, -9.690001626534554546 ) ) ;
#2250 = CARTESIAN_POINT ( 'NONE',  ( -10.39767442675491793, 113.3492218483893055, 3.625559555718603555 ) ) ;
#2251 = CARTESIAN_POINT ( 'NONE',  ( -18.79674197947176850, 67.53377640471263987, -2.733194137429212134 ) ) ;
#2252 = EDGE_CURVE ( 'NONE', #852, #4441, #2280, .T. ) ;
#2253 = EDGE_CURVE ( 'NONE', #4180, #852, #4761, .T. ) ;
#2254 = EDGE_CURVE ( 'NONE', #1738, #615, #5208, .T. ) ;
#2255 = CARTESIAN_POINT ( 'NONE',  ( -18.95575418584310867, 60.85243206770194746, -57.27070295594003824 ) ) ;
#2256 = CARTESIAN_POINT ( 'NONE',  ( 18.76275836162453814, 68.50000000000000000, -3.234672217936558791 ) ) ;
#2257 = CARTESIAN_POINT ( 'NONE',  ( 18.97260181454020511, 61.80788317485043137, -59.08710177581766487 ) ) ;
#2258 = CARTESIAN_POINT ( 'NONE',  ( -10.82503095146299721, 105.0941916106449980, -14.60482498879409086 ) ) ;
#2259 = CARTESIAN_POINT ( 'NONE',  ( 18.78191186090855069, 49.99554013730365654, -62.75256135128127966 ) ) ;
#2260 = ADVANCED_FACE ( 'NONE', ( #3447 ), #2138, .T. ) ;
#2261 = CARTESIAN_POINT ( 'NONE',  ( -26.00000000000000711, 1.138941769344677502, 13.00000000000000355 ) ) ;
#2262 = CARTESIAN_POINT ( 'NONE',  ( 18.45424565931582350, 77.01075921175628025, -4.341866113328103793 ) ) ;
#2263 = CARTESIAN_POINT ( 'NONE',  ( -15.30825329149305425, 120.4999999999767084, 8.000000000000003553 ) ) ;
#2264 = CARTESIAN_POINT ( 'NONE',  ( -13.14808871688121705, 104.0510050052740354, -18.14593667127987331 ) ) ;
#2265 = ADVANCED_FACE ( 'NONE', ( #2160 ), #5046, .F. ) ;
#2266 = CARTESIAN_POINT ( 'NONE',  ( 18.77977591588164685, 68.02866537276771908, 3.097434496026268302 ) ) ;
#2267 = ORIENTED_EDGE ( 'NONE', *, *, #1640, .F. ) ;
#2268 = ORIENTED_EDGE ( 'NONE', *, *, #89, .T. ) ;
#2269 = CARTESIAN_POINT ( 'NONE',  ( 13.28676703044043528, 104.4513969777225100, -17.01421497346239065 ) ) ;
#2270 = CARTESIAN_POINT ( 'NONE',  ( -18.79062591815970151, 67.68483633425985602, -2.810269091839366684 ) ) ;
#2271 = VERTEX_POINT ( 'NONE', #68 ) ;
#2272 = B_SPLINE_CURVE_WITH_KNOTS ( 'NONE', 3,
 ( #3311, #3224, #1145, #4562, #2818, #4968, #4478, #754, #2901, #1628, #2439, #5323, #348, #1597, #2409, #856, #3254, #4939, #4505, #2874, #830, #425, #4532, #2060, #779, #802, #2464, #14, #3724, #1652, #3749, #3342, #2521, #4621, #1291, #480, #2137, #2958, #3802, #1711, #882, #3368 ),
 .UNSPECIFIED., .F., .F.,
 ( 4, 2, 2, 2, 2, 2, 2, 2, 2, 2, 2, 2, 2, 2, 2, 2, 2, 2, 2, 2, 4 ),
 ( 0.01876206205257303222, 0.01993454116004835658, 0.02052078071378601876, 0.02110702026752368093, 0.02227949937499899835, 0.02345197848247431230, 0.02462445758994962625, 0.02579693669742494366, 0.02638317625116260584, 0.02696941580490026802, 0.02814189491237559237, 0.02931437401985091673, 0.02990061357358857891, 0.03048685312732624109, 0.03165933223480156544, 0.03283181134227688980, 0.03400429044975221415, 0.03459053000348986939, 0.03517676955722752463, 0.03634924866470283511, 0.03752172777217815253 ),
 .UNSPECIFIED. ) ;
#2273 = CARTESIAN_POINT ( 'NONE',  ( -12.71266779437400807, 61.33661390693600168, -59.51848629906779564 ) ) ;
#2274 = CARTESIAN_POINT ( 'NONE',  ( 17.01239993938016326, 16.10591555273579800, 1.813447680521487193 ) ) ;
#2275 = CARTESIAN_POINT ( 'NONE',  ( -18.79776262852604773, 67.46746916854453957, -2.682296341616149160 ) ) ;
#2276 = ORIENTED_EDGE ( 'NONE', *, *, #5138, .F. ) ;
#2277 =( BOUNDED_SURFACE ( )  B_SPLINE_SURFACE ( 3, 2, ( 
 ( #1525, #705, #297 ),
 ( #680, #3203, #4860 ),
 ( #735, #2389, #4056 ),
 ( #490, #4948, #2067 ),
 ( #2555, #5002, #459 ),
 ( #1301, #24, #4573 ) ),
 .UNSPECIFIED., .F., .F., .F. ) 
 B_SPLINE_SURFACE_WITH_KNOTS ( ( 4, 2, 4 ),
 ( 3, 3 ),
 ( -6.665241275571887059E-15, 0.002017934654728099735, 0.004035869309462865144 ),
 ( 0.000000000000000000, 1.000000000000000000 ),
 .UNSPECIFIED. ) 
 GEOMETRIC_REPRESENTATION_ITEM ( )  RATIONAL_B_SPLINE_SURFACE ( (
 ( 1.000000000000000000, 0.9389159281106299604, 1.000000000000000000),
 ( 1.000000000000000000, 0.9583266451876311098, 1.000000000000000000),
 ( 1.000000000000000000, 0.9736576023005096836, 1.000000000000000000),
 ( 1.000000000000000000, 0.9944942931993479007, 1.000000000000000000),
 ( 1.000000000000000000, 1.000007130870650851, 1.000000000000000000),
 ( 1.000000000000000000, 1.000000000000000000, 1.000000000000000000) ) ) 
 REPRESENTATION_ITEM ( '' )  SURFACE ( )  );
#2278 = CARTESIAN_POINT ( 'NONE',  ( -18.71754184261486031, 47.44621565251916451, -63.03781019963447818 ) ) ;
#2279 = CARTESIAN_POINT ( 'NONE',  ( 12.62860413911353596, 4.559493458837525992, 10.46857725123031457 ) ) ;
#2280 = CIRCLE ( 'NONE', #2985, 2.000000000000000888 ) ;
#2281 = CARTESIAN_POINT ( 'NONE',  ( 18.84385243369712981, 68.36280288285163920, 1.883913567287523350 ) ) ;
#2282 = CARTESIAN_POINT ( 'NONE',  ( -18.97260181454020511, 61.80788317485043137, -59.08710177581766487 ) ) ;
#2283 = B_SPLINE_CURVE_WITH_KNOTS ( 'NONE', 3,
 ( #4271, #3967, #1041, #4703, #3861, #1838, #4775, #597, #2629, #621, #160, #937, #1406, #2279, #5186, #1459, #3071, #3117 ),
 .UNSPECIFIED., .F., .F.,
 ( 4, 2, 2, 2, 2, 2, 2, 2, 4 ),
 ( 0.01822121103071626391, 0.02049461473303226464, 0.02276801843534826536, 0.02731482583998027028, 0.02845152769113827584, 0.02958822954229627794, 0.03186163324461228907, 0.03413503694692830714, 0.03640844064924431828 ),
 .UNSPECIFIED. ) ;
#2284 = CARTESIAN_POINT ( 'NONE',  ( -6.812022333591529311, 108.2633756099162952, -16.65873823763456585 ) ) ;
#2285 = CARTESIAN_POINT ( 'NONE',  ( 12.69797024457866286, 45.02449172995815729, -48.76540200048551554 ) ) ;
#2286 = CARTESIAN_POINT ( 'NONE',  ( -18.80424607162050066, 50.98628145619126428, -43.54838151273033020 ) ) ;
#2287 = CARTESIAN_POINT ( 'NONE',  ( 17.73764866847260535, 24.04084794371665623, -7.875805736371930539E-16 ) ) ;
#2288 = CARTESIAN_POINT ( 'NONE',  ( -16.00606062048674261, 102.7766034288937789, -15.90970438152598199 ) ) ;
#2289 = CARTESIAN_POINT ( 'NONE',  ( -16.67801591638753322, 128.4474247155577018, -1.055687827757967989 ) ) ;
#2290 = CARTESIAN_POINT ( 'NONE',  ( 7.565141815967003858, 119.9486907761312011, 7.985629235255641056 ) ) ;
#2291 = B_SPLINE_CURVE_WITH_KNOTS ( 'NONE', 3,
 ( #3058, #2171, #867, #817, #437, #3836, #1305, #1744, #4142, #2972, #2532, #4195, #5056, #2944, #56, #4951, #1248, #412, #78, #1328, #4576, #840, #106, #3410, #5004, #3382, #3295, #2918, #463, #1722, #3353, #2096, #3814, #3000, #1217, #2122, #4632, #3787, #4248, #4653, #4978, #2504 ),
 .UNSPECIFIED., .F., .F.,
 ( 4, 2, 2, 2, 2, 2, 2, 2, 2, 2, 2, 2, 2, 2, 2, 2, 2, 2, 2, 2, 4 ),
 ( 0.01876383367376659519, 0.01993619403778037688, 0.02052237421978726772, 0.02110855440179415857, 0.02228091476580794719, 0.02345327512982173582, 0.02462563549383552097, 0.02579799585784930960, 0.02638417603985621779, 0.02697035622186312598, 0.02814271658587692154, 0.02931507694989071711, 0.02990125713189760448, 0.03048743731390449185, 0.03165979767791826660, 0.03283215804193203441, 0.03400451840594580916, 0.03459069858795268959, 0.03517687876995957696, 0.03634923913397335171, 0.03752159949798714034 ),
 .UNSPECIFIED. ) ;
#2292 = AXIS2_PLACEMENT_3D ( 'NONE', #762, #1183, #4457 ) ;
#2293 = CIRCLE ( 'NONE', #642, 1.999999999999999778 ) ;
#2294 = CARTESIAN_POINT ( 'NONE',  ( -2.208692633588708265, 104.1366247687261222, -18.06292858075342522 ) ) ;
#2295 = ORIENTED_EDGE ( 'NONE', *, *, #4820, .T. ) ;
#2296 = VERTEX_POINT ( 'NONE', #96 ) ;
#2297 = CARTESIAN_POINT ( 'NONE',  ( 13.45883310989236925, 104.1036420228298596, -18.09490524883483431 ) ) ;
#2298 = CARTESIAN_POINT ( 'NONE',  ( -18.66183605144968993, 71.20596983253136614, -3.572259219434894995 ) ) ;
#2299 = VERTEX_POINT ( 'NONE', #4314 ) ;
#2300 = DIRECTION ( 'NONE',  ( -0.01927796305731115795, 0.5557232914391643241, -0.8311437802765431204 ) ) ;
#2301 = CARTESIAN_POINT ( 'NONE',  ( 17.66598881000692955, 23.13503958402518279, 0.9128491861977502397 ) ) ;
#2302 = DIRECTION ( 'NONE',  ( -3.347878427938975060E-19, -1.000000000000000000, -0.000000000000000000 ) ) ;
#2303 = CARTESIAN_POINT ( 'NONE',  ( -16.38987925606356555, 115.6327844430249456, 6.369660964430507555 ) ) ;
#2304 = EDGE_CURVE ( 'NONE', #147, #2758, #2711, .T. ) ;
#2305 = ORIENTED_EDGE ( 'NONE', *, *, #4014, .T. ) ;
#2306 = CARTESIAN_POINT ( 'NONE',  ( -16.77149449214565635, 49.90019297836006018, -64.79009499932139704 ) ) ;
#2307 = CARTESIAN_POINT ( 'NONE',  ( -16.95827418740460502, 62.03924378791166561, -58.87253314723134423 ) ) ;
#2308 = CARTESIAN_POINT ( 'NONE',  ( 15.72696641525869765, 22.08427921774210390, -42.17052235372312197 ) ) ;
#2309 = CARTESIAN_POINT ( 'NONE',  ( 16.34357102279033924, 35.49681203124990247, -62.26212317429030207 ) ) ;
#2310 = CARTESIAN_POINT ( 'NONE',  ( 16.95872992813992042, 61.81913949715121959, -59.07679321938471162 ) ) ;
#2311 =( BOUNDED_SURFACE ( )  B_SPLINE_SURFACE ( 3, 2, ( 
 ( #346, #692, #1172 ),
 ( #3612, #800, #398 ),
 ( #1232, #3279, #1539 ),
 ( #2350, #4099, #4937 ) ),
 .UNSPECIFIED., .F., .F., .F. ) 
 B_SPLINE_SURFACE_WITH_KNOTS ( ( 4, 4 ),
 ( 3, 3 ),
 ( 1.514024561931470059, 1.517760584134073110 ),
 ( 0.000000000000000000, 1.000000000000000000 ),
 .UNSPECIFIED. ) 
 GEOMETRIC_REPRESENTATION_ITEM ( )  RATIONAL_B_SPLINE_SURFACE ( (
 ( 1.000000000000000000, 0.7256193980656476805, 1.000000000000000000),
 ( 1.000000000000000000, 0.7252189179152280785, 1.000000000000000000),
 ( 1.000000000000000000, 0.7248180637013007521, 1.000000000000000000),
 ( 1.000000000000000000, 0.7244168363624170492, 1.000000000000000000) ) ) 
 REPRESENTATION_ITEM ( '' )  SURFACE ( )  );
#2312 = CARTESIAN_POINT ( 'NONE',  ( -15.24396863687371351, 104.0000000000000000, -18.19538586296676286 ) ) ;
#2313 = CARTESIAN_POINT ( 'NONE',  ( 18.25567559989269029, 34.35343069122043858, -59.21432331770076019 ) ) ;
#2314 = CARTESIAN_POINT ( 'NONE',  ( -18.79823517461938920, 50.71899363980890030, -40.83480657437443995 ) ) ;
#2315 = CARTESIAN_POINT ( 'NONE',  ( 18.77213717346511146, 68.23128653884650419, -3.170359198888386132 ) ) ;
#2316 = CARTESIAN_POINT ( 'NONE',  ( -15.72696641525869765, 22.08427921774210390, -42.17052235372312197 ) ) ;
#2317 = CARTESIAN_POINT ( 'NONE',  ( -16.49877023525282738, 127.9855890085198382, 2.834589593821446485 ) ) ;
#2318 = CARTESIAN_POINT ( 'NONE',  ( 7.996916875357793053, 117.8526511510294483, 7.553899457378946636 ) ) ;
#2319 = CARTESIAN_POINT ( 'NONE',  ( -16.95598576112020694, 62.20684864630617028, -58.71371423852018268 ) ) ;
#2320 = CARTESIAN_POINT ( 'NONE',  ( -11.22514245164515856, 39.01374632006098153, -42.64494236479952605 ) ) ;
#2321 = CARTESIAN_POINT ( 'NONE',  ( -9.628772930001023411, 126.4773928148905071, 5.323090696564616309 ) ) ;
#2322 = ORIENTED_EDGE ( 'NONE', *, *, #1370, .T. ) ;
#2323 = DIRECTION ( 'NONE',  ( 0.000000000000000000, 0.7071067811865462405, -0.7071067811865487940 ) ) ;
#2324 = CARTESIAN_POINT ( 'NONE',  ( 9.286793590114116981, 103.9904759016061320, -18.20461944863713555 ) ) ;
#2325 = CARTESIAN_POINT ( 'NONE',  ( -18.70385161140876917, 46.95623547489050509, -37.07126272047041482 ) ) ;
#2326 = ORIENTED_EDGE ( 'NONE', *, *, #4458, .F. ) ;
#2327 = CARTESIAN_POINT ( 'NONE',  ( 18.77005567579529099, 68.53948478107794529, -3.009555703959952311 ) ) ;
#2328 = CARTESIAN_POINT ( 'NONE',  ( 17.39731655461514848, 20.07455850265697350, 1.228887872977671547 ) ) ;
#2329 = ORIENTED_EDGE ( 'NONE', *, *, #507, .F. ) ;
#2330 = EDGE_CURVE ( 'NONE', #3265, #5369, #2377, .T. ) ;
#2331 = CARTESIAN_POINT ( 'NONE',  ( -16.80983213500631024, 51.71773966986089022, -64.43567244874714106 ) ) ;
#2332 = CARTESIAN_POINT ( 'NONE',  ( -18.55185391778200099, 41.99997706573087441, -62.58082505613938906 ) ) ;
#2333 = CARTESIAN_POINT ( 'NONE',  ( 18.93758530690995201, 60.93651825201506256, 1.009090172887007419 ) ) ;
#2334 = CARTESIAN_POINT ( 'NONE',  ( -10.84240001410060295, 112.7180283913325951, 1.874880829004482496 ) ) ;
#2335 = CARTESIAN_POINT ( 'NONE',  ( 14.35996706605284245, 5.362545644920808208, 8.062157489493376517 ) ) ;
#2336 = ADVANCED_FACE ( 'NONE', ( #884 ), #4288, .F. ) ;
#2337 = DIRECTION ( 'NONE',  ( 0.8679660116767606848, -0.3565619393039571317, -0.3456856751642141679 ) ) ;
#2338 = CARTESIAN_POINT ( 'NONE',  ( 18.92859232218225074, 57.81876929039637503, -59.72377878341146129 ) ) ;
#2339 = CARTESIAN_POINT ( 'NONE',  ( 18.90739903705070901, 61.59990464211797701, 1.539859766481085135 ) ) ;
#2340 = CARTESIAN_POINT ( 'NONE',  ( -12.76810326090456726, 103.0104225436559062, -19.15477808466988208 ) ) ;
#2341 = CARTESIAN_POINT ( 'NONE',  ( 15.18430903753778693, 108.9902689226890260, -9.692836472959015737 ) ) ;
#2342 =( BOUNDED_CURVE ( )  B_SPLINE_CURVE ( 3, ( #3843, #2152, #5091, #3007 ),
 .UNSPECIFIED., .F., .F. ) 
 B_SPLINE_CURVE_WITH_KNOTS ( ( 4, 4 ),
 ( 0.000000000000000000, 3.141592653589793116 ),
 .UNSPECIFIED. ) 
 CURVE ( )  GEOMETRIC_REPRESENTATION_ITEM ( )  RATIONAL_B_SPLINE_CURVE ( ( 1.000000000000000000, 0.3333333333333333703, 0.3333333333333333703, 1.000000000000000000 ) ) 
 REPRESENTATION_ITEM ( '' )  );
#2343 = AXIS2_PLACEMENT_3D ( 'NONE', #2713, #4705, #1408 ) ;
#2344 = CARTESIAN_POINT ( 'NONE',  ( 10.79055525522981540, 112.7903112487260557, 2.152322712876364896 ) ) ;
#2345 = CARTESIAN_POINT ( 'NONE',  ( 15.80171544446573328, 104.3725242889089202, -12.44726102569730131 ) ) ;
#2346 = CARTESIAN_POINT ( 'NONE',  ( -11.00065739983021373, 128.5009039253560559, -0.5382393670448186729 ) ) ;
#2347 = CARTESIAN_POINT ( 'NONE',  ( 6.475498579838737889, 1.485669859066294007, 12.08670987651651529 ) ) ;
#2348 = ORIENTED_EDGE ( 'NONE', *, *, #4672, .T. ) ;
#2349 = CARTESIAN_POINT ( 'NONE',  ( 14.21944567369648738, 104.4489314197664811, -16.49906207597445373 ) ) ;
#2350 = CARTESIAN_POINT ( 'NONE',  ( -17.89828919428864751, 26.96376431253698769, -49.66754663951075344 ) ) ;
#2351 = ORIENTED_EDGE ( 'NONE', *, *, #267, .F. ) ;
#2352 = CARTESIAN_POINT ( 'NONE',  ( -12.66150770507543122, 62.28974017202614988, -58.63335116586629425 ) ) ;
#2353 = CARTESIAN_POINT ( 'NONE',  ( 17.55566682073251883, 21.84478327912504270, 0.8766069866819214962 ) ) ;
#2354 = VECTOR ( 'NONE', #4470, 1000.000000000000114 ) ;
#2355 = ORIENTED_EDGE ( 'NONE', *, *, #4898, .F. ) ;
#2356 = CARTESIAN_POINT ( 'NONE',  ( -16.71815385417800570, 47.59572897052932205, -65.03717931695508980 ) ) ;
#2357 = CARTESIAN_POINT ( 'NONE',  ( -18.95862431618455801, 60.44783056776785202, -57.60184944659256701 ) ) ;
#2358 = CARTESIAN_POINT ( 'NONE',  ( 18.95249873153310460, 61.06539285676344520, 0.7432681431102577951 ) ) ;
#2359 = CARTESIAN_POINT ( 'NONE',  ( 16.04268790187396831, 28.22384952312593853, -55.90413798050217054 ) ) ;
#2360 = CARTESIAN_POINT ( 'NONE',  ( 14.54685161532149174, 3.270696407958894714, 7.384907035666151032 ) ) ;
#2361 = DIRECTION ( 'NONE',  ( -0.3799880634028982018, -0.9249913900525318367, 1.063217614308365002E-14 ) ) ;
#2362 = EDGE_CURVE ( 'NONE', #3812, #22, #3343, .T. ) ;
#2363 = FACE_OUTER_BOUND ( 'NONE', #3084, .T. ) ;
#2364 = CARTESIAN_POINT ( 'NONE',  ( -16.84262460778999682, 53.38021174550839731, -64.01367869799369714 ) ) ;
#2365 = CARTESIAN_POINT ( 'NONE',  ( -13.16715041028061250, 4.751895169272024155, 9.891583365101364933 ) ) ;
#2366 = CARTESIAN_POINT ( 'NONE',  ( -18.87135919330421885, 67.87823378499007276, -1.414192466664642822 ) ) ;
#2367 = CARTESIAN_POINT ( 'NONE',  ( 15.57325623330429920, 106.0986014075937760, -10.44156126636945636 ) ) ;
#2368 = CARTESIAN_POINT ( 'NONE',  ( -12.57693953138863208, 44.27415413695997159, -36.80952346416513876 ) ) ;
#2369 = CARTESIAN_POINT ( 'NONE',  ( -9.834242762475442490, 126.8030379530258926, 4.933176663172787357 ) ) ;
#2370 = CARTESIAN_POINT ( 'NONE',  ( 11.52084942886164853, 3.049002967160705513, 7.968852888108939325 ) ) ;
#2371 =( BOUNDED_SURFACE ( )  B_SPLINE_SURFACE ( 3, 2, ( 
 ( #1437, #1386, #3050 ),
 ( #3515, #3917, #3099 ),
 ( #2691, #3540, #3461 ),
 ( #5190, #4351, #625 ) ),
 .UNSPECIFIED., .F., .F., .F. ) 
 B_SPLINE_SURFACE_WITH_KNOTS ( ( 4, 4 ),
 ( 3, 3 ),
 ( 0.02373962174484826188, 0.02527298107994085941 ),
 ( 0.000000000000000000, 1.000000000000000000 ),
 .UNSPECIFIED. ) 
 GEOMETRIC_REPRESENTATION_ITEM ( )  RATIONAL_B_SPLINE_SURFACE ( (
 ( 1.000000000000000000, 0.9517820748186976987, 1.000000000000000000),
 ( 1.000000000000000000, 0.9551541538416131738, 1.000000000000000000),
 ( 1.000000000000000000, 0.9583374720911076450, 1.000000000000000000),
 ( 1.000000000000000000, 0.9612585214637863196, 1.000000000000000000) ) ) 
 REPRESENTATION_ITEM ( '' )  SURFACE ( )  );
#2372 = CARTESIAN_POINT ( 'NONE',  ( 15.24396863687124970, 104.0000000000000000, -18.19538586296676286 ) ) ;
#2373 = ORIENTED_EDGE ( 'NONE', *, *, #3711, .F. ) ;
#2374 = CARTESIAN_POINT ( 'NONE',  ( 18.78360024102557446, 67.89534561647097632, -1.330267220182934862 ) ) ;
#2375 = CARTESIAN_POINT ( 'NONE',  ( 9.204640076823743300, 115.2320386191661328, -6.025924232876247899 ) ) ;
#2376 = CARTESIAN_POINT ( 'NONE',  ( 14.70506951108496807, 5.578200176772505792, 7.416486059549626475 ) ) ;
#2377 = CIRCLE ( 'NONE', #4291, 10.00000000000000178 ) ;
#2378 = CARTESIAN_POINT ( 'NONE',  ( 18.77704198313804440, 68.08857599212079492, -2.442727142207401947 ) ) ;
#2379 = ORIENTED_EDGE ( 'NONE', *, *, #4789, .T. ) ;
#2380 = CYLINDRICAL_SURFACE ( 'NONE', #4803, 11.00000000000000000 ) ;
#2381 = CARTESIAN_POINT ( 'NONE',  ( -21.50481532079390590, 45.02449172995815729, -36.76540200048550133 ) ) ;
#2382 = ORIENTED_EDGE ( 'NONE', *, *, #3133, .F. ) ;
#2383 = CARTESIAN_POINT ( 'NONE',  ( -18.87336115189630092, 54.40776326906910754, -61.45356400421624699 ) ) ;
#2384 = CARTESIAN_POINT ( 'NONE',  ( 17.36950359011534317, 92.65846740428291639, -6.774573494698079124 ) ) ;
#2385 = CARTESIAN_POINT ( 'NONE',  ( 18.85743232450586859, 62.62406156859299955, 2.144751957145180743 ) ) ;
#2386 = CARTESIAN_POINT ( 'NONE',  ( 15.94430615156788811, 26.09774401121985932, -52.49551018440545391 ) ) ;
#2387 = CARTESIAN_POINT ( 'NONE',  ( -17.09551644042353757, 16.48766665617431926, -27.42891032715838762 ) ) ;
#2388 = CARTESIAN_POINT ( 'NONE',  ( -17.58793458276560884, 22.75989995089204498, 1.640347797920752582 ) ) ;
#2389 = CARTESIAN_POINT ( 'NONE',  ( 15.29082197155905476, 107.8950412013566051, -10.09532458831068169 ) ) ;
#2390 = FACE_OUTER_BOUND ( 'NONE', #3344, .T. ) ;
#2391 = CARTESIAN_POINT ( 'NONE',  ( -3.818789690435571149, 2.782923487077657576, 15.80208790857667545 ) ) ;
#2392 = PLANE ( 'NONE',  #1247 ) ;
#2393 = CARTESIAN_POINT ( 'NONE',  ( -18.93809657303328109, 68.24603541315576649, 1.547033386746080375 ) ) ;
#2394 = CARTESIAN_POINT ( 'NONE',  ( 15.95922916208214737, 103.1476511530509725, -14.78583046617765362 ) ) ;
#2395 = CARTESIAN_POINT ( 'NONE',  ( 15.28858140539613508, 120.7621284973184856, 8.000000000000001776 ) ) ;
#2396 = CARTESIAN_POINT ( 'NONE',  ( -15.18969561787794298, 109.0721398054280087, -9.563103442005276733 ) ) ;
#2397 = B_SPLINE_CURVE_WITH_KNOTS ( 'NONE', 3,
 ( #2728, #4498, #1564, #1911 ),
 .UNSPECIFIED., .F., .F.,
 ( 4, 4 ),
 ( 0.004658498911969388527, 0.004691453400681882581 ),
 .UNSPECIFIED. ) ;
#2398 = CARTESIAN_POINT ( 'NONE',  ( -7.240238471975484202, 105.6031327929429864, -16.64115367826359204 ) ) ;
#2399 = CARTESIAN_POINT ( 'NONE',  ( 15.80051881472869013, 104.0000000000000000, -18.19538586296676286 ) ) ;
#2400 = EDGE_LOOP ( 'NONE', ( #2845, #1743, #667, #4389 ) ) ;
#2401 = CARTESIAN_POINT ( 'NONE',  ( 18.81791279744166800, 68.39553454967075652, -2.357969445358300664 ) ) ;
#2402 = CARTESIAN_POINT ( 'NONE',  ( 764.5416666666670835, 68.50000000000000000, 0.000000000000000000 ) ) ;
#2403 = CARTESIAN_POINT ( 'NONE',  ( 17.72026814230936864, 23.79051645073699817, -41.46066319879356143 ) ) ;
#2404 = CARTESIAN_POINT ( 'NONE',  ( 14.18782809639210107, 102.5807007320236437, -19.57139202522917643 ) ) ;
#2405 =( BOUNDED_SURFACE ( )  B_SPLINE_SURFACE ( 3, 2, ( 
 ( #1312, #2980, #4150 ),
 ( #797, #3276, #4126 ),
 ( #3363, #394, #2055 ),
 ( #2155, #906, #5014 ),
 ( #4232, #3719, #1285 ),
 ( #825, #5372, #2487 ),
 ( #4615, #420, #2541 ),
 ( #2078, #3744, #7 ),
 ( #2928, #3333, #4989 ),
 ( #1257, #850, #65 ),
 ( #4587, #4175, #447 ),
 ( #2105, #2952, #4206 ) ),
 .UNSPECIFIED., .F., .F., .T. ) 
 B_SPLINE_SURFACE_WITH_KNOTS ( ( 4, 2, 2, 2, 2, 4 ),
 ( 3, 3 ),
 ( 0.000000000000000000, 0.001759118100215995711, 0.003518236200431991423, 0.004397795250539989279, 0.005277354300647987134, 0.007036472400863982846 ),
 ( 0.000000000000000000, 1.000000000000000000 ),
 .UNSPECIFIED. ) 
 GEOMETRIC_REPRESENTATION_ITEM ( )  RATIONAL_B_SPLINE_SURFACE ( (
 ( 1.000000000000000000, 0.8210472776682268270, 1.000000000000000000),
 ( 1.000000000000000000, 0.8325098673553743556, 1.000000000000000000),
 ( 1.000000000000000000, 0.8437384484168072296, 1.000000000000000000),
 ( 1.000000000000000000, 0.8656043811872161653, 1.000000000000000000),
 ( 1.000000000000000000, 0.8762451823790089467, 1.000000000000000000),
 ( 1.000000000000000000, 0.8915879136231649182, 1.000000000000000000),
 ( 1.000000000000000000, 0.8966191044039800717, 1.000000000000000000),
 ( 1.000000000000000000, 0.9063087164556714592, 1.000000000000000000),
 ( 1.000000000000000000, 0.9109600339028340876, 1.000000000000000000),
 ( 1.000000000000000000, 0.9242458561439933495, 1.000000000000000000),
 ( 1.000000000000000000, 0.9322260511410257466, 1.000000000000000000),
 ( 1.000000000000000000, 0.9389159281110058819, 1.000000000000000000) ) ) 
 REPRESENTATION_ITEM ( '' )  SURFACE ( )  );
#2406 = CARTESIAN_POINT ( 'NONE',  ( 16.95482001634949043, 62.28974017202617119, -58.63335116586625162 ) ) ;
#2407 = EDGE_LOOP ( 'NONE', ( #2355, #4625, #5126, #196 ) ) ;
#2408 = ADVANCED_FACE ( 'NONE', ( #566 ), #4212, .T. ) ;
#2409 = CARTESIAN_POINT ( 'NONE',  ( -18.46812670278014679, 39.63428280575453755, -40.10083187717710018 ) ) ;
#2410 = DIRECTION ( 'NONE',  ( 0.000000000000000000, 0.9348930393583384513, 0.3549295774647811541 ) ) ;
#2411 = ADVANCED_FACE ( 'NONE', ( #2139 ), #1807, .F. ) ;
#2412 = CARTESIAN_POINT ( 'NONE',  ( 18.93334896715865767, 62.30546662955600823, -58.61810441490971613 ) ) ;
#2413 = ORIENTED_EDGE ( 'NONE', *, *, #484, .T. ) ;
#2414 = CARTESIAN_POINT ( 'NONE',  ( 18.95909922822281857, 60.62961303473448282, 0.2636518237807122245 ) ) ;
#2415 = CARTESIAN_POINT ( 'NONE',  ( -18.90879626833670102, 63.39215297319847053, 1.804700737943482958 ) ) ;
#2416 = EDGE_CURVE ( 'NONE', #1314, #1755, #288, .T. ) ;
#2417 = CARTESIAN_POINT ( 'NONE',  ( 9.924352735049309260, 3.729375586696935585, 12.95901029984418784 ) ) ;
#2418 = ADVANCED_FACE ( 'NONE', ( #2571 ), #3605, .T. ) ;
#2419 = CARTESIAN_POINT ( 'NONE',  ( -16.79856355961529246, 16.90745721184588035, 4.145784681584693487 ) ) ;
#2420 = CARTESIAN_POINT ( 'NONE',  ( -13.81690456924846089, 4.797391171572748192, 3.363556327375768706 ) ) ;
#2421 = CARTESIAN_POINT ( 'NONE',  ( 18.68094050278620344, 68.45098296382940362, 3.568797111799480337 ) ) ;
#2422 = CARTESIAN_POINT ( 'NONE',  ( -19.00397792581333434, 68.38557200327277030, -0.1941602129570655921 ) ) ;
#2423 = CARTESIAN_POINT ( 'NONE',  ( -17.69668925060656051, 23.50435612210965886, 0.3335028327140929783 ) ) ;
#2424 = CARTESIAN_POINT ( 'NONE',  ( -15.73707385058555097, 22.21773469666108625, -42.52204729339363354 ) ) ;
#2425 = CARTESIAN_POINT ( 'NONE',  ( -8.987845240065619024, 125.3792807077947487, -6.344745837688439138 ) ) ;
#2426 = CARTESIAN_POINT ( 'NONE',  ( 13.94121335492236469, 5.042085885011235113, 2.719024569849517459 ) ) ;
#2427 = CARTESIAN_POINT ( 'NONE',  ( -9.748755211425022438, 2.337842621319123460, 9.842066334967801922 ) ) ;
#2428 = CARTESIAN_POINT ( 'NONE',  ( -18.95458229452832555, 60.92843215532810319, -57.19740677055769140 ) ) ;
#2429 = ORIENTED_EDGE ( 'NONE', *, *, #608, .F. ) ;
#2430 = SURFACE_STYLE_USAGE ( .BOTH. , #1535 ) ;
#2431 = CARTESIAN_POINT ( 'NONE',  ( 18.35892243612001096, 36.78937453271764468, -62.90875615750756111 ) ) ;
#2432 = CARTESIAN_POINT ( 'NONE',  ( 11.44196551299125986, 40.00984020182691125, -39.44995456159923464 ) ) ;
#2433 = CARTESIAN_POINT ( 'NONE',  ( -15.35536506947025437, 119.9643340713881372, 7.986497525256453400 ) ) ;
#2434 = ADVANCED_FACE ( 'NONE', ( #2782 ), #3400, .T. ) ;
#2435 = CARTESIAN_POINT ( 'NONE',  ( 12.38158742607114604, 41.30364759742776215, -47.48675179916094891 ) ) ;
#2436 = EDGE_CURVE ( 'NONE', #2248, #5024, #454, .T. ) ;
#2437 = DIRECTION ( 'NONE',  ( -1.002471936087707270E-16, 1.763895673971925029E-15, 1.000000000000000000 ) ) ;
#2438 = ORIENTED_EDGE ( 'NONE', *, *, #345, .F. ) ;
#2439 = CARTESIAN_POINT ( 'NONE',  ( -18.51949693825120136, 41.06217636297847662, -38.24289946863717660 ) ) ;
#2440 = CARTESIAN_POINT ( 'NONE',  ( 17.73764866847249522, 24.04084794371666334, -65.04694009427630874 ) ) ;
#2441 = CARTESIAN_POINT ( 'NONE',  ( 18.74583813714745162, 74.46601371298497440, -44.14146014645542948 ) ) ;
#2442 = CARTESIAN_POINT ( 'NONE',  ( -18.08986501191147767, 30.71528932725150440, -58.74032975929077338 ) ) ;
#2443 = ORIENTED_EDGE ( 'NONE', *, *, #3863, .T. ) ;
#2444 = CARTESIAN_POINT ( 'NONE',  ( 18.94136704633852375, 61.73432137712235601, 1.134699877597160844 ) ) ;
#2445 = AXIS2_PLACEMENT_3D ( 'NONE', #2685, #3887, #2790 ) ;
#2446 = CARTESIAN_POINT ( 'NONE',  ( -18.82414896798049142, 66.64519275595209535, 1.736354307040265832 ) ) ;
#2447 = CARTESIAN_POINT ( 'NONE',  ( 7.893130189794454132, 1.811694416377670924, 11.22795335510338077 ) ) ;
#2448 = DIRECTION ( 'NONE',  ( -0.02016755185021862004, -0.3548573898440937624, 0.9347028954300963255 ) ) ;
#2449 = FACE_OUTER_BOUND ( 'NONE', #587, .T. ) ;
#2450 = CARTESIAN_POINT ( 'NONE',  ( -1.914447852342786804, 2.676689840794874264, 16.12146854611893332 ) ) ;
#2451 = CARTESIAN_POINT ( 'NONE',  ( -18.86929296896513364, 67.87317976883907988, 1.465610413391359224 ) ) ;
#2452 = CARTESIAN_POINT ( 'NONE',  ( 16.67832484589199993, 128.4481993839123390, -1.050726145063730188 ) ) ;
#2453 = DIRECTION ( 'NONE',  ( 0.000000000000000000, 0.000000000000000000, -1.000000000000000000 ) ) ;
#2454 = CARTESIAN_POINT ( 'NONE',  ( 7.893130189812350039, 1.811694416364048488, 11.22795335513926318 ) ) ;
#2455 = CARTESIAN_POINT ( 'NONE',  ( 7.280383885302480707, 108.5061060904679948, -16.44613950265085123 ) ) ;
#2456 = ORIENTED_EDGE ( 'NONE', *, *, #507, .T. ) ;
#2457 = VECTOR ( 'NONE', #502, 1000.000000000000227 ) ;
#2458 = DIRECTION ( 'NONE',  ( 0.000000000000000000, 0.000000000000000000, 1.000000000000000000 ) ) ;
#2459 = LINE ( 'NONE', #4959, #4793 ) ;
#2460 = CARTESIAN_POINT ( 'NONE',  ( -5.121501372508842742, 102.8984616030178358, -19.26332386336978075 ) ) ;
#2461 = CARTESIAN_POINT ( 'NONE',  ( 15.93132045819493214, 103.3866144041249129, -18.48338473007759575 ) ) ;
#2462 = CARTESIAN_POINT ( 'NONE',  ( -363.1080052622554035, 55.03717805158469645, 4.999999999999999112 ) ) ;
#2463 = EDGE_LOOP ( 'NONE', ( #1006, #1452, #4311 ) ) ;
#2464 = CARTESIAN_POINT ( 'NONE',  ( -18.45962160277669994, 39.40478313821617462, -44.87671798589349947 ) ) ;
#2465 = CARTESIAN_POINT ( 'NONE',  ( -18.96099232442881188, 68.30266747685736561, -1.281328222954324580 ) ) ;
#2466 = AXIS2_PLACEMENT_3D ( 'NONE', #590, #1372, #1316 ) ;
#2467 = AXIS2_PLACEMENT_3D ( 'NONE', #4724, #2705, #725 ) ;
#2468 = B_SPLINE_CURVE_WITH_KNOTS ( 'NONE', 3,
 ( #1070, #1433, #729, #2764, #4427, #699, #1950, #2384, #4050, #1671, #3791, #870 ),
 .UNSPECIFIED., .F., .F.,
 ( 4, 2, 2, 2, 2, 4 ),
 ( 8.398347780401396354E-05, 0.005322509932904222196, 0.01056103638800443001, 0.02103808929820484563, 0.03151514220840526126, 0.04199219511860567688 ),
 .UNSPECIFIED. ) ;
#2469 = CONICAL_SURFACE ( 'NONE', #2996, 14.00000000000000000, 0.3805063771123645688 ) ;
#2470 = CARTESIAN_POINT ( 'NONE',  ( -17.93040539309290793, 27.56875407049445670, -51.25703662786914094 ) ) ;
#2471 = ORIENTED_EDGE ( 'NONE', *, *, #1473, .F. ) ;
#2472 = CARTESIAN_POINT ( 'NONE',  ( -18.94185819584572172, 61.70442555388046202, 0.6740134371544505010 ) ) ;
#2473 = ADVANCED_FACE ( 'NONE', ( #4098 ), #2489, .T. ) ;
#2474 = CARTESIAN_POINT ( 'NONE',  ( -14.48803618605685095, 104.3982588462808678, -16.43879549756739422 ) ) ;
#2475 = CARTESIAN_POINT ( 'NONE',  ( -16.07637772594143399, 102.8358659460914595, -8.671640154014884416 ) ) ;
#2476 = CARTESIAN_POINT ( 'NONE',  ( -15.74779778040272937, 5.262063127788429107, 2.139599224239820074 ) ) ;
#2477 = CARTESIAN_POINT ( 'NONE',  ( -18.78876270577816143, 67.61378741116961066, -2.821974926687012886 ) ) ;
#2478 = CARTESIAN_POINT ( 'NONE',  ( -15.26663166586120468, 16.47380824837406266, -27.39240694770386142 ) ) ;
#2479 = CARTESIAN_POINT ( 'NONE',  ( 16.38562810953064641, 127.6808357335440576, 3.565710996382779996 ) ) ;
#2480 = CARTESIAN_POINT ( 'NONE',  ( 14.19658695991206265, 102.5785938850770833, -19.57343460669654078 ) ) ;
#2481 = CARTESIAN_POINT ( 'NONE',  ( 0.000000000000000000, 29.53206154885827317, -57.49095449232992650 ) ) ;
#2482 = CARTESIAN_POINT ( 'NONE',  ( 13.49096091780945628, 104.0000000000000000, -18.19538586296676641 ) ) ;
#2483 = VERTEX_POINT ( 'NONE', #3746 ) ;
#2484 = CARTESIAN_POINT ( 'NONE',  ( 18.77110240015455389, 68.26200842128669422, -2.496054999768736238 ) ) ;
#2485 = CARTESIAN_POINT ( 'NONE',  ( 11.26650591004628588, 39.02708089721780027, -43.02327295229919457 ) ) ;
#2486 = ADVANCED_FACE ( 'NONE', ( #4589 ), #3044, .T. ) ;
#2487 = CARTESIAN_POINT ( 'NONE',  ( 15.80190574052183017, 104.3710624713746284, -12.44945823658587081 ) ) ;
#2488 = DIRECTION ( 'NONE',  ( 1.000000000000000000, 0.000000000000000000, 0.000000000000000000 ) ) ;
#2489 =( BOUNDED_SURFACE ( )  B_SPLINE_SURFACE ( 3, 2, ( 
 ( #2081, #5374, #1594 ),
 ( #3251, #1196, #422 ),
 ( #4129, #5349, #5319 ),
 ( #1971, #751, #2029 ),
 ( #4041, #4906, #2812 ),
 ( #2376, #2870, #4527 ) ),
 .UNSPECIFIED., .F., .F., .F. ) 
 B_SPLINE_SURFACE_WITH_KNOTS ( ( 4, 2, 4 ),
 ( 3, 3 ),
 ( 0.000000000000000000, 0.002071662321869119621, 0.004143324643738239242 ),
 ( 0.000000000000000000, 1.000000000000000000 ),
 .UNSPECIFIED. ) 
 GEOMETRIC_REPRESENTATION_ITEM ( )  RATIONAL_B_SPLINE_SURFACE ( (
 ( 1.000000000000000000, 0.7475812729463867656, 1.000000000000000000),
 ( 1.000000000000000000, 0.7363686775748182756, 1.000000000000000000),
 ( 1.000000000000000000, 0.7248877047663888629, 1.000000000000000000),
 ( 1.000000000000000000, 0.7012574648891429785, 1.000000000000000000),
 ( 1.000000000000000000, 0.6890403398679612046, 1.000000000000000000),
 ( 1.000000000000000000, 0.6766687628809820998, 1.000000000000000000) ) ) 
 REPRESENTATION_ITEM ( '' )  SURFACE ( )  );
#2490 = CARTESIAN_POINT ( 'NONE',  ( 15.97131692786698665, 103.0718506582936982, -18.99878068726037839 ) ) ;
#2491 = DIRECTION ( 'NONE',  ( 0.000000000000000000, 0.9599494974045429396, -0.2801730936988159892 ) ) ;
#2492 = ORIENTED_EDGE ( 'NONE', *, *, #3338, .F. ) ;
#2493 = CARTESIAN_POINT ( 'NONE',  ( -12.67955795918100748, 51.75058445197671375, -65.04694009427632295 ) ) ;
#2494 = CARTESIAN_POINT ( 'NONE',  ( 16.89403192781564300, 56.50842449503179665, -62.71194322344192074 ) ) ;
#2495 = CARTESIAN_POINT ( 'NONE',  ( -16.21173972384428552, 32.14245883880004584, -59.99757491334261772 ) ) ;
#2496 = ORIENTED_EDGE ( 'NONE', *, *, #1099, .T. ) ;
#2497 = CARTESIAN_POINT ( 'NONE',  ( 18.95691203483839615, 60.77587155595288237, -57.34342267579062735 ) ) ;
#2498 = CARTESIAN_POINT ( 'NONE',  ( -2.029403073736036234, 0.04381010065035471218, 15.88460314171657828 ) ) ;
#2499 = DIRECTION ( 'NONE',  ( 0.000000000000000000, 0.000000000000000000, -1.000000000000000000 ) ) ;
#2500 = DIRECTION ( 'NONE',  ( -0.8804183968965607621, 0.000000000000000000, 0.4741976870526573573 ) ) ;
#2501 = EDGE_CURVE ( 'NONE', #4523, #3669, #189, .T. ) ;
#2502 = CARTESIAN_POINT ( 'NONE',  ( 6.792772978401979245, 31.22412619379190701, -59.19031399000272842 ) ) ;
#2503 = CARTESIAN_POINT ( 'NONE',  ( 7.774715757060353560, 122.3738979470961539, -7.782009058888196051 ) ) ;
#2504 = CARTESIAN_POINT ( 'NONE',  ( 18.64824894399854216, 45.02449172995815729, -48.76540200048551554 ) ) ;
#2505 = CARTESIAN_POINT ( 'NONE',  ( 15.95016362036563429, 126.3396892310149866, 5.474042864066954728 ) ) ;
#2506 = CARTESIAN_POINT ( 'NONE',  ( 13.99188686572679963, 104.0499213653680357, -18.14698725673120450 ) ) ;
#2507 = CARTESIAN_POINT ( 'NONE',  ( 18.89429193509760196, 68.33037421761103758, -0.04493412232934874267 ) ) ;
#2508 = CARTESIAN_POINT ( 'NONE',  ( -17.73290231197818301, 23.95733360894138642, -41.81218352271763905 ) ) ;
#2509 = CARTESIAN_POINT ( 'NONE',  ( 18.97012566544700718, 68.76218607526887183, 1.134746280337106006 ) ) ;
#2510 = CARTESIAN_POINT ( 'NONE',  ( -5.380557658873297733, 107.5112092646885600, -17.21458580870801924 ) ) ;
#2511 = CARTESIAN_POINT ( 'NONE',  ( -15.95105407747306536, 103.2123138995554115, -14.61195985116675367 ) ) ;
#2512 = EDGE_CURVE ( 'NONE', #3581, #883, #3599, .T. ) ;
#2513 = CARTESIAN_POINT ( 'NONE',  ( -17.18714417901020752, 17.85139042821642619, 2.692832283939265547 ) ) ;
#2514 = CARTESIAN_POINT ( 'NONE',  ( 11.59911066666188262, 40.45872378956850213, -38.85481575503373364 ) ) ;
#2515 = CARTESIAN_POINT ( 'NONE',  ( -16.25690706418453146, 100.8626368781440448, -8.631676115238661851 ) ) ;
#2516 = CARTESIAN_POINT ( 'NONE',  ( -16.95827418740460502, 62.03924378791166561, -58.87253314723134423 ) ) ;
#2517 = CARTESIAN_POINT ( 'NONE',  ( 9.933136225411466569, 126.9559201486373468, -4.731359320287197967 ) ) ;
#2518 = EDGE_CURVE ( 'NONE', #479, #1323, #1423, .T. ) ;
#2519 = CARTESIAN_POINT ( 'NONE',  ( 18.77639952719184180, 68.11004956688243794, 0.3065588426420612911 ) ) ;
#2520 = VERTEX_POINT ( 'NONE', #3796 ) ;
#2521 = CARTESIAN_POINT ( 'NONE',  ( -18.52982218636234180, 41.35789383633643013, -47.53102444492841983 ) ) ;
#2522 =( BOUNDED_SURFACE ( )  B_SPLINE_SURFACE ( 3, 2, ( 
 ( #1702, #4613, #1729 ),
 ( #1675, #4684, #1360 ),
 ( #4255, #526, #2539 ),
 ( #34, #3821, #474 ),
 ( #2153, #2564, #874 ),
 ( #2180, #5041, #3030 ),
 ( #3361, #2129, #4204 ),
 ( #4659, #554, #1282 ),
 ( #3742, #924, #3795 ),
 ( #3331, #1255, #2926 ),
 ( #3009, #2615, #63 ),
 ( #3390, #2590, #87 ),
 ( #3844, #4230, #1751 ),
 ( #3415, #5093, #4637 ),
 ( #4584, #5063, #1335 ),
 ( #1310, #848, #2978 ),
 ( #115, #904, #500 ),
 ( #1774, #3439, #947 ),
 ( #4281, #2513, #5 ),
 ( #4986, #4173, #445 ),
 ( #2103, #3765, #5012 ),
 ( #1822, #1442, #659 ),
 ( #1850, #3495, #605 ),
 ( #3897, #3153, #5194 ),
 ( #4736, #1415, #1877 ),
 ( #3874, #581, #4329 ) ),
 .UNSPECIFIED., .F., .F., .F. ) 
 B_SPLINE_SURFACE_WITH_KNOTS ( ( 4, 2, 2, 2, 2, 2, 2, 2, 2, 2, 2, 2, 4 ),
 ( 3, 3 ),
 ( -3.462941738918701162E-16, 0.0001486431733088516241, 0.0002972863466180495425, 0.0005945726932364453791, 0.001189145386473237052, 0.001783718079710028834, 0.002378290772946820616, 0.003567436159420404179, 0.004756581545893987309, 0.007134872318841154436, 0.009513163091788321563, 0.01426974463768265582, 0.01902632618357699007 ),
 ( 0.000000000000000000, 1.000000000000000000 ),
 .UNSPECIFIED. ) 
 GEOMETRIC_REPRESENTATION_ITEM ( )  RATIONAL_B_SPLINE_SURFACE ( (
 ( 1.000000000000000000, 0.9999212869782961866, 1.000000000000000000),
 ( 1.000000000000000000, 0.9999215196926288796, 1.000000000000000000),
 ( 1.000000000000000000, 0.9999045848715829576, 1.000000000000000000),
 ( 1.000000000000000000, 0.9998574612819685070, 1.000000000000000000),
 ( 1.000000000000000000, 0.9998273824053443004, 1.000000000000000000),
 ( 1.000000000000000000, 0.9997321695812544373, 1.000000000000000000),
 ( 1.000000000000000000, 0.9996595664459343444, 1.000000000000000000),
 ( 1.000000000000000000, 0.9994376632171837471, 1.000000000000000000),
 ( 1.000000000000000000, 0.9992800922077987869, 1.000000000000000000),
 ( 1.000000000000000000, 0.9989545418117821152, 1.000000000000000000),
 ( 1.000000000000000000, 0.9987862652879023750, 1.000000000000000000),
 ( 1.000000000000000000, 0.9984424733773687999, 1.000000000000000000),
 ( 1.000000000000000000, 0.9982665637881998899, 1.000000000000000000),
 ( 1.000000000000000000, 0.9977272702890093159, 1.000000000000000000),
 ( 1.000000000000000000, 0.9973523457431686667, 1.000000000000000000),
 ( 1.000000000000000000, 0.9965719180229907215, 1.000000000000000000),
 ( 1.000000000000000000, 0.9961663790487362835, 1.000000000000000000),
 ( 1.000000000000000000, 0.9949026892143761902, 1.000000000000000000),
 ( 1.000000000000000000, 0.9939983527402406205, 1.000000000000000000),
 ( 1.000000000000000000, 0.9920575972924671193, 1.000000000000000000),
 ( 1.000000000000000000, 0.9910208952472426835, 1.000000000000000000),
 ( 1.000000000000000000, 0.9876930117699064260, 1.000000000000000000),
 ( 1.000000000000000000, 0.9851855211764363185, 1.000000000000000000),
 ( 1.000000000000000000, 0.9794611530462545845, 1.000000000000000000),
 ( 1.000000000000000000, 0.9762439479597929681, 1.000000000000000000),
 ( 1.000000000000000000, 0.9725808218122155013, 1.000000000000000000) ) ) 
 REPRESENTATION_ITEM ( '' )  SURFACE ( )  );
#2523 = CARTESIAN_POINT ( 'NONE',  ( 16.87410203708992640, 55.23893588839615632, -63.28939529072412284 ) ) ;
#2524 = ORIENTED_EDGE ( 'NONE', *, *, #241, .T. ) ;
#2525 = CARTESIAN_POINT ( 'NONE',  ( -18.95458229452819054, 60.92843215532822398, -57.19740677055758482 ) ) ;
#2526 = CARTESIAN_POINT ( 'NONE',  ( 0.7858156711492123581, -0.001985868038828202380, 16.00523082415472942 ) ) ;
#2527 = ORIENTED_EDGE ( 'NONE', *, *, #21, .F. ) ;
#2528 = CARTESIAN_POINT ( 'NONE',  ( -15.72696641525883621, 22.08427921774187652, -42.17052235372251090 ) ) ;
#2529 = CARTESIAN_POINT ( 'NONE',  ( 15.46577536623979476, 109.8726271249037012, -9.026013051874603121 ) ) ;
#2530 = EDGE_LOOP ( 'NONE', ( #1210, #4516, #280, #829 ) ) ;
#2531 = CARTESIAN_POINT ( 'NONE',  ( -18.79834881880123731, 67.45278060331257564, -2.674232668073800223 ) ) ;
#2532 = CARTESIAN_POINT ( 'NONE',  ( 18.75703648454332750, 48.98688361502565414, -38.24296426497697610 ) ) ;
#2533 = CARTESIAN_POINT ( 'NONE',  ( 15.52148668676092491, 124.5169348127914333, 6.923375121125328491 ) ) ;
#2534 = EDGE_LOOP ( 'NONE', ( #80, #3448, #3464, #4038, #3192 ) ) ;
#2535 = EDGE_CURVE ( 'NONE', #1068, #3928, #4551, .T. ) ;
#2536 = CARTESIAN_POINT ( 'NONE',  ( 0.000000000000000000, 137.0000000000000000, 0.000000000000000000 ) ) ;
#2537 = CARTESIAN_POINT ( 'NONE',  ( -11.02574885323109655, 103.4831829969315180, -18.69643831682885349 ) ) ;
#2538 = CARTESIAN_POINT ( 'NONE',  ( -18.55895759020191349, 67.50127462955981628, 4.067051323464704105 ) ) ;
#2539 = CARTESIAN_POINT ( 'NONE',  ( -17.73529438542604453, 24.02014772151110122, 0.2245262974694227920 ) ) ;
#2540 = CARTESIAN_POINT ( 'NONE',  ( 18.95575417305120069, 60.85243289728938265, -57.27070215586513058 ) ) ;
#2541 = CARTESIAN_POINT ( 'NONE',  ( 15.77999605520879278, 104.5391187393584005, -12.20377622573427168 ) ) ;
#2542 = CARTESIAN_POINT ( 'NONE',  ( 12.65719033491027723, 45.02449172995815729, -36.76540200048550133 ) ) ;
#2543 = CARTESIAN_POINT ( 'NONE',  ( 14.02173126511206824, 102.5267294418557213, -15.90970438152524835 ) ) ;
#2544 = ORIENTED_EDGE ( 'NONE', *, *, #4203, .F. ) ;
#2545 = CARTESIAN_POINT ( 'NONE',  ( -14.18782809639209574, 102.5807007320236863, -19.57139202522912669 ) ) ;
#2546 = ORIENTED_EDGE ( 'NONE', *, *, #5079, .T. ) ;
#2547 = CARTESIAN_POINT ( 'NONE',  ( -18.55895759017358415, 67.50127462956078261, 4.067051323591493350 ) ) ;
#2548 = CARTESIAN_POINT ( 'NONE',  ( 13.97274805978834777, 5.290454533942238413, 2.064815577916552680 ) ) ;
#2549 = VERTEX_POINT ( 'NONE', #419 ) ;
#2550 =( BOUNDED_SURFACE ( )  B_SPLINE_SURFACE ( 3, 2, ( 
 ( #5293, #4912, #2062 ),
 ( #1177, #1149, #3698 ),
 ( #2441, #4563, #3726 ),
 ( #1207, #2412, #5325 ) ),
 .UNSPECIFIED., .F., .F., .T. ) 
 B_SPLINE_SURFACE_WITH_KNOTS ( ( 4, 4 ),
 ( 3, 3 ),
 ( 4.590672176092475354, 4.696970597500840228 ),
 ( 0.000000000000000000, 1.000000000000000000 ),
 .UNSPECIFIED. ) 
 GEOMETRIC_REPRESENTATION_ITEM ( )  RATIONAL_B_SPLINE_SURFACE ( (
 ( 1.000000000000000000, 0.7363812161766916109, 1.000000000000000000),
 ( 1.000000000000000000, 0.7280699239964004699, 1.000000000000000000),
 ( 1.000000000000000000, 0.7195635255695885801, 1.000000000000000000),
 ( 1.000000000000000000, 0.7108909466309255576, 1.000000000000000000) ) ) 
 REPRESENTATION_ITEM ( '' )  SURFACE ( )  );
#2551 = CARTESIAN_POINT ( 'NONE',  ( 14.48803618605123411, 104.3982588462818910, -16.43879549756818648 ) ) ;
#2552 = CARTESIAN_POINT ( 'NONE',  ( -5.124725097766079429, 0.3046100466295429410, 15.19764981451743324 ) ) ;
#2553 = CARTESIAN_POINT ( 'NONE',  ( -15.47878235824809678, 106.7957058961953294, -10.84023119407678237 ) ) ;
#2554 = CARTESIAN_POINT ( 'NONE',  ( 7.753759507056163791, 24.60826067934591777, -3.442795871321673444E-16 ) ) ;
#2555 = CARTESIAN_POINT ( 'NONE',  ( 15.30126286799394641, 109.4205706868160490, -9.355321338584605684 ) ) ;
#2556 = VERTEX_POINT ( 'NONE', #4205 ) ;
#2557 = DIRECTION ( 'NONE',  ( 0.08748666898429942329, -0.7152192699715156365, -0.6934028256442600346 ) ) ;
#2558 = CARTESIAN_POINT ( 'NONE',  ( -18.79949127135818188, 67.42861303067608958, -2.748978519841952739 ) ) ;
#2559 = CARTESIAN_POINT ( 'NONE',  ( -15.18878899123097881, 109.0832808905822731, -9.563433420063255141 ) ) ;
#2560 = FACE_OUTER_BOUND ( 'NONE', #4182, .T. ) ;
#2561 = CARTESIAN_POINT ( 'NONE',  ( 18.60628866025475503, 43.66332850546419309, -48.61223278808929393 ) ) ;
#2562 = CARTESIAN_POINT ( 'NONE',  ( 16.00809215067996050, 12.06262529633565350, 5.647060821543027131 ) ) ;
#2563 = CARTESIAN_POINT ( 'NONE',  ( -15.63986420903199281, 105.6004227987276352, -10.92718252232144849 ) ) ;
#2564 = CARTESIAN_POINT ( 'NONE',  ( -17.72096731368409195, 23.79875951636304876, 0.3518516802864245507 ) ) ;
#2565 = CARTESIAN_POINT ( 'NONE',  ( -12.72640682477365281, 103.0254576437661882, -19.14020160255028102 ) ) ;
#2566 = LINE ( 'NONE', #37, #1764 ) ;
#2567 = CARTESIAN_POINT ( 'NONE',  ( -10.95668273619141608, 81.09009710516488667, -25.76992923034662653 ) ) ;
#2568 = CARTESIAN_POINT ( 'NONE',  ( -16.45475331474778713, 38.60357655225526230, -63.67709891077330298 ) ) ;
#2569 = EDGE_LOOP ( 'NONE', ( #593, #3499, #4209, #4798 ) ) ;
#2570 = ORIENTED_EDGE ( 'NONE', *, *, #1927, .T. ) ;
#2571 = FACE_OUTER_BOUND ( 'NONE', #4279, .T. ) ;
#2572 = DIRECTION ( 'NONE',  ( 0.000000000000000000, 0.9862781201480982363, -0.1650923066564076724 ) ) ;
#2573 = ADVANCED_FACE ( 'NONE', ( #2927 ), #816, .T. ) ;
#2574 = ADVANCED_FACE ( 'NONE', ( #3922 ), #845, .T. ) ;
#2575 = ORIENTED_EDGE ( 'NONE', *, *, #2136, .T. ) ;
#2576 = CARTESIAN_POINT ( 'NONE',  ( 16.93670314842880842, 59.65506372264277246, -60.88034254806085954 ) ) ;
#2577 = EDGE_CURVE ( 'NONE', #615, #1738, #4617, .T. ) ;
#2578 = CARTESIAN_POINT ( 'NONE',  ( -18.79776262852604773, 67.46746916854456799, -2.682296341616077218 ) ) ;
#2579 = CARTESIAN_POINT ( 'NONE',  ( -12.69990360011250097, 46.11507641180163830, -36.86534903023783727 ) ) ;
#2580 = CARTESIAN_POINT ( 'NONE',  ( 12.37101513709498057, 38.40717601498067779, -63.57740811195906616 ) ) ;
#2581 = ADVANCED_FACE ( 'NONE', ( #3189, #1507 ), #1509, .T. ) ;
#2582 = ORIENTED_EDGE ( 'NONE', *, *, #3395, .F. ) ;
#2583 = CARTESIAN_POINT ( 'NONE',  ( 17.58927411669920815, 22.23118562128742326, 0.7851746841061383320 ) ) ;
#2584 = CARTESIAN_POINT ( 'NONE',  ( 18.95928816371402448, 60.61552104693677023, -57.47817740756673999 ) ) ;
#2585 = CARTESIAN_POINT ( 'NONE',  ( 18.94257130693668145, 68.74337422222478722, 1.527882058011744926 ) ) ;
#2586 = CARTESIAN_POINT ( 'NONE',  ( 18.74051192891482742, 48.31898386044089477, -62.97597398034727689 ) ) ;
#2587 = CARTESIAN_POINT ( 'NONE',  ( 18.96455300769536123, 68.75900909400984062, -1.224586770254644907 ) ) ;
#2588 = CARTESIAN_POINT ( 'NONE',  ( -18.95862431618466815, 60.44783056776785202, -1.426417717646282403E-16 ) ) ;
#2589 = CARTESIAN_POINT ( 'NONE',  ( 16.95482001634949043, 62.28974017202617119, -58.63335116586625162 ) ) ;
#2590 = CARTESIAN_POINT ( 'NONE',  ( -17.58432263611316770, 22.17481126438456940, 1.373767747307210518 ) ) ;
#2591 = CARTESIAN_POINT ( 'NONE',  ( -12.74209567059788917, 103.0198952453335437, -19.14559433028077251 ) ) ;
#2592 = CARTESIAN_POINT ( 'NONE',  ( 18.33121281158849669, 36.12474997405027466, -60.35497874666256024 ) ) ;
#2593 = CARTESIAN_POINT ( 'NONE',  ( -12.66150770507543477, 62.25261891441968487, -58.84387627925113406 ) ) ;
#2594 = CARTESIAN_POINT ( 'NONE',  ( -9.986895047834432049, 109.6125362863461135, -14.89015622447331033 ) ) ;
#2595 = EDGE_LOOP ( 'NONE', ( #2893, #3035, #4852, #2268, #1371, #3934, #533, #1930, #1374, #1505 ) ) ;
#2596 = CARTESIAN_POINT ( 'NONE',  ( -18.82476604697397349, 63.24700476397106286, 2.446189749385430989 ) ) ;
#2597 = EDGE_CURVE ( 'NONE', #917, #22, #3638, .T. ) ;
#2598 = ORIENTED_EDGE ( 'NONE', *, *, #542, .T. ) ;
#2599 = CARTESIAN_POINT ( 'NONE',  ( 8.517813774264283211, 103.9999999999999289, -18.19538586296682681 ) ) ;
#2600 = B_SPLINE_CURVE_WITH_KNOTS ( 'NONE', 3,
 ( #1661, #4541, #2475, #5384, #3321, #2914, #1587, #3604, #362, #3298, #3241, #1221 ),
 .UNSPECIFIED., .F., .F.,
 ( 4, 2, 2, 2, 2, 4 ),
 ( -0.005965608462092303506, 0.004755621793959896766, 0.01547685205001209791, 0.02619808230606429991, 0.03155869743409039224, 0.03691931256211649498 ),
 .UNSPECIFIED. ) ;
#2601 = ORIENTED_EDGE ( 'NONE', *, *, #3049, .F. ) ;
#2602 = CARTESIAN_POINT ( 'NONE',  ( 15.46577536623979476, 109.8726271249037012, -9.026013051874603121 ) ) ;
#2603 = CARTESIAN_POINT ( 'NONE',  ( 16.69821495492852392, 46.81161723927210261, -65.04694009427592505 ) ) ;
#2604 = CARTESIAN_POINT ( 'NONE',  ( -17.63125119762598558, 112.7636281147496078, -2.104829573025182476 ) ) ;
#2605 = CYLINDRICAL_SURFACE ( 'NONE', #791, 22.74098111983047232 ) ;
#2606 = CARTESIAN_POINT ( 'NONE',  ( 17.84656242804100756, 25.98935996342532917, -47.10749345011517875 ) ) ;
#2607 = CARTESIAN_POINT ( 'NONE',  ( -12.67592189036732542, 55.52427987964737355, -54.39354621961804526 ) ) ;
#2608 = CARTESIAN_POINT ( 'NONE',  ( 10.79333873971952862, 128.2135809572577898, 2.138288742598231096 ) ) ;
#2609 = CARTESIAN_POINT ( 'NONE',  ( 18.84798754918591968, 53.02985362730362340, -64.09690898077839449 ) ) ;
#2610 = CARTESIAN_POINT ( 'NONE',  ( -12.76810326090427949, 98.69477750550386475, -14.70335045921398454 ) ) ;
#2611 = CARTESIAN_POINT ( 'NONE',  ( 18.58804470541271314, 43.09270011303976844, -37.07128074651224381 ) ) ;
#2612 = CARTESIAN_POINT ( 'NONE',  ( 15.88910833859688942, 106.6431858974201674, -8.644132522654132345 ) ) ;
#2613 = ORIENTED_EDGE ( 'NONE', *, *, #1027, .F. ) ;
#2614 = CARTESIAN_POINT ( 'NONE',  ( 12.66386288627347412, 60.83376738422705898, -59.92861768124404165 ) ) ;
#2615 = CARTESIAN_POINT ( 'NONE',  ( -17.61750981126930782, 22.56156807996073255, 1.206472538124858440 ) ) ;
#2616 = CIRCLE ( 'NONE', #4270, 2.000000000000000444 ) ;
#2617 = CARTESIAN_POINT ( 'NONE',  ( -13.96543113107083123, 104.4536013824658909, -16.66920880688047291 ) ) ;
#2618 = CARTESIAN_POINT ( 'NONE',  ( 16.03480173808138076, 28.05033178497360424, -55.66403965216444050 ) ) ;
#2619 = CARTESIAN_POINT ( 'NONE',  ( -10.95668273619142141, 77.97712292947264245, -43.42448307788866657 ) ) ;
#2620 = CARTESIAN_POINT ( 'NONE',  ( -18.95928816371402448, 60.61552104693677023, -57.47817740756673999 ) ) ;
#2621 = ORIENTED_EDGE ( 'NONE', *, *, #79, .T. ) ;
#2622 = FACE_OUTER_BOUND ( 'NONE', #1657, .T. ) ;
#2623 = ORIENTED_EDGE ( 'NONE', *, *, #3943, .F. ) ;
#2624 = DIRECTION ( 'NONE',  ( -4.442663184007916557E-18, -2.998083606695239838E-16, 1.000000000000000000 ) ) ;
#2625 = ORIENTED_EDGE ( 'NONE', *, *, #4360, .F. ) ;
#2626 = CARTESIAN_POINT ( 'NONE',  ( 9.761871379626956724, 104.1689440427142017, -17.99561247454041180 ) ) ;
#2627 = CARTESIAN_POINT ( 'NONE',  ( -8.262139890420835187, 117.1367742279747262, 7.263299724055035433 ) ) ;
#2628 = CARTESIAN_POINT ( 'NONE',  ( -17.75721171967013134, 112.5126045650733602, -0.5232114563352868730 ) ) ;
#2629 = CARTESIAN_POINT ( 'NONE',  ( 9.288267195655897979, 3.580095114522740651, 13.40717365889621604 ) ) ;
#2630 = CARTESIAN_POINT ( 'NONE',  ( 17.63706140616320539, 22.27096860388438415, -42.66226668473429129 ) ) ;
#2631 = CARTESIAN_POINT ( 'NONE',  ( 18.93796025413761797, 62.05481215269228557, -58.85789298357325094 ) ) ;
#2632 = CARTESIAN_POINT ( 'NONE',  ( 10.83705562031751946, 128.2745256263388569, -1.905111991888171596 ) ) ;
#2633 = CARTESIAN_POINT ( 'NONE',  ( 18.78810548695224369, 68.42926540077682773, -2.743005118005302556 ) ) ;
#2634 = AXIS2_PLACEMENT_3D ( 'NONE', #2536, #3816, #522 ) ;
#2635 = CARTESIAN_POINT ( 'NONE',  ( 18.77510715994366208, 68.14605631983998535, 2.772699888932847578 ) ) ;
#2636 = CARTESIAN_POINT ( 'NONE',  ( 18.54675809870882830, 41.85250801610006022, -37.66866658228135378 ) ) ;
#2637 = CARTESIAN_POINT ( 'NONE',  ( 17.70962437810660006, 23.79577567117637216, 0.7119232735714787763 ) ) ;
#2638 = ORIENTED_EDGE ( 'NONE', *, *, #1626, .T. ) ;
#2639 = ADVANCED_FACE ( 'NONE', ( #1086 ), #1883, .F. ) ;
#2640 = CIRCLE ( 'NONE', #4806, 17.90695728736741188 ) ;
#2641 = CARTESIAN_POINT ( 'NONE',  ( 17.17242420586061158, 113.7289007104316738, 4.268361469752488091 ) ) ;
#2642 = CARTESIAN_POINT ( 'NONE',  ( -15.51811747596534374, 124.5207561293601657, -6.935877369620538246 ) ) ;
#2643 = CARTESIAN_POINT ( 'NONE',  ( 16.95827418740460857, 62.03924378791165850, -58.87253314723135134 ) ) ;
#2644 = CARTESIAN_POINT ( 'NONE',  ( 12.92509956861029785, 3.869022786783050893, 5.808900970388368279 ) ) ;
#2645 = CARTESIAN_POINT ( 'NONE',  ( 18.12431459704365011, 31.46190353082261382, -56.75468682887104421 ) ) ;
#2646 = CARTESIAN_POINT ( 'NONE',  ( -17.89828919428832421, 26.96376431253755968, -49.66754663951228821 ) ) ;
#2647 = VERTEX_POINT ( 'NONE', #2000 ) ;
#2648 = EDGE_CURVE ( 'NONE', #4451, #5369, #810, .T. ) ;
#2649 = CARTESIAN_POINT ( 'NONE',  ( -16.10073146566522695, 102.0192350684791194, -17.48869122245791630 ) ) ;
#2650 = EDGE_CURVE ( 'NONE', #1153, #175, #4092, .T. ) ;
#2651 = VECTOR ( 'NONE', #3725, 1000.000000000000000 ) ;
#2652 = ORIENTED_EDGE ( 'NONE', *, *, #3452, .T. ) ;
#2653 = CARTESIAN_POINT ( 'NONE',  ( -18.89746416907198068, 68.14089701061593018, 1.970462121753036477 ) ) ;
#2654 = AXIS2_PLACEMENT_3D ( 'NONE', #1466, #3121, #4779 ) ;
#2655 = CARTESIAN_POINT ( 'NONE',  ( -17.83913678146759096, 85.35245553119800377, -6.050565392364826600 ) ) ;
#2656 = ORIENTED_EDGE ( 'NONE', *, *, #1520, .F. ) ;
#2657 = CARTESIAN_POINT ( 'NONE',  ( -12.66150770507543122, 62.28974017202614988, -58.63335116586629425 ) ) ;
#2658 = CARTESIAN_POINT ( 'NONE',  ( 17.70397485862487486, 23.59218153223529413, 0.5851987572376129432 ) ) ;
#2659 = CARTESIAN_POINT ( 'NONE',  ( 0.000000000000000000, 142.0000000000000284, 0.000000000000000000 ) ) ;
#2660 =( BOUNDED_CURVE ( )  B_SPLINE_CURVE ( 3, ( #3535, #2661, #2710, #2308 ),
 .UNSPECIFIED., .F., .F. ) 
 B_SPLINE_CURVE_WITH_KNOTS ( ( 4, 4 ),
 ( 4.769160745248115951, 4.794254816954204301 ),
 .UNSPECIFIED. ) 
 CURVE ( )  GEOMETRIC_REPRESENTATION_ITEM ( )  RATIONAL_B_SPLINE_CURVE ( ( 1.000000000000000000, 0.9999475246521974947, 0.9999475246521974947, 1.000000000000000000 ) ) 
 REPRESENTATION_ITEM ( '' )  );
#2661 = CARTESIAN_POINT ( 'NONE',  ( 15.73707375099377082, 22.21773294430562018, -42.52204267764721379 ) ) ;
#2662 = CARTESIAN_POINT ( 'NONE',  ( -18.90966497656687650, 63.36590306363895309, 1.123016742120711786 ) ) ;
#2663 = CARTESIAN_POINT ( 'NONE',  ( 16.95942181420031858, 61.89295383695282737, -59.00919393899171439 ) ) ;
#2664 = EDGE_CURVE ( 'NONE', #1710, #1238, #2397, .T. ) ;
#2665 = CARTESIAN_POINT ( 'NONE',  ( 18.12461065998164145, 31.46815084333159973, -56.76114360607156328 ) ) ;
#2666 = CARTESIAN_POINT ( 'NONE',  ( 18.47887189269690822, 39.92743202474756004, -45.93697897615732728 ) ) ;
#2667 = CARTESIAN_POINT ( 'NONE',  ( -16.95872992813992042, 61.81913949715121959, -59.07679321938471162 ) ) ;
#2668 = B_SPLINE_CURVE_WITH_KNOTS ( 'NONE', 3,
 ( #2190, #3853, #5023, #3399, #1293, #5080, #483, #1373, #2961, #4624, #886, #2140 ),
 .UNSPECIFIED., .F., .F.,
 ( 4, 2, 2, 2, 2, 4 ),
 ( -2.257287072160939394E-05, 0.002214186498123787376, 0.003332566182546483052, 0.003891756024757836527, 0.004171350945863515867, 0.004450945866969195641 ),
 .UNSPECIFIED. ) ;
#2669 = ORIENTED_EDGE ( 'NONE', *, *, #3717, .T. ) ;
#2670 = CARTESIAN_POINT ( 'NONE',  ( 16.61733622328443971, 115.0394805907537830, 5.852302229370333286 ) ) ;
#2671 = CARTESIAN_POINT ( 'NONE',  ( -12.68970748466441734, 46.46038495710888583, -65.04694009427630874 ) ) ;
#2672 = CARTESIAN_POINT ( 'NONE',  ( -12.74731599652554692, 103.0180277450419055, -19.14740486592138069 ) ) ;
#2673 = CARTESIAN_POINT ( 'NONE',  ( 16.07306631567358934, 28.90210289050032344, -56.76532638642483874 ) ) ;
#2674 = CARTESIAN_POINT ( 'NONE',  ( -0.6253605944432838459, 103.9959687999145928, -18.19929409872463566 ) ) ;
#2675 = EDGE_LOOP ( 'NONE', ( #489, #4343, #2984, #2032 ) ) ;
#2676 = VERTEX_POINT ( 'NONE', #3218 ) ;
#2677 = CARTESIAN_POINT ( 'NONE',  ( 15.83938928506884203, 104.1001938813759438, -16.30213613670951389 ) ) ;
#2678 = CARTESIAN_POINT ( 'NONE',  ( -18.73278844261462339, 69.43242392622107673, -3.253688702623525497 ) ) ;
#2679 = ORIENTED_EDGE ( 'NONE', *, *, #5326, .F. ) ;
#2680 = CARTESIAN_POINT ( 'NONE',  ( -12.66386288627353984, 60.83376738422714425, -59.92861768124417665 ) ) ;
#2681 = CARTESIAN_POINT ( 'NONE',  ( -7.564818506065865478, 119.9534339629206130, 7.985933715559088597 ) ) ;
#2682 = LINE ( 'NONE', #5162, #792 ) ;
#2683 = B_SPLINE_CURVE_WITH_KNOTS ( 'NONE', 3,
 ( #2114, #3373, #2963, #2340 ),
 .UNSPECIFIED., .F., .F.,
 ( 4, 4 ),
 ( 0.001946576901766388767, 0.003495492414267726677 ),
 .UNSPECIFIED. ) ;
#2684 = CARTESIAN_POINT ( 'NONE',  ( 18.79420274687435466, 68.58229326886917931, -2.788866954810958365 ) ) ;
#2685 = CARTESIAN_POINT ( 'NONE',  ( -19.00000000000001776, 5.309139062947970444, 2.015600079349428864 ) ) ;
#2686 = CARTESIAN_POINT ( 'NONE',  ( -8.663192881272495427, 116.2475384582321283, -6.780874478344165013 ) ) ;
#2687 = CARTESIAN_POINT ( 'NONE',  ( -18.95047920663064644, 61.97314516772016901, -58.93482039170091014 ) ) ;
#2688 =( BOUNDED_SURFACE ( )  B_SPLINE_SURFACE ( 3, 2, ( 
 ( #4189, #3289, #4138 ),
 ( #863, #4216, #4945 ),
 ( #2042, #2553, #4162 ),
 ( #433, #4628, #5051 ),
 ( #4539, #891, #1635 ),
 ( #4649, #3781, #2144 ),
 ( #50, #3350, #2882 ),
 ( #4108, #5001, #2939 ),
 ( #5383, #4571, #809 ),
 ( #3809, #3755, #1741 ),
 ( #1660, #2966, #23 ),
 ( #2474, #3404, #915 ) ),
 .UNSPECIFIED., .F., .F., .F. ) 
 B_SPLINE_SURFACE_WITH_KNOTS ( ( 4, 2, 2, 2, 2, 4 ),
 ( 3, 3 ),
 ( 0.000000000000000000, 0.002026426363759904585, 0.003039639545639856878, 0.004052852727519809170, 0.006079279091279713755, 0.008105705455039618340 ),
 ( 0.000000000000000000, 1.000000000000000000 ),
 .UNSPECIFIED. ) 
 GEOMETRIC_REPRESENTATION_ITEM ( )  RATIONAL_B_SPLINE_SURFACE ( (
 ( 1.000000000000000000, 0.9491411679571948312, 1.000000000000000000),
 ( 1.000000000000000000, 0.9438857964841455006, 1.000000000000000000),
 ( 1.000000000000000000, 0.9362452170597782564, 1.000000000000000000),
 ( 1.000000000000000000, 0.9224871131105002453, 1.000000000000000000),
 ( 1.000000000000000000, 0.9174753688745940217, 1.000000000000000000),
 ( 1.000000000000000000, 0.9069912953680134837, 1.000000000000000000),
 ( 1.000000000000000000, 0.9015165305893948489, 1.000000000000000000),
 ( 1.000000000000000000, 0.8845317965950123540, 1.000000000000000000),
 ( 1.000000000000000000, 0.8724697194810415724, 1.000000000000000000),
 ( 1.000000000000000000, 0.8472620635970129488, 1.000000000000000000),
 ( 1.000000000000000000, 0.8342099109441688531, 1.000000000000000000),
 ( 1.000000000000000000, 0.8210472776682801177, 1.000000000000000000) ) ) 
 REPRESENTATION_ITEM ( '' )  SURFACE ( )  );
#2689 = ORIENTED_EDGE ( 'NONE', *, *, #250, .F. ) ;
#2690 = CARTESIAN_POINT ( 'NONE',  ( -8.207128124387507384, 108.9470443977466516, -15.97836112590315949 ) ) ;
#2691 = CARTESIAN_POINT ( 'NONE',  ( -14.62681344786894577, 104.3611757277803633, -16.43599212223506001 ) ) ;
#2692 = CARTESIAN_POINT ( 'NONE',  ( -18.79497767979550815, 50.57622675015434766, -45.06597398868138526 ) ) ;
#2693 = CARTESIAN_POINT ( 'NONE',  ( 18.68720460363419278, 71.79620605321601090, -3.420639755447096420 ) ) ;
#2694 = CARTESIAN_POINT ( 'NONE',  ( -19.29063300480207133, 67.69289384573286839, -2.846976797254327618 ) ) ;
#2695 = CARTESIAN_POINT ( 'NONE',  ( -15.69933977561653293, 125.3957546113756649, 6.348620357695216931 ) ) ;
#2696 = CARTESIAN_POINT ( 'NONE',  ( 9.204132895346250010, 115.2276491073573936, 6.037698095617876959 ) ) ;
#2697 = CARTESIAN_POINT ( 'NONE',  ( 18.77029551364170956, 68.28448275908205289, -2.915458328811249000 ) ) ;
#2698 = VERTEX_POINT ( 'NONE', #4904 ) ;
#2699 = EDGE_LOOP ( 'NONE', ( #2965, #4818, #1786, #3253 ) ) ;
#2700 = CARTESIAN_POINT ( 'NONE',  ( 13.76229367978023710, 104.4553398735210124, -16.78580320364207878 ) ) ;
#2701 = CARTESIAN_POINT ( 'NONE',  ( -18.75705854451813082, 48.98772314806927852, -38.24327051484213058 ) ) ;
#2702 = ORIENTED_EDGE ( 'NONE', *, *, #2648, .F. ) ;
#2703 = CARTESIAN_POINT ( 'NONE',  ( 18.76270311047990091, 68.50291064153252307, -3.218043554211918345 ) ) ;
#2704 = CARTESIAN_POINT ( 'NONE',  ( 17.36075371709950588, 19.67887497083980364, 1.295810855859583999 ) ) ;
#2705 = DIRECTION ( 'NONE',  ( 1.000000000000000000, -0.000000000000000000, -0.000000000000000000 ) ) ;
#2706 = CARTESIAN_POINT ( 'NONE',  ( 18.95805464026535248, 60.69876405404745867, 0.08213787796917559891 ) ) ;
#2707 = ORIENTED_EDGE ( 'NONE', *, *, #5366, .F. ) ;
#2708 = CARTESIAN_POINT ( 'NONE',  ( -16.88054409597890881, 55.63774103284919192, -63.11804264884299442 ) ) ;
#2709 = CARTESIAN_POINT ( 'NONE',  ( -17.93045802034104952, 27.56974543769505814, -51.25964124948589529 ) ) ;
#2710 = CARTESIAN_POINT ( 'NONE',  ( 15.73243870079107865, 22.15097437633196975, -42.34619900476455001 ) ) ;
#2711 = CIRCLE ( 'NONE', #2466, 2.000000000000003997 ) ;
#2712 = CARTESIAN_POINT ( 'NONE',  ( -9.628161818879195977, 114.5235870584565419, -5.324209095418503956 ) ) ;
#2713 = CARTESIAN_POINT ( 'NONE',  ( 15.90110132503424012, 27.06978607871667464, -49.66754663951228110 ) ) ;
#2714 = FACE_OUTER_BOUND ( 'NONE', #4670, .T. ) ;
#2715 = CARTESIAN_POINT ( 'NONE',  ( 15.80051881472862085, 110.2000000000000028, -18.19538586296678417 ) ) ;
#2716 = CARTESIAN_POINT ( 'NONE',  ( -18.64824894399864519, 45.02449172995815729, -48.76540200048551554 ) ) ;
#2717 = CARTESIAN_POINT ( 'NONE',  ( 15.55023415108231966, 106.3860754439540699, -10.07601184327719679 ) ) ;
#2718 = CARTESIAN_POINT ( 'NONE',  ( -16.95482001634954372, 60.89759661133222579, -57.19740677055758482 ) ) ;
#2719 = B_SPLINE_CURVE_WITH_KNOTS ( 'NONE', 3,
 ( #2006, #4506, #1629, #803, #5378, #401, #755, #2465, #4132, #3697, #3671, #1203, #5324, #3282, #4940, #1598 ),
 .UNSPECIFIED., .F., .F.,
 ( 4, 2, 2, 2, 2, 2, 2, 4 ),
 ( 5.386249339496437761E-05, 0.0003712136847178749131, 0.0006885648760407855028, 0.001323267258686608959, 0.002592672023978253269, 0.003862076789269898013, 0.004496779171915719735, 0.005131481554561540155 ),
 .UNSPECIFIED. ) ;
#2720 = CARTESIAN_POINT ( 'NONE',  ( -15.52179336230977924, 124.5185821945599542, 6.922392197420283111 ) ) ;
#2721 = CARTESIAN_POINT ( 'NONE',  ( 10.67924182323493199, 112.9468945146068677, -2.650057562238649300 ) ) ;
#2722 = CARTESIAN_POINT ( 'NONE',  ( -11.19295352633512408, 39.08593319552296208, -41.88827900848895069 ) ) ;
#2723 = AXIS2_PLACEMENT_3D ( 'NONE', #2769, #1129, #2795 ) ;
#2724 = CARTESIAN_POINT ( 'NONE',  ( -9.523628535348958479, 126.3068843517244062, 5.508444851584038737 ) ) ;
#2725 = CIRCLE ( 'NONE', #4893, 10.00000000000000178 ) ;
#2726 = CARTESIAN_POINT ( 'NONE',  ( -3.687485721833930086, 102.6195344546178205, -19.53374285369866215 ) ) ;
#2727 = ORIENTED_EDGE ( 'NONE', *, *, #3137, .T. ) ;
#2728 = CARTESIAN_POINT ( 'NONE',  ( -18.79723336096639130, 67.50000000000000000, -2.689885336606004707 ) ) ;
#2729 = ORIENTED_EDGE ( 'NONE', *, *, #1053, .T. ) ;
#2730 = CARTESIAN_POINT ( 'NONE',  ( 13.32835215376077720, 104.0769940214104423, -18.12074040213382276 ) ) ;
#2731 = CARTESIAN_POINT ( 'NONE',  ( -18.77080939085789879, 49.54777801830103101, -38.80348862426946965 ) ) ;
#2732 = ORIENTED_EDGE ( 'NONE', *, *, #2013, .T. ) ;
#2733 = CARTESIAN_POINT ( 'NONE',  ( 0.000000000000000000, 49.01839981629770904, -20.11482368120467257 ) ) ;
#2734 = CARTESIAN_POINT ( 'NONE',  ( 17.50414581807810421, 21.25741116009495002, 1.007235686613304537 ) ) ;
#2735 = ORIENTED_EDGE ( 'NONE', *, *, #418, .F. ) ;
#2736 = EDGE_CURVE ( 'NONE', #2483, #3303, #4700, .T. ) ;
#2737 = CARTESIAN_POINT ( 'NONE',  ( -18.74439056343010179, 48.46559019176998362, -64.97760211113889284 ) ) ;
#2738 = CARTESIAN_POINT ( 'NONE',  ( -18.06999963302679646, 30.33467141395033906, -55.47642261280881115 ) ) ;
#2739 = CARTESIAN_POINT ( 'NONE',  ( 18.94758672367464669, 60.70672501314850678, 0.7257660878747785871 ) ) ;
#2740 = EDGE_CURVE ( 'NONE', #4423, #1758, #1243, .T. ) ;
#2741 = CARTESIAN_POINT ( 'NONE',  ( 16.50901887472621610, 40.25093621943213407, -64.19031772821212201 ) ) ;
#2742 = CARTESIAN_POINT ( 'NONE',  ( 8.992703251016960664, 3.515607011258572001, 13.60080937350539187 ) ) ;
#2743 = CARTESIAN_POINT ( 'NONE',  ( -10.90219783057659164, 109.8172899622417162, -14.21973869211096186 ) ) ;
#2744 = CARTESIAN_POINT ( 'NONE',  ( 18.46626040549899272, 39.58139264736911400, -61.90326555696783117 ) ) ;
#2745 = CARTESIAN_POINT ( 'NONE',  ( -1.476416671349421799E-11, 2.641486349591146698, 16.22731298258699439 ) ) ;
#2746 = CARTESIAN_POINT ( 'NONE',  ( -15.32718956244539221, 123.0911520931855279, 7.573366987357722735 ) ) ;
#2747 = CARTESIAN_POINT ( 'NONE',  ( -18.94532612059358812, 68.05970215170754045, -1.454726533169235614 ) ) ;
#2748 = CARTESIAN_POINT ( 'NONE',  ( -14.28431103822280690, 104.4473887527738185, -16.44936816073832730 ) ) ;
#2749 = CARTESIAN_POINT ( 'NONE',  ( -18.93643943878570823, 62.13897059813079693, -58.77860322823840988 ) ) ;
#2750 = CARTESIAN_POINT ( 'NONE',  ( -17.61837355088285051, 22.20251521307514864, -42.48195880775586630 ) ) ;
#2751 = CARTESIAN_POINT ( 'NONE',  ( -10.12811148023077656, 127.2520743746049163, -4.298303689377879877 ) ) ;
#2752 = CARTESIAN_POINT ( 'NONE',  ( -4.334494123323764825, 107.0856020482711415, -17.52926622232854115 ) ) ;
#2753 =( BOUNDED_SURFACE ( )  B_SPLINE_SURFACE ( 3, 2, ( 
 ( #1022, #4328, #3920 ),
 ( #4305, #4810, #3079 ),
 ( #2235, #4406, #580 ),
 ( #168, #5193, #4782 ),
 ( #140, #3465, #970 ),
 ( #2288, #658, #4734 ) ),
 .UNSPECIFIED., .F., .F., .F. ) 
 B_SPLINE_SURFACE_WITH_KNOTS ( ( 4, 2, 4 ),
 ( 3, 3 ),
 ( -1.707618421664669484E-17, 0.001306557409147370138, 0.002613114818294757190 ),
 ( 0.000000000000000000, 1.000000000000000000 ),
 .UNSPECIFIED. ) 
 GEOMETRIC_REPRESENTATION_ITEM ( )  RATIONAL_B_SPLINE_SURFACE ( (
 ( 1.000000000000000000, 0.7363812161766924991, 1.000000000000000000),
 ( 1.000000000000000000, 0.7496188192558882468, 1.000000000000000000),
 ( 1.000000000000000000, 0.7631918186818174021, 1.000000000000000000),
 ( 1.000000000000000000, 0.7914931106109028836, 1.000000000000000000),
 ( 1.000000000000000000, 0.8062819614718319539, 1.000000000000000000),
 ( 1.000000000000000000, 0.8210472776682850027, 1.000000000000000000) ) ) 
 REPRESENTATION_ITEM ( '' )  SURFACE ( )  );
#2754 = EDGE_LOOP ( 'NONE', ( #3557, #3401, #5100, #1590 ) ) ;
#2755 = DIRECTION ( 'NONE',  ( -0.000000000000000000, 1.771470073563594553E-17, -1.000000000000000000 ) ) ;
#2756 = CARTESIAN_POINT ( 'NONE',  ( 14.17138475852889101, 104.4499915925399733, -16.53384166043202796 ) ) ;
#2757 = CARTESIAN_POINT ( 'NONE',  ( -15.98968897129079281, 103.0398806503336004, -8.814284202445655581 ) ) ;
#2758 = VERTEX_POINT ( 'NONE', #3246 ) ;
#2759 = DIRECTION ( 'NONE',  ( 1.000000000000000000, 0.000000000000000000, 0.000000000000000000 ) ) ;
#2760 = CARTESIAN_POINT ( 'NONE',  ( 17.02909676584686594, 16.26899600906282828, 3.073481833400287577 ) ) ;
#2761 = ADVANCED_FACE ( 'NONE', ( #4390 ), #1114, .T. ) ;
#2762 = ORIENTED_EDGE ( 'NONE', *, *, #1572, .F. ) ;
#2763 = CARTESIAN_POINT ( 'NONE',  ( -18.72021751110676391, 47.54246562816037880, -65.03994690812530166 ) ) ;
#2764 = CARTESIAN_POINT ( 'NONE',  ( 18.53108539367624630, 75.44408828366675834, -4.074515561784952666 ) ) ;
#2765 = CARTESIAN_POINT ( 'NONE',  ( 16.30600621514456705, 34.50894629821691950, -61.68757151180640363 ) ) ;
#2766 = CARTESIAN_POINT ( 'NONE',  ( 1.512628584072292393, 2.658521999829862814, 16.17608971760664360 ) ) ;
#2767 = CARTESIAN_POINT ( 'NONE',  ( -18.89746416907198778, 68.14089701061584492, 1.970462121752990070 ) ) ;
#2768 = CARTESIAN_POINT ( 'NONE',  ( -6.312781949980369234, 3.052658425036987033, 14.99141852400609842 ) ) ;
#2769 = CARTESIAN_POINT ( 'NONE',  ( 0.000000000000000000, 0.000000000000000000, 0.000000000000000000 ) ) ;
#2770 = CARTESIAN_POINT ( 'NONE',  ( -7.677577678906303049, 0.7059289831951167660, 14.14056608811397808 ) ) ;
#2771 = CARTESIAN_POINT ( 'NONE',  ( 5.398610558855298613, 107.4872793489965375, -17.23220104860013180 ) ) ;
#2772 = CARTESIAN_POINT ( 'NONE',  ( -18.86274199353014325, 67.85732894002968862, -1.617528750356230782 ) ) ;
#2773 = CIRCLE ( 'NONE', #2863, 2.000000000000000444 ) ;
#2774 = CARTESIAN_POINT ( 'NONE',  ( -18.93334896715854043, 62.30546662955734405, -58.61810441490842294 ) ) ;
#2775 = CARTESIAN_POINT ( 'NONE',  ( 12.69860903648296002, 44.69153659673600743, -48.76540200048551554 ) ) ;
#2776 = CARTESIAN_POINT ( 'NONE',  ( -9.934792009882029262, 126.9584795354180073, 4.727975279912154605 ) ) ;
#2777 = CARTESIAN_POINT ( 'NONE',  ( -6.790016803360839681, 31.22267510679473901, -59.18897955294786328 ) ) ;
#2778 = CARTESIAN_POINT ( 'NONE',  ( 9.574156886636421504, 109.4833788603892799, -15.16618784696371947 ) ) ;
#2779 = ORIENTED_EDGE ( 'NONE', *, *, #103, .F. ) ;
#2780 = CARTESIAN_POINT ( 'NONE',  ( 18.67560019616858469, 68.32289300659635956, 3.591280193239073881 ) ) ;
#2781 = CARTESIAN_POINT ( 'NONE',  ( -12.69098995156781307, 48.91541878313709191, -47.33275207102139603 ) ) ;
#2782 = FACE_OUTER_BOUND ( 'NONE', #5207, .T. ) ;
#2783 = CARTESIAN_POINT ( 'NONE',  ( -17.73764866847249522, 24.04084794371666334, -65.04694009427630874 ) ) ;
#2784 = ORIENTED_EDGE ( 'NONE', *, *, #4047, .F. ) ;
#2785 = CARTESIAN_POINT ( 'NONE',  ( -14.96811440075918753, 109.0697733972055090, -9.998161862162401547 ) ) ;
#2786 = LINE ( 'NONE', #2381, #4735 ) ;
#2787 = ORIENTED_EDGE ( 'NONE', *, *, #4733, .F. ) ;
#2788 = CARTESIAN_POINT ( 'NONE',  ( -18.86458675396944784, 53.89330551441035766, -63.81775586252792465 ) ) ;
#2789 = CARTESIAN_POINT ( 'NONE',  ( -18.60664730568733205, 43.67184834717858877, -62.87142270285011847 ) ) ;
#2790 = DIRECTION ( 'NONE',  ( 0.000000000000000000, 0.3549295774647824864, -0.9348930393583380072 ) ) ;
#2791 = CARTESIAN_POINT ( 'NONE',  ( -8.557669577984936993, 116.4659337986452101, -6.913117275509860882 ) ) ;
#2792 = CARTESIAN_POINT ( 'NONE',  ( -14.68173767786958805, 10.87448629578246795, -12.64365831989010935 ) ) ;
#2793 = CARTESIAN_POINT ( 'NONE',  ( -17.45161825287862811, 21.64830407079425711, 2.273518821320513972 ) ) ;
#2794 = CARTESIAN_POINT ( 'NONE',  ( 18.95589107046042798, 60.51295172222831553, 0.3993380982016712100 ) ) ;
#2795 = DIRECTION ( 'NONE',  ( 0.000000000000000000, 0.000000000000000000, 1.000000000000000000 ) ) ;
#2796 = CARTESIAN_POINT ( 'NONE',  ( -11.93654823310804147, 1.924226166331254317, 10.93154202052315682 ) ) ;
#2797 = CARTESIAN_POINT ( 'NONE',  ( 2.802631824378635006, 106.6371392092971178, -17.86097649725061132 ) ) ;
#2798 = CARTESIAN_POINT ( 'NONE',  ( 15.38698408031816101, 109.6507683087563265, -9.188880812765489736 ) ) ;
#2799 = CARTESIAN_POINT ( 'NONE',  ( -16.31160562829649052, 9.767365754683412504, 2.516902281482138903 ) ) ;
#2800 = CARTESIAN_POINT ( 'NONE',  ( -11.67711180701152607, 39.52140750860667140, -45.18475322150457174 ) ) ;
#2801 = CARTESIAN_POINT ( 'NONE',  ( -10.79357116542168171, 128.2139078979055000, -2.137248815483568265 ) ) ;
#2802 = ADVANCED_FACE ( 'NONE', ( #223, #5199 ), #992, .T. ) ;
#2803 = ADVANCED_FACE ( 'NONE', ( #5075 ), #611, .T. ) ;
#2804 = CARTESIAN_POINT ( 'NONE',  ( -5.572336311784655827, 1.355078716181244536, 12.43069008621655946 ) ) ;
#2805 = CARTESIAN_POINT ( 'NONE',  ( 9.787759586854544835, 103.9999999999988063, -18.19538586296845395 ) ) ;
#2806 = ORIENTED_EDGE ( 'NONE', *, *, #77, .F. ) ;
#2807 = CARTESIAN_POINT ( 'NONE',  ( 18.84832671269749582, 68.37115170149323262, -1.876290019421783528 ) ) ;
#2808 = CARTESIAN_POINT ( 'NONE',  ( 0.000000000000000000, 45.02449172995815729, -42.76540200048551554 ) ) ;
#2809 = CIRCLE ( 'NONE', #1852, 6.200000000000001954 ) ;
#2810 = CARTESIAN_POINT ( 'NONE',  ( -18.71055714108835843, 67.71772665067868502, 3.376554067176972485 ) ) ;
#2811 = AXIS2_PLACEMENT_3D ( 'NONE', #4303, #549, #3051 ) ;
#2812 = CARTESIAN_POINT ( 'NONE',  ( 13.24068796154634420, 4.091472047205431117, 5.222964270875266379 ) ) ;
#2813 = B_SPLINE_CURVE_WITH_KNOTS ( 'NONE', 3,
 ( #1618, #5368, #4440, #1644, #770, #307 ),
 .UNSPECIFIED., .F., .F.,
 ( 4, 2, 4 ),
 ( 0.01794932598120998340, 0.01849503090554638005, 0.01904073582988277669 ),
 .UNSPECIFIED. ) ;
#2814 = CIRCLE ( 'NONE', #731, 11.00000000000000000 ) ;
#2815 = CARTESIAN_POINT ( 'NONE',  ( 18.78075889178775881, 67.97936809303813277, -1.940917693815610301 ) ) ;
#2816 = ADVANCED_FACE ( 'NONE', ( #2622 ), #5125, .F. ) ;
#2817 = ORIENTED_EDGE ( 'NONE', *, *, #811, .F. ) ;
#2818 = CARTESIAN_POINT ( 'NONE',  ( -18.60017565708696097, 43.47134489466626661, -36.96658149507718605 ) ) ;
#2819 = CARTESIAN_POINT ( 'NONE',  ( 17.28748337879936159, 20.37535783697830993, 2.855395370339558259 ) ) ;
#2820 = EDGE_CURVE ( 'NONE', #1727, #3538, #1783, .T. ) ;
#2821 = CARTESIAN_POINT ( 'NONE',  ( -18.55636886454481171, 67.68026196809161377, 4.080057566425230320 ) ) ;
#2822 = CARTESIAN_POINT ( 'NONE',  ( -16.67127019332181703, 45.75715810536303962, -65.05464808576606117 ) ) ;
#2823 = EDGE_LOOP ( 'NONE', ( #865, #201, #2158, #2864, #1343, #4592, #4882, #1421, #978, #531, #2702, #4765, #4086 ) ) ;
#2824 = CARTESIAN_POINT ( 'NONE',  ( 18.84385243368922858, 68.36280288285438189, 1.883913567289041024 ) ) ;
#2825 = CARTESIAN_POINT ( 'NONE',  ( 0.000000000000000000, 68.50000000000000000, 0.000000000000000000 ) ) ;
#2826 = EDGE_CURVE ( 'NONE', #2758, #3924, #1054, .T. ) ;
#2827 = CARTESIAN_POINT ( 'NONE',  ( 6.237628121825364858, 0.4294601019536005149, 14.86879176746870890 ) ) ;
#2828 = ORIENTED_EDGE ( 'NONE', *, *, #1443, .F. ) ;
#2829 = CARTESIAN_POINT ( 'NONE',  ( 12.69098995156779530, 48.91541878313796587, -47.33275207102241922 ) ) ;
#2830 = CARTESIAN_POINT ( 'NONE',  ( 18.84385243369712981, 68.36280288285163920, 1.883913567287523350 ) ) ;
#2831 = CARTESIAN_POINT ( 'NONE',  ( 0.5672168519149488608, 106.3328803294820233, -18.08609706827316899 ) ) ;
#2832 = CARTESIAN_POINT ( 'NONE',  ( 15.28029093408419037, 109.3197180887093225, -9.438545979010598330 ) ) ;
#2833 = EDGE_CURVE ( 'NONE', #3265, #5024, #4962, .T. ) ;
#2834 = CARTESIAN_POINT ( 'NONE',  ( 15.86294571992613989, 103.9007288105065214, -13.19580896481108923 ) ) ;
#2835 = CARTESIAN_POINT ( 'NONE',  ( -15.73243855716943429, 22.15097262588487581, -42.34619439404483643 ) ) ;
#2836 = CARTESIAN_POINT ( 'NONE',  ( -7.565141815967002970, 121.0513092238688131, 7.985629235255641056 ) ) ;
#2837 = CARTESIAN_POINT ( 'NONE',  ( -4.963574385571789094, 104.7212996004190728, -17.49608817614254974 ) ) ;
#2838 = CARTESIAN_POINT ( 'NONE',  ( -15.90110132503419749, 25.19999999999999574, -50.37740579444184874 ) ) ;
#2839 = ORIENTED_EDGE ( 'NONE', *, *, #2826, .F. ) ;
#2840 = CARTESIAN_POINT ( 'NONE',  ( -14.91747372538406324, 107.9583441379678703, -10.63054779282634499 ) ) ;
#2841 = DIRECTION ( 'NONE',  ( 0.000000000000000000, 0.7179721976543358419, 0.6960717803469721465 ) ) ;
#2842 = CARTESIAN_POINT ( 'NONE',  ( 18.95735136296186951, 60.74630277567452197, 0.1554437622883838022 ) ) ;
#2843 = CARTESIAN_POINT ( 'NONE',  ( 12.57521386769586869, 42.24583316046268777, -48.09628215662098683 ) ) ;
#2844 = DIRECTION ( 'NONE',  ( -1.000000000000000000, 0.000000000000000000, 0.000000000000000000 ) ) ;
#2845 = ORIENTED_EDGE ( 'NONE', *, *, #878, .T. ) ;
#2846 = CARTESIAN_POINT ( 'NONE',  ( 18.78469641818007219, 68.43620598595403237, -2.786315954695336661 ) ) ;
#2847 = CARTESIAN_POINT ( 'NONE',  ( -14.70506951108495564, 5.578200176772456942, 7.416486059549591836 ) ) ;
#2848 = CARTESIAN_POINT ( 'NONE',  ( -18.61710672589724780, 67.84788181966102627, 4.093449937010160689 ) ) ;
#2849 = CARTESIAN_POINT ( 'NONE',  ( -16.12604496439599444, 30.10753762276193157, -58.13622605538471788 ) ) ;
#2850 = VERTEX_POINT ( 'NONE', #5086 ) ;
#2851 = CARTESIAN_POINT ( 'NONE',  ( 18.95605581733109446, 60.83399259345771526, 0.5344941894403465454 ) ) ;
#2852 = CARTESIAN_POINT ( 'NONE',  ( -18.64145835920226801, 66.31349855483379940, 3.666252900097107137 ) ) ;
#2853 = CARTESIAN_POINT ( 'NONE',  ( 8.712157255746973306, 2.024917344806121289, 10.66631903585835239 ) ) ;
#2854 = CARTESIAN_POINT ( 'NONE',  ( -17.72901107321244396, 23.96478521882000123, 0.4333423250622572276 ) ) ;
#2855 = CARTESIAN_POINT ( 'NONE',  ( 18.48568821285202901, 68.50000000000000000, 4.390823532917670136 ) ) ;
#2856 = CARTESIAN_POINT ( 'NONE',  ( 1.188496841918340843E-17, 104.0000000000001421, 0.000000000000000000 ) ) ;
#2857 = CARTESIAN_POINT ( 'NONE',  ( -18.83461601967344734, 67.78831698918402537, -2.500345698095077562 ) ) ;
#2858 = CARTESIAN_POINT ( 'NONE',  ( 15.77979600678822081, 104.5406499362320289, -12.20160750225895008 ) ) ;
#2859 = CARTESIAN_POINT ( 'NONE',  ( 15.35230674127376638, 123.3427204323789681, -7.482528497126189393 ) ) ;
#2860 = CARTESIAN_POINT ( 'NONE',  ( -7.565094770878497243, 121.0515396356617970, -7.985675696709144233 ) ) ;
#2861 = CARTESIAN_POINT ( 'NONE',  ( -7.192882655229523081, 103.4917283171663627, -18.68815365582256760 ) ) ;
#2862 = CARTESIAN_POINT ( 'NONE',  ( -15.82310366039105531, 89.21202859098957560, -32.53227748637438310 ) ) ;
#2863 = AXIS2_PLACEMENT_3D ( 'NONE', #4960, #750, #3745 ) ;
#2864 = ORIENTED_EDGE ( 'NONE', *, *, #4119, .T. ) ;
#2865 = CARTESIAN_POINT ( 'NONE',  ( 18.89038654066966316, 68.34954960215861774, -0.8909615945290856320 ) ) ;
#2866 = CARTESIAN_POINT ( 'NONE',  ( 12.49221680429717729, 43.72782975392441784, -36.90421737015851278 ) ) ;
#2867 = LINE ( 'NONE', #5348, #2457 ) ;
#2868 = CARTESIAN_POINT ( 'NONE',  ( 17.89828919428847342, 26.96376431253756323, -49.66754663951228110 ) ) ;
#2869 =( BOUNDED_SURFACE ( )  B_SPLINE_SURFACE ( 3, 2, ( 
 ( #2894, #4845, #4553 ),
 ( #5256, #1113, #2780 ),
 ( #4443, #309, #3637 ),
 ( #5284, #3217, #4872 ) ),
 .UNSPECIFIED., .F., .F., .F. ) 
 B_SPLINE_SURFACE_WITH_KNOTS ( ( 4, 4 ),
 ( 3, 3 ),
 ( -3.202837919085344578E-05, 0.002706316276664079944 ),
 ( 0.2737109967729800530, 1.000000000000000000 ),
 .UNSPECIFIED. ) 
 GEOMETRIC_REPRESENTATION_ITEM ( )  RATIONAL_B_SPLINE_SURFACE ( (
 ( 1.000000000000000000, 1.000000000000000000, 1.000000000000000000),
 ( 0.9999762282266366764, 0.9999565750487857674, 1.000000000000000000),
 ( 0.9952518891006238988, 0.9913264155343488593, 1.000000000000000000),
 ( 0.9852732739231918613, 0.9730980372538290402, 1.000000000000000000) ) ) 
 REPRESENTATION_ITEM ( '' )  SURFACE ( )  );
#2870 = CARTESIAN_POINT ( 'NONE',  ( 14.86880485497707838, 3.521642750095888896, 6.723908337851548289 ) ) ;
#2871 = CARTESIAN_POINT ( 'NONE',  ( 18.77227786012178257, 68.22733791927689140, -2.829768422084142809 ) ) ;
#2872 = VERTEX_POINT ( 'NONE', #3485 ) ;
#2873 = ADVANCED_FACE ( 'NONE', ( #493 ), #5294, .F. ) ;
#2874 = CARTESIAN_POINT ( 'NONE',  ( -18.44688158780959242, 39.06392402511501416, -41.97508194741243415 ) ) ;
#2875 = CARTESIAN_POINT ( 'NONE',  ( 0.000000000000000000, 142.0000000000000284, 0.000000000000000000 ) ) ;
#2876 = CARTESIAN_POINT ( 'NONE',  ( 16.95872992813994529, 61.81913949715122669, -59.07679321938471162 ) ) ;
#2877 = B_SPLINE_CURVE_WITH_KNOTS ( 'NONE', 3,
 ( #3899, #171, #1417, #4032, #275, #1612, #1187, #5248 ),
 .UNSPECIFIED., .F., .F.,
 ( 4, 2, 2, 4 ),
 ( 8.673617379884035472E-19, 0.001266241392907179429, 0.002532482785814356690, 0.005064965571628704706 ),
 .UNSPECIFIED. ) ;
#2878 = CARTESIAN_POINT ( 'NONE',  ( -15.90110132503419749, 25.19999999999999574, -50.37740579444184874 ) ) ;
#2879 = ORIENTED_EDGE ( 'NONE', *, *, #4908, .T. ) ;
#2880 = VECTOR ( 'NONE', #3300, 1000.000000000000000 ) ;
#2881 = CARTESIAN_POINT ( 'NONE',  ( -18.91879591887650491, 62.92043784072340173, 1.016938555435140890 ) ) ;
#2882 = CARTESIAN_POINT ( 'NONE',  ( -15.75742190133662390, 104.7116576368185150, -11.96413429546721829 ) ) ;
#2883 = EDGE_LOOP ( 'NONE', ( #3522, #2582, #5019 ) ) ;
#2884 = CARTESIAN_POINT ( 'NONE',  ( -13.97274805978830514, 5.290454533942290816, 2.064815577916415901 ) ) ;
#2885 = CARTESIAN_POINT ( 'NONE',  ( -15.28915635911033277, 122.5842211185853188, -7.728295356846786923 ) ) ;
#2886 = CARTESIAN_POINT ( 'NONE',  ( -18.79854423363462601, 67.55745922258677183, -2.673446122784305157 ) ) ;
#2887 = CARTESIAN_POINT ( 'NONE',  ( 18.95862431618455801, 60.44783056776785202, -57.60184944659256701 ) ) ;
#2888 = CARTESIAN_POINT ( 'NONE',  ( 15.79767576815599384, 125.7900901884693781, 6.023571047788760069 ) ) ;
#2889 = CARTESIAN_POINT ( 'NONE',  ( -7.549834435270745381, 120.5000000000000142, -8.000000000000003553 ) ) ;
#2890 = CARTESIAN_POINT ( 'NONE',  ( 13.83613108501115008, 4.799378669307714063, 3.358321210563492976 ) ) ;
#2891 = CARTESIAN_POINT ( 'NONE',  ( 11.74104058897199998, 109.8726271249037154, -13.52061704138222531 ) ) ;
#2892 = CARTESIAN_POINT ( 'NONE',  ( 12.88065728610229499, 104.0000000000000000, -18.19538586296676641 ) ) ;
#2893 = ORIENTED_EDGE ( 'NONE', *, *, #248, .T. ) ;
#2894 = CARTESIAN_POINT ( 'NONE',  ( 18.48568821285194730, 68.50000000000007105, 4.390823532918202154 ) ) ;
#2895 = CARTESIAN_POINT ( 'NONE',  ( 18.70722467170778458, 70.07520411816793171, -3.609751059363126569 ) ) ;
#2896 = CARTESIAN_POINT ( 'NONE',  ( -17.89626460375476213, 84.25000510225568462, -6.029128231765694679 ) ) ;
#2897 = CARTESIAN_POINT ( 'NONE',  ( -15.96406220642265517, 116.9475029005653681, 7.172624207297544352 ) ) ;
#2898 = CARTESIAN_POINT ( 'NONE',  ( 12.69990360011236596, 44.03136914534941582, -48.68264016807180639 ) ) ;
#2899 = CYLINDRICAL_SURFACE ( 'NONE', #3160, 382.1080052622554035 ) ;
#2900 = ORIENTED_EDGE ( 'NONE', *, *, #3568, .T. ) ;
#2901 = CARTESIAN_POINT ( 'NONE',  ( -18.55254725084632383, 42.02163854452149394, -37.55589528200432170 ) ) ;
#2902 = ADVANCED_FACE ( 'NONE', ( #1380 ), #4190, .T. ) ;
#2903 = AXIS2_PLACEMENT_3D ( 'NONE', #2246, #1713, #510 ) ;
#2904 = AXIS2_PLACEMENT_3D ( 'NONE', #722, #3140, #1862 ) ;
#2905 = CARTESIAN_POINT ( 'NONE',  ( 18.89376075076570771, 55.59178164268690381, -60.91729908379254965 ) ) ;
#2906 = AXIS2_PLACEMENT_3D ( 'NONE', #1340, #4663, #505 ) ;
#2907 = CARTESIAN_POINT ( 'NONE',  ( -15.93313550820348112, 25.86163342598261394, -52.12016414379167628 ) ) ;
#2908 = EDGE_CURVE ( 'NONE', #3473, #3397, #2919, .T. ) ;
#2909 = ORIENTED_EDGE ( 'NONE', *, *, #650, .T. ) ;
#2910 = CARTESIAN_POINT ( 'NONE',  ( -16.91348608462743996, 57.86147397784225888, -61.99509302580477765 ) ) ;
#2911 = CARTESIAN_POINT ( 'NONE',  ( -8.197075081135498209, 1.882249211639360764, 11.04211032828476924 ) ) ;
#2912 = CARTESIAN_POINT ( 'NONE',  ( -18.93621109189281526, 62.02184625302461995, 1.270862996591794580 ) ) ;
#2913 = CARTESIAN_POINT ( 'NONE',  ( -18.79648387543698362, 67.50675732163996656, -2.717406922448108997 ) ) ;
#2914 = CARTESIAN_POINT ( 'NONE',  ( -17.84726201887463759, 85.24559814108545197, -6.033027331648719738 ) ) ;
#2915 = CARTESIAN_POINT ( 'NONE',  ( -12.69925497587257546, 44.35973161574722212, -48.73775104514907497 ) ) ;
#2916 = ORIENTED_EDGE ( 'NONE', *, *, #379, .T. ) ;
#2917 = CARTESIAN_POINT ( 'NONE',  ( -12.69990360011238195, 49.06713086492845122, -20.12341627987647286 ) ) ;
#2918 = CARTESIAN_POINT ( 'NONE',  ( 18.79135607699994281, 50.41847486794348043, -45.42247929223218961 ) ) ;
#2919 = CIRCLE ( 'NONE', #1955, 6.200000000000000178 ) ;
#2920 = CARTESIAN_POINT ( 'NONE',  ( 15.32234466824626828, 123.0959999786957297, 7.585055266833350629 ) ) ;
#2921 = CARTESIAN_POINT ( 'NONE',  ( 15.34529604163921412, 104.2314744234629273, -16.34559591866120698 ) ) ;
#2922 = CARTESIAN_POINT ( 'NONE',  ( 17.59892579418928804, 22.13389438643666907, -42.30120990077977439 ) ) ;
#2923 = CARTESIAN_POINT ( 'NONE',  ( 18.62438533501614302, 44.23839414992619368, -48.72651204182955809 ) ) ;
#2924 = CARTESIAN_POINT ( 'NONE',  ( -2.256089327301062486, 106.5244902294546421, -17.94432102689635045 ) ) ;
#2925 = CARTESIAN_POINT ( 'NONE',  ( 13.97274805978834777, 7.160240612658914650, 2.774674732846117653 ) ) ;
#2926 = CARTESIAN_POINT ( 'NONE',  ( -17.60343457455430283, 22.88919808899937536, 1.554640181775262642 ) ) ;
#2927 = FACE_OUTER_BOUND ( 'NONE', #5031, .T. ) ;
#2928 = CARTESIAN_POINT ( 'NONE',  ( 14.88351559762513432, 106.1307231498049362, -12.47067787203953593 ) ) ;
#2929 = CARTESIAN_POINT ( 'NONE',  ( 16.02173660415298784, 102.6521154222316454, -16.33400176405679005 ) ) ;
#2930 = CARTESIAN_POINT ( 'NONE',  ( 12.66988182422664089, 43.11348956439506708, -48.45607413371491390 ) ) ;
#2931 = CARTESIAN_POINT ( 'NONE',  ( -21.50481532079390590, 45.02449172995815729, -48.76540200048551554 ) ) ;
#2932 = EDGE_LOOP ( 'NONE', ( #1148, #516, #3585, #3883, #2779, #3871, #399 ) ) ;
#2933 = CARTESIAN_POINT ( 'NONE',  ( -12.68970748466441734, 46.46038495710888583, -65.04694009427630874 ) ) ;
#2934 = CARTESIAN_POINT ( 'NONE',  ( 15.80510667029809824, 6.443174083195262192, 4.377934555734730004 ) ) ;
#2935 = VERTEX_POINT ( 'NONE', #1839 ) ;
#2936 =( BOUNDED_SURFACE ( )  B_SPLINE_SURFACE ( 3, 2, ( 
 ( #4350, #4379, #600 ),
 ( #2312, #3569, #3971 ),
 ( #5112, #5189, #2743 ),
 ( #238, #2258, #546 ),
 ( #3866, #1897, #5166 ),
 ( #1465, #1794, #3120 ),
 ( #1018, #1384, #2690 ),
 ( #3048, #4778, #624 ),
 ( #576, #2229, #2284 ),
 ( #3891, #5137, #3625 ) ),
 .UNSPECIFIED., .F., .F., .T. ) 
 B_SPLINE_SURFACE_WITH_KNOTS ( ( 4, 2, 2, 2, 4 ),
 ( 3, 3 ),
 ( 0.01198932952844502554, 0.01420674308113519663, 0.01642415663382536944, 0.01864157018651554226, 0.02085898373920571161 ),
 ( 0.000000000000000000, 1.000000000000000000 ),
 .UNSPECIFIED. ) 
 GEOMETRIC_REPRESENTATION_ITEM ( )  RATIONAL_B_SPLINE_SURFACE ( (
 ( 1.000000000000000000, 0.7255350014397744518, 1.000000000000000000),
 ( 1.000000000000000000, 0.7457900349369162019, 1.000000000000000000),
 ( 1.000000000000000000, 0.7654931541078784374, 1.000000000000000000),
 ( 1.000000000000000000, 0.8032932351396420145, 1.000000000000000000),
 ( 1.000000000000000000, 0.8214653574942268888, 1.000000000000000000),
 ( 1.000000000000000000, 0.8550253549733789482, 1.000000000000000000),
 ( 1.000000000000000000, 0.8705303629743503802, 1.000000000000000000),
 ( 1.000000000000000000, 0.8989989892436096586, 1.000000000000000000),
 ( 1.000000000000000000, 0.9119624684799026992, 1.000000000000000000),
 ( 1.000000000000000000, 0.9236477048767530729, 1.000000000000000000) ) ) 
 REPRESENTATION_ITEM ( '' )  SURFACE ( )  );
#2937 = CARTESIAN_POINT ( 'NONE',  ( 18.95805464026534182, 60.69876405404755104, -57.41555342542512363 ) ) ;
#2938 = CARTESIAN_POINT ( 'NONE',  ( -1.702033637464539950, 0.9759038801255813800, 13.42944571954624777 ) ) ;
#2939 = CARTESIAN_POINT ( 'NONE',  ( -15.83328701287673290, 104.1307340443308505, -12.79442070346662774 ) ) ;
#2940 = EDGE_CURVE ( 'NONE', #509, #3964, #1708, .T. ) ;
#2941 = CARTESIAN_POINT ( 'NONE',  ( 10.08058537171405789, 33.90652935393262624, -61.27102384209792518 ) ) ;
#2942 = ORIENTED_EDGE ( 'NONE', *, *, #1780, .T. ) ;
#2943 = CARTESIAN_POINT ( 'NONE',  ( -18.80482805660043510, 67.62490449468069187, -2.589521669777594681 ) ) ;
#2944 = CARTESIAN_POINT ( 'NONE',  ( 18.78700635433750321, 50.23032419041479812, -39.75652032200471098 ) ) ;
#2945 = CARTESIAN_POINT ( 'NONE',  ( 16.38757926881533322, 127.6861446127556547, -3.553821630448221747 ) ) ;
#2946 = CARTESIAN_POINT ( 'NONE',  ( 18.96537414812652855, 68.53971812339887038, -1.212349600992570497 ) ) ;
#2947 = CARTESIAN_POINT ( 'NONE',  ( -12.69648923461003953, 42.96123907053172530, -64.84458612075918893 ) ) ;
#2948 = CARTESIAN_POINT ( 'NONE',  ( 13.52557795726389678, 106.3132899915151768, -10.09574877917231461 ) ) ;
#2949 = CARTESIAN_POINT ( 'NONE',  ( -0.5656135053036375204, 106.3328803294816680, -18.08609706827341768 ) ) ;
#2950 = DIRECTION ( 'NONE',  ( 0.000000000000000000, 0.000000000000000000, -1.000000000000000000 ) ) ;
#2951 = CARTESIAN_POINT ( 'NONE',  ( 12.13274985437051079, 40.50357674696773103, -46.72744304734953857 ) ) ;
#2952 = CARTESIAN_POINT ( 'NONE',  ( 15.44999491720835039, 107.0039811136050218, -10.69321010217402090 ) ) ;
#2953 = CARTESIAN_POINT ( 'NONE',  ( 12.66150770507543122, 62.28974017202617119, -58.63335116586625162 ) ) ;
#2954 = CARTESIAN_POINT ( 'NONE',  ( 8.259195393074580949, 123.8559418702622992, -7.266633845008659165 ) ) ;
#2955 = B_SPLINE_CURVE_WITH_KNOTS ( 'NONE', 3,
 ( #100, #3855, #3019, #4722, #594, #4671, #1832, #4647 ),
 .UNSPECIFIED., .F., .F.,
 ( 4, 2, 2, 4 ),
 ( 2.034120652189237997E-15, 0.001825565025000278237, 0.002738347537499410782, 0.003651130049998543327 ),
 .UNSPECIFIED. ) ;
#2956 = CARTESIAN_POINT ( 'NONE',  ( -9.529673592551423766, 109.4685519142267793, -15.19505061108248078 ) ) ;
#2957 = EDGE_LOOP ( 'NONE', ( #3942, #2669 ) ) ;
#2958 = CARTESIAN_POINT ( 'NONE',  ( -18.58775657304642692, 43.08385985618481584, -48.45632326619358565 ) ) ;
#2959 = ORIENTED_EDGE ( 'NONE', *, *, #4995, .T. ) ;
#2960 = DIRECTION ( 'NONE',  ( 1.000000000000000000, -0.000000000000000000, -0.000000000000000000 ) ) ;
#2961 = CARTESIAN_POINT ( 'NONE',  ( 12.42855678907074513, 103.1211458831647150, -19.04743215636001352 ) ) ;
#2962 = VERTEX_POINT ( 'NONE', #3888 ) ;
#2963 = CARTESIAN_POINT ( 'NONE',  ( -13.22719403814321026, 102.8389687800969625, -19.32100196748535481 ) ) ;
#2964 = CARTESIAN_POINT ( 'NONE',  ( -6.239190111869326927, 0.4590250992968066268, 14.79091685373606246 ) ) ;
#2965 = ORIENTED_EDGE ( 'NONE', *, *, #3383, .F. ) ;
#2966 = CARTESIAN_POINT ( 'NONE',  ( -15.82548807345293795, 104.2052648395111447, -15.70664913951143582 ) ) ;
#2967 =( BOUNDED_SURFACE ( )  B_SPLINE_SURFACE ( 3, 2, ( 
 ( #2480, #414, #2921 ),
 ( #1220, #4578, #842 ),
 ( #4118, #2506, #4167 ),
 ( #439, #1697, #5007 ) ),
 .UNSPECIFIED., .F., .F., .T. ) 
 B_SPLINE_SURFACE_WITH_KNOTS ( ( 4, 4 ),
 ( 3, 3 ),
 ( 0.02373962174484815779, 0.02527298107994109880 ),
 ( 0.000000000000000000, 1.000000000000000000 ),
 .UNSPECIFIED. ) 
 GEOMETRIC_REPRESENTATION_ITEM ( )  RATIONAL_B_SPLINE_SURFACE ( (
 ( 1.000000000000000000, 0.9517820748186971436, 1.000000000000000000),
 ( 1.000000000000000000, 0.9551541538416133958, 1.000000000000000000),
 ( 1.000000000000000000, 0.9583374720911082001, 1.000000000000000000),
 ( 1.000000000000000000, 0.9612585214637877629, 1.000000000000000000) ) ) 
 REPRESENTATION_ITEM ( '' )  SURFACE ( )  );
#2968 = CARTESIAN_POINT ( 'NONE',  ( 12.71263053400524967, 61.81932039304412285, -59.08942165736475260 ) ) ;
#2969 = ORIENTED_EDGE ( 'NONE', *, *, #327, .F. ) ;
#2970 = CARTESIAN_POINT ( 'NONE',  ( 16.64191712408691615, 12.62732713411530483, 2.224210687832888667 ) ) ;
#2971 = CARTESIAN_POINT ( 'NONE',  ( -14.18782809639209574, 102.5807007320236863, -19.57139202522912669 ) ) ;
#2972 = CARTESIAN_POINT ( 'NONE',  ( 18.74946695995481960, 48.68456546793362349, -37.99465981996934971 ) ) ;
#2973 = CARTESIAN_POINT ( 'NONE',  ( 18.97016610533949432, 68.76221517602920130, 1.134108188362827452 ) ) ;
#2974 = CARTESIAN_POINT ( 'NONE',  ( 17.73290243646655284, 23.95733579937174795, -41.81218813843685922 ) ) ;
#2975 = CARTESIAN_POINT ( 'NONE',  ( 9.986895047825321114, 109.6125362863437260, -14.89015622447943521 ) ) ;
#2976 = DIRECTION ( 'NONE',  ( 0.000000000000000000, 0.1736481776669343557, 0.9848077530122072432 ) ) ;
#2977 = CARTESIAN_POINT ( 'NONE',  ( 18.77029551364170956, 68.28448275908205289, -2.915458328811249000 ) ) ;
#2978 = CARTESIAN_POINT ( 'NONE',  ( -17.28748337870693064, 20.37535783703840409, 2.855395370960830626 ) ) ;
#2979 = CARTESIAN_POINT ( 'NONE',  ( 18.95691195613635927, 60.77587686707564529, -57.34341770746112843 ) ) ;
#2980 = CARTESIAN_POINT ( 'NONE',  ( 15.83938928506882959, 104.1001938813760006, -16.30213613670855466 ) ) ;
#2981 = CARTESIAN_POINT ( 'NONE',  ( -10.95668273619141075, 74.86609957981555397, -61.06797324120504555 ) ) ;
#2982 = EDGE_CURVE ( 'NONE', #284, #2556, #1523, .T. ) ;
#2983 = CARTESIAN_POINT ( 'NONE',  ( -16.30523957164859183, 34.49809927287083156, -61.65509869746715310 ) ) ;
#2984 = ORIENTED_EDGE ( 'NONE', *, *, #2982, .F. ) ;
#2985 = AXIS2_PLACEMENT_3D ( 'NONE', #2068, #4574, #4164 ) ;
#2986 = B_SPLINE_CURVE_WITH_KNOTS ( 'NONE', 3,
 ( #4412, #4896, #3603, #5250, #1164, #1472, #4387, #4468, #4785, #1083, #4492, #1964, #662, #3184 ),
 .UNSPECIFIED., .F., .F.,
 ( 4, 2, 2, 2, 2, 2, 4 ),
 ( 9.825336557208114419E-17, 0.001747761991354174552, 0.003495523982708251091, 0.004369404978385277652, 0.005243285974062305080, 0.006117166969739332508, 0.006991047965416359936 ),
 .UNSPECIFIED. ) ;
#2987 = DIRECTION ( 'NONE',  ( 0.000000000000000000, -1.000000000000000000, -2.998083606695239345E-16 ) ) ;
#2988 = EDGE_CURVE ( 'NONE', #4218, #4289, #2047, .T. ) ;
#2989 = CARTESIAN_POINT ( 'NONE',  ( 15.06820333138981027, 5.785359265322552957, 6.681427467759568195 ) ) ;
#2990 = ORIENTED_EDGE ( 'NONE', *, *, #327, .T. ) ;
#2991 = CARTESIAN_POINT ( 'NONE',  ( 12.68970748466442444, 46.46038495710888583, -65.04694009427630874 ) ) ;
#2992 = CARTESIAN_POINT ( 'NONE',  ( 16.88644810857162781, 56.00497933274465368, -62.95898287836656948 ) ) ;
#2993 = CARTESIAN_POINT ( 'NONE',  ( -15.30825329149305425, 120.4999999999767084, 8.000000000000003553 ) ) ;
#2994 = VECTOR ( 'NONE', #1773, 1000.000000000000000 ) ;
#2995 = VECTOR ( 'NONE', #1081, 1000.000000000000227 ) ;
#2996 = AXIS2_PLACEMENT_3D ( 'NONE', #3945, #3077, #4277 ) ;
#2997 = CARTESIAN_POINT ( 'NONE',  ( -13.94115334341091383, 5.041613236687079613, 2.720269536897558016 ) ) ;
#2998 = ORIENTED_EDGE ( 'NONE', *, *, #411, .F. ) ;
#2999 = CARTESIAN_POINT ( 'NONE',  ( 17.73764866847272614, 24.04084794371777889, -41.98816653507076069 ) ) ;
#3000 = CARTESIAN_POINT ( 'NONE',  ( 18.73701595124428820, 48.20035612589065721, -47.85977754115977234 ) ) ;
#3001 = CARTESIAN_POINT ( 'NONE',  ( 18.74536006551280209, 48.50381367539492317, -64.97391222748731821 ) ) ;
#3002 = DIRECTION ( 'NONE',  ( 0.3498613929078990825, -0.9368014761690679482, 0.000000000000000000 ) ) ;
#3003 = CARTESIAN_POINT ( 'NONE',  ( -12.76810326090456726, 103.0104225436559062, -19.15477808466988208 ) ) ;
#3004 = B_SPLINE_CURVE_WITH_KNOTS ( 'NONE', 3,
 ( #993, #2255, #1379, #3914 ),
 .UNSPECIFIED., .F., .F.,
 ( 4, 4 ),
 ( 0.000000000000000000, 0.0003167766673236683335 ),
 .UNSPECIFIED. ) ;
#3005 = EDGE_CURVE ( 'NONE', #1093, #2549, #553, .T. ) ;
#3006 = CARTESIAN_POINT ( 'NONE',  ( 17.64981628519705481, 23.28085863389069843, 1.259700530245884798 ) ) ;
#3007 = CARTESIAN_POINT ( 'NONE',  ( 0.000000000000000000, 11.00977043699427682, -13.00000000000000178 ) ) ;
#3008 = EDGE_CURVE ( 'NONE', #2850, #4105, #519, .T. ) ;
#3009 = CARTESIAN_POINT ( 'NONE',  ( -17.60615045592165018, 22.42893663268676363, 0.7304527476257932639 ) ) ;
#3010 = CARTESIAN_POINT ( 'NONE',  ( -12.68434670114789320, 103.0399621110212109, -19.12613956730970344 ) ) ;
#3011 = CARTESIAN_POINT ( 'NONE',  ( 17.88676147535235472, 26.70098284774269004, -53.71422648148246282 ) ) ;
#3012 = DIRECTION ( 'NONE',  ( 1.000000000000000000, 0.000000000000000000, 0.000000000000000000 ) ) ;
#3013 = CARTESIAN_POINT ( 'NONE',  ( -16.62850778047053169, 44.18317506426465258, -64.96174167618927697 ) ) ;
#3014 = ORIENTED_EDGE ( 'NONE', *, *, #4110, .F. ) ;
#3015 = CARTESIAN_POINT ( 'NONE',  ( -18.92168852202012275, 62.78017967676898792, 1.585194584449044930 ) ) ;
#3016 = ORIENTED_EDGE ( 'NONE', *, *, #4673, .T. ) ;
#3017 = EDGE_LOOP ( 'NONE', ( #5124, #5175, #1733, #2959, #1144 ) ) ;
#3018 = B_SPLINE_CURVE_WITH_KNOTS ( 'NONE', 3,
 ( #710, #3183, #5341, #2368, #4437, #1613, #249, #3157, #3239, #1907, #5249, #3269, #742, #4815, #4033, #336, #4466, #3577, #1558, #2722, #1963, #2320, #4062, #4926, #360, #1993, #2800, #4386, #3979, #5222, #303, #3660, #4866, #3632, #5278, #1134, #3209, #5309, #1530, #3601, #2018, #767 ),
 .UNSPECIFIED., .F., .F.,
 ( 4, 2, 2, 2, 2, 2, 2, 2, 2, 2, 2, 2, 2, 2, 2, 2, 2, 2, 2, 2, 4 ),
 ( 0.01904073582988277669, 0.01960416281815435813, 0.02016758980642593610, 0.02129444378296909898, 0.02242129775951226534, 0.02354815173605542822, 0.02467500571259859110, 0.02580185968914175398, 0.02692871366568491687, 0.02749214065395651219, 0.02805556764222810057, 0.02918242161877126692, 0.03030927559531443327, 0.03143612957185759615, 0.03256298354840076598, 0.03312641053667234048, 0.03368983752494392192, 0.03481669150148707093, 0.03538011848975863155, 0.03594354547803019218, 0.03707039945457332730 ),
 .UNSPECIFIED. ) ;
#3019 = CARTESIAN_POINT ( 'NONE',  ( 14.34531367715656103, 104.0194930975196144, -17.59489082457099585 ) ) ;
#3020 = CARTESIAN_POINT ( 'NONE',  ( 16.94892639259703770, 60.77324257099217419, -60.03462715468280919 ) ) ;
#3021 = CARTESIAN_POINT ( 'NONE',  ( -17.35357000437988262, 113.3376071479111857, -3.573334707845046143 ) ) ;
#3022 = CARTESIAN_POINT ( 'NONE',  ( -17.73764866847260535, 24.04084794371666334, -7.875805736371929553E-16 ) ) ;
#3023 = CARTESIAN_POINT ( 'NONE',  ( -18.93800552510115054, 61.92596158015722807, 0.7487984565261990300 ) ) ;
#3024 = CARTESIAN_POINT ( 'NONE',  ( -15.74087083618916338, 22.28454441212583603, -42.69802568999740799 ) ) ;
#3025 = CARTESIAN_POINT ( 'NONE',  ( 16.64809758368915382, 44.84693384595104249, -65.06487133778102816 ) ) ;
#3026 = CARTESIAN_POINT ( 'NONE',  ( 18.07093781487791517, 30.35391359889536744, -55.49972677670730548 ) ) ;
#3027 = CARTESIAN_POINT ( 'NONE',  ( 18.53007081523607269, 41.36509497092020382, -37.99449162859909279 ) ) ;
#3028 = CARTESIAN_POINT ( 'NONE',  ( 17.58793458276554489, 22.75989995089052087, 1.640347797918971562 ) ) ;
#3029 = CARTESIAN_POINT ( 'NONE',  ( 12.69520507483659166, 46.46577089090047963, -48.76540200048551554 ) ) ;
#3030 = CARTESIAN_POINT ( 'NONE',  ( -17.71107219081275019, 23.80830913831246320, 0.7017077211288840211 ) ) ;
#3031 = CARTESIAN_POINT ( 'NONE',  ( -13.56384974417194478, 104.1335883470004404, -18.06587238203533374 ) ) ;
#3032 = CARTESIAN_POINT ( 'NONE',  ( 18.29130384046113633, 35.15811268517742860, -62.06093868030895777 ) ) ;
#3033 = CARTESIAN_POINT ( 'NONE',  ( 2.961874465059253669, 102.5011830639464421, -19.64848415354332190 ) ) ;
#3034 = CARTESIAN_POINT ( 'NONE',  ( -4.368814859155420116, 104.5522867583354696, -17.65994559328258262 ) ) ;
#3035 = ORIENTED_EDGE ( 'NONE', *, *, #3962, .T. ) ;
#3036 = CARTESIAN_POINT ( 'NONE',  ( -16.05846906110115313, 102.3586894010891655, -16.92787982136434977 ) ) ;
#3037 = CARTESIAN_POINT ( 'NONE',  ( -8.959152375961897619, 60.55059688862590406, -6.740728372870644106E-17 ) ) ;
#3038 = EDGE_CURVE ( 'NONE', #985, #1153, #3981, .T. ) ;
#3039 = ORIENTED_EDGE ( 'NONE', *, *, #4966, .F. ) ;
#3040 = CARTESIAN_POINT ( 'NONE',  ( 14.70387119691919331, 105.0291236249894666, -14.51716839907039613 ) ) ;
#3041 = VECTOR ( 'NONE', #5188, 999.9999999999998863 ) ;
#3042 = CARTESIAN_POINT ( 'NONE',  ( 17.72096731366899292, 23.79875951635930775, 0.3518516802844712243 ) ) ;
#3043 = CARTESIAN_POINT ( 'NONE',  ( 13.70149783826838785, 102.6978459091215399, -19.45782014563829421 ) ) ;
#3044 =( BOUNDED_SURFACE ( )  B_SPLINE_SURFACE ( 3, 2, ( 
 ( #396, #3721, #4475 ),
 ( #1649, #4559, #3308 ),
 ( #3693, #4961, #4152 ),
 ( #344, #1230, #2002 ) ),
 .UNSPECIFIED., .F., .F., .F. ) 
 B_SPLINE_SURFACE_WITH_KNOTS ( ( 4, 4 ),
 ( 3, 3 ),
 ( -1.662872675776889172E-05, 0.0005257027429528104544 ),
 ( 0.000000000000000000, 1.000000000000000000 ),
 .UNSPECIFIED. ) 
 GEOMETRIC_REPRESENTATION_ITEM ( )  RATIONAL_B_SPLINE_SURFACE ( (
 ( 1.000000000000000000, 1.000000000000000000, 1.000000000000000000),
 ( 1.000000000000000000, 0.9999986944513574727, 1.000000000000000000),
 ( 1.000000000000000000, 0.9993037612299927597, 1.000000000000000000),
 ( 1.000000000000000000, 0.9978773425251038498, 1.000000000000000000) ) ) 
 REPRESENTATION_ITEM ( '' )  SURFACE ( )  );
#3045 = CARTESIAN_POINT ( 'NONE',  ( 18.76436137708992291, 68.45453071978680271, -3.110187694145342796 ) ) ;
#3046 = DIRECTION ( 'NONE',  ( -1.000000000000000000, 0.000000000000000000, 0.000000000000000000 ) ) ;
#3047 = CARTESIAN_POINT ( 'NONE',  ( 8.985452276895879109, 125.3853726776505368, 6.354949435993337836 ) ) ;
#3048 = CARTESIAN_POINT ( 'NONE',  ( -9.787759586900358855, 104.0000000000005969, -18.19538586296592797 ) ) ;
#3049 = EDGE_CURVE ( 'NONE', #5283, #1093, #1486, .T. ) ;
#3050 = CARTESIAN_POINT ( 'NONE',  ( -14.19658695991196851, 102.5785938850770975, -19.57343460669651236 ) ) ;
#3051 = DIRECTION ( 'NONE',  ( -1.224646799147353207E-16, 0.000000000000000000, -1.000000000000000000 ) ) ;
#3052 = CARTESIAN_POINT ( 'NONE',  ( 17.79527804177720540, 85.55596681308192331, -6.664323025343557916 ) ) ;
#3053 = CARTESIAN_POINT ( 'NONE',  ( 15.42129941920178560, 119.4393920307371530, 7.933854926529978258 ) ) ;
#3054 = CARTESIAN_POINT ( 'NONE',  ( -15.95051717590430584, 126.3408935396797546, -5.472718298652217150 ) ) ;
#3055 = AXIS2_PLACEMENT_3D ( 'NONE', #4771, #4269, #5084 ) ;
#3056 = CARTESIAN_POINT ( 'NONE',  ( -13.91226511650392084, 104.4541799673413323, -16.70050834501565262 ) ) ;
#3057 = CARTESIAN_POINT ( 'NONE',  ( 18.08388985576702268, 30.62044701397461210, -55.81575563717316157 ) ) ;
#3058 = CARTESIAN_POINT ( 'NONE',  ( 18.64824894399861677, 45.02449172995815729, -36.76540200048550133 ) ) ;
#3059 = ORIENTED_EDGE ( 'NONE', *, *, #5329, .F. ) ;
#3060 = CARTESIAN_POINT ( 'NONE',  ( 18.58477670826867012, 67.14967709211579461, 3.954178633569940260 ) ) ;
#3061 = ORIENTED_EDGE ( 'NONE', *, *, #3049, .T. ) ;
#3062 = DIRECTION ( 'NONE',  ( -0.000000000000000000, -0.000000000000000000, 1.000000000000000000 ) ) ;
#3063 = ORIENTED_EDGE ( 'NONE', *, *, #3568, .F. ) ;
#3064 = CARTESIAN_POINT ( 'NONE',  ( 7.989121789222959791, 123.1494140978647351, 7.566230688944639127 ) ) ;
#3065 = CARTESIAN_POINT ( 'NONE',  ( -18.66232033003242208, 71.19465533862801010, -3.618734428744535325 ) ) ;
#3066 = ADVANCED_FACE ( 'NONE', ( #5105 ), #224, .T. ) ;
#3067 = ORIENTED_EDGE ( 'NONE', *, *, #3132, .F. ) ;
#3068 = CARTESIAN_POINT ( 'NONE',  ( 18.79420274687435466, 68.58229326886917931, -2.788866954810958365 ) ) ;
#3069 = CARTESIAN_POINT ( 'NONE',  ( 17.73529438542692560, 24.02014772154400646, 0.2245262975255739868 ) ) ;
#3070 = CARTESIAN_POINT ( 'NONE',  ( -18.79599111360826669, 67.69340855444598049, -2.773975875676314651 ) ) ;
#3071 = CARTESIAN_POINT ( 'NONE',  ( 14.35749825803136659, 5.361002886684374857, 8.066776520242527226 ) ) ;
#3072 = CARTESIAN_POINT ( 'NONE',  ( 18.76597277302579769, 68.40866316526410174, -2.985397612522618704 ) ) ;
#3073 = VECTOR ( 'NONE', #3653, 1000.000000000000000 ) ;
#3074 = CARTESIAN_POINT ( 'NONE',  ( 18.95805464026534182, 60.69876405404755104, -57.41555342542512363 ) ) ;
#3075 = CARTESIAN_POINT ( 'NONE',  ( 18.79571759782997731, 68.41599071730765047, -2.648740464063858990 ) ) ;
#3076 = CARTESIAN_POINT ( 'NONE',  ( 18.74059827605453776, 48.32236043891276012, -62.97563846830241374 ) ) ;
#3077 = DIRECTION ( 'NONE',  ( -0.000000000000000000, -1.000000000000000000, -0.000000000000000000 ) ) ;
#3078 = CARTESIAN_POINT ( 'NONE',  ( 18.16552822179095017, 82.23675067332902699, -5.206938539315586922 ) ) ;
#3079 = CARTESIAN_POINT ( 'NONE',  ( -14.21050780899291155, 103.0278602550967975, -19.13787227844575867 ) ) ;
#3080 = CARTESIAN_POINT ( 'NONE',  ( -16.69936445102653977, 128.5000084309698991, 0.2657610318460415511 ) ) ;
#3081 = ADVANCED_FACE ( 'NONE', ( #4017 ), #1514, .T. ) ;
#3082 = CARTESIAN_POINT ( 'NONE',  ( -12.71591030764789920, 103.0291127606915609, -19.13665797822343606 ) ) ;
#3083 = CARTESIAN_POINT ( 'NONE',  ( 16.19782816459387575, 31.80925120841184039, -59.70446748851671970 ) ) ;
#3084 = EDGE_LOOP ( 'NONE', ( #4871, #2329, #2787 ) ) ;
#3085 = CIRCLE ( 'NONE', #305, 14.00000000000000000 ) ;
#3086 = ORIENTED_EDGE ( 'NONE', *, *, #491, .F. ) ;
#3087 = CARTESIAN_POINT ( 'NONE',  ( 13.54615496932719942, 104.1280361638734746, -18.07125520605915980 ) ) ;
#3088 = AXIS2_PLACEMENT_3D ( 'NONE', #2715, #4431, #4920 ) ;
#3089 = LINE ( 'NONE', #3584, #5159 ) ;
#3090 = ORIENTED_EDGE ( 'NONE', *, *, #494, .T. ) ;
#3091 = CARTESIAN_POINT ( 'NONE',  ( 18.78769213500418900, 68.57053051502333574, -2.835415699330096295 ) ) ;
#3092 = CARTESIAN_POINT ( 'NONE',  ( -7.833155735424278454, 118.3492400512450331, 7.724377235236515205 ) ) ;
#3093 = CARTESIAN_POINT ( 'NONE',  ( -16.54670231711055095, 115.2153878476778743, -6.028419979336709922 ) ) ;
#3094 = CARTESIAN_POINT ( 'NONE',  ( -18.92854054813064479, 57.81291731730927097, -59.72911611941571408 ) ) ;
#3095 = DIRECTION ( 'NONE',  ( 0.000000000000000000, 0.000000000000000000, -1.000000000000000000 ) ) ;
#3096 = CARTESIAN_POINT ( 'NONE',  ( 16.45480914226035551, 38.60495325244617959, -63.67802421422685910 ) ) ;
#3097 = EDGE_CURVE ( 'NONE', #3842, #887, #2786, .T. ) ;
#3098 = VERTEX_POINT ( 'NONE', #4076 ) ;
#3099 = CARTESIAN_POINT ( 'NONE',  ( -13.70705096476429752, 102.6961814778913293, -19.45943380646452070 ) ) ;
#3100 = CARTESIAN_POINT ( 'NONE',  ( -18.78444188575054241, 50.12166771644581331, -45.93679277763043700 ) ) ;
#3101 = CARTESIAN_POINT ( 'NONE',  ( -18.87012394866775722, 67.87998509867887265, 1.482147683355638845 ) ) ;
#3102 = CARTESIAN_POINT ( 'NONE',  ( 15.59676119213553491, 118.3976142084783163, 7.736855030185512128 ) ) ;
#3103 = CARTESIAN_POINT ( 'NONE',  ( -16.38628582342599316, 127.6826246716092612, 3.561694358908404912 ) ) ;
#3104 = CARTESIAN_POINT ( 'NONE',  ( -12.87348566702533148, 104.4405971513456421, -17.18449421262357291 ) ) ;
#3105 = CARTESIAN_POINT ( 'NONE',  ( -1.258789155942980020, 104.0307698552573470, -18.16555458537510859 ) ) ;
#3106 = ORIENTED_EDGE ( 'NONE', *, *, #5300, .F. ) ;
#3107 = ORIENTED_EDGE ( 'NONE', *, *, #407, .F. ) ;
#3108 = CARTESIAN_POINT ( 'NONE',  ( 11.64788419392283814, 103.9822422889221940, -18.21260190783070243 ) ) ;
#3109 = CARTESIAN_POINT ( 'NONE',  ( -18.49668862719309459, 74.72227842377193952, -4.317023631409568019 ) ) ;
#3110 = ORIENTED_EDGE ( 'NONE', *, *, #2833, .T. ) ;
#3111 = CARTESIAN_POINT ( 'NONE',  ( 1.347111479062088405E-15, 0.000000000000000000, -11.00000000000000000 ) ) ;
#3112 = CARTESIAN_POINT ( 'NONE',  ( 17.07563663999158621, 18.81218565681980692, 3.478423964153030123 ) ) ;
#3113 = CARTESIAN_POINT ( 'NONE',  ( -17.17590517220496338, 113.7212403761471080, -4.256184034325014132 ) ) ;
#3114 = ORIENTED_EDGE ( 'NONE', *, *, #995, .T. ) ;
#3115 = CARTESIAN_POINT ( 'NONE',  ( -18.88732042795758659, 55.18272911832820427, -63.31279567571411349 ) ) ;
#3116 = CARTESIAN_POINT ( 'NONE',  ( -18.42179594820334643, 38.36665820104760627, -61.50909638515188504 ) ) ;
#3117 = CARTESIAN_POINT ( 'NONE',  ( 14.70506951108499472, 5.578200176772322827, 7.416486059549570520 ) ) ;
#3118 = CARTESIAN_POINT ( 'NONE',  ( -10.94731064855776559, 112.5725792982955511, -1.109437257794592346 ) ) ;
#3119 = CARTESIAN_POINT ( 'NONE',  ( -16.95827418740460502, 62.03924378791166561, -58.87253314723134423 ) ) ;
#3120 = CARTESIAN_POINT ( 'NONE',  ( -8.665507902937537921, 109.1453641181922904, -15.72320499176273501 ) ) ;
#3121 = DIRECTION ( 'NONE',  ( -0.000000000000000000, -1.000000000000000000, -0.000000000000000000 ) ) ;
#3122 = CARTESIAN_POINT ( 'NONE',  ( 18.45685140725317908, 39.33003733882416242, -40.83466369470895785 ) ) ;
#3123 = CARTESIAN_POINT ( 'NONE',  ( 18.53932882477445432, 75.27044199344332753, -4.044540181971176374 ) ) ;
#3124 = CARTESIAN_POINT ( 'NONE',  ( 17.55209919726308243, 112.9230388630747939, 2.620180727616873373 ) ) ;
#3125 = CARTESIAN_POINT ( 'NONE',  ( -16.53556049423697161, 128.0847067876822223, -2.597142357508500865 ) ) ;
#3126 = CARTESIAN_POINT ( 'NONE',  ( 9.834242762475438937, 114.1969620469741784, 4.933176663172797127 ) ) ;
#3127 = CARTESIAN_POINT ( 'NONE',  ( -17.73764866847249522, 24.04084794371666334, -41.98816653506784746 ) ) ;
#3128 = CARTESIAN_POINT ( 'NONE',  ( 8.517813774257096071, 103.9999999999969447, -18.19538586296973648 ) ) ;
#3129 = AXIS2_PLACEMENT_3D ( 'NONE', #2948, #1643, #3762 ) ;
#3130 = ORIENTED_EDGE ( 'NONE', *, *, #2086, .F. ) ;
#3131 = CARTESIAN_POINT ( 'NONE',  ( 9.314056802837727744, 115.0436026909112712, -5.855891087042164322 ) ) ;
#3132 = EDGE_CURVE ( 'NONE', #1937, #4523, #2034, .T. ) ;
#3133 = EDGE_CURVE ( 'NONE', #771, #1302, #2719, .T. ) ;
#3134 = ORIENTED_EDGE ( 'NONE', *, *, #903, .F. ) ;
#3135 = CARTESIAN_POINT ( 'NONE',  ( 12.62498670987340610, 104.4293643093478892, -17.27191986826578329 ) ) ;
#3136 = EDGE_CURVE ( 'NONE', #3227, #2296, #2061, .T. ) ;
#3137 = EDGE_CURVE ( 'NONE', #2299, #370, #3085, .T. ) ;
#3138 = DIRECTION ( 'NONE',  ( -0.000000000000000000, -0.000000000000000000, 1.000000000000000000 ) ) ;
#3139 = VERTEX_POINT ( 'NONE', #4533 ) ;
#3140 = DIRECTION ( 'NONE',  ( 1.000000000000000000, -0.000000000000000000, -0.000000000000000000 ) ) ;
#3141 = CARTESIAN_POINT ( 'NONE',  ( 15.03007749489334799, 7.037456052287221375, 7.036183549325032871 ) ) ;
#3142 = ORIENTED_EDGE ( 'NONE', *, *, #5311, .F. ) ;
#3143 = CARTESIAN_POINT ( 'NONE',  ( -18.53737209903026439, 41.57153995976528194, -64.52016768718006290 ) ) ;
#3144 = CARTESIAN_POINT ( 'NONE',  ( 1.347111479062088405E-15, 104.0000000000001421, -11.00000000000000000 ) ) ;
#3145 = CARTESIAN_POINT ( 'NONE',  ( 18.48568821284953145, 68.50000000000244427, 4.390823532930411055 ) ) ;
#3146 = CARTESIAN_POINT ( 'NONE',  ( 15.99786993355319176, 27.24362096634919439, -54.47966130924841366 ) ) ;
#3147 = CARTESIAN_POINT ( 'NONE',  ( 3.311739836934631143, 1.077341424024852889, 13.16225679041158081 ) ) ;
#3148 = CARTESIAN_POINT ( 'NONE',  ( 18.80280011870989654, 68.40595321426476971, -2.552283297853589428 ) ) ;
#3149 = B_SPLINE_CURVE_WITH_KNOTS ( 'NONE', 3,
 ( #3309, #369, #5375, #3641, #1116, #4964, #4013, #1941, #3191, #4848, #718, #1680, #2983, #4642, #3747, #908, #2568, #3339, #2134, #12, #478, #3013, #4619, #1313 ),
 .UNSPECIFIED., .F., .F.,
 ( 4, 2, 2, 2, 2, 2, 2, 2, 2, 2, 2, 4 ),
 ( 0.000000000000000000, 0.003419286687396844420, 0.006838573374793688840, 0.008548216718492120808, 0.01025786006219055017, 0.01367714674958739850, 0.01538679009328581225, 0.01709643343698422427, 0.02051572012438104831, 0.02222536346807945512, 0.02393500681177785847, 0.02735429349917466862 ),
 .UNSPECIFIED. ) ;
#3150 = CARTESIAN_POINT ( 'NONE',  ( 18.48568821285202901, 68.50000000000000000, 4.390823532917670136 ) ) ;
#3151 = CARTESIAN_POINT ( 'NONE',  ( 17.72901107321258252, 23.96478521882206536, 0.4333423250637604141 ) ) ;
#3152 = CARTESIAN_POINT ( 'NONE',  ( 17.70896246616515057, 112.6082252862926794, 1.338055663091280323 ) ) ;
#3153 = CARTESIAN_POINT ( 'NONE',  ( -16.13817006729779280, 8.330886648958133023, 4.725690503882955973 ) ) ;
#3154 = CARTESIAN_POINT ( 'NONE',  ( -18.98237658053825783, 68.34236114336692935, -0.8462121162897275894 ) ) ;
#3155 = CARTESIAN_POINT ( 'NONE',  ( 10.67591144353709431, 112.9516026154157373, 2.663360776591287227 ) ) ;
#3156 = CARTESIAN_POINT ( 'NONE',  ( 16.95482001634949043, 60.89759661133223290, -57.19740677055758482 ) ) ;
#3157 = CARTESIAN_POINT ( 'NONE',  ( -12.22910456830637038, 42.49094577846567233, -37.31397270945296185 ) ) ;
#3158 = AXIS2_PLACEMENT_3D ( 'NONE', #620, #3590, #3619 ) ;
#3159 = CARTESIAN_POINT ( 'NONE',  ( -10.99965929076051374, 128.4995315244956373, 0.2890271585075174232 ) ) ;
#3160 = AXIS2_PLACEMENT_3D ( 'NONE', #2462, #3221, #4130 ) ;
#3161 = EDGE_CURVE ( 'NONE', #2935, #3688, #3788, .T. ) ;
#3162 = CARTESIAN_POINT ( 'NONE',  ( 11.10397640699117083, 2.858036854398880777, 8.471862219846203246 ) ) ;
#3163 = ORIENTED_EDGE ( 'NONE', *, *, #3008, .F. ) ;
#3164 = DIRECTION ( 'NONE',  ( 0.000000000000000000, 0.000000000000000000, -1.000000000000000000 ) ) ;
#3165 = CARTESIAN_POINT ( 'NONE',  ( 14.09210619757592120, 104.4515808596211315, -16.58843169878376855 ) ) ;
#3166 = CARTESIAN_POINT ( 'NONE',  ( -18.65998345209954934, 45.41597839356916921, -36.76540200048550844 ) ) ;
#3167 = VERTEX_POINT ( 'NONE', #2847 ) ;
#3168 = DIRECTION ( 'NONE',  ( 0.000000000000000000, 0.8312982664167030133, 0.5558265846939891563 ) ) ;
#3169 = CARTESIAN_POINT ( 'NONE',  ( 17.46901064861718922, 20.86380161526048482, 1.084482357145090115 ) ) ;
#3170 = ORIENTED_EDGE ( 'NONE', *, *, #3392, .F. ) ;
#3171 = CARTESIAN_POINT ( 'NONE',  ( -16.59409004049950909, 43.00742691109336135, -64.78805861605685834 ) ) ;
#3172 = CARTESIAN_POINT ( 'NONE',  ( -18.12410517465846027, 31.45741207728721633, -56.75047986561590818 ) ) ;
#3173 = CARTESIAN_POINT ( 'NONE',  ( 18.81797305833465472, 68.63582880614991666, 2.753642890658630993 ) ) ;
#3174 = CARTESIAN_POINT ( 'NONE',  ( 18.84949578978004325, 68.35802840650150358, -1.782060796885986953 ) ) ;
#3175 = CARTESIAN_POINT ( 'NONE',  ( 5.260885683797157597, 1.284581221948000618, 12.61638218074875617 ) ) ;
#3176 = CARTESIAN_POINT ( 'NONE',  ( 0.000000000000000000, 0.000000000000000000, 11.00000000000000000 ) ) ;
#3177 = CARTESIAN_POINT ( 'NONE',  ( 18.92220296823675696, 61.27956453327852415, 1.304466863358369144 ) ) ;
#3178 = CARTESIAN_POINT ( 'NONE',  ( -16.17303139721888527, 101.4313901476460558, -18.13544762992045634 ) ) ;
#3179 = CARTESIAN_POINT ( 'NONE',  ( -9.946251126464334291, 3.729615849414289919, 12.95824685017990952 ) ) ;
#3180 = CARTESIAN_POINT ( 'NONE',  ( 18.80125322473118032, 68.40187726139845381, 2.728906767660853827 ) ) ;
#3181 = CARTESIAN_POINT ( 'NONE',  ( 15.12894105448916093, 108.7718630590514408, -9.866010071284145866 ) ) ;
#3182 = FACE_OUTER_BOUND ( 'NONE', #4363, .T. ) ;
#3183 = CARTESIAN_POINT ( 'NONE',  ( -12.64198173448436258, 44.83688275031682480, -36.76540200048549423 ) ) ;
#3184 = CARTESIAN_POINT ( 'NONE',  ( -14.91747372538406324, 107.9583441379678703, -10.63054779282634499 ) ) ;
#3185 = CARTESIAN_POINT ( 'NONE',  ( -7.803101934730696243, 31.82642338327106657, -59.72110304861062957 ) ) ;
#3186 = CARTESIAN_POINT ( 'NONE',  ( -16.01832748954234731, 102.6961224456614303, -19.45949103802519886 ) ) ;
#3187 = ORIENTED_EDGE ( 'NONE', *, *, #508, .F. ) ;
#3188 = CARTESIAN_POINT ( 'NONE',  ( 17.79634723990029954, 68.56667238135410969, -2.704189125207159705 ) ) ;
#3189 = FACE_BOUND ( 'NONE', #4482, .T. ) ;
#3190 = CARTESIAN_POINT ( 'NONE',  ( 12.59956925054236621, 103.0679641382934477, -19.09899169021864296 ) ) ;
#3191 = CARTESIAN_POINT ( 'NONE',  ( -16.14135907614533139, 30.46642234083389056, -58.48219935172731709 ) ) ;
#3192 = ORIENTED_EDGE ( 'NONE', *, *, #4908, .F. ) ;
#3193 = DIRECTION ( 'NONE',  ( 0.000000000000000000, -0.4280736870479820988, 0.9037438345334071199 ) ) ;
#3194 = CARTESIAN_POINT ( 'NONE',  ( 16.11531767401590187, 8.146114066881862570, 2.669528036713276098 ) ) ;
#3195 = CARTESIAN_POINT ( 'NONE',  ( 15.30825329149132763, 120.5000000000000142, 8.000000000000003553 ) ) ;
#3196 = ORIENTED_EDGE ( 'NONE', *, *, #114, .F. ) ;
#3197 = CARTESIAN_POINT ( 'NONE',  ( -16.80067544287751957, 51.26799148060052147, -64.53776443844029131 ) ) ;
#3198 = CARTESIAN_POINT ( 'NONE',  ( -18.77097218419810076, 49.55188857003852121, -62.81228251894179238 ) ) ;
#3199 = CARTESIAN_POINT ( 'NONE',  ( 18.93523017984946577, 62.07575006748978552, 1.295915245974707863 ) ) ;
#3200 = CARTESIAN_POINT ( 'NONE',  ( -9.521925513269524188, 114.6958943410680263, -5.511411066118676594 ) ) ;
#3201 = FACE_OUTER_BOUND ( 'NONE', #3777, .T. ) ;
#3202 = ADVANCED_FACE ( 'NONE', ( #372 ), #5262, .T. ) ;
#3203 = CARTESIAN_POINT ( 'NONE',  ( 15.34198657782272157, 107.4287846757732297, -10.39624329265570069 ) ) ;
#3204 = CARTESIAN_POINT ( 'NONE',  ( 16.95872992813992042, 60.46838383193945532, -57.60184944659256701 ) ) ;
#3205 = CARTESIAN_POINT ( 'NONE',  ( -1.558641783610639653, 2.664264630197409112, 16.15882636841135778 ) ) ;
#3206 = DIRECTION ( 'NONE',  ( 0.000000000000000000, -1.000000000000000000, -2.998254418975582320E-16 ) ) ;
#3207 = CARTESIAN_POINT ( 'NONE',  ( -18.94118838098163238, 68.05240837501624185, 1.507576897250342940 ) ) ;
#3208 = DIRECTION ( 'NONE',  ( 6.744582735079915490E-14, -1.000000000000000000, -1.771470073563594861E-17 ) ) ;
#3209 = CARTESIAN_POINT ( 'NONE',  ( -12.57212434564723402, 42.25092482913910885, -48.08919840913657850 ) ) ;
#3210 = CARTESIAN_POINT ( 'NONE',  ( -10.46982866735932305, 127.7541569129939063, -3.383269545139165224 ) ) ;
#3211 = ADVANCED_FACE ( 'NONE', ( #3201 ), #3997, .T. ) ;
#3212 =( BOUNDED_SURFACE ( )  B_SPLINE_SURFACE ( 3, 2, ( 
 ( #458, #3376, #5027 ),
 ( #73, #3703, #1298 ),
 ( #1322, #5358, #406 ),
 ( #3320, #4974, #1242 ),
 ( #2913, #4698, #989 ),
 ( #1455, #2275, #2578 ) ),
 .UNSPECIFIED., .F., .F., .F. ) 
 B_SPLINE_SURFACE_WITH_KNOTS ( ( 4, 2, 4 ),
 ( 3, 3 ),
 ( -4.621411760219462650E-16, 0.0001387918083191871444, 0.0002775836166388364300 ),
 ( 0.000000000000000000, 1.000000000000000000 ),
 .UNSPECIFIED. ) 
 GEOMETRIC_REPRESENTATION_ITEM ( )  RATIONAL_B_SPLINE_SURFACE ( (
 ( 1.000000000000000000, 0.9971731007397289792, 1.000000000000000000),
 ( 1.000000000000000000, 0.9977367124260736464, 1.000000000000000000),
 ( 1.000000000000000000, 0.9982849459047828944, 1.000000000000000000),
 ( 1.000000000000000000, 0.9993119525577052187, 1.000000000000000000),
 ( 1.000000000000000000, 0.9999005814017478677, 1.000000000000000000),
 ( 1.000000000000000000, 1.000000000000000000, 1.000000000000000000) ) ) 
 REPRESENTATION_ITEM ( '' )  SURFACE ( )  );
#3213 = ADVANCED_FACE ( 'NONE', ( #1098 ), #83, .T. ) ;
#3214 = CARTESIAN_POINT ( 'NONE',  ( -5.854092966444373936, 107.7373821135386436, -17.04739841258991717 ) ) ;
#3215 = CARTESIAN_POINT ( 'NONE',  ( 7.756558405029916337, 105.6423867037278512, -16.41747993228565505 ) ) ;
#3216 = ORIENTED_EDGE ( 'NONE', *, *, #3622, .F. ) ;
#3217 = CARTESIAN_POINT ( 'NONE',  ( 18.77390351998974438, 68.18156196899839472, 1.913854414905595158 ) ) ;
#3218 = CARTESIAN_POINT ( 'NONE',  ( 16.00606062048669997, 102.7766034288941626, -15.90970438152909594 ) ) ;
#3219 = CARTESIAN_POINT ( 'NONE',  ( 18.93613276354139785, 62.02997073556746699, 0.7808430026623625064 ) ) ;
#3220 = CARTESIAN_POINT ( 'NONE',  ( 15.87156686606607536, 103.8531774505994463, -17.42060113032273705 ) ) ;
#3221 = DIRECTION ( 'NONE',  ( 0.000000000000000000, 0.000000000000000000, -1.000000000000000000 ) ) ;
#3222 = ORIENTED_EDGE ( 'NONE', *, *, #2252, .T. ) ;
#3223 = EDGE_CURVE ( 'NONE', #1233, #3167, #535, .T. ) ;
#3224 = CARTESIAN_POINT ( 'NONE',  ( -18.63651593465581513, 44.63305506790859312, -36.76540200048550844 ) ) ;
#3225 = CARTESIAN_POINT ( 'NONE',  ( 17.23548955304220698, 19.98504823401044206, 3.016312587161610548 ) ) ;
#3227 = VERTEX_POINT ( 'NONE', #2093 ) ;
#3226 = CARTESIAN_POINT ( 'NONE',  ( 18.44201228800976011, 38.92452913632489242, -63.76710486929730592 ) ) ;
#3228 = FACE_OUTER_BOUND ( 'NONE', #1295, .T. ) ;
#3229 = CARTESIAN_POINT ( 'NONE',  ( -18.81961917199570777, 51.67581221740318398, -64.44565723298399007 ) ) ;
#3230 = VERTEX_POINT ( 'NONE', #2993 ) ;
#3231 = ADVANCED_FACE ( 'NONE', ( #2066 ), #2688, .T. ) ;
#3232 = FACE_OUTER_BOUND ( 'NONE', #4094, .T. ) ;
#3233 = CARTESIAN_POINT ( 'NONE',  ( -18.94089120942920346, 60.86109918315094802, 0.9279241378423559450 ) ) ;
#3234 = CARTESIAN_POINT ( 'NONE',  ( 11.38927752648416103, 1.711219480955076921, 11.49260675037181834 ) ) ;
#3235 = CARTESIAN_POINT ( 'NONE',  ( 764.5416666666670835, 68.50000000000000000, -65.04694009427630874 ) ) ;
#3236 = CARTESIAN_POINT ( 'NONE',  ( 18.95862431618444077, 60.44783056776459063, 0.2020191031988615715 ) ) ;
#3237 = CARTESIAN_POINT ( 'NONE',  ( -19.00319937524860592, 68.15152715218445678, 0.2407010494277381507 ) ) ;
#3238 = CARTESIAN_POINT ( 'NONE',  ( -17.49748667216996623, 21.17741464081995417, 1.031995749321048761 ) ) ;
#3239 = CARTESIAN_POINT ( 'NONE',  ( -12.14011284658854528, 42.15815892064089354, -37.48165779566313915 ) ) ;
#3240 = CARTESIAN_POINT ( 'NONE',  ( -14.96533086749976960, 109.2200519120239193, -9.902461945449463343 ) ) ;
#3241 = CARTESIAN_POINT ( 'NONE',  ( -18.73966602865666431, 69.44035162535507766, -3.167942318014921099 ) ) ;
#3242 = CARTESIAN_POINT ( 'NONE',  ( -11.87437429967516422, 36.87498552865788781, -62.93200635530126164 ) ) ;
#3243 = CARTESIAN_POINT ( 'NONE',  ( -18.93334896715866122, 62.30546662955722326, -58.61810441490853663 ) ) ;
#3244 = VERTEX_POINT ( 'NONE', #1718 ) ;
#3245 = CARTESIAN_POINT ( 'NONE',  ( 18.77550850694225915, 68.13557005761532537, -1.305451769737378198 ) ) ;
#3246 = CARTESIAN_POINT ( 'NONE',  ( -16.00606062048659339, 102.7766034288949299, -15.90970438152656818 ) ) ;
#3247 = CARTESIAN_POINT ( 'NONE',  ( -16.53969174576450740, 115.2336857571261248, 6.044334918037230331 ) ) ;
#3248 = B_SPLINE_CURVE_WITH_KNOTS ( 'NONE', 3,
 ( #2680, #2273, #1513, #2352 ),
 .UNSPECIFIED., .F., .F.,
 ( 4, 4 ),
 ( 0.04102490403973220456, 0.04295209429093672926 ),
 .UNSPECIFIED. ) ;
#3249 =( BOUNDED_SURFACE ( )  B_SPLINE_SURFACE ( 3, 1, ( 
 ( #2593, #448 ),
 ( #2981, #4687 ),
 ( #3847, #1731 ),
 ( #3394, #118 ) ),
 .UNSPECIFIED., .F., .F., .T. ) 
 B_SPLINE_SURFACE_WITH_KNOTS ( ( 4, 4 ),
 ( 2, 2 ),
 ( 0.000000000000000000, 1.000000000000000000 ),
 ( 0.000000000000000000, 1.000000000000000000 ),
 .UNSPECIFIED. ) 
 GEOMETRIC_REPRESENTATION_ITEM ( )  RATIONAL_B_SPLINE_SURFACE ( (
 ( 1.000000000000000000, 1.000000000000000000),
 ( 0.3851989393119494842, 0.3851989393119494842),
 ( 0.3851989393119494842, 0.3851989393119494842),
 ( 1.000000000000000000, 1.000000000000000000) ) ) 
 REPRESENTATION_ITEM ( '' )  SURFACE ( )  );
#3250 = COLOUR_RGB ( '',0.7921568627450980005, 0.8196078431372548767, 0.9333333333333333481 ) ;
#3251 = CARTESIAN_POINT ( 'NONE',  ( 15.92682899096461924, 6.672120398743148328, 3.585754206571591940 ) ) ;
#3252 = DIRECTION ( 'NONE',  ( 3.347878427938975060E-19, 1.000000000000000000, 0.000000000000000000 ) ) ;
#3253 = ORIENTED_EDGE ( 'NONE', *, *, #150, .F. ) ;
#3254 = CARTESIAN_POINT ( 'NONE',  ( -18.45725160138081478, 39.34111304102209061, -40.83198010350346863 ) ) ;
#3255 = DIRECTION ( 'NONE',  ( 0.000000000000000000, 0.000000000000000000, 1.000000000000000000 ) ) ;
#3256 = CARTESIAN_POINT ( 'NONE',  ( -18.55611134348063374, 67.50147497614194947, 4.080000784420593440 ) ) ;
#3257 = EDGE_LOOP ( 'NONE', ( #2382, #93, #1826, #1056, #4970 ) ) ;
#3258 = CARTESIAN_POINT ( 'NONE',  ( 18.95082224975827501, 60.63149254075631944, 0.6194488577411252361 ) ) ;
#3259 = CARTESIAN_POINT ( 'NONE',  ( -18.86422787820612257, 65.24250338600010934, 2.375983903051921864 ) ) ;
#3260 = CARTESIAN_POINT ( 'NONE',  ( 14.86880485497712456, 3.521642750095886232, 6.723908337851559835 ) ) ;
#3261 = CARTESIAN_POINT ( 'NONE',  ( 12.76810326090436831, 98.69477750550478845, -14.70335045921287964 ) ) ;
#3262 = B_SPLINE_CURVE_WITH_KNOTS ( 'NONE', 3,
 ( #2516, #4990, #5067, #2106 ),
 .UNSPECIFIED., .F., .F.,
 ( 4, 4 ),
 ( 0.000000000000000000, 0.0003463645333486797210 ),
 .UNSPECIFIED. ) ;
#3263 = CIRCLE ( 'NONE', #3088, 6.200000000000001954 ) ;
#3264 = CARTESIAN_POINT ( 'NONE',  ( 18.78810548695225435, 68.42926540077611719, -2.743005118004947729 ) ) ;
#3265 = VERTEX_POINT ( 'NONE', #380 ) ;
#3266 = CARTESIAN_POINT ( 'NONE',  ( 12.80080048638072121, -11.09860703163220030, -63.08693975180972302 ) ) ;
#3267 = LINE ( 'NONE', #4088, #1501 ) ;
#3268 = CARTESIAN_POINT ( 'NONE',  ( 16.00606062048669997, 102.7766034288941626, -15.90970438152909594 ) ) ;
#3269 = CARTESIAN_POINT ( 'NONE',  ( -11.68408532337117300, 40.70098077486235155, -38.58882352931502169 ) ) ;
#3270 = CARTESIAN_POINT ( 'NONE',  ( 0.000000000000000000, 142.0000000000000284, -14.00000000000000000 ) ) ;
#3271 = ADVANCED_FACE ( 'NONE', ( #4599 ), #3212, .F. ) ;
#3272 = CARTESIAN_POINT ( 'NONE',  ( -11.38838497847375386, 35.79084722310221167, -62.40469397708007193 ) ) ;
#3273 = CARTESIAN_POINT ( 'NONE',  ( 8.207128124384603041, 108.9470443976938014, -15.97836112590783664 ) ) ;
#3274 = ORIENTED_EDGE ( 'NONE', *, *, #4203, .T. ) ;
#3275 = CARTESIAN_POINT ( 'NONE',  ( 11.37381454766166478, 39.81462750233772852, -39.76588099631706541 ) ) ;
#3276 = CARTESIAN_POINT ( 'NONE',  ( 15.82725828400487522, 104.1918848745329598, -15.78247975978290363 ) ) ;
#3277 = CARTESIAN_POINT ( 'NONE',  ( 17.73764866847249522, 24.04084794371666334, -41.98816653506785457 ) ) ;
#3278 = CARTESIAN_POINT ( 'NONE',  ( 16.01832748954239349, 102.6961224456599808, -19.45949103802659153 ) ) ;
#3279 = CARTESIAN_POINT ( 'NONE',  ( -17.75018469960555478, 24.21561114031755935, -47.78450187379621639 ) ) ;
#3280 = VERTEX_POINT ( 'NONE', #514 ) ;
#3281 = CARTESIAN_POINT ( 'NONE',  ( 18.79749545285295653, 68.50528798035274747, -2.766732475367118749 ) ) ;
#3282 = CARTESIAN_POINT ( 'NONE',  ( -18.93584130267664989, 68.24064545916392888, 1.572607001071866017 ) ) ;
#3283 =( BOUNDED_SURFACE ( )  B_SPLINE_SURFACE ( 3, 2, ( 
 ( #3256, #2821, #2848 ),
 ( #5379, #4508, #4480 ),
 ( #1979, #756, #4534 ),
 ( #4941, #1655, #4077 ) ),
 .UNSPECIFIED., .F., .F., .F. ) 
 B_SPLINE_SURFACE_WITH_KNOTS ( ( 4, 4 ),
 ( 3, 3 ),
 ( 0.002811023902923325685, 0.005242025508678625247 ),
 ( 0.000000000000000000, 0.2356004859537217944 ),
 .UNSPECIFIED. ) 
 GEOMETRIC_REPRESENTATION_ITEM ( )  RATIONAL_B_SPLINE_SURFACE ( (
 ( 1.000000000000000000, 0.9311170316487706877, 0.8946917849325102257),
 ( 1.000000000000000000, 0.9301854097265032095, 0.8932675222431980533),
 ( 1.000000000000000000, 0.9292147630504223876, 0.8917835985481844530),
 ( 1.000000000000000000, 0.9282620798750451652, 0.8903271374355876677) ) ) 
 REPRESENTATION_ITEM ( '' )  SURFACE ( )  );
#3284 = CARTESIAN_POINT ( 'NONE',  ( 15.95681968207301615, 6.908328331012125290, 2.774674732846910352 ) ) ;
#3285 = CARTESIAN_POINT ( 'NONE',  ( -16.07213039448909342, 28.88105901365217321, -56.73975381443114685 ) ) ;
#3286 = ORIENTED_EDGE ( 'NONE', *, *, #3778, .T. ) ;
#3287 = CARTESIAN_POINT ( 'NONE',  ( 18.86518903125078950, 65.21183852784653823, 2.370138388609571045 ) ) ;
#3288 = CARTESIAN_POINT ( 'NONE',  ( -18.55581025859737565, 67.54537563802372802, 4.081642781484600135 ) ) ;
#3289 = CARTESIAN_POINT ( 'NONE',  ( -15.34126686480489532, 107.7890076212340063, -10.14900656052349071 ) ) ;
#3290 = CARTESIAN_POINT ( 'NONE',  ( -17.70204731960940947, 23.72993469703214231, 0.7998961645510426210 ) ) ;
#3291 = CARTESIAN_POINT ( 'NONE',  ( 18.94170646986711404, 60.84260122760869649, 0.9005662401139871154 ) ) ;
#3292 = ORIENTED_EDGE ( 'NONE', *, *, #2080, .F. ) ;
#3293 = PRODUCT_CONTEXT ( 'NONE', #4788, 'mechanical' ) ;
#3294 = CARTESIAN_POINT ( 'NONE',  ( -14.31914312871483119, 103.8596483554714780, -17.87186790170629891 ) ) ;
#3295 = CARTESIAN_POINT ( 'NONE',  ( 18.79652440911809563, 50.64425940604966314, -44.87656038477445719 ) ) ;
#3296 = CARTESIAN_POINT ( 'NONE',  ( 16.65734442816507155, 128.3950374422111906, 1.318066970800971793 ) ) ;
#3297 = CARTESIAN_POINT ( 'NONE',  ( -18.95862431618455801, 60.44783056776785202, -65.04694009427630874 ) ) ;
#3298 = CARTESIAN_POINT ( 'NONE',  ( -18.67130064010780188, 71.19304174513173677, -3.521663785803678337 ) ) ;
#3299 = EDGE_CURVE ( 'NONE', #1302, #4264, #4702, .T. ) ;
#3300 = DIRECTION ( 'NONE',  ( 1.000000000000000000, -0.000000000000000000, -0.000000000000000000 ) ) ;
#3301 = CARTESIAN_POINT ( 'NONE',  ( 10.44648946453661509, 105.2719612004126049, -14.87433103246203281 ) ) ;
#3302 = VECTOR ( 'NONE', #3832, 1000.000000000000000 ) ;
#3303 = VERTEX_POINT ( 'NONE', #570 ) ;
#3304 = CARTESIAN_POINT ( 'NONE',  ( 18.81121214416603848, 68.40218720240314099, -2.452589921360771807 ) ) ;
#3305 = CARTESIAN_POINT ( 'NONE',  ( 16.33141481405719375, 100.2308960790875574, -9.131444826038054075 ) ) ;
#3306 = DIRECTION ( 'NONE',  ( 0.000000000000000000, 0.000000000000000000, -1.000000000000000000 ) ) ;
#3307 = CARTESIAN_POINT ( 'NONE',  ( 18.95463810791267179, 60.92520879876583706, 0.3185682834321411083 ) ) ;
#3308 = CARTESIAN_POINT ( 'NONE',  ( 18.76343130252560698, 68.48091214023105522, -3.093023769255853761 ) ) ;
#3309 = CARTESIAN_POINT ( 'NONE',  ( -15.90110132503419749, 25.19999999999999574, -50.37740579444184874 ) ) ;
#3310 = EDGE_LOOP ( 'NONE', ( #1058, #3090, #1138, #41 ) ) ;
#3311 = CARTESIAN_POINT ( 'NONE',  ( -18.64824894399867716, 45.02449172995815729, -36.76540200048550133 ) ) ;
#3312 = CARTESIAN_POINT ( 'NONE',  ( 18.97260181454022643, 61.80788317485043137, -59.08710177581766487 ) ) ;
#3313 = CARTESIAN_POINT ( 'NONE',  ( -15.97408710863526871, 26.72081715248253531, -53.74696852409321934 ) ) ;
#3314 = ORIENTED_EDGE ( 'NONE', *, *, #2252, .F. ) ;
#3315 =( BOUNDED_CURVE ( )  B_SPLINE_CURVE ( 3, ( #1821, #1077, #244, #5144 ),
 .UNSPECIFIED., .F., .F. ) 
 B_SPLINE_CURVE_WITH_KNOTS ( ( 4, 4 ),
 ( 4.630523143815175047, 4.655617215521262509 ),
 .UNSPECIFIED. ) 
 CURVE ( )  GEOMETRIC_REPRESENTATION_ITEM ( )  RATIONAL_B_SPLINE_CURVE ( ( 1.000000000000000000, 0.9999475246521974947, 0.9999475246521974947, 1.000000000000000000 ) ) 
 REPRESENTATION_ITEM ( '' )  );
#3316 = CARTESIAN_POINT ( 'NONE',  ( -16.88604214752603028, 55.97877905502735985, -62.97118064525076875 ) ) ;
#3317 = VECTOR ( 'NONE', #1434, 1000.000000000000000 ) ;
#3318 = CARTESIAN_POINT ( 'NONE',  ( -9.494402034790105915, 2.259671214573378162, 10.04797169953465819 ) ) ;
#3319 = CARTESIAN_POINT ( 'NONE',  ( -18.95164012080124039, 61.11772270652824091, 0.4386011857552088999 ) ) ;
#3320 = CARTESIAN_POINT ( 'NONE',  ( -18.79669680531932130, 67.54237331857017068, -2.737613007556828570 ) ) ;
#3321 = CARTESIAN_POINT ( 'NONE',  ( -17.23598075612036595, 92.28032042634707466, -7.143048171505362198 ) ) ;
#3322 = CARTESIAN_POINT ( 'NONE',  ( -13.24010731757047310, 4.091062768442641939, 5.224042320975295084 ) ) ;
#3323 = CARTESIAN_POINT ( 'NONE',  ( -18.79257096229295598, 67.66253980254008127, -2.797025219163399079 ) ) ;
#3324 = CARTESIAN_POINT ( 'NONE',  ( -15.72696641525869765, 22.08427921774210390, -42.17052235372312197 ) ) ;
#3325 = CARTESIAN_POINT ( 'NONE',  ( 16.67301711050053115, 128.4342878563586225, 1.057219394638670096 ) ) ;
#3326 = CARTESIAN_POINT ( 'NONE',  ( -7.834478430627414447, 122.6545480455148009, -7.723025779343705821 ) ) ;
#3327 = PLANE ( 'NONE',  #1689 ) ;
#3328 = CARTESIAN_POINT ( 'NONE',  ( 18.49977008658896693, 40.50484976954555094, -46.73101325798833727 ) ) ;
#3329 = CARTESIAN_POINT ( 'NONE',  ( 16.28900991297631506, 13.68258559621262549, 5.173893585931287120 ) ) ;
#3330 = CARTESIAN_POINT ( 'NONE',  ( 18.76288114203750013, 68.49651701516853564, -3.229533547340002198 ) ) ;
#3331 = CARTESIAN_POINT ( 'NONE',  ( -17.62272145384293864, 22.62301024920329340, 0.6764299810751206454 ) ) ;
#3332 = CARTESIAN_POINT ( 'NONE',  ( 15.93958318489059600, 103.4078546410002701, -9.625267756226769222 ) ) ;
#3333 = CARTESIAN_POINT ( 'NONE',  ( 15.61834873721438655, 105.7656761384685211, -12.08611179814959691 ) ) ;
#3334 = B_SPLINE_CURVE_WITH_KNOTS ( 'NONE', 3,
 ( #988, #157, #130, #3808 ),
 .UNSPECIFIED., .F., .F.,
 ( 4, 4 ),
 ( 4.863788466632925484E-16, 6.838722252111048658E-05 ),
 .UNSPECIFIED. ) ;
#3335 = CARTESIAN_POINT ( 'NONE',  ( 18.90504641497878069, 63.57819918749836319, 1.169787196939612528 ) ) ;
#3336 = ORIENTED_EDGE ( 'NONE', *, *, #494, .F. ) ;
#3337 = CARTESIAN_POINT ( 'NONE',  ( -18.55895759020191349, 67.50127462955981628, 4.067051323464704105 ) ) ;
#3338 = EDGE_CURVE ( 'NONE', #3230, #4105, #2682, .T. ) ;
#3339 = CARTESIAN_POINT ( 'NONE',  ( -16.50860277055458525, 40.23814470910615881, -64.18658186634876017 ) ) ;
#3340 = VERTEX_POINT ( 'NONE', #102 ) ;
#3341 = EDGE_CURVE ( 'NONE', #3501, #2647, #4749, .T. ) ;
#3342 = CARTESIAN_POINT ( 'NONE',  ( -18.51928479447212439, 41.05612274194742639, -47.28263957519428828 ) ) ;
#3343 = CIRCLE ( 'NONE', #2903, 12.70000000000000107 ) ;
#3344 = EDGE_LOOP ( 'NONE', ( #3422, #855, #910, #2348, #1809, #376, #5061, #4531, #1326 ) ) ;
#3345 = CIRCLE ( 'NONE', #123, 2.000000000000002665 ) ;
#3346 = CARTESIAN_POINT ( 'NONE',  ( 18.92860346727616871, 57.81956069096498396, -59.72328631924339959 ) ) ;
#3347 = EDGE_LOOP ( 'NONE', ( #3774, #2113, #1424, #2276, #1806 ) ) ;
#3348 = DIRECTION ( 'NONE',  ( -0.4497398067229743113, -0.3170087664259714777, 0.8350087114862129178 ) ) ;
#3349 = CARTESIAN_POINT ( 'NONE',  ( -11.90535304677264605, 4.303769497153658641, 11.23549109053013240 ) ) ;
#3350 = CARTESIAN_POINT ( 'NONE',  ( -15.65761520494737447, 105.4727252585552719, -12.54233513276918899 ) ) ;
#3351 = CARTESIAN_POINT ( 'NONE',  ( 4.584267143339751271, 30.25778095384857025, -58.26424986042791687 ) ) ;
#3352 = CARTESIAN_POINT ( 'NONE',  ( -16.95872992813992042, 61.81913949715121959, -59.07679321938471162 ) ) ;
#3353 = CARTESIAN_POINT ( 'NONE',  ( 18.77077778600489921, 49.54651939197655253, -46.72831493859501251 ) ) ;
#3354 = CARTESIAN_POINT ( 'NONE',  ( 16.53250357588166608, 128.0743655581968028, -2.588095100358674738 ) ) ;
#3355 = DIRECTION ( 'NONE',  ( 0.000000000000000000, 0.000000000000000000, -1.000000000000000000 ) ) ;
#3356 = ORIENTED_EDGE ( 'NONE', *, *, #2436, .T. ) ;
#3357 = CARTESIAN_POINT ( 'NONE',  ( 12.66150770507543122, 68.47661643976901757, -23.54583226839271859 ) ) ;
#3358 = CARTESIAN_POINT ( 'NONE',  ( 19.00396313780835200, 68.78589139094678728, -0.04526601307941714725 ) ) ;
#3359 = CARTESIAN_POINT ( 'NONE',  ( -19.00000000000001776, 120.5000000000000142, 0.000000000000000000 ) ) ;
#3360 = CARTESIAN_POINT ( 'NONE',  ( 18.76275836162438893, 68.50000000000000000, -3.234672217946255923 ) ) ;
#3361 = CARTESIAN_POINT ( 'NONE',  ( -17.69345450070287740, 23.46528973096769377, 0.3555950390880162626 ) ) ;
#3362 = CARTESIAN_POINT ( 'NONE',  ( 16.95482001634949043, 62.28974017202617119, -58.63335116586625162 ) ) ;
#3363 = CARTESIAN_POINT ( 'NONE',  ( 14.60293995234936837, 104.6769781883162835, -15.45431199378639064 ) ) ;
#3364 = CARTESIAN_POINT ( 'NONE',  ( 16.00606062048669997, 102.7766034288941626, -15.90970438152909594 ) ) ;
#3365 = CARTESIAN_POINT ( 'NONE',  ( 8.982913073436638030, 125.3808606156350010, -6.358612354267246580 ) ) ;
#3366 = CARTESIAN_POINT ( 'NONE',  ( 18.77643979656043527, 68.10889920386648555, -0.09584768386334384382 ) ) ;
#3367 = ORIENTED_EDGE ( 'NONE', *, *, #325, .F. ) ;
#3368 = CARTESIAN_POINT ( 'NONE',  ( -18.64824894399864519, 45.02449172995815729, -48.76540200048551554 ) ) ;
#3369 = ORIENTED_EDGE ( 'NONE', *, *, #3341, .T. ) ;
#3370 = CARTESIAN_POINT ( 'NONE',  ( 0.000000000000000000, 100.0000000000000000, 0.000000000000000000 ) ) ;
#3371 = CARTESIAN_POINT ( 'NONE',  ( 12.68482791752954597, 52.94779161362271935, -42.67913242886197622 ) ) ;
#3372 = ORIENTED_EDGE ( 'NONE', *, *, #3405, .F. ) ;
#3373 = CARTESIAN_POINT ( 'NONE',  ( -13.70149783826838785, 102.6978459091215541, -19.45782014563829421 ) ) ;
#3374 = CARTESIAN_POINT ( 'NONE',  ( -3.986804446473366959, 0.1755447640128725839, 15.53761087158969367 ) ) ;
#3375 = CARTESIAN_POINT ( 'NONE',  ( -363.1080052622554035, 55.03717805158469645, 4.999999999999999112 ) ) ;
#3376 = CARTESIAN_POINT ( 'NONE',  ( -18.79062591815962335, 67.68483633425948653, -2.810269091840118971 ) ) ;
#3377 = CARTESIAN_POINT ( 'NONE',  ( -12.68989315804689255, 49.61018240490526665, -46.63469664340221499 ) ) ;
#3378 = CARTESIAN_POINT ( 'NONE',  ( -15.18250467935504489, 3.799532832506499425, 5.991939180453805136 ) ) ;
#3379 = VERTEX_POINT ( 'NONE', #1865 ) ;
#3380 = CARTESIAN_POINT ( 'NONE',  ( 17.89828919428847342, 26.96376431253756323, -49.66754663951228110 ) ) ;
#3381 = EDGE_CURVE ( 'NONE', #3280, #509, #4928, .T. ) ;
#3382 = CARTESIAN_POINT ( 'NONE',  ( 18.79804436754344010, 50.71113390240857655, -44.68914221384223850 ) ) ;
#3383 = EDGE_CURVE ( 'NONE', #1758, #720, #5132, .T. ) ;
#3384 = CARTESIAN_POINT ( 'NONE',  ( 18.87759152658186679, 68.33921715691494114, 1.109036468502347939 ) ) ;
#3385 = CARTESIAN_POINT ( 'NONE',  ( 18.83592590813131906, 52.44532006239361976, -62.16997856271923695 ) ) ;
#3386 = CARTESIAN_POINT ( 'NONE',  ( 17.63706140616290341, 22.27096860388328636, -42.66226668473138517 ) ) ;
#3387 = CARTESIAN_POINT ( 'NONE',  ( 19.00084026430274875, 68.78385048557960602, 0.3479932201600836050 ) ) ;
#3388 = CARTESIAN_POINT ( 'NONE',  ( -12.69990360011237840, 44.03136914534718471, -48.68264016807144401 ) ) ;
#3389 = CARTESIAN_POINT ( 'NONE',  ( 15.90110132503424012, 25.19999999999999574, -50.37740579444184874 ) ) ;
#3390 = CARTESIAN_POINT ( 'NONE',  ( -17.57264293036909208, 22.04005902157308228, 0.8305668747720562628 ) ) ;
#3391 = CARTESIAN_POINT ( 'NONE',  ( 12.65719033491027723, 45.02449172995815729, -36.76540200048550133 ) ) ;
#3392 = EDGE_CURVE ( 'NONE', #370, #2299, #5122, .T. ) ;
#3393 = CARTESIAN_POINT ( 'NONE',  ( -18.51810140632638735, 74.29313445897628299, -4.234073018313001313 ) ) ;
#3394 = CARTESIAN_POINT ( 'NONE',  ( 12.66150770507543299, 62.25261891441968487, -58.84387627925113406 ) ) ;
#3395 = EDGE_CURVE ( 'NONE', #771, #1238, #3930, .T. ) ;
#3396 = CYLINDRICAL_SURFACE ( 'NONE', #2117, 12.69999999999999929 ) ;
#3397 = VERTEX_POINT ( 'NONE', #1812 ) ;
#3398 = CARTESIAN_POINT ( 'NONE',  ( 8.360267745681477791, 124.0963986160506494, 7.150595455552486435 ) ) ;
#3399 = CARTESIAN_POINT ( 'NONE',  ( 11.02574009932919274, 103.4831850189870863, -18.69643635645237367 ) ) ;
#3400 =( BOUNDED_SURFACE ( )  B_SPLINE_SURFACE ( 3, 2, ( 
 ( #3524, #2677, #3926 ),
 ( #368, #1566, #10 ),
 ( #1624, #3220, #2057 ),
 ( #799, #2461, #4875 ),
 ( #311, #2490, #827 ),
 ( #1142, #3278, #2404 ) ),
 .UNSPECIFIED., .F., .F., .F. ) 
 B_SPLINE_SURFACE_WITH_KNOTS ( ( 4, 2, 4 ),
 ( 3, 3 ),
 ( -3.943026460895282526E-15, 0.001306500445305451737, 0.002613000890614846500 ),
 ( 0.000000000000000000, 1.000000000000000000 ),
 .UNSPECIFIED. ) 
 GEOMETRIC_REPRESENTATION_ITEM ( )  RATIONAL_B_SPLINE_SURFACE ( (
 ( 1.000000000000000000, 0.8210472776681916329, 1.000000000000000000),
 ( 1.000000000000000000, 0.8062037620050409581, 1.000000000000000000),
 ( 1.000000000000000000, 0.7917945212251619180, 1.000000000000000000),
 ( 1.000000000000000000, 0.7634876359463523832, 1.000000000000000000),
 ( 1.000000000000000000, 0.7495392245900484030, 1.000000000000000000),
 ( 1.000000000000000000, 0.7363812161766883913, 1.000000000000000000) ) ) 
 REPRESENTATION_ITEM ( '' )  SURFACE ( )  );
#3401 = ORIENTED_EDGE ( 'NONE', *, *, #3622, .T. ) ;
#3402 = CARTESIAN_POINT ( 'NONE',  ( 18.90252149412093985, 68.70880573633351673, 1.921880308007954063 ) ) ;
#3403 = CARTESIAN_POINT ( 'NONE',  ( 16.73295937125703503, 48.22377876539319885, -64.98121602436533806 ) ) ;
#3404 = CARTESIAN_POINT ( 'NONE',  ( -15.83938928506872479, 104.1001938813763843, -16.30213613670623118 ) ) ;
#3405 = EDGE_CURVE ( 'NONE', #3098, #3230, #1734, .T. ) ;
#3406 = ADVANCED_FACE ( 'NONE', ( #4097, #4526 ), #798, .T. ) ;
#3407 = CARTESIAN_POINT ( 'NONE',  ( -15.92676887494418381, 6.671646922462382001, 3.587380007215117406 ) ) ;
#3408 = ORIENTED_EDGE ( 'NONE', *, *, #2086, .T. ) ;
#3409 = CARTESIAN_POINT ( 'NONE',  ( 8.517813774257323445, 108.3156450381493272, -22.64681348842875863 ) ) ;
#3410 = CARTESIAN_POINT ( 'NONE',  ( 18.80168506949566165, 50.87223396674876597, -44.12264141890023694 ) ) ;
#3411 = CARTESIAN_POINT ( 'NONE',  ( 12.66150770507543122, 62.28974017202617119, -58.63335116586625162 ) ) ;
#3412 = CARTESIAN_POINT ( 'NONE',  ( 7.258975485091877289, 108.5087950091227924, -16.47739617217916575 ) ) ;
#3413 = CARTESIAN_POINT ( 'NONE',  ( 17.56609590312968550, 22.57870140615800736, 1.754976413284422776 ) ) ;
#3414 = CARTESIAN_POINT ( 'NONE',  ( 16.95598572760837186, 62.20685102893634877, -58.71371192856775423 ) ) ;
#3415 = CARTESIAN_POINT ( 'NONE',  ( -17.50414581807352477, 21.25741116004252262, 1.007235686355050008 ) ) ;
#3416 = CARTESIAN_POINT ( 'NONE',  ( -13.43066731419806814, 104.4540056056652730, -16.95149069968737621 ) ) ;
#3417 = CARTESIAN_POINT ( 'NONE',  ( 18.20606050133529763, 33.21597440606719687, -60.79807777121050094 ) ) ;
#3418 = CARTESIAN_POINT ( 'NONE',  ( 16.15362915665336985, 101.5900069574315978, -17.98247402873219514 ) ) ;
#3419 = CARTESIAN_POINT ( 'NONE',  ( 18.77381019891323888, 68.18431480667943845, 1.913393090058568280 ) ) ;
#3420 = ORIENTED_EDGE ( 'NONE', *, *, #542, .F. ) ;
#3421 = CARTESIAN_POINT ( 'NONE',  ( -18.85660093920493097, 62.63933095589396771, 2.149572848824357507 ) ) ;
#3422 = ORIENTED_EDGE ( 'NONE', *, *, #5068, .T. ) ;
#3423 = CARTESIAN_POINT ( 'NONE',  ( 13.97274805978834777, 5.290454533942238413, 2.064815577916552680 ) ) ;
#3424 = CARTESIAN_POINT ( 'NONE',  ( 12.68982123563450060, 51.20439447693762958, -37.80607487643506204 ) ) ;
#3425 = ORIENTED_EDGE ( 'NONE', *, *, #486, .T. ) ;
#3426 = CYLINDRICAL_SURFACE ( 'NONE', #35, 8.000000000000003553 ) ;
#3427 = CARTESIAN_POINT ( 'NONE',  ( -7.549834435270743604, 120.2257177956222165, 8.000000000000001776 ) ) ;
#3428 = CARTESIAN_POINT ( 'NONE',  ( -15.35556605262851981, 119.9625733404214003, -7.986361723219886244 ) ) ;
#3429 = VECTOR ( 'NONE', #1090, 1000.000000000000000 ) ;
#3430 = CARTESIAN_POINT ( 'NONE',  ( 12.69990360011236774, 46.11507641183546014, -36.86534903024408294 ) ) ;
#3431 = CARTESIAN_POINT ( 'NONE',  ( 16.13835262844212437, 8.338089377381351142, 2.650888008540306817 ) ) ;
#3432 = DIRECTION ( 'NONE',  ( 0.000000000000000000, 0.000000000000000000, -1.000000000000000000 ) ) ;
#3433 = CARTESIAN_POINT ( 'NONE',  ( 18.89276782044500180, 68.33102912883200020, 0.3389815300003780063 ) ) ;
#3434 = CARTESIAN_POINT ( 'NONE',  ( 12.68989315804689255, 49.61018240490526665, -46.63469664340221499 ) ) ;
#3435 = CARTESIAN_POINT ( 'NONE',  ( 18.47513472021996606, 39.82525969810773603, -45.76649720752065065 ) ) ;
#3436 = CARTESIAN_POINT ( 'NONE',  ( -18.91599570923496287, 61.41768128881102484, 1.417495257401008235 ) ) ;
#3437 = B_SPLINE_CURVE_WITH_KNOTS ( 'NONE', 3,
 ( #2212, #3469, #5119, #3393, #1227, #3797, #2896, #1647, #1677, #2515, #1622, #4525 ),
 .UNSPECIFIED., .F., .F.,
 ( 4, 2, 2, 2, 2, 4 ),
 ( 0.000000000000000000, 0.005067202840285095662, 0.01013440568057019132, 0.02026881136114038265, 0.03040321704171057571, 0.04053762272228076530 ),
 .UNSPECIFIED. ) ;
#3438 = CARTESIAN_POINT ( 'NONE',  ( -12.66386288627353984, 60.83376738422714425, -59.92861768124417665 ) ) ;
#3439 = CARTESIAN_POINT ( 'NONE',  ( -17.26363745399088145, 18.64221461613915665, 2.492734242396022371 ) ) ;
#3440 = CARTESIAN_POINT ( 'NONE',  ( -9.957073172187707044, 103.7197813762241054, -18.46705693459781372 ) ) ;
#3441 = CARTESIAN_POINT ( 'NONE',  ( 18.24020398781456365, 34.00074926754676596, -58.95859488165605455 ) ) ;
#3442 = LINE ( 'NONE', #950, #520 ) ;
#3443 = EDGE_CURVE ( 'NONE', #1302, #2248, #4715, .T. ) ;
#3444 = DIRECTION ( 'NONE',  ( -0.1409224060865400252, -0.2790594498711740368, -0.9498772020110696213 ) ) ;
#3445 = ORIENTED_EDGE ( 'NONE', *, *, #4335, .T. ) ;
#3446 = CARTESIAN_POINT ( 'NONE',  ( -12.46719181497973494, 104.4247650747345944, -17.33553359148257300 ) ) ;
#3447 = FACE_OUTER_BOUND ( 'NONE', #4018, .T. ) ;
#3448 = ORIENTED_EDGE ( 'NONE', *, *, #1615, .T. ) ;
#3449 = CARTESIAN_POINT ( 'NONE',  ( 14.93684923210773086, 107.2612680423651739, -11.14914851522093819 ) ) ;
#3450 = CARTESIAN_POINT ( 'NONE',  ( 16.70707655358509669, 47.16368407624708681, -65.03880771211312606 ) ) ;
#3451 = CARTESIAN_POINT ( 'NONE',  ( -17.71011899096980713, 112.6059245581139976, -1.324391289387701454 ) ) ;
#3452 = EDGE_CURVE ( 'NONE', #212, #3700, #2773, .T. ) ;
#3453 = B_SPLINE_CURVE_WITH_KNOTS ( 'NONE', 3,
 ( #2891, #442, #2176, #2975, #2101, #3817, #3412, #2126 ),
 .UNSPECIFIED., .F., .F.,
 ( 4, 2, 2, 4 ),
 ( 0.000000000000000000, 0.001680105419035018586, 0.003360210838070037172, 0.006720421676140070008 ),
 .UNSPECIFIED. ) ;
#3454 = FACE_OUTER_BOUND ( 'NONE', #2595, .T. ) ;
#3455 = CARTESIAN_POINT ( 'NONE',  ( 18.76750812380413436, 68.36483447728087981, -2.861668530258850485 ) ) ;
#3456 = CARTESIAN_POINT ( 'NONE',  ( -18.95862431618442301, 60.44783056776785202, -57.60184944659256701 ) ) ;
#3457 =( BOUNDED_CURVE ( )  B_SPLINE_CURVE ( 3, ( #5015, #2619, #38, #2953 ),
 .UNSPECIFIED., .F., .F. ) 
 B_SPLINE_CURVE_WITH_KNOTS ( ( 4, 4 ),
 ( 4.790266084223824272, 7.776104530135344639 ),
 .UNSPECIFIED. ) 
 CURVE ( )  GEOMETRIC_REPRESENTATION_ITEM ( )  RATIONAL_B_SPLINE_CURVE ( ( 1.000000000000000000, 0.3851989393119506500, 0.3851989393119506500, 1.000000000000000000 ) ) 
 REPRESENTATION_ITEM ( '' )  );
#3458 = CARTESIAN_POINT ( 'NONE',  ( 9.204052563868547310, 125.7723600602863030, 6.038127538198996724 ) ) ;
#3459 = CARTESIAN_POINT ( 'NONE',  ( 18.79749545285287127, 68.50528798035260536, -2.766732475367409183 ) ) ;
#3460 = CARTESIAN_POINT ( 'NONE',  ( 18.79014108382173021, 50.34015033924354299, -64.73273163084864734 ) ) ;
#3461 = CARTESIAN_POINT ( 'NONE',  ( -13.22967433700147488, 102.8380424814457825, -19.32190001110509670 ) ) ;
#3462 = CARTESIAN_POINT ( 'NONE',  ( 1.592040838891559293E-15, 1.138941769344675725, 13.00000000000000178 ) ) ;
#3463 = CARTESIAN_POINT ( 'NONE',  ( -18.80069188449525441, 67.58515005957997346, -2.645126979523306776 ) ) ;
#3464 = ORIENTED_EDGE ( 'NONE', *, *, #2988, .T. ) ;
#3465 = CARTESIAN_POINT ( 'NONE',  ( -15.85067276223681532, 104.0141339319717417, -16.87162995631603835 ) ) ;
#3466 = AXIS2_PLACEMENT_3D ( 'NONE', #696, #2302, #1917 ) ;
#3467 = CARTESIAN_POINT ( 'NONE',  ( -18.85004497474397667, 67.82067765903688894, 1.866753150752923363 ) ) ;
#3468 = CARTESIAN_POINT ( 'NONE',  ( -13.21547252171681386, 104.0590591074740274, -18.13812824460883633 ) ) ;
#3469 = CARTESIAN_POINT ( 'NONE',  ( -18.73632308816718961, 69.32562288327132194, -3.228953195866131498 ) ) ;
#3470 = FACE_OUTER_BOUND ( 'NONE', #5225, .T. ) ;
#3471 = EDGE_CURVE ( 'NONE', #2556, #4009, #3775, .T. ) ;
#3472 = CARTESIAN_POINT ( 'NONE',  ( 5.371256725633668516, 107.4722595166211789, -17.24329930487896334 ) ) ;
#3473 = VERTEX_POINT ( 'NONE', #4070 ) ;
#3474 = CARTESIAN_POINT ( 'NONE',  ( -18.94304984990389684, 61.63981029152983382, 0.6593105827703089616 ) ) ;
#3475 = ORIENTED_EDGE ( 'NONE', *, *, #173, .T. ) ;
#3476 = CARTESIAN_POINT ( 'NONE',  ( 7.549834435270741828, 120.7742822043777409, 8.000000000000000000 ) ) ;
#3477 = CARTESIAN_POINT ( 'NONE',  ( -15.01204692260885842, 110.0985453579743449, -9.741129774757455451 ) ) ;
#3478 = ORIENTED_EDGE ( 'NONE', *, *, #2244, .T. ) ;
#3479 = CARTESIAN_POINT ( 'NONE',  ( 14.54681721342987899, 104.5230343919057105, -15.94562716228173294 ) ) ;
#3480 = CARTESIAN_POINT ( 'NONE',  ( -7.622990940106451951, 119.4126885100776292, 7.930424040748064840 ) ) ;
#3481 = DIRECTION ( 'NONE',  ( 0.000000000000000000, 0.000000000000000000, -1.000000000000000000 ) ) ;
#3482 = CARTESIAN_POINT ( 'NONE',  ( -15.77354253049683841, 117.6512552900258584, -7.480146151650283848 ) ) ;
#3483 = EDGE_CURVE ( 'NONE', #3340, #5350, #3487, .T. ) ;
#3484 = CARTESIAN_POINT ( 'NONE',  ( 12.68297533102693109, 45.38793331217369342, -36.77358867623979677 ) ) ;
#3485 = CARTESIAN_POINT ( 'NONE',  ( 18.78769213500418900, 68.57053051502333574, -2.835415699330096295 ) ) ;
#3486 = CARTESIAN_POINT ( 'NONE',  ( 16.95872992813992042, 61.81913949715122669, -59.07679321938471162 ) ) ;
#3487 = B_SPLINE_CURVE_WITH_KNOTS ( 'NONE', 3,
 ( #5318, #1648, #1170, #3335, #1593, #3219, #421, #1036, #1890, #3307, #2079, #2842, #2706, #367 ),
 .UNSPECIFIED., .F., .F.,
 ( 4, 2, 2, 2, 2, 2, 4 ),
 ( 0.0005230043474728867086, 0.004358679051848973751, 0.006276516404037017598, 0.007235435080131038220, 0.007714894418178040725, 0.007954624087201532870, 0.008194353756225023280 ),
 .UNSPECIFIED. ) ;
#3488 = CARTESIAN_POINT ( 'NONE',  ( 18.82194032828214958, 68.62598891592486439, -2.596890466262458119 ) ) ;
#3489 = B_SPLINE_CURVE_WITH_KNOTS ( 'NONE', 3,
 ( #1262, #2109, #928, #2956, #2594, #3771, #1732, #4261 ),
 .UNSPECIFIED., .F., .F.,
 ( 4, 2, 2, 4 ),
 ( 0.007594818650723511241, 0.01092772276240154897, 0.01259417481824056870, 0.01426062687407958843 ),
 .UNSPECIFIED. ) ;
#3490 = CARTESIAN_POINT ( 'NONE',  ( 18.30121249206926493, 35.40822817194231931, -59.93031400176728596 ) ) ;
#3491 = CARTESIAN_POINT ( 'NONE',  ( -18.69322998955706083, 46.57568459210492762, -48.56476200802183030 ) ) ;
#3492 = CARTESIAN_POINT ( 'NONE',  ( -18.84303774921477626, 67.80254516956199495, -2.005562752278429617 ) ) ;
#3493 = ORIENTED_EDGE ( 'NONE', *, *, #903, .T. ) ;
#3494 = DIRECTION ( 'NONE',  ( 0.000000000000000000, -0.6960717803469737008, 0.7179721976543342876 ) ) ;
#3495 = CARTESIAN_POINT ( 'NONE',  ( -16.51597649673753310, 11.50858040547197270, 4.100197061019034805 ) ) ;
#3496 = CARTESIAN_POINT ( 'NONE',  ( -13.32835215376516125, 104.0769940214125029, -18.12074040213144599 ) ) ;
#3497 = CARTESIAN_POINT ( 'NONE',  ( 18.15565186574207246, 32.11215760117684681, -59.95527599722284151 ) ) ;
#3498 = CARTESIAN_POINT ( 'NONE',  ( 6.337950703355799575, 108.0030656091325341, -16.85108306917167909 ) ) ;
#3499 = ORIENTED_EDGE ( 'NONE', *, *, #3471, .F. ) ;
#3500 = CARTESIAN_POINT ( 'NONE',  ( -16.13422465589109933, 101.7486422447335457, -17.82948260741363455 ) ) ;
#3501 = VERTEX_POINT ( 'NONE', #2027 ) ;
#3502 = CARTESIAN_POINT ( 'NONE',  ( 12.71591030764734498, 103.0291127606917172, -19.13665797822328329 ) ) ;
#3503 = CARTESIAN_POINT ( 'NONE',  ( 18.77029551364170956, 68.28448275908205289, -2.915458328811249000 ) ) ;
#3504 = EDGE_CURVE ( 'NONE', #2296, #2240, #1369, .T. ) ;
#3505 = EDGE_LOOP ( 'NONE', ( #5234, #1009 ) ) ;
#3506 = CARTESIAN_POINT ( 'NONE',  ( 15.39754882858479768, 108.7608029006261887, -9.338616057522340697 ) ) ;
#3507 = CARTESIAN_POINT ( 'NONE',  ( 17.71370134243608163, 23.71057052458264991, 0.1792414318653132721 ) ) ;
#3508 = CARTESIAN_POINT ( 'NONE',  ( -15.60215002623481340, 118.4019766371025781, -7.724461431788490096 ) ) ;
#3509 = LINE ( 'NONE', #1790, #3317 ) ;
#3510 = CARTESIAN_POINT ( 'NONE',  ( -8.078115674867127893, 117.6183355240192867, -7.467417433214491140 ) ) ;
#3511 = AXIS2_PLACEMENT_3D ( 'NONE', #3978, #1906, #3208 ) ;
#3512 = CARTESIAN_POINT ( 'NONE',  ( -12.69990360011250097, 46.11507641180163830, -36.86534903023783727 ) ) ;
#3513 = CARTESIAN_POINT ( 'NONE',  ( 18.86240446603767751, 68.52288250030204608, -2.284765236302988445 ) ) ;
#3514 = CIRCLE ( 'NONE', #2035, 6.199999999999994849 ) ;
#3515 = CARTESIAN_POINT ( 'NONE',  ( -14.98249072271308613, 104.2902564299570116, -16.39946683358473933 ) ) ;
#3516 = CARTESIAN_POINT ( 'NONE',  ( -18.67150898512840484, 45.81053143361496893, -48.72651948289386326 ) ) ;
#3517 = CARTESIAN_POINT ( 'NONE',  ( -18.79821601152220012, 67.54806019645441495, -2.677692585522942093 ) ) ;
#3518 = CARTESIAN_POINT ( 'NONE',  ( 17.76355963306728469, 112.5000962697512250, 0.2692640114290358877 ) ) ;
#3519 = CARTESIAN_POINT ( 'NONE',  ( -15.41082950139610652, 123.8214508920714110, 7.282614942538540248 ) ) ;
#3520 = CARTESIAN_POINT ( 'NONE',  ( -13.43512344600382491, 104.0982249545694032, -18.10015707942190843 ) ) ;
#3521 = CARTESIAN_POINT ( 'NONE',  ( 1.486580520878579392, 102.3537529572475364, -19.79141717683017987 ) ) ;
#3522 = ORIENTED_EDGE ( 'NONE', *, *, #1780, .F. ) ;
#3523 = ORIENTED_EDGE ( 'NONE', *, *, #4183, .F. ) ;
#3524 = CARTESIAN_POINT ( 'NONE',  ( 16.00606062048669997, 102.7766034288941768, -15.90970438152908706 ) ) ;
#3525 = CARTESIAN_POINT ( 'NONE',  ( -18.40152176055026700, 76.48806745302415777, -4.648361581994668867 ) ) ;
#3526 = ORIENTED_EDGE ( 'NONE', *, *, #4344, .T. ) ;
#3527 = DIRECTION ( 'NONE',  ( 0.000000000000000000, 0.7071067811865462405, -0.7071067811865487940 ) ) ;
#3528 = CARTESIAN_POINT ( 'NONE',  ( 16.94748471976955884, 15.47691783587748482, 3.253601211078653854 ) ) ;
#3529 = CARTESIAN_POINT ( 'NONE',  ( -11.74104058897188985, 109.8726271249037154, -13.52061704138217380 ) ) ;
#3530 = B_SPLINE_CURVE_WITH_KNOTS ( 'NONE', 3,
 ( #3793, #5090, #900, #2562, #3329, #4227, #498, #3818, #416, #84, #1749, #1358, #4582, #3413, #3028, #1333, #3006, #4657, #627, #4709, #2637, #3151, #550, #2287 ),
 .UNSPECIFIED., .F., .F.,
 ( 4, 2, 2, 2, 2, 2, 2, 2, 2, 2, 2, 4 ),
 ( 0.002718737567247880328, 0.007859966647700276574, 0.01300119572815267022, 0.01557181026837887311, 0.01814242480860506906, 0.01942773207871816704, 0.02071303934883126502, 0.02135569298388781401, 0.02199834661894436647, 0.02231967343647263749, 0.02264100025400091198, 0.02328365388905745056 ),
 .UNSPECIFIED. ) ;
#3531 = CARTESIAN_POINT ( 'NONE',  ( -15.30825329149287128, 120.4999999999808580, -8.000000000000003553 ) ) ;
#3532 = EDGE_LOOP ( 'NONE', ( #645, #2990, #5103, #4643, #4622, #3784, #2621, #2879, #2059 ) ) ;
#3533 = CARTESIAN_POINT ( 'NONE',  ( -18.94391093488593114, 58.91945243216793671, -61.42148783588446292 ) ) ;
#3534 = FACE_OUTER_BOUND ( 'NONE', #225, .T. ) ;
#3535 = CARTESIAN_POINT ( 'NONE',  ( 15.74087083618928240, 22.28454441212583959, -42.69802568999741510 ) ) ;
#3536 = CARTESIAN_POINT ( 'NONE',  ( -10.91669414839818231, 112.6148439884543393, -1.377321708904835962 ) ) ;
#3537 = CARTESIAN_POINT ( 'NONE',  ( -18.64824894399867716, 45.02449172995815729, -36.76540200048550133 ) ) ;
#3538 = VERTEX_POINT ( 'NONE', #3560 ) ;
#3539 = CARTESIAN_POINT ( 'NONE',  ( 18.80828987458097146, 68.60875416251128911, -2.693914724486075052 ) ) ;
#3540 = CARTESIAN_POINT ( 'NONE',  ( -13.99188686574304619, 104.0499213654004080, -18.14698725672860391 ) ) ;
#3541 = CARTESIAN_POINT ( 'NONE',  ( -18.78682992814481167, 50.22382973638761428, -45.76631324209024143 ) ) ;
#3542 = EDGE_CURVE ( 'NONE', #1727, #3473, #1003, .T. ) ;
#3543 = CARTESIAN_POINT ( 'NONE',  ( -18.87953496718580837, 67.90032017663270381, -1.233642651272202073 ) ) ;
#3544 = EDGE_CURVE ( 'NONE', #3669, #3854, #5096, .T. ) ;
#3545 = CARTESIAN_POINT ( 'NONE',  ( 15.30825329149132763, 120.5000000000000142, 8.000000000000003553 ) ) ;
#3546 = CARTESIAN_POINT ( 'NONE',  ( -18.71778765995919613, 67.60927917777316054, 3.342913679319566178 ) ) ;
#3547 = CARTESIAN_POINT ( 'NONE',  ( 10.94794644641415360, 112.5717020278992351, 1.102523389806813636 ) ) ;
#3548 = EDGE_CURVE ( 'NONE', #3139, #5292, #3442, .T. ) ;
#3549 = CARTESIAN_POINT ( 'NONE',  ( -14.88319603317120787, 108.5823731904440734, -10.26166448262631548 ) ) ;
#3550 = CARTESIAN_POINT ( 'NONE',  ( -0.5452969150438894408, 106.3326225317455851, -18.08628783055736022 ) ) ;
#3551 = ORIENTED_EDGE ( 'NONE', *, *, #1691, .T. ) ;
#3552 = ADVANCED_FACE ( 'NONE', ( #5044 ), #3249, .T. ) ;
#3553 = CARTESIAN_POINT ( 'NONE',  ( 10.21988848832724806, 113.6112723995541245, -4.075964169894053413 ) ) ;
#3554 = ORIENTED_EDGE ( 'NONE', *, *, #2577, .T. ) ;
#3555 = CARTESIAN_POINT ( 'NONE',  ( 11.02525590863970706, 103.4832952470327001, -18.69632949070991756 ) ) ;
#3556 = CARTESIAN_POINT ( 'NONE',  ( -17.81438291727828371, 85.32357887670546859, -6.211145347431247465 ) ) ;
#3557 = ORIENTED_EDGE ( 'NONE', *, *, #2577, .F. ) ;
#3558 = CARTESIAN_POINT ( 'NONE',  ( -15.12455355505991150, 109.8726271249037012, -9.586813811258002360 ) ) ;
#3559 = CARTESIAN_POINT ( 'NONE',  ( 16.51597649674995694, 11.50858040554981443, 4.100197062220244604 ) ) ;
#3560 = CARTESIAN_POINT ( 'NONE',  ( -14.28431103781643330, 104.4473887527519338, -16.44936816109035149 ) ) ;
#3561 = ORIENTED_EDGE ( 'NONE', *, *, #4413, .F. ) ;
#3562 = CARTESIAN_POINT ( 'NONE',  ( -18.60643550902057441, 43.66516380824382537, -62.87054420042580460 ) ) ;
#3563 = AXIS2_PLACEMENT_3D ( 'NONE', #26, #5388, #4165 ) ;
#3564 = CARTESIAN_POINT ( 'NONE',  ( -18.88023506227654380, 54.79545197278245183, -61.28776332752046585 ) ) ;
#3565 = CARTESIAN_POINT ( 'NONE',  ( 18.92203273310058620, 62.76481884886482021, 1.581622840991817824 ) ) ;
#3566 = CARTESIAN_POINT ( 'NONE',  ( 15.92095359860417503, 25.61002849350170862, -51.45743070318977175 ) ) ;
#3567 = CARTESIAN_POINT ( 'NONE',  ( 7.379490655538793575, 3.188748142521516282, 14.58238615418559725 ) ) ;
#3568 = EDGE_CURVE ( 'NONE', #852, #3501, #3262, .T. ) ;
#3569 = CARTESIAN_POINT ( 'NONE',  ( -11.74444912445019717, 104.3372325819028532, -13.90529941643658596 ) ) ;
#3570 = CARTESIAN_POINT ( 'NONE',  ( 18.19611973213903156, 33.01477077207930932, -58.18070054461636431 ) ) ;
#3571 = CARTESIAN_POINT ( 'NONE',  ( -18.80509876410395265, 51.02463185089338538, -42.37614827088722791 ) ) ;
#3572 = CARTESIAN_POINT ( 'NONE',  ( -18.85335890596568120, 67.83122146615235692, -1.812549618784909944 ) ) ;
#3573 = CARTESIAN_POINT ( 'NONE',  ( 15.32816744678164689, 120.2346432580827695, 8.000000000000003553 ) ) ;
#3574 = CARTESIAN_POINT ( 'NONE',  ( 12.69098995156779530, 48.91541878313796587, -47.33275207102241922 ) ) ;
#3575 = CARTESIAN_POINT ( 'NONE',  ( 7.777083233279447505, 118.6162030130133758, 7.779649739539900466 ) ) ;
#3576 = CARTESIAN_POINT ( 'NONE',  ( -17.67662261592115769, 23.26264418152802804, 0.4578995425869972213 ) ) ;
#3577 = CARTESIAN_POINT ( 'NONE',  ( -11.19886108991716611, 39.19511569308400567, -41.33240112502556229 ) ) ;
#3578 = CARTESIAN_POINT ( 'NONE',  ( -10.98888972296711053, 128.4847401137668328, 0.5633754299675870492 ) ) ;
#3579 = CARTESIAN_POINT ( 'NONE',  ( -3.813741057401497603, 106.9101750247347979, -17.65901225682352660 ) ) ;
#3580 = AXIS2_PLACEMENT_3D ( 'NONE', #4611, #4146, #1253 ) ;
#3581 = VERTEX_POINT ( 'NONE', #3768 ) ;
#3582 = CARTESIAN_POINT ( 'NONE',  ( -10.79333873971953395, 112.7864190427422386, 2.138288742598219994 ) ) ;
#3583 = CARTESIAN_POINT ( 'NONE',  ( 9.957073172180653131, 103.7197813762049776, -18.46705693461636599 ) ) ;
#3584 = CARTESIAN_POINT ( 'NONE',  ( -18.95805464026534182, 60.69876405404755104, -65.04694009427630874 ) ) ;
#3585 = ORIENTED_EDGE ( 'NONE', *, *, #1691, .F. ) ;
#3586 = CARTESIAN_POINT ( 'NONE',  ( 15.72696641525883621, 22.08427921774208258, -42.17052235372305091 ) ) ;
#3587 = CARTESIAN_POINT ( 'NONE',  ( 15.91494119070106450, 6.552985836658344887, 2.809442548080217428 ) ) ;
#3588 = VERTEX_POINT ( 'NONE', #3798 ) ;
#3589 = CARTESIAN_POINT ( 'NONE',  ( -18.45875363215740350, 39.31976162307444156, -63.97621989691071320 ) ) ;
#3590 = DIRECTION ( 'NONE',  ( -3.347878427938975060E-19, -1.000000000000000000, -0.000000000000000000 ) ) ;
#3591 = CARTESIAN_POINT ( 'NONE',  ( 18.89947895155574997, 63.80946551144678835, 1.943664349369767175 ) ) ;
#3592 = CARTESIAN_POINT ( 'NONE',  ( 18.88523722453262721, 68.33503786118181722, -0.8179640069459697127 ) ) ;
#3593 = CARTESIAN_POINT ( 'NONE',  ( 0.7508135743023138797, 2.641223959216316697, 16.22810191334455254 ) ) ;
#3594 = CARTESIAN_POINT ( 'NONE',  ( -17.68584239472952646, 23.58981786092067523, 0.9636982941909343348 ) ) ;
#3595 = CARTESIAN_POINT ( 'NONE',  ( -13.92233984245830847, 5.042285514253151746, 2.718498741627331849 ) ) ;
#3596 = CARTESIAN_POINT ( 'NONE',  ( 13.40755604532695955, 104.4542760752288473, -16.96483194980792319 ) ) ;
#3597 = DIRECTION ( 'NONE',  ( 0.000000000000000000, -0.6960717803469737008, 0.7179721976543342876 ) ) ;
#3598 = CARTESIAN_POINT ( 'NONE',  ( -18.96830787438715049, 68.31368612909979277, 1.117511855354073269 ) ) ;
#3599 = CIRCLE ( 'NONE', #1688, 11.00000000000000000 ) ;
#3600 = CARTESIAN_POINT ( 'NONE',  ( 17.73290231197818301, 23.95733360894138642, -41.81218352271764616 ) ) ;
#3601 = CARTESIAN_POINT ( 'NONE',  ( -12.68604816913448019, 43.29635030286591757, -48.52350169175171857 ) ) ;
#3602 = AXIS2_PLACEMENT_3D ( 'NONE', #4597, #5273, #48 ) ;
#3603 = CARTESIAN_POINT ( 'NONE',  ( -14.61776693116573966, 104.7181363774507901, -15.32431046014213827 ) ) ;
#3604 = CARTESIAN_POINT ( 'NONE',  ( -18.41802928297044772, 76.45787132197179403, -4.519285445409862767 ) ) ;
#3605 =( BOUNDED_SURFACE ( )  B_SPLINE_SURFACE ( 3, 2, ( 
 ( #2599, #1478, #255 ),
 ( #635, #2324, #691 ),
 ( #4012, #226, #3583 ),
 ( #282, #1939, #3555 ),
 ( #1508, #3108, #4766 ),
 ( #3135, #3611, #3908 ),
 ( #4792, #1450, #178 ),
 ( #2269, #1885, #5176 ),
 ( #1029, #4745, #3956 ),
 ( #4391, #1060, #199 ),
 ( #2700, #5201, #3190 ),
 ( #1829, #2730, #3985 ),
 ( #1858, #4364, #1912 ),
 ( #665, #5227, #3502 ),
 ( #3165, #2297, #4821 ),
 ( #1087, #5259, #5154 ),
 ( #2756, #4417, #1425 ),
 ( #2349, #3087, #4847 ),
 ( #4336, #1538, #1007 ),
 ( #4446, #1115, #613 ) ),
 .UNSPECIFIED., .F., .F., .T. ) 
 B_SPLINE_SURFACE_WITH_KNOTS ( ( 4, 2, 2, 2, 2, 2, 2, 2, 2, 4 ),
 ( 3, 3 ),
 ( -2.257287074096090177E-05, 0.002214173216981950906, 0.003332546260843407236, 0.003891732782774135185, 0.004171326043739499376, 0.004311122674222181254, 0.004381020989463522627, 0.004415970147084192880, 0.004433444725894528440, 0.004450919304704863133 ),
 ( 0.000000000000000000, 1.000000000000000000 ),
 .UNSPECIFIED. ) 
 GEOMETRIC_REPRESENTATION_ITEM ( )  RATIONAL_B_SPLINE_SURFACE ( (
 ( 1.000000000000000000, 1.000000000000000000, 1.000000000000000000),
 ( 1.000000000000000000, 0.9999358397963267198, 1.000000000000000000),
 ( 1.000000000000000000, 0.9988221793165231732, 1.000000000000000000),
 ( 1.000000000000000000, 0.9933560628119854075, 1.000000000000000000),
 ( 1.000000000000000000, 0.9909557405192195301, 1.000000000000000000),
 ( 1.000000000000000000, 0.9852087943992852148, 1.000000000000000000),
 ( 1.000000000000000000, 0.9829603917493479059, 1.000000000000000000),
 ( 1.000000000000000000, 0.9782385235303749926, 1.000000000000000000),
 ( 1.000000000000000000, 0.9764570718560736662, 1.000000000000000000),
 ( 1.000000000000000000, 0.9728943761832761217, 1.000000000000000000),
 ( 1.000000000000000000, 0.9715694319635497234, 1.000000000000000000),
 ( 1.000000000000000000, 0.9689897677073684434, 1.000000000000000000),
 ( 1.000000000000000000, 0.9680377814542429071, 1.000000000000000000),
 ( 1.000000000000000000, 0.9662252163365513402, 1.000000000000000000),
 ( 1.000000000000000000, 0.9655598748391788222, 1.000000000000000000),
 ( 1.000000000000000000, 0.9643252476358180614, 1.000000000000000000),
 ( 1.000000000000000000, 0.9638752294912831253, 1.000000000000000000),
 ( 1.000000000000000000, 0.9627991190780398334, 1.000000000000000000),
 ( 1.000000000000000000, 0.9621946948193301763, 1.000000000000000000),
 ( 1.000000000000000000, 0.9612585214539313139, 1.000000000000000000) ) ) 
 REPRESENTATION_ITEM ( '' )  SURFACE ( )  );
#3606 = VECTOR ( 'NONE', #764, 1000.000000000000114 ) ;
#3607 = CARTESIAN_POINT ( 'NONE',  ( -8.423263453579837190, 32.28228337352741306, -60.09767372780146388 ) ) ;
#3608 = CARTESIAN_POINT ( 'NONE',  ( 12.68970748466442444, 46.46038495710888583, -65.04694009427630874 ) ) ;
#3609 = ORIENTED_EDGE ( 'NONE', *, *, #4507, .T. ) ;
#3610 = CARTESIAN_POINT ( 'NONE',  ( -12.70324249909269376, 49.16368401544368538, -47.12125483655956515 ) ) ;
#3611 = CARTESIAN_POINT ( 'NONE',  ( 12.27714079495976307, 103.9960644209791383, -18.19920139440957030 ) ) ;
#3612 = CARTESIAN_POINT ( 'NONE',  ( -17.79301546153345370, 25.01505224057365240, -44.54769412710849252 ) ) ;
#3613 = ORIENTED_EDGE ( 'NONE', *, *, #4924, .F. ) ;
#3614 = EDGE_CURVE ( 'NONE', #2647, #4477, #3457, .T. ) ;
#3615 = DIRECTION ( 'NONE',  ( 0.000000000000000000, 0.7071067811865486830, 0.7071067811865464625 ) ) ;
#3616 = CARTESIAN_POINT ( 'NONE',  ( 17.17183482555294560, 17.69539350396562938, 1.600332887791892977 ) ) ;
#3617 = ORIENTED_EDGE ( 'NONE', *, *, #3504, .T. ) ;
#3618 = CARTESIAN_POINT ( 'NONE',  ( -18.66873485983741432, 45.69964155955621266, -65.05293557608152355 ) ) ;
#3619 = DIRECTION ( 'NONE',  ( -1.000000000000000000, 0.000000000000000000, 0.000000000000000000 ) ) ;
#3620 = CARTESIAN_POINT ( 'NONE',  ( 18.95525571236272810, 60.88495475382166688, 0.2927579980523225545 ) ) ;
#3621 = CARTESIAN_POINT ( 'NONE',  ( -9.833961172275127893, 114.1973970476365992, -4.933752138529605702 ) ) ;
#3622 = EDGE_CURVE ( 'NONE', #615, #1681, #1777, .T. ) ;
#3623 = CARTESIAN_POINT ( 'NONE',  ( 10.53092163806534920, 1.429945353173376565, 12.23348956462463022 ) ) ;
#3624 = ADVANCED_FACE ( 'NONE', ( #3876 ), #144, .F. ) ;
#3625 = CARTESIAN_POINT ( 'NONE',  ( -6.337950703361318716, 108.0030656091356178, -16.85108306916940535 ) ) ;
#3626 = CARTESIAN_POINT ( 'NONE',  ( 18.77034663521880375, 68.28311050263998538, -2.952998858774891655 ) ) ;
#3627 = CARTESIAN_POINT ( 'NONE',  ( 15.95946074353129340, 116.9457795726459324, -7.185847206751879490 ) ) ;
#3628 = CARTESIAN_POINT ( 'NONE',  ( -4.311680647747555994, 1.183947100569558764, 12.88145487564971070 ) ) ;
#3629 = CARTESIAN_POINT ( 'NONE',  ( 18.48568821285202901, 68.50000000000000000, 4.390823532917670136 ) ) ;
#3630 = CARTESIAN_POINT ( 'NONE',  ( -18.86377727577018248, 67.89068557645218505, -2.277188729022281866 ) ) ;
#3631 = LINE ( 'NONE', #335, #2995 ) ;
#3632 = CARTESIAN_POINT ( 'NONE',  ( -12.38398922617997044, 41.31275479225080005, -47.49407357748537351 ) ) ;
#3633 = CARTESIAN_POINT ( 'NONE',  ( -7.844404459574723099, 122.6430020397002068, 7.712158919406189916 ) ) ;
#3634 = CARTESIAN_POINT ( 'NONE',  ( 8.172177423974591903, 1.880903020035877837, 11.04565622933006530 ) ) ;
#3635 = FACE_OUTER_BOUND ( 'NONE', #1456, .T. ) ;
#3636 = EDGE_LOOP ( 'NONE', ( #3372, #3706 ) ) ;
#3637 = CARTESIAN_POINT ( 'NONE',  ( 18.77510281240884993, 68.14618456602038066, 2.773349955659823785 ) ) ;
#3638 = LINE ( 'NONE', #1140, #4800 ) ;
#3639 = CARTESIAN_POINT ( 'NONE',  ( -18.79739448436379234, 67.47877995584529742, 2.606727892403687186 ) ) ;
#3640 = EDGE_CURVE ( 'NONE', #3964, #2676, #5018, .T. ) ;
#3641 = CARTESIAN_POINT ( 'NONE',  ( -15.99678730761769785, 27.21776739010459067, -54.47857827408033415 ) ) ;
#3642 = ORIENTED_EDGE ( 'NONE', *, *, #5300, .T. ) ;
#3643 = DIRECTION ( 'NONE',  ( 0.1243209467465339613, 0.8967326425263228984, 0.4247527163277520779 ) ) ;
#3644 = CARTESIAN_POINT ( 'NONE',  ( 16.67555795520166839, 12.92383737456971993, 2.194171472800788614 ) ) ;
#3646 = VERTEX_POINT ( 'NONE', #877 ) ;
#3645 = CARTESIAN_POINT ( 'NONE',  ( 16.48196749166589115, 39.42759511897203595, -63.93712905946105707 ) ) ;
#3647 = CARTESIAN_POINT ( 'NONE',  ( 18.86489072592943117, 53.90917852946051170, -63.81257725388677926 ) ) ;
#3648 = CARTESIAN_POINT ( 'NONE',  ( -18.48077375885718610, 39.93217865314824166, -62.08911908792984491 ) ) ;
#3649 = CARTESIAN_POINT ( 'NONE',  ( -18.78101495392249021, 49.97185611099727254, -62.74370104331968179 ) ) ;
#3650 = CARTESIAN_POINT ( 'NONE',  ( 18.88765913511027961, 64.30889451555746916, 1.317068571382300268 ) ) ;
#3651 = CARTESIAN_POINT ( 'NONE',  ( -18.88025085518401269, 64.62379915461687574, 2.199447472774882950 ) ) ;
#3652 = CARTESIAN_POINT ( 'NONE',  ( 8.974011123849045646, 2.099909975178542165, 10.46878664467490516 ) ) ;
#3653 = DIRECTION ( 'NONE',  ( -0.000000000000000000, 1.000000000000000000, -0.000000000000000000 ) ) ;
#3654 = CARTESIAN_POINT ( 'NONE',  ( -13.48344208200370709, 4.320957710616354142, 4.618493516739001770 ) ) ;
#3655 = CARTESIAN_POINT ( 'NONE',  ( 17.72026814230937219, 23.79051645073699461, -3.442795871321673444E-16 ) ) ;
#3656 = CARTESIAN_POINT ( 'NONE',  ( -5.259048372190776810, 1.307913096495032734, 12.55492546230616213 ) ) ;
#3657 = CARTESIAN_POINT ( 'NONE',  ( 3.892003250849130216E-12, 106.3328803294818528, -18.08609706827329688 ) ) ;
#3658 = CARTESIAN_POINT ( 'NONE',  ( -18.81950184997059594, 67.85583869769608611, -2.611144407824600222 ) ) ;
#3659 = CARTESIAN_POINT ( 'NONE',  ( -17.09568288288608073, 16.90919343712403489, 1.712818997346772676 ) ) ;
#3660 = CARTESIAN_POINT ( 'NONE',  ( -12.22013504646329807, 40.76397190797060688, -46.99410654923627817 ) ) ;
#3661 = CARTESIAN_POINT ( 'NONE',  ( -10.67924182323493021, 128.0531054853931607, -2.650057562238645303 ) ) ;
#3662 = CARTESIAN_POINT ( 'NONE',  ( -12.70156960069170005, 40.83558098593604058, -64.34449830821944261 ) ) ;
#3663 = CARTESIAN_POINT ( 'NONE',  ( 11.74104058897207103, 109.8726271249037012, -13.52061704138209208 ) ) ;
#3664 = EDGE_LOOP ( 'NONE', ( #1367, #2379, #4495, #4332, #511, #3274, #2413, #3016, #726, #909, #409, #318, #5098 ) ) ;
#3665 = CARTESIAN_POINT ( 'NONE',  ( 18.77226632226520664, 68.22767051954242845, -2.830266725136112438 ) ) ;
#3666 = CARTESIAN_POINT ( 'NONE',  ( 9.635600397700224917, 114.5060643232737476, -5.322373828940449414 ) ) ;
#3667 = CARTESIAN_POINT ( 'NONE',  ( -18.82364034863665125, 67.93404122492187014, 2.677545869415689950 ) ) ;
#3668 = CARTESIAN_POINT ( 'NONE',  ( 12.69719194147192809, 43.66159339973740572, -48.61162561679931571 ) ) ;
#3669 = VERTEX_POINT ( 'NONE', #2542 ) ;
#3670 = CARTESIAN_POINT ( 'NONE',  ( 0.000000000000000000, 104.0000000000001421, 11.00000000000000000 ) ) ;
#3671 = CARTESIAN_POINT ( 'NONE',  ( -19.00105821385071891, 68.38013042772163885, 0.3551087412369662855 ) ) ;
#3672 = CARTESIAN_POINT ( 'NONE',  ( 18.42154233553554121, 38.38717472236869099, -61.46199017797390951 ) ) ;
#3673 = CARTESIAN_POINT ( 'NONE',  ( -18.03153907886713725, 29.55415587237696684, -54.46719365357252229 ) ) ;
#3674 = EDGE_LOOP ( 'NONE', ( #4100, #3561, #753, #5053, #18 ) ) ;
#3675 = CARTESIAN_POINT ( 'NONE',  ( 18.93898434512651008, 61.86762195606745252, 0.7281109372952199177 ) ) ;
#3676 = CARTESIAN_POINT ( 'NONE',  ( 2.652500516463586866, 1.025597107537777219, 13.29855256394407270 ) ) ;
#3677 = CARTESIAN_POINT ( 'NONE',  ( 16.17303139721886041, 101.4313901476460273, -18.13544762992048831 ) ) ;
#3678 = AXIS2_PLACEMENT_3D ( 'NONE', #2219, #126, #45 ) ;
#3679 = CARTESIAN_POINT ( 'NONE',  ( -5.240522072140104015, 2.920903351090022859, 15.38736207674858569 ) ) ;
#3680 = CARTESIAN_POINT ( 'NONE',  ( -15.26860061881057007, 121.0283731033185290, -8.000000000001266542 ) ) ;
#3681 = CARTESIAN_POINT ( 'NONE',  ( -18.88510200726948796, 67.91026840489499250, -1.006639206378041829 ) ) ;
#3682 = CARTESIAN_POINT ( 'NONE',  ( -17.71458202152716410, 23.72128177288488260, 0.1668166429588007482 ) ) ;
#3683 = CARTESIAN_POINT ( 'NONE',  ( 15.74087083618928240, 22.28454441212583959, -42.69802568999741510 ) ) ;
#3684 = B_SPLINE_CURVE_WITH_KNOTS ( 'NONE', 3,
 ( #971, #3546, #1000, #3467 ),
 .UNSPECIFIED., .F., .F.,
 ( 4, 4 ),
 ( -2.781495946278752485E-05, 0.002219717084960569353 ),
 .UNSPECIFIED. ) ;
#3685 = CYLINDRICAL_SURFACE ( 'NONE', #4365, 22.74098111983047232 ) ;
#3686 = CARTESIAN_POINT ( 'NONE',  ( -11.56675997317795535, 3.044826933301465477, 7.979852661683788817 ) ) ;
#3687 = CARTESIAN_POINT ( 'NONE',  ( -17.72208753784126500, 89.14365870588299856, -32.59856187387477888 ) ) ;
#3688 = VERTEX_POINT ( 'NONE', #477 ) ;
#3689 = CARTESIAN_POINT ( 'NONE',  ( 18.78319167759907771, 68.44377869071276166, -2.809248248484416788 ) ) ;
#3690 = AXIS2_PLACEMENT_3D ( 'NONE', #1974, #3527, #3615 ) ;
#3691 = CARTESIAN_POINT ( 'NONE',  ( 11.68639769541184847, 40.70776881620333398, -38.58210107943946809 ) ) ;
#3692 = CIRCLE ( 'NONE', #4558, 1.000000000000005329 ) ;
#3693 = CARTESIAN_POINT ( 'NONE',  ( 18.77038227534972137, 68.54679024074748384, -2.966880185624488853 ) ) ;
#3694 = CARTESIAN_POINT ( 'NONE',  ( 18.77607205094917830, 68.11694877940840342, -2.541616410317474095 ) ) ;
#3695 = ORIENTED_EDGE ( 'NONE', *, *, #4507, .F. ) ;
#3696 = CARTESIAN_POINT ( 'NONE',  ( 18.79476471031131268, 68.50449893838579385, -2.784991695501664477 ) ) ;
#3697 = CARTESIAN_POINT ( 'NONE',  ( -19.00429502858646913, 68.38588113380205868, -0.05870322721166007507 ) ) ;
#3698 = CARTESIAN_POINT ( 'NONE',  ( 15.82310365688022102, 89.21202859046687195, -32.53227748688112797 ) ) ;
#3699 = CARTESIAN_POINT ( 'NONE',  ( -18.18815386308096649, 32.81387332528671408, -60.52077545238273615 ) ) ;
#3700 = VERTEX_POINT ( 'NONE', #2132 ) ;
#3701 = CARTESIAN_POINT ( 'NONE',  ( 18.78276142434699025, 64.00893047138296765, 2.782525673160461288 ) ) ;
#3702 = CARTESIAN_POINT ( 'NONE',  ( -18.80467123212199709, 67.26934440779828606, 1.836788133612958784 ) ) ;
#3703 = CARTESIAN_POINT ( 'NONE',  ( -18.79200632553573058, 67.64315679788811053, -2.804481658947470812 ) ) ;
#3704 = CARTESIAN_POINT ( 'NONE',  ( -16.28900991297642165, 13.68258559621243897, 5.173893585930553485 ) ) ;
#3705 = CARTESIAN_POINT ( 'NONE',  ( -9.913571384348495386, 3.721528513445940600, 12.98252381634808650 ) ) ;
#3706 = ORIENTED_EDGE ( 'NONE', *, *, #5301, .F. ) ;
#3707 = CARTESIAN_POINT ( 'NONE',  ( 0.000000000000000000, 0.000000000000000000, 0.000000000000000000 ) ) ;
#3708 = CARTESIAN_POINT ( 'NONE',  ( 15.46577536623979476, 109.8726271249037012, -9.026013051874603121 ) ) ;
#3709 = CARTESIAN_POINT ( 'NONE',  ( 16.61718421785352717, 128.2932469390881636, -1.826137143255980089 ) ) ;
#3710 = CARTESIAN_POINT ( 'NONE',  ( -7.624311721711616308, 121.5971172713807533, -7.929157962580584140 ) ) ;
#3711 = EDGE_CURVE ( 'NONE', #931, #917, #4326, .T. ) ;
#3712 = CARTESIAN_POINT ( 'NONE',  ( -5.354046241188772370, 107.4987841987747572, -17.22377061000925380 ) ) ;
#3713 = CARTESIAN_POINT ( 'NONE',  ( 11.65532002081313578, 104.0000000000000000, -18.19538586296676641 ) ) ;
#3714 = EDGE_LOOP ( 'NONE', ( #481, #893, #3801 ) ) ;
#3715 = DIRECTION ( 'NONE',  ( -0.1280960067597945173, -0.1904911039381814164, -0.9732957168161215922 ) ) ;
#3716 = ADVANCED_FACE ( 'NONE', ( #4641, #3470 ), #975, .T. ) ;
#3717 = EDGE_CURVE ( 'NONE', #3854, #2962, #2291, .T. ) ;
#3718 = CARTESIAN_POINT ( 'NONE',  ( 11.94951235659021727, 40.05172537672250144, -46.14298047279228854 ) ) ;
#3719 = CARTESIAN_POINT ( 'NONE',  ( 15.74085076539310357, 104.8472766236799458, -13.74673848708875212 ) ) ;
#3720 = CARTESIAN_POINT ( 'NONE',  ( -16.83393082317373768, 114.4985363668767775, 5.315118490344306501 ) ) ;
#3721 = CARTESIAN_POINT ( 'NONE',  ( 18.76275836162428945, 68.50000000000245848, -3.234672217985003595 ) ) ;
#3722 = CARTESIAN_POINT ( 'NONE',  ( -18.79776262852602997, 67.46746916854488063, 1.866753150752923363 ) ) ;
#3723 = VERTEX_POINT ( 'NONE', #1274 ) ;
#3724 = CARTESIAN_POINT ( 'NONE',  ( -18.47477513426658291, 39.81476775673692003, -45.76744146923933698 ) ) ;
#3725 = DIRECTION ( 'NONE',  ( 0.000000000000000000, 0.000000000000000000, -1.000000000000000000 ) ) ;
#3726 = CARTESIAN_POINT ( 'NONE',  ( 16.74716845234327423, 75.75646426042359849, -45.57740465111664463 ) ) ;
#3727 = CARTESIAN_POINT ( 'NONE',  ( -17.95421063681257579, 28.00019405951504226, -55.59459576267131808 ) ) ;
#3728 = ORIENTED_EDGE ( 'NONE', *, *, #2073, .F. ) ;
#3729 = CARTESIAN_POINT ( 'NONE',  ( -18.95143581679414524, 61.13218014944744993, 0.7843364755104823560 ) ) ;
#3730 = DIRECTION ( 'NONE',  ( -0.4497398067229488317, 0.3170087664259760851, -0.8350087114862251303 ) ) ;
#3731 = CARTESIAN_POINT ( 'NONE',  ( 12.70327111485377181, 40.40980810965539405, -64.24432988137749589 ) ) ;
#3732 = CARTESIAN_POINT ( 'NONE',  ( -18.79707444122911397, 67.46669531681544640, -2.765877465224213516 ) ) ;
#3733 = EDGE_CURVE ( 'NONE', #222, #212, #1924, .T. ) ;
#3734 = LINE ( 'NONE', #919, #940 ) ;
#3735 = CARTESIAN_POINT ( 'NONE',  ( 16.29702893251826623, 127.4340288756306023, 4.023394595648454697 ) ) ;
#3736 = CARTESIAN_POINT ( 'NONE',  ( -9.204640076823729089, 125.7679613808338530, -6.025924232876263886 ) ) ;
#3737 = CARTESIAN_POINT ( 'NONE',  ( 19.00085827754962153, 68.78386261338856400, 0.3471332797149254690 ) ) ;
#3738 = CARTESIAN_POINT ( 'NONE',  ( 18.55247244086694280, 42.01945684826016247, -47.97342390972659132 ) ) ;
#3739 = CARTESIAN_POINT ( 'NONE',  ( -18.65076779149829278, 66.17420590687346760, 3.617893503931576493 ) ) ;
#3740 = FACE_OUTER_BOUND ( 'NONE', #1477, .T. ) ;
#3741 = PRODUCT_DEFINITION_SHAPE ( 'NONE', 'NONE',  #1046 ) ;
#3742 = CARTESIAN_POINT ( 'NONE',  ( -17.65509974695495288, 23.00559357884364076, 0.5538231728491792571 ) ) ;
#3743 = CARTESIAN_POINT ( 'NONE',  ( 11.26666233860333932, 39.48252977724993684, -40.43592368132886605 ) ) ;
#3744 = CARTESIAN_POINT ( 'NONE',  ( 15.63828032826251224, 105.6171214374057143, -12.31122050416856695 ) ) ;
#3745 = DIRECTION ( 'NONE',  ( 0.000000000000000000, 0.9348930393583384513, 0.3549295774647811541 ) ) ;
#3746 = CARTESIAN_POINT ( 'NONE',  ( 14.48803618605123411, 104.3982588462818910, -16.43879549756818648 ) ) ;
#3747 = CARTESIAN_POINT ( 'NONE',  ( -16.36191208012601450, 36.00175765059569954, -62.50735194934593864 ) ) ;
#3748 = ORIENTED_EDGE ( 'NONE', *, *, #1463, .F. ) ;
#3749 = CARTESIAN_POINT ( 'NONE',  ( -18.49968880024795581, 40.50257635574170223, -46.72843986048523846 ) ) ;
#3750 = CARTESIAN_POINT ( 'NONE',  ( -18.79240814683153005, 67.63098542386430267, -2.836469016618604844 ) ) ;
#3751 = CARTESIAN_POINT ( 'NONE',  ( -18.25582301654816675, 34.33444017024461203, -61.56658455424523169 ) ) ;
#3752 = ORIENTED_EDGE ( 'NONE', *, *, #3483, .F. ) ;
#3753 = CARTESIAN_POINT ( 'NONE',  ( -16.94893701464617308, 60.77437579160335446, -60.03358934958899340 ) ) ;
#3754 = CARTESIAN_POINT ( 'NONE',  ( -10.45532053089111457, 2.597845107579712653, 9.157213535837511742 ) ) ;
#3755 = CARTESIAN_POINT ( 'NONE',  ( -15.80516623061893888, 104.3598086274363510, -15.10243765761242329 ) ) ;
#3756 = CARTESIAN_POINT ( 'NONE',  ( 12.69990360011238195, 41.25246723610591459, -64.44257604444433696 ) ) ;
#3757 = CARTESIAN_POINT ( 'NONE',  ( -14.68179602971028430, 10.87494587657811351, -12.64486886675391908 ) ) ;
#3758 = CARTESIAN_POINT ( 'NONE',  ( 16.00184669320740483, 126.5155449981305651, 5.280265541335256607 ) ) ;
#3759 = CARTESIAN_POINT ( 'NONE',  ( -7.549834435270745381, 120.7762548557679594, -8.000000000000005329 ) ) ;
#3760 = CARTESIAN_POINT ( 'NONE',  ( 18.98613878782697739, 68.54249342309094573, -0.8241665110657878657 ) ) ;
#3761 = CARTESIAN_POINT ( 'NONE',  ( -17.73764866847249522, 24.04084794371666334, -41.98816653506784746 ) ) ;
#3762 = DIRECTION ( 'NONE',  ( 0.000000000000000000, 0.5829808006899902528, -0.8124859297408526526 ) ) ;
#3763 = FACE_OUTER_BOUND ( 'NONE', #5048, .T. ) ;
#3764 = CARTESIAN_POINT ( 'NONE',  ( 0.000000000000000000, 142.0000000000000284, 0.000000000000000000 ) ) ;
#3765 = CARTESIAN_POINT ( 'NONE',  ( -16.94748471976129522, 15.47691783584670588, 3.253601210557985901 ) ) ;
#3766 = DIRECTION ( 'NONE',  ( 0.000000000000000000, 1.000000000000000000, 0.000000000000000000 ) ) ;
#3767 = DIRECTION ( 'NONE',  ( 1.000000000000000000, -0.000000000000000000, -0.000000000000000000 ) ) ;
#3768 = CARTESIAN_POINT ( 'NONE',  ( 1.347111479062088405E-15, 142.0000000000000284, -11.00000000000000000 ) ) ;
#3769 = CIRCLE ( 'NONE', #1364, 2.000000000000000444 ) ;
#3770 = CARTESIAN_POINT ( 'NONE',  ( 10.67250455186771418, 128.0435816804224771, -2.677036454983253932 ) ) ;
#3771 = CARTESIAN_POINT ( 'NONE',  ( -10.87765444585462227, 109.8137418287475526, -14.23909169343822434 ) ) ;
#3772 = ORIENTED_EDGE ( 'NONE', *, *, #3542, .T. ) ;
#3773 = CARTESIAN_POINT ( 'NONE',  ( 18.78810548695230409, 68.42926540077691300, -2.743005118004960607 ) ) ;
#3774 = ORIENTED_EDGE ( 'NONE', *, *, #2501, .T. ) ;
#3775 =( BOUNDED_CURVE ( )  B_SPLINE_CURVE ( 3, ( #644, #4127, #1678, #2403 ),
 .UNSPECIFIED., .F., .F. ) 
 B_SPLINE_CURVE_WITH_KNOTS ( ( 4, 4 ),
 ( 4.586097391190138595, 4.630523143815174159 ),
 .UNSPECIFIED. ) 
 CURVE ( )  GEOMETRIC_REPRESENTATION_ITEM ( )  RATIONAL_B_SPLINE_CURVE ( ( 1.000000000000000000, 0.9998355361378435946, 0.9998355361378435946, 1.000000000000000000 ) ) 
 REPRESENTATION_ITEM ( '' )  );
#3776 = EDGE_CURVE ( 'NONE', #4009, #284, #3734, .T. ) ;
#3777 = EDGE_LOOP ( 'NONE', ( #4074, #44, #1562 ) ) ;
#3778 = EDGE_CURVE ( 'NONE', #3646, #3928, #4497, .T. ) ;
#3779 = CARTESIAN_POINT ( 'NONE',  ( 17.23707169263952110, 113.5843314193533047, -4.054917729032663232 ) ) ;
#3780 = CARTESIAN_POINT ( 'NONE',  ( -3.350099101303526616, 1.080881076133796581, 13.15293326166529120 ) ) ;
#3781 = CARTESIAN_POINT ( 'NONE',  ( -15.63577036141267484, 105.6359611842612338, -12.27876735048083745 ) ) ;
#3782 = CARTESIAN_POINT ( 'NONE',  ( -14.70506951108483484, 5.578200176772482699, 7.416486059549776577 ) ) ;
#3783 = EDGE_CURVE ( 'NONE', #4943, #3379, #1904, .T. ) ;
#3784 = ORIENTED_EDGE ( 'NONE', *, *, #2518, .T. ) ;
#3785 = DIRECTION ( 'NONE',  ( -0.000000000000000000, 1.000000000000000000, 0.000000000000000000 ) ) ;
#3786 = EDGE_CURVE ( 'NONE', #4849, #4397, #607, .T. ) ;
#3787 = CARTESIAN_POINT ( 'NONE',  ( 18.70409324066702084, 46.96506834909936146, -48.45634372618194874 ) ) ;
#3788 = CIRCLE ( 'NONE', #1431, 2.000000000000000444 ) ;
#3789 = CARTESIAN_POINT ( 'NONE',  ( 15.51978443669102781, 124.5298188513757935, -6.930556154011423331 ) ) ;
#3790 = CARTESIAN_POINT ( 'NONE',  ( 18.59507176694424757, 43.25888417984533163, -62.87786772289580028 ) ) ;
#3791 = CARTESIAN_POINT ( 'NONE',  ( 15.91467954701457366, 106.4319569706745767, -8.617763191087002284 ) ) ;
#3792 = CARTESIAN_POINT ( 'NONE',  ( 18.63636825898677785, 44.62812831218663234, -48.76540200048551554 ) ) ;
#3793 = CARTESIAN_POINT ( 'NONE',  ( 14.70506951108499472, 5.578200176772322827, 7.416486059549570520 ) ) ;
#3794 = CARTESIAN_POINT ( 'NONE',  ( 12.69797024457866286, 45.02449172995815729, -48.76540200048551554 ) ) ;
#3795 = CARTESIAN_POINT ( 'NONE',  ( -17.64816641311448109, 23.26658540847331835, 1.270834918594196505 ) ) ;
#3796 = CARTESIAN_POINT ( 'NONE',  ( 0.000000000000000000, 11.00977043699427682, -13.00000000000000178 ) ) ;
#3797 = CARTESIAN_POINT ( 'NONE',  ( -18.13627757374218774, 80.92874999063721475, -5.459667131380183669 ) ) ;
#3798 = CARTESIAN_POINT ( 'NONE',  ( 3.892003250849130216E-12, 106.3328803294818528, -18.08609706827329688 ) ) ;
#3799 = ADVANCED_FACE ( 'NONE', ( #4221 ), #4011, .T. ) ;
#3800 = DIRECTION ( 'NONE',  ( 1.243449787580175325E-14, 0.000000000000000000, -1.000000000000000000 ) ) ;
#3801 = ORIENTED_EDGE ( 'NONE', *, *, #3776, .T. ) ;
#3802 = CARTESIAN_POINT ( 'NONE',  ( -18.59988530948079699, 43.45995795957215790, -48.57133346693680664 ) ) ;
#3803 = EDGE_CURVE ( 'NONE', #1828, #5024, #3993, .T. ) ;
#3804 = DIRECTION ( 'NONE',  ( -0.000000000000000000, -1.000000000000000000, -0.000000000000000000 ) ) ;
#3805 = EDGE_LOOP ( 'NONE', ( #3107, #3478, #2527, #3114 ) ) ;
#3806 = CARTESIAN_POINT ( 'NONE',  ( 18.78007799110763187, 68.56008780303980643, -2.893243407716001858 ) ) ;
#3807 = CARTESIAN_POINT ( 'NONE',  ( -12.69520507483660410, 46.46577089090048673, -48.76540200048552265 ) ) ;
#3808 = CARTESIAN_POINT ( 'NONE',  ( 18.78810548695225435, 68.42926540077611719, -2.743005118004947729 ) ) ;
#3809 = CARTESIAN_POINT ( 'NONE',  ( -14.62038194220095200, 104.7254291349093336, -15.30138153503253839 ) ) ;
#3810 =( BOUNDED_SURFACE ( )  B_SPLINE_SURFACE ( 3, 2, ( 
 ( #3456, #2282, #4273 ),
 ( #162, #1816, #3940 ),
 ( #2199, #2687, #3864 ),
 ( #2227, #4377, #3119 ) ),
 .UNSPECIFIED., .F., .F., .F. ) 
 B_SPLINE_SURFACE_WITH_KNOTS ( ( 4, 4 ),
 ( 3, 3 ),
 ( -5.095750210681870840E-18, 0.0002738716642987886331 ),
 ( 0.000000000000000000, 1.000000000000000000 ),
 .UNSPECIFIED. ) 
 GEOMETRIC_REPRESENTATION_ITEM ( )  RATIONAL_B_SPLINE_SURFACE ( (
 ( 1.000000000000000000, 0.7046486324741596530, 1.000000000000000000),
 ( 1.000000000000000000, 0.7066533577604289240, 1.000000000000000000),
 ( 1.000000000000000000, 0.7086663594076066941, 1.000000000000000000),
 ( 1.000000000000000000, 0.7106863897714255085, 1.000000000000000000) ) ) 
 REPRESENTATION_ITEM ( '' )  SURFACE ( )  );
#3811 = CARTESIAN_POINT ( 'NONE',  ( -13.48344208214727935, 4.320957710600613844, 4.618493516780465491 ) ) ;
#3812 = VERTEX_POINT ( 'NONE', #1792 ) ;
#3813 = CARTESIAN_POINT ( 'NONE',  ( 17.80398330416738517, 25.18727457333451980, -50.34388671469255883 ) ) ;
#3814 = CARTESIAN_POINT ( 'NONE',  ( 18.74963298220333741, 48.69115282724043681, -47.53097684941657519 ) ) ;
#3815 = CARTESIAN_POINT ( 'NONE',  ( 18.78186110529832931, 49.99336452109263718, -62.75296570741210900 ) ) ;
#3816 = DIRECTION ( 'NONE',  ( 0.000000000000000000, 1.000000000000000000, 0.000000000000000000 ) ) ;
#3817 = CARTESIAN_POINT ( 'NONE',  ( 8.167694448692238041, 108.9564731347802962, -16.02494095809061747 ) ) ;
#3818 = CARTESIAN_POINT ( 'NONE',  ( 17.03310019371521022, 18.51012257589060894, 3.586884255532153176 ) ) ;
#3819 = ORIENTED_EDGE ( 'NONE', *, *, #2170, .T. ) ;
#3820 = CARTESIAN_POINT ( 'NONE',  ( -16.00606062048659339, 102.7766034288949299, -15.90970438152656818 ) ) ;
#3821 = CARTESIAN_POINT ( 'NONE',  ( -17.72402585669571451, 23.83608057398414815, 0.2947318660981397276 ) ) ;
#3822 = CARTESIAN_POINT ( 'NONE',  ( -8.517813774263613524, 103.9999999999997868, -18.19538586296694760 ) ) ;
#3823 = CARTESIAN_POINT ( 'NONE',  ( 18.03233175267551402, 29.57007073179418200, -54.48923715726073880 ) ) ;
#3824 = CARTESIAN_POINT ( 'NONE',  ( 17.80503396172022690, 68.58218824156521976, -2.642084450928652739 ) ) ;
#3825 = ORIENTED_EDGE ( 'NONE', *, *, #4333, .F. ) ;
#3826 = CARTESIAN_POINT ( 'NONE',  ( -18.89379891574411729, 61.88634518551687336, 1.724236870737645422 ) ) ;
#3827 = CARTESIAN_POINT ( 'NONE',  ( 15.72696641525869765, 22.08427921774210390, -42.17052235372312197 ) ) ;
#3828 = CARTESIAN_POINT ( 'NONE',  ( 15.49225074056165674, 6.109870972207771089, 5.540737747373524869 ) ) ;
#3829 = VERTEX_POINT ( 'NONE', #1043 ) ;
#3830 = CARTESIAN_POINT ( 'NONE',  ( 18.79193786117877352, 68.57753492451161037, -2.804133447266293544 ) ) ;
#3831 = CARTESIAN_POINT ( 'NONE',  ( 17.72866262377821656, 23.96198779416883440, 0.4101557785510394072 ) ) ;
#3832 = DIRECTION ( 'NONE',  ( -0.000000000000000000, -1.000000000000000000, -0.000000000000000000 ) ) ;
#3833 = CARTESIAN_POINT ( 'NONE',  ( -15.80258553193797333, 6.439388127284938257, 4.391069999808065560 ) ) ;
#3834 = EDGE_CURVE ( 'NONE', #2549, #2240, #4688, .T. ) ;
#3835 = CARTESIAN_POINT ( 'NONE',  ( 17.79301546153883962, 25.01505224066956856, -44.54769412707505438 ) ) ;
#3836 = CARTESIAN_POINT ( 'NONE',  ( 18.70371535905716343, 46.95353152956064235, -37.08056314944465015 ) ) ;
#3837 =( BOUNDED_SURFACE ( )  B_SPLINE_SURFACE ( 3, 2, ( 
 ( #859, #3312, #2876 ),
 ( #805, #4969, #780 ),
 ( #3346, #16, #4103 ),
 ( #374, #5353, #1235 ),
 ( #2905, #831, #2494 ),
 ( #4155, #427, #2087 ),
 ( #4996, #1265, #2523 ),
 ( #319, #3647, #1385 ),
 ( #3385, #2609, #4223 ),
 ( #1355, #495, #2230 ),
 ( #3815, #3460, #4250 ),
 ( #2586, #3001, #3892 ),
 ( #521, #1746, #466 ),
 ( #3838, #2124, #3025 ),
 ( #3790, #58, #4654 ),
 ( #1723, #4275, #547 ),
 ( #2202, #136, #3867 ),
 ( #317, #1176, #3645 ),
 ( #5291, #3226, #4881 ),
 ( #3672, #1599, #1147 ),
 ( #4933, #2431, #949 ),
 ( #2592, #3032, #557 ),
 ( #926, #2183, #4309 ),
 ( #172, #3417, #1418 ),
 ( #3441, #583, #1824 ),
 ( #5095, #3497, #1392 ),
 ( #3900, #528, #3083 ),
 ( #3846, #4713, #117 ),
 ( #2645, #1337, #3875 ),
 ( #3057, #4738, #1002 ),
 ( #1776, #5066, #2673 ),
 ( #2239, #5148, #4686 ),
 ( #3823, #143, #2618 ),
 ( #1362, #3011, #90 ),
 ( #1801, #1753, #974 ),
 ( #4283, #4661, #4258 ) ),
 .UNSPECIFIED., .F., .F., .F. ) 
 B_SPLINE_SURFACE_WITH_KNOTS ( ( 4, 2, 2, 2, 2, 2, 2, 2, 2, 2, 2, 2, 2, 2, 2, 2, 2, 4 ),
 ( 3, 3 ),
 ( 0.000000000000000000, 0.005029571556321480244, 0.006286964445401849871, 0.007544357334482220366, 0.01005914311264296049, 0.01257392889080369974, 0.01508871466896444073, 0.02011828622528592098, 0.02137567911436628887, 0.02263307200344666023, 0.02514785778160739949, 0.02766264355976814221, 0.02892003644884851010, 0.03017742933792888146, 0.03269221511608962072, 0.03394960800516999555, 0.03520700089425036344, 0.04023657245057184195 ),
 ( 0.000000000000000000, 1.000000000000000000 ),
 .UNSPECIFIED. ) 
 GEOMETRIC_REPRESENTATION_ITEM ( )  RATIONAL_B_SPLINE_SURFACE ( (
 ( 1.000000000000000000, 0.7046486324741596530, 1.000000000000000000),
 ( 1.000000000000000000, 0.7044847579791468917, 1.000000000000000000),
 ( 1.000000000000000000, 0.7044083695097844711, 1.000000000000000000),
 ( 1.000000000000000000, 0.7044980964586048389, 1.000000000000000000),
 ( 1.000000000000000000, 0.7045253249143595964, 1.000000000000000000),
 ( 1.000000000000000000, 0.7046004357115679406, 1.000000000000000000),
 ( 1.000000000000000000, 0.7046485411967324808, 1.000000000000000000),
 ( 1.000000000000000000, 0.7048246686072415779, 1.000000000000000000),
 ( 1.000000000000000000, 0.7049845797539239234, 1.000000000000000000),
 ( 1.000000000000000000, 0.7053965941342826840, 1.000000000000000000),
 ( 1.000000000000000000, 0.7056486800112921065, 1.000000000000000000),
 ( 1.000000000000000000, 0.7062525003923040279, 1.000000000000000000),
 ( 1.000000000000000000, 0.7066070398169365108, 1.000000000000000000),
 ( 1.000000000000000000, 0.7077994740887484371, 1.000000000000000000),
 ( 1.000000000000000000, 0.7087693881944980845, 1.000000000000000000),
 ( 1.000000000000000000, 0.7101807740757288823, 1.000000000000000000),
 ( 1.000000000000000000, 0.7104740353559741983, 1.000000000000000000),
 ( 1.000000000000000000, 0.7110728738866429754, 1.000000000000000000),
 ( 1.000000000000000000, 0.7113786733579903210, 1.000000000000000000),
 ( 1.000000000000000000, 0.7123128342267492918, 1.000000000000000000),
 ( 1.000000000000000000, 0.7129579795801211928, 1.000000000000000000),
 ( 1.000000000000000000, 0.7142801006582392143, 1.000000000000000000),
 ( 1.000000000000000000, 0.7149571094983609987, 1.000000000000000000),
 ( 1.000000000000000000, 0.7159860495139843684, 1.000000000000000000),
 ( 1.000000000000000000, 0.7163296423791518652, 1.000000000000000000),
 ( 1.000000000000000000, 0.7170104467539939463, 1.000000000000000000),
 ( 1.000000000000000000, 0.7173485192123419951, 1.000000000000000000),
 ( 1.000000000000000000, 0.7183528420585723051, 1.000000000000000000),
 ( 1.000000000000000000, 0.7190092442621356383, 1.000000000000000000),
 ( 1.000000000000000000, 0.7199619619920811786, 1.000000000000000000),
 ( 1.000000000000000000, 0.7202742107456201470, 1.000000000000000000),
 ( 1.000000000000000000, 0.7208858602612242539, 1.000000000000000000),
 ( 1.000000000000000000, 0.7211861408981039556, 1.000000000000000000),
 ( 1.000000000000000000, 0.7226370989125575628, 1.000000000000000000),
 ( 1.000000000000000000, 0.7236348650310568953, 1.000000000000000000),
 ( 1.000000000000000000, 0.7244168363624164941, 1.000000000000000000) ) ) 
 REPRESENTATION_ITEM ( '' )  SURFACE ( )  );
#3838 = CARTESIAN_POINT ( 'NONE',  ( 18.64719704968421965, 44.92866582697934774, -63.06329433977822418 ) ) ;
#3839 = CARTESIAN_POINT ( 'NONE',  ( 17.93045751712315905, 27.56973595831410506, -51.25961634430204583 ) ) ;
#3840 = FACE_OUTER_BOUND ( 'NONE', #5265, .T. ) ;
#3841 = CARTESIAN_POINT ( 'NONE',  ( 0.000000000000000000, 110.1999999999999886, 0.000000000000000000 ) ) ;
#3842 = VERTEX_POINT ( 'NONE', #3537 ) ;
#3843 = CARTESIAN_POINT ( 'NONE',  ( 1.592040838891559293E-15, 1.138941769344675725, 13.00000000000000178 ) ) ;
#3844 = CARTESIAN_POINT ( 'NONE',  ( -17.55566682073508744, 21.84478327915418205, 0.8766069868120951458 ) ) ;
#3845 = CARTESIAN_POINT ( 'NONE',  ( -8.517813774263897741, 103.9999999999999858, -18.19538586296676286 ) ) ;
#3846 = CARTESIAN_POINT ( 'NONE',  ( 18.15237898878084977, 32.05860815587855228, -57.34430169737256477 ) ) ;
#3847 = CARTESIAN_POINT ( 'NONE',  ( 10.95668273619140010, 74.86609957981555397, -61.06797324120504555 ) ) ;
#3848 = CARTESIAN_POINT ( 'NONE',  ( 18.78062845581065332, 67.98318602503245245, 1.947098566258313124 ) ) ;
#3849 = ORIENTED_EDGE ( 'NONE', *, *, #3776, .F. ) ;
#3850 = CIRCLE ( 'NONE', #1321, 2.000000000000000444 ) ;
#3851 = CARTESIAN_POINT ( 'NONE',  ( -18.94988747084103409, 61.22694627609588736, 0.4874648567138117339 ) ) ;
#3852 = DIRECTION ( 'NONE',  ( 0.000000000000000000, 0.000000000000000000, -1.000000000000000000 ) ) ;
#3853 = CARTESIAN_POINT ( 'NONE',  ( 9.238514222196771541, 103.8628503428313792, -18.32835202286993947 ) ) ;
#3854 = VERTEX_POINT ( 'NONE', #186 ) ;
#3855 = CARTESIAN_POINT ( 'NONE',  ( 14.40841200895183327, 104.2496590257822504, -17.03460606706818226 ) ) ;
#3856 = AXIS2_PLACEMENT_3D ( 'NONE', #3370, #3804, #4644 ) ;
#3857 = CARTESIAN_POINT ( 'NONE',  ( 17.73052892406519376, 23.91557287206090621, 0.08301520597053498041 ) ) ;
#3858 = CARTESIAN_POINT ( 'NONE',  ( 12.76810326090436831, 103.0104225436560199, -19.15477808466976128 ) ) ;
#3859 = CIRCLE ( 'NONE', #4987, 12.70000000000000107 ) ;
#3860 = AXIS2_PLACEMENT_3D ( 'NONE', #2554, #4244, #2165 ) ;
#3861 = CARTESIAN_POINT ( 'NONE',  ( 3.769243145732276368, 2.778986279031676609, 15.81392346800593351 ) ) ;
#3862 = CARTESIAN_POINT ( 'NONE',  ( 17.75018469936308918, 24.21561114031611694, -47.78450187380616399 ) ) ;
#3863 = EDGE_CURVE ( 'NONE', #1153, #13, #4739, .T. ) ;
#3864 = CARTESIAN_POINT ( 'NONE',  ( -16.95925967549212032, 61.96632633089616604, -58.94110319420048683 ) ) ;
#3865 = CARTESIAN_POINT ( 'NONE',  ( 9.842164164096026013, 126.8178703245891654, 4.934281885730824158 ) ) ;
#3866 = CARTESIAN_POINT ( 'NONE',  ( -12.88065728611320360, 104.0000000000004832, -18.19538586296571481 ) ) ;
#3867 = CARTESIAN_POINT ( 'NONE',  ( 16.51106837620693568, 40.31607018513111740, -64.20607422841456469 ) ) ;
#3868 = LINE ( 'NONE', #496, #1940 ) ;
#3869 = CARTESIAN_POINT ( 'NONE',  ( 18.44683603891172297, 39.06271105911544339, -43.54847576220248584 ) ) ;
#3870 = CARTESIAN_POINT ( 'NONE',  ( 0.000000000000000000, 109.8726271249037012, 0.000000000000000000 ) ) ;
#3871 = ORIENTED_EDGE ( 'NONE', *, *, #5138, .T. ) ;
#3872 = EDGE_CURVE ( 'NONE', #370, #3379, #1840, .T. ) ;
#3873 = CARTESIAN_POINT ( 'NONE',  ( 16.39441727830879358, 115.6306781214376969, 6.352631840411667952 ) ) ;
#3874 = CARTESIAN_POINT ( 'NONE',  ( -15.70430573231072380, 4.959630942566667144, 2.937007760786548349 ) ) ;
#3875 = CARTESIAN_POINT ( 'NONE',  ( 16.12654979507683350, 30.11929463579070543, -58.14794086738119461 ) ) ;
#3876 = FACE_OUTER_BOUND ( 'NONE', #2038, .T. ) ;
#3877 = CARTESIAN_POINT ( 'NONE',  ( -17.79301549373666802, 25.01505280720268587, -44.54769561571870895 ) ) ;
#3878 = ORIENTED_EDGE ( 'NONE', *, *, #647, .T. ) ;
#3879 = CARTESIAN_POINT ( 'NONE',  ( -9.514333855926087935, 104.1392534494690381, -18.04347621618220643 ) ) ;
#3880 = ORIENTED_EDGE ( 'NONE', *, *, #77, .T. ) ;
#3881 = CARTESIAN_POINT ( 'NONE',  ( -7.753759507056130040, 24.60826067934592132, -65.04694009427630874 ) ) ;
#3882 = CARTESIAN_POINT ( 'NONE',  ( -17.22178854422618599, 92.42980332366025209, -7.165933506216163096 ) ) ;
#3883 = ORIENTED_EDGE ( 'NONE', *, *, #1231, .T. ) ;
#3884 = CARTESIAN_POINT ( 'NONE',  ( 15.50729672143355309, 106.5830875818259784, -10.09574877915191493 ) ) ;
#3885 = CARTESIAN_POINT ( 'NONE',  ( -9.634406640146291778, 114.5079228714458566, 5.324638622321450576 ) ) ;
#3886 = CARTESIAN_POINT ( 'NONE',  ( -17.73605644222426392, 112.5540351309295488, 1.072418596728133222 ) ) ;
#3887 = DIRECTION ( 'NONE',  ( 0.000000000000000000, -0.9348930393583380072, -0.3549295774647824864 ) ) ;
#3888 = CARTESIAN_POINT ( 'NONE',  ( 18.64824894399854216, 45.02449172995815729, -48.76540200048551554 ) ) ;
#3889 = CARTESIAN_POINT ( 'NONE',  ( -16.17303139721888527, 101.4313901476460558, -18.13544762992045634 ) ) ;
#3890 = CARTESIAN_POINT ( 'NONE',  ( 10.98885495821582658, 128.4846929708343453, -0.5652682304043461503 ) ) ;
#3891 = CARTESIAN_POINT ( 'NONE',  ( -8.517813774264547888, 104.0000000000000000, -18.19538586296677707 ) ) ;
#3892 = CARTESIAN_POINT ( 'NONE',  ( 16.74117427552522130, 48.55468331882331512, -64.96913089878397329 ) ) ;
#3893 = CARTESIAN_POINT ( 'NONE',  ( -19.79723336096639486, 67.50000000000000000, 1.866753150752923363 ) ) ;
#3894 = CARTESIAN_POINT ( 'NONE',  ( -18.68788667141425819, 46.38559395976722044, -48.61224693888677706 ) ) ;
#3895 = ORIENTED_EDGE ( 'NONE', *, *, #4110, .T. ) ;
#3896 = CARTESIAN_POINT ( 'NONE',  ( 17.40529911356955495, 113.2286334861589836, 3.346064972524255499 ) ) ;
#3897 = CARTESIAN_POINT ( 'NONE',  ( -16.11531767402564341, 8.146114066963916045, 2.669528037421262656 ) ) ;
#3898 = CARTESIAN_POINT ( 'NONE',  ( -11.24621954713673588, 103.9810250170657611, -18.21378204904872078 ) ) ;
#3899 = CARTESIAN_POINT ( 'NONE',  ( -15.95681968207305523, 6.908328331012095980, 2.774674732846033720 ) ) ;
#3900 = CARTESIAN_POINT ( 'NONE',  ( 18.19577537107248943, 33.00717790443341926, -58.17432167619464423 ) ) ;
#3901 = ADVANCED_FACE ( 'NONE', ( #4754 ), #3810, .T. ) ;
#3902 = AXIS2_PLACEMENT_3D ( 'NONE', #4583, #5062, #2950 ) ;
#3903 = CARTESIAN_POINT ( 'NONE',  ( -17.84656239795869581, 25.98935939674574058, -47.10749196130635852 ) ) ;
#3904 = EDGE_LOOP ( 'NONE', ( #198, #3748, #2326, #3970 ) ) ;
#3905 = CARTESIAN_POINT ( 'NONE',  ( -14.07954837966109451, 104.4523774002147150, -16.61074395064305520 ) ) ;
#3906 = B_SPLINE_CURVE_WITH_KNOTS ( 'NONE', 3,
 ( #5335, #1184, #3654, #270, #2420, #3595, #4890, #1160 ),
 .UNSPECIFIED., .F., .F.,
 ( 4, 2, 2, 4 ),
 ( 1.846584418017570989E-17, 0.002071637936348960044, 0.003107456904523430742, 0.004143275872697901006 ),
 .UNSPECIFIED. ) ;
#3907 = ORIENTED_EDGE ( 'NONE', *, *, #899, .F. ) ;
#3908 = CARTESIAN_POINT ( 'NONE',  ( 11.90702310478505588, 103.2668097941835299, -18.90621145421248528 ) ) ;
#3909 = CARTESIAN_POINT ( 'NONE',  ( -16.81847304215300909, 95.96376341113091257, -7.796707086366468253 ) ) ;
#3910 = ORIENTED_EDGE ( 'NONE', *, *, #4109, .F. ) ;
#3911 = CARTESIAN_POINT ( 'NONE',  ( 15.43427727235230584, 107.1194304461964748, -9.883471431387288675 ) ) ;
#3912 = CARTESIAN_POINT ( 'NONE',  ( -12.69098995156781307, 48.91541878313709191, -47.33275207102139603 ) ) ;
#3913 = DIRECTION ( 'NONE',  ( 0.000000000000000000, 0.000000000000000000, 1.000000000000000000 ) ) ;
#3914 = CARTESIAN_POINT ( 'NONE',  ( -18.95805464026534182, 60.69876405404755104, -57.41555342542512363 ) ) ;
#3915 = CARTESIAN_POINT ( 'NONE',  ( 17.70327870698898565, 23.58406121142146006, 0.2868413156101118910 ) ) ;
#3916 = CARTESIAN_POINT ( 'NONE',  ( 18.84778993074796460, 68.65673660358334018, -2.402057814146822068 ) ) ;
#3917 = CARTESIAN_POINT ( 'NONE',  ( -14.40803640502304361, 103.9839784586879148, -18.21091869673622199 ) ) ;
#3918 = CARTESIAN_POINT ( 'NONE',  ( -18.70368981063711900, 46.95259869655623675, -48.45057388161127676 ) ) ;
#3919 = CARTESIAN_POINT ( 'NONE',  ( -18.81940431286485804, 67.71239840107385533, -2.383073221551462062 ) ) ;
#3920 = CARTESIAN_POINT ( 'NONE',  ( -14.18782809639220766, 102.5807007320237147, -19.57139202522911603 ) ) ;
#3921 = CARTESIAN_POINT ( 'NONE',  ( -15.25613923528996274, 121.5484383909486610, 7.948584527129999522 ) ) ;
#3922 = FACE_OUTER_BOUND ( 'NONE', #1550, .T. ) ;
#3923 = CARTESIAN_POINT ( 'NONE',  ( 2.756734379448968930, 106.6268030736911356, -17.86862322203408482 ) ) ;
#3924 = VERTEX_POINT ( 'NONE', #3889 ) ;
#3925 = ORIENTED_EDGE ( 'NONE', *, *, #2940, .F. ) ;
#3926 = CARTESIAN_POINT ( 'NONE',  ( 14.48803618605644061, 104.3982588462800152, -16.43879549757081904 ) ) ;
#3927 = CARTESIAN_POINT ( 'NONE',  ( -18.49605887738155019, 74.73468855844448910, -4.261240685135456729 ) ) ;
#3928 = VERTEX_POINT ( 'NONE', #3074 ) ;
#3929 = CARTESIAN_POINT ( 'NONE',  ( 18.77419352247359541, 68.54975591433081661, -2.951345298321597088 ) ) ;
#3930 = B_SPLINE_CURVE_WITH_KNOTS ( 'NONE', 3,
 ( #3070, #1378, #596, #2251, #183, #4341 ),
 .UNSPECIFIED., .F., .F.,
 ( 4, 2, 4 ),
 ( 2.243517945253161729E-16, 0.0001243545616554411727, 0.0002487091233106580239 ),
 .UNSPECIFIED. ) ;
#3931 = CARTESIAN_POINT ( 'NONE',  ( 16.13817006728872272, 8.330886648907727121, 4.725690502665798931 ) ) ;
#3932 = CARTESIAN_POINT ( 'NONE',  ( -15.55164094789424389, 118.6563665703461368, -7.789106689273696205 ) ) ;
#3933 = B_SPLINE_CURVE_WITH_KNOTS ( 'NONE', 3,
 ( #4059, #3180, #2421, #3629 ),
 .UNSPECIFIED., .F., .F.,
 ( 4, 4 ),
 ( 1.711271861201728179E-15, 0.002538951463890020376 ),
 .UNSPECIFIED. ) ;
#3934 = ORIENTED_EDGE ( 'NONE', *, *, #2416, .T. ) ;
#3935 = ADVANCED_FACE ( 'NONE', ( #4348 ), #653, .F. ) ;
#3936 = CARTESIAN_POINT ( 'NONE',  ( -18.56563615628936503, 42.41033326838311268, -62.66522288591469447 ) ) ;
#3937 = CARTESIAN_POINT ( 'NONE',  ( -18.89328656627951020, 55.56304525339484002, -60.93136942743774398 ) ) ;
#3938 = FACE_OUTER_BOUND ( 'NONE', #1596, .T. ) ;
#3939 = CARTESIAN_POINT ( 'NONE',  ( -10.78802951316707492, 112.7938432447469523, -2.165016585151829709 ) ) ;
#3940 = CARTESIAN_POINT ( 'NONE',  ( -16.95942185535741231, 61.89295825799916884, -59.00918989019101701 ) ) ;
#3941 =( GEOMETRIC_REPRESENTATION_CONTEXT ( 3 ) GLOBAL_UNCERTAINTY_ASSIGNED_CONTEXT ( ( #4229 ) ) GLOBAL_UNIT_ASSIGNED_CONTEXT ( ( #300, #384, #5246 ) ) REPRESENTATION_CONTEXT ( 'NONE', 'WORKASPACE' ) );
#3942 = ORIENTED_EDGE ( 'NONE', *, *, #4750, .T. ) ;
#3943 = EDGE_CURVE ( 'NONE', #1068, #5283, #5279, .T. ) ;
#3944 = FACE_OUTER_BOUND ( 'NONE', #1910, .T. ) ;
#3945 = CARTESIAN_POINT ( 'NONE',  ( 0.000000000000000000, 142.0000000000000284, 0.000000000000000000 ) ) ;
#3946 =( BOUNDED_CURVE ( )  B_SPLINE_CURVE ( 3, ( #2646, #3903, #3877, #1803 ),
 .UNSPECIFIED., .F., .F. ) 
 B_SPLINE_CURVE_WITH_KNOTS ( ( 4, 4 ),
 ( 4.765424723045512678, 4.769160745248115951 ),
 .UNSPECIFIED. ) 
 CURVE ( )  GEOMETRIC_REPRESENTATION_ITEM ( )  RATIONAL_B_SPLINE_CURVE ( ( 1.000000000000000000, 0.9999988368451800946, 0.9999988368451800946, 1.000000000000000000 ) ) 
 REPRESENTATION_ITEM ( '' )  );
#3947 = CARTESIAN_POINT ( 'NONE',  ( 15.03187737811367874, 109.9623084426082187, -9.756273659663373010 ) ) ;
#3948 = CARTESIAN_POINT ( 'NONE',  ( 17.76370515923175830, 112.4998090109367297, -0.5299012576945340003 ) ) ;
#3949 = CARTESIAN_POINT ( 'NONE',  ( -16.59661021077367948, 128.2410966487857138, -2.086015118183919270 ) ) ;
#3950 = CARTESIAN_POINT ( 'NONE',  ( 10.39201920803918178, 113.3574329728172074, 3.641611819410246031 ) ) ;
#3951 = CARTESIAN_POINT ( 'NONE',  ( -14.91747372538407568, 107.9583441379676287, -10.63054779282646933 ) ) ;
#3952 = CARTESIAN_POINT ( 'NONE',  ( 1.270347303548208462, 104.0317714622633360, -18.16458353054810715 ) ) ;
#3953 = VERTEX_POINT ( 'NONE', #3512 ) ;
#3954 = CARTESIAN_POINT ( 'NONE',  ( 14.35219225753071903, 104.4303020252675509, -16.44671713840759253 ) ) ;
#3955 = ORIENTED_EDGE ( 'NONE', *, *, #2535, .T. ) ;
#3956 = CARTESIAN_POINT ( 'NONE',  ( 12.42841513329656777, 103.1211885262177930, -19.04739081405461576 ) ) ;
#3957 = CARTESIAN_POINT ( 'NONE',  ( -18.74944991003201622, 48.68395181445637121, -37.99453793677603386 ) ) ;
#3958 = ORIENTED_EDGE ( 'NONE', *, *, #5072, .T. ) ;
#3959 = ADVANCED_FACE ( 'NONE', ( #996 ), #4322, .F. ) ;
#3960 = CARTESIAN_POINT ( 'NONE',  ( -13.39891247731257629, 107.2352293437639617, -9.548384805906628969 ) ) ;
#3961 = CARTESIAN_POINT ( 'NONE',  ( 16.22728547271674060, 13.32175337820944883, 5.280625622231035265 ) ) ;
#3962 = EDGE_CURVE ( 'NONE', #417, #2935, #4358, .T. ) ;
#3963 = CARTESIAN_POINT ( 'NONE',  ( -7.866287912125921267, 103.7323520485991963, -18.45486970739202448 ) ) ;
#3964 = VERTEX_POINT ( 'NONE', #4494 ) ;
#3965 = CARTESIAN_POINT ( 'NONE',  ( -18.77090973635126048, 49.54930044367327469, -62.81268374276209698 ) ) ;
#3966 = CARTESIAN_POINT ( 'NONE',  ( -18.56588663068821887, 42.41785706935895917, -62.66668337196963989 ) ) ;
#3967 = CARTESIAN_POINT ( 'NONE',  ( 0.7631400987010483750, 2.641486349590942861, 16.22731298258761612 ) ) ;
#3968 = CARTESIAN_POINT ( 'NONE',  ( -10.38790492237437846, 113.3634123584111393, -3.653174932428838950 ) ) ;
#3969 = CARTESIAN_POINT ( 'NONE',  ( -19.79723336096639486, 67.50000000000000000, 1.866753150752923363 ) ) ;
#3970 = ORIENTED_EDGE ( 'NONE', *, *, #4359, .F. ) ;
#3971 = CARTESIAN_POINT ( 'NONE',  ( -11.32749099693354999, 109.8726271223909947, -13.87973545537117026 ) ) ;
#3972 = CARTESIAN_POINT ( 'NONE',  ( 18.39192048032157345, 37.62767566041718936, -61.12775172915722521 ) ) ;
#3973 = CARTESIAN_POINT ( 'NONE',  ( -18.79307450568136773, 50.49354767012342649, -40.28990916096915242 ) ) ;
#3974 = CARTESIAN_POINT ( 'NONE',  ( -18.85004497474397667, 67.82067765903688894, 1.866753150752923363 ) ) ;
#3975 = DIRECTION ( 'NONE',  ( 0.01107016915589058466, 0.7179282030463877140, 0.6960291277133772159 ) ) ;
#3976 = CARTESIAN_POINT ( 'NONE',  ( -15.84918142720180612, 125.9757969441104564, -5.838007429350098754 ) ) ;
#3977 = CARTESIAN_POINT ( 'NONE',  ( 8.352816637920215115, 116.8999613510012807, 7.162645309756886292 ) ) ;
#3978 = CARTESIAN_POINT ( 'NONE',  ( -764.5416666666670835, 68.50000000000000000, 0.000000000000000000 ) ) ;
#3979 = CARTESIAN_POINT ( 'NONE',  ( -11.95214232300609503, 40.05781351009530766, -46.15151553017370389 ) ) ;
#3980 = CARTESIAN_POINT ( 'NONE',  ( -7.549834435270744493, 120.7738300637718680, 8.000000000000003553 ) ) ;
#3981 =( BOUNDED_CURVE ( )  B_SPLINE_CURVE ( 3, ( #1833, #3807, #2193, #3912 ),
 .UNSPECIFIED., .F., .F. ) 
 B_SPLINE_CURVE_WITH_KNOTS ( ( 4, 4 ),
 ( 4.886921905584126868, 5.592518177907042976 ),
 .UNSPECIFIED. ) 
 CURVE ( )  GEOMETRIC_REPRESENTATION_ITEM ( )  RATIONAL_B_SPLINE_CURVE ( ( 1.000000000000000000, 0.9589397079378537692, 0.9589397079378537692, 1.000000000000000000 ) ) 
 REPRESENTATION_ITEM ( '' )  );
#3982 = CARTESIAN_POINT ( 'NONE',  ( -3.455484118283176809, 104.3464003277145196, -17.85955183817834069 ) ) ;
#3983 = ORIENTED_EDGE ( 'NONE', *, *, #159, .T. ) ;
#3984 = CARTESIAN_POINT ( 'NONE',  ( -12.68989315804689255, 49.61018240490526665, -46.63469664340221499 ) ) ;
#3985 = CARTESIAN_POINT ( 'NONE',  ( 12.66320397516679819, 103.0470415870048271, -19.11927603768008055 ) ) ;
#3986 = CARTESIAN_POINT ( 'NONE',  ( -18.67048060282321131, 71.21406596943114664, -3.525938320216490229 ) ) ;
#3987 = ORIENTED_EDGE ( 'NONE', *, *, #4014, .F. ) ;
#3988 = CARTESIAN_POINT ( 'NONE',  ( 18.76512555220456946, 68.52724702547938307, -3.078911703921904941 ) ) ;
#3989 = CARTESIAN_POINT ( 'NONE',  ( 15.93870481241726367, 6.738957013782021832, 5.026804029588631373 ) ) ;
#3990 = B_SPLINE_CURVE_WITH_KNOTS ( 'NONE', 3,
 ( #525, #847, #2128, #2563, #113, #4254, #2179, #4985, #1254, #2511, #4228, #3820 ),
 .UNSPECIFIED., .F., .F.,
 ( 4, 2, 2, 2, 2, 4 ),
 ( 2.627232834133961162E-16, 0.002030432054827662359, 0.003045648082241377095, 0.004060864109655091397, 0.006091296164482517400, 0.008121728219309943403 ),
 .UNSPECIFIED. ) ;
#3991 = ORIENTED_EDGE ( 'NONE', *, *, #1462, .T. ) ;
#3992 = CARTESIAN_POINT ( 'NONE',  ( -18.85163081626112103, 53.23241857223818840, -61.91472947516284364 ) ) ;
#3993 = CIRCLE ( 'NONE', #1654, 1.000000000000000888 ) ;
#3994 = CARTESIAN_POINT ( 'NONE',  ( -18.48108988273335385, 39.94088877568014340, -62.09187156915533734 ) ) ;
#3995 = CARTESIAN_POINT ( 'NONE',  ( 18.83957599093916002, 62.96899143353778783, 2.314655935186781921 ) ) ;
#3996 = CARTESIAN_POINT ( 'NONE',  ( 16.41797103501050614, 37.54481297190154976, -63.25735503886998856 ) ) ;
#3997 = CYLINDRICAL_SURFACE ( 'NONE', #11, 382.1080052622554035 ) ;
#3998 = CARTESIAN_POINT ( 'NONE',  ( -17.14485054383323970, 19.30971991955097877, 3.292107834873645000 ) ) ;
#3999 = EDGE_CURVE ( 'NONE', #933, #67, #55, .T. ) ;
#4000 = CARTESIAN_POINT ( 'NONE',  ( 18.89961173797125582, 61.76497350596660851, 1.648287821977771461 ) ) ;
#4001 = CARTESIAN_POINT ( 'NONE',  ( 12.92509956861029785, 5.738808865499727574, 6.518760125317933252 ) ) ;
#4002 = APPLICATION_PROTOCOL_DEFINITION ( 'draft international standard', 'automotive_design', 1998, #4073 ) ;
#4003 = CARTESIAN_POINT ( 'NONE',  ( -18.90021745523105068, 67.94234112661430913, 0.2345386179487089218 ) ) ;
#4004 = CARTESIAN_POINT ( 'NONE',  ( 10.61411401898658724, 113.0391088600271985, -2.899035827801648590 ) ) ;
#4005 = CARTESIAN_POINT ( 'NONE',  ( 17.72026814230936864, 23.79051645073699817, -41.46066319879356143 ) ) ;
#4006 = CARTESIAN_POINT ( 'NONE',  ( -10.83907767769409425, 128.2773416760361727, 1.893362957970650129 ) ) ;
#4007 = CARTESIAN_POINT ( 'NONE',  ( 5.260885683470609031, 1.284581222190610994, 12.61638218010971357 ) ) ;
#4008 = AXIS2_PLACEMENT_3D ( 'NONE', #3359, #1673, #1772 ) ;
#4009 = VERTEX_POINT ( 'NONE', #1997 ) ;
#4010 = CARTESIAN_POINT ( 'NONE',  ( 0.000000000000000000, 68.50000000000000000, 0.000000000000000000 ) ) ;
#4011 =( BOUNDED_SURFACE ( )  B_SPLINE_SURFACE ( 3, 2, ( 
 ( #518, #2631, #4300 ),
 ( #5087, #5165, #939 ),
 ( #5110, #574, #5136 ),
 ( #1381, #2257, #3486 ) ),
 .UNSPECIFIED., .F., .F., .F. ) 
 B_SPLINE_SURFACE_WITH_KNOTS ( ( 4, 4 ),
 ( 3, 3 ),
 ( 0.000000000000000000, 0.0002738716642987986619 ),
 ( 0.000000000000000000, 1.000000000000000000 ),
 .UNSPECIFIED. ) 
 GEOMETRIC_REPRESENTATION_ITEM ( )  RATIONAL_B_SPLINE_SURFACE ( (
 ( 1.000000000000000000, 0.7106863897714247313, 1.000000000000000000),
 ( 1.000000000000000000, 0.7086663594076088035, 1.000000000000000000),
 ( 1.000000000000000000, 0.7066533577604272587, 1.000000000000000000),
 ( 1.000000000000000000, 0.7046486324741596530, 1.000000000000000000) ) ) 
 REPRESENTATION_ITEM ( '' )  SURFACE ( )  );
#4012 = CARTESIAN_POINT ( 'NONE',  ( 10.15718512115969929, 104.2249694694531001, -17.93638931965959671 ) ) ;
#4013 = CARTESIAN_POINT ( 'NONE',  ( -16.09025067160027334, 29.28959483088470250, -57.22728835047911389 ) ) ;
#4014 = EDGE_CURVE ( 'NONE', #3953, #887, #2813, .T. ) ;
#4015 = ORIENTED_EDGE ( 'NONE', *, *, #379, .F. ) ;
#4016 = FACE_OUTER_BOUND ( 'NONE', #151, .T. ) ;
#4017 = FACE_OUTER_BOUND ( 'NONE', #2407, .T. ) ;
#4018 = EDGE_LOOP ( 'NONE', ( #758, #3106, #4823 ) ) ;
#4019 = CARTESIAN_POINT ( 'NONE',  ( -16.60744008733085408, 43.46513163810317337, -64.85353479355549666 ) ) ;
#4020 = CARTESIAN_POINT ( 'NONE',  ( -18.80937740966110638, 51.21269353089664378, -62.48908260500238754 ) ) ;
#4021 = CARTESIAN_POINT ( 'NONE',  ( 18.93033358598962224, 61.09972334490954893, 1.155099250159089985 ) ) ;
#4022 = CARTESIAN_POINT ( 'NONE',  ( 15.98390577813563240, 26.94289249276078024, -53.99132074297383355 ) ) ;
#4023 = CARTESIAN_POINT ( 'NONE',  ( -13.97274805978843126, 5.290454533942294368, 2.064815577916418121 ) ) ;
#4024 = CARTESIAN_POINT ( 'NONE',  ( -18.79776262852611524, 67.46746916854456799, -2.682296341615875157 ) ) ;
#4025 = CARTESIAN_POINT ( 'NONE',  ( 18.80166206435078635, 68.33550571402902563, -2.738037158868781074 ) ) ;
#4026 = ADVANCED_FACE ( 'NONE', ( #3635 ), #4572, .F. ) ;
#4027 = CARTESIAN_POINT ( 'NONE',  ( 15.41517573183856094, 119.4405396099641905, -7.946863850575075716 ) ) ;
#4028 = CARTESIAN_POINT ( 'NONE',  ( -8.731342505031278733, 2.025156994259919241, 10.66568779343600326 ) ) ;
#4029 = DIRECTION ( 'NONE',  ( -3.081358470492017149E-18, -2.998254418975582813E-16, 1.000000000000000000 ) ) ;
#4030 = CARTESIAN_POINT ( 'NONE',  ( -18.88139190025625780, 68.09718524724603128, -2.129357114649917282 ) ) ;
#4031 = AXIS2_PLACEMENT_3D ( 'NONE', #3881, #152, #482 ) ;
#4032 = CARTESIAN_POINT ( 'NONE',  ( -15.78106982064493202, 6.441520705137263825, 4.385286201531480188 ) ) ;
#4033 = CARTESIAN_POINT ( 'NONE',  ( -11.37392648776456205, 39.81504046699110688, -39.76471921991315384 ) ) ;
#4034 = AXIS2_PLACEMENT_3D ( 'NONE', #3893, #5113, #4808 ) ;
#4035 = CARTESIAN_POINT ( 'NONE',  ( -10.91777163139719065, 128.3866454236299717, 1.368462932768166995 ) ) ;
#4036 = CARTESIAN_POINT ( 'NONE',  ( 0.6586040178438899995, 0.9395432381845305603, 13.52522052450924228 ) ) ;
#4037 = CARTESIAN_POINT ( 'NONE',  ( -15.84950656200522268, 24.22808226506162654, -47.81735111623467560 ) ) ;
#4038 = ORIENTED_EDGE ( 'NONE', *, *, #1694, .F. ) ;
#4039 =( NAMED_UNIT ( * ) SI_UNIT ( $, .STERADIAN. ) SOLID_ANGLE_UNIT ( ) );
#4040 = CARTESIAN_POINT ( 'NONE',  ( 7.624311721711615419, 119.4028827286192751, -7.929157962580585917 ) ) ;
#4041 = CARTESIAN_POINT ( 'NONE',  ( 15.08980271071367874, 5.782313065034303534, 6.690171710133823169 ) ) ;
#4042 = CARTESIAN_POINT ( 'NONE',  ( 16.74707111244650548, 75.76277704831269943, -45.57128442317565487 ) ) ;
#4043 = ORIENTED_EDGE ( 'NONE', *, *, #1400, .T. ) ;
#4044 = CARTESIAN_POINT ( 'NONE',  ( -15.05056305441430275, 109.5499196696163864, -9.746069429360471048 ) ) ;
#4045 = CARTESIAN_POINT ( 'NONE',  ( 17.57264293036897485, 22.04005902157204844, 0.8305668747743027991 ) ) ;
#4046 =( BOUNDED_SURFACE ( )  B_SPLINE_SURFACE ( 3, 2, ( 
 ( #1064, #4394, #3586 ),
 ( #668, #4420, #694 ),
 ( #285, #1943, #1234 ),
 ( #4101, #1174, #4593 ) ),
 .UNSPECIFIED., .F., .F., .F. ) 
 B_SPLINE_SURFACE_WITH_KNOTS ( ( 4, 4 ),
 ( 3, 3 ),
 ( 1.652662163364411851, 1.697087915989447859 ),
 ( 0.000000000000000000, 1.000000000000000000 ),
 .UNSPECIFIED. ) 
 GEOMETRIC_REPRESENTATION_ITEM ( )  RATIONAL_B_SPLINE_SURFACE ( (
 ( 1.000000000000000000, 0.7336383096356791089, 1.000000000000000000),
 ( 1.000000000000000000, 0.7383402446635052296, 1.000000000000000000),
 ( 1.000000000000000000, 0.7429884013353384997, 1.000000000000000000),
 ( 1.000000000000000000, 0.7475812729463814366, 1.000000000000000000) ) ) 
 REPRESENTATION_ITEM ( '' )  SURFACE ( )  );
#4047 = EDGE_CURVE ( 'NONE', #4477, #917, #4870, .T. ) ;
#4048 = ORIENTED_EDGE ( 'NONE', *, *, #2172, .F. ) ;
#4049 = CARTESIAN_POINT ( 'NONE',  ( -16.87368439916824769, 55.21354789137470220, -63.29991880483795796 ) ) ;
#4050 = CARTESIAN_POINT ( 'NONE',  ( 17.04867560908439117, 96.10242210762636716, -7.259834933470246554 ) ) ;
#4051 = CARTESIAN_POINT ( 'NONE',  ( 18.80124532923723635, 68.40188450583451640, 2.729063394162606571 ) ) ;
#4052 = B_SPLINE_CURVE_WITH_KNOTS ( 'NONE', 3,
 ( #1280, #2949, #61, #2924, #4170, #470, #2151, #2510, #443, #872 ),
 .UNSPECIFIED., .F., .F.,
 ( 4, 2, 2, 2, 4 ),
 ( 0.006722237052188819936, 0.008398045893986452390, 0.01007385473578408311, 0.01174966357758171556, 0.01342547241937934802 ),
 .UNSPECIFIED. ) ;
#4053 = CARTESIAN_POINT ( 'NONE',  ( 16.19434018936708242, 31.71767408711241032, -59.65823235782534795 ) ) ;
#4054 = CARTESIAN_POINT ( 'NONE',  ( 1.326858197086897340, 0.9567971252564578810, 13.47977337118762797 ) ) ;
#4055 = FACE_OUTER_BOUND ( 'NONE', #1632, .T. ) ;
#4056 = CARTESIAN_POINT ( 'NONE',  ( 15.40083268530838723, 107.6494963024123308, -9.694468210602320113 ) ) ;
#4057 = CARTESIAN_POINT ( 'NONE',  ( -16.70714536365264280, 47.15869486229431118, -65.04694009427630874 ) ) ;
#4058 = CARTESIAN_POINT ( 'NONE',  ( -10.22408434506739994, 2.510771771666131524, 9.386566795830038501 ) ) ;
#4059 = CARTESIAN_POINT ( 'NONE',  ( 18.84385243369712981, 68.36280288285163920, 1.883913567287523350 ) ) ;
#4060 = CARTESIAN_POINT ( 'NONE',  ( -18.85638594529163470, 68.02384602643031997, -2.337884310195124549 ) ) ;
#4061 = DIRECTION ( 'NONE',  ( 0.000000000000000000, 0.6960717803469719245, -0.7179721976543359530 ) ) ;
#4062 = CARTESIAN_POINT ( 'NONE',  ( -11.26216621350178038, 39.01819859943345392, -43.01982841203254537 ) ) ;
#4063 = CARTESIAN_POINT ( 'NONE',  ( -7.666995993514754026, 121.8595937023224565, 7.888164940130769409 ) ) ;
#4064 = CARTESIAN_POINT ( 'NONE',  ( -8.731342504982398722, 2.025156994285465917, 10.66568779336871131 ) ) ;
#4065 = CARTESIAN_POINT ( 'NONE',  ( 11.03717500804304130, 104.0000000000011937, -18.19538586296508953 ) ) ;
#4066 = ORIENTED_EDGE ( 'NONE', *, *, #4239, .F. ) ;
#4067 = CARTESIAN_POINT ( 'NONE',  ( 18.77598139014588341, 68.12202539803340073, -0.9037712987285629884 ) ) ;
#4068 = CARTESIAN_POINT ( 'NONE',  ( 7.549834435270744493, 120.5000000000000142, -8.000000000000003553 ) ) ;
#4069 = ADVANCED_FACE ( 'NONE', ( #1137 ), #1549, .T. ) ;
#4070 = CARTESIAN_POINT ( 'NONE',  ( 8.517813774242009472, 104.0000000000000000, -18.19538586296676286 ) ) ;
#4071 = CARTESIAN_POINT ( 'NONE',  ( -18.71734484743663884, 67.49009206253479931, 3.344224644827663351 ) ) ;
#4072 = DIRECTION ( 'NONE',  ( 0.6556692128402357156, 0.000000000000000000, 0.7550482655654973119 ) ) ;
#4073 = APPLICATION_CONTEXT ( 'automotive_design' ) ;
#4074 = ORIENTED_EDGE ( 'NONE', *, *, #888, .T. ) ;
#4075 = CARTESIAN_POINT ( 'NONE',  ( 0.000000000000000000, 68.50000000000000000, 764.5416666666670835 ) ) ;
#4076 = CARTESIAN_POINT ( 'NONE',  ( -15.30825329149287128, 120.4999999999808580, -8.000000000000003553 ) ) ;
#4077 = CARTESIAN_POINT ( 'NONE',  ( -18.85061876673317016, 67.82236750764420208, 1.866753150752872514 ) ) ;
#4078 = CARTESIAN_POINT ( 'NONE',  ( -17.88658315295504764, 26.69791959285434046, -53.70616374463332932 ) ) ;
#4079 = VERTEX_POINT ( 'NONE', #3388 ) ;
#4080 =( BOUNDED_SURFACE ( )  B_SPLINE_SURFACE ( 3, 2, ( 
 ( #277, #1880, #3951 ),
 ( #4867, #5223, #3549 ),
 ( #2396, #1108, #3240 ),
 ( #1531, #1933, #768 ) ),
 .UNSPECIFIED., .F., .F., .T. ) 
 B_SPLINE_SURFACE_WITH_KNOTS ( ( 4, 4 ),
 ( 3, 3 ),
 ( 0.000000000000000000, 0.002734053488664139712 ),
 ( 0.000000000000000000, 1.000000000000000000 ),
 .UNSPECIFIED. ) 
 GEOMETRIC_REPRESENTATION_ITEM ( )  RATIONAL_B_SPLINE_SURFACE ( (
 ( 1.000000000000000000, 0.9491411679571732929, 1.000000000000000000),
 ( 1.000000000000000000, 0.9824873580596884537, 1.000000000000000000),
 ( 1.000000000000000000, 0.9999825314407679855, 1.000000000000000000),
 ( 1.000000000000000000, 1.000000000000000000, 1.000000000000000000) ) ) 
 REPRESENTATION_ITEM ( '' )  SURFACE ( )  );
#4081 = CARTESIAN_POINT ( 'NONE',  ( 18.67899373067479019, 68.56817164170178103, 3.576993164770497113 ) ) ;
#4082 = CARTESIAN_POINT ( 'NONE',  ( -18.87637641093886032, 64.77599985512298986, 1.410108245202527755 ) ) ;
#4083 = CARTESIAN_POINT ( 'NONE',  ( 10.21243425087256718, 2.500869668359684717, 9.412649173980454975 ) ) ;
#4084 = CARTESIAN_POINT ( 'NONE',  ( -15.06467378763578502, 7.198993065838858563, 6.993448951727225804 ) ) ;
#4085 = CARTESIAN_POINT ( 'NONE',  ( -9.303935761976607210, 3.578572425107871879, 13.41171992421294057 ) ) ;
#4086 = ORIENTED_EDGE ( 'NONE', *, *, #4296, .T. ) ;
#4087 = CARTESIAN_POINT ( 'NONE',  ( 4.402213934651699745, 107.0727760168449123, -17.53873847408008757 ) ) ;
#4088 = CARTESIAN_POINT ( 'NONE',  ( -19.00000000000000000, 46.46038495710888583, -65.04694009427630874 ) ) ;
#4089 = CARTESIAN_POINT ( 'NONE',  ( -17.70325681550565733, 23.58379604933416474, 0.2870183663547783426 ) ) ;
#4090 = CARTESIAN_POINT ( 'NONE',  ( -17.73764866847242061, 24.04084794371663492, -41.98816653506779062 ) ) ;
#4091 = CARTESIAN_POINT ( 'NONE',  ( 12.69990360011238195, 41.25246723610591459, -64.44257604444433696 ) ) ;
#4092 = B_SPLINE_CURVE_WITH_KNOTS ( 'NONE', 3,
 ( #2781, #3610, #1476, #3984 ),
 .UNSPECIFIED., .F., .F.,
 ( 4, 4 ),
 ( 0.009047946929930437629, 0.01002804125727187884 ),
 .UNSPECIFIED. ) ;
#4093 = CARTESIAN_POINT ( 'NONE',  ( -4.311680647759022378, 1.183947100552720677, 12.88145487569406100 ) ) ;
#4094 = EDGE_LOOP ( 'NONE', ( #1341, #3142, #5045 ) ) ;
#4095 = CARTESIAN_POINT ( 'NONE',  ( 18.76751803992132395, 68.36454862668379917, -2.861859887039122974 ) ) ;
#4096 = CARTESIAN_POINT ( 'NONE',  ( 16.95713748421407274, 62.12334985546966948, -58.79344156561439405 ) ) ;
#4097 = FACE_BOUND ( 'NONE', #2957, .T. ) ;
#4098 = FACE_OUTER_BOUND ( 'NONE', #4509, .T. ) ;
#4099 = CARTESIAN_POINT ( 'NONE',  ( -17.80398330416737451, 25.18727457333346464, -50.34388671468976639 ) ) ;
#4100 = ORIENTED_EDGE ( 'NONE', *, *, #325, .T. ) ;
#4101 = CARTESIAN_POINT ( 'NONE',  ( 15.95681968207308188, 6.908328331011643897, 2.774674732847204339 ) ) ;
#4102 = DIRECTION ( 'NONE',  ( -0.01883827932805368435, 0.3548665930357689513, -0.9347271368582086293 ) ) ;
#4103 = CARTESIAN_POINT ( 'NONE',  ( 16.92878570788075621, 58.94478784212800804, -61.40279484805898136 ) ) ;
#4104 = CARTESIAN_POINT ( 'NONE',  ( -17.99727208406406831, 28.84336736799340883, -56.69381782538978598 ) ) ;
#4105 = VERTEX_POINT ( 'NONE', #524 ) ;
#4106 = CARTESIAN_POINT ( 'NONE',  ( 18.92939886808173355, 62.38426368352030238, 0.8791524115208371182 ) ) ;
#4107 = CARTESIAN_POINT ( 'NONE',  ( -18.59984524024851282, 66.92914445589319428, 3.877957831943897649 ) ) ;
#4108 = CARTESIAN_POINT ( 'NONE',  ( -14.78836173841005674, 105.4167547209210767, -13.66494803683519343 ) ) ;
#4109 = EDGE_CURVE ( 'NONE', #2248, #5369, #1834, .T. ) ;
#4110 = EDGE_CURVE ( 'NONE', #4286, #22, #5060, .T. ) ;
#4111 = CARTESIAN_POINT ( 'NONE',  ( -17.56609590312960378, 22.57870140615933252, 1.754976413287313575 ) ) ;
#4112 = ADVANCED_FACE ( 'NONE', ( #4253 ), #3, .T. ) ;
#4113 = ADVANCED_FACE ( 'NONE', ( #3763 ), #111, .F. ) ;
#4114 = AXIS2_PLACEMENT_3D ( 'NONE', #1737, #453, #2572 ) ;
#4115 = CARTESIAN_POINT ( 'NONE',  ( -0.3822829830848419874, 2.641486349591280813, 16.22731298258660360 ) ) ;
#4116 = CARTESIAN_POINT ( 'NONE',  ( -18.80773367619800851, 67.78750630983486758, -2.694184671500658101 ) ) ;
#4117 = CARTESIAN_POINT ( 'NONE',  ( 15.27517758620764354, 121.0315486717043569, -7.986687693210826389 ) ) ;
#4118 = CARTESIAN_POINT ( 'NONE',  ( 13.22967433699818507, 102.8380424814427130, -19.32190001110808097 ) ) ;
#4119 = EDGE_CURVE ( 'NONE', #3588, #747, #4052, .T. ) ;
#4120 = CARTESIAN_POINT ( 'NONE',  ( 1.326858197080484247, 0.9567971252765513634, 13.47977337113469787 ) ) ;
#4121 = CARTESIAN_POINT ( 'NONE',  ( 11.47467765121950833, 104.6301611852812954, -14.12027906042362346 ) ) ;
#4122 = ORIENTED_EDGE ( 'NONE', *, *, #972, .F. ) ;
#4123 =( LENGTH_UNIT ( ) NAMED_UNIT ( * ) SI_UNIT ( .MILLI., .METRE. ) );
#4124 = VECTOR ( 'NONE', #2759, 1000.000000000000000 ) ;
#4125 = CARTESIAN_POINT ( 'NONE',  ( 17.34562040821065310, 90.69865917750651363, -7.564158607220142549 ) ) ;
#4126 = CARTESIAN_POINT ( 'NONE',  ( 15.98500226175907812, 102.9438345996706659, -15.33972378909620282 ) ) ;
#4127 = CARTESIAN_POINT ( 'NONE',  ( 16.66959842303945649, 12.52220338177967029, -11.93500971182362491 ) ) ;
#4128 = AXIS2_PLACEMENT_3D ( 'NONE', #5336, #1131, #3597 ) ;
#4129 = CARTESIAN_POINT ( 'NONE',  ( 15.80499863900009316, 6.443020007331303312, 4.378469507704133790 ) ) ;
#4130 = DIRECTION ( 'NONE',  ( -1.000000000000000000, 0.000000000000000000, 0.000000000000000000 ) ) ;
#4131 = ORIENTED_EDGE ( 'NONE', *, *, #888, .F. ) ;
#4132 = CARTESIAN_POINT ( 'NONE',  ( -18.98419144737566810, 68.34619370135852989, -0.8757241845449508233 ) ) ;
#4133 = CARTESIAN_POINT ( 'NONE',  ( 15.92684013716358749, 6.672208186670514962, 3.585452765186120772 ) ) ;
#4134 = CARTESIAN_POINT ( 'NONE',  ( -16.33211356315961282, 35.19724752513845800, -62.08342966664208973 ) ) ;
#4135 = ORIENTED_EDGE ( 'NONE', *, *, #4335, .F. ) ;
#4136 = ADVANCED_FACE ( 'NONE', ( #4635 ), #4529, .F. ) ;
#4137 = CARTESIAN_POINT ( 'NONE',  ( -18.92163370614146700, 61.29183820842634134, 1.314963619107937909 ) ) ;
#4138 = CARTESIAN_POINT ( 'NONE',  ( -15.37996477048807975, 107.5098778677075018, -9.548384805906477979 ) ) ;
#4139 = CARTESIAN_POINT ( 'NONE',  ( -18.79090660989168171, 67.67635509638571989, -2.846976797254997749 ) ) ;
#4140 = B_SPLINE_CURVE_WITH_KNOTS ( 'NONE', 3,
 ( #2589, #3414, #2102, #873 ),
 .UNSPECIFIED., .F., .F.,
 ( 4, 4 ),
 ( 0.000000000000000000, 0.0003463645333486745710 ),
 .UNSPECIFIED. ) ;
#4141 = CARTESIAN_POINT ( 'NONE',  ( -14.44824201592446400, 104.3239923765529511, -16.73656670263939716 ) ) ;
#4142 = CARTESIAN_POINT ( 'NONE',  ( 18.73256452714900178, 48.02733013235947368, -37.55588357269989785 ) ) ;
#4143 = CARTESIAN_POINT ( 'NONE',  ( 16.10610599717190183, 126.8598009234656843, -4.881266784860395447 ) ) ;
#4144 = CARTESIAN_POINT ( 'NONE',  ( -7.668402663795967023, 121.8675363484125569, -7.886801978811204705 ) ) ;
#4145 = CARTESIAN_POINT ( 'NONE',  ( -8.517813774264554993, 104.0000000000000000, -18.19538586296676286 ) ) ;
#4146 = DIRECTION ( 'NONE',  ( 0.000000000000000000, 0.000000000000000000, -1.000000000000000000 ) ) ;
#4147 = ORIENTED_EDGE ( 'NONE', *, *, #2254, .F. ) ;
#4148 = PRESENTATION_STYLE_ASSIGNMENT (( #2430 ) ) ;
#4149 = CARTESIAN_POINT ( 'NONE',  ( 18.64172986503155727, 71.65578137755487376, -3.955023364504292260 ) ) ;
#4150 = CARTESIAN_POINT ( 'NONE',  ( 16.00606062048669642, 102.7766034288941768, -15.90970438152908706 ) ) ;
#4151 = CARTESIAN_POINT ( 'NONE',  ( -18.55895759020191349, 67.50127462955981628, 4.067051323464704105 ) ) ;
#4152 = CARTESIAN_POINT ( 'NONE',  ( 18.77027996303343116, 68.46174308641563755, -2.950890954461272919 ) ) ;
#4153 = CARTESIAN_POINT ( 'NONE',  ( 18.90082243042190058, 68.34548825742916733, 0.3028445582297953353 ) ) ;
#4154 = ORIENTED_EDGE ( 'NONE', *, *, #2736, .T. ) ;
#4155 = CARTESIAN_POINT ( 'NONE',  ( 18.88072428222125509, 54.82343632988033022, -61.27544638992490889 ) ) ;
#4156 = B_SPLINE_CURVE_WITH_KNOTS ( 'NONE', 3,
 ( #1044, #2635, #1019, #3150 ),
 .UNSPECIFIED., .F., .F.,
 ( 4, 4 ),
 ( 0.000000000000000000, 0.002523538919253002794 ),
 .UNSPECIFIED. ) ;
#4157 = CARTESIAN_POINT ( 'NONE',  ( -17.89828919428843079, 26.96376431253756323, -49.66754663951228110 ) ) ;
#4158 = EDGE_LOOP ( 'NONE', ( #5328, #3493, #4131, #154 ) ) ;
#4159 = CARTESIAN_POINT ( 'NONE',  ( -16.77300127160435039, 49.96216308289680796, -64.78672590563222400 ) ) ;
#4160 = CARTESIAN_POINT ( 'NONE',  ( -0.7885545230307512421, 2.646201482641017844, 16.21313582329694825 ) ) ;
#4161 = CARTESIAN_POINT ( 'NONE',  ( -18.95222257524712717, 60.59874303747715629, 0.5619025324484554496 ) ) ;
#4162 = CARTESIAN_POINT ( 'NONE',  ( -15.54028726723448095, 106.3426278062967327, -10.23831809464083520 ) ) ;
#4163 = CARTESIAN_POINT ( 'NONE',  ( 8.432812399268309278, 32.28964755060173530, -60.10361312976170467 ) ) ;
#4164 = DIRECTION ( 'NONE',  ( 0.000000000000000000, -0.6850565834742198268, 0.7284898609031077443 ) ) ;
#4165 = DIRECTION ( 'NONE',  ( 0.000000000000000000, 0.000000000000000000, 1.000000000000000000 ) ) ;
#4166 = CARTESIAN_POINT ( 'NONE',  ( 12.68989315804689255, 49.61018240490526665, -46.63469664340221499 ) ) ;
#4167 = CARTESIAN_POINT ( 'NONE',  ( 14.62681344786967053, 104.3611757277801786, -16.43599212223508133 ) ) ;
#4168 = CARTESIAN_POINT ( 'NONE',  ( -12.66150770507543122, 68.47661643976901757, -23.54583226839271504 ) ) ;
#4169 = CARTESIAN_POINT ( 'NONE',  ( 18.80830004172079839, 68.60877347716004238, -2.693846194207750067 ) ) ;
#4170 = CARTESIAN_POINT ( 'NONE',  ( -2.803530662617626845, 106.6374809954852765, -17.86072373233837851 ) ) ;
#4171 = DIRECTION ( 'NONE',  ( 0.000000000000000000, -0.9348930393583380072, -0.3549295774647824309 ) ) ;
#4172 = PRODUCT ( 'Walker_Body_Handle_Tubing_Connector', 'Walker_Body_Handle_Tubing_Connector', '', ( #3293 ) ) ;
#4173 = CARTESIAN_POINT ( 'NONE',  ( -17.02909676585517218, 16.26899600906134680, 3.073481833392052387 ) ) ;
#4174 = CARTESIAN_POINT ( 'NONE',  ( 18.95458229452819054, 60.92843215532821688, -57.19740677055758482 ) ) ;
#4175 = CARTESIAN_POINT ( 'NONE',  ( 15.50644699266871740, 106.5933947390764871, -11.04042409460435437 ) ) ;
#4176 = DIRECTION ( 'NONE',  ( 1.000000000000000000, -0.000000000000000000, -0.000000000000000000 ) ) ;
#4177 = EDGE_CURVE ( 'NONE', #2698, #3227, #3530, .T. ) ;
#4178 = CARTESIAN_POINT ( 'NONE',  ( 10.78802951316708025, 128.2061567552530335, -2.165016585151825268 ) ) ;
#4179 = DIRECTION ( 'NONE',  ( -0.000000000000000000, 1.000000000000000000, 0.000000000000000000 ) ) ;
#4180 = VERTEX_POINT ( 'NONE', #2667 ) ;
#4181 = CARTESIAN_POINT ( 'NONE',  ( 18.79214828438091089, 68.50445770324151340, -2.803578375603055228 ) ) ;
#4182 = EDGE_LOOP ( 'NONE', ( #3895, #287, #2784, #451, #3551 ) ) ;
#4183 = EDGE_CURVE ( 'NONE', #1627, #4849, #1484, .T. ) ;
#4184 = EDGE_LOOP ( 'NONE', ( #4415, #112, #5081, #1540, #4596 ) ) ;
#4185 = B_SPLINE_CURVE_WITH_KNOTS ( 'NONE', 3,
 ( #3068, #3830, #128, #3091 ),
 .UNSPECIFIED., .F., .F.,
 ( 4, 4 ),
 ( 6.219801673652703187E-16, 4.845137832229509602E-05 ),
 .UNSPECIFIED. ) ;
#4186 = EDGE_CURVE ( 'NONE', #4264, #1710, #2028, .T. ) ;
#4187 = DIRECTION ( 'NONE',  ( 0.8804183968965466622, 0.000000000000000000, 0.4741976870526837251 ) ) ;
#4188 = CARTESIAN_POINT ( 'NONE',  ( -14.22038614506908694, 3.016233009738162885, 8.055169743738250787 ) ) ;
#4189 = CARTESIAN_POINT ( 'NONE',  ( -14.91747372538413785, 107.9583441379679556, -10.63054779282618512 ) ) ;
#4190 =( BOUNDED_SURFACE ( )  B_SPLINE_SURFACE ( 3, 2, ( 
 ( #938, #3813, #5054 ),
 ( #2606, #3862, #4677 ),
 ( #3835, #4704, #963 ),
 ( #2999, #2630, #4298 ) ),
 .UNSPECIFIED., .F., .F., .F. ) 
 B_SPLINE_SURFACE_WITH_KNOTS ( ( 4, 4 ),
 ( 3, 3 ),
 ( 4.765424723045512678, 4.769160745248115951 ),
 ( 0.000000000000000000, 1.000000000000000000 ),
 .UNSPECIFIED. ) 
 GEOMETRIC_REPRESENTATION_ITEM ( )  RATIONAL_B_SPLINE_SURFACE ( (
 ( 1.000000000000000000, 0.7244168363624158280, 1.000000000000000000),
 ( 1.000000000000000000, 0.7248180637013041938, 1.000000000000000000),
 ( 1.000000000000000000, 0.7252189179152247478, 1.000000000000000000),
 ( 1.000000000000000000, 0.7256193980656476805, 1.000000000000000000) ) ) 
 REPRESENTATION_ITEM ( '' )  SURFACE ( )  );
#4191 = FACE_OUTER_BOUND ( 'NONE', #95, .T. ) ;
#4192 = ORIENTED_EDGE ( 'NONE', *, *, #2597, .T. ) ;
#4193 = ADVANCED_FACE ( 'NONE', ( #998 ), #640, .F. ) ;
#4194 = CARTESIAN_POINT ( 'NONE',  ( -18.79690654607989231, 67.50527245009318733, -2.694328253254679950 ) ) ;
#4195 = CARTESIAN_POINT ( 'NONE',  ( 18.77063191444591794, 49.54049154131725885, -38.79567427352429121 ) ) ;
#4196 = CARTESIAN_POINT ( 'NONE',  ( 15.65444452048494739, 125.1791500106116359, -6.494117901832022532 ) ) ;
#4197 = EDGE_LOOP ( 'NONE', ( #3728, #3420, #4552 ) ) ;
#4198 = CARTESIAN_POINT ( 'NONE',  ( 19.00398391986770719, 68.54495096601306159, -0.04523088071100601903 ) ) ;
#4199 = DIRECTION ( 'NONE',  ( -0.001948145571188576123, -0.9848058842041994554, 0.1736478481456608103 ) ) ;
#4200 = LINE ( 'NONE', #2074, #2880 ) ;
#4201 = CARTESIAN_POINT ( 'NONE',  ( -18.82481656017842653, 63.24645293238981480, 2.445491152751237074 ) ) ;
#4202 = CARTESIAN_POINT ( 'NONE',  ( -14.28431103781643330, 104.4473887527519338, -16.44936816109035149 ) ) ;
#4203 = EDGE_CURVE ( 'NONE', #4262, #1831, #1706, .T. ) ;
#4204 = CARTESIAN_POINT ( 'NONE',  ( -17.70091337876176496, 23.72003825184897252, 0.8144876101477028785 ) ) ;
#4205 = CARTESIAN_POINT ( 'NONE',  ( 15.95681968207301615, 6.908328331012125290, 2.774674732846910352 ) ) ;
#4206 = CARTESIAN_POINT ( 'NONE',  ( 15.50729672143201121, 106.5830875818376029, -10.09574877916833557 ) ) ;
#4207 = CARTESIAN_POINT ( 'NONE',  ( -19.00000000000001776, 120.5000000000000142, 8.000000000000003553 ) ) ;
#4208 = DIRECTION ( 'NONE',  ( 0.000000000000000000, 0.9594519142688500146, -0.2818723544547060977 ) ) ;
#4209 = ORIENTED_EDGE ( 'NONE', *, *, #145, .F. ) ;
#4210 = CYLINDRICAL_SURFACE ( 'NONE', #382, 6.000000000000005329 ) ;
#4211 = CIRCLE ( 'NONE', #1330, 0.9999999999999990008 ) ;
#4212 = CYLINDRICAL_SURFACE ( 'NONE', #4031, 10.00000000000000000 ) ;
#4213 = ORIENTED_EDGE ( 'NONE', *, *, #5326, .T. ) ;
#4214 = CARTESIAN_POINT ( 'NONE',  ( 14.18782809639218279, 102.5807007320236579, -19.57139202522915511 ) ) ;
#4215 = CARTESIAN_POINT ( 'NONE',  ( -14.70506951108496096, 5.578200176772465824, 7.416486059549802334 ) ) ;
#4216 = CARTESIAN_POINT ( 'NONE',  ( -15.41576303572547424, 107.2550563375450992, -10.44129468816582218 ) ) ;
#4217 = CARTESIAN_POINT ( 'NONE',  ( 2.968885105185666617, 29.82536023416466264, -57.81207616472257627 ) ) ;
#4218 = VERTEX_POINT ( 'NONE', #3264 ) ;
#4219 = CARTESIAN_POINT ( 'NONE',  ( -18.92187304520910018, 62.78493979485128307, 0.9935055695590522262 ) ) ;
#4220 = FACE_OUTER_BOUND ( 'NONE', #485, .T. ) ;
#4221 = FACE_OUTER_BOUND ( 'NONE', #689, .T. ) ;
#4222 = ORIENTED_EDGE ( 'NONE', *, *, #5079, .F. ) ;
#4223 = CARTESIAN_POINT ( 'NONE',  ( 16.83634470932475935, 53.06736346463948450, -64.08541539511462304 ) ) ;
#4224 = CARTESIAN_POINT ( 'NONE',  ( 12.80080048638072121, -11.09860703163220030, -63.08693975180972302 ) ) ;
#4225 = CARTESIAN_POINT ( 'NONE',  ( 18.51936533988120104, 41.05842092975048985, -47.28464070890703397 ) ) ;
#4226 = B_SPLINE_CURVE_WITH_KNOTS ( 'NONE', 3,
 ( #2357, #4345, #3094, #1013, #3937, #3564, #5237, #1545, #1920, #4020, #4751, #3649, #3198, #674, #2278, #1095, #4372, #2789, #4774, #3966, #2332, #3994, #3116, #1040, #4855, #234, #1123, #1517, #3172, #4399, #2738, #1981, #262, #649, #2709, #209 ),
 .UNSPECIFIED., .F., .F.,
 ( 4, 2, 2, 2, 2, 2, 2, 2, 2, 2, 2, 2, 2, 2, 2, 2, 2, 4 ),
 ( 0.000000000000000000, 0.005067420236689933709, 0.006334275295862406077, 0.007601130355034878446, 0.01013484047337980323, 0.01140169553255226086, 0.01266855059172472021, 0.01520226071006961811, 0.01773597082841452122, 0.01900282588758697017, 0.02026968094675941565, 0.02533710118344924961, 0.02787081130179416832, 0.03040452142013908357, 0.03293823153848400576, 0.03420508659765645471, 0.03547194165682891059, 0.04053936189351867170 ),
 .UNSPECIFIED. ) ;
#4227 = CARTESIAN_POINT ( 'NONE',  ( 16.67554258855165017, 16.10252231977385406, 4.409729558625799406 ) ) ;
#4228 = CARTESIAN_POINT ( 'NONE',  ( -15.98178530121243845, 102.9693815136306938, -15.25265123275255519 ) ) ;
#4229 = UNCERTAINTY_MEASURE_WITH_UNIT (LENGTH_MEASURE( 1.000000000000000082E-05 ), #300, 'distance_accuracy_value', 'NONE');
#4230 = CARTESIAN_POINT ( 'NONE',  ( -17.56750807522456981, 21.98058986368354439, 1.450963664631682803 ) ) ;
#4231 = CARTESIAN_POINT ( 'NONE',  ( 18.93796025413761797, 62.05481215269227846, -58.85789298357325805 ) ) ;
#4232 = CARTESIAN_POINT ( 'NONE',  ( 14.75294013461052778, 105.2428446820152885, -14.03133081378064873 ) ) ;
#4233 = CARTESIAN_POINT ( 'NONE',  ( 7.215262638621209312, 103.4649097398759068, -18.71415418189020130 ) ) ;
#4234 = CARTESIAN_POINT ( 'NONE',  ( 18.95458229452819410, 60.92843215532821688, -57.19740677055758482 ) ) ;
#4235 = EDGE_LOOP ( 'NONE', ( #1085, #2575, #1059, #2496, #5143, #2735 ) ) ;
#4236 = ORIENTED_EDGE ( 'NONE', *, *, #4528, .T. ) ;
#4237 = CARTESIAN_POINT ( 'NONE',  ( -18.71073678153185682, 67.71798330767325069, 3.375735851795268694 ) ) ;
#4238 = CARTESIAN_POINT ( 'NONE',  ( 7.549834435270744493, 120.5000000000000142, -8.000000000000003553 ) ) ;
#4239 = EDGE_CURVE ( 'NONE', #1233, #222, #3906, .T. ) ;
#4240 = ORIENTED_EDGE ( 'NONE', *, *, #1037, .F. ) ;
#4241 = FACE_OUTER_BOUND ( 'NONE', #881, .T. ) ;
#4242 = CARTESIAN_POINT ( 'NONE',  ( 17.73052894691517878, 23.91557315446418031, -5.659649780687807640E-16 ) ) ;
#4243 = CARTESIAN_POINT ( 'NONE',  ( -19.00000000000000000, 62.28974017202617119, -58.63335116586625162 ) ) ;
#4244 = DIRECTION ( 'NONE',  ( 1.444743109587900213E-16, 1.760824983372224940E-15, 1.000000000000000000 ) ) ;
#4245 = CARTESIAN_POINT ( 'NONE',  ( 9.289068649701537339, 33.06145679819763217, -60.68324016429550483 ) ) ;
#4246 = ORIENTED_EDGE ( 'NONE', *, *, #3786, .F. ) ;
#4247 = CARTESIAN_POINT ( 'NONE',  ( 17.71879574587439166, 23.77256583100305320, 0.09092096091079350517 ) ) ;
#4248 = CARTESIAN_POINT ( 'NONE',  ( 18.69367585195904979, 46.58899030426067611, -48.57134347572788613 ) ) ;
#4249 = B_SPLINE_CURVE_WITH_KNOTS ( 'NONE', 3,
 ( #3708, #1583, #2798, #4922, #2832, #2341, #3181, #4864, #1611, #4892 ),
 .UNSPECIFIED., .F., .F.,
 ( 4, 2, 2, 2, 4 ),
 ( -1.592605357206088346E-05, 0.0004099502930032341598, 0.0008358266395785292607, 0.001687579332729117294, 0.003391084719030292710 ),
 .UNSPECIFIED. ) ;
#4250 = CARTESIAN_POINT ( 'NONE',  ( 16.78241790755035012, 50.38583424641662845, -64.72461850567253805 ) ) ;
#4251 = CARTESIAN_POINT ( 'NONE',  ( -12.69990360011239439, 41.25246723610268162, -64.44257604444356957 ) ) ;
#4252 = CARTESIAN_POINT ( 'NONE',  ( -5.345612325840366275, 30.53707546994857580, -58.54293103449732172 ) ) ;
#4253 = FACE_OUTER_BOUND ( 'NONE', #1117, .T. ) ;
#4254 = CARTESIAN_POINT ( 'NONE',  ( -15.72998662269847792, 104.9205770785723928, -11.69270913947977597 ) ) ;
#4255 = CARTESIAN_POINT ( 'NONE',  ( -17.71854688729654370, 23.76953122063249424, 0.09814503530497438455 ) ) ;
#4256 =( BOUNDED_CURVE ( )  B_SPLINE_CURVE ( 3, ( #2657, #512, #5082, #2192 ),
 .UNSPECIFIED., .F., .F. ) 
 B_SPLINE_CURVE_WITH_KNOTS ( ( 4, 4 ),
 ( 3.064832961800278976, 3.102812198457566950 ),
 .UNSPECIFIED. ) 
 CURVE ( )  GEOMETRIC_REPRESENTATION_ITEM ( )  RATIONAL_B_SPLINE_CURVE ( ( 1.000000000000000000, 0.9998798017439896046, 0.9998798017439896046, 1.000000000000000000 ) ) 
 REPRESENTATION_ITEM ( '' )  );
#4257 = CARTESIAN_POINT ( 'NONE',  ( -14.17138475853315249, 104.4499915925400444, -16.53384166042856762 ) ) ;
#4258 = CARTESIAN_POINT ( 'NONE',  ( 15.90110132503419216, 25.19999999999999574, -50.37740579444184164 ) ) ;
#4259 = CARTESIAN_POINT ( 'NONE',  ( 16.08600403175326932, 102.1375381357800904, -17.29399237995975014 ) ) ;
#4260 = AXIS2_PLACEMENT_3D ( 'NONE', #5120, #4714, #1393 ) ;
#4261 = CARTESIAN_POINT ( 'NONE',  ( -11.74104058897188985, 109.8726271249037154, -13.52061704138217380 ) ) ;
#4262 = VERTEX_POINT ( 'NONE', #2014 ) ;
#4263 = CARTESIAN_POINT ( 'NONE',  ( -18.90195483179322267, 63.69941921401080265, 1.906856296066709033 ) ) ;
#4264 = VERTEX_POINT ( 'NONE', #383 ) ;
#4265 = CARTESIAN_POINT ( 'NONE',  ( 14.68179602971028430, 10.87494587657807088, -12.64486886675380717 ) ) ;
#4266 = CARTESIAN_POINT ( 'NONE',  ( -18.97260181454034011, 61.80788317485043137, -59.08710177581766487 ) ) ;
#4267 = ORIENTED_EDGE ( 'NONE', *, *, #5070, .T. ) ;
#4268 = CARTESIAN_POINT ( 'NONE',  ( 10.99814581169660244, 104.3100615870592947, -17.74238772109572793 ) ) ;
#4269 = DIRECTION ( 'NONE',  ( 0.09928306937097421125, -0.2932532641631798165, 0.9508656031185053203 ) ) ;
#4270 = AXIS2_PLACEMENT_3D ( 'NONE', #962, #2197, #184 ) ;
#4271 = CARTESIAN_POINT ( 'NONE',  ( -1.476416671349421799E-11, 2.641486349591146698, 16.22731298258699439 ) ) ;
#4272 = DIRECTION ( 'NONE',  ( -0.8679660116767989875, -0.3565619393041815632, -0.3456856751638865410 ) ) ;
#4273 = CARTESIAN_POINT ( 'NONE',  ( -16.95872992813992042, 61.81913949715122669, -59.07679321938471162 ) ) ;
#4274 = CARTESIAN_POINT ( 'NONE',  ( 9.833961172275133222, 126.8026029523634577, -4.933752138529603926 ) ) ;
#4275 = CARTESIAN_POINT ( 'NONE',  ( 18.50704108449916419, 40.70228641848142814, -64.31086837683352542 ) ) ;
#4276 = CARTESIAN_POINT ( 'NONE',  ( -12.68970748466441734, 46.46038495710888583, -65.04694009427630874 ) ) ;
#4277 = DIRECTION ( 'NONE',  ( 0.000000000000000000, 0.000000000000000000, -1.000000000000000000 ) ) ;
#4278 = CARTESIAN_POINT ( 'NONE',  ( 16.00406188485955994, 102.9200572961688493, -9.551553439448911220 ) ) ;
#4279 = EDGE_LOOP ( 'NONE', ( #1017, #2998, #1866 ) ) ;
#4280 = CARTESIAN_POINT ( 'NONE',  ( 15.74087083618928240, 22.28454441212583959, -42.69802568999741510 ) ) ;
#4281 = CARTESIAN_POINT ( 'NONE',  ( -17.17183482555304863, 17.69539350396651756, 1.600332887791520831 ) ) ;
#4282 = CARTESIAN_POINT ( 'NONE',  ( -12.76810326092224557, 103.0104225436797805, -19.15477808464672549 ) ) ;
#4283 = CARTESIAN_POINT ( 'NONE',  ( 17.89828919428842369, 26.96376431253756323, -49.66754663951227400 ) ) ;
#4284 = DIRECTION ( 'NONE',  ( 1.000000000000000000, -0.000000000000000000, -0.000000000000000000 ) ) ;
#4285 = CARTESIAN_POINT ( 'NONE',  ( -5.121501372584800649, 102.8984616028448187, -19.26332386353751858 ) ) ;
#4286 = VERTEX_POINT ( 'NONE', #5303 ) ;
#4287 = CARTESIAN_POINT ( 'NONE',  ( -19.79723336096639486, 67.50000000000000000, -65.04694009427630874 ) ) ;
#4288 = CYLINDRICAL_SURFACE ( 'NONE', #4984, 6.000000000000005329 ) ;
#4289 = VERTEX_POINT ( 'NONE', #2830 ) ;
#4290 = CARTESIAN_POINT ( 'NONE',  ( 12.69307535769941531, 44.70496099589799854, -65.04694009427630874 ) ) ;
#4291 = AXIS2_PLACEMENT_3D ( 'NONE', #3037, #2624, #2987 ) ;
#4292 = CARTESIAN_POINT ( 'NONE',  ( 17.73764865250048217, 24.04084766268174178, 0.1155211404293230021 ) ) ;
#4293 = CARTESIAN_POINT ( 'NONE',  ( -17.76376895257229904, 112.4996830870551889, -0.2564286600236099223 ) ) ;
#4294 = VECTOR ( 'NONE', #4453, 1000.000000000000000 ) ;
#4295 = AXIS2_PLACEMENT_3D ( 'NONE', #5320, #4530, #4072 ) ;
#4296 = EDGE_CURVE ( 'NONE', #3167, #2161, #2217, .T. ) ;
#4297 = LINE ( 'NONE', #1014, #1666 ) ;
#4298 = CARTESIAN_POINT ( 'NONE',  ( 15.74087083618946892, 22.28454441212694803, -42.69802569000032122 ) ) ;
#4299 = ADVANCED_FACE ( 'NONE', ( #2363 ), #2277, .T. ) ;
#4300 = CARTESIAN_POINT ( 'NONE',  ( 16.95827418740460502, 62.03924378791167271, -58.87253314723134423 ) ) ;
#4301 = CARTESIAN_POINT ( 'NONE',  ( 8.078115674867129670, 123.3816644759807843, -7.467417433214494693 ) ) ;
#4302 = CARTESIAN_POINT ( 'NONE',  ( 18.48095549725578479, 39.98190606423074911, -62.03752036920396051 ) ) ;
#4303 = CARTESIAN_POINT ( 'NONE',  ( -9.362935048981165423E-14, 68.50000000000000000, -764.5416666666670835 ) ) ;
#4304 = CARTESIAN_POINT ( 'NONE',  ( -18.88402930445409922, 67.90789941690688636, 1.095182354698696736 ) ) ;
#4305 = CARTESIAN_POINT ( 'NONE',  ( -16.13418170072765179, 101.7489934109283922, -17.82914392956102745 ) ) ;
#4306 = AXIS2_PLACEMENT_3D ( 'NONE', #1169, #5257, #2841 ) ;
#4307 = CARTESIAN_POINT ( 'NONE',  ( -15.44034611274554614, 124.0630515074840332, -7.181770304961477613 ) ) ;
#4308 = CARTESIAN_POINT ( 'NONE',  ( -10.15718512115099870, 104.2249694694380509, -17.93638931968193262 ) ) ;
#4309 = CARTESIAN_POINT ( 'NONE',  ( 16.30262364938668895, 34.42545343513402401, -61.62377462316339205 ) ) ;
#4310 = CARTESIAN_POINT ( 'NONE',  ( 2.961874465065863049, 102.5011830639913200, -19.64848415349979760 ) ) ;
#4311 = ORIENTED_EDGE ( 'NONE', *, *, #591, .F. ) ;
#4312 = CARTESIAN_POINT ( 'NONE',  ( -13.85937922477490858, 104.4558386837617547, -16.73749255929767088 ) ) ;
#4313 = ORIENTED_EDGE ( 'NONE', *, *, #3803, .F. ) ;
#4314 = CARTESIAN_POINT ( 'NONE',  ( 8.572527594031473190E-16, 142.0000000000000284, -14.00000000000000000 ) ) ;
#4315 = CARTESIAN_POINT ( 'NONE',  ( -18.72339944537397471, 47.68150476113771674, -37.38218609505542389 ) ) ;
#4316 = ORIENTED_EDGE ( 'NONE', *, *, #324, .T. ) ;
#4317 = CARTESIAN_POINT ( 'NONE',  ( 18.48568821285202901, 68.50000000000000000, 4.390823532917670136 ) ) ;
#4318 = CARTESIAN_POINT ( 'NONE',  ( 17.69345450070572667, 23.46528973100165771, 0.3555950391750165029 ) ) ;
#4319 = CARTESIAN_POINT ( 'NONE',  ( 13.22719403814308592, 102.8389687800969909, -19.32100196748531218 ) ) ;
#4320 = CARTESIAN_POINT ( 'NONE',  ( -12.69860903648297068, 44.69153659673524714, -48.76540200048551554 ) ) ;
#4321 = CARTESIAN_POINT ( 'NONE',  ( 17.72026814230937219, 23.79051645073699461, -3.442795871321673444E-16 ) ) ;
#4322 = CYLINDRICAL_SURFACE ( 'NONE', #1219, 13.00000000000000178 ) ;
#4323 = CARTESIAN_POINT ( 'NONE',  ( 18.81614233210485310, 68.38926217731663826, -2.358819345745716500 ) ) ;
#4324 = CARTESIAN_POINT ( 'NONE',  ( 18.21081007675338270, 33.34014186833548621, -58.44821453643137232 ) ) ;
#4325 = CARTESIAN_POINT ( 'NONE',  ( 18.44538908142225253, 39.02435015581276900, -42.37613825743103746 ) ) ;
#4326 =( BOUNDED_CURVE ( )  B_SPLINE_CURVE ( 3, ( #907, #2567, #503, #2156 ),
 .UNSPECIFIED., .F., .F. ) 
 B_SPLINE_CURVE_WITH_KNOTS ( ( 4, 4 ),
 ( 3.219469757428927270, 6.205308203340451634 ),
 .UNSPECIFIED. ) 
 CURVE ( )  GEOMETRIC_REPRESENTATION_ITEM ( )  RATIONAL_B_SPLINE_CURVE ( ( 1.000000000000000000, 0.3851989393119493177, 0.3851989393119493177, 1.000000000000000000 ) ) 
 REPRESENTATION_ITEM ( '' )  );
#4327 = CARTESIAN_POINT ( 'NONE',  ( 18.37561224454667297, 76.94170756974686753, -4.680979552391378640 ) ) ;
#4328 = CARTESIAN_POINT ( 'NONE',  ( -16.01832748954247165, 102.6961224456600519, -19.45949103802651692 ) ) ;
#4329 = CARTESIAN_POINT ( 'NONE',  ( -14.68006566925857115, 5.465711869524942479, 7.445824945574396558 ) ) ;
#4330 = CARTESIAN_POINT ( 'NONE',  ( -12.55689694632193110, 103.0814839432339056, -19.08588428198530451 ) ) ;
#4331 = CARTESIAN_POINT ( 'NONE',  ( -1.097315678071923539, 106.3687027794625521, -18.05958832959522908 ) ) ;
#4332 = ORIENTED_EDGE ( 'NONE', *, *, #4177, .T. ) ;
#4333 = EDGE_CURVE ( 'NONE', #1485, #1937, #721, .T. ) ;
#4334 = VERTEX_POINT ( 'NONE', #2529 ) ;
#4335 = EDGE_CURVE ( 'NONE', #4477, #67, #4868, .T. ) ;
#4336 = CARTESIAN_POINT ( 'NONE',  ( 14.24591834778288657, 104.4483269223150472, -16.47961663481407513 ) ) ;
#4337 = CARTESIAN_POINT ( 'NONE',  ( -16.86413500802131082, 95.96906820932200333, -7.695820465259602727 ) ) ;
#4338 = EDGE_LOOP ( 'NONE', ( #4620, #1685, #795, #4154, #612 ) ) ;
#4339 = FACE_OUTER_BOUND ( 'NONE', #2569, .T. ) ;
#4340 = CARTESIAN_POINT ( 'NONE',  ( 16.90518114708860864, 57.26275271566515102, -62.32983294978449607 ) ) ;
#4341 = CARTESIAN_POINT ( 'NONE',  ( -18.79776262852611524, 67.46746916854456799, -2.682296341615875157 ) ) ;
#4342 = ADVANCED_FACE ( 'NONE', ( #4191 ), #1402, .T. ) ;
#4343 = ORIENTED_EDGE ( 'NONE', *, *, #1778, .T. ) ;
#4344 = EDGE_CURVE ( 'NONE', #4079, #985, #1157, .T. ) ;
#4345 = CARTESIAN_POINT ( 'NONE',  ( -18.94569671521888665, 59.18993613280159849, -58.75089056315268010 ) ) ;
#4346 = DIRECTION ( 'NONE',  ( 1.000000000000000000, 0.000000000000000000, 0.000000000000000000 ) ) ;
#4347 = CARTESIAN_POINT ( 'NONE',  ( -8.982913073436634477, 115.6191393843650701, -6.358612354267246580 ) ) ;
#4348 = FACE_OUTER_BOUND ( 'NONE', #260, .T. ) ;
#4349 = ORIENTED_EDGE ( 'NONE', *, *, #2244, .F. ) ;
#4350 = CARTESIAN_POINT ( 'NONE',  ( -15.80051881472854092, 104.0000000000000000, -18.19538586296676286 ) ) ;
#4351 = CARTESIAN_POINT ( 'NONE',  ( -13.58854608075095527, 104.1428623283880057, -18.05688128634047018 ) ) ;
#4352 = CARTESIAN_POINT ( 'NONE',  ( -18.80056297319151426, 50.82238916292298825, -44.32197666503522271 ) ) ;
#4353 = CARTESIAN_POINT ( 'NONE',  ( 18.71272618635463303, 69.95083251968340221, -3.584052645606381926 ) ) ;
#4354 = CARTESIAN_POINT ( 'NONE',  ( 16.17594100326003925, 116.2634117713277107, 6.790964416058812958 ) ) ;
#4355 = CARTESIAN_POINT ( 'NONE',  ( -15.56437147446742841, 124.7447576278495092, 6.786043110388447985 ) ) ;
#4356 = VERTEX_POINT ( 'NONE', #4139 ) ;
#4357 = CARTESIAN_POINT ( 'NONE',  ( 10.91777163139719065, 112.6133545763700425, 1.368462932768166995 ) ) ;
#4358 =( BOUNDED_CURVE ( )  B_SPLINE_CURVE ( 3, ( #3024, #4678, #4037, #2838 ),
 .UNSPECIFIED., .F., .F. ) 
 B_SPLINE_CURVE_WITH_KNOTS ( ( 4, 4 ),
 ( 1.514024561931470059, 1.517760584134073110 ),
 .UNSPECIFIED. ) 
 CURVE ( )  GEOMETRIC_REPRESENTATION_ITEM ( )  RATIONAL_B_SPLINE_CURVE ( ( 1.000000000000000000, 0.9999988368451800946, 0.9999988368451800946, 1.000000000000000000 ) ) 
 REPRESENTATION_ITEM ( '' )  );
#4359 = EDGE_CURVE ( 'NONE', #2083, #1314, #2660, .T. ) ;
#4360 = EDGE_CURVE ( 'NONE', #3669, #4286, #1954, .T. ) ;
#4361 = CARTESIAN_POINT ( 'NONE',  ( 7.215362540908621725, 103.4649507796636954, -18.71411439394542242 ) ) ;
#4362 = ORIENTED_EDGE ( 'NONE', *, *, #3097, .T. ) ;
#4363 = EDGE_LOOP ( 'NONE', ( #3222, #822, #1290, #3063 ) ) ;
#4364 = CARTESIAN_POINT ( 'NONE',  ( 13.36788312827462555, 104.0838942492592025, -18.11405065300552053 ) ) ;
#4365 = AXIS2_PLACEMENT_3D ( 'NONE', #2098, #4927, #3355 ) ;
#4366 = ORIENTED_EDGE ( 'NONE', *, *, #1849, .T. ) ;
#4367 = PLANE ( 'NONE',  #812 ) ;
#4368 = CARTESIAN_POINT ( 'NONE',  ( 17.18714417901825442, 17.85139042821268163, 2.692832283932124593 ) ) ;
#4369 = CARTESIAN_POINT ( 'NONE',  ( 17.84656239795869936, 25.98935939674525386, -47.10749196130509375 ) ) ;
#4370 = ORIENTED_EDGE ( 'NONE', *, *, #1448, .F. ) ;
#4371 = CARTESIAN_POINT ( 'NONE',  ( -16.92873393965829720, 58.93837093181013387, -61.40866321030912189 ) ) ;
#4372 = CARTESIAN_POINT ( 'NONE',  ( -18.64578730805351370, 44.92762427740021991, -63.01165419136815871 ) ) ;
#4373 = CARTESIAN_POINT ( 'NONE',  ( -12.69797024457866641, 45.02449172995815729, -48.76540200048551554 ) ) ;
#4374 = AXIS2_PLACEMENT_3D ( 'NONE', #4075, #4910, #1202 ) ;
#4375 = CARTESIAN_POINT ( 'NONE',  ( 15.90110132503424012, 25.19999999999999574, -50.37740579444184874 ) ) ;
#4376 = CIRCLE ( 'NONE', #3466, 11.00000000000000000 ) ;
#4377 = CARTESIAN_POINT ( 'NONE',  ( -18.93796025413761441, 62.05481215269227846, -58.85789298357324384 ) ) ;
#4378 =( GEOMETRIC_REPRESENTATION_CONTEXT ( 3 ) GLOBAL_UNCERTAINTY_ASSIGNED_CONTEXT ( ( #1032 ) ) GLOBAL_UNIT_ASSIGNED_CONTEXT ( ( #4123, #2024, #4039 ) ) REPRESENTATION_CONTEXT ( 'NONE', 'WORKASPACE' ) );
#4379 = CARTESIAN_POINT ( 'NONE',  ( -11.94463904789050268, 103.9999999999999574, -13.75507469208135269 ) ) ;
#4380 = CARTESIAN_POINT ( 'NONE',  ( 18.51011182986515990, 40.79403140814812900, -62.28235036019736981 ) ) ;
#4381 = CARTESIAN_POINT ( 'NONE',  ( 18.60009923054046865, 43.46670686090511282, -36.95791633580529378 ) ) ;
#4382 = CARTESIAN_POINT ( 'NONE',  ( 16.81609150784714402, 95.98116753394694456, -8.449990458408723981 ) ) ;
#4383 = DIRECTION ( 'NONE',  ( 0.03222756024589901874, 0.9737714842011295779, -0.2252342800670587286 ) ) ;
#4384 = CARTESIAN_POINT ( 'NONE',  ( -15.44514604457830842, 124.0574757828542118, 7.170277724310651024 ) ) ;
#4385 = CARTESIAN_POINT ( 'NONE',  ( 7.623823294570164499, 119.4067238265373874, 7.929625675391708484 ) ) ;
#4386 = CARTESIAN_POINT ( 'NONE',  ( -11.85911844690792272, 39.86076815461257183, -45.84325110584373419 ) ) ;
#4387 = CARTESIAN_POINT ( 'NONE',  ( -14.86582531080689051, 105.9647002164731191, -12.72173661927461019 ) ) ;
#4388 = CARTESIAN_POINT ( 'NONE',  ( 0.7478013973574035855, 102.3168615218094146, -19.82718330709101551 ) ) ;
#4389 = ORIENTED_EDGE ( 'NONE', *, *, #1273, .F. ) ;
#4390 = FACE_OUTER_BOUND ( 'NONE', #1063, .T. ) ;
#4391 = CARTESIAN_POINT ( 'NONE',  ( 13.67600084259639814, 104.4553234649256268, -16.83034094946087578 ) ) ;
#4392 = CARTESIAN_POINT ( 'NONE',  ( -18.67159722496057839, 45.81356145365772647, -36.80461765622958126 ) ) ;
#4393 = ORIENTED_EDGE ( 'NONE', *, *, #1694, .T. ) ;
#4394 = CARTESIAN_POINT ( 'NONE',  ( 17.57870230620758889, 22.06513939687938120, -42.12010760545969390 ) ) ;
#4395 = CARTESIAN_POINT ( 'NONE',  ( 17.62272145384269351, 22.62301024920069281, 0.6764299810732704588 ) ) ;
#4396 = ADVANCED_FACE ( 'NONE', ( #651 ), #4676, .T. ) ;
#4397 = VERTEX_POINT ( 'NONE', #571 ) ;
#4398 = CARTESIAN_POINT ( 'NONE',  ( -16.74028426803406333, 48.51655621366596449, -64.97289747347866751 ) ) ;
#4399 = CARTESIAN_POINT ( 'NONE',  ( -18.08335714095717961, 30.60942603764438275, -55.80304608116045983 ) ) ;
#4400 = CARTESIAN_POINT ( 'NONE',  ( 18.94430825866879431, 61.56426665755667926, 1.047920322656430647 ) ) ;
#4401 = CARTESIAN_POINT ( 'NONE',  ( -7.774715757060353560, 118.6261020529038035, -7.782009058888195163 ) ) ;
#4402 = CARTESIAN_POINT ( 'NONE',  ( 6.475498579910053287, 1.485669859011984562, 12.08670987665956709 ) ) ;
#4403 = B_SPLINE_CURVE_WITH_KNOTS ( 'NONE', 3,
 ( #1641, #2123, #4117, #5005, #1275, #438, #2070, #2859, #1188, #3789, #4196, #1665, #57, #4519, #387, #4143, #2097, #2945, #2048, #3354, #790, #3709, #2452, #5389, #5364, #4979, #3325, #3296, #4952, #4606, #2479, #3735, #413, #1218, #3758, #2505, #2888, #4545, #818, #2533, #1249, #27, #2920, #4577, #1696, #868, #841, #2395, #661 ),
 .UNSPECIFIED., .F., .F.,
 ( 4, 2, 1, 2, 2, 2, 2, 2, 2, 2, 2, 2, 2, 2, 2, 2, 2, 2, 2, 2, 2, 2, 2, 2, 4 ),
 ( 0.005170105989653335336, 0.005958664733032411481, 0.006747223476411487626, 0.007535782219790563771, 0.008324340963169640784, 0.009901458449927829503, 0.01069001719330692560, 0.01147857593668601822, 0.01305569342344421041, 0.01463281091020240260, 0.01542136965358149522, 0.01620992839696059132, 0.01778704588371878351, 0.01857560462709787960, 0.01936416337047697223, 0.02094128085723515054, 0.02251839834399332191, 0.02330695708737238678, 0.02409551583075144818, 0.02567263331750957098, 0.02646119206088863585, 0.02724975080426769725, 0.02882686829102585821, 0.02961542703440494043, 0.03040398577778401917 ),
 .UNSPECIFIED. ) ;
#4404 = FACE_OUTER_BOUND ( 'NONE', #3017, .T. ) ;
#4405 = CARTESIAN_POINT ( 'NONE',  ( 18.24056830505625726, 34.00901444621395342, -58.96471929524383171 ) ) ;
#4406 = CARTESIAN_POINT ( 'NONE',  ( -15.93209056891790354, 103.3805665010078627, -18.49439432184432519 ) ) ;
#4407 = CARTESIAN_POINT ( 'NONE',  ( -16.38626120542749831, 127.6825309513258162, -3.561484888852515240 ) ) ;
#4408 = CARTESIAN_POINT ( 'NONE',  ( -18.88360407233535199, 67.90696195637157473, 1.058695382720751477 ) ) ;
#4409 = CARTESIAN_POINT ( 'NONE',  ( 8.985091411744079437, 115.6150376224508705, 6.355619489993005189 ) ) ;
#4410 = CARTESIAN_POINT ( 'NONE',  ( -16.95713748422278755, 62.12334985546977606, -58.79344156561430168 ) ) ;
#4411 = CARTESIAN_POINT ( 'NONE',  ( -17.63706140616289986, 22.27096860388325794, -42.66226668473131411 ) ) ;
#4412 = CARTESIAN_POINT ( 'NONE',  ( -14.48803618605684917, 104.3982588462808252, -16.43879549756752212 ) ) ;
#4413 = EDGE_CURVE ( 'NONE', #2161, #2698, #2283, .T. ) ;
#4414 = CARTESIAN_POINT ( 'NONE',  ( -9.563631117655933878, 33.30771998968660341, -60.86858493722032648 ) ) ;
#4415 = ORIENTED_EDGE ( 'NONE', *, *, #1400, .F. ) ;
#4416 = CARTESIAN_POINT ( 'NONE',  ( 14.28431103781630362, 104.4473887527520191, -16.44936816109016320 ) ) ;
#4417 = CARTESIAN_POINT ( 'NONE',  ( 13.51371974358016104, 104.1182317477960169, -18.08076055651232039 ) ) ;
#4418 = FACE_OUTER_BOUND ( 'NONE', #99, .T. ) ;
#4419 = ORIENTED_EDGE ( 'NONE', *, *, #2362, .T. ) ;
#4420 = CARTESIAN_POINT ( 'NONE',  ( 17.09551644032553952, 16.48766665617794658, -27.42891032715600019 ) ) ;
#4421 = CARTESIAN_POINT ( 'NONE',  ( 16.60877847786224137, 15.67611499326813984, 4.546736704764233750 ) ) ;
#4422 =( BOUNDED_CURVE ( )  B_SPLINE_CURVE ( 3, ( #3178, #1958, #331, #2525 ),
 .UNSPECIFIED., .F., .F. ) 
 B_SPLINE_CURVE_WITH_KNOTS ( ( 4, 4 ),
 ( 1.449079522502682682, 1.555377943911047112 ),
 .UNSPECIFIED. ) 
 CURVE ( )  GEOMETRIC_REPRESENTATION_ITEM ( )  RATIONAL_B_SPLINE_CURVE ( ( 1.000000000000000000, 0.9990586087716675223, 0.9990586087716675223, 1.000000000000000000 ) ) 
 REPRESENTATION_ITEM ( '' )  );
#4423 = VERTEX_POINT ( 'NONE', #235 ) ;
#4424 = ADVANCED_FACE ( 'NONE', ( #3938 ), #2605, .T. ) ;
#4425 = CARTESIAN_POINT ( 'NONE',  ( -18.55296028250139528, 42.02921818701903334, -64.61598493768067897 ) ) ;
#4426 = VECTOR ( 'NONE', #4284, 1000.000000000000000 ) ;
#4427 = CARTESIAN_POINT ( 'NONE',  ( 18.44633835955104928, 77.16341271502027155, -4.367594452018600748 ) ) ;
#4428 = CARTESIAN_POINT ( 'NONE',  ( 18.48568821284645125, 68.50000000000490274, 4.390823532943379348 ) ) ;
#4429 = CARTESIAN_POINT ( 'NONE',  ( 16.56178449886674287, 41.92822473215575485, -64.59812873573153524 ) ) ;
#4430 = CARTESIAN_POINT ( 'NONE',  ( -17.70962437810647927, 23.79577567117453896, 0.7119232735702286652 ) ) ;
#4431 = DIRECTION ( 'NONE',  ( 0.7550482655654956465, 2.000707253679577425E-16, 0.6556692128402378250 ) ) ;
#4432 = CARTESIAN_POINT ( 'NONE',  ( -3.786402878212344891, 2.780440889707955776, 15.80955098810337134 ) ) ;
#4433 = CARTESIAN_POINT ( 'NONE',  ( -16.72435645369288082, 47.85789152554965398, -65.01484590804844288 ) ) ;
#4434 = CARTESIAN_POINT ( 'NONE',  ( -11.56675997353290519, 3.044826933209171749, 7.979852661926891244 ) ) ;
#4435 = CARTESIAN_POINT ( 'NONE',  ( -18.90263429155196562, 67.97601118077177773, 1.920150067104700486 ) ) ;
#4436 = CARTESIAN_POINT ( 'NONE',  ( 0.000000000000000000, 29.53206154885827317, -57.49095449232992650 ) ) ;
#4437 = CARTESIAN_POINT ( 'NONE',  ( -12.55013241806241453, 44.08647157575909858, -36.83623101738977823 ) ) ;
#4438 = CARTESIAN_POINT ( 'NONE',  ( -10.39201920803918355, 127.6425670271827641, 3.641611819410243811 ) ) ;
#4439 = CARTESIAN_POINT ( 'NONE',  ( -6.124874238725072750, 105.1187561461421751, -17.11075530907208631 ) ) ;
#4440 = CARTESIAN_POINT ( 'NONE',  ( -12.69730332991170663, 45.75145549868426542, -36.80680852058355867 ) ) ;
#4441 = VERTEX_POINT ( 'NONE', #1352 ) ;
#4442 = EDGE_CURVE ( 'NONE', #1973, #4441, #3004, .T. ) ;
#4443 = CARTESIAN_POINT ( 'NONE',  ( 18.80144835240652768, 68.40269547698321162, 2.722478558058421427 ) ) ;
#4444 = B_SPLINE_CURVE_WITH_KNOTS ( 'NONE', 3,
 ( #2937, #2497, #2090, #5025 ),
 .UNSPECIFIED., .F., .F.,
 ( 4, 4 ),
 ( 9.813077866773594792E-18, 0.0003167766673236537510 ),
 .UNSPECIFIED. ) ;
#4445 = CARTESIAN_POINT ( 'NONE',  ( 14.48803618605123411, 104.3982588462818910, -16.43879549756818648 ) ) ;
#4446 = CARTESIAN_POINT ( 'NONE',  ( 14.28431103821836778, 104.4473887527738469, -16.44936816074182673 ) ) ;
#4447 = DIRECTION ( 'NONE',  ( -0.000000000000000000, -0.000000000000000000, 1.000000000000000000 ) ) ;
#4448 = EDGE_LOOP ( 'NONE', ( #4741, #2471, #1271, #3187 ) ) ;
#4449 = CYLINDRICAL_SURFACE ( 'NONE', #2904, 8.000000000000003553 ) ;
#4450 = CARTESIAN_POINT ( 'NONE',  ( 17.58047603387408842, 22.69776026014567805, 1.680176997913085613 ) ) ;
#4451 = VERTEX_POINT ( 'NONE', #3022 ) ;
#4452 = CARTESIAN_POINT ( 'NONE',  ( -18.59305129883549057, 43.24664454166152439, -62.81082645335142445 ) ) ;
#4453 = DIRECTION ( 'NONE',  ( 0.000000000000000000, 0.000000000000000000, -1.000000000000000000 ) ) ;
#4454 = CARTESIAN_POINT ( 'NONE',  ( 12.69990360011236596, 44.03136914534941582, -48.68264016807180639 ) ) ;
#4455 = CARTESIAN_POINT ( 'NONE',  ( -10.67250455186771241, 112.9564183195775513, -2.677036454983257485 ) ) ;
#4456 = CARTESIAN_POINT ( 'NONE',  ( 7.652715305399193646, 0.6771684774508784921, 14.21632195163148538 ) ) ;
#4457 = DIRECTION ( 'NONE',  ( -0.001918548972283651115, -0.9999981595832269088, 0.000000000000000000 ) ) ;
#4458 = EDGE_CURVE ( 'NONE', #1314, #4009, #2616, .T. ) ;
#4459 = CARTESIAN_POINT ( 'NONE',  ( -1.534319841385974881, 2.663524549261328644, 16.16105150781034894 ) ) ;
#4460 = CARTESIAN_POINT ( 'NONE',  ( 11.74104058897199998, 109.8726271249037154, -13.52061704138222531 ) ) ;
#4461 = CARTESIAN_POINT ( 'NONE',  ( -9.644845515399842029, 1.165260412748122310, 12.93067606058612462 ) ) ;
#4462 = CARTESIAN_POINT ( 'NONE',  ( 1.129956035522661661, 106.3713540186863327, -18.05762644182240706 ) ) ;
#4463 = DIRECTION ( 'NONE',  ( -0.02016755185021855065, 0.3548573898440937624, -0.9347028954300964365 ) ) ;
#4464 = CIRCLE ( 'NONE', #2036, 13.00000000000000178 ) ;
#4465 = CARTESIAN_POINT ( 'NONE',  ( -16.64170067794314178, 12.62541232475825836, 2.224413855093599679 ) ) ;
#4466 = CARTESIAN_POINT ( 'NONE',  ( -11.22808592899299462, 39.34629499794037599, -40.79092793737169131 ) ) ;
#4467 = CIRCLE ( 'NONE', #562, 1.999999999999999778 ) ;
#4468 = CARTESIAN_POINT ( 'NONE',  ( -14.89849453786668754, 106.2907793027558796, -12.24077674089899048 ) ) ;
#4469 = CARTESIAN_POINT ( 'NONE',  ( -6.491588701352299928, 1.507497161867131563, 12.02921623622249570 ) ) ;
#4470 = DIRECTION ( 'NONE',  ( 0.000000000000000000, 0.1736481776669343280, 0.9848077530122072432 ) ) ;
#4471 = ORIENTED_EDGE ( 'NONE', *, *, #3038, .T. ) ;
#4472 = CARTESIAN_POINT ( 'NONE',  ( 18.78075878671911525, 67.97937122050379344, -1.940953161211271372 ) ) ;
#4473 = CARTESIAN_POINT ( 'NONE',  ( 10.46982866735931772, 113.2458430870061505, -3.383269545139168333 ) ) ;
#4474 = DIRECTION ( 'NONE',  ( -0.000000000000000000, -0.000000000000000000, 1.000000000000000000 ) ) ;
#4475 = CARTESIAN_POINT ( 'NONE',  ( 18.76275836162434985, 68.50000000000079581, -3.234672217977295539 ) ) ;
#4476 = CARTESIAN_POINT ( 'NONE',  ( 18.78405591329732260, 67.88169644739433295, 1.131900240721605666 ) ) ;
#4477 = VERTEX_POINT ( 'NONE', #132 ) ;
#4478 = CARTESIAN_POINT ( 'NONE',  ( -18.58207117649959983, 42.91118912809154295, -37.14649591680494467 ) ) ;
#4479 = CARTESIAN_POINT ( 'NONE',  ( 17.24900519236023300, 18.48986398216221971, 1.486522152578941158 ) ) ;
#4480 = CARTESIAN_POINT ( 'NONE',  ( -18.77490868628741083, 67.83951604720547834, 3.363358982124974084 ) ) ;
#4481 = CARTESIAN_POINT ( 'NONE',  ( -18.91431649956695082, 56.86870216115306675, -62.53063109112527229 ) ) ;
#4482 = EDGE_LOOP ( 'NONE', ( #3292, #2351 ) ) ;
#4483 = CARTESIAN_POINT ( 'NONE',  ( 18.95805463529060830, 60.69876438975646948, 0.09175559134479302492 ) ) ;
#4484 = CARTESIAN_POINT ( 'NONE',  ( -18.93893285596192655, 61.87129546819680570, 1.201390172139890744 ) ) ;
#4485 = CARTESIAN_POINT ( 'NONE',  ( 11.10397640702947264, 2.858036854384796932, 8.471862219883304235 ) ) ;
#4486 = CYLINDRICAL_SURFACE ( 'NONE', #1601, 783.5416666666671972 ) ;
#4487 = CARTESIAN_POINT ( 'NONE',  ( 18.82064585194615347, 63.32484788645728457, 2.483357330263497253 ) ) ;
#4488 = LINE ( 'NONE', #1582, #3606 ) ;
#4489 = DIRECTION ( 'NONE',  ( 0.000000000000000000, 0.9348930393583384513, 0.3549295774647811541 ) ) ;
#4490 = CARTESIAN_POINT ( 'NONE',  ( 15.70874614025577465, 105.0815142772499939, -11.49860529431929024 ) ) ;
#4491 = CARTESIAN_POINT ( 'NONE',  ( -17.73290243646660258, 23.95733579937271429, -41.81218813843632631 ) ) ;
#4492 = CARTESIAN_POINT ( 'NONE',  ( -14.93677398635504261, 107.0392258701841968, -11.34954982116844491 ) ) ;
#4493 = CARTESIAN_POINT ( 'NONE',  ( -1.367240547137794415, 0.9625250975343270232, 13.46468575451035399 ) ) ;
#4494 = CARTESIAN_POINT ( 'NONE',  ( 16.17303139721886041, 101.4313901476460273, -18.13544762992048831 ) ) ;
#4495 = ORIENTED_EDGE ( 'NONE', *, *, #4413, .T. ) ;
#4496 = FILL_AREA_STYLE_COLOUR ( '', #3250 ) ;
#4497 = B_SPLINE_CURVE_WITH_KNOTS ( 'NONE', 3,
 ( #2887, #2148, #2584, #5034 ),
 .UNSPECIFIED., .F., .F.,
 ( 4, 4 ),
 ( 0.000000000000000000, 0.0003125286332001522100 ),
 .UNSPECIFIED. ) ;
#4498 = CARTESIAN_POINT ( 'NONE',  ( -18.79723336096639130, 67.48874052116227062, -2.689692777310153993 ) ) ;
#4499 = CARTESIAN_POINT ( 'NONE',  ( -17.35449243171925460, 113.3344622037614187, 3.595913243165937079 ) ) ;
#4500 = CARTESIAN_POINT ( 'NONE',  ( 12.45510432533182055, 41.60675839308647284, -47.71093791916462834 ) ) ;
#4501 = CARTESIAN_POINT ( 'NONE',  ( 18.78452741423248540, 67.86766293404609485, -0.9202086647950751264 ) ) ;
#4502 = ORIENTED_EDGE ( 'NONE', *, *, #4442, .T. ) ;
#4503 =( BOUNDED_CURVE ( )  B_SPLINE_CURVE ( 3, ( #2232, #5089, #2261, #3462 ),
 .UNSPECIFIED., .F., .F. ) 
 B_SPLINE_CURVE_WITH_KNOTS ( ( 4, 4 ),
 ( 3.141592653589793116, 6.283185307179586232 ),
 .UNSPECIFIED. ) 
 CURVE ( )  GEOMETRIC_REPRESENTATION_ITEM ( )  RATIONAL_B_SPLINE_CURVE ( ( 1.000000000000000000, 0.3333333333333333703, 0.3333333333333333703, 1.000000000000000000 ) ) 
 REPRESENTATION_ITEM ( '' )  );
#4504 = EDGE_CURVE ( 'NONE', #2935, #2549, #3509, .T. ) ;
#4505 = CARTESIAN_POINT ( 'NONE',  ( -18.45118550130288071, 39.17870530545496877, -41.39974305086762030 ) ) ;
#4506 = CARTESIAN_POINT ( 'NONE',  ( -18.80480825319655125, 67.77907690387453954, -2.714836453027856589 ) ) ;
#4507 = EDGE_CURVE ( 'NONE', #5024, #1238, #4297, .T. ) ;
#4508 = CARTESIAN_POINT ( 'NONE',  ( -18.71416823392479145, 67.67023733684635545, 3.355019015365547030 ) ) ;
#4509 = EDGE_LOOP ( 'NONE', ( #957, #697, #3367, #4370 ) ) ;
#4510 = CARTESIAN_POINT ( 'NONE',  ( 18.90423081547859141, 68.53025054952138362, 1.905538808580351962 ) ) ;
#4511 = CARTESIAN_POINT ( 'NONE',  ( -18.82913289406953083, 66.48101799730305572, 2.710715464557516885 ) ) ;
#4512 = ADVANCED_FACE ( 'NONE', ( #3454, #5108 ), #2225, .T. ) ;
#4513 = CARTESIAN_POINT ( 'NONE',  ( -15.95681968207313872, 6.908328331012110191, 2.774674732845983094 ) ) ;
#4514 = CARTESIAN_POINT ( 'NONE',  ( -17.67715426658009648, 23.51501242813134240, 1.040378513049833975 ) ) ;
#4515 = CARTESIAN_POINT ( 'NONE',  ( -11.62859651260339433, 4.206155562394561898, 11.52823647707505117 ) ) ;
#4516 = ORIENTED_EDGE ( 'NONE', *, *, #3504, .F. ) ;
#4517 = CARTESIAN_POINT ( 'NONE',  ( -18.98321836678026031, 68.12146720776243569, -0.8248777254761954225 ) ) ;
#4518 = CARTESIAN_POINT ( 'NONE',  ( -16.95827418740455883, 62.03924378791166561, -58.87253314723134423 ) ) ;
#4519 = CARTESIAN_POINT ( 'NONE',  ( 15.85116841654425279, 125.9832210684865572, -5.831037294312558572 ) ) ;
#4520 = CARTESIAN_POINT ( 'NONE',  ( -8.357702609483332878, 124.1119477509312077, -7.157082765409291447 ) ) ;
#4521 = CARTESIAN_POINT ( 'NONE',  ( -12.36751060138586844, 38.39286873076036954, -63.57200309470834299 ) ) ;
#4522 = CARTESIAN_POINT ( 'NONE',  ( 10.82503095145750471, 105.0941916106526577, -14.60482498879876445 ) ) ;
#4523 = VERTEX_POINT ( 'NONE', #4454 ) ;
#4524 = CARTESIAN_POINT ( 'NONE',  ( 0.000000000000000000, 142.0000000000000284, 0.000000000000000000 ) ) ;
#4525 = CARTESIAN_POINT ( 'NONE',  ( -15.37996477048800692, 107.5098778677073739, -9.548384805906685813 ) ) ;
#4526 = FACE_OUTER_BOUND ( 'NONE', #1512, .T. ) ;
#4527 = CARTESIAN_POINT ( 'NONE',  ( 12.92509956861031029, 3.869022786783035350, 5.808900970388408247 ) ) ;
#4528 = EDGE_CURVE ( 'NONE', #1738, #2271, #1576, .T. ) ;
#4529 = TOROIDAL_SURFACE ( 'NONE', #4963, 24.09830827084846661, 6.200000000000000178 ) ;
#4530 = DIRECTION ( 'NONE',  ( 0.7550482655654970898, -7.810629123779348024E-15, -0.6556692128402359376 ) ) ;
#4531 = ORIENTED_EDGE ( 'NONE', *, *, #3005, .T. ) ;
#4532 = CARTESIAN_POINT ( 'NONE',  ( -18.44684194570018576, 39.06287109779551514, -43.54761545859812344 ) ) ;
#4533 = CARTESIAN_POINT ( 'NONE',  ( -16.68917764560973538, 46.46038495710864424, -65.04694009427630874 ) ) ;
#4534 = CARTESIAN_POINT ( 'NONE',  ( -18.85350685441167684, 67.83084776577591413, 2.605569713515302421 ) ) ;
#4535 =( BOUNDED_SURFACE ( )  B_SPLINE_SURFACE ( 3, 2, ( 
 ( #3145, #4802, #4428 ),
 ( #5297, #700, #4081 ),
 ( #4051, #1180, #3173 ),
 ( #2824, #4510, #759 ) ),
 .UNSPECIFIED., .F., .F., .F. ) 
 B_SPLINE_SURFACE_WITH_KNOTS ( ( 4, 4 ),
 ( 3, 3 ),
 ( -3.031344495276083693E-05, 0.002350999934232256977 ),
 ( 0.000000000000000000, 1.000000000000000000 ),
 .UNSPECIFIED. ) 
 GEOMETRIC_REPRESENTATION_ITEM ( )  RATIONAL_B_SPLINE_SURFACE ( (
 ( 1.000000000000000000, 1.000000000000000000, 1.000000000000000000),
 ( 1.000000000000000000, 0.9999781862635191976, 1.000000000000000000),
 ( 1.000000000000000000, 0.9948809698344561747, 1.000000000000000000),
 ( 1.000000000000000000, 0.9843015916541261179, 1.000000000000000000) ) ) 
 REPRESENTATION_ITEM ( '' )  SURFACE ( )  );
#4536 = CARTESIAN_POINT ( 'NONE',  ( -18.01230314039634095, 29.14183438608257504, -57.05173060693210374 ) ) ;
#4537 = ORIENTED_EDGE ( 'NONE', *, *, #4119, .F. ) ;
#4538 = CARTESIAN_POINT ( 'NONE',  ( -18.95677436471750710, 60.49176553744309359, 0.3193676927968763235 ) ) ;
#4539 = CARTESIAN_POINT ( 'NONE',  ( -14.90272684815834658, 106.3420706064528645, -12.17045177736974892 ) ) ;
#4540 = ORIENTED_EDGE ( 'NONE', *, *, #3733, .F. ) ;
#4541 = CARTESIAN_POINT ( 'NONE',  ( -15.62471606906896859, 106.3560465154414203, -9.145053211774561319 ) ) ;
#4542 = TOROIDAL_SURFACE ( 'NONE', #5229, 24.09830827084846661, 6.200000000000000178 ) ;
#4543 = CARTESIAN_POINT ( 'NONE',  ( -18.79714329094183967, 67.47828247814321401, -2.690760719080968144 ) ) ;
#4544 = CARTESIAN_POINT ( 'NONE',  ( -15.27113367379988595, 108.2948815173477612, -9.552112108143395730 ) ) ;
#4545 = CARTESIAN_POINT ( 'NONE',  ( 15.69838916906764936, 125.3914937099963538, 6.351727129451286480 ) ) ;
#4546 = B_SPLINE_CURVE_WITH_KNOTS ( 'NONE', 3,
 ( #2044, #678, #2854, #4430, #3290, #3594, #4514, #787, #734, #2388, #4111, #5302, #2793, #5333, #1956, #3998, #4946, #2419, #1985, #3704, #1579, #1158, #4084, #1213 ),
 .UNSPECIFIED., .F., .F.,
 ( 4, 2, 2, 2, 2, 2, 2, 2, 2, 2, 2, 4 ),
 ( 0.000000000000000000, 0.0006564234158583449929, 0.0009846351237875175435, 0.001312846831716689986, 0.001969270247575027281, 0.002625693663433364793, 0.003938540495150030275, 0.005251387326866697493, 0.007877080990300029326, 0.01050277465373336376, 0.01575416198060003090, 0.02100554930746669977 ),
 .UNSPECIFIED. ) ;
#4547 = CARTESIAN_POINT ( 'NONE',  ( -18.95458229452819054, 60.92843215532822398, -57.19740677055758482 ) ) ;
#4548 = CARTESIAN_POINT ( 'NONE',  ( 13.48696570148055152, 4.324664034620425923, 4.608730970214247158 ) ) ;
#4549 = CARTESIAN_POINT ( 'NONE',  ( -1.722287298393055499, 29.60690289776788120, -57.57550718859271655 ) ) ;
#4550 = CARTESIAN_POINT ( 'NONE',  ( 7.240238471957546551, 105.6031327929415227, -16.64115367827152170 ) ) ;
#4551 = CIRCLE ( 'NONE', #120, 2.000000000000000888 ) ;
#4552 = ORIENTED_EDGE ( 'NONE', *, *, #5161, .T. ) ;
#4553 = CARTESIAN_POINT ( 'NONE',  ( 18.48568821285221375, 68.50000000000025580, 4.390823532917064398 ) ) ;
#4554 = CIRCLE ( 'NONE', #1061, 2.000000000000000444 ) ;
#4555 = DIRECTION ( 'NONE',  ( 0.01079438385105735941, -0.7284474183126777858, -0.6850166713525086548 ) ) ;
#4556 = AXIS2_PLACEMENT_3D ( 'NONE', #5359, #2448, #1925 ) ;
#4557 = CARTESIAN_POINT ( 'NONE',  ( -15.89667996419067642, 117.1842165010258157, 7.285159971772814380 ) ) ;
#4558 = AXIS2_PLACEMENT_3D ( 'NONE', #3824, #3444, #4208 ) ;
#4559 = CARTESIAN_POINT ( 'NONE',  ( 18.76268289876571771, 68.50214047825849661, -3.097061615376675459 ) ) ;
#4560 = DIRECTION ( 'NONE',  ( 1.000000000000000000, -0.000000000000000000, -0.000000000000000000 ) ) ;
#4561 = EDGE_LOOP ( 'NONE', ( #2652, #3134, #4915, #4747 ) ) ;
#4562 = CARTESIAN_POINT ( 'NONE',  ( -18.60631629776003493, 43.66418762903778372, -36.91831732206493655 ) ) ;
#4563 = CARTESIAN_POINT ( 'NONE',  ( 18.67943979433040624, 75.64520399918477267, -45.68527112349664776 ) ) ;
#4564 = B_SPLINE_CURVE_WITH_KNOTS ( 'NONE', 3,
 ( #247, #4865, #2799, #4465, #1992, #3659, #5308, #1584, #3238, #2017, #4894, #1162, #3576, #2423, #4089, #359, #3682, #5340, #2194, #539 ),
 .UNSPECIFIED., .F., .F.,
 ( 4, 2, 2, 2, 2, 2, 2, 2, 2, 4 ),
 ( 0.001971101478826977910, 0.006308805815377812806, 0.01064651015192864814, 0.01498421448847948347, 0.01715306665675490894, 0.01823749274089262254, 0.01877970578296148454, 0.01905081230399591208, 0.01918636556451312064, 0.01932191882503032920 ),
 .UNSPECIFIED. ) ;
#4565 = CARTESIAN_POINT ( 'NONE',  ( -16.15412158679151133, 30.76197924647031456, -58.78492559869042822 ) ) ;
#4566 = ORIENTED_EDGE ( 'NONE', *, *, #1947, .F. ) ;
#4567 = AXIS2_PLACEMENT_3D ( 'NONE', #2825, #4665, #2499 ) ;
#4568 = CARTESIAN_POINT ( 'NONE',  ( -16.93669728671914143, 59.65375650666183560, -60.88190047096941271 ) ) ;
#4569 = CARTESIAN_POINT ( 'NONE',  ( -0.8251361870486186856, 0.004269984345637491824, 15.98875275858564393 ) ) ;
#4570 = CARTESIAN_POINT ( 'NONE',  ( -18.92774058956540628, 62.47540280806344271, 1.468213138303326337 ) ) ;
#4571 = CARTESIAN_POINT ( 'NONE',  ( -15.75122231275511631, 104.7686654497170764, -13.92703678249327659 ) ) ;
#4572 =( BOUNDED_SURFACE ( )  B_SPLINE_SURFACE ( 3, 2, ( 
 ( #3663, #1191, #2399 ),
 ( #714, #2051, #2372 ),
 ( #1966, #4121, #5282 ),
 ( #5254, #4522, #2482 ),
 ( #2778, #3301, #2892 ),
 ( #1166, #1111, #3713 ),
 ( #3273, #4955, #4065 ),
 ( #2455, #5314, #2805 ),
 ( #4930, #3215, #1224 ),
 ( #1589, #4550, #821 ) ),
 .UNSPECIFIED., .F., .F., .F. ) 
 B_SPLINE_SURFACE_WITH_KNOTS ( ( 4, 2, 2, 2, 4 ),
 ( 3, 3 ),
 ( 0.01198932952844480003, 0.01420674308114154918, 0.01642415663383829660, 0.01864157018653504402, 0.02085898373923179144 ),
 ( 0.000000000000000000, 1.000000000000000000 ),
 .UNSPECIFIED. ) 
 GEOMETRIC_REPRESENTATION_ITEM ( )  RATIONAL_B_SPLINE_SURFACE ( (
 ( 1.000000000000000000, 0.7255350014397730085, 1.000000000000000000),
 ( 1.000000000000000000, 0.7457900349370949478, 1.000000000000000000),
 ( 1.000000000000000000, 0.7654931541078268120, 1.000000000000000000),
 ( 1.000000000000000000, 0.8032932351400298154, 1.000000000000000000),
 ( 1.000000000000000000, 0.8214653574947998749, 1.000000000000000000),
 ( 1.000000000000000000, 0.8550253549733970448, 1.000000000000000000),
 ( 1.000000000000000000, 0.8705303629767952023, 1.000000000000000000),
 ( 1.000000000000000000, 0.8989989892419106843, 1.000000000000000000),
 ( 1.000000000000000000, 0.9119624684818840032, 1.000000000000000000),
 ( 1.000000000000000000, 0.9236477048771710718, 1.000000000000000000) ) ) 
 REPRESENTATION_ITEM ( '' )  SURFACE ( )  );
#4573 = CARTESIAN_POINT ( 'NONE',  ( 15.46577536623988003, 109.8726271249023938, -9.026013051874677728 ) ) ;
#4574 = DIRECTION ( 'NONE',  ( 0.01079438385105721022, 0.7284474183126777858, 0.6850166713525086548 ) ) ;
#4575 = ADVANCED_FACE ( 'NONE', ( #3232 ), #4535, .T. ) ;
#4576 = CARTESIAN_POINT ( 'NONE',  ( 18.80508807031347374, 51.02415249743582137, -42.36465161679420532 ) ) ;
#4577 = CARTESIAN_POINT ( 'NONE',  ( 15.28314803211098649, 122.5953244556823734, 7.739008291086513225 ) ) ;
#4578 = CARTESIAN_POINT ( 'NONE',  ( 14.40803640503113492, 103.9839784586729792, -18.21091869673239927 ) ) ;
#4579 = CARTESIAN_POINT ( 'NONE',  ( 18.84385243368926055, 68.36280288285507822, 1.883913567292195834 ) ) ;
#4580 = CARTESIAN_POINT ( 'NONE',  ( 15.73707385058582808, 22.21773469666107204, -42.52204729339359801 ) ) ;
#4581 = CARTESIAN_POINT ( 'NONE',  ( 18.49083154484413427, 40.25644635865403842, -46.42892707090027926 ) ) ;
#4582 = CARTESIAN_POINT ( 'NONE',  ( 17.49884611356403852, 22.02719414894674799, 2.080338174794665651 ) ) ;
#4583 = CARTESIAN_POINT ( 'NONE',  ( -21.50481532079390590, 45.02449172995815729, -42.76540200048550844 ) ) ;
#4584 = CARTESIAN_POINT ( 'NONE',  ( -17.46901064861219410, 20.86380161520544618, 1.084482356869686859 ) ) ;
#4585 = CARTESIAN_POINT ( 'NONE',  ( 11.18824410880231746, 39.07673804468775103, -41.88915270636788790 ) ) ;
#4586 = ADVANCED_FACE ( 'NONE', ( #675 ), #1757, .T. ) ;
#4587 = CARTESIAN_POINT ( 'NONE',  ( 14.93690882622861515, 106.8961210472165533, -11.47767264658376085 ) ) ;
#4588 = CARTESIAN_POINT ( 'NONE',  ( 8.517813774242009472, 104.0000000000000000, -18.19538586296676286 ) ) ;
#4589 = FACE_OUTER_BOUND ( 'NONE', #4197, .T. ) ;
#4590 = EDGE_CURVE ( 'NONE', #3688, #1914, #3946, .T. ) ;
#4591 = DIRECTION ( 'NONE',  ( 0.000000000000000000, 0.1736481776669344113, 0.9848077530122074652 ) ) ;
#4592 = ORIENTED_EDGE ( 'NONE', *, *, #4183, .T. ) ;
#4593 = CARTESIAN_POINT ( 'NONE',  ( 13.97274805978837620, 5.290454533941828963, 2.064815577917639366 ) ) ;
#4594 = ORIENTED_EDGE ( 'NONE', *, *, #5092, .T. ) ;
#4595 = FACE_OUTER_BOUND ( 'NONE', #1266, .T. ) ;
#4596 = ORIENTED_EDGE ( 'NONE', *, *, #1856, .F. ) ;
#4597 = CARTESIAN_POINT ( 'NONE',  ( -19.00000000000000000, 46.46038495710888583, -42.30595897444583642 ) ) ;
#4598 = CARTESIAN_POINT ( 'NONE',  ( 0.6586040178733133521, 0.9395432380916270976, 13.52522052475395675 ) ) ;
#4599 = FACE_OUTER_BOUND ( 'NONE', #2883, .T. ) ;
#4600 = EDGE_CURVE ( 'NONE', #4441, #778, #9, .T. ) ;
#4601 = CARTESIAN_POINT ( 'NONE',  ( -12.68482791752953531, 52.94779161363651809, -42.67913242884561242 ) ) ;
#4602 = CARTESIAN_POINT ( 'NONE',  ( 5.719345320214542561, 30.69379766748318161, -58.69566205284068161 ) ) ;
#4603 = ORIENTED_EDGE ( 'NONE', *, *, #1934, .T. ) ;
#4604 = CARTESIAN_POINT ( 'NONE',  ( 7.610983802995566094, 121.5900587606433305, -7.943324614627144342 ) ) ;
#4605 = DIRECTION ( 'NONE',  ( -0.000000000000000000, -0.000000000000000000, 1.000000000000000000 ) ) ;
#4606 = CARTESIAN_POINT ( 'NONE',  ( 16.53646266520703989, 128.0871268098315738, 2.591178016540438112 ) ) ;
#4607 =( BOUNDED_CURVE ( )  B_SPLINE_CURVE ( 3, ( #704, #1608, #5243, #3677 ),
 .UNSPECIFIED., .F., .T. ) 
 B_SPLINE_CURVE_WITH_KNOTS ( ( 4, 4 ),
 ( 1.586214709678746226, 1.692513131087110656 ),
 .UNSPECIFIED. ) 
 CURVE ( )  GEOMETRIC_REPRESENTATION_ITEM ( )  RATIONAL_B_SPLINE_CURVE ( ( 1.000000000000000000, 0.9990586087716675223, 0.9990586087716675223, 1.000000000000000000 ) ) 
 REPRESENTATION_ITEM ( '' )  );
#4608 = CARTESIAN_POINT ( 'NONE',  ( 18.96452447017327003, 68.75898584803343283, -1.224896944174610036 ) ) ;
#4609 = DIRECTION ( 'NONE',  ( -0.000000000000000000, -0.000000000000000000, 1.000000000000000000 ) ) ;
#4610 = CARTESIAN_POINT ( 'NONE',  ( -2.976802270733744482, 29.82691003904186289, -57.81374472601497416 ) ) ;
#4611 = CARTESIAN_POINT ( 'NONE',  ( 8.959152375961913606, 60.55059688862590406, -65.04694009427630874 ) ) ;
#4612 = DIRECTION ( 'NONE',  ( 0.000000000000000000, 0.1736481776669343557, 0.9848077530122072432 ) ) ;
#4613 = CARTESIAN_POINT ( 'NONE',  ( -17.73052894691683079, 23.91557315446517862, -5.659649780689256186E-16 ) ) ;
#4614 = CARTESIAN_POINT ( 'NONE',  ( 11.21588338850884625, 39.02950161748024982, -42.45557909491773074 ) ) ;
#4615 = CARTESIAN_POINT ( 'NONE',  ( 14.83412157555666333, 105.7239172071209907, -13.12194067817131859 ) ) ;
#4616 = DIRECTION ( 'NONE',  ( 1.000000000000000000, -0.000000000000000000, -0.000000000000000000 ) ) ;
#4617 = B_SPLINE_CURVE_WITH_KNOTS ( 'NONE', 3,
 ( #274, #1905, #2290, #4385, #5221, #3575, #630, #2318, #4762, #3977, #1024, #4409, #2696, #246, #1878, #3126, #684, #660, #3950, #1498, #3155, #2344, #218, #4357, #3547, #5195, #1471, #4813, #4784, #1050, #1080, #2721, #4004, #4473, #5226, #3553, #1969, #1536, #3666, #3131, #2375, #4819, #1938, #281, #717, #310, #1057, #690, #4040, #749, #4873, #4068 ),
 .UNSPECIFIED., .F., .F.,
 ( 4, 2, 2, 2, 2, 2, 2, 2, 2, 2, 2, 2, 2, 2, 2, 2, 2, 2, 2, 2, 2, 2, 2, 2, 2, 4 ),
 ( 0.02604131468439898137, 0.02685376427405935379, 0.02766621386371972621, 0.02847866345338010211, 0.02929111304304047453, 0.03091601222236121937, 0.03254091140168196422, 0.03335336099134232624, 0.03416581058100268131, 0.03579070976032340534, 0.03660315934998377430, 0.03741560893964412937, 0.03822805852930449833, 0.03904050811896485340, 0.04066540729828558437, 0.04147785688794594638, 0.04229030647760631534, 0.04310275606726668429, 0.04391520565692704631, 0.04554010483624776340, 0.04635255442590811847, 0.04716500401556847355, 0.04878990319488915595, 0.05041480237420983834, 0.05122725196387017954, 0.05203970155353052074 ),
 .UNSPECIFIED. ) ;
#4618 = CARTESIAN_POINT ( 'NONE',  ( 10.91669414839817698, 128.3851560115457175, -1.377321708904829523 ) ) ;
#4619 = CARTESIAN_POINT ( 'NONE',  ( -16.65985072006764867, 45.32060290210888809, -65.04694009427629453 ) ) ;
#4620 = ORIENTED_EDGE ( 'NONE', *, *, #5069, .F. ) ;
#4621 = CARTESIAN_POINT ( 'NONE',  ( -18.54662801360008473, 41.84867860293160646, -47.85980926054315887 ) ) ;
#4622 = ORIENTED_EDGE ( 'NONE', *, *, #1473, .T. ) ;
#4623 = CARTESIAN_POINT ( 'NONE',  ( 7.622990940106453728, 121.5873114899223992, 7.930424040748066616 ) ) ;
#4624 = CARTESIAN_POINT ( 'NONE',  ( 12.59979423097519913, 103.0682263119442723, -19.09873751369134354 ) ) ;
#4625 = ORIENTED_EDGE ( 'NONE', *, *, #4600, .T. ) ;
#4626 = CARTESIAN_POINT ( 'NONE',  ( 15.30825329149135072, 120.4999999999999858, -8.000000000000003553 ) ) ;
#4627 = CARTESIAN_POINT ( 'NONE',  ( -11.64274197017230073, 4.216473336710593323, 11.49733965177001416 ) ) ;
#4628 = CARTESIAN_POINT ( 'NONE',  ( -15.56182949379943636, 106.1847790243143663, -11.52266669969810131 ) ) ;
#4629 = CARTESIAN_POINT ( 'NONE',  ( -12.92509956861020548, 3.869022786782999823, 5.808900970388502394 ) ) ;
#4630 = ORIENTED_EDGE ( 'NONE', *, *, #1339, .F. ) ;
#4631 = CARTESIAN_POINT ( 'NONE',  ( -14.21034376808730926, 103.0246260123673920, -19.14100786656754138 ) ) ;
#4632 = CARTESIAN_POINT ( 'NONE',  ( 18.71872484135447934, 47.50630879784773697, -48.23154761476799024 ) ) ;
#4633 = CARTESIAN_POINT ( 'NONE',  ( 15.72696641525870120, 22.08427921774212521, -42.17052235372317170 ) ) ;
#4634 = CARTESIAN_POINT ( 'NONE',  ( -12.42855848570002131, 103.1211453724555014, -19.04743265149099329 ) ) ;
#4635 = FACE_OUTER_BOUND ( 'NONE', #4338, .T. ) ;
#4636 = CYLINDRICAL_SURFACE ( 'NONE', #3902, 6.000000000000005329 ) ;
#4637 = CARTESIAN_POINT ( 'NONE',  ( -17.43824674260645224, 21.54214572156608654, 2.328129561345428034 ) ) ;
#4638 =( BOUNDED_CURVE ( )  B_SPLINE_CURVE ( 3, ( #3794, #3029, #62, #1309 ),
 .UNSPECIFIED., .F., .F. ) 
 B_SPLINE_CURVE_WITH_KNOTS ( ( 4, 4 ),
 ( 1.745329251994333530, 2.450925524317250748 ),
 .UNSPECIFIED. ) 
 CURVE ( )  GEOMETRIC_REPRESENTATION_ITEM ( )  RATIONAL_B_SPLINE_CURVE ( ( 1.000000000000000000, 0.9589397079378534361, 0.9589397079378534361, 1.000000000000000000 ) ) 
 REPRESENTATION_ITEM ( '' )  );
#4639 = CARTESIAN_POINT ( 'NONE',  ( 18.93643943877589919, 62.13897059812966006, -58.77860322823732986 ) ) ;
#4640 = FACE_OUTER_BOUND ( 'NONE', #4448, .T. ) ;
#4641 = FACE_BOUND ( 'NONE', #1026, .T. ) ;
#4642 = CARTESIAN_POINT ( 'NONE',  ( -16.34308575585888690, 35.49524853383512379, -62.23712226290753335 ) ) ;
#4643 = ORIENTED_EDGE ( 'NONE', *, *, #3640, .T. ) ;
#4644 = DIRECTION ( 'NONE',  ( 0.000000000000000000, 0.000000000000000000, -1.000000000000000000 ) ) ;
#4645 = CARTESIAN_POINT ( 'NONE',  ( 15.36602777640513473, 6.000496302554923389, 5.923973566172143101 ) ) ;
#4646 = EDGE_LOOP ( 'NONE', ( #2732, #912, #3314, #257 ) ) ;
#4647 = CARTESIAN_POINT ( 'NONE',  ( 14.18782809639218279, 102.5807007320236579, -19.57139202522915511 ) ) ;
#4648 = CARTESIAN_POINT ( 'NONE',  ( -8.562702044326510276, 116.4552660747631023, 6.906896976829502321 ) ) ;
#4649 = CARTESIAN_POINT ( 'NONE',  ( -14.87094079256721990, 106.0089867323304702, -12.65242704614624891 ) ) ;
#4650 = CARTESIAN_POINT ( 'NONE',  ( 3.380690726017349323, 29.91612085504094409, -57.90929839139032254 ) ) ;
#4651 = VERTEX_POINT ( 'NONE', #2697 ) ;
#4652 = CARTESIAN_POINT ( 'NONE',  ( 17.69671513385231876, 23.50466881203512415, 0.3333221492325959545 ) ) ;
#4653 = CARTESIAN_POINT ( 'NONE',  ( 18.67157899191107973, 45.81286838068615452, -48.72653230098399746 ) ) ;
#4654 = CARTESIAN_POINT ( 'NONE',  ( 16.59610535137828791, 43.02081253207151690, -64.86156450432929432 ) ) ;
#4655 = CARTESIAN_POINT ( 'NONE',  ( 0.000000000000000000, 49.01839981629770904, -20.11482368120467257 ) ) ;
#4656 = CARTESIAN_POINT ( 'NONE',  ( -12.59979506954384298, 103.0682260391706819, -19.09873777814451756 ) ) ;
#4657 = CARTESIAN_POINT ( 'NONE',  ( 17.67715426658008226, 23.51501242812966908, 1.040378513047645725 ) ) ;
#4658 = LINE ( 'NONE', #444, #857 ) ;
#4659 = CARTESIAN_POINT ( 'NONE',  ( -17.67093833272383208, 23.19449259463833357, 0.4866985469219689553 ) ) ;
#4660 = CARTESIAN_POINT ( 'NONE',  ( 18.95805464026528142, 60.69876405404754394, -57.41555342542513074 ) ) ;
#4661 = CARTESIAN_POINT ( 'NONE',  ( 17.80398330416715424, 25.18727457333403308, -50.34388671469128695 ) ) ;
#4662 = CARTESIAN_POINT ( 'NONE',  ( -2.956923620704399180, 102.5098329615695292, -19.64009810508909837 ) ) ;
#4663 = DIRECTION ( 'NONE',  ( -0.04501877271975036204, 0.3545697289525420737, -0.9339451897265323987 ) ) ;
#4664 = ORIENTED_EDGE ( 'NONE', *, *, #1843, .T. ) ;
#4665 = DIRECTION ( 'NONE',  ( -0.000000000000000000, -1.000000000000000000, -0.000000000000000000 ) ) ;
#4666 = ORIENTED_EDGE ( 'NONE', *, *, #4742, .F. ) ;
#4667 = CARTESIAN_POINT ( 'NONE',  ( -21.50481532079390590, 45.02449172995815729, -42.76540200048550844 ) ) ;
#4668 = ADVANCED_FACE ( 'NONE', ( #146 ), #436, .F. ) ;
#4669 = EDGE_CURVE ( 'NONE', #455, #1233, #1503, .T. ) ;
#4670 = EDGE_LOOP ( 'NONE', ( #954, #2322, #5231, #3039 ) ) ;
#4671 = CARTESIAN_POINT ( 'NONE',  ( 14.21349667694852670, 103.0084008116812129, -19.12722240430506204 ) ) ;
#4672 = EDGE_CURVE ( 'NONE', #4997, #1485, #1236, .T. ) ;
#4673 = EDGE_CURVE ( 'NONE', #3723, #869, #266, .T. ) ;
#4674 = CARTESIAN_POINT ( 'NONE',  ( -17.40793931639279890, 113.2230910602722247, -3.334014880829069494 ) ) ;
#4675 = B_SPLINE_CURVE_WITH_KNOTS ( 'NONE', 3,
 ( #3449, #889, #5158, #1428, #5104, #1375, #3040, #1810, #3479, #2551 ),
 .UNSPECIFIED., .F., .F.,
 ( 4, 2, 2, 2, 4 ),
 ( 0.000000000000000000, 0.001523550651048471895, 0.003047101302096943791, 0.004570651953145415253, 0.006094202604193887582 ),
 .UNSPECIFIED. ) ;
#4676 = CYLINDRICAL_SURFACE ( 'NONE', #2181, 382.1080052622554035 ) ;
#4677 = CARTESIAN_POINT ( 'NONE',  ( 15.84950659198064038, 24.22808283028622611, -47.81735260504986940 ) ) ;
#4678 = CARTESIAN_POINT ( 'NONE',  ( -15.79609633693256043, 23.25626260539356238, -45.25755477064716814 ) ) ;
#4679 = LINE ( 'NONE', #943, #979 ) ;
#4680 = CARTESIAN_POINT ( 'NONE',  ( 18.45298016221515525, 39.22663833735889227, -44.32214134753012047 ) ) ;
#4681 = CARTESIAN_POINT ( 'NONE',  ( -18.92898085973138222, 61.13121827191348245, 1.202528420558827804 ) ) ;
#4682 = EDGE_LOOP ( 'NONE', ( #4909, #3554 ) ) ;
#4683 = CARTESIAN_POINT ( 'NONE',  ( -14.48803618605684917, 104.3982588462808252, -16.43879549756752212 ) ) ;
#4684 = CARTESIAN_POINT ( 'NONE',  ( -17.73052892358915855, 23.91557287209484528, 0.08301520600077574863 ) ) ;
#4685 = CARTESIAN_POINT ( 'NONE',  ( -14.24591834778537880, 104.4483269223146493, -16.47961663481360972 ) ) ;
#4686 = CARTESIAN_POINT ( 'NONE',  ( 16.04737139135118440, 28.32814106811967036, -56.03870475361912185 ) ) ;
#4687 = CARTESIAN_POINT ( 'NONE',  ( -10.95668273619141075, 81.09009710516488667, -25.76992923034661587 ) ) ;
#4688 = CIRCLE ( 'NONE', #2343, 2.000000000000000444 ) ;
#4689 = CARTESIAN_POINT ( 'NONE',  ( 18.74798815630088811, 68.91262311930321971, 2.087400281678290170 ) ) ;
#4690 = EDGE_LOOP ( 'NONE', ( #5157, #4603 ) ) ;
#4691 = CARTESIAN_POINT ( 'NONE',  ( -18.95590845199600949, 60.84201326139132249, 0.2569628847324041954 ) ) ;
#4692 = EDGE_CURVE ( 'NONE', #365, #3397, #3453, .T. ) ;
#4693 = ORIENTED_EDGE ( 'NONE', *, *, #3640, .F. ) ;
#4694 = CARTESIAN_POINT ( 'NONE',  ( 7.564818506065865478, 121.0465660370794012, 7.985933715559088597 ) ) ;
#4695 = ORIENTED_EDGE ( 'NONE', *, *, #159, .F. ) ;
#4696 = CARTESIAN_POINT ( 'NONE',  ( 17.71061286906204657, 23.67303714849872875, 0.2139510166191785079 ) ) ;
#4697 = CYLINDRICAL_SURFACE ( 'NONE', #2467, 6.000000000000005329 ) ;
#4698 = CARTESIAN_POINT ( 'NONE',  ( -18.79687334127184073, 67.49519918031076315, -2.721439238791758530 ) ) ;
#4699 = B_SPLINE_CURVE_WITH_KNOTS ( 'NONE', 3,
 ( #3503, #2871, #4876, #3694, #2378, #777, #2815, #1143, #4501, #4907, #5287, #4476, #1198, #2003 ),
 .UNSPECIFIED., .F., .F.,
 ( 4, 2, 2, 2, 2, 2, 4 ),
 ( 0.000000000000000000, 0.0003077114072898684527, 0.0006154228145797369055, 0.001230845629159483569, 0.002461691258318972775, 0.003692536887478461548, 0.004923382516637950755 ),
 .UNSPECIFIED. ) ;
#4700 = B_SPLINE_CURVE_WITH_KNOTS ( 'NONE', 3,
 ( #4445, #254, #3954, #4416 ),
 .UNSPECIFIED., .F., .F.,
 ( 4, 4 ),
 ( 0.001373038982164028528, 0.001582108445417908541 ),
 .UNSPECIFIED. ) ;
#4701 = CIRCLE ( 'NONE', #3129, 2.000000000000000444 ) ;
#4702 = CIRCLE ( 'NONE', #3055, 1.000000000000005551 ) ;
#4703 = CARTESIAN_POINT ( 'NONE',  ( 3.022253780463587614, 2.727478853792009605, 15.96877294860101237 ) ) ;
#4704 = CARTESIAN_POINT ( 'NONE',  ( 17.69454587871172180, 23.24350548204526845, -45.22395220094031032 ) ) ;
#4705 = DIRECTION ( 'NONE',  ( -0.01883827932805591521, -0.3548665930357689513, 0.9347271368582086293 ) ) ;
#4706 = CARTESIAN_POINT ( 'NONE',  ( 10.39767442675491438, 127.6507781516107656, 3.625559555718603555 ) ) ;
#4707 = CARTESIAN_POINT ( 'NONE',  ( 18.94569668933405993, 59.18993361413362919, -58.75089286386486975 ) ) ;
#4708 =( BOUNDED_SURFACE ( )  B_SPLINE_SURFACE ( 3, 2, ( 
 ( #4895, #1500, #4840 ),
 ( #1585, #1082, #2835 ),
 ( #4491, #2750, #2424 ),
 ( #4090, #4411, #686 ) ),
 .UNSPECIFIED., .F., .F., .T. ) 
 B_SPLINE_SURFACE_WITH_KNOTS ( ( 4, 4 ),
 ( 3, 3 ),
 ( 4.630523143815174159, 4.655617215521262509 ),
 ( 0.000000000000000000, 1.000000000000000000 ),
 .UNSPECIFIED. ) 
 GEOMETRIC_REPRESENTATION_ITEM ( )  RATIONAL_B_SPLINE_SURFACE ( (
 ( 1.000000000000000000, 0.7336383096356802191, 1.000000000000000000),
 ( 1.000000000000000000, 0.7309824027716947947, 1.000000000000000000),
 ( 1.000000000000000000, 0.7283093387334704794, 1.000000000000000000),
 ( 1.000000000000000000, 0.7256193980656487907, 1.000000000000000000) ) ) 
 REPRESENTATION_ITEM ( '' )  SURFACE ( )  );
#4709 = CARTESIAN_POINT ( 'NONE',  ( 17.70204731960938460, 23.72993469703149927, 0.7998961645497222328 ) ) ;
#4710 = CARTESIAN_POINT ( 'NONE',  ( 17.23429783505796919, 113.5937614293491151, 4.046327037121122849 ) ) ;
#4711 = CARTESIAN_POINT ( 'NONE',  ( -16.00154371981691170, 126.5145009840719865, -5.281382084951119715 ) ) ;
#4712 = CARTESIAN_POINT ( 'NONE',  ( -13.36788312827262182, 104.0838942492574546, -18.11405065300700912 ) ) ;
#4713 = CARTESIAN_POINT ( 'NONE',  ( 18.09034014959117442, 30.72513616960291927, -58.74982854192196413 ) ) ;
#4714 = DIRECTION ( 'NONE',  ( 0.000000000000000000, 1.000000000000000000, 0.000000000000000000 ) ) ;
#4715 = B_SPLINE_CURVE_WITH_KNOTS ( 'NONE', 3,
 ( #1141, #3667, #2810, #4151 ),
 .UNSPECIFIED., .F., .F.,
 ( 4, 4 ),
 ( 8.673617379884035472E-19, 0.002218012774209998737 ),
 .UNSPECIFIED. ) ;
#4716 = CARTESIAN_POINT ( 'NONE',  ( 6.149716437031872651, 105.0952135549732702, -17.13357977692355050 ) ) ;
#4717 = EDGE_LOOP ( 'NONE', ( #4877, #506, #2373, #2707 ) ) ;
#4718 = DIRECTION ( 'NONE',  ( 1.000000000000000000, 0.000000000000000000, 0.000000000000000000 ) ) ;
#4719 = ORIENTED_EDGE ( 'NONE', *, *, #1552, .T. ) ;
#4720 = CARTESIAN_POINT ( 'NONE',  ( -18.55895759017290203, 67.50127462956078261, 4.067051323594615297 ) ) ;
#4721 = VERTEX_POINT ( 'NONE', #898 ) ;
#4722 = CARTESIAN_POINT ( 'NONE',  ( 14.27083908377311516, 103.5609032946506289, -18.38564989737836797 ) ) ;
#4723 = CARTESIAN_POINT ( 'NONE',  ( 17.72026814230952496, 23.79051645073898413, -3.442795871397663922E-16 ) ) ;
#4724 = CARTESIAN_POINT ( 'NONE',  ( -21.50481532079390590, 45.02449172995815729, -42.76540200048550844 ) ) ;
#4725 = CARTESIAN_POINT ( 'NONE',  ( -16.10358925902675153, 116.4763183719870199, -6.933707009776048480 ) ) ;
#4726 = CIRCLE ( 'NONE', #1329, 2.000000000000000888 ) ;
#4727 = DIRECTION ( 'NONE',  ( 1.000000000000000000, 0.000000000000000000, 0.000000000000000000 ) ) ;
#4728 = CARTESIAN_POINT ( 'NONE',  ( 18.76342253977873753, 68.48116069107082637, -3.092061113306755260 ) ) ;
#4729 = DIRECTION ( 'NONE',  ( 1.000000000000000000, 0.000000000000000000, 0.000000000000000000 ) ) ;
#4730 = CARTESIAN_POINT ( 'NONE',  ( 18.64737107511220771, 44.93453500287517244, -63.06361153590911783 ) ) ;
#4731 = CARTESIAN_POINT ( 'NONE',  ( 18.45724004157304066, 39.34080317603913812, -44.69781649503935483 ) ) ;
#4732 = CARTESIAN_POINT ( 'NONE',  ( 18.37960104276709217, 76.87191640858335973, -5.028932090788247322 ) ) ;
#4733 = EDGE_CURVE ( 'NONE', #3829, #479, #4701, .T. ) ;
#4734 = CARTESIAN_POINT ( 'NONE',  ( -14.48803618605707477, 104.3982588462797878, -16.43879549756652736 ) ) ;
#4735 = VECTOR ( 'NONE', #316, 1000.000000000000000 ) ;
#4736 = CARTESIAN_POINT ( 'NONE',  ( -15.91494119070117286, 6.552985836658846708, 2.809442548338520584 ) ) ;
#4737 = CARTESIAN_POINT ( 'NONE',  ( -11.90702310478542003, 103.2668097941827625, -18.90621145421321714 ) ) ;
#4738 = CARTESIAN_POINT ( 'NONE',  ( 18.01319433772922096, 29.15962720063944857, -57.07249030739108520 ) ) ;
#4739 =( BOUNDED_CURVE ( )  B_SPLINE_CURVE ( 3, ( #1354, #1436, #2607, #1871 ),
 .UNSPECIFIED., .F., .F. ) 
 B_SPLINE_CURVE_WITH_KNOTS ( ( 4, 4 ),
 ( 3.180380651923707447, 3.218165913311476167 ),
 .UNSPECIFIED. ) 
 CURVE ( )  GEOMETRIC_REPRESENTATION_ITEM ( )  RATIONAL_B_SPLINE_CURVE ( ( 1.000000000000000000, 0.9998810263740042226, 0.9998810263740042226, 1.000000000000000000 ) ) 
 REPRESENTATION_ITEM ( '' )  );
#4740 = CARTESIAN_POINT ( 'NONE',  ( 5.851201270872379290, 103.0457991503212725, -19.12048057612478047 ) ) ;
#4741 = ORIENTED_EDGE ( 'NONE', *, *, #4733, .T. ) ;
#4742 = EDGE_CURVE ( 'NONE', #3244, #1727, #990, .T. ) ;
#4743 = EDGE_CURVE ( 'NONE', #4795, #985, #4200, .T. ) ;
#4744 = ORIENTED_EDGE ( 'NONE', *, *, #1027, .T. ) ;
#4745 = CARTESIAN_POINT ( 'NONE',  ( 12.95410276730772203, 104.0306029510038286, -18.16571639852341846 ) ) ;
#4746 = CARTESIAN_POINT ( 'NONE',  ( -18.73254692315100911, 48.02855987570480067, -37.56787313495298974 ) ) ;
#4747 = ORIENTED_EDGE ( 'NONE', *, *, #248, .F. ) ;
#4748 = CARTESIAN_POINT ( 'NONE',  ( -10.61447707058498224, 113.0385911414690412, 2.897750060346742984 ) ) ;
#4749 = LINE ( 'NONE', #4243, #5385 ) ;
#4750 = EDGE_CURVE ( 'NONE', #2962, #3854, #1522, .T. ) ;
#4751 = CARTESIAN_POINT ( 'NONE',  ( -18.80020379687219645, 50.80170528195488799, -62.58217073031745059 ) ) ;
#4752 = CARTESIAN_POINT ( 'NONE',  ( 363.1080052622554035, 55.03717805158469645, -65.04694009427630874 ) ) ;
#4753 = CARTESIAN_POINT ( 'NONE',  ( 16.68917764561041750, 46.46038495713256822, -65.04694009427629453 ) ) ;
#4754 = FACE_OUTER_BOUND ( 'NONE', #4646, .T. ) ;
#4755 = ADVANCED_FACE ( 'NONE', ( #3840 ), #2469, .T. ) ;
#4756 = CARTESIAN_POINT ( 'NONE',  ( -12.69098995156781307, 48.91541878313709191, -47.33275207102139603 ) ) ;
#4757 = CARTESIAN_POINT ( 'NONE',  ( -18.79797862027721322, 50.70823831723252795, -44.69764527221536810 ) ) ;
#4758 = CARTESIAN_POINT ( 'NONE',  ( 17.78782084046141776, 85.64855048526941061, -6.196755016706886998 ) ) ;
#4759 = CARTESIAN_POINT ( 'NONE',  ( 16.83741101921108552, 114.4902830486824570, 5.305672113468475892 ) ) ;
#4760 = CARTESIAN_POINT ( 'NONE',  ( -16.61691002214671187, 128.2925459783378983, 1.828852241202591156 ) ) ;
#4761 = B_SPLINE_CURVE_WITH_KNOTS ( 'NONE', 3,
 ( #3352, #5387, #4977, #1246 ),
 .UNSPECIFIED., .F., .F.,
 ( 4, 4 ),
 ( 0.000000000000000000, 0.0003002803416590547176 ),
 .UNSPECIFIED. ) ;
#4762 = CARTESIAN_POINT ( 'NONE',  ( 8.081460836807570658, 117.6090326223309575, 7.463795894058878666 ) ) ;
#4763 = CARTESIAN_POINT ( 'NONE',  ( -1.473040693378390387, 102.3527048018592467, -19.79243336017207611 ) ) ;
#4764 = ORIENTED_EDGE ( 'NONE', *, *, #5311, .T. ) ;
#4765 = ORIENTED_EDGE ( 'NONE', *, *, #1294, .T. ) ;
#4766 = CARTESIAN_POINT ( 'NONE',  ( 11.37975218848754722, 103.4008440014167292, -18.77626571319212090 ) ) ;
#4767 = CARTESIAN_POINT ( 'NONE',  ( -18.41515517816570124, 76.51102453690465666, -4.528949292651023306 ) ) ;
#4768 = ORIENTED_EDGE ( 'NONE', *, *, #42, .T. ) ;
#4769 = CARTESIAN_POINT ( 'NONE',  ( -14.90004816894699680, 108.2755782174585590, -10.44302069771510411 ) ) ;
#4770 = CARTESIAN_POINT ( 'NONE',  ( 17.63392207427397196, 22.75457665731943635, 1.116458054499190666 ) ) ;
#4771 = CARTESIAN_POINT ( 'NONE',  ( -17.90285658852154427, 68.14135531807372104, 1.866753150753032164 ) ) ;
#4772 = EDGE_LOOP ( 'NONE', ( #2429, #567, #232, #3475 ) ) ;
#4773 = CARTESIAN_POINT ( 'NONE',  ( -18.89329322543987288, 55.56344537670612027, -60.93117637970411238 ) ) ;
#4774 = CARTESIAN_POINT ( 'NONE',  ( -18.59327574307313924, 43.25361039440667810, -62.81188601326935839 ) ) ;
#4775 = CARTESIAN_POINT ( 'NONE',  ( 7.358872690760279944, 3.185473215270851810, 14.59222606125213595 ) ) ;
#4776 = CARTESIAN_POINT ( 'NONE',  ( -7.841710271999779991, 118.3668659712303395, -7.714892182119015729 ) ) ;
#4777 = CARTESIAN_POINT ( 'NONE',  ( 16.95925962211950022, 61.96633026036808900, -58.94109949900751388 ) ) ;
#4778 = CARTESIAN_POINT ( 'NONE',  ( -8.248472558825906020, 105.6498420370436833, -16.17675392900161668 ) ) ;
#4779 = DIRECTION ( 'NONE',  ( 0.000000000000000000, 0.000000000000000000, -1.000000000000000000 ) ) ;
#4780 = CARTESIAN_POINT ( 'NONE',  ( 18.57009867828841365, 42.54736119954665696, -37.29708111909606316 ) ) ;
#4781 = CARTESIAN_POINT ( 'NONE',  ( 18.63879210743878190, 71.73808578769597943, -3.688768362261625633 ) ) ;
#4782 = CARTESIAN_POINT ( 'NONE',  ( -14.34458597491574139, 104.0163311206497809, -17.60170987617134486 ) ) ;
#4783 = CARTESIAN_POINT ( 'NONE',  ( -16.29792766661797998, 127.4367254959109772, -4.019337154722592231 ) ) ;
#4784 = CARTESIAN_POINT ( 'NONE',  ( 10.96009146723164385, 112.5546052567375170, -1.078550973118830303 ) ) ;
#4785 = CARTESIAN_POINT ( 'NONE',  ( -14.91207165217821462, 106.4662409048651313, -12.00553421645788355 ) ) ;
#4786 = CARTESIAN_POINT ( 'NONE',  ( -2.746382724294107014, 106.6334376410796096, -17.86372047308098843 ) ) ;
#4787 = ORIENTED_EDGE ( 'NONE', *, *, #4820, .F. ) ;
#4788 = APPLICATION_CONTEXT ( 'automotive_design' ) ;
#4789 = EDGE_CURVE ( 'NONE', #3379, #2161, #2208, .T. ) ;
#4790 = DIRECTION ( 'NONE',  ( 0.000000000000000000, 0.7071067811865486830, 0.7071067811865464625 ) ) ;
#4791 = ORIENTED_EDGE ( 'NONE', *, *, #3778, .F. ) ;
#4792 = CARTESIAN_POINT ( 'NONE',  ( 12.87348566701548336, 104.4405971513434821, -17.18449421263182941 ) ) ;
#4793 = VECTOR ( 'NONE', #3767, 1000.000000000000000 ) ;
#4794 = CARTESIAN_POINT ( 'NONE',  ( -18.79599111360837682, 67.69340855444563942, -2.773975875676340852 ) ) ;
#4795 = VERTEX_POINT ( 'NONE', #578 ) ;
#4796 = DIRECTION ( 'NONE',  ( 0.000000000000000000, 0.000000000000000000, 1.000000000000000000 ) ) ;
#4797 = CARTESIAN_POINT ( 'NONE',  ( 17.26363745396887239, 18.64221461616016740, 2.492734242600093797 ) ) ;
#4798 = ORIENTED_EDGE ( 'NONE', *, *, #2416, .F. ) ;
#4799 = CARTESIAN_POINT ( 'NONE',  ( -16.42292420457371804, 37.66063184097711769, -63.35671015786477511 ) ) ;
#4800 = VECTOR ( 'NONE', #5285, 1000.000000000000114 ) ;
#4801 = LINE ( 'NONE', #321, #4294 ) ;
#4802 = CARTESIAN_POINT ( 'NONE',  ( 18.48568821284798958, 68.50000000000366640, 4.390823532936894757 ) ) ;
#4803 = AXIS2_PLACEMENT_3D ( 'NONE', #5289, #1569, #4796 ) ;
#4804 = CARTESIAN_POINT ( 'NONE',  ( -7.610983802995565206, 119.4099412393566695, -7.943324614627142566 ) ) ;
#4805 = CARTESIAN_POINT ( 'NONE',  ( 10.23359021092127641, 1.339095550683417013, 12.47279012836432877 ) ) ;
#4806 = AXIS2_PLACEMENT_3D ( 'NONE', #530, #4179, #3800 ) ;
#4807 = CARTESIAN_POINT ( 'NONE',  ( 18.82484897226309428, 68.51461722406780552, -2.575908097400599228 ) ) ;
#4808 = DIRECTION ( 'NONE',  ( -1.000000000000000000, 0.000000000000000000, 0.000000000000000000 ) ) ;
#4809 = CARTESIAN_POINT ( 'NONE',  ( 15.04829942516250973, 109.8490099007079266, -10.57134610817022136 ) ) ;
#4810 = CARTESIAN_POINT ( 'NONE',  ( -15.97109290076615906, 103.0736411764255394, -18.99658518383866479 ) ) ;
#4811 = CARTESIAN_POINT ( 'NONE',  ( -16.00231831380568082, 126.5273167256926996, 5.285838155624371204 ) ) ;
#4812 = CARTESIAN_POINT ( 'NONE',  ( -18.90050076044155603, 67.94285902113537645, -0.1839412564557031671 ) ) ;
#4813 = CARTESIAN_POINT ( 'NONE',  ( 11.00065739983021373, 112.4990960746439157, -0.5382393670448137879 ) ) ;
#4814 = CARTESIAN_POINT ( 'NONE',  ( -18.95805464026523168, 60.69876405404755104, -57.41555342542512363 ) ) ;
#4815 = CARTESIAN_POINT ( 'NONE',  ( -11.44235206299682872, 40.01094219910896044, -39.44887320015074295 ) ) ;
#4816 = CARTESIAN_POINT ( 'NONE',  ( -10.21988848832724983, 127.3887276004458329, -4.075964169894048084 ) ) ;
#4817 = CARTESIAN_POINT ( 'NONE',  ( 3.311739837097904093, 1.077341423903546147, 13.16225679073110655 ) ) ;
#4818 = ORIENTED_EDGE ( 'NONE', *, *, #5028, .T. ) ;
#4819 = CARTESIAN_POINT ( 'NONE',  ( 8.987845240065631458, 115.6207192922052798, -6.344745837688424928 ) ) ;
#4820 = EDGE_CURVE ( 'NONE', #2520, #720, #4503, .T. ) ;
#4821 = CARTESIAN_POINT ( 'NONE',  ( 12.72640682477356222, 103.0254576437669982, -19.14020160254951719 ) ) ;
#4822 = CARTESIAN_POINT ( 'NONE',  ( -16.82190529652232414, 95.93308345348158639, -7.903280602359851414 ) ) ;
#4823 = ORIENTED_EDGE ( 'NONE', *, *, #3443, .F. ) ;
#4824 = CARTESIAN_POINT ( 'NONE',  ( -19.00000000000000000, 62.28974017202617119, -58.63335116586625162 ) ) ;
#4825 = EDGE_CURVE ( 'NONE', #4795, #3842, #1975, .T. ) ;
#4826 = DIRECTION ( 'NONE',  ( -0.000000000000000000, -0.000000000000000000, 1.000000000000000000 ) ) ;
#4827 = ORIENTED_EDGE ( 'NONE', *, *, #3863, .F. ) ;
#4828 = CARTESIAN_POINT ( 'NONE',  ( -18.71743259726413910, 47.44212844072116297, -63.03803774754247513 ) ) ;
#4829 = CARTESIAN_POINT ( 'NONE',  ( 7.753759507056130040, 24.60826067934592132, -65.04694009427630874 ) ) ;
#4830 = CARTESIAN_POINT ( 'NONE',  ( 18.95721583490324491, 60.75545636744752187, 0.1692052879042599822 ) ) ;
#4831 = CARTESIAN_POINT ( 'NONE',  ( 18.87749456333528641, 68.33927154598629272, 1.112600275066375266 ) ) ;
#4832 = DIRECTION ( 'NONE',  ( 1.000000000000000000, 0.000000000000000000, 0.000000000000000000 ) ) ;
#4833 = DIRECTION ( 'NONE',  ( -0.000000000000000000, -0.000000000000000000, 1.000000000000000000 ) ) ;
#4834 = CARTESIAN_POINT ( 'NONE',  ( -11.07508864093538925, 4.034853168386838718, 12.04218102100916354 ) ) ;
#4835 = CARTESIAN_POINT ( 'NONE',  ( 16.97711015460069106, 114.1655943299565195, -4.913668132249771503 ) ) ;
#4836 = CARTESIAN_POINT ( 'NONE',  ( -5.993796889080515555, 3.010536492496504124, 15.11799372828239818 ) ) ;
#4837 = CARTESIAN_POINT ( 'NONE',  ( 8.959152375961972226, 60.55059688862590406, -1.426417717646859504E-16 ) ) ;
#4838 = CARTESIAN_POINT ( 'NONE',  ( -18.94245843278521235, 68.25615636241867890, -1.492758868289335572 ) ) ;
#4839 = CARTESIAN_POINT ( 'NONE',  ( -18.93796025413757178, 62.05481215269227846, -58.85789298357325094 ) ) ;
#4840 = CARTESIAN_POINT ( 'NONE',  ( -15.72696641525869765, 22.08427921774210034, -42.17052235372310776 ) ) ;
#4841 = CARTESIAN_POINT ( 'NONE',  ( -7.996916875357801935, 123.1473488489705801, 7.553899457378943971 ) ) ;
#4842 = CARTESIAN_POINT ( 'NONE',  ( -4.629378356735887934, 1.222462892936436063, 12.78000335265643095 ) ) ;
#4843 = CARTESIAN_POINT ( 'NONE',  ( -14.18782809639207443, 102.5807007320250790, -19.57139202522778731 ) ) ;
#4844 = ORIENTED_EDGE ( 'NONE', *, *, #5312, .T. ) ;
#4845 = CARTESIAN_POINT ( 'NONE',  ( 18.48568821285207875, 68.50000000000017053, 4.390823532917632832 ) ) ;
#4846 = DIRECTION ( 'NONE',  ( 0.000000000000000000, -1.000000000000000000, -1.771470073563594861E-17 ) ) ;
#4847 = CARTESIAN_POINT ( 'NONE',  ( 12.75773187104111628, 103.0142570895732774, -19.15106050450138042 ) ) ;
#4848 = CARTESIAN_POINT ( 'NONE',  ( -16.19415057681601766, 31.71307349743140236, -59.65446062419602669 ) ) ;
#4849 = VERTEX_POINT ( 'NONE', #200 ) ;
#4850 = DIRECTION ( 'NONE',  ( 0.000000000000000000, 0.1736481776669343557, 0.9848077530122073542 ) ) ;
#4851 = CARTESIAN_POINT ( 'NONE',  ( 17.58432263613421398, 22.17481126438048022, 1.373767747307326870 ) ) ;
#4852 = ORIENTED_EDGE ( 'NONE', *, *, #4504, .T. ) ;
#4853 = EDGE_CURVE ( 'NONE', #3700, #4721, #981, .T. ) ;
#4854 = CARTESIAN_POINT ( 'NONE',  ( -16.83609982153642903, 53.05419427108270725, -64.08946190613630733 ) ) ;
#4855 = CARTESIAN_POINT ( 'NONE',  ( -18.29996582600625032, 35.37887107062865510, -59.91176261507256129 ) ) ;
#4856 = CARTESIAN_POINT ( 'NONE',  ( 18.93202816916460662, 62.24751658392853670, 1.370228976515531771 ) ) ;
#4857 = CARTESIAN_POINT ( 'NONE',  ( 18.89430989061790811, 68.33036420074942896, -0.04590701237417924019 ) ) ;
#4858 = CARTESIAN_POINT ( 'NONE',  ( -16.66953976441839202, 12.52174138403650616, -11.93379916851084133 ) ) ;
#4859 = DIRECTION ( 'NONE',  ( -0.000000000000000000, -1.000000000000000000, -0.000000000000000000 ) ) ;
#4860 = CARTESIAN_POINT ( 'NONE',  ( 15.43544637756487425, 107.1108431280776614, -9.886870179992058638 ) ) ;
#4861 = CARTESIAN_POINT ( 'NONE',  ( 15.59390289593665102, 118.4120340351442735, -7.740510287263751898 ) ) ;
#4862 = CARTESIAN_POINT ( 'NONE',  ( -8.064203176852698718, 3.326854092102526916, 14.16764213423873464 ) ) ;
#4863 = FACE_BOUND ( 'NONE', #5345, .T. ) ;
#4864 = CARTESIAN_POINT ( 'NONE',  ( 14.99145410114399901, 108.1197238510752214, -10.39641411411918881 ) ) ;
#4865 = CARTESIAN_POINT ( 'NONE',  ( -16.13833340994203525, 8.337938011674111749, 2.650901113573104873 ) ) ;
#4866 = CARTESIAN_POINT ( 'NONE',  ( -12.26287115508180214, 40.89749499040264169, -47.12455666695068146 ) ) ;
#4867 = CARTESIAN_POINT ( 'NONE',  ( -15.27206833914369000, 108.2881397337136917, -9.552080096817061161 ) ) ;
#4868 = B_SPLINE_CURVE_WITH_KNOTS ( 'NONE', 3,
 ( #2119, #2968, #1662, #1245 ),
 .UNSPECIFIED., .F., .F.,
 ( 4, 4 ),
 ( 0.000000000000000000, 0.001941191229164266870 ),
 .UNSPECIFIED. ) ;
#4869 = CARTESIAN_POINT ( 'NONE',  ( -8.517813774264537230, 104.0000000000000426, -18.19538586296673088 ) ) ;
#4870 = LINE ( 'NONE', #1561, #2354 ) ;
#4871 = ORIENTED_EDGE ( 'NONE', *, *, #2169, .F. ) ;
#4872 = CARTESIAN_POINT ( 'NONE',  ( 18.78062845581074924, 67.98318602503019292, 1.947098566258189223 ) ) ;
#4873 = CARTESIAN_POINT ( 'NONE',  ( 7.549834435270746269, 120.2237451442321259, -8.000000000000007105 ) ) ;
#4874 = CARTESIAN_POINT ( 'NONE',  ( -4.048829505673320561, 102.6830305359201532, -19.47218360321296160 ) ) ;
#4875 = CARTESIAN_POINT ( 'NONE',  ( 14.24637789083807604, 103.4112195328660846, -18.64472759556214143 ) ) ;
#4876 = CARTESIAN_POINT ( 'NONE',  ( 18.77367230741949555, 68.18682611611131961, -2.734735233431438317 ) ) ;
#4877 = ORIENTED_EDGE ( 'NONE', *, *, #3614, .T. ) ;
#4878 =( BOUNDED_SURFACE ( )  B_SPLINE_SURFACE ( 3, 2, ( 
 ( #1528, #4435, #1132 ),
 ( #273, #739, #1960 ),
 ( #2393, #3207, #2451 ),
 ( #3598, #2016, #4408 ),
 ( #2046, #1161, #5247 ),
 ( #765, #3237, #4003 ),
 ( #2422, #1497, #4812 ),
 ( #3154, #4517, #358 ),
 ( #385, #1079, #3681 ),
 ( #4838, #2747, #2366 ),
 ( #1105, #789, #2772 ),
 ( #4030, #301, #1557 ),
 ( #4060, #3630, #334 ),
 ( #1990, #2857, #5276 ),
 ( #3658, #5307, #5337 ),
 ( #4116, #4950, #1663 ),
 ( #1216, #5363, #2943 ),
 ( #3323, #2121, #866 ),
 ( #2477, #1693, #2886 ),
 ( #5033, #1272, #4194 ),
 ( #896, #3732, #4543 ),
 ( #1639, #2558, #2531 ) ),
 .UNSPECIFIED., .F., .F., .T. ) 
 B_SPLINE_SURFACE_WITH_KNOTS ( ( 4, 2, 2, 2, 2, 2, 2, 2, 2, 2, 4 ),
 ( 3, 3 ),
 ( 0.006416585370402243423, 0.007039036066382507381, 0.007661486762362770472, 0.008906388154323296655, 0.009528838850303561481, 0.01015128954628382457, 0.01077374024226408766, 0.01092935291625915344, 0.01108496559025421921, 0.01124057826424928498, 0.01139619093824435075 ),
 ( 0.000000000000000000, 1.000000000000000000 ),
 .UNSPECIFIED. ) 
 GEOMETRIC_REPRESENTATION_ITEM ( )  RATIONAL_B_SPLINE_SURFACE ( (
 ( 1.000000000000000000, 0.9854510941971864613, 1.000000000000000000),
 ( 1.000000000000000000, 0.9831000130407174797, 1.000000000000000000),
 ( 1.000000000000000000, 0.9810840309154966743, 1.000000000000000000),
 ( 1.000000000000000000, 0.9778074721361349475, 1.000000000000000000),
 ( 1.000000000000000000, 0.9765465565266260306, 1.000000000000000000),
 ( 1.000000000000000000, 0.9739747590437264346, 1.000000000000000000),
 ( 1.000000000000000000, 0.9739086303733386352, 1.000000000000000000),
 ( 1.000000000000000000, 0.9762714578454139147, 1.000000000000000000),
 ( 1.000000000000000000, 0.9774629408209154491, 1.000000000000000000),
 ( 1.000000000000000000, 0.9806121782327739123, 1.000000000000000000),
 ( 1.000000000000000000, 0.9825791100526738431, 1.000000000000000000),
 ( 1.000000000000000000, 0.9871738531356629709, 1.000000000000000000),
 ( 1.000000000000000000, 0.9898342533881929750, 1.000000000000000000),
 ( 1.000000000000000000, 0.9930729813636695047, 1.000000000000000000),
 ( 1.000000000000000000, 0.9937141541223686314, 1.000000000000000000),
 ( 1.000000000000000000, 0.9949455101411459612, 1.000000000000000000),
 ( 1.000000000000000000, 0.9955412000027283881, 1.000000000000000000),
 ( 1.000000000000000000, 0.9965221610964509757, 1.000000000000000000),
 ( 1.000000000000000000, 0.9969147773822352177, 1.000000000000000000),
 ( 1.000000000000000000, 0.9972622565565919528, 1.000000000000000000),
 ( 1.000000000000000000, 0.9972067445304605426, 1.000000000000000000),
 ( 1.000000000000000000, 0.9969280539207699965, 1.000000000000000000) ) ) 
 REPRESENTATION_ITEM ( '' )  SURFACE ( )  );
#4879 = CARTESIAN_POINT ( 'NONE',  ( -6.337950703383476103, 108.0030656091477539, -16.85108306916043119 ) ) ;
#4880 = CARTESIAN_POINT ( 'NONE',  ( 17.67093833271755443, 23.19449259456254353, 0.4866985467439008395 ) ) ;
#4882 = ORIENTED_EDGE ( 'NONE', *, *, #1447, .T. ) ;
#4881 = CARTESIAN_POINT ( 'NONE',  ( 16.46730133114816041, 38.98945903635750909, -63.78967158904898582 ) ) ;
#4883 = CARTESIAN_POINT ( 'NONE',  ( -18.79723793996837600, 67.48358959441715399, -2.725472859698967021 ) ) ;
#4884 = CARTESIAN_POINT ( 'NONE',  ( -18.77827524616011701, 49.85283895316414515, -64.79736637740177230 ) ) ;
#4885 = ORIENTED_EDGE ( 'NONE', *, *, #4344, .F. ) ;
#4886 = CARTESIAN_POINT ( 'NONE',  ( -18.93464258619408369, 61.00284611882427299, 1.064797276748395083 ) ) ;
#4887 = CARTESIAN_POINT ( 'NONE',  ( 11.08824084997483084, 4.038813854486543953, 12.03029737734193105 ) ) ;
#4888 = B_SPLINE_CURVE_WITH_KNOTS ( 'NONE', 3,
 ( #3884, #3911, #2249, #181, #3506, #1787, #934, #2602 ),
 .UNSPECIFIED., .F., .F.,
 ( 4, 2, 2, 4 ),
 ( 8.317198595906183251E-16, 0.001729737764332741701, 0.002594606646498697627, 0.003459475528664653337 ),
 .UNSPECIFIED. ) ;
#4889 = DIRECTION ( 'NONE',  ( 1.000000000000000000, 0.000000000000000000, 0.000000000000000000 ) ) ;
#4890 = CARTESIAN_POINT ( 'NONE',  ( -13.95698151355018979, 5.166276559100913879, 2.391903348820311415 ) ) ;
#4891 = FACE_OUTER_BOUND ( 'NONE', #3505, .T. ) ;
#4892 = CARTESIAN_POINT ( 'NONE',  ( 14.93684923210773086, 107.2612680423651739, -11.14914851522093819 ) ) ;
#4893 = AXIS2_PLACEMENT_3D ( 'NONE', #4837, #4029, #3206 ) ;
#4894 = CARTESIAN_POINT ( 'NONE',  ( -17.61926120106571858, 22.58114726225789326, 0.6952082194080865252 ) ) ;
#4895 = CARTESIAN_POINT ( 'NONE',  ( -17.72026814230934022, 23.79051645073699106, -41.46066319879354722 ) ) ;
#4896 = CARTESIAN_POINT ( 'NONE',  ( -14.55502032716012373, 104.5404472891832484, -15.87680366389610320 ) ) ;
#4897 = CARTESIAN_POINT ( 'NONE',  ( 13.97274805978834777, 5.290454533942238413, 2.064815577916552680 ) ) ;
#4898 = EDGE_CURVE ( 'NONE', #4441, #3265, #3089, .T. ) ;
#4899 = ADVANCED_FACE ( 'NONE', ( #4418 ), #5121, .F. ) ;
#4900 = CARTESIAN_POINT ( 'NONE',  ( -0.3521038242968680398, 0.9399402978910591511, 13.52417465969714527 ) ) ;
#4901 = CARTESIAN_POINT ( 'NONE',  ( 12.66386288627347412, 60.83376738422705898, -59.92861768124404165 ) ) ;
#4902 = ORIENTED_EDGE ( 'NONE', *, *, #4186, .T. ) ;
#4903 = CARTESIAN_POINT ( 'NONE',  ( 18.83700049095621054, 68.37852692382051600, -2.071058638148843833 ) ) ;
#4904 = CARTESIAN_POINT ( 'NONE',  ( 14.70506951108499472, 5.578200176772322827, 7.416486059549570520 ) ) ;
#4905 = CARTESIAN_POINT ( 'NONE',  ( -16.17317898042311342, 116.2718431011460325, 6.796196087418015175 ) ) ;
#4906 = CARTESIAN_POINT ( 'NONE',  ( 15.18308933827216478, 3.800050749978685971, 5.990574973385061064 ) ) ;
#4907 = CARTESIAN_POINT ( 'NONE',  ( 18.78540439917058436, 67.84153330875052745, -0.09919215179680995753 ) ) ;
#4908 = EDGE_CURVE ( 'NONE', #4651, #3340, #4699, .T. ) ;
#4909 = ORIENTED_EDGE ( 'NONE', *, *, #2254, .T. ) ;
#4910 = DIRECTION ( 'NONE',  ( -1.000000000000000000, 0.000000000000000000, 0.000000000000000000 ) ) ;
#4911 = CARTESIAN_POINT ( 'NONE',  ( 12.69990360011237840, 40.35070619330424080, -69.55671705212803602 ) ) ;
#4912 = CARTESIAN_POINT ( 'NONE',  ( 16.01832748954257113, 102.6961224456601940, -19.45949103802635705 ) ) ;
#4913 =( BOUNDED_SURFACE ( )  B_SPLINE_SURFACE ( 3, 2, ( 
 ( #2185, #3419, #3848 ),
 ( #121, #828, #1779 ),
 ( #423, #2082, #854 ),
 ( #4153, #2519, #450 ),
 ( #1709, #3366, #1289 ),
 ( #2865, #4067, #823 ),
 ( #716, #3245, #2374 ),
 ( #2807, #2077, #4472 ),
 ( #4903, #748, #4932 ),
 ( #2401, #5316, #341 ),
 ( #3304, #2484, #1968 ),
 ( #392, #2053, #1999 ),
 ( #1563, #5346, #3665 ),
 ( #3689, #4095, #1591 ) ),
 .UNSPECIFIED., .F., .F., .F. ) 
 B_SPLINE_SURFACE_WITH_KNOTS ( ( 4, 2, 2, 2, 2, 2, 4 ),
 ( 3, 3 ),
 ( 0.001310566247622953597, 0.002560963803816212244, 0.003811361360009470674, 0.005061758916202729539, 0.005686957694299358754, 0.005999557083347673361, 0.006312156472395987969 ),
 ( 0.2639071714563658855, 1.000000000000000000 ),
 .UNSPECIFIED. ) 
 GEOMETRIC_REPRESENTATION_ITEM ( )  RATIONAL_B_SPLINE_SURFACE ( (
 ( 0.9856090894867550745, 0.9727349006208716453, 1.000000000000000000),
 ( 0.9818181892857804627, 0.9655526399417574401, 1.000000000000000000),
 ( 0.9790848014160047352, 0.9603739480276810569, 1.000000000000000000),
 ( 0.9761289790324989557, 0.9547738304424066014, 1.000000000000000000),
 ( 0.9759049389165523891, 0.9543493627882874142, 1.000000000000000000),
 ( 0.9779928349000976961, 0.9583051021719944940, 1.000000000000000000),
 ( 0.9803080156314492033, 0.9626914565074509156, 1.000000000000000000),
 ( 0.9854577970008437937, 0.9724482610326474763, 1.000000000000000000),
 ( 0.9874541627112746189, 0.9762305866500490259, 1.000000000000000000),
 ( 0.9907749187348120490, 0.9825221095465507259, 1.000000000000000000),
 ( 0.9919367047664922055, 0.9847232358465087820, 1.000000000000000000),
 ( 0.9943176612995765495, 0.9892342093830461813, 1.000000000000000000),
 ( 0.9955449195003005514, 0.9915593796198979293, 1.000000000000000000),
 ( 0.9966964549712216126, 0.9937410851502292974, 1.000000000000000000) ) ) 
 REPRESENTATION_ITEM ( '' )  SURFACE ( )  );
#4914 = CARTESIAN_POINT ( 'NONE',  ( -18.06975593477314845, 30.32967693629044348, -55.47034553653917044 ) ) ;
#4915 = ORIENTED_EDGE ( 'NONE', *, *, #2170, .F. ) ;
#4916 = CARTESIAN_POINT ( 'NONE',  ( 18.95042369316963260, 61.19418017340206006, 0.4769851564566595647 ) ) ;
#4917 = CARTESIAN_POINT ( 'NONE',  ( -18.75668323989138742, 64.46969187528006273, 2.978671657265669737 ) ) ;
#4918 = CARTESIAN_POINT ( 'NONE',  ( 14.70506951108499294, 5.578200176772523555, 7.416486059549632692 ) ) ;
#4919 = LINE ( 'NONE', #3176, #3073 ) ;
#4920 = DIRECTION ( 'NONE',  ( 0.6556692128402378250, 0.000000000000000000, -0.7550482655654953135 ) ) ;
#4921 = CARTESIAN_POINT ( 'NONE',  ( 18.80097006668632886, 63.68482294546389255, 2.643591541734878980 ) ) ;
#4922 = CARTESIAN_POINT ( 'NONE',  ( 15.31445013839362801, 109.4298420397611551, -9.354697699934558131 ) ) ;
#4923 = EDGE_CURVE ( 'NONE', #4451, #1028, #5242, .T. ) ;
#4924 = EDGE_CURVE ( 'NONE', #509, #1882, #5055, .T. ) ;
#4925 = CARTESIAN_POINT ( 'NONE',  ( 17.72710849922481557, 23.87388539897432338, -41.63633984983498237 ) ) ;
#4926 = CARTESIAN_POINT ( 'NONE',  ( -11.36740399212793484, 39.09647133986792511, -43.76483395082294692 ) ) ;
#4927 = DIRECTION ( 'NONE',  ( 1.000000000000000000, 0.000000000000000000, 0.000000000000000000 ) ) ;
#4928 = B_SPLINE_CURVE_WITH_KNOTS ( 'NONE', 3,
 ( #3858, #4319, #3043, #2195 ),
 .UNSPECIFIED., .F., .F.,
 ( 4, 4 ),
 ( 1.627684668401005571E-16, 0.001538540286606615527 ),
 .UNSPECIFIED. ) ;
#4929 = CARTESIAN_POINT ( 'NONE',  ( -12.01766127189176103, 37.24690529340818301, -63.10099119800177903 ) ) ;
#4930 = CARTESIAN_POINT ( 'NONE',  ( 6.812022333585926681, 108.2633756098652071, -16.65873823764011163 ) ) ;
#4931 = VERTEX_POINT ( 'NONE', #1595 ) ;
#4932 = CARTESIAN_POINT ( 'NONE',  ( 18.77957203869465630, 68.01440583986199329, -2.143799921631058591 ) ) ;
#4933 = CARTESIAN_POINT ( 'NONE',  ( 18.39156392335580747, 37.61863547885085524, -61.12356277865588794 ) ) ;
#4934 = CARTESIAN_POINT ( 'NONE',  ( 12.35000343610284190, 43.01043341555170230, -37.11054308601816132 ) ) ;
#4935 = FACE_OUTER_BOUND ( 'NONE', #4184, .T. ) ;
#4936 = CARTESIAN_POINT ( 'NONE',  ( -15.46151480562664737, 119.1729928323273668, 7.893516641310473148 ) ) ;
#4937 = CARTESIAN_POINT ( 'NONE',  ( -15.90110132503441775, 25.19999999999942375, -50.37740579444032107 ) ) ;
#4938 = ORIENTED_EDGE ( 'NONE', *, *, #3943, .T. ) ;
#4939 = CARTESIAN_POINT ( 'NONE',  ( -18.45297095279613941, 39.22639146287107792, -41.20946278368201376 ) ) ;
#4940 = CARTESIAN_POINT ( 'NONE',  ( -18.91811463013877415, 68.19876000556422468, 1.772672230685435002 ) ) ;
#4941 = CARTESIAN_POINT ( 'NONE',  ( -18.79776262852602642, 67.46746916854462484, 1.866753150752869406 ) ) ;
#4942 = CARTESIAN_POINT ( 'NONE',  ( -17.80398330416716135, 25.18727457333403308, -50.34388671469129406 ) ) ;
#4943 = VERTEX_POINT ( 'NONE', #752 ) ;
#4944 = CARTESIAN_POINT ( 'NONE',  ( -18.78944320588620798, 67.72166785896722274, 3.020509291273482777 ) ) ;
#4945 = CARTESIAN_POINT ( 'NONE',  ( -15.46621271971941169, 106.8877674876728179, -9.841515660768331841 ) ) ;
#4946 = CARTESIAN_POINT ( 'NONE',  ( -17.03310019371522444, 18.51012257589071552, 3.586884255532404087 ) ) ;
#4947 = AXIS2_PLACEMENT_3D ( 'NONE', #2659, #131, #3913 ) ;
#4948 = CARTESIAN_POINT ( 'NONE',  ( 15.29961514195833239, 108.8576452405223591, -9.532996623905747313 ) ) ;
#4949 = DIRECTION ( 'NONE',  ( -0.9999981023626163257, -0.001918548862502905423, 0.0003382919282668052233 ) ) ;
#4950 = CARTESIAN_POINT ( 'NONE',  ( -18.81772037523177943, 67.71514444033365976, -2.623982421246045416 ) ) ;
#4951 = CARTESIAN_POINT ( 'NONE',  ( 18.79644556247264120, 50.64080038686098817, -40.64510798697026672 ) ) ;
#4952 = CARTESIAN_POINT ( 'NONE',  ( 16.59615967046033091, 128.2399426424127569, 2.090204512934920711 ) ) ;
#4953 = FACE_OUTER_BOUND ( 'NONE', #3310, .T. ) ;
#4954 = CARTESIAN_POINT ( 'NONE',  ( 18.60023636778349854, 43.47324102851174388, -48.56474630859379005 ) ) ;
#4955 = CARTESIAN_POINT ( 'NONE',  ( 9.182336804885784076, 105.5877096886910351, -15.67264820796187408 ) ) ;
#4956 = ORIENTED_EDGE ( 'NONE', *, *, #2820, .F. ) ;
#4957 = FACE_OUTER_BOUND ( 'NONE', #5039, .T. ) ;
#4958 = CARTESIAN_POINT ( 'NONE',  ( 11.22998262345810616, 39.02271097320905824, -42.64681923454989487 ) ) ;
#4959 = CARTESIAN_POINT ( 'NONE',  ( -19.00000000000001776, 120.5000000000000142, -8.000000000000003553 ) ) ;
#4960 = CARTESIAN_POINT ( 'NONE',  ( -15.72696641525869765, 23.95406529645878280, -41.46066319879356143 ) ) ;
#4961 = CARTESIAN_POINT ( 'NONE',  ( 18.77175965250525280, 68.50432248066783814, -2.958693468043930963 ) ) ;
#4962 = B_SPLINE_CURVE_WITH_KNOTS ( 'NONE', 3,
 ( #588, #5151, #1422, #4691, #953, #1805, #3851, #3474, #3023, #4219, #2662, #1766, #2226, #1407 ),
 .UNSPECIFIED., .F., .F.,
 ( 4, 2, 2, 2, 2, 2, 4 ),
 ( 1.874895017571506337E-17, 0.0002258151641107330109, 0.0004516303282214472110, 0.0009032606564428932294, 0.001806521312885765425, 0.003613042625771530850, 0.007226085251543020935 ),
 .UNSPECIFIED. ) ;
#4963 = AXIS2_PLACEMENT_3D ( 'NONE', #3841, #1726, #1308 ) ;
#4964 = CARTESIAN_POINT ( 'NONE',  ( -16.07366131300415191, 28.91496695064169842, -56.78493923391140896 ) ) ;
#4965 = ORIENTED_EDGE ( 'NONE', *, *, #3338, .T. ) ;
#4966 = EDGE_CURVE ( 'NONE', #1627, #3538, #1602, .T. ) ;
#4967 = PRODUCT_DEFINITION_CONTEXT ( 'detailed design', #4073, 'design' ) ;
#4968 = CARTESIAN_POINT ( 'NONE',  ( -18.58807012612313159, 43.09539164874779260, -37.08058386596304956 ) ) ;
#4969 = CARTESIAN_POINT ( 'NONE',  ( 18.96061575337242289, 60.42918122013849569, -60.34802184625667820 ) ) ;
#4970 = ORIENTED_EDGE ( 'NONE', *, *, #3299, .F. ) ;
#4971 = CARTESIAN_POINT ( 'NONE',  ( 16.38919297680330089, 115.6344856465517950, -6.371241807878115004 ) ) ;
#4972 = CARTESIAN_POINT ( 'NONE',  ( -3.075298173018796266, 2.730662753105935536, 15.95920101379444489 ) ) ;
#4973 = CARTESIAN_POINT ( 'NONE',  ( -18.94933067813308014, 61.26142126720009173, 0.5033391830299787095 ) ) ;
#4974 = CARTESIAN_POINT ( 'NONE',  ( -18.79579764599451153, 67.52775807858004953, -2.750781593608210951 ) ) ;
#4975 = CARTESIAN_POINT ( 'NONE',  ( 1.721857618821329039, 29.60715342852171617, -57.57575895914190056 ) ) ;
#4976 = ADVANCED_FACE ( 'NONE', ( #2058 ), #2311, .T. ) ;
#4977 = CARTESIAN_POINT ( 'NONE',  ( -16.95925962211950022, 61.96633026036808900, -58.94109949900752099 ) ) ;
#4978 = CARTESIAN_POINT ( 'NONE',  ( 18.66012578703394453, 45.42072697170624451, -48.76540200048552975 ) ) ;
#4979 = CARTESIAN_POINT ( 'NONE',  ( 16.69410321898212501, 128.4869613774180834, 0.5282845744402056010 ) ) ;
#4980 = FACE_OUTER_BOUND ( 'NONE', #1942, .T. ) ;
#4981 = CARTESIAN_POINT ( 'NONE',  ( -17.72026814230934022, 23.79051645073699817, -3.442795871362823387E-16 ) ) ;
#4982 = CARTESIAN_POINT ( 'NONE',  ( -9.957261597129589248, 103.7197458886001584, -18.46709133973733330 ) ) ;
#4983 = CARTESIAN_POINT ( 'NONE',  ( -18.94477293257321904, 60.77204326800558931, 0.8159645496428301614 ) ) ;
#4984 = AXIS2_PLACEMENT_3D ( 'NONE', #4667, #2960, #3852 ) ;
#4985 = CARTESIAN_POINT ( 'NONE',  ( -15.83303563458758312, 104.1326764872119242, -12.79123515170883429 ) ) ;
#4986 = CARTESIAN_POINT ( 'NONE',  ( -17.01239993938032313, 16.10591555273718001, 1.813447680521254934 ) ) ;
#4987 = AXIS2_PLACEMENT_3D ( 'NONE', #4655, #2149, #1698 ) ;
#4988 = CARTESIAN_POINT ( 'NONE',  ( 12.58088470844342233, 44.27789272331335724, -36.80034876293851909 ) ) ;
#4989 = CARTESIAN_POINT ( 'NONE',  ( 15.70894842722812790, 105.0799833568558341, -11.50041768209236714 ) ) ;
#4990 = CARTESIAN_POINT ( 'NONE',  ( -16.95713751747383213, 62.12334739523709715, -58.79344387916550119 ) ) ;
#4991 = CARTESIAN_POINT ( 'NONE',  ( -18.79776262852602997, 67.46746916854488063, 1.866753150752923363 ) ) ;
#4992 = CARTESIAN_POINT ( 'NONE',  ( 0.000000000000000000, 40.30197514467300834, -69.54812445345613980 ) ) ;
#4993 = ORIENTED_EDGE ( 'NONE', *, *, #4924, .T. ) ;
#4994 = CARTESIAN_POINT ( 'NONE',  ( -12.67059691907165586, 56.73423536765827180, -63.27227554960132494 ) ) ;
#4995 = EDGE_CURVE ( 'NONE', #1914, #4451, #1650, .T. ) ;
#4996 = CARTESIAN_POINT ( 'NONE',  ( 18.87377985854650575, 54.43097772428557590, -61.44396600106974660 ) ) ;
#4997 = VERTEX_POINT ( 'NONE', #1567 ) ;
#4998 = AXIS2_PLACEMENT_3D ( 'NONE', #572, #2557, #543 ) ;
#4999 = CARTESIAN_POINT ( 'NONE',  ( 16.09837239043092083, 116.4927773295256657, -6.943206648753952770 ) ) ;
#5000 = CARTESIAN_POINT ( 'NONE',  ( -13.41082784400398964, 2.554856118189471115, 9.270447567323129689 ) ) ;
#5001 = CARTESIAN_POINT ( 'NONE',  ( -15.71823705296207940, 105.0181997274238199, -13.35809172039650505 ) ) ;
#5002 = CARTESIAN_POINT ( 'NONE',  ( 15.35743568859226649, 109.3627832129761117, -9.265133077389259952 ) ) ;
#5003 = CARTESIAN_POINT ( 'NONE',  ( 7.549834435270743604, 121.0534220002463428, -8.000000000000005329 ) ) ;
#5004 = CARTESIAN_POINT ( 'NONE',  ( 18.80061964915323713, 50.82490142313518078, -44.31263275162628190 ) ) ;
#5005 = CARTESIAN_POINT ( 'NONE',  ( 15.26249276671942390, 121.5570463819945104, -7.934253414505253232 ) ) ;
#5006 = ADVANCED_FACE ( 'NONE', ( #312 ), #2899, .T. ) ;
#5007 = CARTESIAN_POINT ( 'NONE',  ( 14.28431103781612599, 104.4473887527520191, -16.44936816109027689 ) ) ;
#5008 = FACE_OUTER_BOUND ( 'NONE', #3904, .T. ) ;
#5009 = CARTESIAN_POINT ( 'NONE',  ( -12.34230633254348852, 103.1464721519179335, -19.02287841871087082 ) ) ;
#5010 = CARTESIAN_POINT ( 'NONE',  ( -18.77206884695113942, 64.20629360964655064, 2.873141514232666172 ) ) ;
#5011 = CARTESIAN_POINT ( 'NONE',  ( 18.76788424145367529, 68.35399218354284301, -3.019689194083046591 ) ) ;
#5012 = CARTESIAN_POINT ( 'NONE',  ( -16.60877847805670982, 15.67611499322813629, 4.546736704085204472 ) ) ;
#5013 = CARTESIAN_POINT ( 'NONE',  ( 11.86758470194273940, 41.25414379676008991, -38.09439743146209878 ) ) ;
#5014 = CARTESIAN_POINT ( 'NONE',  ( 15.89832829649443902, 103.6250863983423613, -13.71628107524476015 ) ) ;
#5015 = CARTESIAN_POINT ( 'NONE',  ( -12.66150770507543122, 62.28974017202614988, -58.63335116586629425 ) ) ;
#5016 = CARTESIAN_POINT ( 'NONE',  ( 10.96073438819851908, 128.4462868396496162, 1.074042097085316838 ) ) ;
#5017 = LINE ( 'NONE', #2931, #565 ) ;
#5018 = B_SPLINE_CURVE_WITH_KNOTS ( 'NONE', 3,
 ( #1705, #3418, #66, #927, #4259, #1258, #2929, #3364 ),
 .UNSPECIFIED., .F., .F.,
 ( 4, 2, 2, 4 ),
 ( 0.000000000000000000, 0.0006609063775806197152, 0.001321812755161239430, 0.002643625510322478861 ),
 .UNSPECIFIED. ) ;
#5019 = ORIENTED_EDGE ( 'NONE', *, *, #250, .T. ) ;
#5020 = FACE_OUTER_BOUND ( 'NONE', #1887, .T. ) ;
#5021 = CARTESIAN_POINT ( 'NONE',  ( -18.71811216960348290, 67.60950016606821578, 3.341434177700855823 ) ) ;
#5022 = ORIENTED_EDGE ( 'NONE', *, *, #2304, .T. ) ;
#5023 = CARTESIAN_POINT ( 'NONE',  ( 9.957247466527309854, 103.7197488492229667, -18.46708846942280147 ) ) ;
#5024 = VERTEX_POINT ( 'NONE', #3722 ) ;
#5025 = CARTESIAN_POINT ( 'NONE',  ( 18.95458229452819410, 60.92843215532821688, -57.19740677055758482 ) ) ;
#5026 = CARTESIAN_POINT ( 'NONE',  ( -1.940285995328809410, 2.677677649720911823, 16.11849863357802448 ) ) ;
#5027 = CARTESIAN_POINT ( 'NONE',  ( -18.79090660989168526, 67.67635509638564884, -2.846976797255361902 ) ) ;
#5028 = EDGE_CURVE ( 'NONE', #1758, #4423, #4464, .T. ) ;
#5029 = DIRECTION ( 'NONE',  ( 0.8871570074235369807, -0.3313209834110509289, -0.3212146480639521129 ) ) ;
#5030 = CARTESIAN_POINT ( 'NONE',  ( -15.41354511913734093, 4.086014512342256211, 5.237339548899999642 ) ) ;
#5031 = EDGE_LOOP ( 'NONE', ( #2064, #2969, #1715, #2806 ) ) ;
#5032 = CARTESIAN_POINT ( 'NONE',  ( 17.67665942655931133, 23.26308576041538601, 0.4577116701706832602 ) ) ;
#5033 = CARTESIAN_POINT ( 'NONE',  ( -18.78531209522372691, 67.50928048774379420, -2.844018222372300730 ) ) ;
#5034 = CARTESIAN_POINT ( 'NONE',  ( 18.95805464026534182, 60.69876405404755104, -57.41555342542512363 ) ) ;
#5035 = CARTESIAN_POINT ( 'NONE',  ( 18.97080318038774038, 68.54035197009267222, 1.123224777680952080 ) ) ;
#5036 = CARTESIAN_POINT ( 'NONE',  ( 17.73764866847242416, 24.04084794371666689, -41.98816653506785457 ) ) ;
#5037 = CARTESIAN_POINT ( 'NONE',  ( -0.8681119062065821845, 29.53206154885826606, -57.49095449232991939 ) ) ;
#5038 = CARTESIAN_POINT ( 'NONE',  ( -18.60635371542831962, 66.83629289134951534, 3.846811502869165622 ) ) ;
#5039 = EDGE_LOOP ( 'NONE', ( #4393, #4764, #619 ) ) ;
#5040 = CARTESIAN_POINT ( 'NONE',  ( 15.84950656200521912, 24.22808226506210261, -47.81735111623594037 ) ) ;
#5041 = CARTESIAN_POINT ( 'NONE',  ( -17.71130931139405362, 23.68116419122214111, 0.5041973914918220778 ) ) ;
#5042 = CARTESIAN_POINT ( 'NONE',  ( 18.93490194828526185, 62.22252207965861714, -58.69867379410730734 ) ) ;
#5043 = PLANE ( 'NONE',  #804 ) ;
#5044 = FACE_OUTER_BOUND ( 'NONE', #4717, .T. ) ;
#5045 = ORIENTED_EDGE ( 'NONE', *, *, #1626, .F. ) ;
#5046 = CYLINDRICAL_SURFACE ( 'NONE', #3678, 12.69999999999999929 ) ;
#5047 = CARTESIAN_POINT ( 'NONE',  ( 14.70506951108499472, 5.578200176772322827, 7.416486059549570520 ) ) ;
#5048 = EDGE_LOOP ( 'NONE', ( #3216, #4147, #4236, #807 ) ) ;
#5049 = CARTESIAN_POINT ( 'NONE',  ( 9.513680187446096781, 104.1373626121482658, -18.03995744433828818 ) ) ;
#5050 = CARTESIAN_POINT ( 'NONE',  ( -7.549834435270744493, 120.5000000000000142, 8.000000000000003553 ) ) ;
#5051 = CARTESIAN_POINT ( 'NONE',  ( -15.64019914266774336, 105.5979145640138483, -10.92969309190699256 ) ) ;
#5052 = CARTESIAN_POINT ( 'NONE',  ( -15.38358095640668743, 5.995217274310814304, 5.940807000754776190 ) ) ;
#5053 = ORIENTED_EDGE ( 'NONE', *, *, #3223, .F. ) ;
#5054 = CARTESIAN_POINT ( 'NONE',  ( 15.90110132503441775, 25.20000000000047180, -50.37740579444309219 ) ) ;
#5055 =( BOUNDED_CURVE ( )  B_SPLINE_CURVE ( 3, ( #1625, #5260, #4042, #2406 ),
 .UNSPECIFIED., .F., .F. ) 
 B_SPLINE_CURVE_WITH_KNOTS ( ( 4, 4 ),
 ( 4.590672176092475354, 4.696970597500840228 ),
 .UNSPECIFIED. ) 
 CURVE ( )  GEOMETRIC_REPRESENTATION_ITEM ( )  RATIONAL_B_SPLINE_CURVE ( ( 1.000000000000000000, 0.9990586087716675223, 0.9990586087716675223, 1.000000000000000000 ) ) 
 REPRESENTATION_ITEM ( '' )  );
#5056 = CARTESIAN_POINT ( 'NONE',  ( 18.77670755143340031, 49.79396772837307594, -39.10395976251624717 ) ) ;
#5057 = CIRCLE ( 'NONE', #373, 2.000000000000002665 ) ;
#5058 = CARTESIAN_POINT ( 'NONE',  ( 17.72710831970524481, 23.87388321102450561, -41.63633523934264957 ) ) ;
#5059 = CARTESIAN_POINT ( 'NONE',  ( -4.585095618295659925, 30.25811693434262395, -58.26457914102751801 ) ) ;
#5060 = LINE ( 'NONE', #2075, #268 ) ;
#5061 = ORIENTED_EDGE ( 'NONE', *, *, #2172, .T. ) ;
#5062 = DIRECTION ( 'NONE',  ( 1.000000000000000000, -0.000000000000000000, -0.000000000000000000 ) ) ;
#5063 = CARTESIAN_POINT ( 'NONE',  ( -17.48166115971575962, 21.00471096976037799, 1.801559463123834304 ) ) ;
#5064 = B_SPLINE_CURVE_WITH_KNOTS ( 'NONE', 3,
 ( #296, #269, #1636, #2829 ),
 .UNSPECIFIED., .F., .F.,
 ( 4, 4 ),
 ( 0.009019534560647730556, 0.01000001731050308498 ),
 .UNSPECIFIED. ) ;
#5065 = CARTESIAN_POINT ( 'NONE',  ( -13.67600084258895698, 104.4553234649235236, -16.83034094946971848 ) ) ;
#5066 = CARTESIAN_POINT ( 'NONE',  ( 17.99832914372066739, 28.86429382033800195, -56.71938410656698437 ) ) ;
#5067 = CARTESIAN_POINT ( 'NONE',  ( -16.95598572760832212, 62.20685102893634877, -58.71371192856775423 ) ) ;
#5068 = EDGE_CURVE ( 'NONE', #2935, #3139, #3149, .T. ) ;
#5069 = EDGE_CURVE ( 'NONE', #4334, #365, #2640, .T. ) ;
#5070 = EDGE_CURVE ( 'NONE', #2483, #2676, #2293, .T. ) ;
#5071 = CARTESIAN_POINT ( 'NONE',  ( -16.74707111244651259, 75.76277704831257154, -45.57128442317578276 ) ) ;
#5072 = EDGE_CURVE ( 'NONE', #869, #4218, #3692, .T. ) ;
#5073 = ORIENTED_EDGE ( 'NONE', *, *, #1109, .T. ) ;
#5074 = CIRCLE ( 'NONE', #1244, 0.9999999999999992228 ) ;
#5075 = FACE_OUTER_BOUND ( 'NONE', #347, .T. ) ;
#5076 = AXIS2_PLACEMENT_3D ( 'NONE', #3188, #3715, #1168 ) ;
#5077 = VERTEX_POINT ( 'NONE', #4234 ) ;
#5078 = CARTESIAN_POINT ( 'NONE',  ( 8.262139890420833410, 123.8632257720253307, 7.263299724055036322 ) ) ;
#5079 = EDGE_CURVE ( 'NONE', #3501, #832, #1961, .T. ) ;
#5080 = CARTESIAN_POINT ( 'NONE',  ( 11.90739566154163853, 103.2667118674774542, -18.90630639384509237 ) ) ;
#5081 = ORIENTED_EDGE ( 'NONE', *, *, #5366, .T. ) ;
#5082 = CARTESIAN_POINT ( 'NONE',  ( -12.68347974437086023, 52.48600077887495985, -49.28330679541575421 ) ) ;
#5083 = CARTESIAN_POINT ( 'NONE',  ( -9.204052563868554415, 115.2276399397137112, 6.038127538198984290 ) ) ;
#5084 = DIRECTION ( 'NONE',  ( 0.000000000000000000, -0.9555869379482775372, -0.2947093551664672906 ) ) ;
#5085 = DIRECTION ( 'NONE',  ( 0.000000000000000000, 0.000000000000000000, -1.000000000000000000 ) ) ;
#5086 = CARTESIAN_POINT ( 'NONE',  ( -7.549834435270745381, 120.5000000000000142, -8.000000000000003553 ) ) ;
#5087 = CARTESIAN_POINT ( 'NONE',  ( 18.95928650004824689, 60.61563331763768048, -57.47809294595089824 ) ) ;
#5088 = CARTESIAN_POINT ( 'NONE',  ( 19.00395826006930378, 68.78588818548685424, -0.04611058456378125392 ) ) ;
#5089 = CARTESIAN_POINT ( 'NONE',  ( -26.00000000000000711, 11.00977043699427682, -13.00000000000000888 ) ) ;
#5090 = CARTESIAN_POINT ( 'NONE',  ( 15.06467378763561449, 7.198993065838942051, 6.993448951727784468 ) ) ;
#5091 = CARTESIAN_POINT ( 'NONE',  ( 26.00000000000000711, 11.00977043699427327, -12.99999999999999822 ) ) ;
#5092 = EDGE_CURVE ( 'NONE', #222, #4721, #1334, .T. ) ;
#5093 = CARTESIAN_POINT ( 'NONE',  ( -17.51646691889726526, 21.39626111179396872, 1.670704977680331549 ) ) ;
#5094 = CARTESIAN_POINT ( 'NONE',  ( -12.76292831764543578, 103.0123551046114159, -19.15290447292094811 ) ) ;
#5095 = CARTESIAN_POINT ( 'NONE',  ( 18.21045819326060666, 33.33231094173979159, -58.44190321838799207 ) ) ;
#5096 = LINE ( 'NONE', #2184, #2085 ) ;
#5097 = CARTESIAN_POINT ( 'NONE',  ( -15.82387138033093699, 89.20575233399509330, -32.53836229772826272 ) ) ;
#5098 = ORIENTED_EDGE ( 'NONE', *, *, #724, .F. ) ;
#5099 = CARTESIAN_POINT ( 'NONE',  ( -16.04567538041031938, 102.4610344320959001, -16.73140934128091573 ) ) ;
#5100 = ORIENTED_EDGE ( 'NONE', *, *, #267, .T. ) ;
#5101 = CARTESIAN_POINT ( 'NONE',  ( -18.82362437086666418, 67.93399645639978246, 2.677698904329137264 ) ) ;
#5102 = CARTESIAN_POINT ( 'NONE',  ( -18.95862431618455801, 60.44783056776785202, -57.60184944659256701 ) ) ;
#5103 = ORIENTED_EDGE ( 'NONE', *, *, #1339, .T. ) ;
#5104 = CARTESIAN_POINT ( 'NONE',  ( 14.83287244420515272, 105.6979844053711872, -13.15132994513886366 ) ) ;
#5105 = FACE_OUTER_BOUND ( 'NONE', #2675, .T. ) ;
#5106 = DIRECTION ( 'NONE',  ( -1.000000000000000000, 0.000000000000000000, 0.000000000000000000 ) ) ;
#5107 = CARTESIAN_POINT ( 'NONE',  ( -17.73038275964287536, 112.5657307457650944, -1.058115051981484367 ) ) ;
#5108 = FACE_BOUND ( 'NONE', #1619, .T. ) ;
#5109 = CARTESIAN_POINT ( 'NONE',  ( 18.76275836162453814, 68.50000000000001421, -3.234672217947471839 ) ) ;
#5110 = CARTESIAN_POINT ( 'NONE',  ( 18.95948922554074301, 60.53198884809882685, -57.54019162557413836 ) ) ;
#5111 = CARTESIAN_POINT ( 'NONE',  ( 10.94731064855776381, 128.4274207017045057, -1.109437257794591680 ) ) ;
#5112 = CARTESIAN_POINT ( 'NONE',  ( -14.67100020302724950, 104.0000000000000000, -18.19538586296676641 ) ) ;
#5113 = DIRECTION ( 'NONE',  ( 0.000000000000000000, 0.000000000000000000, -1.000000000000000000 ) ) ;
#5114 = CARTESIAN_POINT ( 'NONE',  ( -18.66012845787244956, 45.42081607622187533, -48.76540200048553686 ) ) ;
#5115 = CARTESIAN_POINT ( 'NONE',  ( 16.30173321458526559, 103.1632768813151273, -8.204173178564174052 ) ) ;
#5116 = CARTESIAN_POINT ( 'NONE',  ( 16.10470950026804360, 116.4838603953781018, 6.923699675364157535 ) ) ;
#5117 = CARTESIAN_POINT ( 'NONE',  ( -15.27600509058690825, 122.3257097449217241, 7.793368250534191688 ) ) ;
#5118 = CARTESIAN_POINT ( 'NONE',  ( -11.37975218848778702, 103.4008440014180081, -18.77626571319088100 ) ) ;
#5119 = CARTESIAN_POINT ( 'NONE',  ( -18.67084736462587458, 70.98035323989661549, -3.573889121821949733 ) ) ;
#5120 = CARTESIAN_POINT ( 'NONE',  ( 0.000000000000000000, 142.0000000000000284, 0.000000000000000000 ) ) ;
#5121 =( BOUNDED_SURFACE ( )  B_SPLINE_SURFACE ( 3, 2, ( 
 ( #1008, #2270, #4794 ),
 ( #2678, #5230, #1859 ),
 ( #3065, #2298, #3986 ),
 ( #3109, #3927, #256 ),
 ( #3525, #5177, #4767 ),
 ( #1062, #227, #2247 ),
 ( #3556, #1913, #2655 ),
 ( #1511, #1030, #3882 ),
 ( #4822, #3909, #4337 ),
 ( #1088, #2757, #179 ),
 ( #2220, #1830, #153 ),
 ( #1808, #3477, #5128 ) ),
 .UNSPECIFIED., .F., .F., .F. ) 
 B_SPLINE_SURFACE_WITH_KNOTS ( ( 4, 2, 2, 2, 2, 4 ),
 ( 3, 3 ),
 ( 0.000000000000000000, 0.005401041435459594253, 0.01080208287091918851, 0.02160416574183837701, 0.03240624861275756552, 0.04320833148367675403 ),
 ( 0.000000000000000000, 1.000000000000000000 ),
 .UNSPECIFIED. ) 
 GEOMETRIC_REPRESENTATION_ITEM ( )  RATIONAL_B_SPLINE_SURFACE ( (
 ( 1.000000000000000000, 0.9971731007397304225, 1.000000000000000000),
 ( 1.000000000000000000, 0.9963824335701212398, 1.000000000000000000),
 ( 1.000000000000000000, 0.9955059813048090511, 1.000000000000000000),
 ( 1.000000000000000000, 0.9935771287669004082, 1.000000000000000000),
 ( 1.000000000000000000, 0.9925247381475206243, 1.000000000000000000),
 ( 1.000000000000000000, 0.9890923211141753324, 1.000000000000000000),
 ( 1.000000000000000000, 0.9864384838610349426, 1.000000000000000000),
 ( 1.000000000000000000, 0.9803052008322381550, 1.000000000000000000),
 ( 1.000000000000000000, 0.9768262565343698300, 1.000000000000000000),
 ( 1.000000000000000000, 0.9688960038621555748, 1.000000000000000000),
 ( 1.000000000000000000, 0.9644408135395247106, 1.000000000000000000),
 ( 1.000000000000000000, 0.9594051901159573736, 1.000000000000000000) ) ) 
 REPRESENTATION_ITEM ( '' )  SURFACE ( )  );
#5122 = CIRCLE ( 'NONE', #4947, 14.00000000000000000 ) ;
#5123 = CARTESIAN_POINT ( 'NONE',  ( 18.67830129380635640, 65.75159651755670609, 3.465772548715013279 ) ) ;
#5124 = ORIENTED_EDGE ( 'NONE', *, *, #2020, .T. ) ;
#5125 = CYLINDRICAL_SURFACE ( 'NONE', #5252, 1.000000000000000888 ) ;
#5126 = ORIENTED_EDGE ( 'NONE', *, *, #2020, .F. ) ;
#5127 = CARTESIAN_POINT ( 'NONE',  ( 7.549834435270744493, 120.5000000000000142, 8.000000000000003553 ) ) ;
#5128 = CARTESIAN_POINT ( 'NONE',  ( -15.08849786548568517, 110.1255365442937517, -9.618530614740693707 ) ) ;
#5129 = ORIENTED_EDGE ( 'NONE', *, *, #3872, .T. ) ;
#5130 = CARTESIAN_POINT ( 'NONE',  ( -19.00000000000001776, 120.5000000000000142, 0.000000000000000000 ) ) ;
#5131 = CARTESIAN_POINT ( 'NONE',  ( -8.985452276895879109, 115.6146273223494489, 6.354949435993337836 ) ) ;
#5132 = LINE ( 'NONE', #1430, #3302 ) ;
#5133 = EDGE_CURVE ( 'NONE', #747, #1627, #3489, .T. ) ;
#5134 = CARTESIAN_POINT ( 'NONE',  ( 12.70061294288279896, 45.93604810540301031, -36.83225686486820649 ) ) ;
#5135 = CARTESIAN_POINT ( 'NONE',  ( 17.66255159534069108, 23.09441507946287331, 0.5211815299966463533 ) ) ;
#5136 = CARTESIAN_POINT ( 'NONE',  ( 16.95942185535741231, 61.89295825799914752, -59.00918989019103122 ) ) ;
#5137 = CARTESIAN_POINT ( 'NONE',  ( -7.240238471975491308, 105.6031327929429722, -16.64115367826360270 ) ) ;
#5138 = EDGE_CURVE ( 'NONE', #1167, #2962, #5017, .T. ) ;
#5139 = ADVANCED_FACE ( 'NONE', ( #40 ), #3396, .F. ) ;
#5140 = CARTESIAN_POINT ( 'NONE',  ( 18.85192509721081677, 53.24724154968397016, -61.90985687470971754 ) ) ;
#5141 = CARTESIAN_POINT ( 'NONE',  ( -18.70881957662616912, 47.13993855338296157, -48.38354676696526013 ) ) ;
#5142 = CARTESIAN_POINT ( 'NONE',  ( -18.82555746381896000, 67.73738505045812985, -2.289476602326277810 ) ) ;
#5143 = ORIENTED_EDGE ( 'NONE', *, *, #3999, .F. ) ;
#5144 = CARTESIAN_POINT ( 'NONE',  ( -15.74087083618916338, 22.28454441212583603, -42.69802568999740799 ) ) ;
#5145 = ADVANCED_FACE ( 'NONE', ( #1754 ), #4913, .F. ) ;
#5146 = CARTESIAN_POINT ( 'NONE',  ( -16.29807643920993598, 127.4370109400534403, 4.018185553210083860 ) ) ;
#5147 = CARTESIAN_POINT ( 'NONE',  ( -13.28676703043622531, 104.4513969777213731, -17.01421497346639100 ) ) ;
#5148 = CARTESIAN_POINT ( 'NONE',  ( 17.96930529243235242, 28.29363787258694884, -55.99310310493613940 ) ) ;
#5149 = CARTESIAN_POINT ( 'NONE',  ( 2.206151354325112557, 106.5160153879828755, -17.95059133234076398 ) ) ;
#5150 = ORIENTED_EDGE ( 'NONE', *, *, #646, .T. ) ;
#5151 = CARTESIAN_POINT ( 'NONE',  ( -18.95805464026531695, 60.69876405404745867, 0.07654687065576154525 ) ) ;
#5152 = ORIENTED_EDGE ( 'NONE', *, *, #4590, .F. ) ;
#5153 =( BOUNDED_CURVE ( )  B_SPLINE_CURVE ( 3, ( #3377, #4601, #1324, #2579 ),
 .UNSPECIFIED., .F., .T. ) 
 B_SPLINE_CURVE_WITH_KNOTS ( ( 4, 4 ),
 ( 5.756848776113695720, 7.845734406554198515 ),
 .UNSPECIFIED. ) 
 CURVE ( )  GEOMETRIC_REPRESENTATION_ITEM ( )  RATIONAL_B_SPLINE_CURVE ( ( 1.000000000000000000, 0.6682558474517034108, 0.6682558474517034108, 1.000000000000000000 ) ) 
 REPRESENTATION_ITEM ( '' )  );
#5154 = CARTESIAN_POINT ( 'NONE',  ( 12.74209567059714132, 103.0198952453334158, -19.14559433028090396 ) ) ;
#5155 = CARTESIAN_POINT ( 'NONE',  ( -18.79111776748341711, 50.40854130893023211, -40.11005509243703671 ) ) ;
#5156 = AXIS2_PLACEMENT_3D ( 'NONE', #1524, #2337, #2361 ) ;
#5157 = ORIENTED_EDGE ( 'NONE', *, *, #3008, .T. ) ;
#5158 = CARTESIAN_POINT ( 'NONE',  ( 14.92003271964629185, 106.5510908353893598, -11.88345220830667515 ) ) ;
#5159 = VECTOR ( 'NONE', #3138, 1000.000000000000000 ) ;
#5160 = CARTESIAN_POINT ( 'NONE',  ( -7.666519859950983395, 119.1426545544842099, 7.888634631473919967 ) ) ;
#5161 = EDGE_CURVE ( 'NONE', #2872, #4931, #386, .T. ) ;
#5162 = CARTESIAN_POINT ( 'NONE',  ( -19.00000000000001776, 120.5000000000000142, 8.000000000000003553 ) ) ;
#5163 = CARTESIAN_POINT ( 'NONE',  ( 12.65719033491027723, 45.02449172995815729, -36.76540200048550133 ) ) ;
#5164 = CARTESIAN_POINT ( 'NONE',  ( 18.89276486746427253, 68.33102866084072957, 0.3404786770724789746 ) ) ;
#5165 = CARTESIAN_POINT ( 'NONE',  ( 18.95047920663022367, 61.97314516772077297, -58.93482039170155673 ) ) ;
#5166 = CARTESIAN_POINT ( 'NONE',  ( -9.574156886642553488, 109.4833788603916389, -15.16618784695966582 ) ) ;
#5167 = CARTESIAN_POINT ( 'NONE',  ( 18.88071958492220759, 54.82317027306267931, -61.27556115412644999 ) ) ;
#5168 = CARTESIAN_POINT ( 'NONE',  ( -18.75713029538276189, 48.99064986064737326, -47.28456613909706618 ) ) ;
#5169 = CARTESIAN_POINT ( 'NONE',  ( -18.80670350954997261, 67.63986074403378268, -2.563942616545061615 ) ) ;
#5170 = CARTESIAN_POINT ( 'NONE',  ( -13.97274805978832823, 5.290454533942271276, 2.064815577916464751 ) ) ;
#5171 = CARTESIAN_POINT ( 'NONE',  ( -16.53292240784209000, 128.0754619560363210, 2.584816528564137350 ) ) ;
#5172 = CARTESIAN_POINT ( 'NONE',  ( -14.05881347884031030, 104.4521564183559832, -16.61007751674251409 ) ) ;
#5173 = CARTESIAN_POINT ( 'NONE',  ( 0.6388544417794747021, 103.9964681752735771, -18.19880995590180106 ) ) ;
#5174 = ORIENTED_EDGE ( 'NONE', *, *, #1037, .T. ) ;
#5175 = ORIENTED_EDGE ( 'NONE', *, *, #879, .T. ) ;
#5176 = CARTESIAN_POINT ( 'NONE',  ( 12.34212636502917171, 103.1465247086406976, -19.02282746513397882 ) ) ;
#5177 = CARTESIAN_POINT ( 'NONE',  ( -18.40076860219129173, 76.50133622611137696, -4.588127562095956513 ) ) ;
#5178 = VERTEX_POINT ( 'NONE', #2840 ) ;
#5179 = FACE_BOUND ( 'NONE', #4682, .T. ) ;
#5180 = CARTESIAN_POINT ( 'NONE',  ( 17.37441011248115785, 19.82584647025830193, 2.162703031113878183 ) ) ;
#5181 =( BOUNDED_SURFACE ( )  B_SPLINE_SURFACE ( 3, 2, ( 
 ( #4814, #4839, #4518 ),
 ( #1106, #2749, #4410 ),
 ( #685, #1133, #2319 ),
 ( #741, #2774, #709 ) ),
 .UNSPECIFIED., .F., .F., .T. ) 
 B_SPLINE_SURFACE_WITH_KNOTS ( ( 4, 4 ),
 ( 3, 3 ),
 ( 0.000000000000000000, 0.0003159060035562236959 ),
 ( 0.000000000000000000, 1.000000000000000000 ),
 .UNSPECIFIED. ) 
 GEOMETRIC_REPRESENTATION_ITEM ( )  RATIONAL_B_SPLINE_SURFACE ( (
 ( 1.000000000000000000, 0.7106863897714247313, 1.000000000000000000),
 ( 1.000000000000000000, 0.7107542992036846030, 1.000000000000000000),
 ( 1.000000000000000000, 0.7108224961880185155, 1.000000000000000000),
 ( 1.000000000000000000, 0.7108909466309255576, 1.000000000000000000) ) ) 
 REPRESENTATION_ITEM ( '' )  SURFACE ( )  );
#5182 = CARTESIAN_POINT ( 'NONE',  ( -15.42220135055073449, 119.4330862974530163, -7.933000450009757287 ) ) ;
#5183 = ORIENTED_EDGE ( 'NONE', *, *, #2833, .F. ) ;
#5184 = CARTESIAN_POINT ( 'NONE',  ( -18.80934548696298592, 51.21124156724966525, -62.48943157567371287 ) ) ;
#5185 = CARTESIAN_POINT ( 'NONE',  ( -21.50481532079390590, 45.02449172995815729, -42.76540200048550844 ) ) ;
#5186 = CARTESIAN_POINT ( 'NONE',  ( 13.10411711567409299, 4.751523296281687792, 9.892887236807128559 ) ) ;
#5187 = CARTESIAN_POINT ( 'NONE',  ( -10.96073438819851908, 112.5537131603504264, 1.074042097085310843 ) ) ;
#5188 = DIRECTION ( 'NONE',  ( 4.548224030302234027E-17, -0.9284766908852594147, 0.3713906763541034994 ) ) ;
#5189 = CARTESIAN_POINT ( 'NONE',  ( -11.47467765121922767, 104.6301611852852602, -14.12027906042422920 ) ) ;
#5190 = CARTESIAN_POINT ( 'NONE',  ( -14.28431103781629474, 104.4473887527519622, -16.44936816109025912 ) ) ;
#5191 = CARTESIAN_POINT ( 'NONE',  ( 18.44539977023590538, 39.02463409333928013, -43.15901794496812016 ) ) ;
#5192 = CARTESIAN_POINT ( 'NONE',  ( 15.53301495460278048, 106.5121496818742486, -9.315407147472283711 ) ) ;
#5193 = CARTESIAN_POINT ( 'NONE',  ( -15.87206517973986308, 103.8493194042358141, -17.43200164997822554 ) ) ;
#5194 = CARTESIAN_POINT ( 'NONE',  ( -15.35304009259783697, 8.608918152001141522, 6.614661972942640134 ) ) ;
#5195 = CARTESIAN_POINT ( 'NONE',  ( 10.98888972296711408, 112.5152598862331388, 0.5633754299675797217 ) ) ;
#5196 = CARTESIAN_POINT ( 'NONE',  ( -8.081460836807577763, 123.3909673776690852, 7.463795894058875113 ) ) ;
#5197 = CARTESIAN_POINT ( 'NONE',  ( -2.202434130307408200, 106.5245973781601663, -17.94424262063044395 ) ) ;
#5198 = ORIENTED_EDGE ( 'NONE', *, *, #740, .F. ) ;
#5199 = FACE_BOUND ( 'NONE', #3636, .T. ) ;
#5200 = ORIENTED_EDGE ( 'NONE', *, *, #1300, .F. ) ;
#5201 = CARTESIAN_POINT ( 'NONE',  ( 13.21547252172359599, 104.0590591074783049, -18.13812824460405437 ) ) ;
#5202 = AXIS2_PLACEMENT_3D ( 'NONE', #8, #4474, #2488 ) ;
#5203 = CARTESIAN_POINT ( 'NONE',  ( -18.64824894399867716, 45.02449172995815729, -36.76540200048550133 ) ) ;
#5204 = ORIENTED_EDGE ( 'NONE', *, *, #4923, .T. ) ;
#5205 = FACE_OUTER_BOUND ( 'NONE', #2754, .T. ) ;
#5206 = CARTESIAN_POINT ( 'NONE',  ( 17.41063635642077401, 20.21954157011698427, 2.047754678958332519 ) ) ;
#5207 = EDGE_LOOP ( 'NONE', ( #4267, #4693, #3925, #3336 ) ) ;
#5208 = B_SPLINE_CURVE_WITH_KNOTS ( 'NONE', 3,
 ( #839, #5003, #4604, #2503, #54, #461, #4301, #2954, #853, #135, #163, #3365, #449, #1817, #575, #4274, #2517, #2108, #1707, #2228, #3770, #4178, #2632, #4618, #5111, #3890, #39, #941, #5016, #1287, #2608, #545, #1383, #4706, #2200, #3865, #1793, #3458, #3047, #965, #1344, #3398, #5078, #3064, #534, #1784, #4623, #4694, #3476, #5127 ),
 .UNSPECIFIED., .F., .F.,
 ( 4, 2, 2, 2, 2, 2, 2, 2, 2, 2, 2, 2, 2, 2, 2, 2, 2, 2, 2, 2, 2, 2, 2, 2, 4 ),
 ( 0.000000000000000000, 0.001627582167774995967, 0.002441373251662493082, 0.003255164335549990632, 0.004068955419437487314, 0.004882746503324984430, 0.006510328671099947437, 0.007324119754987428940, 0.008137910838874906974, 0.009765493006649824878, 0.01057928409053728383, 0.01139307517442474452, 0.01220686625831220173, 0.01302065734219966069, 0.01464823950997458032, 0.01546203059386203060, 0.01627582167774948088, 0.01790340384552438491, 0.01953098601329928893, 0.02115856818107419296, 0.02197235926496167446, 0.02278615034884915944, 0.02441373251662408775, 0.02522752360051153803, 0.02604131468439898137 ),
 .UNSPECIFIED. ) ;
#5209 = CARTESIAN_POINT ( 'NONE',  ( -16.55273605992167774, 41.63555248758751759, -64.53404452141032266 ) ) ;
#5210 = DIRECTION ( 'NONE',  ( 1.000000000000000000, 0.000000000000000000, 0.000000000000000000 ) ) ;
#5211 = CARTESIAN_POINT ( 'NONE',  ( 18.91914857168294617, 62.90495821876928062, 1.014646729612147302 ) ) ;
#5212 = CARTESIAN_POINT ( 'NONE',  ( -7.993681871092943148, 117.8624271287890792, -7.557316422875787865 ) ) ;
#5213 = CARTESIAN_POINT ( 'NONE',  ( 10.22210847848651127, 3.804560126531162378, 12.73332976273771600 ) ) ;
#5214 = AXIS2_PLACEMENT_3D ( 'NONE', #3870, #242, #1047 ) ;
#5215 = CARTESIAN_POINT ( 'NONE',  ( 18.83981744528259483, 68.36546647893901252, -1.970478538441564176 ) ) ;
#5216 = CARTESIAN_POINT ( 'NONE',  ( 18.95862431618455801, 60.44783056776785202, -57.60184944659256701 ) ) ;
#5217 = CARTESIAN_POINT ( 'NONE',  ( -18.80078946789413763, 50.83235458242187121, -41.20889543654830334 ) ) ;
#5218 = CARTESIAN_POINT ( 'NONE',  ( -18.80217057162200334, 67.60013814872134219, -2.625384966832165379 ) ) ;
#5219 = CARTESIAN_POINT ( 'NONE',  ( 16.54250133357281527, 115.2324619210982632, 6.026547058156767278 ) ) ;
#5220 = CARTESIAN_POINT ( 'NONE',  ( -16.10664672272023168, 126.8613587338190456, 4.878632081035858548 ) ) ;
#5221 = CARTESIAN_POINT ( 'NONE',  ( 7.666995993514752250, 119.1404062976775720, 7.888164940130769409 ) ) ;
#5222 = CARTESIAN_POINT ( 'NONE',  ( -12.08811325868182429, 40.39370998952153258, -46.58499292312867368 ) ) ;
#5223 = CARTESIAN_POINT ( 'NONE',  ( -15.14514845657899578, 108.4163228999583310, -9.953669631463965217 ) ) ;
#5224 = CARTESIAN_POINT ( 'NONE',  ( 4.356832006453990047, 107.0563558739585375, -17.55088221055373410 ) ) ;
#5225 = EDGE_LOOP ( 'NONE', ( #2727, #1860 ) ) ;
#5226 = CARTESIAN_POINT ( 'NONE',  ( 10.39066450708910949, 113.3603672266578144, -3.618521207513183402 ) ) ;
#5227 = CARTESIAN_POINT ( 'NONE',  ( 13.43512344600127051, 104.0982249545682095, -18.10015707942296714 ) ) ;
#5228 = MANIFOLD_SOLID_BREP ( 'Cut-Extrude11', #1991 ) ;
#5229 = AXIS2_PLACEMENT_3D ( 'NONE', #1721, #3785, #1304 ) ;
#5230 = CARTESIAN_POINT ( 'NONE',  ( -18.73240358848744691, 69.44287187625272395, -3.212002277816291329 ) ) ;
#5231 = ORIENTED_EDGE ( 'NONE', *, *, #2820, .T. ) ;
#5232 = CARTESIAN_POINT ( 'NONE',  ( 18.76275836162438893, 68.50000000000000000, -3.234672217946255923 ) ) ;
#5233 = CARTESIAN_POINT ( 'NONE',  ( 15.70430573231073446, 4.959630942567043732, 2.937007760786674027 ) ) ;
#5234 = ORIENTED_EDGE ( 'NONE', *, *, #2740, .F. ) ;
#5235 = CARTESIAN_POINT ( 'NONE',  ( -18.55159149153318410, 41.99222036020349691, -62.57915212423995399 ) ) ;
#5236 = AXIS2_PLACEMENT_3D ( 'NONE', #2402, #2755, #4846 ) ;
#5237 = CARTESIAN_POINT ( 'NONE',  ( -18.87335996286726214, 54.40770124481345249, -61.45358636892666482 ) ) ;
#5238 = CARTESIAN_POINT ( 'NONE',  ( 18.95408315751178208, 60.96122305519129725, 0.3430202192528043481 ) ) ;
#5239 = CIRCLE ( 'NONE', #3158, 11.00000000000000000 ) ;
#5240 = CARTESIAN_POINT ( 'NONE',  ( 18.83957691268259538, 68.36568012302181785, -1.974762193749223904 ) ) ;
#5241 = CARTESIAN_POINT ( 'NONE',  ( 13.36510390602306941, 2.562454084857756165, 9.250434340466538785 ) ) ;
#5242 = CIRCLE ( 'NONE', #1151, 10.00000000000000000 ) ;
#5243 = CARTESIAN_POINT ( 'NONE',  ( 17.81768298859287114, 87.98606728650246112, -31.10241790241958526 ) ) ;
#5244 = CARTESIAN_POINT ( 'NONE',  ( -13.15329797863011763, 4.745664778811144124, 9.910256749963016532 ) ) ;
#5245 = CARTESIAN_POINT ( 'NONE',  ( -12.31509642235853974, 3.439048962367793116, 6.941462360237583340 ) ) ;
#5246 =( NAMED_UNIT ( * ) SI_UNIT ( $, .STERADIAN. ) SOLID_ANGLE_UNIT ( ) );
#5247 = CARTESIAN_POINT ( 'NONE',  ( -18.88907517522045865, 67.91871769907874068, 0.8536166501293679376 ) ) ;
#5248 = CARTESIAN_POINT ( 'NONE',  ( -14.70506951108495564, 5.578200176772456942, 7.416486059549591836 ) ) ;
#5249 = CARTESIAN_POINT ( 'NONE',  ( -11.86602326647988903, 41.24617383674046778, -38.08984122102076242 ) ) ;
#5250 = CARTESIAN_POINT ( 'NONE',  ( -14.73189384123502066, 105.1431382812602067, -14.24522727686926160 ) ) ;
#5251 = ADVANCED_FACE ( 'NONE', ( #4957 ), #2869, .F. ) ;
#5252 = AXIS2_PLACEMENT_3D ( 'NONE', #4287, #3062, #4718 ) ;
#5253 = CARTESIAN_POINT ( 'NONE',  ( -6.693297368225480604, 105.3483906599439166, -16.88812537244749379 ) ) ;
#5254 = CARTESIAN_POINT ( 'NONE',  ( 10.02673350395429352, 109.6233894614022830, -14.86235168843595744 ) ) ;
#5255 = ORIENTED_EDGE ( 'NONE', *, *, #3711, .T. ) ;
#5256 = CARTESIAN_POINT ( 'NONE',  ( 18.68110004689055970, 68.45152451073387567, 3.568125419176647384 ) ) ;
#5257 = DIRECTION ( 'NONE',  ( 0.000000000000000000, 0.6960717803469721465, -0.7179721976543358419 ) ) ;
#5258 = ADVANCED_FACE ( 'NONE', ( #1139 ), #2522, .T. ) ;
#5259 = CARTESIAN_POINT ( 'NONE',  ( 13.49938019913452969, 104.1142755557279145, -18.08459607224015642 ) ) ;
#5260 = CARTESIAN_POINT ( 'NONE',  ( 15.82387138033094409, 89.20575233399523540, -32.53836229772812061 ) ) ;
#5261 = VERTEX_POINT ( 'NONE', #3574 ) ;
#5262 =( BOUNDED_SURFACE ( )  B_SPLINE_SURFACE ( 3, 2, ( 
 ( #5352, #2115, #4215 ),
 ( #5245, #4188, #49 ),
 ( #4434, #5000, #2365 ),
 ( #3754, #707, #3349 ),
 ( #4058, #2796, #4627 ),
 ( #835, #5274, #488 ),
 ( #3318, #1130, #1527 ),
 ( #4028, #5305, #3179 ),
 ( #2911, #4461, #1297 ),
 ( #2143, #890, #4862 ),
 ( #20, #2770, #1268 ),
 ( #332, #1959, #737 ),
 ( #3656, #2964, #4836 ),
 ( #457, #1581, #1103 ),
 ( #3628, #2552, #299 ),
 ( #3780, #3374, #2391 ),
 ( #1988, #1717, #4972 ),
 ( #2938, #2498, #5026 ),
 ( #1555, #862, #3205 ),
 ( #1240, #4569, #4160 ),
 ( #431, #2091, #1687 ),
 ( #4598, #2526, #3593 ),
 ( #4054, #295, #2766 ),
 ( #3676, #237, #1953 ),
 ( #3147, #1896, #326 ),
 ( #3175, #2827, #5299 ),
 ( #4402, #4456, #3567 ),
 ( #2447, #1923, #2742 ),
 ( #1984, #5270, #761 ),
 ( #2853, #4805, #2417 ),
 ( #3652, #3623, #5213 ),
 ( #1578, #3234, #4887 ),
 ( #4083, #786, #1156 ),
 ( #4485, #1491, #677 ),
 ( #1073, #5241, #354 ),
 ( #1521, #1548, #2012 ),
 ( #5332, #2360, #2335 ),
 ( #1607, #3260, #4918 ) ),
 .UNSPECIFIED., .F., .F., .F. ) 
 B_SPLINE_SURFACE_WITH_KNOTS ( ( 4, 2, 2, 2, 2, 2, 2, 2, 2, 2, 2, 2, 2, 2, 2, 2, 2, 2, 4 ),
 ( 3, 3 ),
 ( 0.000000000000000000, 0.004014299453896176539, 0.005017874317370220674, 0.006021449180844264809, 0.008028598907792353079, 0.01003574863474044135, 0.01103932349821448548, 0.01204289836168852962, 0.01405004808863661789, 0.01505362295211066202, 0.01605719781558470616, 0.01806434754253279443, 0.02007149726948088270, 0.02408579672337705924, 0.02508937158685110164, 0.02609294645032514751, 0.02810009617727323578, 0.03010724590422132405, 0.03211439563116941232 ),
 ( 0.000000000000000000, 1.000000000000000000 ),
 .UNSPECIFIED. ) 
 GEOMETRIC_REPRESENTATION_ITEM ( )  RATIONAL_B_SPLINE_SURFACE ( (
 ( 1.000000000000000000, 0.6766687628809775479, 1.000000000000000000),
 ( 1.000000000000000000, 0.6664989569167779626, 1.000000000000000000),
 ( 1.000000000000000000, 0.6568609145486896672, 1.000000000000000000),
 ( 1.000000000000000000, 0.6456626542479659836, 1.000000000000000000),
 ( 1.000000000000000000, 0.6434660520930617356, 1.000000000000000000),
 ( 1.000000000000000000, 0.6391673221116842551, 1.000000000000000000),
 ( 1.000000000000000000, 0.6370769232732281795, 1.000000000000000000),
 ( 1.000000000000000000, 0.6310469286420866686, 1.000000000000000000),
 ( 1.000000000000000000, 0.6273231346941533504, 1.000000000000000000),
 ( 1.000000000000000000, 0.6205142284089838478, 1.000000000000000000),
 ( 1.000000000000000000, 0.6174288522416651048, 1.000000000000000000),
 ( 1.000000000000000000, 0.6133419547355911661, 1.000000000000000000),
 ( 1.000000000000000000, 0.6120714490767620308, 1.000000000000000000),
 ( 1.000000000000000000, 0.6097620522791074027, 1.000000000000000000),
 ( 1.000000000000000000, 0.6087169749634456783, 1.000000000000000000),
 ( 1.000000000000000000, 0.6059131607756206295, 1.000000000000000000),
 ( 1.000000000000000000, 0.6044846787498385776, 1.000000000000000000),
 ( 1.000000000000000000, 0.6030340100335996878, 1.000000000000000000),
 ( 1.000000000000000000, 0.6026660791958738939, 1.000000000000000000),
 ( 1.000000000000000000, 0.6021703851892407089, 1.000000000000000000),
 ( 1.000000000000000000, 0.6020445675706674882, 1.000000000000000000),
 ( 1.000000000000000000, 0.6020336347655572684, 1.000000000000000000),
 ( 1.000000000000000000, 0.6025094201794134463, 1.000000000000000000),
 ( 1.000000000000000000, 0.6043981553333952483, 1.000000000000000000),
 ( 1.000000000000000000, 0.6058165202975434038, 1.000000000000000000),
 ( 1.000000000000000000, 0.6114553032761692597, 1.000000000000000000),
 ( 1.000000000000000000, 0.6168879726116816009, 1.000000000000000000),
 ( 1.000000000000000000, 0.6254676188728762742, 1.000000000000000000),
 ( 1.000000000000000000, 0.6272797027212893006, 1.000000000000000000),
 ( 1.000000000000000000, 0.6310277251874789606, 1.000000000000000000),
 ( 1.000000000000000000, 0.6329686318147963453, 1.000000000000000000),
 ( 1.000000000000000000, 0.6389777204038433744, 1.000000000000000000),
 ( 1.000000000000000000, 0.6432313276082763931, 1.000000000000000000),
 ( 1.000000000000000000, 0.6521829714072768791, 1.000000000000000000),
 ( 1.000000000000000000, 0.6569076398944045936, 1.000000000000000000),
 ( 1.000000000000000000, 0.6666027214519064659, 1.000000000000000000),
 ( 1.000000000000000000, 0.6715790611505885188, 1.000000000000000000),
 ( 1.000000000000000000, 0.6766687628809789912, 1.000000000000000000) ) ) 
 REPRESENTATION_ITEM ( '' )  SURFACE ( )  );
#5263 = DIRECTION ( 'NONE',  ( 0.000000000000000000, -0.9848077530122072432, 0.1736481776669343280 ) ) ;
#5264 = CARTESIAN_POINT ( 'NONE',  ( 16.69472115811878510, 13.09674214977836826, 3.776164777312295495 ) ) ;
#5265 = EDGE_LOOP ( 'NONE', ( #5315, #404, #460, #1604 ) ) ;
#5266 = CARTESIAN_POINT ( 'NONE',  ( -18.64143523742259134, 44.78017281094647473, -65.00369221595030922 ) ) ;
#5267 = DIRECTION ( 'NONE',  ( 0.000000000000000000, 0.000000000000000000, -1.000000000000000000 ) ) ;
#5268 = CARTESIAN_POINT ( 'NONE',  ( 18.95719514822118157, 60.75823736620967708, 0.4561725687142811347 ) ) ;
#5269 = CARTESIAN_POINT ( 'NONE',  ( 16.62841140521288352, 44.18009486642819184, -64.96102158563216733 ) ) ;
#5270 = CARTESIAN_POINT ( 'NONE',  ( 9.617565877177298717, 1.163983237899392620, 12.93404016984364979 ) ) ;
#5271 = CARTESIAN_POINT ( 'NONE',  ( 0.000000000000000000, 100.0000000000000000, -13.00000000000000178 ) ) ;
#5272 = CARTESIAN_POINT ( 'NONE',  ( 18.87528950935277550, 62.26919745754045721, 1.956487009538516952 ) ) ;
#5273 = DIRECTION ( 'NONE',  ( 1.000000000000000000, 0.000000000000000000, 0.000000000000000000 ) ) ;
#5274 = CARTESIAN_POINT ( 'NONE',  ( -11.39848216890619703, 1.721227277240902076, 11.46624597437074122 ) ) ;
#5275 = DIRECTION ( 'NONE',  ( 3.347878427938975060E-19, 1.000000000000000000, 0.000000000000000000 ) ) ;
#5276 = CARTESIAN_POINT ( 'NONE',  ( -18.81600517739522971, 67.69336349626817650, -2.431874595756847057 ) ) ;
#5277 = DIRECTION ( 'NONE',  ( 0.01107016915588532324, -0.7179282030463896014, -0.6960291277133754395 ) ) ;
#5278 = CARTESIAN_POINT ( 'NONE',  ( -12.45573872635763202, 41.60986920944863243, -47.71293862881503856 ) ) ;
#5279 = B_SPLINE_CURVE_WITH_KNOTS ( 'NONE', 3,
 ( #1461, #4777, #2663, #2310 ),
 .UNSPECIFIED., .F., .F.,
 ( 4, 4 ),
 ( 0.000000000000000000, 0.0003002803416590594339 ),
 .UNSPECIFIED. ) ;
#5280 = CARTESIAN_POINT ( 'NONE',  ( -10.96009146723164207, 128.4453947432624545, -1.078550973118833189 ) ) ;
#5281 = CARTESIAN_POINT ( 'NONE',  ( 12.92509956861029785, 3.869022786783050893, 5.808900970388368279 ) ) ;
#5282 = CARTESIAN_POINT ( 'NONE',  ( 14.67100020302517116, 104.0000000000000000, -18.19538586296676641 ) ) ;
#5283 = VERTEX_POINT ( 'NONE', #2210 ) ;
#5284 = CARTESIAN_POINT ( 'NONE',  ( 18.84551094227546386, 68.36713136731935947, 1.883198436914346408 ) ) ;
#5285 = DIRECTION ( 'NONE',  ( 0.001948145571188576123, -0.9848058842041994554, 0.1736478481456608103 ) ) ;
#5286 = CARTESIAN_POINT ( 'NONE',  ( -8.517813774264554993, 104.0000000000000000, -18.19538586296676286 ) ) ;
#5287 = CARTESIAN_POINT ( 'NONE',  ( 18.78532295304638566, 67.84396946755511237, 0.3115667187407831773 ) ) ;
#5288 = ORIENTED_EDGE ( 'NONE', *, *, #2362, .F. ) ;
#5289 = CARTESIAN_POINT ( 'NONE',  ( 0.000000000000000000, 0.000000000000000000, 0.000000000000000000 ) ) ;
#5290 = CARTESIAN_POINT ( 'NONE',  ( 17.60343457455433125, 22.88919808899714781, 1.554640181771080876 ) ) ;
#5292 = VERTEX_POINT ( 'NONE', #2671 ) ;
#5291 = CARTESIAN_POINT ( 'NONE',  ( 18.46593813149462093, 39.57266682466749330, -61.90024452327383386 ) ) ;
#5293 = CARTESIAN_POINT ( 'NONE',  ( 16.17303139721903449, 101.4313901476462405, -18.13544762992028225 ) ) ;
#5294 =( BOUNDED_SURFACE ( )  B_SPLINE_SURFACE ( 3, 2, ( 
 ( #2147, #3455, #1353 ),
 ( #161, #3072, #994 ),
 ( #4728, #3045, #598 ),
 ( #1327, #2256, #5109 ) ),
 .UNSPECIFIED., .F., .F., .F. ) 
 B_SPLINE_SURFACE_WITH_KNOTS ( ( 4, 4 ),
 ( 3, 3 ),
 ( 0.003900739830640092588, 0.004288455506168059768 ),
 ( 0.2612956847613092659, 1.000000000000000000 ),
 .UNSPECIFIED. ) 
 GEOMETRIC_REPRESENTATION_ITEM ( )  RATIONAL_B_SPLINE_SURFACE ( (
 ( 0.9967175408821347116, 0.9937188799714318233, 1.000000000000000000),
 ( 0.9988943479919039081, 0.9978842895757997766, 1.000000000000000000),
 ( 1.000001164138772047, 1.000002227627243556, 1.000000000000000000),
 ( 1.000000000000000000, 1.000000000000000000, 1.000000000000000000) ) ) 
 REPRESENTATION_ITEM ( '' )  SURFACE ( )  );
#5295 = CARTESIAN_POINT ( 'NONE',  ( -18.88023840301743306, 54.79563997645553286, -61.28768330206806780 ) ) ;
#5296 = ORIENTED_EDGE ( 'NONE', *, *, #150, .T. ) ;
#5297 = CARTESIAN_POINT ( 'NONE',  ( 18.68131873462069592, 68.45088746581869543, 3.567204728061084129 ) ) ;
#5298 = CARTESIAN_POINT ( 'NONE',  ( -18.95991379656447862, 60.57330088496738796, -1.050304503805687570E-16 ) ) ;
#5299 = CARTESIAN_POINT ( 'NONE',  ( 5.996123451976877128, 2.987144910714911283, 15.18824795475699219 ) ) ;
#5300 = EDGE_CURVE ( 'NONE', #2248, #4264, #3684, .T. ) ;
#5301 = EDGE_CURVE ( 'NONE', #3230, #3098, #1197, .T. ) ;
#5302 = CARTESIAN_POINT ( 'NONE',  ( -17.49884611356394259, 22.02719414894790617, 2.080338174797158324 ) ) ;
#5303 = CARTESIAN_POINT ( 'NONE',  ( 12.69990360011236774, 46.11507641183546014, -36.86534903024408294 ) ) ;
#5304 = CARTESIAN_POINT ( 'NONE',  ( -16.87582250499609415, 55.33651888299517907, -63.25484170941490447 ) ) ;
#5305 = CARTESIAN_POINT ( 'NONE',  ( -10.25401329536175510, 1.338791565261270300, 12.47359083327362761 ) ) ;
#5306 = DIRECTION ( 'NONE',  ( 0.001918548972283651115, -0.9999981595832269088, 0.000000000000000000 ) ) ;
#5307 = CARTESIAN_POINT ( 'NONE',  ( -18.82884047202741584, 67.76597422763876466, -2.543277519562624267 ) ) ;
#5308 = CARTESIAN_POINT ( 'NONE',  ( -17.23614426504371622, 18.33714528004211886, 1.520341048469279421 ) ) ;
#5309 = CARTESIAN_POINT ( 'NONE',  ( -12.61892847881025759, 42.59033071458176067, -48.25269110397794492 ) ) ;
#5310 = CARTESIAN_POINT ( 'NONE',  ( -10.39066450708911660, 127.6396327733422567, -3.618521207513178073 ) ) ;
#5311 = EDGE_CURVE ( 'NONE', #4289, #1831, #3933, .T. ) ;
#5312 = EDGE_CURVE ( 'NONE', #4262, #5350, #2725, .T. ) ;
#5313 = CARTESIAN_POINT ( 'NONE',  ( -12.59764340068635136, 39.59054188560659782, -63.98876934468963640 ) ) ;
#5314 = CARTESIAN_POINT ( 'NONE',  ( 8.248472558777255159, 105.6498420370446780, -16.17675392897073294 ) ) ;
#5315 = ORIENTED_EDGE ( 'NONE', *, *, #3872, .F. ) ;
#5316 = CARTESIAN_POINT ( 'NONE',  ( 18.77168947166737567, 68.24517132196778846, -2.399195049210337327 ) ) ;
#5317 = DIRECTION ( 'NONE',  ( -1.000000000000000000, 0.000000000000000000, 0.000000000000000000 ) ) ;
#5318 = CARTESIAN_POINT ( 'NONE',  ( 18.78062845581132834, 67.98318602500975771, 1.947098566254774399 ) ) ;
#5319 = CARTESIAN_POINT ( 'NONE',  ( 13.83613108513850243, 4.799378669297914790, 3.358321210589303885 ) ) ;
#5320 = CARTESIAN_POINT ( 'NONE',  ( -15.80051881472858000, 110.2000000000000028, -18.19538586296684457 ) ) ;
#5321 = ORIENTED_EDGE ( 'NONE', *, *, #2908, .T. ) ;
#5322 = ADVANCED_FACE ( 'NONE', ( #4891, #4863 ), #1989, .F. ) ;
#5323 = CARTESIAN_POINT ( 'NONE',  ( -18.49990392761655400, 40.50859357834249153, -38.79556118475850468 ) ) ;
#5324 = CARTESIAN_POINT ( 'NONE',  ( -18.96500870905559566, 68.30657942987689069, 1.169763733429493024 ) ) ;
#5325 = CARTESIAN_POINT ( 'NONE',  ( 16.95482001634962543, 62.28974017202484248, -58.63335116586754481 ) ) ;
#5326 = EDGE_CURVE ( 'NONE', #832, #3924, #1065, .T. ) ;
#5327 = CARTESIAN_POINT ( 'NONE',  ( -17.96825029677536634, 28.27304856303126712, -55.96575219714409855 ) ) ;
#5328 = ORIENTED_EDGE ( 'NONE', *, *, #4995, .F. ) ;
#5329 = EDGE_CURVE ( 'NONE', #3397, #3588, #1736, .T. ) ;
#5330 = CARTESIAN_POINT ( 'NONE',  ( 18.95862431958597938, 60.44783089874393056, 0.1941680312826618571 ) ) ;
#5331 = CARTESIAN_POINT ( 'NONE',  ( -18.93648498543040759, 62.00552283327304082, 0.7708850080413234274 ) ) ;
#5332 = CARTESIAN_POINT ( 'NONE',  ( 12.61993201910513207, 3.653918882348050623, 6.375489825652302045 ) ) ;
#5333 = CARTESIAN_POINT ( 'NONE',  ( -17.35350424811649361, 20.87973259221866940, 2.636698327008626386 ) ) ;
#5334 = AXIS2_PLACEMENT_3D ( 'NONE', #4829, #291, #5210 ) ;
#5335 = CARTESIAN_POINT ( 'NONE',  ( -12.92509956861026588, 3.869022786782989165, 5.808900970388530816 ) ) ;
#5336 = CARTESIAN_POINT ( 'NONE',  ( -14.18782809639221298, 101.1885571713297338, -18.13544762992046699 ) ) ;
#5337 = CARTESIAN_POINT ( 'NONE',  ( -18.81311084478164020, 67.67833040562007341, -2.473713894450786377 ) ) ;
#5338 = VECTOR ( 'NONE', #4447, 1000.000000000000000 ) ;
#5339 = ADVANCED_FACE ( 'NONE', ( #1610 ), #2392, .T. ) ;
#5340 = CARTESIAN_POINT ( 'NONE',  ( -17.71878874649593172, 23.77248054355566609, 0.09109981567278442605 ) ) ;
#5341 = CARTESIAN_POINT ( 'NONE',  ( -12.62282957761619429, 44.64929877639124811, -36.77418126590547587 ) ) ;
#5342 = CARTESIAN_POINT ( 'NONE',  ( -7.991129867357359196, 123.1557729955444955, -7.564183370497596925 ) ) ;
#5343 = CARTESIAN_POINT ( 'NONE',  ( -5.821498511418727873, 103.0752767434234158, -19.09190214261720442 ) ) ;
#5344 = CARTESIAN_POINT ( 'NONE',  ( -16.74716845286904032, 75.75646426005826584, -45.57740465147080755 ) ) ;
#5345 = EDGE_LOOP ( 'NONE', ( #340, #2267 ) ) ;
#5346 = CARTESIAN_POINT ( 'NONE',  ( 18.76876041144575780, 68.32908055633370736, -2.778128387015472711 ) ) ;
#5347 = CARTESIAN_POINT ( 'NONE',  ( 11.18894489851158802, 39.14329936538701560, -41.51909740871261789 ) ) ;
#5348 = CARTESIAN_POINT ( 'NONE',  ( -12.69990360011237840, 40.35070619330424080, -69.55671705212803602 ) ) ;
#5349 = CARTESIAN_POINT ( 'NONE',  ( 15.70677878281728646, 4.671231392840531349, 3.695864217369110083 ) ) ;
#5350 = VERTEX_POINT ( 'NONE', #357 ) ;
#5351 = CARTESIAN_POINT ( 'NONE',  ( -18.79599111360826669, 67.69340855444598049, -2.773975875676314651 ) ) ;
#5352 = CARTESIAN_POINT ( 'NONE',  ( -12.92509956861032450, 3.869022786782985612, 5.808900970388539697 ) ) ;
#5353 = CARTESIAN_POINT ( 'NONE',  ( 18.91471354123951798, 56.89542977564737924, -62.51675424135548553 ) ) ;
#5354 = CARTESIAN_POINT ( 'NONE',  ( -16.24128254466929633, 32.86850058857125845, -60.56152013689261082 ) ) ;
#5355 = EDGE_LOOP ( 'NONE', ( #3958, #1781, #1173, #3086 ) ) ;
#5356 = CARTESIAN_POINT ( 'NONE',  ( 18.89128218484891164, 64.15953470129632308, 2.053937440152603600 ) ) ;
#5357 = CARTESIAN_POINT ( 'NONE',  ( -18.93369113076966670, 62.15708468009874110, 0.8154387034254066968 ) ) ;
#5358 = CARTESIAN_POINT ( 'NONE',  ( -18.79337346462057567, 67.60165916709937051, -2.791943258575397824 ) ) ;
#5359 = CARTESIAN_POINT ( 'NONE',  ( 15.74087083618928240, 24.15433049084251849, -41.98816653506785457 ) ) ;
#5360 = CARTESIAN_POINT ( 'NONE',  ( -4.879347510808699440, 2.882671859252406321, 15.50226904231354474 ) ) ;
#5361 = ORIENTED_EDGE ( 'NONE', *, *, #647, .F. ) ;
#5362 = DIRECTION ( 'NONE',  ( 1.000000000000000000, 0.000000000000000000, 0.000000000000000000 ) ) ;
#5363 = CARTESIAN_POINT ( 'NONE',  ( -18.81232381710998069, 67.68633902585951034, -2.662085553197768739 ) ) ;
#5364 = CARTESIAN_POINT ( 'NONE',  ( 16.69938082491577092, 128.5000491357764929, 0.2620980723303573678 ) ) ;
#5365 = LINE ( 'NONE', #3270, #108 ) ;
#5366 = EDGE_CURVE ( 'NONE', #2647, #931, #4488, .T. ) ;
#5367 = CARTESIAN_POINT ( 'NONE',  ( -4.194768012176806060, 30.13432969435861963, -58.13746004983774895 ) ) ;
#5368 = CARTESIAN_POINT ( 'NONE',  ( -12.70062403445162147, 45.93324874668066116, -36.83173942244003740 ) ) ;
#5369 = VERTEX_POINT ( 'NONE', #2015 ) ;
#5370 = SURFACE_STYLE_FILL_AREA ( #772 ) ;
#5371 = CARTESIAN_POINT ( 'NONE',  ( 11.22777188139582982, 39.34518409638052816, -40.79381290339888011 ) ) ;
#5372 = CARTESIAN_POINT ( 'NONE',  ( 15.69291898760518222, 105.2080297341251622, -13.01593265239176489 ) ) ;
#5373 = CARTESIAN_POINT ( 'NONE',  ( -16.10213139647876446, 116.4920287459584358, 6.928415409556417437 ) ) ;
#5374 = CARTESIAN_POINT ( 'NONE',  ( 15.74779778040275247, 5.262063127788367822, 2.139599224239981279 ) ) ;
#5375 = CARTESIAN_POINT ( 'NONE',  ( -15.94427853779689741, 26.09720199512886651, -52.49378362452412006 ) ) ;
#5376 = ORIENTED_EDGE ( 'NONE', *, *, #1121, .T. ) ;
#5377 = CARTESIAN_POINT ( 'NONE',  ( -12.66386288627353984, 60.83376738422714425, -59.92861768124417665 ) ) ;
#5378 = CARTESIAN_POINT ( 'NONE',  ( -18.85204797448720271, 67.99744995755233390, -2.367144398134535699 ) ) ;
#5379 = CARTESIAN_POINT ( 'NONE',  ( -18.71570178893351155, 67.49027523092513547, 3.356140154962321098 ) ) ;
#5380 = CARTESIAN_POINT ( 'NONE',  ( -18.05817291987294126, 30.06379944047767694, -58.09097797905236149 ) ) ;
#5381 = ORIENTED_EDGE ( 'NONE', *, *, #4898, .T. ) ;
#5382 = CARTESIAN_POINT ( 'NONE',  ( -18.95476920985328206, 60.91667974657495677, 0.3125624960814195608 ) ) ;
#5383 = CARTESIAN_POINT ( 'NONE',  ( -14.73670137619203935, 105.1636473686646696, -14.19785719584851158 ) ) ;
#5384 = CARTESIAN_POINT ( 'NONE',  ( -16.88193909908909163, 95.79841896755070252, -7.670565092373339056 ) ) ;
#5385 = VECTOR ( 'NONE', #540, 1000.000000000000000 ) ;
#5386 = CARTESIAN_POINT ( 'NONE',  ( -12.69990360011237840, 44.03136914534718471, -48.68264016807144401 ) ) ;
#5387 = CARTESIAN_POINT ( 'NONE',  ( -16.95942181420031858, 61.89295383695282737, -59.00919393899171439 ) ) ;
#5388 = DIRECTION ( 'NONE',  ( 0.000000000000000000, 1.000000000000000000, 0.000000000000000000 ) ) ;
#5389 = CARTESIAN_POINT ( 'NONE',  ( 16.69932136025153468, 128.4999013090987603, -0.5286826478295683085 ) ) ;
ENDSEC;
END-ISO-10303-21;
